case_id,system,root_service,fault,repetition,n_pre,n_post,mechanism,rate,replicate,realized_rate,method,rank,reciprocal_rank,avg_at_5,normalized_rank,hit_at_1,hit_at_3,hit_at_5,candidate_count,elapsed_ms,top_5,top_evidence_metric,root_observed_fraction,root_streams_available,root_streams_total,root_pre_observed_fraction,root_post_observed_fraction,root_streams_pre_available,root_streams_post_available,root_streams_scorable,observed_fraction,runner_version,code_hash,config_fingerprint,source_fingerprint,source_size,source_mtime_ns,window
SS/orders_loss/2,SS,orders,loss,2,300,300,burst,0.1,0,0.1,baro,6,0.16666666666666666,0.0,0.22727272727272727,0,0,0,23,419.0138999838382,rabbitmq|payment|session-db|catalogue-db|shipping,rabbitmq_container-memory-usage-bytes,0.9,31,31,0.9290322580645162,0.8709677419354839,31,31,31,0.9,baseline-v2-20260723,cd270e7871bd358937d83d9a49829637fa80007d2964084ef229f578e3733bd3,ba75425861a059dafcc477474fc3e4ed1eafdc2b47d6fdd0557337035d29a960,a0df39ce29282beca2e250e1bb2345ff2c9210359ea28529ec8694d3158144d1,3539593,1693246944000000000,300
SS/orders_loss/2,SS,orders,loss,2,300,300,burst,0.1,0,0.1,median_shift,5,0.2,0.2,0.18181818181818182,0,0,1,23,85.60340001713485,payment|shipping|user|rabbitmq|orders,payment_container-memory-max-usage-bytes,0.9,31,31,0.9290322580645162,0.8709677419354839,31,31,31,0.9,baseline-v2-20260723,cd270e7871bd358937d83d9a49829637fa80007d2964084ef229f578e3733bd3,ba75425861a059dafcc477474fc3e4ed1eafdc2b47d6fdd0557337035d29a960,a0df39ce29282beca2e250e1bb2345ff2c9210359ea28529ec8694d3158144d1,3539593,1693246944000000000,300
SS/orders_loss/2,SS,orders,loss,2,300,300,burst,0.1,0,0.1,nsigma,2,0.5,0.8,0.045454545454545456,0,1,1,23,308.1286000087857,payment|orders|shipping|front-end|rabbitmq,payment_istio-latency-99,0.9,31,31,0.9290322580645162,0.8709677419354839,31,31,31,0.9,baseline-v2-20260723,cd270e7871bd358937d83d9a49829637fa80007d2964084ef229f578e3733bd3,ba75425861a059dafcc477474fc3e4ed1eafdc2b47d6fdd0557337035d29a960,a0df39ce29282beca2e250e1bb2345ff2c9210359ea28529ec8694d3158144d1,3539593,1693246944000000000,300
SS/orders_loss/2,SS,orders,loss,2,300,300,burst,0.1,1,0.1,baro,7,0.14285714285714285,0.0,0.2727272727272727,0,0,0,23,377.66699999338016,rabbitmq|payment|session-db|queue-master|catalogue-db,rabbitmq_container-memory-usage-bytes,0.9,31,31,0.899247311827957,0.900752688172043,31,31,31,0.9,baseline-v2-20260723,cd270e7871bd358937d83d9a49829637fa80007d2964084ef229f578e3733bd3,ba75425861a059dafcc477474fc3e4ed1eafdc2b47d6fdd0557337035d29a960,a0df39ce29282beca2e250e1bb2345ff2c9210359ea28529ec8694d3158144d1,3539593,1693246944000000000,300
SS/orders_loss/2,SS,orders,loss,2,300,300,burst,0.1,1,0.1,median_shift,5,0.2,0.2,0.18181818181818182,0,0,1,23,100.98990000551566,payment|shipping|user|rabbitmq|orders,payment_container-memory-max-usage-bytes,0.9,31,31,0.899247311827957,0.900752688172043,31,31,31,0.9,baseline-v2-20260723,cd270e7871bd358937d83d9a49829637fa80007d2964084ef229f578e3733bd3,ba75425861a059dafcc477474fc3e4ed1eafdc2b47d6fdd0557337035d29a960,a0df39ce29282beca2e250e1bb2345ff2c9210359ea28529ec8694d3158144d1,3539593,1693246944000000000,300
SS/orders_loss/2,SS,orders,loss,2,300,300,burst,0.1,1,0.1,nsigma,2,0.5,0.8,0.045454545454545456,0,1,1,23,402.3420999874361,payment|orders|shipping|front-end|rabbitmq,payment_istio-latency-99,0.9,31,31,0.899247311827957,0.900752688172043,31,31,31,0.9,baseline-v2-20260723,cd270e7871bd358937d83d9a49829637fa80007d2964084ef229f578e3733bd3,ba75425861a059dafcc477474fc3e4ed1eafdc2b47d6fdd0557337035d29a960,a0df39ce29282beca2e250e1bb2345ff2c9210359ea28529ec8694d3158144d1,3539593,1693246944000000000,300
SS/orders_loss/2,SS,orders,loss,2,300,300,burst,0.1,2,0.1,baro,6,0.16666666666666666,0.0,0.22727272727272727,0,0,0,23,405.9556000283919,rabbitmq|payment|session-db|catalogue-db|shipping,rabbitmq_container-memory-usage-bytes,0.9,31,31,0.896774193548387,0.9032258064516129,31,31,31,0.9,baseline-v2-20260723,cd270e7871bd358937d83d9a49829637fa80007d2964084ef229f578e3733bd3,ba75425861a059dafcc477474fc3e4ed1eafdc2b47d6fdd0557337035d29a960,a0df39ce29282beca2e250e1bb2345ff2c9210359ea28529ec8694d3158144d1,3539593,1693246944000000000,300
SS/orders_loss/2,SS,orders,loss,2,300,300,burst,0.1,2,0.1,median_shift,6,0.16666666666666666,0.0,0.22727272727272727,0,0,0,23,112.89799999212846,payment|rabbitmq|session-db|user|shipping,payment_container-memory-max-usage-bytes,0.9,31,31,0.896774193548387,0.9032258064516129,31,31,31,0.9,baseline-v2-20260723,cd270e7871bd358937d83d9a49829637fa80007d2964084ef229f578e3733bd3,ba75425861a059dafcc477474fc3e4ed1eafdc2b47d6fdd0557337035d29a960,a0df39ce29282beca2e250e1bb2345ff2c9210359ea28529ec8694d3158144d1,3539593,1693246944000000000,300
SS/orders_loss/2,SS,orders,loss,2,300,300,burst,0.1,2,0.1,nsigma,2,0.5,0.8,0.045454545454545456,0,1,1,23,362.4337000073865,payment|orders|shipping|front-end|user,payment_istio-latency-99,0.9,31,31,0.896774193548387,0.9032258064516129,31,31,31,0.9,baseline-v2-20260723,cd270e7871bd358937d83d9a49829637fa80007d2964084ef229f578e3733bd3,ba75425861a059dafcc477474fc3e4ed1eafdc2b47d6fdd0557337035d29a960,a0df39ce29282beca2e250e1bb2345ff2c9210359ea28529ec8694d3158144d1,3539593,1693246944000000000,300
SS/orders_loss/2,SS,orders,loss,2,300,300,burst,0.1,3,0.1,baro,6,0.16666666666666666,0.0,0.22727272727272727,0,0,0,23,360.1205999730155,rabbitmq|payment|session-db|catalogue-db|shipping,rabbitmq_container-memory-usage-bytes,0.9,31,31,0.8894623655913978,0.9105376344086021,31,31,31,0.9,baseline-v2-20260723,cd270e7871bd358937d83d9a49829637fa80007d2964084ef229f578e3733bd3,ba75425861a059dafcc477474fc3e4ed1eafdc2b47d6fdd0557337035d29a960,a0df39ce29282beca2e250e1bb2345ff2c9210359ea28529ec8694d3158144d1,3539593,1693246944000000000,300
SS/orders_loss/2,SS,orders,loss,2,300,300,burst,0.1,3,0.1,median_shift,5,0.2,0.2,0.18181818181818182,0,0,1,23,95.92000005068257,payment|rabbitmq|shipping|user|orders,payment_container-memory-max-usage-bytes,0.9,31,31,0.8894623655913978,0.9105376344086021,31,31,31,0.9,baseline-v2-20260723,cd270e7871bd358937d83d9a49829637fa80007d2964084ef229f578e3733bd3,ba75425861a059dafcc477474fc3e4ed1eafdc2b47d6fdd0557337035d29a960,a0df39ce29282beca2e250e1bb2345ff2c9210359ea28529ec8694d3158144d1,3539593,1693246944000000000,300
SS/orders_loss/2,SS,orders,loss,2,300,300,burst,0.1,3,0.1,nsigma,2,0.5,0.8,0.045454545454545456,0,1,1,23,304.9382999888621,payment|orders|shipping|front-end|user,payment_istio-latency-99,0.9,31,31,0.8894623655913978,0.9105376344086021,31,31,31,0.9,baseline-v2-20260723,cd270e7871bd358937d83d9a49829637fa80007d2964084ef229f578e3733bd3,ba75425861a059dafcc477474fc3e4ed1eafdc2b47d6fdd0557337035d29a960,a0df39ce29282beca2e250e1bb2345ff2c9210359ea28529ec8694d3158144d1,3539593,1693246944000000000,300
SS/orders_loss/2,SS,orders,loss,2,300,300,burst,0.1,4,0.1,baro,6,0.16666666666666666,0.0,0.22727272727272727,0,0,0,23,392.7669000113383,rabbitmq|payment|shipping|session-db|catalogue-db,rabbitmq_container-memory-usage-bytes,0.9,31,31,0.8919354838709678,0.9080645161290323,31,31,31,0.9,baseline-v2-20260723,cd270e7871bd358937d83d9a49829637fa80007d2964084ef229f578e3733bd3,ba75425861a059dafcc477474fc3e4ed1eafdc2b47d6fdd0557337035d29a960,a0df39ce29282beca2e250e1bb2345ff2c9210359ea28529ec8694d3158144d1,3539593,1693246944000000000,300
SS/orders_loss/2,SS,orders,loss,2,300,300,burst,0.1,4,0.1,median_shift,5,0.2,0.2,0.18181818181818182,0,0,1,23,115.56390003534034,payment|rabbitmq|shipping|user|orders,payment_container-memory-max-usage-bytes,0.9,31,31,0.8919354838709678,0.9080645161290323,31,31,31,0.9,baseline-v2-20260723,cd270e7871bd358937d83d9a49829637fa80007d2964084ef229f578e3733bd3,ba75425861a059dafcc477474fc3e4ed1eafdc2b47d6fdd0557337035d29a960,a0df39ce29282beca2e250e1bb2345ff2c9210359ea28529ec8694d3158144d1,3539593,1693246944000000000,300
SS/orders_loss/2,SS,orders,loss,2,300,300,burst,0.1,4,0.1,nsigma,2,0.5,0.8,0.045454545454545456,0,1,1,23,265.8644000184722,payment|orders|shipping|front-end|user,payment_istio-latency-99,0.9,31,31,0.8919354838709678,0.9080645161290323,31,31,31,0.9,baseline-v2-20260723,cd270e7871bd358937d83d9a49829637fa80007d2964084ef229f578e3733bd3,ba75425861a059dafcc477474fc3e4ed1eafdc2b47d6fdd0557337035d29a960,a0df39ce29282beca2e250e1bb2345ff2c9210359ea28529ec8694d3158144d1,3539593,1693246944000000000,300
SS/orders_loss/2,SS,orders,loss,2,300,300,burst,0.1,5,0.1,baro,7,0.14285714285714285,0.0,0.2727272727272727,0,0,0,23,361.7859000223689,rabbitmq|payment|session-db|queue-master|catalogue-db,rabbitmq_container-memory-usage-bytes,0.9,31,31,0.9165591397849462,0.8834408602150537,31,31,31,0.9,baseline-v2-20260723,cd270e7871bd358937d83d9a49829637fa80007d2964084ef229f578e3733bd3,ba75425861a059dafcc477474fc3e4ed1eafdc2b47d6fdd0557337035d29a960,a0df39ce29282beca2e250e1bb2345ff2c9210359ea28529ec8694d3158144d1,3539593,1693246944000000000,300
SS/orders_loss/2,SS,orders,loss,2,300,300,burst,0.1,5,0.1,median_shift,5,0.2,0.2,0.18181818181818182,0,0,1,23,139.7803999716416,payment|rabbitmq|user|shipping|orders,payment_container-memory-max-usage-bytes,0.9,31,31,0.9165591397849462,0.8834408602150537,31,31,31,0.9,baseline-v2-20260723,cd270e7871bd358937d83d9a49829637fa80007d2964084ef229f578e3733bd3,ba75425861a059dafcc477474fc3e4ed1eafdc2b47d6fdd0557337035d29a960,a0df39ce29282beca2e250e1bb2345ff2c9210359ea28529ec8694d3158144d1,3539593,1693246944000000000,300
SS/orders_loss/2,SS,orders,loss,2,300,300,burst,0.1,5,0.1,nsigma,2,0.5,0.8,0.045454545454545456,0,1,1,23,333.5011000162922,payment|orders|shipping|front-end|user,payment_istio-latency-99,0.9,31,31,0.9165591397849462,0.8834408602150537,31,31,31,0.9,baseline-v2-20260723,cd270e7871bd358937d83d9a49829637fa80007d2964084ef229f578e3733bd3,ba75425861a059dafcc477474fc3e4ed1eafdc2b47d6fdd0557337035d29a960,a0df39ce29282beca2e250e1bb2345ff2c9210359ea28529ec8694d3158144d1,3539593,1693246944000000000,300
SS/orders_loss/2,SS,orders,loss,2,300,300,burst,0.1,6,0.1,baro,6,0.16666666666666666,0.0,0.22727272727272727,0,0,0,23,376.0467999964021,rabbitmq|payment|session-db|catalogue-db|shipping,rabbitmq_container-memory-usage-bytes,0.9,31,31,0.8855913978494624,0.9144086021505377,31,31,31,0.9,baseline-v2-20260723,cd270e7871bd358937d83d9a49829637fa80007d2964084ef229f578e3733bd3,ba75425861a059dafcc477474fc3e4ed1eafdc2b47d6fdd0557337035d29a960,a0df39ce29282beca2e250e1bb2345ff2c9210359ea28529ec8694d3158144d1,3539593,1693246944000000000,300
SS/orders_loss/2,SS,orders,loss,2,300,300,burst,0.1,6,0.1,median_shift,5,0.2,0.2,0.18181818181818182,0,0,1,23,124.61649999022484,payment|shipping|user|rabbitmq|orders,payment_container-memory-max-usage-bytes,0.9,31,31,0.8855913978494624,0.9144086021505377,31,31,31,0.9,baseline-v2-20260723,cd270e7871bd358937d83d9a49829637fa80007d2964084ef229f578e3733bd3,ba75425861a059dafcc477474fc3e4ed1eafdc2b47d6fdd0557337035d29a960,a0df39ce29282beca2e250e1bb2345ff2c9210359ea28529ec8694d3158144d1,3539593,1693246944000000000,300
SS/orders_loss/2,SS,orders,loss,2,300,300,burst,0.1,6,0.1,nsigma,2,0.5,0.8,0.045454545454545456,0,1,1,23,415.5186000280082,payment|orders|shipping|front-end|user,payment_istio-latency-99,0.9,31,31,0.8855913978494624,0.9144086021505377,31,31,31,0.9,baseline-v2-20260723,cd270e7871bd358937d83d9a49829637fa80007d2964084ef229f578e3733bd3,ba75425861a059dafcc477474fc3e4ed1eafdc2b47d6fdd0557337035d29a960,a0df39ce29282beca2e250e1bb2345ff2c9210359ea28529ec8694d3158144d1,3539593,1693246944000000000,300
SS/orders_loss/2,SS,orders,loss,2,300,300,burst,0.1,7,0.1,baro,6,0.16666666666666666,0.0,0.22727272727272727,0,0,0,23,372.6451999973506,rabbitmq|payment|session-db|catalogue-db|shipping,rabbitmq_container-memory-usage-bytes,0.9,31,31,0.9252688172043011,0.874731182795699,31,31,31,0.9,baseline-v2-20260723,cd270e7871bd358937d83d9a49829637fa80007d2964084ef229f578e3733bd3,ba75425861a059dafcc477474fc3e4ed1eafdc2b47d6fdd0557337035d29a960,a0df39ce29282beca2e250e1bb2345ff2c9210359ea28529ec8694d3158144d1,3539593,1693246944000000000,300
SS/orders_loss/2,SS,orders,loss,2,300,300,burst,0.1,7,0.1,median_shift,6,0.16666666666666666,0.0,0.22727272727272727,0,0,0,23,104.83580001164228,payment|session-db|user|rabbitmq|shipping,payment_container-memory-max-usage-bytes,0.9,31,31,0.9252688172043011,0.874731182795699,31,31,31,0.9,baseline-v2-20260723,cd270e7871bd358937d83d9a49829637fa80007d2964084ef229f578e3733bd3,ba75425861a059dafcc477474fc3e4ed1eafdc2b47d6fdd0557337035d29a960,a0df39ce29282beca2e250e1bb2345ff2c9210359ea28529ec8694d3158144d1,3539593,1693246944000000000,300
SS/orders_loss/2,SS,orders,loss,2,300,300,burst,0.1,7,0.1,nsigma,2,0.5,0.8,0.045454545454545456,0,1,1,23,346.7724000220187,payment|orders|shipping|front-end|user,payment_istio-latency-99,0.9,31,31,0.9252688172043011,0.874731182795699,31,31,31,0.9,baseline-v2-20260723,cd270e7871bd358937d83d9a49829637fa80007d2964084ef229f578e3733bd3,ba75425861a059dafcc477474fc3e4ed1eafdc2b47d6fdd0557337035d29a960,a0df39ce29282beca2e250e1bb2345ff2c9210359ea28529ec8694d3158144d1,3539593,1693246944000000000,300
SS/orders_loss/2,SS,orders,loss,2,300,300,burst,0.1,8,0.1,baro,6,0.16666666666666666,0.0,0.22727272727272727,0,0,0,23,367.15790000744164,rabbitmq|payment|session-db|catalogue-db|shipping,rabbitmq_container-memory-usage-bytes,0.9,31,31,0.8966666666666666,0.9033333333333333,31,31,31,0.9,baseline-v2-20260723,cd270e7871bd358937d83d9a49829637fa80007d2964084ef229f578e3733bd3,ba75425861a059dafcc477474fc3e4ed1eafdc2b47d6fdd0557337035d29a960,a0df39ce29282beca2e250e1bb2345ff2c9210359ea28529ec8694d3158144d1,3539593,1693246944000000000,300
SS/orders_loss/2,SS,orders,loss,2,300,300,burst,0.1,8,0.1,median_shift,6,0.16666666666666666,0.0,0.22727272727272727,0,0,0,23,89.40150000853464,payment|session-db|user|rabbitmq|shipping,payment_container-memory-max-usage-bytes,0.9,31,31,0.8966666666666666,0.9033333333333333,31,31,31,0.9,baseline-v2-20260723,cd270e7871bd358937d83d9a49829637fa80007d2964084ef229f578e3733bd3,ba75425861a059dafcc477474fc3e4ed1eafdc2b47d6fdd0557337035d29a960,a0df39ce29282beca2e250e1bb2345ff2c9210359ea28529ec8694d3158144d1,3539593,1693246944000000000,300
SS/orders_loss/2,SS,orders,loss,2,300,300,burst,0.1,8,0.1,nsigma,2,0.5,0.8,0.045454545454545456,0,1,1,23,315.1609000051394,payment|orders|shipping|front-end|rabbitmq,payment_istio-latency-99,0.9,31,31,0.8966666666666666,0.9033333333333333,31,31,31,0.9,baseline-v2-20260723,cd270e7871bd358937d83d9a49829637fa80007d2964084ef229f578e3733bd3,ba75425861a059dafcc477474fc3e4ed1eafdc2b47d6fdd0557337035d29a960,a0df39ce29282beca2e250e1bb2345ff2c9210359ea28529ec8694d3158144d1,3539593,1693246944000000000,300
SS/orders_loss/2,SS,orders,loss,2,300,300,burst,0.1,9,0.1,baro,6,0.16666666666666666,0.0,0.22727272727272727,0,0,0,23,407.89749997202307,rabbitmq|payment|session-db|catalogue-db|shipping,rabbitmq_container-memory-usage-bytes,0.9,31,31,0.9192473118279569,0.880752688172043,31,31,31,0.9,baseline-v2-20260723,cd270e7871bd358937d83d9a49829637fa80007d2964084ef229f578e3733bd3,ba75425861a059dafcc477474fc3e4ed1eafdc2b47d6fdd0557337035d29a960,a0df39ce29282beca2e250e1bb2345ff2c9210359ea28529ec8694d3158144d1,3539593,1693246944000000000,300
SS/orders_loss/2,SS,orders,loss,2,300,300,burst,0.1,9,0.1,median_shift,6,0.16666666666666666,0.0,0.22727272727272727,0,0,0,23,152.6435000123456,payment|session-db|shipping|user|rabbitmq,payment_container-memory-max-usage-bytes,0.9,31,31,0.9192473118279569,0.880752688172043,31,31,31,0.9,baseline-v2-20260723,cd270e7871bd358937d83d9a49829637fa80007d2964084ef229f578e3733bd3,ba75425861a059dafcc477474fc3e4ed1eafdc2b47d6fdd0557337035d29a960,a0df39ce29282beca2e250e1bb2345ff2c9210359ea28529ec8694d3158144d1,3539593,1693246944000000000,300
SS/orders_loss/2,SS,orders,loss,2,300,300,burst,0.1,9,0.1,nsigma,2,0.5,0.8,0.045454545454545456,0,1,1,23,322.96359998872504,payment|orders|shipping|front-end|user,payment_istio-latency-99,0.9,31,31,0.9192473118279569,0.880752688172043,31,31,31,0.9,baseline-v2-20260723,cd270e7871bd358937d83d9a49829637fa80007d2964084ef229f578e3733bd3,ba75425861a059dafcc477474fc3e4ed1eafdc2b47d6fdd0557337035d29a960,a0df39ce29282beca2e250e1bb2345ff2c9210359ea28529ec8694d3158144d1,3539593,1693246944000000000,300
SS/orders_loss/2,SS,orders,loss,2,300,300,burst,0.3,0,0.3,baro,4,0.25,0.4,0.13636363636363635,0,0,1,23,384.1865999856964,192-168-10-83-9100|payment|user-db|orders|rabbitmq,192-168-10-83-9100_node-memory-active-bytes,0.7,31,31,0.7319354838709677,0.6680645161290323,31,31,31,0.7,baseline-v2-20260723,cd270e7871bd358937d83d9a49829637fa80007d2964084ef229f578e3733bd3,ba75425861a059dafcc477474fc3e4ed1eafdc2b47d6fdd0557337035d29a960,a0df39ce29282beca2e250e1bb2345ff2c9210359ea28529ec8694d3158144d1,3539593,1693246944000000000,300
SS/orders_loss/2,SS,orders,loss,2,300,300,burst,0.3,0,0.3,median_shift,1,1.0,1.0,0.0,1,1,1,23,169.31530000874773,orders|payment|session-db|shipping|user,orders_container-memory-rss,0.7,31,31,0.7319354838709677,0.6680645161290323,31,31,31,0.7,baseline-v2-20260723,cd270e7871bd358937d83d9a49829637fa80007d2964084ef229f578e3733bd3,ba75425861a059dafcc477474fc3e4ed1eafdc2b47d6fdd0557337035d29a960,a0df39ce29282beca2e250e1bb2345ff2c9210359ea28529ec8694d3158144d1,3539593,1693246944000000000,300
SS/orders_loss/2,SS,orders,loss,2,300,300,burst,0.3,0,0.3,nsigma,3,0.3333333333333333,0.6,0.09090909090909091,0,1,1,23,277.92439999757335,payment|shipping|orders|front-end|rabbitmq,payment_istio-latency-99,0.7,31,31,0.7319354838709677,0.6680645161290323,31,31,31,0.7,baseline-v2-20260723,cd270e7871bd358937d83d9a49829637fa80007d2964084ef229f578e3733bd3,ba75425861a059dafcc477474fc3e4ed1eafdc2b47d6fdd0557337035d29a960,a0df39ce29282beca2e250e1bb2345ff2c9210359ea28529ec8694d3158144d1,3539593,1693246944000000000,300
SS/orders_loss/2,SS,orders,loss,2,300,300,burst,0.3,1,0.3,baro,10,0.1,0.0,0.4090909090909091,0,0,0,23,352.16390003915876,rabbitmq|192-168-90-135-9100|shipping|user-db|orders-db,rabbitmq_container-network-transmit-bytes-total,0.7,31,31,0.7162365591397849,0.683763440860215,31,31,31,0.7,baseline-v2-20260723,cd270e7871bd358937d83d9a49829637fa80007d2964084ef229f578e3733bd3,ba75425861a059dafcc477474fc3e4ed1eafdc2b47d6fdd0557337035d29a960,a0df39ce29282beca2e250e1bb2345ff2c9210359ea28529ec8694d3158144d1,3539593,1693246944000000000,300
SS/orders_loss/2,SS,orders,loss,2,300,300,burst,0.3,1,0.3,median_shift,6,0.16666666666666666,0.0,0.22727272727272727,0,0,0,23,108.18169999402016,rabbitmq|session-db|shipping|user|payment,rabbitmq_container-memory-working-set-bytes,0.7,31,31,0.7162365591397849,0.683763440860215,31,31,31,0.7,baseline-v2-20260723,cd270e7871bd358937d83d9a49829637fa80007d2964084ef229f578e3733bd3,ba75425861a059dafcc477474fc3e4ed1eafdc2b47d6fdd0557337035d29a960,a0df39ce29282beca2e250e1bb2345ff2c9210359ea28529ec8694d3158144d1,3539593,1693246944000000000,300
SS/orders_loss/2,SS,orders,loss,2,300,300,burst,0.3,1,0.3,nsigma,2,0.5,0.8,0.045454545454545456,0,1,1,23,318.3857999974862,payment|orders|shipping|front-end|user,payment_istio-latency-99,0.7,31,31,0.7162365591397849,0.683763440860215,31,31,31,0.7,baseline-v2-20260723,cd270e7871bd358937d83d9a49829637fa80007d2964084ef229f578e3733bd3,ba75425861a059dafcc477474fc3e4ed1eafdc2b47d6fdd0557337035d29a960,a0df39ce29282beca2e250e1bb2345ff2c9210359ea28529ec8694d3158144d1,3539593,1693246944000000000,300
SS/orders_loss/2,SS,orders,loss,2,300,300,burst,0.3,2,0.3,baro,14,0.07142857142857142,0.0,0.5909090909090909,0,0,0,23,368.18619997939095,192-168-56-14-9100|user-db|carts-db|orders-db|rabbitmq,192-168-56-14-9100_node-memory-active-bytes,0.7,31,31,0.6534408602150538,0.7465591397849463,31,31,31,0.7,baseline-v2-20260723,cd270e7871bd358937d83d9a49829637fa80007d2964084ef229f578e3733bd3,ba75425861a059dafcc477474fc3e4ed1eafdc2b47d6fdd0557337035d29a960,a0df39ce29282beca2e250e1bb2345ff2c9210359ea28529ec8694d3158144d1,3539593,1693246944000000000,300
SS/orders_loss/2,SS,orders,loss,2,300,300,burst,0.3,2,0.3,median_shift,6,0.16666666666666666,0.0,0.22727272727272727,0,0,0,23,95.51310003735125,payment|rabbitmq|shipping|user|catalogue,payment_container-memory-max-usage-bytes,0.7,31,31,0.6534408602150538,0.7465591397849463,31,31,31,0.7,baseline-v2-20260723,cd270e7871bd358937d83d9a49829637fa80007d2964084ef229f578e3733bd3,ba75425861a059dafcc477474fc3e4ed1eafdc2b47d6fdd0557337035d29a960,a0df39ce29282beca2e250e1bb2345ff2c9210359ea28529ec8694d3158144d1,3539593,1693246944000000000,300
SS/orders_loss/2,SS,orders,loss,2,300,300,burst,0.3,2,0.3,nsigma,3,0.3333333333333333,0.6,0.09090909090909091,0,1,1,23,345.0437000137754,payment|shipping|orders|front-end|user,payment_istio-latency-99,0.7,31,31,0.6534408602150538,0.7465591397849463,31,31,31,0.7,baseline-v2-20260723,cd270e7871bd358937d83d9a49829637fa80007d2964084ef229f578e3733bd3,ba75425861a059dafcc477474fc3e4ed1eafdc2b47d6fdd0557337035d29a960,a0df39ce29282beca2e250e1bb2345ff2c9210359ea28529ec8694d3158144d1,3539593,1693246944000000000,300
SS/orders_loss/2,SS,orders,loss,2,300,300,burst,0.3,3,0.3,baro,10,0.1,0.0,0.4090909090909091,0,0,0,23,372.3831999814138,user-db|front-end|rabbitmq|payment|user,user-db_container-memory-usage-bytes,0.7,31,31,0.7379569892473118,0.6620430107526881,31,31,31,0.7,baseline-v2-20260723,cd270e7871bd358937d83d9a49829637fa80007d2964084ef229f578e3733bd3,ba75425861a059dafcc477474fc3e4ed1eafdc2b47d6fdd0557337035d29a960,a0df39ce29282beca2e250e1bb2345ff2c9210359ea28529ec8694d3158144d1,3539593,1693246944000000000,300
SS/orders_loss/2,SS,orders,loss,2,300,300,burst,0.3,3,0.3,median_shift,7,0.14285714285714285,0.0,0.2727272727272727,0,0,0,23,106.40950000379235,payment|rabbitmq|session-db|shipping|user,payment_istio-latency-99,0.7,31,31,0.7379569892473118,0.6620430107526881,31,31,31,0.7,baseline-v2-20260723,cd270e7871bd358937d83d9a49829637fa80007d2964084ef229f578e3733bd3,ba75425861a059dafcc477474fc3e4ed1eafdc2b47d6fdd0557337035d29a960,a0df39ce29282beca2e250e1bb2345ff2c9210359ea28529ec8694d3158144d1,3539593,1693246944000000000,300
SS/orders_loss/2,SS,orders,loss,2,300,300,burst,0.3,3,0.3,nsigma,2,0.5,0.8,0.045454545454545456,0,1,1,23,292.4235000391491,payment|orders|shipping|front-end|rabbitmq,payment_istio-latency-99,0.7,31,31,0.7379569892473118,0.6620430107526881,31,31,31,0.7,baseline-v2-20260723,cd270e7871bd358937d83d9a49829637fa80007d2964084ef229f578e3733bd3,ba75425861a059dafcc477474fc3e4ed1eafdc2b47d6fdd0557337035d29a960,a0df39ce29282beca2e250e1bb2345ff2c9210359ea28529ec8694d3158144d1,3539593,1693246944000000000,300
SS/orders_loss/2,SS,orders,loss,2,300,300,burst,0.3,4,0.3,baro,8,0.125,0.0,0.3181818181818182,0,0,0,23,345.22109996760264,192-168-10-83-9100|payment|front-end|rabbitmq|shipping,192-168-10-83-9100_node-memory-active-bytes,0.7,31,31,0.6683870967741935,0.7316129032258064,31,31,31,0.7,baseline-v2-20260723,cd270e7871bd358937d83d9a49829637fa80007d2964084ef229f578e3733bd3,ba75425861a059dafcc477474fc3e4ed1eafdc2b47d6fdd0557337035d29a960,a0df39ce29282beca2e250e1bb2345ff2c9210359ea28529ec8694d3158144d1,3539593,1693246944000000000,300
SS/orders_loss/2,SS,orders,loss,2,300,300,burst,0.3,4,0.3,median_shift,5,0.2,0.2,0.18181818181818182,0,0,1,23,90.24719998706132,payment|session-db|shipping|user|orders,payment_container-memory-max-usage-bytes,0.7,31,31,0.6683870967741935,0.7316129032258064,31,31,31,0.7,baseline-v2-20260723,cd270e7871bd358937d83d9a49829637fa80007d2964084ef229f578e3733bd3,ba75425861a059dafcc477474fc3e4ed1eafdc2b47d6fdd0557337035d29a960,a0df39ce29282beca2e250e1bb2345ff2c9210359ea28529ec8694d3158144d1,3539593,1693246944000000000,300
SS/orders_loss/2,SS,orders,loss,2,300,300,burst,0.3,4,0.3,nsigma,2,0.5,0.8,0.045454545454545456,0,1,1,23,284.8350999993272,payment|orders|shipping|front-end|user,payment_istio-latency-99,0.7,31,31,0.6683870967741935,0.7316129032258064,31,31,31,0.7,baseline-v2-20260723,cd270e7871bd358937d83d9a49829637fa80007d2964084ef229f578e3733bd3,ba75425861a059dafcc477474fc3e4ed1eafdc2b47d6fdd0557337035d29a960,a0df39ce29282beca2e250e1bb2345ff2c9210359ea28529ec8694d3158144d1,3539593,1693246944000000000,300
SS/orders_loss/2,SS,orders,loss,2,300,300,burst,0.3,5,0.3,baro,3,0.3333333333333333,0.6,0.09090909090909091,0,1,1,23,326.29669999005273,user-db|carts-db|orders|rabbitmq|user,user-db_container-memory-usage-bytes,0.7,31,31,0.6808602150537635,0.7191397849462365,31,31,31,0.7,baseline-v2-20260723,cd270e7871bd358937d83d9a49829637fa80007d2964084ef229f578e3733bd3,ba75425861a059dafcc477474fc3e4ed1eafdc2b47d6fdd0557337035d29a960,a0df39ce29282beca2e250e1bb2345ff2c9210359ea28529ec8694d3158144d1,3539593,1693246944000000000,300
SS/orders_loss/2,SS,orders,loss,2,300,300,burst,0.3,5,0.3,median_shift,2,0.5,0.8,0.045454545454545456,0,1,1,23,127.17449996853247,orders-db|orders|payment|rabbitmq|session-db,orders-db_container-memory-rss,0.7,31,31,0.6808602150537635,0.7191397849462365,31,31,31,0.7,baseline-v2-20260723,cd270e7871bd358937d83d9a49829637fa80007d2964084ef229f578e3733bd3,ba75425861a059dafcc477474fc3e4ed1eafdc2b47d6fdd0557337035d29a960,a0df39ce29282beca2e250e1bb2345ff2c9210359ea28529ec8694d3158144d1,3539593,1693246944000000000,300
SS/orders_loss/2,SS,orders,loss,2,300,300,burst,0.3,5,0.3,nsigma,3,0.3333333333333333,0.6,0.09090909090909091,0,1,1,23,310.46340003376827,payment|shipping|orders|front-end|rabbitmq,payment_istio-latency-99,0.7,31,31,0.6808602150537635,0.7191397849462365,31,31,31,0.7,baseline-v2-20260723,cd270e7871bd358937d83d9a49829637fa80007d2964084ef229f578e3733bd3,ba75425861a059dafcc477474fc3e4ed1eafdc2b47d6fdd0557337035d29a960,a0df39ce29282beca2e250e1bb2345ff2c9210359ea28529ec8694d3158144d1,3539593,1693246944000000000,300
SS/orders_loss/2,SS,orders,loss,2,300,300,burst,0.3,6,0.3,baro,9,0.1111111111111111,0.0,0.36363636363636365,0,0,0,23,350.4981000442058,orders-db|rabbitmq|payment|user|shipping,orders-db_container-memory-usage-bytes,0.7,31,31,0.7402150537634409,0.6597849462365591,31,31,31,0.7,baseline-v2-20260723,cd270e7871bd358937d83d9a49829637fa80007d2964084ef229f578e3733bd3,ba75425861a059dafcc477474fc3e4ed1eafdc2b47d6fdd0557337035d29a960,a0df39ce29282beca2e250e1bb2345ff2c9210359ea28529ec8694d3158144d1,3539593,1693246944000000000,300
SS/orders_loss/2,SS,orders,loss,2,300,300,burst,0.3,6,0.3,median_shift,5,0.2,0.2,0.18181818181818182,0,0,1,23,142.0835999888368,payment|rabbitmq|shipping|user|orders,payment_container-memory-max-usage-bytes,0.7,31,31,0.7402150537634409,0.6597849462365591,31,31,31,0.7,baseline-v2-20260723,cd270e7871bd358937d83d9a49829637fa80007d2964084ef229f578e3733bd3,ba75425861a059dafcc477474fc3e4ed1eafdc2b47d6fdd0557337035d29a960,a0df39ce29282beca2e250e1bb2345ff2c9210359ea28529ec8694d3158144d1,3539593,1693246944000000000,300
SS/orders_loss/2,SS,orders,loss,2,300,300,burst,0.3,6,0.3,nsigma,2,0.5,0.8,0.045454545454545456,0,1,1,23,259.14320000447333,payment|orders|shipping|front-end|rabbitmq,payment_istio-latency-99,0.7,31,31,0.7402150537634409,0.6597849462365591,31,31,31,0.7,baseline-v2-20260723,cd270e7871bd358937d83d9a49829637fa80007d2964084ef229f578e3733bd3,ba75425861a059dafcc477474fc3e4ed1eafdc2b47d6fdd0557337035d29a960,a0df39ce29282beca2e250e1bb2345ff2c9210359ea28529ec8694d3158144d1,3539593,1693246944000000000,300
SS/orders_loss/2,SS,orders,loss,2,300,300,burst,0.3,7,0.3,baro,10,0.1,0.0,0.4090909090909091,0,0,0,23,375.320199993439,carts-db|payment|user-db|rabbitmq|user,carts-db_container-memory-usage-bytes,0.7,31,31,0.7063440860215053,0.6936559139784946,31,31,31,0.7,baseline-v2-20260723,cd270e7871bd358937d83d9a49829637fa80007d2964084ef229f578e3733bd3,ba75425861a059dafcc477474fc3e4ed1eafdc2b47d6fdd0557337035d29a960,a0df39ce29282beca2e250e1bb2345ff2c9210359ea28529ec8694d3158144d1,3539593,1693246944000000000,300
SS/orders_loss/2,SS,orders,loss,2,300,300,burst,0.3,7,0.3,median_shift,7,0.14285714285714285,0.0,0.2727272727272727,0,0,0,23,169.14780001388863,catalogue|rabbitmq|session-db|shipping|user,catalogue_container-memory-failures-total,0.7,31,31,0.7063440860215053,0.6936559139784946,31,31,31,0.7,baseline-v2-20260723,cd270e7871bd358937d83d9a49829637fa80007d2964084ef229f578e3733bd3,ba75425861a059dafcc477474fc3e4ed1eafdc2b47d6fdd0557337035d29a960,a0df39ce29282beca2e250e1bb2345ff2c9210359ea28529ec8694d3158144d1,3539593,1693246944000000000,300
SS/orders_loss/2,SS,orders,loss,2,300,300,burst,0.3,7,0.3,nsigma,3,0.3333333333333333,0.6,0.09090909090909091,0,1,1,23,280.4416000144556,payment|shipping|orders|front-end|user,payment_istio-latency-99,0.7,31,31,0.7063440860215053,0.6936559139784946,31,31,31,0.7,baseline-v2-20260723,cd270e7871bd358937d83d9a49829637fa80007d2964084ef229f578e3733bd3,ba75425861a059dafcc477474fc3e4ed1eafdc2b47d6fdd0557337035d29a960,a0df39ce29282beca2e250e1bb2345ff2c9210359ea28529ec8694d3158144d1,3539593,1693246944000000000,300
SS/orders_loss/2,SS,orders,loss,2,300,300,burst,0.3,8,0.3,baro,3,0.3333333333333333,0.6,0.09090909090909091,0,1,1,23,409.4399000168778,192-168-60-79-9100|192-168-56-14-9100|orders|rabbitmq|payment,192-168-60-79-9100_node-memory-inactive-bytes,0.7,31,31,0.7086021505376344,0.6913978494623656,31,31,31,0.7,baseline-v2-20260723,cd270e7871bd358937d83d9a49829637fa80007d2964084ef229f578e3733bd3,ba75425861a059dafcc477474fc3e4ed1eafdc2b47d6fdd0557337035d29a960,a0df39ce29282beca2e250e1bb2345ff2c9210359ea28529ec8694d3158144d1,3539593,1693246944000000000,300
SS/orders_loss/2,SS,orders,loss,2,300,300,burst,0.3,8,0.3,median_shift,6,0.16666666666666666,0.0,0.22727272727272727,0,0,0,23,89.0967000159435,payment|rabbitmq|session-db|shipping|user,payment_container-memory-max-usage-bytes,0.7,31,31,0.7086021505376344,0.6913978494623656,31,31,31,0.7,baseline-v2-20260723,cd270e7871bd358937d83d9a49829637fa80007d2964084ef229f578e3733bd3,ba75425861a059dafcc477474fc3e4ed1eafdc2b47d6fdd0557337035d29a960,a0df39ce29282beca2e250e1bb2345ff2c9210359ea28529ec8694d3158144d1,3539593,1693246944000000000,300
SS/orders_loss/2,SS,orders,loss,2,300,300,burst,0.3,8,0.3,nsigma,3,0.3333333333333333,0.6,0.09090909090909091,0,1,1,23,371.9837000244297,payment|shipping|orders|front-end|rabbitmq,payment_istio-latency-99,0.7,31,31,0.7086021505376344,0.6913978494623656,31,31,31,0.7,baseline-v2-20260723,cd270e7871bd358937d83d9a49829637fa80007d2964084ef229f578e3733bd3,ba75425861a059dafcc477474fc3e4ed1eafdc2b47d6fdd0557337035d29a960,a0df39ce29282beca2e250e1bb2345ff2c9210359ea28529ec8694d3158144d1,3539593,1693246944000000000,300
SS/orders_loss/2,SS,orders,loss,2,300,300,burst,0.3,9,0.3,baro,11,0.09090909090909091,0.0,0.45454545454545453,0,0,0,23,422.15569998370484,192-168-56-14-9100|carts-db|front-end|rabbitmq|payment,192-168-56-14-9100_node-memory-active-bytes,0.7,31,31,0.7043010752688172,0.6956989247311828,31,31,31,0.7,baseline-v2-20260723,cd270e7871bd358937d83d9a49829637fa80007d2964084ef229f578e3733bd3,ba75425861a059dafcc477474fc3e4ed1eafdc2b47d6fdd0557337035d29a960,a0df39ce29282beca2e250e1bb2345ff2c9210359ea28529ec8694d3158144d1,3539593,1693246944000000000,300
SS/orders_loss/2,SS,orders,loss,2,300,300,burst,0.3,9,0.3,median_shift,6,0.16666666666666666,0.0,0.22727272727272727,0,0,0,23,100.24969995720312,catalogue|rabbitmq|shipping|user|payment,catalogue_container-memory-failures-total,0.7,31,31,0.7043010752688172,0.6956989247311828,31,31,31,0.7,baseline-v2-20260723,cd270e7871bd358937d83d9a49829637fa80007d2964084ef229f578e3733bd3,ba75425861a059dafcc477474fc3e4ed1eafdc2b47d6fdd0557337035d29a960,a0df39ce29282beca2e250e1bb2345ff2c9210359ea28529ec8694d3158144d1,3539593,1693246944000000000,300
SS/orders_loss/2,SS,orders,loss,2,300,300,burst,0.3,9,0.3,nsigma,2,0.5,0.8,0.045454545454545456,0,1,1,23,292.4951000022702,payment|orders|shipping|front-end|rabbitmq,payment_istio-latency-99,0.7,31,31,0.7043010752688172,0.6956989247311828,31,31,31,0.7,baseline-v2-20260723,cd270e7871bd358937d83d9a49829637fa80007d2964084ef229f578e3733bd3,ba75425861a059dafcc477474fc3e4ed1eafdc2b47d6fdd0557337035d29a960,a0df39ce29282beca2e250e1bb2345ff2c9210359ea28529ec8694d3158144d1,3539593,1693246944000000000,300
SS/orders_loss/2,SS,orders,loss,2,300,300,burst,0.5,0,0.5,baro,11,0.09090909090909091,0.0,0.45454545454545453,0,0,0,23,393.0532999802381,192-168-56-14-9100|192-168-10-83-9100|user-db|orders-db|front-end,192-168-56-14-9100_node-memory-inactive-bytes,0.5,31,31,0.4934408602150538,0.5065591397849463,31,31,30,0.5,baseline-v2-20260723,cd270e7871bd358937d83d9a49829637fa80007d2964084ef229f578e3733bd3,ba75425861a059dafcc477474fc3e4ed1eafdc2b47d6fdd0557337035d29a960,a0df39ce29282beca2e250e1bb2345ff2c9210359ea28529ec8694d3158144d1,3539593,1693246944000000000,300
SS/orders_loss/2,SS,orders,loss,2,300,300,burst,0.5,0,0.5,median_shift,11,0.09090909090909091,0.0,0.45454545454545453,0,0,0,23,145.68999997572973,catalogue-db|catalogue|orders-db|rabbitmq|session-db,catalogue-db_container-cpu-usage-seconds-total,0.5,31,31,0.4934408602150538,0.5065591397849463,31,31,30,0.5,baseline-v2-20260723,cd270e7871bd358937d83d9a49829637fa80007d2964084ef229f578e3733bd3,ba75425861a059dafcc477474fc3e4ed1eafdc2b47d6fdd0557337035d29a960,a0df39ce29282beca2e250e1bb2345ff2c9210359ea28529ec8694d3158144d1,3539593,1693246944000000000,300
SS/orders_loss/2,SS,orders,loss,2,300,300,burst,0.5,0,0.5,nsigma,4,0.25,0.4,0.13636363636363635,0,0,1,23,336.8995999917388,payment|front-end|shipping|orders|user,payment_istio-latency-99,0.5,31,31,0.4934408602150538,0.5065591397849463,31,31,30,0.5,baseline-v2-20260723,cd270e7871bd358937d83d9a49829637fa80007d2964084ef229f578e3733bd3,ba75425861a059dafcc477474fc3e4ed1eafdc2b47d6fdd0557337035d29a960,a0df39ce29282beca2e250e1bb2345ff2c9210359ea28529ec8694d3158144d1,3539593,1693246944000000000,300
SS/orders_loss/2,SS,orders,loss,2,300,300,burst,0.5,1,0.5,baro,5,0.2,0.2,0.18181818181818182,0,0,1,23,298.9959999686107,192-168-10-83-9100|192-168-90-135-9100|carts-db|192-168-56-14-9100|orders,192-168-10-83-9100_node-memory-inactive-bytes,0.5,31,31,0.55,0.45,31,31,30,0.5,baseline-v2-20260723,cd270e7871bd358937d83d9a49829637fa80007d2964084ef229f578e3733bd3,ba75425861a059dafcc477474fc3e4ed1eafdc2b47d6fdd0557337035d29a960,a0df39ce29282beca2e250e1bb2345ff2c9210359ea28529ec8694d3158144d1,3539593,1693246944000000000,300
SS/orders_loss/2,SS,orders,loss,2,300,300,burst,0.5,1,0.5,median_shift,10,0.1,0.0,0.4090909090909091,0,0,0,23,103.02340000635013,192-168-60-79-9100|carts-db|orders-db|payment|queue-master,192-168-60-79-9100_node-disk-read-bytes-total,0.5,31,31,0.55,0.45,31,31,30,0.5,baseline-v2-20260723,cd270e7871bd358937d83d9a49829637fa80007d2964084ef229f578e3733bd3,ba75425861a059dafcc477474fc3e4ed1eafdc2b47d6fdd0557337035d29a960,a0df39ce29282beca2e250e1bb2345ff2c9210359ea28529ec8694d3158144d1,3539593,1693246944000000000,300
SS/orders_loss/2,SS,orders,loss,2,300,300,burst,0.5,1,0.5,nsigma,3,0.3333333333333333,0.6,0.09090909090909091,0,1,1,23,238.55300003197044,payment|shipping|orders|front-end|carts,payment_istio-latency-99,0.5,31,31,0.55,0.45,31,31,30,0.5,baseline-v2-20260723,cd270e7871bd358937d83d9a49829637fa80007d2964084ef229f578e3733bd3,ba75425861a059dafcc477474fc3e4ed1eafdc2b47d6fdd0557337035d29a960,a0df39ce29282beca2e250e1bb2345ff2c9210359ea28529ec8694d3158144d1,3539593,1693246944000000000,300
SS/orders_loss/2,SS,orders,loss,2,300,300,burst,0.5,2,0.5,baro,6,0.16666666666666666,0.0,0.22727272727272727,0,0,0,23,379.5595000265166,queue|192-168-60-79-9100|192-168-56-14-9100|orders-db|user-db,queue_container-network-receive-packets-total,0.5,31,31,0.531505376344086,0.468494623655914,31,31,30,0.5,baseline-v2-20260723,cd270e7871bd358937d83d9a49829637fa80007d2964084ef229f578e3733bd3,ba75425861a059dafcc477474fc3e4ed1eafdc2b47d6fdd0557337035d29a960,a0df39ce29282beca2e250e1bb2345ff2c9210359ea28529ec8694d3158144d1,3539593,1693246944000000000,300
SS/orders_loss/2,SS,orders,loss,2,300,300,burst,0.5,2,0.5,median_shift,10,0.1,0.0,0.4090909090909091,0,0,0,23,113.3110000519082,192-168-10-83-9100|carts-db|front-end|orders-db|rabbitmq,192-168-10-83-9100_node-disk-reads-completed-total,0.5,31,31,0.531505376344086,0.468494623655914,31,31,30,0.5,baseline-v2-20260723,cd270e7871bd358937d83d9a49829637fa80007d2964084ef229f578e3733bd3,ba75425861a059dafcc477474fc3e4ed1eafdc2b47d6fdd0557337035d29a960,a0df39ce29282beca2e250e1bb2345ff2c9210359ea28529ec8694d3158144d1,3539593,1693246944000000000,300
SS/orders_loss/2,SS,orders,loss,2,300,300,burst,0.5,2,0.5,nsigma,3,0.3333333333333333,0.6,0.09090909090909091,0,1,1,23,362.89389996090904,payment|shipping|orders|front-end|user,payment_istio-latency-99,0.5,31,31,0.531505376344086,0.468494623655914,31,31,30,0.5,baseline-v2-20260723,cd270e7871bd358937d83d9a49829637fa80007d2964084ef229f578e3733bd3,ba75425861a059dafcc477474fc3e4ed1eafdc2b47d6fdd0557337035d29a960,a0df39ce29282beca2e250e1bb2345ff2c9210359ea28529ec8694d3158144d1,3539593,1693246944000000000,300
SS/orders_loss/2,SS,orders,loss,2,300,300,burst,0.5,3,0.5,baro,6,0.16666666666666666,0.0,0.22727272727272727,0,0,0,23,315.293500025291,queue|192-168-90-135-9100|orders-db|user-db|front-end,queue_container-network-receive-packets-total,0.5,31,31,0.45301075268817204,0.546989247311828,31,31,31,0.5,baseline-v2-20260723,cd270e7871bd358937d83d9a49829637fa80007d2964084ef229f578e3733bd3,ba75425861a059dafcc477474fc3e4ed1eafdc2b47d6fdd0557337035d29a960,a0df39ce29282beca2e250e1bb2345ff2c9210359ea28529ec8694d3158144d1,3539593,1693246944000000000,300
SS/orders_loss/2,SS,orders,loss,2,300,300,burst,0.5,3,0.5,median_shift,12,0.08333333333333333,0.0,0.5,0,0,0,23,124.26159996539354,carts-db|catalogue|orders-db|payment|queue-master,carts-db_container-fs-writes-bytes-total,0.5,31,31,0.45301075268817204,0.546989247311828,31,31,31,0.5,baseline-v2-20260723,cd270e7871bd358937d83d9a49829637fa80007d2964084ef229f578e3733bd3,ba75425861a059dafcc477474fc3e4ed1eafdc2b47d6fdd0557337035d29a960,a0df39ce29282beca2e250e1bb2345ff2c9210359ea28529ec8694d3158144d1,3539593,1693246944000000000,300
SS/orders_loss/2,SS,orders,loss,2,300,300,burst,0.5,3,0.5,nsigma,2,0.5,0.8,0.045454545454545456,0,1,1,23,246.5303000062704,payment|orders|shipping|front-end|user,payment_istio-latency-99,0.5,31,31,0.45301075268817204,0.546989247311828,31,31,31,0.5,baseline-v2-20260723,cd270e7871bd358937d83d9a49829637fa80007d2964084ef229f578e3733bd3,ba75425861a059dafcc477474fc3e4ed1eafdc2b47d6fdd0557337035d29a960,a0df39ce29282beca2e250e1bb2345ff2c9210359ea28529ec8694d3158144d1,3539593,1693246944000000000,300
SS/orders_loss/2,SS,orders,loss,2,300,300,burst,0.5,4,0.5,baro,6,0.16666666666666666,0.0,0.22727272727272727,0,0,0,23,352.58139995858073,192-168-22-131-9100|192-168-10-83-9100|user-db|orders-db|front-end,192-168-22-131-9100_node-memory-inactive-bytes,0.5,31,31,0.5505376344086022,0.44946236559139785,31,31,30,0.5,baseline-v2-20260723,cd270e7871bd358937d83d9a49829637fa80007d2964084ef229f578e3733bd3,ba75425861a059dafcc477474fc3e4ed1eafdc2b47d6fdd0557337035d29a960,a0df39ce29282beca2e250e1bb2345ff2c9210359ea28529ec8694d3158144d1,3539593,1693246944000000000,300
SS/orders_loss/2,SS,orders,loss,2,300,300,burst,0.5,4,0.5,median_shift,9,0.1111111111111111,0.0,0.36363636363636365,0,0,0,23,109.72980002406985,192-168-10-83-9100|192-168-60-79-9100|catalogue-db|payment|rabbitmq,192-168-10-83-9100_node-disk-reads-completed-total,0.5,31,31,0.5505376344086022,0.44946236559139785,31,31,30,0.5,baseline-v2-20260723,cd270e7871bd358937d83d9a49829637fa80007d2964084ef229f578e3733bd3,ba75425861a059dafcc477474fc3e4ed1eafdc2b47d6fdd0557337035d29a960,a0df39ce29282beca2e250e1bb2345ff2c9210359ea28529ec8694d3158144d1,3539593,1693246944000000000,300
SS/orders_loss/2,SS,orders,loss,2,300,300,burst,0.5,4,0.5,nsigma,3,0.3333333333333333,0.6,0.09090909090909091,0,1,1,23,286.6095000063069,payment|shipping|orders|front-end|user,payment_istio-latency-99,0.5,31,31,0.5505376344086022,0.44946236559139785,31,31,30,0.5,baseline-v2-20260723,cd270e7871bd358937d83d9a49829637fa80007d2964084ef229f578e3733bd3,ba75425861a059dafcc477474fc3e4ed1eafdc2b47d6fdd0557337035d29a960,a0df39ce29282beca2e250e1bb2345ff2c9210359ea28529ec8694d3158144d1,3539593,1693246944000000000,300
SS/orders_loss/2,SS,orders,loss,2,300,300,burst,0.5,5,0.5,baro,4,0.25,0.4,0.13636363636363635,0,0,1,23,330.0382000161335,192-168-56-14-9100|carts-db|orders-db|orders|front-end,192-168-56-14-9100_node-memory-active-bytes,0.5,31,31,0.4946236559139785,0.5053763440860215,31,31,31,0.5,baseline-v2-20260723,cd270e7871bd358937d83d9a49829637fa80007d2964084ef229f578e3733bd3,ba75425861a059dafcc477474fc3e4ed1eafdc2b47d6fdd0557337035d29a960,a0df39ce29282beca2e250e1bb2345ff2c9210359ea28529ec8694d3158144d1,3539593,1693246944000000000,300
SS/orders_loss/2,SS,orders,loss,2,300,300,burst,0.5,5,0.5,median_shift,8,0.125,0.0,0.3181818181818182,0,0,0,23,105.10749998502433,192-168-60-79-9100|carts-db|orders-db|payment|rabbitmq,192-168-60-79-9100_node-disk-reads-completed-total,0.5,31,31,0.4946236559139785,0.5053763440860215,31,31,31,0.5,baseline-v2-20260723,cd270e7871bd358937d83d9a49829637fa80007d2964084ef229f578e3733bd3,ba75425861a059dafcc477474fc3e4ed1eafdc2b47d6fdd0557337035d29a960,a0df39ce29282beca2e250e1bb2345ff2c9210359ea28529ec8694d3158144d1,3539593,1693246944000000000,300
SS/orders_loss/2,SS,orders,loss,2,300,300,burst,0.5,5,0.5,nsigma,3,0.3333333333333333,0.6,0.09090909090909091,0,1,1,23,310.48879999434575,payment|shipping|orders|front-end|user,payment_istio-latency-99,0.5,31,31,0.4946236559139785,0.5053763440860215,31,31,31,0.5,baseline-v2-20260723,cd270e7871bd358937d83d9a49829637fa80007d2964084ef229f578e3733bd3,ba75425861a059dafcc477474fc3e4ed1eafdc2b47d6fdd0557337035d29a960,a0df39ce29282beca2e250e1bb2345ff2c9210359ea28529ec8694d3158144d1,3539593,1693246944000000000,300
SS/orders_loss/2,SS,orders,loss,2,300,300,burst,0.5,6,0.5,baro,11,0.09090909090909091,0.0,0.45454545454545453,0,0,0,23,322.64210004359484,192-168-10-83-9100|carts-db|user-db|rabbitmq|front-end,192-168-10-83-9100_node-memory-active-bytes,0.5,31,31,0.4866666666666667,0.5133333333333333,31,31,31,0.5,baseline-v2-20260723,cd270e7871bd358937d83d9a49829637fa80007d2964084ef229f578e3733bd3,ba75425861a059dafcc477474fc3e4ed1eafdc2b47d6fdd0557337035d29a960,a0df39ce29282beca2e250e1bb2345ff2c9210359ea28529ec8694d3158144d1,3539593,1693246944000000000,300
SS/orders_loss/2,SS,orders,loss,2,300,300,burst,0.5,6,0.5,median_shift,4,0.25,0.4,0.13636363636363635,0,0,1,23,97.84319996833801,192-168-60-79-9100|catalogue|orders-db|orders|payment,192-168-60-79-9100_node-disk-read-bytes-total,0.5,31,31,0.4866666666666667,0.5133333333333333,31,31,31,0.5,baseline-v2-20260723,cd270e7871bd358937d83d9a49829637fa80007d2964084ef229f578e3733bd3,ba75425861a059dafcc477474fc3e4ed1eafdc2b47d6fdd0557337035d29a960,a0df39ce29282beca2e250e1bb2345ff2c9210359ea28529ec8694d3158144d1,3539593,1693246944000000000,300
SS/orders_loss/2,SS,orders,loss,2,300,300,burst,0.5,6,0.5,nsigma,2,0.5,0.8,0.045454545454545456,0,1,1,23,344.0176000003703,payment|orders|shipping|user|front-end,payment_istio-latency-99,0.5,31,31,0.4866666666666667,0.5133333333333333,31,31,31,0.5,baseline-v2-20260723,cd270e7871bd358937d83d9a49829637fa80007d2964084ef229f578e3733bd3,ba75425861a059dafcc477474fc3e4ed1eafdc2b47d6fdd0557337035d29a960,a0df39ce29282beca2e250e1bb2345ff2c9210359ea28529ec8694d3158144d1,3539593,1693246944000000000,300
SS/orders_loss/2,SS,orders,loss,2,300,300,burst,0.5,7,0.5,baro,2,0.5,0.8,0.045454545454545456,0,1,1,23,403.52990000974387,192-168-10-83-9100|orders|carts-db|orders-db|rabbitmq,192-168-10-83-9100_node-memory-active-bytes,0.5,31,31,0.5277419354838709,0.472258064516129,31,31,31,0.5,baseline-v2-20260723,cd270e7871bd358937d83d9a49829637fa80007d2964084ef229f578e3733bd3,ba75425861a059dafcc477474fc3e4ed1eafdc2b47d6fdd0557337035d29a960,a0df39ce29282beca2e250e1bb2345ff2c9210359ea28529ec8694d3158144d1,3539593,1693246944000000000,300
SS/orders_loss/2,SS,orders,loss,2,300,300,burst,0.5,7,0.5,median_shift,11,0.09090909090909091,0.0,0.45454545454545453,0,0,0,23,85.85390000371262,192-168-10-83-9100|carts-db|catalogue|orders-db|payment,192-168-10-83-9100_node-disk-read-bytes-total,0.5,31,31,0.5277419354838709,0.472258064516129,31,31,31,0.5,baseline-v2-20260723,cd270e7871bd358937d83d9a49829637fa80007d2964084ef229f578e3733bd3,ba75425861a059dafcc477474fc3e4ed1eafdc2b47d6fdd0557337035d29a960,a0df39ce29282beca2e250e1bb2345ff2c9210359ea28529ec8694d3158144d1,3539593,1693246944000000000,300
SS/orders_loss/2,SS,orders,loss,2,300,300,burst,0.5,7,0.5,nsigma,3,0.3333333333333333,0.6,0.09090909090909091,0,1,1,23,281.5590999671258,payment|shipping|orders|front-end|rabbitmq,payment_istio-latency-99,0.5,31,31,0.5277419354838709,0.472258064516129,31,31,31,0.5,baseline-v2-20260723,cd270e7871bd358937d83d9a49829637fa80007d2964084ef229f578e3733bd3,ba75425861a059dafcc477474fc3e4ed1eafdc2b47d6fdd0557337035d29a960,a0df39ce29282beca2e250e1bb2345ff2c9210359ea28529ec8694d3158144d1,3539593,1693246944000000000,300
SS/orders_loss/2,SS,orders,loss,2,300,300,burst,0.5,8,0.5,baro,12,0.08333333333333333,0.0,0.5,0,0,0,23,386.8623999878764,192-168-90-135-9100|192-168-56-14-9100|192-168-10-83-9100|carts-db|front-end,192-168-90-135-9100_node-memory-inactive-bytes,0.5,31,31,0.4403225806451613,0.5596774193548387,30,31,30,0.5,baseline-v2-20260723,cd270e7871bd358937d83d9a49829637fa80007d2964084ef229f578e3733bd3,ba75425861a059dafcc477474fc3e4ed1eafdc2b47d6fdd0557337035d29a960,a0df39ce29282beca2e250e1bb2345ff2c9210359ea28529ec8694d3158144d1,3539593,1693246944000000000,300
SS/orders_loss/2,SS,orders,loss,2,300,300,burst,0.5,8,0.5,median_shift,6,0.16666666666666666,0.0,0.22727272727272727,0,0,0,23,107.34420001972467,192-168-10-83-9100|192-168-60-79-9100|carts-db|carts|catalogue,192-168-10-83-9100_node-disk-read-bytes-total,0.5,31,31,0.4403225806451613,0.5596774193548387,30,31,30,0.5,baseline-v2-20260723,cd270e7871bd358937d83d9a49829637fa80007d2964084ef229f578e3733bd3,ba75425861a059dafcc477474fc3e4ed1eafdc2b47d6fdd0557337035d29a960,a0df39ce29282beca2e250e1bb2345ff2c9210359ea28529ec8694d3158144d1,3539593,1693246944000000000,300
SS/orders_loss/2,SS,orders,loss,2,300,300,burst,0.5,8,0.5,nsigma,3,0.3333333333333333,0.6,0.09090909090909091,0,1,1,23,266.80370001122355,payment|shipping|orders|front-end|user,payment_istio-latency-99,0.5,31,31,0.4403225806451613,0.5596774193548387,30,31,30,0.5,baseline-v2-20260723,cd270e7871bd358937d83d9a49829637fa80007d2964084ef229f578e3733bd3,ba75425861a059dafcc477474fc3e4ed1eafdc2b47d6fdd0557337035d29a960,a0df39ce29282beca2e250e1bb2345ff2c9210359ea28529ec8694d3158144d1,3539593,1693246944000000000,300
SS/orders_loss/2,SS,orders,loss,2,300,300,burst,0.5,9,0.5,baro,6,0.16666666666666666,0.0,0.22727272727272727,0,0,0,23,361.70889995992184,192-168-56-14-9100|192-168-22-131-9100|192-168-60-79-9100|carts-db|user-db,192-168-56-14-9100_node-memory-inactive-bytes,0.5,31,31,0.41301075268817206,0.586989247311828,30,31,28,0.5,baseline-v2-20260723,cd270e7871bd358937d83d9a49829637fa80007d2964084ef229f578e3733bd3,ba75425861a059dafcc477474fc3e4ed1eafdc2b47d6fdd0557337035d29a960,a0df39ce29282beca2e250e1bb2345ff2c9210359ea28529ec8694d3158144d1,3539593,1693246944000000000,300
SS/orders_loss/2,SS,orders,loss,2,300,300,burst,0.5,9,0.5,median_shift,8,0.125,0.0,0.3181818181818182,0,0,0,23,128.29879997298121,192-168-10-83-9100|192-168-60-79-9100|catalogue|payment|rabbitmq,192-168-10-83-9100_node-disk-read-bytes-total,0.5,31,31,0.41301075268817206,0.586989247311828,30,31,28,0.5,baseline-v2-20260723,cd270e7871bd358937d83d9a49829637fa80007d2964084ef229f578e3733bd3,ba75425861a059dafcc477474fc3e4ed1eafdc2b47d6fdd0557337035d29a960,a0df39ce29282beca2e250e1bb2345ff2c9210359ea28529ec8694d3158144d1,3539593,1693246944000000000,300
SS/orders_loss/2,SS,orders,loss,2,300,300,burst,0.5,9,0.5,nsigma,3,0.3333333333333333,0.6,0.09090909090909091,0,1,1,23,325.63740003388375,payment|shipping|orders|front-end|user,payment_istio-latency-99,0.5,31,31,0.41301075268817206,0.586989247311828,30,31,28,0.5,baseline-v2-20260723,cd270e7871bd358937d83d9a49829637fa80007d2964084ef229f578e3733bd3,ba75425861a059dafcc477474fc3e4ed1eafdc2b47d6fdd0557337035d29a960,a0df39ce29282beca2e250e1bb2345ff2c9210359ea28529ec8694d3158144d1,3539593,1693246944000000000,300
SS/orders_loss/2,SS,orders,loss,2,300,300,incident,0.1,0,0.1,baro,6,0.16666666666666666,0.0,0.22727272727272727,0,0,0,23,407.85020001931116,rabbitmq|payment|session-db|catalogue-db|shipping,rabbitmq_container-memory-usage-bytes,0.838763440860215,31,31,0.8987096774193548,0.7788172043010753,31,31,31,0.9,baseline-v2-20260723,cd270e7871bd358937d83d9a49829637fa80007d2964084ef229f578e3733bd3,ba75425861a059dafcc477474fc3e4ed1eafdc2b47d6fdd0557337035d29a960,a0df39ce29282beca2e250e1bb2345ff2c9210359ea28529ec8694d3158144d1,3539593,1693246944000000000,300
SS/orders_loss/2,SS,orders,loss,2,300,300,incident,0.1,0,0.1,median_shift,4,0.25,0.4,0.13636363636363635,0,0,1,23,149.82469996903092,user|payment|shipping|orders|front-end,user_container-memory-rss,0.838763440860215,31,31,0.8987096774193548,0.7788172043010753,31,31,31,0.9,baseline-v2-20260723,cd270e7871bd358937d83d9a49829637fa80007d2964084ef229f578e3733bd3,ba75425861a059dafcc477474fc3e4ed1eafdc2b47d6fdd0557337035d29a960,a0df39ce29282beca2e250e1bb2345ff2c9210359ea28529ec8694d3158144d1,3539593,1693246944000000000,300
SS/orders_loss/2,SS,orders,loss,2,300,300,incident,0.1,0,0.1,nsigma,2,0.5,0.8,0.045454545454545456,0,1,1,23,297.1423999988474,payment|orders|shipping|front-end|user,payment_istio-latency-99,0.838763440860215,31,31,0.8987096774193548,0.7788172043010753,31,31,31,0.9,baseline-v2-20260723,cd270e7871bd358937d83d9a49829637fa80007d2964084ef229f578e3733bd3,ba75425861a059dafcc477474fc3e4ed1eafdc2b47d6fdd0557337035d29a960,a0df39ce29282beca2e250e1bb2345ff2c9210359ea28529ec8694d3158144d1,3539593,1693246944000000000,300
SS/orders_loss/2,SS,orders,loss,2,300,300,incident,0.1,1,0.1,baro,6,0.16666666666666666,0.0,0.22727272727272727,0,0,0,23,398.2757999910973,rabbitmq|payment|session-db|catalogue-db|shipping,rabbitmq_container-memory-usage-bytes,0.839247311827957,31,31,0.8979569892473118,0.7805376344086021,31,31,31,0.9,baseline-v2-20260723,cd270e7871bd358937d83d9a49829637fa80007d2964084ef229f578e3733bd3,ba75425861a059dafcc477474fc3e4ed1eafdc2b47d6fdd0557337035d29a960,a0df39ce29282beca2e250e1bb2345ff2c9210359ea28529ec8694d3158144d1,3539593,1693246944000000000,300
SS/orders_loss/2,SS,orders,loss,2,300,300,incident,0.1,1,0.1,median_shift,4,0.25,0.4,0.13636363636363635,0,0,1,23,112.01089998940006,shipping|user|payment|orders|front-end,shipping_container-memory-rss,0.839247311827957,31,31,0.8979569892473118,0.7805376344086021,31,31,31,0.9,baseline-v2-20260723,cd270e7871bd358937d83d9a49829637fa80007d2964084ef229f578e3733bd3,ba75425861a059dafcc477474fc3e4ed1eafdc2b47d6fdd0557337035d29a960,a0df39ce29282beca2e250e1bb2345ff2c9210359ea28529ec8694d3158144d1,3539593,1693246944000000000,300
SS/orders_loss/2,SS,orders,loss,2,300,300,incident,0.1,1,0.1,nsigma,2,0.5,0.8,0.045454545454545456,0,1,1,23,346.6414000140503,payment|orders|shipping|front-end|user,payment_istio-latency-99,0.839247311827957,31,31,0.8979569892473118,0.7805376344086021,31,31,31,0.9,baseline-v2-20260723,cd270e7871bd358937d83d9a49829637fa80007d2964084ef229f578e3733bd3,ba75425861a059dafcc477474fc3e4ed1eafdc2b47d6fdd0557337035d29a960,a0df39ce29282beca2e250e1bb2345ff2c9210359ea28529ec8694d3158144d1,3539593,1693246944000000000,300
SS/orders_loss/2,SS,orders,loss,2,300,300,incident,0.1,2,0.1,baro,6,0.16666666666666666,0.0,0.22727272727272727,0,0,0,23,401.1346999905072,rabbitmq|payment|session-db|catalogue-db|shipping,rabbitmq_container-memory-usage-bytes,0.8371505376344086,31,31,0.8965591397849463,0.7777419354838709,31,31,31,0.9,baseline-v2-20260723,cd270e7871bd358937d83d9a49829637fa80007d2964084ef229f578e3733bd3,ba75425861a059dafcc477474fc3e4ed1eafdc2b47d6fdd0557337035d29a960,a0df39ce29282beca2e250e1bb2345ff2c9210359ea28529ec8694d3158144d1,3539593,1693246944000000000,300
SS/orders_loss/2,SS,orders,loss,2,300,300,incident,0.1,2,0.1,median_shift,5,0.2,0.2,0.18181818181818182,0,0,1,23,109.6792999887839,session-db|shipping|user|payment|orders,session-db_container-memory-rss,0.8371505376344086,31,31,0.8965591397849463,0.7777419354838709,31,31,31,0.9,baseline-v2-20260723,cd270e7871bd358937d83d9a49829637fa80007d2964084ef229f578e3733bd3,ba75425861a059dafcc477474fc3e4ed1eafdc2b47d6fdd0557337035d29a960,a0df39ce29282beca2e250e1bb2345ff2c9210359ea28529ec8694d3158144d1,3539593,1693246944000000000,300
SS/orders_loss/2,SS,orders,loss,2,300,300,incident,0.1,2,0.1,nsigma,2,0.5,0.8,0.045454545454545456,0,1,1,23,280.33580002374947,payment|orders|shipping|front-end|user,payment_istio-latency-99,0.8371505376344086,31,31,0.8965591397849463,0.7777419354838709,31,31,31,0.9,baseline-v2-20260723,cd270e7871bd358937d83d9a49829637fa80007d2964084ef229f578e3733bd3,ba75425861a059dafcc477474fc3e4ed1eafdc2b47d6fdd0557337035d29a960,a0df39ce29282beca2e250e1bb2345ff2c9210359ea28529ec8694d3158144d1,3539593,1693246944000000000,300
SS/orders_loss/2,SS,orders,loss,2,300,300,incident,0.1,3,0.1,baro,6,0.16666666666666666,0.0,0.22727272727272727,0,0,0,23,338.1502000265755,rabbitmq|payment|session-db|catalogue-db|shipping,rabbitmq_container-memory-usage-bytes,0.8411290322580646,31,31,0.9019354838709678,0.7803225806451612,31,31,31,0.9,baseline-v2-20260723,cd270e7871bd358937d83d9a49829637fa80007d2964084ef229f578e3733bd3,ba75425861a059dafcc477474fc3e4ed1eafdc2b47d6fdd0557337035d29a960,a0df39ce29282beca2e250e1bb2345ff2c9210359ea28529ec8694d3158144d1,3539593,1693246944000000000,300
SS/orders_loss/2,SS,orders,loss,2,300,300,incident,0.1,3,0.1,median_shift,5,0.2,0.2,0.18181818181818182,0,0,1,23,119.43600000813603,session-db|shipping|user|payment|orders,session-db_container-memory-rss,0.8411290322580646,31,31,0.9019354838709678,0.7803225806451612,31,31,31,0.9,baseline-v2-20260723,cd270e7871bd358937d83d9a49829637fa80007d2964084ef229f578e3733bd3,ba75425861a059dafcc477474fc3e4ed1eafdc2b47d6fdd0557337035d29a960,a0df39ce29282beca2e250e1bb2345ff2c9210359ea28529ec8694d3158144d1,3539593,1693246944000000000,300
SS/orders_loss/2,SS,orders,loss,2,300,300,incident,0.1,3,0.1,nsigma,2,0.5,0.8,0.045454545454545456,0,1,1,23,365.77330000000075,payment|orders|shipping|front-end|user,payment_istio-latency-99,0.8411290322580646,31,31,0.9019354838709678,0.7803225806451612,31,31,31,0.9,baseline-v2-20260723,cd270e7871bd358937d83d9a49829637fa80007d2964084ef229f578e3733bd3,ba75425861a059dafcc477474fc3e4ed1eafdc2b47d6fdd0557337035d29a960,a0df39ce29282beca2e250e1bb2345ff2c9210359ea28529ec8694d3158144d1,3539593,1693246944000000000,300
SS/orders_loss/2,SS,orders,loss,2,300,300,incident,0.1,4,0.1,baro,6,0.16666666666666666,0.0,0.22727272727272727,0,0,0,23,423.80280001088977,rabbitmq|payment|session-db|catalogue-db|shipping,rabbitmq_container-memory-usage-bytes,0.8417204301075268,31,31,0.9024731182795699,0.7809677419354839,31,31,31,0.9,baseline-v2-20260723,cd270e7871bd358937d83d9a49829637fa80007d2964084ef229f578e3733bd3,ba75425861a059dafcc477474fc3e4ed1eafdc2b47d6fdd0557337035d29a960,a0df39ce29282beca2e250e1bb2345ff2c9210359ea28529ec8694d3158144d1,3539593,1693246944000000000,300
SS/orders_loss/2,SS,orders,loss,2,300,300,incident,0.1,4,0.1,median_shift,5,0.2,0.2,0.18181818181818182,0,0,1,23,105.9802999952808,session-db|shipping|user|payment|orders,session-db_container-memory-rss,0.8417204301075268,31,31,0.9024731182795699,0.7809677419354839,31,31,31,0.9,baseline-v2-20260723,cd270e7871bd358937d83d9a49829637fa80007d2964084ef229f578e3733bd3,ba75425861a059dafcc477474fc3e4ed1eafdc2b47d6fdd0557337035d29a960,a0df39ce29282beca2e250e1bb2345ff2c9210359ea28529ec8694d3158144d1,3539593,1693246944000000000,300
SS/orders_loss/2,SS,orders,loss,2,300,300,incident,0.1,4,0.1,nsigma,2,0.5,0.8,0.045454545454545456,0,1,1,23,299.2683000047691,payment|orders|shipping|front-end|user,payment_istio-latency-99,0.8417204301075268,31,31,0.9024731182795699,0.7809677419354839,31,31,31,0.9,baseline-v2-20260723,cd270e7871bd358937d83d9a49829637fa80007d2964084ef229f578e3733bd3,ba75425861a059dafcc477474fc3e4ed1eafdc2b47d6fdd0557337035d29a960,a0df39ce29282beca2e250e1bb2345ff2c9210359ea28529ec8694d3158144d1,3539593,1693246944000000000,300
SS/orders_loss/2,SS,orders,loss,2,300,300,incident,0.1,5,0.1,baro,6,0.16666666666666666,0.0,0.22727272727272727,0,0,0,23,429.35349995968863,rabbitmq|payment|session-db|catalogue-db|shipping,rabbitmq_container-memory-usage-bytes,0.8366666666666667,31,31,0.8950537634408602,0.7782795698924732,31,31,31,0.9,baseline-v2-20260723,cd270e7871bd358937d83d9a49829637fa80007d2964084ef229f578e3733bd3,ba75425861a059dafcc477474fc3e4ed1eafdc2b47d6fdd0557337035d29a960,a0df39ce29282beca2e250e1bb2345ff2c9210359ea28529ec8694d3158144d1,3539593,1693246944000000000,300
SS/orders_loss/2,SS,orders,loss,2,300,300,incident,0.1,5,0.1,median_shift,4,0.25,0.4,0.13636363636363635,0,0,1,23,93.40610000072047,shipping|user|payment|orders|front-end,shipping_container-memory-rss,0.8366666666666667,31,31,0.8950537634408602,0.7782795698924732,31,31,31,0.9,baseline-v2-20260723,cd270e7871bd358937d83d9a49829637fa80007d2964084ef229f578e3733bd3,ba75425861a059dafcc477474fc3e4ed1eafdc2b47d6fdd0557337035d29a960,a0df39ce29282beca2e250e1bb2345ff2c9210359ea28529ec8694d3158144d1,3539593,1693246944000000000,300
SS/orders_loss/2,SS,orders,loss,2,300,300,incident,0.1,5,0.1,nsigma,2,0.5,0.8,0.045454545454545456,0,1,1,23,315.4068000148982,payment|orders|shipping|front-end|user,payment_istio-latency-99,0.8366666666666667,31,31,0.8950537634408602,0.7782795698924732,31,31,31,0.9,baseline-v2-20260723,cd270e7871bd358937d83d9a49829637fa80007d2964084ef229f578e3733bd3,ba75425861a059dafcc477474fc3e4ed1eafdc2b47d6fdd0557337035d29a960,a0df39ce29282beca2e250e1bb2345ff2c9210359ea28529ec8694d3158144d1,3539593,1693246944000000000,300
SS/orders_loss/2,SS,orders,loss,2,300,300,incident,0.1,6,0.1,baro,6,0.16666666666666666,0.0,0.22727272727272727,0,0,0,23,355.99870001897216,rabbitmq|payment|session-db|catalogue-db|shipping,rabbitmq_container-memory-usage-bytes,0.839516129032258,31,31,0.8996774193548387,0.7793548387096774,31,31,31,0.9,baseline-v2-20260723,cd270e7871bd358937d83d9a49829637fa80007d2964084ef229f578e3733bd3,ba75425861a059dafcc477474fc3e4ed1eafdc2b47d6fdd0557337035d29a960,a0df39ce29282beca2e250e1bb2345ff2c9210359ea28529ec8694d3158144d1,3539593,1693246944000000000,300
SS/orders_loss/2,SS,orders,loss,2,300,300,incident,0.1,6,0.1,median_shift,4,0.25,0.4,0.13636363636363635,0,0,1,23,127.65159999253228,shipping|user|payment|orders|front-end,shipping_container-memory-rss,0.839516129032258,31,31,0.8996774193548387,0.7793548387096774,31,31,31,0.9,baseline-v2-20260723,cd270e7871bd358937d83d9a49829637fa80007d2964084ef229f578e3733bd3,ba75425861a059dafcc477474fc3e4ed1eafdc2b47d6fdd0557337035d29a960,a0df39ce29282beca2e250e1bb2345ff2c9210359ea28529ec8694d3158144d1,3539593,1693246944000000000,300
SS/orders_loss/2,SS,orders,loss,2,300,300,incident,0.1,6,0.1,nsigma,2,0.5,0.8,0.045454545454545456,0,1,1,23,302.5637000100687,payment|orders|shipping|front-end|user,payment_istio-latency-99,0.839516129032258,31,31,0.8996774193548387,0.7793548387096774,31,31,31,0.9,baseline-v2-20260723,cd270e7871bd358937d83d9a49829637fa80007d2964084ef229f578e3733bd3,ba75425861a059dafcc477474fc3e4ed1eafdc2b47d6fdd0557337035d29a960,a0df39ce29282beca2e250e1bb2345ff2c9210359ea28529ec8694d3158144d1,3539593,1693246944000000000,300
SS/orders_loss/2,SS,orders,loss,2,300,300,incident,0.1,7,0.1,baro,6,0.16666666666666666,0.0,0.22727272727272727,0,0,0,23,361.9796999846585,rabbitmq|payment|session-db|catalogue-db|shipping,rabbitmq_container-memory-usage-bytes,0.8418817204301076,31,31,0.9031182795698924,0.7806451612903226,31,31,31,0.9,baseline-v2-20260723,cd270e7871bd358937d83d9a49829637fa80007d2964084ef229f578e3733bd3,ba75425861a059dafcc477474fc3e4ed1eafdc2b47d6fdd0557337035d29a960,a0df39ce29282beca2e250e1bb2345ff2c9210359ea28529ec8694d3158144d1,3539593,1693246944000000000,300
SS/orders_loss/2,SS,orders,loss,2,300,300,incident,0.1,7,0.1,median_shift,5,0.2,0.2,0.18181818181818182,0,0,1,23,124.66139998286963,session-db|shipping|user|payment|orders,session-db_container-memory-rss,0.8418817204301076,31,31,0.9031182795698924,0.7806451612903226,31,31,31,0.9,baseline-v2-20260723,cd270e7871bd358937d83d9a49829637fa80007d2964084ef229f578e3733bd3,ba75425861a059dafcc477474fc3e4ed1eafdc2b47d6fdd0557337035d29a960,a0df39ce29282beca2e250e1bb2345ff2c9210359ea28529ec8694d3158144d1,3539593,1693246944000000000,300
SS/orders_loss/2,SS,orders,loss,2,300,300,incident,0.1,7,0.1,nsigma,2,0.5,0.8,0.045454545454545456,0,1,1,23,380.23760000942275,payment|orders|shipping|front-end|user,payment_istio-latency-99,0.8418817204301076,31,31,0.9031182795698924,0.7806451612903226,31,31,31,0.9,baseline-v2-20260723,cd270e7871bd358937d83d9a49829637fa80007d2964084ef229f578e3733bd3,ba75425861a059dafcc477474fc3e4ed1eafdc2b47d6fdd0557337035d29a960,a0df39ce29282beca2e250e1bb2345ff2c9210359ea28529ec8694d3158144d1,3539593,1693246944000000000,300
SS/orders_loss/2,SS,orders,loss,2,300,300,incident,0.1,8,0.1,baro,6,0.16666666666666666,0.0,0.22727272727272727,0,0,0,23,391.68230001814663,rabbitmq|payment|session-db|catalogue-db|shipping,rabbitmq_container-memory-usage-bytes,0.8386021505376344,31,31,0.9,0.7772043010752688,31,31,31,0.9,baseline-v2-20260723,cd270e7871bd358937d83d9a49829637fa80007d2964084ef229f578e3733bd3,ba75425861a059dafcc477474fc3e4ed1eafdc2b47d6fdd0557337035d29a960,a0df39ce29282beca2e250e1bb2345ff2c9210359ea28529ec8694d3158144d1,3539593,1693246944000000000,300
SS/orders_loss/2,SS,orders,loss,2,300,300,incident,0.1,8,0.1,median_shift,4,0.25,0.4,0.13636363636363635,0,0,1,23,109.16030005319044,user|payment|shipping|orders|front-end,user_container-memory-rss,0.8386021505376344,31,31,0.9,0.7772043010752688,31,31,31,0.9,baseline-v2-20260723,cd270e7871bd358937d83d9a49829637fa80007d2964084ef229f578e3733bd3,ba75425861a059dafcc477474fc3e4ed1eafdc2b47d6fdd0557337035d29a960,a0df39ce29282beca2e250e1bb2345ff2c9210359ea28529ec8694d3158144d1,3539593,1693246944000000000,300
SS/orders_loss/2,SS,orders,loss,2,300,300,incident,0.1,8,0.1,nsigma,2,0.5,0.8,0.045454545454545456,0,1,1,23,341.26680000917986,payment|orders|shipping|front-end|user,payment_istio-latency-99,0.8386021505376344,31,31,0.9,0.7772043010752688,31,31,31,0.9,baseline-v2-20260723,cd270e7871bd358937d83d9a49829637fa80007d2964084ef229f578e3733bd3,ba75425861a059dafcc477474fc3e4ed1eafdc2b47d6fdd0557337035d29a960,a0df39ce29282beca2e250e1bb2345ff2c9210359ea28529ec8694d3158144d1,3539593,1693246944000000000,300
SS/orders_loss/2,SS,orders,loss,2,300,300,incident,0.1,9,0.1,baro,6,0.16666666666666666,0.0,0.22727272727272727,0,0,0,23,382.9225999652408,rabbitmq|payment|session-db|catalogue-db|shipping,rabbitmq_container-memory-usage-bytes,0.8414516129032258,31,31,0.9046236559139785,0.7782795698924732,31,31,31,0.9,baseline-v2-20260723,cd270e7871bd358937d83d9a49829637fa80007d2964084ef229f578e3733bd3,ba75425861a059dafcc477474fc3e4ed1eafdc2b47d6fdd0557337035d29a960,a0df39ce29282beca2e250e1bb2345ff2c9210359ea28529ec8694d3158144d1,3539593,1693246944000000000,300
SS/orders_loss/2,SS,orders,loss,2,300,300,incident,0.1,9,0.1,median_shift,5,0.2,0.2,0.18181818181818182,0,0,1,23,94.20290001435205,session-db|user|payment|shipping|orders,session-db_container-memory-rss,0.8414516129032258,31,31,0.9046236559139785,0.7782795698924732,31,31,31,0.9,baseline-v2-20260723,cd270e7871bd358937d83d9a49829637fa80007d2964084ef229f578e3733bd3,ba75425861a059dafcc477474fc3e4ed1eafdc2b47d6fdd0557337035d29a960,a0df39ce29282beca2e250e1bb2345ff2c9210359ea28529ec8694d3158144d1,3539593,1693246944000000000,300
SS/orders_loss/2,SS,orders,loss,2,300,300,incident,0.1,9,0.1,nsigma,2,0.5,0.8,0.045454545454545456,0,1,1,23,327.65829999698326,payment|orders|shipping|front-end|user,payment_istio-latency-99,0.8414516129032258,31,31,0.9046236559139785,0.7782795698924732,31,31,31,0.9,baseline-v2-20260723,cd270e7871bd358937d83d9a49829637fa80007d2964084ef229f578e3733bd3,ba75425861a059dafcc477474fc3e4ed1eafdc2b47d6fdd0557337035d29a960,a0df39ce29282beca2e250e1bb2345ff2c9210359ea28529ec8694d3158144d1,3539593,1693246944000000000,300
SS/orders_loss/2,SS,orders,loss,2,300,300,incident,0.3,0,0.3,baro,7,0.14285714285714285,0.0,0.2727272727272727,0,0,0,23,394.4375999853946,session-db|catalogue|front-end|carts|user,session-db_container-cpu-system-seconds-total,0.6411290322580645,31,31,0.692258064516129,0.59,31,31,31,0.7,baseline-v2-20260723,cd270e7871bd358937d83d9a49829637fa80007d2964084ef229f578e3733bd3,ba75425861a059dafcc477474fc3e4ed1eafdc2b47d6fdd0557337035d29a960,a0df39ce29282beca2e250e1bb2345ff2c9210359ea28529ec8694d3158144d1,3539593,1693246944000000000,300
SS/orders_loss/2,SS,orders,loss,2,300,300,incident,0.3,0,0.3,median_shift,19,0.05263157894736842,0.0,0.8181818181818182,0,0,0,23,118.92470001475886,user|orders-db|user-db|carts-db|front-end,user_container-memory-max-usage-bytes,0.6411290322580645,31,31,0.692258064516129,0.59,31,31,31,0.7,baseline-v2-20260723,cd270e7871bd358937d83d9a49829637fa80007d2964084ef229f578e3733bd3,ba75425861a059dafcc477474fc3e4ed1eafdc2b47d6fdd0557337035d29a960,a0df39ce29282beca2e250e1bb2345ff2c9210359ea28529ec8694d3158144d1,3539593,1693246944000000000,300
SS/orders_loss/2,SS,orders,loss,2,300,300,incident,0.3,0,0.3,nsigma,15,0.06666666666666667,0.0,0.6363636363636364,0,0,0,23,383.74199997633696,catalogue|carts-db|user-db|session-db|carts,catalogue_container-memory-failures-total,0.6411290322580645,31,31,0.692258064516129,0.59,31,31,31,0.7,baseline-v2-20260723,cd270e7871bd358937d83d9a49829637fa80007d2964084ef229f578e3733bd3,ba75425861a059dafcc477474fc3e4ed1eafdc2b47d6fdd0557337035d29a960,a0df39ce29282beca2e250e1bb2345ff2c9210359ea28529ec8694d3158144d1,3539593,1693246944000000000,300
SS/orders_loss/2,SS,orders,loss,2,300,300,incident,0.3,1,0.3,baro,5,0.2,0.2,0.18181818181818182,0,0,1,23,361.9936999748461,catalogue|session-db|user|front-end|orders,catalogue_istio-bytes-95,0.6427956989247312,31,31,0.6925806451612904,0.593010752688172,31,31,31,0.7,baseline-v2-20260723,cd270e7871bd358937d83d9a49829637fa80007d2964084ef229f578e3733bd3,ba75425861a059dafcc477474fc3e4ed1eafdc2b47d6fdd0557337035d29a960,a0df39ce29282beca2e250e1bb2345ff2c9210359ea28529ec8694d3158144d1,3539593,1693246944000000000,300
SS/orders_loss/2,SS,orders,loss,2,300,300,incident,0.3,1,0.3,median_shift,19,0.05263157894736842,0.0,0.8181818181818182,0,0,0,23,93.51119998609647,payment|orders-db|carts-db|user-db|front-end,payment_container-memory-working-set-bytes,0.6427956989247312,31,31,0.6925806451612904,0.593010752688172,31,31,31,0.7,baseline-v2-20260723,cd270e7871bd358937d83d9a49829637fa80007d2964084ef229f578e3733bd3,ba75425861a059dafcc477474fc3e4ed1eafdc2b47d6fdd0557337035d29a960,a0df39ce29282beca2e250e1bb2345ff2c9210359ea28529ec8694d3158144d1,3539593,1693246944000000000,300
SS/orders_loss/2,SS,orders,loss,2,300,300,incident,0.3,1,0.3,nsigma,7,0.14285714285714285,0.0,0.2727272727272727,0,0,0,23,292.3297999659553,carts-db|user-db|session-db|orders-db|carts,carts-db_container-memory-max-usage-bytes,0.6427956989247312,31,31,0.6925806451612904,0.593010752688172,31,31,31,0.7,baseline-v2-20260723,cd270e7871bd358937d83d9a49829637fa80007d2964084ef229f578e3733bd3,ba75425861a059dafcc477474fc3e4ed1eafdc2b47d6fdd0557337035d29a960,a0df39ce29282beca2e250e1bb2345ff2c9210359ea28529ec8694d3158144d1,3539593,1693246944000000000,300
SS/orders_loss/2,SS,orders,loss,2,300,300,incident,0.3,2,0.3,baro,8,0.125,0.0,0.3181818181818182,0,0,0,23,352.2977000102401,catalogue|session-db|front-end|user-db|carts,catalogue_istio-bytes-90,0.645752688172043,31,31,0.7040860215053764,0.5874193548387097,31,31,31,0.7,baseline-v2-20260723,cd270e7871bd358937d83d9a49829637fa80007d2964084ef229f578e3733bd3,ba75425861a059dafcc477474fc3e4ed1eafdc2b47d6fdd0557337035d29a960,a0df39ce29282beca2e250e1bb2345ff2c9210359ea28529ec8694d3158144d1,3539593,1693246944000000000,300
SS/orders_loss/2,SS,orders,loss,2,300,300,incident,0.3,2,0.3,median_shift,19,0.05263157894736842,0.0,0.8181818181818182,0,0,0,23,108.74259995762259,user|carts-db|user-db|orders-db|192-168-90-135-9100,user_container-memory-max-usage-bytes,0.645752688172043,31,31,0.7040860215053764,0.5874193548387097,31,31,31,0.7,baseline-v2-20260723,cd270e7871bd358937d83d9a49829637fa80007d2964084ef229f578e3733bd3,ba75425861a059dafcc477474fc3e4ed1eafdc2b47d6fdd0557337035d29a960,a0df39ce29282beca2e250e1bb2345ff2c9210359ea28529ec8694d3158144d1,3539593,1693246944000000000,300
SS/orders_loss/2,SS,orders,loss,2,300,300,incident,0.3,2,0.3,nsigma,13,0.07692307692307693,0.0,0.5454545454545454,0,0,0,23,254.7779000014998,catalogue|carts-db|user-db|orders-db|session-db,catalogue_container-memory-failures-total,0.645752688172043,31,31,0.7040860215053764,0.5874193548387097,31,31,31,0.7,baseline-v2-20260723,cd270e7871bd358937d83d9a49829637fa80007d2964084ef229f578e3733bd3,ba75425861a059dafcc477474fc3e4ed1eafdc2b47d6fdd0557337035d29a960,a0df39ce29282beca2e250e1bb2345ff2c9210359ea28529ec8694d3158144d1,3539593,1693246944000000000,300
SS/orders_loss/2,SS,orders,loss,2,300,300,incident,0.3,3,0.3,baro,7,0.14285714285714285,0.0,0.2727272727272727,0,0,0,23,371.38829997275025,catalogue|session-db|front-end|user|192-168-90-135-9100,catalogue_istio-bytes-95,0.6502150537634409,31,31,0.7101075268817204,0.5903225806451613,31,31,31,0.7,baseline-v2-20260723,cd270e7871bd358937d83d9a49829637fa80007d2964084ef229f578e3733bd3,ba75425861a059dafcc477474fc3e4ed1eafdc2b47d6fdd0557337035d29a960,a0df39ce29282beca2e250e1bb2345ff2c9210359ea28529ec8694d3158144d1,3539593,1693246944000000000,300
SS/orders_loss/2,SS,orders,loss,2,300,300,incident,0.3,3,0.3,median_shift,20,0.05,0.0,0.8636363636363636,0,0,0,23,104.66230002930388,carts|orders-db|carts-db|user-db|front-end,carts_istio-latency-50,0.6502150537634409,31,31,0.7101075268817204,0.5903225806451613,31,31,31,0.7,baseline-v2-20260723,cd270e7871bd358937d83d9a49829637fa80007d2964084ef229f578e3733bd3,ba75425861a059dafcc477474fc3e4ed1eafdc2b47d6fdd0557337035d29a960,a0df39ce29282beca2e250e1bb2345ff2c9210359ea28529ec8694d3158144d1,3539593,1693246944000000000,300
SS/orders_loss/2,SS,orders,loss,2,300,300,incident,0.3,3,0.3,nsigma,14,0.07142857142857142,0.0,0.5909090909090909,0,0,0,23,345.13430000515655,catalogue|carts-db|user-db|session-db|192-168-60-79-9100,catalogue_container-memory-failures-total,0.6502150537634409,31,31,0.7101075268817204,0.5903225806451613,31,31,31,0.7,baseline-v2-20260723,cd270e7871bd358937d83d9a49829637fa80007d2964084ef229f578e3733bd3,ba75425861a059dafcc477474fc3e4ed1eafdc2b47d6fdd0557337035d29a960,a0df39ce29282beca2e250e1bb2345ff2c9210359ea28529ec8694d3158144d1,3539593,1693246944000000000,300
SS/orders_loss/2,SS,orders,loss,2,300,300,incident,0.3,4,0.3,baro,6,0.16666666666666666,0.0,0.22727272727272727,0,0,0,23,383.7959000375122,catalogue|session-db|front-end|carts|user,catalogue_istio-bytes-90,0.6467204301075269,31,31,0.7008602150537634,0.5925806451612903,31,31,31,0.7,baseline-v2-20260723,cd270e7871bd358937d83d9a49829637fa80007d2964084ef229f578e3733bd3,ba75425861a059dafcc477474fc3e4ed1eafdc2b47d6fdd0557337035d29a960,a0df39ce29282beca2e250e1bb2345ff2c9210359ea28529ec8694d3158144d1,3539593,1693246944000000000,300
SS/orders_loss/2,SS,orders,loss,2,300,300,incident,0.3,4,0.3,median_shift,20,0.05,0.0,0.8636363636363636,0,0,0,23,126.66979996720329,orders-db|user-db|carts|192-168-22-131-9100|carts-db,orders-db_container-memory-cache,0.6467204301075269,31,31,0.7008602150537634,0.5925806451612903,31,31,31,0.7,baseline-v2-20260723,cd270e7871bd358937d83d9a49829637fa80007d2964084ef229f578e3733bd3,ba75425861a059dafcc477474fc3e4ed1eafdc2b47d6fdd0557337035d29a960,a0df39ce29282beca2e250e1bb2345ff2c9210359ea28529ec8694d3158144d1,3539593,1693246944000000000,300
SS/orders_loss/2,SS,orders,loss,2,300,300,incident,0.3,4,0.3,nsigma,15,0.06666666666666667,0.0,0.6363636363636364,0,0,0,23,290.18160002306104,carts-db|user-db|session-db|carts|front-end,carts-db_container-memory-rss,0.6467204301075269,31,31,0.7008602150537634,0.5925806451612903,31,31,31,0.7,baseline-v2-20260723,cd270e7871bd358937d83d9a49829637fa80007d2964084ef229f578e3733bd3,ba75425861a059dafcc477474fc3e4ed1eafdc2b47d6fdd0557337035d29a960,a0df39ce29282beca2e250e1bb2345ff2c9210359ea28529ec8694d3158144d1,3539593,1693246944000000000,300
SS/orders_loss/2,SS,orders,loss,2,300,300,incident,0.3,5,0.3,baro,3,0.3333333333333333,0.6,0.09090909090909091,0,1,1,23,346.7149999924004,catalogue|session-db|orders|front-end|192-168-22-131-9100,catalogue_istio-bytes-99,0.646236559139785,31,31,0.7011827956989247,0.5912903225806452,31,31,31,0.7,baseline-v2-20260723,cd270e7871bd358937d83d9a49829637fa80007d2964084ef229f578e3733bd3,ba75425861a059dafcc477474fc3e4ed1eafdc2b47d6fdd0557337035d29a960,a0df39ce29282beca2e250e1bb2345ff2c9210359ea28529ec8694d3158144d1,3539593,1693246944000000000,300
SS/orders_loss/2,SS,orders,loss,2,300,300,incident,0.3,5,0.3,median_shift,20,0.05,0.0,0.8636363636363636,0,0,0,23,128.23100003879517,user-db|orders-db|carts-db|catalogue|user,user-db_container-memory-cache,0.646236559139785,31,31,0.7011827956989247,0.5912903225806452,31,31,31,0.7,baseline-v2-20260723,cd270e7871bd358937d83d9a49829637fa80007d2964084ef229f578e3733bd3,ba75425861a059dafcc477474fc3e4ed1eafdc2b47d6fdd0557337035d29a960,a0df39ce29282beca2e250e1bb2345ff2c9210359ea28529ec8694d3158144d1,3539593,1693246944000000000,300
SS/orders_loss/2,SS,orders,loss,2,300,300,incident,0.3,5,0.3,nsigma,10,0.1,0.0,0.4090909090909091,0,0,0,23,373.1726999976672,catalogue|carts-db|user-db|session-db|orders-db,catalogue_container-memory-failures-total,0.646236559139785,31,31,0.7011827956989247,0.5912903225806452,31,31,31,0.7,baseline-v2-20260723,cd270e7871bd358937d83d9a49829637fa80007d2964084ef229f578e3733bd3,ba75425861a059dafcc477474fc3e4ed1eafdc2b47d6fdd0557337035d29a960,a0df39ce29282beca2e250e1bb2345ff2c9210359ea28529ec8694d3158144d1,3539593,1693246944000000000,300
SS/orders_loss/2,SS,orders,loss,2,300,300,incident,0.3,6,0.3,baro,7,0.14285714285714285,0.0,0.2727272727272727,0,0,0,23,357.5128000229597,catalogue|session-db|orders-db|front-end|user,catalogue_istio-bytes-99,0.6469892473118279,31,31,0.7060215053763441,0.5879569892473119,31,31,31,0.7,baseline-v2-20260723,cd270e7871bd358937d83d9a49829637fa80007d2964084ef229f578e3733bd3,ba75425861a059dafcc477474fc3e4ed1eafdc2b47d6fdd0557337035d29a960,a0df39ce29282beca2e250e1bb2345ff2c9210359ea28529ec8694d3158144d1,3539593,1693246944000000000,300
SS/orders_loss/2,SS,orders,loss,2,300,300,incident,0.3,6,0.3,median_shift,19,0.05263157894736842,0.0,0.8181818181818182,0,0,0,23,107.35480004223064,user|user-db|carts|carts-db|orders-db,user_container-memory-max-usage-bytes,0.6469892473118279,31,31,0.7060215053763441,0.5879569892473119,31,31,31,0.7,baseline-v2-20260723,cd270e7871bd358937d83d9a49829637fa80007d2964084ef229f578e3733bd3,ba75425861a059dafcc477474fc3e4ed1eafdc2b47d6fdd0557337035d29a960,a0df39ce29282beca2e250e1bb2345ff2c9210359ea28529ec8694d3158144d1,3539593,1693246944000000000,300
SS/orders_loss/2,SS,orders,loss,2,300,300,incident,0.3,6,0.3,nsigma,13,0.07692307692307693,0.0,0.5454545454545454,0,0,0,23,287.61699999449775,catalogue|carts-db|user-db|session-db|shipping,catalogue_container-memory-failures-total,0.6469892473118279,31,31,0.7060215053763441,0.5879569892473119,31,31,31,0.7,baseline-v2-20260723,cd270e7871bd358937d83d9a49829637fa80007d2964084ef229f578e3733bd3,ba75425861a059dafcc477474fc3e4ed1eafdc2b47d6fdd0557337035d29a960,a0df39ce29282beca2e250e1bb2345ff2c9210359ea28529ec8694d3158144d1,3539593,1693246944000000000,300
SS/orders_loss/2,SS,orders,loss,2,300,300,incident,0.3,7,0.3,baro,9,0.1111111111111111,0.0,0.36363636363636365,0,0,0,23,346.92129999166355,catalogue|session-db|orders-db|front-end|user,catalogue_istio-bytes-95,0.6444623655913978,31,31,0.6988172043010753,0.5901075268817204,31,31,31,0.7,baseline-v2-20260723,cd270e7871bd358937d83d9a49829637fa80007d2964084ef229f578e3733bd3,ba75425861a059dafcc477474fc3e4ed1eafdc2b47d6fdd0557337035d29a960,a0df39ce29282beca2e250e1bb2345ff2c9210359ea28529ec8694d3158144d1,3539593,1693246944000000000,300
SS/orders_loss/2,SS,orders,loss,2,300,300,incident,0.3,7,0.3,median_shift,21,0.047619047619047616,0.0,0.9090909090909091,0,0,0,23,132.18390004476532,user|carts-db|192-168-22-131-9100|orders-db|user-db,user_container-memory-max-usage-bytes,0.6444623655913978,31,31,0.6988172043010753,0.5901075268817204,31,31,31,0.7,baseline-v2-20260723,cd270e7871bd358937d83d9a49829637fa80007d2964084ef229f578e3733bd3,ba75425861a059dafcc477474fc3e4ed1eafdc2b47d6fdd0557337035d29a960,a0df39ce29282beca2e250e1bb2345ff2c9210359ea28529ec8694d3158144d1,3539593,1693246944000000000,300
SS/orders_loss/2,SS,orders,loss,2,300,300,incident,0.3,7,0.3,nsigma,11,0.09090909090909091,0.0,0.45454545454545453,0,0,0,23,262.62759999372065,catalogue|carts-db|user-db|session-db|192-168-60-79-9100,catalogue_container-memory-failures-total,0.6444623655913978,31,31,0.6988172043010753,0.5901075268817204,31,31,31,0.7,baseline-v2-20260723,cd270e7871bd358937d83d9a49829637fa80007d2964084ef229f578e3733bd3,ba75425861a059dafcc477474fc3e4ed1eafdc2b47d6fdd0557337035d29a960,a0df39ce29282beca2e250e1bb2345ff2c9210359ea28529ec8694d3158144d1,3539593,1693246944000000000,300
SS/orders_loss/2,SS,orders,loss,2,300,300,incident,0.3,8,0.3,baro,6,0.16666666666666666,0.0,0.22727272727272727,0,0,0,23,368.3990000281483,catalogue|session-db|front-end|192-168-90-135-9100|carts,catalogue_istio-bytes-99,0.6464516129032258,31,31,0.7040860215053764,0.5888172043010753,31,31,31,0.7,baseline-v2-20260723,cd270e7871bd358937d83d9a49829637fa80007d2964084ef229f578e3733bd3,ba75425861a059dafcc477474fc3e4ed1eafdc2b47d6fdd0557337035d29a960,a0df39ce29282beca2e250e1bb2345ff2c9210359ea28529ec8694d3158144d1,3539593,1693246944000000000,300
SS/orders_loss/2,SS,orders,loss,2,300,300,incident,0.3,8,0.3,median_shift,21,0.047619047619047616,0.0,0.9090909090909091,0,0,0,23,111.46499996539205,payment|carts|carts-db|user-db|front-end,payment_container-memory-working-set-bytes,0.6464516129032258,31,31,0.7040860215053764,0.5888172043010753,31,31,31,0.7,baseline-v2-20260723,cd270e7871bd358937d83d9a49829637fa80007d2964084ef229f578e3733bd3,ba75425861a059dafcc477474fc3e4ed1eafdc2b47d6fdd0557337035d29a960,a0df39ce29282beca2e250e1bb2345ff2c9210359ea28529ec8694d3158144d1,3539593,1693246944000000000,300
SS/orders_loss/2,SS,orders,loss,2,300,300,incident,0.3,8,0.3,nsigma,10,0.1,0.0,0.4090909090909091,0,0,0,23,286.19630000321195,catalogue|carts-db|user-db|192-168-90-135-9100|shipping,catalogue_container-memory-failures-total,0.6464516129032258,31,31,0.7040860215053764,0.5888172043010753,31,31,31,0.7,baseline-v2-20260723,cd270e7871bd358937d83d9a49829637fa80007d2964084ef229f578e3733bd3,ba75425861a059dafcc477474fc3e4ed1eafdc2b47d6fdd0557337035d29a960,a0df39ce29282beca2e250e1bb2345ff2c9210359ea28529ec8694d3158144d1,3539593,1693246944000000000,300
SS/orders_loss/2,SS,orders,loss,2,300,300,incident,0.3,9,0.3,baro,7,0.14285714285714285,0.0,0.2727272727272727,0,0,0,23,378.4579000202939,catalogue|session-db|front-end|user|carts,catalogue_istio-bytes-99,0.6441935483870967,31,31,0.7011827956989247,0.5872043010752688,31,31,31,0.7,baseline-v2-20260723,cd270e7871bd358937d83d9a49829637fa80007d2964084ef229f578e3733bd3,ba75425861a059dafcc477474fc3e4ed1eafdc2b47d6fdd0557337035d29a960,a0df39ce29282beca2e250e1bb2345ff2c9210359ea28529ec8694d3158144d1,3539593,1693246944000000000,300
SS/orders_loss/2,SS,orders,loss,2,300,300,incident,0.3,9,0.3,median_shift,19,0.05263157894736842,0.0,0.8181818181818182,0,0,0,23,98.67849998408929,user-db|orders-db|carts-db|front-end|catalogue,user-db_container-memory-usage-bytes,0.6441935483870967,31,31,0.7011827956989247,0.5872043010752688,31,31,31,0.7,baseline-v2-20260723,cd270e7871bd358937d83d9a49829637fa80007d2964084ef229f578e3733bd3,ba75425861a059dafcc477474fc3e4ed1eafdc2b47d6fdd0557337035d29a960,a0df39ce29282beca2e250e1bb2345ff2c9210359ea28529ec8694d3158144d1,3539593,1693246944000000000,300
SS/orders_loss/2,SS,orders,loss,2,300,300,incident,0.3,9,0.3,nsigma,12,0.08333333333333333,0.0,0.5,0,0,0,23,286.90810000989586,catalogue|carts-db|user-db|session-db|192-168-60-79-9100,catalogue_container-memory-failures-total,0.6441935483870967,31,31,0.7011827956989247,0.5872043010752688,31,31,31,0.7,baseline-v2-20260723,cd270e7871bd358937d83d9a49829637fa80007d2964084ef229f578e3733bd3,ba75425861a059dafcc477474fc3e4ed1eafdc2b47d6fdd0557337035d29a960,a0df39ce29282beca2e250e1bb2345ff2c9210359ea28529ec8694d3158144d1,3539593,1693246944000000000,300
SS/orders_loss/2,SS,orders,loss,2,300,300,incident,0.5,0,0.5,baro,14,0.07142857142857142,0.0,0.5909090909090909,0,0,0,23,323.54919996578246,catalogue|session-db|front-end|user-db|rabbitmq,catalogue_istio-bytes-99,0.464247311827957,31,31,0.5038709677419355,0.4246236559139785,31,31,30,0.5,baseline-v2-20260723,cd270e7871bd358937d83d9a49829637fa80007d2964084ef229f578e3733bd3,ba75425861a059dafcc477474fc3e4ed1eafdc2b47d6fdd0557337035d29a960,a0df39ce29282beca2e250e1bb2345ff2c9210359ea28529ec8694d3158144d1,3539593,1693246944000000000,300
SS/orders_loss/2,SS,orders,loss,2,300,300,incident,0.5,0,0.5,median_shift,11,0.09090909090909091,0.0,0.45454545454545453,0,0,0,23,90.26610001455992,rabbitmq|catalogue|orders-db|carts|user-db,rabbitmq_container-memory-rss,0.464247311827957,31,31,0.5038709677419355,0.4246236559139785,31,31,30,0.5,baseline-v2-20260723,cd270e7871bd358937d83d9a49829637fa80007d2964084ef229f578e3733bd3,ba75425861a059dafcc477474fc3e4ed1eafdc2b47d6fdd0557337035d29a960,a0df39ce29282beca2e250e1bb2345ff2c9210359ea28529ec8694d3158144d1,3539593,1693246944000000000,300
SS/orders_loss/2,SS,orders,loss,2,300,300,incident,0.5,0,0.5,nsigma,17,0.058823529411764705,0.0,0.7272727272727273,0,0,0,23,253.6708999541588,session-db|catalogue|user-db|user|shipping,session-db_container-cpu-system-seconds-total,0.464247311827957,31,31,0.5038709677419355,0.4246236559139785,31,31,30,0.5,baseline-v2-20260723,cd270e7871bd358937d83d9a49829637fa80007d2964084ef229f578e3733bd3,ba75425861a059dafcc477474fc3e4ed1eafdc2b47d6fdd0557337035d29a960,a0df39ce29282beca2e250e1bb2345ff2c9210359ea28529ec8694d3158144d1,3539593,1693246944000000000,300
SS/orders_loss/2,SS,orders,loss,2,300,300,incident,0.5,1,0.5,baro,16,0.0625,0.0,0.6818181818181818,0,0,0,23,313.43769998056814,catalogue|front-end|session-db|user|rabbitmq,catalogue_istio-bytes-99,0.46413978494623653,31,31,0.5031182795698925,0.42516129032258065,31,31,31,0.5,baseline-v2-20260723,cd270e7871bd358937d83d9a49829637fa80007d2964084ef229f578e3733bd3,ba75425861a059dafcc477474fc3e4ed1eafdc2b47d6fdd0557337035d29a960,a0df39ce29282beca2e250e1bb2345ff2c9210359ea28529ec8694d3158144d1,3539593,1693246944000000000,300
SS/orders_loss/2,SS,orders,loss,2,300,300,incident,0.5,1,0.5,median_shift,16,0.0625,0.0,0.6818181818181818,0,0,0,23,89.18950002407655,user-db|orders-db|rabbitmq|catalogue|carts-db,user-db_container-memory-working-set-bytes,0.46413978494623653,31,31,0.5031182795698925,0.42516129032258065,31,31,31,0.5,baseline-v2-20260723,cd270e7871bd358937d83d9a49829637fa80007d2964084ef229f578e3733bd3,ba75425861a059dafcc477474fc3e4ed1eafdc2b47d6fdd0557337035d29a960,a0df39ce29282beca2e250e1bb2345ff2c9210359ea28529ec8694d3158144d1,3539593,1693246944000000000,300
SS/orders_loss/2,SS,orders,loss,2,300,300,incident,0.5,1,0.5,nsigma,14,0.07142857142857142,0.0,0.5909090909090909,0,0,0,23,300.4705000203103,catalogue|session-db|user-db|user|192-168-90-135-9100,catalogue_container-memory-failures-total,0.46413978494623653,31,31,0.5031182795698925,0.42516129032258065,31,31,31,0.5,baseline-v2-20260723,cd270e7871bd358937d83d9a49829637fa80007d2964084ef229f578e3733bd3,ba75425861a059dafcc477474fc3e4ed1eafdc2b47d6fdd0557337035d29a960,a0df39ce29282beca2e250e1bb2345ff2c9210359ea28529ec8694d3158144d1,3539593,1693246944000000000,300
SS/orders_loss/2,SS,orders,loss,2,300,300,incident,0.5,2,0.5,baro,5,0.2,0.2,0.18181818181818182,0,0,1,23,454.52720002504066,catalogue|session-db|front-end|user|orders,catalogue_istio-bytes-99,0.46,31,31,0.4993548387096774,0.4206451612903226,31,31,30,0.5,baseline-v2-20260723,cd270e7871bd358937d83d9a49829637fa80007d2964084ef229f578e3733bd3,ba75425861a059dafcc477474fc3e4ed1eafdc2b47d6fdd0557337035d29a960,a0df39ce29282beca2e250e1bb2345ff2c9210359ea28529ec8694d3158144d1,3539593,1693246944000000000,300
SS/orders_loss/2,SS,orders,loss,2,300,300,incident,0.5,2,0.5,median_shift,15,0.06666666666666667,0.0,0.6363636363636364,0,0,0,23,103.72419998748228,rabbitmq|catalogue|orders-db|user-db|queue-master,rabbitmq_container-memory-rss,0.46,31,31,0.4993548387096774,0.4206451612903226,31,31,30,0.5,baseline-v2-20260723,cd270e7871bd358937d83d9a49829637fa80007d2964084ef229f578e3733bd3,ba75425861a059dafcc477474fc3e4ed1eafdc2b47d6fdd0557337035d29a960,a0df39ce29282beca2e250e1bb2345ff2c9210359ea28529ec8694d3158144d1,3539593,1693246944000000000,300
SS/orders_loss/2,SS,orders,loss,2,300,300,incident,0.5,2,0.5,nsigma,5,0.2,0.2,0.18181818181818182,0,0,1,23,279.1571000125259,catalogue|session-db|user|user-db|orders,catalogue_container-memory-failures-total,0.46,31,31,0.4993548387096774,0.4206451612903226,31,31,30,0.5,baseline-v2-20260723,cd270e7871bd358937d83d9a49829637fa80007d2964084ef229f578e3733bd3,ba75425861a059dafcc477474fc3e4ed1eafdc2b47d6fdd0557337035d29a960,a0df39ce29282beca2e250e1bb2345ff2c9210359ea28529ec8694d3158144d1,3539593,1693246944000000000,300
SS/orders_loss/2,SS,orders,loss,2,300,300,incident,0.5,3,0.5,baro,12,0.08333333333333333,0.0,0.5,0,0,0,23,331.3499999931082,session-db|catalogue|front-end|user-db|user,session-db_container-cpu-system-seconds-total,0.45908602150537636,31,31,0.4936559139784946,0.42451612903225805,31,31,31,0.5,baseline-v2-20260723,cd270e7871bd358937d83d9a49829637fa80007d2964084ef229f578e3733bd3,ba75425861a059dafcc477474fc3e4ed1eafdc2b47d6fdd0557337035d29a960,a0df39ce29282beca2e250e1bb2345ff2c9210359ea28529ec8694d3158144d1,3539593,1693246944000000000,300
SS/orders_loss/2,SS,orders,loss,2,300,300,incident,0.5,3,0.5,median_shift,16,0.0625,0.0,0.6818181818181818,0,0,0,23,88.94819999113679,user-db|catalogue|carts-db|shipping|queue-master,user-db_container-memory-usage-bytes,0.45908602150537636,31,31,0.4936559139784946,0.42451612903225805,31,31,31,0.5,baseline-v2-20260723,cd270e7871bd358937d83d9a49829637fa80007d2964084ef229f578e3733bd3,ba75425861a059dafcc477474fc3e4ed1eafdc2b47d6fdd0557337035d29a960,a0df39ce29282beca2e250e1bb2345ff2c9210359ea28529ec8694d3158144d1,3539593,1693246944000000000,300
SS/orders_loss/2,SS,orders,loss,2,300,300,incident,0.5,3,0.5,nsigma,17,0.058823529411764705,0.0,0.7272727272727273,0,0,0,23,265.47260000370443,catalogue|session-db|carts-db|user|user-db,catalogue_container-memory-failures-total,0.45908602150537636,31,31,0.4936559139784946,0.42451612903225805,31,31,31,0.5,baseline-v2-20260723,cd270e7871bd358937d83d9a49829637fa80007d2964084ef229f578e3733bd3,ba75425861a059dafcc477474fc3e4ed1eafdc2b47d6fdd0557337035d29a960,a0df39ce29282beca2e250e1bb2345ff2c9210359ea28529ec8694d3158144d1,3539593,1693246944000000000,300
SS/orders_loss/2,SS,orders,loss,2,300,300,incident,0.5,4,0.5,baro,13,0.07692307692307693,0.0,0.5454545454545454,0,0,0,23,302.6331000146456,catalogue|session-db|front-end|user|user-db,catalogue_istio-bytes-90,0.4597311827956989,31,31,0.49838709677419357,0.4210752688172043,31,31,30,0.5,baseline-v2-20260723,cd270e7871bd358937d83d9a49829637fa80007d2964084ef229f578e3733bd3,ba75425861a059dafcc477474fc3e4ed1eafdc2b47d6fdd0557337035d29a960,a0df39ce29282beca2e250e1bb2345ff2c9210359ea28529ec8694d3158144d1,3539593,1693246944000000000,300
SS/orders_loss/2,SS,orders,loss,2,300,300,incident,0.5,4,0.5,median_shift,14,0.07142857142857142,0.0,0.5909090909090909,0,0,0,23,111.54990002978593,orders-db|catalogue|user-db|carts-db|shipping,orders-db_container-memory-working-set-bytes,0.4597311827956989,31,31,0.49838709677419357,0.4210752688172043,31,31,30,0.5,baseline-v2-20260723,cd270e7871bd358937d83d9a49829637fa80007d2964084ef229f578e3733bd3,ba75425861a059dafcc477474fc3e4ed1eafdc2b47d6fdd0557337035d29a960,a0df39ce29282beca2e250e1bb2345ff2c9210359ea28529ec8694d3158144d1,3539593,1693246944000000000,300
SS/orders_loss/2,SS,orders,loss,2,300,300,incident,0.5,4,0.5,nsigma,18,0.05555555555555555,0.0,0.7727272727272727,0,0,0,23,318.8613999518566,catalogue|session-db|user|user-db|orders-db,catalogue_container-memory-failures-total,0.4597311827956989,31,31,0.49838709677419357,0.4210752688172043,31,31,30,0.5,baseline-v2-20260723,cd270e7871bd358937d83d9a49829637fa80007d2964084ef229f578e3733bd3,ba75425861a059dafcc477474fc3e4ed1eafdc2b47d6fdd0557337035d29a960,a0df39ce29282beca2e250e1bb2345ff2c9210359ea28529ec8694d3158144d1,3539593,1693246944000000000,300
SS/orders_loss/2,SS,orders,loss,2,300,300,incident,0.5,5,0.5,baro,4,0.25,0.4,0.13636363636363635,0,0,1,23,353.20650000358,catalogue|session-db|front-end|orders|user,catalogue_istio-bytes-99,0.4631720430107527,31,31,0.500752688172043,0.42559139784946237,31,31,30,0.5,baseline-v2-20260723,cd270e7871bd358937d83d9a49829637fa80007d2964084ef229f578e3733bd3,ba75425861a059dafcc477474fc3e4ed1eafdc2b47d6fdd0557337035d29a960,a0df39ce29282beca2e250e1bb2345ff2c9210359ea28529ec8694d3158144d1,3539593,1693246944000000000,300
SS/orders_loss/2,SS,orders,loss,2,300,300,incident,0.5,5,0.5,median_shift,16,0.0625,0.0,0.6818181818181818,0,0,0,23,93.23009999934584,user-db|carts-db|catalogue|orders-db|queue-master,user-db_container-memory-rss,0.4631720430107527,31,31,0.500752688172043,0.42559139784946237,31,31,30,0.5,baseline-v2-20260723,cd270e7871bd358937d83d9a49829637fa80007d2964084ef229f578e3733bd3,ba75425861a059dafcc477474fc3e4ed1eafdc2b47d6fdd0557337035d29a960,a0df39ce29282beca2e250e1bb2345ff2c9210359ea28529ec8694d3158144d1,3539593,1693246944000000000,300
SS/orders_loss/2,SS,orders,loss,2,300,300,incident,0.5,5,0.5,nsigma,4,0.25,0.4,0.13636363636363635,0,0,1,23,297.5361999706365,catalogue|session-db|user|orders|orders-db,catalogue_container-memory-failures-total,0.4631720430107527,31,31,0.500752688172043,0.42559139784946237,31,31,30,0.5,baseline-v2-20260723,cd270e7871bd358937d83d9a49829637fa80007d2964084ef229f578e3733bd3,ba75425861a059dafcc477474fc3e4ed1eafdc2b47d6fdd0557337035d29a960,a0df39ce29282beca2e250e1bb2345ff2c9210359ea28529ec8694d3158144d1,3539593,1693246944000000000,300
SS/orders_loss/2,SS,orders,loss,2,300,300,incident,0.5,6,0.5,baro,5,0.2,0.2,0.18181818181818182,0,0,1,23,362.3564000008628,catalogue|session-db|front-end|user|orders,catalogue_istio-bytes-99,0.463494623655914,31,31,0.49989247311827956,0.4270967741935484,31,31,30,0.5,baseline-v2-20260723,cd270e7871bd358937d83d9a49829637fa80007d2964084ef229f578e3733bd3,ba75425861a059dafcc477474fc3e4ed1eafdc2b47d6fdd0557337035d29a960,a0df39ce29282beca2e250e1bb2345ff2c9210359ea28529ec8694d3158144d1,3539593,1693246944000000000,300
SS/orders_loss/2,SS,orders,loss,2,300,300,incident,0.5,6,0.5,median_shift,18,0.05555555555555555,0.0,0.7727272727272727,0,0,0,23,93.2481000199914,rabbitmq|catalogue|orders-db|user-db|carts-db,rabbitmq_container-memory-rss,0.463494623655914,31,31,0.49989247311827956,0.4270967741935484,31,31,30,0.5,baseline-v2-20260723,cd270e7871bd358937d83d9a49829637fa80007d2964084ef229f578e3733bd3,ba75425861a059dafcc477474fc3e4ed1eafdc2b47d6fdd0557337035d29a960,a0df39ce29282beca2e250e1bb2345ff2c9210359ea28529ec8694d3158144d1,3539593,1693246944000000000,300
SS/orders_loss/2,SS,orders,loss,2,300,300,incident,0.5,6,0.5,nsigma,5,0.2,0.2,0.18181818181818182,0,0,1,23,383.4822000353597,catalogue|session-db|user|192-168-22-131-9100|orders,catalogue_container-memory-failures-total,0.463494623655914,31,31,0.49989247311827956,0.4270967741935484,31,31,30,0.5,baseline-v2-20260723,cd270e7871bd358937d83d9a49829637fa80007d2964084ef229f578e3733bd3,ba75425861a059dafcc477474fc3e4ed1eafdc2b47d6fdd0557337035d29a960,a0df39ce29282beca2e250e1bb2345ff2c9210359ea28529ec8694d3158144d1,3539593,1693246944000000000,300
SS/orders_loss/2,SS,orders,loss,2,300,300,incident,0.5,7,0.5,baro,5,0.2,0.2,0.18181818181818182,0,0,1,23,325.61649999115616,catalogue|front-end|session-db|user|orders,catalogue_istio-bytes-90,0.4643548387096774,31,31,0.4997849462365591,0.4289247311827957,31,31,30,0.5,baseline-v2-20260723,cd270e7871bd358937d83d9a49829637fa80007d2964084ef229f578e3733bd3,ba75425861a059dafcc477474fc3e4ed1eafdc2b47d6fdd0557337035d29a960,a0df39ce29282beca2e250e1bb2345ff2c9210359ea28529ec8694d3158144d1,3539593,1693246944000000000,300
SS/orders_loss/2,SS,orders,loss,2,300,300,incident,0.5,7,0.5,median_shift,14,0.07142857142857142,0.0,0.5909090909090909,0,0,0,23,84.19809996848926,user-db|catalogue|orders-db|front-end|carts,user-db_container-memory-working-set-bytes,0.4643548387096774,31,31,0.4997849462365591,0.4289247311827957,31,31,30,0.5,baseline-v2-20260723,cd270e7871bd358937d83d9a49829637fa80007d2964084ef229f578e3733bd3,ba75425861a059dafcc477474fc3e4ed1eafdc2b47d6fdd0557337035d29a960,a0df39ce29282beca2e250e1bb2345ff2c9210359ea28529ec8694d3158144d1,3539593,1693246944000000000,300
SS/orders_loss/2,SS,orders,loss,2,300,300,incident,0.5,7,0.5,nsigma,6,0.16666666666666666,0.0,0.22727272727272727,0,0,0,23,258.94159998279065,catalogue|session-db|user|user-db|192-168-22-131-9100,catalogue_container-memory-failures-total,0.4643548387096774,31,31,0.4997849462365591,0.4289247311827957,31,31,30,0.5,baseline-v2-20260723,cd270e7871bd358937d83d9a49829637fa80007d2964084ef229f578e3733bd3,ba75425861a059dafcc477474fc3e4ed1eafdc2b47d6fdd0557337035d29a960,a0df39ce29282beca2e250e1bb2345ff2c9210359ea28529ec8694d3158144d1,3539593,1693246944000000000,300
SS/orders_loss/2,SS,orders,loss,2,300,300,incident,0.5,8,0.5,baro,6,0.16666666666666666,0.0,0.22727272727272727,0,0,0,23,320.3980000107549,catalogue|orders-db|session-db|front-end|user,catalogue_istio-bytes-95,0.457741935483871,31,31,0.4941935483870968,0.42129032258064514,31,31,31,0.5,baseline-v2-20260723,cd270e7871bd358937d83d9a49829637fa80007d2964084ef229f578e3733bd3,ba75425861a059dafcc477474fc3e4ed1eafdc2b47d6fdd0557337035d29a960,a0df39ce29282beca2e250e1bb2345ff2c9210359ea28529ec8694d3158144d1,3539593,1693246944000000000,300
SS/orders_loss/2,SS,orders,loss,2,300,300,incident,0.5,8,0.5,median_shift,16,0.0625,0.0,0.6818181818181818,0,0,0,23,111.80569999851286,rabbitmq|catalogue|user-db|carts-db|queue-master,rabbitmq_container-memory-rss,0.457741935483871,31,31,0.4941935483870968,0.42129032258064514,31,31,31,0.5,baseline-v2-20260723,cd270e7871bd358937d83d9a49829637fa80007d2964084ef229f578e3733bd3,ba75425861a059dafcc477474fc3e4ed1eafdc2b47d6fdd0557337035d29a960,a0df39ce29282beca2e250e1bb2345ff2c9210359ea28529ec8694d3158144d1,3539593,1693246944000000000,300
SS/orders_loss/2,SS,orders,loss,2,300,300,incident,0.5,8,0.5,nsigma,6,0.16666666666666666,0.0,0.22727272727272727,0,0,0,23,256.24130002688617,catalogue|session-db|user|orders-db|192-168-90-135-9100,catalogue_container-memory-failures-total,0.457741935483871,31,31,0.4941935483870968,0.42129032258064514,31,31,31,0.5,baseline-v2-20260723,cd270e7871bd358937d83d9a49829637fa80007d2964084ef229f578e3733bd3,ba75425861a059dafcc477474fc3e4ed1eafdc2b47d6fdd0557337035d29a960,a0df39ce29282beca2e250e1bb2345ff2c9210359ea28529ec8694d3158144d1,3539593,1693246944000000000,300
SS/orders_loss/2,SS,orders,loss,2,300,300,incident,0.5,9,0.5,baro,12,0.08333333333333333,0.0,0.5,0,0,0,23,354.4846000149846,catalogue|session-db|front-end|user-db|user,catalogue_istio-bytes-99,0.460752688172043,31,31,0.4936559139784946,0.4278494623655914,31,31,31,0.5,baseline-v2-20260723,cd270e7871bd358937d83d9a49829637fa80007d2964084ef229f578e3733bd3,ba75425861a059dafcc477474fc3e4ed1eafdc2b47d6fdd0557337035d29a960,a0df39ce29282beca2e250e1bb2345ff2c9210359ea28529ec8694d3158144d1,3539593,1693246944000000000,300
SS/orders_loss/2,SS,orders,loss,2,300,300,incident,0.5,9,0.5,median_shift,15,0.06666666666666667,0.0,0.6363636363636364,0,0,0,23,133.28660000115633,user-db|catalogue|orders-db|carts-db|queue-master,user-db_container-memory-usage-bytes,0.460752688172043,31,31,0.4936559139784946,0.4278494623655914,31,31,31,0.5,baseline-v2-20260723,cd270e7871bd358937d83d9a49829637fa80007d2964084ef229f578e3733bd3,ba75425861a059dafcc477474fc3e4ed1eafdc2b47d6fdd0557337035d29a960,a0df39ce29282beca2e250e1bb2345ff2c9210359ea28529ec8694d3158144d1,3539593,1693246944000000000,300
SS/orders_loss/2,SS,orders,loss,2,300,300,incident,0.5,9,0.5,nsigma,16,0.0625,0.0,0.6818181818181818,0,0,0,23,274.7294000000693,session-db|catalogue|user|user-db|192-168-90-135-9100,session-db_container-cpu-system-seconds-total,0.460752688172043,31,31,0.4936559139784946,0.4278494623655914,31,31,31,0.5,baseline-v2-20260723,cd270e7871bd358937d83d9a49829637fa80007d2964084ef229f578e3733bd3,ba75425861a059dafcc477474fc3e4ed1eafdc2b47d6fdd0557337035d29a960,a0df39ce29282beca2e250e1bb2345ff2c9210359ea28529ec8694d3158144d1,3539593,1693246944000000000,300
SS/orders_loss/2,SS,orders,loss,2,300,300,none,0.0,0,0.0,baro,6,0.16666666666666666,0.0,0.22727272727272727,0,0,0,23,407.5454999692738,rabbitmq|payment|session-db|catalogue-db|shipping,rabbitmq_container-memory-usage-bytes,1.0,31,31,1.0,1.0,31,31,31,1.0,baseline-v2-20260723,cd270e7871bd358937d83d9a49829637fa80007d2964084ef229f578e3733bd3,ba75425861a059dafcc477474fc3e4ed1eafdc2b47d6fdd0557337035d29a960,a0df39ce29282beca2e250e1bb2345ff2c9210359ea28529ec8694d3158144d1,3539593,1693246944000000000,300
SS/orders_loss/2,SS,orders,loss,2,300,300,none,0.0,0,0.0,median_shift,6,0.16666666666666666,0.0,0.22727272727272727,0,0,0,23,102.92710002977401,payment|session-db|shipping|user|rabbitmq,payment_container-memory-max-usage-bytes,1.0,31,31,1.0,1.0,31,31,31,1.0,baseline-v2-20260723,cd270e7871bd358937d83d9a49829637fa80007d2964084ef229f578e3733bd3,ba75425861a059dafcc477474fc3e4ed1eafdc2b47d6fdd0557337035d29a960,a0df39ce29282beca2e250e1bb2345ff2c9210359ea28529ec8694d3158144d1,3539593,1693246944000000000,300
SS/orders_loss/2,SS,orders,loss,2,300,300,none,0.0,0,0.0,nsigma,2,0.5,0.8,0.045454545454545456,0,1,1,23,435.69119996391237,payment|orders|shipping|front-end|user,payment_istio-latency-99,1.0,31,31,1.0,1.0,31,31,31,1.0,baseline-v2-20260723,cd270e7871bd358937d83d9a49829637fa80007d2964084ef229f578e3733bd3,ba75425861a059dafcc477474fc3e4ed1eafdc2b47d6fdd0557337035d29a960,a0df39ce29282beca2e250e1bb2345ff2c9210359ea28529ec8694d3158144d1,3539593,1693246944000000000,300
SS/orders_loss/2,SS,orders,loss,2,300,300,point,0.1,0,0.1,baro,6,0.16666666666666666,0.0,0.22727272727272727,0,0,0,23,406.25749999890104,rabbitmq|payment|session-db|catalogue-db|shipping,rabbitmq_container-memory-usage-bytes,0.9034408602150538,31,31,0.9017204301075269,0.9051612903225806,31,31,31,0.9,baseline-v2-20260723,cd270e7871bd358937d83d9a49829637fa80007d2964084ef229f578e3733bd3,ba75425861a059dafcc477474fc3e4ed1eafdc2b47d6fdd0557337035d29a960,a0df39ce29282beca2e250e1bb2345ff2c9210359ea28529ec8694d3158144d1,3539593,1693246944000000000,300
SS/orders_loss/2,SS,orders,loss,2,300,300,point,0.1,0,0.1,median_shift,6,0.16666666666666666,0.0,0.22727272727272727,0,0,0,23,91.6643999516964,payment|session-db|shipping|user|rabbitmq,payment_container-memory-max-usage-bytes,0.9034408602150538,31,31,0.9017204301075269,0.9051612903225806,31,31,31,0.9,baseline-v2-20260723,cd270e7871bd358937d83d9a49829637fa80007d2964084ef229f578e3733bd3,ba75425861a059dafcc477474fc3e4ed1eafdc2b47d6fdd0557337035d29a960,a0df39ce29282beca2e250e1bb2345ff2c9210359ea28529ec8694d3158144d1,3539593,1693246944000000000,300
SS/orders_loss/2,SS,orders,loss,2,300,300,point,0.1,0,0.1,nsigma,2,0.5,0.8,0.045454545454545456,0,1,1,23,315.197599993553,payment|orders|shipping|front-end|user,payment_istio-latency-99,0.9034408602150538,31,31,0.9017204301075269,0.9051612903225806,31,31,31,0.9,baseline-v2-20260723,cd270e7871bd358937d83d9a49829637fa80007d2964084ef229f578e3733bd3,ba75425861a059dafcc477474fc3e4ed1eafdc2b47d6fdd0557337035d29a960,a0df39ce29282beca2e250e1bb2345ff2c9210359ea28529ec8694d3158144d1,3539593,1693246944000000000,300
SS/orders_loss/2,SS,orders,loss,2,300,300,point,0.1,1,0.1,baro,6,0.16666666666666666,0.0,0.22727272727272727,0,0,0,23,387.6248999731615,rabbitmq|payment|session-db|catalogue-db|shipping,rabbitmq_container-memory-usage-bytes,0.8968817204301075,31,31,0.8993548387096775,0.8944086021505376,31,31,31,0.9,baseline-v2-20260723,cd270e7871bd358937d83d9a49829637fa80007d2964084ef229f578e3733bd3,ba75425861a059dafcc477474fc3e4ed1eafdc2b47d6fdd0557337035d29a960,a0df39ce29282beca2e250e1bb2345ff2c9210359ea28529ec8694d3158144d1,3539593,1693246944000000000,300
SS/orders_loss/2,SS,orders,loss,2,300,300,point,0.1,1,0.1,median_shift,6,0.16666666666666666,0.0,0.22727272727272727,0,0,0,23,129.4186000013724,payment|session-db|shipping|user|rabbitmq,payment_container-memory-max-usage-bytes,0.8968817204301075,31,31,0.8993548387096775,0.8944086021505376,31,31,31,0.9,baseline-v2-20260723,cd270e7871bd358937d83d9a49829637fa80007d2964084ef229f578e3733bd3,ba75425861a059dafcc477474fc3e4ed1eafdc2b47d6fdd0557337035d29a960,a0df39ce29282beca2e250e1bb2345ff2c9210359ea28529ec8694d3158144d1,3539593,1693246944000000000,300
SS/orders_loss/2,SS,orders,loss,2,300,300,point,0.1,1,0.1,nsigma,2,0.5,0.8,0.045454545454545456,0,1,1,23,320.32930001150817,payment|orders|shipping|front-end|user,payment_istio-latency-99,0.8968817204301075,31,31,0.8993548387096775,0.8944086021505376,31,31,31,0.9,baseline-v2-20260723,cd270e7871bd358937d83d9a49829637fa80007d2964084ef229f578e3733bd3,ba75425861a059dafcc477474fc3e4ed1eafdc2b47d6fdd0557337035d29a960,a0df39ce29282beca2e250e1bb2345ff2c9210359ea28529ec8694d3158144d1,3539593,1693246944000000000,300
SS/orders_loss/2,SS,orders,loss,2,300,300,point,0.1,2,0.1,baro,6,0.16666666666666666,0.0,0.22727272727272727,0,0,0,23,376.5044999890961,rabbitmq|payment|session-db|catalogue-db|shipping,rabbitmq_container-memory-usage-bytes,0.8986559139784946,31,31,0.9005376344086021,0.896774193548387,31,31,31,0.9,baseline-v2-20260723,cd270e7871bd358937d83d9a49829637fa80007d2964084ef229f578e3733bd3,ba75425861a059dafcc477474fc3e4ed1eafdc2b47d6fdd0557337035d29a960,a0df39ce29282beca2e250e1bb2345ff2c9210359ea28529ec8694d3158144d1,3539593,1693246944000000000,300
SS/orders_loss/2,SS,orders,loss,2,300,300,point,0.1,2,0.1,median_shift,6,0.16666666666666666,0.0,0.22727272727272727,0,0,0,23,111.60140001447871,payment|session-db|shipping|user|rabbitmq,payment_container-memory-max-usage-bytes,0.8986559139784946,31,31,0.9005376344086021,0.896774193548387,31,31,31,0.9,baseline-v2-20260723,cd270e7871bd358937d83d9a49829637fa80007d2964084ef229f578e3733bd3,ba75425861a059dafcc477474fc3e4ed1eafdc2b47d6fdd0557337035d29a960,a0df39ce29282beca2e250e1bb2345ff2c9210359ea28529ec8694d3158144d1,3539593,1693246944000000000,300
SS/orders_loss/2,SS,orders,loss,2,300,300,point,0.1,2,0.1,nsigma,2,0.5,0.8,0.045454545454545456,0,1,1,23,314.8133999784477,payment|orders|shipping|front-end|user,payment_istio-latency-99,0.8986559139784946,31,31,0.9005376344086021,0.896774193548387,31,31,31,0.9,baseline-v2-20260723,cd270e7871bd358937d83d9a49829637fa80007d2964084ef229f578e3733bd3,ba75425861a059dafcc477474fc3e4ed1eafdc2b47d6fdd0557337035d29a960,a0df39ce29282beca2e250e1bb2345ff2c9210359ea28529ec8694d3158144d1,3539593,1693246944000000000,300
SS/orders_loss/2,SS,orders,loss,2,300,300,point,0.1,3,0.1,baro,6,0.16666666666666666,0.0,0.22727272727272727,0,0,0,23,466.3742000120692,rabbitmq|payment|session-db|catalogue-db|shipping,rabbitmq_container-memory-usage-bytes,0.9050537634408602,31,31,0.9053763440860215,0.904731182795699,31,31,31,0.9,baseline-v2-20260723,cd270e7871bd358937d83d9a49829637fa80007d2964084ef229f578e3733bd3,ba75425861a059dafcc477474fc3e4ed1eafdc2b47d6fdd0557337035d29a960,a0df39ce29282beca2e250e1bb2345ff2c9210359ea28529ec8694d3158144d1,3539593,1693246944000000000,300
SS/orders_loss/2,SS,orders,loss,2,300,300,point,0.1,3,0.1,median_shift,6,0.16666666666666666,0.0,0.22727272727272727,0,0,0,23,122.78099998366088,payment|session-db|shipping|user|rabbitmq,payment_container-memory-max-usage-bytes,0.9050537634408602,31,31,0.9053763440860215,0.904731182795699,31,31,31,0.9,baseline-v2-20260723,cd270e7871bd358937d83d9a49829637fa80007d2964084ef229f578e3733bd3,ba75425861a059dafcc477474fc3e4ed1eafdc2b47d6fdd0557337035d29a960,a0df39ce29282beca2e250e1bb2345ff2c9210359ea28529ec8694d3158144d1,3539593,1693246944000000000,300
SS/orders_loss/2,SS,orders,loss,2,300,300,point,0.1,3,0.1,nsigma,2,0.5,0.8,0.045454545454545456,0,1,1,23,284.8853999748826,payment|orders|shipping|front-end|user,payment_istio-latency-99,0.9050537634408602,31,31,0.9053763440860215,0.904731182795699,31,31,31,0.9,baseline-v2-20260723,cd270e7871bd358937d83d9a49829637fa80007d2964084ef229f578e3733bd3,ba75425861a059dafcc477474fc3e4ed1eafdc2b47d6fdd0557337035d29a960,a0df39ce29282beca2e250e1bb2345ff2c9210359ea28529ec8694d3158144d1,3539593,1693246944000000000,300
SS/orders_loss/2,SS,orders,loss,2,300,300,point,0.1,4,0.1,baro,6,0.16666666666666666,0.0,0.22727272727272727,0,0,0,23,383.7935999617912,rabbitmq|payment|session-db|catalogue-db|shipping,rabbitmq_container-memory-usage-bytes,0.901236559139785,31,31,0.8963440860215054,0.9061290322580645,31,31,31,0.9,baseline-v2-20260723,cd270e7871bd358937d83d9a49829637fa80007d2964084ef229f578e3733bd3,ba75425861a059dafcc477474fc3e4ed1eafdc2b47d6fdd0557337035d29a960,a0df39ce29282beca2e250e1bb2345ff2c9210359ea28529ec8694d3158144d1,3539593,1693246944000000000,300
SS/orders_loss/2,SS,orders,loss,2,300,300,point,0.1,4,0.1,median_shift,6,0.16666666666666666,0.0,0.22727272727272727,0,0,0,23,83.66930001648143,payment|session-db|user|rabbitmq|shipping,payment_container-memory-max-usage-bytes,0.901236559139785,31,31,0.8963440860215054,0.9061290322580645,31,31,31,0.9,baseline-v2-20260723,cd270e7871bd358937d83d9a49829637fa80007d2964084ef229f578e3733bd3,ba75425861a059dafcc477474fc3e4ed1eafdc2b47d6fdd0557337035d29a960,a0df39ce29282beca2e250e1bb2345ff2c9210359ea28529ec8694d3158144d1,3539593,1693246944000000000,300
SS/orders_loss/2,SS,orders,loss,2,300,300,point,0.1,4,0.1,nsigma,2,0.5,0.8,0.045454545454545456,0,1,1,23,416.33330000331625,payment|orders|shipping|front-end|user,payment_istio-latency-99,0.901236559139785,31,31,0.8963440860215054,0.9061290322580645,31,31,31,0.9,baseline-v2-20260723,cd270e7871bd358937d83d9a49829637fa80007d2964084ef229f578e3733bd3,ba75425861a059dafcc477474fc3e4ed1eafdc2b47d6fdd0557337035d29a960,a0df39ce29282beca2e250e1bb2345ff2c9210359ea28529ec8694d3158144d1,3539593,1693246944000000000,300
SS/orders_loss/2,SS,orders,loss,2,300,300,point,0.1,5,0.1,baro,6,0.16666666666666666,0.0,0.22727272727272727,0,0,0,23,392.362599959597,rabbitmq|payment|session-db|catalogue-db|shipping,rabbitmq_container-memory-usage-bytes,0.9043548387096774,31,31,0.9059139784946236,0.9027956989247312,31,31,31,0.9,baseline-v2-20260723,cd270e7871bd358937d83d9a49829637fa80007d2964084ef229f578e3733bd3,ba75425861a059dafcc477474fc3e4ed1eafdc2b47d6fdd0557337035d29a960,a0df39ce29282beca2e250e1bb2345ff2c9210359ea28529ec8694d3158144d1,3539593,1693246944000000000,300
SS/orders_loss/2,SS,orders,loss,2,300,300,point,0.1,5,0.1,median_shift,6,0.16666666666666666,0.0,0.22727272727272727,0,0,0,23,132.2234999970533,payment|session-db|shipping|user|rabbitmq,payment_container-memory-max-usage-bytes,0.9043548387096774,31,31,0.9059139784946236,0.9027956989247312,31,31,31,0.9,baseline-v2-20260723,cd270e7871bd358937d83d9a49829637fa80007d2964084ef229f578e3733bd3,ba75425861a059dafcc477474fc3e4ed1eafdc2b47d6fdd0557337035d29a960,a0df39ce29282beca2e250e1bb2345ff2c9210359ea28529ec8694d3158144d1,3539593,1693246944000000000,300
SS/orders_loss/2,SS,orders,loss,2,300,300,point,0.1,5,0.1,nsigma,2,0.5,0.8,0.045454545454545456,0,1,1,23,301.26699997344986,payment|orders|shipping|front-end|user,payment_istio-latency-99,0.9043548387096774,31,31,0.9059139784946236,0.9027956989247312,31,31,31,0.9,baseline-v2-20260723,cd270e7871bd358937d83d9a49829637fa80007d2964084ef229f578e3733bd3,ba75425861a059dafcc477474fc3e4ed1eafdc2b47d6fdd0557337035d29a960,a0df39ce29282beca2e250e1bb2345ff2c9210359ea28529ec8694d3158144d1,3539593,1693246944000000000,300
SS/orders_loss/2,SS,orders,loss,2,300,300,point,0.1,6,0.1,baro,6,0.16666666666666666,0.0,0.22727272727272727,0,0,0,23,371.4832999976352,rabbitmq|payment|session-db|catalogue-db|shipping,rabbitmq_container-memory-usage-bytes,0.8975806451612903,31,31,0.896774193548387,0.8983870967741936,31,31,31,0.9,baseline-v2-20260723,cd270e7871bd358937d83d9a49829637fa80007d2964084ef229f578e3733bd3,ba75425861a059dafcc477474fc3e4ed1eafdc2b47d6fdd0557337035d29a960,a0df39ce29282beca2e250e1bb2345ff2c9210359ea28529ec8694d3158144d1,3539593,1693246944000000000,300
SS/orders_loss/2,SS,orders,loss,2,300,300,point,0.1,6,0.1,median_shift,6,0.16666666666666666,0.0,0.22727272727272727,0,0,0,23,92.12029998889193,payment|session-db|user|rabbitmq|shipping,payment_container-memory-max-usage-bytes,0.8975806451612903,31,31,0.896774193548387,0.8983870967741936,31,31,31,0.9,baseline-v2-20260723,cd270e7871bd358937d83d9a49829637fa80007d2964084ef229f578e3733bd3,ba75425861a059dafcc477474fc3e4ed1eafdc2b47d6fdd0557337035d29a960,a0df39ce29282beca2e250e1bb2345ff2c9210359ea28529ec8694d3158144d1,3539593,1693246944000000000,300
SS/orders_loss/2,SS,orders,loss,2,300,300,point,0.1,6,0.1,nsigma,2,0.5,0.8,0.045454545454545456,0,1,1,23,409.7796999849379,payment|orders|shipping|front-end|user,payment_istio-latency-99,0.8975806451612903,31,31,0.896774193548387,0.8983870967741936,31,31,31,0.9,baseline-v2-20260723,cd270e7871bd358937d83d9a49829637fa80007d2964084ef229f578e3733bd3,ba75425861a059dafcc477474fc3e4ed1eafdc2b47d6fdd0557337035d29a960,a0df39ce29282beca2e250e1bb2345ff2c9210359ea28529ec8694d3158144d1,3539593,1693246944000000000,300
SS/orders_loss/2,SS,orders,loss,2,300,300,point,0.1,7,0.1,baro,6,0.16666666666666666,0.0,0.22727272727272727,0,0,0,23,420.06360000232235,rabbitmq|payment|session-db|catalogue-db|shipping,rabbitmq_container-memory-usage-bytes,0.8998387096774193,31,31,0.9003225806451612,0.8993548387096775,31,31,31,0.9,baseline-v2-20260723,cd270e7871bd358937d83d9a49829637fa80007d2964084ef229f578e3733bd3,ba75425861a059dafcc477474fc3e4ed1eafdc2b47d6fdd0557337035d29a960,a0df39ce29282beca2e250e1bb2345ff2c9210359ea28529ec8694d3158144d1,3539593,1693246944000000000,300
SS/orders_loss/2,SS,orders,loss,2,300,300,point,0.1,7,0.1,median_shift,6,0.16666666666666666,0.0,0.22727272727272727,0,0,0,23,84.73800000501797,payment|session-db|shipping|user|rabbitmq,payment_container-memory-max-usage-bytes,0.8998387096774193,31,31,0.9003225806451612,0.8993548387096775,31,31,31,0.9,baseline-v2-20260723,cd270e7871bd358937d83d9a49829637fa80007d2964084ef229f578e3733bd3,ba75425861a059dafcc477474fc3e4ed1eafdc2b47d6fdd0557337035d29a960,a0df39ce29282beca2e250e1bb2345ff2c9210359ea28529ec8694d3158144d1,3539593,1693246944000000000,300
SS/orders_loss/2,SS,orders,loss,2,300,300,point,0.1,7,0.1,nsigma,2,0.5,0.8,0.045454545454545456,0,1,1,23,320.66530000884086,payment|orders|shipping|front-end|user,payment_istio-latency-99,0.8998387096774193,31,31,0.9003225806451612,0.8993548387096775,31,31,31,0.9,baseline-v2-20260723,cd270e7871bd358937d83d9a49829637fa80007d2964084ef229f578e3733bd3,ba75425861a059dafcc477474fc3e4ed1eafdc2b47d6fdd0557337035d29a960,a0df39ce29282beca2e250e1bb2345ff2c9210359ea28529ec8694d3158144d1,3539593,1693246944000000000,300
SS/orders_loss/2,SS,orders,loss,2,300,300,point,0.1,8,0.1,baro,6,0.16666666666666666,0.0,0.22727272727272727,0,0,0,23,418.4448000160046,rabbitmq|payment|session-db|catalogue-db|shipping,rabbitmq_container-memory-usage-bytes,0.9017741935483871,31,31,0.905483870967742,0.8980645161290323,31,31,31,0.9,baseline-v2-20260723,cd270e7871bd358937d83d9a49829637fa80007d2964084ef229f578e3733bd3,ba75425861a059dafcc477474fc3e4ed1eafdc2b47d6fdd0557337035d29a960,a0df39ce29282beca2e250e1bb2345ff2c9210359ea28529ec8694d3158144d1,3539593,1693246944000000000,300
SS/orders_loss/2,SS,orders,loss,2,300,300,point,0.1,8,0.1,median_shift,6,0.16666666666666666,0.0,0.22727272727272727,0,0,0,23,109.25089998636395,payment|session-db|shipping|user|rabbitmq,payment_container-memory-max-usage-bytes,0.9017741935483871,31,31,0.905483870967742,0.8980645161290323,31,31,31,0.9,baseline-v2-20260723,cd270e7871bd358937d83d9a49829637fa80007d2964084ef229f578e3733bd3,ba75425861a059dafcc477474fc3e4ed1eafdc2b47d6fdd0557337035d29a960,a0df39ce29282beca2e250e1bb2345ff2c9210359ea28529ec8694d3158144d1,3539593,1693246944000000000,300
SS/orders_loss/2,SS,orders,loss,2,300,300,point,0.1,8,0.1,nsigma,2,0.5,0.8,0.045454545454545456,0,1,1,23,251.93869997747242,payment|orders|shipping|front-end|user,payment_istio-latency-99,0.9017741935483871,31,31,0.905483870967742,0.8980645161290323,31,31,31,0.9,baseline-v2-20260723,cd270e7871bd358937d83d9a49829637fa80007d2964084ef229f578e3733bd3,ba75425861a059dafcc477474fc3e4ed1eafdc2b47d6fdd0557337035d29a960,a0df39ce29282beca2e250e1bb2345ff2c9210359ea28529ec8694d3158144d1,3539593,1693246944000000000,300
SS/orders_loss/2,SS,orders,loss,2,300,300,point,0.1,9,0.1,baro,6,0.16666666666666666,0.0,0.22727272727272727,0,0,0,23,471.99340001679957,rabbitmq|payment|session-db|catalogue-db|shipping,rabbitmq_container-memory-usage-bytes,0.8991397849462366,31,31,0.8983870967741936,0.8998924731182796,31,31,31,0.9,baseline-v2-20260723,cd270e7871bd358937d83d9a49829637fa80007d2964084ef229f578e3733bd3,ba75425861a059dafcc477474fc3e4ed1eafdc2b47d6fdd0557337035d29a960,a0df39ce29282beca2e250e1bb2345ff2c9210359ea28529ec8694d3158144d1,3539593,1693246944000000000,300
SS/orders_loss/2,SS,orders,loss,2,300,300,point,0.1,9,0.1,median_shift,6,0.16666666666666666,0.0,0.22727272727272727,0,0,0,23,123.57320002047345,payment|session-db|shipping|user|rabbitmq,payment_container-memory-max-usage-bytes,0.8991397849462366,31,31,0.8983870967741936,0.8998924731182796,31,31,31,0.9,baseline-v2-20260723,cd270e7871bd358937d83d9a49829637fa80007d2964084ef229f578e3733bd3,ba75425861a059dafcc477474fc3e4ed1eafdc2b47d6fdd0557337035d29a960,a0df39ce29282beca2e250e1bb2345ff2c9210359ea28529ec8694d3158144d1,3539593,1693246944000000000,300
SS/orders_loss/2,SS,orders,loss,2,300,300,point,0.1,9,0.1,nsigma,2,0.5,0.8,0.045454545454545456,0,1,1,23,317.08240002626553,payment|orders|shipping|front-end|user,payment_istio-latency-99,0.8991397849462366,31,31,0.8983870967741936,0.8998924731182796,31,31,31,0.9,baseline-v2-20260723,cd270e7871bd358937d83d9a49829637fa80007d2964084ef229f578e3733bd3,ba75425861a059dafcc477474fc3e4ed1eafdc2b47d6fdd0557337035d29a960,a0df39ce29282beca2e250e1bb2345ff2c9210359ea28529ec8694d3158144d1,3539593,1693246944000000000,300
SS/orders_loss/2,SS,orders,loss,2,300,300,point,0.3,0,0.3,baro,6,0.16666666666666666,0.0,0.22727272727272727,0,0,0,23,410.3491000132635,rabbitmq|payment|session-db|catalogue-db|shipping,rabbitmq_container-memory-usage-bytes,0.6979569892473119,31,31,0.6967741935483871,0.6991397849462365,31,31,31,0.7,baseline-v2-20260723,cd270e7871bd358937d83d9a49829637fa80007d2964084ef229f578e3733bd3,ba75425861a059dafcc477474fc3e4ed1eafdc2b47d6fdd0557337035d29a960,a0df39ce29282beca2e250e1bb2345ff2c9210359ea28529ec8694d3158144d1,3539593,1693246944000000000,300
SS/orders_loss/2,SS,orders,loss,2,300,300,point,0.3,0,0.3,median_shift,6,0.16666666666666666,0.0,0.22727272727272727,0,0,0,23,133.16129997838289,payment|session-db|shipping|user|rabbitmq,payment_container-memory-max-usage-bytes,0.6979569892473119,31,31,0.6967741935483871,0.6991397849462365,31,31,31,0.7,baseline-v2-20260723,cd270e7871bd358937d83d9a49829637fa80007d2964084ef229f578e3733bd3,ba75425861a059dafcc477474fc3e4ed1eafdc2b47d6fdd0557337035d29a960,a0df39ce29282beca2e250e1bb2345ff2c9210359ea28529ec8694d3158144d1,3539593,1693246944000000000,300
SS/orders_loss/2,SS,orders,loss,2,300,300,point,0.3,0,0.3,nsigma,2,0.5,0.8,0.045454545454545456,0,1,1,23,337.56069996161386,payment|orders|shipping|front-end|user,payment_istio-latency-99,0.6979569892473119,31,31,0.6967741935483871,0.6991397849462365,31,31,31,0.7,baseline-v2-20260723,cd270e7871bd358937d83d9a49829637fa80007d2964084ef229f578e3733bd3,ba75425861a059dafcc477474fc3e4ed1eafdc2b47d6fdd0557337035d29a960,a0df39ce29282beca2e250e1bb2345ff2c9210359ea28529ec8694d3158144d1,3539593,1693246944000000000,300
SS/orders_loss/2,SS,orders,loss,2,300,300,point,0.3,1,0.3,baro,6,0.16666666666666666,0.0,0.22727272727272727,0,0,0,23,389.3622999894433,rabbitmq|payment|session-db|catalogue-db|shipping,rabbitmq_container-memory-usage-bytes,0.7041397849462365,31,31,0.7073118279569892,0.7009677419354838,31,31,31,0.7,baseline-v2-20260723,cd270e7871bd358937d83d9a49829637fa80007d2964084ef229f578e3733bd3,ba75425861a059dafcc477474fc3e4ed1eafdc2b47d6fdd0557337035d29a960,a0df39ce29282beca2e250e1bb2345ff2c9210359ea28529ec8694d3158144d1,3539593,1693246944000000000,300
SS/orders_loss/2,SS,orders,loss,2,300,300,point,0.3,1,0.3,median_shift,6,0.16666666666666666,0.0,0.22727272727272727,0,0,0,23,124.807599990163,payment|rabbitmq|session-db|shipping|user,payment_container-memory-max-usage-bytes,0.7041397849462365,31,31,0.7073118279569892,0.7009677419354838,31,31,31,0.7,baseline-v2-20260723,cd270e7871bd358937d83d9a49829637fa80007d2964084ef229f578e3733bd3,ba75425861a059dafcc477474fc3e4ed1eafdc2b47d6fdd0557337035d29a960,a0df39ce29282beca2e250e1bb2345ff2c9210359ea28529ec8694d3158144d1,3539593,1693246944000000000,300
SS/orders_loss/2,SS,orders,loss,2,300,300,point,0.3,1,0.3,nsigma,2,0.5,0.8,0.045454545454545456,0,1,1,23,286.13049996783957,payment|orders|shipping|front-end|user,payment_istio-latency-99,0.7041397849462365,31,31,0.7073118279569892,0.7009677419354838,31,31,31,0.7,baseline-v2-20260723,cd270e7871bd358937d83d9a49829637fa80007d2964084ef229f578e3733bd3,ba75425861a059dafcc477474fc3e4ed1eafdc2b47d6fdd0557337035d29a960,a0df39ce29282beca2e250e1bb2345ff2c9210359ea28529ec8694d3158144d1,3539593,1693246944000000000,300
SS/orders_loss/2,SS,orders,loss,2,300,300,point,0.3,2,0.3,baro,6,0.16666666666666666,0.0,0.22727272727272727,0,0,0,23,350.028500019107,rabbitmq|payment|session-db|catalogue-db|shipping,rabbitmq_container-memory-usage-bytes,0.7003225806451613,31,31,0.7001075268817204,0.7005376344086022,31,31,31,0.7,baseline-v2-20260723,cd270e7871bd358937d83d9a49829637fa80007d2964084ef229f578e3733bd3,ba75425861a059dafcc477474fc3e4ed1eafdc2b47d6fdd0557337035d29a960,a0df39ce29282beca2e250e1bb2345ff2c9210359ea28529ec8694d3158144d1,3539593,1693246944000000000,300
SS/orders_loss/2,SS,orders,loss,2,300,300,point,0.3,2,0.3,median_shift,6,0.16666666666666666,0.0,0.22727272727272727,0,0,0,23,84.67999997083098,payment|session-db|shipping|user|rabbitmq,payment_container-memory-max-usage-bytes,0.7003225806451613,31,31,0.7001075268817204,0.7005376344086022,31,31,31,0.7,baseline-v2-20260723,cd270e7871bd358937d83d9a49829637fa80007d2964084ef229f578e3733bd3,ba75425861a059dafcc477474fc3e4ed1eafdc2b47d6fdd0557337035d29a960,a0df39ce29282beca2e250e1bb2345ff2c9210359ea28529ec8694d3158144d1,3539593,1693246944000000000,300
SS/orders_loss/2,SS,orders,loss,2,300,300,point,0.3,2,0.3,nsigma,2,0.5,0.8,0.045454545454545456,0,1,1,23,308.7527000461705,payment|orders|shipping|front-end|user,payment_istio-latency-99,0.7003225806451613,31,31,0.7001075268817204,0.7005376344086022,31,31,31,0.7,baseline-v2-20260723,cd270e7871bd358937d83d9a49829637fa80007d2964084ef229f578e3733bd3,ba75425861a059dafcc477474fc3e4ed1eafdc2b47d6fdd0557337035d29a960,a0df39ce29282beca2e250e1bb2345ff2c9210359ea28529ec8694d3158144d1,3539593,1693246944000000000,300
SS/orders_loss/2,SS,orders,loss,2,300,300,point,0.3,3,0.3,baro,6,0.16666666666666666,0.0,0.22727272727272727,0,0,0,23,454.6930000069551,rabbitmq|payment|session-db|catalogue-db|shipping,rabbitmq_container-memory-usage-bytes,0.6955913978494623,31,31,0.6939784946236559,0.6972043010752688,31,31,31,0.7,baseline-v2-20260723,cd270e7871bd358937d83d9a49829637fa80007d2964084ef229f578e3733bd3,ba75425861a059dafcc477474fc3e4ed1eafdc2b47d6fdd0557337035d29a960,a0df39ce29282beca2e250e1bb2345ff2c9210359ea28529ec8694d3158144d1,3539593,1693246944000000000,300
SS/orders_loss/2,SS,orders,loss,2,300,300,point,0.3,3,0.3,median_shift,6,0.16666666666666666,0.0,0.22727272727272727,0,0,0,23,88.11419998528436,payment|session-db|user|rabbitmq|shipping,payment_container-memory-max-usage-bytes,0.6955913978494623,31,31,0.6939784946236559,0.6972043010752688,31,31,31,0.7,baseline-v2-20260723,cd270e7871bd358937d83d9a49829637fa80007d2964084ef229f578e3733bd3,ba75425861a059dafcc477474fc3e4ed1eafdc2b47d6fdd0557337035d29a960,a0df39ce29282beca2e250e1bb2345ff2c9210359ea28529ec8694d3158144d1,3539593,1693246944000000000,300
SS/orders_loss/2,SS,orders,loss,2,300,300,point,0.3,3,0.3,nsigma,2,0.5,0.8,0.045454545454545456,0,1,1,23,286.98630002327263,payment|orders|shipping|front-end|user,payment_istio-latency-99,0.6955913978494623,31,31,0.6939784946236559,0.6972043010752688,31,31,31,0.7,baseline-v2-20260723,cd270e7871bd358937d83d9a49829637fa80007d2964084ef229f578e3733bd3,ba75425861a059dafcc477474fc3e4ed1eafdc2b47d6fdd0557337035d29a960,a0df39ce29282beca2e250e1bb2345ff2c9210359ea28529ec8694d3158144d1,3539593,1693246944000000000,300
SS/orders_loss/2,SS,orders,loss,2,300,300,point,0.3,4,0.3,baro,6,0.16666666666666666,0.0,0.22727272727272727,0,0,0,23,412.48739999718964,rabbitmq|payment|session-db|catalogue-db|shipping,rabbitmq_container-memory-usage-bytes,0.6980645161290323,31,31,0.7009677419354838,0.6951612903225807,31,31,31,0.7,baseline-v2-20260723,cd270e7871bd358937d83d9a49829637fa80007d2964084ef229f578e3733bd3,ba75425861a059dafcc477474fc3e4ed1eafdc2b47d6fdd0557337035d29a960,a0df39ce29282beca2e250e1bb2345ff2c9210359ea28529ec8694d3158144d1,3539593,1693246944000000000,300
SS/orders_loss/2,SS,orders,loss,2,300,300,point,0.3,4,0.3,median_shift,6,0.16666666666666666,0.0,0.22727272727272727,0,0,0,23,130.37709996569902,payment|rabbitmq|session-db|user|shipping,payment_container-memory-max-usage-bytes,0.6980645161290323,31,31,0.7009677419354838,0.6951612903225807,31,31,31,0.7,baseline-v2-20260723,cd270e7871bd358937d83d9a49829637fa80007d2964084ef229f578e3733bd3,ba75425861a059dafcc477474fc3e4ed1eafdc2b47d6fdd0557337035d29a960,a0df39ce29282beca2e250e1bb2345ff2c9210359ea28529ec8694d3158144d1,3539593,1693246944000000000,300
SS/orders_loss/2,SS,orders,loss,2,300,300,point,0.3,4,0.3,nsigma,2,0.5,0.8,0.045454545454545456,0,1,1,23,334.77450005011633,payment|orders|shipping|front-end|user,payment_istio-latency-99,0.6980645161290323,31,31,0.7009677419354838,0.6951612903225807,31,31,31,0.7,baseline-v2-20260723,cd270e7871bd358937d83d9a49829637fa80007d2964084ef229f578e3733bd3,ba75425861a059dafcc477474fc3e4ed1eafdc2b47d6fdd0557337035d29a960,a0df39ce29282beca2e250e1bb2345ff2c9210359ea28529ec8694d3158144d1,3539593,1693246944000000000,300
SS/orders_loss/2,SS,orders,loss,2,300,300,point,0.3,5,0.3,baro,6,0.16666666666666666,0.0,0.22727272727272727,0,0,0,23,377.6336000300944,rabbitmq|payment|session-db|catalogue-db|shipping,rabbitmq_container-memory-usage-bytes,0.7014516129032258,31,31,0.7010752688172043,0.7018279569892473,31,31,31,0.7,baseline-v2-20260723,cd270e7871bd358937d83d9a49829637fa80007d2964084ef229f578e3733bd3,ba75425861a059dafcc477474fc3e4ed1eafdc2b47d6fdd0557337035d29a960,a0df39ce29282beca2e250e1bb2345ff2c9210359ea28529ec8694d3158144d1,3539593,1693246944000000000,300
SS/orders_loss/2,SS,orders,loss,2,300,300,point,0.3,5,0.3,median_shift,6,0.16666666666666666,0.0,0.22727272727272727,0,0,0,23,110.1693999953568,payment|session-db|user|rabbitmq|shipping,payment_container-memory-max-usage-bytes,0.7014516129032258,31,31,0.7010752688172043,0.7018279569892473,31,31,31,0.7,baseline-v2-20260723,cd270e7871bd358937d83d9a49829637fa80007d2964084ef229f578e3733bd3,ba75425861a059dafcc477474fc3e4ed1eafdc2b47d6fdd0557337035d29a960,a0df39ce29282beca2e250e1bb2345ff2c9210359ea28529ec8694d3158144d1,3539593,1693246944000000000,300
SS/orders_loss/2,SS,orders,loss,2,300,300,point,0.3,5,0.3,nsigma,2,0.5,0.8,0.045454545454545456,0,1,1,23,288.4527999558486,payment|orders|shipping|front-end|user,payment_istio-latency-99,0.7014516129032258,31,31,0.7010752688172043,0.7018279569892473,31,31,31,0.7,baseline-v2-20260723,cd270e7871bd358937d83d9a49829637fa80007d2964084ef229f578e3733bd3,ba75425861a059dafcc477474fc3e4ed1eafdc2b47d6fdd0557337035d29a960,a0df39ce29282beca2e250e1bb2345ff2c9210359ea28529ec8694d3158144d1,3539593,1693246944000000000,300
SS/orders_loss/2,SS,orders,loss,2,300,300,point,0.3,6,0.3,baro,6,0.16666666666666666,0.0,0.22727272727272727,0,0,0,23,388.4392000036314,rabbitmq|payment|session-db|catalogue-db|shipping,rabbitmq_container-memory-usage-bytes,0.6993010752688172,31,31,0.6959139784946237,0.7026881720430107,31,31,31,0.7,baseline-v2-20260723,cd270e7871bd358937d83d9a49829637fa80007d2964084ef229f578e3733bd3,ba75425861a059dafcc477474fc3e4ed1eafdc2b47d6fdd0557337035d29a960,a0df39ce29282beca2e250e1bb2345ff2c9210359ea28529ec8694d3158144d1,3539593,1693246944000000000,300
SS/orders_loss/2,SS,orders,loss,2,300,300,point,0.3,6,0.3,median_shift,6,0.16666666666666666,0.0,0.22727272727272727,0,0,0,23,175.58569996617734,payment|session-db|shipping|user|rabbitmq,payment_container-memory-max-usage-bytes,0.6993010752688172,31,31,0.6959139784946237,0.7026881720430107,31,31,31,0.7,baseline-v2-20260723,cd270e7871bd358937d83d9a49829637fa80007d2964084ef229f578e3733bd3,ba75425861a059dafcc477474fc3e4ed1eafdc2b47d6fdd0557337035d29a960,a0df39ce29282beca2e250e1bb2345ff2c9210359ea28529ec8694d3158144d1,3539593,1693246944000000000,300
SS/orders_loss/2,SS,orders,loss,2,300,300,point,0.3,6,0.3,nsigma,2,0.5,0.8,0.045454545454545456,0,1,1,23,324.10129997879267,payment|orders|shipping|front-end|user,payment_istio-latency-99,0.6993010752688172,31,31,0.6959139784946237,0.7026881720430107,31,31,31,0.7,baseline-v2-20260723,cd270e7871bd358937d83d9a49829637fa80007d2964084ef229f578e3733bd3,ba75425861a059dafcc477474fc3e4ed1eafdc2b47d6fdd0557337035d29a960,a0df39ce29282beca2e250e1bb2345ff2c9210359ea28529ec8694d3158144d1,3539593,1693246944000000000,300
SS/orders_loss/2,SS,orders,loss,2,300,300,point,0.3,7,0.3,baro,6,0.16666666666666666,0.0,0.22727272727272727,0,0,0,23,414.76220003096387,rabbitmq|payment|session-db|catalogue-db|shipping,rabbitmq_container-memory-usage-bytes,0.6979032258064516,31,31,0.7012903225806452,0.694516129032258,31,31,31,0.7,baseline-v2-20260723,cd270e7871bd358937d83d9a49829637fa80007d2964084ef229f578e3733bd3,ba75425861a059dafcc477474fc3e4ed1eafdc2b47d6fdd0557337035d29a960,a0df39ce29282beca2e250e1bb2345ff2c9210359ea28529ec8694d3158144d1,3539593,1693246944000000000,300
SS/orders_loss/2,SS,orders,loss,2,300,300,point,0.3,7,0.3,median_shift,6,0.16666666666666666,0.0,0.22727272727272727,0,0,0,23,143.08639999944717,payment|session-db|shipping|user|rabbitmq,payment_container-memory-max-usage-bytes,0.6979032258064516,31,31,0.7012903225806452,0.694516129032258,31,31,31,0.7,baseline-v2-20260723,cd270e7871bd358937d83d9a49829637fa80007d2964084ef229f578e3733bd3,ba75425861a059dafcc477474fc3e4ed1eafdc2b47d6fdd0557337035d29a960,a0df39ce29282beca2e250e1bb2345ff2c9210359ea28529ec8694d3158144d1,3539593,1693246944000000000,300
SS/orders_loss/2,SS,orders,loss,2,300,300,point,0.3,7,0.3,nsigma,2,0.5,0.8,0.045454545454545456,0,1,1,23,330.0768999615684,payment|orders|shipping|front-end|user,payment_istio-latency-99,0.6979032258064516,31,31,0.7012903225806452,0.694516129032258,31,31,31,0.7,baseline-v2-20260723,cd270e7871bd358937d83d9a49829637fa80007d2964084ef229f578e3733bd3,ba75425861a059dafcc477474fc3e4ed1eafdc2b47d6fdd0557337035d29a960,a0df39ce29282beca2e250e1bb2345ff2c9210359ea28529ec8694d3158144d1,3539593,1693246944000000000,300
SS/orders_loss/2,SS,orders,loss,2,300,300,point,0.3,8,0.3,baro,6,0.16666666666666666,0.0,0.22727272727272727,0,0,0,23,407.8477000002749,rabbitmq|payment|session-db|catalogue-db|shipping,rabbitmq_container-memory-usage-bytes,0.696989247311828,31,31,0.6975268817204301,0.6964516129032258,31,31,31,0.7,baseline-v2-20260723,cd270e7871bd358937d83d9a49829637fa80007d2964084ef229f578e3733bd3,ba75425861a059dafcc477474fc3e4ed1eafdc2b47d6fdd0557337035d29a960,a0df39ce29282beca2e250e1bb2345ff2c9210359ea28529ec8694d3158144d1,3539593,1693246944000000000,300
SS/orders_loss/2,SS,orders,loss,2,300,300,point,0.3,8,0.3,median_shift,6,0.16666666666666666,0.0,0.22727272727272727,0,0,0,23,107.15519997756928,payment|session-db|shipping|user|rabbitmq,payment_container-memory-max-usage-bytes,0.696989247311828,31,31,0.6975268817204301,0.6964516129032258,31,31,31,0.7,baseline-v2-20260723,cd270e7871bd358937d83d9a49829637fa80007d2964084ef229f578e3733bd3,ba75425861a059dafcc477474fc3e4ed1eafdc2b47d6fdd0557337035d29a960,a0df39ce29282beca2e250e1bb2345ff2c9210359ea28529ec8694d3158144d1,3539593,1693246944000000000,300
SS/orders_loss/2,SS,orders,loss,2,300,300,point,0.3,8,0.3,nsigma,2,0.5,0.8,0.045454545454545456,0,1,1,23,311.32329994579777,payment|orders|shipping|front-end|user,payment_istio-latency-99,0.696989247311828,31,31,0.6975268817204301,0.6964516129032258,31,31,31,0.7,baseline-v2-20260723,cd270e7871bd358937d83d9a49829637fa80007d2964084ef229f578e3733bd3,ba75425861a059dafcc477474fc3e4ed1eafdc2b47d6fdd0557337035d29a960,a0df39ce29282beca2e250e1bb2345ff2c9210359ea28529ec8694d3158144d1,3539593,1693246944000000000,300
SS/orders_loss/2,SS,orders,loss,2,300,300,point,0.3,9,0.3,baro,6,0.16666666666666666,0.0,0.22727272727272727,0,0,0,23,381.09999999869615,rabbitmq|payment|session-db|catalogue-db|shipping,rabbitmq_container-memory-usage-bytes,0.7013978494623656,31,31,0.7073118279569892,0.6954838709677419,31,31,31,0.7,baseline-v2-20260723,cd270e7871bd358937d83d9a49829637fa80007d2964084ef229f578e3733bd3,ba75425861a059dafcc477474fc3e4ed1eafdc2b47d6fdd0557337035d29a960,a0df39ce29282beca2e250e1bb2345ff2c9210359ea28529ec8694d3158144d1,3539593,1693246944000000000,300
SS/orders_loss/2,SS,orders,loss,2,300,300,point,0.3,9,0.3,median_shift,6,0.16666666666666666,0.0,0.22727272727272727,0,0,0,23,130.13429997954518,payment|session-db|shipping|user|rabbitmq,payment_container-memory-max-usage-bytes,0.7013978494623656,31,31,0.7073118279569892,0.6954838709677419,31,31,31,0.7,baseline-v2-20260723,cd270e7871bd358937d83d9a49829637fa80007d2964084ef229f578e3733bd3,ba75425861a059dafcc477474fc3e4ed1eafdc2b47d6fdd0557337035d29a960,a0df39ce29282beca2e250e1bb2345ff2c9210359ea28529ec8694d3158144d1,3539593,1693246944000000000,300
SS/orders_loss/2,SS,orders,loss,2,300,300,point,0.3,9,0.3,nsigma,2,0.5,0.8,0.045454545454545456,0,1,1,23,325.00299997627735,payment|orders|shipping|front-end|user,payment_istio-latency-99,0.7013978494623656,31,31,0.7073118279569892,0.6954838709677419,31,31,31,0.7,baseline-v2-20260723,cd270e7871bd358937d83d9a49829637fa80007d2964084ef229f578e3733bd3,ba75425861a059dafcc477474fc3e4ed1eafdc2b47d6fdd0557337035d29a960,a0df39ce29282beca2e250e1bb2345ff2c9210359ea28529ec8694d3158144d1,3539593,1693246944000000000,300
SS/orders_loss/2,SS,orders,loss,2,300,300,point,0.5,0,0.5,baro,6,0.16666666666666666,0.0,0.22727272727272727,0,0,0,23,429.504600004293,rabbitmq|payment|session-db|catalogue-db|shipping,rabbitmq_container-memory-usage-bytes,0.5044623655913979,31,31,0.5066666666666667,0.502258064516129,31,31,31,0.5,baseline-v2-20260723,cd270e7871bd358937d83d9a49829637fa80007d2964084ef229f578e3733bd3,ba75425861a059dafcc477474fc3e4ed1eafdc2b47d6fdd0557337035d29a960,a0df39ce29282beca2e250e1bb2345ff2c9210359ea28529ec8694d3158144d1,3539593,1693246944000000000,300
SS/orders_loss/2,SS,orders,loss,2,300,300,point,0.5,0,0.5,median_shift,6,0.16666666666666666,0.0,0.22727272727272727,0,0,0,23,119.23510004999116,payment|rabbitmq|session-db|user|shipping,payment_container-memory-max-usage-bytes,0.5044623655913979,31,31,0.5066666666666667,0.502258064516129,31,31,31,0.5,baseline-v2-20260723,cd270e7871bd358937d83d9a49829637fa80007d2964084ef229f578e3733bd3,ba75425861a059dafcc477474fc3e4ed1eafdc2b47d6fdd0557337035d29a960,a0df39ce29282beca2e250e1bb2345ff2c9210359ea28529ec8694d3158144d1,3539593,1693246944000000000,300
SS/orders_loss/2,SS,orders,loss,2,300,300,point,0.5,0,0.5,nsigma,2,0.5,0.8,0.045454545454545456,0,1,1,23,327.8450000216253,payment|orders|shipping|front-end|user,payment_istio-latency-99,0.5044623655913979,31,31,0.5066666666666667,0.502258064516129,31,31,31,0.5,baseline-v2-20260723,cd270e7871bd358937d83d9a49829637fa80007d2964084ef229f578e3733bd3,ba75425861a059dafcc477474fc3e4ed1eafdc2b47d6fdd0557337035d29a960,a0df39ce29282beca2e250e1bb2345ff2c9210359ea28529ec8694d3158144d1,3539593,1693246944000000000,300
SS/orders_loss/2,SS,orders,loss,2,300,300,point,0.5,1,0.5,baro,6,0.16666666666666666,0.0,0.22727272727272727,0,0,0,23,377.8703000280075,rabbitmq|payment|session-db|catalogue-db|shipping,rabbitmq_container-memory-usage-bytes,0.4997849462365591,31,31,0.4988172043010753,0.500752688172043,31,31,31,0.5,baseline-v2-20260723,cd270e7871bd358937d83d9a49829637fa80007d2964084ef229f578e3733bd3,ba75425861a059dafcc477474fc3e4ed1eafdc2b47d6fdd0557337035d29a960,a0df39ce29282beca2e250e1bb2345ff2c9210359ea28529ec8694d3158144d1,3539593,1693246944000000000,300
SS/orders_loss/2,SS,orders,loss,2,300,300,point,0.5,1,0.5,median_shift,6,0.16666666666666666,0.0,0.22727272727272727,0,0,0,23,116.89149995800108,payment|session-db|user|rabbitmq|shipping,payment_container-memory-max-usage-bytes,0.4997849462365591,31,31,0.4988172043010753,0.500752688172043,31,31,31,0.5,baseline-v2-20260723,cd270e7871bd358937d83d9a49829637fa80007d2964084ef229f578e3733bd3,ba75425861a059dafcc477474fc3e4ed1eafdc2b47d6fdd0557337035d29a960,a0df39ce29282beca2e250e1bb2345ff2c9210359ea28529ec8694d3158144d1,3539593,1693246944000000000,300
SS/orders_loss/2,SS,orders,loss,2,300,300,point,0.5,1,0.5,nsigma,2,0.5,0.8,0.045454545454545456,0,1,1,23,365.14660000102594,payment|orders|shipping|front-end|user,payment_istio-latency-99,0.4997849462365591,31,31,0.4988172043010753,0.500752688172043,31,31,31,0.5,baseline-v2-20260723,cd270e7871bd358937d83d9a49829637fa80007d2964084ef229f578e3733bd3,ba75425861a059dafcc477474fc3e4ed1eafdc2b47d6fdd0557337035d29a960,a0df39ce29282beca2e250e1bb2345ff2c9210359ea28529ec8694d3158144d1,3539593,1693246944000000000,300
SS/orders_loss/2,SS,orders,loss,2,300,300,point,0.5,2,0.5,baro,6,0.16666666666666666,0.0,0.22727272727272727,0,0,0,23,422.8490999666974,rabbitmq|payment|session-db|catalogue-db|shipping,rabbitmq_container-memory-usage-bytes,0.5044086021505376,31,31,0.5031182795698925,0.5056989247311828,31,31,31,0.5,baseline-v2-20260723,cd270e7871bd358937d83d9a49829637fa80007d2964084ef229f578e3733bd3,ba75425861a059dafcc477474fc3e4ed1eafdc2b47d6fdd0557337035d29a960,a0df39ce29282beca2e250e1bb2345ff2c9210359ea28529ec8694d3158144d1,3539593,1693246944000000000,300
SS/orders_loss/2,SS,orders,loss,2,300,300,point,0.5,2,0.5,median_shift,6,0.16666666666666666,0.0,0.22727272727272727,0,0,0,23,91.46809997037053,payment|session-db|user|rabbitmq|shipping,payment_container-memory-max-usage-bytes,0.5044086021505376,31,31,0.5031182795698925,0.5056989247311828,31,31,31,0.5,baseline-v2-20260723,cd270e7871bd358937d83d9a49829637fa80007d2964084ef229f578e3733bd3,ba75425861a059dafcc477474fc3e4ed1eafdc2b47d6fdd0557337035d29a960,a0df39ce29282beca2e250e1bb2345ff2c9210359ea28529ec8694d3158144d1,3539593,1693246944000000000,300
SS/orders_loss/2,SS,orders,loss,2,300,300,point,0.5,2,0.5,nsigma,2,0.5,0.8,0.045454545454545456,0,1,1,23,300.44129997259006,payment|orders|shipping|front-end|user,payment_istio-latency-99,0.5044086021505376,31,31,0.5031182795698925,0.5056989247311828,31,31,31,0.5,baseline-v2-20260723,cd270e7871bd358937d83d9a49829637fa80007d2964084ef229f578e3733bd3,ba75425861a059dafcc477474fc3e4ed1eafdc2b47d6fdd0557337035d29a960,a0df39ce29282beca2e250e1bb2345ff2c9210359ea28529ec8694d3158144d1,3539593,1693246944000000000,300
SS/orders_loss/2,SS,orders,loss,2,300,300,point,0.5,3,0.5,baro,6,0.16666666666666666,0.0,0.22727272727272727,0,0,0,23,389.3500000122003,rabbitmq|payment|session-db|catalogue-db|shipping,rabbitmq_container-memory-usage-bytes,0.5024193548387097,31,31,0.5040860215053763,0.500752688172043,31,31,31,0.5,baseline-v2-20260723,cd270e7871bd358937d83d9a49829637fa80007d2964084ef229f578e3733bd3,ba75425861a059dafcc477474fc3e4ed1eafdc2b47d6fdd0557337035d29a960,a0df39ce29282beca2e250e1bb2345ff2c9210359ea28529ec8694d3158144d1,3539593,1693246944000000000,300
SS/orders_loss/2,SS,orders,loss,2,300,300,point,0.5,3,0.5,median_shift,6,0.16666666666666666,0.0,0.22727272727272727,0,0,0,23,172.35409998102114,payment|session-db|user|rabbitmq|shipping,payment_container-memory-max-usage-bytes,0.5024193548387097,31,31,0.5040860215053763,0.500752688172043,31,31,31,0.5,baseline-v2-20260723,cd270e7871bd358937d83d9a49829637fa80007d2964084ef229f578e3733bd3,ba75425861a059dafcc477474fc3e4ed1eafdc2b47d6fdd0557337035d29a960,a0df39ce29282beca2e250e1bb2345ff2c9210359ea28529ec8694d3158144d1,3539593,1693246944000000000,300
SS/orders_loss/2,SS,orders,loss,2,300,300,point,0.5,3,0.5,nsigma,2,0.5,0.8,0.045454545454545456,0,1,1,23,316.9283000170253,payment|orders|shipping|front-end|user,payment_istio-latency-99,0.5024193548387097,31,31,0.5040860215053763,0.500752688172043,31,31,31,0.5,baseline-v2-20260723,cd270e7871bd358937d83d9a49829637fa80007d2964084ef229f578e3733bd3,ba75425861a059dafcc477474fc3e4ed1eafdc2b47d6fdd0557337035d29a960,a0df39ce29282beca2e250e1bb2345ff2c9210359ea28529ec8694d3158144d1,3539593,1693246944000000000,300
SS/orders_loss/2,SS,orders,loss,2,300,300,point,0.5,4,0.5,baro,6,0.16666666666666666,0.0,0.22727272727272727,0,0,0,23,436.9641999946907,rabbitmq|payment|session-db|catalogue-db|shipping,rabbitmq_container-memory-usage-bytes,0.4962365591397849,31,31,0.49483870967741933,0.4976344086021505,31,31,31,0.5,baseline-v2-20260723,cd270e7871bd358937d83d9a49829637fa80007d2964084ef229f578e3733bd3,ba75425861a059dafcc477474fc3e4ed1eafdc2b47d6fdd0557337035d29a960,a0df39ce29282beca2e250e1bb2345ff2c9210359ea28529ec8694d3158144d1,3539593,1693246944000000000,300
SS/orders_loss/2,SS,orders,loss,2,300,300,point,0.5,4,0.5,median_shift,6,0.16666666666666666,0.0,0.22727272727272727,0,0,0,23,118.84880001889542,payment|session-db|user|rabbitmq|shipping,payment_container-memory-max-usage-bytes,0.4962365591397849,31,31,0.49483870967741933,0.4976344086021505,31,31,31,0.5,baseline-v2-20260723,cd270e7871bd358937d83d9a49829637fa80007d2964084ef229f578e3733bd3,ba75425861a059dafcc477474fc3e4ed1eafdc2b47d6fdd0557337035d29a960,a0df39ce29282beca2e250e1bb2345ff2c9210359ea28529ec8694d3158144d1,3539593,1693246944000000000,300
SS/orders_loss/2,SS,orders,loss,2,300,300,point,0.5,4,0.5,nsigma,2,0.5,0.8,0.045454545454545456,0,1,1,23,318.29450000077486,payment|orders|shipping|front-end|user,payment_istio-latency-99,0.4962365591397849,31,31,0.49483870967741933,0.4976344086021505,31,31,31,0.5,baseline-v2-20260723,cd270e7871bd358937d83d9a49829637fa80007d2964084ef229f578e3733bd3,ba75425861a059dafcc477474fc3e4ed1eafdc2b47d6fdd0557337035d29a960,a0df39ce29282beca2e250e1bb2345ff2c9210359ea28529ec8694d3158144d1,3539593,1693246944000000000,300
SS/orders_loss/2,SS,orders,loss,2,300,300,point,0.5,5,0.5,baro,6,0.16666666666666666,0.0,0.22727272727272727,0,0,0,23,390.3605999657884,rabbitmq|payment|session-db|catalogue-db|shipping,rabbitmq_container-memory-usage-bytes,0.506774193548387,31,31,0.5088172043010752,0.504731182795699,31,31,31,0.5,baseline-v2-20260723,cd270e7871bd358937d83d9a49829637fa80007d2964084ef229f578e3733bd3,ba75425861a059dafcc477474fc3e4ed1eafdc2b47d6fdd0557337035d29a960,a0df39ce29282beca2e250e1bb2345ff2c9210359ea28529ec8694d3158144d1,3539593,1693246944000000000,300
SS/orders_loss/2,SS,orders,loss,2,300,300,point,0.5,5,0.5,median_shift,6,0.16666666666666666,0.0,0.22727272727272727,0,0,0,23,97.13279997231439,payment|session-db|user|rabbitmq|shipping,payment_container-memory-max-usage-bytes,0.506774193548387,31,31,0.5088172043010752,0.504731182795699,31,31,31,0.5,baseline-v2-20260723,cd270e7871bd358937d83d9a49829637fa80007d2964084ef229f578e3733bd3,ba75425861a059dafcc477474fc3e4ed1eafdc2b47d6fdd0557337035d29a960,a0df39ce29282beca2e250e1bb2345ff2c9210359ea28529ec8694d3158144d1,3539593,1693246944000000000,300
SS/orders_loss/2,SS,orders,loss,2,300,300,point,0.5,5,0.5,nsigma,2,0.5,0.8,0.045454545454545456,0,1,1,23,295.5406999681145,payment|orders|shipping|front-end|user,payment_istio-latency-99,0.506774193548387,31,31,0.5088172043010752,0.504731182795699,31,31,31,0.5,baseline-v2-20260723,cd270e7871bd358937d83d9a49829637fa80007d2964084ef229f578e3733bd3,ba75425861a059dafcc477474fc3e4ed1eafdc2b47d6fdd0557337035d29a960,a0df39ce29282beca2e250e1bb2345ff2c9210359ea28529ec8694d3158144d1,3539593,1693246944000000000,300
SS/orders_loss/2,SS,orders,loss,2,300,300,point,0.5,6,0.5,baro,6,0.16666666666666666,0.0,0.22727272727272727,0,0,0,23,355.769399960991,rabbitmq|payment|session-db|catalogue-db|shipping,rabbitmq_container-memory-usage-bytes,0.5027419354838709,31,31,0.5046236559139785,0.5008602150537634,31,31,31,0.5,baseline-v2-20260723,cd270e7871bd358937d83d9a49829637fa80007d2964084ef229f578e3733bd3,ba75425861a059dafcc477474fc3e4ed1eafdc2b47d6fdd0557337035d29a960,a0df39ce29282beca2e250e1bb2345ff2c9210359ea28529ec8694d3158144d1,3539593,1693246944000000000,300
SS/orders_loss/2,SS,orders,loss,2,300,300,point,0.5,6,0.5,median_shift,6,0.16666666666666666,0.0,0.22727272727272727,0,0,0,23,163.8395999907516,payment|rabbitmq|session-db|shipping|user,payment_container-memory-max-usage-bytes,0.5027419354838709,31,31,0.5046236559139785,0.5008602150537634,31,31,31,0.5,baseline-v2-20260723,cd270e7871bd358937d83d9a49829637fa80007d2964084ef229f578e3733bd3,ba75425861a059dafcc477474fc3e4ed1eafdc2b47d6fdd0557337035d29a960,a0df39ce29282beca2e250e1bb2345ff2c9210359ea28529ec8694d3158144d1,3539593,1693246944000000000,300
SS/orders_loss/2,SS,orders,loss,2,300,300,point,0.5,6,0.5,nsigma,2,0.5,0.8,0.045454545454545456,0,1,1,23,288.50650001550093,payment|orders|shipping|front-end|user,payment_istio-latency-99,0.5027419354838709,31,31,0.5046236559139785,0.5008602150537634,31,31,31,0.5,baseline-v2-20260723,cd270e7871bd358937d83d9a49829637fa80007d2964084ef229f578e3733bd3,ba75425861a059dafcc477474fc3e4ed1eafdc2b47d6fdd0557337035d29a960,a0df39ce29282beca2e250e1bb2345ff2c9210359ea28529ec8694d3158144d1,3539593,1693246944000000000,300
SS/orders_loss/2,SS,orders,loss,2,300,300,point,0.5,7,0.5,baro,6,0.16666666666666666,0.0,0.22727272727272727,0,0,0,23,456.5599000197835,rabbitmq|payment|session-db|catalogue-db|shipping,rabbitmq_container-memory-usage-bytes,0.5001075268817204,31,31,0.5041935483870967,0.4960215053763441,31,31,31,0.5,baseline-v2-20260723,cd270e7871bd358937d83d9a49829637fa80007d2964084ef229f578e3733bd3,ba75425861a059dafcc477474fc3e4ed1eafdc2b47d6fdd0557337035d29a960,a0df39ce29282beca2e250e1bb2345ff2c9210359ea28529ec8694d3158144d1,3539593,1693246944000000000,300
SS/orders_loss/2,SS,orders,loss,2,300,300,point,0.5,7,0.5,median_shift,6,0.16666666666666666,0.0,0.22727272727272727,0,0,0,23,117.65529995318502,payment|rabbitmq|session-db|shipping|user,payment_container-memory-max-usage-bytes,0.5001075268817204,31,31,0.5041935483870967,0.4960215053763441,31,31,31,0.5,baseline-v2-20260723,cd270e7871bd358937d83d9a49829637fa80007d2964084ef229f578e3733bd3,ba75425861a059dafcc477474fc3e4ed1eafdc2b47d6fdd0557337035d29a960,a0df39ce29282beca2e250e1bb2345ff2c9210359ea28529ec8694d3158144d1,3539593,1693246944000000000,300
SS/orders_loss/2,SS,orders,loss,2,300,300,point,0.5,7,0.5,nsigma,2,0.5,0.8,0.045454545454545456,0,1,1,23,361.0960000078194,payment|orders|shipping|front-end|rabbitmq,payment_istio-latency-99,0.5001075268817204,31,31,0.5041935483870967,0.4960215053763441,31,31,31,0.5,baseline-v2-20260723,cd270e7871bd358937d83d9a49829637fa80007d2964084ef229f578e3733bd3,ba75425861a059dafcc477474fc3e4ed1eafdc2b47d6fdd0557337035d29a960,a0df39ce29282beca2e250e1bb2345ff2c9210359ea28529ec8694d3158144d1,3539593,1693246944000000000,300
SS/orders_loss/2,SS,orders,loss,2,300,300,point,0.5,8,0.5,baro,6,0.16666666666666666,0.0,0.22727272727272727,0,0,0,23,395.793900010176,rabbitmq|payment|session-db|catalogue-db|shipping,rabbitmq_container-memory-usage-bytes,0.4956989247311828,31,31,0.4950537634408602,0.49634408602150537,31,31,31,0.5,baseline-v2-20260723,cd270e7871bd358937d83d9a49829637fa80007d2964084ef229f578e3733bd3,ba75425861a059dafcc477474fc3e4ed1eafdc2b47d6fdd0557337035d29a960,a0df39ce29282beca2e250e1bb2345ff2c9210359ea28529ec8694d3158144d1,3539593,1693246944000000000,300
SS/orders_loss/2,SS,orders,loss,2,300,300,point,0.5,8,0.5,median_shift,6,0.16666666666666666,0.0,0.22727272727272727,0,0,0,23,94.21090001706034,payment|rabbitmq|session-db|user|shipping,payment_container-memory-max-usage-bytes,0.4956989247311828,31,31,0.4950537634408602,0.49634408602150537,31,31,31,0.5,baseline-v2-20260723,cd270e7871bd358937d83d9a49829637fa80007d2964084ef229f578e3733bd3,ba75425861a059dafcc477474fc3e4ed1eafdc2b47d6fdd0557337035d29a960,a0df39ce29282beca2e250e1bb2345ff2c9210359ea28529ec8694d3158144d1,3539593,1693246944000000000,300
SS/orders_loss/2,SS,orders,loss,2,300,300,point,0.5,8,0.5,nsigma,2,0.5,0.8,0.045454545454545456,0,1,1,23,452.186000009533,payment|orders|shipping|front-end|user,payment_istio-latency-99,0.4956989247311828,31,31,0.4950537634408602,0.49634408602150537,31,31,31,0.5,baseline-v2-20260723,cd270e7871bd358937d83d9a49829637fa80007d2964084ef229f578e3733bd3,ba75425861a059dafcc477474fc3e4ed1eafdc2b47d6fdd0557337035d29a960,a0df39ce29282beca2e250e1bb2345ff2c9210359ea28529ec8694d3158144d1,3539593,1693246944000000000,300
SS/orders_loss/2,SS,orders,loss,2,300,300,point,0.5,9,0.5,baro,6,0.16666666666666666,0.0,0.22727272727272727,0,0,0,23,398.2584999757819,rabbitmq|payment|session-db|catalogue-db|shipping,rabbitmq_container-memory-usage-bytes,0.5014516129032258,31,31,0.4981720430107527,0.504731182795699,31,31,31,0.5,baseline-v2-20260723,cd270e7871bd358937d83d9a49829637fa80007d2964084ef229f578e3733bd3,ba75425861a059dafcc477474fc3e4ed1eafdc2b47d6fdd0557337035d29a960,a0df39ce29282beca2e250e1bb2345ff2c9210359ea28529ec8694d3158144d1,3539593,1693246944000000000,300
SS/orders_loss/2,SS,orders,loss,2,300,300,point,0.5,9,0.5,median_shift,6,0.16666666666666666,0.0,0.22727272727272727,0,0,0,23,97.23600000143051,payment|session-db|user|rabbitmq|shipping,payment_container-memory-max-usage-bytes,0.5014516129032258,31,31,0.4981720430107527,0.504731182795699,31,31,31,0.5,baseline-v2-20260723,cd270e7871bd358937d83d9a49829637fa80007d2964084ef229f578e3733bd3,ba75425861a059dafcc477474fc3e4ed1eafdc2b47d6fdd0557337035d29a960,a0df39ce29282beca2e250e1bb2345ff2c9210359ea28529ec8694d3158144d1,3539593,1693246944000000000,300
SS/orders_loss/2,SS,orders,loss,2,300,300,point,0.5,9,0.5,nsigma,2,0.5,0.8,0.045454545454545456,0,1,1,23,362.7676999894902,payment|orders|shipping|front-end|user,payment_istio-latency-99,0.5014516129032258,31,31,0.4981720430107527,0.504731182795699,31,31,31,0.5,baseline-v2-20260723,cd270e7871bd358937d83d9a49829637fa80007d2964084ef229f578e3733bd3,ba75425861a059dafcc477474fc3e4ed1eafdc2b47d6fdd0557337035d29a960,a0df39ce29282beca2e250e1bb2345ff2c9210359ea28529ec8694d3158144d1,3539593,1693246944000000000,300
SS/orders_loss/2,SS,orders,loss,2,300,300,stream,0.1,0,0.1004566210045662,baro,6,0.16666666666666666,0.0,0.22727272727272727,0,0,0,23,372.76769999880344,rabbitmq|payment|session-db|catalogue-db|shipping,rabbitmq_container-memory-usage-bytes,0.8387096774193549,26,31,0.8387096774193549,0.8387096774193549,26,26,26,0.8995433789954338,baseline-v2-20260723,cd270e7871bd358937d83d9a49829637fa80007d2964084ef229f578e3733bd3,ba75425861a059dafcc477474fc3e4ed1eafdc2b47d6fdd0557337035d29a960,a0df39ce29282beca2e250e1bb2345ff2c9210359ea28529ec8694d3158144d1,3539593,1693246944000000000,300
SS/orders_loss/2,SS,orders,loss,2,300,300,stream,0.1,0,0.1004566210045662,median_shift,6,0.16666666666666666,0.0,0.22727272727272727,0,0,0,23,100.59710004134104,payment|session-db|shipping|user|rabbitmq,payment_container-memory-max-usage-bytes,0.8387096774193549,26,31,0.8387096774193549,0.8387096774193549,26,26,26,0.8995433789954338,baseline-v2-20260723,cd270e7871bd358937d83d9a49829637fa80007d2964084ef229f578e3733bd3,ba75425861a059dafcc477474fc3e4ed1eafdc2b47d6fdd0557337035d29a960,a0df39ce29282beca2e250e1bb2345ff2c9210359ea28529ec8694d3158144d1,3539593,1693246944000000000,300
SS/orders_loss/2,SS,orders,loss,2,300,300,stream,0.1,0,0.1004566210045662,nsigma,2,0.5,0.8,0.045454545454545456,0,1,1,23,396.23469999060035,payment|orders|shipping|front-end|user,payment_istio-latency-99,0.8387096774193549,26,31,0.8387096774193549,0.8387096774193549,26,26,26,0.8995433789954338,baseline-v2-20260723,cd270e7871bd358937d83d9a49829637fa80007d2964084ef229f578e3733bd3,ba75425861a059dafcc477474fc3e4ed1eafdc2b47d6fdd0557337035d29a960,a0df39ce29282beca2e250e1bb2345ff2c9210359ea28529ec8694d3158144d1,3539593,1693246944000000000,300
SS/orders_loss/2,SS,orders,loss,2,300,300,stream,0.1,1,0.1004566210045662,baro,6,0.16666666666666666,0.0,0.22727272727272727,0,0,0,23,373.41410003136843,rabbitmq|payment|session-db|catalogue-db|shipping,rabbitmq_container-memory-usage-bytes,0.8064516129032258,25,31,0.8064516129032258,0.8064516129032258,25,25,25,0.8995433789954338,baseline-v2-20260723,cd270e7871bd358937d83d9a49829637fa80007d2964084ef229f578e3733bd3,ba75425861a059dafcc477474fc3e4ed1eafdc2b47d6fdd0557337035d29a960,a0df39ce29282beca2e250e1bb2345ff2c9210359ea28529ec8694d3158144d1,3539593,1693246944000000000,300
SS/orders_loss/2,SS,orders,loss,2,300,300,stream,0.1,1,0.1004566210045662,median_shift,4,0.25,0.4,0.13636363636363635,0,0,1,23,81.67839999077842,payment|shipping|rabbitmq|orders|front-end,payment_container-memory-max-usage-bytes,0.8064516129032258,25,31,0.8064516129032258,0.8064516129032258,25,25,25,0.8995433789954338,baseline-v2-20260723,cd270e7871bd358937d83d9a49829637fa80007d2964084ef229f578e3733bd3,ba75425861a059dafcc477474fc3e4ed1eafdc2b47d6fdd0557337035d29a960,a0df39ce29282beca2e250e1bb2345ff2c9210359ea28529ec8694d3158144d1,3539593,1693246944000000000,300
SS/orders_loss/2,SS,orders,loss,2,300,300,stream,0.1,1,0.1004566210045662,nsigma,2,0.5,0.8,0.045454545454545456,0,1,1,23,265.4599000234157,payment|orders|shipping|front-end|user,payment_istio-latency-99,0.8064516129032258,25,31,0.8064516129032258,0.8064516129032258,25,25,25,0.8995433789954338,baseline-v2-20260723,cd270e7871bd358937d83d9a49829637fa80007d2964084ef229f578e3733bd3,ba75425861a059dafcc477474fc3e4ed1eafdc2b47d6fdd0557337035d29a960,a0df39ce29282beca2e250e1bb2345ff2c9210359ea28529ec8694d3158144d1,3539593,1693246944000000000,300
SS/orders_loss/2,SS,orders,loss,2,300,300,stream,0.1,2,0.1004566210045662,baro,6,0.16666666666666666,0.0,0.22727272727272727,0,0,0,23,303.1174000352621,rabbitmq|payment|session-db|catalogue-db|shipping,rabbitmq_container-memory-usage-bytes,0.8709677419354839,27,31,0.8709677419354839,0.8709677419354839,27,27,27,0.8995433789954338,baseline-v2-20260723,cd270e7871bd358937d83d9a49829637fa80007d2964084ef229f578e3733bd3,ba75425861a059dafcc477474fc3e4ed1eafdc2b47d6fdd0557337035d29a960,a0df39ce29282beca2e250e1bb2345ff2c9210359ea28529ec8694d3158144d1,3539593,1693246944000000000,300
SS/orders_loss/2,SS,orders,loss,2,300,300,stream,0.1,2,0.1004566210045662,median_shift,6,0.16666666666666666,0.0,0.22727272727272727,0,0,0,23,82.64179999241605,payment|session-db|shipping|user|rabbitmq,payment_container-memory-max-usage-bytes,0.8709677419354839,27,31,0.8709677419354839,0.8709677419354839,27,27,27,0.8995433789954338,baseline-v2-20260723,cd270e7871bd358937d83d9a49829637fa80007d2964084ef229f578e3733bd3,ba75425861a059dafcc477474fc3e4ed1eafdc2b47d6fdd0557337035d29a960,a0df39ce29282beca2e250e1bb2345ff2c9210359ea28529ec8694d3158144d1,3539593,1693246944000000000,300
SS/orders_loss/2,SS,orders,loss,2,300,300,stream,0.1,2,0.1004566210045662,nsigma,2,0.5,0.8,0.045454545454545456,0,1,1,23,327.3007000098005,payment|orders|shipping|front-end|user,payment_istio-latency-99,0.8709677419354839,27,31,0.8709677419354839,0.8709677419354839,27,27,27,0.8995433789954338,baseline-v2-20260723,cd270e7871bd358937d83d9a49829637fa80007d2964084ef229f578e3733bd3,ba75425861a059dafcc477474fc3e4ed1eafdc2b47d6fdd0557337035d29a960,a0df39ce29282beca2e250e1bb2345ff2c9210359ea28529ec8694d3158144d1,3539593,1693246944000000000,300
SS/orders_loss/2,SS,orders,loss,2,300,300,stream,0.1,3,0.1004566210045662,baro,6,0.16666666666666666,0.0,0.22727272727272727,0,0,0,23,333.6561999749392,rabbitmq|payment|session-db|catalogue-db|shipping,rabbitmq_container-memory-working-set-bytes,0.8387096774193549,26,31,0.8387096774193549,0.8387096774193549,26,26,26,0.8995433789954338,baseline-v2-20260723,cd270e7871bd358937d83d9a49829637fa80007d2964084ef229f578e3733bd3,ba75425861a059dafcc477474fc3e4ed1eafdc2b47d6fdd0557337035d29a960,a0df39ce29282beca2e250e1bb2345ff2c9210359ea28529ec8694d3158144d1,3539593,1693246944000000000,300
SS/orders_loss/2,SS,orders,loss,2,300,300,stream,0.1,3,0.1004566210045662,median_shift,5,0.2,0.2,0.18181818181818182,0,0,1,23,111.40069999964908,payment|user|rabbitmq|shipping|orders,payment_container-memory-max-usage-bytes,0.8387096774193549,26,31,0.8387096774193549,0.8387096774193549,26,26,26,0.8995433789954338,baseline-v2-20260723,cd270e7871bd358937d83d9a49829637fa80007d2964084ef229f578e3733bd3,ba75425861a059dafcc477474fc3e4ed1eafdc2b47d6fdd0557337035d29a960,a0df39ce29282beca2e250e1bb2345ff2c9210359ea28529ec8694d3158144d1,3539593,1693246944000000000,300
SS/orders_loss/2,SS,orders,loss,2,300,300,stream,0.1,3,0.1004566210045662,nsigma,2,0.5,0.8,0.045454545454545456,0,1,1,23,265.5157000408508,payment|orders|shipping|front-end|user,payment_istio-latency-99,0.8387096774193549,26,31,0.8387096774193549,0.8387096774193549,26,26,26,0.8995433789954338,baseline-v2-20260723,cd270e7871bd358937d83d9a49829637fa80007d2964084ef229f578e3733bd3,ba75425861a059dafcc477474fc3e4ed1eafdc2b47d6fdd0557337035d29a960,a0df39ce29282beca2e250e1bb2345ff2c9210359ea28529ec8694d3158144d1,3539593,1693246944000000000,300
SS/orders_loss/2,SS,orders,loss,2,300,300,stream,0.1,4,0.1004566210045662,baro,6,0.16666666666666666,0.0,0.22727272727272727,0,0,0,23,306.8122999975458,rabbitmq|payment|session-db|catalogue-db|shipping,rabbitmq_container-memory-usage-bytes,0.967741935483871,30,31,0.967741935483871,0.967741935483871,30,30,30,0.8995433789954338,baseline-v2-20260723,cd270e7871bd358937d83d9a49829637fa80007d2964084ef229f578e3733bd3,ba75425861a059dafcc477474fc3e4ed1eafdc2b47d6fdd0557337035d29a960,a0df39ce29282beca2e250e1bb2345ff2c9210359ea28529ec8694d3158144d1,3539593,1693246944000000000,300
SS/orders_loss/2,SS,orders,loss,2,300,300,stream,0.1,4,0.1004566210045662,median_shift,6,0.16666666666666666,0.0,0.22727272727272727,0,0,0,23,89.09369999310002,payment|session-db|shipping|user|rabbitmq,payment_container-memory-max-usage-bytes,0.967741935483871,30,31,0.967741935483871,0.967741935483871,30,30,30,0.8995433789954338,baseline-v2-20260723,cd270e7871bd358937d83d9a49829637fa80007d2964084ef229f578e3733bd3,ba75425861a059dafcc477474fc3e4ed1eafdc2b47d6fdd0557337035d29a960,a0df39ce29282beca2e250e1bb2345ff2c9210359ea28529ec8694d3158144d1,3539593,1693246944000000000,300
SS/orders_loss/2,SS,orders,loss,2,300,300,stream,0.1,4,0.1004566210045662,nsigma,2,0.5,0.8,0.045454545454545456,0,1,1,23,275.2846999792382,payment|orders|shipping|front-end|user,payment_istio-latency-99,0.967741935483871,30,31,0.967741935483871,0.967741935483871,30,30,30,0.8995433789954338,baseline-v2-20260723,cd270e7871bd358937d83d9a49829637fa80007d2964084ef229f578e3733bd3,ba75425861a059dafcc477474fc3e4ed1eafdc2b47d6fdd0557337035d29a960,a0df39ce29282beca2e250e1bb2345ff2c9210359ea28529ec8694d3158144d1,3539593,1693246944000000000,300
SS/orders_loss/2,SS,orders,loss,2,300,300,stream,0.1,5,0.1004566210045662,baro,6,0.16666666666666666,0.0,0.22727272727272727,0,0,0,23,327.4684000061825,rabbitmq|payment|session-db|catalogue-db|shipping,rabbitmq_container-memory-working-set-bytes,0.9032258064516129,28,31,0.9032258064516129,0.9032258064516129,28,28,28,0.8995433789954338,baseline-v2-20260723,cd270e7871bd358937d83d9a49829637fa80007d2964084ef229f578e3733bd3,ba75425861a059dafcc477474fc3e4ed1eafdc2b47d6fdd0557337035d29a960,a0df39ce29282beca2e250e1bb2345ff2c9210359ea28529ec8694d3158144d1,3539593,1693246944000000000,300
SS/orders_loss/2,SS,orders,loss,2,300,300,stream,0.1,5,0.1004566210045662,median_shift,6,0.16666666666666666,0.0,0.22727272727272727,0,0,0,23,77.87010003812611,session-db|shipping|user|payment|rabbitmq,session-db_container-memory-rss,0.9032258064516129,28,31,0.9032258064516129,0.9032258064516129,28,28,28,0.8995433789954338,baseline-v2-20260723,cd270e7871bd358937d83d9a49829637fa80007d2964084ef229f578e3733bd3,ba75425861a059dafcc477474fc3e4ed1eafdc2b47d6fdd0557337035d29a960,a0df39ce29282beca2e250e1bb2345ff2c9210359ea28529ec8694d3158144d1,3539593,1693246944000000000,300
SS/orders_loss/2,SS,orders,loss,2,300,300,stream,0.1,5,0.1004566210045662,nsigma,2,0.5,0.8,0.045454545454545456,0,1,1,23,272.1099000191316,payment|orders|shipping|front-end|user,payment_istio-latency-99,0.9032258064516129,28,31,0.9032258064516129,0.9032258064516129,28,28,28,0.8995433789954338,baseline-v2-20260723,cd270e7871bd358937d83d9a49829637fa80007d2964084ef229f578e3733bd3,ba75425861a059dafcc477474fc3e4ed1eafdc2b47d6fdd0557337035d29a960,a0df39ce29282beca2e250e1bb2345ff2c9210359ea28529ec8694d3158144d1,3539593,1693246944000000000,300
SS/orders_loss/2,SS,orders,loss,2,300,300,stream,0.1,6,0.1004566210045662,baro,6,0.16666666666666666,0.0,0.22727272727272727,0,0,0,23,316.91490003140643,rabbitmq|payment|session-db|catalogue-db|shipping,rabbitmq_container-memory-usage-bytes,0.9032258064516129,28,31,0.9032258064516129,0.9032258064516129,28,28,28,0.8995433789954338,baseline-v2-20260723,cd270e7871bd358937d83d9a49829637fa80007d2964084ef229f578e3733bd3,ba75425861a059dafcc477474fc3e4ed1eafdc2b47d6fdd0557337035d29a960,a0df39ce29282beca2e250e1bb2345ff2c9210359ea28529ec8694d3158144d1,3539593,1693246944000000000,300
SS/orders_loss/2,SS,orders,loss,2,300,300,stream,0.1,6,0.1004566210045662,median_shift,6,0.16666666666666666,0.0,0.22727272727272727,0,0,0,23,79.43410001462325,payment|session-db|shipping|user|rabbitmq,payment_container-memory-max-usage-bytes,0.9032258064516129,28,31,0.9032258064516129,0.9032258064516129,28,28,28,0.8995433789954338,baseline-v2-20260723,cd270e7871bd358937d83d9a49829637fa80007d2964084ef229f578e3733bd3,ba75425861a059dafcc477474fc3e4ed1eafdc2b47d6fdd0557337035d29a960,a0df39ce29282beca2e250e1bb2345ff2c9210359ea28529ec8694d3158144d1,3539593,1693246944000000000,300
SS/orders_loss/2,SS,orders,loss,2,300,300,stream,0.1,6,0.1004566210045662,nsigma,2,0.5,0.8,0.045454545454545456,0,1,1,23,263.55139998486266,payment|orders|shipping|front-end|user,payment_istio-latency-99,0.9032258064516129,28,31,0.9032258064516129,0.9032258064516129,28,28,28,0.8995433789954338,baseline-v2-20260723,cd270e7871bd358937d83d9a49829637fa80007d2964084ef229f578e3733bd3,ba75425861a059dafcc477474fc3e4ed1eafdc2b47d6fdd0557337035d29a960,a0df39ce29282beca2e250e1bb2345ff2c9210359ea28529ec8694d3158144d1,3539593,1693246944000000000,300
SS/orders_loss/2,SS,orders,loss,2,300,300,stream,0.1,7,0.1004566210045662,baro,6,0.16666666666666666,0.0,0.22727272727272727,0,0,0,23,345.0682999682613,rabbitmq|payment|session-db|catalogue-db|shipping,rabbitmq_container-memory-usage-bytes,0.8709677419354839,27,31,0.8709677419354839,0.8709677419354839,27,27,27,0.8995433789954338,baseline-v2-20260723,cd270e7871bd358937d83d9a49829637fa80007d2964084ef229f578e3733bd3,ba75425861a059dafcc477474fc3e4ed1eafdc2b47d6fdd0557337035d29a960,a0df39ce29282beca2e250e1bb2345ff2c9210359ea28529ec8694d3158144d1,3539593,1693246944000000000,300
SS/orders_loss/2,SS,orders,loss,2,300,300,stream,0.1,7,0.1004566210045662,median_shift,5,0.2,0.2,0.18181818181818182,0,0,1,23,106.43899999558926,payment|shipping|user|rabbitmq|orders,payment_container-memory-max-usage-bytes,0.8709677419354839,27,31,0.8709677419354839,0.8709677419354839,27,27,27,0.8995433789954338,baseline-v2-20260723,cd270e7871bd358937d83d9a49829637fa80007d2964084ef229f578e3733bd3,ba75425861a059dafcc477474fc3e4ed1eafdc2b47d6fdd0557337035d29a960,a0df39ce29282beca2e250e1bb2345ff2c9210359ea28529ec8694d3158144d1,3539593,1693246944000000000,300
SS/orders_loss/2,SS,orders,loss,2,300,300,stream,0.1,7,0.1004566210045662,nsigma,2,0.5,0.8,0.045454545454545456,0,1,1,23,262.5644000363536,payment|orders|shipping|front-end|rabbitmq,payment_istio-latency-99,0.8709677419354839,27,31,0.8709677419354839,0.8709677419354839,27,27,27,0.8995433789954338,baseline-v2-20260723,cd270e7871bd358937d83d9a49829637fa80007d2964084ef229f578e3733bd3,ba75425861a059dafcc477474fc3e4ed1eafdc2b47d6fdd0557337035d29a960,a0df39ce29282beca2e250e1bb2345ff2c9210359ea28529ec8694d3158144d1,3539593,1693246944000000000,300
SS/orders_loss/2,SS,orders,loss,2,300,300,stream,0.1,8,0.1004566210045662,baro,5,0.2,0.2,0.18181818181818182,0,0,1,23,394.67559999320656,rabbitmq|payment|session-db|catalogue-db|orders,rabbitmq_container-memory-usage-bytes,0.9354838709677419,29,31,0.9354838709677419,0.9354838709677419,29,29,29,0.8995433789954338,baseline-v2-20260723,cd270e7871bd358937d83d9a49829637fa80007d2964084ef229f578e3733bd3,ba75425861a059dafcc477474fc3e4ed1eafdc2b47d6fdd0557337035d29a960,a0df39ce29282beca2e250e1bb2345ff2c9210359ea28529ec8694d3158144d1,3539593,1693246944000000000,300
SS/orders_loss/2,SS,orders,loss,2,300,300,stream,0.1,8,0.1004566210045662,median_shift,6,0.16666666666666666,0.0,0.22727272727272727,0,0,0,23,114.54500001855195,session-db|shipping|user|payment|rabbitmq,session-db_container-memory-rss,0.9354838709677419,29,31,0.9354838709677419,0.9354838709677419,29,29,29,0.8995433789954338,baseline-v2-20260723,cd270e7871bd358937d83d9a49829637fa80007d2964084ef229f578e3733bd3,ba75425861a059dafcc477474fc3e4ed1eafdc2b47d6fdd0557337035d29a960,a0df39ce29282beca2e250e1bb2345ff2c9210359ea28529ec8694d3158144d1,3539593,1693246944000000000,300
SS/orders_loss/2,SS,orders,loss,2,300,300,stream,0.1,8,0.1004566210045662,nsigma,2,0.5,0.8,0.045454545454545456,0,1,1,23,382.0284999674186,payment|orders|shipping|front-end|user,payment_istio-latency-99,0.9354838709677419,29,31,0.9354838709677419,0.9354838709677419,29,29,29,0.8995433789954338,baseline-v2-20260723,cd270e7871bd358937d83d9a49829637fa80007d2964084ef229f578e3733bd3,ba75425861a059dafcc477474fc3e4ed1eafdc2b47d6fdd0557337035d29a960,a0df39ce29282beca2e250e1bb2345ff2c9210359ea28529ec8694d3158144d1,3539593,1693246944000000000,300
SS/orders_loss/2,SS,orders,loss,2,300,300,stream,0.1,9,0.1004566210045662,baro,5,0.2,0.2,0.18181818181818182,0,0,1,23,352.18049999093637,rabbitmq|session-db|catalogue-db|payment|orders,rabbitmq_container-memory-usage-bytes,0.8709677419354839,27,31,0.8709677419354839,0.8709677419354839,27,27,27,0.8995433789954338,baseline-v2-20260723,cd270e7871bd358937d83d9a49829637fa80007d2964084ef229f578e3733bd3,ba75425861a059dafcc477474fc3e4ed1eafdc2b47d6fdd0557337035d29a960,a0df39ce29282beca2e250e1bb2345ff2c9210359ea28529ec8694d3158144d1,3539593,1693246944000000000,300
SS/orders_loss/2,SS,orders,loss,2,300,300,stream,0.1,9,0.1004566210045662,median_shift,5,0.2,0.2,0.18181818181818182,0,0,1,23,104.3426999822259,payment|session-db|shipping|rabbitmq|orders,payment_container-memory-max-usage-bytes,0.8709677419354839,27,31,0.8709677419354839,0.8709677419354839,27,27,27,0.8995433789954338,baseline-v2-20260723,cd270e7871bd358937d83d9a49829637fa80007d2964084ef229f578e3733bd3,ba75425861a059dafcc477474fc3e4ed1eafdc2b47d6fdd0557337035d29a960,a0df39ce29282beca2e250e1bb2345ff2c9210359ea28529ec8694d3158144d1,3539593,1693246944000000000,300
SS/orders_loss/2,SS,orders,loss,2,300,300,stream,0.1,9,0.1004566210045662,nsigma,2,0.5,0.8,0.045454545454545456,0,1,1,23,307.2894000215456,payment|orders|shipping|front-end|user,payment_istio-latency-95,0.8709677419354839,27,31,0.8709677419354839,0.8709677419354839,27,27,27,0.8995433789954338,baseline-v2-20260723,cd270e7871bd358937d83d9a49829637fa80007d2964084ef229f578e3733bd3,ba75425861a059dafcc477474fc3e4ed1eafdc2b47d6fdd0557337035d29a960,a0df39ce29282beca2e250e1bb2345ff2c9210359ea28529ec8694d3158144d1,3539593,1693246944000000000,300
SS/orders_loss/2,SS,orders,loss,2,300,300,stream,0.3,0,0.2990867579908676,baro,6,0.16666666666666666,0.0,0.22727272727272727,0,0,0,23,288.74260000884533,rabbitmq|payment|session-db|catalogue-db|shipping,rabbitmq_container-memory-usage-bytes,0.8064516129032258,25,31,0.8064516129032258,0.8064516129032258,25,25,25,0.7009132420091324,baseline-v2-20260723,cd270e7871bd358937d83d9a49829637fa80007d2964084ef229f578e3733bd3,ba75425861a059dafcc477474fc3e4ed1eafdc2b47d6fdd0557337035d29a960,a0df39ce29282beca2e250e1bb2345ff2c9210359ea28529ec8694d3158144d1,3539593,1693246944000000000,300
SS/orders_loss/2,SS,orders,loss,2,300,300,stream,0.3,0,0.2990867579908676,median_shift,5,0.2,0.2,0.18181818181818182,0,0,1,23,70.94240002334118,user|payment|rabbitmq|shipping|orders,user_container-memory-rss,0.8064516129032258,25,31,0.8064516129032258,0.8064516129032258,25,25,25,0.7009132420091324,baseline-v2-20260723,cd270e7871bd358937d83d9a49829637fa80007d2964084ef229f578e3733bd3,ba75425861a059dafcc477474fc3e4ed1eafdc2b47d6fdd0557337035d29a960,a0df39ce29282beca2e250e1bb2345ff2c9210359ea28529ec8694d3158144d1,3539593,1693246944000000000,300
SS/orders_loss/2,SS,orders,loss,2,300,300,stream,0.3,0,0.2990867579908676,nsigma,2,0.5,0.8,0.045454545454545456,0,1,1,23,224.97189999558032,payment|orders|front-end|shipping|rabbitmq,payment_istio-latency-99,0.8064516129032258,25,31,0.8064516129032258,0.8064516129032258,25,25,25,0.7009132420091324,baseline-v2-20260723,cd270e7871bd358937d83d9a49829637fa80007d2964084ef229f578e3733bd3,ba75425861a059dafcc477474fc3e4ed1eafdc2b47d6fdd0557337035d29a960,a0df39ce29282beca2e250e1bb2345ff2c9210359ea28529ec8694d3158144d1,3539593,1693246944000000000,300
SS/orders_loss/2,SS,orders,loss,2,300,300,stream,0.3,1,0.2990867579908676,baro,5,0.2,0.2,0.18181818181818182,0,0,1,23,284.53190001891926,rabbitmq|session-db|payment|shipping|orders,rabbitmq_container-memory-usage-bytes,0.6774193548387096,21,31,0.6774193548387096,0.6774193548387096,21,21,21,0.7009132420091324,baseline-v2-20260723,cd270e7871bd358937d83d9a49829637fa80007d2964084ef229f578e3733bd3,ba75425861a059dafcc477474fc3e4ed1eafdc2b47d6fdd0557337035d29a960,a0df39ce29282beca2e250e1bb2345ff2c9210359ea28529ec8694d3158144d1,3539593,1693246944000000000,300
SS/orders_loss/2,SS,orders,loss,2,300,300,stream,0.3,1,0.2990867579908676,median_shift,5,0.2,0.2,0.18181818181818182,0,0,1,23,105.2917999913916,payment|session-db|rabbitmq|shipping|orders,payment_container-memory-max-usage-bytes,0.6774193548387096,21,31,0.6774193548387096,0.6774193548387096,21,21,21,0.7009132420091324,baseline-v2-20260723,cd270e7871bd358937d83d9a49829637fa80007d2964084ef229f578e3733bd3,ba75425861a059dafcc477474fc3e4ed1eafdc2b47d6fdd0557337035d29a960,a0df39ce29282beca2e250e1bb2345ff2c9210359ea28529ec8694d3158144d1,3539593,1693246944000000000,300
SS/orders_loss/2,SS,orders,loss,2,300,300,stream,0.3,1,0.2990867579908676,nsigma,2,0.5,0.8,0.045454545454545456,0,1,1,23,287.4510000110604,payment|orders|shipping|user|rabbitmq,payment_istio-latency-95,0.6774193548387096,21,31,0.6774193548387096,0.6774193548387096,21,21,21,0.7009132420091324,baseline-v2-20260723,cd270e7871bd358937d83d9a49829637fa80007d2964084ef229f578e3733bd3,ba75425861a059dafcc477474fc3e4ed1eafdc2b47d6fdd0557337035d29a960,a0df39ce29282beca2e250e1bb2345ff2c9210359ea28529ec8694d3158144d1,3539593,1693246944000000000,300
SS/orders_loss/2,SS,orders,loss,2,300,300,stream,0.3,2,0.2990867579908676,baro,5,0.2,0.2,0.18181818181818182,0,0,1,23,265.868499991484,rabbitmq|payment|session-db|catalogue-db|orders,rabbitmq_container-memory-usage-bytes,0.6774193548387096,21,31,0.6774193548387096,0.6774193548387096,21,21,21,0.7009132420091324,baseline-v2-20260723,cd270e7871bd358937d83d9a49829637fa80007d2964084ef229f578e3733bd3,ba75425861a059dafcc477474fc3e4ed1eafdc2b47d6fdd0557337035d29a960,a0df39ce29282beca2e250e1bb2345ff2c9210359ea28529ec8694d3158144d1,3539593,1693246944000000000,300
SS/orders_loss/2,SS,orders,loss,2,300,300,stream,0.3,2,0.2990867579908676,median_shift,6,0.16666666666666666,0.0,0.22727272727272727,0,0,0,23,90.03680001478642,payment|session-db|shipping|user|rabbitmq,payment_container-memory-max-usage-bytes,0.6774193548387096,21,31,0.6774193548387096,0.6774193548387096,21,21,21,0.7009132420091324,baseline-v2-20260723,cd270e7871bd358937d83d9a49829637fa80007d2964084ef229f578e3733bd3,ba75425861a059dafcc477474fc3e4ed1eafdc2b47d6fdd0557337035d29a960,a0df39ce29282beca2e250e1bb2345ff2c9210359ea28529ec8694d3158144d1,3539593,1693246944000000000,300
SS/orders_loss/2,SS,orders,loss,2,300,300,stream,0.3,2,0.2990867579908676,nsigma,2,0.5,0.8,0.045454545454545456,0,1,1,23,264.07660002587363,payment|orders|shipping|user|rabbitmq,payment_istio-latency-99,0.6774193548387096,21,31,0.6774193548387096,0.6774193548387096,21,21,21,0.7009132420091324,baseline-v2-20260723,cd270e7871bd358937d83d9a49829637fa80007d2964084ef229f578e3733bd3,ba75425861a059dafcc477474fc3e4ed1eafdc2b47d6fdd0557337035d29a960,a0df39ce29282beca2e250e1bb2345ff2c9210359ea28529ec8694d3158144d1,3539593,1693246944000000000,300
SS/orders_loss/2,SS,orders,loss,2,300,300,stream,0.3,3,0.2990867579908676,baro,7,0.14285714285714285,0.0,0.2727272727272727,0,0,0,23,336.48459997493774,rabbitmq|payment|session-db|catalogue-db|shipping,rabbitmq_container-memory-usage-bytes,0.7096774193548387,22,31,0.7096774193548387,0.7096774193548387,22,22,22,0.7009132420091324,baseline-v2-20260723,cd270e7871bd358937d83d9a49829637fa80007d2964084ef229f578e3733bd3,ba75425861a059dafcc477474fc3e4ed1eafdc2b47d6fdd0557337035d29a960,a0df39ce29282beca2e250e1bb2345ff2c9210359ea28529ec8694d3158144d1,3539593,1693246944000000000,300
SS/orders_loss/2,SS,orders,loss,2,300,300,stream,0.3,3,0.2990867579908676,median_shift,7,0.14285714285714285,0.0,0.2727272727272727,0,0,0,23,94.70840002177283,payment|session-db|user|rabbitmq|shipping,payment_container-memory-max-usage-bytes,0.7096774193548387,22,31,0.7096774193548387,0.7096774193548387,22,22,22,0.7009132420091324,baseline-v2-20260723,cd270e7871bd358937d83d9a49829637fa80007d2964084ef229f578e3733bd3,ba75425861a059dafcc477474fc3e4ed1eafdc2b47d6fdd0557337035d29a960,a0df39ce29282beca2e250e1bb2345ff2c9210359ea28529ec8694d3158144d1,3539593,1693246944000000000,300
SS/orders_loss/2,SS,orders,loss,2,300,300,stream,0.3,3,0.2990867579908676,nsigma,4,0.25,0.4,0.13636363636363635,0,0,1,23,253.41110001318157,payment|shipping|front-end|orders|rabbitmq,payment_istio-latency-99,0.7096774193548387,22,31,0.7096774193548387,0.7096774193548387,22,22,22,0.7009132420091324,baseline-v2-20260723,cd270e7871bd358937d83d9a49829637fa80007d2964084ef229f578e3733bd3,ba75425861a059dafcc477474fc3e4ed1eafdc2b47d6fdd0557337035d29a960,a0df39ce29282beca2e250e1bb2345ff2c9210359ea28529ec8694d3158144d1,3539593,1693246944000000000,300
SS/orders_loss/2,SS,orders,loss,2,300,300,stream,0.3,4,0.2990867579908676,baro,6,0.16666666666666666,0.0,0.22727272727272727,0,0,0,23,317.5088000134565,rabbitmq|payment|session-db|catalogue-db|shipping,rabbitmq_container-memory-usage-bytes,0.6774193548387096,21,31,0.6774193548387096,0.6774193548387096,21,21,21,0.7009132420091324,baseline-v2-20260723,cd270e7871bd358937d83d9a49829637fa80007d2964084ef229f578e3733bd3,ba75425861a059dafcc477474fc3e4ed1eafdc2b47d6fdd0557337035d29a960,a0df39ce29282beca2e250e1bb2345ff2c9210359ea28529ec8694d3158144d1,3539593,1693246944000000000,300
SS/orders_loss/2,SS,orders,loss,2,300,300,stream,0.3,4,0.2990867579908676,median_shift,6,0.16666666666666666,0.0,0.22727272727272727,0,0,0,23,93.30850001424551,payment|session-db|shipping|user|rabbitmq,payment_container-memory-max-usage-bytes,0.6774193548387096,21,31,0.6774193548387096,0.6774193548387096,21,21,21,0.7009132420091324,baseline-v2-20260723,cd270e7871bd358937d83d9a49829637fa80007d2964084ef229f578e3733bd3,ba75425861a059dafcc477474fc3e4ed1eafdc2b47d6fdd0557337035d29a960,a0df39ce29282beca2e250e1bb2345ff2c9210359ea28529ec8694d3158144d1,3539593,1693246944000000000,300
SS/orders_loss/2,SS,orders,loss,2,300,300,stream,0.3,4,0.2990867579908676,nsigma,2,0.5,0.8,0.045454545454545456,0,1,1,23,284.6597000025213,payment|orders|shipping|front-end|user,payment_istio-latency-99,0.6774193548387096,21,31,0.6774193548387096,0.6774193548387096,21,21,21,0.7009132420091324,baseline-v2-20260723,cd270e7871bd358937d83d9a49829637fa80007d2964084ef229f578e3733bd3,ba75425861a059dafcc477474fc3e4ed1eafdc2b47d6fdd0557337035d29a960,a0df39ce29282beca2e250e1bb2345ff2c9210359ea28529ec8694d3158144d1,3539593,1693246944000000000,300
SS/orders_loss/2,SS,orders,loss,2,300,300,stream,0.3,5,0.2990867579908676,baro,5,0.2,0.2,0.18181818181818182,0,0,1,23,306.738100014627,rabbitmq|payment|session-db|catalogue-db|orders,rabbitmq_container-memory-usage-bytes,0.7096774193548387,22,31,0.7096774193548387,0.7096774193548387,22,22,22,0.7009132420091324,baseline-v2-20260723,cd270e7871bd358937d83d9a49829637fa80007d2964084ef229f578e3733bd3,ba75425861a059dafcc477474fc3e4ed1eafdc2b47d6fdd0557337035d29a960,a0df39ce29282beca2e250e1bb2345ff2c9210359ea28529ec8694d3158144d1,3539593,1693246944000000000,300
SS/orders_loss/2,SS,orders,loss,2,300,300,stream,0.3,5,0.2990867579908676,median_shift,6,0.16666666666666666,0.0,0.22727272727272727,0,0,0,23,95.55170004023239,session-db|shipping|user|payment|rabbitmq,session-db_container-memory-rss,0.7096774193548387,22,31,0.7096774193548387,0.7096774193548387,22,22,22,0.7009132420091324,baseline-v2-20260723,cd270e7871bd358937d83d9a49829637fa80007d2964084ef229f578e3733bd3,ba75425861a059dafcc477474fc3e4ed1eafdc2b47d6fdd0557337035d29a960,a0df39ce29282beca2e250e1bb2345ff2c9210359ea28529ec8694d3158144d1,3539593,1693246944000000000,300
SS/orders_loss/2,SS,orders,loss,2,300,300,stream,0.3,5,0.2990867579908676,nsigma,2,0.5,0.8,0.045454545454545456,0,1,1,23,278.4043999854475,payment|orders|front-end|shipping|rabbitmq,payment_istio-latency-99,0.7096774193548387,22,31,0.7096774193548387,0.7096774193548387,22,22,22,0.7009132420091324,baseline-v2-20260723,cd270e7871bd358937d83d9a49829637fa80007d2964084ef229f578e3733bd3,ba75425861a059dafcc477474fc3e4ed1eafdc2b47d6fdd0557337035d29a960,a0df39ce29282beca2e250e1bb2345ff2c9210359ea28529ec8694d3158144d1,3539593,1693246944000000000,300
SS/orders_loss/2,SS,orders,loss,2,300,300,stream,0.3,6,0.2990867579908676,baro,6,0.16666666666666666,0.0,0.22727272727272727,0,0,0,23,332.97579997451976,rabbitmq|session-db|catalogue-db|payment|shipping,rabbitmq_container-memory-working-set-bytes,0.6451612903225806,20,31,0.6451612903225806,0.6451612903225806,20,20,20,0.7009132420091324,baseline-v2-20260723,cd270e7871bd358937d83d9a49829637fa80007d2964084ef229f578e3733bd3,ba75425861a059dafcc477474fc3e4ed1eafdc2b47d6fdd0557337035d29a960,a0df39ce29282beca2e250e1bb2345ff2c9210359ea28529ec8694d3158144d1,3539593,1693246944000000000,300
SS/orders_loss/2,SS,orders,loss,2,300,300,stream,0.3,6,0.2990867579908676,median_shift,5,0.2,0.2,0.18181818181818182,0,0,1,23,71.73270004568622,payment|user|rabbitmq|shipping|orders,payment_container-memory-max-usage-bytes,0.6451612903225806,20,31,0.6451612903225806,0.6451612903225806,20,20,20,0.7009132420091324,baseline-v2-20260723,cd270e7871bd358937d83d9a49829637fa80007d2964084ef229f578e3733bd3,ba75425861a059dafcc477474fc3e4ed1eafdc2b47d6fdd0557337035d29a960,a0df39ce29282beca2e250e1bb2345ff2c9210359ea28529ec8694d3158144d1,3539593,1693246944000000000,300
SS/orders_loss/2,SS,orders,loss,2,300,300,stream,0.3,6,0.2990867579908676,nsigma,3,0.3333333333333333,0.6,0.09090909090909091,0,1,1,23,210.35670000128448,payment|shipping|orders|user|rabbitmq,payment_istio-latency-95,0.6451612903225806,20,31,0.6451612903225806,0.6451612903225806,20,20,20,0.7009132420091324,baseline-v2-20260723,cd270e7871bd358937d83d9a49829637fa80007d2964084ef229f578e3733bd3,ba75425861a059dafcc477474fc3e4ed1eafdc2b47d6fdd0557337035d29a960,a0df39ce29282beca2e250e1bb2345ff2c9210359ea28529ec8694d3158144d1,3539593,1693246944000000000,300
SS/orders_loss/2,SS,orders,loss,2,300,300,stream,0.3,7,0.2990867579908676,baro,6,0.16666666666666666,0.0,0.22727272727272727,0,0,0,23,336.1369000049308,rabbitmq|payment|session-db|catalogue-db|shipping,rabbitmq_container-memory-usage-bytes,0.5806451612903226,18,31,0.5806451612903226,0.5806451612903226,18,18,18,0.7009132420091324,baseline-v2-20260723,cd270e7871bd358937d83d9a49829637fa80007d2964084ef229f578e3733bd3,ba75425861a059dafcc477474fc3e4ed1eafdc2b47d6fdd0557337035d29a960,a0df39ce29282beca2e250e1bb2345ff2c9210359ea28529ec8694d3158144d1,3539593,1693246944000000000,300
SS/orders_loss/2,SS,orders,loss,2,300,300,stream,0.3,7,0.2990867579908676,median_shift,5,0.2,0.2,0.18181818181818182,0,0,1,23,99.23659998457879,payment|session-db|shipping|rabbitmq|orders,payment_container-memory-max-usage-bytes,0.5806451612903226,18,31,0.5806451612903226,0.5806451612903226,18,18,18,0.7009132420091324,baseline-v2-20260723,cd270e7871bd358937d83d9a49829637fa80007d2964084ef229f578e3733bd3,ba75425861a059dafcc477474fc3e4ed1eafdc2b47d6fdd0557337035d29a960,a0df39ce29282beca2e250e1bb2345ff2c9210359ea28529ec8694d3158144d1,3539593,1693246944000000000,300
SS/orders_loss/2,SS,orders,loss,2,300,300,stream,0.3,7,0.2990867579908676,nsigma,2,0.5,0.8,0.045454545454545456,0,1,1,23,277.8460999834351,payment|orders|shipping|user|rabbitmq,payment_istio-latency-99,0.5806451612903226,18,31,0.5806451612903226,0.5806451612903226,18,18,18,0.7009132420091324,baseline-v2-20260723,cd270e7871bd358937d83d9a49829637fa80007d2964084ef229f578e3733bd3,ba75425861a059dafcc477474fc3e4ed1eafdc2b47d6fdd0557337035d29a960,a0df39ce29282beca2e250e1bb2345ff2c9210359ea28529ec8694d3158144d1,3539593,1693246944000000000,300
SS/orders_loss/2,SS,orders,loss,2,300,300,stream,0.3,8,0.2990867579908676,baro,5,0.2,0.2,0.18181818181818182,0,0,1,23,272.85319997463375,payment|session-db|catalogue-db|shipping|orders,payment_istio-latency-99,0.6451612903225806,20,31,0.6451612903225806,0.6451612903225806,20,20,20,0.7009132420091324,baseline-v2-20260723,cd270e7871bd358937d83d9a49829637fa80007d2964084ef229f578e3733bd3,ba75425861a059dafcc477474fc3e4ed1eafdc2b47d6fdd0557337035d29a960,a0df39ce29282beca2e250e1bb2345ff2c9210359ea28529ec8694d3158144d1,3539593,1693246944000000000,300
SS/orders_loss/2,SS,orders,loss,2,300,300,stream,0.3,8,0.2990867579908676,median_shift,3,0.3333333333333333,0.6,0.09090909090909091,0,1,1,23,83.21980002801865,payment|shipping|orders|front-end|user,payment_container-memory-max-usage-bytes,0.6451612903225806,20,31,0.6451612903225806,0.6451612903225806,20,20,20,0.7009132420091324,baseline-v2-20260723,cd270e7871bd358937d83d9a49829637fa80007d2964084ef229f578e3733bd3,ba75425861a059dafcc477474fc3e4ed1eafdc2b47d6fdd0557337035d29a960,a0df39ce29282beca2e250e1bb2345ff2c9210359ea28529ec8694d3158144d1,3539593,1693246944000000000,300
SS/orders_loss/2,SS,orders,loss,2,300,300,stream,0.3,8,0.2990867579908676,nsigma,2,0.5,0.8,0.045454545454545456,0,1,1,23,319.6277000242844,payment|orders|shipping|front-end|user,payment_istio-latency-99,0.6451612903225806,20,31,0.6451612903225806,0.6451612903225806,20,20,20,0.7009132420091324,baseline-v2-20260723,cd270e7871bd358937d83d9a49829637fa80007d2964084ef229f578e3733bd3,ba75425861a059dafcc477474fc3e4ed1eafdc2b47d6fdd0557337035d29a960,a0df39ce29282beca2e250e1bb2345ff2c9210359ea28529ec8694d3158144d1,3539593,1693246944000000000,300
SS/orders_loss/2,SS,orders,loss,2,300,300,stream,0.3,9,0.2990867579908676,baro,5,0.2,0.2,0.18181818181818182,0,0,1,23,350.13450001133606,rabbitmq|payment|session-db|shipping|orders,rabbitmq_container-memory-usage-bytes,0.7741935483870968,24,31,0.7741935483870968,0.7741935483870968,24,24,24,0.7009132420091324,baseline-v2-20260723,cd270e7871bd358937d83d9a49829637fa80007d2964084ef229f578e3733bd3,ba75425861a059dafcc477474fc3e4ed1eafdc2b47d6fdd0557337035d29a960,a0df39ce29282beca2e250e1bb2345ff2c9210359ea28529ec8694d3158144d1,3539593,1693246944000000000,300
SS/orders_loss/2,SS,orders,loss,2,300,300,stream,0.3,9,0.2990867579908676,median_shift,5,0.2,0.2,0.18181818181818182,0,0,1,23,92.87659998517483,payment|user|rabbitmq|shipping|orders,payment_container-memory-max-usage-bytes,0.7741935483870968,24,31,0.7741935483870968,0.7741935483870968,24,24,24,0.7009132420091324,baseline-v2-20260723,cd270e7871bd358937d83d9a49829637fa80007d2964084ef229f578e3733bd3,ba75425861a059dafcc477474fc3e4ed1eafdc2b47d6fdd0557337035d29a960,a0df39ce29282beca2e250e1bb2345ff2c9210359ea28529ec8694d3158144d1,3539593,1693246944000000000,300
SS/orders_loss/2,SS,orders,loss,2,300,300,stream,0.3,9,0.2990867579908676,nsigma,2,0.5,0.8,0.045454545454545456,0,1,1,23,293.2683000108227,payment|orders|shipping|user|rabbitmq,payment_istio-latency-99,0.7741935483870968,24,31,0.7741935483870968,0.7741935483870968,24,24,24,0.7009132420091324,baseline-v2-20260723,cd270e7871bd358937d83d9a49829637fa80007d2964084ef229f578e3733bd3,ba75425861a059dafcc477474fc3e4ed1eafdc2b47d6fdd0557337035d29a960,a0df39ce29282beca2e250e1bb2345ff2c9210359ea28529ec8694d3158144d1,3539593,1693246944000000000,300
SS/orders_loss/2,SS,orders,loss,2,300,300,stream,0.5,0,0.5,baro,4,0.25,0.4,0.13636363636363635,0,0,1,23,249.83779998729005,payment|session-db|catalogue-db|orders|shipping,payment_istio-latency-99,0.4838709677419355,15,31,0.4838709677419355,0.4838709677419355,15,15,15,0.5,baseline-v2-20260723,cd270e7871bd358937d83d9a49829637fa80007d2964084ef229f578e3733bd3,ba75425861a059dafcc477474fc3e4ed1eafdc2b47d6fdd0557337035d29a960,a0df39ce29282beca2e250e1bb2345ff2c9210359ea28529ec8694d3158144d1,3539593,1693246944000000000,300
SS/orders_loss/2,SS,orders,loss,2,300,300,stream,0.5,0,0.5,median_shift,4,0.25,0.4,0.13636363636363635,0,0,1,23,62.04859999706969,payment|shipping|user|orders|front-end,payment_container-memory-max-usage-bytes,0.4838709677419355,15,31,0.4838709677419355,0.4838709677419355,15,15,15,0.5,baseline-v2-20260723,cd270e7871bd358937d83d9a49829637fa80007d2964084ef229f578e3733bd3,ba75425861a059dafcc477474fc3e4ed1eafdc2b47d6fdd0557337035d29a960,a0df39ce29282beca2e250e1bb2345ff2c9210359ea28529ec8694d3158144d1,3539593,1693246944000000000,300
SS/orders_loss/2,SS,orders,loss,2,300,300,stream,0.5,0,0.5,nsigma,2,0.5,0.8,0.045454545454545456,0,1,1,23,202.17280002543703,payment|orders|shipping|user|catalogue-db,payment_istio-latency-99,0.4838709677419355,15,31,0.4838709677419355,0.4838709677419355,15,15,15,0.5,baseline-v2-20260723,cd270e7871bd358937d83d9a49829637fa80007d2964084ef229f578e3733bd3,ba75425861a059dafcc477474fc3e4ed1eafdc2b47d6fdd0557337035d29a960,a0df39ce29282beca2e250e1bb2345ff2c9210359ea28529ec8694d3158144d1,3539593,1693246944000000000,300
SS/orders_loss/2,SS,orders,loss,2,300,300,stream,0.5,1,0.5,baro,4,0.25,0.4,0.13636363636363635,0,0,1,23,306.4769000047818,rabbitmq|payment|session-db|orders|user,rabbitmq_container-memory-usage-bytes,0.45161290322580644,14,31,0.45161290322580644,0.45161290322580644,14,14,14,0.5,baseline-v2-20260723,cd270e7871bd358937d83d9a49829637fa80007d2964084ef229f578e3733bd3,ba75425861a059dafcc477474fc3e4ed1eafdc2b47d6fdd0557337035d29a960,a0df39ce29282beca2e250e1bb2345ff2c9210359ea28529ec8694d3158144d1,3539593,1693246944000000000,300
SS/orders_loss/2,SS,orders,loss,2,300,300,stream,0.5,1,0.5,median_shift,6,0.16666666666666666,0.0,0.22727272727272727,0,0,0,23,59.76599996211007,payment|session-db|shipping|user|rabbitmq,payment_container-memory-max-usage-bytes,0.45161290322580644,14,31,0.45161290322580644,0.45161290322580644,14,14,14,0.5,baseline-v2-20260723,cd270e7871bd358937d83d9a49829637fa80007d2964084ef229f578e3733bd3,ba75425861a059dafcc477474fc3e4ed1eafdc2b47d6fdd0557337035d29a960,a0df39ce29282beca2e250e1bb2345ff2c9210359ea28529ec8694d3158144d1,3539593,1693246944000000000,300
SS/orders_loss/2,SS,orders,loss,2,300,300,stream,0.5,1,0.5,nsigma,2,0.5,0.8,0.045454545454545456,0,1,1,23,276.82470000581816,payment|orders|user|rabbitmq|front-end,payment_istio-latency-99,0.45161290322580644,14,31,0.45161290322580644,0.45161290322580644,14,14,14,0.5,baseline-v2-20260723,cd270e7871bd358937d83d9a49829637fa80007d2964084ef229f578e3733bd3,ba75425861a059dafcc477474fc3e4ed1eafdc2b47d6fdd0557337035d29a960,a0df39ce29282beca2e250e1bb2345ff2c9210359ea28529ec8694d3158144d1,3539593,1693246944000000000,300
SS/orders_loss/2,SS,orders,loss,2,300,300,stream,0.5,2,0.5,baro,3,0.3333333333333333,0.6,0.09090909090909091,0,1,1,23,244.55980001948774,session-db|payment|orders|shipping|front-end,session-db_container-memory-rss,0.6129032258064516,19,31,0.6129032258064516,0.6129032258064516,19,19,19,0.5,baseline-v2-20260723,cd270e7871bd358937d83d9a49829637fa80007d2964084ef229f578e3733bd3,ba75425861a059dafcc477474fc3e4ed1eafdc2b47d6fdd0557337035d29a960,a0df39ce29282beca2e250e1bb2345ff2c9210359ea28529ec8694d3158144d1,3539593,1693246944000000000,300
SS/orders_loss/2,SS,orders,loss,2,300,300,stream,0.5,2,0.5,median_shift,4,0.25,0.4,0.13636363636363635,0,0,1,23,118.22940001729876,payment|session-db|shipping|orders|front-end,payment_container-memory-max-usage-bytes,0.6129032258064516,19,31,0.6129032258064516,0.6129032258064516,19,19,19,0.5,baseline-v2-20260723,cd270e7871bd358937d83d9a49829637fa80007d2964084ef229f578e3733bd3,ba75425861a059dafcc477474fc3e4ed1eafdc2b47d6fdd0557337035d29a960,a0df39ce29282beca2e250e1bb2345ff2c9210359ea28529ec8694d3158144d1,3539593,1693246944000000000,300
SS/orders_loss/2,SS,orders,loss,2,300,300,stream,0.5,2,0.5,nsigma,1,1.0,1.0,0.0,1,1,1,23,195.75170002644882,orders|shipping|payment|front-end|user,orders_istio-latency-95,0.6129032258064516,19,31,0.6129032258064516,0.6129032258064516,19,19,19,0.5,baseline-v2-20260723,cd270e7871bd358937d83d9a49829637fa80007d2964084ef229f578e3733bd3,ba75425861a059dafcc477474fc3e4ed1eafdc2b47d6fdd0557337035d29a960,a0df39ce29282beca2e250e1bb2345ff2c9210359ea28529ec8694d3158144d1,3539593,1693246944000000000,300
SS/orders_loss/2,SS,orders,loss,2,300,300,stream,0.5,3,0.5,baro,6,0.16666666666666666,0.0,0.22727272727272727,0,0,0,23,274.6416000300087,rabbitmq|payment|session-db|catalogue-db|shipping,rabbitmq_container-memory-working-set-bytes,0.5483870967741935,17,31,0.5483870967741935,0.5483870967741935,17,17,17,0.5,baseline-v2-20260723,cd270e7871bd358937d83d9a49829637fa80007d2964084ef229f578e3733bd3,ba75425861a059dafcc477474fc3e4ed1eafdc2b47d6fdd0557337035d29a960,a0df39ce29282beca2e250e1bb2345ff2c9210359ea28529ec8694d3158144d1,3539593,1693246944000000000,300
SS/orders_loss/2,SS,orders,loss,2,300,300,stream,0.5,3,0.5,median_shift,5,0.2,0.2,0.18181818181818182,0,0,1,23,73.41880002059042,payment|session-db|rabbitmq|shipping|orders,payment_container-memory-max-usage-bytes,0.5483870967741935,17,31,0.5483870967741935,0.5483870967741935,17,17,17,0.5,baseline-v2-20260723,cd270e7871bd358937d83d9a49829637fa80007d2964084ef229f578e3733bd3,ba75425861a059dafcc477474fc3e4ed1eafdc2b47d6fdd0557337035d29a960,a0df39ce29282beca2e250e1bb2345ff2c9210359ea28529ec8694d3158144d1,3539593,1693246944000000000,300
SS/orders_loss/2,SS,orders,loss,2,300,300,stream,0.5,3,0.5,nsigma,2,0.5,0.8,0.045454545454545456,0,1,1,23,282.59620000608265,payment|orders|shipping|rabbitmq|front-end,payment_istio-latency-99,0.5483870967741935,17,31,0.5483870967741935,0.5483870967741935,17,17,17,0.5,baseline-v2-20260723,cd270e7871bd358937d83d9a49829637fa80007d2964084ef229f578e3733bd3,ba75425861a059dafcc477474fc3e4ed1eafdc2b47d6fdd0557337035d29a960,a0df39ce29282beca2e250e1bb2345ff2c9210359ea28529ec8694d3158144d1,3539593,1693246944000000000,300
SS/orders_loss/2,SS,orders,loss,2,300,300,stream,0.5,4,0.5,baro,4,0.25,0.4,0.13636363636363635,0,0,1,23,282.377700030338,payment|session-db|catalogue-db|orders|shipping,payment_istio-latency-99,0.5161290322580645,16,31,0.5161290322580645,0.5161290322580645,16,16,16,0.5,baseline-v2-20260723,cd270e7871bd358937d83d9a49829637fa80007d2964084ef229f578e3733bd3,ba75425861a059dafcc477474fc3e4ed1eafdc2b47d6fdd0557337035d29a960,a0df39ce29282beca2e250e1bb2345ff2c9210359ea28529ec8694d3158144d1,3539593,1693246944000000000,300
SS/orders_loss/2,SS,orders,loss,2,300,300,stream,0.5,4,0.5,median_shift,4,0.25,0.4,0.13636363636363635,0,0,1,23,58.540199999697506,session-db|payment|shipping|orders|user,session-db_container-memory-rss,0.5161290322580645,16,31,0.5161290322580645,0.5161290322580645,16,16,16,0.5,baseline-v2-20260723,cd270e7871bd358937d83d9a49829637fa80007d2964084ef229f578e3733bd3,ba75425861a059dafcc477474fc3e4ed1eafdc2b47d6fdd0557337035d29a960,a0df39ce29282beca2e250e1bb2345ff2c9210359ea28529ec8694d3158144d1,3539593,1693246944000000000,300
SS/orders_loss/2,SS,orders,loss,2,300,300,stream,0.5,4,0.5,nsigma,2,0.5,0.8,0.045454545454545456,0,1,1,23,258.9863000321202,payment|orders|shipping|user|catalogue-db,payment_istio-latency-99,0.5161290322580645,16,31,0.5161290322580645,0.5161290322580645,16,16,16,0.5,baseline-v2-20260723,cd270e7871bd358937d83d9a49829637fa80007d2964084ef229f578e3733bd3,ba75425861a059dafcc477474fc3e4ed1eafdc2b47d6fdd0557337035d29a960,a0df39ce29282beca2e250e1bb2345ff2c9210359ea28529ec8694d3158144d1,3539593,1693246944000000000,300
SS/orders_loss/2,SS,orders,loss,2,300,300,stream,0.5,5,0.5,baro,7,0.14285714285714285,0.0,0.2727272727272727,0,0,0,23,307.0914000272751,rabbitmq|payment|session-db|catalogue-db|shipping,rabbitmq_container-memory-working-set-bytes,0.45161290322580644,14,31,0.45161290322580644,0.45161290322580644,14,14,14,0.5,baseline-v2-20260723,cd270e7871bd358937d83d9a49829637fa80007d2964084ef229f578e3733bd3,ba75425861a059dafcc477474fc3e4ed1eafdc2b47d6fdd0557337035d29a960,a0df39ce29282beca2e250e1bb2345ff2c9210359ea28529ec8694d3158144d1,3539593,1693246944000000000,300
SS/orders_loss/2,SS,orders,loss,2,300,300,stream,0.5,5,0.5,median_shift,7,0.14285714285714285,0.0,0.2727272727272727,0,0,0,23,79.66909999959171,session-db|user|payment|rabbitmq|shipping,session-db_container-memory-rss,0.45161290322580644,14,31,0.45161290322580644,0.45161290322580644,14,14,14,0.5,baseline-v2-20260723,cd270e7871bd358937d83d9a49829637fa80007d2964084ef229f578e3733bd3,ba75425861a059dafcc477474fc3e4ed1eafdc2b47d6fdd0557337035d29a960,a0df39ce29282beca2e250e1bb2345ff2c9210359ea28529ec8694d3158144d1,3539593,1693246944000000000,300
SS/orders_loss/2,SS,orders,loss,2,300,300,stream,0.5,5,0.5,nsigma,4,0.25,0.4,0.13636363636363635,0,0,1,23,229.6972000040114,payment|shipping|front-end|orders|rabbitmq,payment_istio-latency-99,0.45161290322580644,14,31,0.45161290322580644,0.45161290322580644,14,14,14,0.5,baseline-v2-20260723,cd270e7871bd358937d83d9a49829637fa80007d2964084ef229f578e3733bd3,ba75425861a059dafcc477474fc3e4ed1eafdc2b47d6fdd0557337035d29a960,a0df39ce29282beca2e250e1bb2345ff2c9210359ea28529ec8694d3158144d1,3539593,1693246944000000000,300
SS/orders_loss/2,SS,orders,loss,2,300,300,stream,0.5,6,0.5,baro,5,0.2,0.2,0.18181818181818182,0,0,1,23,266.5393999777734,rabbitmq|session-db|catalogue-db|front-end|orders,rabbitmq_container-memory-usage-bytes,0.25806451612903225,8,31,0.25806451612903225,0.25806451612903225,8,8,8,0.5,baseline-v2-20260723,cd270e7871bd358937d83d9a49829637fa80007d2964084ef229f578e3733bd3,ba75425861a059dafcc477474fc3e4ed1eafdc2b47d6fdd0557337035d29a960,a0df39ce29282beca2e250e1bb2345ff2c9210359ea28529ec8694d3158144d1,3539593,1693246944000000000,300
SS/orders_loss/2,SS,orders,loss,2,300,300,stream,0.5,6,0.5,median_shift,5,0.2,0.2,0.18181818181818182,0,0,1,23,65.91580004896969,shipping|user|rabbitmq|front-end|orders,shipping_container-memory-rss,0.25806451612903225,8,31,0.25806451612903225,0.25806451612903225,8,8,8,0.5,baseline-v2-20260723,cd270e7871bd358937d83d9a49829637fa80007d2964084ef229f578e3733bd3,ba75425861a059dafcc477474fc3e4ed1eafdc2b47d6fdd0557337035d29a960,a0df39ce29282beca2e250e1bb2345ff2c9210359ea28529ec8694d3158144d1,3539593,1693246944000000000,300
SS/orders_loss/2,SS,orders,loss,2,300,300,stream,0.5,6,0.5,nsigma,2,0.5,0.8,0.045454545454545456,0,1,1,23,249.70980000216514,front-end|orders|user|rabbitmq|catalogue-db,front-end_istio-latency-99,0.25806451612903225,8,31,0.25806451612903225,0.25806451612903225,8,8,8,0.5,baseline-v2-20260723,cd270e7871bd358937d83d9a49829637fa80007d2964084ef229f578e3733bd3,ba75425861a059dafcc477474fc3e4ed1eafdc2b47d6fdd0557337035d29a960,a0df39ce29282beca2e250e1bb2345ff2c9210359ea28529ec8694d3158144d1,3539593,1693246944000000000,300
SS/orders_loss/2,SS,orders,loss,2,300,300,stream,0.5,7,0.5,baro,5,0.2,0.2,0.18181818181818182,0,0,1,23,286.839600012172,rabbitmq|session-db|catalogue-db|payment|orders,rabbitmq_container-memory-working-set-bytes,0.6774193548387096,21,31,0.6774193548387096,0.6774193548387096,21,21,21,0.5,baseline-v2-20260723,cd270e7871bd358937d83d9a49829637fa80007d2964084ef229f578e3733bd3,ba75425861a059dafcc477474fc3e4ed1eafdc2b47d6fdd0557337035d29a960,a0df39ce29282beca2e250e1bb2345ff2c9210359ea28529ec8694d3158144d1,3539593,1693246944000000000,300
SS/orders_loss/2,SS,orders,loss,2,300,300,stream,0.5,7,0.5,median_shift,4,0.25,0.4,0.13636363636363635,0,0,1,23,76.74839999526739,payment|session-db|rabbitmq|orders|shipping,payment_container-memory-max-usage-bytes,0.6774193548387096,21,31,0.6774193548387096,0.6774193548387096,21,21,21,0.5,baseline-v2-20260723,cd270e7871bd358937d83d9a49829637fa80007d2964084ef229f578e3733bd3,ba75425861a059dafcc477474fc3e4ed1eafdc2b47d6fdd0557337035d29a960,a0df39ce29282beca2e250e1bb2345ff2c9210359ea28529ec8694d3158144d1,3539593,1693246944000000000,300
SS/orders_loss/2,SS,orders,loss,2,300,300,stream,0.5,7,0.5,nsigma,2,0.5,0.8,0.045454545454545456,0,1,1,23,244.97060000430793,payment|orders|shipping|rabbitmq|user,payment_istio-latency-95,0.6774193548387096,21,31,0.6774193548387096,0.6774193548387096,21,21,21,0.5,baseline-v2-20260723,cd270e7871bd358937d83d9a49829637fa80007d2964084ef229f578e3733bd3,ba75425861a059dafcc477474fc3e4ed1eafdc2b47d6fdd0557337035d29a960,a0df39ce29282beca2e250e1bb2345ff2c9210359ea28529ec8694d3158144d1,3539593,1693246944000000000,300
SS/orders_loss/2,SS,orders,loss,2,300,300,stream,0.5,8,0.5,baro,5,0.2,0.2,0.18181818181818182,0,0,1,23,239.37870003283024,rabbitmq|session-db|payment|shipping|orders,rabbitmq_container-memory-usage-bytes,0.25806451612903225,8,31,0.25806451612903225,0.25806451612903225,8,8,8,0.5,baseline-v2-20260723,cd270e7871bd358937d83d9a49829637fa80007d2964084ef229f578e3733bd3,ba75425861a059dafcc477474fc3e4ed1eafdc2b47d6fdd0557337035d29a960,a0df39ce29282beca2e250e1bb2345ff2c9210359ea28529ec8694d3158144d1,3539593,1693246944000000000,300
SS/orders_loss/2,SS,orders,loss,2,300,300,stream,0.5,8,0.5,median_shift,6,0.16666666666666666,0.0,0.22727272727272727,0,0,0,23,68.71229998068884,payment|session-db|shipping|user|rabbitmq,payment_container-memory-max-usage-bytes,0.25806451612903225,8,31,0.25806451612903225,0.25806451612903225,8,8,8,0.5,baseline-v2-20260723,cd270e7871bd358937d83d9a49829637fa80007d2964084ef229f578e3733bd3,ba75425861a059dafcc477474fc3e4ed1eafdc2b47d6fdd0557337035d29a960,a0df39ce29282beca2e250e1bb2345ff2c9210359ea28529ec8694d3158144d1,3539593,1693246944000000000,300
SS/orders_loss/2,SS,orders,loss,2,300,300,stream,0.5,8,0.5,nsigma,2,0.5,0.8,0.045454545454545456,0,1,1,23,232.08290000911802,payment|orders|shipping|user|rabbitmq,payment_istio-latency-95,0.25806451612903225,8,31,0.25806451612903225,0.25806451612903225,8,8,8,0.5,baseline-v2-20260723,cd270e7871bd358937d83d9a49829637fa80007d2964084ef229f578e3733bd3,ba75425861a059dafcc477474fc3e4ed1eafdc2b47d6fdd0557337035d29a960,a0df39ce29282beca2e250e1bb2345ff2c9210359ea28529ec8694d3158144d1,3539593,1693246944000000000,300
SS/orders_loss/2,SS,orders,loss,2,300,300,stream,0.5,9,0.5,baro,5,0.2,0.2,0.18181818181818182,0,0,1,23,322.29400001233444,rabbitmq|session-db|catalogue-db|payment|orders,rabbitmq_container-memory-usage-bytes,0.5483870967741935,17,31,0.5483870967741935,0.5483870967741935,17,17,17,0.5,baseline-v2-20260723,cd270e7871bd358937d83d9a49829637fa80007d2964084ef229f578e3733bd3,ba75425861a059dafcc477474fc3e4ed1eafdc2b47d6fdd0557337035d29a960,a0df39ce29282beca2e250e1bb2345ff2c9210359ea28529ec8694d3158144d1,3539593,1693246944000000000,300
SS/orders_loss/2,SS,orders,loss,2,300,300,stream,0.5,9,0.5,median_shift,5,0.2,0.2,0.18181818181818182,0,0,1,23,69.1811999422498,payment|user|rabbitmq|shipping|orders,payment_container-memory-max-usage-bytes,0.5483870967741935,17,31,0.5483870967741935,0.5483870967741935,17,17,17,0.5,baseline-v2-20260723,cd270e7871bd358937d83d9a49829637fa80007d2964084ef229f578e3733bd3,ba75425861a059dafcc477474fc3e4ed1eafdc2b47d6fdd0557337035d29a960,a0df39ce29282beca2e250e1bb2345ff2c9210359ea28529ec8694d3158144d1,3539593,1693246944000000000,300
SS/orders_loss/2,SS,orders,loss,2,300,300,stream,0.5,9,0.5,nsigma,1,1.0,1.0,0.0,1,1,1,23,222.2135000047274,orders|shipping|front-end|user|rabbitmq,orders_istio-latency-95,0.5483870967741935,17,31,0.5483870967741935,0.5483870967741935,17,17,17,0.5,baseline-v2-20260723,cd270e7871bd358937d83d9a49829637fa80007d2964084ef229f578e3733bd3,ba75425861a059dafcc477474fc3e4ed1eafdc2b47d6fdd0557337035d29a960,a0df39ce29282beca2e250e1bb2345ff2c9210359ea28529ec8694d3158144d1,3539593,1693246944000000000,300
