case_id,system,root_service,fault,repetition,n_pre,n_post,mechanism,rate,replicate,realized_rate,method,rank,reciprocal_rank,avg_at_5,normalized_rank,hit_at_1,hit_at_3,hit_at_5,candidate_count,elapsed_ms,top_5,top_evidence_metric,root_observed_fraction,root_streams_available,root_streams_total,root_pre_observed_fraction,root_post_observed_fraction,root_streams_pre_available,root_streams_post_available,root_streams_scorable,observed_fraction,runner_version,code_hash,config_fingerprint,source_fingerprint,source_size,source_mtime_ns,window
SS/catalogue_loss/3,SS,catalogue,loss,3,300,300,burst,0.1,0,0.1,baro,2,0.5,0.8,0.045454545454545456,0,1,1,23,362.04099998576567,session-db|catalogue|shipping|front-end|queue-master,session-db_container-memory-usage-bytes,0.9,31,31,0.9236559139784947,0.8763440860215054,31,31,31,0.9,baseline-v2-20260723,cd270e7871bd358937d83d9a49829637fa80007d2964084ef229f578e3733bd3,ba75425861a059dafcc477474fc3e4ed1eafdc2b47d6fdd0557337035d29a960,586e2e075f085ac00ffc1686807038a6a2e69736c692096079d53586f66f4943,3527857,1693129654000000000,300
SS/catalogue_loss/3,SS,catalogue,loss,3,300,300,burst,0.1,0,0.1,median_shift,2,0.5,0.8,0.045454545454545456,0,1,1,23,83.42679997440428,catalogue-db|catalogue|orders|session-db|user,catalogue-db_container-memory-failures-total,0.9,31,31,0.9236559139784947,0.8763440860215054,31,31,31,0.9,baseline-v2-20260723,cd270e7871bd358937d83d9a49829637fa80007d2964084ef229f578e3733bd3,ba75425861a059dafcc477474fc3e4ed1eafdc2b47d6fdd0557337035d29a960,586e2e075f085ac00ffc1686807038a6a2e69736c692096079d53586f66f4943,3527857,1693129654000000000,300
SS/catalogue_loss/3,SS,catalogue,loss,3,300,300,burst,0.1,0,0.1,nsigma,1,1.0,1.0,0.0,1,1,1,23,322.2315000020899,catalogue|front-end|queue-master|shipping|orders,catalogue_istio-latency-95,0.9,31,31,0.9236559139784947,0.8763440860215054,31,31,31,0.9,baseline-v2-20260723,cd270e7871bd358937d83d9a49829637fa80007d2964084ef229f578e3733bd3,ba75425861a059dafcc477474fc3e4ed1eafdc2b47d6fdd0557337035d29a960,586e2e075f085ac00ffc1686807038a6a2e69736c692096079d53586f66f4943,3527857,1693129654000000000,300
SS/catalogue_loss/3,SS,catalogue,loss,3,300,300,burst,0.1,1,0.1,baro,1,1.0,1.0,0.0,1,1,1,23,398.001599998679,catalogue|shipping|front-end|session-db|queue-master,catalogue_istio-latency-95,0.9,31,31,0.8896774193548387,0.9103225806451613,31,31,31,0.9,baseline-v2-20260723,cd270e7871bd358937d83d9a49829637fa80007d2964084ef229f578e3733bd3,ba75425861a059dafcc477474fc3e4ed1eafdc2b47d6fdd0557337035d29a960,586e2e075f085ac00ffc1686807038a6a2e69736c692096079d53586f66f4943,3527857,1693129654000000000,300
SS/catalogue_loss/3,SS,catalogue,loss,3,300,300,burst,0.1,1,0.1,median_shift,2,0.5,0.8,0.045454545454545456,0,1,1,23,119.86929998965934,catalogue-db|catalogue|orders|session-db|user,catalogue-db_container-memory-failures-total,0.9,31,31,0.8896774193548387,0.9103225806451613,31,31,31,0.9,baseline-v2-20260723,cd270e7871bd358937d83d9a49829637fa80007d2964084ef229f578e3733bd3,ba75425861a059dafcc477474fc3e4ed1eafdc2b47d6fdd0557337035d29a960,586e2e075f085ac00ffc1686807038a6a2e69736c692096079d53586f66f4943,3527857,1693129654000000000,300
SS/catalogue_loss/3,SS,catalogue,loss,3,300,300,burst,0.1,1,0.1,nsigma,1,1.0,1.0,0.0,1,1,1,23,292.77470003580675,catalogue|front-end|queue-master|shipping|orders,catalogue_istio-latency-95,0.9,31,31,0.8896774193548387,0.9103225806451613,31,31,31,0.9,baseline-v2-20260723,cd270e7871bd358937d83d9a49829637fa80007d2964084ef229f578e3733bd3,ba75425861a059dafcc477474fc3e4ed1eafdc2b47d6fdd0557337035d29a960,586e2e075f085ac00ffc1686807038a6a2e69736c692096079d53586f66f4943,3527857,1693129654000000000,300
SS/catalogue_loss/3,SS,catalogue,loss,3,300,300,burst,0.1,2,0.1,baro,1,1.0,1.0,0.0,1,1,1,23,365.24230003124103,catalogue|shipping|front-end|session-db|queue-master,catalogue_istio-latency-95,0.9,31,31,0.904731182795699,0.8952688172043011,31,31,31,0.9,baseline-v2-20260723,cd270e7871bd358937d83d9a49829637fa80007d2964084ef229f578e3733bd3,ba75425861a059dafcc477474fc3e4ed1eafdc2b47d6fdd0557337035d29a960,586e2e075f085ac00ffc1686807038a6a2e69736c692096079d53586f66f4943,3527857,1693129654000000000,300
SS/catalogue_loss/3,SS,catalogue,loss,3,300,300,burst,0.1,2,0.1,median_shift,2,0.5,0.8,0.045454545454545456,0,1,1,23,123.78229998284951,catalogue-db|catalogue|front-end|orders|session-db,catalogue-db_container-memory-failures-total,0.9,31,31,0.904731182795699,0.8952688172043011,31,31,31,0.9,baseline-v2-20260723,cd270e7871bd358937d83d9a49829637fa80007d2964084ef229f578e3733bd3,ba75425861a059dafcc477474fc3e4ed1eafdc2b47d6fdd0557337035d29a960,586e2e075f085ac00ffc1686807038a6a2e69736c692096079d53586f66f4943,3527857,1693129654000000000,300
SS/catalogue_loss/3,SS,catalogue,loss,3,300,300,burst,0.1,2,0.1,nsigma,1,1.0,1.0,0.0,1,1,1,23,337.281999993138,catalogue|front-end|queue-master|shipping|orders,catalogue_istio-latency-95,0.9,31,31,0.904731182795699,0.8952688172043011,31,31,31,0.9,baseline-v2-20260723,cd270e7871bd358937d83d9a49829637fa80007d2964084ef229f578e3733bd3,ba75425861a059dafcc477474fc3e4ed1eafdc2b47d6fdd0557337035d29a960,586e2e075f085ac00ffc1686807038a6a2e69736c692096079d53586f66f4943,3527857,1693129654000000000,300
SS/catalogue_loss/3,SS,catalogue,loss,3,300,300,burst,0.1,3,0.1,baro,1,1.0,1.0,0.0,1,1,1,23,381.91850000293925,catalogue|front-end|shipping|session-db|queue-master,catalogue_istio-latency-95,0.9,31,31,0.9089247311827957,0.8910752688172043,31,31,31,0.9,baseline-v2-20260723,cd270e7871bd358937d83d9a49829637fa80007d2964084ef229f578e3733bd3,ba75425861a059dafcc477474fc3e4ed1eafdc2b47d6fdd0557337035d29a960,586e2e075f085ac00ffc1686807038a6a2e69736c692096079d53586f66f4943,3527857,1693129654000000000,300
SS/catalogue_loss/3,SS,catalogue,loss,3,300,300,burst,0.1,3,0.1,median_shift,2,0.5,0.8,0.045454545454545456,0,1,1,23,122.90760001633316,catalogue-db|catalogue|orders|rabbitmq|session-db,catalogue-db_container-memory-failures-total,0.9,31,31,0.9089247311827957,0.8910752688172043,31,31,31,0.9,baseline-v2-20260723,cd270e7871bd358937d83d9a49829637fa80007d2964084ef229f578e3733bd3,ba75425861a059dafcc477474fc3e4ed1eafdc2b47d6fdd0557337035d29a960,586e2e075f085ac00ffc1686807038a6a2e69736c692096079d53586f66f4943,3527857,1693129654000000000,300
SS/catalogue_loss/3,SS,catalogue,loss,3,300,300,burst,0.1,3,0.1,nsigma,1,1.0,1.0,0.0,1,1,1,23,319.577099988237,catalogue|front-end|queue-master|orders|shipping,catalogue_istio-latency-95,0.9,31,31,0.9089247311827957,0.8910752688172043,31,31,31,0.9,baseline-v2-20260723,cd270e7871bd358937d83d9a49829637fa80007d2964084ef229f578e3733bd3,ba75425861a059dafcc477474fc3e4ed1eafdc2b47d6fdd0557337035d29a960,586e2e075f085ac00ffc1686807038a6a2e69736c692096079d53586f66f4943,3527857,1693129654000000000,300
SS/catalogue_loss/3,SS,catalogue,loss,3,300,300,burst,0.1,4,0.1,baro,1,1.0,1.0,0.0,1,1,1,23,378.54139995761216,catalogue|shipping|front-end|session-db|queue-master,catalogue_istio-latency-95,0.9,31,31,0.9193548387096774,0.8806451612903226,31,31,31,0.9,baseline-v2-20260723,cd270e7871bd358937d83d9a49829637fa80007d2964084ef229f578e3733bd3,ba75425861a059dafcc477474fc3e4ed1eafdc2b47d6fdd0557337035d29a960,586e2e075f085ac00ffc1686807038a6a2e69736c692096079d53586f66f4943,3527857,1693129654000000000,300
SS/catalogue_loss/3,SS,catalogue,loss,3,300,300,burst,0.1,4,0.1,median_shift,2,0.5,0.8,0.045454545454545456,0,1,1,23,95.24460003012791,catalogue-db|catalogue|orders|session-db|user,catalogue-db_container-memory-failures-total,0.9,31,31,0.9193548387096774,0.8806451612903226,31,31,31,0.9,baseline-v2-20260723,cd270e7871bd358937d83d9a49829637fa80007d2964084ef229f578e3733bd3,ba75425861a059dafcc477474fc3e4ed1eafdc2b47d6fdd0557337035d29a960,586e2e075f085ac00ffc1686807038a6a2e69736c692096079d53586f66f4943,3527857,1693129654000000000,300
SS/catalogue_loss/3,SS,catalogue,loss,3,300,300,burst,0.1,4,0.1,nsigma,1,1.0,1.0,0.0,1,1,1,23,311.4023999660276,catalogue|front-end|queue-master|shipping|orders,catalogue_istio-latency-95,0.9,31,31,0.9193548387096774,0.8806451612903226,31,31,31,0.9,baseline-v2-20260723,cd270e7871bd358937d83d9a49829637fa80007d2964084ef229f578e3733bd3,ba75425861a059dafcc477474fc3e4ed1eafdc2b47d6fdd0557337035d29a960,586e2e075f085ac00ffc1686807038a6a2e69736c692096079d53586f66f4943,3527857,1693129654000000000,300
SS/catalogue_loss/3,SS,catalogue,loss,3,300,300,burst,0.1,5,0.1,baro,2,0.5,0.8,0.045454545454545456,0,1,1,23,405.8804999804124,session-db|catalogue|front-end|queue-master|shipping,session-db_container-memory-working-set-bytes,0.9,31,31,0.8662365591397849,0.933763440860215,31,31,31,0.9,baseline-v2-20260723,cd270e7871bd358937d83d9a49829637fa80007d2964084ef229f578e3733bd3,ba75425861a059dafcc477474fc3e4ed1eafdc2b47d6fdd0557337035d29a960,586e2e075f085ac00ffc1686807038a6a2e69736c692096079d53586f66f4943,3527857,1693129654000000000,300
SS/catalogue_loss/3,SS,catalogue,loss,3,300,300,burst,0.1,5,0.1,median_shift,2,0.5,0.8,0.045454545454545456,0,1,1,23,99.50630000093952,catalogue-db|catalogue|orders|session-db|shipping,catalogue-db_container-memory-failures-total,0.9,31,31,0.8662365591397849,0.933763440860215,31,31,31,0.9,baseline-v2-20260723,cd270e7871bd358937d83d9a49829637fa80007d2964084ef229f578e3733bd3,ba75425861a059dafcc477474fc3e4ed1eafdc2b47d6fdd0557337035d29a960,586e2e075f085ac00ffc1686807038a6a2e69736c692096079d53586f66f4943,3527857,1693129654000000000,300
SS/catalogue_loss/3,SS,catalogue,loss,3,300,300,burst,0.1,5,0.1,nsigma,1,1.0,1.0,0.0,1,1,1,23,267.4352000467479,catalogue|front-end|queue-master|shipping|orders,catalogue_istio-latency-95,0.9,31,31,0.8662365591397849,0.933763440860215,31,31,31,0.9,baseline-v2-20260723,cd270e7871bd358937d83d9a49829637fa80007d2964084ef229f578e3733bd3,ba75425861a059dafcc477474fc3e4ed1eafdc2b47d6fdd0557337035d29a960,586e2e075f085ac00ffc1686807038a6a2e69736c692096079d53586f66f4943,3527857,1693129654000000000,300
SS/catalogue_loss/3,SS,catalogue,loss,3,300,300,burst,0.1,6,0.1,baro,2,0.5,0.8,0.045454545454545456,0,1,1,23,361.65139998774976,session-db|catalogue|shipping|front-end|queue-master,session-db_container-memory-usage-bytes,0.9,31,31,0.8868817204301075,0.9131182795698924,31,31,31,0.9,baseline-v2-20260723,cd270e7871bd358937d83d9a49829637fa80007d2964084ef229f578e3733bd3,ba75425861a059dafcc477474fc3e4ed1eafdc2b47d6fdd0557337035d29a960,586e2e075f085ac00ffc1686807038a6a2e69736c692096079d53586f66f4943,3527857,1693129654000000000,300
SS/catalogue_loss/3,SS,catalogue,loss,3,300,300,burst,0.1,6,0.1,median_shift,2,0.5,0.8,0.045454545454545456,0,1,1,23,100.03100003814325,catalogue-db|catalogue|orders|session-db|user,catalogue-db_container-memory-failures-total,0.9,31,31,0.8868817204301075,0.9131182795698924,31,31,31,0.9,baseline-v2-20260723,cd270e7871bd358937d83d9a49829637fa80007d2964084ef229f578e3733bd3,ba75425861a059dafcc477474fc3e4ed1eafdc2b47d6fdd0557337035d29a960,586e2e075f085ac00ffc1686807038a6a2e69736c692096079d53586f66f4943,3527857,1693129654000000000,300
SS/catalogue_loss/3,SS,catalogue,loss,3,300,300,burst,0.1,6,0.1,nsigma,1,1.0,1.0,0.0,1,1,1,23,307.00690002413467,catalogue|front-end|queue-master|shipping|orders,catalogue_istio-latency-95,0.9,31,31,0.8868817204301075,0.9131182795698924,31,31,31,0.9,baseline-v2-20260723,cd270e7871bd358937d83d9a49829637fa80007d2964084ef229f578e3733bd3,ba75425861a059dafcc477474fc3e4ed1eafdc2b47d6fdd0557337035d29a960,586e2e075f085ac00ffc1686807038a6a2e69736c692096079d53586f66f4943,3527857,1693129654000000000,300
SS/catalogue_loss/3,SS,catalogue,loss,3,300,300,burst,0.1,7,0.1,baro,2,0.5,0.8,0.045454545454545456,0,1,1,23,384.0828000102192,session-db|catalogue|shipping|front-end|queue-master,session-db_container-memory-usage-bytes,0.9,31,31,0.8925806451612903,0.9074193548387097,31,31,31,0.9,baseline-v2-20260723,cd270e7871bd358937d83d9a49829637fa80007d2964084ef229f578e3733bd3,ba75425861a059dafcc477474fc3e4ed1eafdc2b47d6fdd0557337035d29a960,586e2e075f085ac00ffc1686807038a6a2e69736c692096079d53586f66f4943,3527857,1693129654000000000,300
SS/catalogue_loss/3,SS,catalogue,loss,3,300,300,burst,0.1,7,0.1,median_shift,2,0.5,0.8,0.045454545454545456,0,1,1,23,120.40459999116138,catalogue-db|catalogue|orders|session-db|user,catalogue-db_container-memory-failures-total,0.9,31,31,0.8925806451612903,0.9074193548387097,31,31,31,0.9,baseline-v2-20260723,cd270e7871bd358937d83d9a49829637fa80007d2964084ef229f578e3733bd3,ba75425861a059dafcc477474fc3e4ed1eafdc2b47d6fdd0557337035d29a960,586e2e075f085ac00ffc1686807038a6a2e69736c692096079d53586f66f4943,3527857,1693129654000000000,300
SS/catalogue_loss/3,SS,catalogue,loss,3,300,300,burst,0.1,7,0.1,nsigma,1,1.0,1.0,0.0,1,1,1,23,294.98160001821816,catalogue|front-end|queue-master|shipping|orders,catalogue_istio-latency-95,0.9,31,31,0.8925806451612903,0.9074193548387097,31,31,31,0.9,baseline-v2-20260723,cd270e7871bd358937d83d9a49829637fa80007d2964084ef229f578e3733bd3,ba75425861a059dafcc477474fc3e4ed1eafdc2b47d6fdd0557337035d29a960,586e2e075f085ac00ffc1686807038a6a2e69736c692096079d53586f66f4943,3527857,1693129654000000000,300
SS/catalogue_loss/3,SS,catalogue,loss,3,300,300,burst,0.1,8,0.1,baro,2,0.5,0.8,0.045454545454545456,0,1,1,23,339.5005000056699,session-db|catalogue|shipping|front-end|queue-master,session-db_container-memory-usage-bytes,0.9,31,31,0.8472043010752688,0.9527956989247311,31,31,31,0.9,baseline-v2-20260723,cd270e7871bd358937d83d9a49829637fa80007d2964084ef229f578e3733bd3,ba75425861a059dafcc477474fc3e4ed1eafdc2b47d6fdd0557337035d29a960,586e2e075f085ac00ffc1686807038a6a2e69736c692096079d53586f66f4943,3527857,1693129654000000000,300
SS/catalogue_loss/3,SS,catalogue,loss,3,300,300,burst,0.1,8,0.1,median_shift,2,0.5,0.8,0.045454545454545456,0,1,1,23,92.7877000067383,catalogue-db|catalogue|orders|session-db|user,catalogue-db_container-memory-failures-total,0.9,31,31,0.8472043010752688,0.9527956989247311,31,31,31,0.9,baseline-v2-20260723,cd270e7871bd358937d83d9a49829637fa80007d2964084ef229f578e3733bd3,ba75425861a059dafcc477474fc3e4ed1eafdc2b47d6fdd0557337035d29a960,586e2e075f085ac00ffc1686807038a6a2e69736c692096079d53586f66f4943,3527857,1693129654000000000,300
SS/catalogue_loss/3,SS,catalogue,loss,3,300,300,burst,0.1,8,0.1,nsigma,1,1.0,1.0,0.0,1,1,1,23,272.31139998184517,catalogue|front-end|queue-master|shipping|orders,catalogue_istio-latency-95,0.9,31,31,0.8472043010752688,0.9527956989247311,31,31,31,0.9,baseline-v2-20260723,cd270e7871bd358937d83d9a49829637fa80007d2964084ef229f578e3733bd3,ba75425861a059dafcc477474fc3e4ed1eafdc2b47d6fdd0557337035d29a960,586e2e075f085ac00ffc1686807038a6a2e69736c692096079d53586f66f4943,3527857,1693129654000000000,300
SS/catalogue_loss/3,SS,catalogue,loss,3,300,300,burst,0.1,9,0.1,baro,1,1.0,1.0,0.0,1,1,1,23,350.094800000079,catalogue|shipping|front-end|session-db|queue-master,catalogue_istio-latency-95,0.9,31,31,0.8893548387096775,0.9106451612903226,31,31,31,0.9,baseline-v2-20260723,cd270e7871bd358937d83d9a49829637fa80007d2964084ef229f578e3733bd3,ba75425861a059dafcc477474fc3e4ed1eafdc2b47d6fdd0557337035d29a960,586e2e075f085ac00ffc1686807038a6a2e69736c692096079d53586f66f4943,3527857,1693129654000000000,300
SS/catalogue_loss/3,SS,catalogue,loss,3,300,300,burst,0.1,9,0.1,median_shift,2,0.5,0.8,0.045454545454545456,0,1,1,23,113.3288000128232,catalogue-db|catalogue|orders|rabbitmq|session-db,catalogue-db_container-memory-failures-total,0.9,31,31,0.8893548387096775,0.9106451612903226,31,31,31,0.9,baseline-v2-20260723,cd270e7871bd358937d83d9a49829637fa80007d2964084ef229f578e3733bd3,ba75425861a059dafcc477474fc3e4ed1eafdc2b47d6fdd0557337035d29a960,586e2e075f085ac00ffc1686807038a6a2e69736c692096079d53586f66f4943,3527857,1693129654000000000,300
SS/catalogue_loss/3,SS,catalogue,loss,3,300,300,burst,0.1,9,0.1,nsigma,1,1.0,1.0,0.0,1,1,1,23,304.56179997418076,catalogue|front-end|queue-master|shipping|orders,catalogue_istio-latency-95,0.9,31,31,0.8893548387096775,0.9106451612903226,31,31,31,0.9,baseline-v2-20260723,cd270e7871bd358937d83d9a49829637fa80007d2964084ef229f578e3733bd3,ba75425861a059dafcc477474fc3e4ed1eafdc2b47d6fdd0557337035d29a960,586e2e075f085ac00ffc1686807038a6a2e69736c692096079d53586f66f4943,3527857,1693129654000000000,300
SS/catalogue_loss/3,SS,catalogue,loss,3,300,300,burst,0.3,0,0.3,baro,5,0.2,0.2,0.18181818181818182,0,0,1,23,345.29480000492185,user-db|shipping|rabbitmq|session-db|catalogue,user-db_container-memory-rss,0.7,31,31,0.686989247311828,0.713010752688172,31,31,31,0.7,baseline-v2-20260723,cd270e7871bd358937d83d9a49829637fa80007d2964084ef229f578e3733bd3,ba75425861a059dafcc477474fc3e4ed1eafdc2b47d6fdd0557337035d29a960,586e2e075f085ac00ffc1686807038a6a2e69736c692096079d53586f66f4943,3527857,1693129654000000000,300
SS/catalogue_loss/3,SS,catalogue,loss,3,300,300,burst,0.3,0,0.3,median_shift,3,0.3333333333333333,0.6,0.09090909090909091,0,1,1,23,102.13569999905303,carts|catalogue-db|catalogue|front-end|queue-master,carts_container-memory-max-usage-bytes,0.7,31,31,0.686989247311828,0.713010752688172,31,31,31,0.7,baseline-v2-20260723,cd270e7871bd358937d83d9a49829637fa80007d2964084ef229f578e3733bd3,ba75425861a059dafcc477474fc3e4ed1eafdc2b47d6fdd0557337035d29a960,586e2e075f085ac00ffc1686807038a6a2e69736c692096079d53586f66f4943,3527857,1693129654000000000,300
SS/catalogue_loss/3,SS,catalogue,loss,3,300,300,burst,0.3,0,0.3,nsigma,1,1.0,1.0,0.0,1,1,1,23,284.7563000395894,catalogue|front-end|queue-master|shipping|orders,catalogue_istio-latency-95,0.7,31,31,0.686989247311828,0.713010752688172,31,31,31,0.7,baseline-v2-20260723,cd270e7871bd358937d83d9a49829637fa80007d2964084ef229f578e3733bd3,ba75425861a059dafcc477474fc3e4ed1eafdc2b47d6fdd0557337035d29a960,586e2e075f085ac00ffc1686807038a6a2e69736c692096079d53586f66f4943,3527857,1693129654000000000,300
SS/catalogue_loss/3,SS,catalogue,loss,3,300,300,burst,0.3,1,0.3,baro,7,0.14285714285714285,0.0,0.2727272727272727,0,0,0,23,358.5251999902539,192-168-76-116-9100|shipping|front-end|rabbitmq|payment,192-168-76-116-9100_node-memory-inactive-bytes,0.7,31,31,0.7827956989247312,0.6172043010752688,31,31,31,0.7,baseline-v2-20260723,cd270e7871bd358937d83d9a49829637fa80007d2964084ef229f578e3733bd3,ba75425861a059dafcc477474fc3e4ed1eafdc2b47d6fdd0557337035d29a960,586e2e075f085ac00ffc1686807038a6a2e69736c692096079d53586f66f4943,3527857,1693129654000000000,300
SS/catalogue_loss/3,SS,catalogue,loss,3,300,300,burst,0.3,1,0.3,median_shift,3,0.3333333333333333,0.6,0.09090909090909091,0,1,1,23,111.2608999828808,carts|catalogue-db|catalogue|orders|queue-master,carts_container-memory-max-usage-bytes,0.7,31,31,0.7827956989247312,0.6172043010752688,31,31,31,0.7,baseline-v2-20260723,cd270e7871bd358937d83d9a49829637fa80007d2964084ef229f578e3733bd3,ba75425861a059dafcc477474fc3e4ed1eafdc2b47d6fdd0557337035d29a960,586e2e075f085ac00ffc1686807038a6a2e69736c692096079d53586f66f4943,3527857,1693129654000000000,300
SS/catalogue_loss/3,SS,catalogue,loss,3,300,300,burst,0.3,1,0.3,nsigma,1,1.0,1.0,0.0,1,1,1,23,322.70299998344854,catalogue|queue-master|front-end|shipping|orders,catalogue_istio-latency-95,0.7,31,31,0.7827956989247312,0.6172043010752688,31,31,31,0.7,baseline-v2-20260723,cd270e7871bd358937d83d9a49829637fa80007d2964084ef229f578e3733bd3,ba75425861a059dafcc477474fc3e4ed1eafdc2b47d6fdd0557337035d29a960,586e2e075f085ac00ffc1686807038a6a2e69736c692096079d53586f66f4943,3527857,1693129654000000000,300
SS/catalogue_loss/3,SS,catalogue,loss,3,300,300,burst,0.3,2,0.3,baro,6,0.16666666666666666,0.0,0.22727272727272727,0,0,0,23,387.7933999756351,192-168-15-8-9100|user-db|queue-master|carts|front-end,192-168-15-8-9100_node-memory-active-bytes,0.7,31,31,0.68,0.72,31,31,31,0.7,baseline-v2-20260723,cd270e7871bd358937d83d9a49829637fa80007d2964084ef229f578e3733bd3,ba75425861a059dafcc477474fc3e4ed1eafdc2b47d6fdd0557337035d29a960,586e2e075f085ac00ffc1686807038a6a2e69736c692096079d53586f66f4943,3527857,1693129654000000000,300
SS/catalogue_loss/3,SS,catalogue,loss,3,300,300,burst,0.3,2,0.3,median_shift,2,0.5,0.8,0.045454545454545456,0,1,1,23,92.36130001954734,catalogue-db|catalogue|front-end|orders|rabbitmq,catalogue-db_container-memory-failures-total,0.7,31,31,0.68,0.72,31,31,31,0.7,baseline-v2-20260723,cd270e7871bd358937d83d9a49829637fa80007d2964084ef229f578e3733bd3,ba75425861a059dafcc477474fc3e4ed1eafdc2b47d6fdd0557337035d29a960,586e2e075f085ac00ffc1686807038a6a2e69736c692096079d53586f66f4943,3527857,1693129654000000000,300
SS/catalogue_loss/3,SS,catalogue,loss,3,300,300,burst,0.3,2,0.3,nsigma,1,1.0,1.0,0.0,1,1,1,23,374.62920002872124,catalogue|front-end|queue-master|orders|shipping,catalogue_istio-latency-95,0.7,31,31,0.68,0.72,31,31,31,0.7,baseline-v2-20260723,cd270e7871bd358937d83d9a49829637fa80007d2964084ef229f578e3733bd3,ba75425861a059dafcc477474fc3e4ed1eafdc2b47d6fdd0557337035d29a960,586e2e075f085ac00ffc1686807038a6a2e69736c692096079d53586f66f4943,3527857,1693129654000000000,300
SS/catalogue_loss/3,SS,catalogue,loss,3,300,300,burst,0.3,3,0.3,baro,3,0.3333333333333333,0.6,0.09090909090909091,0,1,1,23,343.8062999630347,queue-master|shipping|catalogue|carts-db|192-168-37-154-9100,queue-master_container-memory-max-usage-bytes,0.7,31,31,0.675483870967742,0.724516129032258,31,31,31,0.7,baseline-v2-20260723,cd270e7871bd358937d83d9a49829637fa80007d2964084ef229f578e3733bd3,ba75425861a059dafcc477474fc3e4ed1eafdc2b47d6fdd0557337035d29a960,586e2e075f085ac00ffc1686807038a6a2e69736c692096079d53586f66f4943,3527857,1693129654000000000,300
SS/catalogue_loss/3,SS,catalogue,loss,3,300,300,burst,0.3,3,0.3,median_shift,3,0.3333333333333333,0.6,0.09090909090909091,0,1,1,23,110.36669998429716,carts|catalogue-db|catalogue|front-end|orders-db,carts_container-memory-max-usage-bytes,0.7,31,31,0.675483870967742,0.724516129032258,31,31,31,0.7,baseline-v2-20260723,cd270e7871bd358937d83d9a49829637fa80007d2964084ef229f578e3733bd3,ba75425861a059dafcc477474fc3e4ed1eafdc2b47d6fdd0557337035d29a960,586e2e075f085ac00ffc1686807038a6a2e69736c692096079d53586f66f4943,3527857,1693129654000000000,300
SS/catalogue_loss/3,SS,catalogue,loss,3,300,300,burst,0.3,3,0.3,nsigma,1,1.0,1.0,0.0,1,1,1,23,342.6475999876857,catalogue|front-end|queue-master|shipping|orders,catalogue_istio-latency-95,0.7,31,31,0.675483870967742,0.724516129032258,31,31,31,0.7,baseline-v2-20260723,cd270e7871bd358937d83d9a49829637fa80007d2964084ef229f578e3733bd3,ba75425861a059dafcc477474fc3e4ed1eafdc2b47d6fdd0557337035d29a960,586e2e075f085ac00ffc1686807038a6a2e69736c692096079d53586f66f4943,3527857,1693129654000000000,300
SS/catalogue_loss/3,SS,catalogue,loss,3,300,300,burst,0.3,4,0.3,baro,5,0.2,0.2,0.18181818181818182,0,0,1,23,343.32420001737773,192-168-76-116-9100|192-168-27-60-9100|carts-db|front-end|catalogue,192-168-76-116-9100_node-memory-active-bytes,0.7,31,31,0.7217204301075268,0.6782795698924731,31,31,31,0.7,baseline-v2-20260723,cd270e7871bd358937d83d9a49829637fa80007d2964084ef229f578e3733bd3,ba75425861a059dafcc477474fc3e4ed1eafdc2b47d6fdd0557337035d29a960,586e2e075f085ac00ffc1686807038a6a2e69736c692096079d53586f66f4943,3527857,1693129654000000000,300
SS/catalogue_loss/3,SS,catalogue,loss,3,300,300,burst,0.3,4,0.3,median_shift,2,0.5,0.8,0.045454545454545456,0,1,1,23,104.45030004484579,catalogue-db|catalogue|front-end|orders|session-db,catalogue-db_container-memory-failures-total,0.7,31,31,0.7217204301075268,0.6782795698924731,31,31,31,0.7,baseline-v2-20260723,cd270e7871bd358937d83d9a49829637fa80007d2964084ef229f578e3733bd3,ba75425861a059dafcc477474fc3e4ed1eafdc2b47d6fdd0557337035d29a960,586e2e075f085ac00ffc1686807038a6a2e69736c692096079d53586f66f4943,3527857,1693129654000000000,300
SS/catalogue_loss/3,SS,catalogue,loss,3,300,300,burst,0.3,4,0.3,nsigma,1,1.0,1.0,0.0,1,1,1,23,267.1771000023,catalogue|front-end|shipping|orders|user,catalogue_istio-latency-95,0.7,31,31,0.7217204301075268,0.6782795698924731,31,31,31,0.7,baseline-v2-20260723,cd270e7871bd358937d83d9a49829637fa80007d2964084ef229f578e3733bd3,ba75425861a059dafcc477474fc3e4ed1eafdc2b47d6fdd0557337035d29a960,586e2e075f085ac00ffc1686807038a6a2e69736c692096079d53586f66f4943,3527857,1693129654000000000,300
SS/catalogue_loss/3,SS,catalogue,loss,3,300,300,burst,0.3,5,0.3,baro,4,0.25,0.4,0.13636363636363635,0,0,1,23,383.4351999685168,shipping|rabbitmq|session-db|catalogue|192-168-37-154-9100,shipping_container-memory-usage-bytes,0.7,31,31,0.7459139784946237,0.6540860215053763,31,31,31,0.7,baseline-v2-20260723,cd270e7871bd358937d83d9a49829637fa80007d2964084ef229f578e3733bd3,ba75425861a059dafcc477474fc3e4ed1eafdc2b47d6fdd0557337035d29a960,586e2e075f085ac00ffc1686807038a6a2e69736c692096079d53586f66f4943,3527857,1693129654000000000,300
SS/catalogue_loss/3,SS,catalogue,loss,3,300,300,burst,0.3,5,0.3,median_shift,2,0.5,0.8,0.045454545454545456,0,1,1,23,131.88459997763857,catalogue-db|catalogue|front-end|orders|user,catalogue-db_container-memory-failures-total,0.7,31,31,0.7459139784946237,0.6540860215053763,31,31,31,0.7,baseline-v2-20260723,cd270e7871bd358937d83d9a49829637fa80007d2964084ef229f578e3733bd3,ba75425861a059dafcc477474fc3e4ed1eafdc2b47d6fdd0557337035d29a960,586e2e075f085ac00ffc1686807038a6a2e69736c692096079d53586f66f4943,3527857,1693129654000000000,300
SS/catalogue_loss/3,SS,catalogue,loss,3,300,300,burst,0.3,5,0.3,nsigma,1,1.0,1.0,0.0,1,1,1,23,272.775300021749,catalogue|front-end|queue-master|orders|shipping,catalogue_istio-latency-95,0.7,31,31,0.7459139784946237,0.6540860215053763,31,31,31,0.7,baseline-v2-20260723,cd270e7871bd358937d83d9a49829637fa80007d2964084ef229f578e3733bd3,ba75425861a059dafcc477474fc3e4ed1eafdc2b47d6fdd0557337035d29a960,586e2e075f085ac00ffc1686807038a6a2e69736c692096079d53586f66f4943,3527857,1693129654000000000,300
SS/catalogue_loss/3,SS,catalogue,loss,3,300,300,burst,0.3,6,0.3,baro,6,0.16666666666666666,0.0,0.22727272727272727,0,0,0,23,343.6902000103146,192-168-76-116-9100|192-168-15-8-9100|carts|user-db|carts-db,192-168-76-116-9100_node-memory-active-bytes,0.7,31,31,0.7101075268817204,0.6898924731182796,31,31,31,0.7,baseline-v2-20260723,cd270e7871bd358937d83d9a49829637fa80007d2964084ef229f578e3733bd3,ba75425861a059dafcc477474fc3e4ed1eafdc2b47d6fdd0557337035d29a960,586e2e075f085ac00ffc1686807038a6a2e69736c692096079d53586f66f4943,3527857,1693129654000000000,300
SS/catalogue_loss/3,SS,catalogue,loss,3,300,300,burst,0.3,6,0.3,median_shift,2,0.5,0.8,0.045454545454545456,0,1,1,23,97.4786999868229,catalogue-db|catalogue|orders-db|orders|session-db,catalogue-db_container-memory-failures-total,0.7,31,31,0.7101075268817204,0.6898924731182796,31,31,31,0.7,baseline-v2-20260723,cd270e7871bd358937d83d9a49829637fa80007d2964084ef229f578e3733bd3,ba75425861a059dafcc477474fc3e4ed1eafdc2b47d6fdd0557337035d29a960,586e2e075f085ac00ffc1686807038a6a2e69736c692096079d53586f66f4943,3527857,1693129654000000000,300
SS/catalogue_loss/3,SS,catalogue,loss,3,300,300,burst,0.3,6,0.3,nsigma,1,1.0,1.0,0.0,1,1,1,23,329.6868000179529,catalogue|queue-master|front-end|orders|shipping,catalogue_istio-latency-95,0.7,31,31,0.7101075268817204,0.6898924731182796,31,31,31,0.7,baseline-v2-20260723,cd270e7871bd358937d83d9a49829637fa80007d2964084ef229f578e3733bd3,ba75425861a059dafcc477474fc3e4ed1eafdc2b47d6fdd0557337035d29a960,586e2e075f085ac00ffc1686807038a6a2e69736c692096079d53586f66f4943,3527857,1693129654000000000,300
SS/catalogue_loss/3,SS,catalogue,loss,3,300,300,burst,0.3,7,0.3,baro,7,0.14285714285714285,0.0,0.2727272727272727,0,0,0,23,351.59709997242317,192-168-27-60-9100|queue-master|user-db|carts-db|front-end,192-168-27-60-9100_node-memory-inactive-bytes,0.7,31,31,0.5938709677419355,0.8061290322580645,31,31,31,0.7,baseline-v2-20260723,cd270e7871bd358937d83d9a49829637fa80007d2964084ef229f578e3733bd3,ba75425861a059dafcc477474fc3e4ed1eafdc2b47d6fdd0557337035d29a960,586e2e075f085ac00ffc1686807038a6a2e69736c692096079d53586f66f4943,3527857,1693129654000000000,300
SS/catalogue_loss/3,SS,catalogue,loss,3,300,300,burst,0.3,7,0.3,median_shift,2,0.5,0.8,0.045454545454545456,0,1,1,23,82.41030003409833,catalogue-db|catalogue|orders|shipping|front-end,catalogue-db_container-memory-failures-total,0.7,31,31,0.5938709677419355,0.8061290322580645,31,31,31,0.7,baseline-v2-20260723,cd270e7871bd358937d83d9a49829637fa80007d2964084ef229f578e3733bd3,ba75425861a059dafcc477474fc3e4ed1eafdc2b47d6fdd0557337035d29a960,586e2e075f085ac00ffc1686807038a6a2e69736c692096079d53586f66f4943,3527857,1693129654000000000,300
SS/catalogue_loss/3,SS,catalogue,loss,3,300,300,burst,0.3,7,0.3,nsigma,1,1.0,1.0,0.0,1,1,1,23,255.33690000884235,catalogue|front-end|shipping|orders|queue-master,catalogue_istio-latency-95,0.7,31,31,0.5938709677419355,0.8061290322580645,31,31,31,0.7,baseline-v2-20260723,cd270e7871bd358937d83d9a49829637fa80007d2964084ef229f578e3733bd3,ba75425861a059dafcc477474fc3e4ed1eafdc2b47d6fdd0557337035d29a960,586e2e075f085ac00ffc1686807038a6a2e69736c692096079d53586f66f4943,3527857,1693129654000000000,300
SS/catalogue_loss/3,SS,catalogue,loss,3,300,300,burst,0.3,8,0.3,baro,9,0.1111111111111111,0.0,0.36363636363636365,0,0,0,23,407.6751000247896,192-168-76-116-9100|192-168-33-0-9100|carts-db|carts|orders-db,192-168-76-116-9100_node-cpu-seconds-total,0.7,31,31,0.7379569892473118,0.6620430107526881,31,31,31,0.7,baseline-v2-20260723,cd270e7871bd358937d83d9a49829637fa80007d2964084ef229f578e3733bd3,ba75425861a059dafcc477474fc3e4ed1eafdc2b47d6fdd0557337035d29a960,586e2e075f085ac00ffc1686807038a6a2e69736c692096079d53586f66f4943,3527857,1693129654000000000,300
SS/catalogue_loss/3,SS,catalogue,loss,3,300,300,burst,0.3,8,0.3,median_shift,2,0.5,0.8,0.045454545454545456,0,1,1,23,118.96489997161552,catalogue-db|catalogue|front-end|orders|queue-master,catalogue-db_container-memory-failures-total,0.7,31,31,0.7379569892473118,0.6620430107526881,31,31,31,0.7,baseline-v2-20260723,cd270e7871bd358937d83d9a49829637fa80007d2964084ef229f578e3733bd3,ba75425861a059dafcc477474fc3e4ed1eafdc2b47d6fdd0557337035d29a960,586e2e075f085ac00ffc1686807038a6a2e69736c692096079d53586f66f4943,3527857,1693129654000000000,300
SS/catalogue_loss/3,SS,catalogue,loss,3,300,300,burst,0.3,8,0.3,nsigma,1,1.0,1.0,0.0,1,1,1,23,272.4355999962427,catalogue|queue-master|shipping|front-end|orders,catalogue_istio-latency-95,0.7,31,31,0.7379569892473118,0.6620430107526881,31,31,31,0.7,baseline-v2-20260723,cd270e7871bd358937d83d9a49829637fa80007d2964084ef229f578e3733bd3,ba75425861a059dafcc477474fc3e4ed1eafdc2b47d6fdd0557337035d29a960,586e2e075f085ac00ffc1686807038a6a2e69736c692096079d53586f66f4943,3527857,1693129654000000000,300
SS/catalogue_loss/3,SS,catalogue,loss,3,300,300,burst,0.3,9,0.3,baro,9,0.1111111111111111,0.0,0.36363636363636365,0,0,0,23,375.66590000642464,192-168-27-60-9100|192-168-33-0-9100|queue-master|carts-db|user-db,192-168-27-60-9100_node-memory-inactive-bytes,0.7,31,31,0.659247311827957,0.740752688172043,31,31,31,0.7,baseline-v2-20260723,cd270e7871bd358937d83d9a49829637fa80007d2964084ef229f578e3733bd3,ba75425861a059dafcc477474fc3e4ed1eafdc2b47d6fdd0557337035d29a960,586e2e075f085ac00ffc1686807038a6a2e69736c692096079d53586f66f4943,3527857,1693129654000000000,300
SS/catalogue_loss/3,SS,catalogue,loss,3,300,300,burst,0.3,9,0.3,median_shift,2,0.5,0.8,0.045454545454545456,0,1,1,23,115.42420001933351,catalogue-db|catalogue|orders|session-db|shipping,catalogue-db_container-memory-failures-total,0.7,31,31,0.659247311827957,0.740752688172043,31,31,31,0.7,baseline-v2-20260723,cd270e7871bd358937d83d9a49829637fa80007d2964084ef229f578e3733bd3,ba75425861a059dafcc477474fc3e4ed1eafdc2b47d6fdd0557337035d29a960,586e2e075f085ac00ffc1686807038a6a2e69736c692096079d53586f66f4943,3527857,1693129654000000000,300
SS/catalogue_loss/3,SS,catalogue,loss,3,300,300,burst,0.3,9,0.3,nsigma,1,1.0,1.0,0.0,1,1,1,23,300.55530002573505,catalogue|front-end|queue-master|shipping|orders,catalogue_istio-latency-95,0.7,31,31,0.659247311827957,0.740752688172043,31,31,31,0.7,baseline-v2-20260723,cd270e7871bd358937d83d9a49829637fa80007d2964084ef229f578e3733bd3,ba75425861a059dafcc477474fc3e4ed1eafdc2b47d6fdd0557337035d29a960,586e2e075f085ac00ffc1686807038a6a2e69736c692096079d53586f66f4943,3527857,1693129654000000000,300
SS/catalogue_loss/3,SS,catalogue,loss,3,300,300,burst,0.5,0,0.5,baro,10,0.1,0.0,0.4090909090909091,0,0,0,23,362.5453999848105,192-168-33-0-9100|user-db|carts|carts-db|orders,192-168-33-0-9100_node-memory-inactive-bytes,0.5,31,31,0.46118279569892473,0.5388172043010753,31,31,31,0.5,baseline-v2-20260723,cd270e7871bd358937d83d9a49829637fa80007d2964084ef229f578e3733bd3,ba75425861a059dafcc477474fc3e4ed1eafdc2b47d6fdd0557337035d29a960,586e2e075f085ac00ffc1686807038a6a2e69736c692096079d53586f66f4943,3527857,1693129654000000000,300
SS/catalogue_loss/3,SS,catalogue,loss,3,300,300,burst,0.5,0,0.5,median_shift,3,0.3333333333333333,0.6,0.09090909090909091,0,1,1,23,97.43889997480437,carts|catalogue-db|catalogue|front-end|orders-db,carts_container-memory-failures-total,0.5,31,31,0.46118279569892473,0.5388172043010753,31,31,31,0.5,baseline-v2-20260723,cd270e7871bd358937d83d9a49829637fa80007d2964084ef229f578e3733bd3,ba75425861a059dafcc477474fc3e4ed1eafdc2b47d6fdd0557337035d29a960,586e2e075f085ac00ffc1686807038a6a2e69736c692096079d53586f66f4943,3527857,1693129654000000000,300
SS/catalogue_loss/3,SS,catalogue,loss,3,300,300,burst,0.5,0,0.5,nsigma,1,1.0,1.0,0.0,1,1,1,23,279.0188000071794,catalogue|queue-master|shipping|front-end|orders,catalogue_istio-latency-95,0.5,31,31,0.46118279569892473,0.5388172043010753,31,31,31,0.5,baseline-v2-20260723,cd270e7871bd358937d83d9a49829637fa80007d2964084ef229f578e3733bd3,ba75425861a059dafcc477474fc3e4ed1eafdc2b47d6fdd0557337035d29a960,586e2e075f085ac00ffc1686807038a6a2e69736c692096079d53586f66f4943,3527857,1693129654000000000,300
SS/catalogue_loss/3,SS,catalogue,loss,3,300,300,burst,0.5,1,0.5,baro,12,0.08333333333333333,0.0,0.5,0,0,0,23,296.17340001277626,192-168-76-116-9100|192-168-27-60-9100|192-168-15-8-9100|192-168-33-0-9100|user-db,192-168-76-116-9100_node-memory-inactive-bytes,0.5,31,31,0.49408602150537634,0.5059139784946236,31,30,29,0.5,baseline-v2-20260723,cd270e7871bd358937d83d9a49829637fa80007d2964084ef229f578e3733bd3,ba75425861a059dafcc477474fc3e4ed1eafdc2b47d6fdd0557337035d29a960,586e2e075f085ac00ffc1686807038a6a2e69736c692096079d53586f66f4943,3527857,1693129654000000000,300
SS/catalogue_loss/3,SS,catalogue,loss,3,300,300,burst,0.5,1,0.5,median_shift,4,0.25,0.4,0.13636363636363635,0,0,1,23,88.64630002062768,carts-db|carts|catalogue-db|catalogue|front-end,carts-db_container-cpu-user-seconds-total,0.5,31,31,0.49408602150537634,0.5059139784946236,31,30,29,0.5,baseline-v2-20260723,cd270e7871bd358937d83d9a49829637fa80007d2964084ef229f578e3733bd3,ba75425861a059dafcc477474fc3e4ed1eafdc2b47d6fdd0557337035d29a960,586e2e075f085ac00ffc1686807038a6a2e69736c692096079d53586f66f4943,3527857,1693129654000000000,300
SS/catalogue_loss/3,SS,catalogue,loss,3,300,300,burst,0.5,1,0.5,nsigma,1,1.0,1.0,0.0,1,1,1,23,357.53629996906966,catalogue|front-end|queue-master|shipping|192-168-33-0-9100,catalogue_istio-latency-90,0.5,31,31,0.49408602150537634,0.5059139784946236,31,30,29,0.5,baseline-v2-20260723,cd270e7871bd358937d83d9a49829637fa80007d2964084ef229f578e3733bd3,ba75425861a059dafcc477474fc3e4ed1eafdc2b47d6fdd0557337035d29a960,586e2e075f085ac00ffc1686807038a6a2e69736c692096079d53586f66f4943,3527857,1693129654000000000,300
SS/catalogue_loss/3,SS,catalogue,loss,3,300,300,burst,0.5,2,0.5,baro,10,0.1,0.0,0.4090909090909091,0,0,0,23,322.2914000507444,192-168-33-0-9100|192-168-15-8-9100|user-db|carts-db|shipping,192-168-33-0-9100_node-memory-inactive-bytes,0.5,31,31,0.5680645161290323,0.43193548387096775,31,31,31,0.5,baseline-v2-20260723,cd270e7871bd358937d83d9a49829637fa80007d2964084ef229f578e3733bd3,ba75425861a059dafcc477474fc3e4ed1eafdc2b47d6fdd0557337035d29a960,586e2e075f085ac00ffc1686807038a6a2e69736c692096079d53586f66f4943,3527857,1693129654000000000,300
SS/catalogue_loss/3,SS,catalogue,loss,3,300,300,burst,0.5,2,0.5,median_shift,3,0.3333333333333333,0.6,0.09090909090909091,0,1,1,23,104.3620000127703,carts|catalogue-db|catalogue|front-end|orders,carts_container-memory-max-usage-bytes,0.5,31,31,0.5680645161290323,0.43193548387096775,31,31,31,0.5,baseline-v2-20260723,cd270e7871bd358937d83d9a49829637fa80007d2964084ef229f578e3733bd3,ba75425861a059dafcc477474fc3e4ed1eafdc2b47d6fdd0557337035d29a960,586e2e075f085ac00ffc1686807038a6a2e69736c692096079d53586f66f4943,3527857,1693129654000000000,300
SS/catalogue_loss/3,SS,catalogue,loss,3,300,300,burst,0.5,2,0.5,nsigma,1,1.0,1.0,0.0,1,1,1,23,298.8781000021845,catalogue|front-end|orders|shipping|carts,catalogue_istio-latency-95,0.5,31,31,0.5680645161290323,0.43193548387096775,31,31,31,0.5,baseline-v2-20260723,cd270e7871bd358937d83d9a49829637fa80007d2964084ef229f578e3733bd3,ba75425861a059dafcc477474fc3e4ed1eafdc2b47d6fdd0557337035d29a960,586e2e075f085ac00ffc1686807038a6a2e69736c692096079d53586f66f4943,3527857,1693129654000000000,300
SS/catalogue_loss/3,SS,catalogue,loss,3,300,300,burst,0.5,3,0.5,baro,10,0.1,0.0,0.4090909090909091,0,0,0,23,342.6896999590099,192-168-33-0-9100|192-168-27-60-9100|192-168-15-8-9100|carts-db|user-db,192-168-33-0-9100_node-memory-inactive-bytes,0.5,31,31,0.4664516129032258,0.5335483870967742,31,31,30,0.5,baseline-v2-20260723,cd270e7871bd358937d83d9a49829637fa80007d2964084ef229f578e3733bd3,ba75425861a059dafcc477474fc3e4ed1eafdc2b47d6fdd0557337035d29a960,586e2e075f085ac00ffc1686807038a6a2e69736c692096079d53586f66f4943,3527857,1693129654000000000,300
SS/catalogue_loss/3,SS,catalogue,loss,3,300,300,burst,0.5,3,0.5,median_shift,4,0.25,0.4,0.13636363636363635,0,0,1,23,119.80689998017624,carts-db|carts|catalogue-db|catalogue|front-end,carts-db_container-memory-rss,0.5,31,31,0.4664516129032258,0.5335483870967742,31,31,30,0.5,baseline-v2-20260723,cd270e7871bd358937d83d9a49829637fa80007d2964084ef229f578e3733bd3,ba75425861a059dafcc477474fc3e4ed1eafdc2b47d6fdd0557337035d29a960,586e2e075f085ac00ffc1686807038a6a2e69736c692096079d53586f66f4943,3527857,1693129654000000000,300
SS/catalogue_loss/3,SS,catalogue,loss,3,300,300,burst,0.5,3,0.5,nsigma,1,1.0,1.0,0.0,1,1,1,23,269.79460002621636,catalogue|front-end|queue-master|orders|192-168-37-154-9100,catalogue_istio-latency-95,0.5,31,31,0.4664516129032258,0.5335483870967742,31,31,30,0.5,baseline-v2-20260723,cd270e7871bd358937d83d9a49829637fa80007d2964084ef229f578e3733bd3,ba75425861a059dafcc477474fc3e4ed1eafdc2b47d6fdd0557337035d29a960,586e2e075f085ac00ffc1686807038a6a2e69736c692096079d53586f66f4943,3527857,1693129654000000000,300
SS/catalogue_loss/3,SS,catalogue,loss,3,300,300,burst,0.5,4,0.5,baro,12,0.08333333333333333,0.0,0.5,0,0,0,23,406.06529999058694,192-168-15-8-9100|192-168-27-60-9100|user-db|orders-db|carts-db,192-168-15-8-9100_node-memory-inactive-bytes,0.5,31,31,0.5664516129032258,0.4335483870967742,31,31,31,0.5,baseline-v2-20260723,cd270e7871bd358937d83d9a49829637fa80007d2964084ef229f578e3733bd3,ba75425861a059dafcc477474fc3e4ed1eafdc2b47d6fdd0557337035d29a960,586e2e075f085ac00ffc1686807038a6a2e69736c692096079d53586f66f4943,3527857,1693129654000000000,300
SS/catalogue_loss/3,SS,catalogue,loss,3,300,300,burst,0.5,4,0.5,median_shift,3,0.3333333333333333,0.6,0.09090909090909091,0,1,1,23,83.07379996404052,carts|catalogue-db|catalogue|front-end|orders-db,carts_container-memory-max-usage-bytes,0.5,31,31,0.5664516129032258,0.4335483870967742,31,31,31,0.5,baseline-v2-20260723,cd270e7871bd358937d83d9a49829637fa80007d2964084ef229f578e3733bd3,ba75425861a059dafcc477474fc3e4ed1eafdc2b47d6fdd0557337035d29a960,586e2e075f085ac00ffc1686807038a6a2e69736c692096079d53586f66f4943,3527857,1693129654000000000,300
SS/catalogue_loss/3,SS,catalogue,loss,3,300,300,burst,0.5,4,0.5,nsigma,1,1.0,1.0,0.0,1,1,1,23,311.09039997681975,catalogue|front-end|carts-db|shipping|orders,catalogue_istio-latency-95,0.5,31,31,0.5664516129032258,0.4335483870967742,31,31,31,0.5,baseline-v2-20260723,cd270e7871bd358937d83d9a49829637fa80007d2964084ef229f578e3733bd3,ba75425861a059dafcc477474fc3e4ed1eafdc2b47d6fdd0557337035d29a960,586e2e075f085ac00ffc1686807038a6a2e69736c692096079d53586f66f4943,3527857,1693129654000000000,300
SS/catalogue_loss/3,SS,catalogue,loss,3,300,300,burst,0.5,5,0.5,baro,11,0.09090909090909091,0.0,0.45454545454545453,0,0,0,23,430.07599998963997,192-168-27-60-9100|192-168-37-154-9100|carts-db|orders-db|carts,192-168-27-60-9100_node-memory-inactive-bytes,0.5,31,31,0.5560215053763441,0.4439784946236559,31,31,31,0.5,baseline-v2-20260723,cd270e7871bd358937d83d9a49829637fa80007d2964084ef229f578e3733bd3,ba75425861a059dafcc477474fc3e4ed1eafdc2b47d6fdd0557337035d29a960,586e2e075f085ac00ffc1686807038a6a2e69736c692096079d53586f66f4943,3527857,1693129654000000000,300
SS/catalogue_loss/3,SS,catalogue,loss,3,300,300,burst,0.5,5,0.5,median_shift,5,0.2,0.2,0.18181818181818182,0,0,1,23,124.15660003898665,192-168-33-0-9100|carts-db|carts|catalogue-db|catalogue,192-168-33-0-9100_node-memory-active-bytes,0.5,31,31,0.5560215053763441,0.4439784946236559,31,31,31,0.5,baseline-v2-20260723,cd270e7871bd358937d83d9a49829637fa80007d2964084ef229f578e3733bd3,ba75425861a059dafcc477474fc3e4ed1eafdc2b47d6fdd0557337035d29a960,586e2e075f085ac00ffc1686807038a6a2e69736c692096079d53586f66f4943,3527857,1693129654000000000,300
SS/catalogue_loss/3,SS,catalogue,loss,3,300,300,burst,0.5,5,0.5,nsigma,1,1.0,1.0,0.0,1,1,1,23,315.98050001775846,catalogue|front-end|shipping|192-168-33-0-9100|payment,catalogue_istio-latency-95,0.5,31,31,0.5560215053763441,0.4439784946236559,31,31,31,0.5,baseline-v2-20260723,cd270e7871bd358937d83d9a49829637fa80007d2964084ef229f578e3733bd3,ba75425861a059dafcc477474fc3e4ed1eafdc2b47d6fdd0557337035d29a960,586e2e075f085ac00ffc1686807038a6a2e69736c692096079d53586f66f4943,3527857,1693129654000000000,300
SS/catalogue_loss/3,SS,catalogue,loss,3,300,300,burst,0.5,6,0.5,baro,12,0.08333333333333333,0.0,0.5,0,0,0,23,381.6928000305779,192-168-15-8-9100|192-168-27-60-9100|carts-db|carts|orders-db,192-168-15-8-9100_node-memory-inactive-bytes,0.5,31,31,0.5331182795698924,0.4668817204301075,31,31,31,0.5,baseline-v2-20260723,cd270e7871bd358937d83d9a49829637fa80007d2964084ef229f578e3733bd3,ba75425861a059dafcc477474fc3e4ed1eafdc2b47d6fdd0557337035d29a960,586e2e075f085ac00ffc1686807038a6a2e69736c692096079d53586f66f4943,3527857,1693129654000000000,300
SS/catalogue_loss/3,SS,catalogue,loss,3,300,300,burst,0.5,6,0.5,median_shift,4,0.25,0.4,0.13636363636363635,0,0,1,23,110.37230002693832,carts-db|carts|catalogue-db|catalogue|front-end,carts-db_container-cpu-user-seconds-total,0.5,31,31,0.5331182795698924,0.4668817204301075,31,31,31,0.5,baseline-v2-20260723,cd270e7871bd358937d83d9a49829637fa80007d2964084ef229f578e3733bd3,ba75425861a059dafcc477474fc3e4ed1eafdc2b47d6fdd0557337035d29a960,586e2e075f085ac00ffc1686807038a6a2e69736c692096079d53586f66f4943,3527857,1693129654000000000,300
SS/catalogue_loss/3,SS,catalogue,loss,3,300,300,burst,0.5,6,0.5,nsigma,1,1.0,1.0,0.0,1,1,1,23,278.12389994505793,catalogue|queue-master|front-end|orders|192-168-37-154-9100,catalogue_istio-latency-90,0.5,31,31,0.5331182795698924,0.4668817204301075,31,31,31,0.5,baseline-v2-20260723,cd270e7871bd358937d83d9a49829637fa80007d2964084ef229f578e3733bd3,ba75425861a059dafcc477474fc3e4ed1eafdc2b47d6fdd0557337035d29a960,586e2e075f085ac00ffc1686807038a6a2e69736c692096079d53586f66f4943,3527857,1693129654000000000,300
SS/catalogue_loss/3,SS,catalogue,loss,3,300,300,burst,0.5,7,0.5,baro,10,0.1,0.0,0.4090909090909091,0,0,0,23,340.714999998454,192-168-33-0-9100|192-168-76-116-9100|192-168-15-8-9100|user-db|shipping,192-168-33-0-9100_node-memory-inactive-bytes,0.5,31,31,0.43236559139784947,0.5676344086021505,31,30,30,0.5,baseline-v2-20260723,cd270e7871bd358937d83d9a49829637fa80007d2964084ef229f578e3733bd3,ba75425861a059dafcc477474fc3e4ed1eafdc2b47d6fdd0557337035d29a960,586e2e075f085ac00ffc1686807038a6a2e69736c692096079d53586f66f4943,3527857,1693129654000000000,300
SS/catalogue_loss/3,SS,catalogue,loss,3,300,300,burst,0.5,7,0.5,median_shift,2,0.5,0.8,0.045454545454545456,0,1,1,23,100.40629998547956,catalogue-db|catalogue|front-end|orders|session-db,catalogue-db_container-memory-failures-total,0.5,31,31,0.43236559139784947,0.5676344086021505,31,30,30,0.5,baseline-v2-20260723,cd270e7871bd358937d83d9a49829637fa80007d2964084ef229f578e3733bd3,ba75425861a059dafcc477474fc3e4ed1eafdc2b47d6fdd0557337035d29a960,586e2e075f085ac00ffc1686807038a6a2e69736c692096079d53586f66f4943,3527857,1693129654000000000,300
SS/catalogue_loss/3,SS,catalogue,loss,3,300,300,burst,0.5,7,0.5,nsigma,1,1.0,1.0,0.0,1,1,1,23,298.14909998094663,catalogue|shipping|front-end|queue-master|payment,catalogue_istio-latency-95,0.5,31,31,0.43236559139784947,0.5676344086021505,31,30,30,0.5,baseline-v2-20260723,cd270e7871bd358937d83d9a49829637fa80007d2964084ef229f578e3733bd3,ba75425861a059dafcc477474fc3e4ed1eafdc2b47d6fdd0557337035d29a960,586e2e075f085ac00ffc1686807038a6a2e69736c692096079d53586f66f4943,3527857,1693129654000000000,300
SS/catalogue_loss/3,SS,catalogue,loss,3,300,300,burst,0.5,8,0.5,baro,12,0.08333333333333333,0.0,0.5,0,0,0,23,358.3809999981895,192-168-76-116-9100|carts-db|carts|user-db|orders-db,192-168-76-116-9100_node-memory-active-bytes,0.5,31,31,0.430752688172043,0.569247311827957,31,31,31,0.5,baseline-v2-20260723,cd270e7871bd358937d83d9a49829637fa80007d2964084ef229f578e3733bd3,ba75425861a059dafcc477474fc3e4ed1eafdc2b47d6fdd0557337035d29a960,586e2e075f085ac00ffc1686807038a6a2e69736c692096079d53586f66f4943,3527857,1693129654000000000,300
SS/catalogue_loss/3,SS,catalogue,loss,3,300,300,burst,0.5,8,0.5,median_shift,5,0.2,0.2,0.18181818181818182,0,0,1,23,149.0159000386484,192-168-33-0-9100|carts-db|carts|catalogue-db|catalogue,192-168-33-0-9100_node-memory-active-bytes,0.5,31,31,0.430752688172043,0.569247311827957,31,31,31,0.5,baseline-v2-20260723,cd270e7871bd358937d83d9a49829637fa80007d2964084ef229f578e3733bd3,ba75425861a059dafcc477474fc3e4ed1eafdc2b47d6fdd0557337035d29a960,586e2e075f085ac00ffc1686807038a6a2e69736c692096079d53586f66f4943,3527857,1693129654000000000,300
SS/catalogue_loss/3,SS,catalogue,loss,3,300,300,burst,0.5,8,0.5,nsigma,1,1.0,1.0,0.0,1,1,1,23,267.14090001769364,catalogue|front-end|shipping|carts|orders,catalogue_istio-latency-95,0.5,31,31,0.430752688172043,0.569247311827957,31,31,31,0.5,baseline-v2-20260723,cd270e7871bd358937d83d9a49829637fa80007d2964084ef229f578e3733bd3,ba75425861a059dafcc477474fc3e4ed1eafdc2b47d6fdd0557337035d29a960,586e2e075f085ac00ffc1686807038a6a2e69736c692096079d53586f66f4943,3527857,1693129654000000000,300
SS/catalogue_loss/3,SS,catalogue,loss,3,300,300,burst,0.5,9,0.5,baro,12,0.08333333333333333,0.0,0.5,0,0,0,23,356.9491999805905,192-168-37-154-9100|192-168-27-60-9100|192-168-33-0-9100|carts-db|orders-db,192-168-37-154-9100_node-memory-inactive-bytes,0.5,31,31,0.5091397849462366,0.4908602150537634,31,31,30,0.5,baseline-v2-20260723,cd270e7871bd358937d83d9a49829637fa80007d2964084ef229f578e3733bd3,ba75425861a059dafcc477474fc3e4ed1eafdc2b47d6fdd0557337035d29a960,586e2e075f085ac00ffc1686807038a6a2e69736c692096079d53586f66f4943,3527857,1693129654000000000,300
SS/catalogue_loss/3,SS,catalogue,loss,3,300,300,burst,0.5,9,0.5,median_shift,3,0.3333333333333333,0.6,0.09090909090909091,0,1,1,23,116.4621000061743,carts-db|catalogue-db|catalogue|front-end|orders,carts-db_container-cpu-user-seconds-total,0.5,31,31,0.5091397849462366,0.4908602150537634,31,31,30,0.5,baseline-v2-20260723,cd270e7871bd358937d83d9a49829637fa80007d2964084ef229f578e3733bd3,ba75425861a059dafcc477474fc3e4ed1eafdc2b47d6fdd0557337035d29a960,586e2e075f085ac00ffc1686807038a6a2e69736c692096079d53586f66f4943,3527857,1693129654000000000,300
SS/catalogue_loss/3,SS,catalogue,loss,3,300,300,burst,0.5,9,0.5,nsigma,1,1.0,1.0,0.0,1,1,1,23,271.0631000227295,catalogue|front-end|queue-master|shipping|carts,catalogue_istio-latency-99,0.5,31,31,0.5091397849462366,0.4908602150537634,31,31,30,0.5,baseline-v2-20260723,cd270e7871bd358937d83d9a49829637fa80007d2964084ef229f578e3733bd3,ba75425861a059dafcc477474fc3e4ed1eafdc2b47d6fdd0557337035d29a960,586e2e075f085ac00ffc1686807038a6a2e69736c692096079d53586f66f4943,3527857,1693129654000000000,300
SS/catalogue_loss/3,SS,catalogue,loss,3,300,300,incident,0.1,0,0.1,baro,1,1.0,1.0,0.0,1,1,1,23,364.834800013341,catalogue|shipping|front-end|session-db|queue-master,catalogue_istio-latency-95,0.8105376344086022,31,31,0.9038709677419355,0.7172043010752688,31,31,31,0.9,baseline-v2-20260723,cd270e7871bd358937d83d9a49829637fa80007d2964084ef229f578e3733bd3,ba75425861a059dafcc477474fc3e4ed1eafdc2b47d6fdd0557337035d29a960,586e2e075f085ac00ffc1686807038a6a2e69736c692096079d53586f66f4943,3527857,1693129654000000000,300
SS/catalogue_loss/3,SS,catalogue,loss,3,300,300,incident,0.1,0,0.1,median_shift,2,0.5,0.8,0.045454545454545456,0,1,1,23,85.70110000437126,catalogue-db|catalogue|user|queue-master|front-end,catalogue-db_container-memory-failures-total,0.8105376344086022,31,31,0.9038709677419355,0.7172043010752688,31,31,31,0.9,baseline-v2-20260723,cd270e7871bd358937d83d9a49829637fa80007d2964084ef229f578e3733bd3,ba75425861a059dafcc477474fc3e4ed1eafdc2b47d6fdd0557337035d29a960,586e2e075f085ac00ffc1686807038a6a2e69736c692096079d53586f66f4943,3527857,1693129654000000000,300
SS/catalogue_loss/3,SS,catalogue,loss,3,300,300,incident,0.1,0,0.1,nsigma,1,1.0,1.0,0.0,1,1,1,23,316.1223999923095,catalogue|front-end|queue-master|shipping|orders,catalogue_istio-latency-95,0.8105376344086022,31,31,0.9038709677419355,0.7172043010752688,31,31,31,0.9,baseline-v2-20260723,cd270e7871bd358937d83d9a49829637fa80007d2964084ef229f578e3733bd3,ba75425861a059dafcc477474fc3e4ed1eafdc2b47d6fdd0557337035d29a960,586e2e075f085ac00ffc1686807038a6a2e69736c692096079d53586f66f4943,3527857,1693129654000000000,300
SS/catalogue_loss/3,SS,catalogue,loss,3,300,300,incident,0.1,1,0.1,baro,1,1.0,1.0,0.0,1,1,1,23,390.22190001560375,catalogue|shipping|front-end|session-db|queue-master,catalogue_istio-latency-95,0.8090322580645162,31,31,0.9013978494623656,0.7166666666666667,31,31,31,0.9,baseline-v2-20260723,cd270e7871bd358937d83d9a49829637fa80007d2964084ef229f578e3733bd3,ba75425861a059dafcc477474fc3e4ed1eafdc2b47d6fdd0557337035d29a960,586e2e075f085ac00ffc1686807038a6a2e69736c692096079d53586f66f4943,3527857,1693129654000000000,300
SS/catalogue_loss/3,SS,catalogue,loss,3,300,300,incident,0.1,1,0.1,median_shift,2,0.5,0.8,0.045454545454545456,0,1,1,23,120.76939997496083,catalogue-db|catalogue|user|queue-master|front-end,catalogue-db_container-memory-failures-total,0.8090322580645162,31,31,0.9013978494623656,0.7166666666666667,31,31,31,0.9,baseline-v2-20260723,cd270e7871bd358937d83d9a49829637fa80007d2964084ef229f578e3733bd3,ba75425861a059dafcc477474fc3e4ed1eafdc2b47d6fdd0557337035d29a960,586e2e075f085ac00ffc1686807038a6a2e69736c692096079d53586f66f4943,3527857,1693129654000000000,300
SS/catalogue_loss/3,SS,catalogue,loss,3,300,300,incident,0.1,1,0.1,nsigma,1,1.0,1.0,0.0,1,1,1,23,301.6098999651149,catalogue|front-end|queue-master|shipping|orders,catalogue_istio-latency-95,0.8090322580645162,31,31,0.9013978494623656,0.7166666666666667,31,31,31,0.9,baseline-v2-20260723,cd270e7871bd358937d83d9a49829637fa80007d2964084ef229f578e3733bd3,ba75425861a059dafcc477474fc3e4ed1eafdc2b47d6fdd0557337035d29a960,586e2e075f085ac00ffc1686807038a6a2e69736c692096079d53586f66f4943,3527857,1693129654000000000,300
SS/catalogue_loss/3,SS,catalogue,loss,3,300,300,incident,0.1,2,0.1,baro,1,1.0,1.0,0.0,1,1,1,23,351.13730002194643,catalogue|shipping|front-end|session-db|queue-master,catalogue_istio-latency-95,0.8101075268817204,31,31,0.8990322580645161,0.7211827956989247,31,31,31,0.9,baseline-v2-20260723,cd270e7871bd358937d83d9a49829637fa80007d2964084ef229f578e3733bd3,ba75425861a059dafcc477474fc3e4ed1eafdc2b47d6fdd0557337035d29a960,586e2e075f085ac00ffc1686807038a6a2e69736c692096079d53586f66f4943,3527857,1693129654000000000,300
SS/catalogue_loss/3,SS,catalogue,loss,3,300,300,incident,0.1,2,0.1,median_shift,2,0.5,0.8,0.045454545454545456,0,1,1,23,105.91779998503625,catalogue-db|catalogue|user|queue-master|front-end,catalogue-db_container-memory-failures-total,0.8101075268817204,31,31,0.8990322580645161,0.7211827956989247,31,31,31,0.9,baseline-v2-20260723,cd270e7871bd358937d83d9a49829637fa80007d2964084ef229f578e3733bd3,ba75425861a059dafcc477474fc3e4ed1eafdc2b47d6fdd0557337035d29a960,586e2e075f085ac00ffc1686807038a6a2e69736c692096079d53586f66f4943,3527857,1693129654000000000,300
SS/catalogue_loss/3,SS,catalogue,loss,3,300,300,incident,0.1,2,0.1,nsigma,1,1.0,1.0,0.0,1,1,1,23,345.52610001992434,catalogue|front-end|queue-master|shipping|orders,catalogue_istio-latency-95,0.8101075268817204,31,31,0.8990322580645161,0.7211827956989247,31,31,31,0.9,baseline-v2-20260723,cd270e7871bd358937d83d9a49829637fa80007d2964084ef229f578e3733bd3,ba75425861a059dafcc477474fc3e4ed1eafdc2b47d6fdd0557337035d29a960,586e2e075f085ac00ffc1686807038a6a2e69736c692096079d53586f66f4943,3527857,1693129654000000000,300
SS/catalogue_loss/3,SS,catalogue,loss,3,300,300,incident,0.1,3,0.1,baro,1,1.0,1.0,0.0,1,1,1,23,363.81869995966554,catalogue|shipping|front-end|session-db|queue-master,catalogue_istio-latency-95,0.8106451612903226,31,31,0.8994623655913978,0.7218279569892473,31,31,31,0.9,baseline-v2-20260723,cd270e7871bd358937d83d9a49829637fa80007d2964084ef229f578e3733bd3,ba75425861a059dafcc477474fc3e4ed1eafdc2b47d6fdd0557337035d29a960,586e2e075f085ac00ffc1686807038a6a2e69736c692096079d53586f66f4943,3527857,1693129654000000000,300
SS/catalogue_loss/3,SS,catalogue,loss,3,300,300,incident,0.1,3,0.1,median_shift,2,0.5,0.8,0.045454545454545456,0,1,1,23,89.4321000087075,catalogue-db|catalogue|user|queue-master|front-end,catalogue-db_container-memory-failures-total,0.8106451612903226,31,31,0.8994623655913978,0.7218279569892473,31,31,31,0.9,baseline-v2-20260723,cd270e7871bd358937d83d9a49829637fa80007d2964084ef229f578e3733bd3,ba75425861a059dafcc477474fc3e4ed1eafdc2b47d6fdd0557337035d29a960,586e2e075f085ac00ffc1686807038a6a2e69736c692096079d53586f66f4943,3527857,1693129654000000000,300
SS/catalogue_loss/3,SS,catalogue,loss,3,300,300,incident,0.1,3,0.1,nsigma,1,1.0,1.0,0.0,1,1,1,23,316.95539999054745,catalogue|front-end|queue-master|shipping|orders,catalogue_istio-latency-95,0.8106451612903226,31,31,0.8994623655913978,0.7218279569892473,31,31,31,0.9,baseline-v2-20260723,cd270e7871bd358937d83d9a49829637fa80007d2964084ef229f578e3733bd3,ba75425861a059dafcc477474fc3e4ed1eafdc2b47d6fdd0557337035d29a960,586e2e075f085ac00ffc1686807038a6a2e69736c692096079d53586f66f4943,3527857,1693129654000000000,300
SS/catalogue_loss/3,SS,catalogue,loss,3,300,300,incident,0.1,4,0.1,baro,1,1.0,1.0,0.0,1,1,1,23,367.16550000710413,catalogue|shipping|front-end|session-db|queue-master,catalogue_istio-latency-95,0.8090860215053763,31,31,0.9010752688172043,0.7170967741935483,31,31,31,0.9,baseline-v2-20260723,cd270e7871bd358937d83d9a49829637fa80007d2964084ef229f578e3733bd3,ba75425861a059dafcc477474fc3e4ed1eafdc2b47d6fdd0557337035d29a960,586e2e075f085ac00ffc1686807038a6a2e69736c692096079d53586f66f4943,3527857,1693129654000000000,300
SS/catalogue_loss/3,SS,catalogue,loss,3,300,300,incident,0.1,4,0.1,median_shift,2,0.5,0.8,0.045454545454545456,0,1,1,23,117.1567999990657,catalogue-db|catalogue|user|queue-master|front-end,catalogue-db_container-memory-failures-total,0.8090860215053763,31,31,0.9010752688172043,0.7170967741935483,31,31,31,0.9,baseline-v2-20260723,cd270e7871bd358937d83d9a49829637fa80007d2964084ef229f578e3733bd3,ba75425861a059dafcc477474fc3e4ed1eafdc2b47d6fdd0557337035d29a960,586e2e075f085ac00ffc1686807038a6a2e69736c692096079d53586f66f4943,3527857,1693129654000000000,300
SS/catalogue_loss/3,SS,catalogue,loss,3,300,300,incident,0.1,4,0.1,nsigma,1,1.0,1.0,0.0,1,1,1,23,299.15340000297874,catalogue|queue-master|front-end|shipping|orders,catalogue_istio-latency-95,0.8090860215053763,31,31,0.9010752688172043,0.7170967741935483,31,31,31,0.9,baseline-v2-20260723,cd270e7871bd358937d83d9a49829637fa80007d2964084ef229f578e3733bd3,ba75425861a059dafcc477474fc3e4ed1eafdc2b47d6fdd0557337035d29a960,586e2e075f085ac00ffc1686807038a6a2e69736c692096079d53586f66f4943,3527857,1693129654000000000,300
SS/catalogue_loss/3,SS,catalogue,loss,3,300,300,incident,0.1,5,0.1,baro,1,1.0,1.0,0.0,1,1,1,23,308.24959999881685,catalogue|shipping|front-end|session-db|queue-master,catalogue_istio-latency-95,0.8056451612903226,31,31,0.8979569892473118,0.7133333333333334,31,31,31,0.9,baseline-v2-20260723,cd270e7871bd358937d83d9a49829637fa80007d2964084ef229f578e3733bd3,ba75425861a059dafcc477474fc3e4ed1eafdc2b47d6fdd0557337035d29a960,586e2e075f085ac00ffc1686807038a6a2e69736c692096079d53586f66f4943,3527857,1693129654000000000,300
SS/catalogue_loss/3,SS,catalogue,loss,3,300,300,incident,0.1,5,0.1,median_shift,2,0.5,0.8,0.045454545454545456,0,1,1,23,83.93620001152158,catalogue-db|catalogue|user|queue-master|front-end,catalogue-db_container-memory-failures-total,0.8056451612903226,31,31,0.8979569892473118,0.7133333333333334,31,31,31,0.9,baseline-v2-20260723,cd270e7871bd358937d83d9a49829637fa80007d2964084ef229f578e3733bd3,ba75425861a059dafcc477474fc3e4ed1eafdc2b47d6fdd0557337035d29a960,586e2e075f085ac00ffc1686807038a6a2e69736c692096079d53586f66f4943,3527857,1693129654000000000,300
SS/catalogue_loss/3,SS,catalogue,loss,3,300,300,incident,0.1,5,0.1,nsigma,1,1.0,1.0,0.0,1,1,1,23,246.30050000268966,catalogue|front-end|queue-master|shipping|orders,catalogue_istio-latency-95,0.8056451612903226,31,31,0.8979569892473118,0.7133333333333334,31,31,31,0.9,baseline-v2-20260723,cd270e7871bd358937d83d9a49829637fa80007d2964084ef229f578e3733bd3,ba75425861a059dafcc477474fc3e4ed1eafdc2b47d6fdd0557337035d29a960,586e2e075f085ac00ffc1686807038a6a2e69736c692096079d53586f66f4943,3527857,1693129654000000000,300
SS/catalogue_loss/3,SS,catalogue,loss,3,300,300,incident,0.1,6,0.1,baro,1,1.0,1.0,0.0,1,1,1,23,308.85690002469346,catalogue|shipping|front-end|session-db|queue-master,catalogue_istio-latency-95,0.8097311827956989,31,31,0.9010752688172043,0.7183870967741935,31,31,31,0.9,baseline-v2-20260723,cd270e7871bd358937d83d9a49829637fa80007d2964084ef229f578e3733bd3,ba75425861a059dafcc477474fc3e4ed1eafdc2b47d6fdd0557337035d29a960,586e2e075f085ac00ffc1686807038a6a2e69736c692096079d53586f66f4943,3527857,1693129654000000000,300
SS/catalogue_loss/3,SS,catalogue,loss,3,300,300,incident,0.1,6,0.1,median_shift,2,0.5,0.8,0.045454545454545456,0,1,1,23,85.88079997571185,catalogue-db|catalogue|user|queue-master|front-end,catalogue-db_container-memory-failures-total,0.8097311827956989,31,31,0.9010752688172043,0.7183870967741935,31,31,31,0.9,baseline-v2-20260723,cd270e7871bd358937d83d9a49829637fa80007d2964084ef229f578e3733bd3,ba75425861a059dafcc477474fc3e4ed1eafdc2b47d6fdd0557337035d29a960,586e2e075f085ac00ffc1686807038a6a2e69736c692096079d53586f66f4943,3527857,1693129654000000000,300
SS/catalogue_loss/3,SS,catalogue,loss,3,300,300,incident,0.1,6,0.1,nsigma,1,1.0,1.0,0.0,1,1,1,23,247.61630001012236,catalogue|front-end|queue-master|shipping|orders,catalogue_istio-latency-95,0.8097311827956989,31,31,0.9010752688172043,0.7183870967741935,31,31,31,0.9,baseline-v2-20260723,cd270e7871bd358937d83d9a49829637fa80007d2964084ef229f578e3733bd3,ba75425861a059dafcc477474fc3e4ed1eafdc2b47d6fdd0557337035d29a960,586e2e075f085ac00ffc1686807038a6a2e69736c692096079d53586f66f4943,3527857,1693129654000000000,300
SS/catalogue_loss/3,SS,catalogue,loss,3,300,300,incident,0.1,7,0.1,baro,1,1.0,1.0,0.0,1,1,1,23,393.5551999602467,catalogue|shipping|front-end|session-db|queue-master,catalogue_istio-latency-95,0.8096236559139784,31,31,0.903010752688172,0.7162365591397849,31,31,31,0.9,baseline-v2-20260723,cd270e7871bd358937d83d9a49829637fa80007d2964084ef229f578e3733bd3,ba75425861a059dafcc477474fc3e4ed1eafdc2b47d6fdd0557337035d29a960,586e2e075f085ac00ffc1686807038a6a2e69736c692096079d53586f66f4943,3527857,1693129654000000000,300
SS/catalogue_loss/3,SS,catalogue,loss,3,300,300,incident,0.1,7,0.1,median_shift,2,0.5,0.8,0.045454545454545456,0,1,1,23,91.38649998931214,catalogue-db|catalogue|user|queue-master|front-end,catalogue-db_container-memory-failures-total,0.8096236559139784,31,31,0.903010752688172,0.7162365591397849,31,31,31,0.9,baseline-v2-20260723,cd270e7871bd358937d83d9a49829637fa80007d2964084ef229f578e3733bd3,ba75425861a059dafcc477474fc3e4ed1eafdc2b47d6fdd0557337035d29a960,586e2e075f085ac00ffc1686807038a6a2e69736c692096079d53586f66f4943,3527857,1693129654000000000,300
SS/catalogue_loss/3,SS,catalogue,loss,3,300,300,incident,0.1,7,0.1,nsigma,1,1.0,1.0,0.0,1,1,1,23,308.40270000044256,catalogue|front-end|queue-master|shipping|orders,catalogue_istio-latency-95,0.8096236559139784,31,31,0.903010752688172,0.7162365591397849,31,31,31,0.9,baseline-v2-20260723,cd270e7871bd358937d83d9a49829637fa80007d2964084ef229f578e3733bd3,ba75425861a059dafcc477474fc3e4ed1eafdc2b47d6fdd0557337035d29a960,586e2e075f085ac00ffc1686807038a6a2e69736c692096079d53586f66f4943,3527857,1693129654000000000,300
SS/catalogue_loss/3,SS,catalogue,loss,3,300,300,incident,0.1,8,0.1,baro,1,1.0,1.0,0.0,1,1,1,23,386.04080001823604,catalogue|shipping|front-end|session-db|queue-master,catalogue_istio-latency-95,0.8058064516129032,31,31,0.8983870967741936,0.7132258064516129,31,31,31,0.9,baseline-v2-20260723,cd270e7871bd358937d83d9a49829637fa80007d2964084ef229f578e3733bd3,ba75425861a059dafcc477474fc3e4ed1eafdc2b47d6fdd0557337035d29a960,586e2e075f085ac00ffc1686807038a6a2e69736c692096079d53586f66f4943,3527857,1693129654000000000,300
SS/catalogue_loss/3,SS,catalogue,loss,3,300,300,incident,0.1,8,0.1,median_shift,2,0.5,0.8,0.045454545454545456,0,1,1,23,143.6233000131324,catalogue-db|catalogue|user|queue-master|front-end,catalogue-db_container-memory-failures-total,0.8058064516129032,31,31,0.8983870967741936,0.7132258064516129,31,31,31,0.9,baseline-v2-20260723,cd270e7871bd358937d83d9a49829637fa80007d2964084ef229f578e3733bd3,ba75425861a059dafcc477474fc3e4ed1eafdc2b47d6fdd0557337035d29a960,586e2e075f085ac00ffc1686807038a6a2e69736c692096079d53586f66f4943,3527857,1693129654000000000,300
SS/catalogue_loss/3,SS,catalogue,loss,3,300,300,incident,0.1,8,0.1,nsigma,1,1.0,1.0,0.0,1,1,1,23,327.1783000091091,catalogue|front-end|queue-master|shipping|orders,catalogue_istio-latency-95,0.8058064516129032,31,31,0.8983870967741936,0.7132258064516129,31,31,31,0.9,baseline-v2-20260723,cd270e7871bd358937d83d9a49829637fa80007d2964084ef229f578e3733bd3,ba75425861a059dafcc477474fc3e4ed1eafdc2b47d6fdd0557337035d29a960,586e2e075f085ac00ffc1686807038a6a2e69736c692096079d53586f66f4943,3527857,1693129654000000000,300
SS/catalogue_loss/3,SS,catalogue,loss,3,300,300,incident,0.1,9,0.1,baro,1,1.0,1.0,0.0,1,1,1,23,400.6647000205703,catalogue|shipping|front-end|session-db|queue-master,catalogue_istio-latency-95,0.8093010752688172,31,31,0.8996774193548387,0.7189247311827957,31,31,31,0.9,baseline-v2-20260723,cd270e7871bd358937d83d9a49829637fa80007d2964084ef229f578e3733bd3,ba75425861a059dafcc477474fc3e4ed1eafdc2b47d6fdd0557337035d29a960,586e2e075f085ac00ffc1686807038a6a2e69736c692096079d53586f66f4943,3527857,1693129654000000000,300
SS/catalogue_loss/3,SS,catalogue,loss,3,300,300,incident,0.1,9,0.1,median_shift,2,0.5,0.8,0.045454545454545456,0,1,1,23,164.187700022012,catalogue-db|catalogue|user|front-end|queue-master,catalogue-db_container-memory-failures-total,0.8093010752688172,31,31,0.8996774193548387,0.7189247311827957,31,31,31,0.9,baseline-v2-20260723,cd270e7871bd358937d83d9a49829637fa80007d2964084ef229f578e3733bd3,ba75425861a059dafcc477474fc3e4ed1eafdc2b47d6fdd0557337035d29a960,586e2e075f085ac00ffc1686807038a6a2e69736c692096079d53586f66f4943,3527857,1693129654000000000,300
SS/catalogue_loss/3,SS,catalogue,loss,3,300,300,incident,0.1,9,0.1,nsigma,1,1.0,1.0,0.0,1,1,1,23,350.2135999733582,catalogue|front-end|queue-master|shipping|orders,catalogue_istio-latency-95,0.8093010752688172,31,31,0.8996774193548387,0.7189247311827957,31,31,31,0.9,baseline-v2-20260723,cd270e7871bd358937d83d9a49829637fa80007d2964084ef229f578e3733bd3,ba75425861a059dafcc477474fc3e4ed1eafdc2b47d6fdd0557337035d29a960,586e2e075f085ac00ffc1686807038a6a2e69736c692096079d53586f66f4943,3527857,1693129654000000000,300
SS/catalogue_loss/3,SS,catalogue,loss,3,300,300,incident,0.3,0,0.3,baro,1,1.0,1.0,0.0,1,1,1,23,351.73250001389533,catalogue|shipping|192-168-37-154-9100|payment|orders-db,catalogue_container-memory-usage-bytes,0.6038709677419355,31,31,0.7025806451612904,0.5051612903225806,31,30,30,0.7,baseline-v2-20260723,cd270e7871bd358937d83d9a49829637fa80007d2964084ef229f578e3733bd3,ba75425861a059dafcc477474fc3e4ed1eafdc2b47d6fdd0557337035d29a960,586e2e075f085ac00ffc1686807038a6a2e69736c692096079d53586f66f4943,3527857,1693129654000000000,300
SS/catalogue_loss/3,SS,catalogue,loss,3,300,300,incident,0.3,0,0.3,median_shift,7,0.14285714285714285,0.0,0.2727272727272727,0,0,0,23,99.20779999811202,payment|carts-db|carts|orders-db|user-db,payment_container-memory-usage-bytes,0.6038709677419355,31,31,0.7025806451612904,0.5051612903225806,31,30,30,0.7,baseline-v2-20260723,cd270e7871bd358937d83d9a49829637fa80007d2964084ef229f578e3733bd3,ba75425861a059dafcc477474fc3e4ed1eafdc2b47d6fdd0557337035d29a960,586e2e075f085ac00ffc1686807038a6a2e69736c692096079d53586f66f4943,3527857,1693129654000000000,300
SS/catalogue_loss/3,SS,catalogue,loss,3,300,300,incident,0.3,0,0.3,nsigma,6,0.16666666666666666,0.0,0.22727272727272727,0,0,0,23,310.1699000108056,orders-db|user-db|carts|queue-master|carts-db,orders-db_container-memory-working-set-bytes,0.6038709677419355,31,31,0.7025806451612904,0.5051612903225806,31,30,30,0.7,baseline-v2-20260723,cd270e7871bd358937d83d9a49829637fa80007d2964084ef229f578e3733bd3,ba75425861a059dafcc477474fc3e4ed1eafdc2b47d6fdd0557337035d29a960,586e2e075f085ac00ffc1686807038a6a2e69736c692096079d53586f66f4943,3527857,1693129654000000000,300
SS/catalogue_loss/3,SS,catalogue,loss,3,300,300,incident,0.3,1,0.3,baro,1,1.0,1.0,0.0,1,1,1,23,383.22650000918657,catalogue|192-168-37-154-9100|payment|orders-db|carts,catalogue_container-memory-usage-bytes,0.5959139784946237,31,31,0.689247311827957,0.5025806451612903,31,30,30,0.7,baseline-v2-20260723,cd270e7871bd358937d83d9a49829637fa80007d2964084ef229f578e3733bd3,ba75425861a059dafcc477474fc3e4ed1eafdc2b47d6fdd0557337035d29a960,586e2e075f085ac00ffc1686807038a6a2e69736c692096079d53586f66f4943,3527857,1693129654000000000,300
SS/catalogue_loss/3,SS,catalogue,loss,3,300,300,incident,0.3,1,0.3,median_shift,8,0.125,0.0,0.3181818181818182,0,0,0,23,115.19529996439815,payment|carts-db|orders-db|user|queue-master,payment_container-memory-max-usage-bytes,0.5959139784946237,31,31,0.689247311827957,0.5025806451612903,31,30,30,0.7,baseline-v2-20260723,cd270e7871bd358937d83d9a49829637fa80007d2964084ef229f578e3733bd3,ba75425861a059dafcc477474fc3e4ed1eafdc2b47d6fdd0557337035d29a960,586e2e075f085ac00ffc1686807038a6a2e69736c692096079d53586f66f4943,3527857,1693129654000000000,300
SS/catalogue_loss/3,SS,catalogue,loss,3,300,300,incident,0.3,1,0.3,nsigma,19,0.05263157894736842,0.0,0.8181818181818182,0,0,0,23,296.51009995723143,carts|orders-db|queue-master|user-db|192-168-15-8-9100,carts_container-memory-working-set-bytes,0.5959139784946237,31,31,0.689247311827957,0.5025806451612903,31,30,30,0.7,baseline-v2-20260723,cd270e7871bd358937d83d9a49829637fa80007d2964084ef229f578e3733bd3,ba75425861a059dafcc477474fc3e4ed1eafdc2b47d6fdd0557337035d29a960,586e2e075f085ac00ffc1686807038a6a2e69736c692096079d53586f66f4943,3527857,1693129654000000000,300
SS/catalogue_loss/3,SS,catalogue,loss,3,300,300,incident,0.3,2,0.3,baro,1,1.0,1.0,0.0,1,1,1,23,357.581099960953,catalogue|192-168-37-154-9100|catalogue-db|rabbitmq|shipping,catalogue_container-memory-working-set-bytes,0.6014516129032258,31,31,0.6974193548387096,0.5054838709677419,31,30,30,0.7,baseline-v2-20260723,cd270e7871bd358937d83d9a49829637fa80007d2964084ef229f578e3733bd3,ba75425861a059dafcc477474fc3e4ed1eafdc2b47d6fdd0557337035d29a960,586e2e075f085ac00ffc1686807038a6a2e69736c692096079d53586f66f4943,3527857,1693129654000000000,300
SS/catalogue_loss/3,SS,catalogue,loss,3,300,300,incident,0.3,2,0.3,median_shift,6,0.16666666666666666,0.0,0.22727272727272727,0,0,0,23,108.95670001627877,user|payment|carts-db|orders-db|user-db,user_container-memory-working-set-bytes,0.6014516129032258,31,31,0.6974193548387096,0.5054838709677419,31,30,30,0.7,baseline-v2-20260723,cd270e7871bd358937d83d9a49829637fa80007d2964084ef229f578e3733bd3,ba75425861a059dafcc477474fc3e4ed1eafdc2b47d6fdd0557337035d29a960,586e2e075f085ac00ffc1686807038a6a2e69736c692096079d53586f66f4943,3527857,1693129654000000000,300
SS/catalogue_loss/3,SS,catalogue,loss,3,300,300,incident,0.3,2,0.3,nsigma,18,0.05555555555555555,0.0,0.7727272727272727,0,0,0,23,352.9926000046544,orders-db|queue-master|carts|user-db|catalogue-db,orders-db_container-memory-max-usage-bytes,0.6014516129032258,31,31,0.6974193548387096,0.5054838709677419,31,30,30,0.7,baseline-v2-20260723,cd270e7871bd358937d83d9a49829637fa80007d2964084ef229f578e3733bd3,ba75425861a059dafcc477474fc3e4ed1eafdc2b47d6fdd0557337035d29a960,586e2e075f085ac00ffc1686807038a6a2e69736c692096079d53586f66f4943,3527857,1693129654000000000,300
SS/catalogue_loss/3,SS,catalogue,loss,3,300,300,incident,0.3,3,0.3,baro,1,1.0,1.0,0.0,1,1,1,23,406.19749994948506,catalogue|192-168-37-154-9100|catalogue-db|rabbitmq|shipping,catalogue_container-memory-usage-bytes,0.6038709677419355,31,31,0.7012903225806452,0.5064516129032258,31,30,30,0.7,baseline-v2-20260723,cd270e7871bd358937d83d9a49829637fa80007d2964084ef229f578e3733bd3,ba75425861a059dafcc477474fc3e4ed1eafdc2b47d6fdd0557337035d29a960,586e2e075f085ac00ffc1686807038a6a2e69736c692096079d53586f66f4943,3527857,1693129654000000000,300
SS/catalogue_loss/3,SS,catalogue,loss,3,300,300,incident,0.3,3,0.3,median_shift,7,0.14285714285714285,0.0,0.2727272727272727,0,0,0,23,116.55330000212416,carts-db|payment|carts|orders-db|user,carts-db_container-memory-usage-bytes,0.6038709677419355,31,31,0.7012903225806452,0.5064516129032258,31,30,30,0.7,baseline-v2-20260723,cd270e7871bd358937d83d9a49829637fa80007d2964084ef229f578e3733bd3,ba75425861a059dafcc477474fc3e4ed1eafdc2b47d6fdd0557337035d29a960,586e2e075f085ac00ffc1686807038a6a2e69736c692096079d53586f66f4943,3527857,1693129654000000000,300
SS/catalogue_loss/3,SS,catalogue,loss,3,300,300,incident,0.3,3,0.3,nsigma,11,0.09090909090909091,0.0,0.45454545454545453,0,0,0,23,345.9533000132069,queue-master|carts|user-db|orders-db|carts-db,queue-master_container-memory-rss,0.6038709677419355,31,31,0.7012903225806452,0.5064516129032258,31,30,30,0.7,baseline-v2-20260723,cd270e7871bd358937d83d9a49829637fa80007d2964084ef229f578e3733bd3,ba75425861a059dafcc477474fc3e4ed1eafdc2b47d6fdd0557337035d29a960,586e2e075f085ac00ffc1686807038a6a2e69736c692096079d53586f66f4943,3527857,1693129654000000000,300
SS/catalogue_loss/3,SS,catalogue,loss,3,300,300,incident,0.3,4,0.3,baro,1,1.0,1.0,0.0,1,1,1,23,420.11060001095757,catalogue|192-168-37-154-9100|orders|payment|rabbitmq,catalogue_container-memory-usage-bytes,0.6031182795698925,31,31,0.7035483870967741,0.5026881720430108,31,30,30,0.7,baseline-v2-20260723,cd270e7871bd358937d83d9a49829637fa80007d2964084ef229f578e3733bd3,ba75425861a059dafcc477474fc3e4ed1eafdc2b47d6fdd0557337035d29a960,586e2e075f085ac00ffc1686807038a6a2e69736c692096079d53586f66f4943,3527857,1693129654000000000,300
SS/catalogue_loss/3,SS,catalogue,loss,3,300,300,incident,0.3,4,0.3,median_shift,7,0.14285714285714285,0.0,0.2727272727272727,0,0,0,23,119.07790001714602,payment|carts-db|orders-db|queue-master|user,payment_container-memory-max-usage-bytes,0.6031182795698925,31,31,0.7035483870967741,0.5026881720430108,31,30,30,0.7,baseline-v2-20260723,cd270e7871bd358937d83d9a49829637fa80007d2964084ef229f578e3733bd3,ba75425861a059dafcc477474fc3e4ed1eafdc2b47d6fdd0557337035d29a960,586e2e075f085ac00ffc1686807038a6a2e69736c692096079d53586f66f4943,3527857,1693129654000000000,300
SS/catalogue_loss/3,SS,catalogue,loss,3,300,300,incident,0.3,4,0.3,nsigma,13,0.07692307692307693,0.0,0.5454545454545454,0,0,0,23,313.78419999964535,carts|queue-master|user-db|carts-db|orders-db,carts_container-memory-working-set-bytes,0.6031182795698925,31,31,0.7035483870967741,0.5026881720430108,31,30,30,0.7,baseline-v2-20260723,cd270e7871bd358937d83d9a49829637fa80007d2964084ef229f578e3733bd3,ba75425861a059dafcc477474fc3e4ed1eafdc2b47d6fdd0557337035d29a960,586e2e075f085ac00ffc1686807038a6a2e69736c692096079d53586f66f4943,3527857,1693129654000000000,300
SS/catalogue_loss/3,SS,catalogue,loss,3,300,300,incident,0.3,5,0.3,baro,1,1.0,1.0,0.0,1,1,1,23,378.428999974858,catalogue|payment|rabbitmq|shipping|192-168-76-116-9100,catalogue_container-memory-usage-bytes,0.6037096774193549,31,31,0.7018279569892473,0.5055913978494624,31,30,30,0.7,baseline-v2-20260723,cd270e7871bd358937d83d9a49829637fa80007d2964084ef229f578e3733bd3,ba75425861a059dafcc477474fc3e4ed1eafdc2b47d6fdd0557337035d29a960,586e2e075f085ac00ffc1686807038a6a2e69736c692096079d53586f66f4943,3527857,1693129654000000000,300
SS/catalogue_loss/3,SS,catalogue,loss,3,300,300,incident,0.3,5,0.3,median_shift,8,0.125,0.0,0.3181818181818182,0,0,0,23,130.1326000248082,payment|orders-db|carts-db|user|queue-master,payment_container-memory-usage-bytes,0.6037096774193549,31,31,0.7018279569892473,0.5055913978494624,31,30,30,0.7,baseline-v2-20260723,cd270e7871bd358937d83d9a49829637fa80007d2964084ef229f578e3733bd3,ba75425861a059dafcc477474fc3e4ed1eafdc2b47d6fdd0557337035d29a960,586e2e075f085ac00ffc1686807038a6a2e69736c692096079d53586f66f4943,3527857,1693129654000000000,300
SS/catalogue_loss/3,SS,catalogue,loss,3,300,300,incident,0.3,5,0.3,nsigma,10,0.1,0.0,0.4090909090909091,0,0,0,23,273.00350001314655,carts|orders-db|user-db|queue-master|carts-db,carts_container-memory-working-set-bytes,0.6037096774193549,31,31,0.7018279569892473,0.5055913978494624,31,30,30,0.7,baseline-v2-20260723,cd270e7871bd358937d83d9a49829637fa80007d2964084ef229f578e3733bd3,ba75425861a059dafcc477474fc3e4ed1eafdc2b47d6fdd0557337035d29a960,586e2e075f085ac00ffc1686807038a6a2e69736c692096079d53586f66f4943,3527857,1693129654000000000,300
SS/catalogue_loss/3,SS,catalogue,loss,3,300,300,incident,0.3,6,0.3,baro,1,1.0,1.0,0.0,1,1,1,23,375.0492000253871,catalogue|payment|192-168-37-154-9100|carts|carts-db,catalogue_container-memory-working-set-bytes,0.6047311827956989,31,31,0.7061290322580646,0.5033333333333333,31,30,30,0.7,baseline-v2-20260723,cd270e7871bd358937d83d9a49829637fa80007d2964084ef229f578e3733bd3,ba75425861a059dafcc477474fc3e4ed1eafdc2b47d6fdd0557337035d29a960,586e2e075f085ac00ffc1686807038a6a2e69736c692096079d53586f66f4943,3527857,1693129654000000000,300
SS/catalogue_loss/3,SS,catalogue,loss,3,300,300,incident,0.3,6,0.3,median_shift,9,0.1111111111111111,0.0,0.36363636363636365,0,0,0,23,120.63050002325326,payment|orders-db|carts-db|user-db|user,payment_container-memory-max-usage-bytes,0.6047311827956989,31,31,0.7061290322580646,0.5033333333333333,31,30,30,0.7,baseline-v2-20260723,cd270e7871bd358937d83d9a49829637fa80007d2964084ef229f578e3733bd3,ba75425861a059dafcc477474fc3e4ed1eafdc2b47d6fdd0557337035d29a960,586e2e075f085ac00ffc1686807038a6a2e69736c692096079d53586f66f4943,3527857,1693129654000000000,300
SS/catalogue_loss/3,SS,catalogue,loss,3,300,300,incident,0.3,6,0.3,nsigma,18,0.05555555555555555,0.0,0.7727272727272727,0,0,0,23,288.7783999904059,orders-db|carts|user-db|queue-master|carts-db,orders-db_container-memory-usage-bytes,0.6047311827956989,31,31,0.7061290322580646,0.5033333333333333,31,30,30,0.7,baseline-v2-20260723,cd270e7871bd358937d83d9a49829637fa80007d2964084ef229f578e3733bd3,ba75425861a059dafcc477474fc3e4ed1eafdc2b47d6fdd0557337035d29a960,586e2e075f085ac00ffc1686807038a6a2e69736c692096079d53586f66f4943,3527857,1693129654000000000,300
SS/catalogue_loss/3,SS,catalogue,loss,3,300,300,incident,0.3,7,0.3,baro,2,0.5,0.8,0.045454545454545456,0,1,1,23,386.05159998405725,catalogue-db|catalogue|payment|carts|orders,catalogue-db_container-cpu-usage-seconds-total,0.6029569892473118,31,31,0.698494623655914,0.5074193548387097,31,30,30,0.7,baseline-v2-20260723,cd270e7871bd358937d83d9a49829637fa80007d2964084ef229f578e3733bd3,ba75425861a059dafcc477474fc3e4ed1eafdc2b47d6fdd0557337035d29a960,586e2e075f085ac00ffc1686807038a6a2e69736c692096079d53586f66f4943,3527857,1693129654000000000,300
SS/catalogue_loss/3,SS,catalogue,loss,3,300,300,incident,0.3,7,0.3,median_shift,8,0.125,0.0,0.3181818181818182,0,0,0,23,113.84469998301938,payment|carts-db|user|queue-master|orders-db,payment_container-memory-max-usage-bytes,0.6029569892473118,31,31,0.698494623655914,0.5074193548387097,31,30,30,0.7,baseline-v2-20260723,cd270e7871bd358937d83d9a49829637fa80007d2964084ef229f578e3733bd3,ba75425861a059dafcc477474fc3e4ed1eafdc2b47d6fdd0557337035d29a960,586e2e075f085ac00ffc1686807038a6a2e69736c692096079d53586f66f4943,3527857,1693129654000000000,300
SS/catalogue_loss/3,SS,catalogue,loss,3,300,300,incident,0.3,7,0.3,nsigma,20,0.05,0.0,0.8636363636363636,0,0,0,23,327.21550000132993,carts-db|user-db|orders-db|carts|queue-master,carts-db_container-memory-cache,0.6029569892473118,31,31,0.698494623655914,0.5074193548387097,31,30,30,0.7,baseline-v2-20260723,cd270e7871bd358937d83d9a49829637fa80007d2964084ef229f578e3733bd3,ba75425861a059dafcc477474fc3e4ed1eafdc2b47d6fdd0557337035d29a960,586e2e075f085ac00ffc1686807038a6a2e69736c692096079d53586f66f4943,3527857,1693129654000000000,300
SS/catalogue_loss/3,SS,catalogue,loss,3,300,300,incident,0.3,8,0.3,baro,1,1.0,1.0,0.0,1,1,1,23,380.9618000523187,catalogue|192-168-37-154-9100|user-db|carts|rabbitmq,catalogue_container-memory-usage-bytes,0.6036559139784946,31,31,0.7001075268817204,0.5072043010752688,31,30,30,0.7,baseline-v2-20260723,cd270e7871bd358937d83d9a49829637fa80007d2964084ef229f578e3733bd3,ba75425861a059dafcc477474fc3e4ed1eafdc2b47d6fdd0557337035d29a960,586e2e075f085ac00ffc1686807038a6a2e69736c692096079d53586f66f4943,3527857,1693129654000000000,300
SS/catalogue_loss/3,SS,catalogue,loss,3,300,300,incident,0.3,8,0.3,median_shift,8,0.125,0.0,0.3181818181818182,0,0,0,23,107.94469999382272,payment|queue-master|user|orders-db|carts-db,payment_container-memory-max-usage-bytes,0.6036559139784946,31,31,0.7001075268817204,0.5072043010752688,31,30,30,0.7,baseline-v2-20260723,cd270e7871bd358937d83d9a49829637fa80007d2964084ef229f578e3733bd3,ba75425861a059dafcc477474fc3e4ed1eafdc2b47d6fdd0557337035d29a960,586e2e075f085ac00ffc1686807038a6a2e69736c692096079d53586f66f4943,3527857,1693129654000000000,300
SS/catalogue_loss/3,SS,catalogue,loss,3,300,300,incident,0.3,8,0.3,nsigma,4,0.25,0.4,0.13636363636363635,0,0,1,23,398.3505999785848,user-db|carts|catalogue-db|catalogue|orders-db,user-db_container-memory-usage-bytes,0.6036559139784946,31,31,0.7001075268817204,0.5072043010752688,31,30,30,0.7,baseline-v2-20260723,cd270e7871bd358937d83d9a49829637fa80007d2964084ef229f578e3733bd3,ba75425861a059dafcc477474fc3e4ed1eafdc2b47d6fdd0557337035d29a960,586e2e075f085ac00ffc1686807038a6a2e69736c692096079d53586f66f4943,3527857,1693129654000000000,300
SS/catalogue_loss/3,SS,catalogue,loss,3,300,300,incident,0.3,9,0.3,baro,2,0.5,0.8,0.045454545454545456,0,1,1,23,426.4742999803275,192-168-15-8-9100|catalogue|payment|192-168-37-154-9100|catalogue-db,192-168-15-8-9100_node-disk-written-bytes-total,0.6025806451612903,31,31,0.6993548387096774,0.5058064516129033,31,30,30,0.7,baseline-v2-20260723,cd270e7871bd358937d83d9a49829637fa80007d2964084ef229f578e3733bd3,ba75425861a059dafcc477474fc3e4ed1eafdc2b47d6fdd0557337035d29a960,586e2e075f085ac00ffc1686807038a6a2e69736c692096079d53586f66f4943,3527857,1693129654000000000,300
SS/catalogue_loss/3,SS,catalogue,loss,3,300,300,incident,0.3,9,0.3,median_shift,8,0.125,0.0,0.3181818181818182,0,0,0,23,107.45060001499951,carts-db|orders-db|payment|queue-master|user,carts-db_container-memory-working-set-bytes,0.6025806451612903,31,31,0.6993548387096774,0.5058064516129033,31,30,30,0.7,baseline-v2-20260723,cd270e7871bd358937d83d9a49829637fa80007d2964084ef229f578e3733bd3,ba75425861a059dafcc477474fc3e4ed1eafdc2b47d6fdd0557337035d29a960,586e2e075f085ac00ffc1686807038a6a2e69736c692096079d53586f66f4943,3527857,1693129654000000000,300
SS/catalogue_loss/3,SS,catalogue,loss,3,300,300,incident,0.3,9,0.3,nsigma,7,0.14285714285714285,0.0,0.2727272727272727,0,0,0,23,380.40470000123605,orders-db|carts|user-db|queue-master|catalogue-db,orders-db_container-memory-usage-bytes,0.6025806451612903,31,31,0.6993548387096774,0.5058064516129033,31,30,30,0.7,baseline-v2-20260723,cd270e7871bd358937d83d9a49829637fa80007d2964084ef229f578e3733bd3,ba75425861a059dafcc477474fc3e4ed1eafdc2b47d6fdd0557337035d29a960,586e2e075f085ac00ffc1686807038a6a2e69736c692096079d53586f66f4943,3527857,1693129654000000000,300
SS/catalogue_loss/3,SS,catalogue,loss,3,300,300,incident,0.5,0,0.5,baro,2,0.5,0.8,0.045454545454545456,0,1,1,23,379.1246999753639,192-168-15-8-9100|catalogue|rabbitmq|shipping|payment,192-168-15-8-9100_node-disk-writes-completed-total,0.44349462365591397,31,31,0.5036559139784946,0.38333333333333336,31,30,30,0.5,baseline-v2-20260723,cd270e7871bd358937d83d9a49829637fa80007d2964084ef229f578e3733bd3,ba75425861a059dafcc477474fc3e4ed1eafdc2b47d6fdd0557337035d29a960,586e2e075f085ac00ffc1686807038a6a2e69736c692096079d53586f66f4943,3527857,1693129654000000000,300
SS/catalogue_loss/3,SS,catalogue,loss,3,300,300,incident,0.5,0,0.5,median_shift,3,0.3333333333333333,0.6,0.09090909090909091,0,1,1,23,96.91740002017468,user|front-end|catalogue|carts|user-db,user_container-memory-max-usage-bytes,0.44349462365591397,31,31,0.5036559139784946,0.38333333333333336,31,30,30,0.5,baseline-v2-20260723,cd270e7871bd358937d83d9a49829637fa80007d2964084ef229f578e3733bd3,ba75425861a059dafcc477474fc3e4ed1eafdc2b47d6fdd0557337035d29a960,586e2e075f085ac00ffc1686807038a6a2e69736c692096079d53586f66f4943,3527857,1693129654000000000,300
SS/catalogue_loss/3,SS,catalogue,loss,3,300,300,incident,0.5,0,0.5,nsigma,19,0.05263157894736842,0.0,0.8181818181818182,0,0,0,23,319.15210001170635,192-168-15-8-9100|user-db|carts|orders-db|192-168-37-154-9100,192-168-15-8-9100_node-disk-writes-completed-total,0.44349462365591397,31,31,0.5036559139784946,0.38333333333333336,31,30,30,0.5,baseline-v2-20260723,cd270e7871bd358937d83d9a49829637fa80007d2964084ef229f578e3733bd3,ba75425861a059dafcc477474fc3e4ed1eafdc2b47d6fdd0557337035d29a960,586e2e075f085ac00ffc1686807038a6a2e69736c692096079d53586f66f4943,3527857,1693129654000000000,300
SS/catalogue_loss/3,SS,catalogue,loss,3,300,300,incident,0.5,1,0.5,baro,1,1.0,1.0,0.0,1,1,1,23,359.66419999022037,catalogue|192-168-37-154-9100|rabbitmq|shipping|payment,catalogue_istio-bytes-50,0.43790322580645163,31,31,0.4974193548387097,0.3783870967741935,31,30,30,0.5,baseline-v2-20260723,cd270e7871bd358937d83d9a49829637fa80007d2964084ef229f578e3733bd3,ba75425861a059dafcc477474fc3e4ed1eafdc2b47d6fdd0557337035d29a960,586e2e075f085ac00ffc1686807038a6a2e69736c692096079d53586f66f4943,3527857,1693129654000000000,300
SS/catalogue_loss/3,SS,catalogue,loss,3,300,300,incident,0.5,1,0.5,median_shift,6,0.16666666666666666,0.0,0.22727272727272727,0,0,0,23,121.87959998846054,payment|orders-db|carts-db|front-end|rabbitmq,payment_container-memory-usage-bytes,0.43790322580645163,31,31,0.4974193548387097,0.3783870967741935,31,30,30,0.5,baseline-v2-20260723,cd270e7871bd358937d83d9a49829637fa80007d2964084ef229f578e3733bd3,ba75425861a059dafcc477474fc3e4ed1eafdc2b47d6fdd0557337035d29a960,586e2e075f085ac00ffc1686807038a6a2e69736c692096079d53586f66f4943,3527857,1693129654000000000,300
SS/catalogue_loss/3,SS,catalogue,loss,3,300,300,incident,0.5,1,0.5,nsigma,17,0.058823529411764705,0.0,0.7272727272727273,0,0,0,23,286.7139999871142,carts|rabbitmq-exporter|queue-master|192-168-37-154-9100|orders-db,carts_container-memory-usage-bytes,0.43790322580645163,31,31,0.4974193548387097,0.3783870967741935,31,30,30,0.5,baseline-v2-20260723,cd270e7871bd358937d83d9a49829637fa80007d2964084ef229f578e3733bd3,ba75425861a059dafcc477474fc3e4ed1eafdc2b47d6fdd0557337035d29a960,586e2e075f085ac00ffc1686807038a6a2e69736c692096079d53586f66f4943,3527857,1693129654000000000,300
SS/catalogue_loss/3,SS,catalogue,loss,3,300,300,incident,0.5,2,0.5,baro,6,0.16666666666666666,0.0,0.22727272727272727,0,0,0,23,365.28639995958656,shipping|payment|carts|orders|rabbitmq,shipping_container-memory-rss,0.44209677419354837,31,31,0.4986021505376344,0.3855913978494624,31,30,30,0.5,baseline-v2-20260723,cd270e7871bd358937d83d9a49829637fa80007d2964084ef229f578e3733bd3,ba75425861a059dafcc477474fc3e4ed1eafdc2b47d6fdd0557337035d29a960,586e2e075f085ac00ffc1686807038a6a2e69736c692096079d53586f66f4943,3527857,1693129654000000000,300
SS/catalogue_loss/3,SS,catalogue,loss,3,300,300,incident,0.5,2,0.5,median_shift,6,0.16666666666666666,0.0,0.22727272727272727,0,0,0,23,114.4256999832578,user|carts-db|front-end|rabbitmq|shipping,user_container-memory-max-usage-bytes,0.44209677419354837,31,31,0.4986021505376344,0.3855913978494624,31,30,30,0.5,baseline-v2-20260723,cd270e7871bd358937d83d9a49829637fa80007d2964084ef229f578e3733bd3,ba75425861a059dafcc477474fc3e4ed1eafdc2b47d6fdd0557337035d29a960,586e2e075f085ac00ffc1686807038a6a2e69736c692096079d53586f66f4943,3527857,1693129654000000000,300
SS/catalogue_loss/3,SS,catalogue,loss,3,300,300,incident,0.5,2,0.5,nsigma,15,0.06666666666666667,0.0,0.6363636363636364,0,0,0,23,336.28979994682595,orders-db|carts|user-db|rabbitmq-exporter|catalogue-db,orders-db_container-memory-failures-total,0.44209677419354837,31,31,0.4986021505376344,0.3855913978494624,31,30,30,0.5,baseline-v2-20260723,cd270e7871bd358937d83d9a49829637fa80007d2964084ef229f578e3733bd3,ba75425861a059dafcc477474fc3e4ed1eafdc2b47d6fdd0557337035d29a960,586e2e075f085ac00ffc1686807038a6a2e69736c692096079d53586f66f4943,3527857,1693129654000000000,300
SS/catalogue_loss/3,SS,catalogue,loss,3,300,300,incident,0.5,3,0.5,baro,7,0.14285714285714285,0.0,0.2727272727272727,0,0,0,23,352.74699999717996,192-168-37-154-9100|rabbitmq|shipping|payment|carts,192-168-37-154-9100_node-disk-written-bytes-total,0.4432258064516129,31,31,0.5041935483870967,0.38225806451612904,31,30,29,0.5,baseline-v2-20260723,cd270e7871bd358937d83d9a49829637fa80007d2964084ef229f578e3733bd3,ba75425861a059dafcc477474fc3e4ed1eafdc2b47d6fdd0557337035d29a960,586e2e075f085ac00ffc1686807038a6a2e69736c692096079d53586f66f4943,3527857,1693129654000000000,300
SS/catalogue_loss/3,SS,catalogue,loss,3,300,300,incident,0.5,3,0.5,median_shift,3,0.3333333333333333,0.6,0.09090909090909091,0,1,1,23,105.67590000573546,user|front-end|catalogue|user-db|carts,user_container-memory-max-usage-bytes,0.4432258064516129,31,31,0.5041935483870967,0.38225806451612904,31,30,29,0.5,baseline-v2-20260723,cd270e7871bd358937d83d9a49829637fa80007d2964084ef229f578e3733bd3,ba75425861a059dafcc477474fc3e4ed1eafdc2b47d6fdd0557337035d29a960,586e2e075f085ac00ffc1686807038a6a2e69736c692096079d53586f66f4943,3527857,1693129654000000000,300
SS/catalogue_loss/3,SS,catalogue,loss,3,300,300,incident,0.5,3,0.5,nsigma,16,0.0625,0.0,0.6818181818181818,0,0,0,23,325.4558000480756,carts|rabbitmq-exporter|user-db|192-168-37-154-9100|orders-db,carts_container-memory-rss,0.4432258064516129,31,31,0.5041935483870967,0.38225806451612904,31,30,29,0.5,baseline-v2-20260723,cd270e7871bd358937d83d9a49829637fa80007d2964084ef229f578e3733bd3,ba75425861a059dafcc477474fc3e4ed1eafdc2b47d6fdd0557337035d29a960,586e2e075f085ac00ffc1686807038a6a2e69736c692096079d53586f66f4943,3527857,1693129654000000000,300
SS/catalogue_loss/3,SS,catalogue,loss,3,300,300,incident,0.5,4,0.5,baro,7,0.14285714285714285,0.0,0.2727272727272727,0,0,0,23,370.07100001210347,orders|192-168-37-154-9100|rabbitmq|shipping|payment,orders_istio-bytes-95,0.44155913978494626,31,31,0.5021505376344086,0.3809677419354839,31,30,29,0.5,baseline-v2-20260723,cd270e7871bd358937d83d9a49829637fa80007d2964084ef229f578e3733bd3,ba75425861a059dafcc477474fc3e4ed1eafdc2b47d6fdd0557337035d29a960,586e2e075f085ac00ffc1686807038a6a2e69736c692096079d53586f66f4943,3527857,1693129654000000000,300
SS/catalogue_loss/3,SS,catalogue,loss,3,300,300,incident,0.5,4,0.5,median_shift,1,1.0,1.0,0.0,1,1,1,23,105.69840000243858,catalogue|orders-db|front-end|carts|shipping,catalogue_container-memory-working-set-bytes,0.44155913978494626,31,31,0.5021505376344086,0.3809677419354839,31,30,29,0.5,baseline-v2-20260723,cd270e7871bd358937d83d9a49829637fa80007d2964084ef229f578e3733bd3,ba75425861a059dafcc477474fc3e4ed1eafdc2b47d6fdd0557337035d29a960,586e2e075f085ac00ffc1686807038a6a2e69736c692096079d53586f66f4943,3527857,1693129654000000000,300
SS/catalogue_loss/3,SS,catalogue,loss,3,300,300,incident,0.5,4,0.5,nsigma,18,0.05555555555555555,0.0,0.7727272727272727,0,0,0,23,298.25890000211075,carts|rabbitmq-exporter|orders-db|192-168-37-154-9100|carts-db,carts_container-memory-rss,0.44155913978494626,31,31,0.5021505376344086,0.3809677419354839,31,30,29,0.5,baseline-v2-20260723,cd270e7871bd358937d83d9a49829637fa80007d2964084ef229f578e3733bd3,ba75425861a059dafcc477474fc3e4ed1eafdc2b47d6fdd0557337035d29a960,586e2e075f085ac00ffc1686807038a6a2e69736c692096079d53586f66f4943,3527857,1693129654000000000,300
SS/catalogue_loss/3,SS,catalogue,loss,3,300,300,incident,0.5,5,0.5,baro,10,0.1,0.0,0.4090909090909091,0,0,0,23,367.4742999719456,192-168-15-8-9100|192-168-37-154-9100|rabbitmq|shipping|payment,192-168-15-8-9100_node-disk-writes-completed-total,0.4413978494623656,31,31,0.5002150537634409,0.3825806451612903,31,30,30,0.5,baseline-v2-20260723,cd270e7871bd358937d83d9a49829637fa80007d2964084ef229f578e3733bd3,ba75425861a059dafcc477474fc3e4ed1eafdc2b47d6fdd0557337035d29a960,586e2e075f085ac00ffc1686807038a6a2e69736c692096079d53586f66f4943,3527857,1693129654000000000,300
SS/catalogue_loss/3,SS,catalogue,loss,3,300,300,incident,0.5,5,0.5,median_shift,4,0.25,0.4,0.13636363636363635,0,0,1,23,107.65090002678335,user|front-end|user-db|catalogue|orders-db,user_container-memory-max-usage-bytes,0.4413978494623656,31,31,0.5002150537634409,0.3825806451612903,31,30,30,0.5,baseline-v2-20260723,cd270e7871bd358937d83d9a49829637fa80007d2964084ef229f578e3733bd3,ba75425861a059dafcc477474fc3e4ed1eafdc2b47d6fdd0557337035d29a960,586e2e075f085ac00ffc1686807038a6a2e69736c692096079d53586f66f4943,3527857,1693129654000000000,300
SS/catalogue_loss/3,SS,catalogue,loss,3,300,300,incident,0.5,5,0.5,nsigma,10,0.1,0.0,0.4090909090909091,0,0,0,23,276.1325999745168,192-168-15-8-9100|user-db|orders-db|carts|rabbitmq-exporter,192-168-15-8-9100_node-disk-writes-completed-total,0.4413978494623656,31,31,0.5002150537634409,0.3825806451612903,31,30,30,0.5,baseline-v2-20260723,cd270e7871bd358937d83d9a49829637fa80007d2964084ef229f578e3733bd3,ba75425861a059dafcc477474fc3e4ed1eafdc2b47d6fdd0557337035d29a960,586e2e075f085ac00ffc1686807038a6a2e69736c692096079d53586f66f4943,3527857,1693129654000000000,300
SS/catalogue_loss/3,SS,catalogue,loss,3,300,300,incident,0.5,6,0.5,baro,11,0.09090909090909091,0.0,0.45454545454545453,0,0,0,23,361.43900000024587,192-168-15-8-9100|orders|rabbitmq|shipping|payment,192-168-15-8-9100_node-disk-written-bytes-total,0.4386021505376344,31,31,0.4964516129032258,0.380752688172043,31,30,30,0.5,baseline-v2-20260723,cd270e7871bd358937d83d9a49829637fa80007d2964084ef229f578e3733bd3,ba75425861a059dafcc477474fc3e4ed1eafdc2b47d6fdd0557337035d29a960,586e2e075f085ac00ffc1686807038a6a2e69736c692096079d53586f66f4943,3527857,1693129654000000000,300
SS/catalogue_loss/3,SS,catalogue,loss,3,300,300,incident,0.5,6,0.5,median_shift,4,0.25,0.4,0.13636363636363635,0,0,1,23,110.70110002765432,carts-db|front-end|carts|catalogue|user,carts-db_container-memory-cache,0.4386021505376344,31,31,0.4964516129032258,0.380752688172043,31,30,30,0.5,baseline-v2-20260723,cd270e7871bd358937d83d9a49829637fa80007d2964084ef229f578e3733bd3,ba75425861a059dafcc477474fc3e4ed1eafdc2b47d6fdd0557337035d29a960,586e2e075f085ac00ffc1686807038a6a2e69736c692096079d53586f66f4943,3527857,1693129654000000000,300
SS/catalogue_loss/3,SS,catalogue,loss,3,300,300,incident,0.5,6,0.5,nsigma,16,0.0625,0.0,0.6818181818181818,0,0,0,23,289.24389998428524,192-168-15-8-9100|carts|orders-db|rabbitmq-exporter|session-db,192-168-15-8-9100_node-disk-written-bytes-total,0.4386021505376344,31,31,0.4964516129032258,0.380752688172043,31,30,30,0.5,baseline-v2-20260723,cd270e7871bd358937d83d9a49829637fa80007d2964084ef229f578e3733bd3,ba75425861a059dafcc477474fc3e4ed1eafdc2b47d6fdd0557337035d29a960,586e2e075f085ac00ffc1686807038a6a2e69736c692096079d53586f66f4943,3527857,1693129654000000000,300
SS/catalogue_loss/3,SS,catalogue,loss,3,300,300,incident,0.5,7,0.5,baro,9,0.1111111111111111,0.0,0.36363636363636365,0,0,0,23,430.6581999990158,192-168-15-8-9100|192-168-37-154-9100|rabbitmq|carts|shipping,192-168-15-8-9100_node-disk-written-bytes-total,0.44747311827956987,31,31,0.5068817204301075,0.38806451612903226,31,30,30,0.5,baseline-v2-20260723,cd270e7871bd358937d83d9a49829637fa80007d2964084ef229f578e3733bd3,ba75425861a059dafcc477474fc3e4ed1eafdc2b47d6fdd0557337035d29a960,586e2e075f085ac00ffc1686807038a6a2e69736c692096079d53586f66f4943,3527857,1693129654000000000,300
SS/catalogue_loss/3,SS,catalogue,loss,3,300,300,incident,0.5,7,0.5,median_shift,6,0.16666666666666666,0.0,0.22727272727272727,0,0,0,23,88.83720001904294,carts-db|user-db|orders-db|front-end|rabbitmq,carts-db_container-memory-cache,0.44747311827956987,31,31,0.5068817204301075,0.38806451612903226,31,30,30,0.5,baseline-v2-20260723,cd270e7871bd358937d83d9a49829637fa80007d2964084ef229f578e3733bd3,ba75425861a059dafcc477474fc3e4ed1eafdc2b47d6fdd0557337035d29a960,586e2e075f085ac00ffc1686807038a6a2e69736c692096079d53586f66f4943,3527857,1693129654000000000,300
SS/catalogue_loss/3,SS,catalogue,loss,3,300,300,incident,0.5,7,0.5,nsigma,11,0.09090909090909091,0.0,0.45454545454545453,0,0,0,23,285.3371999808587,carts|192-168-15-8-9100|orders-db|user-db|catalogue-db,carts_container-memory-usage-bytes,0.44747311827956987,31,31,0.5068817204301075,0.38806451612903226,31,30,30,0.5,baseline-v2-20260723,cd270e7871bd358937d83d9a49829637fa80007d2964084ef229f578e3733bd3,ba75425861a059dafcc477474fc3e4ed1eafdc2b47d6fdd0557337035d29a960,586e2e075f085ac00ffc1686807038a6a2e69736c692096079d53586f66f4943,3527857,1693129654000000000,300
SS/catalogue_loss/3,SS,catalogue,loss,3,300,300,incident,0.5,8,0.5,baro,11,0.09090909090909091,0.0,0.45454545454545453,0,0,0,23,489.79860002873465,192-168-15-8-9100|192-168-37-154-9100|rabbitmq|payment|carts,192-168-15-8-9100_node-disk-written-bytes-total,0.43913978494623657,31,31,0.500752688172043,0.3775268817204301,31,30,29,0.5,baseline-v2-20260723,cd270e7871bd358937d83d9a49829637fa80007d2964084ef229f578e3733bd3,ba75425861a059dafcc477474fc3e4ed1eafdc2b47d6fdd0557337035d29a960,586e2e075f085ac00ffc1686807038a6a2e69736c692096079d53586f66f4943,3527857,1693129654000000000,300
SS/catalogue_loss/3,SS,catalogue,loss,3,300,300,incident,0.5,8,0.5,median_shift,7,0.14285714285714285,0.0,0.2727272727272727,0,0,0,23,98.10610004933551,payment|user|front-end|orders-db|user-db,payment_container-memory-working-set-bytes,0.43913978494623657,31,31,0.500752688172043,0.3775268817204301,31,30,29,0.5,baseline-v2-20260723,cd270e7871bd358937d83d9a49829637fa80007d2964084ef229f578e3733bd3,ba75425861a059dafcc477474fc3e4ed1eafdc2b47d6fdd0557337035d29a960,586e2e075f085ac00ffc1686807038a6a2e69736c692096079d53586f66f4943,3527857,1693129654000000000,300
SS/catalogue_loss/3,SS,catalogue,loss,3,300,300,incident,0.5,8,0.5,nsigma,11,0.09090909090909091,0.0,0.45454545454545453,0,0,0,23,295.4933999571949,192-168-15-8-9100|carts-db|carts|orders-db|192-168-37-154-9100,192-168-15-8-9100_node-disk-written-bytes-total,0.43913978494623657,31,31,0.500752688172043,0.3775268817204301,31,30,29,0.5,baseline-v2-20260723,cd270e7871bd358937d83d9a49829637fa80007d2964084ef229f578e3733bd3,ba75425861a059dafcc477474fc3e4ed1eafdc2b47d6fdd0557337035d29a960,586e2e075f085ac00ffc1686807038a6a2e69736c692096079d53586f66f4943,3527857,1693129654000000000,300
SS/catalogue_loss/3,SS,catalogue,loss,3,300,300,incident,0.5,9,0.5,baro,9,0.1111111111111111,0.0,0.36363636363636365,0,0,0,23,341.70219994848594,192-168-37-154-9100|192-168-15-8-9100|rabbitmq|shipping|carts,192-168-37-154-9100_node-disk-written-bytes-total,0.44166666666666665,31,31,0.4981720430107527,0.3851612903225806,31,30,30,0.5,baseline-v2-20260723,cd270e7871bd358937d83d9a49829637fa80007d2964084ef229f578e3733bd3,ba75425861a059dafcc477474fc3e4ed1eafdc2b47d6fdd0557337035d29a960,586e2e075f085ac00ffc1686807038a6a2e69736c692096079d53586f66f4943,3527857,1693129654000000000,300
SS/catalogue_loss/3,SS,catalogue,loss,3,300,300,incident,0.5,9,0.5,median_shift,2,0.5,0.8,0.045454545454545456,0,1,1,23,110.16860004747286,user|catalogue|front-end|rabbitmq|user-db,user_container-memory-working-set-bytes,0.44166666666666665,31,31,0.4981720430107527,0.3851612903225806,31,30,30,0.5,baseline-v2-20260723,cd270e7871bd358937d83d9a49829637fa80007d2964084ef229f578e3733bd3,ba75425861a059dafcc477474fc3e4ed1eafdc2b47d6fdd0557337035d29a960,586e2e075f085ac00ffc1686807038a6a2e69736c692096079d53586f66f4943,3527857,1693129654000000000,300
SS/catalogue_loss/3,SS,catalogue,loss,3,300,300,incident,0.5,9,0.5,nsigma,17,0.058823529411764705,0.0,0.7272727272727273,0,0,0,23,292.08069999003783,orders-db|192-168-15-8-9100|rabbitmq-exporter|carts|user-db,orders-db_container-memory-failures-total,0.44166666666666665,31,31,0.4981720430107527,0.3851612903225806,31,30,30,0.5,baseline-v2-20260723,cd270e7871bd358937d83d9a49829637fa80007d2964084ef229f578e3733bd3,ba75425861a059dafcc477474fc3e4ed1eafdc2b47d6fdd0557337035d29a960,586e2e075f085ac00ffc1686807038a6a2e69736c692096079d53586f66f4943,3527857,1693129654000000000,300
SS/catalogue_loss/3,SS,catalogue,loss,3,300,300,none,0.0,0,0.0,baro,1,1.0,1.0,0.0,1,1,1,23,458.76410003984347,catalogue|shipping|front-end|session-db|queue-master,catalogue_istio-latency-95,1.0,31,31,1.0,1.0,31,31,31,1.0,baseline-v2-20260723,cd270e7871bd358937d83d9a49829637fa80007d2964084ef229f578e3733bd3,ba75425861a059dafcc477474fc3e4ed1eafdc2b47d6fdd0557337035d29a960,586e2e075f085ac00ffc1686807038a6a2e69736c692096079d53586f66f4943,3527857,1693129654000000000,300
SS/catalogue_loss/3,SS,catalogue,loss,3,300,300,none,0.0,0,0.0,median_shift,2,0.5,0.8,0.045454545454545456,0,1,1,23,87.59230002760887,catalogue-db|catalogue|orders|session-db|user,catalogue-db_container-memory-failures-total,1.0,31,31,1.0,1.0,31,31,31,1.0,baseline-v2-20260723,cd270e7871bd358937d83d9a49829637fa80007d2964084ef229f578e3733bd3,ba75425861a059dafcc477474fc3e4ed1eafdc2b47d6fdd0557337035d29a960,586e2e075f085ac00ffc1686807038a6a2e69736c692096079d53586f66f4943,3527857,1693129654000000000,300
SS/catalogue_loss/3,SS,catalogue,loss,3,300,300,none,0.0,0,0.0,nsigma,1,1.0,1.0,0.0,1,1,1,23,351.2528000283055,catalogue|front-end|queue-master|shipping|orders,catalogue_istio-latency-95,1.0,31,31,1.0,1.0,31,31,31,1.0,baseline-v2-20260723,cd270e7871bd358937d83d9a49829637fa80007d2964084ef229f578e3733bd3,ba75425861a059dafcc477474fc3e4ed1eafdc2b47d6fdd0557337035d29a960,586e2e075f085ac00ffc1686807038a6a2e69736c692096079d53586f66f4943,3527857,1693129654000000000,300
SS/catalogue_loss/3,SS,catalogue,loss,3,300,300,point,0.1,0,0.1,baro,1,1.0,1.0,0.0,1,1,1,23,321.5922000235878,catalogue|shipping|front-end|session-db|queue-master,catalogue_istio-latency-95,0.9011290322580645,31,31,0.9051612903225806,0.8970967741935484,31,31,31,0.9,baseline-v2-20260723,cd270e7871bd358937d83d9a49829637fa80007d2964084ef229f578e3733bd3,ba75425861a059dafcc477474fc3e4ed1eafdc2b47d6fdd0557337035d29a960,586e2e075f085ac00ffc1686807038a6a2e69736c692096079d53586f66f4943,3527857,1693129654000000000,300
SS/catalogue_loss/3,SS,catalogue,loss,3,300,300,point,0.1,0,0.1,median_shift,2,0.5,0.8,0.045454545454545456,0,1,1,23,85.9811000409536,catalogue-db|catalogue|orders|session-db|user,catalogue-db_container-memory-failures-total,0.9011290322580645,31,31,0.9051612903225806,0.8970967741935484,31,31,31,0.9,baseline-v2-20260723,cd270e7871bd358937d83d9a49829637fa80007d2964084ef229f578e3733bd3,ba75425861a059dafcc477474fc3e4ed1eafdc2b47d6fdd0557337035d29a960,586e2e075f085ac00ffc1686807038a6a2e69736c692096079d53586f66f4943,3527857,1693129654000000000,300
SS/catalogue_loss/3,SS,catalogue,loss,3,300,300,point,0.1,0,0.1,nsigma,1,1.0,1.0,0.0,1,1,1,23,322.10450002457947,catalogue|front-end|queue-master|shipping|orders,catalogue_istio-latency-95,0.9011290322580645,31,31,0.9051612903225806,0.8970967741935484,31,31,31,0.9,baseline-v2-20260723,cd270e7871bd358937d83d9a49829637fa80007d2964084ef229f578e3733bd3,ba75425861a059dafcc477474fc3e4ed1eafdc2b47d6fdd0557337035d29a960,586e2e075f085ac00ffc1686807038a6a2e69736c692096079d53586f66f4943,3527857,1693129654000000000,300
SS/catalogue_loss/3,SS,catalogue,loss,3,300,300,point,0.1,1,0.1,baro,1,1.0,1.0,0.0,1,1,1,23,341.0122999921441,catalogue|shipping|front-end|session-db|queue-master,catalogue_istio-latency-95,0.896505376344086,31,31,0.895483870967742,0.8975268817204302,31,31,31,0.9,baseline-v2-20260723,cd270e7871bd358937d83d9a49829637fa80007d2964084ef229f578e3733bd3,ba75425861a059dafcc477474fc3e4ed1eafdc2b47d6fdd0557337035d29a960,586e2e075f085ac00ffc1686807038a6a2e69736c692096079d53586f66f4943,3527857,1693129654000000000,300
SS/catalogue_loss/3,SS,catalogue,loss,3,300,300,point,0.1,1,0.1,median_shift,2,0.5,0.8,0.045454545454545456,0,1,1,23,86.23449999140576,catalogue-db|catalogue|orders|session-db|user,catalogue-db_container-memory-failures-total,0.896505376344086,31,31,0.895483870967742,0.8975268817204302,31,31,31,0.9,baseline-v2-20260723,cd270e7871bd358937d83d9a49829637fa80007d2964084ef229f578e3733bd3,ba75425861a059dafcc477474fc3e4ed1eafdc2b47d6fdd0557337035d29a960,586e2e075f085ac00ffc1686807038a6a2e69736c692096079d53586f66f4943,3527857,1693129654000000000,300
SS/catalogue_loss/3,SS,catalogue,loss,3,300,300,point,0.1,1,0.1,nsigma,1,1.0,1.0,0.0,1,1,1,23,257.995399995707,catalogue|front-end|queue-master|shipping|orders,catalogue_istio-latency-95,0.896505376344086,31,31,0.895483870967742,0.8975268817204302,31,31,31,0.9,baseline-v2-20260723,cd270e7871bd358937d83d9a49829637fa80007d2964084ef229f578e3733bd3,ba75425861a059dafcc477474fc3e4ed1eafdc2b47d6fdd0557337035d29a960,586e2e075f085ac00ffc1686807038a6a2e69736c692096079d53586f66f4943,3527857,1693129654000000000,300
SS/catalogue_loss/3,SS,catalogue,loss,3,300,300,point,0.1,2,0.1,baro,1,1.0,1.0,0.0,1,1,1,23,334.7524999990128,catalogue|shipping|front-end|session-db|queue-master,catalogue_istio-latency-95,0.8986559139784946,31,31,0.8930107526881721,0.9043010752688172,31,31,31,0.9,baseline-v2-20260723,cd270e7871bd358937d83d9a49829637fa80007d2964084ef229f578e3733bd3,ba75425861a059dafcc477474fc3e4ed1eafdc2b47d6fdd0557337035d29a960,586e2e075f085ac00ffc1686807038a6a2e69736c692096079d53586f66f4943,3527857,1693129654000000000,300
SS/catalogue_loss/3,SS,catalogue,loss,3,300,300,point,0.1,2,0.1,median_shift,2,0.5,0.8,0.045454545454545456,0,1,1,23,104.35839998535812,catalogue-db|catalogue|orders|session-db|user,catalogue-db_container-memory-failures-total,0.8986559139784946,31,31,0.8930107526881721,0.9043010752688172,31,31,31,0.9,baseline-v2-20260723,cd270e7871bd358937d83d9a49829637fa80007d2964084ef229f578e3733bd3,ba75425861a059dafcc477474fc3e4ed1eafdc2b47d6fdd0557337035d29a960,586e2e075f085ac00ffc1686807038a6a2e69736c692096079d53586f66f4943,3527857,1693129654000000000,300
SS/catalogue_loss/3,SS,catalogue,loss,3,300,300,point,0.1,2,0.1,nsigma,1,1.0,1.0,0.0,1,1,1,23,254.9519999884069,catalogue|front-end|queue-master|shipping|orders,catalogue_istio-latency-95,0.8986559139784946,31,31,0.8930107526881721,0.9043010752688172,31,31,31,0.9,baseline-v2-20260723,cd270e7871bd358937d83d9a49829637fa80007d2964084ef229f578e3733bd3,ba75425861a059dafcc477474fc3e4ed1eafdc2b47d6fdd0557337035d29a960,586e2e075f085ac00ffc1686807038a6a2e69736c692096079d53586f66f4943,3527857,1693129654000000000,300
SS/catalogue_loss/3,SS,catalogue,loss,3,300,300,point,0.1,3,0.1,baro,1,1.0,1.0,0.0,1,1,1,23,345.681999984663,catalogue|shipping|front-end|session-db|queue-master,catalogue_istio-latency-95,0.901989247311828,31,31,0.9,0.9039784946236559,31,31,31,0.9,baseline-v2-20260723,cd270e7871bd358937d83d9a49829637fa80007d2964084ef229f578e3733bd3,ba75425861a059dafcc477474fc3e4ed1eafdc2b47d6fdd0557337035d29a960,586e2e075f085ac00ffc1686807038a6a2e69736c692096079d53586f66f4943,3527857,1693129654000000000,300
SS/catalogue_loss/3,SS,catalogue,loss,3,300,300,point,0.1,3,0.1,median_shift,2,0.5,0.8,0.045454545454545456,0,1,1,23,124.28789999103174,catalogue-db|catalogue|orders|session-db|user,catalogue-db_container-memory-failures-total,0.901989247311828,31,31,0.9,0.9039784946236559,31,31,31,0.9,baseline-v2-20260723,cd270e7871bd358937d83d9a49829637fa80007d2964084ef229f578e3733bd3,ba75425861a059dafcc477474fc3e4ed1eafdc2b47d6fdd0557337035d29a960,586e2e075f085ac00ffc1686807038a6a2e69736c692096079d53586f66f4943,3527857,1693129654000000000,300
SS/catalogue_loss/3,SS,catalogue,loss,3,300,300,point,0.1,3,0.1,nsigma,1,1.0,1.0,0.0,1,1,1,23,267.1900999848731,catalogue|front-end|queue-master|shipping|orders,catalogue_istio-latency-95,0.901989247311828,31,31,0.9,0.9039784946236559,31,31,31,0.9,baseline-v2-20260723,cd270e7871bd358937d83d9a49829637fa80007d2964084ef229f578e3733bd3,ba75425861a059dafcc477474fc3e4ed1eafdc2b47d6fdd0557337035d29a960,586e2e075f085ac00ffc1686807038a6a2e69736c692096079d53586f66f4943,3527857,1693129654000000000,300
SS/catalogue_loss/3,SS,catalogue,loss,3,300,300,point,0.1,4,0.1,baro,1,1.0,1.0,0.0,1,1,1,23,355.8985000126995,catalogue|shipping|front-end|session-db|queue-master,catalogue_istio-latency-95,0.902258064516129,31,31,0.9034408602150538,0.9010752688172043,31,31,31,0.9,baseline-v2-20260723,cd270e7871bd358937d83d9a49829637fa80007d2964084ef229f578e3733bd3,ba75425861a059dafcc477474fc3e4ed1eafdc2b47d6fdd0557337035d29a960,586e2e075f085ac00ffc1686807038a6a2e69736c692096079d53586f66f4943,3527857,1693129654000000000,300
SS/catalogue_loss/3,SS,catalogue,loss,3,300,300,point,0.1,4,0.1,median_shift,2,0.5,0.8,0.045454545454545456,0,1,1,23,108.48539997823536,catalogue-db|catalogue|orders|session-db|user,catalogue-db_container-memory-failures-total,0.902258064516129,31,31,0.9034408602150538,0.9010752688172043,31,31,31,0.9,baseline-v2-20260723,cd270e7871bd358937d83d9a49829637fa80007d2964084ef229f578e3733bd3,ba75425861a059dafcc477474fc3e4ed1eafdc2b47d6fdd0557337035d29a960,586e2e075f085ac00ffc1686807038a6a2e69736c692096079d53586f66f4943,3527857,1693129654000000000,300
SS/catalogue_loss/3,SS,catalogue,loss,3,300,300,point,0.1,4,0.1,nsigma,1,1.0,1.0,0.0,1,1,1,23,350.8215000038035,catalogue|front-end|queue-master|shipping|orders,catalogue_istio-latency-95,0.902258064516129,31,31,0.9034408602150538,0.9010752688172043,31,31,31,0.9,baseline-v2-20260723,cd270e7871bd358937d83d9a49829637fa80007d2964084ef229f578e3733bd3,ba75425861a059dafcc477474fc3e4ed1eafdc2b47d6fdd0557337035d29a960,586e2e075f085ac00ffc1686807038a6a2e69736c692096079d53586f66f4943,3527857,1693129654000000000,300
SS/catalogue_loss/3,SS,catalogue,loss,3,300,300,point,0.1,5,0.1,baro,1,1.0,1.0,0.0,1,1,1,23,440.55900000967085,catalogue|shipping|front-end|session-db|queue-master,catalogue_istio-latency-95,0.8990860215053763,31,31,0.8980645161290323,0.9001075268817205,31,31,31,0.9,baseline-v2-20260723,cd270e7871bd358937d83d9a49829637fa80007d2964084ef229f578e3733bd3,ba75425861a059dafcc477474fc3e4ed1eafdc2b47d6fdd0557337035d29a960,586e2e075f085ac00ffc1686807038a6a2e69736c692096079d53586f66f4943,3527857,1693129654000000000,300
SS/catalogue_loss/3,SS,catalogue,loss,3,300,300,point,0.1,5,0.1,median_shift,2,0.5,0.8,0.045454545454545456,0,1,1,23,101.67689999798313,catalogue-db|catalogue|orders|session-db|user,catalogue-db_container-memory-failures-total,0.8990860215053763,31,31,0.8980645161290323,0.9001075268817205,31,31,31,0.9,baseline-v2-20260723,cd270e7871bd358937d83d9a49829637fa80007d2964084ef229f578e3733bd3,ba75425861a059dafcc477474fc3e4ed1eafdc2b47d6fdd0557337035d29a960,586e2e075f085ac00ffc1686807038a6a2e69736c692096079d53586f66f4943,3527857,1693129654000000000,300
SS/catalogue_loss/3,SS,catalogue,loss,3,300,300,point,0.1,5,0.1,nsigma,1,1.0,1.0,0.0,1,1,1,23,288.8632999965921,catalogue|front-end|queue-master|shipping|orders,catalogue_istio-latency-95,0.8990860215053763,31,31,0.8980645161290323,0.9001075268817205,31,31,31,0.9,baseline-v2-20260723,cd270e7871bd358937d83d9a49829637fa80007d2964084ef229f578e3733bd3,ba75425861a059dafcc477474fc3e4ed1eafdc2b47d6fdd0557337035d29a960,586e2e075f085ac00ffc1686807038a6a2e69736c692096079d53586f66f4943,3527857,1693129654000000000,300
SS/catalogue_loss/3,SS,catalogue,loss,3,300,300,point,0.1,6,0.1,baro,1,1.0,1.0,0.0,1,1,1,23,422.97539999708533,catalogue|shipping|front-end|session-db|queue-master,catalogue_istio-latency-95,0.8995161290322581,31,31,0.8978494623655914,0.9011827956989247,31,31,31,0.9,baseline-v2-20260723,cd270e7871bd358937d83d9a49829637fa80007d2964084ef229f578e3733bd3,ba75425861a059dafcc477474fc3e4ed1eafdc2b47d6fdd0557337035d29a960,586e2e075f085ac00ffc1686807038a6a2e69736c692096079d53586f66f4943,3527857,1693129654000000000,300
SS/catalogue_loss/3,SS,catalogue,loss,3,300,300,point,0.1,6,0.1,median_shift,2,0.5,0.8,0.045454545454545456,0,1,1,23,84.50029999949038,catalogue-db|catalogue|orders|session-db|user,catalogue-db_container-memory-failures-total,0.8995161290322581,31,31,0.8978494623655914,0.9011827956989247,31,31,31,0.9,baseline-v2-20260723,cd270e7871bd358937d83d9a49829637fa80007d2964084ef229f578e3733bd3,ba75425861a059dafcc477474fc3e4ed1eafdc2b47d6fdd0557337035d29a960,586e2e075f085ac00ffc1686807038a6a2e69736c692096079d53586f66f4943,3527857,1693129654000000000,300
SS/catalogue_loss/3,SS,catalogue,loss,3,300,300,point,0.1,6,0.1,nsigma,1,1.0,1.0,0.0,1,1,1,23,328.3921999973245,catalogue|front-end|queue-master|shipping|orders,catalogue_istio-latency-95,0.8995161290322581,31,31,0.8978494623655914,0.9011827956989247,31,31,31,0.9,baseline-v2-20260723,cd270e7871bd358937d83d9a49829637fa80007d2964084ef229f578e3733bd3,ba75425861a059dafcc477474fc3e4ed1eafdc2b47d6fdd0557337035d29a960,586e2e075f085ac00ffc1686807038a6a2e69736c692096079d53586f66f4943,3527857,1693129654000000000,300
SS/catalogue_loss/3,SS,catalogue,loss,3,300,300,point,0.1,7,0.1,baro,1,1.0,1.0,0.0,1,1,1,23,368.57659998349845,catalogue|shipping|front-end|session-db|queue-master,catalogue_istio-latency-95,0.9002150537634409,31,31,0.9026881720430108,0.8977419354838709,31,31,31,0.9,baseline-v2-20260723,cd270e7871bd358937d83d9a49829637fa80007d2964084ef229f578e3733bd3,ba75425861a059dafcc477474fc3e4ed1eafdc2b47d6fdd0557337035d29a960,586e2e075f085ac00ffc1686807038a6a2e69736c692096079d53586f66f4943,3527857,1693129654000000000,300
SS/catalogue_loss/3,SS,catalogue,loss,3,300,300,point,0.1,7,0.1,median_shift,2,0.5,0.8,0.045454545454545456,0,1,1,23,91.83089999714866,catalogue-db|catalogue|orders|session-db|user,catalogue-db_container-memory-failures-total,0.9002150537634409,31,31,0.9026881720430108,0.8977419354838709,31,31,31,0.9,baseline-v2-20260723,cd270e7871bd358937d83d9a49829637fa80007d2964084ef229f578e3733bd3,ba75425861a059dafcc477474fc3e4ed1eafdc2b47d6fdd0557337035d29a960,586e2e075f085ac00ffc1686807038a6a2e69736c692096079d53586f66f4943,3527857,1693129654000000000,300
SS/catalogue_loss/3,SS,catalogue,loss,3,300,300,point,0.1,7,0.1,nsigma,1,1.0,1.0,0.0,1,1,1,23,363.4565999964252,catalogue|front-end|queue-master|shipping|orders,catalogue_istio-latency-95,0.9002150537634409,31,31,0.9026881720430108,0.8977419354838709,31,31,31,0.9,baseline-v2-20260723,cd270e7871bd358937d83d9a49829637fa80007d2964084ef229f578e3733bd3,ba75425861a059dafcc477474fc3e4ed1eafdc2b47d6fdd0557337035d29a960,586e2e075f085ac00ffc1686807038a6a2e69736c692096079d53586f66f4943,3527857,1693129654000000000,300
SS/catalogue_loss/3,SS,catalogue,loss,3,300,300,point,0.1,8,0.1,baro,1,1.0,1.0,0.0,1,1,1,23,349.4042999809608,catalogue|shipping|front-end|session-db|queue-master,catalogue_istio-latency-95,0.9032795698924732,31,31,0.905483870967742,0.9010752688172043,31,31,31,0.9,baseline-v2-20260723,cd270e7871bd358937d83d9a49829637fa80007d2964084ef229f578e3733bd3,ba75425861a059dafcc477474fc3e4ed1eafdc2b47d6fdd0557337035d29a960,586e2e075f085ac00ffc1686807038a6a2e69736c692096079d53586f66f4943,3527857,1693129654000000000,300
SS/catalogue_loss/3,SS,catalogue,loss,3,300,300,point,0.1,8,0.1,median_shift,2,0.5,0.8,0.045454545454545456,0,1,1,23,91.97429998312145,catalogue-db|catalogue|orders|session-db|user,catalogue-db_container-memory-failures-total,0.9032795698924732,31,31,0.905483870967742,0.9010752688172043,31,31,31,0.9,baseline-v2-20260723,cd270e7871bd358937d83d9a49829637fa80007d2964084ef229f578e3733bd3,ba75425861a059dafcc477474fc3e4ed1eafdc2b47d6fdd0557337035d29a960,586e2e075f085ac00ffc1686807038a6a2e69736c692096079d53586f66f4943,3527857,1693129654000000000,300
SS/catalogue_loss/3,SS,catalogue,loss,3,300,300,point,0.1,8,0.1,nsigma,1,1.0,1.0,0.0,1,1,1,23,280.52690002368763,catalogue|front-end|queue-master|shipping|orders,catalogue_istio-latency-95,0.9032795698924732,31,31,0.905483870967742,0.9010752688172043,31,31,31,0.9,baseline-v2-20260723,cd270e7871bd358937d83d9a49829637fa80007d2964084ef229f578e3733bd3,ba75425861a059dafcc477474fc3e4ed1eafdc2b47d6fdd0557337035d29a960,586e2e075f085ac00ffc1686807038a6a2e69736c692096079d53586f66f4943,3527857,1693129654000000000,300
SS/catalogue_loss/3,SS,catalogue,loss,3,300,300,point,0.1,9,0.1,baro,1,1.0,1.0,0.0,1,1,1,23,356.6030000220053,catalogue|shipping|front-end|session-db|queue-master,catalogue_istio-latency-95,0.9016666666666666,31,31,0.9002150537634409,0.9031182795698924,31,31,31,0.9,baseline-v2-20260723,cd270e7871bd358937d83d9a49829637fa80007d2964084ef229f578e3733bd3,ba75425861a059dafcc477474fc3e4ed1eafdc2b47d6fdd0557337035d29a960,586e2e075f085ac00ffc1686807038a6a2e69736c692096079d53586f66f4943,3527857,1693129654000000000,300
SS/catalogue_loss/3,SS,catalogue,loss,3,300,300,point,0.1,9,0.1,median_shift,2,0.5,0.8,0.045454545454545456,0,1,1,23,151.24090004246682,catalogue-db|catalogue|orders|session-db|user,catalogue-db_container-memory-failures-total,0.9016666666666666,31,31,0.9002150537634409,0.9031182795698924,31,31,31,0.9,baseline-v2-20260723,cd270e7871bd358937d83d9a49829637fa80007d2964084ef229f578e3733bd3,ba75425861a059dafcc477474fc3e4ed1eafdc2b47d6fdd0557337035d29a960,586e2e075f085ac00ffc1686807038a6a2e69736c692096079d53586f66f4943,3527857,1693129654000000000,300
SS/catalogue_loss/3,SS,catalogue,loss,3,300,300,point,0.1,9,0.1,nsigma,1,1.0,1.0,0.0,1,1,1,23,284.47489999234676,catalogue|front-end|queue-master|shipping|orders,catalogue_istio-latency-95,0.9016666666666666,31,31,0.9002150537634409,0.9031182795698924,31,31,31,0.9,baseline-v2-20260723,cd270e7871bd358937d83d9a49829637fa80007d2964084ef229f578e3733bd3,ba75425861a059dafcc477474fc3e4ed1eafdc2b47d6fdd0557337035d29a960,586e2e075f085ac00ffc1686807038a6a2e69736c692096079d53586f66f4943,3527857,1693129654000000000,300
SS/catalogue_loss/3,SS,catalogue,loss,3,300,300,point,0.3,0,0.3,baro,1,1.0,1.0,0.0,1,1,1,23,415.1418000110425,catalogue|shipping|front-end|session-db|queue-master,catalogue_istio-latency-95,0.7014516129032258,31,31,0.6994623655913978,0.7034408602150538,31,31,31,0.7,baseline-v2-20260723,cd270e7871bd358937d83d9a49829637fa80007d2964084ef229f578e3733bd3,ba75425861a059dafcc477474fc3e4ed1eafdc2b47d6fdd0557337035d29a960,586e2e075f085ac00ffc1686807038a6a2e69736c692096079d53586f66f4943,3527857,1693129654000000000,300
SS/catalogue_loss/3,SS,catalogue,loss,3,300,300,point,0.3,0,0.3,median_shift,2,0.5,0.8,0.045454545454545456,0,1,1,23,109.93239999515936,catalogue-db|catalogue|orders|session-db|user,catalogue-db_container-memory-failures-total,0.7014516129032258,31,31,0.6994623655913978,0.7034408602150538,31,31,31,0.7,baseline-v2-20260723,cd270e7871bd358937d83d9a49829637fa80007d2964084ef229f578e3733bd3,ba75425861a059dafcc477474fc3e4ed1eafdc2b47d6fdd0557337035d29a960,586e2e075f085ac00ffc1686807038a6a2e69736c692096079d53586f66f4943,3527857,1693129654000000000,300
SS/catalogue_loss/3,SS,catalogue,loss,3,300,300,point,0.3,0,0.3,nsigma,1,1.0,1.0,0.0,1,1,1,23,341.91940003074706,catalogue|front-end|queue-master|shipping|orders,catalogue_istio-latency-95,0.7014516129032258,31,31,0.6994623655913978,0.7034408602150538,31,31,31,0.7,baseline-v2-20260723,cd270e7871bd358937d83d9a49829637fa80007d2964084ef229f578e3733bd3,ba75425861a059dafcc477474fc3e4ed1eafdc2b47d6fdd0557337035d29a960,586e2e075f085ac00ffc1686807038a6a2e69736c692096079d53586f66f4943,3527857,1693129654000000000,300
SS/catalogue_loss/3,SS,catalogue,loss,3,300,300,point,0.3,1,0.3,baro,1,1.0,1.0,0.0,1,1,1,23,434.4558999873698,catalogue|shipping|front-end|session-db|queue-master,catalogue_istio-latency-95,0.6997849462365592,31,31,0.6961290322580646,0.7034408602150538,31,31,31,0.7,baseline-v2-20260723,cd270e7871bd358937d83d9a49829637fa80007d2964084ef229f578e3733bd3,ba75425861a059dafcc477474fc3e4ed1eafdc2b47d6fdd0557337035d29a960,586e2e075f085ac00ffc1686807038a6a2e69736c692096079d53586f66f4943,3527857,1693129654000000000,300
SS/catalogue_loss/3,SS,catalogue,loss,3,300,300,point,0.3,1,0.3,median_shift,2,0.5,0.8,0.045454545454545456,0,1,1,23,101.08870000112802,catalogue-db|catalogue|orders|session-db|user,catalogue-db_container-memory-failures-total,0.6997849462365592,31,31,0.6961290322580646,0.7034408602150538,31,31,31,0.7,baseline-v2-20260723,cd270e7871bd358937d83d9a49829637fa80007d2964084ef229f578e3733bd3,ba75425861a059dafcc477474fc3e4ed1eafdc2b47d6fdd0557337035d29a960,586e2e075f085ac00ffc1686807038a6a2e69736c692096079d53586f66f4943,3527857,1693129654000000000,300
SS/catalogue_loss/3,SS,catalogue,loss,3,300,300,point,0.3,1,0.3,nsigma,1,1.0,1.0,0.0,1,1,1,23,316.26250001136214,catalogue|front-end|queue-master|shipping|orders,catalogue_istio-latency-95,0.6997849462365592,31,31,0.6961290322580646,0.7034408602150538,31,31,31,0.7,baseline-v2-20260723,cd270e7871bd358937d83d9a49829637fa80007d2964084ef229f578e3733bd3,ba75425861a059dafcc477474fc3e4ed1eafdc2b47d6fdd0557337035d29a960,586e2e075f085ac00ffc1686807038a6a2e69736c692096079d53586f66f4943,3527857,1693129654000000000,300
SS/catalogue_loss/3,SS,catalogue,loss,3,300,300,point,0.3,2,0.3,baro,1,1.0,1.0,0.0,1,1,1,23,457.3107000323944,catalogue|shipping|front-end|session-db|queue-master,catalogue_istio-latency-95,0.6996236559139785,31,31,0.7036559139784946,0.6955913978494623,31,31,31,0.7,baseline-v2-20260723,cd270e7871bd358937d83d9a49829637fa80007d2964084ef229f578e3733bd3,ba75425861a059dafcc477474fc3e4ed1eafdc2b47d6fdd0557337035d29a960,586e2e075f085ac00ffc1686807038a6a2e69736c692096079d53586f66f4943,3527857,1693129654000000000,300
SS/catalogue_loss/3,SS,catalogue,loss,3,300,300,point,0.3,2,0.3,median_shift,2,0.5,0.8,0.045454545454545456,0,1,1,23,112.28589998790994,catalogue-db|catalogue|orders|session-db|user,catalogue-db_container-memory-failures-total,0.6996236559139785,31,31,0.7036559139784946,0.6955913978494623,31,31,31,0.7,baseline-v2-20260723,cd270e7871bd358937d83d9a49829637fa80007d2964084ef229f578e3733bd3,ba75425861a059dafcc477474fc3e4ed1eafdc2b47d6fdd0557337035d29a960,586e2e075f085ac00ffc1686807038a6a2e69736c692096079d53586f66f4943,3527857,1693129654000000000,300
SS/catalogue_loss/3,SS,catalogue,loss,3,300,300,point,0.3,2,0.3,nsigma,1,1.0,1.0,0.0,1,1,1,23,338.99509999901056,catalogue|front-end|queue-master|shipping|orders,catalogue_istio-latency-95,0.6996236559139785,31,31,0.7036559139784946,0.6955913978494623,31,31,31,0.7,baseline-v2-20260723,cd270e7871bd358937d83d9a49829637fa80007d2964084ef229f578e3733bd3,ba75425861a059dafcc477474fc3e4ed1eafdc2b47d6fdd0557337035d29a960,586e2e075f085ac00ffc1686807038a6a2e69736c692096079d53586f66f4943,3527857,1693129654000000000,300
SS/catalogue_loss/3,SS,catalogue,loss,3,300,300,point,0.3,3,0.3,baro,1,1.0,1.0,0.0,1,1,1,23,411.20129998307675,catalogue|shipping|front-end|session-db|queue-master,catalogue_istio-latency-95,0.7011827956989247,31,31,0.704516129032258,0.6978494623655914,31,31,31,0.7,baseline-v2-20260723,cd270e7871bd358937d83d9a49829637fa80007d2964084ef229f578e3733bd3,ba75425861a059dafcc477474fc3e4ed1eafdc2b47d6fdd0557337035d29a960,586e2e075f085ac00ffc1686807038a6a2e69736c692096079d53586f66f4943,3527857,1693129654000000000,300
SS/catalogue_loss/3,SS,catalogue,loss,3,300,300,point,0.3,3,0.3,median_shift,2,0.5,0.8,0.045454545454545456,0,1,1,23,98.42370002297685,catalogue-db|catalogue|orders|session-db|user,catalogue-db_container-memory-failures-total,0.7011827956989247,31,31,0.704516129032258,0.6978494623655914,31,31,31,0.7,baseline-v2-20260723,cd270e7871bd358937d83d9a49829637fa80007d2964084ef229f578e3733bd3,ba75425861a059dafcc477474fc3e4ed1eafdc2b47d6fdd0557337035d29a960,586e2e075f085ac00ffc1686807038a6a2e69736c692096079d53586f66f4943,3527857,1693129654000000000,300
SS/catalogue_loss/3,SS,catalogue,loss,3,300,300,point,0.3,3,0.3,nsigma,1,1.0,1.0,0.0,1,1,1,23,318.29409999772906,catalogue|front-end|queue-master|shipping|orders,catalogue_istio-latency-95,0.7011827956989247,31,31,0.704516129032258,0.6978494623655914,31,31,31,0.7,baseline-v2-20260723,cd270e7871bd358937d83d9a49829637fa80007d2964084ef229f578e3733bd3,ba75425861a059dafcc477474fc3e4ed1eafdc2b47d6fdd0557337035d29a960,586e2e075f085ac00ffc1686807038a6a2e69736c692096079d53586f66f4943,3527857,1693129654000000000,300
SS/catalogue_loss/3,SS,catalogue,loss,3,300,300,point,0.3,4,0.3,baro,1,1.0,1.0,0.0,1,1,1,23,371.29550002282485,catalogue|shipping|front-end|session-db|queue-master,catalogue_istio-latency-95,0.6996236559139785,31,31,0.6953763440860216,0.7038709677419355,31,31,31,0.7,baseline-v2-20260723,cd270e7871bd358937d83d9a49829637fa80007d2964084ef229f578e3733bd3,ba75425861a059dafcc477474fc3e4ed1eafdc2b47d6fdd0557337035d29a960,586e2e075f085ac00ffc1686807038a6a2e69736c692096079d53586f66f4943,3527857,1693129654000000000,300
SS/catalogue_loss/3,SS,catalogue,loss,3,300,300,point,0.3,4,0.3,median_shift,2,0.5,0.8,0.045454545454545456,0,1,1,23,92.21579995937645,catalogue-db|catalogue|orders|session-db|user,catalogue-db_container-memory-failures-total,0.6996236559139785,31,31,0.6953763440860216,0.7038709677419355,31,31,31,0.7,baseline-v2-20260723,cd270e7871bd358937d83d9a49829637fa80007d2964084ef229f578e3733bd3,ba75425861a059dafcc477474fc3e4ed1eafdc2b47d6fdd0557337035d29a960,586e2e075f085ac00ffc1686807038a6a2e69736c692096079d53586f66f4943,3527857,1693129654000000000,300
SS/catalogue_loss/3,SS,catalogue,loss,3,300,300,point,0.3,4,0.3,nsigma,1,1.0,1.0,0.0,1,1,1,23,343.3777000172995,catalogue|front-end|queue-master|shipping|orders,catalogue_istio-latency-95,0.6996236559139785,31,31,0.6953763440860216,0.7038709677419355,31,31,31,0.7,baseline-v2-20260723,cd270e7871bd358937d83d9a49829637fa80007d2964084ef229f578e3733bd3,ba75425861a059dafcc477474fc3e4ed1eafdc2b47d6fdd0557337035d29a960,586e2e075f085ac00ffc1686807038a6a2e69736c692096079d53586f66f4943,3527857,1693129654000000000,300
SS/catalogue_loss/3,SS,catalogue,loss,3,300,300,point,0.3,5,0.3,baro,1,1.0,1.0,0.0,1,1,1,23,356.7280000424944,catalogue|shipping|front-end|session-db|queue-master,catalogue_istio-latency-95,0.6956989247311828,31,31,0.6968817204301075,0.694516129032258,31,31,31,0.7,baseline-v2-20260723,cd270e7871bd358937d83d9a49829637fa80007d2964084ef229f578e3733bd3,ba75425861a059dafcc477474fc3e4ed1eafdc2b47d6fdd0557337035d29a960,586e2e075f085ac00ffc1686807038a6a2e69736c692096079d53586f66f4943,3527857,1693129654000000000,300
SS/catalogue_loss/3,SS,catalogue,loss,3,300,300,point,0.3,5,0.3,median_shift,2,0.5,0.8,0.045454545454545456,0,1,1,23,85.94810002250597,catalogue-db|catalogue|orders|session-db|user,catalogue-db_container-memory-failures-total,0.6956989247311828,31,31,0.6968817204301075,0.694516129032258,31,31,31,0.7,baseline-v2-20260723,cd270e7871bd358937d83d9a49829637fa80007d2964084ef229f578e3733bd3,ba75425861a059dafcc477474fc3e4ed1eafdc2b47d6fdd0557337035d29a960,586e2e075f085ac00ffc1686807038a6a2e69736c692096079d53586f66f4943,3527857,1693129654000000000,300
SS/catalogue_loss/3,SS,catalogue,loss,3,300,300,point,0.3,5,0.3,nsigma,1,1.0,1.0,0.0,1,1,1,23,325.8826000383124,catalogue|front-end|queue-master|shipping|orders,catalogue_istio-latency-95,0.6956989247311828,31,31,0.6968817204301075,0.694516129032258,31,31,31,0.7,baseline-v2-20260723,cd270e7871bd358937d83d9a49829637fa80007d2964084ef229f578e3733bd3,ba75425861a059dafcc477474fc3e4ed1eafdc2b47d6fdd0557337035d29a960,586e2e075f085ac00ffc1686807038a6a2e69736c692096079d53586f66f4943,3527857,1693129654000000000,300
SS/catalogue_loss/3,SS,catalogue,loss,3,300,300,point,0.3,6,0.3,baro,1,1.0,1.0,0.0,1,1,1,23,353.2769000157714,catalogue|shipping|front-end|session-db|queue-master,catalogue_istio-latency-95,0.7031720430107526,31,31,0.7054838709677419,0.7008602150537634,31,31,31,0.7,baseline-v2-20260723,cd270e7871bd358937d83d9a49829637fa80007d2964084ef229f578e3733bd3,ba75425861a059dafcc477474fc3e4ed1eafdc2b47d6fdd0557337035d29a960,586e2e075f085ac00ffc1686807038a6a2e69736c692096079d53586f66f4943,3527857,1693129654000000000,300
SS/catalogue_loss/3,SS,catalogue,loss,3,300,300,point,0.3,6,0.3,median_shift,2,0.5,0.8,0.045454545454545456,0,1,1,23,105.33699998632073,catalogue-db|catalogue|orders|session-db|user,catalogue-db_container-memory-failures-total,0.7031720430107526,31,31,0.7054838709677419,0.7008602150537634,31,31,31,0.7,baseline-v2-20260723,cd270e7871bd358937d83d9a49829637fa80007d2964084ef229f578e3733bd3,ba75425861a059dafcc477474fc3e4ed1eafdc2b47d6fdd0557337035d29a960,586e2e075f085ac00ffc1686807038a6a2e69736c692096079d53586f66f4943,3527857,1693129654000000000,300
SS/catalogue_loss/3,SS,catalogue,loss,3,300,300,point,0.3,6,0.3,nsigma,1,1.0,1.0,0.0,1,1,1,23,259.90229996386915,catalogue|front-end|queue-master|shipping|orders,catalogue_istio-latency-95,0.7031720430107526,31,31,0.7054838709677419,0.7008602150537634,31,31,31,0.7,baseline-v2-20260723,cd270e7871bd358937d83d9a49829637fa80007d2964084ef229f578e3733bd3,ba75425861a059dafcc477474fc3e4ed1eafdc2b47d6fdd0557337035d29a960,586e2e075f085ac00ffc1686807038a6a2e69736c692096079d53586f66f4943,3527857,1693129654000000000,300
SS/catalogue_loss/3,SS,catalogue,loss,3,300,300,point,0.3,7,0.3,baro,1,1.0,1.0,0.0,1,1,1,23,363.11459995340556,catalogue|shipping|front-end|session-db|queue-master,catalogue_istio-latency-95,0.7018279569892473,31,31,0.7006451612903226,0.703010752688172,31,31,31,0.7,baseline-v2-20260723,cd270e7871bd358937d83d9a49829637fa80007d2964084ef229f578e3733bd3,ba75425861a059dafcc477474fc3e4ed1eafdc2b47d6fdd0557337035d29a960,586e2e075f085ac00ffc1686807038a6a2e69736c692096079d53586f66f4943,3527857,1693129654000000000,300
SS/catalogue_loss/3,SS,catalogue,loss,3,300,300,point,0.3,7,0.3,median_shift,2,0.5,0.8,0.045454545454545456,0,1,1,23,118.63090004771948,catalogue-db|catalogue|orders|session-db|user,catalogue-db_container-memory-failures-total,0.7018279569892473,31,31,0.7006451612903226,0.703010752688172,31,31,31,0.7,baseline-v2-20260723,cd270e7871bd358937d83d9a49829637fa80007d2964084ef229f578e3733bd3,ba75425861a059dafcc477474fc3e4ed1eafdc2b47d6fdd0557337035d29a960,586e2e075f085ac00ffc1686807038a6a2e69736c692096079d53586f66f4943,3527857,1693129654000000000,300
SS/catalogue_loss/3,SS,catalogue,loss,3,300,300,point,0.3,7,0.3,nsigma,1,1.0,1.0,0.0,1,1,1,23,300.8170000393875,catalogue|front-end|queue-master|shipping|orders,catalogue_istio-latency-95,0.7018279569892473,31,31,0.7006451612903226,0.703010752688172,31,31,31,0.7,baseline-v2-20260723,cd270e7871bd358937d83d9a49829637fa80007d2964084ef229f578e3733bd3,ba75425861a059dafcc477474fc3e4ed1eafdc2b47d6fdd0557337035d29a960,586e2e075f085ac00ffc1686807038a6a2e69736c692096079d53586f66f4943,3527857,1693129654000000000,300
SS/catalogue_loss/3,SS,catalogue,loss,3,300,300,point,0.3,8,0.3,baro,1,1.0,1.0,0.0,1,1,1,23,331.7356999614276,catalogue|shipping|front-end|session-db|queue-master,catalogue_istio-latency-95,0.7025806451612904,31,31,0.7044086021505377,0.7007526881720431,31,31,31,0.7,baseline-v2-20260723,cd270e7871bd358937d83d9a49829637fa80007d2964084ef229f578e3733bd3,ba75425861a059dafcc477474fc3e4ed1eafdc2b47d6fdd0557337035d29a960,586e2e075f085ac00ffc1686807038a6a2e69736c692096079d53586f66f4943,3527857,1693129654000000000,300
SS/catalogue_loss/3,SS,catalogue,loss,3,300,300,point,0.3,8,0.3,median_shift,2,0.5,0.8,0.045454545454545456,0,1,1,23,109.19500002637506,catalogue-db|catalogue|orders|session-db|user,catalogue-db_container-memory-failures-total,0.7025806451612904,31,31,0.7044086021505377,0.7007526881720431,31,31,31,0.7,baseline-v2-20260723,cd270e7871bd358937d83d9a49829637fa80007d2964084ef229f578e3733bd3,ba75425861a059dafcc477474fc3e4ed1eafdc2b47d6fdd0557337035d29a960,586e2e075f085ac00ffc1686807038a6a2e69736c692096079d53586f66f4943,3527857,1693129654000000000,300
SS/catalogue_loss/3,SS,catalogue,loss,3,300,300,point,0.3,8,0.3,nsigma,1,1.0,1.0,0.0,1,1,1,23,337.50369999324903,catalogue|front-end|queue-master|shipping|orders,catalogue_istio-latency-95,0.7025806451612904,31,31,0.7044086021505377,0.7007526881720431,31,31,31,0.7,baseline-v2-20260723,cd270e7871bd358937d83d9a49829637fa80007d2964084ef229f578e3733bd3,ba75425861a059dafcc477474fc3e4ed1eafdc2b47d6fdd0557337035d29a960,586e2e075f085ac00ffc1686807038a6a2e69736c692096079d53586f66f4943,3527857,1693129654000000000,300
SS/catalogue_loss/3,SS,catalogue,loss,3,300,300,point,0.3,9,0.3,baro,1,1.0,1.0,0.0,1,1,1,23,325.6565000046976,catalogue|shipping|front-end|session-db|queue-master,catalogue_istio-latency-95,0.7038709677419355,31,31,0.707741935483871,0.7,31,31,31,0.7,baseline-v2-20260723,cd270e7871bd358937d83d9a49829637fa80007d2964084ef229f578e3733bd3,ba75425861a059dafcc477474fc3e4ed1eafdc2b47d6fdd0557337035d29a960,586e2e075f085ac00ffc1686807038a6a2e69736c692096079d53586f66f4943,3527857,1693129654000000000,300
SS/catalogue_loss/3,SS,catalogue,loss,3,300,300,point,0.3,9,0.3,median_shift,2,0.5,0.8,0.045454545454545456,0,1,1,23,86.99629997136071,catalogue-db|catalogue|orders|session-db|user,catalogue-db_container-memory-failures-total,0.7038709677419355,31,31,0.707741935483871,0.7,31,31,31,0.7,baseline-v2-20260723,cd270e7871bd358937d83d9a49829637fa80007d2964084ef229f578e3733bd3,ba75425861a059dafcc477474fc3e4ed1eafdc2b47d6fdd0557337035d29a960,586e2e075f085ac00ffc1686807038a6a2e69736c692096079d53586f66f4943,3527857,1693129654000000000,300
SS/catalogue_loss/3,SS,catalogue,loss,3,300,300,point,0.3,9,0.3,nsigma,1,1.0,1.0,0.0,1,1,1,23,306.7542999633588,catalogue|front-end|queue-master|shipping|orders,catalogue_istio-latency-95,0.7038709677419355,31,31,0.707741935483871,0.7,31,31,31,0.7,baseline-v2-20260723,cd270e7871bd358937d83d9a49829637fa80007d2964084ef229f578e3733bd3,ba75425861a059dafcc477474fc3e4ed1eafdc2b47d6fdd0557337035d29a960,586e2e075f085ac00ffc1686807038a6a2e69736c692096079d53586f66f4943,3527857,1693129654000000000,300
SS/catalogue_loss/3,SS,catalogue,loss,3,300,300,point,0.5,0,0.5,baro,1,1.0,1.0,0.0,1,1,1,23,343.3294999995269,catalogue|front-end|shipping|session-db|queue-master,catalogue_istio-latency-95,0.49983870967741933,31,31,0.5010752688172043,0.4986021505376344,31,31,31,0.5,baseline-v2-20260723,cd270e7871bd358937d83d9a49829637fa80007d2964084ef229f578e3733bd3,ba75425861a059dafcc477474fc3e4ed1eafdc2b47d6fdd0557337035d29a960,586e2e075f085ac00ffc1686807038a6a2e69736c692096079d53586f66f4943,3527857,1693129654000000000,300
SS/catalogue_loss/3,SS,catalogue,loss,3,300,300,point,0.5,0,0.5,median_shift,2,0.5,0.8,0.045454545454545456,0,1,1,23,90.16109997173771,catalogue-db|catalogue|orders|session-db|user,catalogue-db_container-memory-failures-total,0.49983870967741933,31,31,0.5010752688172043,0.4986021505376344,31,31,31,0.5,baseline-v2-20260723,cd270e7871bd358937d83d9a49829637fa80007d2964084ef229f578e3733bd3,ba75425861a059dafcc477474fc3e4ed1eafdc2b47d6fdd0557337035d29a960,586e2e075f085ac00ffc1686807038a6a2e69736c692096079d53586f66f4943,3527857,1693129654000000000,300
SS/catalogue_loss/3,SS,catalogue,loss,3,300,300,point,0.5,0,0.5,nsigma,1,1.0,1.0,0.0,1,1,1,23,384.13080002646893,catalogue|front-end|queue-master|shipping|orders,catalogue_istio-latency-95,0.49983870967741933,31,31,0.5010752688172043,0.4986021505376344,31,31,31,0.5,baseline-v2-20260723,cd270e7871bd358937d83d9a49829637fa80007d2964084ef229f578e3733bd3,ba75425861a059dafcc477474fc3e4ed1eafdc2b47d6fdd0557337035d29a960,586e2e075f085ac00ffc1686807038a6a2e69736c692096079d53586f66f4943,3527857,1693129654000000000,300
SS/catalogue_loss/3,SS,catalogue,loss,3,300,300,point,0.5,1,0.5,baro,1,1.0,1.0,0.0,1,1,1,23,385.47929999185726,catalogue|shipping|front-end|session-db|queue-master,catalogue_istio-latency-95,0.4988709677419355,31,31,0.4962365591397849,0.501505376344086,31,31,31,0.5,baseline-v2-20260723,cd270e7871bd358937d83d9a49829637fa80007d2964084ef229f578e3733bd3,ba75425861a059dafcc477474fc3e4ed1eafdc2b47d6fdd0557337035d29a960,586e2e075f085ac00ffc1686807038a6a2e69736c692096079d53586f66f4943,3527857,1693129654000000000,300
SS/catalogue_loss/3,SS,catalogue,loss,3,300,300,point,0.5,1,0.5,median_shift,2,0.5,0.8,0.045454545454545456,0,1,1,23,122.78759997570887,catalogue-db|catalogue|orders|session-db|user,catalogue-db_container-memory-failures-total,0.4988709677419355,31,31,0.4962365591397849,0.501505376344086,31,31,31,0.5,baseline-v2-20260723,cd270e7871bd358937d83d9a49829637fa80007d2964084ef229f578e3733bd3,ba75425861a059dafcc477474fc3e4ed1eafdc2b47d6fdd0557337035d29a960,586e2e075f085ac00ffc1686807038a6a2e69736c692096079d53586f66f4943,3527857,1693129654000000000,300
SS/catalogue_loss/3,SS,catalogue,loss,3,300,300,point,0.5,1,0.5,nsigma,1,1.0,1.0,0.0,1,1,1,23,361.8125999928452,catalogue|front-end|queue-master|shipping|orders,catalogue_istio-latency-95,0.4988709677419355,31,31,0.4962365591397849,0.501505376344086,31,31,31,0.5,baseline-v2-20260723,cd270e7871bd358937d83d9a49829637fa80007d2964084ef229f578e3733bd3,ba75425861a059dafcc477474fc3e4ed1eafdc2b47d6fdd0557337035d29a960,586e2e075f085ac00ffc1686807038a6a2e69736c692096079d53586f66f4943,3527857,1693129654000000000,300
SS/catalogue_loss/3,SS,catalogue,loss,3,300,300,point,0.5,2,0.5,baro,1,1.0,1.0,0.0,1,1,1,23,375.648999994155,catalogue|shipping|front-end|session-db|queue-master,catalogue_istio-latency-95,0.4993548387096774,31,31,0.49946236559139784,0.499247311827957,31,31,31,0.5,baseline-v2-20260723,cd270e7871bd358937d83d9a49829637fa80007d2964084ef229f578e3733bd3,ba75425861a059dafcc477474fc3e4ed1eafdc2b47d6fdd0557337035d29a960,586e2e075f085ac00ffc1686807038a6a2e69736c692096079d53586f66f4943,3527857,1693129654000000000,300
SS/catalogue_loss/3,SS,catalogue,loss,3,300,300,point,0.5,2,0.5,median_shift,2,0.5,0.8,0.045454545454545456,0,1,1,23,107.91010002139956,catalogue-db|catalogue|orders|session-db|user,catalogue-db_container-memory-failures-total,0.4993548387096774,31,31,0.49946236559139784,0.499247311827957,31,31,31,0.5,baseline-v2-20260723,cd270e7871bd358937d83d9a49829637fa80007d2964084ef229f578e3733bd3,ba75425861a059dafcc477474fc3e4ed1eafdc2b47d6fdd0557337035d29a960,586e2e075f085ac00ffc1686807038a6a2e69736c692096079d53586f66f4943,3527857,1693129654000000000,300
SS/catalogue_loss/3,SS,catalogue,loss,3,300,300,point,0.5,2,0.5,nsigma,1,1.0,1.0,0.0,1,1,1,23,275.9319000178948,catalogue|front-end|queue-master|shipping|orders,catalogue_istio-latency-95,0.4993548387096774,31,31,0.49946236559139784,0.499247311827957,31,31,31,0.5,baseline-v2-20260723,cd270e7871bd358937d83d9a49829637fa80007d2964084ef229f578e3733bd3,ba75425861a059dafcc477474fc3e4ed1eafdc2b47d6fdd0557337035d29a960,586e2e075f085ac00ffc1686807038a6a2e69736c692096079d53586f66f4943,3527857,1693129654000000000,300
SS/catalogue_loss/3,SS,catalogue,loss,3,300,300,point,0.5,3,0.5,baro,1,1.0,1.0,0.0,1,1,1,23,366.40959995565936,catalogue|shipping|front-end|session-db|queue-master,catalogue_istio-latency-95,0.4931720430107527,31,31,0.5008602150537634,0.4854838709677419,31,31,31,0.5,baseline-v2-20260723,cd270e7871bd358937d83d9a49829637fa80007d2964084ef229f578e3733bd3,ba75425861a059dafcc477474fc3e4ed1eafdc2b47d6fdd0557337035d29a960,586e2e075f085ac00ffc1686807038a6a2e69736c692096079d53586f66f4943,3527857,1693129654000000000,300
SS/catalogue_loss/3,SS,catalogue,loss,3,300,300,point,0.5,3,0.5,median_shift,2,0.5,0.8,0.045454545454545456,0,1,1,23,121.8654999975115,catalogue-db|catalogue|orders|session-db|user,catalogue-db_container-memory-failures-total,0.4931720430107527,31,31,0.5008602150537634,0.4854838709677419,31,31,31,0.5,baseline-v2-20260723,cd270e7871bd358937d83d9a49829637fa80007d2964084ef229f578e3733bd3,ba75425861a059dafcc477474fc3e4ed1eafdc2b47d6fdd0557337035d29a960,586e2e075f085ac00ffc1686807038a6a2e69736c692096079d53586f66f4943,3527857,1693129654000000000,300
SS/catalogue_loss/3,SS,catalogue,loss,3,300,300,point,0.5,3,0.5,nsigma,1,1.0,1.0,0.0,1,1,1,23,282.609699992463,catalogue|front-end|queue-master|shipping|orders,catalogue_istio-latency-95,0.4931720430107527,31,31,0.5008602150537634,0.4854838709677419,31,31,31,0.5,baseline-v2-20260723,cd270e7871bd358937d83d9a49829637fa80007d2964084ef229f578e3733bd3,ba75425861a059dafcc477474fc3e4ed1eafdc2b47d6fdd0557337035d29a960,586e2e075f085ac00ffc1686807038a6a2e69736c692096079d53586f66f4943,3527857,1693129654000000000,300
SS/catalogue_loss/3,SS,catalogue,loss,3,300,300,point,0.5,4,0.5,baro,1,1.0,1.0,0.0,1,1,1,23,404.4139999896288,catalogue|front-end|shipping|session-db|queue-master,catalogue_istio-latency-95,0.5014516129032258,31,31,0.4995698924731183,0.5033333333333333,31,31,31,0.5,baseline-v2-20260723,cd270e7871bd358937d83d9a49829637fa80007d2964084ef229f578e3733bd3,ba75425861a059dafcc477474fc3e4ed1eafdc2b47d6fdd0557337035d29a960,586e2e075f085ac00ffc1686807038a6a2e69736c692096079d53586f66f4943,3527857,1693129654000000000,300
SS/catalogue_loss/3,SS,catalogue,loss,3,300,300,point,0.5,4,0.5,median_shift,2,0.5,0.8,0.045454545454545456,0,1,1,23,102.47309994883835,catalogue-db|catalogue|orders|session-db|user,catalogue-db_container-memory-failures-total,0.5014516129032258,31,31,0.4995698924731183,0.5033333333333333,31,31,31,0.5,baseline-v2-20260723,cd270e7871bd358937d83d9a49829637fa80007d2964084ef229f578e3733bd3,ba75425861a059dafcc477474fc3e4ed1eafdc2b47d6fdd0557337035d29a960,586e2e075f085ac00ffc1686807038a6a2e69736c692096079d53586f66f4943,3527857,1693129654000000000,300
SS/catalogue_loss/3,SS,catalogue,loss,3,300,300,point,0.5,4,0.5,nsigma,1,1.0,1.0,0.0,1,1,1,23,270.92360000824556,catalogue|front-end|queue-master|shipping|orders,catalogue_istio-latency-95,0.5014516129032258,31,31,0.4995698924731183,0.5033333333333333,31,31,31,0.5,baseline-v2-20260723,cd270e7871bd358937d83d9a49829637fa80007d2964084ef229f578e3733bd3,ba75425861a059dafcc477474fc3e4ed1eafdc2b47d6fdd0557337035d29a960,586e2e075f085ac00ffc1686807038a6a2e69736c692096079d53586f66f4943,3527857,1693129654000000000,300
SS/catalogue_loss/3,SS,catalogue,loss,3,300,300,point,0.5,5,0.5,baro,1,1.0,1.0,0.0,1,1,1,23,345.78289999626577,catalogue|shipping|front-end|session-db|queue-master,catalogue_istio-latency-95,0.5010752688172043,31,31,0.49290322580645163,0.509247311827957,31,31,31,0.5,baseline-v2-20260723,cd270e7871bd358937d83d9a49829637fa80007d2964084ef229f578e3733bd3,ba75425861a059dafcc477474fc3e4ed1eafdc2b47d6fdd0557337035d29a960,586e2e075f085ac00ffc1686807038a6a2e69736c692096079d53586f66f4943,3527857,1693129654000000000,300
SS/catalogue_loss/3,SS,catalogue,loss,3,300,300,point,0.5,5,0.5,median_shift,2,0.5,0.8,0.045454545454545456,0,1,1,23,113.62229997757822,catalogue-db|catalogue|orders|session-db|user,catalogue-db_container-memory-failures-total,0.5010752688172043,31,31,0.49290322580645163,0.509247311827957,31,31,31,0.5,baseline-v2-20260723,cd270e7871bd358937d83d9a49829637fa80007d2964084ef229f578e3733bd3,ba75425861a059dafcc477474fc3e4ed1eafdc2b47d6fdd0557337035d29a960,586e2e075f085ac00ffc1686807038a6a2e69736c692096079d53586f66f4943,3527857,1693129654000000000,300
SS/catalogue_loss/3,SS,catalogue,loss,3,300,300,point,0.5,5,0.5,nsigma,1,1.0,1.0,0.0,1,1,1,23,254.1209000046365,catalogue|front-end|queue-master|shipping|orders,catalogue_istio-latency-95,0.5010752688172043,31,31,0.49290322580645163,0.509247311827957,31,31,31,0.5,baseline-v2-20260723,cd270e7871bd358937d83d9a49829637fa80007d2964084ef229f578e3733bd3,ba75425861a059dafcc477474fc3e4ed1eafdc2b47d6fdd0557337035d29a960,586e2e075f085ac00ffc1686807038a6a2e69736c692096079d53586f66f4943,3527857,1693129654000000000,300
SS/catalogue_loss/3,SS,catalogue,loss,3,300,300,point,0.5,6,0.5,baro,1,1.0,1.0,0.0,1,1,1,23,376.9534999737516,catalogue|shipping|front-end|session-db|queue-master,catalogue_istio-latency-95,0.5009139784946236,31,31,0.499247311827957,0.5025806451612903,31,31,31,0.5,baseline-v2-20260723,cd270e7871bd358937d83d9a49829637fa80007d2964084ef229f578e3733bd3,ba75425861a059dafcc477474fc3e4ed1eafdc2b47d6fdd0557337035d29a960,586e2e075f085ac00ffc1686807038a6a2e69736c692096079d53586f66f4943,3527857,1693129654000000000,300
SS/catalogue_loss/3,SS,catalogue,loss,3,300,300,point,0.5,6,0.5,median_shift,2,0.5,0.8,0.045454545454545456,0,1,1,23,132.35780003014952,catalogue-db|catalogue|orders|session-db|shipping,catalogue-db_container-memory-failures-total,0.5009139784946236,31,31,0.499247311827957,0.5025806451612903,31,31,31,0.5,baseline-v2-20260723,cd270e7871bd358937d83d9a49829637fa80007d2964084ef229f578e3733bd3,ba75425861a059dafcc477474fc3e4ed1eafdc2b47d6fdd0557337035d29a960,586e2e075f085ac00ffc1686807038a6a2e69736c692096079d53586f66f4943,3527857,1693129654000000000,300
SS/catalogue_loss/3,SS,catalogue,loss,3,300,300,point,0.5,6,0.5,nsigma,1,1.0,1.0,0.0,1,1,1,23,327.3892999859527,catalogue|front-end|queue-master|shipping|orders,catalogue_istio-latency-95,0.5009139784946236,31,31,0.499247311827957,0.5025806451612903,31,31,31,0.5,baseline-v2-20260723,cd270e7871bd358937d83d9a49829637fa80007d2964084ef229f578e3733bd3,ba75425861a059dafcc477474fc3e4ed1eafdc2b47d6fdd0557337035d29a960,586e2e075f085ac00ffc1686807038a6a2e69736c692096079d53586f66f4943,3527857,1693129654000000000,300
SS/catalogue_loss/3,SS,catalogue,loss,3,300,300,point,0.5,7,0.5,baro,1,1.0,1.0,0.0,1,1,1,23,364.48119999840856,catalogue|shipping|front-end|session-db|queue-master,catalogue_istio-latency-95,0.49629032258064515,31,31,0.49870967741935485,0.4938709677419355,31,31,31,0.5,baseline-v2-20260723,cd270e7871bd358937d83d9a49829637fa80007d2964084ef229f578e3733bd3,ba75425861a059dafcc477474fc3e4ed1eafdc2b47d6fdd0557337035d29a960,586e2e075f085ac00ffc1686807038a6a2e69736c692096079d53586f66f4943,3527857,1693129654000000000,300
SS/catalogue_loss/3,SS,catalogue,loss,3,300,300,point,0.5,7,0.5,median_shift,2,0.5,0.8,0.045454545454545456,0,1,1,23,85.81509999930859,catalogue-db|catalogue|orders|session-db|user,catalogue-db_container-memory-failures-total,0.49629032258064515,31,31,0.49870967741935485,0.4938709677419355,31,31,31,0.5,baseline-v2-20260723,cd270e7871bd358937d83d9a49829637fa80007d2964084ef229f578e3733bd3,ba75425861a059dafcc477474fc3e4ed1eafdc2b47d6fdd0557337035d29a960,586e2e075f085ac00ffc1686807038a6a2e69736c692096079d53586f66f4943,3527857,1693129654000000000,300
SS/catalogue_loss/3,SS,catalogue,loss,3,300,300,point,0.5,7,0.5,nsigma,1,1.0,1.0,0.0,1,1,1,23,353.4292000113055,catalogue|front-end|queue-master|shipping|orders,catalogue_istio-latency-95,0.49629032258064515,31,31,0.49870967741935485,0.4938709677419355,31,31,31,0.5,baseline-v2-20260723,cd270e7871bd358937d83d9a49829637fa80007d2964084ef229f578e3733bd3,ba75425861a059dafcc477474fc3e4ed1eafdc2b47d6fdd0557337035d29a960,586e2e075f085ac00ffc1686807038a6a2e69736c692096079d53586f66f4943,3527857,1693129654000000000,300
SS/catalogue_loss/3,SS,catalogue,loss,3,300,300,point,0.5,8,0.5,baro,1,1.0,1.0,0.0,1,1,1,23,384.61999996798113,catalogue|shipping|front-end|session-db|queue-master,catalogue_istio-latency-95,0.493010752688172,31,31,0.49548387096774194,0.49053763440860215,31,31,31,0.5,baseline-v2-20260723,cd270e7871bd358937d83d9a49829637fa80007d2964084ef229f578e3733bd3,ba75425861a059dafcc477474fc3e4ed1eafdc2b47d6fdd0557337035d29a960,586e2e075f085ac00ffc1686807038a6a2e69736c692096079d53586f66f4943,3527857,1693129654000000000,300
SS/catalogue_loss/3,SS,catalogue,loss,3,300,300,point,0.5,8,0.5,median_shift,2,0.5,0.8,0.045454545454545456,0,1,1,23,92.29040000354871,catalogue-db|catalogue|orders|session-db|user,catalogue-db_container-memory-failures-total,0.493010752688172,31,31,0.49548387096774194,0.49053763440860215,31,31,31,0.5,baseline-v2-20260723,cd270e7871bd358937d83d9a49829637fa80007d2964084ef229f578e3733bd3,ba75425861a059dafcc477474fc3e4ed1eafdc2b47d6fdd0557337035d29a960,586e2e075f085ac00ffc1686807038a6a2e69736c692096079d53586f66f4943,3527857,1693129654000000000,300
SS/catalogue_loss/3,SS,catalogue,loss,3,300,300,point,0.5,8,0.5,nsigma,1,1.0,1.0,0.0,1,1,1,23,275.0723999924958,catalogue|front-end|queue-master|shipping|orders,catalogue_istio-latency-95,0.493010752688172,31,31,0.49548387096774194,0.49053763440860215,31,31,31,0.5,baseline-v2-20260723,cd270e7871bd358937d83d9a49829637fa80007d2964084ef229f578e3733bd3,ba75425861a059dafcc477474fc3e4ed1eafdc2b47d6fdd0557337035d29a960,586e2e075f085ac00ffc1686807038a6a2e69736c692096079d53586f66f4943,3527857,1693129654000000000,300
SS/catalogue_loss/3,SS,catalogue,loss,3,300,300,point,0.5,9,0.5,baro,1,1.0,1.0,0.0,1,1,1,23,352.39549999823794,catalogue|shipping|front-end|session-db|queue-master,catalogue_istio-latency-95,0.4945698924731183,31,31,0.49516129032258066,0.4939784946236559,31,31,31,0.5,baseline-v2-20260723,cd270e7871bd358937d83d9a49829637fa80007d2964084ef229f578e3733bd3,ba75425861a059dafcc477474fc3e4ed1eafdc2b47d6fdd0557337035d29a960,586e2e075f085ac00ffc1686807038a6a2e69736c692096079d53586f66f4943,3527857,1693129654000000000,300
SS/catalogue_loss/3,SS,catalogue,loss,3,300,300,point,0.5,9,0.5,median_shift,2,0.5,0.8,0.045454545454545456,0,1,1,23,96.72480000881478,catalogue-db|catalogue|orders|session-db|user,catalogue-db_container-memory-failures-total,0.4945698924731183,31,31,0.49516129032258066,0.4939784946236559,31,31,31,0.5,baseline-v2-20260723,cd270e7871bd358937d83d9a49829637fa80007d2964084ef229f578e3733bd3,ba75425861a059dafcc477474fc3e4ed1eafdc2b47d6fdd0557337035d29a960,586e2e075f085ac00ffc1686807038a6a2e69736c692096079d53586f66f4943,3527857,1693129654000000000,300
SS/catalogue_loss/3,SS,catalogue,loss,3,300,300,point,0.5,9,0.5,nsigma,1,1.0,1.0,0.0,1,1,1,23,293.779400002677,catalogue|front-end|queue-master|shipping|orders,catalogue_istio-latency-95,0.4945698924731183,31,31,0.49516129032258066,0.4939784946236559,31,31,31,0.5,baseline-v2-20260723,cd270e7871bd358937d83d9a49829637fa80007d2964084ef229f578e3733bd3,ba75425861a059dafcc477474fc3e4ed1eafdc2b47d6fdd0557337035d29a960,586e2e075f085ac00ffc1686807038a6a2e69736c692096079d53586f66f4943,3527857,1693129654000000000,300
SS/catalogue_loss/3,SS,catalogue,loss,3,300,300,stream,0.1,0,0.1004566210045662,baro,1,1.0,1.0,0.0,1,1,1,23,335.86969994939864,catalogue|shipping|front-end|session-db|queue-master,catalogue_istio-latency-95,0.8709677419354839,27,31,0.8709677419354839,0.8709677419354839,27,27,27,0.8995433789954338,baseline-v2-20260723,cd270e7871bd358937d83d9a49829637fa80007d2964084ef229f578e3733bd3,ba75425861a059dafcc477474fc3e4ed1eafdc2b47d6fdd0557337035d29a960,586e2e075f085ac00ffc1686807038a6a2e69736c692096079d53586f66f4943,3527857,1693129654000000000,300
SS/catalogue_loss/3,SS,catalogue,loss,3,300,300,stream,0.1,0,0.1004566210045662,median_shift,2,0.5,0.8,0.045454545454545456,0,1,1,23,101.72169998986647,catalogue-db|catalogue|orders|session-db|user,catalogue-db_container-memory-failures-total,0.8709677419354839,27,31,0.8709677419354839,0.8709677419354839,27,27,27,0.8995433789954338,baseline-v2-20260723,cd270e7871bd358937d83d9a49829637fa80007d2964084ef229f578e3733bd3,ba75425861a059dafcc477474fc3e4ed1eafdc2b47d6fdd0557337035d29a960,586e2e075f085ac00ffc1686807038a6a2e69736c692096079d53586f66f4943,3527857,1693129654000000000,300
SS/catalogue_loss/3,SS,catalogue,loss,3,300,300,stream,0.1,0,0.1004566210045662,nsigma,1,1.0,1.0,0.0,1,1,1,23,292.21669997787103,catalogue|front-end|queue-master|shipping|orders,catalogue_istio-latency-95,0.8709677419354839,27,31,0.8709677419354839,0.8709677419354839,27,27,27,0.8995433789954338,baseline-v2-20260723,cd270e7871bd358937d83d9a49829637fa80007d2964084ef229f578e3733bd3,ba75425861a059dafcc477474fc3e4ed1eafdc2b47d6fdd0557337035d29a960,586e2e075f085ac00ffc1686807038a6a2e69736c692096079d53586f66f4943,3527857,1693129654000000000,300
SS/catalogue_loss/3,SS,catalogue,loss,3,300,300,stream,0.1,1,0.1004566210045662,baro,1,1.0,1.0,0.0,1,1,1,23,360.8613000251353,catalogue|shipping|front-end|session-db|queue-master,catalogue_istio-latency-95,0.8709677419354839,27,31,0.8709677419354839,0.8709677419354839,27,27,27,0.8995433789954338,baseline-v2-20260723,cd270e7871bd358937d83d9a49829637fa80007d2964084ef229f578e3733bd3,ba75425861a059dafcc477474fc3e4ed1eafdc2b47d6fdd0557337035d29a960,586e2e075f085ac00ffc1686807038a6a2e69736c692096079d53586f66f4943,3527857,1693129654000000000,300
SS/catalogue_loss/3,SS,catalogue,loss,3,300,300,stream,0.1,1,0.1004566210045662,median_shift,1,1.0,1.0,0.0,1,1,1,23,125.04649994662032,catalogue|session-db|user|queue-master|catalogue-db,catalogue_container-memory-max-usage-bytes,0.8709677419354839,27,31,0.8709677419354839,0.8709677419354839,27,27,27,0.8995433789954338,baseline-v2-20260723,cd270e7871bd358937d83d9a49829637fa80007d2964084ef229f578e3733bd3,ba75425861a059dafcc477474fc3e4ed1eafdc2b47d6fdd0557337035d29a960,586e2e075f085ac00ffc1686807038a6a2e69736c692096079d53586f66f4943,3527857,1693129654000000000,300
SS/catalogue_loss/3,SS,catalogue,loss,3,300,300,stream,0.1,1,0.1004566210045662,nsigma,1,1.0,1.0,0.0,1,1,1,23,262.397599988617,catalogue|front-end|queue-master|shipping|orders,catalogue_istio-latency-95,0.8709677419354839,27,31,0.8709677419354839,0.8709677419354839,27,27,27,0.8995433789954338,baseline-v2-20260723,cd270e7871bd358937d83d9a49829637fa80007d2964084ef229f578e3733bd3,ba75425861a059dafcc477474fc3e4ed1eafdc2b47d6fdd0557337035d29a960,586e2e075f085ac00ffc1686807038a6a2e69736c692096079d53586f66f4943,3527857,1693129654000000000,300
SS/catalogue_loss/3,SS,catalogue,loss,3,300,300,stream,0.1,2,0.1004566210045662,baro,1,1.0,1.0,0.0,1,1,1,23,371.6876999824308,catalogue|shipping|session-db|front-end|orders,catalogue_istio-latency-95,0.8709677419354839,27,31,0.8709677419354839,0.8709677419354839,27,27,27,0.8995433789954338,baseline-v2-20260723,cd270e7871bd358937d83d9a49829637fa80007d2964084ef229f578e3733bd3,ba75425861a059dafcc477474fc3e4ed1eafdc2b47d6fdd0557337035d29a960,586e2e075f085ac00ffc1686807038a6a2e69736c692096079d53586f66f4943,3527857,1693129654000000000,300
SS/catalogue_loss/3,SS,catalogue,loss,3,300,300,stream,0.1,2,0.1004566210045662,median_shift,1,1.0,1.0,0.0,1,1,1,23,109.10490003880113,catalogue|orders|session-db|user|queue-master,catalogue_container-memory-max-usage-bytes,0.8709677419354839,27,31,0.8709677419354839,0.8709677419354839,27,27,27,0.8995433789954338,baseline-v2-20260723,cd270e7871bd358937d83d9a49829637fa80007d2964084ef229f578e3733bd3,ba75425861a059dafcc477474fc3e4ed1eafdc2b47d6fdd0557337035d29a960,586e2e075f085ac00ffc1686807038a6a2e69736c692096079d53586f66f4943,3527857,1693129654000000000,300
SS/catalogue_loss/3,SS,catalogue,loss,3,300,300,stream,0.1,2,0.1004566210045662,nsigma,1,1.0,1.0,0.0,1,1,1,23,309.62780001573265,catalogue|shipping|orders|front-end|user,catalogue_istio-latency-95,0.8709677419354839,27,31,0.8709677419354839,0.8709677419354839,27,27,27,0.8995433789954338,baseline-v2-20260723,cd270e7871bd358937d83d9a49829637fa80007d2964084ef229f578e3733bd3,ba75425861a059dafcc477474fc3e4ed1eafdc2b47d6fdd0557337035d29a960,586e2e075f085ac00ffc1686807038a6a2e69736c692096079d53586f66f4943,3527857,1693129654000000000,300
SS/catalogue_loss/3,SS,catalogue,loss,3,300,300,stream,0.1,3,0.1004566210045662,baro,1,1.0,1.0,0.0,1,1,1,23,329.47340002283454,catalogue|shipping|front-end|session-db|queue-master,catalogue_istio-latency-95,0.9354838709677419,29,31,0.9354838709677419,0.9354838709677419,29,29,29,0.8995433789954338,baseline-v2-20260723,cd270e7871bd358937d83d9a49829637fa80007d2964084ef229f578e3733bd3,ba75425861a059dafcc477474fc3e4ed1eafdc2b47d6fdd0557337035d29a960,586e2e075f085ac00ffc1686807038a6a2e69736c692096079d53586f66f4943,3527857,1693129654000000000,300
SS/catalogue_loss/3,SS,catalogue,loss,3,300,300,stream,0.1,3,0.1004566210045662,median_shift,2,0.5,0.8,0.045454545454545456,0,1,1,23,96.42750001512468,catalogue-db|catalogue|orders|session-db|user,catalogue-db_container-memory-failures-total,0.9354838709677419,29,31,0.9354838709677419,0.9354838709677419,29,29,29,0.8995433789954338,baseline-v2-20260723,cd270e7871bd358937d83d9a49829637fa80007d2964084ef229f578e3733bd3,ba75425861a059dafcc477474fc3e4ed1eafdc2b47d6fdd0557337035d29a960,586e2e075f085ac00ffc1686807038a6a2e69736c692096079d53586f66f4943,3527857,1693129654000000000,300
SS/catalogue_loss/3,SS,catalogue,loss,3,300,300,stream,0.1,3,0.1004566210045662,nsigma,1,1.0,1.0,0.0,1,1,1,23,301.9971000030637,catalogue|front-end|queue-master|shipping|orders,catalogue_istio-latency-95,0.9354838709677419,29,31,0.9354838709677419,0.9354838709677419,29,29,29,0.8995433789954338,baseline-v2-20260723,cd270e7871bd358937d83d9a49829637fa80007d2964084ef229f578e3733bd3,ba75425861a059dafcc477474fc3e4ed1eafdc2b47d6fdd0557337035d29a960,586e2e075f085ac00ffc1686807038a6a2e69736c692096079d53586f66f4943,3527857,1693129654000000000,300
SS/catalogue_loss/3,SS,catalogue,loss,3,300,300,stream,0.1,4,0.1004566210045662,baro,1,1.0,1.0,0.0,1,1,1,23,345.04019998712465,catalogue|shipping|front-end|session-db|queue-master,catalogue_istio-latency-95,0.9354838709677419,29,31,0.9354838709677419,0.9354838709677419,29,29,29,0.8995433789954338,baseline-v2-20260723,cd270e7871bd358937d83d9a49829637fa80007d2964084ef229f578e3733bd3,ba75425861a059dafcc477474fc3e4ed1eafdc2b47d6fdd0557337035d29a960,586e2e075f085ac00ffc1686807038a6a2e69736c692096079d53586f66f4943,3527857,1693129654000000000,300
SS/catalogue_loss/3,SS,catalogue,loss,3,300,300,stream,0.1,4,0.1004566210045662,median_shift,2,0.5,0.8,0.045454545454545456,0,1,1,23,122.24880000576377,catalogue-db|catalogue|orders|session-db|user,catalogue-db_container-memory-failures-total,0.9354838709677419,29,31,0.9354838709677419,0.9354838709677419,29,29,29,0.8995433789954338,baseline-v2-20260723,cd270e7871bd358937d83d9a49829637fa80007d2964084ef229f578e3733bd3,ba75425861a059dafcc477474fc3e4ed1eafdc2b47d6fdd0557337035d29a960,586e2e075f085ac00ffc1686807038a6a2e69736c692096079d53586f66f4943,3527857,1693129654000000000,300
SS/catalogue_loss/3,SS,catalogue,loss,3,300,300,stream,0.1,4,0.1004566210045662,nsigma,1,1.0,1.0,0.0,1,1,1,23,334.8794999765232,catalogue|front-end|queue-master|shipping|orders,catalogue_istio-latency-95,0.9354838709677419,29,31,0.9354838709677419,0.9354838709677419,29,29,29,0.8995433789954338,baseline-v2-20260723,cd270e7871bd358937d83d9a49829637fa80007d2964084ef229f578e3733bd3,ba75425861a059dafcc477474fc3e4ed1eafdc2b47d6fdd0557337035d29a960,586e2e075f085ac00ffc1686807038a6a2e69736c692096079d53586f66f4943,3527857,1693129654000000000,300
SS/catalogue_loss/3,SS,catalogue,loss,3,300,300,stream,0.1,5,0.1004566210045662,baro,1,1.0,1.0,0.0,1,1,1,23,325.3573000547476,catalogue|shipping|front-end|session-db|queue-master,catalogue_istio-latency-95,0.9032258064516129,28,31,0.9032258064516129,0.9032258064516129,28,28,28,0.8995433789954338,baseline-v2-20260723,cd270e7871bd358937d83d9a49829637fa80007d2964084ef229f578e3733bd3,ba75425861a059dafcc477474fc3e4ed1eafdc2b47d6fdd0557337035d29a960,586e2e075f085ac00ffc1686807038a6a2e69736c692096079d53586f66f4943,3527857,1693129654000000000,300
SS/catalogue_loss/3,SS,catalogue,loss,3,300,300,stream,0.1,5,0.1004566210045662,median_shift,2,0.5,0.8,0.045454545454545456,0,1,1,23,80.77800000319257,catalogue-db|catalogue|orders|user|queue-master,catalogue-db_container-memory-failures-total,0.9032258064516129,28,31,0.9032258064516129,0.9032258064516129,28,28,28,0.8995433789954338,baseline-v2-20260723,cd270e7871bd358937d83d9a49829637fa80007d2964084ef229f578e3733bd3,ba75425861a059dafcc477474fc3e4ed1eafdc2b47d6fdd0557337035d29a960,586e2e075f085ac00ffc1686807038a6a2e69736c692096079d53586f66f4943,3527857,1693129654000000000,300
SS/catalogue_loss/3,SS,catalogue,loss,3,300,300,stream,0.1,5,0.1004566210045662,nsigma,1,1.0,1.0,0.0,1,1,1,23,300.3654000349343,catalogue|front-end|queue-master|orders|shipping,catalogue_istio-latency-95,0.9032258064516129,28,31,0.9032258064516129,0.9032258064516129,28,28,28,0.8995433789954338,baseline-v2-20260723,cd270e7871bd358937d83d9a49829637fa80007d2964084ef229f578e3733bd3,ba75425861a059dafcc477474fc3e4ed1eafdc2b47d6fdd0557337035d29a960,586e2e075f085ac00ffc1686807038a6a2e69736c692096079d53586f66f4943,3527857,1693129654000000000,300
SS/catalogue_loss/3,SS,catalogue,loss,3,300,300,stream,0.1,6,0.1004566210045662,baro,1,1.0,1.0,0.0,1,1,1,23,284.7852999693714,catalogue|shipping|front-end|session-db|queue-master,catalogue_istio-latency-95,0.9032258064516129,28,31,0.9032258064516129,0.9032258064516129,28,28,28,0.8995433789954338,baseline-v2-20260723,cd270e7871bd358937d83d9a49829637fa80007d2964084ef229f578e3733bd3,ba75425861a059dafcc477474fc3e4ed1eafdc2b47d6fdd0557337035d29a960,586e2e075f085ac00ffc1686807038a6a2e69736c692096079d53586f66f4943,3527857,1693129654000000000,300
SS/catalogue_loss/3,SS,catalogue,loss,3,300,300,stream,0.1,6,0.1004566210045662,median_shift,2,0.5,0.8,0.045454545454545456,0,1,1,23,120.08920003427193,catalogue-db|catalogue|orders|session-db|front-end,catalogue-db_container-memory-failures-total,0.9032258064516129,28,31,0.9032258064516129,0.9032258064516129,28,28,28,0.8995433789954338,baseline-v2-20260723,cd270e7871bd358937d83d9a49829637fa80007d2964084ef229f578e3733bd3,ba75425861a059dafcc477474fc3e4ed1eafdc2b47d6fdd0557337035d29a960,586e2e075f085ac00ffc1686807038a6a2e69736c692096079d53586f66f4943,3527857,1693129654000000000,300
SS/catalogue_loss/3,SS,catalogue,loss,3,300,300,stream,0.1,6,0.1004566210045662,nsigma,1,1.0,1.0,0.0,1,1,1,23,232.32429998461157,catalogue|front-end|queue-master|shipping|orders,catalogue_istio-latency-95,0.9032258064516129,28,31,0.9032258064516129,0.9032258064516129,28,28,28,0.8995433789954338,baseline-v2-20260723,cd270e7871bd358937d83d9a49829637fa80007d2964084ef229f578e3733bd3,ba75425861a059dafcc477474fc3e4ed1eafdc2b47d6fdd0557337035d29a960,586e2e075f085ac00ffc1686807038a6a2e69736c692096079d53586f66f4943,3527857,1693129654000000000,300
SS/catalogue_loss/3,SS,catalogue,loss,3,300,300,stream,0.1,7,0.1004566210045662,baro,1,1.0,1.0,0.0,1,1,1,23,333.39609997347,catalogue|shipping|front-end|session-db|queue-master,catalogue_istio-latency-95,0.8709677419354839,27,31,0.8709677419354839,0.8709677419354839,27,27,27,0.8995433789954338,baseline-v2-20260723,cd270e7871bd358937d83d9a49829637fa80007d2964084ef229f578e3733bd3,ba75425861a059dafcc477474fc3e4ed1eafdc2b47d6fdd0557337035d29a960,586e2e075f085ac00ffc1686807038a6a2e69736c692096079d53586f66f4943,3527857,1693129654000000000,300
SS/catalogue_loss/3,SS,catalogue,loss,3,300,300,stream,0.1,7,0.1004566210045662,median_shift,2,0.5,0.8,0.045454545454545456,0,1,1,23,86.23099996475503,catalogue-db|catalogue|orders|session-db|user,catalogue-db_container-memory-failures-total,0.8709677419354839,27,31,0.8709677419354839,0.8709677419354839,27,27,27,0.8995433789954338,baseline-v2-20260723,cd270e7871bd358937d83d9a49829637fa80007d2964084ef229f578e3733bd3,ba75425861a059dafcc477474fc3e4ed1eafdc2b47d6fdd0557337035d29a960,586e2e075f085ac00ffc1686807038a6a2e69736c692096079d53586f66f4943,3527857,1693129654000000000,300
SS/catalogue_loss/3,SS,catalogue,loss,3,300,300,stream,0.1,7,0.1004566210045662,nsigma,1,1.0,1.0,0.0,1,1,1,23,355.1832999801263,catalogue|front-end|queue-master|shipping|orders,catalogue_istio-latency-95,0.8709677419354839,27,31,0.8709677419354839,0.8709677419354839,27,27,27,0.8995433789954338,baseline-v2-20260723,cd270e7871bd358937d83d9a49829637fa80007d2964084ef229f578e3733bd3,ba75425861a059dafcc477474fc3e4ed1eafdc2b47d6fdd0557337035d29a960,586e2e075f085ac00ffc1686807038a6a2e69736c692096079d53586f66f4943,3527857,1693129654000000000,300
SS/catalogue_loss/3,SS,catalogue,loss,3,300,300,stream,0.1,8,0.1004566210045662,baro,1,1.0,1.0,0.0,1,1,1,23,375.1017000176944,catalogue|shipping|front-end|session-db|queue-master,catalogue_istio-latency-95,0.8709677419354839,27,31,0.8709677419354839,0.8709677419354839,27,27,27,0.8995433789954338,baseline-v2-20260723,cd270e7871bd358937d83d9a49829637fa80007d2964084ef229f578e3733bd3,ba75425861a059dafcc477474fc3e4ed1eafdc2b47d6fdd0557337035d29a960,586e2e075f085ac00ffc1686807038a6a2e69736c692096079d53586f66f4943,3527857,1693129654000000000,300
SS/catalogue_loss/3,SS,catalogue,loss,3,300,300,stream,0.1,8,0.1004566210045662,median_shift,2,0.5,0.8,0.045454545454545456,0,1,1,23,107.45449998648837,catalogue-db|catalogue|orders|session-db|queue-master,catalogue-db_container-memory-failures-total,0.8709677419354839,27,31,0.8709677419354839,0.8709677419354839,27,27,27,0.8995433789954338,baseline-v2-20260723,cd270e7871bd358937d83d9a49829637fa80007d2964084ef229f578e3733bd3,ba75425861a059dafcc477474fc3e4ed1eafdc2b47d6fdd0557337035d29a960,586e2e075f085ac00ffc1686807038a6a2e69736c692096079d53586f66f4943,3527857,1693129654000000000,300
SS/catalogue_loss/3,SS,catalogue,loss,3,300,300,stream,0.1,8,0.1004566210045662,nsigma,1,1.0,1.0,0.0,1,1,1,23,278.83020002627745,catalogue|front-end|queue-master|shipping|orders,catalogue_istio-latency-95,0.8709677419354839,27,31,0.8709677419354839,0.8709677419354839,27,27,27,0.8995433789954338,baseline-v2-20260723,cd270e7871bd358937d83d9a49829637fa80007d2964084ef229f578e3733bd3,ba75425861a059dafcc477474fc3e4ed1eafdc2b47d6fdd0557337035d29a960,586e2e075f085ac00ffc1686807038a6a2e69736c692096079d53586f66f4943,3527857,1693129654000000000,300
SS/catalogue_loss/3,SS,catalogue,loss,3,300,300,stream,0.1,9,0.1004566210045662,baro,1,1.0,1.0,0.0,1,1,1,23,283.50209997734055,catalogue|shipping|front-end|session-db|queue-master,catalogue_istio-latency-95,0.9032258064516129,28,31,0.9032258064516129,0.9032258064516129,28,28,28,0.8995433789954338,baseline-v2-20260723,cd270e7871bd358937d83d9a49829637fa80007d2964084ef229f578e3733bd3,ba75425861a059dafcc477474fc3e4ed1eafdc2b47d6fdd0557337035d29a960,586e2e075f085ac00ffc1686807038a6a2e69736c692096079d53586f66f4943,3527857,1693129654000000000,300
SS/catalogue_loss/3,SS,catalogue,loss,3,300,300,stream,0.1,9,0.1004566210045662,median_shift,2,0.5,0.8,0.045454545454545456,0,1,1,23,87.93129998957738,catalogue-db|catalogue|orders|session-db|user,catalogue-db_container-memory-failures-total,0.9032258064516129,28,31,0.9032258064516129,0.9032258064516129,28,28,28,0.8995433789954338,baseline-v2-20260723,cd270e7871bd358937d83d9a49829637fa80007d2964084ef229f578e3733bd3,ba75425861a059dafcc477474fc3e4ed1eafdc2b47d6fdd0557337035d29a960,586e2e075f085ac00ffc1686807038a6a2e69736c692096079d53586f66f4943,3527857,1693129654000000000,300
SS/catalogue_loss/3,SS,catalogue,loss,3,300,300,stream,0.1,9,0.1004566210045662,nsigma,1,1.0,1.0,0.0,1,1,1,23,299.35839999234304,catalogue|front-end|queue-master|shipping|orders,catalogue_istio-latency-95,0.9032258064516129,28,31,0.9032258064516129,0.9032258064516129,28,28,28,0.8995433789954338,baseline-v2-20260723,cd270e7871bd358937d83d9a49829637fa80007d2964084ef229f578e3733bd3,ba75425861a059dafcc477474fc3e4ed1eafdc2b47d6fdd0557337035d29a960,586e2e075f085ac00ffc1686807038a6a2e69736c692096079d53586f66f4943,3527857,1693129654000000000,300
SS/catalogue_loss/3,SS,catalogue,loss,3,300,300,stream,0.3,0,0.2990867579908676,baro,1,1.0,1.0,0.0,1,1,1,23,279.07089999644086,catalogue|front-end|queue-master|orders|user,catalogue_istio-latency-95,0.7741935483870968,24,31,0.7741935483870968,0.7741935483870968,24,24,24,0.7009132420091324,baseline-v2-20260723,cd270e7871bd358937d83d9a49829637fa80007d2964084ef229f578e3733bd3,ba75425861a059dafcc477474fc3e4ed1eafdc2b47d6fdd0557337035d29a960,586e2e075f085ac00ffc1686807038a6a2e69736c692096079d53586f66f4943,3527857,1693129654000000000,300
SS/catalogue_loss/3,SS,catalogue,loss,3,300,300,stream,0.3,0,0.2990867579908676,median_shift,2,0.5,0.8,0.045454545454545456,0,1,1,23,107.63520002365112,catalogue-db|catalogue|orders|session-db|user,catalogue-db_container-memory-failures-total,0.7741935483870968,24,31,0.7741935483870968,0.7741935483870968,24,24,24,0.7009132420091324,baseline-v2-20260723,cd270e7871bd358937d83d9a49829637fa80007d2964084ef229f578e3733bd3,ba75425861a059dafcc477474fc3e4ed1eafdc2b47d6fdd0557337035d29a960,586e2e075f085ac00ffc1686807038a6a2e69736c692096079d53586f66f4943,3527857,1693129654000000000,300
SS/catalogue_loss/3,SS,catalogue,loss,3,300,300,stream,0.3,0,0.2990867579908676,nsigma,1,1.0,1.0,0.0,1,1,1,23,246.35879998095334,catalogue|front-end|queue-master|orders|carts,catalogue_istio-latency-95,0.7741935483870968,24,31,0.7741935483870968,0.7741935483870968,24,24,24,0.7009132420091324,baseline-v2-20260723,cd270e7871bd358937d83d9a49829637fa80007d2964084ef229f578e3733bd3,ba75425861a059dafcc477474fc3e4ed1eafdc2b47d6fdd0557337035d29a960,586e2e075f085ac00ffc1686807038a6a2e69736c692096079d53586f66f4943,3527857,1693129654000000000,300
SS/catalogue_loss/3,SS,catalogue,loss,3,300,300,stream,0.3,1,0.2990867579908676,baro,1,1.0,1.0,0.0,1,1,1,23,249.04699996113777,catalogue|front-end|session-db|queue-master|shipping,catalogue_istio-latency-95,0.8387096774193549,26,31,0.8387096774193549,0.8387096774193549,26,26,26,0.7009132420091324,baseline-v2-20260723,cd270e7871bd358937d83d9a49829637fa80007d2964084ef229f578e3733bd3,ba75425861a059dafcc477474fc3e4ed1eafdc2b47d6fdd0557337035d29a960,586e2e075f085ac00ffc1686807038a6a2e69736c692096079d53586f66f4943,3527857,1693129654000000000,300
SS/catalogue_loss/3,SS,catalogue,loss,3,300,300,stream,0.3,1,0.2990867579908676,median_shift,2,0.5,0.8,0.045454545454545456,0,1,1,23,74.04430001042783,catalogue-db|catalogue|orders|user|queue-master,catalogue-db_container-memory-failures-total,0.8387096774193549,26,31,0.8387096774193549,0.8387096774193549,26,26,26,0.7009132420091324,baseline-v2-20260723,cd270e7871bd358937d83d9a49829637fa80007d2964084ef229f578e3733bd3,ba75425861a059dafcc477474fc3e4ed1eafdc2b47d6fdd0557337035d29a960,586e2e075f085ac00ffc1686807038a6a2e69736c692096079d53586f66f4943,3527857,1693129654000000000,300
SS/catalogue_loss/3,SS,catalogue,loss,3,300,300,stream,0.3,1,0.2990867579908676,nsigma,1,1.0,1.0,0.0,1,1,1,23,229.49430003063753,catalogue|front-end|queue-master|shipping|orders,catalogue_istio-latency-95,0.8387096774193549,26,31,0.8387096774193549,0.8387096774193549,26,26,26,0.7009132420091324,baseline-v2-20260723,cd270e7871bd358937d83d9a49829637fa80007d2964084ef229f578e3733bd3,ba75425861a059dafcc477474fc3e4ed1eafdc2b47d6fdd0557337035d29a960,586e2e075f085ac00ffc1686807038a6a2e69736c692096079d53586f66f4943,3527857,1693129654000000000,300
SS/catalogue_loss/3,SS,catalogue,loss,3,300,300,stream,0.3,2,0.2990867579908676,baro,1,1.0,1.0,0.0,1,1,1,23,324.8788999626413,catalogue|shipping|front-end|session-db|queue-master,catalogue_istio-latency-90,0.7096774193548387,22,31,0.7096774193548387,0.7096774193548387,22,22,22,0.7009132420091324,baseline-v2-20260723,cd270e7871bd358937d83d9a49829637fa80007d2964084ef229f578e3733bd3,ba75425861a059dafcc477474fc3e4ed1eafdc2b47d6fdd0557337035d29a960,586e2e075f085ac00ffc1686807038a6a2e69736c692096079d53586f66f4943,3527857,1693129654000000000,300
SS/catalogue_loss/3,SS,catalogue,loss,3,300,300,stream,0.3,2,0.2990867579908676,median_shift,2,0.5,0.8,0.045454545454545456,0,1,1,23,102.13010001461953,catalogue-db|catalogue|orders|session-db|user,catalogue-db_container-memory-failures-total,0.7096774193548387,22,31,0.7096774193548387,0.7096774193548387,22,22,22,0.7009132420091324,baseline-v2-20260723,cd270e7871bd358937d83d9a49829637fa80007d2964084ef229f578e3733bd3,ba75425861a059dafcc477474fc3e4ed1eafdc2b47d6fdd0557337035d29a960,586e2e075f085ac00ffc1686807038a6a2e69736c692096079d53586f66f4943,3527857,1693129654000000000,300
SS/catalogue_loss/3,SS,catalogue,loss,3,300,300,stream,0.3,2,0.2990867579908676,nsigma,1,1.0,1.0,0.0,1,1,1,23,263.9558999799192,catalogue|front-end|queue-master|orders|shipping,catalogue_istio-latency-90,0.7096774193548387,22,31,0.7096774193548387,0.7096774193548387,22,22,22,0.7009132420091324,baseline-v2-20260723,cd270e7871bd358937d83d9a49829637fa80007d2964084ef229f578e3733bd3,ba75425861a059dafcc477474fc3e4ed1eafdc2b47d6fdd0557337035d29a960,586e2e075f085ac00ffc1686807038a6a2e69736c692096079d53586f66f4943,3527857,1693129654000000000,300
SS/catalogue_loss/3,SS,catalogue,loss,3,300,300,stream,0.3,3,0.2990867579908676,baro,1,1.0,1.0,0.0,1,1,1,23,307.21790000097826,catalogue|shipping|session-db|queue-master|orders,catalogue_istio-latency-95,0.7096774193548387,22,31,0.7096774193548387,0.7096774193548387,22,22,22,0.7009132420091324,baseline-v2-20260723,cd270e7871bd358937d83d9a49829637fa80007d2964084ef229f578e3733bd3,ba75425861a059dafcc477474fc3e4ed1eafdc2b47d6fdd0557337035d29a960,586e2e075f085ac00ffc1686807038a6a2e69736c692096079d53586f66f4943,3527857,1693129654000000000,300
SS/catalogue_loss/3,SS,catalogue,loss,3,300,300,stream,0.3,3,0.2990867579908676,median_shift,2,0.5,0.8,0.045454545454545456,0,1,1,23,69.95020003523678,queue-master|catalogue|front-end|payment|orders-db,queue-master_istio-latency-50,0.7096774193548387,22,31,0.7096774193548387,0.7096774193548387,22,22,22,0.7009132420091324,baseline-v2-20260723,cd270e7871bd358937d83d9a49829637fa80007d2964084ef229f578e3733bd3,ba75425861a059dafcc477474fc3e4ed1eafdc2b47d6fdd0557337035d29a960,586e2e075f085ac00ffc1686807038a6a2e69736c692096079d53586f66f4943,3527857,1693129654000000000,300
SS/catalogue_loss/3,SS,catalogue,loss,3,300,300,stream,0.3,3,0.2990867579908676,nsigma,1,1.0,1.0,0.0,1,1,1,23,244.69720001798123,catalogue|queue-master|shipping|orders|carts,catalogue_istio-latency-95,0.7096774193548387,22,31,0.7096774193548387,0.7096774193548387,22,22,22,0.7009132420091324,baseline-v2-20260723,cd270e7871bd358937d83d9a49829637fa80007d2964084ef229f578e3733bd3,ba75425861a059dafcc477474fc3e4ed1eafdc2b47d6fdd0557337035d29a960,586e2e075f085ac00ffc1686807038a6a2e69736c692096079d53586f66f4943,3527857,1693129654000000000,300
SS/catalogue_loss/3,SS,catalogue,loss,3,300,300,stream,0.3,4,0.2990867579908676,baro,1,1.0,1.0,0.0,1,1,1,23,269.03679996030405,catalogue|session-db|shipping|front-end|orders,catalogue_istio-latency-95,0.8709677419354839,27,31,0.8709677419354839,0.8709677419354839,27,27,27,0.7009132420091324,baseline-v2-20260723,cd270e7871bd358937d83d9a49829637fa80007d2964084ef229f578e3733bd3,ba75425861a059dafcc477474fc3e4ed1eafdc2b47d6fdd0557337035d29a960,586e2e075f085ac00ffc1686807038a6a2e69736c692096079d53586f66f4943,3527857,1693129654000000000,300
SS/catalogue_loss/3,SS,catalogue,loss,3,300,300,stream,0.3,4,0.2990867579908676,median_shift,2,0.5,0.8,0.045454545454545456,0,1,1,23,108.01999998511747,catalogue-db|catalogue|orders|session-db|user,catalogue-db_container-memory-failures-total,0.8709677419354839,27,31,0.8709677419354839,0.8709677419354839,27,27,27,0.7009132420091324,baseline-v2-20260723,cd270e7871bd358937d83d9a49829637fa80007d2964084ef229f578e3733bd3,ba75425861a059dafcc477474fc3e4ed1eafdc2b47d6fdd0557337035d29a960,586e2e075f085ac00ffc1686807038a6a2e69736c692096079d53586f66f4943,3527857,1693129654000000000,300
SS/catalogue_loss/3,SS,catalogue,loss,3,300,300,stream,0.3,4,0.2990867579908676,nsigma,1,1.0,1.0,0.0,1,1,1,23,218.50620000623167,catalogue|shipping|orders|front-end|user,catalogue_istio-latency-95,0.8709677419354839,27,31,0.8709677419354839,0.8709677419354839,27,27,27,0.7009132420091324,baseline-v2-20260723,cd270e7871bd358937d83d9a49829637fa80007d2964084ef229f578e3733bd3,ba75425861a059dafcc477474fc3e4ed1eafdc2b47d6fdd0557337035d29a960,586e2e075f085ac00ffc1686807038a6a2e69736c692096079d53586f66f4943,3527857,1693129654000000000,300
SS/catalogue_loss/3,SS,catalogue,loss,3,300,300,stream,0.3,5,0.2990867579908676,baro,1,1.0,1.0,0.0,1,1,1,23,325.51520003471524,catalogue|shipping|front-end|session-db|queue-master,catalogue_istio-latency-95,0.8064516129032258,25,31,0.8064516129032258,0.8064516129032258,25,25,25,0.7009132420091324,baseline-v2-20260723,cd270e7871bd358937d83d9a49829637fa80007d2964084ef229f578e3733bd3,ba75425861a059dafcc477474fc3e4ed1eafdc2b47d6fdd0557337035d29a960,586e2e075f085ac00ffc1686807038a6a2e69736c692096079d53586f66f4943,3527857,1693129654000000000,300
SS/catalogue_loss/3,SS,catalogue,loss,3,300,300,stream,0.3,5,0.2990867579908676,median_shift,2,0.5,0.8,0.045454545454545456,0,1,1,23,68.8664999906905,catalogue-db|catalogue|orders|session-db|queue-master,catalogue-db_container-memory-failures-total,0.8064516129032258,25,31,0.8064516129032258,0.8064516129032258,25,25,25,0.7009132420091324,baseline-v2-20260723,cd270e7871bd358937d83d9a49829637fa80007d2964084ef229f578e3733bd3,ba75425861a059dafcc477474fc3e4ed1eafdc2b47d6fdd0557337035d29a960,586e2e075f085ac00ffc1686807038a6a2e69736c692096079d53586f66f4943,3527857,1693129654000000000,300
SS/catalogue_loss/3,SS,catalogue,loss,3,300,300,stream,0.3,5,0.2990867579908676,nsigma,1,1.0,1.0,0.0,1,1,1,23,292.3220000229776,catalogue|front-end|queue-master|orders|shipping,catalogue_istio-latency-95,0.8064516129032258,25,31,0.8064516129032258,0.8064516129032258,25,25,25,0.7009132420091324,baseline-v2-20260723,cd270e7871bd358937d83d9a49829637fa80007d2964084ef229f578e3733bd3,ba75425861a059dafcc477474fc3e4ed1eafdc2b47d6fdd0557337035d29a960,586e2e075f085ac00ffc1686807038a6a2e69736c692096079d53586f66f4943,3527857,1693129654000000000,300
SS/catalogue_loss/3,SS,catalogue,loss,3,300,300,stream,0.3,6,0.2990867579908676,baro,1,1.0,1.0,0.0,1,1,1,23,361.51479999534786,catalogue|shipping|front-end|session-db|queue-master,catalogue_istio-latency-95,0.7096774193548387,22,31,0.7096774193548387,0.7096774193548387,22,22,22,0.7009132420091324,baseline-v2-20260723,cd270e7871bd358937d83d9a49829637fa80007d2964084ef229f578e3733bd3,ba75425861a059dafcc477474fc3e4ed1eafdc2b47d6fdd0557337035d29a960,586e2e075f085ac00ffc1686807038a6a2e69736c692096079d53586f66f4943,3527857,1693129654000000000,300
SS/catalogue_loss/3,SS,catalogue,loss,3,300,300,stream,0.3,6,0.2990867579908676,median_shift,2,0.5,0.8,0.045454545454545456,0,1,1,23,97.94820001116022,catalogue-db|catalogue|session-db|queue-master|front-end,catalogue-db_container-memory-failures-total,0.7096774193548387,22,31,0.7096774193548387,0.7096774193548387,22,22,22,0.7009132420091324,baseline-v2-20260723,cd270e7871bd358937d83d9a49829637fa80007d2964084ef229f578e3733bd3,ba75425861a059dafcc477474fc3e4ed1eafdc2b47d6fdd0557337035d29a960,586e2e075f085ac00ffc1686807038a6a2e69736c692096079d53586f66f4943,3527857,1693129654000000000,300
SS/catalogue_loss/3,SS,catalogue,loss,3,300,300,stream,0.3,6,0.2990867579908676,nsigma,1,1.0,1.0,0.0,1,1,1,23,263.36099999025464,catalogue|front-end|queue-master|orders|shipping,catalogue_istio-latency-95,0.7096774193548387,22,31,0.7096774193548387,0.7096774193548387,22,22,22,0.7009132420091324,baseline-v2-20260723,cd270e7871bd358937d83d9a49829637fa80007d2964084ef229f578e3733bd3,ba75425861a059dafcc477474fc3e4ed1eafdc2b47d6fdd0557337035d29a960,586e2e075f085ac00ffc1686807038a6a2e69736c692096079d53586f66f4943,3527857,1693129654000000000,300
SS/catalogue_loss/3,SS,catalogue,loss,3,300,300,stream,0.3,7,0.2990867579908676,baro,1,1.0,1.0,0.0,1,1,1,23,271.59330004360527,catalogue|shipping|front-end|session-db|queue-master,catalogue_istio-latency-95,0.6451612903225806,20,31,0.6451612903225806,0.6451612903225806,20,20,20,0.7009132420091324,baseline-v2-20260723,cd270e7871bd358937d83d9a49829637fa80007d2964084ef229f578e3733bd3,ba75425861a059dafcc477474fc3e4ed1eafdc2b47d6fdd0557337035d29a960,586e2e075f085ac00ffc1686807038a6a2e69736c692096079d53586f66f4943,3527857,1693129654000000000,300
SS/catalogue_loss/3,SS,catalogue,loss,3,300,300,stream,0.3,7,0.2990867579908676,median_shift,5,0.2,0.2,0.18181818181818182,0,0,1,23,77.94710004236549,catalogue-db|session-db|user|queue-master|catalogue,catalogue-db_container-memory-failures-total,0.6451612903225806,20,31,0.6451612903225806,0.6451612903225806,20,20,20,0.7009132420091324,baseline-v2-20260723,cd270e7871bd358937d83d9a49829637fa80007d2964084ef229f578e3733bd3,ba75425861a059dafcc477474fc3e4ed1eafdc2b47d6fdd0557337035d29a960,586e2e075f085ac00ffc1686807038a6a2e69736c692096079d53586f66f4943,3527857,1693129654000000000,300
SS/catalogue_loss/3,SS,catalogue,loss,3,300,300,stream,0.3,7,0.2990867579908676,nsigma,1,1.0,1.0,0.0,1,1,1,23,229.49519997928292,catalogue|front-end|queue-master|shipping|orders,catalogue_istio-latency-95,0.6451612903225806,20,31,0.6451612903225806,0.6451612903225806,20,20,20,0.7009132420091324,baseline-v2-20260723,cd270e7871bd358937d83d9a49829637fa80007d2964084ef229f578e3733bd3,ba75425861a059dafcc477474fc3e4ed1eafdc2b47d6fdd0557337035d29a960,586e2e075f085ac00ffc1686807038a6a2e69736c692096079d53586f66f4943,3527857,1693129654000000000,300
SS/catalogue_loss/3,SS,catalogue,loss,3,300,300,stream,0.3,8,0.2990867579908676,baro,1,1.0,1.0,0.0,1,1,1,23,282.44249999988824,catalogue|front-end|session-db|queue-master|shipping,catalogue_istio-latency-95,0.6129032258064516,19,31,0.6129032258064516,0.6129032258064516,19,19,19,0.7009132420091324,baseline-v2-20260723,cd270e7871bd358937d83d9a49829637fa80007d2964084ef229f578e3733bd3,ba75425861a059dafcc477474fc3e4ed1eafdc2b47d6fdd0557337035d29a960,586e2e075f085ac00ffc1686807038a6a2e69736c692096079d53586f66f4943,3527857,1693129654000000000,300
SS/catalogue_loss/3,SS,catalogue,loss,3,300,300,stream,0.3,8,0.2990867579908676,median_shift,1,1.0,1.0,0.0,1,1,1,23,87.0236000046134,catalogue|orders|session-db|user|queue-master,catalogue_container-memory-rss,0.6129032258064516,19,31,0.6129032258064516,0.6129032258064516,19,19,19,0.7009132420091324,baseline-v2-20260723,cd270e7871bd358937d83d9a49829637fa80007d2964084ef229f578e3733bd3,ba75425861a059dafcc477474fc3e4ed1eafdc2b47d6fdd0557337035d29a960,586e2e075f085ac00ffc1686807038a6a2e69736c692096079d53586f66f4943,3527857,1693129654000000000,300
SS/catalogue_loss/3,SS,catalogue,loss,3,300,300,stream,0.3,8,0.2990867579908676,nsigma,1,1.0,1.0,0.0,1,1,1,23,288.002300017979,catalogue|front-end|queue-master|shipping|orders,catalogue_istio-latency-95,0.6129032258064516,19,31,0.6129032258064516,0.6129032258064516,19,19,19,0.7009132420091324,baseline-v2-20260723,cd270e7871bd358937d83d9a49829637fa80007d2964084ef229f578e3733bd3,ba75425861a059dafcc477474fc3e4ed1eafdc2b47d6fdd0557337035d29a960,586e2e075f085ac00ffc1686807038a6a2e69736c692096079d53586f66f4943,3527857,1693129654000000000,300
SS/catalogue_loss/3,SS,catalogue,loss,3,300,300,stream,0.3,9,0.2990867579908676,baro,1,1.0,1.0,0.0,1,1,1,23,240.47229997813702,catalogue|shipping|front-end|session-db|queue-master,catalogue_istio-latency-99,0.6774193548387096,21,31,0.6774193548387096,0.6774193548387096,21,21,21,0.7009132420091324,baseline-v2-20260723,cd270e7871bd358937d83d9a49829637fa80007d2964084ef229f578e3733bd3,ba75425861a059dafcc477474fc3e4ed1eafdc2b47d6fdd0557337035d29a960,586e2e075f085ac00ffc1686807038a6a2e69736c692096079d53586f66f4943,3527857,1693129654000000000,300
SS/catalogue_loss/3,SS,catalogue,loss,3,300,300,stream,0.3,9,0.2990867579908676,median_shift,2,0.5,0.8,0.045454545454545456,0,1,1,23,85.35439998377115,catalogue-db|catalogue|orders|session-db|queue-master,catalogue-db_container-memory-failures-total,0.6774193548387096,21,31,0.6774193548387096,0.6774193548387096,21,21,21,0.7009132420091324,baseline-v2-20260723,cd270e7871bd358937d83d9a49829637fa80007d2964084ef229f578e3733bd3,ba75425861a059dafcc477474fc3e4ed1eafdc2b47d6fdd0557337035d29a960,586e2e075f085ac00ffc1686807038a6a2e69736c692096079d53586f66f4943,3527857,1693129654000000000,300
SS/catalogue_loss/3,SS,catalogue,loss,3,300,300,stream,0.3,9,0.2990867579908676,nsigma,1,1.0,1.0,0.0,1,1,1,23,258.09379998827353,catalogue|front-end|queue-master|shipping|orders,catalogue_istio-latency-99,0.6774193548387096,21,31,0.6774193548387096,0.6774193548387096,21,21,21,0.7009132420091324,baseline-v2-20260723,cd270e7871bd358937d83d9a49829637fa80007d2964084ef229f578e3733bd3,ba75425861a059dafcc477474fc3e4ed1eafdc2b47d6fdd0557337035d29a960,586e2e075f085ac00ffc1686807038a6a2e69736c692096079d53586f66f4943,3527857,1693129654000000000,300
SS/catalogue_loss/3,SS,catalogue,loss,3,300,300,stream,0.5,0,0.5,baro,1,1.0,1.0,0.0,1,1,1,23,228.4069000161253,catalogue|queue-master|shipping|orders|user,catalogue_istio-latency-95,0.41935483870967744,13,31,0.41935483870967744,0.41935483870967744,13,13,13,0.5,baseline-v2-20260723,cd270e7871bd358937d83d9a49829637fa80007d2964084ef229f578e3733bd3,ba75425861a059dafcc477474fc3e4ed1eafdc2b47d6fdd0557337035d29a960,586e2e075f085ac00ffc1686807038a6a2e69736c692096079d53586f66f4943,3527857,1693129654000000000,300
SS/catalogue_loss/3,SS,catalogue,loss,3,300,300,stream,0.5,0,0.5,median_shift,2,0.5,0.8,0.045454545454545456,0,1,1,23,69.79899998987094,catalogue-db|catalogue|orders|session-db|queue-master,catalogue-db_container-memory-failures-total,0.41935483870967744,13,31,0.41935483870967744,0.41935483870967744,13,13,13,0.5,baseline-v2-20260723,cd270e7871bd358937d83d9a49829637fa80007d2964084ef229f578e3733bd3,ba75425861a059dafcc477474fc3e4ed1eafdc2b47d6fdd0557337035d29a960,586e2e075f085ac00ffc1686807038a6a2e69736c692096079d53586f66f4943,3527857,1693129654000000000,300
SS/catalogue_loss/3,SS,catalogue,loss,3,300,300,stream,0.5,0,0.5,nsigma,1,1.0,1.0,0.0,1,1,1,23,234.80739997467026,catalogue|queue-master|shipping|orders|user,catalogue_istio-latency-95,0.41935483870967744,13,31,0.41935483870967744,0.41935483870967744,13,13,13,0.5,baseline-v2-20260723,cd270e7871bd358937d83d9a49829637fa80007d2964084ef229f578e3733bd3,ba75425861a059dafcc477474fc3e4ed1eafdc2b47d6fdd0557337035d29a960,586e2e075f085ac00ffc1686807038a6a2e69736c692096079d53586f66f4943,3527857,1693129654000000000,300
SS/catalogue_loss/3,SS,catalogue,loss,3,300,300,stream,0.5,1,0.5,baro,1,1.0,1.0,0.0,1,1,1,23,201.19859999977052,catalogue|shipping|front-end|session-db|queue-master,catalogue_istio-latency-95,0.7096774193548387,22,31,0.7096774193548387,0.7096774193548387,22,22,22,0.5,baseline-v2-20260723,cd270e7871bd358937d83d9a49829637fa80007d2964084ef229f578e3733bd3,ba75425861a059dafcc477474fc3e4ed1eafdc2b47d6fdd0557337035d29a960,586e2e075f085ac00ffc1686807038a6a2e69736c692096079d53586f66f4943,3527857,1693129654000000000,300
SS/catalogue_loss/3,SS,catalogue,loss,3,300,300,stream,0.5,1,0.5,median_shift,2,0.5,0.8,0.045454545454545456,0,1,1,23,57.18240002170205,catalogue-db|catalogue|orders|user|front-end,catalogue-db_container-memory-failures-total,0.7096774193548387,22,31,0.7096774193548387,0.7096774193548387,22,22,22,0.5,baseline-v2-20260723,cd270e7871bd358937d83d9a49829637fa80007d2964084ef229f578e3733bd3,ba75425861a059dafcc477474fc3e4ed1eafdc2b47d6fdd0557337035d29a960,586e2e075f085ac00ffc1686807038a6a2e69736c692096079d53586f66f4943,3527857,1693129654000000000,300
SS/catalogue_loss/3,SS,catalogue,loss,3,300,300,stream,0.5,1,0.5,nsigma,1,1.0,1.0,0.0,1,1,1,23,197.4865000229329,catalogue|front-end|queue-master|shipping|user,catalogue_istio-latency-95,0.7096774193548387,22,31,0.7096774193548387,0.7096774193548387,22,22,22,0.5,baseline-v2-20260723,cd270e7871bd358937d83d9a49829637fa80007d2964084ef229f578e3733bd3,ba75425861a059dafcc477474fc3e4ed1eafdc2b47d6fdd0557337035d29a960,586e2e075f085ac00ffc1686807038a6a2e69736c692096079d53586f66f4943,3527857,1693129654000000000,300
SS/catalogue_loss/3,SS,catalogue,loss,3,300,300,stream,0.5,2,0.5,baro,1,1.0,1.0,0.0,1,1,1,23,211.82850003242493,catalogue|shipping|front-end|session-db|queue-master,catalogue_istio-latency-95,0.6129032258064516,19,31,0.6129032258064516,0.6129032258064516,19,19,19,0.5,baseline-v2-20260723,cd270e7871bd358937d83d9a49829637fa80007d2964084ef229f578e3733bd3,ba75425861a059dafcc477474fc3e4ed1eafdc2b47d6fdd0557337035d29a960,586e2e075f085ac00ffc1686807038a6a2e69736c692096079d53586f66f4943,3527857,1693129654000000000,300
SS/catalogue_loss/3,SS,catalogue,loss,3,300,300,stream,0.5,2,0.5,median_shift,1,1.0,1.0,0.0,1,1,1,23,57.990800007246435,catalogue|session-db|queue-master|catalogue-db|front-end,catalogue_container-memory-max-usage-bytes,0.6129032258064516,19,31,0.6129032258064516,0.6129032258064516,19,19,19,0.5,baseline-v2-20260723,cd270e7871bd358937d83d9a49829637fa80007d2964084ef229f578e3733bd3,ba75425861a059dafcc477474fc3e4ed1eafdc2b47d6fdd0557337035d29a960,586e2e075f085ac00ffc1686807038a6a2e69736c692096079d53586f66f4943,3527857,1693129654000000000,300
SS/catalogue_loss/3,SS,catalogue,loss,3,300,300,stream,0.5,2,0.5,nsigma,1,1.0,1.0,0.0,1,1,1,23,178.40269999578595,catalogue|front-end|queue-master|orders|shipping,catalogue_istio-latency-95,0.6129032258064516,19,31,0.6129032258064516,0.6129032258064516,19,19,19,0.5,baseline-v2-20260723,cd270e7871bd358937d83d9a49829637fa80007d2964084ef229f578e3733bd3,ba75425861a059dafcc477474fc3e4ed1eafdc2b47d6fdd0557337035d29a960,586e2e075f085ac00ffc1686807038a6a2e69736c692096079d53586f66f4943,3527857,1693129654000000000,300
SS/catalogue_loss/3,SS,catalogue,loss,3,300,300,stream,0.5,3,0.5,baro,1,1.0,1.0,0.0,1,1,1,23,207.53449999028817,catalogue|front-end|session-db|queue-master|shipping,catalogue_istio-latency-90,0.4838709677419355,15,31,0.4838709677419355,0.4838709677419355,15,15,15,0.5,baseline-v2-20260723,cd270e7871bd358937d83d9a49829637fa80007d2964084ef229f578e3733bd3,ba75425861a059dafcc477474fc3e4ed1eafdc2b47d6fdd0557337035d29a960,586e2e075f085ac00ffc1686807038a6a2e69736c692096079d53586f66f4943,3527857,1693129654000000000,300
SS/catalogue_loss/3,SS,catalogue,loss,3,300,300,stream,0.5,3,0.5,median_shift,1,1.0,1.0,0.0,1,1,1,23,54.88350003724918,catalogue|session-db|user|front-end|payment,catalogue_container-memory-max-usage-bytes,0.4838709677419355,15,31,0.4838709677419355,0.4838709677419355,15,15,15,0.5,baseline-v2-20260723,cd270e7871bd358937d83d9a49829637fa80007d2964084ef229f578e3733bd3,ba75425861a059dafcc477474fc3e4ed1eafdc2b47d6fdd0557337035d29a960,586e2e075f085ac00ffc1686807038a6a2e69736c692096079d53586f66f4943,3527857,1693129654000000000,300
SS/catalogue_loss/3,SS,catalogue,loss,3,300,300,stream,0.5,3,0.5,nsigma,1,1.0,1.0,0.0,1,1,1,23,177.78550001094118,catalogue|front-end|queue-master|shipping|orders,catalogue_istio-latency-90,0.4838709677419355,15,31,0.4838709677419355,0.4838709677419355,15,15,15,0.5,baseline-v2-20260723,cd270e7871bd358937d83d9a49829637fa80007d2964084ef229f578e3733bd3,ba75425861a059dafcc477474fc3e4ed1eafdc2b47d6fdd0557337035d29a960,586e2e075f085ac00ffc1686807038a6a2e69736c692096079d53586f66f4943,3527857,1693129654000000000,300
SS/catalogue_loss/3,SS,catalogue,loss,3,300,300,stream,0.5,4,0.5,baro,1,1.0,1.0,0.0,1,1,1,23,216.38509997865185,catalogue|shipping|session-db|queue-master|front-end,catalogue_istio-latency-95,0.5483870967741935,17,31,0.5483870967741935,0.5483870967741935,17,17,17,0.5,baseline-v2-20260723,cd270e7871bd358937d83d9a49829637fa80007d2964084ef229f578e3733bd3,ba75425861a059dafcc477474fc3e4ed1eafdc2b47d6fdd0557337035d29a960,586e2e075f085ac00ffc1686807038a6a2e69736c692096079d53586f66f4943,3527857,1693129654000000000,300
SS/catalogue_loss/3,SS,catalogue,loss,3,300,300,stream,0.5,4,0.5,median_shift,1,1.0,1.0,0.0,1,1,1,23,106.59549996489659,catalogue|orders|session-db|user|catalogue-db,catalogue_container-memory-max-usage-bytes,0.5483870967741935,17,31,0.5483870967741935,0.5483870967741935,17,17,17,0.5,baseline-v2-20260723,cd270e7871bd358937d83d9a49829637fa80007d2964084ef229f578e3733bd3,ba75425861a059dafcc477474fc3e4ed1eafdc2b47d6fdd0557337035d29a960,586e2e075f085ac00ffc1686807038a6a2e69736c692096079d53586f66f4943,3527857,1693129654000000000,300
SS/catalogue_loss/3,SS,catalogue,loss,3,300,300,stream,0.5,4,0.5,nsigma,1,1.0,1.0,0.0,1,1,1,23,183.9388000080362,catalogue|queue-master|front-end|shipping|carts,catalogue_istio-latency-95,0.5483870967741935,17,31,0.5483870967741935,0.5483870967741935,17,17,17,0.5,baseline-v2-20260723,cd270e7871bd358937d83d9a49829637fa80007d2964084ef229f578e3733bd3,ba75425861a059dafcc477474fc3e4ed1eafdc2b47d6fdd0557337035d29a960,586e2e075f085ac00ffc1686807038a6a2e69736c692096079d53586f66f4943,3527857,1693129654000000000,300
SS/catalogue_loss/3,SS,catalogue,loss,3,300,300,stream,0.5,5,0.5,baro,1,1.0,1.0,0.0,1,1,1,23,249.9190999660641,catalogue|shipping|front-end|session-db|user,catalogue_istio-latency-95,0.6774193548387096,21,31,0.6774193548387096,0.6774193548387096,21,21,21,0.5,baseline-v2-20260723,cd270e7871bd358937d83d9a49829637fa80007d2964084ef229f578e3733bd3,ba75425861a059dafcc477474fc3e4ed1eafdc2b47d6fdd0557337035d29a960,586e2e075f085ac00ffc1686807038a6a2e69736c692096079d53586f66f4943,3527857,1693129654000000000,300
SS/catalogue_loss/3,SS,catalogue,loss,3,300,300,stream,0.5,5,0.5,median_shift,1,1.0,1.0,0.0,1,1,1,23,65.65709999995306,catalogue|orders|user|catalogue-db|front-end,catalogue_container-memory-max-usage-bytes,0.6774193548387096,21,31,0.6774193548387096,0.6774193548387096,21,21,21,0.5,baseline-v2-20260723,cd270e7871bd358937d83d9a49829637fa80007d2964084ef229f578e3733bd3,ba75425861a059dafcc477474fc3e4ed1eafdc2b47d6fdd0557337035d29a960,586e2e075f085ac00ffc1686807038a6a2e69736c692096079d53586f66f4943,3527857,1693129654000000000,300
SS/catalogue_loss/3,SS,catalogue,loss,3,300,300,stream,0.5,5,0.5,nsigma,1,1.0,1.0,0.0,1,1,1,23,210.10880003450438,catalogue|front-end|shipping|user|payment,catalogue_istio-latency-95,0.6774193548387096,21,31,0.6774193548387096,0.6774193548387096,21,21,21,0.5,baseline-v2-20260723,cd270e7871bd358937d83d9a49829637fa80007d2964084ef229f578e3733bd3,ba75425861a059dafcc477474fc3e4ed1eafdc2b47d6fdd0557337035d29a960,586e2e075f085ac00ffc1686807038a6a2e69736c692096079d53586f66f4943,3527857,1693129654000000000,300
SS/catalogue_loss/3,SS,catalogue,loss,3,300,300,stream,0.5,6,0.5,baro,1,1.0,1.0,0.0,1,1,1,23,251.0224999859929,catalogue|shipping|front-end|queue-master|orders,catalogue_istio-latency-95,0.3548387096774194,11,31,0.3548387096774194,0.3548387096774194,11,11,11,0.5,baseline-v2-20260723,cd270e7871bd358937d83d9a49829637fa80007d2964084ef229f578e3733bd3,ba75425861a059dafcc477474fc3e4ed1eafdc2b47d6fdd0557337035d29a960,586e2e075f085ac00ffc1686807038a6a2e69736c692096079d53586f66f4943,3527857,1693129654000000000,300
SS/catalogue_loss/3,SS,catalogue,loss,3,300,300,stream,0.5,6,0.5,median_shift,1,1.0,1.0,0.0,1,1,1,23,75.06760000251234,catalogue|session-db|user|queue-master|catalogue-db,catalogue_container-memory-max-usage-bytes,0.3548387096774194,11,31,0.3548387096774194,0.3548387096774194,11,11,11,0.5,baseline-v2-20260723,cd270e7871bd358937d83d9a49829637fa80007d2964084ef229f578e3733bd3,ba75425861a059dafcc477474fc3e4ed1eafdc2b47d6fdd0557337035d29a960,586e2e075f085ac00ffc1686807038a6a2e69736c692096079d53586f66f4943,3527857,1693129654000000000,300
SS/catalogue_loss/3,SS,catalogue,loss,3,300,300,stream,0.5,6,0.5,nsigma,1,1.0,1.0,0.0,1,1,1,23,242.3428999609314,catalogue|front-end|queue-master|shipping|orders,catalogue_istio-latency-95,0.3548387096774194,11,31,0.3548387096774194,0.3548387096774194,11,11,11,0.5,baseline-v2-20260723,cd270e7871bd358937d83d9a49829637fa80007d2964084ef229f578e3733bd3,ba75425861a059dafcc477474fc3e4ed1eafdc2b47d6fdd0557337035d29a960,586e2e075f085ac00ffc1686807038a6a2e69736c692096079d53586f66f4943,3527857,1693129654000000000,300
SS/catalogue_loss/3,SS,catalogue,loss,3,300,300,stream,0.5,7,0.5,baro,1,1.0,1.0,0.0,1,1,1,23,233.51769999135286,catalogue|shipping|front-end|orders|user,catalogue_istio-latency-90,0.41935483870967744,13,31,0.41935483870967744,0.41935483870967744,13,13,13,0.5,baseline-v2-20260723,cd270e7871bd358937d83d9a49829637fa80007d2964084ef229f578e3733bd3,ba75425861a059dafcc477474fc3e4ed1eafdc2b47d6fdd0557337035d29a960,586e2e075f085ac00ffc1686807038a6a2e69736c692096079d53586f66f4943,3527857,1693129654000000000,300
SS/catalogue_loss/3,SS,catalogue,loss,3,300,300,stream,0.5,7,0.5,median_shift,2,0.5,0.8,0.045454545454545456,0,1,1,23,80.25980001548305,catalogue-db|catalogue|user|front-end|payment,catalogue-db_container-memory-failures-total,0.41935483870967744,13,31,0.41935483870967744,0.41935483870967744,13,13,13,0.5,baseline-v2-20260723,cd270e7871bd358937d83d9a49829637fa80007d2964084ef229f578e3733bd3,ba75425861a059dafcc477474fc3e4ed1eafdc2b47d6fdd0557337035d29a960,586e2e075f085ac00ffc1686807038a6a2e69736c692096079d53586f66f4943,3527857,1693129654000000000,300
SS/catalogue_loss/3,SS,catalogue,loss,3,300,300,stream,0.5,7,0.5,nsigma,1,1.0,1.0,0.0,1,1,1,23,224.2648999672383,catalogue|shipping|orders|front-end|user,catalogue_istio-latency-90,0.41935483870967744,13,31,0.41935483870967744,0.41935483870967744,13,13,13,0.5,baseline-v2-20260723,cd270e7871bd358937d83d9a49829637fa80007d2964084ef229f578e3733bd3,ba75425861a059dafcc477474fc3e4ed1eafdc2b47d6fdd0557337035d29a960,586e2e075f085ac00ffc1686807038a6a2e69736c692096079d53586f66f4943,3527857,1693129654000000000,300
SS/catalogue_loss/3,SS,catalogue,loss,3,300,300,stream,0.5,8,0.5,baro,1,1.0,1.0,0.0,1,1,1,23,272.5434000021778,catalogue|session-db|queue-master|shipping|user,catalogue_istio-latency-90,0.3870967741935484,12,31,0.3870967741935484,0.3870967741935484,12,12,12,0.5,baseline-v2-20260723,cd270e7871bd358937d83d9a49829637fa80007d2964084ef229f578e3733bd3,ba75425861a059dafcc477474fc3e4ed1eafdc2b47d6fdd0557337035d29a960,586e2e075f085ac00ffc1686807038a6a2e69736c692096079d53586f66f4943,3527857,1693129654000000000,300
SS/catalogue_loss/3,SS,catalogue,loss,3,300,300,stream,0.5,8,0.5,median_shift,2,0.5,0.8,0.045454545454545456,0,1,1,23,77.91220000945032,catalogue-db|catalogue|orders|session-db|user,catalogue-db_container-memory-failures-total,0.3870967741935484,12,31,0.3870967741935484,0.3870967741935484,12,12,12,0.5,baseline-v2-20260723,cd270e7871bd358937d83d9a49829637fa80007d2964084ef229f578e3733bd3,ba75425861a059dafcc477474fc3e4ed1eafdc2b47d6fdd0557337035d29a960,586e2e075f085ac00ffc1686807038a6a2e69736c692096079d53586f66f4943,3527857,1693129654000000000,300
SS/catalogue_loss/3,SS,catalogue,loss,3,300,300,stream,0.5,8,0.5,nsigma,1,1.0,1.0,0.0,1,1,1,23,221.56819998053834,catalogue|queue-master|shipping|user|carts,catalogue_istio-latency-90,0.3870967741935484,12,31,0.3870967741935484,0.3870967741935484,12,12,12,0.5,baseline-v2-20260723,cd270e7871bd358937d83d9a49829637fa80007d2964084ef229f578e3733bd3,ba75425861a059dafcc477474fc3e4ed1eafdc2b47d6fdd0557337035d29a960,586e2e075f085ac00ffc1686807038a6a2e69736c692096079d53586f66f4943,3527857,1693129654000000000,300
SS/catalogue_loss/3,SS,catalogue,loss,3,300,300,stream,0.5,9,0.5,baro,1,1.0,1.0,0.0,1,1,1,23,242.50089999986812,catalogue|front-end|orders|user|carts,catalogue_istio-latency-95,0.5483870967741935,17,31,0.5483870967741935,0.5483870967741935,17,17,17,0.5,baseline-v2-20260723,cd270e7871bd358937d83d9a49829637fa80007d2964084ef229f578e3733bd3,ba75425861a059dafcc477474fc3e4ed1eafdc2b47d6fdd0557337035d29a960,586e2e075f085ac00ffc1686807038a6a2e69736c692096079d53586f66f4943,3527857,1693129654000000000,300
SS/catalogue_loss/3,SS,catalogue,loss,3,300,300,stream,0.5,9,0.5,median_shift,2,0.5,0.8,0.045454545454545456,0,1,1,23,71.46319997264072,catalogue-db|catalogue|orders|session-db|user,catalogue-db_container-memory-failures-total,0.5483870967741935,17,31,0.5483870967741935,0.5483870967741935,17,17,17,0.5,baseline-v2-20260723,cd270e7871bd358937d83d9a49829637fa80007d2964084ef229f578e3733bd3,ba75425861a059dafcc477474fc3e4ed1eafdc2b47d6fdd0557337035d29a960,586e2e075f085ac00ffc1686807038a6a2e69736c692096079d53586f66f4943,3527857,1693129654000000000,300
SS/catalogue_loss/3,SS,catalogue,loss,3,300,300,stream,0.5,9,0.5,nsigma,1,1.0,1.0,0.0,1,1,1,23,215.13710002182052,catalogue|front-end|orders|carts|payment,catalogue_istio-latency-95,0.5483870967741935,17,31,0.5483870967741935,0.5483870967741935,17,17,17,0.5,baseline-v2-20260723,cd270e7871bd358937d83d9a49829637fa80007d2964084ef229f578e3733bd3,ba75425861a059dafcc477474fc3e4ed1eafdc2b47d6fdd0557337035d29a960,586e2e075f085ac00ffc1686807038a6a2e69736c692096079d53586f66f4943,3527857,1693129654000000000,300
