case_id,system,root_service,fault,repetition,n_pre,n_post,mechanism,rate,replicate,realized_rate,method,rank,reciprocal_rank,avg_at_5,normalized_rank,hit_at_1,hit_at_3,hit_at_5,candidate_count,elapsed_ms,top_5,top_evidence_metric,root_observed_fraction,root_streams_available,root_streams_total,root_pre_observed_fraction,root_post_observed_fraction,root_streams_pre_available,root_streams_post_available,root_streams_scorable,observed_fraction,runner_version,code_hash,config_fingerprint,source_fingerprint,source_size,source_mtime_ns,window
SS/orders_disk/2,SS,orders,disk,2,300,300,burst,0.1,0,0.09957797904120631,baro,4,0.25,0.4,0.15,0,0,1,21,365.0164999999106,10-192-15-196-9100|10-192-15-197-9100|session-db|orders|front-end,10-192-15-196-9100_node-disk-writes-completed-total,0.848,35,35,0.8014285714285714,0.8945714285714286,31,35,31,0.8957075471698113,baseline-v2-20260723,cd270e7871bd358937d83d9a49829637fa80007d2964084ef229f578e3733bd3,ba75425861a059dafcc477474fc3e4ed1eafdc2b47d6fdd0557337035d29a960,c04d3487bb6b47e7648184373ca01607429ccef3a53dff050abe81c05ca1e9b1,3398715,1702389634000000000,300
SS/orders_disk/2,SS,orders,disk,2,300,300,burst,0.1,0,0.09957797904120631,median_shift,1,1.0,1.0,0.0,1,1,1,21,144.71240004058927,orders|10-192-15-196-9100|payment|rabbitmq|10-192-15-197-9100,orders_container-memory-cache,0.848,35,35,0.8014285714285714,0.8945714285714286,31,35,31,0.8957075471698113,baseline-v2-20260723,cd270e7871bd358937d83d9a49829637fa80007d2964084ef229f578e3733bd3,ba75425861a059dafcc477474fc3e4ed1eafdc2b47d6fdd0557337035d29a960,c04d3487bb6b47e7648184373ca01607429ccef3a53dff050abe81c05ca1e9b1,3398715,1702389634000000000,300
SS/orders_disk/2,SS,orders,disk,2,300,300,burst,0.1,0,0.09957797904120631,nsigma,2,0.5,0.8,0.05,0,1,1,21,316.3353000418283,10-192-15-196-9100|orders|payment|rabbitmq|catalogue,10-192-15-196-9100_node-disk-writes-completed-total,0.848,35,35,0.8014285714285714,0.8945714285714286,31,35,31,0.8957075471698113,baseline-v2-20260723,cd270e7871bd358937d83d9a49829637fa80007d2964084ef229f578e3733bd3,ba75425861a059dafcc477474fc3e4ed1eafdc2b47d6fdd0557337035d29a960,c04d3487bb6b47e7648184373ca01607429ccef3a53dff050abe81c05ca1e9b1,3398715,1702389634000000000,300
SS/orders_disk/2,SS,orders,disk,2,300,300,burst,0.1,1,0.10051843773215104,baro,4,0.25,0.4,0.15,0,0,1,21,366.1444000317715,10-192-15-196-9100|10-192-15-197-9100|session-db|orders|front-end,10-192-15-196-9100_node-disk-writes-completed-total,0.8366666666666667,35,35,0.7991428571428572,0.8741904761904762,31,35,31,0.8947720125786164,baseline-v2-20260723,cd270e7871bd358937d83d9a49829637fa80007d2964084ef229f578e3733bd3,ba75425861a059dafcc477474fc3e4ed1eafdc2b47d6fdd0557337035d29a960,c04d3487bb6b47e7648184373ca01607429ccef3a53dff050abe81c05ca1e9b1,3398715,1702389634000000000,300
SS/orders_disk/2,SS,orders,disk,2,300,300,burst,0.1,1,0.10051843773215104,median_shift,1,1.0,1.0,0.0,1,1,1,21,97.1315000206232,orders|10-192-15-196-9100|front-end|payment|rabbitmq,orders_container-memory-cache,0.8366666666666667,35,35,0.7991428571428572,0.8741904761904762,31,35,31,0.8947720125786164,baseline-v2-20260723,cd270e7871bd358937d83d9a49829637fa80007d2964084ef229f578e3733bd3,ba75425861a059dafcc477474fc3e4ed1eafdc2b47d6fdd0557337035d29a960,c04d3487bb6b47e7648184373ca01607429ccef3a53dff050abe81c05ca1e9b1,3398715,1702389634000000000,300
SS/orders_disk/2,SS,orders,disk,2,300,300,burst,0.1,1,0.10051843773215104,nsigma,2,0.5,0.8,0.05,0,1,1,21,349.4119999813847,10-192-15-196-9100|orders|payment|rabbitmq|catalogue,10-192-15-196-9100_node-disk-writes-completed-total,0.8366666666666667,35,35,0.7991428571428572,0.8741904761904762,31,35,31,0.8947720125786164,baseline-v2-20260723,cd270e7871bd358937d83d9a49829637fa80007d2964084ef229f578e3733bd3,ba75425861a059dafcc477474fc3e4ed1eafdc2b47d6fdd0557337035d29a960,c04d3487bb6b47e7648184373ca01607429ccef3a53dff050abe81c05ca1e9b1,3398715,1702389634000000000,300
SS/orders_disk/2,SS,orders,disk,2,300,300,burst,0.1,2,0.1000521598937835,baro,4,0.25,0.4,0.15,0,0,1,21,326.77639997564256,10-192-15-196-9100|10-192-15-197-9100|session-db|orders|rabbitmq,10-192-15-196-9100_node-disk-writes-completed-total,0.8422857142857143,35,35,0.7875238095238095,0.8970476190476191,31,35,31,0.8952358490566038,baseline-v2-20260723,cd270e7871bd358937d83d9a49829637fa80007d2964084ef229f578e3733bd3,ba75425861a059dafcc477474fc3e4ed1eafdc2b47d6fdd0557337035d29a960,c04d3487bb6b47e7648184373ca01607429ccef3a53dff050abe81c05ca1e9b1,3398715,1702389634000000000,300
SS/orders_disk/2,SS,orders,disk,2,300,300,burst,0.1,2,0.1000521598937835,median_shift,1,1.0,1.0,0.0,1,1,1,21,107.85090003628284,orders|10-192-15-196-9100|front-end|payment|rabbitmq,orders_container-memory-cache,0.8422857142857143,35,35,0.7875238095238095,0.8970476190476191,31,35,31,0.8952358490566038,baseline-v2-20260723,cd270e7871bd358937d83d9a49829637fa80007d2964084ef229f578e3733bd3,ba75425861a059dafcc477474fc3e4ed1eafdc2b47d6fdd0557337035d29a960,c04d3487bb6b47e7648184373ca01607429ccef3a53dff050abe81c05ca1e9b1,3398715,1702389634000000000,300
SS/orders_disk/2,SS,orders,disk,2,300,300,burst,0.1,2,0.1000521598937835,nsigma,2,0.5,0.8,0.05,0,1,1,21,331.15829998860136,10-192-15-196-9100|orders|payment|rabbitmq|catalogue,10-192-15-196-9100_node-disk-writes-completed-total,0.8422857142857143,35,35,0.7875238095238095,0.8970476190476191,31,35,31,0.8952358490566038,baseline-v2-20260723,cd270e7871bd358937d83d9a49829637fa80007d2964084ef229f578e3733bd3,ba75425861a059dafcc477474fc3e4ed1eafdc2b47d6fdd0557337035d29a960,c04d3487bb6b47e7648184373ca01607429ccef3a53dff050abe81c05ca1e9b1,3398715,1702389634000000000,300
SS/orders_disk/2,SS,orders,disk,2,300,300,burst,0.1,3,0.0998150694674949,baro,4,0.25,0.4,0.15,0,0,1,21,343.3047999860719,10-192-15-196-9100|10-192-15-197-9100|session-db|orders|payment,10-192-15-196-9100_node-disk-writes-completed-total,0.8451428571428572,35,35,0.8061904761904762,0.884095238095238,31,35,31,0.8954716981132076,baseline-v2-20260723,cd270e7871bd358937d83d9a49829637fa80007d2964084ef229f578e3733bd3,ba75425861a059dafcc477474fc3e4ed1eafdc2b47d6fdd0557337035d29a960,c04d3487bb6b47e7648184373ca01607429ccef3a53dff050abe81c05ca1e9b1,3398715,1702389634000000000,300
SS/orders_disk/2,SS,orders,disk,2,300,300,burst,0.1,3,0.0998150694674949,median_shift,1,1.0,1.0,0.0,1,1,1,21,99.53899995889515,orders|10-192-15-196-9100|front-end|payment|rabbitmq,orders_container-memory-cache,0.8451428571428572,35,35,0.8061904761904762,0.884095238095238,31,35,31,0.8954716981132076,baseline-v2-20260723,cd270e7871bd358937d83d9a49829637fa80007d2964084ef229f578e3733bd3,ba75425861a059dafcc477474fc3e4ed1eafdc2b47d6fdd0557337035d29a960,c04d3487bb6b47e7648184373ca01607429ccef3a53dff050abe81c05ca1e9b1,3398715,1702389634000000000,300
SS/orders_disk/2,SS,orders,disk,2,300,300,burst,0.1,3,0.0998150694674949,nsigma,2,0.5,0.8,0.05,0,1,1,21,307.0909999660216,10-192-15-196-9100|orders|payment|rabbitmq|catalogue,10-192-15-196-9100_node-disk-writes-completed-total,0.8451428571428572,35,35,0.8061904761904762,0.884095238095238,31,35,31,0.8954716981132076,baseline-v2-20260723,cd270e7871bd358937d83d9a49829637fa80007d2964084ef229f578e3733bd3,ba75425861a059dafcc477474fc3e4ed1eafdc2b47d6fdd0557337035d29a960,c04d3487bb6b47e7648184373ca01607429ccef3a53dff050abe81c05ca1e9b1,3398715,1702389634000000000,300
SS/orders_disk/2,SS,orders,disk,2,300,300,burst,0.1,4,0.0998150694674949,baro,4,0.25,0.4,0.15,0,0,1,21,421.2211000267416,10-192-15-196-9100|10-192-15-197-9100|session-db|orders|front-end,10-192-15-196-9100_node-disk-writes-completed-total,0.8451428571428572,35,35,0.8285714285714286,0.8617142857142858,31,35,31,0.8954716981132076,baseline-v2-20260723,cd270e7871bd358937d83d9a49829637fa80007d2964084ef229f578e3733bd3,ba75425861a059dafcc477474fc3e4ed1eafdc2b47d6fdd0557337035d29a960,c04d3487bb6b47e7648184373ca01607429ccef3a53dff050abe81c05ca1e9b1,3398715,1702389634000000000,300
SS/orders_disk/2,SS,orders,disk,2,300,300,burst,0.1,4,0.0998150694674949,median_shift,1,1.0,1.0,0.0,1,1,1,21,100.35400005290285,orders|10-192-15-196-9100|front-end|payment|rabbitmq,orders_container-memory-cache,0.8451428571428572,35,35,0.8285714285714286,0.8617142857142858,31,35,31,0.8954716981132076,baseline-v2-20260723,cd270e7871bd358937d83d9a49829637fa80007d2964084ef229f578e3733bd3,ba75425861a059dafcc477474fc3e4ed1eafdc2b47d6fdd0557337035d29a960,c04d3487bb6b47e7648184373ca01607429ccef3a53dff050abe81c05ca1e9b1,3398715,1702389634000000000,300
SS/orders_disk/2,SS,orders,disk,2,300,300,burst,0.1,4,0.0998150694674949,nsigma,2,0.5,0.8,0.05,0,1,1,21,264.6011000033468,10-192-15-196-9100|orders|payment|rabbitmq|catalogue,10-192-15-196-9100_node-disk-writes-completed-total,0.8451428571428572,35,35,0.8285714285714286,0.8617142857142858,31,35,31,0.8954716981132076,baseline-v2-20260723,cd270e7871bd358937d83d9a49829637fa80007d2964084ef229f578e3733bd3,ba75425861a059dafcc477474fc3e4ed1eafdc2b47d6fdd0557337035d29a960,c04d3487bb6b47e7648184373ca01607429ccef3a53dff050abe81c05ca1e9b1,3398715,1702389634000000000,300
SS/orders_disk/2,SS,orders,disk,2,300,300,burst,0.1,5,0.09990990563801033,baro,4,0.25,0.4,0.15,0,0,1,21,378.8796000299044,10-192-15-196-9100|10-192-15-197-9100|session-db|orders|front-end,10-192-15-196-9100_node-disk-writes-completed-total,0.844,35,35,0.7923809523809524,0.8956190476190476,31,35,31,0.895377358490566,baseline-v2-20260723,cd270e7871bd358937d83d9a49829637fa80007d2964084ef229f578e3733bd3,ba75425861a059dafcc477474fc3e4ed1eafdc2b47d6fdd0557337035d29a960,c04d3487bb6b47e7648184373ca01607429ccef3a53dff050abe81c05ca1e9b1,3398715,1702389634000000000,300
SS/orders_disk/2,SS,orders,disk,2,300,300,burst,0.1,5,0.09990990563801033,median_shift,1,1.0,1.0,0.0,1,1,1,21,120.34770002355799,orders|10-192-15-196-9100|front-end|payment|rabbitmq,orders_container-memory-cache,0.844,35,35,0.7923809523809524,0.8956190476190476,31,35,31,0.895377358490566,baseline-v2-20260723,cd270e7871bd358937d83d9a49829637fa80007d2964084ef229f578e3733bd3,ba75425861a059dafcc477474fc3e4ed1eafdc2b47d6fdd0557337035d29a960,c04d3487bb6b47e7648184373ca01607429ccef3a53dff050abe81c05ca1e9b1,3398715,1702389634000000000,300
SS/orders_disk/2,SS,orders,disk,2,300,300,burst,0.1,5,0.09990990563801033,nsigma,2,0.5,0.8,0.05,0,1,1,21,303.32510004518554,10-192-15-196-9100|orders|payment|rabbitmq|catalogue,10-192-15-196-9100_node-disk-writes-completed-total,0.844,35,35,0.7923809523809524,0.8956190476190476,31,35,31,0.895377358490566,baseline-v2-20260723,cd270e7871bd358937d83d9a49829637fa80007d2964084ef229f578e3733bd3,ba75425861a059dafcc477474fc3e4ed1eafdc2b47d6fdd0557337035d29a960,c04d3487bb6b47e7648184373ca01607429ccef3a53dff050abe81c05ca1e9b1,3398715,1702389634000000000,300
SS/orders_disk/2,SS,orders,disk,2,300,300,burst,0.1,6,0.0998150694674949,baro,3,0.3333333333333333,0.6,0.1,0,1,1,21,305.57479994604364,10-192-15-196-9100|session-db|orders|front-end|rabbitmq,10-192-15-196-9100_node-disk-writes-completed-total,0.8451428571428572,35,35,0.8216190476190476,0.8686666666666667,31,35,31,0.8954716981132076,baseline-v2-20260723,cd270e7871bd358937d83d9a49829637fa80007d2964084ef229f578e3733bd3,ba75425861a059dafcc477474fc3e4ed1eafdc2b47d6fdd0557337035d29a960,c04d3487bb6b47e7648184373ca01607429ccef3a53dff050abe81c05ca1e9b1,3398715,1702389634000000000,300
SS/orders_disk/2,SS,orders,disk,2,300,300,burst,0.1,6,0.0998150694674949,median_shift,1,1.0,1.0,0.0,1,1,1,21,94.6881000418216,orders|10-192-15-196-9100|front-end|payment|rabbitmq,orders_container-memory-cache,0.8451428571428572,35,35,0.8216190476190476,0.8686666666666667,31,35,31,0.8954716981132076,baseline-v2-20260723,cd270e7871bd358937d83d9a49829637fa80007d2964084ef229f578e3733bd3,ba75425861a059dafcc477474fc3e4ed1eafdc2b47d6fdd0557337035d29a960,c04d3487bb6b47e7648184373ca01607429ccef3a53dff050abe81c05ca1e9b1,3398715,1702389634000000000,300
SS/orders_disk/2,SS,orders,disk,2,300,300,burst,0.1,6,0.0998150694674949,nsigma,2,0.5,0.8,0.05,0,1,1,21,240.14519999036565,10-192-15-196-9100|orders|payment|rabbitmq|catalogue,10-192-15-196-9100_node-disk-writes-completed-total,0.8451428571428572,35,35,0.8216190476190476,0.8686666666666667,31,35,31,0.8954716981132076,baseline-v2-20260723,cd270e7871bd358937d83d9a49829637fa80007d2964084ef229f578e3733bd3,ba75425861a059dafcc477474fc3e4ed1eafdc2b47d6fdd0557337035d29a960,c04d3487bb6b47e7648184373ca01607429ccef3a53dff050abe81c05ca1e9b1,3398715,1702389634000000000,300
SS/orders_disk/2,SS,orders,disk,2,300,300,burst,0.1,7,0.10052634074636066,baro,4,0.25,0.4,0.15,0,0,1,21,294.65720005100593,10-192-15-196-9100|10-192-15-197-9100|session-db|orders|payment,10-192-15-196-9100_node-disk-writes-completed-total,0.8365714285714285,35,35,0.7794285714285715,0.8937142857142857,31,35,31,0.8947641509433962,baseline-v2-20260723,cd270e7871bd358937d83d9a49829637fa80007d2964084ef229f578e3733bd3,ba75425861a059dafcc477474fc3e4ed1eafdc2b47d6fdd0557337035d29a960,c04d3487bb6b47e7648184373ca01607429ccef3a53dff050abe81c05ca1e9b1,3398715,1702389634000000000,300
SS/orders_disk/2,SS,orders,disk,2,300,300,burst,0.1,7,0.10052634074636066,median_shift,1,1.0,1.0,0.0,1,1,1,21,125.77059998875484,orders|10-192-15-196-9100|front-end|payment|rabbitmq,orders_container-memory-cache,0.8365714285714285,35,35,0.7794285714285715,0.8937142857142857,31,35,31,0.8947641509433962,baseline-v2-20260723,cd270e7871bd358937d83d9a49829637fa80007d2964084ef229f578e3733bd3,ba75425861a059dafcc477474fc3e4ed1eafdc2b47d6fdd0557337035d29a960,c04d3487bb6b47e7648184373ca01607429ccef3a53dff050abe81c05ca1e9b1,3398715,1702389634000000000,300
SS/orders_disk/2,SS,orders,disk,2,300,300,burst,0.1,7,0.10052634074636066,nsigma,2,0.5,0.8,0.05,0,1,1,21,281.83829999761656,10-192-15-196-9100|orders|payment|rabbitmq|catalogue,10-192-15-196-9100_node-disk-writes-completed-total,0.8365714285714285,35,35,0.7794285714285715,0.8937142857142857,31,35,31,0.8947641509433962,baseline-v2-20260723,cd270e7871bd358937d83d9a49829637fa80007d2964084ef229f578e3733bd3,ba75425861a059dafcc477474fc3e4ed1eafdc2b47d6fdd0557337035d29a960,c04d3487bb6b47e7648184373ca01607429ccef3a53dff050abe81c05ca1e9b1,3398715,1702389634000000000,300
SS/orders_disk/2,SS,orders,disk,2,300,300,burst,0.1,8,0.0998150694674949,baro,4,0.25,0.4,0.15,0,0,1,21,429.98929996974766,10-192-15-196-9100|10-192-15-197-9100|session-db|orders|payment,10-192-15-196-9100_node-disk-writes-completed-total,0.8451428571428572,35,35,0.7901904761904762,0.9000952380952381,31,35,31,0.8954716981132076,baseline-v2-20260723,cd270e7871bd358937d83d9a49829637fa80007d2964084ef229f578e3733bd3,ba75425861a059dafcc477474fc3e4ed1eafdc2b47d6fdd0557337035d29a960,c04d3487bb6b47e7648184373ca01607429ccef3a53dff050abe81c05ca1e9b1,3398715,1702389634000000000,300
SS/orders_disk/2,SS,orders,disk,2,300,300,burst,0.1,8,0.0998150694674949,median_shift,1,1.0,1.0,0.0,1,1,1,21,82.66030001686886,orders|10-192-15-196-9100|front-end|payment|rabbitmq,orders_container-memory-cache,0.8451428571428572,35,35,0.7901904761904762,0.9000952380952381,31,35,31,0.8954716981132076,baseline-v2-20260723,cd270e7871bd358937d83d9a49829637fa80007d2964084ef229f578e3733bd3,ba75425861a059dafcc477474fc3e4ed1eafdc2b47d6fdd0557337035d29a960,c04d3487bb6b47e7648184373ca01607429ccef3a53dff050abe81c05ca1e9b1,3398715,1702389634000000000,300
SS/orders_disk/2,SS,orders,disk,2,300,300,burst,0.1,8,0.0998150694674949,nsigma,2,0.5,0.8,0.05,0,1,1,21,371.5346999815665,10-192-15-196-9100|orders|payment|rabbitmq|catalogue,10-192-15-196-9100_node-disk-writes-completed-total,0.8451428571428572,35,35,0.7901904761904762,0.9000952380952381,31,35,31,0.8954716981132076,baseline-v2-20260723,cd270e7871bd358937d83d9a49829637fa80007d2964084ef229f578e3733bd3,ba75425861a059dafcc477474fc3e4ed1eafdc2b47d6fdd0557337035d29a960,c04d3487bb6b47e7648184373ca01607429ccef3a53dff050abe81c05ca1e9b1,3398715,1702389634000000000,300
SS/orders_disk/2,SS,orders,disk,2,300,300,burst,0.1,9,0.0998150694674949,baro,4,0.25,0.4,0.15,0,0,1,21,308.85359999956563,10-192-15-196-9100|10-192-15-197-9100|session-db|orders|rabbitmq,10-192-15-196-9100_node-disk-writes-completed-total,0.8451428571428572,35,35,0.7757142857142857,0.9145714285714286,31,35,31,0.8954716981132076,baseline-v2-20260723,cd270e7871bd358937d83d9a49829637fa80007d2964084ef229f578e3733bd3,ba75425861a059dafcc477474fc3e4ed1eafdc2b47d6fdd0557337035d29a960,c04d3487bb6b47e7648184373ca01607429ccef3a53dff050abe81c05ca1e9b1,3398715,1702389634000000000,300
SS/orders_disk/2,SS,orders,disk,2,300,300,burst,0.1,9,0.0998150694674949,median_shift,1,1.0,1.0,0.0,1,1,1,21,100.76650005066767,orders|10-192-15-196-9100|front-end|payment|rabbitmq,orders_container-memory-cache,0.8451428571428572,35,35,0.7757142857142857,0.9145714285714286,31,35,31,0.8954716981132076,baseline-v2-20260723,cd270e7871bd358937d83d9a49829637fa80007d2964084ef229f578e3733bd3,ba75425861a059dafcc477474fc3e4ed1eafdc2b47d6fdd0557337035d29a960,c04d3487bb6b47e7648184373ca01607429ccef3a53dff050abe81c05ca1e9b1,3398715,1702389634000000000,300
SS/orders_disk/2,SS,orders,disk,2,300,300,burst,0.1,9,0.0998150694674949,nsigma,2,0.5,0.8,0.05,0,1,1,21,248.1551999808289,10-192-15-196-9100|orders|payment|rabbitmq|catalogue,10-192-15-196-9100_node-disk-writes-completed-total,0.8451428571428572,35,35,0.7757142857142857,0.9145714285714286,31,35,31,0.8954716981132076,baseline-v2-20260723,cd270e7871bd358937d83d9a49829637fa80007d2964084ef229f578e3733bd3,ba75425861a059dafcc477474fc3e4ed1eafdc2b47d6fdd0557337035d29a960,c04d3487bb6b47e7648184373ca01607429ccef3a53dff050abe81c05ca1e9b1,3398715,1702389634000000000,300
SS/orders_disk/2,SS,orders,disk,2,300,300,burst,0.3,0,0.30047260024973527,baro,7,0.14285714285714285,0.0,0.3,0,0,0,21,355.11780000524595,carts|carts-db|10-192-15-196-9100|shipping|orders-db,carts_container-memory-rss,0.6499047619047619,35,35,0.6774285714285714,0.6223809523809524,31,35,31,0.6958647798742138,baseline-v2-20260723,cd270e7871bd358937d83d9a49829637fa80007d2964084ef229f578e3733bd3,ba75425861a059dafcc477474fc3e4ed1eafdc2b47d6fdd0557337035d29a960,c04d3487bb6b47e7648184373ca01607429ccef3a53dff050abe81c05ca1e9b1,3398715,1702389634000000000,300
SS/orders_disk/2,SS,orders,disk,2,300,300,burst,0.3,0,0.30047260024973527,median_shift,1,1.0,1.0,0.0,1,1,1,21,79.23030003439635,orders|payment|10-192-15-196-9100|front-end|10-192-15-195-9100,orders_container-memory-cache,0.6499047619047619,35,35,0.6774285714285714,0.6223809523809524,31,35,31,0.6958647798742138,baseline-v2-20260723,cd270e7871bd358937d83d9a49829637fa80007d2964084ef229f578e3733bd3,ba75425861a059dafcc477474fc3e4ed1eafdc2b47d6fdd0557337035d29a960,c04d3487bb6b47e7648184373ca01607429ccef3a53dff050abe81c05ca1e9b1,3398715,1702389634000000000,300
SS/orders_disk/2,SS,orders,disk,2,300,300,burst,0.3,0,0.30047260024973527,nsigma,2,0.5,0.8,0.05,0,1,1,21,361.5294999908656,10-192-15-196-9100|orders|rabbitmq|payment|carts,10-192-15-196-9100_node-disk-writes-completed-total,0.6499047619047619,35,35,0.6774285714285714,0.6223809523809524,31,35,31,0.6958647798742138,baseline-v2-20260723,cd270e7871bd358937d83d9a49829637fa80007d2964084ef229f578e3733bd3,ba75425861a059dafcc477474fc3e4ed1eafdc2b47d6fdd0557337035d29a960,c04d3487bb6b47e7648184373ca01607429ccef3a53dff050abe81c05ca1e9b1,3398715,1702389634000000000,300
SS/orders_disk/2,SS,orders,disk,2,300,300,burst,0.3,1,0.2995242385445809,baro,3,0.3333333333333333,0.6,0.1,0,1,1,21,369.02839998947456,10-192-15-197-9100|10-192-15-196-9100|orders|user|shipping,10-192-15-197-9100_node-memory-inactive-bytes,0.6613333333333333,35,35,0.5785714285714286,0.7440952380952381,31,35,31,0.696808176100629,baseline-v2-20260723,cd270e7871bd358937d83d9a49829637fa80007d2964084ef229f578e3733bd3,ba75425861a059dafcc477474fc3e4ed1eafdc2b47d6fdd0557337035d29a960,c04d3487bb6b47e7648184373ca01607429ccef3a53dff050abe81c05ca1e9b1,3398715,1702389634000000000,300
SS/orders_disk/2,SS,orders,disk,2,300,300,burst,0.3,1,0.2995242385445809,median_shift,1,1.0,1.0,0.0,1,1,1,21,92.82769996207207,orders|payment|10-192-15-196-9100|front-end|rabbitmq,orders_container-memory-cache,0.6613333333333333,35,35,0.5785714285714286,0.7440952380952381,31,35,31,0.696808176100629,baseline-v2-20260723,cd270e7871bd358937d83d9a49829637fa80007d2964084ef229f578e3733bd3,ba75425861a059dafcc477474fc3e4ed1eafdc2b47d6fdd0557337035d29a960,c04d3487bb6b47e7648184373ca01607429ccef3a53dff050abe81c05ca1e9b1,3398715,1702389634000000000,300
SS/orders_disk/2,SS,orders,disk,2,300,300,burst,0.3,1,0.2995242385445809,nsigma,2,0.5,0.8,0.05,0,1,1,21,260.9870999585837,10-192-15-196-9100|orders|payment|front-end|carts,10-192-15-196-9100_node-disk-writes-completed-total,0.6613333333333333,35,35,0.5785714285714286,0.7440952380952381,31,35,31,0.696808176100629,baseline-v2-20260723,cd270e7871bd358937d83d9a49829637fa80007d2964084ef229f578e3733bd3,ba75425861a059dafcc477474fc3e4ed1eafdc2b47d6fdd0557337035d29a960,c04d3487bb6b47e7648184373ca01607429ccef3a53dff050abe81c05ca1e9b1,3398715,1702389634000000000,300
SS/orders_disk/2,SS,orders,disk,2,300,300,burst,0.3,2,0.2992041664690913,baro,9,0.1111111111111111,0.0,0.4,0,0,0,21,332.9174999962561,front-end|payment|10-192-15-196-9100|catalogue-db|10-192-15-197-9100,front-end_container-memory-rss,0.6651904761904762,35,35,0.6210476190476191,0.7093333333333334,31,35,31,0.697126572327044,baseline-v2-20260723,cd270e7871bd358937d83d9a49829637fa80007d2964084ef229f578e3733bd3,ba75425861a059dafcc477474fc3e4ed1eafdc2b47d6fdd0557337035d29a960,c04d3487bb6b47e7648184373ca01607429ccef3a53dff050abe81c05ca1e9b1,3398715,1702389634000000000,300
SS/orders_disk/2,SS,orders,disk,2,300,300,burst,0.3,2,0.2992041664690913,median_shift,1,1.0,1.0,0.0,1,1,1,21,115.83319999044761,orders|10-192-15-196-9100|front-end|payment|rabbitmq,orders_container-memory-cache,0.6651904761904762,35,35,0.6210476190476191,0.7093333333333334,31,35,31,0.697126572327044,baseline-v2-20260723,cd270e7871bd358937d83d9a49829637fa80007d2964084ef229f578e3733bd3,ba75425861a059dafcc477474fc3e4ed1eafdc2b47d6fdd0557337035d29a960,c04d3487bb6b47e7648184373ca01607429ccef3a53dff050abe81c05ca1e9b1,3398715,1702389634000000000,300
SS/orders_disk/2,SS,orders,disk,2,300,300,burst,0.3,2,0.2992041664690913,nsigma,2,0.5,0.8,0.05,0,1,1,21,276.61479997914284,10-192-15-196-9100|orders|payment|front-end|rabbitmq,10-192-15-196-9100_node-disk-writes-completed-total,0.6651904761904762,35,35,0.6210476190476191,0.7093333333333334,31,35,31,0.697126572327044,baseline-v2-20260723,cd270e7871bd358937d83d9a49829637fa80007d2964084ef229f578e3733bd3,ba75425861a059dafcc477474fc3e4ed1eafdc2b47d6fdd0557337035d29a960,c04d3487bb6b47e7648184373ca01607429ccef3a53dff050abe81c05ca1e9b1,3398715,1702389634000000000,300
SS/orders_disk/2,SS,orders,disk,2,300,300,burst,0.3,3,0.29937012976749333,baro,8,0.125,0.0,0.35,0,0,0,21,346.0276999976486,10-192-15-196-9100|user-db|shipping|user|10-192-15-195-9100,10-192-15-196-9100_node-memory-active-bytes,0.6631904761904762,35,35,0.6238095238095238,0.7025714285714286,31,35,31,0.6969614779874214,baseline-v2-20260723,cd270e7871bd358937d83d9a49829637fa80007d2964084ef229f578e3733bd3,ba75425861a059dafcc477474fc3e4ed1eafdc2b47d6fdd0557337035d29a960,c04d3487bb6b47e7648184373ca01607429ccef3a53dff050abe81c05ca1e9b1,3398715,1702389634000000000,300
SS/orders_disk/2,SS,orders,disk,2,300,300,burst,0.3,3,0.29937012976749333,median_shift,1,1.0,1.0,0.0,1,1,1,21,84.60249996278435,orders|10-192-15-196-9100|front-end|payment|rabbitmq,orders_container-memory-cache,0.6631904761904762,35,35,0.6238095238095238,0.7025714285714286,31,35,31,0.6969614779874214,baseline-v2-20260723,cd270e7871bd358937d83d9a49829637fa80007d2964084ef229f578e3733bd3,ba75425861a059dafcc477474fc3e4ed1eafdc2b47d6fdd0557337035d29a960,c04d3487bb6b47e7648184373ca01607429ccef3a53dff050abe81c05ca1e9b1,3398715,1702389634000000000,300
SS/orders_disk/2,SS,orders,disk,2,300,300,burst,0.3,3,0.29937012976749333,nsigma,2,0.5,0.8,0.05,0,1,1,21,251.46200001472607,10-192-15-196-9100|orders|payment|rabbitmq|catalogue,10-192-15-196-9100_node-disk-writes-completed-total,0.6631904761904762,35,35,0.6238095238095238,0.7025714285714286,31,35,31,0.6969614779874214,baseline-v2-20260723,cd270e7871bd358937d83d9a49829637fa80007d2964084ef229f578e3733bd3,ba75425861a059dafcc477474fc3e4ed1eafdc2b47d6fdd0557337035d29a960,c04d3487bb6b47e7648184373ca01607429ccef3a53dff050abe81c05ca1e9b1,3398715,1702389634000000000,300
SS/orders_disk/2,SS,orders,disk,2,300,300,burst,0.3,4,0.30010906159609274,baro,9,0.1111111111111111,0.0,0.4,0,0,0,21,332.5022999779321,10-192-15-196-9100|10-192-15-197-9100|user-db|carts-db|orders-db,10-192-15-196-9100_node-memory-active-bytes,0.6542857142857142,35,35,0.6839047619047619,0.6246666666666667,31,35,31,0.6962264150943396,baseline-v2-20260723,cd270e7871bd358937d83d9a49829637fa80007d2964084ef229f578e3733bd3,ba75425861a059dafcc477474fc3e4ed1eafdc2b47d6fdd0557337035d29a960,c04d3487bb6b47e7648184373ca01607429ccef3a53dff050abe81c05ca1e9b1,3398715,1702389634000000000,300
SS/orders_disk/2,SS,orders,disk,2,300,300,burst,0.3,4,0.30010906159609274,median_shift,1,1.0,1.0,0.0,1,1,1,21,87.10649999557063,orders|payment|10-192-15-196-9100|rabbitmq|shipping,orders_container-memory-cache,0.6542857142857142,35,35,0.6839047619047619,0.6246666666666667,31,35,31,0.6962264150943396,baseline-v2-20260723,cd270e7871bd358937d83d9a49829637fa80007d2964084ef229f578e3733bd3,ba75425861a059dafcc477474fc3e4ed1eafdc2b47d6fdd0557337035d29a960,c04d3487bb6b47e7648184373ca01607429ccef3a53dff050abe81c05ca1e9b1,3398715,1702389634000000000,300
SS/orders_disk/2,SS,orders,disk,2,300,300,burst,0.3,4,0.30010906159609274,nsigma,2,0.5,0.8,0.05,0,1,1,21,308.614999987185,10-192-15-196-9100|orders|rabbitmq|payment|catalogue,10-192-15-196-9100_node-disk-writes-completed-total,0.6542857142857142,35,35,0.6839047619047619,0.6246666666666667,31,35,31,0.6962264150943396,baseline-v2-20260723,cd270e7871bd358937d83d9a49829637fa80007d2964084ef229f578e3733bd3,ba75425861a059dafcc477474fc3e4ed1eafdc2b47d6fdd0557337035d29a960,c04d3487bb6b47e7648184373ca01607429ccef3a53dff050abe81c05ca1e9b1,3398715,1702389634000000000,300
SS/orders_disk/2,SS,orders,disk,2,300,300,burst,0.3,5,0.2996862503358781,baro,7,0.14285714285714285,0.0,0.3,0,0,0,21,406.3692999770865,10-192-15-195-9100|carts|orders-db|user|rabbitmq,10-192-15-195-9100_node-memory-active-bytes,0.6593809523809524,35,35,0.6082857142857143,0.7104761904761905,31,35,31,0.6966470125786164,baseline-v2-20260723,cd270e7871bd358937d83d9a49829637fa80007d2964084ef229f578e3733bd3,ba75425861a059dafcc477474fc3e4ed1eafdc2b47d6fdd0557337035d29a960,c04d3487bb6b47e7648184373ca01607429ccef3a53dff050abe81c05ca1e9b1,3398715,1702389634000000000,300
SS/orders_disk/2,SS,orders,disk,2,300,300,burst,0.3,5,0.2996862503358781,median_shift,1,1.0,1.0,0.0,1,1,1,21,119.02749998262152,orders|10-192-15-196-9100|payment|front-end|rabbitmq,orders_container-memory-cache,0.6593809523809524,35,35,0.6082857142857143,0.7104761904761905,31,35,31,0.6966470125786164,baseline-v2-20260723,cd270e7871bd358937d83d9a49829637fa80007d2964084ef229f578e3733bd3,ba75425861a059dafcc477474fc3e4ed1eafdc2b47d6fdd0557337035d29a960,c04d3487bb6b47e7648184373ca01607429ccef3a53dff050abe81c05ca1e9b1,3398715,1702389634000000000,300
SS/orders_disk/2,SS,orders,disk,2,300,300,burst,0.3,5,0.2996862503358781,nsigma,2,0.5,0.8,0.05,0,1,1,21,290.03279999597,10-192-15-196-9100|orders|rabbitmq|payment|catalogue,10-192-15-196-9100_node-disk-writes-completed-total,0.6593809523809524,35,35,0.6082857142857143,0.7104761904761905,31,35,31,0.6966470125786164,baseline-v2-20260723,cd270e7871bd358937d83d9a49829637fa80007d2964084ef229f578e3733bd3,ba75425861a059dafcc477474fc3e4ed1eafdc2b47d6fdd0557337035d29a960,c04d3487bb6b47e7648184373ca01607429ccef3a53dff050abe81c05ca1e9b1,3398715,1702389634000000000,300
SS/orders_disk/2,SS,orders,disk,2,300,300,burst,0.3,6,0.2998601166484897,baro,9,0.1111111111111111,0.0,0.4,0,0,0,21,433.86499996995553,10-192-15-195-9100|10-192-15-196-9100|rabbitmq|user|user-db,10-192-15-195-9100_node-memory-inactive-bytes,0.6572857142857143,35,35,0.6641904761904762,0.6503809523809524,31,35,31,0.6964740566037736,baseline-v2-20260723,cd270e7871bd358937d83d9a49829637fa80007d2964084ef229f578e3733bd3,ba75425861a059dafcc477474fc3e4ed1eafdc2b47d6fdd0557337035d29a960,c04d3487bb6b47e7648184373ca01607429ccef3a53dff050abe81c05ca1e9b1,3398715,1702389634000000000,300
SS/orders_disk/2,SS,orders,disk,2,300,300,burst,0.3,6,0.2998601166484897,median_shift,1,1.0,1.0,0.0,1,1,1,21,113.05980000179261,orders|10-192-15-196-9100|front-end|payment|rabbitmq,orders_container-memory-cache,0.6572857142857143,35,35,0.6641904761904762,0.6503809523809524,31,35,31,0.6964740566037736,baseline-v2-20260723,cd270e7871bd358937d83d9a49829637fa80007d2964084ef229f578e3733bd3,ba75425861a059dafcc477474fc3e4ed1eafdc2b47d6fdd0557337035d29a960,c04d3487bb6b47e7648184373ca01607429ccef3a53dff050abe81c05ca1e9b1,3398715,1702389634000000000,300
SS/orders_disk/2,SS,orders,disk,2,300,300,burst,0.3,6,0.2998601166484897,nsigma,2,0.5,0.8,0.05,0,1,1,21,332.8237000387162,10-192-15-196-9100|orders|payment|rabbitmq|catalogue,10-192-15-196-9100_node-disk-writes-completed-total,0.6572857142857143,35,35,0.6641904761904762,0.6503809523809524,31,35,31,0.6964740566037736,baseline-v2-20260723,cd270e7871bd358937d83d9a49829637fa80007d2964084ef229f578e3733bd3,ba75425861a059dafcc477474fc3e4ed1eafdc2b47d6fdd0557337035d29a960,c04d3487bb6b47e7648184373ca01607429ccef3a53dff050abe81c05ca1e9b1,3398715,1702389634000000000,300
SS/orders_disk/2,SS,orders,disk,2,300,300,burst,0.3,7,0.29967044430745887,baro,5,0.2,0.2,0.2,0,0,1,21,405.03079997142777,carts-db|front-end|shipping|payment|orders,carts-db_container-memory-working-set-bytes,0.6595714285714286,35,35,0.6075238095238096,0.7116190476190476,31,35,31,0.6966627358490566,baseline-v2-20260723,cd270e7871bd358937d83d9a49829637fa80007d2964084ef229f578e3733bd3,ba75425861a059dafcc477474fc3e4ed1eafdc2b47d6fdd0557337035d29a960,c04d3487bb6b47e7648184373ca01607429ccef3a53dff050abe81c05ca1e9b1,3398715,1702389634000000000,300
SS/orders_disk/2,SS,orders,disk,2,300,300,burst,0.3,7,0.29967044430745887,median_shift,1,1.0,1.0,0.0,1,1,1,21,128.94130003405735,orders|10-192-15-196-9100|payment|rabbitmq|shipping,orders_container-memory-cache,0.6595714285714286,35,35,0.6075238095238096,0.7116190476190476,31,35,31,0.6966627358490566,baseline-v2-20260723,cd270e7871bd358937d83d9a49829637fa80007d2964084ef229f578e3733bd3,ba75425861a059dafcc477474fc3e4ed1eafdc2b47d6fdd0557337035d29a960,c04d3487bb6b47e7648184373ca01607429ccef3a53dff050abe81c05ca1e9b1,3398715,1702389634000000000,300
SS/orders_disk/2,SS,orders,disk,2,300,300,burst,0.3,7,0.29967044430745887,nsigma,2,0.5,0.8,0.05,0,1,1,21,235.39409996010363,10-192-15-196-9100|orders|payment|rabbitmq|catalogue,10-192-15-196-9100_node-disk-writes-completed-total,0.6595714285714286,35,35,0.6075238095238096,0.7116190476190476,31,35,31,0.6966627358490566,baseline-v2-20260723,cd270e7871bd358937d83d9a49829637fa80007d2964084ef229f578e3733bd3,ba75425861a059dafcc477474fc3e4ed1eafdc2b47d6fdd0557337035d29a960,c04d3487bb6b47e7648184373ca01607429ccef3a53dff050abe81c05ca1e9b1,3398715,1702389634000000000,300
SS/orders_disk/2,SS,orders,disk,2,300,300,burst,0.3,8,0.29950448100905686,baro,9,0.1111111111111111,0.0,0.4,0,0,0,21,357.95600002165884,10-192-15-197-9100|10-192-15-196-9100|front-end|orders-db|user,10-192-15-197-9100_node-memory-inactive-bytes,0.6615714285714286,35,35,0.6208571428571429,0.7022857142857143,31,35,31,0.6968278301886792,baseline-v2-20260723,cd270e7871bd358937d83d9a49829637fa80007d2964084ef229f578e3733bd3,ba75425861a059dafcc477474fc3e4ed1eafdc2b47d6fdd0557337035d29a960,c04d3487bb6b47e7648184373ca01607429ccef3a53dff050abe81c05ca1e9b1,3398715,1702389634000000000,300
SS/orders_disk/2,SS,orders,disk,2,300,300,burst,0.3,8,0.29950448100905686,median_shift,1,1.0,1.0,0.0,1,1,1,21,79.95709998067468,orders|10-192-15-196-9100|front-end|payment|10-192-15-195-9100,orders_container-memory-cache,0.6615714285714286,35,35,0.6208571428571429,0.7022857142857143,31,35,31,0.6968278301886792,baseline-v2-20260723,cd270e7871bd358937d83d9a49829637fa80007d2964084ef229f578e3733bd3,ba75425861a059dafcc477474fc3e4ed1eafdc2b47d6fdd0557337035d29a960,c04d3487bb6b47e7648184373ca01607429ccef3a53dff050abe81c05ca1e9b1,3398715,1702389634000000000,300
SS/orders_disk/2,SS,orders,disk,2,300,300,burst,0.3,8,0.29950448100905686,nsigma,2,0.5,0.8,0.05,0,1,1,21,246.0962000186555,10-192-15-196-9100|orders|payment|front-end|rabbitmq,10-192-15-196-9100_node-disk-writes-completed-total,0.6615714285714286,35,35,0.6208571428571429,0.7022857142857143,31,35,31,0.6968278301886792,baseline-v2-20260723,cd270e7871bd358937d83d9a49829637fa80007d2964084ef229f578e3733bd3,ba75425861a059dafcc477474fc3e4ed1eafdc2b47d6fdd0557337035d29a960,c04d3487bb6b47e7648184373ca01607429ccef3a53dff050abe81c05ca1e9b1,3398715,1702389634000000000,300
SS/orders_disk/2,SS,orders,disk,2,300,300,burst,0.3,9,0.30036195805080057,baro,7,0.14285714285714285,0.0,0.3,0,0,0,21,336.66660002199933,front-end|carts|carts-db|10-192-15-196-9100|10-192-15-197-9100,front-end_container-memory-working-set-bytes,0.6512380952380953,35,35,0.6570476190476191,0.6454285714285715,31,35,31,0.6959748427672956,baseline-v2-20260723,cd270e7871bd358937d83d9a49829637fa80007d2964084ef229f578e3733bd3,ba75425861a059dafcc477474fc3e4ed1eafdc2b47d6fdd0557337035d29a960,c04d3487bb6b47e7648184373ca01607429ccef3a53dff050abe81c05ca1e9b1,3398715,1702389634000000000,300
SS/orders_disk/2,SS,orders,disk,2,300,300,burst,0.3,9,0.30036195805080057,median_shift,1,1.0,1.0,0.0,1,1,1,21,110.0387999904342,orders|10-192-15-196-9100|payment|rabbitmq|shipping,orders_container-memory-cache,0.6512380952380953,35,35,0.6570476190476191,0.6454285714285715,31,35,31,0.6959748427672956,baseline-v2-20260723,cd270e7871bd358937d83d9a49829637fa80007d2964084ef229f578e3733bd3,ba75425861a059dafcc477474fc3e4ed1eafdc2b47d6fdd0557337035d29a960,c04d3487bb6b47e7648184373ca01607429ccef3a53dff050abe81c05ca1e9b1,3398715,1702389634000000000,300
SS/orders_disk/2,SS,orders,disk,2,300,300,burst,0.3,9,0.30036195805080057,nsigma,2,0.5,0.8,0.05,0,1,1,21,284.23920000204816,10-192-15-196-9100|orders|payment|rabbitmq|carts,10-192-15-196-9100_node-disk-writes-completed-total,0.6512380952380953,35,35,0.6570476190476191,0.6454285714285715,31,35,31,0.6959748427672956,baseline-v2-20260723,cd270e7871bd358937d83d9a49829637fa80007d2964084ef229f578e3733bd3,ba75425861a059dafcc477474fc3e4ed1eafdc2b47d6fdd0557337035d29a960,c04d3487bb6b47e7648184373ca01607429ccef3a53dff050abe81c05ca1e9b1,3398715,1702389634000000000,300
SS/orders_disk/2,SS,orders,disk,2,300,300,burst,0.5,0,0.4999091153365894,baro,16,0.0625,0.0,0.75,0,0,0,21,300.82119995495304,10-192-15-197-9100|10-192-15-195-9100|carts-db|front-end|carts,10-192-15-197-9100_node-memory-inactive-bytes,0.4693809523809524,35,35,0.43438095238095237,0.5043809523809524,31,35,31,0.4974724842767296,baseline-v2-20260723,cd270e7871bd358937d83d9a49829637fa80007d2964084ef229f578e3733bd3,ba75425861a059dafcc477474fc3e4ed1eafdc2b47d6fdd0557337035d29a960,c04d3487bb6b47e7648184373ca01607429ccef3a53dff050abe81c05ca1e9b1,3398715,1702389634000000000,300
SS/orders_disk/2,SS,orders,disk,2,300,300,burst,0.5,0,0.4999091153365894,median_shift,5,0.2,0.2,0.2,0,0,1,21,79.98580002458766,10-192-15-197-9100|carts|catalogue|front-end|orders,10-192-15-197-9100_node-disk-read-bytes-total,0.4693809523809524,35,35,0.43438095238095237,0.5043809523809524,31,35,31,0.4974724842767296,baseline-v2-20260723,cd270e7871bd358937d83d9a49829637fa80007d2964084ef229f578e3733bd3,ba75425861a059dafcc477474fc3e4ed1eafdc2b47d6fdd0557337035d29a960,c04d3487bb6b47e7648184373ca01607429ccef3a53dff050abe81c05ca1e9b1,3398715,1702389634000000000,300
SS/orders_disk/2,SS,orders,disk,2,300,300,burst,0.5,0,0.4999091153365894,nsigma,2,0.5,0.8,0.05,0,1,1,21,246.02919997414574,10-192-15-196-9100|orders|payment|rabbitmq|10-192-15-195-9100,10-192-15-196-9100_node-disk-writes-completed-total,0.4693809523809524,35,35,0.43438095238095237,0.5043809523809524,31,35,31,0.4974724842767296,baseline-v2-20260723,cd270e7871bd358937d83d9a49829637fa80007d2964084ef229f578e3733bd3,ba75425861a059dafcc477474fc3e4ed1eafdc2b47d6fdd0557337035d29a960,c04d3487bb6b47e7648184373ca01607429ccef3a53dff050abe81c05ca1e9b1,3398715,1702389634000000000,300
SS/orders_disk/2,SS,orders,disk,2,300,300,burst,0.5,1,0.500644095658084,baro,2,0.5,0.8,0.05,0,1,1,21,319.1442999523133,10-192-15-195-9100|orders|carts-db|rabbitmq|user-db,10-192-15-195-9100_node-memory-inactive-bytes,0.4605238095238095,35,35,0.4825714285714286,0.43847619047619046,31,35,31,0.49674135220125787,baseline-v2-20260723,cd270e7871bd358937d83d9a49829637fa80007d2964084ef229f578e3733bd3,ba75425861a059dafcc477474fc3e4ed1eafdc2b47d6fdd0557337035d29a960,c04d3487bb6b47e7648184373ca01607429ccef3a53dff050abe81c05ca1e9b1,3398715,1702389634000000000,300
SS/orders_disk/2,SS,orders,disk,2,300,300,burst,0.5,1,0.500644095658084,median_shift,3,0.3333333333333333,0.6,0.1,0,1,1,21,164.16460002074018,carts-db|orders-db|orders|rabbitmq|10-192-15-196-9100,carts-db_container-cpu-system-seconds-total,0.4605238095238095,35,35,0.4825714285714286,0.43847619047619046,31,35,31,0.49674135220125787,baseline-v2-20260723,cd270e7871bd358937d83d9a49829637fa80007d2964084ef229f578e3733bd3,ba75425861a059dafcc477474fc3e4ed1eafdc2b47d6fdd0557337035d29a960,c04d3487bb6b47e7648184373ca01607429ccef3a53dff050abe81c05ca1e9b1,3398715,1702389634000000000,300
SS/orders_disk/2,SS,orders,disk,2,300,300,burst,0.5,1,0.500644095658084,nsigma,2,0.5,0.8,0.05,0,1,1,21,240.57040002662688,10-192-15-196-9100|orders|catalogue|payment|carts-db,10-192-15-196-9100_node-disk-writes-completed-total,0.4605238095238095,35,35,0.4825714285714286,0.43847619047619046,31,35,31,0.49674135220125787,baseline-v2-20260723,cd270e7871bd358937d83d9a49829637fa80007d2964084ef229f578e3733bd3,ba75425861a059dafcc477474fc3e4ed1eafdc2b47d6fdd0557337035d29a960,c04d3487bb6b47e7648184373ca01607429ccef3a53dff050abe81c05ca1e9b1,3398715,1702389634000000000,300
SS/orders_disk/2,SS,orders,disk,2,300,300,burst,0.5,2,0.49969178244582485,baro,2,0.5,0.8,0.05,0,1,1,21,377.2665000287816,10-192-15-197-9100|orders|carts|carts-db|10-192-15-196-9100,10-192-15-197-9100_node-memory-active-bytes,0.472,35,35,0.4539047619047619,0.4900952380952381,31,35,29,0.49768867924528304,baseline-v2-20260723,cd270e7871bd358937d83d9a49829637fa80007d2964084ef229f578e3733bd3,ba75425861a059dafcc477474fc3e4ed1eafdc2b47d6fdd0557337035d29a960,c04d3487bb6b47e7648184373ca01607429ccef3a53dff050abe81c05ca1e9b1,3398715,1702389634000000000,300
SS/orders_disk/2,SS,orders,disk,2,300,300,burst,0.5,2,0.49969178244582485,median_shift,3,0.3333333333333333,0.6,0.1,0,1,1,21,85.85320005659014,carts-db|carts|orders|payment|rabbitmq,carts-db_container-memory-failures-total,0.472,35,35,0.4539047619047619,0.4900952380952381,31,35,29,0.49768867924528304,baseline-v2-20260723,cd270e7871bd358937d83d9a49829637fa80007d2964084ef229f578e3733bd3,ba75425861a059dafcc477474fc3e4ed1eafdc2b47d6fdd0557337035d29a960,c04d3487bb6b47e7648184373ca01607429ccef3a53dff050abe81c05ca1e9b1,3398715,1702389634000000000,300
SS/orders_disk/2,SS,orders,disk,2,300,300,burst,0.5,2,0.49969178244582485,nsigma,2,0.5,0.8,0.05,0,1,1,21,317.36829999135807,10-192-15-196-9100|orders|rabbitmq|payment|catalogue,10-192-15-196-9100_node-disk-writes-completed-total,0.472,35,35,0.4539047619047619,0.4900952380952381,31,35,29,0.49768867924528304,baseline-v2-20260723,cd270e7871bd358937d83d9a49829637fa80007d2964084ef229f578e3733bd3,ba75425861a059dafcc477474fc3e4ed1eafdc2b47d6fdd0557337035d29a960,c04d3487bb6b47e7648184373ca01607429ccef3a53dff050abe81c05ca1e9b1,3398715,1702389634000000000,300
SS/orders_disk/2,SS,orders,disk,2,300,300,burst,0.5,3,0.5003358781039088,baro,10,0.1,0.0,0.45,0,0,0,21,344.78099999250844,10-192-15-195-9100|carts-db|user-db|orders-db|payment,10-192-15-195-9100_node-memory-active-bytes,0.4642380952380952,35,35,0.41904761904761906,0.5094285714285715,31,35,31,0.49704795597484275,baseline-v2-20260723,cd270e7871bd358937d83d9a49829637fa80007d2964084ef229f578e3733bd3,ba75425861a059dafcc477474fc3e4ed1eafdc2b47d6fdd0557337035d29a960,c04d3487bb6b47e7648184373ca01607429ccef3a53dff050abe81c05ca1e9b1,3398715,1702389634000000000,300
SS/orders_disk/2,SS,orders,disk,2,300,300,burst,0.5,3,0.5003358781039088,median_shift,2,0.5,0.8,0.05,0,1,1,21,90.31749999849126,10-192-15-197-9100|orders|session-db|catalogue-db|10-192-15-196-9100,10-192-15-197-9100_node-disk-reads-completed-total,0.4642380952380952,35,35,0.41904761904761906,0.5094285714285715,31,35,31,0.49704795597484275,baseline-v2-20260723,cd270e7871bd358937d83d9a49829637fa80007d2964084ef229f578e3733bd3,ba75425861a059dafcc477474fc3e4ed1eafdc2b47d6fdd0557337035d29a960,c04d3487bb6b47e7648184373ca01607429ccef3a53dff050abe81c05ca1e9b1,3398715,1702389634000000000,300
SS/orders_disk/2,SS,orders,disk,2,300,300,burst,0.5,3,0.5003358781039088,nsigma,2,0.5,0.8,0.05,0,1,1,21,265.8575000241399,10-192-15-196-9100|orders|catalogue|payment|rabbitmq,10-192-15-196-9100_node-disk-writes-completed-total,0.4642380952380952,35,35,0.41904761904761906,0.5094285714285715,31,35,31,0.49704795597484275,baseline-v2-20260723,cd270e7871bd358937d83d9a49829637fa80007d2964084ef229f578e3733bd3,ba75425861a059dafcc477474fc3e4ed1eafdc2b47d6fdd0557337035d29a960,c04d3487bb6b47e7648184373ca01607429ccef3a53dff050abe81c05ca1e9b1,3398715,1702389634000000000,300
SS/orders_disk/2,SS,orders,disk,2,300,300,burst,0.5,4,0.5001066906918299,baro,3,0.3333333333333333,0.6,0.1,0,1,1,21,340.8153999480419,10-192-15-196-9100|10-192-15-197-9100|orders|carts-db|user-db,10-192-15-196-9100_node-memory-inactive-bytes,0.467,35,35,0.4000952380952381,0.5339047619047619,31,34,30,0.49727594339622644,baseline-v2-20260723,cd270e7871bd358937d83d9a49829637fa80007d2964084ef229f578e3733bd3,ba75425861a059dafcc477474fc3e4ed1eafdc2b47d6fdd0557337035d29a960,c04d3487bb6b47e7648184373ca01607429ccef3a53dff050abe81c05ca1e9b1,3398715,1702389634000000000,300
SS/orders_disk/2,SS,orders,disk,2,300,300,burst,0.5,4,0.5001066906918299,median_shift,3,0.3333333333333333,0.6,0.1,0,1,1,21,118.36159997619689,10-192-15-197-9100|carts-db|orders|queue-master|shipping,10-192-15-197-9100_node-disk-reads-completed-total,0.467,35,35,0.4000952380952381,0.5339047619047619,31,34,30,0.49727594339622644,baseline-v2-20260723,cd270e7871bd358937d83d9a49829637fa80007d2964084ef229f578e3733bd3,ba75425861a059dafcc477474fc3e4ed1eafdc2b47d6fdd0557337035d29a960,c04d3487bb6b47e7648184373ca01607429ccef3a53dff050abe81c05ca1e9b1,3398715,1702389634000000000,300
SS/orders_disk/2,SS,orders,disk,2,300,300,burst,0.5,4,0.5001066906918299,nsigma,3,0.3333333333333333,0.6,0.1,0,1,1,21,308.4998999838717,10-192-15-196-9100|payment|orders|front-end|user-db,10-192-15-196-9100_node-disk-writes-completed-total,0.467,35,35,0.4000952380952381,0.5339047619047619,31,34,30,0.49727594339622644,baseline-v2-20260723,cd270e7871bd358937d83d9a49829637fa80007d2964084ef229f578e3733bd3,ba75425861a059dafcc477474fc3e4ed1eafdc2b47d6fdd0557337035d29a960,c04d3487bb6b47e7648184373ca01607429ccef3a53dff050abe81c05ca1e9b1,3398715,1702389634000000000,300
SS/orders_disk/2,SS,orders,disk,2,300,300,burst,0.5,5,0.49896865664564466,baro,4,0.25,0.4,0.15,0,0,1,21,359.96030003298074,10-192-15-197-9100|10-192-15-195-9100|10-192-15-196-9100|orders|carts,10-192-15-197-9100_node-memory-inactive-bytes,0.4807142857142857,35,35,0.4160952380952381,0.5453333333333333,31,35,30,0.4984080188679245,baseline-v2-20260723,cd270e7871bd358937d83d9a49829637fa80007d2964084ef229f578e3733bd3,ba75425861a059dafcc477474fc3e4ed1eafdc2b47d6fdd0557337035d29a960,c04d3487bb6b47e7648184373ca01607429ccef3a53dff050abe81c05ca1e9b1,3398715,1702389634000000000,300
SS/orders_disk/2,SS,orders,disk,2,300,300,burst,0.5,5,0.49896865664564466,median_shift,3,0.3333333333333333,0.6,0.1,0,1,1,21,90.04029998322949,10-192-15-197-9100|front-end|orders|rabbitmq|10-192-15-196-9100,10-192-15-197-9100_node-disk-reads-completed-total,0.4807142857142857,35,35,0.4160952380952381,0.5453333333333333,31,35,30,0.4984080188679245,baseline-v2-20260723,cd270e7871bd358937d83d9a49829637fa80007d2964084ef229f578e3733bd3,ba75425861a059dafcc477474fc3e4ed1eafdc2b47d6fdd0557337035d29a960,c04d3487bb6b47e7648184373ca01607429ccef3a53dff050abe81c05ca1e9b1,3398715,1702389634000000000,300
SS/orders_disk/2,SS,orders,disk,2,300,300,burst,0.5,5,0.49896865664564466,nsigma,3,0.3333333333333333,0.6,0.1,0,1,1,21,342.5275000045076,10-192-15-196-9100|front-end|orders|payment|rabbitmq,10-192-15-196-9100_node-disk-writes-completed-total,0.4807142857142857,35,35,0.4160952380952381,0.5453333333333333,31,35,30,0.4984080188679245,baseline-v2-20260723,cd270e7871bd358937d83d9a49829637fa80007d2964084ef229f578e3733bd3,ba75425861a059dafcc477474fc3e4ed1eafdc2b47d6fdd0557337035d29a960,c04d3487bb6b47e7648184373ca01607429ccef3a53dff050abe81c05ca1e9b1,3398715,1702389634000000000,300
SS/orders_disk/2,SS,orders,disk,2,300,300,burst,0.5,6,0.49954162517584205,baro,2,0.5,0.8,0.05,0,1,1,21,454.0536000276916,10-192-15-197-9100|orders|carts|user-db|10-192-15-196-9100,10-192-15-197-9100_node-memory-active-bytes,0.4738095238095238,35,35,0.49152380952380953,0.4560952380952381,31,35,31,0.49783805031446543,baseline-v2-20260723,cd270e7871bd358937d83d9a49829637fa80007d2964084ef229f578e3733bd3,ba75425861a059dafcc477474fc3e4ed1eafdc2b47d6fdd0557337035d29a960,c04d3487bb6b47e7648184373ca01607429ccef3a53dff050abe81c05ca1e9b1,3398715,1702389634000000000,300
SS/orders_disk/2,SS,orders,disk,2,300,300,burst,0.5,6,0.49954162517584205,median_shift,3,0.3333333333333333,0.6,0.1,0,1,1,21,96.40029998263344,carts|front-end|orders|rabbitmq|session-db,carts_container-network-receive-bytes-total,0.4738095238095238,35,35,0.49152380952380953,0.4560952380952381,31,35,31,0.49783805031446543,baseline-v2-20260723,cd270e7871bd358937d83d9a49829637fa80007d2964084ef229f578e3733bd3,ba75425861a059dafcc477474fc3e4ed1eafdc2b47d6fdd0557337035d29a960,c04d3487bb6b47e7648184373ca01607429ccef3a53dff050abe81c05ca1e9b1,3398715,1702389634000000000,300
SS/orders_disk/2,SS,orders,disk,2,300,300,burst,0.5,6,0.49954162517584205,nsigma,4,0.25,0.4,0.15,0,0,1,21,295.55949999485165,10-192-15-196-9100|payment|catalogue|orders|user-db,10-192-15-196-9100_node-disk-writes-completed-total,0.4738095238095238,35,35,0.49152380952380953,0.4560952380952381,31,35,31,0.49783805031446543,baseline-v2-20260723,cd270e7871bd358937d83d9a49829637fa80007d2964084ef229f578e3733bd3,ba75425861a059dafcc477474fc3e4ed1eafdc2b47d6fdd0557337035d29a960,c04d3487bb6b47e7648184373ca01607429ccef3a53dff050abe81c05ca1e9b1,3398715,1702389634000000000,300
SS/orders_disk/2,SS,orders,disk,2,300,300,burst,0.5,7,0.5006638531936081,baro,16,0.0625,0.0,0.75,0,0,0,21,307.1600000257604,10-192-15-195-9100|10-192-15-196-9100|user-db|carts|carts-db,10-192-15-195-9100_node-memory-inactive-bytes,0.4602857142857143,35,35,0.4208571428571429,0.4997142857142857,30,35,30,0.49672169811320754,baseline-v2-20260723,cd270e7871bd358937d83d9a49829637fa80007d2964084ef229f578e3733bd3,ba75425861a059dafcc477474fc3e4ed1eafdc2b47d6fdd0557337035d29a960,c04d3487bb6b47e7648184373ca01607429ccef3a53dff050abe81c05ca1e9b1,3398715,1702389634000000000,300
SS/orders_disk/2,SS,orders,disk,2,300,300,burst,0.5,7,0.5006638531936081,median_shift,3,0.3333333333333333,0.6,0.1,0,1,1,21,81.28170005511492,10-192-15-197-9100|carts|orders|payment|10-192-15-196-9100,10-192-15-197-9100_node-disk-reads-completed-total,0.4602857142857143,35,35,0.4208571428571429,0.4997142857142857,30,35,30,0.49672169811320754,baseline-v2-20260723,cd270e7871bd358937d83d9a49829637fa80007d2964084ef229f578e3733bd3,ba75425861a059dafcc477474fc3e4ed1eafdc2b47d6fdd0557337035d29a960,c04d3487bb6b47e7648184373ca01607429ccef3a53dff050abe81c05ca1e9b1,3398715,1702389634000000000,300
SS/orders_disk/2,SS,orders,disk,2,300,300,burst,0.5,7,0.5006638531936081,nsigma,3,0.3333333333333333,0.6,0.1,0,1,1,21,270.6577000208199,10-192-15-196-9100|payment|orders|rabbitmq|carts,10-192-15-196-9100_node-disk-writes-completed-total,0.4602857142857143,35,35,0.4208571428571429,0.4997142857142857,30,35,30,0.49672169811320754,baseline-v2-20260723,cd270e7871bd358937d83d9a49829637fa80007d2964084ef229f578e3733bd3,ba75425861a059dafcc477474fc3e4ed1eafdc2b47d6fdd0557337035d29a960,c04d3487bb6b47e7648184373ca01607429ccef3a53dff050abe81c05ca1e9b1,3398715,1702389634000000000,300
SS/orders_disk/2,SS,orders,disk,2,300,300,burst,0.5,8,0.5009404586909447,baro,1,1.0,1.0,0.0,1,1,1,21,337.23129995632917,orders|carts|carts-db|front-end|10-192-15-196-9100,orders_container-memory-working-set-bytes,0.45695238095238094,35,35,0.5315238095238095,0.3823809523809524,31,35,31,0.49644654088050316,baseline-v2-20260723,cd270e7871bd358937d83d9a49829637fa80007d2964084ef229f578e3733bd3,ba75425861a059dafcc477474fc3e4ed1eafdc2b47d6fdd0557337035d29a960,c04d3487bb6b47e7648184373ca01607429ccef3a53dff050abe81c05ca1e9b1,3398715,1702389634000000000,300
SS/orders_disk/2,SS,orders,disk,2,300,300,burst,0.5,8,0.5009404586909447,median_shift,4,0.25,0.4,0.15,0,0,1,21,166.96380003122613,10-192-15-197-9100|carts|orders-db|orders|payment,10-192-15-197-9100_node-disk-reads-completed-total,0.45695238095238094,35,35,0.5315238095238095,0.3823809523809524,31,35,31,0.49644654088050316,baseline-v2-20260723,cd270e7871bd358937d83d9a49829637fa80007d2964084ef229f578e3733bd3,ba75425861a059dafcc477474fc3e4ed1eafdc2b47d6fdd0557337035d29a960,c04d3487bb6b47e7648184373ca01607429ccef3a53dff050abe81c05ca1e9b1,3398715,1702389634000000000,300
SS/orders_disk/2,SS,orders,disk,2,300,300,burst,0.5,8,0.5009404586909447,nsigma,4,0.25,0.4,0.15,0,0,1,21,323.6491000279784,10-192-15-196-9100|payment|front-end|orders|carts,10-192-15-196-9100_node-disk-writes-completed-total,0.45695238095238094,35,35,0.5315238095238095,0.3823809523809524,31,35,31,0.49644654088050316,baseline-v2-20260723,cd270e7871bd358937d83d9a49829637fa80007d2964084ef229f578e3733bd3,ba75425861a059dafcc477474fc3e4ed1eafdc2b47d6fdd0557337035d29a960,c04d3487bb6b47e7648184373ca01607429ccef3a53dff050abe81c05ca1e9b1,3398715,1702389634000000000,300
SS/orders_disk/2,SS,orders,disk,2,300,300,burst,0.5,9,0.5000908846634107,baro,1,1.0,1.0,0.0,1,1,1,21,359.1257999651134,orders|carts-db|front-end|10-192-15-196-9100|orders-db,orders_container-memory-usage-bytes,0.4671904761904762,35,35,0.4020952380952381,0.5322857142857143,31,35,31,0.4972916666666667,baseline-v2-20260723,cd270e7871bd358937d83d9a49829637fa80007d2964084ef229f578e3733bd3,ba75425861a059dafcc477474fc3e4ed1eafdc2b47d6fdd0557337035d29a960,c04d3487bb6b47e7648184373ca01607429ccef3a53dff050abe81c05ca1e9b1,3398715,1702389634000000000,300
SS/orders_disk/2,SS,orders,disk,2,300,300,burst,0.5,9,0.5000908846634107,median_shift,3,0.3333333333333333,0.6,0.1,0,1,1,21,81.57809998374432,carts-db|front-end|orders|queue|rabbitmq,carts-db_container-memory-rss,0.4671904761904762,35,35,0.4020952380952381,0.5322857142857143,31,35,31,0.4972916666666667,baseline-v2-20260723,cd270e7871bd358937d83d9a49829637fa80007d2964084ef229f578e3733bd3,ba75425861a059dafcc477474fc3e4ed1eafdc2b47d6fdd0557337035d29a960,c04d3487bb6b47e7648184373ca01607429ccef3a53dff050abe81c05ca1e9b1,3398715,1702389634000000000,300
SS/orders_disk/2,SS,orders,disk,2,300,300,burst,0.5,9,0.5000908846634107,nsigma,3,0.3333333333333333,0.6,0.1,0,1,1,21,338.07070000329986,carts|10-192-15-196-9100|orders|carts-db|rabbitmq,carts_istio-bytes-95,0.4671904761904762,35,35,0.4020952380952381,0.5322857142857143,31,35,31,0.4972916666666667,baseline-v2-20260723,cd270e7871bd358937d83d9a49829637fa80007d2964084ef229f578e3733bd3,ba75425861a059dafcc477474fc3e4ed1eafdc2b47d6fdd0557337035d29a960,c04d3487bb6b47e7648184373ca01607429ccef3a53dff050abe81c05ca1e9b1,3398715,1702389634000000000,300
SS/orders_disk/2,SS,orders,disk,2,300,300,incident,0.1,0,0.10000079030142096,baro,2,0.5,0.8,0.05,0,1,1,21,293.38749998714775,session-db|orders|front-end|catalogue|user-db,session-db_container-fs-writes-bytes-total,0.7618095238095238,35,35,0.7982857142857143,0.7253333333333334,31,35,31,0.8952869496855346,baseline-v2-20260723,cd270e7871bd358937d83d9a49829637fa80007d2964084ef229f578e3733bd3,ba75425861a059dafcc477474fc3e4ed1eafdc2b47d6fdd0557337035d29a960,c04d3487bb6b47e7648184373ca01607429ccef3a53dff050abe81c05ca1e9b1,3398715,1702389634000000000,300
SS/orders_disk/2,SS,orders,disk,2,300,300,incident,0.1,0,0.10000079030142096,median_shift,10,0.1,0.0,0.45,0,0,0,21,78.4230999997817,front-end|rabbitmq|user-db|payment|carts-db,front-end_istio-latency-90,0.7618095238095238,35,35,0.7982857142857143,0.7253333333333334,31,35,31,0.8952869496855346,baseline-v2-20260723,cd270e7871bd358937d83d9a49829637fa80007d2964084ef229f578e3733bd3,ba75425861a059dafcc477474fc3e4ed1eafdc2b47d6fdd0557337035d29a960,c04d3487bb6b47e7648184373ca01607429ccef3a53dff050abe81c05ca1e9b1,3398715,1702389634000000000,300
SS/orders_disk/2,SS,orders,disk,2,300,300,incident,0.1,0,0.10000079030142096,nsigma,9,0.1111111111111111,0.0,0.4,0,0,0,21,327.5094000273384,user|catalogue|user-db|10-192-15-195-9100|orders-db,user_container-memory-rss,0.7618095238095238,35,35,0.7982857142857143,0.7253333333333334,31,35,31,0.8952869496855346,baseline-v2-20260723,cd270e7871bd358937d83d9a49829637fa80007d2964084ef229f578e3733bd3,ba75425861a059dafcc477474fc3e4ed1eafdc2b47d6fdd0557337035d29a960,c04d3487bb6b47e7648184373ca01607429ccef3a53dff050abe81c05ca1e9b1,3398715,1702389634000000000,300
SS/orders_disk/2,SS,orders,disk,2,300,300,incident,0.1,1,0.10000079030142096,baro,2,0.5,0.8,0.05,0,1,1,21,329.6713000163436,session-db|orders|front-end|catalogue|user-db,session-db_container-fs-writes-bytes-total,0.762,35,35,0.7977142857142857,0.7262857142857143,31,35,31,0.8952869496855346,baseline-v2-20260723,cd270e7871bd358937d83d9a49829637fa80007d2964084ef229f578e3733bd3,ba75425861a059dafcc477474fc3e4ed1eafdc2b47d6fdd0557337035d29a960,c04d3487bb6b47e7648184373ca01607429ccef3a53dff050abe81c05ca1e9b1,3398715,1702389634000000000,300
SS/orders_disk/2,SS,orders,disk,2,300,300,incident,0.1,1,0.10000079030142096,median_shift,7,0.14285714285714285,0.0,0.3,0,0,0,21,83.4819000447169,front-end|rabbitmq|user-db|payment|carts-db,front-end_istio-latency-90,0.762,35,35,0.7977142857142857,0.7262857142857143,31,35,31,0.8952869496855346,baseline-v2-20260723,cd270e7871bd358937d83d9a49829637fa80007d2964084ef229f578e3733bd3,ba75425861a059dafcc477474fc3e4ed1eafdc2b47d6fdd0557337035d29a960,c04d3487bb6b47e7648184373ca01607429ccef3a53dff050abe81c05ca1e9b1,3398715,1702389634000000000,300
SS/orders_disk/2,SS,orders,disk,2,300,300,incident,0.1,1,0.10000079030142096,nsigma,10,0.1,0.0,0.45,0,0,0,21,258.5171000100672,user|catalogue|user-db|orders-db|payment,user_container-memory-rss,0.762,35,35,0.7977142857142857,0.7262857142857143,31,35,31,0.8952869496855346,baseline-v2-20260723,cd270e7871bd358937d83d9a49829637fa80007d2964084ef229f578e3733bd3,ba75425861a059dafcc477474fc3e4ed1eafdc2b47d6fdd0557337035d29a960,c04d3487bb6b47e7648184373ca01607429ccef3a53dff050abe81c05ca1e9b1,3398715,1702389634000000000,300
SS/orders_disk/2,SS,orders,disk,2,300,300,incident,0.1,2,0.10000079030142096,baro,2,0.5,0.8,0.05,0,1,1,21,318.99710005382076,session-db|orders|front-end|catalogue|user-db,session-db_container-fs-writes-bytes-total,0.7612857142857142,35,35,0.796,0.7265714285714285,31,35,31,0.8952869496855346,baseline-v2-20260723,cd270e7871bd358937d83d9a49829637fa80007d2964084ef229f578e3733bd3,ba75425861a059dafcc477474fc3e4ed1eafdc2b47d6fdd0557337035d29a960,c04d3487bb6b47e7648184373ca01607429ccef3a53dff050abe81c05ca1e9b1,3398715,1702389634000000000,300
SS/orders_disk/2,SS,orders,disk,2,300,300,incident,0.1,2,0.10000079030142096,median_shift,7,0.14285714285714285,0.0,0.3,0,0,0,21,131.51650002691895,front-end|rabbitmq|user-db|carts-db|payment,front-end_istio-latency-90,0.7612857142857142,35,35,0.796,0.7265714285714285,31,35,31,0.8952869496855346,baseline-v2-20260723,cd270e7871bd358937d83d9a49829637fa80007d2964084ef229f578e3733bd3,ba75425861a059dafcc477474fc3e4ed1eafdc2b47d6fdd0557337035d29a960,c04d3487bb6b47e7648184373ca01607429ccef3a53dff050abe81c05ca1e9b1,3398715,1702389634000000000,300
SS/orders_disk/2,SS,orders,disk,2,300,300,incident,0.1,2,0.10000079030142096,nsigma,9,0.1111111111111111,0.0,0.4,0,0,0,21,282.8978000325151,user|payment|catalogue|carts-db|user-db,user_container-memory-rss,0.7612857142857142,35,35,0.796,0.7265714285714285,31,35,31,0.8952869496855346,baseline-v2-20260723,cd270e7871bd358937d83d9a49829637fa80007d2964084ef229f578e3733bd3,ba75425861a059dafcc477474fc3e4ed1eafdc2b47d6fdd0557337035d29a960,c04d3487bb6b47e7648184373ca01607429ccef3a53dff050abe81c05ca1e9b1,3398715,1702389634000000000,300
SS/orders_disk/2,SS,orders,disk,2,300,300,incident,0.1,3,0.10000079030142096,baro,2,0.5,0.8,0.05,0,1,1,21,292.9621000075713,session-db|orders|front-end|user-db|catalogue,session-db_container-fs-writes-bytes-total,0.7614761904761905,35,35,0.7976190476190477,0.7253333333333334,31,35,31,0.8952869496855346,baseline-v2-20260723,cd270e7871bd358937d83d9a49829637fa80007d2964084ef229f578e3733bd3,ba75425861a059dafcc477474fc3e4ed1eafdc2b47d6fdd0557337035d29a960,c04d3487bb6b47e7648184373ca01607429ccef3a53dff050abe81c05ca1e9b1,3398715,1702389634000000000,300
SS/orders_disk/2,SS,orders,disk,2,300,300,incident,0.1,3,0.10000079030142096,median_shift,8,0.125,0.0,0.35,0,0,0,21,160.70840001339093,front-end|rabbitmq|user-db|payment|carts-db,front-end_istio-latency-90,0.7614761904761905,35,35,0.7976190476190477,0.7253333333333334,31,35,31,0.8952869496855346,baseline-v2-20260723,cd270e7871bd358937d83d9a49829637fa80007d2964084ef229f578e3733bd3,ba75425861a059dafcc477474fc3e4ed1eafdc2b47d6fdd0557337035d29a960,c04d3487bb6b47e7648184373ca01607429ccef3a53dff050abe81c05ca1e9b1,3398715,1702389634000000000,300
SS/orders_disk/2,SS,orders,disk,2,300,300,incident,0.1,3,0.10000079030142096,nsigma,10,0.1,0.0,0.45,0,0,0,21,299.54959999304265,user|catalogue|carts-db|user-db|orders-db,user_container-memory-rss,0.7614761904761905,35,35,0.7976190476190477,0.7253333333333334,31,35,31,0.8952869496855346,baseline-v2-20260723,cd270e7871bd358937d83d9a49829637fa80007d2964084ef229f578e3733bd3,ba75425861a059dafcc477474fc3e4ed1eafdc2b47d6fdd0557337035d29a960,c04d3487bb6b47e7648184373ca01607429ccef3a53dff050abe81c05ca1e9b1,3398715,1702389634000000000,300
SS/orders_disk/2,SS,orders,disk,2,300,300,incident,0.1,4,0.10000079030142096,baro,2,0.5,0.8,0.05,0,1,1,21,400.98980005132034,session-db|orders|carts|front-end|catalogue,session-db_container-fs-writes-bytes-total,0.7599523809523809,35,35,0.7937142857142857,0.7261904761904762,31,35,31,0.8952869496855346,baseline-v2-20260723,cd270e7871bd358937d83d9a49829637fa80007d2964084ef229f578e3733bd3,ba75425861a059dafcc477474fc3e4ed1eafdc2b47d6fdd0557337035d29a960,c04d3487bb6b47e7648184373ca01607429ccef3a53dff050abe81c05ca1e9b1,3398715,1702389634000000000,300
SS/orders_disk/2,SS,orders,disk,2,300,300,incident,0.1,4,0.10000079030142096,median_shift,7,0.14285714285714285,0.0,0.3,0,0,0,21,107.05300001427531,front-end|rabbitmq|user-db|payment|carts-db,front-end_istio-latency-90,0.7599523809523809,35,35,0.7937142857142857,0.7261904761904762,31,35,31,0.8952869496855346,baseline-v2-20260723,cd270e7871bd358937d83d9a49829637fa80007d2964084ef229f578e3733bd3,ba75425861a059dafcc477474fc3e4ed1eafdc2b47d6fdd0557337035d29a960,c04d3487bb6b47e7648184373ca01607429ccef3a53dff050abe81c05ca1e9b1,3398715,1702389634000000000,300
SS/orders_disk/2,SS,orders,disk,2,300,300,incident,0.1,4,0.10000079030142096,nsigma,10,0.1,0.0,0.45,0,0,0,21,277.8180000022985,user|catalogue|10-192-15-195-9100|user-db|carts-db,user_container-memory-rss,0.7599523809523809,35,35,0.7937142857142857,0.7261904761904762,31,35,31,0.8952869496855346,baseline-v2-20260723,cd270e7871bd358937d83d9a49829637fa80007d2964084ef229f578e3733bd3,ba75425861a059dafcc477474fc3e4ed1eafdc2b47d6fdd0557337035d29a960,c04d3487bb6b47e7648184373ca01607429ccef3a53dff050abe81c05ca1e9b1,3398715,1702389634000000000,300
SS/orders_disk/2,SS,orders,disk,2,300,300,incident,0.1,5,0.10000079030142096,baro,2,0.5,0.8,0.05,0,1,1,21,333.99630000349134,session-db|orders|front-end|user-db|catalogue,session-db_container-fs-writes-bytes-total,0.759095238095238,35,35,0.7916190476190477,0.7265714285714285,31,35,31,0.8952869496855346,baseline-v2-20260723,cd270e7871bd358937d83d9a49829637fa80007d2964084ef229f578e3733bd3,ba75425861a059dafcc477474fc3e4ed1eafdc2b47d6fdd0557337035d29a960,c04d3487bb6b47e7648184373ca01607429ccef3a53dff050abe81c05ca1e9b1,3398715,1702389634000000000,300
SS/orders_disk/2,SS,orders,disk,2,300,300,incident,0.1,5,0.10000079030142096,median_shift,7,0.14285714285714285,0.0,0.3,0,0,0,21,128.5926999989897,front-end|rabbitmq|user-db|carts-db|orders-db,front-end_istio-latency-90,0.759095238095238,35,35,0.7916190476190477,0.7265714285714285,31,35,31,0.8952869496855346,baseline-v2-20260723,cd270e7871bd358937d83d9a49829637fa80007d2964084ef229f578e3733bd3,ba75425861a059dafcc477474fc3e4ed1eafdc2b47d6fdd0557337035d29a960,c04d3487bb6b47e7648184373ca01607429ccef3a53dff050abe81c05ca1e9b1,3398715,1702389634000000000,300
SS/orders_disk/2,SS,orders,disk,2,300,300,incident,0.1,5,0.10000079030142096,nsigma,10,0.1,0.0,0.45,0,0,0,21,297.7627000072971,user|catalogue|carts-db|user-db|10-192-15-195-9100,user_container-memory-rss,0.759095238095238,35,35,0.7916190476190477,0.7265714285714285,31,35,31,0.8952869496855346,baseline-v2-20260723,cd270e7871bd358937d83d9a49829637fa80007d2964084ef229f578e3733bd3,ba75425861a059dafcc477474fc3e4ed1eafdc2b47d6fdd0557337035d29a960,c04d3487bb6b47e7648184373ca01607429ccef3a53dff050abe81c05ca1e9b1,3398715,1702389634000000000,300
SS/orders_disk/2,SS,orders,disk,2,300,300,incident,0.1,6,0.10000079030142096,baro,2,0.5,0.8,0.05,0,1,1,21,440.3461000183597,session-db|orders|front-end|carts|catalogue,session-db_container-fs-writes-bytes-total,0.7617619047619048,35,35,0.7974285714285714,0.7260952380952381,31,35,31,0.8952869496855346,baseline-v2-20260723,cd270e7871bd358937d83d9a49829637fa80007d2964084ef229f578e3733bd3,ba75425861a059dafcc477474fc3e4ed1eafdc2b47d6fdd0557337035d29a960,c04d3487bb6b47e7648184373ca01607429ccef3a53dff050abe81c05ca1e9b1,3398715,1702389634000000000,300
SS/orders_disk/2,SS,orders,disk,2,300,300,incident,0.1,6,0.10000079030142096,median_shift,7,0.14285714285714285,0.0,0.3,0,0,0,21,104.58039998775348,front-end|rabbitmq|user-db|carts-db|payment,front-end_istio-latency-90,0.7617619047619048,35,35,0.7974285714285714,0.7260952380952381,31,35,31,0.8952869496855346,baseline-v2-20260723,cd270e7871bd358937d83d9a49829637fa80007d2964084ef229f578e3733bd3,ba75425861a059dafcc477474fc3e4ed1eafdc2b47d6fdd0557337035d29a960,c04d3487bb6b47e7648184373ca01607429ccef3a53dff050abe81c05ca1e9b1,3398715,1702389634000000000,300
SS/orders_disk/2,SS,orders,disk,2,300,300,incident,0.1,6,0.10000079030142096,nsigma,10,0.1,0.0,0.45,0,0,0,21,280.301499995403,user|catalogue|user-db|carts-db|10-192-15-195-9100,user_container-memory-rss,0.7617619047619048,35,35,0.7974285714285714,0.7260952380952381,31,35,31,0.8952869496855346,baseline-v2-20260723,cd270e7871bd358937d83d9a49829637fa80007d2964084ef229f578e3733bd3,ba75425861a059dafcc477474fc3e4ed1eafdc2b47d6fdd0557337035d29a960,c04d3487bb6b47e7648184373ca01607429ccef3a53dff050abe81c05ca1e9b1,3398715,1702389634000000000,300
SS/orders_disk/2,SS,orders,disk,2,300,300,incident,0.1,7,0.10000079030142096,baro,2,0.5,0.8,0.05,0,1,1,21,374.4369999621995,session-db|orders|front-end|catalogue|user,session-db_container-fs-writes-bytes-total,0.7603333333333333,35,35,0.7951428571428572,0.7255238095238096,31,35,31,0.8952869496855346,baseline-v2-20260723,cd270e7871bd358937d83d9a49829637fa80007d2964084ef229f578e3733bd3,ba75425861a059dafcc477474fc3e4ed1eafdc2b47d6fdd0557337035d29a960,c04d3487bb6b47e7648184373ca01607429ccef3a53dff050abe81c05ca1e9b1,3398715,1702389634000000000,300
SS/orders_disk/2,SS,orders,disk,2,300,300,incident,0.1,7,0.10000079030142096,median_shift,8,0.125,0.0,0.35,0,0,0,21,137.01050000963733,front-end|rabbitmq|user-db|payment|carts-db,front-end_istio-latency-90,0.7603333333333333,35,35,0.7951428571428572,0.7255238095238096,31,35,31,0.8952869496855346,baseline-v2-20260723,cd270e7871bd358937d83d9a49829637fa80007d2964084ef229f578e3733bd3,ba75425861a059dafcc477474fc3e4ed1eafdc2b47d6fdd0557337035d29a960,c04d3487bb6b47e7648184373ca01607429ccef3a53dff050abe81c05ca1e9b1,3398715,1702389634000000000,300
SS/orders_disk/2,SS,orders,disk,2,300,300,incident,0.1,7,0.10000079030142096,nsigma,11,0.09090909090909091,0.0,0.5,0,0,0,21,329.9538000137545,user|catalogue|user-db|orders-db|payment,user_container-memory-rss,0.7603333333333333,35,35,0.7951428571428572,0.7255238095238096,31,35,31,0.8952869496855346,baseline-v2-20260723,cd270e7871bd358937d83d9a49829637fa80007d2964084ef229f578e3733bd3,ba75425861a059dafcc477474fc3e4ed1eafdc2b47d6fdd0557337035d29a960,c04d3487bb6b47e7648184373ca01607429ccef3a53dff050abe81c05ca1e9b1,3398715,1702389634000000000,300
SS/orders_disk/2,SS,orders,disk,2,300,300,incident,0.1,8,0.10000079030142096,baro,2,0.5,0.8,0.05,0,1,1,21,402.4263999890536,session-db|orders|front-end|catalogue|user-db,session-db_container-fs-writes-bytes-total,0.7592380952380953,35,35,0.792952380952381,0.7255238095238096,31,35,31,0.8952869496855346,baseline-v2-20260723,cd270e7871bd358937d83d9a49829637fa80007d2964084ef229f578e3733bd3,ba75425861a059dafcc477474fc3e4ed1eafdc2b47d6fdd0557337035d29a960,c04d3487bb6b47e7648184373ca01607429ccef3a53dff050abe81c05ca1e9b1,3398715,1702389634000000000,300
SS/orders_disk/2,SS,orders,disk,2,300,300,incident,0.1,8,0.10000079030142096,median_shift,7,0.14285714285714285,0.0,0.3,0,0,0,21,131.64259999757633,front-end|rabbitmq|user-db|payment|carts-db,front-end_istio-latency-90,0.7592380952380953,35,35,0.792952380952381,0.7255238095238096,31,35,31,0.8952869496855346,baseline-v2-20260723,cd270e7871bd358937d83d9a49829637fa80007d2964084ef229f578e3733bd3,ba75425861a059dafcc477474fc3e4ed1eafdc2b47d6fdd0557337035d29a960,c04d3487bb6b47e7648184373ca01607429ccef3a53dff050abe81c05ca1e9b1,3398715,1702389634000000000,300
SS/orders_disk/2,SS,orders,disk,2,300,300,incident,0.1,8,0.10000079030142096,nsigma,11,0.09090909090909091,0.0,0.5,0,0,0,21,351.6964999726042,user|catalogue|carts-db|user-db|orders-db,user_container-memory-rss,0.7592380952380953,35,35,0.792952380952381,0.7255238095238096,31,35,31,0.8952869496855346,baseline-v2-20260723,cd270e7871bd358937d83d9a49829637fa80007d2964084ef229f578e3733bd3,ba75425861a059dafcc477474fc3e4ed1eafdc2b47d6fdd0557337035d29a960,c04d3487bb6b47e7648184373ca01607429ccef3a53dff050abe81c05ca1e9b1,3398715,1702389634000000000,300
SS/orders_disk/2,SS,orders,disk,2,300,300,incident,0.1,9,0.10000079030142096,baro,2,0.5,0.8,0.05,0,1,1,21,366.75049999030307,session-db|orders|carts|front-end|user-db,session-db_container-fs-writes-bytes-total,0.7608095238095238,35,35,0.7948571428571428,0.7267619047619047,31,35,31,0.8952869496855346,baseline-v2-20260723,cd270e7871bd358937d83d9a49829637fa80007d2964084ef229f578e3733bd3,ba75425861a059dafcc477474fc3e4ed1eafdc2b47d6fdd0557337035d29a960,c04d3487bb6b47e7648184373ca01607429ccef3a53dff050abe81c05ca1e9b1,3398715,1702389634000000000,300
SS/orders_disk/2,SS,orders,disk,2,300,300,incident,0.1,9,0.10000079030142096,median_shift,7,0.14285714285714285,0.0,0.3,0,0,0,21,93.11030001845211,front-end|rabbitmq|user-db|payment|carts-db,front-end_istio-latency-90,0.7608095238095238,35,35,0.7948571428571428,0.7267619047619047,31,35,31,0.8952869496855346,baseline-v2-20260723,cd270e7871bd358937d83d9a49829637fa80007d2964084ef229f578e3733bd3,ba75425861a059dafcc477474fc3e4ed1eafdc2b47d6fdd0557337035d29a960,c04d3487bb6b47e7648184373ca01607429ccef3a53dff050abe81c05ca1e9b1,3398715,1702389634000000000,300
SS/orders_disk/2,SS,orders,disk,2,300,300,incident,0.1,9,0.10000079030142096,nsigma,10,0.1,0.0,0.45,0,0,0,21,302.4841999867931,user|catalogue|user-db|carts-db|orders-db,user_container-memory-rss,0.7608095238095238,35,35,0.7948571428571428,0.7267619047619047,31,35,31,0.8952869496855346,baseline-v2-20260723,cd270e7871bd358937d83d9a49829637fa80007d2964084ef229f578e3733bd3,ba75425861a059dafcc477474fc3e4ed1eafdc2b47d6fdd0557337035d29a960,c04d3487bb6b47e7648184373ca01607429ccef3a53dff050abe81c05ca1e9b1,3398715,1702389634000000000,300
SS/orders_disk/2,SS,orders,disk,2,300,300,incident,0.3,0,0.2999984193971581,baro,2,0.5,0.8,0.05,0,1,1,21,343.9877000055276,session-db|orders|catalogue|carts|catalogue-db,session-db_container-fs-writes-bytes-total,0.6062857142857143,35,35,0.6212380952380953,0.5913333333333334,31,35,31,0.6963364779874214,baseline-v2-20260723,cd270e7871bd358937d83d9a49829637fa80007d2964084ef229f578e3733bd3,ba75425861a059dafcc477474fc3e4ed1eafdc2b47d6fdd0557337035d29a960,c04d3487bb6b47e7648184373ca01607429ccef3a53dff050abe81c05ca1e9b1,3398715,1702389634000000000,300
SS/orders_disk/2,SS,orders,disk,2,300,300,incident,0.3,0,0.2999984193971581,median_shift,9,0.1111111111111111,0.0,0.4,0,0,0,21,91.27600002102554,carts-db|catalogue|user-db|rabbitmq|orders-db,carts-db_container-memory-rss,0.6062857142857143,35,35,0.6212380952380953,0.5913333333333334,31,35,31,0.6963364779874214,baseline-v2-20260723,cd270e7871bd358937d83d9a49829637fa80007d2964084ef229f578e3733bd3,ba75425861a059dafcc477474fc3e4ed1eafdc2b47d6fdd0557337035d29a960,c04d3487bb6b47e7648184373ca01607429ccef3a53dff050abe81c05ca1e9b1,3398715,1702389634000000000,300
SS/orders_disk/2,SS,orders,disk,2,300,300,incident,0.3,0,0.2999984193971581,nsigma,6,0.16666666666666666,0.0,0.25,0,0,0,21,311.79330003215,carts|payment|catalogue|user|user-db,carts_container-memory-working-set-bytes,0.6062857142857143,35,35,0.6212380952380953,0.5913333333333334,31,35,31,0.6963364779874214,baseline-v2-20260723,cd270e7871bd358937d83d9a49829637fa80007d2964084ef229f578e3733bd3,ba75425861a059dafcc477474fc3e4ed1eafdc2b47d6fdd0557337035d29a960,c04d3487bb6b47e7648184373ca01607429ccef3a53dff050abe81c05ca1e9b1,3398715,1702389634000000000,300
SS/orders_disk/2,SS,orders,disk,2,300,300,incident,0.3,1,0.2999984193971581,baro,2,0.5,0.8,0.05,0,1,1,21,343.68350001750514,session-db|orders|catalogue|catalogue-db|rabbitmq,session-db_container-fs-writes-bytes-total,0.6052380952380952,35,35,0.6202857142857143,0.5901904761904762,31,35,31,0.6963364779874214,baseline-v2-20260723,cd270e7871bd358937d83d9a49829637fa80007d2964084ef229f578e3733bd3,ba75425861a059dafcc477474fc3e4ed1eafdc2b47d6fdd0557337035d29a960,c04d3487bb6b47e7648184373ca01607429ccef3a53dff050abe81c05ca1e9b1,3398715,1702389634000000000,300
SS/orders_disk/2,SS,orders,disk,2,300,300,incident,0.3,1,0.2999984193971581,median_shift,9,0.1111111111111111,0.0,0.4,0,0,0,21,81.6188000026159,catalogue|user-db|rabbitmq|payment|carts-db,catalogue_container-memory-rss,0.6052380952380952,35,35,0.6202857142857143,0.5901904761904762,31,35,31,0.6963364779874214,baseline-v2-20260723,cd270e7871bd358937d83d9a49829637fa80007d2964084ef229f578e3733bd3,ba75425861a059dafcc477474fc3e4ed1eafdc2b47d6fdd0557337035d29a960,c04d3487bb6b47e7648184373ca01607429ccef3a53dff050abe81c05ca1e9b1,3398715,1702389634000000000,300
SS/orders_disk/2,SS,orders,disk,2,300,300,incident,0.3,1,0.2999984193971581,nsigma,2,0.5,0.8,0.05,0,1,1,21,297.5130999693647,payment|orders|user|catalogue|user-db,payment_container-memory-working-set-bytes,0.6052380952380952,35,35,0.6202857142857143,0.5901904761904762,31,35,31,0.6963364779874214,baseline-v2-20260723,cd270e7871bd358937d83d9a49829637fa80007d2964084ef229f578e3733bd3,ba75425861a059dafcc477474fc3e4ed1eafdc2b47d6fdd0557337035d29a960,c04d3487bb6b47e7648184373ca01607429ccef3a53dff050abe81c05ca1e9b1,3398715,1702389634000000000,300
SS/orders_disk/2,SS,orders,disk,2,300,300,incident,0.3,2,0.2999984193971581,baro,2,0.5,0.8,0.05,0,1,1,21,338.25910004088655,session-db|orders|front-end|carts|front,session-db_container-fs-writes-bytes-total,0.604,35,35,0.6131428571428571,0.5948571428571429,31,35,31,0.6963364779874214,baseline-v2-20260723,cd270e7871bd358937d83d9a49829637fa80007d2964084ef229f578e3733bd3,ba75425861a059dafcc477474fc3e4ed1eafdc2b47d6fdd0557337035d29a960,c04d3487bb6b47e7648184373ca01607429ccef3a53dff050abe81c05ca1e9b1,3398715,1702389634000000000,300
SS/orders_disk/2,SS,orders,disk,2,300,300,incident,0.3,2,0.2999984193971581,median_shift,10,0.1,0.0,0.45,0,0,0,21,123.36789997061715,carts-db|catalogue|orders-db|user-db|rabbitmq,carts-db_container-memory-rss,0.604,35,35,0.6131428571428571,0.5948571428571429,31,35,31,0.6963364779874214,baseline-v2-20260723,cd270e7871bd358937d83d9a49829637fa80007d2964084ef229f578e3733bd3,ba75425861a059dafcc477474fc3e4ed1eafdc2b47d6fdd0557337035d29a960,c04d3487bb6b47e7648184373ca01607429ccef3a53dff050abe81c05ca1e9b1,3398715,1702389634000000000,300
SS/orders_disk/2,SS,orders,disk,2,300,300,incident,0.3,2,0.2999984193971581,nsigma,3,0.3333333333333333,0.6,0.1,0,1,1,21,239.59000001195818,carts|payment|orders|catalogue|carts-db,carts_container-memory-working-set-bytes,0.604,35,35,0.6131428571428571,0.5948571428571429,31,35,31,0.6963364779874214,baseline-v2-20260723,cd270e7871bd358937d83d9a49829637fa80007d2964084ef229f578e3733bd3,ba75425861a059dafcc477474fc3e4ed1eafdc2b47d6fdd0557337035d29a960,c04d3487bb6b47e7648184373ca01607429ccef3a53dff050abe81c05ca1e9b1,3398715,1702389634000000000,300
SS/orders_disk/2,SS,orders,disk,2,300,300,incident,0.3,3,0.2999984193971581,baro,2,0.5,0.8,0.05,0,1,1,21,417.32270002830774,session-db|orders|queue|catalogue-db|front-end,session-db_container-fs-writes-bytes-total,0.6059523809523809,35,35,0.6238095238095238,0.5880952380952381,31,35,31,0.6963364779874214,baseline-v2-20260723,cd270e7871bd358937d83d9a49829637fa80007d2964084ef229f578e3733bd3,ba75425861a059dafcc477474fc3e4ed1eafdc2b47d6fdd0557337035d29a960,c04d3487bb6b47e7648184373ca01607429ccef3a53dff050abe81c05ca1e9b1,3398715,1702389634000000000,300
SS/orders_disk/2,SS,orders,disk,2,300,300,incident,0.3,3,0.2999984193971581,median_shift,11,0.09090909090909091,0.0,0.5,0,0,0,21,122.10169999161735,carts|catalogue|user|rabbitmq|carts-db,carts_container-memory-rss,0.6059523809523809,35,35,0.6238095238095238,0.5880952380952381,31,35,31,0.6963364779874214,baseline-v2-20260723,cd270e7871bd358937d83d9a49829637fa80007d2964084ef229f578e3733bd3,ba75425861a059dafcc477474fc3e4ed1eafdc2b47d6fdd0557337035d29a960,c04d3487bb6b47e7648184373ca01607429ccef3a53dff050abe81c05ca1e9b1,3398715,1702389634000000000,300
SS/orders_disk/2,SS,orders,disk,2,300,300,incident,0.3,3,0.2999984193971581,nsigma,3,0.3333333333333333,0.6,0.1,0,1,1,21,303.6510000238195,carts|payment|orders|catalogue|user,carts_container-memory-working-set-bytes,0.6059523809523809,35,35,0.6238095238095238,0.5880952380952381,31,35,31,0.6963364779874214,baseline-v2-20260723,cd270e7871bd358937d83d9a49829637fa80007d2964084ef229f578e3733bd3,ba75425861a059dafcc477474fc3e4ed1eafdc2b47d6fdd0557337035d29a960,c04d3487bb6b47e7648184373ca01607429ccef3a53dff050abe81c05ca1e9b1,3398715,1702389634000000000,300
SS/orders_disk/2,SS,orders,disk,2,300,300,incident,0.3,4,0.2999984193971581,baro,2,0.5,0.8,0.05,0,1,1,21,436.7004999658093,session-db|orders|queue|front-end|catalogue-db,session-db_container-fs-writes-bytes-total,0.6058095238095238,35,35,0.6185714285714285,0.593047619047619,31,35,31,0.6963364779874214,baseline-v2-20260723,cd270e7871bd358937d83d9a49829637fa80007d2964084ef229f578e3733bd3,ba75425861a059dafcc477474fc3e4ed1eafdc2b47d6fdd0557337035d29a960,c04d3487bb6b47e7648184373ca01607429ccef3a53dff050abe81c05ca1e9b1,3398715,1702389634000000000,300
SS/orders_disk/2,SS,orders,disk,2,300,300,incident,0.3,4,0.2999984193971581,median_shift,13,0.07692307692307693,0.0,0.6,0,0,0,21,102.82530001131818,carts-db|carts|rabbitmq|catalogue|user-db,carts-db_container-memory-rss,0.6058095238095238,35,35,0.6185714285714285,0.593047619047619,31,35,31,0.6963364779874214,baseline-v2-20260723,cd270e7871bd358937d83d9a49829637fa80007d2964084ef229f578e3733bd3,ba75425861a059dafcc477474fc3e4ed1eafdc2b47d6fdd0557337035d29a960,c04d3487bb6b47e7648184373ca01607429ccef3a53dff050abe81c05ca1e9b1,3398715,1702389634000000000,300
SS/orders_disk/2,SS,orders,disk,2,300,300,incident,0.3,4,0.2999984193971581,nsigma,3,0.3333333333333333,0.6,0.1,0,1,1,21,298.43090003123507,carts|carts-db|orders|payment|user,carts_container-memory-working-set-bytes,0.6058095238095238,35,35,0.6185714285714285,0.593047619047619,31,35,31,0.6963364779874214,baseline-v2-20260723,cd270e7871bd358937d83d9a49829637fa80007d2964084ef229f578e3733bd3,ba75425861a059dafcc477474fc3e4ed1eafdc2b47d6fdd0557337035d29a960,c04d3487bb6b47e7648184373ca01607429ccef3a53dff050abe81c05ca1e9b1,3398715,1702389634000000000,300
SS/orders_disk/2,SS,orders,disk,2,300,300,incident,0.3,5,0.2999984193971581,baro,2,0.5,0.8,0.05,0,1,1,21,370.795700000599,session-db|orders|front-end|catalogue-db|front,session-db_container-fs-writes-bytes-total,0.609,35,35,0.6237142857142857,0.5942857142857143,31,35,31,0.6963364779874214,baseline-v2-20260723,cd270e7871bd358937d83d9a49829637fa80007d2964084ef229f578e3733bd3,ba75425861a059dafcc477474fc3e4ed1eafdc2b47d6fdd0557337035d29a960,c04d3487bb6b47e7648184373ca01607429ccef3a53dff050abe81c05ca1e9b1,3398715,1702389634000000000,300
SS/orders_disk/2,SS,orders,disk,2,300,300,incident,0.3,5,0.2999984193971581,median_shift,11,0.09090909090909091,0.0,0.5,0,0,0,21,126.88910000724718,catalogue|carts|carts-db|user-db|rabbitmq,catalogue_container-memory-rss,0.609,35,35,0.6237142857142857,0.5942857142857143,31,35,31,0.6963364779874214,baseline-v2-20260723,cd270e7871bd358937d83d9a49829637fa80007d2964084ef229f578e3733bd3,ba75425861a059dafcc477474fc3e4ed1eafdc2b47d6fdd0557337035d29a960,c04d3487bb6b47e7648184373ca01607429ccef3a53dff050abe81c05ca1e9b1,3398715,1702389634000000000,300
SS/orders_disk/2,SS,orders,disk,2,300,300,incident,0.3,5,0.2999984193971581,nsigma,7,0.14285714285714285,0.0,0.3,0,0,0,21,273.63900002092123,carts|user|payment|catalogue|orders-db,carts_container-memory-working-set-bytes,0.609,35,35,0.6237142857142857,0.5942857142857143,31,35,31,0.6963364779874214,baseline-v2-20260723,cd270e7871bd358937d83d9a49829637fa80007d2964084ef229f578e3733bd3,ba75425861a059dafcc477474fc3e4ed1eafdc2b47d6fdd0557337035d29a960,c04d3487bb6b47e7648184373ca01607429ccef3a53dff050abe81c05ca1e9b1,3398715,1702389634000000000,300
SS/orders_disk/2,SS,orders,disk,2,300,300,incident,0.3,6,0.2999984193971581,baro,2,0.5,0.8,0.05,0,1,1,21,303.8737999740988,session-db|orders|catalogue-db|payment|front,session-db_container-fs-writes-bytes-total,0.6067142857142858,35,35,0.6208571428571429,0.5925714285714285,31,35,31,0.6963364779874214,baseline-v2-20260723,cd270e7871bd358937d83d9a49829637fa80007d2964084ef229f578e3733bd3,ba75425861a059dafcc477474fc3e4ed1eafdc2b47d6fdd0557337035d29a960,c04d3487bb6b47e7648184373ca01607429ccef3a53dff050abe81c05ca1e9b1,3398715,1702389634000000000,300
SS/orders_disk/2,SS,orders,disk,2,300,300,incident,0.3,6,0.2999984193971581,median_shift,12,0.08333333333333333,0.0,0.55,0,0,0,21,79.87219997448847,carts-db|catalogue|user-db|rabbitmq|payment,carts-db_container-memory-working-set-bytes,0.6067142857142858,35,35,0.6208571428571429,0.5925714285714285,31,35,31,0.6963364779874214,baseline-v2-20260723,cd270e7871bd358937d83d9a49829637fa80007d2964084ef229f578e3733bd3,ba75425861a059dafcc477474fc3e4ed1eafdc2b47d6fdd0557337035d29a960,c04d3487bb6b47e7648184373ca01607429ccef3a53dff050abe81c05ca1e9b1,3398715,1702389634000000000,300
SS/orders_disk/2,SS,orders,disk,2,300,300,incident,0.3,6,0.2999984193971581,nsigma,1,1.0,1.0,0.0,1,1,1,21,244.57239999901503,orders|carts|user|payment|catalogue,orders_container-network-receive-bytes-total,0.6067142857142858,35,35,0.6208571428571429,0.5925714285714285,31,35,31,0.6963364779874214,baseline-v2-20260723,cd270e7871bd358937d83d9a49829637fa80007d2964084ef229f578e3733bd3,ba75425861a059dafcc477474fc3e4ed1eafdc2b47d6fdd0557337035d29a960,c04d3487bb6b47e7648184373ca01607429ccef3a53dff050abe81c05ca1e9b1,3398715,1702389634000000000,300
SS/orders_disk/2,SS,orders,disk,2,300,300,incident,0.3,7,0.2999984193971581,baro,2,0.5,0.8,0.05,0,1,1,21,382.8213000087999,session-db|orders|catalogue-db|front|front-end,session-db_container-fs-writes-bytes-total,0.605904761904762,35,35,0.6224761904761905,0.5893333333333334,31,35,31,0.6963364779874214,baseline-v2-20260723,cd270e7871bd358937d83d9a49829637fa80007d2964084ef229f578e3733bd3,ba75425861a059dafcc477474fc3e4ed1eafdc2b47d6fdd0557337035d29a960,c04d3487bb6b47e7648184373ca01607429ccef3a53dff050abe81c05ca1e9b1,3398715,1702389634000000000,300
SS/orders_disk/2,SS,orders,disk,2,300,300,incident,0.3,7,0.2999984193971581,median_shift,9,0.1111111111111111,0.0,0.4,0,0,0,21,112.13670001598075,carts-db|catalogue|rabbitmq|user-db|user,carts-db_container-memory-working-set-bytes,0.605904761904762,35,35,0.6224761904761905,0.5893333333333334,31,35,31,0.6963364779874214,baseline-v2-20260723,cd270e7871bd358937d83d9a49829637fa80007d2964084ef229f578e3733bd3,ba75425861a059dafcc477474fc3e4ed1eafdc2b47d6fdd0557337035d29a960,c04d3487bb6b47e7648184373ca01607429ccef3a53dff050abe81c05ca1e9b1,3398715,1702389634000000000,300
SS/orders_disk/2,SS,orders,disk,2,300,300,incident,0.3,7,0.2999984193971581,nsigma,5,0.2,0.2,0.2,0,0,1,21,341.72809997107834,carts|payment|carts-db|catalogue|orders,carts_container-memory-working-set-bytes,0.605904761904762,35,35,0.6224761904761905,0.5893333333333334,31,35,31,0.6963364779874214,baseline-v2-20260723,cd270e7871bd358937d83d9a49829637fa80007d2964084ef229f578e3733bd3,ba75425861a059dafcc477474fc3e4ed1eafdc2b47d6fdd0557337035d29a960,c04d3487bb6b47e7648184373ca01607429ccef3a53dff050abe81c05ca1e9b1,3398715,1702389634000000000,300
SS/orders_disk/2,SS,orders,disk,2,300,300,incident,0.3,8,0.2999984193971581,baro,2,0.5,0.8,0.05,0,1,1,21,353.4770999685861,session-db|orders|catalogue|front-end|catalogue-db,session-db_container-fs-writes-bytes-total,0.6067142857142858,35,35,0.6231428571428571,0.5902857142857143,31,35,31,0.6963364779874214,baseline-v2-20260723,cd270e7871bd358937d83d9a49829637fa80007d2964084ef229f578e3733bd3,ba75425861a059dafcc477474fc3e4ed1eafdc2b47d6fdd0557337035d29a960,c04d3487bb6b47e7648184373ca01607429ccef3a53dff050abe81c05ca1e9b1,3398715,1702389634000000000,300
SS/orders_disk/2,SS,orders,disk,2,300,300,incident,0.3,8,0.2999984193971581,median_shift,9,0.1111111111111111,0.0,0.4,0,0,0,21,119.15469996165484,carts-db|carts|user-db|catalogue|payment,carts-db_container-memory-rss,0.6067142857142858,35,35,0.6231428571428571,0.5902857142857143,31,35,31,0.6963364779874214,baseline-v2-20260723,cd270e7871bd358937d83d9a49829637fa80007d2964084ef229f578e3733bd3,ba75425861a059dafcc477474fc3e4ed1eafdc2b47d6fdd0557337035d29a960,c04d3487bb6b47e7648184373ca01607429ccef3a53dff050abe81c05ca1e9b1,3398715,1702389634000000000,300
SS/orders_disk/2,SS,orders,disk,2,300,300,incident,0.3,8,0.2999984193971581,nsigma,5,0.2,0.2,0.2,0,0,1,21,306.9721999927424,carts|carts-db|catalogue|payment|orders,carts_container-memory-working-set-bytes,0.6067142857142858,35,35,0.6231428571428571,0.5902857142857143,31,35,31,0.6963364779874214,baseline-v2-20260723,cd270e7871bd358937d83d9a49829637fa80007d2964084ef229f578e3733bd3,ba75425861a059dafcc477474fc3e4ed1eafdc2b47d6fdd0557337035d29a960,c04d3487bb6b47e7648184373ca01607429ccef3a53dff050abe81c05ca1e9b1,3398715,1702389634000000000,300
SS/orders_disk/2,SS,orders,disk,2,300,300,incident,0.3,9,0.2999984193971581,baro,2,0.5,0.8,0.05,0,1,1,21,331.6285999608226,session-db|orders|catalogue|user|queue,session-db_container-fs-writes-bytes-total,0.6075714285714285,35,35,0.6221904761904762,0.5929523809523809,31,35,31,0.6963364779874214,baseline-v2-20260723,cd270e7871bd358937d83d9a49829637fa80007d2964084ef229f578e3733bd3,ba75425861a059dafcc477474fc3e4ed1eafdc2b47d6fdd0557337035d29a960,c04d3487bb6b47e7648184373ca01607429ccef3a53dff050abe81c05ca1e9b1,3398715,1702389634000000000,300
SS/orders_disk/2,SS,orders,disk,2,300,300,incident,0.3,9,0.2999984193971581,median_shift,11,0.09090909090909091,0.0,0.5,0,0,0,21,103.51009998703375,carts|catalogue|carts-db|user-db|rabbitmq,carts_container-memory-working-set-bytes,0.6075714285714285,35,35,0.6221904761904762,0.5929523809523809,31,35,31,0.6963364779874214,baseline-v2-20260723,cd270e7871bd358937d83d9a49829637fa80007d2964084ef229f578e3733bd3,ba75425861a059dafcc477474fc3e4ed1eafdc2b47d6fdd0557337035d29a960,c04d3487bb6b47e7648184373ca01607429ccef3a53dff050abe81c05ca1e9b1,3398715,1702389634000000000,300
SS/orders_disk/2,SS,orders,disk,2,300,300,incident,0.3,9,0.2999984193971581,nsigma,2,0.5,0.8,0.05,0,1,1,21,289.2577000311576,carts|orders|payment|catalogue|user,carts_container-memory-working-set-bytes,0.6075714285714285,35,35,0.6221904761904762,0.5929523809523809,31,35,31,0.6963364779874214,baseline-v2-20260723,cd270e7871bd358937d83d9a49829637fa80007d2964084ef229f578e3733bd3,ba75425861a059dafcc477474fc3e4ed1eafdc2b47d6fdd0557337035d29a960,c04d3487bb6b47e7648184373ca01607429ccef3a53dff050abe81c05ca1e9b1,3398715,1702389634000000000,300
SS/orders_disk/2,SS,orders,disk,2,300,300,incident,0.5,0,0.5,baro,2,0.5,0.8,0.05,0,1,1,21,341.20220004115254,session-db|orders|catalogue-db|queue|rabbitmq,session-db_container-fs-reads-bytes-total,0.44047619047619047,35,35,0.44895238095238094,0.432,31,35,30,0.4973820754716981,baseline-v2-20260723,cd270e7871bd358937d83d9a49829637fa80007d2964084ef229f578e3733bd3,ba75425861a059dafcc477474fc3e4ed1eafdc2b47d6fdd0557337035d29a960,c04d3487bb6b47e7648184373ca01607429ccef3a53dff050abe81c05ca1e9b1,3398715,1702389634000000000,300
SS/orders_disk/2,SS,orders,disk,2,300,300,incident,0.5,0,0.5,median_shift,7,0.14285714285714285,0.0,0.3,0,0,0,21,85.71870002197102,catalogue|user|queue-master|orders-db|payment,catalogue_container-memory-rss,0.44047619047619047,35,35,0.44895238095238094,0.432,31,35,30,0.4973820754716981,baseline-v2-20260723,cd270e7871bd358937d83d9a49829637fa80007d2964084ef229f578e3733bd3,ba75425861a059dafcc477474fc3e4ed1eafdc2b47d6fdd0557337035d29a960,c04d3487bb6b47e7648184373ca01607429ccef3a53dff050abe81c05ca1e9b1,3398715,1702389634000000000,300
SS/orders_disk/2,SS,orders,disk,2,300,300,incident,0.5,0,0.5,nsigma,1,1.0,1.0,0.0,1,1,1,21,317.36390001606196,orders|carts|payment|catalogue|user,orders_container-network-receive-bytes-total,0.44047619047619047,35,35,0.44895238095238094,0.432,31,35,30,0.4973820754716981,baseline-v2-20260723,cd270e7871bd358937d83d9a49829637fa80007d2964084ef229f578e3733bd3,ba75425861a059dafcc477474fc3e4ed1eafdc2b47d6fdd0557337035d29a960,c04d3487bb6b47e7648184373ca01607429ccef3a53dff050abe81c05ca1e9b1,3398715,1702389634000000000,300
SS/orders_disk/2,SS,orders,disk,2,300,300,incident,0.5,1,0.5,baro,2,0.5,0.8,0.05,0,1,1,21,380.95100002828985,session-db|orders|catalogue|payment|queue,session-db_container-fs-writes-bytes-total,0.43885714285714283,35,35,0.441047619047619,0.43666666666666665,31,35,30,0.4973820754716981,baseline-v2-20260723,cd270e7871bd358937d83d9a49829637fa80007d2964084ef229f578e3733bd3,ba75425861a059dafcc477474fc3e4ed1eafdc2b47d6fdd0557337035d29a960,c04d3487bb6b47e7648184373ca01607429ccef3a53dff050abe81c05ca1e9b1,3398715,1702389634000000000,300
SS/orders_disk/2,SS,orders,disk,2,300,300,incident,0.5,1,0.5,median_shift,7,0.14285714285714285,0.0,0.3,0,0,0,21,113.77050000010058,carts|user|catalogue|shipping|payment,carts_container-memory-usage-bytes,0.43885714285714283,35,35,0.441047619047619,0.43666666666666665,31,35,30,0.4973820754716981,baseline-v2-20260723,cd270e7871bd358937d83d9a49829637fa80007d2964084ef229f578e3733bd3,ba75425861a059dafcc477474fc3e4ed1eafdc2b47d6fdd0557337035d29a960,c04d3487bb6b47e7648184373ca01607429ccef3a53dff050abe81c05ca1e9b1,3398715,1702389634000000000,300
SS/orders_disk/2,SS,orders,disk,2,300,300,incident,0.5,1,0.5,nsigma,1,1.0,1.0,0.0,1,1,1,21,351.7030000220984,orders|carts|payment|catalogue|user,orders_container-network-receive-bytes-total,0.43885714285714283,35,35,0.441047619047619,0.43666666666666665,31,35,30,0.4973820754716981,baseline-v2-20260723,cd270e7871bd358937d83d9a49829637fa80007d2964084ef229f578e3733bd3,ba75425861a059dafcc477474fc3e4ed1eafdc2b47d6fdd0557337035d29a960,c04d3487bb6b47e7648184373ca01607429ccef3a53dff050abe81c05ca1e9b1,3398715,1702389634000000000,300
SS/orders_disk/2,SS,orders,disk,2,300,300,incident,0.5,2,0.5,baro,2,0.5,0.8,0.05,0,1,1,21,357.4396999902092,session-db|orders|user|queue|catalogue-db,session-db_container-fs-reads-bytes-total,0.4433809523809524,35,35,0.4522857142857143,0.43447619047619046,31,35,29,0.4973820754716981,baseline-v2-20260723,cd270e7871bd358937d83d9a49829637fa80007d2964084ef229f578e3733bd3,ba75425861a059dafcc477474fc3e4ed1eafdc2b47d6fdd0557337035d29a960,c04d3487bb6b47e7648184373ca01607429ccef3a53dff050abe81c05ca1e9b1,3398715,1702389634000000000,300
SS/orders_disk/2,SS,orders,disk,2,300,300,incident,0.5,2,0.5,median_shift,4,0.25,0.4,0.15,0,0,1,21,107.62670001713559,user|10-192-15-197-9100|payment|orders|catalogue,user_container-memory-working-set-bytes,0.4433809523809524,35,35,0.4522857142857143,0.43447619047619046,31,35,29,0.4973820754716981,baseline-v2-20260723,cd270e7871bd358937d83d9a49829637fa80007d2964084ef229f578e3733bd3,ba75425861a059dafcc477474fc3e4ed1eafdc2b47d6fdd0557337035d29a960,c04d3487bb6b47e7648184373ca01607429ccef3a53dff050abe81c05ca1e9b1,3398715,1702389634000000000,300
SS/orders_disk/2,SS,orders,disk,2,300,300,incident,0.5,2,0.5,nsigma,2,0.5,0.8,0.05,0,1,1,21,300.27240002527833,payment|orders|catalogue|carts|orders-db,payment_container-memory-usage-bytes,0.4433809523809524,35,35,0.4522857142857143,0.43447619047619046,31,35,29,0.4973820754716981,baseline-v2-20260723,cd270e7871bd358937d83d9a49829637fa80007d2964084ef229f578e3733bd3,ba75425861a059dafcc477474fc3e4ed1eafdc2b47d6fdd0557337035d29a960,c04d3487bb6b47e7648184373ca01607429ccef3a53dff050abe81c05ca1e9b1,3398715,1702389634000000000,300
SS/orders_disk/2,SS,orders,disk,2,300,300,incident,0.5,3,0.5,baro,2,0.5,0.8,0.05,0,1,1,21,371.17930001113564,session-db|orders|catalogue-db|queue|catalogue,session-db_container-fs-writes-bytes-total,0.44542857142857145,35,35,0.4500952380952381,0.44076190476190474,31,34,30,0.4973820754716981,baseline-v2-20260723,cd270e7871bd358937d83d9a49829637fa80007d2964084ef229f578e3733bd3,ba75425861a059dafcc477474fc3e4ed1eafdc2b47d6fdd0557337035d29a960,c04d3487bb6b47e7648184373ca01607429ccef3a53dff050abe81c05ca1e9b1,3398715,1702389634000000000,300
SS/orders_disk/2,SS,orders,disk,2,300,300,incident,0.5,3,0.5,median_shift,8,0.125,0.0,0.35,0,0,0,21,120.44430000241846,carts|user|shipping|catalogue|orders-db,carts_container-memory-rss,0.44542857142857145,35,35,0.4500952380952381,0.44076190476190474,31,34,30,0.4973820754716981,baseline-v2-20260723,cd270e7871bd358937d83d9a49829637fa80007d2964084ef229f578e3733bd3,ba75425861a059dafcc477474fc3e4ed1eafdc2b47d6fdd0557337035d29a960,c04d3487bb6b47e7648184373ca01607429ccef3a53dff050abe81c05ca1e9b1,3398715,1702389634000000000,300
SS/orders_disk/2,SS,orders,disk,2,300,300,incident,0.5,3,0.5,nsigma,1,1.0,1.0,0.0,1,1,1,21,350.15650000423193,orders|carts|payment|user|front-end,orders_container-network-receive-bytes-total,0.44542857142857145,35,35,0.4500952380952381,0.44076190476190474,31,34,30,0.4973820754716981,baseline-v2-20260723,cd270e7871bd358937d83d9a49829637fa80007d2964084ef229f578e3733bd3,ba75425861a059dafcc477474fc3e4ed1eafdc2b47d6fdd0557337035d29a960,c04d3487bb6b47e7648184373ca01607429ccef3a53dff050abe81c05ca1e9b1,3398715,1702389634000000000,300
SS/orders_disk/2,SS,orders,disk,2,300,300,incident,0.5,4,0.5,baro,2,0.5,0.8,0.05,0,1,1,21,418.9240999985486,session-db|orders|queue|front-end|catalogue,session-db_container-fs-writes-bytes-total,0.4369523809523809,35,35,0.44361904761904764,0.43028571428571427,31,34,29,0.4973820754716981,baseline-v2-20260723,cd270e7871bd358937d83d9a49829637fa80007d2964084ef229f578e3733bd3,ba75425861a059dafcc477474fc3e4ed1eafdc2b47d6fdd0557337035d29a960,c04d3487bb6b47e7648184373ca01607429ccef3a53dff050abe81c05ca1e9b1,3398715,1702389634000000000,300
SS/orders_disk/2,SS,orders,disk,2,300,300,incident,0.5,4,0.5,median_shift,7,0.14285714285714285,0.0,0.3,0,0,0,21,122.65069998102263,catalogue|carts|user|queue-master|orders-db,catalogue_container-memory-working-set-bytes,0.4369523809523809,35,35,0.44361904761904764,0.43028571428571427,31,34,29,0.4973820754716981,baseline-v2-20260723,cd270e7871bd358937d83d9a49829637fa80007d2964084ef229f578e3733bd3,ba75425861a059dafcc477474fc3e4ed1eafdc2b47d6fdd0557337035d29a960,c04d3487bb6b47e7648184373ca01607429ccef3a53dff050abe81c05ca1e9b1,3398715,1702389634000000000,300
SS/orders_disk/2,SS,orders,disk,2,300,300,incident,0.5,4,0.5,nsigma,1,1.0,1.0,0.0,1,1,1,21,261.1926000099629,orders|payment|carts|catalogue|user,orders_container-network-receive-bytes-total,0.4369523809523809,35,35,0.44361904761904764,0.43028571428571427,31,34,29,0.4973820754716981,baseline-v2-20260723,cd270e7871bd358937d83d9a49829637fa80007d2964084ef229f578e3733bd3,ba75425861a059dafcc477474fc3e4ed1eafdc2b47d6fdd0557337035d29a960,c04d3487bb6b47e7648184373ca01607429ccef3a53dff050abe81c05ca1e9b1,3398715,1702389634000000000,300
SS/orders_disk/2,SS,orders,disk,2,300,300,incident,0.5,5,0.5,baro,2,0.5,0.8,0.05,0,1,1,21,360.0938000017777,session-db|orders|catalogue|queue|carts-db,session-db_container-fs-writes-bytes-total,0.43733333333333335,35,35,0.43933333333333335,0.43533333333333335,31,35,29,0.4973820754716981,baseline-v2-20260723,cd270e7871bd358937d83d9a49829637fa80007d2964084ef229f578e3733bd3,ba75425861a059dafcc477474fc3e4ed1eafdc2b47d6fdd0557337035d29a960,c04d3487bb6b47e7648184373ca01607429ccef3a53dff050abe81c05ca1e9b1,3398715,1702389634000000000,300
SS/orders_disk/2,SS,orders,disk,2,300,300,incident,0.5,5,0.5,median_shift,6,0.16666666666666666,0.0,0.25,0,0,0,21,124.09659998957068,user-db|user|carts|shipping|payment,user-db_container-memory-rss,0.43733333333333335,35,35,0.43933333333333335,0.43533333333333335,31,35,29,0.4973820754716981,baseline-v2-20260723,cd270e7871bd358937d83d9a49829637fa80007d2964084ef229f578e3733bd3,ba75425861a059dafcc477474fc3e4ed1eafdc2b47d6fdd0557337035d29a960,c04d3487bb6b47e7648184373ca01607429ccef3a53dff050abe81c05ca1e9b1,3398715,1702389634000000000,300
SS/orders_disk/2,SS,orders,disk,2,300,300,incident,0.5,5,0.5,nsigma,2,0.5,0.8,0.05,0,1,1,21,272.62669999618083,catalogue|orders|carts|payment|orders-db,catalogue_istio-request-total,0.43733333333333335,35,35,0.43933333333333335,0.43533333333333335,31,35,29,0.4973820754716981,baseline-v2-20260723,cd270e7871bd358937d83d9a49829637fa80007d2964084ef229f578e3733bd3,ba75425861a059dafcc477474fc3e4ed1eafdc2b47d6fdd0557337035d29a960,c04d3487bb6b47e7648184373ca01607429ccef3a53dff050abe81c05ca1e9b1,3398715,1702389634000000000,300
SS/orders_disk/2,SS,orders,disk,2,300,300,incident,0.5,6,0.5,baro,2,0.5,0.8,0.05,0,1,1,21,351.9493999774568,session-db|orders|queue|front-end|front,session-db_container-fs-writes-bytes-total,0.43852380952380954,35,35,0.4452380952380952,0.4318095238095238,31,35,29,0.4973820754716981,baseline-v2-20260723,cd270e7871bd358937d83d9a49829637fa80007d2964084ef229f578e3733bd3,ba75425861a059dafcc477474fc3e4ed1eafdc2b47d6fdd0557337035d29a960,c04d3487bb6b47e7648184373ca01607429ccef3a53dff050abe81c05ca1e9b1,3398715,1702389634000000000,300
SS/orders_disk/2,SS,orders,disk,2,300,300,incident,0.5,6,0.5,median_shift,8,0.125,0.0,0.35,0,0,0,21,114.65360003057867,carts|catalogue|user|payment|shipping,carts_container-memory-working-set-bytes,0.43852380952380954,35,35,0.4452380952380952,0.4318095238095238,31,35,29,0.4973820754716981,baseline-v2-20260723,cd270e7871bd358937d83d9a49829637fa80007d2964084ef229f578e3733bd3,ba75425861a059dafcc477474fc3e4ed1eafdc2b47d6fdd0557337035d29a960,c04d3487bb6b47e7648184373ca01607429ccef3a53dff050abe81c05ca1e9b1,3398715,1702389634000000000,300
SS/orders_disk/2,SS,orders,disk,2,300,300,incident,0.5,6,0.5,nsigma,1,1.0,1.0,0.0,1,1,1,21,260.615199978929,orders|carts|payment|orders-db|front-end,orders_container-network-receive-bytes-total,0.43852380952380954,35,35,0.4452380952380952,0.4318095238095238,31,35,29,0.4973820754716981,baseline-v2-20260723,cd270e7871bd358937d83d9a49829637fa80007d2964084ef229f578e3733bd3,ba75425861a059dafcc477474fc3e4ed1eafdc2b47d6fdd0557337035d29a960,c04d3487bb6b47e7648184373ca01607429ccef3a53dff050abe81c05ca1e9b1,3398715,1702389634000000000,300
SS/orders_disk/2,SS,orders,disk,2,300,300,incident,0.5,7,0.5,baro,2,0.5,0.8,0.05,0,1,1,21,325.0992000102997,session-db|orders|queue|catalogue-db|user,session-db_container-fs-writes-bytes-total,0.4372857142857143,35,35,0.4420952380952381,0.43247619047619046,31,35,29,0.4973820754716981,baseline-v2-20260723,cd270e7871bd358937d83d9a49829637fa80007d2964084ef229f578e3733bd3,ba75425861a059dafcc477474fc3e4ed1eafdc2b47d6fdd0557337035d29a960,c04d3487bb6b47e7648184373ca01607429ccef3a53dff050abe81c05ca1e9b1,3398715,1702389634000000000,300
SS/orders_disk/2,SS,orders,disk,2,300,300,incident,0.5,7,0.5,median_shift,10,0.1,0.0,0.45,0,0,0,21,131.28400000277907,payment|carts|catalogue|shipping|user-db,payment_container-memory-working-set-bytes,0.4372857142857143,35,35,0.4420952380952381,0.43247619047619046,31,35,29,0.4973820754716981,baseline-v2-20260723,cd270e7871bd358937d83d9a49829637fa80007d2964084ef229f578e3733bd3,ba75425861a059dafcc477474fc3e4ed1eafdc2b47d6fdd0557337035d29a960,c04d3487bb6b47e7648184373ca01607429ccef3a53dff050abe81c05ca1e9b1,3398715,1702389634000000000,300
SS/orders_disk/2,SS,orders,disk,2,300,300,incident,0.5,7,0.5,nsigma,1,1.0,1.0,0.0,1,1,1,21,248.2616999768652,orders|payment|carts|catalogue|user-db,orders_container-network-receive-bytes-total,0.4372857142857143,35,35,0.4420952380952381,0.43247619047619046,31,35,29,0.4973820754716981,baseline-v2-20260723,cd270e7871bd358937d83d9a49829637fa80007d2964084ef229f578e3733bd3,ba75425861a059dafcc477474fc3e4ed1eafdc2b47d6fdd0557337035d29a960,c04d3487bb6b47e7648184373ca01607429ccef3a53dff050abe81c05ca1e9b1,3398715,1702389634000000000,300
SS/orders_disk/2,SS,orders,disk,2,300,300,incident,0.5,8,0.5,baro,2,0.5,0.8,0.05,0,1,1,21,362.28770000161603,session-db|orders|catalogue-db|queue|catalogue,session-db_container-fs-writes-bytes-total,0.43447619047619046,35,35,0.43676190476190474,0.4321904761904762,31,35,30,0.4973820754716981,baseline-v2-20260723,cd270e7871bd358937d83d9a49829637fa80007d2964084ef229f578e3733bd3,ba75425861a059dafcc477474fc3e4ed1eafdc2b47d6fdd0557337035d29a960,c04d3487bb6b47e7648184373ca01607429ccef3a53dff050abe81c05ca1e9b1,3398715,1702389634000000000,300
SS/orders_disk/2,SS,orders,disk,2,300,300,incident,0.5,8,0.5,median_shift,7,0.14285714285714285,0.0,0.3,0,0,0,21,90.19060002174228,carts|catalogue|user|orders-db|shipping,carts_container-memory-working-set-bytes,0.43447619047619046,35,35,0.43676190476190474,0.4321904761904762,31,35,30,0.4973820754716981,baseline-v2-20260723,cd270e7871bd358937d83d9a49829637fa80007d2964084ef229f578e3733bd3,ba75425861a059dafcc477474fc3e4ed1eafdc2b47d6fdd0557337035d29a960,c04d3487bb6b47e7648184373ca01607429ccef3a53dff050abe81c05ca1e9b1,3398715,1702389634000000000,300
SS/orders_disk/2,SS,orders,disk,2,300,300,incident,0.5,8,0.5,nsigma,1,1.0,1.0,0.0,1,1,1,21,318.9573000418022,orders|carts|payment|catalogue|user,orders_container-network-receive-bytes-total,0.43447619047619046,35,35,0.43676190476190474,0.4321904761904762,31,35,30,0.4973820754716981,baseline-v2-20260723,cd270e7871bd358937d83d9a49829637fa80007d2964084ef229f578e3733bd3,ba75425861a059dafcc477474fc3e4ed1eafdc2b47d6fdd0557337035d29a960,c04d3487bb6b47e7648184373ca01607429ccef3a53dff050abe81c05ca1e9b1,3398715,1702389634000000000,300
SS/orders_disk/2,SS,orders,disk,2,300,300,incident,0.5,9,0.5,baro,2,0.5,0.8,0.05,0,1,1,21,341.12009999807924,session-db|orders|catalogue|user|queue,session-db_container-fs-writes-bytes-total,0.43923809523809526,35,35,0.44666666666666666,0.4318095238095238,31,34,29,0.4973820754716981,baseline-v2-20260723,cd270e7871bd358937d83d9a49829637fa80007d2964084ef229f578e3733bd3,ba75425861a059dafcc477474fc3e4ed1eafdc2b47d6fdd0557337035d29a960,c04d3487bb6b47e7648184373ca01607429ccef3a53dff050abe81c05ca1e9b1,3398715,1702389634000000000,300
SS/orders_disk/2,SS,orders,disk,2,300,300,incident,0.5,9,0.5,median_shift,10,0.1,0.0,0.45,0,0,0,21,91.18360001593828,orders-db|catalogue|user|shipping|payment,orders-db_container-memory-usage-bytes,0.43923809523809526,35,35,0.44666666666666666,0.4318095238095238,31,34,29,0.4973820754716981,baseline-v2-20260723,cd270e7871bd358937d83d9a49829637fa80007d2964084ef229f578e3733bd3,ba75425861a059dafcc477474fc3e4ed1eafdc2b47d6fdd0557337035d29a960,c04d3487bb6b47e7648184373ca01607429ccef3a53dff050abe81c05ca1e9b1,3398715,1702389634000000000,300
SS/orders_disk/2,SS,orders,disk,2,300,300,incident,0.5,9,0.5,nsigma,2,0.5,0.8,0.05,0,1,1,21,263.929900014773,catalogue|orders|carts|carts-db|payment,catalogue_istio-request-total,0.43923809523809526,35,35,0.44666666666666666,0.4318095238095238,31,34,29,0.4973820754716981,baseline-v2-20260723,cd270e7871bd358937d83d9a49829637fa80007d2964084ef229f578e3733bd3,ba75425861a059dafcc477474fc3e4ed1eafdc2b47d6fdd0557337035d29a960,c04d3487bb6b47e7648184373ca01607429ccef3a53dff050abe81c05ca1e9b1,3398715,1702389634000000000,300
SS/orders_disk/2,SS,orders,disk,2,300,300,none,0.0,0,0.0,baro,4,0.25,0.4,0.15,0,0,1,21,348.2586999889463,10-192-15-196-9100|10-192-15-197-9100|session-db|orders|front-end,10-192-15-196-9100_node-disk-writes-completed-total,0.9365714285714286,35,35,0.8857142857142857,0.9874285714285714,31,35,31,0.9947641509433962,baseline-v2-20260723,cd270e7871bd358937d83d9a49829637fa80007d2964084ef229f578e3733bd3,ba75425861a059dafcc477474fc3e4ed1eafdc2b47d6fdd0557337035d29a960,c04d3487bb6b47e7648184373ca01607429ccef3a53dff050abe81c05ca1e9b1,3398715,1702389634000000000,300
SS/orders_disk/2,SS,orders,disk,2,300,300,none,0.0,0,0.0,median_shift,1,1.0,1.0,0.0,1,1,1,21,115.45719997957349,orders|10-192-15-196-9100|front-end|payment|rabbitmq,orders_container-memory-cache,0.9365714285714286,35,35,0.8857142857142857,0.9874285714285714,31,35,31,0.9947641509433962,baseline-v2-20260723,cd270e7871bd358937d83d9a49829637fa80007d2964084ef229f578e3733bd3,ba75425861a059dafcc477474fc3e4ed1eafdc2b47d6fdd0557337035d29a960,c04d3487bb6b47e7648184373ca01607429ccef3a53dff050abe81c05ca1e9b1,3398715,1702389634000000000,300
SS/orders_disk/2,SS,orders,disk,2,300,300,none,0.0,0,0.0,nsigma,2,0.5,0.8,0.05,0,1,1,21,318.60020000021905,10-192-15-196-9100|orders|payment|rabbitmq|catalogue,10-192-15-196-9100_node-disk-writes-completed-total,0.9365714285714286,35,35,0.8857142857142857,0.9874285714285714,31,35,31,0.9947641509433962,baseline-v2-20260723,cd270e7871bd358937d83d9a49829637fa80007d2964084ef229f578e3733bd3,ba75425861a059dafcc477474fc3e4ed1eafdc2b47d6fdd0557337035d29a960,c04d3487bb6b47e7648184373ca01607429ccef3a53dff050abe81c05ca1e9b1,3398715,1702389634000000000,300
SS/orders_disk/2,SS,orders,disk,2,300,300,point,0.1,0,0.10000079030142096,baro,4,0.25,0.4,0.15,0,0,1,21,515.0495000416413,10-192-15-196-9100|10-192-15-197-9100|session-db|orders|front-end,10-192-15-196-9100_node-disk-writes-completed-total,0.8439523809523809,35,35,0.7961904761904762,0.8917142857142857,31,35,31,0.8952869496855346,baseline-v2-20260723,cd270e7871bd358937d83d9a49829637fa80007d2964084ef229f578e3733bd3,ba75425861a059dafcc477474fc3e4ed1eafdc2b47d6fdd0557337035d29a960,c04d3487bb6b47e7648184373ca01607429ccef3a53dff050abe81c05ca1e9b1,3398715,1702389634000000000,300
SS/orders_disk/2,SS,orders,disk,2,300,300,point,0.1,0,0.10000079030142096,median_shift,1,1.0,1.0,0.0,1,1,1,21,95.83100001327693,orders|10-192-15-196-9100|front-end|payment|rabbitmq,orders_container-memory-cache,0.8439523809523809,35,35,0.7961904761904762,0.8917142857142857,31,35,31,0.8952869496855346,baseline-v2-20260723,cd270e7871bd358937d83d9a49829637fa80007d2964084ef229f578e3733bd3,ba75425861a059dafcc477474fc3e4ed1eafdc2b47d6fdd0557337035d29a960,c04d3487bb6b47e7648184373ca01607429ccef3a53dff050abe81c05ca1e9b1,3398715,1702389634000000000,300
SS/orders_disk/2,SS,orders,disk,2,300,300,point,0.1,0,0.10000079030142096,nsigma,2,0.5,0.8,0.05,0,1,1,21,282.94439997989684,10-192-15-196-9100|orders|payment|rabbitmq|catalogue,10-192-15-196-9100_node-disk-writes-completed-total,0.8439523809523809,35,35,0.7961904761904762,0.8917142857142857,31,35,31,0.8952869496855346,baseline-v2-20260723,cd270e7871bd358937d83d9a49829637fa80007d2964084ef229f578e3733bd3,ba75425861a059dafcc477474fc3e4ed1eafdc2b47d6fdd0557337035d29a960,c04d3487bb6b47e7648184373ca01607429ccef3a53dff050abe81c05ca1e9b1,3398715,1702389634000000000,300
SS/orders_disk/2,SS,orders,disk,2,300,300,point,0.1,1,0.10000079030142096,baro,4,0.25,0.4,0.15,0,0,1,21,357.5579999596812,10-192-15-196-9100|10-192-15-197-9100|session-db|orders|front-end,10-192-15-196-9100_node-disk-writes-completed-total,0.8468571428571429,35,35,0.8032380952380952,0.8904761904761904,31,35,31,0.8952869496855346,baseline-v2-20260723,cd270e7871bd358937d83d9a49829637fa80007d2964084ef229f578e3733bd3,ba75425861a059dafcc477474fc3e4ed1eafdc2b47d6fdd0557337035d29a960,c04d3487bb6b47e7648184373ca01607429ccef3a53dff050abe81c05ca1e9b1,3398715,1702389634000000000,300
SS/orders_disk/2,SS,orders,disk,2,300,300,point,0.1,1,0.10000079030142096,median_shift,1,1.0,1.0,0.0,1,1,1,21,117.02980002155527,orders|10-192-15-196-9100|front-end|payment|rabbitmq,orders_container-memory-cache,0.8468571428571429,35,35,0.8032380952380952,0.8904761904761904,31,35,31,0.8952869496855346,baseline-v2-20260723,cd270e7871bd358937d83d9a49829637fa80007d2964084ef229f578e3733bd3,ba75425861a059dafcc477474fc3e4ed1eafdc2b47d6fdd0557337035d29a960,c04d3487bb6b47e7648184373ca01607429ccef3a53dff050abe81c05ca1e9b1,3398715,1702389634000000000,300
SS/orders_disk/2,SS,orders,disk,2,300,300,point,0.1,1,0.10000079030142096,nsigma,2,0.5,0.8,0.05,0,1,1,21,256.25690002925694,10-192-15-196-9100|orders|payment|rabbitmq|catalogue,10-192-15-196-9100_node-disk-writes-completed-total,0.8468571428571429,35,35,0.8032380952380952,0.8904761904761904,31,35,31,0.8952869496855346,baseline-v2-20260723,cd270e7871bd358937d83d9a49829637fa80007d2964084ef229f578e3733bd3,ba75425861a059dafcc477474fc3e4ed1eafdc2b47d6fdd0557337035d29a960,c04d3487bb6b47e7648184373ca01607429ccef3a53dff050abe81c05ca1e9b1,3398715,1702389634000000000,300
SS/orders_disk/2,SS,orders,disk,2,300,300,point,0.1,2,0.10000079030142096,baro,4,0.25,0.4,0.15,0,0,1,21,381.6674000117928,10-192-15-196-9100|10-192-15-197-9100|session-db|orders|front-end,10-192-15-196-9100_node-disk-writes-completed-total,0.8398095238095238,35,35,0.7958095238095239,0.8838095238095238,31,35,31,0.8952869496855346,baseline-v2-20260723,cd270e7871bd358937d83d9a49829637fa80007d2964084ef229f578e3733bd3,ba75425861a059dafcc477474fc3e4ed1eafdc2b47d6fdd0557337035d29a960,c04d3487bb6b47e7648184373ca01607429ccef3a53dff050abe81c05ca1e9b1,3398715,1702389634000000000,300
SS/orders_disk/2,SS,orders,disk,2,300,300,point,0.1,2,0.10000079030142096,median_shift,1,1.0,1.0,0.0,1,1,1,21,96.78840002743527,orders|10-192-15-196-9100|front-end|payment|rabbitmq,orders_container-memory-cache,0.8398095238095238,35,35,0.7958095238095239,0.8838095238095238,31,35,31,0.8952869496855346,baseline-v2-20260723,cd270e7871bd358937d83d9a49829637fa80007d2964084ef229f578e3733bd3,ba75425861a059dafcc477474fc3e4ed1eafdc2b47d6fdd0557337035d29a960,c04d3487bb6b47e7648184373ca01607429ccef3a53dff050abe81c05ca1e9b1,3398715,1702389634000000000,300
SS/orders_disk/2,SS,orders,disk,2,300,300,point,0.1,2,0.10000079030142096,nsigma,2,0.5,0.8,0.05,0,1,1,21,287.81909996178,10-192-15-196-9100|orders|payment|rabbitmq|catalogue,10-192-15-196-9100_node-disk-writes-completed-total,0.8398095238095238,35,35,0.7958095238095239,0.8838095238095238,31,35,31,0.8952869496855346,baseline-v2-20260723,cd270e7871bd358937d83d9a49829637fa80007d2964084ef229f578e3733bd3,ba75425861a059dafcc477474fc3e4ed1eafdc2b47d6fdd0557337035d29a960,c04d3487bb6b47e7648184373ca01607429ccef3a53dff050abe81c05ca1e9b1,3398715,1702389634000000000,300
SS/orders_disk/2,SS,orders,disk,2,300,300,point,0.1,3,0.10000079030142096,baro,4,0.25,0.4,0.15,0,0,1,21,370.4284999985248,10-192-15-196-9100|10-192-15-197-9100|session-db|orders|front-end,10-192-15-196-9100_node-disk-writes-completed-total,0.8422857142857143,35,35,0.7962857142857143,0.8882857142857142,31,35,31,0.8952869496855346,baseline-v2-20260723,cd270e7871bd358937d83d9a49829637fa80007d2964084ef229f578e3733bd3,ba75425861a059dafcc477474fc3e4ed1eafdc2b47d6fdd0557337035d29a960,c04d3487bb6b47e7648184373ca01607429ccef3a53dff050abe81c05ca1e9b1,3398715,1702389634000000000,300
SS/orders_disk/2,SS,orders,disk,2,300,300,point,0.1,3,0.10000079030142096,median_shift,1,1.0,1.0,0.0,1,1,1,21,95.62849998474121,orders|10-192-15-196-9100|front-end|payment|rabbitmq,orders_container-memory-cache,0.8422857142857143,35,35,0.7962857142857143,0.8882857142857142,31,35,31,0.8952869496855346,baseline-v2-20260723,cd270e7871bd358937d83d9a49829637fa80007d2964084ef229f578e3733bd3,ba75425861a059dafcc477474fc3e4ed1eafdc2b47d6fdd0557337035d29a960,c04d3487bb6b47e7648184373ca01607429ccef3a53dff050abe81c05ca1e9b1,3398715,1702389634000000000,300
SS/orders_disk/2,SS,orders,disk,2,300,300,point,0.1,3,0.10000079030142096,nsigma,2,0.5,0.8,0.05,0,1,1,21,318.3710999437608,10-192-15-196-9100|orders|payment|rabbitmq|catalogue,10-192-15-196-9100_node-disk-writes-completed-total,0.8422857142857143,35,35,0.7962857142857143,0.8882857142857142,31,35,31,0.8952869496855346,baseline-v2-20260723,cd270e7871bd358937d83d9a49829637fa80007d2964084ef229f578e3733bd3,ba75425861a059dafcc477474fc3e4ed1eafdc2b47d6fdd0557337035d29a960,c04d3487bb6b47e7648184373ca01607429ccef3a53dff050abe81c05ca1e9b1,3398715,1702389634000000000,300
SS/orders_disk/2,SS,orders,disk,2,300,300,point,0.1,4,0.10000079030142096,baro,4,0.25,0.4,0.15,0,0,1,21,338.9362000161782,10-192-15-196-9100|10-192-15-197-9100|session-db|orders|front-end,10-192-15-196-9100_node-disk-writes-completed-total,0.8422380952380952,35,35,0.7967619047619048,0.8877142857142857,31,35,31,0.8952869496855346,baseline-v2-20260723,cd270e7871bd358937d83d9a49829637fa80007d2964084ef229f578e3733bd3,ba75425861a059dafcc477474fc3e4ed1eafdc2b47d6fdd0557337035d29a960,c04d3487bb6b47e7648184373ca01607429ccef3a53dff050abe81c05ca1e9b1,3398715,1702389634000000000,300
SS/orders_disk/2,SS,orders,disk,2,300,300,point,0.1,4,0.10000079030142096,median_shift,1,1.0,1.0,0.0,1,1,1,21,90.91239998815581,orders|10-192-15-196-9100|front-end|payment|rabbitmq,orders_container-memory-cache,0.8422380952380952,35,35,0.7967619047619048,0.8877142857142857,31,35,31,0.8952869496855346,baseline-v2-20260723,cd270e7871bd358937d83d9a49829637fa80007d2964084ef229f578e3733bd3,ba75425861a059dafcc477474fc3e4ed1eafdc2b47d6fdd0557337035d29a960,c04d3487bb6b47e7648184373ca01607429ccef3a53dff050abe81c05ca1e9b1,3398715,1702389634000000000,300
SS/orders_disk/2,SS,orders,disk,2,300,300,point,0.1,4,0.10000079030142096,nsigma,2,0.5,0.8,0.05,0,1,1,21,344.1515999729745,10-192-15-196-9100|orders|payment|rabbitmq|catalogue,10-192-15-196-9100_node-disk-writes-completed-total,0.8422380952380952,35,35,0.7967619047619048,0.8877142857142857,31,35,31,0.8952869496855346,baseline-v2-20260723,cd270e7871bd358937d83d9a49829637fa80007d2964084ef229f578e3733bd3,ba75425861a059dafcc477474fc3e4ed1eafdc2b47d6fdd0557337035d29a960,c04d3487bb6b47e7648184373ca01607429ccef3a53dff050abe81c05ca1e9b1,3398715,1702389634000000000,300
SS/orders_disk/2,SS,orders,disk,2,300,300,point,0.1,5,0.10000079030142096,baro,4,0.25,0.4,0.15,0,0,1,21,361.6618000087328,10-192-15-196-9100|10-192-15-197-9100|session-db|orders|front-end,10-192-15-196-9100_node-disk-writes-completed-total,0.841952380952381,35,35,0.7939047619047619,0.89,31,35,31,0.8952869496855346,baseline-v2-20260723,cd270e7871bd358937d83d9a49829637fa80007d2964084ef229f578e3733bd3,ba75425861a059dafcc477474fc3e4ed1eafdc2b47d6fdd0557337035d29a960,c04d3487bb6b47e7648184373ca01607429ccef3a53dff050abe81c05ca1e9b1,3398715,1702389634000000000,300
SS/orders_disk/2,SS,orders,disk,2,300,300,point,0.1,5,0.10000079030142096,median_shift,1,1.0,1.0,0.0,1,1,1,21,81.75359998131171,orders|10-192-15-196-9100|front-end|payment|rabbitmq,orders_container-memory-cache,0.841952380952381,35,35,0.7939047619047619,0.89,31,35,31,0.8952869496855346,baseline-v2-20260723,cd270e7871bd358937d83d9a49829637fa80007d2964084ef229f578e3733bd3,ba75425861a059dafcc477474fc3e4ed1eafdc2b47d6fdd0557337035d29a960,c04d3487bb6b47e7648184373ca01607429ccef3a53dff050abe81c05ca1e9b1,3398715,1702389634000000000,300
SS/orders_disk/2,SS,orders,disk,2,300,300,point,0.1,5,0.10000079030142096,nsigma,2,0.5,0.8,0.05,0,1,1,21,273.614700010512,10-192-15-196-9100|orders|payment|rabbitmq|catalogue,10-192-15-196-9100_node-disk-writes-completed-total,0.841952380952381,35,35,0.7939047619047619,0.89,31,35,31,0.8952869496855346,baseline-v2-20260723,cd270e7871bd358937d83d9a49829637fa80007d2964084ef229f578e3733bd3,ba75425861a059dafcc477474fc3e4ed1eafdc2b47d6fdd0557337035d29a960,c04d3487bb6b47e7648184373ca01607429ccef3a53dff050abe81c05ca1e9b1,3398715,1702389634000000000,300
SS/orders_disk/2,SS,orders,disk,2,300,300,point,0.1,6,0.10000079030142096,baro,4,0.25,0.4,0.15,0,0,1,21,377.23390001337975,10-192-15-196-9100|10-192-15-197-9100|session-db|orders|rabbitmq,10-192-15-196-9100_node-disk-writes-completed-total,0.8449047619047619,35,35,0.8001904761904762,0.8896190476190476,31,35,31,0.8952869496855346,baseline-v2-20260723,cd270e7871bd358937d83d9a49829637fa80007d2964084ef229f578e3733bd3,ba75425861a059dafcc477474fc3e4ed1eafdc2b47d6fdd0557337035d29a960,c04d3487bb6b47e7648184373ca01607429ccef3a53dff050abe81c05ca1e9b1,3398715,1702389634000000000,300
SS/orders_disk/2,SS,orders,disk,2,300,300,point,0.1,6,0.10000079030142096,median_shift,1,1.0,1.0,0.0,1,1,1,21,144.93549999315292,orders|10-192-15-196-9100|front-end|payment|rabbitmq,orders_container-memory-cache,0.8449047619047619,35,35,0.8001904761904762,0.8896190476190476,31,35,31,0.8952869496855346,baseline-v2-20260723,cd270e7871bd358937d83d9a49829637fa80007d2964084ef229f578e3733bd3,ba75425861a059dafcc477474fc3e4ed1eafdc2b47d6fdd0557337035d29a960,c04d3487bb6b47e7648184373ca01607429ccef3a53dff050abe81c05ca1e9b1,3398715,1702389634000000000,300
SS/orders_disk/2,SS,orders,disk,2,300,300,point,0.1,6,0.10000079030142096,nsigma,2,0.5,0.8,0.05,0,1,1,21,354.4254999724217,10-192-15-196-9100|orders|payment|rabbitmq|catalogue,10-192-15-196-9100_node-disk-writes-completed-total,0.8449047619047619,35,35,0.8001904761904762,0.8896190476190476,31,35,31,0.8952869496855346,baseline-v2-20260723,cd270e7871bd358937d83d9a49829637fa80007d2964084ef229f578e3733bd3,ba75425861a059dafcc477474fc3e4ed1eafdc2b47d6fdd0557337035d29a960,c04d3487bb6b47e7648184373ca01607429ccef3a53dff050abe81c05ca1e9b1,3398715,1702389634000000000,300
SS/orders_disk/2,SS,orders,disk,2,300,300,point,0.1,7,0.10000079030142096,baro,4,0.25,0.4,0.15,0,0,1,21,371.15179997636005,10-192-15-196-9100|10-192-15-197-9100|session-db|orders|front-end,10-192-15-196-9100_node-disk-writes-completed-total,0.8436190476190476,35,35,0.7994285714285714,0.8878095238095238,31,35,31,0.8952869496855346,baseline-v2-20260723,cd270e7871bd358937d83d9a49829637fa80007d2964084ef229f578e3733bd3,ba75425861a059dafcc477474fc3e4ed1eafdc2b47d6fdd0557337035d29a960,c04d3487bb6b47e7648184373ca01607429ccef3a53dff050abe81c05ca1e9b1,3398715,1702389634000000000,300
SS/orders_disk/2,SS,orders,disk,2,300,300,point,0.1,7,0.10000079030142096,median_shift,1,1.0,1.0,0.0,1,1,1,21,84.02140001999214,orders|10-192-15-196-9100|front-end|payment|rabbitmq,orders_container-memory-cache,0.8436190476190476,35,35,0.7994285714285714,0.8878095238095238,31,35,31,0.8952869496855346,baseline-v2-20260723,cd270e7871bd358937d83d9a49829637fa80007d2964084ef229f578e3733bd3,ba75425861a059dafcc477474fc3e4ed1eafdc2b47d6fdd0557337035d29a960,c04d3487bb6b47e7648184373ca01607429ccef3a53dff050abe81c05ca1e9b1,3398715,1702389634000000000,300
SS/orders_disk/2,SS,orders,disk,2,300,300,point,0.1,7,0.10000079030142096,nsigma,2,0.5,0.8,0.05,0,1,1,21,290.2483000070788,10-192-15-196-9100|orders|payment|rabbitmq|catalogue,10-192-15-196-9100_node-disk-writes-completed-total,0.8436190476190476,35,35,0.7994285714285714,0.8878095238095238,31,35,31,0.8952869496855346,baseline-v2-20260723,cd270e7871bd358937d83d9a49829637fa80007d2964084ef229f578e3733bd3,ba75425861a059dafcc477474fc3e4ed1eafdc2b47d6fdd0557337035d29a960,c04d3487bb6b47e7648184373ca01607429ccef3a53dff050abe81c05ca1e9b1,3398715,1702389634000000000,300
SS/orders_disk/2,SS,orders,disk,2,300,300,point,0.1,8,0.10000079030142096,baro,4,0.25,0.4,0.15,0,0,1,21,354.30810000980273,10-192-15-196-9100|10-192-15-197-9100|session-db|orders|front-end,10-192-15-196-9100_node-disk-writes-completed-total,0.841047619047619,35,35,0.7935238095238095,0.8885714285714286,31,35,31,0.8952869496855346,baseline-v2-20260723,cd270e7871bd358937d83d9a49829637fa80007d2964084ef229f578e3733bd3,ba75425861a059dafcc477474fc3e4ed1eafdc2b47d6fdd0557337035d29a960,c04d3487bb6b47e7648184373ca01607429ccef3a53dff050abe81c05ca1e9b1,3398715,1702389634000000000,300
SS/orders_disk/2,SS,orders,disk,2,300,300,point,0.1,8,0.10000079030142096,median_shift,1,1.0,1.0,0.0,1,1,1,21,85.52030002465472,orders|10-192-15-196-9100|front-end|payment|rabbitmq,orders_container-memory-cache,0.841047619047619,35,35,0.7935238095238095,0.8885714285714286,31,35,31,0.8952869496855346,baseline-v2-20260723,cd270e7871bd358937d83d9a49829637fa80007d2964084ef229f578e3733bd3,ba75425861a059dafcc477474fc3e4ed1eafdc2b47d6fdd0557337035d29a960,c04d3487bb6b47e7648184373ca01607429ccef3a53dff050abe81c05ca1e9b1,3398715,1702389634000000000,300
SS/orders_disk/2,SS,orders,disk,2,300,300,point,0.1,8,0.10000079030142096,nsigma,2,0.5,0.8,0.05,0,1,1,21,349.9510000110604,10-192-15-196-9100|orders|payment|rabbitmq|catalogue,10-192-15-196-9100_node-disk-writes-completed-total,0.841047619047619,35,35,0.7935238095238095,0.8885714285714286,31,35,31,0.8952869496855346,baseline-v2-20260723,cd270e7871bd358937d83d9a49829637fa80007d2964084ef229f578e3733bd3,ba75425861a059dafcc477474fc3e4ed1eafdc2b47d6fdd0557337035d29a960,c04d3487bb6b47e7648184373ca01607429ccef3a53dff050abe81c05ca1e9b1,3398715,1702389634000000000,300
SS/orders_disk/2,SS,orders,disk,2,300,300,point,0.1,9,0.10000079030142096,baro,4,0.25,0.4,0.15,0,0,1,21,364.6679000230506,10-192-15-196-9100|10-192-15-197-9100|session-db|orders|front-end,10-192-15-196-9100_node-disk-writes-completed-total,0.8448095238095238,35,35,0.8018095238095239,0.8878095238095238,31,35,31,0.8952869496855346,baseline-v2-20260723,cd270e7871bd358937d83d9a49829637fa80007d2964084ef229f578e3733bd3,ba75425861a059dafcc477474fc3e4ed1eafdc2b47d6fdd0557337035d29a960,c04d3487bb6b47e7648184373ca01607429ccef3a53dff050abe81c05ca1e9b1,3398715,1702389634000000000,300
SS/orders_disk/2,SS,orders,disk,2,300,300,point,0.1,9,0.10000079030142096,median_shift,1,1.0,1.0,0.0,1,1,1,21,111.36430001351982,orders|10-192-15-196-9100|front-end|payment|rabbitmq,orders_container-memory-cache,0.8448095238095238,35,35,0.8018095238095239,0.8878095238095238,31,35,31,0.8952869496855346,baseline-v2-20260723,cd270e7871bd358937d83d9a49829637fa80007d2964084ef229f578e3733bd3,ba75425861a059dafcc477474fc3e4ed1eafdc2b47d6fdd0557337035d29a960,c04d3487bb6b47e7648184373ca01607429ccef3a53dff050abe81c05ca1e9b1,3398715,1702389634000000000,300
SS/orders_disk/2,SS,orders,disk,2,300,300,point,0.1,9,0.10000079030142096,nsigma,2,0.5,0.8,0.05,0,1,1,21,278.43220002250746,10-192-15-196-9100|orders|payment|rabbitmq|catalogue,10-192-15-196-9100_node-disk-writes-completed-total,0.8448095238095238,35,35,0.8018095238095239,0.8878095238095238,31,35,31,0.8952869496855346,baseline-v2-20260723,cd270e7871bd358937d83d9a49829637fa80007d2964084ef229f578e3733bd3,ba75425861a059dafcc477474fc3e4ed1eafdc2b47d6fdd0557337035d29a960,c04d3487bb6b47e7648184373ca01607429ccef3a53dff050abe81c05ca1e9b1,3398715,1702389634000000000,300
SS/orders_disk/2,SS,orders,disk,2,300,300,point,0.3,0,0.2999984193971581,baro,4,0.25,0.4,0.15,0,0,1,21,349.45779998088256,10-192-15-196-9100|10-192-15-197-9100|session-db|orders|front-end,10-192-15-196-9100_node-disk-writes-completed-total,0.6560952380952381,35,35,0.6174285714285714,0.6947619047619048,31,35,31,0.6963364779874214,baseline-v2-20260723,cd270e7871bd358937d83d9a49829637fa80007d2964084ef229f578e3733bd3,ba75425861a059dafcc477474fc3e4ed1eafdc2b47d6fdd0557337035d29a960,c04d3487bb6b47e7648184373ca01607429ccef3a53dff050abe81c05ca1e9b1,3398715,1702389634000000000,300
SS/orders_disk/2,SS,orders,disk,2,300,300,point,0.3,0,0.2999984193971581,median_shift,1,1.0,1.0,0.0,1,1,1,21,139.83360002748668,orders|10-192-15-196-9100|front-end|payment|rabbitmq,orders_container-memory-cache,0.6560952380952381,35,35,0.6174285714285714,0.6947619047619048,31,35,31,0.6963364779874214,baseline-v2-20260723,cd270e7871bd358937d83d9a49829637fa80007d2964084ef229f578e3733bd3,ba75425861a059dafcc477474fc3e4ed1eafdc2b47d6fdd0557337035d29a960,c04d3487bb6b47e7648184373ca01607429ccef3a53dff050abe81c05ca1e9b1,3398715,1702389634000000000,300
SS/orders_disk/2,SS,orders,disk,2,300,300,point,0.3,0,0.2999984193971581,nsigma,2,0.5,0.8,0.05,0,1,1,21,340.522599988617,10-192-15-196-9100|orders|payment|rabbitmq|catalogue,10-192-15-196-9100_node-disk-writes-completed-total,0.6560952380952381,35,35,0.6174285714285714,0.6947619047619048,31,35,31,0.6963364779874214,baseline-v2-20260723,cd270e7871bd358937d83d9a49829637fa80007d2964084ef229f578e3733bd3,ba75425861a059dafcc477474fc3e4ed1eafdc2b47d6fdd0557337035d29a960,c04d3487bb6b47e7648184373ca01607429ccef3a53dff050abe81c05ca1e9b1,3398715,1702389634000000000,300
SS/orders_disk/2,SS,orders,disk,2,300,300,point,0.3,1,0.2999984193971581,baro,4,0.25,0.4,0.15,0,0,1,21,367.8871999727562,10-192-15-196-9100|10-192-15-197-9100|session-db|orders|front-end,10-192-15-196-9100_node-disk-writes-completed-total,0.6542380952380953,35,35,0.6155238095238095,0.692952380952381,31,35,31,0.6963364779874214,baseline-v2-20260723,cd270e7871bd358937d83d9a49829637fa80007d2964084ef229f578e3733bd3,ba75425861a059dafcc477474fc3e4ed1eafdc2b47d6fdd0557337035d29a960,c04d3487bb6b47e7648184373ca01607429ccef3a53dff050abe81c05ca1e9b1,3398715,1702389634000000000,300
SS/orders_disk/2,SS,orders,disk,2,300,300,point,0.3,1,0.2999984193971581,median_shift,1,1.0,1.0,0.0,1,1,1,21,97.9386999970302,orders|10-192-15-196-9100|front-end|payment|rabbitmq,orders_container-memory-cache,0.6542380952380953,35,35,0.6155238095238095,0.692952380952381,31,35,31,0.6963364779874214,baseline-v2-20260723,cd270e7871bd358937d83d9a49829637fa80007d2964084ef229f578e3733bd3,ba75425861a059dafcc477474fc3e4ed1eafdc2b47d6fdd0557337035d29a960,c04d3487bb6b47e7648184373ca01607429ccef3a53dff050abe81c05ca1e9b1,3398715,1702389634000000000,300
SS/orders_disk/2,SS,orders,disk,2,300,300,point,0.3,1,0.2999984193971581,nsigma,2,0.5,0.8,0.05,0,1,1,21,346.96970001095906,10-192-15-196-9100|orders|payment|rabbitmq|catalogue,10-192-15-196-9100_node-disk-writes-completed-total,0.6542380952380953,35,35,0.6155238095238095,0.692952380952381,31,35,31,0.6963364779874214,baseline-v2-20260723,cd270e7871bd358937d83d9a49829637fa80007d2964084ef229f578e3733bd3,ba75425861a059dafcc477474fc3e4ed1eafdc2b47d6fdd0557337035d29a960,c04d3487bb6b47e7648184373ca01607429ccef3a53dff050abe81c05ca1e9b1,3398715,1702389634000000000,300
SS/orders_disk/2,SS,orders,disk,2,300,300,point,0.3,2,0.2999984193971581,baro,4,0.25,0.4,0.15,0,0,1,21,385.53499995032325,10-192-15-196-9100|10-192-15-197-9100|session-db|orders|front-end,10-192-15-196-9100_node-disk-writes-completed-total,0.6545238095238095,35,35,0.6087619047619047,0.7002857142857143,31,35,31,0.6963364779874214,baseline-v2-20260723,cd270e7871bd358937d83d9a49829637fa80007d2964084ef229f578e3733bd3,ba75425861a059dafcc477474fc3e4ed1eafdc2b47d6fdd0557337035d29a960,c04d3487bb6b47e7648184373ca01607429ccef3a53dff050abe81c05ca1e9b1,3398715,1702389634000000000,300
SS/orders_disk/2,SS,orders,disk,2,300,300,point,0.3,2,0.2999984193971581,median_shift,1,1.0,1.0,0.0,1,1,1,21,128.34749999456108,orders|10-192-15-196-9100|front-end|payment|rabbitmq,orders_container-memory-cache,0.6545238095238095,35,35,0.6087619047619047,0.7002857142857143,31,35,31,0.6963364779874214,baseline-v2-20260723,cd270e7871bd358937d83d9a49829637fa80007d2964084ef229f578e3733bd3,ba75425861a059dafcc477474fc3e4ed1eafdc2b47d6fdd0557337035d29a960,c04d3487bb6b47e7648184373ca01607429ccef3a53dff050abe81c05ca1e9b1,3398715,1702389634000000000,300
SS/orders_disk/2,SS,orders,disk,2,300,300,point,0.3,2,0.2999984193971581,nsigma,2,0.5,0.8,0.05,0,1,1,21,305.8191000018269,10-192-15-196-9100|orders|payment|rabbitmq|catalogue,10-192-15-196-9100_node-disk-writes-completed-total,0.6545238095238095,35,35,0.6087619047619047,0.7002857142857143,31,35,31,0.6963364779874214,baseline-v2-20260723,cd270e7871bd358937d83d9a49829637fa80007d2964084ef229f578e3733bd3,ba75425861a059dafcc477474fc3e4ed1eafdc2b47d6fdd0557337035d29a960,c04d3487bb6b47e7648184373ca01607429ccef3a53dff050abe81c05ca1e9b1,3398715,1702389634000000000,300
SS/orders_disk/2,SS,orders,disk,2,300,300,point,0.3,3,0.2999984193971581,baro,4,0.25,0.4,0.15,0,0,1,21,387.8612000262365,10-192-15-196-9100|10-192-15-197-9100|session-db|orders|front-end,10-192-15-196-9100_node-disk-writes-completed-total,0.6547142857142857,35,35,0.6194285714285714,0.69,31,35,31,0.6963364779874214,baseline-v2-20260723,cd270e7871bd358937d83d9a49829637fa80007d2964084ef229f578e3733bd3,ba75425861a059dafcc477474fc3e4ed1eafdc2b47d6fdd0557337035d29a960,c04d3487bb6b47e7648184373ca01607429ccef3a53dff050abe81c05ca1e9b1,3398715,1702389634000000000,300
SS/orders_disk/2,SS,orders,disk,2,300,300,point,0.3,3,0.2999984193971581,median_shift,1,1.0,1.0,0.0,1,1,1,21,86.51039999676868,orders|10-192-15-196-9100|front-end|payment|rabbitmq,orders_container-memory-cache,0.6547142857142857,35,35,0.6194285714285714,0.69,31,35,31,0.6963364779874214,baseline-v2-20260723,cd270e7871bd358937d83d9a49829637fa80007d2964084ef229f578e3733bd3,ba75425861a059dafcc477474fc3e4ed1eafdc2b47d6fdd0557337035d29a960,c04d3487bb6b47e7648184373ca01607429ccef3a53dff050abe81c05ca1e9b1,3398715,1702389634000000000,300
SS/orders_disk/2,SS,orders,disk,2,300,300,point,0.3,3,0.2999984193971581,nsigma,2,0.5,0.8,0.05,0,1,1,21,309.5295999664813,10-192-15-196-9100|orders|payment|rabbitmq|catalogue,10-192-15-196-9100_node-disk-writes-completed-total,0.6547142857142857,35,35,0.6194285714285714,0.69,31,35,31,0.6963364779874214,baseline-v2-20260723,cd270e7871bd358937d83d9a49829637fa80007d2964084ef229f578e3733bd3,ba75425861a059dafcc477474fc3e4ed1eafdc2b47d6fdd0557337035d29a960,c04d3487bb6b47e7648184373ca01607429ccef3a53dff050abe81c05ca1e9b1,3398715,1702389634000000000,300
SS/orders_disk/2,SS,orders,disk,2,300,300,point,0.3,4,0.2999984193971581,baro,4,0.25,0.4,0.15,0,0,1,21,422.4802000098862,10-192-15-196-9100|10-192-15-197-9100|session-db|orders|front-end,10-192-15-196-9100_node-disk-writes-completed-total,0.6567142857142857,35,35,0.6198095238095238,0.6936190476190476,31,35,31,0.6963364779874214,baseline-v2-20260723,cd270e7871bd358937d83d9a49829637fa80007d2964084ef229f578e3733bd3,ba75425861a059dafcc477474fc3e4ed1eafdc2b47d6fdd0557337035d29a960,c04d3487bb6b47e7648184373ca01607429ccef3a53dff050abe81c05ca1e9b1,3398715,1702389634000000000,300
SS/orders_disk/2,SS,orders,disk,2,300,300,point,0.3,4,0.2999984193971581,median_shift,1,1.0,1.0,0.0,1,1,1,21,103.69610000634566,orders|10-192-15-196-9100|payment|front-end|rabbitmq,orders_container-memory-cache,0.6567142857142857,35,35,0.6198095238095238,0.6936190476190476,31,35,31,0.6963364779874214,baseline-v2-20260723,cd270e7871bd358937d83d9a49829637fa80007d2964084ef229f578e3733bd3,ba75425861a059dafcc477474fc3e4ed1eafdc2b47d6fdd0557337035d29a960,c04d3487bb6b47e7648184373ca01607429ccef3a53dff050abe81c05ca1e9b1,3398715,1702389634000000000,300
SS/orders_disk/2,SS,orders,disk,2,300,300,point,0.3,4,0.2999984193971581,nsigma,2,0.5,0.8,0.05,0,1,1,21,300.57820002548397,10-192-15-196-9100|orders|payment|rabbitmq|catalogue,10-192-15-196-9100_node-disk-writes-completed-total,0.6567142857142857,35,35,0.6198095238095238,0.6936190476190476,31,35,31,0.6963364779874214,baseline-v2-20260723,cd270e7871bd358937d83d9a49829637fa80007d2964084ef229f578e3733bd3,ba75425861a059dafcc477474fc3e4ed1eafdc2b47d6fdd0557337035d29a960,c04d3487bb6b47e7648184373ca01607429ccef3a53dff050abe81c05ca1e9b1,3398715,1702389634000000000,300
SS/orders_disk/2,SS,orders,disk,2,300,300,point,0.3,5,0.2999984193971581,baro,4,0.25,0.4,0.15,0,0,1,21,382.49819999327883,10-192-15-196-9100|10-192-15-197-9100|session-db|orders|front-end,10-192-15-196-9100_node-disk-writes-completed-total,0.6493333333333333,35,35,0.6137142857142858,0.684952380952381,31,35,31,0.6963364779874214,baseline-v2-20260723,cd270e7871bd358937d83d9a49829637fa80007d2964084ef229f578e3733bd3,ba75425861a059dafcc477474fc3e4ed1eafdc2b47d6fdd0557337035d29a960,c04d3487bb6b47e7648184373ca01607429ccef3a53dff050abe81c05ca1e9b1,3398715,1702389634000000000,300
SS/orders_disk/2,SS,orders,disk,2,300,300,point,0.3,5,0.2999984193971581,median_shift,1,1.0,1.0,0.0,1,1,1,21,84.51689995126799,orders|10-192-15-196-9100|front-end|payment|rabbitmq,orders_container-memory-cache,0.6493333333333333,35,35,0.6137142857142858,0.684952380952381,31,35,31,0.6963364779874214,baseline-v2-20260723,cd270e7871bd358937d83d9a49829637fa80007d2964084ef229f578e3733bd3,ba75425861a059dafcc477474fc3e4ed1eafdc2b47d6fdd0557337035d29a960,c04d3487bb6b47e7648184373ca01607429ccef3a53dff050abe81c05ca1e9b1,3398715,1702389634000000000,300
SS/orders_disk/2,SS,orders,disk,2,300,300,point,0.3,5,0.2999984193971581,nsigma,2,0.5,0.8,0.05,0,1,1,21,325.9499999694526,10-192-15-196-9100|orders|payment|rabbitmq|catalogue,10-192-15-196-9100_node-disk-writes-completed-total,0.6493333333333333,35,35,0.6137142857142858,0.684952380952381,31,35,31,0.6963364779874214,baseline-v2-20260723,cd270e7871bd358937d83d9a49829637fa80007d2964084ef229f578e3733bd3,ba75425861a059dafcc477474fc3e4ed1eafdc2b47d6fdd0557337035d29a960,c04d3487bb6b47e7648184373ca01607429ccef3a53dff050abe81c05ca1e9b1,3398715,1702389634000000000,300
SS/orders_disk/2,SS,orders,disk,2,300,300,point,0.3,6,0.2999984193971581,baro,4,0.25,0.4,0.15,0,0,1,21,409.34390004258603,10-192-15-196-9100|10-192-15-197-9100|session-db|orders|front-end,10-192-15-196-9100_node-disk-writes-completed-total,0.6588095238095238,35,35,0.6242857142857143,0.6933333333333334,31,35,31,0.6963364779874214,baseline-v2-20260723,cd270e7871bd358937d83d9a49829637fa80007d2964084ef229f578e3733bd3,ba75425861a059dafcc477474fc3e4ed1eafdc2b47d6fdd0557337035d29a960,c04d3487bb6b47e7648184373ca01607429ccef3a53dff050abe81c05ca1e9b1,3398715,1702389634000000000,300
SS/orders_disk/2,SS,orders,disk,2,300,300,point,0.3,6,0.2999984193971581,median_shift,1,1.0,1.0,0.0,1,1,1,21,163.48119999747723,orders|10-192-15-196-9100|front-end|payment|rabbitmq,orders_container-memory-cache,0.6588095238095238,35,35,0.6242857142857143,0.6933333333333334,31,35,31,0.6963364779874214,baseline-v2-20260723,cd270e7871bd358937d83d9a49829637fa80007d2964084ef229f578e3733bd3,ba75425861a059dafcc477474fc3e4ed1eafdc2b47d6fdd0557337035d29a960,c04d3487bb6b47e7648184373ca01607429ccef3a53dff050abe81c05ca1e9b1,3398715,1702389634000000000,300
SS/orders_disk/2,SS,orders,disk,2,300,300,point,0.3,6,0.2999984193971581,nsigma,2,0.5,0.8,0.05,0,1,1,21,347.32940001413226,10-192-15-196-9100|orders|payment|rabbitmq|catalogue,10-192-15-196-9100_node-disk-writes-completed-total,0.6588095238095238,35,35,0.6242857142857143,0.6933333333333334,31,35,31,0.6963364779874214,baseline-v2-20260723,cd270e7871bd358937d83d9a49829637fa80007d2964084ef229f578e3733bd3,ba75425861a059dafcc477474fc3e4ed1eafdc2b47d6fdd0557337035d29a960,c04d3487bb6b47e7648184373ca01607429ccef3a53dff050abe81c05ca1e9b1,3398715,1702389634000000000,300
SS/orders_disk/2,SS,orders,disk,2,300,300,point,0.3,7,0.2999984193971581,baro,4,0.25,0.4,0.15,0,0,1,21,329.1707999887876,10-192-15-196-9100|10-192-15-197-9100|session-db|orders|front-end,10-192-15-196-9100_node-disk-writes-completed-total,0.6573333333333333,35,35,0.6192380952380953,0.6954285714285714,31,35,31,0.6963364779874214,baseline-v2-20260723,cd270e7871bd358937d83d9a49829637fa80007d2964084ef229f578e3733bd3,ba75425861a059dafcc477474fc3e4ed1eafdc2b47d6fdd0557337035d29a960,c04d3487bb6b47e7648184373ca01607429ccef3a53dff050abe81c05ca1e9b1,3398715,1702389634000000000,300
SS/orders_disk/2,SS,orders,disk,2,300,300,point,0.3,7,0.2999984193971581,median_shift,1,1.0,1.0,0.0,1,1,1,21,115.95019995002076,orders|10-192-15-196-9100|front-end|payment|rabbitmq,orders_container-memory-cache,0.6573333333333333,35,35,0.6192380952380953,0.6954285714285714,31,35,31,0.6963364779874214,baseline-v2-20260723,cd270e7871bd358937d83d9a49829637fa80007d2964084ef229f578e3733bd3,ba75425861a059dafcc477474fc3e4ed1eafdc2b47d6fdd0557337035d29a960,c04d3487bb6b47e7648184373ca01607429ccef3a53dff050abe81c05ca1e9b1,3398715,1702389634000000000,300
SS/orders_disk/2,SS,orders,disk,2,300,300,point,0.3,7,0.2999984193971581,nsigma,2,0.5,0.8,0.05,0,1,1,21,375.08689996320754,10-192-15-196-9100|orders|payment|rabbitmq|catalogue,10-192-15-196-9100_node-disk-writes-completed-total,0.6573333333333333,35,35,0.6192380952380953,0.6954285714285714,31,35,31,0.6963364779874214,baseline-v2-20260723,cd270e7871bd358937d83d9a49829637fa80007d2964084ef229f578e3733bd3,ba75425861a059dafcc477474fc3e4ed1eafdc2b47d6fdd0557337035d29a960,c04d3487bb6b47e7648184373ca01607429ccef3a53dff050abe81c05ca1e9b1,3398715,1702389634000000000,300
SS/orders_disk/2,SS,orders,disk,2,300,300,point,0.3,8,0.2999984193971581,baro,4,0.25,0.4,0.15,0,0,1,21,361.68749997159466,10-192-15-196-9100|10-192-15-197-9100|session-db|orders|front-end,10-192-15-196-9100_node-disk-writes-completed-total,0.6585714285714286,35,35,0.6204761904761905,0.6966666666666667,31,35,31,0.6963364779874214,baseline-v2-20260723,cd270e7871bd358937d83d9a49829637fa80007d2964084ef229f578e3733bd3,ba75425861a059dafcc477474fc3e4ed1eafdc2b47d6fdd0557337035d29a960,c04d3487bb6b47e7648184373ca01607429ccef3a53dff050abe81c05ca1e9b1,3398715,1702389634000000000,300
SS/orders_disk/2,SS,orders,disk,2,300,300,point,0.3,8,0.2999984193971581,median_shift,1,1.0,1.0,0.0,1,1,1,21,87.10060000885278,orders|10-192-15-196-9100|front-end|payment|rabbitmq,orders_container-memory-cache,0.6585714285714286,35,35,0.6204761904761905,0.6966666666666667,31,35,31,0.6963364779874214,baseline-v2-20260723,cd270e7871bd358937d83d9a49829637fa80007d2964084ef229f578e3733bd3,ba75425861a059dafcc477474fc3e4ed1eafdc2b47d6fdd0557337035d29a960,c04d3487bb6b47e7648184373ca01607429ccef3a53dff050abe81c05ca1e9b1,3398715,1702389634000000000,300
SS/orders_disk/2,SS,orders,disk,2,300,300,point,0.3,8,0.2999984193971581,nsigma,2,0.5,0.8,0.05,0,1,1,21,336.16279996931553,10-192-15-196-9100|orders|payment|rabbitmq|catalogue,10-192-15-196-9100_node-disk-writes-completed-total,0.6585714285714286,35,35,0.6204761904761905,0.6966666666666667,31,35,31,0.6963364779874214,baseline-v2-20260723,cd270e7871bd358937d83d9a49829637fa80007d2964084ef229f578e3733bd3,ba75425861a059dafcc477474fc3e4ed1eafdc2b47d6fdd0557337035d29a960,c04d3487bb6b47e7648184373ca01607429ccef3a53dff050abe81c05ca1e9b1,3398715,1702389634000000000,300
SS/orders_disk/2,SS,orders,disk,2,300,300,point,0.3,9,0.2999984193971581,baro,4,0.25,0.4,0.15,0,0,1,21,330.60739998472854,10-192-15-196-9100|10-192-15-197-9100|session-db|orders|front-end,10-192-15-196-9100_node-disk-writes-completed-total,0.6530952380952381,35,35,0.6171428571428571,0.689047619047619,31,35,31,0.6963364779874214,baseline-v2-20260723,cd270e7871bd358937d83d9a49829637fa80007d2964084ef229f578e3733bd3,ba75425861a059dafcc477474fc3e4ed1eafdc2b47d6fdd0557337035d29a960,c04d3487bb6b47e7648184373ca01607429ccef3a53dff050abe81c05ca1e9b1,3398715,1702389634000000000,300
SS/orders_disk/2,SS,orders,disk,2,300,300,point,0.3,9,0.2999984193971581,median_shift,1,1.0,1.0,0.0,1,1,1,21,87.19400002155453,orders|10-192-15-196-9100|front-end|payment|rabbitmq,orders_container-memory-cache,0.6530952380952381,35,35,0.6171428571428571,0.689047619047619,31,35,31,0.6963364779874214,baseline-v2-20260723,cd270e7871bd358937d83d9a49829637fa80007d2964084ef229f578e3733bd3,ba75425861a059dafcc477474fc3e4ed1eafdc2b47d6fdd0557337035d29a960,c04d3487bb6b47e7648184373ca01607429ccef3a53dff050abe81c05ca1e9b1,3398715,1702389634000000000,300
SS/orders_disk/2,SS,orders,disk,2,300,300,point,0.3,9,0.2999984193971581,nsigma,2,0.5,0.8,0.05,0,1,1,21,327.48569996329024,10-192-15-196-9100|orders|payment|rabbitmq|catalogue,10-192-15-196-9100_node-disk-writes-completed-total,0.6530952380952381,35,35,0.6171428571428571,0.689047619047619,31,35,31,0.6963364779874214,baseline-v2-20260723,cd270e7871bd358937d83d9a49829637fa80007d2964084ef229f578e3733bd3,ba75425861a059dafcc477474fc3e4ed1eafdc2b47d6fdd0557337035d29a960,c04d3487bb6b47e7648184373ca01607429ccef3a53dff050abe81c05ca1e9b1,3398715,1702389634000000000,300
SS/orders_disk/2,SS,orders,disk,2,300,300,point,0.5,0,0.5,baro,4,0.25,0.4,0.15,0,0,1,21,428.1852999702096,10-192-15-196-9100|10-192-15-197-9100|session-db|orders|front-end,10-192-15-196-9100_node-disk-writes-completed-total,0.46795238095238095,35,35,0.44276190476190475,0.49314285714285716,31,35,31,0.4973820754716981,baseline-v2-20260723,cd270e7871bd358937d83d9a49829637fa80007d2964084ef229f578e3733bd3,ba75425861a059dafcc477474fc3e4ed1eafdc2b47d6fdd0557337035d29a960,c04d3487bb6b47e7648184373ca01607429ccef3a53dff050abe81c05ca1e9b1,3398715,1702389634000000000,300
SS/orders_disk/2,SS,orders,disk,2,300,300,point,0.5,0,0.5,median_shift,1,1.0,1.0,0.0,1,1,1,21,137.72309996420518,orders|10-192-15-196-9100|front-end|payment|rabbitmq,orders_container-memory-cache,0.46795238095238095,35,35,0.44276190476190475,0.49314285714285716,31,35,31,0.4973820754716981,baseline-v2-20260723,cd270e7871bd358937d83d9a49829637fa80007d2964084ef229f578e3733bd3,ba75425861a059dafcc477474fc3e4ed1eafdc2b47d6fdd0557337035d29a960,c04d3487bb6b47e7648184373ca01607429ccef3a53dff050abe81c05ca1e9b1,3398715,1702389634000000000,300
SS/orders_disk/2,SS,orders,disk,2,300,300,point,0.5,0,0.5,nsigma,2,0.5,0.8,0.05,0,1,1,21,283.9170999941416,10-192-15-196-9100|orders|payment|rabbitmq|catalogue,10-192-15-196-9100_node-disk-writes-completed-total,0.46795238095238095,35,35,0.44276190476190475,0.49314285714285716,31,35,31,0.4973820754716981,baseline-v2-20260723,cd270e7871bd358937d83d9a49829637fa80007d2964084ef229f578e3733bd3,ba75425861a059dafcc477474fc3e4ed1eafdc2b47d6fdd0557337035d29a960,c04d3487bb6b47e7648184373ca01607429ccef3a53dff050abe81c05ca1e9b1,3398715,1702389634000000000,300
SS/orders_disk/2,SS,orders,disk,2,300,300,point,0.5,1,0.5,baro,4,0.25,0.4,0.15,0,0,1,21,462.7182999975048,10-192-15-196-9100|10-192-15-197-9100|session-db|orders|front-end,10-192-15-196-9100_node-disk-writes-completed-total,0.4680952380952381,35,35,0.4403809523809524,0.4958095238095238,31,35,31,0.4973820754716981,baseline-v2-20260723,cd270e7871bd358937d83d9a49829637fa80007d2964084ef229f578e3733bd3,ba75425861a059dafcc477474fc3e4ed1eafdc2b47d6fdd0557337035d29a960,c04d3487bb6b47e7648184373ca01607429ccef3a53dff050abe81c05ca1e9b1,3398715,1702389634000000000,300
SS/orders_disk/2,SS,orders,disk,2,300,300,point,0.5,1,0.5,median_shift,1,1.0,1.0,0.0,1,1,1,21,124.90799999795854,orders|10-192-15-196-9100|payment|rabbitmq|10-192-15-197-9100,orders_container-memory-cache,0.4680952380952381,35,35,0.4403809523809524,0.4958095238095238,31,35,31,0.4973820754716981,baseline-v2-20260723,cd270e7871bd358937d83d9a49829637fa80007d2964084ef229f578e3733bd3,ba75425861a059dafcc477474fc3e4ed1eafdc2b47d6fdd0557337035d29a960,c04d3487bb6b47e7648184373ca01607429ccef3a53dff050abe81c05ca1e9b1,3398715,1702389634000000000,300
SS/orders_disk/2,SS,orders,disk,2,300,300,point,0.5,1,0.5,nsigma,2,0.5,0.8,0.05,0,1,1,21,317.8028999827802,10-192-15-196-9100|orders|payment|rabbitmq|catalogue,10-192-15-196-9100_node-disk-writes-completed-total,0.4680952380952381,35,35,0.4403809523809524,0.4958095238095238,31,35,31,0.4973820754716981,baseline-v2-20260723,cd270e7871bd358937d83d9a49829637fa80007d2964084ef229f578e3733bd3,ba75425861a059dafcc477474fc3e4ed1eafdc2b47d6fdd0557337035d29a960,c04d3487bb6b47e7648184373ca01607429ccef3a53dff050abe81c05ca1e9b1,3398715,1702389634000000000,300
SS/orders_disk/2,SS,orders,disk,2,300,300,point,0.5,2,0.5,baro,4,0.25,0.4,0.15,0,0,1,21,480.2946000127122,10-192-15-196-9100|10-192-15-197-9100|session-db|orders|rabbitmq,10-192-15-196-9100_node-disk-writes-completed-total,0.4763809523809524,35,35,0.4540952380952381,0.49866666666666665,31,35,31,0.4973820754716981,baseline-v2-20260723,cd270e7871bd358937d83d9a49829637fa80007d2964084ef229f578e3733bd3,ba75425861a059dafcc477474fc3e4ed1eafdc2b47d6fdd0557337035d29a960,c04d3487bb6b47e7648184373ca01607429ccef3a53dff050abe81c05ca1e9b1,3398715,1702389634000000000,300
SS/orders_disk/2,SS,orders,disk,2,300,300,point,0.5,2,0.5,median_shift,1,1.0,1.0,0.0,1,1,1,21,168.03190001519397,orders|10-192-15-196-9100|front-end|payment|rabbitmq,orders_container-memory-cache,0.4763809523809524,35,35,0.4540952380952381,0.49866666666666665,31,35,31,0.4973820754716981,baseline-v2-20260723,cd270e7871bd358937d83d9a49829637fa80007d2964084ef229f578e3733bd3,ba75425861a059dafcc477474fc3e4ed1eafdc2b47d6fdd0557337035d29a960,c04d3487bb6b47e7648184373ca01607429ccef3a53dff050abe81c05ca1e9b1,3398715,1702389634000000000,300
SS/orders_disk/2,SS,orders,disk,2,300,300,point,0.5,2,0.5,nsigma,2,0.5,0.8,0.05,0,1,1,21,334.80620000045747,10-192-15-196-9100|orders|payment|rabbitmq|catalogue,10-192-15-196-9100_node-disk-writes-completed-total,0.4763809523809524,35,35,0.4540952380952381,0.49866666666666665,31,35,31,0.4973820754716981,baseline-v2-20260723,cd270e7871bd358937d83d9a49829637fa80007d2964084ef229f578e3733bd3,ba75425861a059dafcc477474fc3e4ed1eafdc2b47d6fdd0557337035d29a960,c04d3487bb6b47e7648184373ca01607429ccef3a53dff050abe81c05ca1e9b1,3398715,1702389634000000000,300
SS/orders_disk/2,SS,orders,disk,2,300,300,point,0.5,3,0.5,baro,4,0.25,0.4,0.15,0,0,1,21,372.4433000315912,10-192-15-196-9100|10-192-15-197-9100|session-db|orders|rabbitmq,10-192-15-196-9100_node-disk-writes-completed-total,0.4667142857142857,35,35,0.4458095238095238,0.4876190476190476,31,35,31,0.4973820754716981,baseline-v2-20260723,cd270e7871bd358937d83d9a49829637fa80007d2964084ef229f578e3733bd3,ba75425861a059dafcc477474fc3e4ed1eafdc2b47d6fdd0557337035d29a960,c04d3487bb6b47e7648184373ca01607429ccef3a53dff050abe81c05ca1e9b1,3398715,1702389634000000000,300
SS/orders_disk/2,SS,orders,disk,2,300,300,point,0.5,3,0.5,median_shift,1,1.0,1.0,0.0,1,1,1,21,113.54559997562319,orders|10-192-15-196-9100|front-end|payment|rabbitmq,orders_container-memory-cache,0.4667142857142857,35,35,0.4458095238095238,0.4876190476190476,31,35,31,0.4973820754716981,baseline-v2-20260723,cd270e7871bd358937d83d9a49829637fa80007d2964084ef229f578e3733bd3,ba75425861a059dafcc477474fc3e4ed1eafdc2b47d6fdd0557337035d29a960,c04d3487bb6b47e7648184373ca01607429ccef3a53dff050abe81c05ca1e9b1,3398715,1702389634000000000,300
SS/orders_disk/2,SS,orders,disk,2,300,300,point,0.5,3,0.5,nsigma,2,0.5,0.8,0.05,0,1,1,21,328.6252999678254,10-192-15-196-9100|orders|payment|rabbitmq|catalogue,10-192-15-196-9100_node-disk-writes-completed-total,0.4667142857142857,35,35,0.4458095238095238,0.4876190476190476,31,35,31,0.4973820754716981,baseline-v2-20260723,cd270e7871bd358937d83d9a49829637fa80007d2964084ef229f578e3733bd3,ba75425861a059dafcc477474fc3e4ed1eafdc2b47d6fdd0557337035d29a960,c04d3487bb6b47e7648184373ca01607429ccef3a53dff050abe81c05ca1e9b1,3398715,1702389634000000000,300
SS/orders_disk/2,SS,orders,disk,2,300,300,point,0.5,4,0.5,baro,4,0.25,0.4,0.15,0,0,1,21,321.9900999683887,10-192-15-196-9100|10-192-15-197-9100|session-db|orders|front-end,10-192-15-196-9100_node-disk-writes-completed-total,0.4715714285714286,35,35,0.4483809523809524,0.49476190476190474,31,35,31,0.4973820754716981,baseline-v2-20260723,cd270e7871bd358937d83d9a49829637fa80007d2964084ef229f578e3733bd3,ba75425861a059dafcc477474fc3e4ed1eafdc2b47d6fdd0557337035d29a960,c04d3487bb6b47e7648184373ca01607429ccef3a53dff050abe81c05ca1e9b1,3398715,1702389634000000000,300
SS/orders_disk/2,SS,orders,disk,2,300,300,point,0.5,4,0.5,median_shift,1,1.0,1.0,0.0,1,1,1,21,103.56439999304712,orders|10-192-15-196-9100|front-end|payment|rabbitmq,orders_container-memory-cache,0.4715714285714286,35,35,0.4483809523809524,0.49476190476190474,31,35,31,0.4973820754716981,baseline-v2-20260723,cd270e7871bd358937d83d9a49829637fa80007d2964084ef229f578e3733bd3,ba75425861a059dafcc477474fc3e4ed1eafdc2b47d6fdd0557337035d29a960,c04d3487bb6b47e7648184373ca01607429ccef3a53dff050abe81c05ca1e9b1,3398715,1702389634000000000,300
SS/orders_disk/2,SS,orders,disk,2,300,300,point,0.5,4,0.5,nsigma,2,0.5,0.8,0.05,0,1,1,21,399.3060000357218,10-192-15-196-9100|orders|payment|rabbitmq|catalogue,10-192-15-196-9100_node-disk-writes-completed-total,0.4715714285714286,35,35,0.4483809523809524,0.49476190476190474,31,35,31,0.4973820754716981,baseline-v2-20260723,cd270e7871bd358937d83d9a49829637fa80007d2964084ef229f578e3733bd3,ba75425861a059dafcc477474fc3e4ed1eafdc2b47d6fdd0557337035d29a960,c04d3487bb6b47e7648184373ca01607429ccef3a53dff050abe81c05ca1e9b1,3398715,1702389634000000000,300
SS/orders_disk/2,SS,orders,disk,2,300,300,point,0.5,5,0.5,baro,4,0.25,0.4,0.15,0,0,1,21,317.2158999950625,10-192-15-196-9100|10-192-15-197-9100|session-db|orders|front-end,10-192-15-196-9100_node-disk-writes-completed-total,0.4704761904761905,35,35,0.445047619047619,0.4959047619047619,31,35,31,0.4973820754716981,baseline-v2-20260723,cd270e7871bd358937d83d9a49829637fa80007d2964084ef229f578e3733bd3,ba75425861a059dafcc477474fc3e4ed1eafdc2b47d6fdd0557337035d29a960,c04d3487bb6b47e7648184373ca01607429ccef3a53dff050abe81c05ca1e9b1,3398715,1702389634000000000,300
SS/orders_disk/2,SS,orders,disk,2,300,300,point,0.5,5,0.5,median_shift,1,1.0,1.0,0.0,1,1,1,21,87.97679998679087,orders|10-192-15-196-9100|payment|rabbitmq|10-192-15-197-9100,orders_container-memory-cache,0.4704761904761905,35,35,0.445047619047619,0.4959047619047619,31,35,31,0.4973820754716981,baseline-v2-20260723,cd270e7871bd358937d83d9a49829637fa80007d2964084ef229f578e3733bd3,ba75425861a059dafcc477474fc3e4ed1eafdc2b47d6fdd0557337035d29a960,c04d3487bb6b47e7648184373ca01607429ccef3a53dff050abe81c05ca1e9b1,3398715,1702389634000000000,300
SS/orders_disk/2,SS,orders,disk,2,300,300,point,0.5,5,0.5,nsigma,2,0.5,0.8,0.05,0,1,1,21,260.68329997360706,10-192-15-196-9100|orders|payment|rabbitmq|catalogue,10-192-15-196-9100_node-disk-writes-completed-total,0.4704761904761905,35,35,0.445047619047619,0.4959047619047619,31,35,31,0.4973820754716981,baseline-v2-20260723,cd270e7871bd358937d83d9a49829637fa80007d2964084ef229f578e3733bd3,ba75425861a059dafcc477474fc3e4ed1eafdc2b47d6fdd0557337035d29a960,c04d3487bb6b47e7648184373ca01607429ccef3a53dff050abe81c05ca1e9b1,3398715,1702389634000000000,300
SS/orders_disk/2,SS,orders,disk,2,300,300,point,0.5,6,0.5,baro,4,0.25,0.4,0.15,0,0,1,21,351.92889999598265,10-192-15-196-9100|10-192-15-197-9100|session-db|orders|front-end,10-192-15-196-9100_node-disk-writes-completed-total,0.46785714285714286,35,35,0.44323809523809526,0.49247619047619046,31,35,31,0.4973820754716981,baseline-v2-20260723,cd270e7871bd358937d83d9a49829637fa80007d2964084ef229f578e3733bd3,ba75425861a059dafcc477474fc3e4ed1eafdc2b47d6fdd0557337035d29a960,c04d3487bb6b47e7648184373ca01607429ccef3a53dff050abe81c05ca1e9b1,3398715,1702389634000000000,300
SS/orders_disk/2,SS,orders,disk,2,300,300,point,0.5,6,0.5,median_shift,1,1.0,1.0,0.0,1,1,1,21,84.37910000793636,orders|10-192-15-196-9100|payment|rabbitmq|10-192-15-197-9100,orders_container-memory-cache,0.46785714285714286,35,35,0.44323809523809526,0.49247619047619046,31,35,31,0.4973820754716981,baseline-v2-20260723,cd270e7871bd358937d83d9a49829637fa80007d2964084ef229f578e3733bd3,ba75425861a059dafcc477474fc3e4ed1eafdc2b47d6fdd0557337035d29a960,c04d3487bb6b47e7648184373ca01607429ccef3a53dff050abe81c05ca1e9b1,3398715,1702389634000000000,300
SS/orders_disk/2,SS,orders,disk,2,300,300,point,0.5,6,0.5,nsigma,2,0.5,0.8,0.05,0,1,1,21,387.60260003618896,10-192-15-196-9100|orders|payment|rabbitmq|catalogue,10-192-15-196-9100_node-disk-writes-completed-total,0.46785714285714286,35,35,0.44323809523809526,0.49247619047619046,31,35,31,0.4973820754716981,baseline-v2-20260723,cd270e7871bd358937d83d9a49829637fa80007d2964084ef229f578e3733bd3,ba75425861a059dafcc477474fc3e4ed1eafdc2b47d6fdd0557337035d29a960,c04d3487bb6b47e7648184373ca01607429ccef3a53dff050abe81c05ca1e9b1,3398715,1702389634000000000,300
SS/orders_disk/2,SS,orders,disk,2,300,300,point,0.5,7,0.5,baro,4,0.25,0.4,0.15,0,0,1,21,379.29849995998666,10-192-15-196-9100|10-192-15-197-9100|session-db|orders|front-end,10-192-15-196-9100_node-disk-writes-completed-total,0.46823809523809523,35,35,0.4399047619047619,0.49657142857142855,31,35,31,0.4973820754716981,baseline-v2-20260723,cd270e7871bd358937d83d9a49829637fa80007d2964084ef229f578e3733bd3,ba75425861a059dafcc477474fc3e4ed1eafdc2b47d6fdd0557337035d29a960,c04d3487bb6b47e7648184373ca01607429ccef3a53dff050abe81c05ca1e9b1,3398715,1702389634000000000,300
SS/orders_disk/2,SS,orders,disk,2,300,300,point,0.5,7,0.5,median_shift,1,1.0,1.0,0.0,1,1,1,21,107.4195999535732,orders|10-192-15-196-9100|front-end|payment|rabbitmq,orders_container-memory-cache,0.46823809523809523,35,35,0.4399047619047619,0.49657142857142855,31,35,31,0.4973820754716981,baseline-v2-20260723,cd270e7871bd358937d83d9a49829637fa80007d2964084ef229f578e3733bd3,ba75425861a059dafcc477474fc3e4ed1eafdc2b47d6fdd0557337035d29a960,c04d3487bb6b47e7648184373ca01607429ccef3a53dff050abe81c05ca1e9b1,3398715,1702389634000000000,300
SS/orders_disk/2,SS,orders,disk,2,300,300,point,0.5,7,0.5,nsigma,2,0.5,0.8,0.05,0,1,1,21,362.7509999787435,10-192-15-196-9100|orders|payment|rabbitmq|catalogue,10-192-15-196-9100_node-disk-writes-completed-total,0.46823809523809523,35,35,0.4399047619047619,0.49657142857142855,31,35,31,0.4973820754716981,baseline-v2-20260723,cd270e7871bd358937d83d9a49829637fa80007d2964084ef229f578e3733bd3,ba75425861a059dafcc477474fc3e4ed1eafdc2b47d6fdd0557337035d29a960,c04d3487bb6b47e7648184373ca01607429ccef3a53dff050abe81c05ca1e9b1,3398715,1702389634000000000,300
SS/orders_disk/2,SS,orders,disk,2,300,300,point,0.5,8,0.5,baro,4,0.25,0.4,0.15,0,0,1,21,313.6614999966696,10-192-15-196-9100|10-192-15-197-9100|session-db|orders|front-end,10-192-15-196-9100_node-disk-writes-completed-total,0.47014285714285714,35,35,0.4440952380952381,0.4961904761904762,31,35,31,0.4973820754716981,baseline-v2-20260723,cd270e7871bd358937d83d9a49829637fa80007d2964084ef229f578e3733bd3,ba75425861a059dafcc477474fc3e4ed1eafdc2b47d6fdd0557337035d29a960,c04d3487bb6b47e7648184373ca01607429ccef3a53dff050abe81c05ca1e9b1,3398715,1702389634000000000,300
SS/orders_disk/2,SS,orders,disk,2,300,300,point,0.5,8,0.5,median_shift,1,1.0,1.0,0.0,1,1,1,21,94.59239995339885,orders|10-192-15-196-9100|front-end|payment|rabbitmq,orders_container-memory-cache,0.47014285714285714,35,35,0.4440952380952381,0.4961904761904762,31,35,31,0.4973820754716981,baseline-v2-20260723,cd270e7871bd358937d83d9a49829637fa80007d2964084ef229f578e3733bd3,ba75425861a059dafcc477474fc3e4ed1eafdc2b47d6fdd0557337035d29a960,c04d3487bb6b47e7648184373ca01607429ccef3a53dff050abe81c05ca1e9b1,3398715,1702389634000000000,300
SS/orders_disk/2,SS,orders,disk,2,300,300,point,0.5,8,0.5,nsigma,2,0.5,0.8,0.05,0,1,1,21,353.79980003926903,10-192-15-196-9100|orders|payment|rabbitmq|catalogue,10-192-15-196-9100_node-disk-writes-completed-total,0.47014285714285714,35,35,0.4440952380952381,0.4961904761904762,31,35,31,0.4973820754716981,baseline-v2-20260723,cd270e7871bd358937d83d9a49829637fa80007d2964084ef229f578e3733bd3,ba75425861a059dafcc477474fc3e4ed1eafdc2b47d6fdd0557337035d29a960,c04d3487bb6b47e7648184373ca01607429ccef3a53dff050abe81c05ca1e9b1,3398715,1702389634000000000,300
SS/orders_disk/2,SS,orders,disk,2,300,300,point,0.5,9,0.5,baro,4,0.25,0.4,0.15,0,0,1,21,390.4255999950692,10-192-15-196-9100|10-192-15-197-9100|session-db|orders|front-end,10-192-15-196-9100_node-disk-writes-completed-total,0.4648095238095238,35,35,0.4397142857142857,0.4899047619047619,31,35,31,0.4973820754716981,baseline-v2-20260723,cd270e7871bd358937d83d9a49829637fa80007d2964084ef229f578e3733bd3,ba75425861a059dafcc477474fc3e4ed1eafdc2b47d6fdd0557337035d29a960,c04d3487bb6b47e7648184373ca01607429ccef3a53dff050abe81c05ca1e9b1,3398715,1702389634000000000,300
SS/orders_disk/2,SS,orders,disk,2,300,300,point,0.5,9,0.5,median_shift,1,1.0,1.0,0.0,1,1,1,21,126.1845999979414,orders|10-192-15-196-9100|payment|rabbitmq|10-192-15-197-9100,orders_container-memory-cache,0.4648095238095238,35,35,0.4397142857142857,0.4899047619047619,31,35,31,0.4973820754716981,baseline-v2-20260723,cd270e7871bd358937d83d9a49829637fa80007d2964084ef229f578e3733bd3,ba75425861a059dafcc477474fc3e4ed1eafdc2b47d6fdd0557337035d29a960,c04d3487bb6b47e7648184373ca01607429ccef3a53dff050abe81c05ca1e9b1,3398715,1702389634000000000,300
SS/orders_disk/2,SS,orders,disk,2,300,300,point,0.5,9,0.5,nsigma,2,0.5,0.8,0.05,0,1,1,21,302.68869997235015,10-192-15-196-9100|orders|payment|rabbitmq|catalogue,10-192-15-196-9100_node-disk-writes-completed-total,0.4648095238095238,35,35,0.4397142857142857,0.4899047619047619,31,35,31,0.4973820754716981,baseline-v2-20260723,cd270e7871bd358937d83d9a49829637fa80007d2964084ef229f578e3733bd3,ba75425861a059dafcc477474fc3e4ed1eafdc2b47d6fdd0557337035d29a960,c04d3487bb6b47e7648184373ca01607429ccef3a53dff050abe81c05ca1e9b1,3398715,1702389634000000000,300
SS/orders_disk/2,SS,orders,disk,2,300,300,stream,0.1,0,0.09957797904120631,baro,4,0.25,0.4,0.15,0,0,1,21,375.85210002725944,10-192-15-196-9100|10-192-15-197-9100|session-db|orders|front-end,10-192-15-196-9100_node-disk-writes-completed-total,0.8794285714285714,33,35,0.8285714285714286,0.9302857142857143,29,33,29,0.8957075471698113,baseline-v2-20260723,cd270e7871bd358937d83d9a49829637fa80007d2964084ef229f578e3733bd3,ba75425861a059dafcc477474fc3e4ed1eafdc2b47d6fdd0557337035d29a960,c04d3487bb6b47e7648184373ca01607429ccef3a53dff050abe81c05ca1e9b1,3398715,1702389634000000000,300
SS/orders_disk/2,SS,orders,disk,2,300,300,stream,0.1,0,0.09957797904120631,median_shift,1,1.0,1.0,0.0,1,1,1,21,133.65179998800159,orders|10-192-15-196-9100|front-end|payment|rabbitmq,orders_container-memory-cache,0.8794285714285714,33,35,0.8285714285714286,0.9302857142857143,29,33,29,0.8957075471698113,baseline-v2-20260723,cd270e7871bd358937d83d9a49829637fa80007d2964084ef229f578e3733bd3,ba75425861a059dafcc477474fc3e4ed1eafdc2b47d6fdd0557337035d29a960,c04d3487bb6b47e7648184373ca01607429ccef3a53dff050abe81c05ca1e9b1,3398715,1702389634000000000,300
SS/orders_disk/2,SS,orders,disk,2,300,300,stream,0.1,0,0.09957797904120631,nsigma,2,0.5,0.8,0.05,0,1,1,21,257.35830003395677,10-192-15-196-9100|orders|payment|rabbitmq|catalogue,10-192-15-196-9100_node-disk-writes-completed-total,0.8794285714285714,33,35,0.8285714285714286,0.9302857142857143,29,33,29,0.8957075471698113,baseline-v2-20260723,cd270e7871bd358937d83d9a49829637fa80007d2964084ef229f578e3733bd3,ba75425861a059dafcc477474fc3e4ed1eafdc2b47d6fdd0557337035d29a960,c04d3487bb6b47e7648184373ca01607429ccef3a53dff050abe81c05ca1e9b1,3398715,1702389634000000000,300
SS/orders_disk/2,SS,orders,disk,2,300,300,stream,0.1,1,0.09957797904120631,baro,4,0.25,0.4,0.15,0,0,1,21,382.8082999680191,10-192-15-196-9100|10-192-15-197-9100|session-db|orders|front-end,10-192-15-196-9100_node-disk-writes-completed-total,0.8222857142857143,31,35,0.7714285714285715,0.8731428571428571,27,31,27,0.8957075471698113,baseline-v2-20260723,cd270e7871bd358937d83d9a49829637fa80007d2964084ef229f578e3733bd3,ba75425861a059dafcc477474fc3e4ed1eafdc2b47d6fdd0557337035d29a960,c04d3487bb6b47e7648184373ca01607429ccef3a53dff050abe81c05ca1e9b1,3398715,1702389634000000000,300
SS/orders_disk/2,SS,orders,disk,2,300,300,stream,0.1,1,0.09957797904120631,median_shift,1,1.0,1.0,0.0,1,1,1,21,109.84280001139268,orders|10-192-15-196-9100|front-end|payment|rabbitmq,orders_container-memory-cache,0.8222857142857143,31,35,0.7714285714285715,0.8731428571428571,27,31,27,0.8957075471698113,baseline-v2-20260723,cd270e7871bd358937d83d9a49829637fa80007d2964084ef229f578e3733bd3,ba75425861a059dafcc477474fc3e4ed1eafdc2b47d6fdd0557337035d29a960,c04d3487bb6b47e7648184373ca01607429ccef3a53dff050abe81c05ca1e9b1,3398715,1702389634000000000,300
SS/orders_disk/2,SS,orders,disk,2,300,300,stream,0.1,1,0.09957797904120631,nsigma,2,0.5,0.8,0.05,0,1,1,21,285.78470001230016,10-192-15-196-9100|orders|payment|rabbitmq|catalogue,10-192-15-196-9100_node-disk-writes-completed-total,0.8222857142857143,31,35,0.7714285714285715,0.8731428571428571,27,31,27,0.8957075471698113,baseline-v2-20260723,cd270e7871bd358937d83d9a49829637fa80007d2964084ef229f578e3733bd3,ba75425861a059dafcc477474fc3e4ed1eafdc2b47d6fdd0557337035d29a960,c04d3487bb6b47e7648184373ca01607429ccef3a53dff050abe81c05ca1e9b1,3398715,1702389634000000000,300
SS/orders_disk/2,SS,orders,disk,2,300,300,stream,0.1,2,0.09826212717530466,baro,4,0.25,0.4,0.15,0,0,1,21,303.6420000134967,10-192-15-196-9100|10-192-15-197-9100|session-db|orders|front-end,10-192-15-196-9100_node-disk-writes-completed-total,0.8095714285714286,30,35,0.7714285714285715,0.8477142857142858,27,30,27,0.8970165094339623,baseline-v2-20260723,cd270e7871bd358937d83d9a49829637fa80007d2964084ef229f578e3733bd3,ba75425861a059dafcc477474fc3e4ed1eafdc2b47d6fdd0557337035d29a960,c04d3487bb6b47e7648184373ca01607429ccef3a53dff050abe81c05ca1e9b1,3398715,1702389634000000000,300
SS/orders_disk/2,SS,orders,disk,2,300,300,stream,0.1,2,0.09826212717530466,median_shift,1,1.0,1.0,0.0,1,1,1,21,81.02419995702803,orders|10-192-15-196-9100|front-end|payment|rabbitmq,orders_container-memory-cache,0.8095714285714286,30,35,0.7714285714285715,0.8477142857142858,27,30,27,0.8970165094339623,baseline-v2-20260723,cd270e7871bd358937d83d9a49829637fa80007d2964084ef229f578e3733bd3,ba75425861a059dafcc477474fc3e4ed1eafdc2b47d6fdd0557337035d29a960,c04d3487bb6b47e7648184373ca01607429ccef3a53dff050abe81c05ca1e9b1,3398715,1702389634000000000,300
SS/orders_disk/2,SS,orders,disk,2,300,300,stream,0.1,2,0.09826212717530466,nsigma,2,0.5,0.8,0.05,0,1,1,21,276.2818999472074,10-192-15-196-9100|orders|payment|rabbitmq|catalogue,10-192-15-196-9100_node-disk-writes-completed-total,0.8095714285714286,30,35,0.7714285714285715,0.8477142857142858,27,30,27,0.8970165094339623,baseline-v2-20260723,cd270e7871bd358937d83d9a49829637fa80007d2964084ef229f578e3733bd3,ba75425861a059dafcc477474fc3e4ed1eafdc2b47d6fdd0557337035d29a960,c04d3487bb6b47e7648184373ca01607429ccef3a53dff050abe81c05ca1e9b1,3398715,1702389634000000000,300
SS/orders_disk/2,SS,orders,disk,2,300,300,stream,0.1,3,0.09957797904120631,baro,3,0.3333333333333333,0.6,0.1,0,1,1,21,428.99760004365817,10-192-15-197-9100|session-db|orders|front-end|rabbitmq,10-192-15-197-9100_node-disk-read-bytes-total,0.8222857142857143,31,35,0.7714285714285715,0.8731428571428571,27,31,27,0.8957075471698113,baseline-v2-20260723,cd270e7871bd358937d83d9a49829637fa80007d2964084ef229f578e3733bd3,ba75425861a059dafcc477474fc3e4ed1eafdc2b47d6fdd0557337035d29a960,c04d3487bb6b47e7648184373ca01607429ccef3a53dff050abe81c05ca1e9b1,3398715,1702389634000000000,300
SS/orders_disk/2,SS,orders,disk,2,300,300,stream,0.1,3,0.09957797904120631,median_shift,1,1.0,1.0,0.0,1,1,1,21,85.49550001043826,orders|10-192-15-196-9100|front-end|payment|rabbitmq,orders_container-memory-cache,0.8222857142857143,31,35,0.7714285714285715,0.8731428571428571,27,31,27,0.8957075471698113,baseline-v2-20260723,cd270e7871bd358937d83d9a49829637fa80007d2964084ef229f578e3733bd3,ba75425861a059dafcc477474fc3e4ed1eafdc2b47d6fdd0557337035d29a960,c04d3487bb6b47e7648184373ca01607429ccef3a53dff050abe81c05ca1e9b1,3398715,1702389634000000000,300
SS/orders_disk/2,SS,orders,disk,2,300,300,stream,0.1,3,0.09957797904120631,nsigma,1,1.0,1.0,0.0,1,1,1,21,309.735200018622,orders|payment|rabbitmq|10-192-15-196-9100|catalogue,orders_container-cpu-system-seconds-total,0.8222857142857143,31,35,0.7714285714285715,0.8731428571428571,27,31,27,0.8957075471698113,baseline-v2-20260723,cd270e7871bd358937d83d9a49829637fa80007d2964084ef229f578e3733bd3,ba75425861a059dafcc477474fc3e4ed1eafdc2b47d6fdd0557337035d29a960,c04d3487bb6b47e7648184373ca01607429ccef3a53dff050abe81c05ca1e9b1,3398715,1702389634000000000,300
SS/orders_disk/2,SS,orders,disk,2,300,300,stream,0.1,4,0.09957797904120631,baro,4,0.25,0.4,0.15,0,0,1,21,328.34229996660724,10-192-15-196-9100|10-192-15-197-9100|session-db|orders|front-end,10-192-15-196-9100_node-disk-writes-completed-total,0.7937142857142857,30,35,0.7428571428571429,0.8445714285714285,26,30,26,0.8957075471698113,baseline-v2-20260723,cd270e7871bd358937d83d9a49829637fa80007d2964084ef229f578e3733bd3,ba75425861a059dafcc477474fc3e4ed1eafdc2b47d6fdd0557337035d29a960,c04d3487bb6b47e7648184373ca01607429ccef3a53dff050abe81c05ca1e9b1,3398715,1702389634000000000,300
SS/orders_disk/2,SS,orders,disk,2,300,300,stream,0.1,4,0.09957797904120631,median_shift,1,1.0,1.0,0.0,1,1,1,21,131.9684000336565,orders|10-192-15-196-9100|front-end|payment|rabbitmq,orders_container-memory-cache,0.7937142857142857,30,35,0.7428571428571429,0.8445714285714285,26,30,26,0.8957075471698113,baseline-v2-20260723,cd270e7871bd358937d83d9a49829637fa80007d2964084ef229f578e3733bd3,ba75425861a059dafcc477474fc3e4ed1eafdc2b47d6fdd0557337035d29a960,c04d3487bb6b47e7648184373ca01607429ccef3a53dff050abe81c05ca1e9b1,3398715,1702389634000000000,300
SS/orders_disk/2,SS,orders,disk,2,300,300,stream,0.1,4,0.09957797904120631,nsigma,2,0.5,0.8,0.05,0,1,1,21,345.2207999653183,10-192-15-196-9100|orders|payment|rabbitmq|catalogue,10-192-15-196-9100_node-disk-writes-completed-total,0.7937142857142857,30,35,0.7428571428571429,0.8445714285714285,26,30,26,0.8957075471698113,baseline-v2-20260723,cd270e7871bd358937d83d9a49829637fa80007d2964084ef229f578e3733bd3,ba75425861a059dafcc477474fc3e4ed1eafdc2b47d6fdd0557337035d29a960,c04d3487bb6b47e7648184373ca01607429ccef3a53dff050abe81c05ca1e9b1,3398715,1702389634000000000,300
SS/orders_disk/2,SS,orders,disk,2,300,300,stream,0.1,5,0.09826212717530466,baro,4,0.25,0.4,0.15,0,0,1,21,376.85150001198053,10-192-15-196-9100|10-192-15-197-9100|session-db|orders|front-end,10-192-15-196-9100_node-disk-writes-completed-total,0.8667142857142857,32,35,0.8285714285714286,0.9048571428571428,29,32,29,0.8970165094339623,baseline-v2-20260723,cd270e7871bd358937d83d9a49829637fa80007d2964084ef229f578e3733bd3,ba75425861a059dafcc477474fc3e4ed1eafdc2b47d6fdd0557337035d29a960,c04d3487bb6b47e7648184373ca01607429ccef3a53dff050abe81c05ca1e9b1,3398715,1702389634000000000,300
SS/orders_disk/2,SS,orders,disk,2,300,300,stream,0.1,5,0.09826212717530466,median_shift,1,1.0,1.0,0.0,1,1,1,21,121.88799999421462,orders|10-192-15-196-9100|front-end|payment|rabbitmq,orders_container-memory-cache,0.8667142857142857,32,35,0.8285714285714286,0.9048571428571428,29,32,29,0.8970165094339623,baseline-v2-20260723,cd270e7871bd358937d83d9a49829637fa80007d2964084ef229f578e3733bd3,ba75425861a059dafcc477474fc3e4ed1eafdc2b47d6fdd0557337035d29a960,c04d3487bb6b47e7648184373ca01607429ccef3a53dff050abe81c05ca1e9b1,3398715,1702389634000000000,300
SS/orders_disk/2,SS,orders,disk,2,300,300,stream,0.1,5,0.09826212717530466,nsigma,2,0.5,0.8,0.05,0,1,1,21,303.01129998406395,10-192-15-196-9100|orders|payment|rabbitmq|catalogue,10-192-15-196-9100_node-disk-writes-completed-total,0.8667142857142857,32,35,0.8285714285714286,0.9048571428571428,29,32,29,0.8970165094339623,baseline-v2-20260723,cd270e7871bd358937d83d9a49829637fa80007d2964084ef229f578e3733bd3,ba75425861a059dafcc477474fc3e4ed1eafdc2b47d6fdd0557337035d29a960,c04d3487bb6b47e7648184373ca01607429ccef3a53dff050abe81c05ca1e9b1,3398715,1702389634000000000,300
SS/orders_disk/2,SS,orders,disk,2,300,300,stream,0.1,6,0.09826212717530466,baro,3,0.3333333333333333,0.6,0.1,0,1,1,21,336.98720001848415,10-192-15-197-9100|session-db|orders|front-end|rabbitmq,10-192-15-197-9100_node-disk-read-bytes-total,0.781,29,35,0.7428571428571429,0.8191428571428572,26,29,26,0.8970165094339623,baseline-v2-20260723,cd270e7871bd358937d83d9a49829637fa80007d2964084ef229f578e3733bd3,ba75425861a059dafcc477474fc3e4ed1eafdc2b47d6fdd0557337035d29a960,c04d3487bb6b47e7648184373ca01607429ccef3a53dff050abe81c05ca1e9b1,3398715,1702389634000000000,300
SS/orders_disk/2,SS,orders,disk,2,300,300,stream,0.1,6,0.09826212717530466,median_shift,1,1.0,1.0,0.0,1,1,1,21,102.4879000033252,orders|10-192-15-196-9100|front-end|payment|rabbitmq,orders_container-memory-cache,0.781,29,35,0.7428571428571429,0.8191428571428572,26,29,26,0.8970165094339623,baseline-v2-20260723,cd270e7871bd358937d83d9a49829637fa80007d2964084ef229f578e3733bd3,ba75425861a059dafcc477474fc3e4ed1eafdc2b47d6fdd0557337035d29a960,c04d3487bb6b47e7648184373ca01607429ccef3a53dff050abe81c05ca1e9b1,3398715,1702389634000000000,300
SS/orders_disk/2,SS,orders,disk,2,300,300,stream,0.1,6,0.09826212717530466,nsigma,1,1.0,1.0,0.0,1,1,1,21,349.68259994639084,orders|payment|rabbitmq|10-192-15-196-9100|catalogue,orders_container-cpu-system-seconds-total,0.781,29,35,0.7428571428571429,0.8191428571428572,26,29,26,0.8970165094339623,baseline-v2-20260723,cd270e7871bd358937d83d9a49829637fa80007d2964084ef229f578e3733bd3,ba75425861a059dafcc477474fc3e4ed1eafdc2b47d6fdd0557337035d29a960,c04d3487bb6b47e7648184373ca01607429ccef3a53dff050abe81c05ca1e9b1,3398715,1702389634000000000,300
SS/orders_disk/2,SS,orders,disk,2,300,300,stream,0.1,7,0.09957797904120631,baro,4,0.25,0.4,0.15,0,0,1,21,339.64790002210066,10-192-15-196-9100|10-192-15-197-9100|session-db|orders|front-end,10-192-15-196-9100_node-disk-writes-completed-total,0.8222857142857143,31,35,0.7714285714285715,0.8731428571428571,27,31,27,0.8957075471698113,baseline-v2-20260723,cd270e7871bd358937d83d9a49829637fa80007d2964084ef229f578e3733bd3,ba75425861a059dafcc477474fc3e4ed1eafdc2b47d6fdd0557337035d29a960,c04d3487bb6b47e7648184373ca01607429ccef3a53dff050abe81c05ca1e9b1,3398715,1702389634000000000,300
SS/orders_disk/2,SS,orders,disk,2,300,300,stream,0.1,7,0.09957797904120631,median_shift,1,1.0,1.0,0.0,1,1,1,21,82.5804999913089,orders|10-192-15-196-9100|front-end|payment|rabbitmq,orders_container-memory-cache,0.8222857142857143,31,35,0.7714285714285715,0.8731428571428571,27,31,27,0.8957075471698113,baseline-v2-20260723,cd270e7871bd358937d83d9a49829637fa80007d2964084ef229f578e3733bd3,ba75425861a059dafcc477474fc3e4ed1eafdc2b47d6fdd0557337035d29a960,c04d3487bb6b47e7648184373ca01607429ccef3a53dff050abe81c05ca1e9b1,3398715,1702389634000000000,300
SS/orders_disk/2,SS,orders,disk,2,300,300,stream,0.1,7,0.09957797904120631,nsigma,2,0.5,0.8,0.05,0,1,1,21,358.1467000185512,10-192-15-196-9100|orders|payment|rabbitmq|catalogue,10-192-15-196-9100_node-disk-writes-completed-total,0.8222857142857143,31,35,0.7714285714285715,0.8731428571428571,27,31,27,0.8957075471698113,baseline-v2-20260723,cd270e7871bd358937d83d9a49829637fa80007d2964084ef229f578e3733bd3,ba75425861a059dafcc477474fc3e4ed1eafdc2b47d6fdd0557337035d29a960,c04d3487bb6b47e7648184373ca01607429ccef3a53dff050abe81c05ca1e9b1,3398715,1702389634000000000,300
SS/orders_disk/2,SS,orders,disk,2,300,300,stream,0.1,8,0.09826212717530466,baro,4,0.25,0.4,0.15,0,0,1,21,357.84839995903894,10-192-15-196-9100|10-192-15-197-9100|session-db|orders|front-end,10-192-15-196-9100_node-disk-writes-completed-total,0.8952857142857142,33,35,0.8571428571428571,0.9334285714285714,30,33,30,0.8970165094339623,baseline-v2-20260723,cd270e7871bd358937d83d9a49829637fa80007d2964084ef229f578e3733bd3,ba75425861a059dafcc477474fc3e4ed1eafdc2b47d6fdd0557337035d29a960,c04d3487bb6b47e7648184373ca01607429ccef3a53dff050abe81c05ca1e9b1,3398715,1702389634000000000,300
SS/orders_disk/2,SS,orders,disk,2,300,300,stream,0.1,8,0.09826212717530466,median_shift,1,1.0,1.0,0.0,1,1,1,21,84.68830003403127,orders|10-192-15-196-9100|front-end|payment|rabbitmq,orders_container-memory-cache,0.8952857142857142,33,35,0.8571428571428571,0.9334285714285714,30,33,30,0.8970165094339623,baseline-v2-20260723,cd270e7871bd358937d83d9a49829637fa80007d2964084ef229f578e3733bd3,ba75425861a059dafcc477474fc3e4ed1eafdc2b47d6fdd0557337035d29a960,c04d3487bb6b47e7648184373ca01607429ccef3a53dff050abe81c05ca1e9b1,3398715,1702389634000000000,300
SS/orders_disk/2,SS,orders,disk,2,300,300,stream,0.1,8,0.09826212717530466,nsigma,2,0.5,0.8,0.05,0,1,1,21,332.0293999859132,10-192-15-196-9100|orders|payment|rabbitmq|catalogue,10-192-15-196-9100_node-disk-writes-completed-total,0.8952857142857142,33,35,0.8571428571428571,0.9334285714285714,30,33,30,0.8970165094339623,baseline-v2-20260723,cd270e7871bd358937d83d9a49829637fa80007d2964084ef229f578e3733bd3,ba75425861a059dafcc477474fc3e4ed1eafdc2b47d6fdd0557337035d29a960,c04d3487bb6b47e7648184373ca01607429ccef3a53dff050abe81c05ca1e9b1,3398715,1702389634000000000,300
SS/orders_disk/2,SS,orders,disk,2,300,300,stream,0.1,9,0.09957797904120631,baro,4,0.25,0.4,0.15,0,0,1,21,357.5132000260055,10-192-15-196-9100|10-192-15-197-9100|session-db|orders|front-end,10-192-15-196-9100_node-disk-writes-completed-total,0.8794285714285714,33,35,0.8285714285714286,0.9302857142857143,29,33,29,0.8957075471698113,baseline-v2-20260723,cd270e7871bd358937d83d9a49829637fa80007d2964084ef229f578e3733bd3,ba75425861a059dafcc477474fc3e4ed1eafdc2b47d6fdd0557337035d29a960,c04d3487bb6b47e7648184373ca01607429ccef3a53dff050abe81c05ca1e9b1,3398715,1702389634000000000,300
SS/orders_disk/2,SS,orders,disk,2,300,300,stream,0.1,9,0.09957797904120631,median_shift,1,1.0,1.0,0.0,1,1,1,21,120.98890001652762,orders|10-192-15-196-9100|front-end|payment|rabbitmq,orders_container-memory-cache,0.8794285714285714,33,35,0.8285714285714286,0.9302857142857143,29,33,29,0.8957075471698113,baseline-v2-20260723,cd270e7871bd358937d83d9a49829637fa80007d2964084ef229f578e3733bd3,ba75425861a059dafcc477474fc3e4ed1eafdc2b47d6fdd0557337035d29a960,c04d3487bb6b47e7648184373ca01607429ccef3a53dff050abe81c05ca1e9b1,3398715,1702389634000000000,300
SS/orders_disk/2,SS,orders,disk,2,300,300,stream,0.1,9,0.09957797904120631,nsigma,2,0.5,0.8,0.05,0,1,1,21,274.8060000012629,10-192-15-196-9100|orders|payment|rabbitmq|catalogue,10-192-15-196-9100_node-disk-writes-completed-total,0.8794285714285714,33,35,0.8285714285714286,0.9302857142857143,29,33,29,0.8957075471698113,baseline-v2-20260723,cd270e7871bd358937d83d9a49829637fa80007d2964084ef229f578e3733bd3,ba75425861a059dafcc477474fc3e4ed1eafdc2b47d6fdd0557337035d29a960,c04d3487bb6b47e7648184373ca01607429ccef3a53dff050abe81c05ca1e9b1,3398715,1702389634000000000,300
SS/orders_disk/2,SS,orders,disk,2,300,300,stream,0.3,0,0.2997889895206032,baro,3,0.3333333333333333,0.6,0.1,0,1,1,21,284.2242000042461,10-192-15-196-9100|session-db|orders|front-end|rabbitmq,10-192-15-196-9100_node-disk-writes-completed-total,0.6952857142857143,26,35,0.6571428571428571,0.7334285714285714,23,26,23,0.6965448113207547,baseline-v2-20260723,cd270e7871bd358937d83d9a49829637fa80007d2964084ef229f578e3733bd3,ba75425861a059dafcc477474fc3e4ed1eafdc2b47d6fdd0557337035d29a960,c04d3487bb6b47e7648184373ca01607429ccef3a53dff050abe81c05ca1e9b1,3398715,1702389634000000000,300
SS/orders_disk/2,SS,orders,disk,2,300,300,stream,0.3,0,0.2997889895206032,median_shift,1,1.0,1.0,0.0,1,1,1,21,125.26560004334897,orders|10-192-15-196-9100|front-end|payment|rabbitmq,orders_container-memory-cache,0.6952857142857143,26,35,0.6571428571428571,0.7334285714285714,23,26,23,0.6965448113207547,baseline-v2-20260723,cd270e7871bd358937d83d9a49829637fa80007d2964084ef229f578e3733bd3,ba75425861a059dafcc477474fc3e4ed1eafdc2b47d6fdd0557337035d29a960,c04d3487bb6b47e7648184373ca01607429ccef3a53dff050abe81c05ca1e9b1,3398715,1702389634000000000,300
SS/orders_disk/2,SS,orders,disk,2,300,300,stream,0.3,0,0.2997889895206032,nsigma,2,0.5,0.8,0.05,0,1,1,21,230.83979997318238,10-192-15-196-9100|orders|payment|rabbitmq|catalogue,10-192-15-196-9100_node-disk-writes-completed-total,0.6952857142857143,26,35,0.6571428571428571,0.7334285714285714,23,26,23,0.6965448113207547,baseline-v2-20260723,cd270e7871bd358937d83d9a49829637fa80007d2964084ef229f578e3733bd3,ba75425861a059dafcc477474fc3e4ed1eafdc2b47d6fdd0557337035d29a960,c04d3487bb6b47e7648184373ca01607429ccef3a53dff050abe81c05ca1e9b1,3398715,1702389634000000000,300
SS/orders_disk/2,SS,orders,disk,2,300,300,stream,0.3,1,0.2997889895206032,baro,2,0.5,0.8,0.05,0,1,1,21,307.82069999258965,session-db|orders|front-end|rabbitmq|10-192-15-196-9100,session-db_container-fs-writes-bytes-total,0.7524285714285714,28,35,0.7142857142857143,0.7905714285714286,25,28,25,0.6965448113207547,baseline-v2-20260723,cd270e7871bd358937d83d9a49829637fa80007d2964084ef229f578e3733bd3,ba75425861a059dafcc477474fc3e4ed1eafdc2b47d6fdd0557337035d29a960,c04d3487bb6b47e7648184373ca01607429ccef3a53dff050abe81c05ca1e9b1,3398715,1702389634000000000,300
SS/orders_disk/2,SS,orders,disk,2,300,300,stream,0.3,1,0.2997889895206032,median_shift,1,1.0,1.0,0.0,1,1,1,21,94.56659998977557,orders|10-192-15-196-9100|front-end|payment|rabbitmq,orders_container-memory-cache,0.7524285714285714,28,35,0.7142857142857143,0.7905714285714286,25,28,25,0.6965448113207547,baseline-v2-20260723,cd270e7871bd358937d83d9a49829637fa80007d2964084ef229f578e3733bd3,ba75425861a059dafcc477474fc3e4ed1eafdc2b47d6fdd0557337035d29a960,c04d3487bb6b47e7648184373ca01607429ccef3a53dff050abe81c05ca1e9b1,3398715,1702389634000000000,300
SS/orders_disk/2,SS,orders,disk,2,300,300,stream,0.3,1,0.2997889895206032,nsigma,1,1.0,1.0,0.0,1,1,1,21,241.36629997519776,orders|rabbitmq|10-192-15-196-9100|payment|catalogue,orders_container-cpu-system-seconds-total,0.7524285714285714,28,35,0.7142857142857143,0.7905714285714286,25,28,25,0.6965448113207547,baseline-v2-20260723,cd270e7871bd358937d83d9a49829637fa80007d2964084ef229f578e3733bd3,ba75425861a059dafcc477474fc3e4ed1eafdc2b47d6fdd0557337035d29a960,c04d3487bb6b47e7648184373ca01607429ccef3a53dff050abe81c05ca1e9b1,3398715,1702389634000000000,300
SS/orders_disk/2,SS,orders,disk,2,300,300,stream,0.3,2,0.2997889895206032,baro,4,0.25,0.4,0.15,0,0,1,21,298.300200025551,10-192-15-196-9100|10-192-15-197-9100|session-db|orders|front-end,10-192-15-196-9100_node-disk-writes-completed-total,0.6381428571428571,24,35,0.6,0.6762857142857143,21,24,21,0.6965448113207547,baseline-v2-20260723,cd270e7871bd358937d83d9a49829637fa80007d2964084ef229f578e3733bd3,ba75425861a059dafcc477474fc3e4ed1eafdc2b47d6fdd0557337035d29a960,c04d3487bb6b47e7648184373ca01607429ccef3a53dff050abe81c05ca1e9b1,3398715,1702389634000000000,300
SS/orders_disk/2,SS,orders,disk,2,300,300,stream,0.3,2,0.2997889895206032,median_shift,2,0.5,0.8,0.05,0,1,1,21,90.87559999898076,10-192-15-196-9100|orders|front-end|payment|rabbitmq,10-192-15-196-9100_node-disk-writes-completed-total,0.6381428571428571,24,35,0.6,0.6762857142857143,21,24,21,0.6965448113207547,baseline-v2-20260723,cd270e7871bd358937d83d9a49829637fa80007d2964084ef229f578e3733bd3,ba75425861a059dafcc477474fc3e4ed1eafdc2b47d6fdd0557337035d29a960,c04d3487bb6b47e7648184373ca01607429ccef3a53dff050abe81c05ca1e9b1,3398715,1702389634000000000,300
SS/orders_disk/2,SS,orders,disk,2,300,300,stream,0.3,2,0.2997889895206032,nsigma,2,0.5,0.8,0.05,0,1,1,21,269.18170001590624,10-192-15-196-9100|orders|payment|rabbitmq|catalogue,10-192-15-196-9100_node-disk-writes-completed-total,0.6381428571428571,24,35,0.6,0.6762857142857143,21,24,21,0.6965448113207547,baseline-v2-20260723,cd270e7871bd358937d83d9a49829637fa80007d2964084ef229f578e3733bd3,ba75425861a059dafcc477474fc3e4ed1eafdc2b47d6fdd0557337035d29a960,c04d3487bb6b47e7648184373ca01607429ccef3a53dff050abe81c05ca1e9b1,3398715,1702389634000000000,300
SS/orders_disk/2,SS,orders,disk,2,300,300,stream,0.3,3,0.2997889895206032,baro,7,0.14285714285714285,0.0,0.3,0,0,0,21,262.14380003511906,10-192-15-196-9100|10-192-15-197-9100|session-db|front-end|rabbitmq,10-192-15-196-9100_node-disk-writes-completed-total,0.581,22,35,0.5428571428571428,0.6191428571428571,19,22,19,0.6965448113207547,baseline-v2-20260723,cd270e7871bd358937d83d9a49829637fa80007d2964084ef229f578e3733bd3,ba75425861a059dafcc477474fc3e4ed1eafdc2b47d6fdd0557337035d29a960,c04d3487bb6b47e7648184373ca01607429ccef3a53dff050abe81c05ca1e9b1,3398715,1702389634000000000,300
SS/orders_disk/2,SS,orders,disk,2,300,300,stream,0.3,3,0.2997889895206032,median_shift,4,0.25,0.4,0.15,0,0,1,21,84.1808000113815,10-192-15-196-9100|front-end|payment|orders|rabbitmq,10-192-15-196-9100_node-disk-writes-completed-total,0.581,22,35,0.5428571428571428,0.6191428571428571,19,22,19,0.6965448113207547,baseline-v2-20260723,cd270e7871bd358937d83d9a49829637fa80007d2964084ef229f578e3733bd3,ba75425861a059dafcc477474fc3e4ed1eafdc2b47d6fdd0557337035d29a960,c04d3487bb6b47e7648184373ca01607429ccef3a53dff050abe81c05ca1e9b1,3398715,1702389634000000000,300
SS/orders_disk/2,SS,orders,disk,2,300,300,stream,0.3,3,0.2997889895206032,nsigma,4,0.25,0.4,0.15,0,0,1,21,272.55150000564754,10-192-15-196-9100|payment|rabbitmq|orders|catalogue,10-192-15-196-9100_node-disk-writes-completed-total,0.581,22,35,0.5428571428571428,0.6191428571428571,19,22,19,0.6965448113207547,baseline-v2-20260723,cd270e7871bd358937d83d9a49829637fa80007d2964084ef229f578e3733bd3,ba75425861a059dafcc477474fc3e4ed1eafdc2b47d6fdd0557337035d29a960,c04d3487bb6b47e7648184373ca01607429ccef3a53dff050abe81c05ca1e9b1,3398715,1702389634000000000,300
SS/orders_disk/2,SS,orders,disk,2,300,300,stream,0.3,4,0.2984731376547015,baro,5,0.2,0.2,0.2,0,0,1,21,326.77159999730065,10-192-15-196-9100|session-db|front-end|payment|orders,10-192-15-196-9100_node-disk-writes-completed-total,0.6254285714285714,23,35,0.6,0.6508571428571429,21,23,21,0.6978537735849056,baseline-v2-20260723,cd270e7871bd358937d83d9a49829637fa80007d2964084ef229f578e3733bd3,ba75425861a059dafcc477474fc3e4ed1eafdc2b47d6fdd0557337035d29a960,c04d3487bb6b47e7648184373ca01607429ccef3a53dff050abe81c05ca1e9b1,3398715,1702389634000000000,300
SS/orders_disk/2,SS,orders,disk,2,300,300,stream,0.3,4,0.2984731376547015,median_shift,4,0.25,0.4,0.15,0,0,1,21,74.98850004049018,10-192-15-196-9100|front-end|payment|orders|rabbitmq,10-192-15-196-9100_node-disk-writes-completed-total,0.6254285714285714,23,35,0.6,0.6508571428571429,21,23,21,0.6978537735849056,baseline-v2-20260723,cd270e7871bd358937d83d9a49829637fa80007d2964084ef229f578e3733bd3,ba75425861a059dafcc477474fc3e4ed1eafdc2b47d6fdd0557337035d29a960,c04d3487bb6b47e7648184373ca01607429ccef3a53dff050abe81c05ca1e9b1,3398715,1702389634000000000,300
SS/orders_disk/2,SS,orders,disk,2,300,300,stream,0.3,4,0.2984731376547015,nsigma,3,0.3333333333333333,0.6,0.1,0,1,1,21,221.36060002958402,10-192-15-196-9100|payment|orders|rabbitmq|catalogue,10-192-15-196-9100_node-disk-writes-completed-total,0.6254285714285714,23,35,0.6,0.6508571428571429,21,23,21,0.6978537735849056,baseline-v2-20260723,cd270e7871bd358937d83d9a49829637fa80007d2964084ef229f578e3733bd3,ba75425861a059dafcc477474fc3e4ed1eafdc2b47d6fdd0557337035d29a960,c04d3487bb6b47e7648184373ca01607429ccef3a53dff050abe81c05ca1e9b1,3398715,1702389634000000000,300
SS/orders_disk/2,SS,orders,disk,2,300,300,stream,0.3,5,0.2997889895206032,baro,5,0.2,0.2,0.2,0,0,1,21,309.434000053443,10-192-15-196-9100|10-192-15-197-9100|rabbitmq|payment|orders,10-192-15-196-9100_node-disk-writes-completed-total,0.6952857142857143,26,35,0.6571428571428571,0.7334285714285714,23,26,23,0.6965448113207547,baseline-v2-20260723,cd270e7871bd358937d83d9a49829637fa80007d2964084ef229f578e3733bd3,ba75425861a059dafcc477474fc3e4ed1eafdc2b47d6fdd0557337035d29a960,c04d3487bb6b47e7648184373ca01607429ccef3a53dff050abe81c05ca1e9b1,3398715,1702389634000000000,300
SS/orders_disk/2,SS,orders,disk,2,300,300,stream,0.3,5,0.2997889895206032,median_shift,1,1.0,1.0,0.0,1,1,1,21,72.84320000326261,orders|10-192-15-196-9100|payment|rabbitmq|10-192-15-195-9100,orders_container-memory-cache,0.6952857142857143,26,35,0.6571428571428571,0.7334285714285714,23,26,23,0.6965448113207547,baseline-v2-20260723,cd270e7871bd358937d83d9a49829637fa80007d2964084ef229f578e3733bd3,ba75425861a059dafcc477474fc3e4ed1eafdc2b47d6fdd0557337035d29a960,c04d3487bb6b47e7648184373ca01607429ccef3a53dff050abe81c05ca1e9b1,3398715,1702389634000000000,300
SS/orders_disk/2,SS,orders,disk,2,300,300,stream,0.3,5,0.2997889895206032,nsigma,4,0.25,0.4,0.15,0,0,1,21,230.37499998463318,10-192-15-196-9100|payment|rabbitmq|orders|catalogue,10-192-15-196-9100_node-disk-writes-completed-total,0.6952857142857143,26,35,0.6571428571428571,0.7334285714285714,23,26,23,0.6965448113207547,baseline-v2-20260723,cd270e7871bd358937d83d9a49829637fa80007d2964084ef229f578e3733bd3,ba75425861a059dafcc477474fc3e4ed1eafdc2b47d6fdd0557337035d29a960,c04d3487bb6b47e7648184373ca01607429ccef3a53dff050abe81c05ca1e9b1,3398715,1702389634000000000,300
SS/orders_disk/2,SS,orders,disk,2,300,300,stream,0.3,6,0.2997889895206032,baro,4,0.25,0.4,0.15,0,0,1,21,425.66120001720265,10-192-15-196-9100|10-192-15-197-9100|session-db|orders|front-end,10-192-15-196-9100_node-disk-writes-completed-total,0.581,22,35,0.5428571428571428,0.6191428571428571,19,22,19,0.6965448113207547,baseline-v2-20260723,cd270e7871bd358937d83d9a49829637fa80007d2964084ef229f578e3733bd3,ba75425861a059dafcc477474fc3e4ed1eafdc2b47d6fdd0557337035d29a960,c04d3487bb6b47e7648184373ca01607429ccef3a53dff050abe81c05ca1e9b1,3398715,1702389634000000000,300
SS/orders_disk/2,SS,orders,disk,2,300,300,stream,0.3,6,0.2997889895206032,median_shift,2,0.5,0.8,0.05,0,1,1,21,109.46469998452812,10-192-15-196-9100|orders|front-end|payment|rabbitmq,10-192-15-196-9100_node-disk-writes-completed-total,0.581,22,35,0.5428571428571428,0.6191428571428571,19,22,19,0.6965448113207547,baseline-v2-20260723,cd270e7871bd358937d83d9a49829637fa80007d2964084ef229f578e3733bd3,ba75425861a059dafcc477474fc3e4ed1eafdc2b47d6fdd0557337035d29a960,c04d3487bb6b47e7648184373ca01607429ccef3a53dff050abe81c05ca1e9b1,3398715,1702389634000000000,300
SS/orders_disk/2,SS,orders,disk,2,300,300,stream,0.3,6,0.2997889895206032,nsigma,2,0.5,0.8,0.05,0,1,1,21,294.57049997290596,10-192-15-196-9100|orders|payment|rabbitmq|10-192-15-195-9100,10-192-15-196-9100_node-disk-writes-completed-total,0.581,22,35,0.5428571428571428,0.6191428571428571,19,22,19,0.6965448113207547,baseline-v2-20260723,cd270e7871bd358937d83d9a49829637fa80007d2964084ef229f578e3733bd3,ba75425861a059dafcc477474fc3e4ed1eafdc2b47d6fdd0557337035d29a960,c04d3487bb6b47e7648184373ca01607429ccef3a53dff050abe81c05ca1e9b1,3398715,1702389634000000000,300
SS/orders_disk/2,SS,orders,disk,2,300,300,stream,0.3,7,0.2997889895206032,baro,6,0.16666666666666666,0.0,0.25,0,0,0,21,253.70400003157556,10-192-15-196-9100|10-192-15-197-9100|session-db|rabbitmq|payment,10-192-15-196-9100_node-disk-writes-completed-total,0.781,29,35,0.7428571428571429,0.8191428571428572,26,29,26,0.6965448113207547,baseline-v2-20260723,cd270e7871bd358937d83d9a49829637fa80007d2964084ef229f578e3733bd3,ba75425861a059dafcc477474fc3e4ed1eafdc2b47d6fdd0557337035d29a960,c04d3487bb6b47e7648184373ca01607429ccef3a53dff050abe81c05ca1e9b1,3398715,1702389634000000000,300
SS/orders_disk/2,SS,orders,disk,2,300,300,stream,0.3,7,0.2997889895206032,median_shift,1,1.0,1.0,0.0,1,1,1,21,99.42710003815591,orders|10-192-15-196-9100|payment|rabbitmq|10-192-15-197-9100,orders_container-memory-cache,0.781,29,35,0.7428571428571429,0.8191428571428572,26,29,26,0.6965448113207547,baseline-v2-20260723,cd270e7871bd358937d83d9a49829637fa80007d2964084ef229f578e3733bd3,ba75425861a059dafcc477474fc3e4ed1eafdc2b47d6fdd0557337035d29a960,c04d3487bb6b47e7648184373ca01607429ccef3a53dff050abe81c05ca1e9b1,3398715,1702389634000000000,300
SS/orders_disk/2,SS,orders,disk,2,300,300,stream,0.3,7,0.2997889895206032,nsigma,4,0.25,0.4,0.15,0,0,1,21,244.13970002206042,10-192-15-196-9100|payment|rabbitmq|orders|catalogue,10-192-15-196-9100_node-disk-writes-completed-total,0.781,29,35,0.7428571428571429,0.8191428571428572,26,29,26,0.6965448113207547,baseline-v2-20260723,cd270e7871bd358937d83d9a49829637fa80007d2964084ef229f578e3733bd3,ba75425861a059dafcc477474fc3e4ed1eafdc2b47d6fdd0557337035d29a960,c04d3487bb6b47e7648184373ca01607429ccef3a53dff050abe81c05ca1e9b1,3398715,1702389634000000000,300
SS/orders_disk/2,SS,orders,disk,2,300,300,stream,0.3,8,0.2997889895206032,baro,3,0.3333333333333333,0.6,0.1,0,1,1,21,248.26939997728914,10-192-15-196-9100|10-192-15-197-9100|orders|rabbitmq|payment,10-192-15-196-9100_node-disk-writes-completed-total,0.6952857142857143,26,35,0.6571428571428571,0.7334285714285714,23,26,23,0.6965448113207547,baseline-v2-20260723,cd270e7871bd358937d83d9a49829637fa80007d2964084ef229f578e3733bd3,ba75425861a059dafcc477474fc3e4ed1eafdc2b47d6fdd0557337035d29a960,c04d3487bb6b47e7648184373ca01607429ccef3a53dff050abe81c05ca1e9b1,3398715,1702389634000000000,300
SS/orders_disk/2,SS,orders,disk,2,300,300,stream,0.3,8,0.2997889895206032,median_shift,1,1.0,1.0,0.0,1,1,1,21,68.31880001118407,orders|10-192-15-196-9100|payment|rabbitmq|10-192-15-197-9100,orders_container-memory-cache,0.6952857142857143,26,35,0.6571428571428571,0.7334285714285714,23,26,23,0.6965448113207547,baseline-v2-20260723,cd270e7871bd358937d83d9a49829637fa80007d2964084ef229f578e3733bd3,ba75425861a059dafcc477474fc3e4ed1eafdc2b47d6fdd0557337035d29a960,c04d3487bb6b47e7648184373ca01607429ccef3a53dff050abe81c05ca1e9b1,3398715,1702389634000000000,300
SS/orders_disk/2,SS,orders,disk,2,300,300,stream,0.3,8,0.2997889895206032,nsigma,2,0.5,0.8,0.05,0,1,1,21,261.939300049562,10-192-15-196-9100|orders|payment|rabbitmq|catalogue,10-192-15-196-9100_node-disk-writes-completed-total,0.6952857142857143,26,35,0.6571428571428571,0.7334285714285714,23,26,23,0.6965448113207547,baseline-v2-20260723,cd270e7871bd358937d83d9a49829637fa80007d2964084ef229f578e3733bd3,ba75425861a059dafcc477474fc3e4ed1eafdc2b47d6fdd0557337035d29a960,c04d3487bb6b47e7648184373ca01607429ccef3a53dff050abe81c05ca1e9b1,3398715,1702389634000000000,300
SS/orders_disk/2,SS,orders,disk,2,300,300,stream,0.3,9,0.2984731376547015,baro,3,0.3333333333333333,0.6,0.1,0,1,1,21,272.72510004695505,10-192-15-196-9100|session-db|orders|front-end|rabbitmq,10-192-15-196-9100_node-disk-writes-completed-total,0.7397142857142858,27,35,0.7142857142857143,0.7651428571428571,25,27,25,0.6978537735849056,baseline-v2-20260723,cd270e7871bd358937d83d9a49829637fa80007d2964084ef229f578e3733bd3,ba75425861a059dafcc477474fc3e4ed1eafdc2b47d6fdd0557337035d29a960,c04d3487bb6b47e7648184373ca01607429ccef3a53dff050abe81c05ca1e9b1,3398715,1702389634000000000,300
SS/orders_disk/2,SS,orders,disk,2,300,300,stream,0.3,9,0.2984731376547015,median_shift,1,1.0,1.0,0.0,1,1,1,21,90.6113000237383,orders|10-192-15-196-9100|front-end|payment|rabbitmq,orders_container-memory-cache,0.7397142857142858,27,35,0.7142857142857143,0.7651428571428571,25,27,25,0.6978537735849056,baseline-v2-20260723,cd270e7871bd358937d83d9a49829637fa80007d2964084ef229f578e3733bd3,ba75425861a059dafcc477474fc3e4ed1eafdc2b47d6fdd0557337035d29a960,c04d3487bb6b47e7648184373ca01607429ccef3a53dff050abe81c05ca1e9b1,3398715,1702389634000000000,300
SS/orders_disk/2,SS,orders,disk,2,300,300,stream,0.3,9,0.2984731376547015,nsigma,2,0.5,0.8,0.05,0,1,1,21,281.72000002814457,10-192-15-196-9100|orders|rabbitmq|payment|catalogue,10-192-15-196-9100_node-disk-writes-completed-total,0.7397142857142858,27,35,0.7142857142857143,0.7651428571428571,25,27,25,0.6978537735849056,baseline-v2-20260723,cd270e7871bd358937d83d9a49829637fa80007d2964084ef229f578e3733bd3,ba75425861a059dafcc477474fc3e4ed1eafdc2b47d6fdd0557337035d29a960,c04d3487bb6b47e7648184373ca01607429ccef3a53dff050abe81c05ca1e9b1,3398715,1702389634000000000,300
SS/orders_disk/2,SS,orders,disk,2,300,300,stream,0.5,0,0.5,baro,3,0.3333333333333333,0.6,0.1,0,1,1,21,242.10259999381378,10-192-15-197-9100|session-db|orders|payment|10-192-15-196-9100,10-192-15-197-9100_node-disk-read-bytes-total,0.36828571428571427,14,35,0.34285714285714286,0.39371428571428574,12,14,12,0.4973820754716981,baseline-v2-20260723,cd270e7871bd358937d83d9a49829637fa80007d2964084ef229f578e3733bd3,ba75425861a059dafcc477474fc3e4ed1eafdc2b47d6fdd0557337035d29a960,c04d3487bb6b47e7648184373ca01607429ccef3a53dff050abe81c05ca1e9b1,3398715,1702389634000000000,300
SS/orders_disk/2,SS,orders,disk,2,300,300,stream,0.5,0,0.5,median_shift,1,1.0,1.0,0.0,1,1,1,21,55.61029998352751,orders|10-192-15-196-9100|payment|rabbitmq|10-192-15-197-9100,orders_container-cpu-system-seconds-total,0.36828571428571427,14,35,0.34285714285714286,0.39371428571428574,12,14,12,0.4973820754716981,baseline-v2-20260723,cd270e7871bd358937d83d9a49829637fa80007d2964084ef229f578e3733bd3,ba75425861a059dafcc477474fc3e4ed1eafdc2b47d6fdd0557337035d29a960,c04d3487bb6b47e7648184373ca01607429ccef3a53dff050abe81c05ca1e9b1,3398715,1702389634000000000,300
SS/orders_disk/2,SS,orders,disk,2,300,300,stream,0.5,0,0.5,nsigma,1,1.0,1.0,0.0,1,1,1,21,215.73050000006333,orders|payment|10-192-15-196-9100|rabbitmq|catalogue,orders_container-cpu-system-seconds-total,0.36828571428571427,14,35,0.34285714285714286,0.39371428571428574,12,14,12,0.4973820754716981,baseline-v2-20260723,cd270e7871bd358937d83d9a49829637fa80007d2964084ef229f578e3733bd3,ba75425861a059dafcc477474fc3e4ed1eafdc2b47d6fdd0557337035d29a960,c04d3487bb6b47e7648184373ca01607429ccef3a53dff050abe81c05ca1e9b1,3398715,1702389634000000000,300
SS/orders_disk/2,SS,orders,disk,2,300,300,stream,0.5,1,0.49868414813409834,baro,4,0.25,0.4,0.15,0,0,1,21,245.66309998044744,session-db|rabbitmq|payment|orders|carts,session-db_container-fs-writes-bytes-total,0.46985714285714286,17,35,0.45714285714285713,0.4825714285714286,16,17,16,0.49869103773584905,baseline-v2-20260723,cd270e7871bd358937d83d9a49829637fa80007d2964084ef229f578e3733bd3,ba75425861a059dafcc477474fc3e4ed1eafdc2b47d6fdd0557337035d29a960,c04d3487bb6b47e7648184373ca01607429ccef3a53dff050abe81c05ca1e9b1,3398715,1702389634000000000,300
SS/orders_disk/2,SS,orders,disk,2,300,300,stream,0.5,1,0.49868414813409834,median_shift,1,1.0,1.0,0.0,1,1,1,21,59.90970000857487,orders|payment|rabbitmq|10-192-15-195-9100|user-db,orders_container-memory-cache,0.46985714285714286,17,35,0.45714285714285713,0.4825714285714286,16,17,16,0.49869103773584905,baseline-v2-20260723,cd270e7871bd358937d83d9a49829637fa80007d2964084ef229f578e3733bd3,ba75425861a059dafcc477474fc3e4ed1eafdc2b47d6fdd0557337035d29a960,c04d3487bb6b47e7648184373ca01607429ccef3a53dff050abe81c05ca1e9b1,3398715,1702389634000000000,300
SS/orders_disk/2,SS,orders,disk,2,300,300,stream,0.5,1,0.49868414813409834,nsigma,4,0.25,0.4,0.15,0,0,1,21,203.3909999881871,payment|rabbitmq|10-192-15-195-9100|orders|user-db,payment_istio-latency-99,0.46985714285714286,17,35,0.45714285714285713,0.4825714285714286,16,17,16,0.49869103773584905,baseline-v2-20260723,cd270e7871bd358937d83d9a49829637fa80007d2964084ef229f578e3733bd3,ba75425861a059dafcc477474fc3e4ed1eafdc2b47d6fdd0557337035d29a960,c04d3487bb6b47e7648184373ca01607429ccef3a53dff050abe81c05ca1e9b1,3398715,1702389634000000000,300
SS/orders_disk/2,SS,orders,disk,2,300,300,stream,0.5,2,0.5026317037318033,baro,6,0.16666666666666666,0.0,0.25,0,0,0,21,248.29640000825748,10-192-15-196-9100|10-192-15-197-9100|session-db|rabbitmq|payment,10-192-15-196-9100_node-disk-writes-completed-total,0.5651428571428572,22,35,0.5142857142857142,0.616,18,22,18,0.4947641509433962,baseline-v2-20260723,cd270e7871bd358937d83d9a49829637fa80007d2964084ef229f578e3733bd3,ba75425861a059dafcc477474fc3e4ed1eafdc2b47d6fdd0557337035d29a960,c04d3487bb6b47e7648184373ca01607429ccef3a53dff050abe81c05ca1e9b1,3398715,1702389634000000000,300
SS/orders_disk/2,SS,orders,disk,2,300,300,stream,0.5,2,0.5026317037318033,median_shift,1,1.0,1.0,0.0,1,1,1,21,90.2559999958612,orders|10-192-15-196-9100|payment|rabbitmq|10-192-15-197-9100,orders_container-memory-cache,0.5651428571428572,22,35,0.5142857142857142,0.616,18,22,18,0.4947641509433962,baseline-v2-20260723,cd270e7871bd358937d83d9a49829637fa80007d2964084ef229f578e3733bd3,ba75425861a059dafcc477474fc3e4ed1eafdc2b47d6fdd0557337035d29a960,c04d3487bb6b47e7648184373ca01607429ccef3a53dff050abe81c05ca1e9b1,3398715,1702389634000000000,300
SS/orders_disk/2,SS,orders,disk,2,300,300,stream,0.5,2,0.5026317037318033,nsigma,4,0.25,0.4,0.15,0,0,1,21,174.56590000074357,10-192-15-196-9100|payment|rabbitmq|orders|10-192-15-195-9100,10-192-15-196-9100_node-disk-writes-completed-total,0.5651428571428572,22,35,0.5142857142857142,0.616,18,22,18,0.4947641509433962,baseline-v2-20260723,cd270e7871bd358937d83d9a49829637fa80007d2964084ef229f578e3733bd3,ba75425861a059dafcc477474fc3e4ed1eafdc2b47d6fdd0557337035d29a960,c04d3487bb6b47e7648184373ca01607429ccef3a53dff050abe81c05ca1e9b1,3398715,1702389634000000000,300
SS/orders_disk/2,SS,orders,disk,2,300,300,stream,0.5,3,0.5013158518659017,baro,4,0.25,0.4,0.15,0,0,1,21,280.7010000105947,10-192-15-197-9100|session-db|payment|orders|rabbitmq,10-192-15-197-9100_node-disk-read-bytes-total,0.43814285714285717,17,35,0.4,0.4762857142857143,14,17,14,0.49607311320754716,baseline-v2-20260723,cd270e7871bd358937d83d9a49829637fa80007d2964084ef229f578e3733bd3,ba75425861a059dafcc477474fc3e4ed1eafdc2b47d6fdd0557337035d29a960,c04d3487bb6b47e7648184373ca01607429ccef3a53dff050abe81c05ca1e9b1,3398715,1702389634000000000,300
SS/orders_disk/2,SS,orders,disk,2,300,300,stream,0.5,3,0.5013158518659017,median_shift,1,1.0,1.0,0.0,1,1,1,21,66.15819997387007,orders|payment|rabbitmq|10-192-15-195-9100|front-end,orders_container-memory-mapped-file,0.43814285714285717,17,35,0.4,0.4762857142857143,14,17,14,0.49607311320754716,baseline-v2-20260723,cd270e7871bd358937d83d9a49829637fa80007d2964084ef229f578e3733bd3,ba75425861a059dafcc477474fc3e4ed1eafdc2b47d6fdd0557337035d29a960,c04d3487bb6b47e7648184373ca01607429ccef3a53dff050abe81c05ca1e9b1,3398715,1702389634000000000,300
SS/orders_disk/2,SS,orders,disk,2,300,300,stream,0.5,3,0.5013158518659017,nsigma,3,0.3333333333333333,0.6,0.1,0,1,1,21,231.62919998867437,payment|rabbitmq|orders|catalogue|10-192-15-195-9100,payment_istio-latency-99,0.43814285714285717,17,35,0.4,0.4762857142857143,14,17,14,0.49607311320754716,baseline-v2-20260723,cd270e7871bd358937d83d9a49829637fa80007d2964084ef229f578e3733bd3,ba75425861a059dafcc477474fc3e4ed1eafdc2b47d6fdd0557337035d29a960,c04d3487bb6b47e7648184373ca01607429ccef3a53dff050abe81c05ca1e9b1,3398715,1702389634000000000,300
SS/orders_disk/2,SS,orders,disk,2,300,300,stream,0.5,4,0.5,baro,6,0.16666666666666666,0.0,0.25,0,0,0,21,244.44239999866113,session-db|front-end|rabbitmq|payment|10-192-15-196-9100,session-db_container-fs-writes-bytes-total,0.42542857142857143,16,35,0.4,0.45085714285714285,14,16,14,0.4973820754716981,baseline-v2-20260723,cd270e7871bd358937d83d9a49829637fa80007d2964084ef229f578e3733bd3,ba75425861a059dafcc477474fc3e4ed1eafdc2b47d6fdd0557337035d29a960,c04d3487bb6b47e7648184373ca01607429ccef3a53dff050abe81c05ca1e9b1,3398715,1702389634000000000,300
SS/orders_disk/2,SS,orders,disk,2,300,300,stream,0.5,4,0.5,median_shift,1,1.0,1.0,0.0,1,1,1,21,86.29449998261407,orders|10-192-15-196-9100|front-end|payment|rabbitmq,orders_container-memory-cache,0.42542857142857143,16,35,0.4,0.45085714285714285,14,16,14,0.4973820754716981,baseline-v2-20260723,cd270e7871bd358937d83d9a49829637fa80007d2964084ef229f578e3733bd3,ba75425861a059dafcc477474fc3e4ed1eafdc2b47d6fdd0557337035d29a960,c04d3487bb6b47e7648184373ca01607429ccef3a53dff050abe81c05ca1e9b1,3398715,1702389634000000000,300
SS/orders_disk/2,SS,orders,disk,2,300,300,stream,0.5,4,0.5,nsigma,5,0.2,0.2,0.2,0,0,1,21,190.7935999915935,payment|rabbitmq|10-192-15-196-9100|catalogue|orders,payment_istio-latency-99,0.42542857142857143,16,35,0.4,0.45085714285714285,14,16,14,0.4973820754716981,baseline-v2-20260723,cd270e7871bd358937d83d9a49829637fa80007d2964084ef229f578e3733bd3,ba75425861a059dafcc477474fc3e4ed1eafdc2b47d6fdd0557337035d29a960,c04d3487bb6b47e7648184373ca01607429ccef3a53dff050abe81c05ca1e9b1,3398715,1702389634000000000,300
SS/orders_disk/2,SS,orders,disk,2,300,300,stream,0.5,5,0.5013158518659017,baro,2,0.5,0.8,0.05,0,1,1,21,244.69259998295456,10-192-15-197-9100|orders|session-db|front-end|payment,10-192-15-197-9100_node-disk-read-bytes-total,0.43814285714285717,17,35,0.4,0.4762857142857143,14,17,14,0.49607311320754716,baseline-v2-20260723,cd270e7871bd358937d83d9a49829637fa80007d2964084ef229f578e3733bd3,ba75425861a059dafcc477474fc3e4ed1eafdc2b47d6fdd0557337035d29a960,c04d3487bb6b47e7648184373ca01607429ccef3a53dff050abe81c05ca1e9b1,3398715,1702389634000000000,300
SS/orders_disk/2,SS,orders,disk,2,300,300,stream,0.5,5,0.5013158518659017,median_shift,1,1.0,1.0,0.0,1,1,1,21,81.95600000908598,orders|front-end|payment|rabbitmq|10-192-15-195-9100,orders_container-memory-cache,0.43814285714285717,17,35,0.4,0.4762857142857143,14,17,14,0.49607311320754716,baseline-v2-20260723,cd270e7871bd358937d83d9a49829637fa80007d2964084ef229f578e3733bd3,ba75425861a059dafcc477474fc3e4ed1eafdc2b47d6fdd0557337035d29a960,c04d3487bb6b47e7648184373ca01607429ccef3a53dff050abe81c05ca1e9b1,3398715,1702389634000000000,300
SS/orders_disk/2,SS,orders,disk,2,300,300,stream,0.5,5,0.5013158518659017,nsigma,1,1.0,1.0,0.0,1,1,1,21,230.88950000237674,orders|payment|rabbitmq|catalogue|10-192-15-195-9100,orders_container-cpu-system-seconds-total,0.43814285714285717,17,35,0.4,0.4762857142857143,14,17,14,0.49607311320754716,baseline-v2-20260723,cd270e7871bd358937d83d9a49829637fa80007d2964084ef229f578e3733bd3,ba75425861a059dafcc477474fc3e4ed1eafdc2b47d6fdd0557337035d29a960,c04d3487bb6b47e7648184373ca01607429ccef3a53dff050abe81c05ca1e9b1,3398715,1702389634000000000,300
SS/orders_disk/2,SS,orders,disk,2,300,300,stream,0.5,6,0.5,baro,4,0.25,0.4,0.15,0,0,1,21,214.2930999980308,session-db|front-end|payment|orders|carts,session-db_container-fs-reads-bytes-total,0.5682857142857143,21,35,0.5428571428571428,0.5937142857142857,19,21,19,0.4973820754716981,baseline-v2-20260723,cd270e7871bd358937d83d9a49829637fa80007d2964084ef229f578e3733bd3,ba75425861a059dafcc477474fc3e4ed1eafdc2b47d6fdd0557337035d29a960,c04d3487bb6b47e7648184373ca01607429ccef3a53dff050abe81c05ca1e9b1,3398715,1702389634000000000,300
SS/orders_disk/2,SS,orders,disk,2,300,300,stream,0.5,6,0.5,median_shift,3,0.3333333333333333,0.6,0.1,0,1,1,21,58.15789999905974,front-end|payment|orders|rabbitmq|10-192-15-197-9100,front-end_istio-latency-99,0.5682857142857143,21,35,0.5428571428571428,0.5937142857142857,19,21,19,0.4973820754716981,baseline-v2-20260723,cd270e7871bd358937d83d9a49829637fa80007d2964084ef229f578e3733bd3,ba75425861a059dafcc477474fc3e4ed1eafdc2b47d6fdd0557337035d29a960,c04d3487bb6b47e7648184373ca01607429ccef3a53dff050abe81c05ca1e9b1,3398715,1702389634000000000,300
SS/orders_disk/2,SS,orders,disk,2,300,300,stream,0.5,6,0.5,nsigma,2,0.5,0.8,0.05,0,1,1,21,219.70999997574836,payment|orders|rabbitmq|catalogue|10-192-15-195-9100,payment_container-memory-failures-total,0.5682857142857143,21,35,0.5428571428571428,0.5937142857142857,19,21,19,0.4973820754716981,baseline-v2-20260723,cd270e7871bd358937d83d9a49829637fa80007d2964084ef229f578e3733bd3,ba75425861a059dafcc477474fc3e4ed1eafdc2b47d6fdd0557337035d29a960,c04d3487bb6b47e7648184373ca01607429ccef3a53dff050abe81c05ca1e9b1,3398715,1702389634000000000,300
SS/orders_disk/2,SS,orders,disk,2,300,300,stream,0.5,7,0.49868414813409834,baro,5,0.2,0.2,0.2,0,0,1,21,275.7532999967225,10-192-15-196-9100|session-db|rabbitmq|payment|orders,10-192-15-196-9100_node-disk-writes-completed-total,0.4412857142857143,16,35,0.42857142857142855,0.454,15,16,15,0.49869103773584905,baseline-v2-20260723,cd270e7871bd358937d83d9a49829637fa80007d2964084ef229f578e3733bd3,ba75425861a059dafcc477474fc3e4ed1eafdc2b47d6fdd0557337035d29a960,c04d3487bb6b47e7648184373ca01607429ccef3a53dff050abe81c05ca1e9b1,3398715,1702389634000000000,300
SS/orders_disk/2,SS,orders,disk,2,300,300,stream,0.5,7,0.49868414813409834,median_shift,1,1.0,1.0,0.0,1,1,1,21,50.54020002717152,orders|10-192-15-196-9100|payment|rabbitmq|10-192-15-197-9100,orders_container-memory-cache,0.4412857142857143,16,35,0.42857142857142855,0.454,15,16,15,0.49869103773584905,baseline-v2-20260723,cd270e7871bd358937d83d9a49829637fa80007d2964084ef229f578e3733bd3,ba75425861a059dafcc477474fc3e4ed1eafdc2b47d6fdd0557337035d29a960,c04d3487bb6b47e7648184373ca01607429ccef3a53dff050abe81c05ca1e9b1,3398715,1702389634000000000,300
SS/orders_disk/2,SS,orders,disk,2,300,300,stream,0.5,7,0.49868414813409834,nsigma,4,0.25,0.4,0.15,0,0,1,21,235.23279995424673,10-192-15-196-9100|payment|rabbitmq|orders|catalogue,10-192-15-196-9100_node-disk-writes-completed-total,0.4412857142857143,16,35,0.42857142857142855,0.454,15,16,15,0.49869103773584905,baseline-v2-20260723,cd270e7871bd358937d83d9a49829637fa80007d2964084ef229f578e3733bd3,ba75425861a059dafcc477474fc3e4ed1eafdc2b47d6fdd0557337035d29a960,c04d3487bb6b47e7648184373ca01607429ccef3a53dff050abe81c05ca1e9b1,3398715,1702389634000000000,300
SS/orders_disk/2,SS,orders,disk,2,300,300,stream,0.5,8,0.49868414813409834,baro,4,0.25,0.4,0.15,0,0,1,21,234.493600029964,10-192-15-196-9100|session-db|payment|orders|rabbitmq,10-192-15-196-9100_node-disk-writes-completed-total,0.46985714285714286,17,35,0.45714285714285713,0.4825714285714286,16,17,16,0.49869103773584905,baseline-v2-20260723,cd270e7871bd358937d83d9a49829637fa80007d2964084ef229f578e3733bd3,ba75425861a059dafcc477474fc3e4ed1eafdc2b47d6fdd0557337035d29a960,c04d3487bb6b47e7648184373ca01607429ccef3a53dff050abe81c05ca1e9b1,3398715,1702389634000000000,300
SS/orders_disk/2,SS,orders,disk,2,300,300,stream,0.5,8,0.49868414813409834,median_shift,3,0.3333333333333333,0.6,0.1,0,1,1,21,58.87989996699616,10-192-15-196-9100|payment|orders|rabbitmq|10-192-15-197-9100,10-192-15-196-9100_node-disk-writes-completed-total,0.46985714285714286,17,35,0.45714285714285713,0.4825714285714286,16,17,16,0.49869103773584905,baseline-v2-20260723,cd270e7871bd358937d83d9a49829637fa80007d2964084ef229f578e3733bd3,ba75425861a059dafcc477474fc3e4ed1eafdc2b47d6fdd0557337035d29a960,c04d3487bb6b47e7648184373ca01607429ccef3a53dff050abe81c05ca1e9b1,3398715,1702389634000000000,300
SS/orders_disk/2,SS,orders,disk,2,300,300,stream,0.5,8,0.49868414813409834,nsigma,4,0.25,0.4,0.15,0,0,1,21,264.4591000280343,10-192-15-196-9100|payment|rabbitmq|orders|10-192-15-195-9100,10-192-15-196-9100_node-disk-writes-completed-total,0.46985714285714286,17,35,0.45714285714285713,0.4825714285714286,16,17,16,0.49869103773584905,baseline-v2-20260723,cd270e7871bd358937d83d9a49829637fa80007d2964084ef229f578e3733bd3,ba75425861a059dafcc477474fc3e4ed1eafdc2b47d6fdd0557337035d29a960,c04d3487bb6b47e7648184373ca01607429ccef3a53dff050abe81c05ca1e9b1,3398715,1702389634000000000,300
SS/orders_disk/2,SS,orders,disk,2,300,300,stream,0.5,9,0.4973682962681967,baro,5,0.2,0.2,0.2,0,0,1,21,241.71709996880963,session-db|front-end|10-192-15-196-9100|payment|orders,session-db_container-fs-writes-bytes-total,0.37142857142857144,13,35,0.37142857142857144,0.37142857142857144,13,13,13,0.5,baseline-v2-20260723,cd270e7871bd358937d83d9a49829637fa80007d2964084ef229f578e3733bd3,ba75425861a059dafcc477474fc3e4ed1eafdc2b47d6fdd0557337035d29a960,c04d3487bb6b47e7648184373ca01607429ccef3a53dff050abe81c05ca1e9b1,3398715,1702389634000000000,300
SS/orders_disk/2,SS,orders,disk,2,300,300,stream,0.5,9,0.4973682962681967,median_shift,4,0.25,0.4,0.15,0,0,1,21,71.05859997682273,10-192-15-196-9100|front-end|payment|orders|rabbitmq,10-192-15-196-9100_node-disk-written-bytes-total,0.37142857142857144,13,35,0.37142857142857144,0.37142857142857144,13,13,13,0.5,baseline-v2-20260723,cd270e7871bd358937d83d9a49829637fa80007d2964084ef229f578e3733bd3,ba75425861a059dafcc477474fc3e4ed1eafdc2b47d6fdd0557337035d29a960,c04d3487bb6b47e7648184373ca01607429ccef3a53dff050abe81c05ca1e9b1,3398715,1702389634000000000,300
SS/orders_disk/2,SS,orders,disk,2,300,300,stream,0.5,9,0.4973682962681967,nsigma,3,0.3333333333333333,0.6,0.1,0,1,1,21,196.60000002477318,10-192-15-196-9100|payment|orders|rabbitmq|catalogue,10-192-15-196-9100_node-disk-written-bytes-total,0.37142857142857144,13,35,0.37142857142857144,0.37142857142857144,13,13,13,0.5,baseline-v2-20260723,cd270e7871bd358937d83d9a49829637fa80007d2964084ef229f578e3733bd3,ba75425861a059dafcc477474fc3e4ed1eafdc2b47d6fdd0557337035d29a960,c04d3487bb6b47e7648184373ca01607429ccef3a53dff050abe81c05ca1e9b1,3398715,1702389634000000000,300
