case_id,system,root_service,fault,repetition,n_pre,n_post,mechanism,rate,replicate,realized_rate,method,rank,reciprocal_rank,avg_at_5,normalized_rank,hit_at_1,hit_at_3,hit_at_5,candidate_count,elapsed_ms,top_5,top_evidence_metric,root_observed_fraction,root_streams_available,root_streams_total,root_pre_observed_fraction,root_post_observed_fraction,root_streams_pre_available,root_streams_post_available,root_streams_scorable,observed_fraction,runner_version,code_hash,config_fingerprint,source_fingerprint,source_size,source_mtime_ns,window
SS/payment_mem/2,SS,payment,mem,2,300,300,burst,0.1,0,0.09988850365799642,baro,2,0.5,0.8,0.045454545454545456,0,1,1,23,379.69640002120286,192-168-33-0-9100|payment|orders-db|front-end|session-db,192-168-33-0-9100_node-memory-active-bytes,0.8866666666666667,31,31,0.87,0.9033333333333333,30,31,30,0.8990541571319604,baseline-v2-20260723,cd270e7871bd358937d83d9a49829637fa80007d2964084ef229f578e3733bd3,ba75425861a059dafcc477474fc3e4ed1eafdc2b47d6fdd0557337035d29a960,2bdbec8c6cd435e8bb904c714a8d94511341b3bf386a75a9c20e5cfc8180bd3f,3521091,1693155472000000000,300
SS/payment_mem/2,SS,payment,mem,2,300,300,burst,0.1,0,0.09988850365799642,median_shift,4,0.25,0.4,0.13636363636363635,0,0,1,23,117.30350001016632,192-168-33-0-9100|carts|orders-db|payment|session-db,192-168-33-0-9100_node-memory-active-bytes,0.8866666666666667,31,31,0.87,0.9033333333333333,30,31,30,0.8990541571319604,baseline-v2-20260723,cd270e7871bd358937d83d9a49829637fa80007d2964084ef229f578e3733bd3,ba75425861a059dafcc477474fc3e4ed1eafdc2b47d6fdd0557337035d29a960,2bdbec8c6cd435e8bb904c714a8d94511341b3bf386a75a9c20e5cfc8180bd3f,3521091,1693155472000000000,300
SS/payment_mem/2,SS,payment,mem,2,300,300,burst,0.1,0,0.09988850365799642,nsigma,1,1.0,1.0,0.0,1,1,1,23,296.84250004356727,payment|front-end|orders|shipping|queue-master,payment_istio-latency-95,0.8866666666666667,31,31,0.87,0.9033333333333333,30,31,30,0.8990541571319604,baseline-v2-20260723,cd270e7871bd358937d83d9a49829637fa80007d2964084ef229f578e3733bd3,ba75425861a059dafcc477474fc3e4ed1eafdc2b47d6fdd0557337035d29a960,2bdbec8c6cd435e8bb904c714a8d94511341b3bf386a75a9c20e5cfc8180bd3f,3521091,1693155472000000000,300
SS/payment_mem/2,SS,payment,mem,2,300,300,burst,0.1,1,0.1001176057306065,baro,2,0.5,0.8,0.045454545454545456,0,1,1,23,317.0747000258416,192-168-33-0-9100|payment|orders-db|front-end|session-db,192-168-33-0-9100_node-memory-active-bytes,0.8834408602150537,31,31,0.8801075268817204,0.886774193548387,30,31,30,0.8988253241800153,baseline-v2-20260723,cd270e7871bd358937d83d9a49829637fa80007d2964084ef229f578e3733bd3,ba75425861a059dafcc477474fc3e4ed1eafdc2b47d6fdd0557337035d29a960,2bdbec8c6cd435e8bb904c714a8d94511341b3bf386a75a9c20e5cfc8180bd3f,3521091,1693155472000000000,300
SS/payment_mem/2,SS,payment,mem,2,300,300,burst,0.1,1,0.1001176057306065,median_shift,4,0.25,0.4,0.13636363636363635,0,0,1,23,85.8936000149697,192-168-33-0-9100|carts|front-end|payment|session-db,192-168-33-0-9100_node-memory-active-bytes,0.8834408602150537,31,31,0.8801075268817204,0.886774193548387,30,31,30,0.8988253241800153,baseline-v2-20260723,cd270e7871bd358937d83d9a49829637fa80007d2964084ef229f578e3733bd3,ba75425861a059dafcc477474fc3e4ed1eafdc2b47d6fdd0557337035d29a960,2bdbec8c6cd435e8bb904c714a8d94511341b3bf386a75a9c20e5cfc8180bd3f,3521091,1693155472000000000,300
SS/payment_mem/2,SS,payment,mem,2,300,300,burst,0.1,1,0.1001176057306065,nsigma,1,1.0,1.0,0.0,1,1,1,23,317.4314000061713,payment|front-end|orders|queue-master|shipping,payment_istio-latency-95,0.8834408602150537,31,31,0.8801075268817204,0.886774193548387,30,31,30,0.8988253241800153,baseline-v2-20260723,cd270e7871bd358937d83d9a49829637fa80007d2964084ef229f578e3733bd3,ba75425861a059dafcc477474fc3e4ed1eafdc2b47d6fdd0557337035d29a960,2bdbec8c6cd435e8bb904c714a8d94511341b3bf386a75a9c20e5cfc8180bd3f,3521091,1693155472000000000,300
SS/payment_mem/2,SS,payment,mem,2,300,300,burst,0.1,2,0.1001176057306065,baro,2,0.5,0.8,0.045454545454545456,0,1,1,23,395.8526999922469,192-168-33-0-9100|payment|orders-db|front-end|session-db,192-168-33-0-9100_node-memory-active-bytes,0.8834408602150537,31,31,0.8770967741935484,0.8897849462365591,30,31,30,0.8988253241800153,baseline-v2-20260723,cd270e7871bd358937d83d9a49829637fa80007d2964084ef229f578e3733bd3,ba75425861a059dafcc477474fc3e4ed1eafdc2b47d6fdd0557337035d29a960,2bdbec8c6cd435e8bb904c714a8d94511341b3bf386a75a9c20e5cfc8180bd3f,3521091,1693155472000000000,300
SS/payment_mem/2,SS,payment,mem,2,300,300,burst,0.1,2,0.1001176057306065,median_shift,3,0.3333333333333333,0.6,0.09090909090909091,0,1,1,23,125.16870000399649,192-168-33-0-9100|carts|payment|session-db|front-end,192-168-33-0-9100_node-memory-active-bytes,0.8834408602150537,31,31,0.8770967741935484,0.8897849462365591,30,31,30,0.8988253241800153,baseline-v2-20260723,cd270e7871bd358937d83d9a49829637fa80007d2964084ef229f578e3733bd3,ba75425861a059dafcc477474fc3e4ed1eafdc2b47d6fdd0557337035d29a960,2bdbec8c6cd435e8bb904c714a8d94511341b3bf386a75a9c20e5cfc8180bd3f,3521091,1693155472000000000,300
SS/payment_mem/2,SS,payment,mem,2,300,300,burst,0.1,2,0.1001176057306065,nsigma,1,1.0,1.0,0.0,1,1,1,23,304.8515999689698,payment|front-end|orders|queue-master|shipping,payment_istio-latency-95,0.8834408602150537,31,31,0.8770967741935484,0.8897849462365591,30,31,30,0.8988253241800153,baseline-v2-20260723,cd270e7871bd358937d83d9a49829637fa80007d2964084ef229f578e3733bd3,ba75425861a059dafcc477474fc3e4ed1eafdc2b47d6fdd0557337035d29a960,2bdbec8c6cd435e8bb904c714a8d94511341b3bf386a75a9c20e5cfc8180bd3f,3521091,1693155472000000000,300
SS/payment_mem/2,SS,payment,mem,2,300,300,burst,0.1,3,0.1001176057306065,baro,2,0.5,0.8,0.045454545454545456,0,1,1,23,365.48110004514456,192-168-33-0-9100|payment|orders-db|front-end|session-db,192-168-33-0-9100_node-memory-active-bytes,0.8834408602150537,31,31,0.892258064516129,0.8746236559139785,30,31,30,0.8988253241800153,baseline-v2-20260723,cd270e7871bd358937d83d9a49829637fa80007d2964084ef229f578e3733bd3,ba75425861a059dafcc477474fc3e4ed1eafdc2b47d6fdd0557337035d29a960,2bdbec8c6cd435e8bb904c714a8d94511341b3bf386a75a9c20e5cfc8180bd3f,3521091,1693155472000000000,300
SS/payment_mem/2,SS,payment,mem,2,300,300,burst,0.1,3,0.1001176057306065,median_shift,3,0.3333333333333333,0.6,0.09090909090909091,0,1,1,23,148.03049998590723,192-168-33-0-9100|carts|payment|front-end|orders,192-168-33-0-9100_node-memory-active-bytes,0.8834408602150537,31,31,0.892258064516129,0.8746236559139785,30,31,30,0.8988253241800153,baseline-v2-20260723,cd270e7871bd358937d83d9a49829637fa80007d2964084ef229f578e3733bd3,ba75425861a059dafcc477474fc3e4ed1eafdc2b47d6fdd0557337035d29a960,2bdbec8c6cd435e8bb904c714a8d94511341b3bf386a75a9c20e5cfc8180bd3f,3521091,1693155472000000000,300
SS/payment_mem/2,SS,payment,mem,2,300,300,burst,0.1,3,0.1001176057306065,nsigma,1,1.0,1.0,0.0,1,1,1,23,300.23789999540895,payment|front-end|orders|shipping|queue-master,payment_istio-latency-99,0.8834408602150537,31,31,0.892258064516129,0.8746236559139785,30,31,30,0.8988253241800153,baseline-v2-20260723,cd270e7871bd358937d83d9a49829637fa80007d2964084ef229f578e3733bd3,ba75425861a059dafcc477474fc3e4ed1eafdc2b47d6fdd0557337035d29a960,2bdbec8c6cd435e8bb904c714a8d94511341b3bf386a75a9c20e5cfc8180bd3f,3521091,1693155472000000000,300
SS/payment_mem/2,SS,payment,mem,2,300,300,burst,0.1,4,0.1001176057306065,baro,2,0.5,0.8,0.045454545454545456,0,1,1,23,346.6253000078723,192-168-33-0-9100|payment|orders-db|front-end|session-db,192-168-33-0-9100_node-memory-active-bytes,0.8834408602150537,31,31,0.884731182795699,0.8821505376344086,30,31,30,0.8988253241800153,baseline-v2-20260723,cd270e7871bd358937d83d9a49829637fa80007d2964084ef229f578e3733bd3,ba75425861a059dafcc477474fc3e4ed1eafdc2b47d6fdd0557337035d29a960,2bdbec8c6cd435e8bb904c714a8d94511341b3bf386a75a9c20e5cfc8180bd3f,3521091,1693155472000000000,300
SS/payment_mem/2,SS,payment,mem,2,300,300,burst,0.1,4,0.1001176057306065,median_shift,3,0.3333333333333333,0.6,0.09090909090909091,0,1,1,23,95.8049000473693,192-168-33-0-9100|carts|payment|session-db|front-end,192-168-33-0-9100_node-memory-active-bytes,0.8834408602150537,31,31,0.884731182795699,0.8821505376344086,30,31,30,0.8988253241800153,baseline-v2-20260723,cd270e7871bd358937d83d9a49829637fa80007d2964084ef229f578e3733bd3,ba75425861a059dafcc477474fc3e4ed1eafdc2b47d6fdd0557337035d29a960,2bdbec8c6cd435e8bb904c714a8d94511341b3bf386a75a9c20e5cfc8180bd3f,3521091,1693155472000000000,300
SS/payment_mem/2,SS,payment,mem,2,300,300,burst,0.1,4,0.1001176057306065,nsigma,1,1.0,1.0,0.0,1,1,1,23,328.68680002866313,payment|front-end|orders|queue-master|shipping,payment_istio-latency-99,0.8834408602150537,31,31,0.884731182795699,0.8821505376344086,30,31,30,0.8988253241800153,baseline-v2-20260723,cd270e7871bd358937d83d9a49829637fa80007d2964084ef229f578e3733bd3,ba75425861a059dafcc477474fc3e4ed1eafdc2b47d6fdd0557337035d29a960,2bdbec8c6cd435e8bb904c714a8d94511341b3bf386a75a9c20e5cfc8180bd3f,3521091,1693155472000000000,300
SS/payment_mem/2,SS,payment,mem,2,300,300,burst,0.1,5,0.09988850365799642,baro,1,1.0,1.0,0.0,1,1,1,23,483.65249997004867,payment|192-168-33-0-9100|orders-db|front-end|session-db,payment_container-memory-rss,0.8866666666666667,31,31,0.8650537634408603,0.9082795698924732,30,31,30,0.8990541571319604,baseline-v2-20260723,cd270e7871bd358937d83d9a49829637fa80007d2964084ef229f578e3733bd3,ba75425861a059dafcc477474fc3e4ed1eafdc2b47d6fdd0557337035d29a960,2bdbec8c6cd435e8bb904c714a8d94511341b3bf386a75a9c20e5cfc8180bd3f,3521091,1693155472000000000,300
SS/payment_mem/2,SS,payment,mem,2,300,300,burst,0.1,5,0.09988850365799642,median_shift,4,0.25,0.4,0.13636363636363635,0,0,1,23,151.3233999721706,192-168-33-0-9100|carts|orders-db|payment|session-db,192-168-33-0-9100_node-memory-active-bytes,0.8866666666666667,31,31,0.8650537634408603,0.9082795698924732,30,31,30,0.8990541571319604,baseline-v2-20260723,cd270e7871bd358937d83d9a49829637fa80007d2964084ef229f578e3733bd3,ba75425861a059dafcc477474fc3e4ed1eafdc2b47d6fdd0557337035d29a960,2bdbec8c6cd435e8bb904c714a8d94511341b3bf386a75a9c20e5cfc8180bd3f,3521091,1693155472000000000,300
SS/payment_mem/2,SS,payment,mem,2,300,300,burst,0.1,5,0.09988850365799642,nsigma,1,1.0,1.0,0.0,1,1,1,23,299.27939997287467,payment|front-end|orders|shipping|queue-master,payment_istio-latency-99,0.8866666666666667,31,31,0.8650537634408603,0.9082795698924732,30,31,30,0.8990541571319604,baseline-v2-20260723,cd270e7871bd358937d83d9a49829637fa80007d2964084ef229f578e3733bd3,ba75425861a059dafcc477474fc3e4ed1eafdc2b47d6fdd0557337035d29a960,2bdbec8c6cd435e8bb904c714a8d94511341b3bf386a75a9c20e5cfc8180bd3f,3521091,1693155472000000000,300
SS/payment_mem/2,SS,payment,mem,2,300,300,burst,0.1,6,0.09988850365799642,baro,2,0.5,0.8,0.045454545454545456,0,1,1,23,362.06279997713864,192-168-33-0-9100|payment|orders-db|front-end|session-db,192-168-33-0-9100_node-memory-active-bytes,0.8866666666666667,31,31,0.8612903225806452,0.9120430107526881,30,31,30,0.8990541571319604,baseline-v2-20260723,cd270e7871bd358937d83d9a49829637fa80007d2964084ef229f578e3733bd3,ba75425861a059dafcc477474fc3e4ed1eafdc2b47d6fdd0557337035d29a960,2bdbec8c6cd435e8bb904c714a8d94511341b3bf386a75a9c20e5cfc8180bd3f,3521091,1693155472000000000,300
SS/payment_mem/2,SS,payment,mem,2,300,300,burst,0.1,6,0.09988850365799642,median_shift,3,0.3333333333333333,0.6,0.09090909090909091,0,1,1,23,98.0691000004299,192-168-33-0-9100|carts|payment|front-end|orders,192-168-33-0-9100_node-memory-active-bytes,0.8866666666666667,31,31,0.8612903225806452,0.9120430107526881,30,31,30,0.8990541571319604,baseline-v2-20260723,cd270e7871bd358937d83d9a49829637fa80007d2964084ef229f578e3733bd3,ba75425861a059dafcc477474fc3e4ed1eafdc2b47d6fdd0557337035d29a960,2bdbec8c6cd435e8bb904c714a8d94511341b3bf386a75a9c20e5cfc8180bd3f,3521091,1693155472000000000,300
SS/payment_mem/2,SS,payment,mem,2,300,300,burst,0.1,6,0.09988850365799642,nsigma,1,1.0,1.0,0.0,1,1,1,23,323.9577999920584,payment|front-end|orders|shipping|queue-master,payment_istio-latency-95,0.8866666666666667,31,31,0.8612903225806452,0.9120430107526881,30,31,30,0.8990541571319604,baseline-v2-20260723,cd270e7871bd358937d83d9a49829637fa80007d2964084ef229f578e3733bd3,ba75425861a059dafcc477474fc3e4ed1eafdc2b47d6fdd0557337035d29a960,2bdbec8c6cd435e8bb904c714a8d94511341b3bf386a75a9c20e5cfc8180bd3f,3521091,1693155472000000000,300
SS/payment_mem/2,SS,payment,mem,2,300,300,burst,0.1,7,0.1001176057306065,baro,2,0.5,0.8,0.045454545454545456,0,1,1,23,352.3101999890059,192-168-33-0-9100|payment|orders-db|front-end|session-db,192-168-33-0-9100_node-memory-active-bytes,0.8834408602150537,31,31,0.9019354838709678,0.8649462365591398,30,31,30,0.8988253241800153,baseline-v2-20260723,cd270e7871bd358937d83d9a49829637fa80007d2964084ef229f578e3733bd3,ba75425861a059dafcc477474fc3e4ed1eafdc2b47d6fdd0557337035d29a960,2bdbec8c6cd435e8bb904c714a8d94511341b3bf386a75a9c20e5cfc8180bd3f,3521091,1693155472000000000,300
SS/payment_mem/2,SS,payment,mem,2,300,300,burst,0.1,7,0.1001176057306065,median_shift,3,0.3333333333333333,0.6,0.09090909090909091,0,1,1,23,111.99320002924651,192-168-33-0-9100|carts|payment|session-db|front-end,192-168-33-0-9100_node-memory-active-bytes,0.8834408602150537,31,31,0.9019354838709678,0.8649462365591398,30,31,30,0.8988253241800153,baseline-v2-20260723,cd270e7871bd358937d83d9a49829637fa80007d2964084ef229f578e3733bd3,ba75425861a059dafcc477474fc3e4ed1eafdc2b47d6fdd0557337035d29a960,2bdbec8c6cd435e8bb904c714a8d94511341b3bf386a75a9c20e5cfc8180bd3f,3521091,1693155472000000000,300
SS/payment_mem/2,SS,payment,mem,2,300,300,burst,0.1,7,0.1001176057306065,nsigma,1,1.0,1.0,0.0,1,1,1,23,397.4197000497952,payment|front-end|orders|shipping|queue-master,payment_istio-latency-95,0.8834408602150537,31,31,0.9019354838709678,0.8649462365591398,30,31,30,0.8988253241800153,baseline-v2-20260723,cd270e7871bd358937d83d9a49829637fa80007d2964084ef229f578e3733bd3,ba75425861a059dafcc477474fc3e4ed1eafdc2b47d6fdd0557337035d29a960,2bdbec8c6cd435e8bb904c714a8d94511341b3bf386a75a9c20e5cfc8180bd3f,3521091,1693155472000000000,300
SS/payment_mem/2,SS,payment,mem,2,300,300,burst,0.1,8,0.1001176057306065,baro,2,0.5,0.8,0.045454545454545456,0,1,1,23,382.6153000118211,192-168-33-0-9100|payment|orders-db|front-end|session-db,192-168-33-0-9100_node-memory-active-bytes,0.8834408602150537,31,31,0.8853763440860215,0.881505376344086,30,31,30,0.8988253241800153,baseline-v2-20260723,cd270e7871bd358937d83d9a49829637fa80007d2964084ef229f578e3733bd3,ba75425861a059dafcc477474fc3e4ed1eafdc2b47d6fdd0557337035d29a960,2bdbec8c6cd435e8bb904c714a8d94511341b3bf386a75a9c20e5cfc8180bd3f,3521091,1693155472000000000,300
SS/payment_mem/2,SS,payment,mem,2,300,300,burst,0.1,8,0.1001176057306065,median_shift,3,0.3333333333333333,0.6,0.09090909090909091,0,1,1,23,116.86599999666214,192-168-33-0-9100|carts|payment|session-db|front-end,192-168-33-0-9100_node-memory-active-bytes,0.8834408602150537,31,31,0.8853763440860215,0.881505376344086,30,31,30,0.8988253241800153,baseline-v2-20260723,cd270e7871bd358937d83d9a49829637fa80007d2964084ef229f578e3733bd3,ba75425861a059dafcc477474fc3e4ed1eafdc2b47d6fdd0557337035d29a960,2bdbec8c6cd435e8bb904c714a8d94511341b3bf386a75a9c20e5cfc8180bd3f,3521091,1693155472000000000,300
SS/payment_mem/2,SS,payment,mem,2,300,300,burst,0.1,8,0.1001176057306065,nsigma,1,1.0,1.0,0.0,1,1,1,23,286.1842999700457,payment|front-end|orders|shipping|queue-master,payment_istio-latency-95,0.8834408602150537,31,31,0.8853763440860215,0.881505376344086,30,31,30,0.8988253241800153,baseline-v2-20260723,cd270e7871bd358937d83d9a49829637fa80007d2964084ef229f578e3733bd3,ba75425861a059dafcc477474fc3e4ed1eafdc2b47d6fdd0557337035d29a960,2bdbec8c6cd435e8bb904c714a8d94511341b3bf386a75a9c20e5cfc8180bd3f,3521091,1693155472000000000,300
SS/payment_mem/2,SS,payment,mem,2,300,300,burst,0.1,9,0.1001176057306065,baro,3,0.3333333333333333,0.6,0.09090909090909091,0,1,1,23,365.2096999576315,192-168-33-0-9100|front-end|payment|orders-db|session-db,192-168-33-0-9100_node-memory-active-bytes,0.8834408602150537,31,31,0.8748387096774194,0.8920430107526882,30,31,30,0.8988253241800153,baseline-v2-20260723,cd270e7871bd358937d83d9a49829637fa80007d2964084ef229f578e3733bd3,ba75425861a059dafcc477474fc3e4ed1eafdc2b47d6fdd0557337035d29a960,2bdbec8c6cd435e8bb904c714a8d94511341b3bf386a75a9c20e5cfc8180bd3f,3521091,1693155472000000000,300
SS/payment_mem/2,SS,payment,mem,2,300,300,burst,0.1,9,0.1001176057306065,median_shift,4,0.25,0.4,0.13636363636363635,0,0,1,23,123.00720001803711,192-168-33-0-9100|carts|front-end|payment|orders,192-168-33-0-9100_node-memory-active-bytes,0.8834408602150537,31,31,0.8748387096774194,0.8920430107526882,30,31,30,0.8988253241800153,baseline-v2-20260723,cd270e7871bd358937d83d9a49829637fa80007d2964084ef229f578e3733bd3,ba75425861a059dafcc477474fc3e4ed1eafdc2b47d6fdd0557337035d29a960,2bdbec8c6cd435e8bb904c714a8d94511341b3bf386a75a9c20e5cfc8180bd3f,3521091,1693155472000000000,300
SS/payment_mem/2,SS,payment,mem,2,300,300,burst,0.1,9,0.1001176057306065,nsigma,1,1.0,1.0,0.0,1,1,1,23,326.15109998732805,payment|orders|front-end|queue-master|shipping,payment_istio-latency-99,0.8834408602150537,31,31,0.8748387096774194,0.8920430107526882,30,31,30,0.8988253241800153,baseline-v2-20260723,cd270e7871bd358937d83d9a49829637fa80007d2964084ef229f578e3733bd3,ba75425861a059dafcc477474fc3e4ed1eafdc2b47d6fdd0557337035d29a960,2bdbec8c6cd435e8bb904c714a8d94511341b3bf386a75a9c20e5cfc8180bd3f,3521091,1693155472000000000,300
SS/payment_mem/2,SS,payment,mem,2,300,300,burst,0.3,0,0.2996655109739893,baro,1,1.0,1.0,0.0,1,1,1,23,301.348400011193,payment|front-end|orders-db|catalogue-db|session-db,payment_container-memory-max-usage-bytes,0.6931182795698925,31,31,0.6327956989247312,0.7534408602150537,30,31,30,0.6995118230358505,baseline-v2-20260723,cd270e7871bd358937d83d9a49829637fa80007d2964084ef229f578e3733bd3,ba75425861a059dafcc477474fc3e4ed1eafdc2b47d6fdd0557337035d29a960,2bdbec8c6cd435e8bb904c714a8d94511341b3bf386a75a9c20e5cfc8180bd3f,3521091,1693155472000000000,300
SS/payment_mem/2,SS,payment,mem,2,300,300,burst,0.3,0,0.2996655109739893,median_shift,4,0.25,0.4,0.13636363636363635,0,0,1,23,86.12580003682524,192-168-33-0-9100|carts|front-end|payment|session-db,192-168-33-0-9100_node-memory-active-bytes,0.6931182795698925,31,31,0.6327956989247312,0.7534408602150537,30,31,30,0.6995118230358505,baseline-v2-20260723,cd270e7871bd358937d83d9a49829637fa80007d2964084ef229f578e3733bd3,ba75425861a059dafcc477474fc3e4ed1eafdc2b47d6fdd0557337035d29a960,2bdbec8c6cd435e8bb904c714a8d94511341b3bf386a75a9c20e5cfc8180bd3f,3521091,1693155472000000000,300
SS/payment_mem/2,SS,payment,mem,2,300,300,burst,0.3,0,0.2996655109739893,nsigma,1,1.0,1.0,0.0,1,1,1,23,272.91499997954816,payment|front-end|orders|queue-master|shipping,payment_istio-latency-95,0.6931182795698925,31,31,0.6327956989247312,0.7534408602150537,30,31,30,0.6995118230358505,baseline-v2-20260723,cd270e7871bd358937d83d9a49829637fa80007d2964084ef229f578e3733bd3,ba75425861a059dafcc477474fc3e4ed1eafdc2b47d6fdd0557337035d29a960,2bdbec8c6cd435e8bb904c714a8d94511341b3bf386a75a9c20e5cfc8180bd3f,3521091,1693155472000000000,300
SS/payment_mem/2,SS,payment,mem,2,300,300,burst,0.3,1,0.30035281719181955,baro,5,0.2,0.2,0.18181818181818182,0,0,1,23,362.29000001912937,192-168-33-0-9100|192-168-76-116-9100|queue-master|front-end|payment,192-168-33-0-9100_node-memory-inactive-bytes,0.6834408602150538,31,31,0.6668817204301075,0.7,30,31,30,0.6988253241800153,baseline-v2-20260723,cd270e7871bd358937d83d9a49829637fa80007d2964084ef229f578e3733bd3,ba75425861a059dafcc477474fc3e4ed1eafdc2b47d6fdd0557337035d29a960,2bdbec8c6cd435e8bb904c714a8d94511341b3bf386a75a9c20e5cfc8180bd3f,3521091,1693155472000000000,300
SS/payment_mem/2,SS,payment,mem,2,300,300,burst,0.3,1,0.30035281719181955,median_shift,4,0.25,0.4,0.13636363636363635,0,0,1,23,146.64150000317022,192-168-33-0-9100|carts|front-end|payment|session-db,192-168-33-0-9100_node-memory-active-bytes,0.6834408602150538,31,31,0.6668817204301075,0.7,30,31,30,0.6988253241800153,baseline-v2-20260723,cd270e7871bd358937d83d9a49829637fa80007d2964084ef229f578e3733bd3,ba75425861a059dafcc477474fc3e4ed1eafdc2b47d6fdd0557337035d29a960,2bdbec8c6cd435e8bb904c714a8d94511341b3bf386a75a9c20e5cfc8180bd3f,3521091,1693155472000000000,300
SS/payment_mem/2,SS,payment,mem,2,300,300,burst,0.3,1,0.30035281719181955,nsigma,1,1.0,1.0,0.0,1,1,1,23,244.79680001968518,payment|orders|front-end|shipping|queue-master,payment_istio-latency-95,0.6834408602150538,31,31,0.6668817204301075,0.7,30,31,30,0.6988253241800153,baseline-v2-20260723,cd270e7871bd358937d83d9a49829637fa80007d2964084ef229f578e3733bd3,ba75425861a059dafcc477474fc3e4ed1eafdc2b47d6fdd0557337035d29a960,2bdbec8c6cd435e8bb904c714a8d94511341b3bf386a75a9c20e5cfc8180bd3f,3521091,1693155472000000000,300
SS/payment_mem/2,SS,payment,mem,2,300,300,burst,0.3,2,0.3002611763627755,baro,1,1.0,1.0,0.0,1,1,1,23,466.92560001974925,payment|192-168-27-60-9100|192-168-76-116-9100|192-168-33-0-9100|front-end,payment_container-memory-usage-bytes,0.6847311827956989,31,31,0.7368817204301076,0.6325806451612903,30,31,30,0.6989168573607933,baseline-v2-20260723,cd270e7871bd358937d83d9a49829637fa80007d2964084ef229f578e3733bd3,ba75425861a059dafcc477474fc3e4ed1eafdc2b47d6fdd0557337035d29a960,2bdbec8c6cd435e8bb904c714a8d94511341b3bf386a75a9c20e5cfc8180bd3f,3521091,1693155472000000000,300
SS/payment_mem/2,SS,payment,mem,2,300,300,burst,0.3,2,0.3002611763627755,median_shift,3,0.3333333333333333,0.6,0.09090909090909091,0,1,1,23,163.66200003540143,192-168-33-0-9100|carts|payment|session-db|front-end,192-168-33-0-9100_node-disk-read-bytes-total,0.6847311827956989,31,31,0.7368817204301076,0.6325806451612903,30,31,30,0.6989168573607933,baseline-v2-20260723,cd270e7871bd358937d83d9a49829637fa80007d2964084ef229f578e3733bd3,ba75425861a059dafcc477474fc3e4ed1eafdc2b47d6fdd0557337035d29a960,2bdbec8c6cd435e8bb904c714a8d94511341b3bf386a75a9c20e5cfc8180bd3f,3521091,1693155472000000000,300
SS/payment_mem/2,SS,payment,mem,2,300,300,burst,0.3,2,0.3002611763627755,nsigma,1,1.0,1.0,0.0,1,1,1,23,413.57629996491596,payment|front-end|orders|queue-master|shipping,payment_istio-latency-99,0.6847311827956989,31,31,0.7368817204301076,0.6325806451612903,30,31,30,0.6989168573607933,baseline-v2-20260723,cd270e7871bd358937d83d9a49829637fa80007d2964084ef229f578e3733bd3,ba75425861a059dafcc477474fc3e4ed1eafdc2b47d6fdd0557337035d29a960,2bdbec8c6cd435e8bb904c714a8d94511341b3bf386a75a9c20e5cfc8180bd3f,3521091,1693155472000000000,300
SS/payment_mem/2,SS,payment,mem,2,300,300,burst,0.3,3,0.30035281719181955,baro,6,0.16666666666666666,0.0,0.22727272727272727,0,0,0,23,355.6220000027679,192-168-37-154-9100|192-168-33-0-9100|orders|user|catalogue,192-168-37-154-9100_node-memory-inactive-bytes,0.6834408602150538,31,31,0.6729032258064516,0.6939784946236559,30,31,30,0.6988253241800153,baseline-v2-20260723,cd270e7871bd358937d83d9a49829637fa80007d2964084ef229f578e3733bd3,ba75425861a059dafcc477474fc3e4ed1eafdc2b47d6fdd0557337035d29a960,2bdbec8c6cd435e8bb904c714a8d94511341b3bf386a75a9c20e5cfc8180bd3f,3521091,1693155472000000000,300
SS/payment_mem/2,SS,payment,mem,2,300,300,burst,0.3,3,0.30035281719181955,median_shift,2,0.5,0.8,0.045454545454545456,0,1,1,23,81.61019999533892,carts|payment|session-db|front-end|orders,carts_container-memory-max-usage-bytes,0.6834408602150538,31,31,0.6729032258064516,0.6939784946236559,30,31,30,0.6988253241800153,baseline-v2-20260723,cd270e7871bd358937d83d9a49829637fa80007d2964084ef229f578e3733bd3,ba75425861a059dafcc477474fc3e4ed1eafdc2b47d6fdd0557337035d29a960,2bdbec8c6cd435e8bb904c714a8d94511341b3bf386a75a9c20e5cfc8180bd3f,3521091,1693155472000000000,300
SS/payment_mem/2,SS,payment,mem,2,300,300,burst,0.3,3,0.30035281719181955,nsigma,1,1.0,1.0,0.0,1,1,1,23,303.6781999981031,payment|orders|front-end|shipping|queue-master,payment_istio-latency-99,0.6834408602150538,31,31,0.6729032258064516,0.6939784946236559,30,31,30,0.6988253241800153,baseline-v2-20260723,cd270e7871bd358937d83d9a49829637fa80007d2964084ef229f578e3733bd3,ba75425861a059dafcc477474fc3e4ed1eafdc2b47d6fdd0557337035d29a960,2bdbec8c6cd435e8bb904c714a8d94511341b3bf386a75a9c20e5cfc8180bd3f,3521091,1693155472000000000,300
SS/payment_mem/2,SS,payment,mem,2,300,300,burst,0.3,4,0.30016953553373144,baro,4,0.25,0.4,0.13636363636363635,0,0,1,23,397.558199998457,192-168-27-60-9100|carts|carts-db|payment|user,192-168-27-60-9100_node-memory-inactive-bytes,0.6860215053763441,31,31,0.7106451612903226,0.6613978494623656,30,31,30,0.6990083905415713,baseline-v2-20260723,cd270e7871bd358937d83d9a49829637fa80007d2964084ef229f578e3733bd3,ba75425861a059dafcc477474fc3e4ed1eafdc2b47d6fdd0557337035d29a960,2bdbec8c6cd435e8bb904c714a8d94511341b3bf386a75a9c20e5cfc8180bd3f,3521091,1693155472000000000,300
SS/payment_mem/2,SS,payment,mem,2,300,300,burst,0.3,4,0.30016953553373144,median_shift,3,0.3333333333333333,0.6,0.09090909090909091,0,1,1,23,117.54440004006028,192-168-33-0-9100|carts|payment|front-end|orders,192-168-33-0-9100_node-memory-active-bytes,0.6860215053763441,31,31,0.7106451612903226,0.6613978494623656,30,31,30,0.6990083905415713,baseline-v2-20260723,cd270e7871bd358937d83d9a49829637fa80007d2964084ef229f578e3733bd3,ba75425861a059dafcc477474fc3e4ed1eafdc2b47d6fdd0557337035d29a960,2bdbec8c6cd435e8bb904c714a8d94511341b3bf386a75a9c20e5cfc8180bd3f,3521091,1693155472000000000,300
SS/payment_mem/2,SS,payment,mem,2,300,300,burst,0.3,4,0.30016953553373144,nsigma,1,1.0,1.0,0.0,1,1,1,23,265.975599992089,payment|front-end|orders|shipping|catalogue-db,payment_istio-latency-95,0.6860215053763441,31,31,0.7106451612903226,0.6613978494623656,30,31,30,0.6990083905415713,baseline-v2-20260723,cd270e7871bd358937d83d9a49829637fa80007d2964084ef229f578e3733bd3,ba75425861a059dafcc477474fc3e4ed1eafdc2b47d6fdd0557337035d29a960,2bdbec8c6cd435e8bb904c714a8d94511341b3bf386a75a9c20e5cfc8180bd3f,3521091,1693155472000000000,300
SS/payment_mem/2,SS,payment,mem,2,300,300,burst,0.3,5,0.2996655109739893,baro,2,0.5,0.8,0.045454545454545456,0,1,1,23,365.4986000037752,192-168-15-8-9100|payment|192-168-33-0-9100|carts-db|user-db,192-168-15-8-9100_node-memory-inactive-bytes,0.6931182795698925,31,31,0.5891397849462365,0.7970967741935484,30,31,30,0.6995118230358505,baseline-v2-20260723,cd270e7871bd358937d83d9a49829637fa80007d2964084ef229f578e3733bd3,ba75425861a059dafcc477474fc3e4ed1eafdc2b47d6fdd0557337035d29a960,2bdbec8c6cd435e8bb904c714a8d94511341b3bf386a75a9c20e5cfc8180bd3f,3521091,1693155472000000000,300
SS/payment_mem/2,SS,payment,mem,2,300,300,burst,0.3,5,0.2996655109739893,median_shift,4,0.25,0.4,0.13636363636363635,0,0,1,23,121.58610002370551,192-168-33-0-9100|carts|front-end|payment|session-db,192-168-33-0-9100_node-memory-active-bytes,0.6931182795698925,31,31,0.5891397849462365,0.7970967741935484,30,31,30,0.6995118230358505,baseline-v2-20260723,cd270e7871bd358937d83d9a49829637fa80007d2964084ef229f578e3733bd3,ba75425861a059dafcc477474fc3e4ed1eafdc2b47d6fdd0557337035d29a960,2bdbec8c6cd435e8bb904c714a8d94511341b3bf386a75a9c20e5cfc8180bd3f,3521091,1693155472000000000,300
SS/payment_mem/2,SS,payment,mem,2,300,300,burst,0.3,5,0.2996655109739893,nsigma,1,1.0,1.0,0.0,1,1,1,23,304.0955000324175,payment|front-end|orders|queue-master|shipping,payment_istio-latency-99,0.6931182795698925,31,31,0.5891397849462365,0.7970967741935484,30,31,30,0.6995118230358505,baseline-v2-20260723,cd270e7871bd358937d83d9a49829637fa80007d2964084ef229f578e3733bd3,ba75425861a059dafcc477474fc3e4ed1eafdc2b47d6fdd0557337035d29a960,2bdbec8c6cd435e8bb904c714a8d94511341b3bf386a75a9c20e5cfc8180bd3f,3521091,1693155472000000000,300
SS/payment_mem/2,SS,payment,mem,2,300,300,burst,0.3,6,0.30035281719181955,baro,2,0.5,0.8,0.045454545454545456,0,1,1,23,357.0962000521831,192-168-33-0-9100|payment|carts|user-db|queue-master,192-168-33-0-9100_node-memory-inactive-bytes,0.6834408602150538,31,31,0.6847311827956989,0.6821505376344086,30,31,30,0.6988253241800153,baseline-v2-20260723,cd270e7871bd358937d83d9a49829637fa80007d2964084ef229f578e3733bd3,ba75425861a059dafcc477474fc3e4ed1eafdc2b47d6fdd0557337035d29a960,2bdbec8c6cd435e8bb904c714a8d94511341b3bf386a75a9c20e5cfc8180bd3f,3521091,1693155472000000000,300
SS/payment_mem/2,SS,payment,mem,2,300,300,burst,0.3,6,0.30035281719181955,median_shift,4,0.25,0.4,0.13636363636363635,0,0,1,23,115.92329997802153,192-168-33-0-9100|carts|front-end|payment|session-db,192-168-33-0-9100_node-memory-active-bytes,0.6834408602150538,31,31,0.6847311827956989,0.6821505376344086,30,31,30,0.6988253241800153,baseline-v2-20260723,cd270e7871bd358937d83d9a49829637fa80007d2964084ef229f578e3733bd3,ba75425861a059dafcc477474fc3e4ed1eafdc2b47d6fdd0557337035d29a960,2bdbec8c6cd435e8bb904c714a8d94511341b3bf386a75a9c20e5cfc8180bd3f,3521091,1693155472000000000,300
SS/payment_mem/2,SS,payment,mem,2,300,300,burst,0.3,6,0.30035281719181955,nsigma,1,1.0,1.0,0.0,1,1,1,23,274.72780004609376,payment|front-end|orders|queue-master|shipping,payment_istio-latency-95,0.6834408602150538,31,31,0.6847311827956989,0.6821505376344086,30,31,30,0.6988253241800153,baseline-v2-20260723,cd270e7871bd358937d83d9a49829637fa80007d2964084ef229f578e3733bd3,ba75425861a059dafcc477474fc3e4ed1eafdc2b47d6fdd0557337035d29a960,2bdbec8c6cd435e8bb904c714a8d94511341b3bf386a75a9c20e5cfc8180bd3f,3521091,1693155472000000000,300
SS/payment_mem/2,SS,payment,mem,2,300,300,burst,0.3,7,0.30022299268400715,baro,1,1.0,1.0,0.0,1,1,1,23,325.12499997392297,payment|192-168-33-0-9100|carts|user-db|carts-db,payment_container-memory-working-set-bytes,0.6852688172043011,31,31,0.6646236559139785,0.7059139784946237,30,31,30,0.6989549961861174,baseline-v2-20260723,cd270e7871bd358937d83d9a49829637fa80007d2964084ef229f578e3733bd3,ba75425861a059dafcc477474fc3e4ed1eafdc2b47d6fdd0557337035d29a960,2bdbec8c6cd435e8bb904c714a8d94511341b3bf386a75a9c20e5cfc8180bd3f,3521091,1693155472000000000,300
SS/payment_mem/2,SS,payment,mem,2,300,300,burst,0.3,7,0.30022299268400715,median_shift,4,0.25,0.4,0.13636363636363635,0,0,1,23,83.25730002252385,192-168-33-0-9100|carts|front-end|payment|session-db,192-168-33-0-9100_node-disk-read-bytes-total,0.6852688172043011,31,31,0.6646236559139785,0.7059139784946237,30,31,30,0.6989549961861174,baseline-v2-20260723,cd270e7871bd358937d83d9a49829637fa80007d2964084ef229f578e3733bd3,ba75425861a059dafcc477474fc3e4ed1eafdc2b47d6fdd0557337035d29a960,2bdbec8c6cd435e8bb904c714a8d94511341b3bf386a75a9c20e5cfc8180bd3f,3521091,1693155472000000000,300
SS/payment_mem/2,SS,payment,mem,2,300,300,burst,0.3,7,0.30022299268400715,nsigma,1,1.0,1.0,0.0,1,1,1,23,272.00290001928806,payment|front-end|orders|queue-master|shipping,payment_istio-latency-95,0.6852688172043011,31,31,0.6646236559139785,0.7059139784946237,30,31,30,0.6989549961861174,baseline-v2-20260723,cd270e7871bd358937d83d9a49829637fa80007d2964084ef229f578e3733bd3,ba75425861a059dafcc477474fc3e4ed1eafdc2b47d6fdd0557337035d29a960,2bdbec8c6cd435e8bb904c714a8d94511341b3bf386a75a9c20e5cfc8180bd3f,3521091,1693155472000000000,300
SS/payment_mem/2,SS,payment,mem,2,300,300,burst,0.3,8,0.2996655109739893,baro,6,0.16666666666666666,0.0,0.22727272727272727,0,0,0,23,412.92160004377365,192-168-27-60-9100|carts|queue-master|orders-db|front-end,192-168-27-60-9100_node-memory-inactive-bytes,0.6931182795698925,31,31,0.7296774193548388,0.6565591397849463,30,31,30,0.6995118230358505,baseline-v2-20260723,cd270e7871bd358937d83d9a49829637fa80007d2964084ef229f578e3733bd3,ba75425861a059dafcc477474fc3e4ed1eafdc2b47d6fdd0557337035d29a960,2bdbec8c6cd435e8bb904c714a8d94511341b3bf386a75a9c20e5cfc8180bd3f,3521091,1693155472000000000,300
SS/payment_mem/2,SS,payment,mem,2,300,300,burst,0.3,8,0.2996655109739893,median_shift,4,0.25,0.4,0.13636363636363635,0,0,1,23,84.40500003052875,192-168-33-0-9100|carts|front-end|payment|orders,192-168-33-0-9100_node-memory-active-bytes,0.6931182795698925,31,31,0.7296774193548388,0.6565591397849463,30,31,30,0.6995118230358505,baseline-v2-20260723,cd270e7871bd358937d83d9a49829637fa80007d2964084ef229f578e3733bd3,ba75425861a059dafcc477474fc3e4ed1eafdc2b47d6fdd0557337035d29a960,2bdbec8c6cd435e8bb904c714a8d94511341b3bf386a75a9c20e5cfc8180bd3f,3521091,1693155472000000000,300
SS/payment_mem/2,SS,payment,mem,2,300,300,burst,0.3,8,0.2996655109739893,nsigma,1,1.0,1.0,0.0,1,1,1,23,337.6786000444554,payment|orders|front-end|queue-master|shipping,payment_istio-latency-95,0.6931182795698925,31,31,0.7296774193548388,0.6565591397849463,30,31,30,0.6995118230358505,baseline-v2-20260723,cd270e7871bd358937d83d9a49829637fa80007d2964084ef229f578e3733bd3,ba75425861a059dafcc477474fc3e4ed1eafdc2b47d6fdd0557337035d29a960,2bdbec8c6cd435e8bb904c714a8d94511341b3bf386a75a9c20e5cfc8180bd3f,3521091,1693155472000000000,300
SS/payment_mem/2,SS,payment,mem,2,300,300,burst,0.3,9,0.3001962641088693,baro,1,1.0,1.0,0.0,1,1,1,23,510.55649999761954,payment|192-168-33-0-9100|orders-db|shipping|front-end,payment_container-memory-usage-bytes,0.6856451612903226,31,31,0.6679569892473118,0.7033333333333334,30,31,30,0.6989816933638444,baseline-v2-20260723,cd270e7871bd358937d83d9a49829637fa80007d2964084ef229f578e3733bd3,ba75425861a059dafcc477474fc3e4ed1eafdc2b47d6fdd0557337035d29a960,2bdbec8c6cd435e8bb904c714a8d94511341b3bf386a75a9c20e5cfc8180bd3f,3521091,1693155472000000000,300
SS/payment_mem/2,SS,payment,mem,2,300,300,burst,0.3,9,0.3001962641088693,median_shift,4,0.25,0.4,0.13636363636363635,0,0,1,23,126.65669998386875,192-168-33-0-9100|carts|front-end|payment|session-db,192-168-33-0-9100_node-memory-active-bytes,0.6856451612903226,31,31,0.6679569892473118,0.7033333333333334,30,31,30,0.6989816933638444,baseline-v2-20260723,cd270e7871bd358937d83d9a49829637fa80007d2964084ef229f578e3733bd3,ba75425861a059dafcc477474fc3e4ed1eafdc2b47d6fdd0557337035d29a960,2bdbec8c6cd435e8bb904c714a8d94511341b3bf386a75a9c20e5cfc8180bd3f,3521091,1693155472000000000,300
SS/payment_mem/2,SS,payment,mem,2,300,300,burst,0.3,9,0.3001962641088693,nsigma,1,1.0,1.0,0.0,1,1,1,23,260.4212000151165,payment|front-end|orders|shipping|queue-master,payment_istio-latency-95,0.6856451612903226,31,31,0.6679569892473118,0.7033333333333334,30,31,30,0.6989816933638444,baseline-v2-20260723,cd270e7871bd358937d83d9a49829637fa80007d2964084ef229f578e3733bd3,ba75425861a059dafcc477474fc3e4ed1eafdc2b47d6fdd0557337035d29a960,2bdbec8c6cd435e8bb904c714a8d94511341b3bf386a75a9c20e5cfc8180bd3f,3521091,1693155472000000000,300
SS/payment_mem/2,SS,payment,mem,2,300,300,burst,0.5,0,0.499492157072381,baro,1,1.0,1.0,0.0,1,1,1,23,388.2234000484459,payment|192-168-76-116-9100|carts-db|user-db|front-end,payment_container-memory-usage-bytes,0.4988709677419355,31,31,0.45408602150537636,0.5436559139784947,30,31,30,0.4999199084668192,baseline-v2-20260723,cd270e7871bd358937d83d9a49829637fa80007d2964084ef229f578e3733bd3,ba75425861a059dafcc477474fc3e4ed1eafdc2b47d6fdd0557337035d29a960,2bdbec8c6cd435e8bb904c714a8d94511341b3bf386a75a9c20e5cfc8180bd3f,3521091,1693155472000000000,300
SS/payment_mem/2,SS,payment,mem,2,300,300,burst,0.5,0,0.499492157072381,median_shift,5,0.2,0.2,0.18181818181818182,0,0,1,23,101.85849998379126,192-168-33-0-9100|carts|front-end|orders-db|payment,192-168-33-0-9100_node-memory-active-bytes,0.4988709677419355,31,31,0.45408602150537636,0.5436559139784947,30,31,30,0.4999199084668192,baseline-v2-20260723,cd270e7871bd358937d83d9a49829637fa80007d2964084ef229f578e3733bd3,ba75425861a059dafcc477474fc3e4ed1eafdc2b47d6fdd0557337035d29a960,2bdbec8c6cd435e8bb904c714a8d94511341b3bf386a75a9c20e5cfc8180bd3f,3521091,1693155472000000000,300
SS/payment_mem/2,SS,payment,mem,2,300,300,burst,0.5,0,0.499492157072381,nsigma,1,1.0,1.0,0.0,1,1,1,23,331.7761999787763,payment|orders|front-end|carts|carts-db,payment_istio-latency-95,0.4988709677419355,31,31,0.45408602150537636,0.5436559139784947,30,31,30,0.4999199084668192,baseline-v2-20260723,cd270e7871bd358937d83d9a49829637fa80007d2964084ef229f578e3733bd3,ba75425861a059dafcc477474fc3e4ed1eafdc2b47d6fdd0557337035d29a960,2bdbec8c6cd435e8bb904c714a8d94511341b3bf386a75a9c20e5cfc8180bd3f,3521091,1693155472000000000,300
SS/payment_mem/2,SS,payment,mem,2,300,300,burst,0.5,1,0.49969071220197636,baro,1,1.0,1.0,0.0,1,1,1,23,371.44409999018535,payment|192-168-37-154-9100|192-168-15-8-9100|carts-db|orders,payment_container-memory-working-set-bytes,0.4960752688172043,31,31,0.5596774193548387,0.4324731182795699,30,30,29,0.4997215865751335,baseline-v2-20260723,cd270e7871bd358937d83d9a49829637fa80007d2964084ef229f578e3733bd3,ba75425861a059dafcc477474fc3e4ed1eafdc2b47d6fdd0557337035d29a960,2bdbec8c6cd435e8bb904c714a8d94511341b3bf386a75a9c20e5cfc8180bd3f,3521091,1693155472000000000,300
SS/payment_mem/2,SS,payment,mem,2,300,300,burst,0.5,1,0.49969071220197636,median_shift,6,0.16666666666666666,0.0,0.22727272727272727,0,0,0,23,110.25540000991896,192-168-33-0-9100|carts-db|carts|orders-db|orders,192-168-33-0-9100_node-memory-active-bytes,0.4960752688172043,31,31,0.5596774193548387,0.4324731182795699,30,30,29,0.4997215865751335,baseline-v2-20260723,cd270e7871bd358937d83d9a49829637fa80007d2964084ef229f578e3733bd3,ba75425861a059dafcc477474fc3e4ed1eafdc2b47d6fdd0557337035d29a960,2bdbec8c6cd435e8bb904c714a8d94511341b3bf386a75a9c20e5cfc8180bd3f,3521091,1693155472000000000,300
SS/payment_mem/2,SS,payment,mem,2,300,300,burst,0.5,1,0.49969071220197636,nsigma,1,1.0,1.0,0.0,1,1,1,23,311.48090003989637,payment|orders|carts-db|front-end|shipping,payment_istio-latency-95,0.4960752688172043,31,31,0.5596774193548387,0.4324731182795699,30,30,29,0.4997215865751335,baseline-v2-20260723,cd270e7871bd358937d83d9a49829637fa80007d2964084ef229f578e3733bd3,ba75425861a059dafcc477474fc3e4ed1eafdc2b47d6fdd0557337035d29a960,2bdbec8c6cd435e8bb904c714a8d94511341b3bf386a75a9c20e5cfc8180bd3f,3521091,1693155472000000000,300
SS/payment_mem/2,SS,payment,mem,2,300,300,burst,0.5,2,0.49983962854917297,baro,10,0.1,0.0,0.4090909090909091,0,0,0,23,393.95519997924566,192-168-76-116-9100|192-168-15-8-9100|192-168-27-60-9100|192-168-37-154-9100|carts,192-168-76-116-9100_node-memory-inactive-bytes,0.4939784946236559,31,31,0.49655913978494626,0.4913978494623656,30,31,30,0.4995728451563692,baseline-v2-20260723,cd270e7871bd358937d83d9a49829637fa80007d2964084ef229f578e3733bd3,ba75425861a059dafcc477474fc3e4ed1eafdc2b47d6fdd0557337035d29a960,2bdbec8c6cd435e8bb904c714a8d94511341b3bf386a75a9c20e5cfc8180bd3f,3521091,1693155472000000000,300
SS/payment_mem/2,SS,payment,mem,2,300,300,burst,0.5,2,0.49983962854917297,median_shift,7,0.14285714285714285,0.0,0.2727272727272727,0,0,0,23,121.67920003412291,192-168-27-60-9100|192-168-33-0-9100|carts|catalogue|front,192-168-27-60-9100_node-memory-active-bytes,0.4939784946236559,31,31,0.49655913978494626,0.4913978494623656,30,31,30,0.4995728451563692,baseline-v2-20260723,cd270e7871bd358937d83d9a49829637fa80007d2964084ef229f578e3733bd3,ba75425861a059dafcc477474fc3e4ed1eafdc2b47d6fdd0557337035d29a960,2bdbec8c6cd435e8bb904c714a8d94511341b3bf386a75a9c20e5cfc8180bd3f,3521091,1693155472000000000,300
SS/payment_mem/2,SS,payment,mem,2,300,300,burst,0.5,2,0.49983962854917297,nsigma,1,1.0,1.0,0.0,1,1,1,23,396.20199997443706,payment|orders|shipping|front-end|192-168-33-0-9100,payment_istio-latency-99,0.4939784946236559,31,31,0.49655913978494626,0.4913978494623656,30,31,30,0.4995728451563692,baseline-v2-20260723,cd270e7871bd358937d83d9a49829637fa80007d2964084ef229f578e3733bd3,ba75425861a059dafcc477474fc3e4ed1eafdc2b47d6fdd0557337035d29a960,2bdbec8c6cd435e8bb904c714a8d94511341b3bf386a75a9c20e5cfc8180bd3f,3521091,1693155472000000000,300
SS/payment_mem/2,SS,payment,mem,2,300,300,burst,0.5,3,0.4997479877201289,baro,10,0.1,0.0,0.4090909090909091,0,0,0,23,452.94260000810027,192-168-33-0-9100|192-168-76-116-9100|carts-db|user-db|orders,192-168-33-0-9100_node-memory-inactive-bytes,0.49526881720430105,31,31,0.5732258064516129,0.41731182795698923,29,30,28,0.4996643783371472,baseline-v2-20260723,cd270e7871bd358937d83d9a49829637fa80007d2964084ef229f578e3733bd3,ba75425861a059dafcc477474fc3e4ed1eafdc2b47d6fdd0557337035d29a960,2bdbec8c6cd435e8bb904c714a8d94511341b3bf386a75a9c20e5cfc8180bd3f,3521091,1693155472000000000,300
SS/payment_mem/2,SS,payment,mem,2,300,300,burst,0.5,3,0.4997479877201289,median_shift,8,0.125,0.0,0.3181818181818182,0,0,0,23,86.89049998065457,192-168-33-0-9100|192-168-37-154-9100|carts-db|carts|catalogue,192-168-33-0-9100_node-memory-active-bytes,0.49526881720430105,31,31,0.5732258064516129,0.41731182795698923,29,30,28,0.4996643783371472,baseline-v2-20260723,cd270e7871bd358937d83d9a49829637fa80007d2964084ef229f578e3733bd3,ba75425861a059dafcc477474fc3e4ed1eafdc2b47d6fdd0557337035d29a960,2bdbec8c6cd435e8bb904c714a8d94511341b3bf386a75a9c20e5cfc8180bd3f,3521091,1693155472000000000,300
SS/payment_mem/2,SS,payment,mem,2,300,300,burst,0.5,3,0.4997479877201289,nsigma,1,1.0,1.0,0.0,1,1,1,23,385.64300001598895,payment|front-end|192-168-37-154-9100|orders|192-168-27-60-9100,payment_istio-latency-99,0.49526881720430105,31,31,0.5732258064516129,0.41731182795698923,29,30,28,0.4996643783371472,baseline-v2-20260723,cd270e7871bd358937d83d9a49829637fa80007d2964084ef229f578e3733bd3,ba75425861a059dafcc477474fc3e4ed1eafdc2b47d6fdd0557337035d29a960,2bdbec8c6cd435e8bb904c714a8d94511341b3bf386a75a9c20e5cfc8180bd3f,3521091,1693155472000000000,300
SS/payment_mem/2,SS,payment,mem,2,300,300,burst,0.5,4,0.4995494325905335,baro,2,0.5,0.8,0.045454545454545456,0,1,1,23,394.2244999925606,192-168-33-0-9100|payment|carts|user-db|carts-db,192-168-33-0-9100_node-memory-inactive-bytes,0.49806451612903224,31,31,0.5121505376344087,0.48397849462365594,30,31,30,0.49986270022883295,baseline-v2-20260723,cd270e7871bd358937d83d9a49829637fa80007d2964084ef229f578e3733bd3,ba75425861a059dafcc477474fc3e4ed1eafdc2b47d6fdd0557337035d29a960,2bdbec8c6cd435e8bb904c714a8d94511341b3bf386a75a9c20e5cfc8180bd3f,3521091,1693155472000000000,300
SS/payment_mem/2,SS,payment,mem,2,300,300,burst,0.5,4,0.4995494325905335,median_shift,4,0.25,0.4,0.13636363636363635,0,0,1,23,81.76370000001043,192-168-33-0-9100|carts-db|carts|payment|session-db,192-168-33-0-9100_node-memory-active-bytes,0.49806451612903224,31,31,0.5121505376344087,0.48397849462365594,30,31,30,0.49986270022883295,baseline-v2-20260723,cd270e7871bd358937d83d9a49829637fa80007d2964084ef229f578e3733bd3,ba75425861a059dafcc477474fc3e4ed1eafdc2b47d6fdd0557337035d29a960,2bdbec8c6cd435e8bb904c714a8d94511341b3bf386a75a9c20e5cfc8180bd3f,3521091,1693155472000000000,300
SS/payment_mem/2,SS,payment,mem,2,300,300,burst,0.5,4,0.4995494325905335,nsigma,1,1.0,1.0,0.0,1,1,1,23,314.3724999972619,payment|orders|front-end|shipping|orders-db,payment_istio-latency-95,0.49806451612903224,31,31,0.5121505376344087,0.48397849462365594,30,31,30,0.49986270022883295,baseline-v2-20260723,cd270e7871bd358937d83d9a49829637fa80007d2964084ef229f578e3733bd3,ba75425861a059dafcc477474fc3e4ed1eafdc2b47d6fdd0557337035d29a960,2bdbec8c6cd435e8bb904c714a8d94511341b3bf386a75a9c20e5cfc8180bd3f,3521091,1693155472000000000,300
SS/payment_mem/2,SS,payment,mem,2,300,300,burst,0.5,5,0.500393291891314,baro,3,0.3333333333333333,0.6,0.09090909090909091,0,1,1,23,339.47690000059083,192-168-33-0-9100|192-168-76-116-9100|payment|192-168-27-60-9100|carts,192-168-33-0-9100_node-memory-inactive-bytes,0.48618279569892475,31,31,0.4565591397849462,0.5158064516129032,30,31,29,0.49901983218916857,baseline-v2-20260723,cd270e7871bd358937d83d9a49829637fa80007d2964084ef229f578e3733bd3,ba75425861a059dafcc477474fc3e4ed1eafdc2b47d6fdd0557337035d29a960,2bdbec8c6cd435e8bb904c714a8d94511341b3bf386a75a9c20e5cfc8180bd3f,3521091,1693155472000000000,300
SS/payment_mem/2,SS,payment,mem,2,300,300,burst,0.5,5,0.500393291891314,median_shift,5,0.2,0.2,0.18181818181818182,0,0,1,23,80.99119999678805,192-168-27-60-9100|192-168-33-0-9100|carts|orders-db|payment,192-168-27-60-9100_node-memory-active-bytes,0.48618279569892475,31,31,0.4565591397849462,0.5158064516129032,30,31,29,0.49901983218916857,baseline-v2-20260723,cd270e7871bd358937d83d9a49829637fa80007d2964084ef229f578e3733bd3,ba75425861a059dafcc477474fc3e4ed1eafdc2b47d6fdd0557337035d29a960,2bdbec8c6cd435e8bb904c714a8d94511341b3bf386a75a9c20e5cfc8180bd3f,3521091,1693155472000000000,300
SS/payment_mem/2,SS,payment,mem,2,300,300,burst,0.5,5,0.500393291891314,nsigma,1,1.0,1.0,0.0,1,1,1,23,368.2903999579139,payment|orders|front-end|user-db|192-168-27-60-9100,payment_istio-latency-95,0.48618279569892475,31,31,0.4565591397849462,0.5158064516129032,30,31,29,0.49901983218916857,baseline-v2-20260723,cd270e7871bd358937d83d9a49829637fa80007d2964084ef229f578e3733bd3,ba75425861a059dafcc477474fc3e4ed1eafdc2b47d6fdd0557337035d29a960,2bdbec8c6cd435e8bb904c714a8d94511341b3bf386a75a9c20e5cfc8180bd3f,3521091,1693155472000000000,300
SS/payment_mem/2,SS,payment,mem,2,300,300,burst,0.5,6,0.4999121775388328,baro,3,0.3333333333333333,0.6,0.09090909090909091,0,1,1,23,342.1179000288248,192-168-15-8-9100|192-168-37-154-9100|payment|192-168-27-60-9100|user-db,192-168-15-8-9100_node-memory-inactive-bytes,0.49295698924731185,31,31,0.5110752688172043,0.47483870967741937,30,31,29,0.49950038138825326,baseline-v2-20260723,cd270e7871bd358937d83d9a49829637fa80007d2964084ef229f578e3733bd3,ba75425861a059dafcc477474fc3e4ed1eafdc2b47d6fdd0557337035d29a960,2bdbec8c6cd435e8bb904c714a8d94511341b3bf386a75a9c20e5cfc8180bd3f,3521091,1693155472000000000,300
SS/payment_mem/2,SS,payment,mem,2,300,300,burst,0.5,6,0.4999121775388328,median_shift,7,0.14285714285714285,0.0,0.2727272727272727,0,0,0,23,110.97079998580739,192-168-33-0-9100|carts-db|carts|catalogue|front-end,192-168-33-0-9100_node-memory-active-bytes,0.49295698924731185,31,31,0.5110752688172043,0.47483870967741937,30,31,29,0.49950038138825326,baseline-v2-20260723,cd270e7871bd358937d83d9a49829637fa80007d2964084ef229f578e3733bd3,ba75425861a059dafcc477474fc3e4ed1eafdc2b47d6fdd0557337035d29a960,2bdbec8c6cd435e8bb904c714a8d94511341b3bf386a75a9c20e5cfc8180bd3f,3521091,1693155472000000000,300
SS/payment_mem/2,SS,payment,mem,2,300,300,burst,0.5,6,0.4999121775388328,nsigma,1,1.0,1.0,0.0,1,1,1,23,313.882399990689,payment|front-end|orders|carts-db|user-db,payment_istio-latency-99,0.49295698924731185,31,31,0.5110752688172043,0.47483870967741937,30,31,29,0.49950038138825326,baseline-v2-20260723,cd270e7871bd358937d83d9a49829637fa80007d2964084ef229f578e3733bd3,ba75425861a059dafcc477474fc3e4ed1eafdc2b47d6fdd0557337035d29a960,2bdbec8c6cd435e8bb904c714a8d94511341b3bf386a75a9c20e5cfc8180bd3f,3521091,1693155472000000000,300
SS/payment_mem/2,SS,payment,mem,2,300,300,burst,0.5,7,0.49958379790142504,baro,8,0.125,0.0,0.3181818181818182,0,0,0,23,410.76699999393895,192-168-37-154-9100|192-168-15-8-9100|user-db|orders-db|user,192-168-37-154-9100_node-memory-inactive-bytes,0.4975806451612903,31,31,0.4439784946236559,0.5511827956989247,30,31,30,0.4998283752860412,baseline-v2-20260723,cd270e7871bd358937d83d9a49829637fa80007d2964084ef229f578e3733bd3,ba75425861a059dafcc477474fc3e4ed1eafdc2b47d6fdd0557337035d29a960,2bdbec8c6cd435e8bb904c714a8d94511341b3bf386a75a9c20e5cfc8180bd3f,3521091,1693155472000000000,300
SS/payment_mem/2,SS,payment,mem,2,300,300,burst,0.5,7,0.49958379790142504,median_shift,6,0.16666666666666666,0.0,0.22727272727272727,0,0,0,23,88.11290003359318,192-168-33-0-9100|carts-db|carts|catalogue|orders-db,192-168-33-0-9100_node-memory-active-bytes,0.4975806451612903,31,31,0.4439784946236559,0.5511827956989247,30,31,30,0.4998283752860412,baseline-v2-20260723,cd270e7871bd358937d83d9a49829637fa80007d2964084ef229f578e3733bd3,ba75425861a059dafcc477474fc3e4ed1eafdc2b47d6fdd0557337035d29a960,2bdbec8c6cd435e8bb904c714a8d94511341b3bf386a75a9c20e5cfc8180bd3f,3521091,1693155472000000000,300
SS/payment_mem/2,SS,payment,mem,2,300,300,burst,0.5,7,0.49958379790142504,nsigma,1,1.0,1.0,0.0,1,1,1,23,270.2898999559693,payment|orders|front-end|orders-db|carts,payment_istio-latency-99,0.4975806451612903,31,31,0.4439784946236559,0.5511827956989247,30,31,30,0.4998283752860412,baseline-v2-20260723,cd270e7871bd358937d83d9a49829637fa80007d2964084ef229f578e3733bd3,ba75425861a059dafcc477474fc3e4ed1eafdc2b47d6fdd0557337035d29a960,2bdbec8c6cd435e8bb904c714a8d94511341b3bf386a75a9c20e5cfc8180bd3f,3521091,1693155472000000000,300
SS/payment_mem/2,SS,payment,mem,2,300,300,burst,0.5,8,0.4997479877201289,baro,2,0.5,0.8,0.045454545454545456,0,1,1,23,371.12969998270273,192-168-33-0-9100|payment|192-168-37-154-9100|carts|user-db,192-168-33-0-9100_node-memory-inactive-bytes,0.49526881720430105,31,31,0.4282795698924731,0.562258064516129,30,31,30,0.4996643783371472,baseline-v2-20260723,cd270e7871bd358937d83d9a49829637fa80007d2964084ef229f578e3733bd3,ba75425861a059dafcc477474fc3e4ed1eafdc2b47d6fdd0557337035d29a960,2bdbec8c6cd435e8bb904c714a8d94511341b3bf386a75a9c20e5cfc8180bd3f,3521091,1693155472000000000,300
SS/payment_mem/2,SS,payment,mem,2,300,300,burst,0.5,8,0.4997479877201289,median_shift,7,0.14285714285714285,0.0,0.2727272727272727,0,0,0,23,103.81319996668026,192-168-33-0-9100|carts-db|carts|catalogue|front-end,192-168-33-0-9100_node-memory-active-bytes,0.49526881720430105,31,31,0.4282795698924731,0.562258064516129,30,31,30,0.4996643783371472,baseline-v2-20260723,cd270e7871bd358937d83d9a49829637fa80007d2964084ef229f578e3733bd3,ba75425861a059dafcc477474fc3e4ed1eafdc2b47d6fdd0557337035d29a960,2bdbec8c6cd435e8bb904c714a8d94511341b3bf386a75a9c20e5cfc8180bd3f,3521091,1693155472000000000,300
SS/payment_mem/2,SS,payment,mem,2,300,300,burst,0.5,8,0.4997479877201289,nsigma,1,1.0,1.0,0.0,1,1,1,23,283.6548999766819,payment|orders|front-end|shipping|carts-db,payment_istio-latency-95,0.49526881720430105,31,31,0.4282795698924731,0.562258064516129,30,31,30,0.4996643783371472,baseline-v2-20260723,cd270e7871bd358937d83d9a49829637fa80007d2964084ef229f578e3733bd3,ba75425861a059dafcc477474fc3e4ed1eafdc2b47d6fdd0557337035d29a960,2bdbec8c6cd435e8bb904c714a8d94511341b3bf386a75a9c20e5cfc8180bd3f,3521091,1693155472000000000,300
SS/payment_mem/2,SS,payment,mem,2,300,300,burst,0.5,9,0.5004772959846043,baro,1,1.0,1.0,0.0,1,1,1,23,296.83559999102727,payment|192-168-15-8-9100|192-168-37-154-9100|queue-master|user,payment_container-memory-max-usage-bytes,0.485,31,31,0.43623655913978493,0.5337634408602151,30,31,30,0.4989359267734554,baseline-v2-20260723,cd270e7871bd358937d83d9a49829637fa80007d2964084ef229f578e3733bd3,ba75425861a059dafcc477474fc3e4ed1eafdc2b47d6fdd0557337035d29a960,2bdbec8c6cd435e8bb904c714a8d94511341b3bf386a75a9c20e5cfc8180bd3f,3521091,1693155472000000000,300
SS/payment_mem/2,SS,payment,mem,2,300,300,burst,0.5,9,0.5004772959846043,median_shift,7,0.14285714285714285,0.0,0.2727272727272727,0,0,0,23,108.26090001501143,192-168-33-0-9100|carts-db|carts|catalogue|front-end,192-168-33-0-9100_node-memory-active-bytes,0.485,31,31,0.43623655913978493,0.5337634408602151,30,31,30,0.4989359267734554,baseline-v2-20260723,cd270e7871bd358937d83d9a49829637fa80007d2964084ef229f578e3733bd3,ba75425861a059dafcc477474fc3e4ed1eafdc2b47d6fdd0557337035d29a960,2bdbec8c6cd435e8bb904c714a8d94511341b3bf386a75a9c20e5cfc8180bd3f,3521091,1693155472000000000,300
SS/payment_mem/2,SS,payment,mem,2,300,300,burst,0.5,9,0.5004772959846043,nsigma,1,1.0,1.0,0.0,1,1,1,23,318.9208999974653,payment|front-end|orders|carts-db|catalogue,payment_istio-latency-95,0.485,31,31,0.43623655913978493,0.5337634408602151,30,31,30,0.4989359267734554,baseline-v2-20260723,cd270e7871bd358937d83d9a49829637fa80007d2964084ef229f578e3733bd3,ba75425861a059dafcc477474fc3e4ed1eafdc2b47d6fdd0557337035d29a960,2bdbec8c6cd435e8bb904c714a8d94511341b3bf386a75a9c20e5cfc8180bd3f,3521091,1693155472000000000,300
SS/payment_mem/2,SS,payment,mem,2,300,300,incident,0.1,0,0.09999923632642463,baro,2,0.5,0.8,0.045454545454545456,0,1,1,23,407.1995000122115,192-168-33-0-9100|payment|orders-db|front-end|session-db,192-168-33-0-9100_node-memory-active-bytes,0.7067204301075268,31,31,0.8746236559139785,0.5388172043010753,30,31,30,0.8989435545385203,baseline-v2-20260723,cd270e7871bd358937d83d9a49829637fa80007d2964084ef229f578e3733bd3,ba75425861a059dafcc477474fc3e4ed1eafdc2b47d6fdd0557337035d29a960,2bdbec8c6cd435e8bb904c714a8d94511341b3bf386a75a9c20e5cfc8180bd3f,3521091,1693155472000000000,300
SS/payment_mem/2,SS,payment,mem,2,300,300,incident,0.1,0,0.09999923632642463,median_shift,2,0.5,0.8,0.045454545454545456,0,1,1,23,88.55809998931363,carts|payment|session-db|front-end|orders,carts_container-memory-max-usage-bytes,0.7067204301075268,31,31,0.8746236559139785,0.5388172043010753,30,31,30,0.8989435545385203,baseline-v2-20260723,cd270e7871bd358937d83d9a49829637fa80007d2964084ef229f578e3733bd3,ba75425861a059dafcc477474fc3e4ed1eafdc2b47d6fdd0557337035d29a960,2bdbec8c6cd435e8bb904c714a8d94511341b3bf386a75a9c20e5cfc8180bd3f,3521091,1693155472000000000,300
SS/payment_mem/2,SS,payment,mem,2,300,300,incident,0.1,0,0.09999923632642463,nsigma,1,1.0,1.0,0.0,1,1,1,23,367.24409996531904,payment|front-end|orders|shipping|catalogue-db,payment_istio-latency-95,0.7067204301075268,31,31,0.8746236559139785,0.5388172043010753,30,31,30,0.8989435545385203,baseline-v2-20260723,cd270e7871bd358937d83d9a49829637fa80007d2964084ef229f578e3733bd3,ba75425861a059dafcc477474fc3e4ed1eafdc2b47d6fdd0557337035d29a960,2bdbec8c6cd435e8bb904c714a8d94511341b3bf386a75a9c20e5cfc8180bd3f,3521091,1693155472000000000,300
SS/payment_mem/2,SS,payment,mem,2,300,300,incident,0.1,1,0.09999923632642463,baro,2,0.5,0.8,0.045454545454545456,0,1,1,23,386.5104999858886,192-168-33-0-9100|payment|orders-db|front-end|session-db,192-168-33-0-9100_node-memory-active-bytes,0.7065591397849462,31,31,0.8731182795698925,0.54,30,31,30,0.8989435545385203,baseline-v2-20260723,cd270e7871bd358937d83d9a49829637fa80007d2964084ef229f578e3733bd3,ba75425861a059dafcc477474fc3e4ed1eafdc2b47d6fdd0557337035d29a960,2bdbec8c6cd435e8bb904c714a8d94511341b3bf386a75a9c20e5cfc8180bd3f,3521091,1693155472000000000,300
SS/payment_mem/2,SS,payment,mem,2,300,300,incident,0.1,1,0.09999923632642463,median_shift,2,0.5,0.8,0.045454545454545456,0,1,1,23,109.57760002929717,carts|payment|session-db|front-end|orders,carts_container-memory-max-usage-bytes,0.7065591397849462,31,31,0.8731182795698925,0.54,30,31,30,0.8989435545385203,baseline-v2-20260723,cd270e7871bd358937d83d9a49829637fa80007d2964084ef229f578e3733bd3,ba75425861a059dafcc477474fc3e4ed1eafdc2b47d6fdd0557337035d29a960,2bdbec8c6cd435e8bb904c714a8d94511341b3bf386a75a9c20e5cfc8180bd3f,3521091,1693155472000000000,300
SS/payment_mem/2,SS,payment,mem,2,300,300,incident,0.1,1,0.09999923632642463,nsigma,1,1.0,1.0,0.0,1,1,1,23,353.9026000071317,payment|front-end|orders|shipping|catalogue-db,payment_istio-latency-95,0.7065591397849462,31,31,0.8731182795698925,0.54,30,31,30,0.8989435545385203,baseline-v2-20260723,cd270e7871bd358937d83d9a49829637fa80007d2964084ef229f578e3733bd3,ba75425861a059dafcc477474fc3e4ed1eafdc2b47d6fdd0557337035d29a960,2bdbec8c6cd435e8bb904c714a8d94511341b3bf386a75a9c20e5cfc8180bd3f,3521091,1693155472000000000,300
SS/payment_mem/2,SS,payment,mem,2,300,300,incident,0.1,2,0.09999923632642463,baro,2,0.5,0.8,0.045454545454545456,0,1,1,23,353.1965999864042,192-168-33-0-9100|payment|orders-db|front-end|session-db,192-168-33-0-9100_node-memory-active-bytes,0.7031182795698925,31,31,0.8679569892473118,0.5382795698924732,30,31,30,0.8989435545385203,baseline-v2-20260723,cd270e7871bd358937d83d9a49829637fa80007d2964084ef229f578e3733bd3,ba75425861a059dafcc477474fc3e4ed1eafdc2b47d6fdd0557337035d29a960,2bdbec8c6cd435e8bb904c714a8d94511341b3bf386a75a9c20e5cfc8180bd3f,3521091,1693155472000000000,300
SS/payment_mem/2,SS,payment,mem,2,300,300,incident,0.1,2,0.09999923632642463,median_shift,2,0.5,0.8,0.045454545454545456,0,1,1,23,95.2402000548318,carts|payment|session-db|front-end|orders,carts_container-memory-max-usage-bytes,0.7031182795698925,31,31,0.8679569892473118,0.5382795698924732,30,31,30,0.8989435545385203,baseline-v2-20260723,cd270e7871bd358937d83d9a49829637fa80007d2964084ef229f578e3733bd3,ba75425861a059dafcc477474fc3e4ed1eafdc2b47d6fdd0557337035d29a960,2bdbec8c6cd435e8bb904c714a8d94511341b3bf386a75a9c20e5cfc8180bd3f,3521091,1693155472000000000,300
SS/payment_mem/2,SS,payment,mem,2,300,300,incident,0.1,2,0.09999923632642463,nsigma,1,1.0,1.0,0.0,1,1,1,23,281.00409999024123,payment|front-end|orders|shipping|catalogue-db,payment_istio-latency-95,0.7031182795698925,31,31,0.8679569892473118,0.5382795698924732,30,31,30,0.8989435545385203,baseline-v2-20260723,cd270e7871bd358937d83d9a49829637fa80007d2964084ef229f578e3733bd3,ba75425861a059dafcc477474fc3e4ed1eafdc2b47d6fdd0557337035d29a960,2bdbec8c6cd435e8bb904c714a8d94511341b3bf386a75a9c20e5cfc8180bd3f,3521091,1693155472000000000,300
SS/payment_mem/2,SS,payment,mem,2,300,300,incident,0.1,3,0.09999923632642463,baro,2,0.5,0.8,0.045454545454545456,0,1,1,23,370.05249998765066,192-168-33-0-9100|payment|orders-db|front-end|session-db,192-168-33-0-9100_node-memory-active-bytes,0.7026344086021505,31,31,0.8637634408602151,0.541505376344086,30,31,30,0.8989435545385203,baseline-v2-20260723,cd270e7871bd358937d83d9a49829637fa80007d2964084ef229f578e3733bd3,ba75425861a059dafcc477474fc3e4ed1eafdc2b47d6fdd0557337035d29a960,2bdbec8c6cd435e8bb904c714a8d94511341b3bf386a75a9c20e5cfc8180bd3f,3521091,1693155472000000000,300
SS/payment_mem/2,SS,payment,mem,2,300,300,incident,0.1,3,0.09999923632642463,median_shift,2,0.5,0.8,0.045454545454545456,0,1,1,23,84.30960000259802,carts|payment|session-db|front-end|orders,carts_container-memory-max-usage-bytes,0.7026344086021505,31,31,0.8637634408602151,0.541505376344086,30,31,30,0.8989435545385203,baseline-v2-20260723,cd270e7871bd358937d83d9a49829637fa80007d2964084ef229f578e3733bd3,ba75425861a059dafcc477474fc3e4ed1eafdc2b47d6fdd0557337035d29a960,2bdbec8c6cd435e8bb904c714a8d94511341b3bf386a75a9c20e5cfc8180bd3f,3521091,1693155472000000000,300
SS/payment_mem/2,SS,payment,mem,2,300,300,incident,0.1,3,0.09999923632642463,nsigma,1,1.0,1.0,0.0,1,1,1,23,300.1413000165485,payment|front-end|orders|shipping|catalogue-db,payment_istio-latency-95,0.7026344086021505,31,31,0.8637634408602151,0.541505376344086,30,31,30,0.8989435545385203,baseline-v2-20260723,cd270e7871bd358937d83d9a49829637fa80007d2964084ef229f578e3733bd3,ba75425861a059dafcc477474fc3e4ed1eafdc2b47d6fdd0557337035d29a960,2bdbec8c6cd435e8bb904c714a8d94511341b3bf386a75a9c20e5cfc8180bd3f,3521091,1693155472000000000,300
SS/payment_mem/2,SS,payment,mem,2,300,300,incident,0.1,4,0.09999923632642463,baro,2,0.5,0.8,0.045454545454545456,0,1,1,23,360.6174999731593,192-168-33-0-9100|payment|orders-db|front-end|session-db,192-168-33-0-9100_node-memory-active-bytes,0.7033870967741935,31,31,0.8710752688172043,0.5356989247311827,30,31,30,0.8989435545385203,baseline-v2-20260723,cd270e7871bd358937d83d9a49829637fa80007d2964084ef229f578e3733bd3,ba75425861a059dafcc477474fc3e4ed1eafdc2b47d6fdd0557337035d29a960,2bdbec8c6cd435e8bb904c714a8d94511341b3bf386a75a9c20e5cfc8180bd3f,3521091,1693155472000000000,300
SS/payment_mem/2,SS,payment,mem,2,300,300,incident,0.1,4,0.09999923632642463,median_shift,2,0.5,0.8,0.045454545454545456,0,1,1,23,84.09309998387471,carts|payment|session-db|front-end|orders,carts_container-memory-max-usage-bytes,0.7033870967741935,31,31,0.8710752688172043,0.5356989247311827,30,31,30,0.8989435545385203,baseline-v2-20260723,cd270e7871bd358937d83d9a49829637fa80007d2964084ef229f578e3733bd3,ba75425861a059dafcc477474fc3e4ed1eafdc2b47d6fdd0557337035d29a960,2bdbec8c6cd435e8bb904c714a8d94511341b3bf386a75a9c20e5cfc8180bd3f,3521091,1693155472000000000,300
SS/payment_mem/2,SS,payment,mem,2,300,300,incident,0.1,4,0.09999923632642463,nsigma,1,1.0,1.0,0.0,1,1,1,23,281.34340001270175,payment|front-end|orders|shipping|catalogue-db,payment_istio-latency-95,0.7033870967741935,31,31,0.8710752688172043,0.5356989247311827,30,31,30,0.8989435545385203,baseline-v2-20260723,cd270e7871bd358937d83d9a49829637fa80007d2964084ef229f578e3733bd3,ba75425861a059dafcc477474fc3e4ed1eafdc2b47d6fdd0557337035d29a960,2bdbec8c6cd435e8bb904c714a8d94511341b3bf386a75a9c20e5cfc8180bd3f,3521091,1693155472000000000,300
SS/payment_mem/2,SS,payment,mem,2,300,300,incident,0.1,5,0.09999923632642463,baro,2,0.5,0.8,0.045454545454545456,0,1,1,23,405.29350005090237,192-168-33-0-9100|payment|orders-db|front-end|session-db,192-168-33-0-9100_node-memory-active-bytes,0.7024731182795699,31,31,0.869247311827957,0.5356989247311827,30,31,30,0.8989435545385203,baseline-v2-20260723,cd270e7871bd358937d83d9a49829637fa80007d2964084ef229f578e3733bd3,ba75425861a059dafcc477474fc3e4ed1eafdc2b47d6fdd0557337035d29a960,2bdbec8c6cd435e8bb904c714a8d94511341b3bf386a75a9c20e5cfc8180bd3f,3521091,1693155472000000000,300
SS/payment_mem/2,SS,payment,mem,2,300,300,incident,0.1,5,0.09999923632642463,median_shift,2,0.5,0.8,0.045454545454545456,0,1,1,23,112.76980000548065,carts|payment|session-db|front-end|orders,carts_container-memory-max-usage-bytes,0.7024731182795699,31,31,0.869247311827957,0.5356989247311827,30,31,30,0.8989435545385203,baseline-v2-20260723,cd270e7871bd358937d83d9a49829637fa80007d2964084ef229f578e3733bd3,ba75425861a059dafcc477474fc3e4ed1eafdc2b47d6fdd0557337035d29a960,2bdbec8c6cd435e8bb904c714a8d94511341b3bf386a75a9c20e5cfc8180bd3f,3521091,1693155472000000000,300
SS/payment_mem/2,SS,payment,mem,2,300,300,incident,0.1,5,0.09999923632642463,nsigma,1,1.0,1.0,0.0,1,1,1,23,332.31219998560846,payment|front-end|orders|shipping|catalogue-db,payment_istio-latency-95,0.7024731182795699,31,31,0.869247311827957,0.5356989247311827,30,31,30,0.8989435545385203,baseline-v2-20260723,cd270e7871bd358937d83d9a49829637fa80007d2964084ef229f578e3733bd3,ba75425861a059dafcc477474fc3e4ed1eafdc2b47d6fdd0557337035d29a960,2bdbec8c6cd435e8bb904c714a8d94511341b3bf386a75a9c20e5cfc8180bd3f,3521091,1693155472000000000,300
SS/payment_mem/2,SS,payment,mem,2,300,300,incident,0.1,6,0.09999923632642463,baro,2,0.5,0.8,0.045454545454545456,0,1,1,23,398.6332999775186,192-168-33-0-9100|payment|orders-db|front-end|session-db,192-168-33-0-9100_node-memory-active-bytes,0.7017204301075268,31,31,0.8712903225806452,0.5321505376344086,30,31,30,0.8989435545385203,baseline-v2-20260723,cd270e7871bd358937d83d9a49829637fa80007d2964084ef229f578e3733bd3,ba75425861a059dafcc477474fc3e4ed1eafdc2b47d6fdd0557337035d29a960,2bdbec8c6cd435e8bb904c714a8d94511341b3bf386a75a9c20e5cfc8180bd3f,3521091,1693155472000000000,300
SS/payment_mem/2,SS,payment,mem,2,300,300,incident,0.1,6,0.09999923632642463,median_shift,2,0.5,0.8,0.045454545454545456,0,1,1,23,107.08049999084324,carts|payment|session-db|front-end|orders,carts_container-memory-max-usage-bytes,0.7017204301075268,31,31,0.8712903225806452,0.5321505376344086,30,31,30,0.8989435545385203,baseline-v2-20260723,cd270e7871bd358937d83d9a49829637fa80007d2964084ef229f578e3733bd3,ba75425861a059dafcc477474fc3e4ed1eafdc2b47d6fdd0557337035d29a960,2bdbec8c6cd435e8bb904c714a8d94511341b3bf386a75a9c20e5cfc8180bd3f,3521091,1693155472000000000,300
SS/payment_mem/2,SS,payment,mem,2,300,300,incident,0.1,6,0.09999923632642463,nsigma,1,1.0,1.0,0.0,1,1,1,23,307.16550000943244,payment|front-end|orders|shipping|catalogue-db,payment_istio-latency-95,0.7017204301075268,31,31,0.8712903225806452,0.5321505376344086,30,31,30,0.8989435545385203,baseline-v2-20260723,cd270e7871bd358937d83d9a49829637fa80007d2964084ef229f578e3733bd3,ba75425861a059dafcc477474fc3e4ed1eafdc2b47d6fdd0557337035d29a960,2bdbec8c6cd435e8bb904c714a8d94511341b3bf386a75a9c20e5cfc8180bd3f,3521091,1693155472000000000,300
SS/payment_mem/2,SS,payment,mem,2,300,300,incident,0.1,7,0.09999923632642463,baro,2,0.5,0.8,0.045454545454545456,0,1,1,23,401.30750002572313,192-168-33-0-9100|payment|orders-db|front-end|session-db,192-168-33-0-9100_node-memory-active-bytes,0.6995698924731183,31,31,0.8659139784946237,0.5332258064516129,30,31,30,0.8989435545385203,baseline-v2-20260723,cd270e7871bd358937d83d9a49829637fa80007d2964084ef229f578e3733bd3,ba75425861a059dafcc477474fc3e4ed1eafdc2b47d6fdd0557337035d29a960,2bdbec8c6cd435e8bb904c714a8d94511341b3bf386a75a9c20e5cfc8180bd3f,3521091,1693155472000000000,300
SS/payment_mem/2,SS,payment,mem,2,300,300,incident,0.1,7,0.09999923632642463,median_shift,2,0.5,0.8,0.045454545454545456,0,1,1,23,102.7907999814488,carts|payment|session-db|front-end|orders,carts_container-memory-max-usage-bytes,0.6995698924731183,31,31,0.8659139784946237,0.5332258064516129,30,31,30,0.8989435545385203,baseline-v2-20260723,cd270e7871bd358937d83d9a49829637fa80007d2964084ef229f578e3733bd3,ba75425861a059dafcc477474fc3e4ed1eafdc2b47d6fdd0557337035d29a960,2bdbec8c6cd435e8bb904c714a8d94511341b3bf386a75a9c20e5cfc8180bd3f,3521091,1693155472000000000,300
SS/payment_mem/2,SS,payment,mem,2,300,300,incident,0.1,7,0.09999923632642463,nsigma,1,1.0,1.0,0.0,1,1,1,23,397.78240001760423,payment|front-end|orders|shipping|catalogue-db,payment_istio-latency-95,0.6995698924731183,31,31,0.8659139784946237,0.5332258064516129,30,31,30,0.8989435545385203,baseline-v2-20260723,cd270e7871bd358937d83d9a49829637fa80007d2964084ef229f578e3733bd3,ba75425861a059dafcc477474fc3e4ed1eafdc2b47d6fdd0557337035d29a960,2bdbec8c6cd435e8bb904c714a8d94511341b3bf386a75a9c20e5cfc8180bd3f,3521091,1693155472000000000,300
SS/payment_mem/2,SS,payment,mem,2,300,300,incident,0.1,8,0.09999923632642463,baro,2,0.5,0.8,0.045454545454545456,0,1,1,23,383.5284999804571,192-168-33-0-9100|payment|orders-db|front-end|session-db,192-168-33-0-9100_node-memory-active-bytes,0.7034408602150538,31,31,0.8670967741935484,0.5397849462365591,30,31,30,0.8989435545385203,baseline-v2-20260723,cd270e7871bd358937d83d9a49829637fa80007d2964084ef229f578e3733bd3,ba75425861a059dafcc477474fc3e4ed1eafdc2b47d6fdd0557337035d29a960,2bdbec8c6cd435e8bb904c714a8d94511341b3bf386a75a9c20e5cfc8180bd3f,3521091,1693155472000000000,300
SS/payment_mem/2,SS,payment,mem,2,300,300,incident,0.1,8,0.09999923632642463,median_shift,2,0.5,0.8,0.045454545454545456,0,1,1,23,92.00760000385344,carts|payment|session-db|front-end|orders,carts_container-memory-max-usage-bytes,0.7034408602150538,31,31,0.8670967741935484,0.5397849462365591,30,31,30,0.8989435545385203,baseline-v2-20260723,cd270e7871bd358937d83d9a49829637fa80007d2964084ef229f578e3733bd3,ba75425861a059dafcc477474fc3e4ed1eafdc2b47d6fdd0557337035d29a960,2bdbec8c6cd435e8bb904c714a8d94511341b3bf386a75a9c20e5cfc8180bd3f,3521091,1693155472000000000,300
SS/payment_mem/2,SS,payment,mem,2,300,300,incident,0.1,8,0.09999923632642463,nsigma,1,1.0,1.0,0.0,1,1,1,23,368.5639000032097,payment|front-end|orders|shipping|catalogue-db,payment_istio-latency-95,0.7034408602150538,31,31,0.8670967741935484,0.5397849462365591,30,31,30,0.8989435545385203,baseline-v2-20260723,cd270e7871bd358937d83d9a49829637fa80007d2964084ef229f578e3733bd3,ba75425861a059dafcc477474fc3e4ed1eafdc2b47d6fdd0557337035d29a960,2bdbec8c6cd435e8bb904c714a8d94511341b3bf386a75a9c20e5cfc8180bd3f,3521091,1693155472000000000,300
SS/payment_mem/2,SS,payment,mem,2,300,300,incident,0.1,9,0.09999923632642463,baro,2,0.5,0.8,0.045454545454545456,0,1,1,23,374.747300054878,192-168-33-0-9100|payment|orders-db|front-end|session-db,192-168-33-0-9100_node-memory-active-bytes,0.7024731182795699,31,31,0.8683870967741936,0.5365591397849462,30,31,30,0.8989435545385203,baseline-v2-20260723,cd270e7871bd358937d83d9a49829637fa80007d2964084ef229f578e3733bd3,ba75425861a059dafcc477474fc3e4ed1eafdc2b47d6fdd0557337035d29a960,2bdbec8c6cd435e8bb904c714a8d94511341b3bf386a75a9c20e5cfc8180bd3f,3521091,1693155472000000000,300
SS/payment_mem/2,SS,payment,mem,2,300,300,incident,0.1,9,0.09999923632642463,median_shift,2,0.5,0.8,0.045454545454545456,0,1,1,23,127.8535999590531,carts|payment|session-db|front-end|orders,carts_container-memory-max-usage-bytes,0.7024731182795699,31,31,0.8683870967741936,0.5365591397849462,30,31,30,0.8989435545385203,baseline-v2-20260723,cd270e7871bd358937d83d9a49829637fa80007d2964084ef229f578e3733bd3,ba75425861a059dafcc477474fc3e4ed1eafdc2b47d6fdd0557337035d29a960,2bdbec8c6cd435e8bb904c714a8d94511341b3bf386a75a9c20e5cfc8180bd3f,3521091,1693155472000000000,300
SS/payment_mem/2,SS,payment,mem,2,300,300,incident,0.1,9,0.09999923632642463,nsigma,1,1.0,1.0,0.0,1,1,1,23,305.27479999000207,payment|front-end|orders|shipping|catalogue-db,payment_istio-latency-95,0.7024731182795699,31,31,0.8683870967741936,0.5365591397849462,30,31,30,0.8989435545385203,baseline-v2-20260723,cd270e7871bd358937d83d9a49829637fa80007d2964084ef229f578e3733bd3,ba75425861a059dafcc477474fc3e4ed1eafdc2b47d6fdd0557337035d29a960,2bdbec8c6cd435e8bb904c714a8d94511341b3bf386a75a9c20e5cfc8180bd3f,3521091,1693155472000000000,300
SS/payment_mem/2,SS,payment,mem,2,300,300,incident,0.3,0,0.30000152734715074,baro,9,0.1111111111111111,0.0,0.36363636363636365,0,0,0,23,372.8230000124313,192-168-33-0-9100|session-db|192-168-37-154-9100|orders-db|user-db,192-168-33-0-9100_node-memory-active-bytes,0.5286559139784947,31,31,0.6668817204301075,0.39043010752688173,30,29,26,0.6991762013729977,baseline-v2-20260723,cd270e7871bd358937d83d9a49829637fa80007d2964084ef229f578e3733bd3,ba75425861a059dafcc477474fc3e4ed1eafdc2b47d6fdd0557337035d29a960,2bdbec8c6cd435e8bb904c714a8d94511341b3bf386a75a9c20e5cfc8180bd3f,3521091,1693155472000000000,300
SS/payment_mem/2,SS,payment,mem,2,300,300,incident,0.3,0,0.30000152734715074,median_shift,10,0.1,0.0,0.4090909090909091,0,0,0,23,96.89830004936084,carts|orders|catalogue|carts-db|shipping,carts_istio-latency-50,0.5286559139784947,31,31,0.6668817204301075,0.39043010752688173,30,29,26,0.6991762013729977,baseline-v2-20260723,cd270e7871bd358937d83d9a49829637fa80007d2964084ef229f578e3733bd3,ba75425861a059dafcc477474fc3e4ed1eafdc2b47d6fdd0557337035d29a960,2bdbec8c6cd435e8bb904c714a8d94511341b3bf386a75a9c20e5cfc8180bd3f,3521091,1693155472000000000,300
SS/payment_mem/2,SS,payment,mem,2,300,300,incident,0.3,0,0.30000152734715074,nsigma,9,0.1111111111111111,0.0,0.36363636363636365,0,0,0,23,302.1334999939427,192-168-33-0-9100|carts-db|orders-db|queue-master|front-end,192-168-33-0-9100_node-disk-read-bytes-total,0.5286559139784947,31,31,0.6668817204301075,0.39043010752688173,30,29,26,0.6991762013729977,baseline-v2-20260723,cd270e7871bd358937d83d9a49829637fa80007d2964084ef229f578e3733bd3,ba75425861a059dafcc477474fc3e4ed1eafdc2b47d6fdd0557337035d29a960,2bdbec8c6cd435e8bb904c714a8d94511341b3bf386a75a9c20e5cfc8180bd3f,3521091,1693155472000000000,300
SS/payment_mem/2,SS,payment,mem,2,300,300,incident,0.3,1,0.30000152734715074,baro,18,0.05555555555555555,0.0,0.7727272727272727,0,0,0,23,304.4528000173159,192-168-33-0-9100|session-db|192-168-37-154-9100|orders-db|carts-db,192-168-33-0-9100_node-memory-active-bytes,0.5332795698924732,31,31,0.6782795698924731,0.38827956989247314,30,29,27,0.6991762013729977,baseline-v2-20260723,cd270e7871bd358937d83d9a49829637fa80007d2964084ef229f578e3733bd3,ba75425861a059dafcc477474fc3e4ed1eafdc2b47d6fdd0557337035d29a960,2bdbec8c6cd435e8bb904c714a8d94511341b3bf386a75a9c20e5cfc8180bd3f,3521091,1693155472000000000,300
SS/payment_mem/2,SS,payment,mem,2,300,300,incident,0.3,1,0.30000152734715074,median_shift,12,0.08333333333333333,0.0,0.5,0,0,0,23,88.41849997406825,queue-master|orders|192-168-33-0-9100|carts-db|carts,queue-master_container-memory-working-set-bytes,0.5332795698924732,31,31,0.6782795698924731,0.38827956989247314,30,29,27,0.6991762013729977,baseline-v2-20260723,cd270e7871bd358937d83d9a49829637fa80007d2964084ef229f578e3733bd3,ba75425861a059dafcc477474fc3e4ed1eafdc2b47d6fdd0557337035d29a960,2bdbec8c6cd435e8bb904c714a8d94511341b3bf386a75a9c20e5cfc8180bd3f,3521091,1693155472000000000,300
SS/payment_mem/2,SS,payment,mem,2,300,300,incident,0.3,1,0.30000152734715074,nsigma,18,0.05555555555555555,0.0,0.7727272727272727,0,0,0,23,257.030000037048,192-168-33-0-9100|carts-db|orders-db|shipping|192-168-76-116-9100,192-168-33-0-9100_node-disk-reads-completed-total,0.5332795698924732,31,31,0.6782795698924731,0.38827956989247314,30,29,27,0.6991762013729977,baseline-v2-20260723,cd270e7871bd358937d83d9a49829637fa80007d2964084ef229f578e3733bd3,ba75425861a059dafcc477474fc3e4ed1eafdc2b47d6fdd0557337035d29a960,2bdbec8c6cd435e8bb904c714a8d94511341b3bf386a75a9c20e5cfc8180bd3f,3521091,1693155472000000000,300
SS/payment_mem/2,SS,payment,mem,2,300,300,incident,0.3,2,0.30000152734715074,baro,14,0.07142857142857142,0.0,0.5909090909090909,0,0,0,23,316.0535999923013,192-168-33-0-9100|session-db|192-168-37-154-9100|orders-db|queue-master,192-168-33-0-9100_node-memory-active-bytes,0.5316666666666666,31,31,0.6756989247311828,0.38763440860215054,30,29,27,0.6991762013729977,baseline-v2-20260723,cd270e7871bd358937d83d9a49829637fa80007d2964084ef229f578e3733bd3,ba75425861a059dafcc477474fc3e4ed1eafdc2b47d6fdd0557337035d29a960,2bdbec8c6cd435e8bb904c714a8d94511341b3bf386a75a9c20e5cfc8180bd3f,3521091,1693155472000000000,300
SS/payment_mem/2,SS,payment,mem,2,300,300,incident,0.3,2,0.30000152734715074,median_shift,10,0.1,0.0,0.4090909090909091,0,0,0,23,123.90609999420121,carts|user-db|carts-db|catalogue|shipping,carts_istio-latency-50,0.5316666666666666,31,31,0.6756989247311828,0.38763440860215054,30,29,27,0.6991762013729977,baseline-v2-20260723,cd270e7871bd358937d83d9a49829637fa80007d2964084ef229f578e3733bd3,ba75425861a059dafcc477474fc3e4ed1eafdc2b47d6fdd0557337035d29a960,2bdbec8c6cd435e8bb904c714a8d94511341b3bf386a75a9c20e5cfc8180bd3f,3521091,1693155472000000000,300
SS/payment_mem/2,SS,payment,mem,2,300,300,incident,0.3,2,0.30000152734715074,nsigma,15,0.06666666666666667,0.0,0.6363636363636364,0,0,0,23,251.55039998935536,192-168-33-0-9100|carts-db|queue-master|orders-db|front-end,192-168-33-0-9100_node-disk-read-bytes-total,0.5316666666666666,31,31,0.6756989247311828,0.38763440860215054,30,29,27,0.6991762013729977,baseline-v2-20260723,cd270e7871bd358937d83d9a49829637fa80007d2964084ef229f578e3733bd3,ba75425861a059dafcc477474fc3e4ed1eafdc2b47d6fdd0557337035d29a960,2bdbec8c6cd435e8bb904c714a8d94511341b3bf386a75a9c20e5cfc8180bd3f,3521091,1693155472000000000,300
SS/payment_mem/2,SS,payment,mem,2,300,300,incident,0.3,3,0.30000152734715074,baro,12,0.08333333333333333,0.0,0.5,0,0,0,23,371.24810001114383,192-168-33-0-9100|session-db|192-168-37-154-9100|carts-db|orders-db,192-168-33-0-9100_node-memory-active-bytes,0.5327956989247312,31,31,0.6768817204301075,0.38870967741935486,30,29,28,0.6991762013729977,baseline-v2-20260723,cd270e7871bd358937d83d9a49829637fa80007d2964084ef229f578e3733bd3,ba75425861a059dafcc477474fc3e4ed1eafdc2b47d6fdd0557337035d29a960,2bdbec8c6cd435e8bb904c714a8d94511341b3bf386a75a9c20e5cfc8180bd3f,3521091,1693155472000000000,300
SS/payment_mem/2,SS,payment,mem,2,300,300,incident,0.3,3,0.30000152734715074,median_shift,3,0.3333333333333333,0.6,0.09090909090909091,0,1,1,23,127.21930001862347,front-end|carts|payment|user-db|orders,front-end_container-memory-max-usage-bytes,0.5327956989247312,31,31,0.6768817204301075,0.38870967741935486,30,29,28,0.6991762013729977,baseline-v2-20260723,cd270e7871bd358937d83d9a49829637fa80007d2964084ef229f578e3733bd3,ba75425861a059dafcc477474fc3e4ed1eafdc2b47d6fdd0557337035d29a960,2bdbec8c6cd435e8bb904c714a8d94511341b3bf386a75a9c20e5cfc8180bd3f,3521091,1693155472000000000,300
SS/payment_mem/2,SS,payment,mem,2,300,300,incident,0.3,3,0.30000152734715074,nsigma,16,0.0625,0.0,0.6818181818181818,0,0,0,23,335.82110004499555,192-168-33-0-9100|carts-db|queue-master|orders-db|carts,192-168-33-0-9100_node-disk-read-bytes-total,0.5327956989247312,31,31,0.6768817204301075,0.38870967741935486,30,29,28,0.6991762013729977,baseline-v2-20260723,cd270e7871bd358937d83d9a49829637fa80007d2964084ef229f578e3733bd3,ba75425861a059dafcc477474fc3e4ed1eafdc2b47d6fdd0557337035d29a960,2bdbec8c6cd435e8bb904c714a8d94511341b3bf386a75a9c20e5cfc8180bd3f,3521091,1693155472000000000,300
SS/payment_mem/2,SS,payment,mem,2,300,300,incident,0.3,4,0.30000152734715074,baro,19,0.05263157894736842,0.0,0.8181818181818182,0,0,0,23,462.07690000301227,192-168-33-0-9100|session-db|192-168-37-154-9100|shipping|orders-db,192-168-33-0-9100_node-memory-active-bytes,0.5344086021505376,31,31,0.6818279569892474,0.38698924731182793,30,29,26,0.6991762013729977,baseline-v2-20260723,cd270e7871bd358937d83d9a49829637fa80007d2964084ef229f578e3733bd3,ba75425861a059dafcc477474fc3e4ed1eafdc2b47d6fdd0557337035d29a960,2bdbec8c6cd435e8bb904c714a8d94511341b3bf386a75a9c20e5cfc8180bd3f,3521091,1693155472000000000,300
SS/payment_mem/2,SS,payment,mem,2,300,300,incident,0.3,4,0.30000152734715074,median_shift,1,1.0,1.0,0.0,1,1,1,23,99.94139999616891,payment|carts|user-db|orders|catalogue,payment_istio-latency-99,0.5344086021505376,31,31,0.6818279569892474,0.38698924731182793,30,29,26,0.6991762013729977,baseline-v2-20260723,cd270e7871bd358937d83d9a49829637fa80007d2964084ef229f578e3733bd3,ba75425861a059dafcc477474fc3e4ed1eafdc2b47d6fdd0557337035d29a960,2bdbec8c6cd435e8bb904c714a8d94511341b3bf386a75a9c20e5cfc8180bd3f,3521091,1693155472000000000,300
SS/payment_mem/2,SS,payment,mem,2,300,300,incident,0.3,4,0.30000152734715074,nsigma,16,0.0625,0.0,0.6818181818181818,0,0,0,23,312.7548999618739,192-168-33-0-9100|orders-db|carts-db|queue-master|192-168-76-116-9100,192-168-33-0-9100_node-disk-reads-completed-total,0.5344086021505376,31,31,0.6818279569892474,0.38698924731182793,30,29,26,0.6991762013729977,baseline-v2-20260723,cd270e7871bd358937d83d9a49829637fa80007d2964084ef229f578e3733bd3,ba75425861a059dafcc477474fc3e4ed1eafdc2b47d6fdd0557337035d29a960,2bdbec8c6cd435e8bb904c714a8d94511341b3bf386a75a9c20e5cfc8180bd3f,3521091,1693155472000000000,300
SS/payment_mem/2,SS,payment,mem,2,300,300,incident,0.3,5,0.30000152734715074,baro,19,0.05263157894736842,0.0,0.8181818181818182,0,0,0,23,383.75359994824976,192-168-33-0-9100|session-db|192-168-37-154-9100|orders-db|catalogue,192-168-33-0-9100_node-memory-active-bytes,0.5308602150537635,31,31,0.673010752688172,0.38870967741935486,30,29,27,0.6991762013729977,baseline-v2-20260723,cd270e7871bd358937d83d9a49829637fa80007d2964084ef229f578e3733bd3,ba75425861a059dafcc477474fc3e4ed1eafdc2b47d6fdd0557337035d29a960,2bdbec8c6cd435e8bb904c714a8d94511341b3bf386a75a9c20e5cfc8180bd3f,3521091,1693155472000000000,300
SS/payment_mem/2,SS,payment,mem,2,300,300,incident,0.3,5,0.30000152734715074,median_shift,1,1.0,1.0,0.0,1,1,1,23,110.42089998954907,payment|carts|orders|user-db|shipping,payment_istio-latency-99,0.5308602150537635,31,31,0.673010752688172,0.38870967741935486,30,29,27,0.6991762013729977,baseline-v2-20260723,cd270e7871bd358937d83d9a49829637fa80007d2964084ef229f578e3733bd3,ba75425861a059dafcc477474fc3e4ed1eafdc2b47d6fdd0557337035d29a960,2bdbec8c6cd435e8bb904c714a8d94511341b3bf386a75a9c20e5cfc8180bd3f,3521091,1693155472000000000,300
SS/payment_mem/2,SS,payment,mem,2,300,300,incident,0.3,5,0.30000152734715074,nsigma,18,0.05555555555555555,0.0,0.7727272727272727,0,0,0,23,260.99099998828024,192-168-33-0-9100|carts-db|orders-db|carts|192-168-76-116-9100,192-168-33-0-9100_node-disk-reads-completed-total,0.5308602150537635,31,31,0.673010752688172,0.38870967741935486,30,29,27,0.6991762013729977,baseline-v2-20260723,cd270e7871bd358937d83d9a49829637fa80007d2964084ef229f578e3733bd3,ba75425861a059dafcc477474fc3e4ed1eafdc2b47d6fdd0557337035d29a960,2bdbec8c6cd435e8bb904c714a8d94511341b3bf386a75a9c20e5cfc8180bd3f,3521091,1693155472000000000,300
SS/payment_mem/2,SS,payment,mem,2,300,300,incident,0.3,6,0.30000152734715074,baro,12,0.08333333333333333,0.0,0.5,0,0,0,23,328.79360002698377,192-168-33-0-9100|session-db|192-168-37-154-9100|carts|queue-master,192-168-33-0-9100_node-memory-active-bytes,0.5330645161290323,31,31,0.6768817204301075,0.38924731182795697,30,29,26,0.6991762013729977,baseline-v2-20260723,cd270e7871bd358937d83d9a49829637fa80007d2964084ef229f578e3733bd3,ba75425861a059dafcc477474fc3e4ed1eafdc2b47d6fdd0557337035d29a960,2bdbec8c6cd435e8bb904c714a8d94511341b3bf386a75a9c20e5cfc8180bd3f,3521091,1693155472000000000,300
SS/payment_mem/2,SS,payment,mem,2,300,300,incident,0.3,6,0.30000152734715074,median_shift,2,0.5,0.8,0.045454545454545456,0,1,1,23,119.10179996630177,carts|payment|orders|user-db|catalogue,carts_istio-latency-50,0.5330645161290323,31,31,0.6768817204301075,0.38924731182795697,30,29,26,0.6991762013729977,baseline-v2-20260723,cd270e7871bd358937d83d9a49829637fa80007d2964084ef229f578e3733bd3,ba75425861a059dafcc477474fc3e4ed1eafdc2b47d6fdd0557337035d29a960,2bdbec8c6cd435e8bb904c714a8d94511341b3bf386a75a9c20e5cfc8180bd3f,3521091,1693155472000000000,300
SS/payment_mem/2,SS,payment,mem,2,300,300,incident,0.3,6,0.30000152734715074,nsigma,10,0.1,0.0,0.4090909090909091,0,0,0,23,306.8499999935739,192-168-33-0-9100|carts-db|queue-master|carts|orders-db,192-168-33-0-9100_node-disk-reads-completed-total,0.5330645161290323,31,31,0.6768817204301075,0.38924731182795697,30,29,26,0.6991762013729977,baseline-v2-20260723,cd270e7871bd358937d83d9a49829637fa80007d2964084ef229f578e3733bd3,ba75425861a059dafcc477474fc3e4ed1eafdc2b47d6fdd0557337035d29a960,2bdbec8c6cd435e8bb904c714a8d94511341b3bf386a75a9c20e5cfc8180bd3f,3521091,1693155472000000000,300
SS/payment_mem/2,SS,payment,mem,2,300,300,incident,0.3,7,0.30000152734715074,baro,20,0.05,0.0,0.8636363636363636,0,0,0,23,350.4700000048615,192-168-33-0-9100|session-db|192-168-37-154-9100|orders-db|shipping,192-168-33-0-9100_node-memory-active-bytes,0.5316666666666666,31,31,0.6768817204301075,0.3864516129032258,30,29,28,0.6991762013729977,baseline-v2-20260723,cd270e7871bd358937d83d9a49829637fa80007d2964084ef229f578e3733bd3,ba75425861a059dafcc477474fc3e4ed1eafdc2b47d6fdd0557337035d29a960,2bdbec8c6cd435e8bb904c714a8d94511341b3bf386a75a9c20e5cfc8180bd3f,3521091,1693155472000000000,300
SS/payment_mem/2,SS,payment,mem,2,300,300,incident,0.3,7,0.30000152734715074,median_shift,1,1.0,1.0,0.0,1,1,1,23,86.79710002616048,payment|user-db|carts-db|carts|shipping,payment_container-memory-max-usage-bytes,0.5316666666666666,31,31,0.6768817204301075,0.3864516129032258,30,29,28,0.6991762013729977,baseline-v2-20260723,cd270e7871bd358937d83d9a49829637fa80007d2964084ef229f578e3733bd3,ba75425861a059dafcc477474fc3e4ed1eafdc2b47d6fdd0557337035d29a960,2bdbec8c6cd435e8bb904c714a8d94511341b3bf386a75a9c20e5cfc8180bd3f,3521091,1693155472000000000,300
SS/payment_mem/2,SS,payment,mem,2,300,300,incident,0.3,7,0.30000152734715074,nsigma,17,0.058823529411764705,0.0,0.7272727272727273,0,0,0,23,306.46989995148033,192-168-33-0-9100|orders-db|queue-master|carts-db|shipping,192-168-33-0-9100_node-disk-read-bytes-total,0.5316666666666666,31,31,0.6768817204301075,0.3864516129032258,30,29,28,0.6991762013729977,baseline-v2-20260723,cd270e7871bd358937d83d9a49829637fa80007d2964084ef229f578e3733bd3,ba75425861a059dafcc477474fc3e4ed1eafdc2b47d6fdd0557337035d29a960,2bdbec8c6cd435e8bb904c714a8d94511341b3bf386a75a9c20e5cfc8180bd3f,3521091,1693155472000000000,300
SS/payment_mem/2,SS,payment,mem,2,300,300,incident,0.3,8,0.30000152734715074,baro,15,0.06666666666666667,0.0,0.6363636363636364,0,0,0,23,390.3622000361793,192-168-33-0-9100|session-db|192-168-37-154-9100|shipping|orders-db,192-168-33-0-9100_node-memory-active-bytes,0.5325268817204301,31,31,0.6788172043010753,0.38623655913978494,30,28,26,0.6991762013729977,baseline-v2-20260723,cd270e7871bd358937d83d9a49829637fa80007d2964084ef229f578e3733bd3,ba75425861a059dafcc477474fc3e4ed1eafdc2b47d6fdd0557337035d29a960,2bdbec8c6cd435e8bb904c714a8d94511341b3bf386a75a9c20e5cfc8180bd3f,3521091,1693155472000000000,300
SS/payment_mem/2,SS,payment,mem,2,300,300,incident,0.3,8,0.30000152734715074,median_shift,12,0.08333333333333333,0.0,0.5,0,0,0,23,94.73870001966134,user-db|catalogue|192-168-33-0-9100|carts|orders,user-db_container-memory-cache,0.5325268817204301,31,31,0.6788172043010753,0.38623655913978494,30,28,26,0.6991762013729977,baseline-v2-20260723,cd270e7871bd358937d83d9a49829637fa80007d2964084ef229f578e3733bd3,ba75425861a059dafcc477474fc3e4ed1eafdc2b47d6fdd0557337035d29a960,2bdbec8c6cd435e8bb904c714a8d94511341b3bf386a75a9c20e5cfc8180bd3f,3521091,1693155472000000000,300
SS/payment_mem/2,SS,payment,mem,2,300,300,incident,0.3,8,0.30000152734715074,nsigma,15,0.06666666666666667,0.0,0.6363636363636364,0,0,0,23,244.74780005402863,192-168-33-0-9100|carts-db|orders-db|queue-master|carts,192-168-33-0-9100_node-disk-reads-completed-total,0.5325268817204301,31,31,0.6788172043010753,0.38623655913978494,30,28,26,0.6991762013729977,baseline-v2-20260723,cd270e7871bd358937d83d9a49829637fa80007d2964084ef229f578e3733bd3,ba75425861a059dafcc477474fc3e4ed1eafdc2b47d6fdd0557337035d29a960,2bdbec8c6cd435e8bb904c714a8d94511341b3bf386a75a9c20e5cfc8180bd3f,3521091,1693155472000000000,300
SS/payment_mem/2,SS,payment,mem,2,300,300,incident,0.3,9,0.30000152734715074,baro,12,0.08333333333333333,0.0,0.5,0,0,0,23,317.20819999463856,192-168-33-0-9100|session-db|192-168-37-154-9100|orders-db|carts-db,192-168-33-0-9100_node-memory-active-bytes,0.5323118279569893,31,31,0.6752688172043011,0.3893548387096774,30,29,27,0.6991762013729977,baseline-v2-20260723,cd270e7871bd358937d83d9a49829637fa80007d2964084ef229f578e3733bd3,ba75425861a059dafcc477474fc3e4ed1eafdc2b47d6fdd0557337035d29a960,2bdbec8c6cd435e8bb904c714a8d94511341b3bf386a75a9c20e5cfc8180bd3f,3521091,1693155472000000000,300
SS/payment_mem/2,SS,payment,mem,2,300,300,incident,0.3,9,0.30000152734715074,median_shift,9,0.1111111111111111,0.0,0.36363636363636365,0,0,0,23,85.96130000660196,carts|orders|carts-db|user-db|shipping,carts_istio-latency-50,0.5323118279569893,31,31,0.6752688172043011,0.3893548387096774,30,29,27,0.6991762013729977,baseline-v2-20260723,cd270e7871bd358937d83d9a49829637fa80007d2964084ef229f578e3733bd3,ba75425861a059dafcc477474fc3e4ed1eafdc2b47d6fdd0557337035d29a960,2bdbec8c6cd435e8bb904c714a8d94511341b3bf386a75a9c20e5cfc8180bd3f,3521091,1693155472000000000,300
SS/payment_mem/2,SS,payment,mem,2,300,300,incident,0.3,9,0.30000152734715074,nsigma,15,0.06666666666666667,0.0,0.6363636363636364,0,0,0,23,249.10029995953664,192-168-33-0-9100|carts-db|orders-db|queue-master|shipping,192-168-33-0-9100_node-disk-reads-completed-total,0.5323118279569893,31,31,0.6752688172043011,0.3893548387096774,30,29,27,0.6991762013729977,baseline-v2-20260723,cd270e7871bd358937d83d9a49829637fa80007d2964084ef229f578e3733bd3,ba75425861a059dafcc477474fc3e4ed1eafdc2b47d6fdd0557337035d29a960,2bdbec8c6cd435e8bb904c714a8d94511341b3bf386a75a9c20e5cfc8180bd3f,3521091,1693155472000000000,300
SS/payment_mem/2,SS,payment,mem,2,300,300,incident,0.5,0,0.5,baro,11,0.09090909090909091,0.0,0.45454545454545453,0,0,0,23,324.33299999684095,192-168-33-0-9100|session-db|192-168-76-116-9100|192-168-37-154-9100|orders-db,192-168-33-0-9100_node-memory-active-bytes,0.38129032258064516,31,31,0.48516129032258065,0.27741935483870966,30,27,23,0.4994126620900076,baseline-v2-20260723,cd270e7871bd358937d83d9a49829637fa80007d2964084ef229f578e3733bd3,ba75425861a059dafcc477474fc3e4ed1eafdc2b47d6fdd0557337035d29a960,2bdbec8c6cd435e8bb904c714a8d94511341b3bf386a75a9c20e5cfc8180bd3f,3521091,1693155472000000000,300
SS/payment_mem/2,SS,payment,mem,2,300,300,incident,0.5,0,0.5,median_shift,17,0.058823529411764705,0.0,0.7272727272727273,0,0,0,23,122.70810001064092,user-db|catalogue|shipping|queue|orders-db,user-db_container-memory-usage-bytes,0.38129032258064516,31,31,0.48516129032258065,0.27741935483870966,30,27,23,0.4994126620900076,baseline-v2-20260723,cd270e7871bd358937d83d9a49829637fa80007d2964084ef229f578e3733bd3,ba75425861a059dafcc477474fc3e4ed1eafdc2b47d6fdd0557337035d29a960,2bdbec8c6cd435e8bb904c714a8d94511341b3bf386a75a9c20e5cfc8180bd3f,3521091,1693155472000000000,300
SS/payment_mem/2,SS,payment,mem,2,300,300,incident,0.5,0,0.5,nsigma,16,0.0625,0.0,0.6818181818181818,0,0,0,23,251.69539998751134,192-168-33-0-9100|catalogue-db|queue-master|192-168-76-116-9100|carts-db,192-168-33-0-9100_node-disk-read-bytes-total,0.38129032258064516,31,31,0.48516129032258065,0.27741935483870966,30,27,23,0.4994126620900076,baseline-v2-20260723,cd270e7871bd358937d83d9a49829637fa80007d2964084ef229f578e3733bd3,ba75425861a059dafcc477474fc3e4ed1eafdc2b47d6fdd0557337035d29a960,2bdbec8c6cd435e8bb904c714a8d94511341b3bf386a75a9c20e5cfc8180bd3f,3521091,1693155472000000000,300
SS/payment_mem/2,SS,payment,mem,2,300,300,incident,0.5,1,0.5,baro,18,0.05555555555555555,0.0,0.7727272727272727,0,0,0,23,362.4128000228666,192-168-33-0-9100|session-db|192-168-37-154-9100|192-168-76-116-9100|orders-db,192-168-33-0-9100_node-memory-active-bytes,0.38193548387096776,31,31,0.48161290322580647,0.28225806451612906,30,28,24,0.4994126620900076,baseline-v2-20260723,cd270e7871bd358937d83d9a49829637fa80007d2964084ef229f578e3733bd3,ba75425861a059dafcc477474fc3e4ed1eafdc2b47d6fdd0557337035d29a960,2bdbec8c6cd435e8bb904c714a8d94511341b3bf386a75a9c20e5cfc8180bd3f,3521091,1693155472000000000,300
SS/payment_mem/2,SS,payment,mem,2,300,300,incident,0.5,1,0.5,median_shift,5,0.2,0.2,0.18181818181818182,0,0,1,23,100.972099986393,catalogue|front-end|orders-db|carts|payment,catalogue_container-memory-usage-bytes,0.38193548387096776,31,31,0.48161290322580647,0.28225806451612906,30,28,24,0.4994126620900076,baseline-v2-20260723,cd270e7871bd358937d83d9a49829637fa80007d2964084ef229f578e3733bd3,ba75425861a059dafcc477474fc3e4ed1eafdc2b47d6fdd0557337035d29a960,2bdbec8c6cd435e8bb904c714a8d94511341b3bf386a75a9c20e5cfc8180bd3f,3521091,1693155472000000000,300
SS/payment_mem/2,SS,payment,mem,2,300,300,incident,0.5,1,0.5,nsigma,15,0.06666666666666667,0.0,0.6363636363636364,0,0,0,23,252.53249995876104,192-168-33-0-9100|catalogue-db|192-168-76-116-9100|queue-master|carts-db,192-168-33-0-9100_node-disk-reads-completed-total,0.38193548387096776,31,31,0.48161290322580647,0.28225806451612906,30,28,24,0.4994126620900076,baseline-v2-20260723,cd270e7871bd358937d83d9a49829637fa80007d2964084ef229f578e3733bd3,ba75425861a059dafcc477474fc3e4ed1eafdc2b47d6fdd0557337035d29a960,2bdbec8c6cd435e8bb904c714a8d94511341b3bf386a75a9c20e5cfc8180bd3f,3521091,1693155472000000000,300
SS/payment_mem/2,SS,payment,mem,2,300,300,incident,0.5,2,0.5,baro,6,0.16666666666666666,0.0,0.22727272727272727,0,0,0,23,380.1896999939345,192-168-33-0-9100|session-db|192-168-37-154-9100|192-168-76-116-9100|orders-db,192-168-33-0-9100_node-memory-active-bytes,0.38263440860215053,31,31,0.48301075268817206,0.28225806451612906,30,26,24,0.4994126620900076,baseline-v2-20260723,cd270e7871bd358937d83d9a49829637fa80007d2964084ef229f578e3733bd3,ba75425861a059dafcc477474fc3e4ed1eafdc2b47d6fdd0557337035d29a960,2bdbec8c6cd435e8bb904c714a8d94511341b3bf386a75a9c20e5cfc8180bd3f,3521091,1693155472000000000,300
SS/payment_mem/2,SS,payment,mem,2,300,300,incident,0.5,2,0.5,median_shift,15,0.06666666666666667,0.0,0.6363636363636364,0,0,0,23,86.54350001597777,queue-master|orders-db|front-end|catalogue|user-db,queue-master_container-memory-working-set-bytes,0.38263440860215053,31,31,0.48301075268817206,0.28225806451612906,30,26,24,0.4994126620900076,baseline-v2-20260723,cd270e7871bd358937d83d9a49829637fa80007d2964084ef229f578e3733bd3,ba75425861a059dafcc477474fc3e4ed1eafdc2b47d6fdd0557337035d29a960,2bdbec8c6cd435e8bb904c714a8d94511341b3bf386a75a9c20e5cfc8180bd3f,3521091,1693155472000000000,300
SS/payment_mem/2,SS,payment,mem,2,300,300,incident,0.5,2,0.5,nsigma,15,0.06666666666666667,0.0,0.6363636363636364,0,0,0,23,327.21389998914674,192-168-33-0-9100|carts-db|queue-master|catalogue|orders-db,192-168-33-0-9100_node-disk-reads-completed-total,0.38263440860215053,31,31,0.48301075268817206,0.28225806451612906,30,26,24,0.4994126620900076,baseline-v2-20260723,cd270e7871bd358937d83d9a49829637fa80007d2964084ef229f578e3733bd3,ba75425861a059dafcc477474fc3e4ed1eafdc2b47d6fdd0557337035d29a960,2bdbec8c6cd435e8bb904c714a8d94511341b3bf386a75a9c20e5cfc8180bd3f,3521091,1693155472000000000,300
SS/payment_mem/2,SS,payment,mem,2,300,300,incident,0.5,3,0.5,baro,9,0.1111111111111111,0.0,0.36363636363636365,0,0,0,23,328.8880999898538,192-168-33-0-9100|session-db|192-168-37-154-9100|192-168-76-116-9100|catalogue-db,192-168-33-0-9100_node-memory-active-bytes,0.38129032258064516,31,31,0.4832258064516129,0.2793548387096774,30,26,24,0.4994126620900076,baseline-v2-20260723,cd270e7871bd358937d83d9a49829637fa80007d2964084ef229f578e3733bd3,ba75425861a059dafcc477474fc3e4ed1eafdc2b47d6fdd0557337035d29a960,2bdbec8c6cd435e8bb904c714a8d94511341b3bf386a75a9c20e5cfc8180bd3f,3521091,1693155472000000000,300
SS/payment_mem/2,SS,payment,mem,2,300,300,incident,0.5,3,0.5,median_shift,4,0.25,0.4,0.13636363636363635,0,0,1,23,124.13359998026863,carts|user|front-end|payment|user-db,carts_container-memory-usage-bytes,0.38129032258064516,31,31,0.4832258064516129,0.2793548387096774,30,26,24,0.4994126620900076,baseline-v2-20260723,cd270e7871bd358937d83d9a49829637fa80007d2964084ef229f578e3733bd3,ba75425861a059dafcc477474fc3e4ed1eafdc2b47d6fdd0557337035d29a960,2bdbec8c6cd435e8bb904c714a8d94511341b3bf386a75a9c20e5cfc8180bd3f,3521091,1693155472000000000,300
SS/payment_mem/2,SS,payment,mem,2,300,300,incident,0.5,3,0.5,nsigma,15,0.06666666666666667,0.0,0.6363636363636364,0,0,0,23,323.4078000532463,192-168-33-0-9100|carts-db|catalogue-db|192-168-76-116-9100|queue-master,192-168-33-0-9100_node-disk-reads-completed-total,0.38129032258064516,31,31,0.4832258064516129,0.2793548387096774,30,26,24,0.4994126620900076,baseline-v2-20260723,cd270e7871bd358937d83d9a49829637fa80007d2964084ef229f578e3733bd3,ba75425861a059dafcc477474fc3e4ed1eafdc2b47d6fdd0557337035d29a960,2bdbec8c6cd435e8bb904c714a8d94511341b3bf386a75a9c20e5cfc8180bd3f,3521091,1693155472000000000,300
SS/payment_mem/2,SS,payment,mem,2,300,300,incident,0.5,4,0.5,baro,15,0.06666666666666667,0.0,0.6363636363636364,0,0,0,23,353.7921999813989,192-168-33-0-9100|session-db|192-168-37-154-9100|catalogue-db|192-168-76-116-9100,192-168-33-0-9100_node-memory-active-bytes,0.37811827956989247,31,31,0.4796774193548387,0.27655913978494623,30,26,21,0.4994126620900076,baseline-v2-20260723,cd270e7871bd358937d83d9a49829637fa80007d2964084ef229f578e3733bd3,ba75425861a059dafcc477474fc3e4ed1eafdc2b47d6fdd0557337035d29a960,2bdbec8c6cd435e8bb904c714a8d94511341b3bf386a75a9c20e5cfc8180bd3f,3521091,1693155472000000000,300
SS/payment_mem/2,SS,payment,mem,2,300,300,incident,0.5,4,0.5,median_shift,17,0.058823529411764705,0.0,0.7272727272727273,0,0,0,23,107.11739998077974,front-end|catalogue|carts|rabbitmq|orders-db,front-end_container-memory-max-usage-bytes,0.37811827956989247,31,31,0.4796774193548387,0.27655913978494623,30,26,21,0.4994126620900076,baseline-v2-20260723,cd270e7871bd358937d83d9a49829637fa80007d2964084ef229f578e3733bd3,ba75425861a059dafcc477474fc3e4ed1eafdc2b47d6fdd0557337035d29a960,2bdbec8c6cd435e8bb904c714a8d94511341b3bf386a75a9c20e5cfc8180bd3f,3521091,1693155472000000000,300
SS/payment_mem/2,SS,payment,mem,2,300,300,incident,0.5,4,0.5,nsigma,20,0.05,0.0,0.8636363636363636,0,0,0,23,281.18230000836775,192-168-33-0-9100|carts-db|queue-master|orders-db|192-168-76-116-9100,192-168-33-0-9100_node-disk-reads-completed-total,0.37811827956989247,31,31,0.4796774193548387,0.27655913978494623,30,26,21,0.4994126620900076,baseline-v2-20260723,cd270e7871bd358937d83d9a49829637fa80007d2964084ef229f578e3733bd3,ba75425861a059dafcc477474fc3e4ed1eafdc2b47d6fdd0557337035d29a960,2bdbec8c6cd435e8bb904c714a8d94511341b3bf386a75a9c20e5cfc8180bd3f,3521091,1693155472000000000,300
SS/payment_mem/2,SS,payment,mem,2,300,300,incident,0.5,5,0.5,baro,11,0.09090909090909091,0.0,0.45454545454545453,0,0,0,23,374.32790000457317,192-168-33-0-9100|session-db|192-168-37-154-9100|192-168-76-116-9100|front-end,192-168-33-0-9100_node-memory-active-bytes,0.3772043010752688,31,31,0.4732258064516129,0.28118279569892474,30,28,23,0.4994126620900076,baseline-v2-20260723,cd270e7871bd358937d83d9a49829637fa80007d2964084ef229f578e3733bd3,ba75425861a059dafcc477474fc3e4ed1eafdc2b47d6fdd0557337035d29a960,2bdbec8c6cd435e8bb904c714a8d94511341b3bf386a75a9c20e5cfc8180bd3f,3521091,1693155472000000000,300
SS/payment_mem/2,SS,payment,mem,2,300,300,incident,0.5,5,0.5,median_shift,7,0.14285714285714285,0.0,0.2727272727272727,0,0,0,23,130.70850004442036,carts|front-end|user-db|queue|carts-db,carts_container-memory-usage-bytes,0.3772043010752688,31,31,0.4732258064516129,0.28118279569892474,30,28,23,0.4994126620900076,baseline-v2-20260723,cd270e7871bd358937d83d9a49829637fa80007d2964084ef229f578e3733bd3,ba75425861a059dafcc477474fc3e4ed1eafdc2b47d6fdd0557337035d29a960,2bdbec8c6cd435e8bb904c714a8d94511341b3bf386a75a9c20e5cfc8180bd3f,3521091,1693155472000000000,300
SS/payment_mem/2,SS,payment,mem,2,300,300,incident,0.5,5,0.5,nsigma,19,0.05263157894736842,0.0,0.8181818181818182,0,0,0,23,249.65660000452772,192-168-33-0-9100|queue-master|192-168-76-116-9100|carts-db|catalogue,192-168-33-0-9100_node-disk-read-bytes-total,0.3772043010752688,31,31,0.4732258064516129,0.28118279569892474,30,28,23,0.4994126620900076,baseline-v2-20260723,cd270e7871bd358937d83d9a49829637fa80007d2964084ef229f578e3733bd3,ba75425861a059dafcc477474fc3e4ed1eafdc2b47d6fdd0557337035d29a960,2bdbec8c6cd435e8bb904c714a8d94511341b3bf386a75a9c20e5cfc8180bd3f,3521091,1693155472000000000,300
SS/payment_mem/2,SS,payment,mem,2,300,300,incident,0.5,6,0.5,baro,8,0.125,0.0,0.3181818181818182,0,0,0,23,356.5066999872215,192-168-33-0-9100|session-db|192-168-37-154-9100|orders-db|192-168-76-116-9100,192-168-33-0-9100_node-memory-active-bytes,0.3799462365591398,31,31,0.4841935483870968,0.2756989247311828,30,27,23,0.4994126620900076,baseline-v2-20260723,cd270e7871bd358937d83d9a49829637fa80007d2964084ef229f578e3733bd3,ba75425861a059dafcc477474fc3e4ed1eafdc2b47d6fdd0557337035d29a960,2bdbec8c6cd435e8bb904c714a8d94511341b3bf386a75a9c20e5cfc8180bd3f,3521091,1693155472000000000,300
SS/payment_mem/2,SS,payment,mem,2,300,300,incident,0.5,6,0.5,median_shift,6,0.16666666666666666,0.0,0.22727272727272727,0,0,0,23,117.57080000825226,front-end|catalogue|user-db|shipping|carts,front-end_container-memory-max-usage-bytes,0.3799462365591398,31,31,0.4841935483870968,0.2756989247311828,30,27,23,0.4994126620900076,baseline-v2-20260723,cd270e7871bd358937d83d9a49829637fa80007d2964084ef229f578e3733bd3,ba75425861a059dafcc477474fc3e4ed1eafdc2b47d6fdd0557337035d29a960,2bdbec8c6cd435e8bb904c714a8d94511341b3bf386a75a9c20e5cfc8180bd3f,3521091,1693155472000000000,300
SS/payment_mem/2,SS,payment,mem,2,300,300,incident,0.5,6,0.5,nsigma,17,0.058823529411764705,0.0,0.7272727272727273,0,0,0,23,298.8859000033699,192-168-33-0-9100|queue-master|192-168-76-116-9100|carts-db|orders-db,192-168-33-0-9100_node-disk-read-bytes-total,0.3799462365591398,31,31,0.4841935483870968,0.2756989247311828,30,27,23,0.4994126620900076,baseline-v2-20260723,cd270e7871bd358937d83d9a49829637fa80007d2964084ef229f578e3733bd3,ba75425861a059dafcc477474fc3e4ed1eafdc2b47d6fdd0557337035d29a960,2bdbec8c6cd435e8bb904c714a8d94511341b3bf386a75a9c20e5cfc8180bd3f,3521091,1693155472000000000,300
SS/payment_mem/2,SS,payment,mem,2,300,300,incident,0.5,7,0.5,baro,15,0.06666666666666667,0.0,0.6363636363636364,0,0,0,23,376.92840001545846,192-168-33-0-9100|session-db|192-168-76-116-9100|192-168-37-154-9100|catalogue-db,192-168-33-0-9100_node-memory-active-bytes,0.38403225806451613,31,31,0.4838709677419355,0.28419354838709676,30,27,22,0.4994126620900076,baseline-v2-20260723,cd270e7871bd358937d83d9a49829637fa80007d2964084ef229f578e3733bd3,ba75425861a059dafcc477474fc3e4ed1eafdc2b47d6fdd0557337035d29a960,2bdbec8c6cd435e8bb904c714a8d94511341b3bf386a75a9c20e5cfc8180bd3f,3521091,1693155472000000000,300
SS/payment_mem/2,SS,payment,mem,2,300,300,incident,0.5,7,0.5,median_shift,12,0.08333333333333333,0.0,0.5,0,0,0,23,105.21480004535988,user-db|front-end|orders-db|queue-master|carts,user-db_container-memory-usage-bytes,0.38403225806451613,31,31,0.4838709677419355,0.28419354838709676,30,27,22,0.4994126620900076,baseline-v2-20260723,cd270e7871bd358937d83d9a49829637fa80007d2964084ef229f578e3733bd3,ba75425861a059dafcc477474fc3e4ed1eafdc2b47d6fdd0557337035d29a960,2bdbec8c6cd435e8bb904c714a8d94511341b3bf386a75a9c20e5cfc8180bd3f,3521091,1693155472000000000,300
SS/payment_mem/2,SS,payment,mem,2,300,300,incident,0.5,7,0.5,nsigma,15,0.06666666666666667,0.0,0.6363636363636364,0,0,0,23,311.5170000237413,192-168-33-0-9100|catalogue-db|queue-master|192-168-76-116-9100|carts-db,192-168-33-0-9100_node-disk-read-bytes-total,0.38403225806451613,31,31,0.4838709677419355,0.28419354838709676,30,27,22,0.4994126620900076,baseline-v2-20260723,cd270e7871bd358937d83d9a49829637fa80007d2964084ef229f578e3733bd3,ba75425861a059dafcc477474fc3e4ed1eafdc2b47d6fdd0557337035d29a960,2bdbec8c6cd435e8bb904c714a8d94511341b3bf386a75a9c20e5cfc8180bd3f,3521091,1693155472000000000,300
SS/payment_mem/2,SS,payment,mem,2,300,300,incident,0.5,8,0.5,baro,16,0.0625,0.0,0.6818181818181818,0,0,0,23,402.2734999889508,192-168-33-0-9100|session-db|192-168-37-154-9100|192-168-76-116-9100|orders-db,192-168-33-0-9100_node-memory-active-bytes,0.38225806451612904,31,31,0.4904301075268817,0.27408602150537636,30,27,23,0.4994126620900076,baseline-v2-20260723,cd270e7871bd358937d83d9a49829637fa80007d2964084ef229f578e3733bd3,ba75425861a059dafcc477474fc3e4ed1eafdc2b47d6fdd0557337035d29a960,2bdbec8c6cd435e8bb904c714a8d94511341b3bf386a75a9c20e5cfc8180bd3f,3521091,1693155472000000000,300
SS/payment_mem/2,SS,payment,mem,2,300,300,incident,0.5,8,0.5,median_shift,7,0.14285714285714285,0.0,0.2727272727272727,0,0,0,23,116.60160002065822,front-end|carts|orders-db|192-168-76-116-9100|carts-db,front-end_container-memory-max-usage-bytes,0.38225806451612904,31,31,0.4904301075268817,0.27408602150537636,30,27,23,0.4994126620900076,baseline-v2-20260723,cd270e7871bd358937d83d9a49829637fa80007d2964084ef229f578e3733bd3,ba75425861a059dafcc477474fc3e4ed1eafdc2b47d6fdd0557337035d29a960,2bdbec8c6cd435e8bb904c714a8d94511341b3bf386a75a9c20e5cfc8180bd3f,3521091,1693155472000000000,300
SS/payment_mem/2,SS,payment,mem,2,300,300,incident,0.5,8,0.5,nsigma,19,0.05263157894736842,0.0,0.8181818181818182,0,0,0,23,301.9346000510268,192-168-33-0-9100|catalogue-db|192-168-76-116-9100|queue-master|carts-db,192-168-33-0-9100_node-disk-reads-completed-total,0.38225806451612904,31,31,0.4904301075268817,0.27408602150537636,30,27,23,0.4994126620900076,baseline-v2-20260723,cd270e7871bd358937d83d9a49829637fa80007d2964084ef229f578e3733bd3,ba75425861a059dafcc477474fc3e4ed1eafdc2b47d6fdd0557337035d29a960,2bdbec8c6cd435e8bb904c714a8d94511341b3bf386a75a9c20e5cfc8180bd3f,3521091,1693155472000000000,300
SS/payment_mem/2,SS,payment,mem,2,300,300,incident,0.5,9,0.5,baro,11,0.09090909090909091,0.0,0.45454545454545453,0,0,0,23,306.66599998949096,192-168-33-0-9100|session-db|192-168-37-154-9100|orders-db|shipping,192-168-33-0-9100_node-memory-active-bytes,0.3832258064516129,31,31,0.4882795698924731,0.2781720430107527,30,26,23,0.4994126620900076,baseline-v2-20260723,cd270e7871bd358937d83d9a49829637fa80007d2964084ef229f578e3733bd3,ba75425861a059dafcc477474fc3e4ed1eafdc2b47d6fdd0557337035d29a960,2bdbec8c6cd435e8bb904c714a8d94511341b3bf386a75a9c20e5cfc8180bd3f,3521091,1693155472000000000,300
SS/payment_mem/2,SS,payment,mem,2,300,300,incident,0.5,9,0.5,median_shift,15,0.06666666666666667,0.0,0.6363636363636364,0,0,0,23,119.4085999741219,queue-master|user-db|carts-db|catalogue|orders-db,queue-master_container-memory-rss,0.3832258064516129,31,31,0.4882795698924731,0.2781720430107527,30,26,23,0.4994126620900076,baseline-v2-20260723,cd270e7871bd358937d83d9a49829637fa80007d2964084ef229f578e3733bd3,ba75425861a059dafcc477474fc3e4ed1eafdc2b47d6fdd0557337035d29a960,2bdbec8c6cd435e8bb904c714a8d94511341b3bf386a75a9c20e5cfc8180bd3f,3521091,1693155472000000000,300
SS/payment_mem/2,SS,payment,mem,2,300,300,incident,0.5,9,0.5,nsigma,20,0.05,0.0,0.8636363636363636,0,0,0,23,272.40839996375144,192-168-33-0-9100|carts-db|queue-master|catalogue-db|192-168-76-116-9100,192-168-33-0-9100_node-disk-read-bytes-total,0.3832258064516129,31,31,0.4882795698924731,0.2781720430107527,30,26,23,0.4994126620900076,baseline-v2-20260723,cd270e7871bd358937d83d9a49829637fa80007d2964084ef229f578e3733bd3,ba75425861a059dafcc477474fc3e4ed1eafdc2b47d6fdd0557337035d29a960,2bdbec8c6cd435e8bb904c714a8d94511341b3bf386a75a9c20e5cfc8180bd3f,3521091,1693155472000000000,300
SS/payment_mem/2,SS,payment,mem,2,300,300,none,0.0,0,0.0,baro,2,0.5,0.8,0.045454545454545456,0,1,1,23,386.00150001002476,192-168-33-0-9100|payment|orders-db|front-end|session-db,192-168-33-0-9100_node-memory-active-bytes,0.9834408602150537,31,31,0.967741935483871,0.9991397849462366,30,31,30,0.9988253241800152,baseline-v2-20260723,cd270e7871bd358937d83d9a49829637fa80007d2964084ef229f578e3733bd3,ba75425861a059dafcc477474fc3e4ed1eafdc2b47d6fdd0557337035d29a960,2bdbec8c6cd435e8bb904c714a8d94511341b3bf386a75a9c20e5cfc8180bd3f,3521091,1693155472000000000,300
SS/payment_mem/2,SS,payment,mem,2,300,300,none,0.0,0,0.0,median_shift,3,0.3333333333333333,0.6,0.09090909090909091,0,1,1,23,81.12370001617819,192-168-33-0-9100|carts|payment|session-db|front-end,192-168-33-0-9100_node-memory-active-bytes,0.9834408602150537,31,31,0.967741935483871,0.9991397849462366,30,31,30,0.9988253241800152,baseline-v2-20260723,cd270e7871bd358937d83d9a49829637fa80007d2964084ef229f578e3733bd3,ba75425861a059dafcc477474fc3e4ed1eafdc2b47d6fdd0557337035d29a960,2bdbec8c6cd435e8bb904c714a8d94511341b3bf386a75a9c20e5cfc8180bd3f,3521091,1693155472000000000,300
SS/payment_mem/2,SS,payment,mem,2,300,300,none,0.0,0,0.0,nsigma,1,1.0,1.0,0.0,1,1,1,23,315.0716000236571,payment|front-end|orders|shipping|queue-master,payment_istio-latency-95,0.9834408602150537,31,31,0.967741935483871,0.9991397849462366,30,31,30,0.9988253241800152,baseline-v2-20260723,cd270e7871bd358937d83d9a49829637fa80007d2964084ef229f578e3733bd3,ba75425861a059dafcc477474fc3e4ed1eafdc2b47d6fdd0557337035d29a960,2bdbec8c6cd435e8bb904c714a8d94511341b3bf386a75a9c20e5cfc8180bd3f,3521091,1693155472000000000,300
SS/payment_mem/2,SS,payment,mem,2,300,300,point,0.1,0,0.09999923632642463,baro,2,0.5,0.8,0.045454545454545456,0,1,1,23,367.6250000135042,192-168-33-0-9100|payment|orders-db|front-end|session-db,192-168-33-0-9100_node-memory-active-bytes,0.885752688172043,31,31,0.8722580645161291,0.899247311827957,30,31,30,0.8989435545385203,baseline-v2-20260723,cd270e7871bd358937d83d9a49829637fa80007d2964084ef229f578e3733bd3,ba75425861a059dafcc477474fc3e4ed1eafdc2b47d6fdd0557337035d29a960,2bdbec8c6cd435e8bb904c714a8d94511341b3bf386a75a9c20e5cfc8180bd3f,3521091,1693155472000000000,300
SS/payment_mem/2,SS,payment,mem,2,300,300,point,0.1,0,0.09999923632642463,median_shift,3,0.3333333333333333,0.6,0.09090909090909091,0,1,1,23,96.19240002939478,192-168-33-0-9100|carts|payment|session-db|front-end,192-168-33-0-9100_node-memory-active-bytes,0.885752688172043,31,31,0.8722580645161291,0.899247311827957,30,31,30,0.8989435545385203,baseline-v2-20260723,cd270e7871bd358937d83d9a49829637fa80007d2964084ef229f578e3733bd3,ba75425861a059dafcc477474fc3e4ed1eafdc2b47d6fdd0557337035d29a960,2bdbec8c6cd435e8bb904c714a8d94511341b3bf386a75a9c20e5cfc8180bd3f,3521091,1693155472000000000,300
SS/payment_mem/2,SS,payment,mem,2,300,300,point,0.1,0,0.09999923632642463,nsigma,1,1.0,1.0,0.0,1,1,1,23,345.81089997664094,payment|front-end|orders|queue-master|shipping,payment_istio-latency-95,0.885752688172043,31,31,0.8722580645161291,0.899247311827957,30,31,30,0.8989435545385203,baseline-v2-20260723,cd270e7871bd358937d83d9a49829637fa80007d2964084ef229f578e3733bd3,ba75425861a059dafcc477474fc3e4ed1eafdc2b47d6fdd0557337035d29a960,2bdbec8c6cd435e8bb904c714a8d94511341b3bf386a75a9c20e5cfc8180bd3f,3521091,1693155472000000000,300
SS/payment_mem/2,SS,payment,mem,2,300,300,point,0.1,1,0.09999923632642463,baro,2,0.5,0.8,0.045454545454545456,0,1,1,23,340.8079000073485,192-168-33-0-9100|payment|orders-db|front-end|session-db,192-168-33-0-9100_node-memory-active-bytes,0.8873655913978494,31,31,0.871505376344086,0.9032258064516129,30,31,30,0.8989435545385203,baseline-v2-20260723,cd270e7871bd358937d83d9a49829637fa80007d2964084ef229f578e3733bd3,ba75425861a059dafcc477474fc3e4ed1eafdc2b47d6fdd0557337035d29a960,2bdbec8c6cd435e8bb904c714a8d94511341b3bf386a75a9c20e5cfc8180bd3f,3521091,1693155472000000000,300
SS/payment_mem/2,SS,payment,mem,2,300,300,point,0.1,1,0.09999923632642463,median_shift,3,0.3333333333333333,0.6,0.09090909090909091,0,1,1,23,115.42119999649003,192-168-33-0-9100|carts|payment|session-db|front-end,192-168-33-0-9100_node-memory-active-bytes,0.8873655913978494,31,31,0.871505376344086,0.9032258064516129,30,31,30,0.8989435545385203,baseline-v2-20260723,cd270e7871bd358937d83d9a49829637fa80007d2964084ef229f578e3733bd3,ba75425861a059dafcc477474fc3e4ed1eafdc2b47d6fdd0557337035d29a960,2bdbec8c6cd435e8bb904c714a8d94511341b3bf386a75a9c20e5cfc8180bd3f,3521091,1693155472000000000,300
SS/payment_mem/2,SS,payment,mem,2,300,300,point,0.1,1,0.09999923632642463,nsigma,1,1.0,1.0,0.0,1,1,1,23,346.12770000239834,payment|front-end|orders|shipping|queue-master,payment_istio-latency-95,0.8873655913978494,31,31,0.871505376344086,0.9032258064516129,30,31,30,0.8989435545385203,baseline-v2-20260723,cd270e7871bd358937d83d9a49829637fa80007d2964084ef229f578e3733bd3,ba75425861a059dafcc477474fc3e4ed1eafdc2b47d6fdd0557337035d29a960,2bdbec8c6cd435e8bb904c714a8d94511341b3bf386a75a9c20e5cfc8180bd3f,3521091,1693155472000000000,300
SS/payment_mem/2,SS,payment,mem,2,300,300,point,0.1,2,0.09999923632642463,baro,2,0.5,0.8,0.045454545454545456,0,1,1,23,339.87989998422563,192-168-33-0-9100|payment|orders-db|front-end|session-db,192-168-33-0-9100_node-memory-active-bytes,0.8859139784946236,31,31,0.871505376344086,0.9003225806451612,30,31,30,0.8989435545385203,baseline-v2-20260723,cd270e7871bd358937d83d9a49829637fa80007d2964084ef229f578e3733bd3,ba75425861a059dafcc477474fc3e4ed1eafdc2b47d6fdd0557337035d29a960,2bdbec8c6cd435e8bb904c714a8d94511341b3bf386a75a9c20e5cfc8180bd3f,3521091,1693155472000000000,300
SS/payment_mem/2,SS,payment,mem,2,300,300,point,0.1,2,0.09999923632642463,median_shift,3,0.3333333333333333,0.6,0.09090909090909091,0,1,1,23,115.5066000064835,192-168-33-0-9100|carts|payment|session-db|front-end,192-168-33-0-9100_node-memory-active-bytes,0.8859139784946236,31,31,0.871505376344086,0.9003225806451612,30,31,30,0.8989435545385203,baseline-v2-20260723,cd270e7871bd358937d83d9a49829637fa80007d2964084ef229f578e3733bd3,ba75425861a059dafcc477474fc3e4ed1eafdc2b47d6fdd0557337035d29a960,2bdbec8c6cd435e8bb904c714a8d94511341b3bf386a75a9c20e5cfc8180bd3f,3521091,1693155472000000000,300
SS/payment_mem/2,SS,payment,mem,2,300,300,point,0.1,2,0.09999923632642463,nsigma,1,1.0,1.0,0.0,1,1,1,23,288.47919998224825,payment|front-end|orders|queue-master|shipping,payment_istio-latency-95,0.8859139784946236,31,31,0.871505376344086,0.9003225806451612,30,31,30,0.8989435545385203,baseline-v2-20260723,cd270e7871bd358937d83d9a49829637fa80007d2964084ef229f578e3733bd3,ba75425861a059dafcc477474fc3e4ed1eafdc2b47d6fdd0557337035d29a960,2bdbec8c6cd435e8bb904c714a8d94511341b3bf386a75a9c20e5cfc8180bd3f,3521091,1693155472000000000,300
SS/payment_mem/2,SS,payment,mem,2,300,300,point,0.1,3,0.09999923632642463,baro,2,0.5,0.8,0.045454545454545456,0,1,1,23,371.95689999498427,192-168-33-0-9100|payment|orders-db|front-end|session-db,192-168-33-0-9100_node-memory-active-bytes,0.8856451612903226,31,31,0.8710752688172043,0.9002150537634409,30,31,30,0.8989435545385203,baseline-v2-20260723,cd270e7871bd358937d83d9a49829637fa80007d2964084ef229f578e3733bd3,ba75425861a059dafcc477474fc3e4ed1eafdc2b47d6fdd0557337035d29a960,2bdbec8c6cd435e8bb904c714a8d94511341b3bf386a75a9c20e5cfc8180bd3f,3521091,1693155472000000000,300
SS/payment_mem/2,SS,payment,mem,2,300,300,point,0.1,3,0.09999923632642463,median_shift,3,0.3333333333333333,0.6,0.09090909090909091,0,1,1,23,85.58489999268204,192-168-33-0-9100|carts|payment|session-db|front-end,192-168-33-0-9100_node-memory-active-bytes,0.8856451612903226,31,31,0.8710752688172043,0.9002150537634409,30,31,30,0.8989435545385203,baseline-v2-20260723,cd270e7871bd358937d83d9a49829637fa80007d2964084ef229f578e3733bd3,ba75425861a059dafcc477474fc3e4ed1eafdc2b47d6fdd0557337035d29a960,2bdbec8c6cd435e8bb904c714a8d94511341b3bf386a75a9c20e5cfc8180bd3f,3521091,1693155472000000000,300
SS/payment_mem/2,SS,payment,mem,2,300,300,point,0.1,3,0.09999923632642463,nsigma,1,1.0,1.0,0.0,1,1,1,23,289.74619996733963,payment|front-end|orders|shipping|queue-master,payment_istio-latency-95,0.8856451612903226,31,31,0.8710752688172043,0.9002150537634409,30,31,30,0.8989435545385203,baseline-v2-20260723,cd270e7871bd358937d83d9a49829637fa80007d2964084ef229f578e3733bd3,ba75425861a059dafcc477474fc3e4ed1eafdc2b47d6fdd0557337035d29a960,2bdbec8c6cd435e8bb904c714a8d94511341b3bf386a75a9c20e5cfc8180bd3f,3521091,1693155472000000000,300
SS/payment_mem/2,SS,payment,mem,2,300,300,point,0.1,4,0.09999923632642463,baro,2,0.5,0.8,0.045454545454545456,0,1,1,23,390.67290001548827,192-168-33-0-9100|payment|orders-db|front-end|session-db,192-168-33-0-9100_node-memory-active-bytes,0.8869354838709678,31,31,0.8737634408602151,0.9001075268817205,30,31,30,0.8989435545385203,baseline-v2-20260723,cd270e7871bd358937d83d9a49829637fa80007d2964084ef229f578e3733bd3,ba75425861a059dafcc477474fc3e4ed1eafdc2b47d6fdd0557337035d29a960,2bdbec8c6cd435e8bb904c714a8d94511341b3bf386a75a9c20e5cfc8180bd3f,3521091,1693155472000000000,300
SS/payment_mem/2,SS,payment,mem,2,300,300,point,0.1,4,0.09999923632642463,median_shift,3,0.3333333333333333,0.6,0.09090909090909091,0,1,1,23,119.3780999747105,192-168-33-0-9100|carts|payment|session-db|front-end,192-168-33-0-9100_node-memory-active-bytes,0.8869354838709678,31,31,0.8737634408602151,0.9001075268817205,30,31,30,0.8989435545385203,baseline-v2-20260723,cd270e7871bd358937d83d9a49829637fa80007d2964084ef229f578e3733bd3,ba75425861a059dafcc477474fc3e4ed1eafdc2b47d6fdd0557337035d29a960,2bdbec8c6cd435e8bb904c714a8d94511341b3bf386a75a9c20e5cfc8180bd3f,3521091,1693155472000000000,300
SS/payment_mem/2,SS,payment,mem,2,300,300,point,0.1,4,0.09999923632642463,nsigma,1,1.0,1.0,0.0,1,1,1,23,304.91409997921437,payment|front-end|orders|shipping|catalogue-db,payment_istio-latency-95,0.8869354838709678,31,31,0.8737634408602151,0.9001075268817205,30,31,30,0.8989435545385203,baseline-v2-20260723,cd270e7871bd358937d83d9a49829637fa80007d2964084ef229f578e3733bd3,ba75425861a059dafcc477474fc3e4ed1eafdc2b47d6fdd0557337035d29a960,2bdbec8c6cd435e8bb904c714a8d94511341b3bf386a75a9c20e5cfc8180bd3f,3521091,1693155472000000000,300
SS/payment_mem/2,SS,payment,mem,2,300,300,point,0.1,5,0.09999923632642463,baro,2,0.5,0.8,0.045454545454545456,0,1,1,23,335.48599999630824,192-168-33-0-9100|payment|orders-db|front-end|session-db,192-168-33-0-9100_node-memory-active-bytes,0.8848924731182796,31,31,0.8670967741935484,0.9026881720430108,30,31,30,0.8989435545385203,baseline-v2-20260723,cd270e7871bd358937d83d9a49829637fa80007d2964084ef229f578e3733bd3,ba75425861a059dafcc477474fc3e4ed1eafdc2b47d6fdd0557337035d29a960,2bdbec8c6cd435e8bb904c714a8d94511341b3bf386a75a9c20e5cfc8180bd3f,3521091,1693155472000000000,300
SS/payment_mem/2,SS,payment,mem,2,300,300,point,0.1,5,0.09999923632642463,median_shift,3,0.3333333333333333,0.6,0.09090909090909091,0,1,1,23,102.19360003247857,192-168-33-0-9100|carts|payment|session-db|front-end,192-168-33-0-9100_node-memory-active-bytes,0.8848924731182796,31,31,0.8670967741935484,0.9026881720430108,30,31,30,0.8989435545385203,baseline-v2-20260723,cd270e7871bd358937d83d9a49829637fa80007d2964084ef229f578e3733bd3,ba75425861a059dafcc477474fc3e4ed1eafdc2b47d6fdd0557337035d29a960,2bdbec8c6cd435e8bb904c714a8d94511341b3bf386a75a9c20e5cfc8180bd3f,3521091,1693155472000000000,300
SS/payment_mem/2,SS,payment,mem,2,300,300,point,0.1,5,0.09999923632642463,nsigma,1,1.0,1.0,0.0,1,1,1,23,300.05029996391386,payment|front-end|orders|shipping|queue-master,payment_istio-latency-95,0.8848924731182796,31,31,0.8670967741935484,0.9026881720430108,30,31,30,0.8989435545385203,baseline-v2-20260723,cd270e7871bd358937d83d9a49829637fa80007d2964084ef229f578e3733bd3,ba75425861a059dafcc477474fc3e4ed1eafdc2b47d6fdd0557337035d29a960,2bdbec8c6cd435e8bb904c714a8d94511341b3bf386a75a9c20e5cfc8180bd3f,3521091,1693155472000000000,300
SS/payment_mem/2,SS,payment,mem,2,300,300,point,0.1,6,0.09999923632642463,baro,2,0.5,0.8,0.045454545454545456,0,1,1,23,398.2343000243418,192-168-33-0-9100|payment|orders-db|front-end|session-db,192-168-33-0-9100_node-memory-active-bytes,0.8863978494623656,31,31,0.8735483870967742,0.899247311827957,30,31,30,0.8989435545385203,baseline-v2-20260723,cd270e7871bd358937d83d9a49829637fa80007d2964084ef229f578e3733bd3,ba75425861a059dafcc477474fc3e4ed1eafdc2b47d6fdd0557337035d29a960,2bdbec8c6cd435e8bb904c714a8d94511341b3bf386a75a9c20e5cfc8180bd3f,3521091,1693155472000000000,300
SS/payment_mem/2,SS,payment,mem,2,300,300,point,0.1,6,0.09999923632642463,median_shift,3,0.3333333333333333,0.6,0.09090909090909091,0,1,1,23,101.6313000000082,192-168-33-0-9100|carts|payment|session-db|front-end,192-168-33-0-9100_node-memory-active-bytes,0.8863978494623656,31,31,0.8735483870967742,0.899247311827957,30,31,30,0.8989435545385203,baseline-v2-20260723,cd270e7871bd358937d83d9a49829637fa80007d2964084ef229f578e3733bd3,ba75425861a059dafcc477474fc3e4ed1eafdc2b47d6fdd0557337035d29a960,2bdbec8c6cd435e8bb904c714a8d94511341b3bf386a75a9c20e5cfc8180bd3f,3521091,1693155472000000000,300
SS/payment_mem/2,SS,payment,mem,2,300,300,point,0.1,6,0.09999923632642463,nsigma,1,1.0,1.0,0.0,1,1,1,23,347.15379995759577,payment|front-end|orders|shipping|queue-master,payment_istio-latency-95,0.8863978494623656,31,31,0.8735483870967742,0.899247311827957,30,31,30,0.8989435545385203,baseline-v2-20260723,cd270e7871bd358937d83d9a49829637fa80007d2964084ef229f578e3733bd3,ba75425861a059dafcc477474fc3e4ed1eafdc2b47d6fdd0557337035d29a960,2bdbec8c6cd435e8bb904c714a8d94511341b3bf386a75a9c20e5cfc8180bd3f,3521091,1693155472000000000,300
SS/payment_mem/2,SS,payment,mem,2,300,300,point,0.1,7,0.09999923632642463,baro,2,0.5,0.8,0.045454545454545456,0,1,1,23,360.61199998948723,192-168-33-0-9100|payment|orders-db|front-end|session-db,192-168-33-0-9100_node-memory-active-bytes,0.8868817204301075,31,31,0.8731182795698925,0.9006451612903226,30,31,30,0.8989435545385203,baseline-v2-20260723,cd270e7871bd358937d83d9a49829637fa80007d2964084ef229f578e3733bd3,ba75425861a059dafcc477474fc3e4ed1eafdc2b47d6fdd0557337035d29a960,2bdbec8c6cd435e8bb904c714a8d94511341b3bf386a75a9c20e5cfc8180bd3f,3521091,1693155472000000000,300
SS/payment_mem/2,SS,payment,mem,2,300,300,point,0.1,7,0.09999923632642463,median_shift,3,0.3333333333333333,0.6,0.09090909090909091,0,1,1,23,115.12560001574457,192-168-33-0-9100|carts|payment|session-db|front-end,192-168-33-0-9100_node-memory-active-bytes,0.8868817204301075,31,31,0.8731182795698925,0.9006451612903226,30,31,30,0.8989435545385203,baseline-v2-20260723,cd270e7871bd358937d83d9a49829637fa80007d2964084ef229f578e3733bd3,ba75425861a059dafcc477474fc3e4ed1eafdc2b47d6fdd0557337035d29a960,2bdbec8c6cd435e8bb904c714a8d94511341b3bf386a75a9c20e5cfc8180bd3f,3521091,1693155472000000000,300
SS/payment_mem/2,SS,payment,mem,2,300,300,point,0.1,7,0.09999923632642463,nsigma,1,1.0,1.0,0.0,1,1,1,23,433.17389994626865,payment|front-end|orders|shipping|queue-master,payment_istio-latency-95,0.8868817204301075,31,31,0.8731182795698925,0.9006451612903226,30,31,30,0.8989435545385203,baseline-v2-20260723,cd270e7871bd358937d83d9a49829637fa80007d2964084ef229f578e3733bd3,ba75425861a059dafcc477474fc3e4ed1eafdc2b47d6fdd0557337035d29a960,2bdbec8c6cd435e8bb904c714a8d94511341b3bf386a75a9c20e5cfc8180bd3f,3521091,1693155472000000000,300
SS/payment_mem/2,SS,payment,mem,2,300,300,point,0.1,8,0.09999923632642463,baro,2,0.5,0.8,0.045454545454545456,0,1,1,23,409.38480000477284,192-168-33-0-9100|payment|orders-db|front-end|session-db,192-168-33-0-9100_node-memory-active-bytes,0.8866129032258064,31,31,0.8712903225806452,0.9019354838709678,30,31,30,0.8989435545385203,baseline-v2-20260723,cd270e7871bd358937d83d9a49829637fa80007d2964084ef229f578e3733bd3,ba75425861a059dafcc477474fc3e4ed1eafdc2b47d6fdd0557337035d29a960,2bdbec8c6cd435e8bb904c714a8d94511341b3bf386a75a9c20e5cfc8180bd3f,3521091,1693155472000000000,300
SS/payment_mem/2,SS,payment,mem,2,300,300,point,0.1,8,0.09999923632642463,median_shift,3,0.3333333333333333,0.6,0.09090909090909091,0,1,1,23,119.53909997828305,192-168-33-0-9100|carts|payment|session-db|front-end,192-168-33-0-9100_node-memory-active-bytes,0.8866129032258064,31,31,0.8712903225806452,0.9019354838709678,30,31,30,0.8989435545385203,baseline-v2-20260723,cd270e7871bd358937d83d9a49829637fa80007d2964084ef229f578e3733bd3,ba75425861a059dafcc477474fc3e4ed1eafdc2b47d6fdd0557337035d29a960,2bdbec8c6cd435e8bb904c714a8d94511341b3bf386a75a9c20e5cfc8180bd3f,3521091,1693155472000000000,300
SS/payment_mem/2,SS,payment,mem,2,300,300,point,0.1,8,0.09999923632642463,nsigma,1,1.0,1.0,0.0,1,1,1,23,341.18149999994785,payment|front-end|orders|shipping|queue-master,payment_istio-latency-95,0.8866129032258064,31,31,0.8712903225806452,0.9019354838709678,30,31,30,0.8989435545385203,baseline-v2-20260723,cd270e7871bd358937d83d9a49829637fa80007d2964084ef229f578e3733bd3,ba75425861a059dafcc477474fc3e4ed1eafdc2b47d6fdd0557337035d29a960,2bdbec8c6cd435e8bb904c714a8d94511341b3bf386a75a9c20e5cfc8180bd3f,3521091,1693155472000000000,300
SS/payment_mem/2,SS,payment,mem,2,300,300,point,0.1,9,0.09999923632642463,baro,2,0.5,0.8,0.045454545454545456,0,1,1,23,370.65669998992234,192-168-33-0-9100|payment|orders-db|front-end|session-db,192-168-33-0-9100_node-memory-active-bytes,0.8835483870967742,31,31,0.8686021505376345,0.8984946236559139,30,31,30,0.8989435545385203,baseline-v2-20260723,cd270e7871bd358937d83d9a49829637fa80007d2964084ef229f578e3733bd3,ba75425861a059dafcc477474fc3e4ed1eafdc2b47d6fdd0557337035d29a960,2bdbec8c6cd435e8bb904c714a8d94511341b3bf386a75a9c20e5cfc8180bd3f,3521091,1693155472000000000,300
SS/payment_mem/2,SS,payment,mem,2,300,300,point,0.1,9,0.09999923632642463,median_shift,3,0.3333333333333333,0.6,0.09090909090909091,0,1,1,23,87.84079999895766,192-168-33-0-9100|carts|payment|session-db|front-end,192-168-33-0-9100_node-memory-active-bytes,0.8835483870967742,31,31,0.8686021505376345,0.8984946236559139,30,31,30,0.8989435545385203,baseline-v2-20260723,cd270e7871bd358937d83d9a49829637fa80007d2964084ef229f578e3733bd3,ba75425861a059dafcc477474fc3e4ed1eafdc2b47d6fdd0557337035d29a960,2bdbec8c6cd435e8bb904c714a8d94511341b3bf386a75a9c20e5cfc8180bd3f,3521091,1693155472000000000,300
SS/payment_mem/2,SS,payment,mem,2,300,300,point,0.1,9,0.09999923632642463,nsigma,1,1.0,1.0,0.0,1,1,1,23,329.44649999262765,payment|front-end|orders|shipping|queue-master,payment_istio-latency-95,0.8835483870967742,31,31,0.8686021505376345,0.8984946236559139,30,31,30,0.8989435545385203,baseline-v2-20260723,cd270e7871bd358937d83d9a49829637fa80007d2964084ef229f578e3733bd3,ba75425861a059dafcc477474fc3e4ed1eafdc2b47d6fdd0557337035d29a960,2bdbec8c6cd435e8bb904c714a8d94511341b3bf386a75a9c20e5cfc8180bd3f,3521091,1693155472000000000,300
SS/payment_mem/2,SS,payment,mem,2,300,300,point,0.3,0,0.30000152734715074,baro,2,0.5,0.8,0.045454545454545456,0,1,1,23,328.16579996142536,192-168-33-0-9100|payment|orders-db|front-end|session-db,192-168-33-0-9100_node-memory-active-bytes,0.6901075268817204,31,31,0.6761290322580645,0.7040860215053764,30,31,30,0.6991762013729977,baseline-v2-20260723,cd270e7871bd358937d83d9a49829637fa80007d2964084ef229f578e3733bd3,ba75425861a059dafcc477474fc3e4ed1eafdc2b47d6fdd0557337035d29a960,2bdbec8c6cd435e8bb904c714a8d94511341b3bf386a75a9c20e5cfc8180bd3f,3521091,1693155472000000000,300
SS/payment_mem/2,SS,payment,mem,2,300,300,point,0.3,0,0.30000152734715074,median_shift,3,0.3333333333333333,0.6,0.09090909090909091,0,1,1,23,85.85879998281598,192-168-33-0-9100|carts|payment|session-db|front-end,192-168-33-0-9100_node-memory-active-bytes,0.6901075268817204,31,31,0.6761290322580645,0.7040860215053764,30,31,30,0.6991762013729977,baseline-v2-20260723,cd270e7871bd358937d83d9a49829637fa80007d2964084ef229f578e3733bd3,ba75425861a059dafcc477474fc3e4ed1eafdc2b47d6fdd0557337035d29a960,2bdbec8c6cd435e8bb904c714a8d94511341b3bf386a75a9c20e5cfc8180bd3f,3521091,1693155472000000000,300
SS/payment_mem/2,SS,payment,mem,2,300,300,point,0.3,0,0.30000152734715074,nsigma,1,1.0,1.0,0.0,1,1,1,23,288.990399974864,payment|front-end|orders|shipping|queue-master,payment_istio-latency-95,0.6901075268817204,31,31,0.6761290322580645,0.7040860215053764,30,31,30,0.6991762013729977,baseline-v2-20260723,cd270e7871bd358937d83d9a49829637fa80007d2964084ef229f578e3733bd3,ba75425861a059dafcc477474fc3e4ed1eafdc2b47d6fdd0557337035d29a960,2bdbec8c6cd435e8bb904c714a8d94511341b3bf386a75a9c20e5cfc8180bd3f,3521091,1693155472000000000,300
SS/payment_mem/2,SS,payment,mem,2,300,300,point,0.3,1,0.30000152734715074,baro,2,0.5,0.8,0.045454545454545456,0,1,1,23,332.175100047607,192-168-33-0-9100|payment|orders-db|front-end|session-db,192-168-33-0-9100_node-memory-active-bytes,0.6909677419354838,31,31,0.6796774193548387,0.702258064516129,30,31,30,0.6991762013729977,baseline-v2-20260723,cd270e7871bd358937d83d9a49829637fa80007d2964084ef229f578e3733bd3,ba75425861a059dafcc477474fc3e4ed1eafdc2b47d6fdd0557337035d29a960,2bdbec8c6cd435e8bb904c714a8d94511341b3bf386a75a9c20e5cfc8180bd3f,3521091,1693155472000000000,300
SS/payment_mem/2,SS,payment,mem,2,300,300,point,0.3,1,0.30000152734715074,median_shift,3,0.3333333333333333,0.6,0.09090909090909091,0,1,1,23,134.74040001165122,192-168-33-0-9100|carts|payment|session-db|front-end,192-168-33-0-9100_node-memory-active-bytes,0.6909677419354838,31,31,0.6796774193548387,0.702258064516129,30,31,30,0.6991762013729977,baseline-v2-20260723,cd270e7871bd358937d83d9a49829637fa80007d2964084ef229f578e3733bd3,ba75425861a059dafcc477474fc3e4ed1eafdc2b47d6fdd0557337035d29a960,2bdbec8c6cd435e8bb904c714a8d94511341b3bf386a75a9c20e5cfc8180bd3f,3521091,1693155472000000000,300
SS/payment_mem/2,SS,payment,mem,2,300,300,point,0.3,1,0.30000152734715074,nsigma,1,1.0,1.0,0.0,1,1,1,23,331.53299998957664,payment|front-end|orders|shipping|catalogue-db,payment_istio-latency-95,0.6909677419354838,31,31,0.6796774193548387,0.702258064516129,30,31,30,0.6991762013729977,baseline-v2-20260723,cd270e7871bd358937d83d9a49829637fa80007d2964084ef229f578e3733bd3,ba75425861a059dafcc477474fc3e4ed1eafdc2b47d6fdd0557337035d29a960,2bdbec8c6cd435e8bb904c714a8d94511341b3bf386a75a9c20e5cfc8180bd3f,3521091,1693155472000000000,300
SS/payment_mem/2,SS,payment,mem,2,300,300,point,0.3,2,0.30000152734715074,baro,2,0.5,0.8,0.045454545454545456,0,1,1,23,346.32710000732914,192-168-33-0-9100|payment|orders-db|front-end|session-db,192-168-33-0-9100_node-memory-active-bytes,0.6883870967741935,31,31,0.6770967741935484,0.6996774193548387,30,31,30,0.6991762013729977,baseline-v2-20260723,cd270e7871bd358937d83d9a49829637fa80007d2964084ef229f578e3733bd3,ba75425861a059dafcc477474fc3e4ed1eafdc2b47d6fdd0557337035d29a960,2bdbec8c6cd435e8bb904c714a8d94511341b3bf386a75a9c20e5cfc8180bd3f,3521091,1693155472000000000,300
SS/payment_mem/2,SS,payment,mem,2,300,300,point,0.3,2,0.30000152734715074,median_shift,3,0.3333333333333333,0.6,0.09090909090909091,0,1,1,23,84.9515000008978,192-168-33-0-9100|carts|payment|session-db|front-end,192-168-33-0-9100_node-memory-active-bytes,0.6883870967741935,31,31,0.6770967741935484,0.6996774193548387,30,31,30,0.6991762013729977,baseline-v2-20260723,cd270e7871bd358937d83d9a49829637fa80007d2964084ef229f578e3733bd3,ba75425861a059dafcc477474fc3e4ed1eafdc2b47d6fdd0557337035d29a960,2bdbec8c6cd435e8bb904c714a8d94511341b3bf386a75a9c20e5cfc8180bd3f,3521091,1693155472000000000,300
SS/payment_mem/2,SS,payment,mem,2,300,300,point,0.3,2,0.30000152734715074,nsigma,1,1.0,1.0,0.0,1,1,1,23,343.9455999759957,payment|front-end|orders|shipping|queue-master,payment_istio-latency-95,0.6883870967741935,31,31,0.6770967741935484,0.6996774193548387,30,31,30,0.6991762013729977,baseline-v2-20260723,cd270e7871bd358937d83d9a49829637fa80007d2964084ef229f578e3733bd3,ba75425861a059dafcc477474fc3e4ed1eafdc2b47d6fdd0557337035d29a960,2bdbec8c6cd435e8bb904c714a8d94511341b3bf386a75a9c20e5cfc8180bd3f,3521091,1693155472000000000,300
SS/payment_mem/2,SS,payment,mem,2,300,300,point,0.3,3,0.30000152734715074,baro,2,0.5,0.8,0.045454545454545456,0,1,1,23,386.12430001376197,192-168-33-0-9100|payment|orders-db|front-end|session-db,192-168-33-0-9100_node-memory-active-bytes,0.6938172043010753,31,31,0.6797849462365592,0.7078494623655914,30,31,30,0.6991762013729977,baseline-v2-20260723,cd270e7871bd358937d83d9a49829637fa80007d2964084ef229f578e3733bd3,ba75425861a059dafcc477474fc3e4ed1eafdc2b47d6fdd0557337035d29a960,2bdbec8c6cd435e8bb904c714a8d94511341b3bf386a75a9c20e5cfc8180bd3f,3521091,1693155472000000000,300
SS/payment_mem/2,SS,payment,mem,2,300,300,point,0.3,3,0.30000152734715074,median_shift,3,0.3333333333333333,0.6,0.09090909090909091,0,1,1,23,86.79829997709021,192-168-33-0-9100|carts|payment|session-db|front-end,192-168-33-0-9100_node-memory-active-bytes,0.6938172043010753,31,31,0.6797849462365592,0.7078494623655914,30,31,30,0.6991762013729977,baseline-v2-20260723,cd270e7871bd358937d83d9a49829637fa80007d2964084ef229f578e3733bd3,ba75425861a059dafcc477474fc3e4ed1eafdc2b47d6fdd0557337035d29a960,2bdbec8c6cd435e8bb904c714a8d94511341b3bf386a75a9c20e5cfc8180bd3f,3521091,1693155472000000000,300
SS/payment_mem/2,SS,payment,mem,2,300,300,point,0.3,3,0.30000152734715074,nsigma,1,1.0,1.0,0.0,1,1,1,23,341.0669000004418,payment|front-end|orders|shipping|queue-master,payment_istio-latency-99,0.6938172043010753,31,31,0.6797849462365592,0.7078494623655914,30,31,30,0.6991762013729977,baseline-v2-20260723,cd270e7871bd358937d83d9a49829637fa80007d2964084ef229f578e3733bd3,ba75425861a059dafcc477474fc3e4ed1eafdc2b47d6fdd0557337035d29a960,2bdbec8c6cd435e8bb904c714a8d94511341b3bf386a75a9c20e5cfc8180bd3f,3521091,1693155472000000000,300
SS/payment_mem/2,SS,payment,mem,2,300,300,point,0.3,4,0.30000152734715074,baro,2,0.5,0.8,0.045454545454545456,0,1,1,23,449.64760000584647,192-168-33-0-9100|payment|orders-db|front-end|session-db,192-168-33-0-9100_node-memory-active-bytes,0.683763440860215,31,31,0.6745161290322581,0.693010752688172,30,31,30,0.6991762013729977,baseline-v2-20260723,cd270e7871bd358937d83d9a49829637fa80007d2964084ef229f578e3733bd3,ba75425861a059dafcc477474fc3e4ed1eafdc2b47d6fdd0557337035d29a960,2bdbec8c6cd435e8bb904c714a8d94511341b3bf386a75a9c20e5cfc8180bd3f,3521091,1693155472000000000,300
SS/payment_mem/2,SS,payment,mem,2,300,300,point,0.3,4,0.30000152734715074,median_shift,3,0.3333333333333333,0.6,0.09090909090909091,0,1,1,23,91.96799999335781,192-168-33-0-9100|carts|payment|session-db|front-end,192-168-33-0-9100_node-memory-active-bytes,0.683763440860215,31,31,0.6745161290322581,0.693010752688172,30,31,30,0.6991762013729977,baseline-v2-20260723,cd270e7871bd358937d83d9a49829637fa80007d2964084ef229f578e3733bd3,ba75425861a059dafcc477474fc3e4ed1eafdc2b47d6fdd0557337035d29a960,2bdbec8c6cd435e8bb904c714a8d94511341b3bf386a75a9c20e5cfc8180bd3f,3521091,1693155472000000000,300
SS/payment_mem/2,SS,payment,mem,2,300,300,point,0.3,4,0.30000152734715074,nsigma,1,1.0,1.0,0.0,1,1,1,23,296.32670001592487,payment|front-end|orders|queue-master|shipping,payment_istio-latency-95,0.683763440860215,31,31,0.6745161290322581,0.693010752688172,30,31,30,0.6991762013729977,baseline-v2-20260723,cd270e7871bd358937d83d9a49829637fa80007d2964084ef229f578e3733bd3,ba75425861a059dafcc477474fc3e4ed1eafdc2b47d6fdd0557337035d29a960,2bdbec8c6cd435e8bb904c714a8d94511341b3bf386a75a9c20e5cfc8180bd3f,3521091,1693155472000000000,300
SS/payment_mem/2,SS,payment,mem,2,300,300,point,0.3,5,0.30000152734715074,baro,2,0.5,0.8,0.045454545454545456,0,1,1,23,325.85890003247187,192-168-33-0-9100|payment|orders-db|front-end|session-db,192-168-33-0-9100_node-memory-active-bytes,0.6878494623655914,31,31,0.6758064516129032,0.6998924731182796,30,31,30,0.6991762013729977,baseline-v2-20260723,cd270e7871bd358937d83d9a49829637fa80007d2964084ef229f578e3733bd3,ba75425861a059dafcc477474fc3e4ed1eafdc2b47d6fdd0557337035d29a960,2bdbec8c6cd435e8bb904c714a8d94511341b3bf386a75a9c20e5cfc8180bd3f,3521091,1693155472000000000,300
SS/payment_mem/2,SS,payment,mem,2,300,300,point,0.3,5,0.30000152734715074,median_shift,3,0.3333333333333333,0.6,0.09090909090909091,0,1,1,23,90.67220002179965,192-168-33-0-9100|carts|payment|session-db|front-end,192-168-33-0-9100_node-memory-active-bytes,0.6878494623655914,31,31,0.6758064516129032,0.6998924731182796,30,31,30,0.6991762013729977,baseline-v2-20260723,cd270e7871bd358937d83d9a49829637fa80007d2964084ef229f578e3733bd3,ba75425861a059dafcc477474fc3e4ed1eafdc2b47d6fdd0557337035d29a960,2bdbec8c6cd435e8bb904c714a8d94511341b3bf386a75a9c20e5cfc8180bd3f,3521091,1693155472000000000,300
SS/payment_mem/2,SS,payment,mem,2,300,300,point,0.3,5,0.30000152734715074,nsigma,1,1.0,1.0,0.0,1,1,1,23,267.0566999586299,payment|front-end|orders|queue-master|shipping,payment_istio-latency-99,0.6878494623655914,31,31,0.6758064516129032,0.6998924731182796,30,31,30,0.6991762013729977,baseline-v2-20260723,cd270e7871bd358937d83d9a49829637fa80007d2964084ef229f578e3733bd3,ba75425861a059dafcc477474fc3e4ed1eafdc2b47d6fdd0557337035d29a960,2bdbec8c6cd435e8bb904c714a8d94511341b3bf386a75a9c20e5cfc8180bd3f,3521091,1693155472000000000,300
SS/payment_mem/2,SS,payment,mem,2,300,300,point,0.3,6,0.30000152734715074,baro,2,0.5,0.8,0.045454545454545456,0,1,1,23,386.33449998451397,192-168-33-0-9100|payment|orders-db|front-end|session-db,192-168-33-0-9100_node-memory-active-bytes,0.6936559139784946,31,31,0.6811827956989247,0.7061290322580646,30,31,30,0.6991762013729977,baseline-v2-20260723,cd270e7871bd358937d83d9a49829637fa80007d2964084ef229f578e3733bd3,ba75425861a059dafcc477474fc3e4ed1eafdc2b47d6fdd0557337035d29a960,2bdbec8c6cd435e8bb904c714a8d94511341b3bf386a75a9c20e5cfc8180bd3f,3521091,1693155472000000000,300
SS/payment_mem/2,SS,payment,mem,2,300,300,point,0.3,6,0.30000152734715074,median_shift,3,0.3333333333333333,0.6,0.09090909090909091,0,1,1,23,88.0606000428088,192-168-33-0-9100|carts|payment|session-db|front-end,192-168-33-0-9100_node-memory-active-bytes,0.6936559139784946,31,31,0.6811827956989247,0.7061290322580646,30,31,30,0.6991762013729977,baseline-v2-20260723,cd270e7871bd358937d83d9a49829637fa80007d2964084ef229f578e3733bd3,ba75425861a059dafcc477474fc3e4ed1eafdc2b47d6fdd0557337035d29a960,2bdbec8c6cd435e8bb904c714a8d94511341b3bf386a75a9c20e5cfc8180bd3f,3521091,1693155472000000000,300
SS/payment_mem/2,SS,payment,mem,2,300,300,point,0.3,6,0.30000152734715074,nsigma,1,1.0,1.0,0.0,1,1,1,23,291.34830000111833,payment|front-end|orders|shipping|queue-master,payment_istio-latency-95,0.6936559139784946,31,31,0.6811827956989247,0.7061290322580646,30,31,30,0.6991762013729977,baseline-v2-20260723,cd270e7871bd358937d83d9a49829637fa80007d2964084ef229f578e3733bd3,ba75425861a059dafcc477474fc3e4ed1eafdc2b47d6fdd0557337035d29a960,2bdbec8c6cd435e8bb904c714a8d94511341b3bf386a75a9c20e5cfc8180bd3f,3521091,1693155472000000000,300
SS/payment_mem/2,SS,payment,mem,2,300,300,point,0.3,7,0.30000152734715074,baro,2,0.5,0.8,0.045454545454545456,0,1,1,23,408.5239000269212,192-168-33-0-9100|payment|orders-db|front-end|session-db,192-168-33-0-9100_node-memory-active-bytes,0.6866666666666666,31,31,0.6736559139784947,0.6996774193548387,30,31,30,0.6991762013729977,baseline-v2-20260723,cd270e7871bd358937d83d9a49829637fa80007d2964084ef229f578e3733bd3,ba75425861a059dafcc477474fc3e4ed1eafdc2b47d6fdd0557337035d29a960,2bdbec8c6cd435e8bb904c714a8d94511341b3bf386a75a9c20e5cfc8180bd3f,3521091,1693155472000000000,300
SS/payment_mem/2,SS,payment,mem,2,300,300,point,0.3,7,0.30000152734715074,median_shift,3,0.3333333333333333,0.6,0.09090909090909091,0,1,1,23,114.41039998317137,192-168-33-0-9100|carts|payment|session-db|front-end,192-168-33-0-9100_node-memory-active-bytes,0.6866666666666666,31,31,0.6736559139784947,0.6996774193548387,30,31,30,0.6991762013729977,baseline-v2-20260723,cd270e7871bd358937d83d9a49829637fa80007d2964084ef229f578e3733bd3,ba75425861a059dafcc477474fc3e4ed1eafdc2b47d6fdd0557337035d29a960,2bdbec8c6cd435e8bb904c714a8d94511341b3bf386a75a9c20e5cfc8180bd3f,3521091,1693155472000000000,300
SS/payment_mem/2,SS,payment,mem,2,300,300,point,0.3,7,0.30000152734715074,nsigma,1,1.0,1.0,0.0,1,1,1,23,331.7035000072792,payment|front-end|orders|shipping|queue-master,payment_istio-latency-95,0.6866666666666666,31,31,0.6736559139784947,0.6996774193548387,30,31,30,0.6991762013729977,baseline-v2-20260723,cd270e7871bd358937d83d9a49829637fa80007d2964084ef229f578e3733bd3,ba75425861a059dafcc477474fc3e4ed1eafdc2b47d6fdd0557337035d29a960,2bdbec8c6cd435e8bb904c714a8d94511341b3bf386a75a9c20e5cfc8180bd3f,3521091,1693155472000000000,300
SS/payment_mem/2,SS,payment,mem,2,300,300,point,0.3,8,0.30000152734715074,baro,2,0.5,0.8,0.045454545454545456,0,1,1,23,364.8922999855131,192-168-33-0-9100|payment|orders-db|front-end|session-db,192-168-33-0-9100_node-memory-active-bytes,0.6906989247311828,31,31,0.6745161290322581,0.7068817204301076,30,31,30,0.6991762013729977,baseline-v2-20260723,cd270e7871bd358937d83d9a49829637fa80007d2964084ef229f578e3733bd3,ba75425861a059dafcc477474fc3e4ed1eafdc2b47d6fdd0557337035d29a960,2bdbec8c6cd435e8bb904c714a8d94511341b3bf386a75a9c20e5cfc8180bd3f,3521091,1693155472000000000,300
SS/payment_mem/2,SS,payment,mem,2,300,300,point,0.3,8,0.30000152734715074,median_shift,3,0.3333333333333333,0.6,0.09090909090909091,0,1,1,23,126.53299997327849,192-168-33-0-9100|carts|payment|session-db|front-end,192-168-33-0-9100_node-memory-active-bytes,0.6906989247311828,31,31,0.6745161290322581,0.7068817204301076,30,31,30,0.6991762013729977,baseline-v2-20260723,cd270e7871bd358937d83d9a49829637fa80007d2964084ef229f578e3733bd3,ba75425861a059dafcc477474fc3e4ed1eafdc2b47d6fdd0557337035d29a960,2bdbec8c6cd435e8bb904c714a8d94511341b3bf386a75a9c20e5cfc8180bd3f,3521091,1693155472000000000,300
SS/payment_mem/2,SS,payment,mem,2,300,300,point,0.3,8,0.30000152734715074,nsigma,1,1.0,1.0,0.0,1,1,1,23,307.31309996917844,payment|front-end|orders|shipping|catalogue-db,payment_istio-latency-99,0.6906989247311828,31,31,0.6745161290322581,0.7068817204301076,30,31,30,0.6991762013729977,baseline-v2-20260723,cd270e7871bd358937d83d9a49829637fa80007d2964084ef229f578e3733bd3,ba75425861a059dafcc477474fc3e4ed1eafdc2b47d6fdd0557337035d29a960,2bdbec8c6cd435e8bb904c714a8d94511341b3bf386a75a9c20e5cfc8180bd3f,3521091,1693155472000000000,300
SS/payment_mem/2,SS,payment,mem,2,300,300,point,0.3,9,0.30000152734715074,baro,2,0.5,0.8,0.045454545454545456,0,1,1,23,376.3164000120014,192-168-33-0-9100|payment|orders-db|front-end|session-db,192-168-33-0-9100_node-memory-active-bytes,0.692258064516129,31,31,0.6732258064516129,0.7112903225806452,30,31,30,0.6991762013729977,baseline-v2-20260723,cd270e7871bd358937d83d9a49829637fa80007d2964084ef229f578e3733bd3,ba75425861a059dafcc477474fc3e4ed1eafdc2b47d6fdd0557337035d29a960,2bdbec8c6cd435e8bb904c714a8d94511341b3bf386a75a9c20e5cfc8180bd3f,3521091,1693155472000000000,300
SS/payment_mem/2,SS,payment,mem,2,300,300,point,0.3,9,0.30000152734715074,median_shift,3,0.3333333333333333,0.6,0.09090909090909091,0,1,1,23,134.5131999696605,192-168-33-0-9100|carts|payment|session-db|front-end,192-168-33-0-9100_node-memory-active-bytes,0.692258064516129,31,31,0.6732258064516129,0.7112903225806452,30,31,30,0.6991762013729977,baseline-v2-20260723,cd270e7871bd358937d83d9a49829637fa80007d2964084ef229f578e3733bd3,ba75425861a059dafcc477474fc3e4ed1eafdc2b47d6fdd0557337035d29a960,2bdbec8c6cd435e8bb904c714a8d94511341b3bf386a75a9c20e5cfc8180bd3f,3521091,1693155472000000000,300
SS/payment_mem/2,SS,payment,mem,2,300,300,point,0.3,9,0.30000152734715074,nsigma,1,1.0,1.0,0.0,1,1,1,23,301.85659998096526,payment|front-end|orders|queue-master|shipping,payment_istio-latency-95,0.692258064516129,31,31,0.6732258064516129,0.7112903225806452,30,31,30,0.6991762013729977,baseline-v2-20260723,cd270e7871bd358937d83d9a49829637fa80007d2964084ef229f578e3733bd3,ba75425861a059dafcc477474fc3e4ed1eafdc2b47d6fdd0557337035d29a960,2bdbec8c6cd435e8bb904c714a8d94511341b3bf386a75a9c20e5cfc8180bd3f,3521091,1693155472000000000,300
SS/payment_mem/2,SS,payment,mem,2,300,300,point,0.5,0,0.5,baro,2,0.5,0.8,0.045454545454545456,0,1,1,23,391.28390001133084,192-168-33-0-9100|payment|orders-db|front-end|session-db,192-168-33-0-9100_node-memory-active-bytes,0.49048387096774193,31,31,0.4806451612903226,0.5003225806451613,30,31,30,0.4994126620900076,baseline-v2-20260723,cd270e7871bd358937d83d9a49829637fa80007d2964084ef229f578e3733bd3,ba75425861a059dafcc477474fc3e4ed1eafdc2b47d6fdd0557337035d29a960,2bdbec8c6cd435e8bb904c714a8d94511341b3bf386a75a9c20e5cfc8180bd3f,3521091,1693155472000000000,300
SS/payment_mem/2,SS,payment,mem,2,300,300,point,0.5,0,0.5,median_shift,3,0.3333333333333333,0.6,0.09090909090909091,0,1,1,23,129.77780000073835,192-168-33-0-9100|carts|payment|session-db|front-end,192-168-33-0-9100_node-memory-active-bytes,0.49048387096774193,31,31,0.4806451612903226,0.5003225806451613,30,31,30,0.4994126620900076,baseline-v2-20260723,cd270e7871bd358937d83d9a49829637fa80007d2964084ef229f578e3733bd3,ba75425861a059dafcc477474fc3e4ed1eafdc2b47d6fdd0557337035d29a960,2bdbec8c6cd435e8bb904c714a8d94511341b3bf386a75a9c20e5cfc8180bd3f,3521091,1693155472000000000,300
SS/payment_mem/2,SS,payment,mem,2,300,300,point,0.5,0,0.5,nsigma,1,1.0,1.0,0.0,1,1,1,23,308.71020001359284,payment|front-end|orders|queue-master|shipping,payment_istio-latency-95,0.49048387096774193,31,31,0.4806451612903226,0.5003225806451613,30,31,30,0.4994126620900076,baseline-v2-20260723,cd270e7871bd358937d83d9a49829637fa80007d2964084ef229f578e3733bd3,ba75425861a059dafcc477474fc3e4ed1eafdc2b47d6fdd0557337035d29a960,2bdbec8c6cd435e8bb904c714a8d94511341b3bf386a75a9c20e5cfc8180bd3f,3521091,1693155472000000000,300
SS/payment_mem/2,SS,payment,mem,2,300,300,point,0.5,1,0.5,baro,2,0.5,0.8,0.045454545454545456,0,1,1,23,325.55609999690205,192-168-33-0-9100|payment|orders-db|front-end|session-db,192-168-33-0-9100_node-memory-active-bytes,0.49032258064516127,31,31,0.47870967741935483,0.5019354838709678,30,31,30,0.4994126620900076,baseline-v2-20260723,cd270e7871bd358937d83d9a49829637fa80007d2964084ef229f578e3733bd3,ba75425861a059dafcc477474fc3e4ed1eafdc2b47d6fdd0557337035d29a960,2bdbec8c6cd435e8bb904c714a8d94511341b3bf386a75a9c20e5cfc8180bd3f,3521091,1693155472000000000,300
SS/payment_mem/2,SS,payment,mem,2,300,300,point,0.5,1,0.5,median_shift,4,0.25,0.4,0.13636363636363635,0,0,1,23,96.78790002362803,192-168-33-0-9100|carts|front-end|payment|session-db,192-168-33-0-9100_node-memory-active-bytes,0.49032258064516127,31,31,0.47870967741935483,0.5019354838709678,30,31,30,0.4994126620900076,baseline-v2-20260723,cd270e7871bd358937d83d9a49829637fa80007d2964084ef229f578e3733bd3,ba75425861a059dafcc477474fc3e4ed1eafdc2b47d6fdd0557337035d29a960,2bdbec8c6cd435e8bb904c714a8d94511341b3bf386a75a9c20e5cfc8180bd3f,3521091,1693155472000000000,300
SS/payment_mem/2,SS,payment,mem,2,300,300,point,0.5,1,0.5,nsigma,1,1.0,1.0,0.0,1,1,1,23,281.4350000116974,payment|front-end|orders|shipping|queue-master,payment_istio-latency-99,0.49032258064516127,31,31,0.47870967741935483,0.5019354838709678,30,31,30,0.4994126620900076,baseline-v2-20260723,cd270e7871bd358937d83d9a49829637fa80007d2964084ef229f578e3733bd3,ba75425861a059dafcc477474fc3e4ed1eafdc2b47d6fdd0557337035d29a960,2bdbec8c6cd435e8bb904c714a8d94511341b3bf386a75a9c20e5cfc8180bd3f,3521091,1693155472000000000,300
SS/payment_mem/2,SS,payment,mem,2,300,300,point,0.5,2,0.5,baro,2,0.5,0.8,0.045454545454545456,0,1,1,23,417.12870000628754,192-168-33-0-9100|payment|orders-db|front-end|session-db,192-168-33-0-9100_node-memory-active-bytes,0.4920967741935484,31,31,0.4780645161290323,0.5061290322580645,30,31,30,0.4994126620900076,baseline-v2-20260723,cd270e7871bd358937d83d9a49829637fa80007d2964084ef229f578e3733bd3,ba75425861a059dafcc477474fc3e4ed1eafdc2b47d6fdd0557337035d29a960,2bdbec8c6cd435e8bb904c714a8d94511341b3bf386a75a9c20e5cfc8180bd3f,3521091,1693155472000000000,300
SS/payment_mem/2,SS,payment,mem,2,300,300,point,0.5,2,0.5,median_shift,3,0.3333333333333333,0.6,0.09090909090909091,0,1,1,23,118.64260002039373,192-168-33-0-9100|carts|payment|session-db|front-end,192-168-33-0-9100_node-memory-active-bytes,0.4920967741935484,31,31,0.4780645161290323,0.5061290322580645,30,31,30,0.4994126620900076,baseline-v2-20260723,cd270e7871bd358937d83d9a49829637fa80007d2964084ef229f578e3733bd3,ba75425861a059dafcc477474fc3e4ed1eafdc2b47d6fdd0557337035d29a960,2bdbec8c6cd435e8bb904c714a8d94511341b3bf386a75a9c20e5cfc8180bd3f,3521091,1693155472000000000,300
SS/payment_mem/2,SS,payment,mem,2,300,300,point,0.5,2,0.5,nsigma,1,1.0,1.0,0.0,1,1,1,23,255.76930004172027,payment|front-end|orders|queue-master|shipping,payment_istio-latency-95,0.4920967741935484,31,31,0.4780645161290323,0.5061290322580645,30,31,30,0.4994126620900076,baseline-v2-20260723,cd270e7871bd358937d83d9a49829637fa80007d2964084ef229f578e3733bd3,ba75425861a059dafcc477474fc3e4ed1eafdc2b47d6fdd0557337035d29a960,2bdbec8c6cd435e8bb904c714a8d94511341b3bf386a75a9c20e5cfc8180bd3f,3521091,1693155472000000000,300
SS/payment_mem/2,SS,payment,mem,2,300,300,point,0.5,3,0.5,baro,2,0.5,0.8,0.045454545454545456,0,1,1,23,340.52550001069903,192-168-33-0-9100|payment|orders-db|front-end|session-db,192-168-33-0-9100_node-memory-active-bytes,0.4896236559139785,31,31,0.48559139784946237,0.4936559139784946,30,31,30,0.4994126620900076,baseline-v2-20260723,cd270e7871bd358937d83d9a49829637fa80007d2964084ef229f578e3733bd3,ba75425861a059dafcc477474fc3e4ed1eafdc2b47d6fdd0557337035d29a960,2bdbec8c6cd435e8bb904c714a8d94511341b3bf386a75a9c20e5cfc8180bd3f,3521091,1693155472000000000,300
SS/payment_mem/2,SS,payment,mem,2,300,300,point,0.5,3,0.5,median_shift,3,0.3333333333333333,0.6,0.09090909090909091,0,1,1,23,82.2885999805294,192-168-33-0-9100|carts|payment|session-db|front-end,192-168-33-0-9100_node-memory-active-bytes,0.4896236559139785,31,31,0.48559139784946237,0.4936559139784946,30,31,30,0.4994126620900076,baseline-v2-20260723,cd270e7871bd358937d83d9a49829637fa80007d2964084ef229f578e3733bd3,ba75425861a059dafcc477474fc3e4ed1eafdc2b47d6fdd0557337035d29a960,2bdbec8c6cd435e8bb904c714a8d94511341b3bf386a75a9c20e5cfc8180bd3f,3521091,1693155472000000000,300
SS/payment_mem/2,SS,payment,mem,2,300,300,point,0.5,3,0.5,nsigma,1,1.0,1.0,0.0,1,1,1,23,299.692899978254,payment|front-end|orders|shipping|catalogue-db,payment_istio-latency-95,0.4896236559139785,31,31,0.48559139784946237,0.4936559139784946,30,31,30,0.4994126620900076,baseline-v2-20260723,cd270e7871bd358937d83d9a49829637fa80007d2964084ef229f578e3733bd3,ba75425861a059dafcc477474fc3e4ed1eafdc2b47d6fdd0557337035d29a960,2bdbec8c6cd435e8bb904c714a8d94511341b3bf386a75a9c20e5cfc8180bd3f,3521091,1693155472000000000,300
SS/payment_mem/2,SS,payment,mem,2,300,300,point,0.5,4,0.5,baro,2,0.5,0.8,0.045454545454545456,0,1,1,23,394.38850001897663,192-168-33-0-9100|payment|orders-db|front-end|session-db,192-168-33-0-9100_node-memory-active-bytes,0.49193548387096775,31,31,0.4838709677419355,0.5,30,31,30,0.4994126620900076,baseline-v2-20260723,cd270e7871bd358937d83d9a49829637fa80007d2964084ef229f578e3733bd3,ba75425861a059dafcc477474fc3e4ed1eafdc2b47d6fdd0557337035d29a960,2bdbec8c6cd435e8bb904c714a8d94511341b3bf386a75a9c20e5cfc8180bd3f,3521091,1693155472000000000,300
SS/payment_mem/2,SS,payment,mem,2,300,300,point,0.5,4,0.5,median_shift,3,0.3333333333333333,0.6,0.09090909090909091,0,1,1,23,93.42849999666214,192-168-33-0-9100|carts|payment|session-db|front-end,192-168-33-0-9100_node-memory-active-bytes,0.49193548387096775,31,31,0.4838709677419355,0.5,30,31,30,0.4994126620900076,baseline-v2-20260723,cd270e7871bd358937d83d9a49829637fa80007d2964084ef229f578e3733bd3,ba75425861a059dafcc477474fc3e4ed1eafdc2b47d6fdd0557337035d29a960,2bdbec8c6cd435e8bb904c714a8d94511341b3bf386a75a9c20e5cfc8180bd3f,3521091,1693155472000000000,300
SS/payment_mem/2,SS,payment,mem,2,300,300,point,0.5,4,0.5,nsigma,1,1.0,1.0,0.0,1,1,1,23,286.6793000139296,payment|front-end|orders|shipping|catalogue-db,payment_istio-latency-95,0.49193548387096775,31,31,0.4838709677419355,0.5,30,31,30,0.4994126620900076,baseline-v2-20260723,cd270e7871bd358937d83d9a49829637fa80007d2964084ef229f578e3733bd3,ba75425861a059dafcc477474fc3e4ed1eafdc2b47d6fdd0557337035d29a960,2bdbec8c6cd435e8bb904c714a8d94511341b3bf386a75a9c20e5cfc8180bd3f,3521091,1693155472000000000,300
SS/payment_mem/2,SS,payment,mem,2,300,300,point,0.5,5,0.5,baro,2,0.5,0.8,0.045454545454545456,0,1,1,23,335.05489997332916,192-168-33-0-9100|payment|orders-db|front-end|session-db,192-168-33-0-9100_node-memory-active-bytes,0.4910215053763441,31,31,0.4841935483870968,0.4978494623655914,30,31,30,0.4994126620900076,baseline-v2-20260723,cd270e7871bd358937d83d9a49829637fa80007d2964084ef229f578e3733bd3,ba75425861a059dafcc477474fc3e4ed1eafdc2b47d6fdd0557337035d29a960,2bdbec8c6cd435e8bb904c714a8d94511341b3bf386a75a9c20e5cfc8180bd3f,3521091,1693155472000000000,300
SS/payment_mem/2,SS,payment,mem,2,300,300,point,0.5,5,0.5,median_shift,3,0.3333333333333333,0.6,0.09090909090909091,0,1,1,23,84.71249998547137,192-168-33-0-9100|carts|payment|session-db|front-end,192-168-33-0-9100_node-memory-active-bytes,0.4910215053763441,31,31,0.4841935483870968,0.4978494623655914,30,31,30,0.4994126620900076,baseline-v2-20260723,cd270e7871bd358937d83d9a49829637fa80007d2964084ef229f578e3733bd3,ba75425861a059dafcc477474fc3e4ed1eafdc2b47d6fdd0557337035d29a960,2bdbec8c6cd435e8bb904c714a8d94511341b3bf386a75a9c20e5cfc8180bd3f,3521091,1693155472000000000,300
SS/payment_mem/2,SS,payment,mem,2,300,300,point,0.5,5,0.5,nsigma,1,1.0,1.0,0.0,1,1,1,23,288.32200000761077,payment|front-end|orders|shipping|queue-master,payment_istio-latency-99,0.4910215053763441,31,31,0.4841935483870968,0.4978494623655914,30,31,30,0.4994126620900076,baseline-v2-20260723,cd270e7871bd358937d83d9a49829637fa80007d2964084ef229f578e3733bd3,ba75425861a059dafcc477474fc3e4ed1eafdc2b47d6fdd0557337035d29a960,2bdbec8c6cd435e8bb904c714a8d94511341b3bf386a75a9c20e5cfc8180bd3f,3521091,1693155472000000000,300
SS/payment_mem/2,SS,payment,mem,2,300,300,point,0.5,6,0.5,baro,2,0.5,0.8,0.045454545454545456,0,1,1,23,372.9705999721773,192-168-33-0-9100|payment|orders-db|front-end|session-db,192-168-33-0-9100_node-memory-active-bytes,0.4920967741935484,31,31,0.47677419354838707,0.5074193548387097,30,31,30,0.4994126620900076,baseline-v2-20260723,cd270e7871bd358937d83d9a49829637fa80007d2964084ef229f578e3733bd3,ba75425861a059dafcc477474fc3e4ed1eafdc2b47d6fdd0557337035d29a960,2bdbec8c6cd435e8bb904c714a8d94511341b3bf386a75a9c20e5cfc8180bd3f,3521091,1693155472000000000,300
SS/payment_mem/2,SS,payment,mem,2,300,300,point,0.5,6,0.5,median_shift,4,0.25,0.4,0.13636363636363635,0,0,1,23,102.90370002621785,192-168-33-0-9100|carts|front-end|payment|session-db,192-168-33-0-9100_node-memory-active-bytes,0.4920967741935484,31,31,0.47677419354838707,0.5074193548387097,30,31,30,0.4994126620900076,baseline-v2-20260723,cd270e7871bd358937d83d9a49829637fa80007d2964084ef229f578e3733bd3,ba75425861a059dafcc477474fc3e4ed1eafdc2b47d6fdd0557337035d29a960,2bdbec8c6cd435e8bb904c714a8d94511341b3bf386a75a9c20e5cfc8180bd3f,3521091,1693155472000000000,300
SS/payment_mem/2,SS,payment,mem,2,300,300,point,0.5,6,0.5,nsigma,1,1.0,1.0,0.0,1,1,1,23,315.3423000476323,payment|front-end|orders|shipping|catalogue-db,payment_istio-latency-95,0.4920967741935484,31,31,0.47677419354838707,0.5074193548387097,30,31,30,0.4994126620900076,baseline-v2-20260723,cd270e7871bd358937d83d9a49829637fa80007d2964084ef229f578e3733bd3,ba75425861a059dafcc477474fc3e4ed1eafdc2b47d6fdd0557337035d29a960,2bdbec8c6cd435e8bb904c714a8d94511341b3bf386a75a9c20e5cfc8180bd3f,3521091,1693155472000000000,300
SS/payment_mem/2,SS,payment,mem,2,300,300,point,0.5,7,0.5,baro,2,0.5,0.8,0.045454545454545456,0,1,1,23,390.0433999951929,192-168-33-0-9100|payment|orders-db|front-end|session-db,192-168-33-0-9100_node-memory-active-bytes,0.48575268817204303,31,31,0.48494623655913977,0.48655913978494625,30,31,30,0.4994126620900076,baseline-v2-20260723,cd270e7871bd358937d83d9a49829637fa80007d2964084ef229f578e3733bd3,ba75425861a059dafcc477474fc3e4ed1eafdc2b47d6fdd0557337035d29a960,2bdbec8c6cd435e8bb904c714a8d94511341b3bf386a75a9c20e5cfc8180bd3f,3521091,1693155472000000000,300
SS/payment_mem/2,SS,payment,mem,2,300,300,point,0.5,7,0.5,median_shift,3,0.3333333333333333,0.6,0.09090909090909091,0,1,1,23,103.08670002268627,192-168-33-0-9100|carts|payment|session-db|front-end,192-168-33-0-9100_node-memory-active-bytes,0.48575268817204303,31,31,0.48494623655913977,0.48655913978494625,30,31,30,0.4994126620900076,baseline-v2-20260723,cd270e7871bd358937d83d9a49829637fa80007d2964084ef229f578e3733bd3,ba75425861a059dafcc477474fc3e4ed1eafdc2b47d6fdd0557337035d29a960,2bdbec8c6cd435e8bb904c714a8d94511341b3bf386a75a9c20e5cfc8180bd3f,3521091,1693155472000000000,300
SS/payment_mem/2,SS,payment,mem,2,300,300,point,0.5,7,0.5,nsigma,1,1.0,1.0,0.0,1,1,1,23,310.4683000128716,payment|front-end|orders|shipping|catalogue-db,payment_istio-latency-95,0.48575268817204303,31,31,0.48494623655913977,0.48655913978494625,30,31,30,0.4994126620900076,baseline-v2-20260723,cd270e7871bd358937d83d9a49829637fa80007d2964084ef229f578e3733bd3,ba75425861a059dafcc477474fc3e4ed1eafdc2b47d6fdd0557337035d29a960,2bdbec8c6cd435e8bb904c714a8d94511341b3bf386a75a9c20e5cfc8180bd3f,3521091,1693155472000000000,300
SS/payment_mem/2,SS,payment,mem,2,300,300,point,0.5,8,0.5,baro,2,0.5,0.8,0.045454545454545456,0,1,1,23,400.77710000332445,192-168-33-0-9100|payment|orders-db|front-end|session-db,192-168-33-0-9100_node-memory-active-bytes,0.49333333333333335,31,31,0.48193548387096774,0.504731182795699,30,31,30,0.4994126620900076,baseline-v2-20260723,cd270e7871bd358937d83d9a49829637fa80007d2964084ef229f578e3733bd3,ba75425861a059dafcc477474fc3e4ed1eafdc2b47d6fdd0557337035d29a960,2bdbec8c6cd435e8bb904c714a8d94511341b3bf386a75a9c20e5cfc8180bd3f,3521091,1693155472000000000,300
SS/payment_mem/2,SS,payment,mem,2,300,300,point,0.5,8,0.5,median_shift,4,0.25,0.4,0.13636363636363635,0,0,1,23,86.76019997801632,192-168-33-0-9100|carts|front-end|payment|session-db,192-168-33-0-9100_node-memory-active-bytes,0.49333333333333335,31,31,0.48193548387096774,0.504731182795699,30,31,30,0.4994126620900076,baseline-v2-20260723,cd270e7871bd358937d83d9a49829637fa80007d2964084ef229f578e3733bd3,ba75425861a059dafcc477474fc3e4ed1eafdc2b47d6fdd0557337035d29a960,2bdbec8c6cd435e8bb904c714a8d94511341b3bf386a75a9c20e5cfc8180bd3f,3521091,1693155472000000000,300
SS/payment_mem/2,SS,payment,mem,2,300,300,point,0.5,8,0.5,nsigma,1,1.0,1.0,0.0,1,1,1,23,296.19979998096824,payment|front-end|orders|shipping|catalogue-db,payment_istio-latency-95,0.49333333333333335,31,31,0.48193548387096774,0.504731182795699,30,31,30,0.4994126620900076,baseline-v2-20260723,cd270e7871bd358937d83d9a49829637fa80007d2964084ef229f578e3733bd3,ba75425861a059dafcc477474fc3e4ed1eafdc2b47d6fdd0557337035d29a960,2bdbec8c6cd435e8bb904c714a8d94511341b3bf386a75a9c20e5cfc8180bd3f,3521091,1693155472000000000,300
SS/payment_mem/2,SS,payment,mem,2,300,300,point,0.5,9,0.5,baro,2,0.5,0.8,0.045454545454545456,0,1,1,23,343.8517000176944,192-168-33-0-9100|payment|orders-db|front-end|session-db,192-168-33-0-9100_node-memory-active-bytes,0.4860752688172043,31,31,0.4747311827956989,0.4974193548387097,30,31,30,0.4994126620900076,baseline-v2-20260723,cd270e7871bd358937d83d9a49829637fa80007d2964084ef229f578e3733bd3,ba75425861a059dafcc477474fc3e4ed1eafdc2b47d6fdd0557337035d29a960,2bdbec8c6cd435e8bb904c714a8d94511341b3bf386a75a9c20e5cfc8180bd3f,3521091,1693155472000000000,300
SS/payment_mem/2,SS,payment,mem,2,300,300,point,0.5,9,0.5,median_shift,4,0.25,0.4,0.13636363636363635,0,0,1,23,113.87699999613687,192-168-33-0-9100|carts|front-end|payment|session-db,192-168-33-0-9100_node-memory-active-bytes,0.4860752688172043,31,31,0.4747311827956989,0.4974193548387097,30,31,30,0.4994126620900076,baseline-v2-20260723,cd270e7871bd358937d83d9a49829637fa80007d2964084ef229f578e3733bd3,ba75425861a059dafcc477474fc3e4ed1eafdc2b47d6fdd0557337035d29a960,2bdbec8c6cd435e8bb904c714a8d94511341b3bf386a75a9c20e5cfc8180bd3f,3521091,1693155472000000000,300
SS/payment_mem/2,SS,payment,mem,2,300,300,point,0.5,9,0.5,nsigma,1,1.0,1.0,0.0,1,1,1,23,309.78910002158955,payment|front-end|orders|shipping|catalogue-db,payment_istio-latency-99,0.4860752688172043,31,31,0.4747311827956989,0.4974193548387097,30,31,30,0.4994126620900076,baseline-v2-20260723,cd270e7871bd358937d83d9a49829637fa80007d2964084ef229f578e3733bd3,ba75425861a059dafcc477474fc3e4ed1eafdc2b47d6fdd0557337035d29a960,2bdbec8c6cd435e8bb904c714a8d94511341b3bf386a75a9c20e5cfc8180bd3f,3521091,1693155472000000000,300
SS/payment_mem/2,SS,payment,mem,2,300,300,stream,0.1,0,0.10080491194843676,baro,1,1.0,1.0,0.0,1,1,1,23,394.14160000160336,payment|front-end|session-db|orders|shipping,payment_istio-latency-99,0.8544086021505376,27,31,0.8387096774193549,0.8701075268817204,26,27,26,0.89813882532418,baseline-v2-20260723,cd270e7871bd358937d83d9a49829637fa80007d2964084ef229f578e3733bd3,ba75425861a059dafcc477474fc3e4ed1eafdc2b47d6fdd0557337035d29a960,2bdbec8c6cd435e8bb904c714a8d94511341b3bf386a75a9c20e5cfc8180bd3f,3521091,1693155472000000000,300
SS/payment_mem/2,SS,payment,mem,2,300,300,stream,0.1,0,0.10080491194843676,median_shift,2,0.5,0.8,0.045454545454545456,0,1,1,23,89.96890002163127,carts|payment|session-db|front-end|orders,carts_container-memory-max-usage-bytes,0.8544086021505376,27,31,0.8387096774193549,0.8701075268817204,26,27,26,0.89813882532418,baseline-v2-20260723,cd270e7871bd358937d83d9a49829637fa80007d2964084ef229f578e3733bd3,ba75425861a059dafcc477474fc3e4ed1eafdc2b47d6fdd0557337035d29a960,2bdbec8c6cd435e8bb904c714a8d94511341b3bf386a75a9c20e5cfc8180bd3f,3521091,1693155472000000000,300
SS/payment_mem/2,SS,payment,mem,2,300,300,stream,0.1,0,0.10080491194843676,nsigma,1,1.0,1.0,0.0,1,1,1,23,278.19639997323975,payment|front-end|orders|shipping|catalogue-db,payment_istio-latency-99,0.8544086021505376,27,31,0.8387096774193549,0.8701075268817204,26,27,26,0.89813882532418,baseline-v2-20260723,cd270e7871bd358937d83d9a49829637fa80007d2964084ef229f578e3733bd3,ba75425861a059dafcc477474fc3e4ed1eafdc2b47d6fdd0557337035d29a960,2bdbec8c6cd435e8bb904c714a8d94511341b3bf386a75a9c20e5cfc8180bd3f,3521091,1693155472000000000,300
SS/payment_mem/2,SS,payment,mem,2,300,300,stream,0.1,1,0.10080491194843676,baro,2,0.5,0.8,0.045454545454545456,0,1,1,23,377.7371000032872,192-168-33-0-9100|payment|orders-db|front-end|session-db,192-168-33-0-9100_node-memory-active-bytes,0.8221505376344086,26,31,0.8064516129032258,0.8378494623655914,25,26,25,0.89813882532418,baseline-v2-20260723,cd270e7871bd358937d83d9a49829637fa80007d2964084ef229f578e3733bd3,ba75425861a059dafcc477474fc3e4ed1eafdc2b47d6fdd0557337035d29a960,2bdbec8c6cd435e8bb904c714a8d94511341b3bf386a75a9c20e5cfc8180bd3f,3521091,1693155472000000000,300
SS/payment_mem/2,SS,payment,mem,2,300,300,stream,0.1,1,0.10080491194843676,median_shift,3,0.3333333333333333,0.6,0.09090909090909091,0,1,1,23,109.56709994934499,192-168-33-0-9100|carts|payment|session-db|front-end,192-168-33-0-9100_node-memory-active-bytes,0.8221505376344086,26,31,0.8064516129032258,0.8378494623655914,25,26,25,0.89813882532418,baseline-v2-20260723,cd270e7871bd358937d83d9a49829637fa80007d2964084ef229f578e3733bd3,ba75425861a059dafcc477474fc3e4ed1eafdc2b47d6fdd0557337035d29a960,2bdbec8c6cd435e8bb904c714a8d94511341b3bf386a75a9c20e5cfc8180bd3f,3521091,1693155472000000000,300
SS/payment_mem/2,SS,payment,mem,2,300,300,stream,0.1,1,0.10080491194843676,nsigma,1,1.0,1.0,0.0,1,1,1,23,293.82999998051673,payment|front-end|orders|shipping|queue-master,payment_istio-latency-95,0.8221505376344086,26,31,0.8064516129032258,0.8378494623655914,25,26,25,0.89813882532418,baseline-v2-20260723,cd270e7871bd358937d83d9a49829637fa80007d2964084ef229f578e3733bd3,ba75425861a059dafcc477474fc3e4ed1eafdc2b47d6fdd0557337035d29a960,2bdbec8c6cd435e8bb904c714a8d94511341b3bf386a75a9c20e5cfc8180bd3f,3521091,1693155472000000000,300
SS/payment_mem/2,SS,payment,mem,2,300,300,stream,0.1,2,0.10080491194843676,baro,1,1.0,1.0,0.0,1,1,1,23,309.048899973277,payment|orders-db|front-end|session-db|192-168-33-0-9100,payment_istio-latency-99,0.9189247311827957,29,31,0.9032258064516129,0.9346236559139784,28,29,28,0.89813882532418,baseline-v2-20260723,cd270e7871bd358937d83d9a49829637fa80007d2964084ef229f578e3733bd3,ba75425861a059dafcc477474fc3e4ed1eafdc2b47d6fdd0557337035d29a960,2bdbec8c6cd435e8bb904c714a8d94511341b3bf386a75a9c20e5cfc8180bd3f,3521091,1693155472000000000,300
SS/payment_mem/2,SS,payment,mem,2,300,300,stream,0.1,2,0.10080491194843676,median_shift,2,0.5,0.8,0.045454545454545456,0,1,1,23,89.95659998618066,carts|payment|session-db|front-end|orders,carts_container-memory-max-usage-bytes,0.9189247311827957,29,31,0.9032258064516129,0.9346236559139784,28,29,28,0.89813882532418,baseline-v2-20260723,cd270e7871bd358937d83d9a49829637fa80007d2964084ef229f578e3733bd3,ba75425861a059dafcc477474fc3e4ed1eafdc2b47d6fdd0557337035d29a960,2bdbec8c6cd435e8bb904c714a8d94511341b3bf386a75a9c20e5cfc8180bd3f,3521091,1693155472000000000,300
SS/payment_mem/2,SS,payment,mem,2,300,300,stream,0.1,2,0.10080491194843676,nsigma,1,1.0,1.0,0.0,1,1,1,23,277.7213999652304,payment|front-end|orders|shipping|catalogue-db,payment_istio-latency-95,0.9189247311827957,29,31,0.9032258064516129,0.9346236559139784,28,29,28,0.89813882532418,baseline-v2-20260723,cd270e7871bd358937d83d9a49829637fa80007d2964084ef229f578e3733bd3,ba75425861a059dafcc477474fc3e4ed1eafdc2b47d6fdd0557337035d29a960,2bdbec8c6cd435e8bb904c714a8d94511341b3bf386a75a9c20e5cfc8180bd3f,3521091,1693155472000000000,300
SS/payment_mem/2,SS,payment,mem,2,300,300,stream,0.1,3,0.10080491194843676,baro,2,0.5,0.8,0.045454545454545456,0,1,1,23,368.50500002037734,192-168-33-0-9100|payment|front-end|session-db|orders,192-168-33-0-9100_node-memory-active-bytes,0.9511827956989247,30,31,0.9354838709677419,0.9668817204301076,29,30,29,0.89813882532418,baseline-v2-20260723,cd270e7871bd358937d83d9a49829637fa80007d2964084ef229f578e3733bd3,ba75425861a059dafcc477474fc3e4ed1eafdc2b47d6fdd0557337035d29a960,2bdbec8c6cd435e8bb904c714a8d94511341b3bf386a75a9c20e5cfc8180bd3f,3521091,1693155472000000000,300
SS/payment_mem/2,SS,payment,mem,2,300,300,stream,0.1,3,0.10080491194843676,median_shift,3,0.3333333333333333,0.6,0.09090909090909091,0,1,1,23,124.28589997580275,192-168-33-0-9100|carts|payment|front-end|orders,192-168-33-0-9100_node-memory-active-bytes,0.9511827956989247,30,31,0.9354838709677419,0.9668817204301076,29,30,29,0.89813882532418,baseline-v2-20260723,cd270e7871bd358937d83d9a49829637fa80007d2964084ef229f578e3733bd3,ba75425861a059dafcc477474fc3e4ed1eafdc2b47d6fdd0557337035d29a960,2bdbec8c6cd435e8bb904c714a8d94511341b3bf386a75a9c20e5cfc8180bd3f,3521091,1693155472000000000,300
SS/payment_mem/2,SS,payment,mem,2,300,300,stream,0.1,3,0.10080491194843676,nsigma,1,1.0,1.0,0.0,1,1,1,23,265.76629996998236,payment|front-end|orders|shipping|queue-master,payment_istio-latency-99,0.9511827956989247,30,31,0.9354838709677419,0.9668817204301076,29,30,29,0.89813882532418,baseline-v2-20260723,cd270e7871bd358937d83d9a49829637fa80007d2964084ef229f578e3733bd3,ba75425861a059dafcc477474fc3e4ed1eafdc2b47d6fdd0557337035d29a960,2bdbec8c6cd435e8bb904c714a8d94511341b3bf386a75a9c20e5cfc8180bd3f,3521091,1693155472000000000,300
SS/payment_mem/2,SS,payment,mem,2,300,300,stream,0.1,4,0.10080491194843676,baro,2,0.5,0.8,0.045454545454545456,0,1,1,23,308.0832000123337,192-168-33-0-9100|payment|front-end|session-db|orders,192-168-33-0-9100_node-memory-active-bytes,0.8544086021505376,27,31,0.8387096774193549,0.8701075268817204,26,27,26,0.89813882532418,baseline-v2-20260723,cd270e7871bd358937d83d9a49829637fa80007d2964084ef229f578e3733bd3,ba75425861a059dafcc477474fc3e4ed1eafdc2b47d6fdd0557337035d29a960,2bdbec8c6cd435e8bb904c714a8d94511341b3bf386a75a9c20e5cfc8180bd3f,3521091,1693155472000000000,300
SS/payment_mem/2,SS,payment,mem,2,300,300,stream,0.1,4,0.10080491194843676,median_shift,2,0.5,0.8,0.045454545454545456,0,1,1,23,79.35590000124648,192-168-33-0-9100|payment|session-db|front-end|orders,192-168-33-0-9100_node-memory-active-bytes,0.8544086021505376,27,31,0.8387096774193549,0.8701075268817204,26,27,26,0.89813882532418,baseline-v2-20260723,cd270e7871bd358937d83d9a49829637fa80007d2964084ef229f578e3733bd3,ba75425861a059dafcc477474fc3e4ed1eafdc2b47d6fdd0557337035d29a960,2bdbec8c6cd435e8bb904c714a8d94511341b3bf386a75a9c20e5cfc8180bd3f,3521091,1693155472000000000,300
SS/payment_mem/2,SS,payment,mem,2,300,300,stream,0.1,4,0.10080491194843676,nsigma,1,1.0,1.0,0.0,1,1,1,23,302.62189998757094,payment|front-end|orders|shipping|queue-master,payment_istio-latency-99,0.8544086021505376,27,31,0.8387096774193549,0.8701075268817204,26,27,26,0.89813882532418,baseline-v2-20260723,cd270e7871bd358937d83d9a49829637fa80007d2964084ef229f578e3733bd3,ba75425861a059dafcc477474fc3e4ed1eafdc2b47d6fdd0557337035d29a960,2bdbec8c6cd435e8bb904c714a8d94511341b3bf386a75a9c20e5cfc8180bd3f,3521091,1693155472000000000,300
SS/payment_mem/2,SS,payment,mem,2,300,300,stream,0.1,5,0.10080491194843676,baro,2,0.5,0.8,0.045454545454545456,0,1,1,23,293.3146999566816,192-168-33-0-9100|payment|orders-db|front-end|session-db,192-168-33-0-9100_node-memory-active-bytes,0.9189247311827957,29,31,0.9032258064516129,0.9346236559139784,28,29,28,0.89813882532418,baseline-v2-20260723,cd270e7871bd358937d83d9a49829637fa80007d2964084ef229f578e3733bd3,ba75425861a059dafcc477474fc3e4ed1eafdc2b47d6fdd0557337035d29a960,2bdbec8c6cd435e8bb904c714a8d94511341b3bf386a75a9c20e5cfc8180bd3f,3521091,1693155472000000000,300
SS/payment_mem/2,SS,payment,mem,2,300,300,stream,0.1,5,0.10080491194843676,median_shift,3,0.3333333333333333,0.6,0.09090909090909091,0,1,1,23,104.54090003622696,192-168-33-0-9100|carts|payment|session-db|front-end,192-168-33-0-9100_node-memory-active-bytes,0.9189247311827957,29,31,0.9032258064516129,0.9346236559139784,28,29,28,0.89813882532418,baseline-v2-20260723,cd270e7871bd358937d83d9a49829637fa80007d2964084ef229f578e3733bd3,ba75425861a059dafcc477474fc3e4ed1eafdc2b47d6fdd0557337035d29a960,2bdbec8c6cd435e8bb904c714a8d94511341b3bf386a75a9c20e5cfc8180bd3f,3521091,1693155472000000000,300
SS/payment_mem/2,SS,payment,mem,2,300,300,stream,0.1,5,0.10080491194843676,nsigma,1,1.0,1.0,0.0,1,1,1,23,301.6961999819614,payment|front-end|orders|shipping|queue-master,payment_istio-latency-95,0.9189247311827957,29,31,0.9032258064516129,0.9346236559139784,28,29,28,0.89813882532418,baseline-v2-20260723,cd270e7871bd358937d83d9a49829637fa80007d2964084ef229f578e3733bd3,ba75425861a059dafcc477474fc3e4ed1eafdc2b47d6fdd0557337035d29a960,2bdbec8c6cd435e8bb904c714a8d94511341b3bf386a75a9c20e5cfc8180bd3f,3521091,1693155472000000000,300
SS/payment_mem/2,SS,payment,mem,2,300,300,stream,0.1,6,0.10080491194843676,baro,2,0.5,0.8,0.045454545454545456,0,1,1,23,335.6717999558896,192-168-33-0-9100|payment|orders-db|front-end|session-db,192-168-33-0-9100_node-memory-active-bytes,0.8544086021505376,27,31,0.8387096774193549,0.8701075268817204,26,27,26,0.89813882532418,baseline-v2-20260723,cd270e7871bd358937d83d9a49829637fa80007d2964084ef229f578e3733bd3,ba75425861a059dafcc477474fc3e4ed1eafdc2b47d6fdd0557337035d29a960,2bdbec8c6cd435e8bb904c714a8d94511341b3bf386a75a9c20e5cfc8180bd3f,3521091,1693155472000000000,300
SS/payment_mem/2,SS,payment,mem,2,300,300,stream,0.1,6,0.10080491194843676,median_shift,3,0.3333333333333333,0.6,0.09090909090909091,0,1,1,23,76.08679996337742,192-168-33-0-9100|carts|payment|session-db|front-end,192-168-33-0-9100_node-memory-active-bytes,0.8544086021505376,27,31,0.8387096774193549,0.8701075268817204,26,27,26,0.89813882532418,baseline-v2-20260723,cd270e7871bd358937d83d9a49829637fa80007d2964084ef229f578e3733bd3,ba75425861a059dafcc477474fc3e4ed1eafdc2b47d6fdd0557337035d29a960,2bdbec8c6cd435e8bb904c714a8d94511341b3bf386a75a9c20e5cfc8180bd3f,3521091,1693155472000000000,300
SS/payment_mem/2,SS,payment,mem,2,300,300,stream,0.1,6,0.10080491194843676,nsigma,1,1.0,1.0,0.0,1,1,1,23,288.9691999880597,payment|front-end|orders|shipping|queue-master,payment_istio-latency-95,0.8544086021505376,27,31,0.8387096774193549,0.8701075268817204,26,27,26,0.89813882532418,baseline-v2-20260723,cd270e7871bd358937d83d9a49829637fa80007d2964084ef229f578e3733bd3,ba75425861a059dafcc477474fc3e4ed1eafdc2b47d6fdd0557337035d29a960,2bdbec8c6cd435e8bb904c714a8d94511341b3bf386a75a9c20e5cfc8180bd3f,3521091,1693155472000000000,300
SS/payment_mem/2,SS,payment,mem,2,300,300,stream,0.1,7,0.10080491194843676,baro,2,0.5,0.8,0.045454545454545456,0,1,1,23,298.0169999646023,192-168-33-0-9100|payment|orders-db|front-end|session-db,192-168-33-0-9100_node-memory-active-bytes,0.8866666666666667,28,31,0.8709677419354839,0.9023655913978494,27,28,27,0.89813882532418,baseline-v2-20260723,cd270e7871bd358937d83d9a49829637fa80007d2964084ef229f578e3733bd3,ba75425861a059dafcc477474fc3e4ed1eafdc2b47d6fdd0557337035d29a960,2bdbec8c6cd435e8bb904c714a8d94511341b3bf386a75a9c20e5cfc8180bd3f,3521091,1693155472000000000,300
SS/payment_mem/2,SS,payment,mem,2,300,300,stream,0.1,7,0.10080491194843676,median_shift,3,0.3333333333333333,0.6,0.09090909090909091,0,1,1,23,105.96849996363744,192-168-33-0-9100|carts|payment|session-db|front-end,192-168-33-0-9100_node-memory-active-bytes,0.8866666666666667,28,31,0.8709677419354839,0.9023655913978494,27,28,27,0.89813882532418,baseline-v2-20260723,cd270e7871bd358937d83d9a49829637fa80007d2964084ef229f578e3733bd3,ba75425861a059dafcc477474fc3e4ed1eafdc2b47d6fdd0557337035d29a960,2bdbec8c6cd435e8bb904c714a8d94511341b3bf386a75a9c20e5cfc8180bd3f,3521091,1693155472000000000,300
SS/payment_mem/2,SS,payment,mem,2,300,300,stream,0.1,7,0.10080491194843676,nsigma,1,1.0,1.0,0.0,1,1,1,23,231.013200012967,payment|front-end|orders|shipping|queue-master,payment_istio-latency-95,0.8866666666666667,28,31,0.8709677419354839,0.9023655913978494,27,28,27,0.89813882532418,baseline-v2-20260723,cd270e7871bd358937d83d9a49829637fa80007d2964084ef229f578e3733bd3,ba75425861a059dafcc477474fc3e4ed1eafdc2b47d6fdd0557337035d29a960,2bdbec8c6cd435e8bb904c714a8d94511341b3bf386a75a9c20e5cfc8180bd3f,3521091,1693155472000000000,300
SS/payment_mem/2,SS,payment,mem,2,300,300,stream,0.1,8,0.10080491194843676,baro,2,0.5,0.8,0.045454545454545456,0,1,1,23,378.08419996872544,192-168-33-0-9100|payment|orders-db|front-end|session-db,192-168-33-0-9100_node-memory-active-bytes,0.8866666666666667,28,31,0.8709677419354839,0.9023655913978494,27,28,27,0.89813882532418,baseline-v2-20260723,cd270e7871bd358937d83d9a49829637fa80007d2964084ef229f578e3733bd3,ba75425861a059dafcc477474fc3e4ed1eafdc2b47d6fdd0557337035d29a960,2bdbec8c6cd435e8bb904c714a8d94511341b3bf386a75a9c20e5cfc8180bd3f,3521091,1693155472000000000,300
SS/payment_mem/2,SS,payment,mem,2,300,300,stream,0.1,8,0.10080491194843676,median_shift,3,0.3333333333333333,0.6,0.09090909090909091,0,1,1,23,98.2792999711819,192-168-33-0-9100|carts|payment|session-db|front-end,192-168-33-0-9100_node-memory-active-bytes,0.8866666666666667,28,31,0.8709677419354839,0.9023655913978494,27,28,27,0.89813882532418,baseline-v2-20260723,cd270e7871bd358937d83d9a49829637fa80007d2964084ef229f578e3733bd3,ba75425861a059dafcc477474fc3e4ed1eafdc2b47d6fdd0557337035d29a960,2bdbec8c6cd435e8bb904c714a8d94511341b3bf386a75a9c20e5cfc8180bd3f,3521091,1693155472000000000,300
SS/payment_mem/2,SS,payment,mem,2,300,300,stream,0.1,8,0.10080491194843676,nsigma,1,1.0,1.0,0.0,1,1,1,23,515.1313000242226,payment|front-end|orders|shipping|queue-master,payment_istio-latency-95,0.8866666666666667,28,31,0.8709677419354839,0.9023655913978494,27,28,27,0.89813882532418,baseline-v2-20260723,cd270e7871bd358937d83d9a49829637fa80007d2964084ef229f578e3733bd3,ba75425861a059dafcc477474fc3e4ed1eafdc2b47d6fdd0557337035d29a960,2bdbec8c6cd435e8bb904c714a8d94511341b3bf386a75a9c20e5cfc8180bd3f,3521091,1693155472000000000,300
SS/payment_mem/2,SS,payment,mem,2,300,300,stream,0.1,9,0.10080491194843676,baro,2,0.5,0.8,0.045454545454545456,0,1,1,23,382.9329999862239,192-168-33-0-9100|payment|orders-db|session-db|orders,192-168-33-0-9100_node-memory-active-bytes,0.9189247311827957,29,31,0.9032258064516129,0.9346236559139784,28,29,28,0.89813882532418,baseline-v2-20260723,cd270e7871bd358937d83d9a49829637fa80007d2964084ef229f578e3733bd3,ba75425861a059dafcc477474fc3e4ed1eafdc2b47d6fdd0557337035d29a960,2bdbec8c6cd435e8bb904c714a8d94511341b3bf386a75a9c20e5cfc8180bd3f,3521091,1693155472000000000,300
SS/payment_mem/2,SS,payment,mem,2,300,300,stream,0.1,9,0.10080491194843676,median_shift,2,0.5,0.8,0.045454545454545456,0,1,1,23,114.3317999667488,192-168-33-0-9100|payment|session-db|orders|front-end,192-168-33-0-9100_node-memory-active-bytes,0.9189247311827957,29,31,0.9032258064516129,0.9346236559139784,28,29,28,0.89813882532418,baseline-v2-20260723,cd270e7871bd358937d83d9a49829637fa80007d2964084ef229f578e3733bd3,ba75425861a059dafcc477474fc3e4ed1eafdc2b47d6fdd0557337035d29a960,2bdbec8c6cd435e8bb904c714a8d94511341b3bf386a75a9c20e5cfc8180bd3f,3521091,1693155472000000000,300
SS/payment_mem/2,SS,payment,mem,2,300,300,stream,0.1,9,0.10080491194843676,nsigma,1,1.0,1.0,0.0,1,1,1,23,344.8023000382818,payment|orders|front-end|shipping|queue-master,payment_istio-latency-95,0.9189247311827957,29,31,0.9032258064516129,0.9346236559139784,28,29,28,0.89813882532418,baseline-v2-20260723,cd270e7871bd358937d83d9a49829637fa80007d2964084ef229f578e3733bd3,ba75425861a059dafcc477474fc3e4ed1eafdc2b47d6fdd0557337035d29a960,2bdbec8c6cd435e8bb904c714a8d94511341b3bf386a75a9c20e5cfc8180bd3f,3521091,1693155472000000000,300
SS/payment_mem/2,SS,payment,mem,2,300,300,stream,0.3,0,0.30012371511920943,baro,2,0.5,0.8,0.045454545454545456,0,1,1,23,293.5476999846287,192-168-33-0-9100|payment|orders-db|front-end|session-db,192-168-33-0-9100_node-memory-active-bytes,0.7576344086021506,24,31,0.7419354838709677,0.7733333333333333,23,24,23,0.6990541571319603,baseline-v2-20260723,cd270e7871bd358937d83d9a49829637fa80007d2964084ef229f578e3733bd3,ba75425861a059dafcc477474fc3e4ed1eafdc2b47d6fdd0557337035d29a960,2bdbec8c6cd435e8bb904c714a8d94511341b3bf386a75a9c20e5cfc8180bd3f,3521091,1693155472000000000,300
SS/payment_mem/2,SS,payment,mem,2,300,300,stream,0.3,0,0.30012371511920943,median_shift,3,0.3333333333333333,0.6,0.09090909090909091,0,1,1,23,85.66170005360618,192-168-33-0-9100|carts|payment|session-db|front-end,192-168-33-0-9100_node-memory-active-bytes,0.7576344086021506,24,31,0.7419354838709677,0.7733333333333333,23,24,23,0.6990541571319603,baseline-v2-20260723,cd270e7871bd358937d83d9a49829637fa80007d2964084ef229f578e3733bd3,ba75425861a059dafcc477474fc3e4ed1eafdc2b47d6fdd0557337035d29a960,2bdbec8c6cd435e8bb904c714a8d94511341b3bf386a75a9c20e5cfc8180bd3f,3521091,1693155472000000000,300
SS/payment_mem/2,SS,payment,mem,2,300,300,stream,0.3,0,0.30012371511920943,nsigma,1,1.0,1.0,0.0,1,1,1,23,249.02240000665188,payment|front-end|orders|shipping|queue-master,payment_istio-latency-95,0.7576344086021506,24,31,0.7419354838709677,0.7733333333333333,23,24,23,0.6990541571319603,baseline-v2-20260723,cd270e7871bd358937d83d9a49829637fa80007d2964084ef229f578e3733bd3,ba75425861a059dafcc477474fc3e4ed1eafdc2b47d6fdd0557337035d29a960,2bdbec8c6cd435e8bb904c714a8d94511341b3bf386a75a9c20e5cfc8180bd3f,3521091,1693155472000000000,300
SS/payment_mem/2,SS,payment,mem,2,300,300,stream,0.3,1,0.29894765781314436,baro,1,1.0,1.0,0.0,1,1,1,23,298.08560002129525,payment|session-db|192-168-33-0-9100|orders|front-end,payment_istio-latency-99,0.7096774193548387,22,31,0.7096774193548387,0.7096774193548387,22,22,22,0.700228832951945,baseline-v2-20260723,cd270e7871bd358937d83d9a49829637fa80007d2964084ef229f578e3733bd3,ba75425861a059dafcc477474fc3e4ed1eafdc2b47d6fdd0557337035d29a960,2bdbec8c6cd435e8bb904c714a8d94511341b3bf386a75a9c20e5cfc8180bd3f,3521091,1693155472000000000,300
SS/payment_mem/2,SS,payment,mem,2,300,300,stream,0.3,1,0.29894765781314436,median_shift,2,0.5,0.8,0.045454545454545456,0,1,1,23,85.23490000516176,carts|payment|session-db|orders|front-end,carts_container-memory-max-usage-bytes,0.7096774193548387,22,31,0.7096774193548387,0.7096774193548387,22,22,22,0.700228832951945,baseline-v2-20260723,cd270e7871bd358937d83d9a49829637fa80007d2964084ef229f578e3733bd3,ba75425861a059dafcc477474fc3e4ed1eafdc2b47d6fdd0557337035d29a960,2bdbec8c6cd435e8bb904c714a8d94511341b3bf386a75a9c20e5cfc8180bd3f,3521091,1693155472000000000,300
SS/payment_mem/2,SS,payment,mem,2,300,300,stream,0.3,1,0.29894765781314436,nsigma,1,1.0,1.0,0.0,1,1,1,23,255.8947000070475,payment|orders|front-end|shipping|queue-master,payment_istio-latency-95,0.7096774193548387,22,31,0.7096774193548387,0.7096774193548387,22,22,22,0.700228832951945,baseline-v2-20260723,cd270e7871bd358937d83d9a49829637fa80007d2964084ef229f578e3733bd3,ba75425861a059dafcc477474fc3e4ed1eafdc2b47d6fdd0557337035d29a960,2bdbec8c6cd435e8bb904c714a8d94511341b3bf386a75a9c20e5cfc8180bd3f,3521091,1693155472000000000,300
SS/payment_mem/2,SS,payment,mem,2,300,300,stream,0.3,2,0.30012371511920943,baro,2,0.5,0.8,0.045454545454545456,0,1,1,23,291.25130001921207,192-168-33-0-9100|payment|orders-db|front-end|session-db,192-168-33-0-9100_node-memory-active-bytes,0.5963440860215053,19,31,0.5806451612903226,0.6120430107526882,18,19,18,0.6990541571319603,baseline-v2-20260723,cd270e7871bd358937d83d9a49829637fa80007d2964084ef229f578e3733bd3,ba75425861a059dafcc477474fc3e4ed1eafdc2b47d6fdd0557337035d29a960,2bdbec8c6cd435e8bb904c714a8d94511341b3bf386a75a9c20e5cfc8180bd3f,3521091,1693155472000000000,300
SS/payment_mem/2,SS,payment,mem,2,300,300,stream,0.3,2,0.30012371511920943,median_shift,3,0.3333333333333333,0.6,0.09090909090909091,0,1,1,23,83.80959997884929,192-168-33-0-9100|carts|payment|front-end|orders,192-168-33-0-9100_node-memory-active-bytes,0.5963440860215053,19,31,0.5806451612903226,0.6120430107526882,18,19,18,0.6990541571319603,baseline-v2-20260723,cd270e7871bd358937d83d9a49829637fa80007d2964084ef229f578e3733bd3,ba75425861a059dafcc477474fc3e4ed1eafdc2b47d6fdd0557337035d29a960,2bdbec8c6cd435e8bb904c714a8d94511341b3bf386a75a9c20e5cfc8180bd3f,3521091,1693155472000000000,300
SS/payment_mem/2,SS,payment,mem,2,300,300,stream,0.3,2,0.30012371511920943,nsigma,1,1.0,1.0,0.0,1,1,1,23,231.82149999774992,payment|front-end|orders|shipping|queue-master,payment_istio-latency-95,0.5963440860215053,19,31,0.5806451612903226,0.6120430107526882,18,19,18,0.6990541571319603,baseline-v2-20260723,cd270e7871bd358937d83d9a49829637fa80007d2964084ef229f578e3733bd3,ba75425861a059dafcc477474fc3e4ed1eafdc2b47d6fdd0557337035d29a960,2bdbec8c6cd435e8bb904c714a8d94511341b3bf386a75a9c20e5cfc8180bd3f,3521091,1693155472000000000,300
SS/payment_mem/2,SS,payment,mem,2,300,300,stream,0.3,3,0.30012371511920943,baro,2,0.5,0.8,0.045454545454545456,0,1,1,23,256.5628999727778,192-168-33-0-9100|payment|orders-db|session-db|orders,192-168-33-0-9100_node-memory-active-bytes,0.7576344086021506,24,31,0.7419354838709677,0.7733333333333333,23,24,23,0.6990541571319603,baseline-v2-20260723,cd270e7871bd358937d83d9a49829637fa80007d2964084ef229f578e3733bd3,ba75425861a059dafcc477474fc3e4ed1eafdc2b47d6fdd0557337035d29a960,2bdbec8c6cd435e8bb904c714a8d94511341b3bf386a75a9c20e5cfc8180bd3f,3521091,1693155472000000000,300
SS/payment_mem/2,SS,payment,mem,2,300,300,stream,0.3,3,0.30012371511920943,median_shift,3,0.3333333333333333,0.6,0.09090909090909091,0,1,1,23,66.71889999415725,192-168-33-0-9100|carts|payment|session-db|orders,192-168-33-0-9100_node-memory-active-bytes,0.7576344086021506,24,31,0.7419354838709677,0.7733333333333333,23,24,23,0.6990541571319603,baseline-v2-20260723,cd270e7871bd358937d83d9a49829637fa80007d2964084ef229f578e3733bd3,ba75425861a059dafcc477474fc3e4ed1eafdc2b47d6fdd0557337035d29a960,2bdbec8c6cd435e8bb904c714a8d94511341b3bf386a75a9c20e5cfc8180bd3f,3521091,1693155472000000000,300
SS/payment_mem/2,SS,payment,mem,2,300,300,stream,0.3,3,0.30012371511920943,nsigma,1,1.0,1.0,0.0,1,1,1,23,224.2044999729842,payment|orders|front-end|shipping|queue-master,payment_istio-latency-95,0.7576344086021506,24,31,0.7419354838709677,0.7733333333333333,23,24,23,0.6990541571319603,baseline-v2-20260723,cd270e7871bd358937d83d9a49829637fa80007d2964084ef229f578e3733bd3,ba75425861a059dafcc477474fc3e4ed1eafdc2b47d6fdd0557337035d29a960,2bdbec8c6cd435e8bb904c714a8d94511341b3bf386a75a9c20e5cfc8180bd3f,3521091,1693155472000000000,300
SS/payment_mem/2,SS,payment,mem,2,300,300,stream,0.3,4,0.30012371511920943,baro,1,1.0,1.0,0.0,1,1,1,23,287.584500038065,payment|orders-db|front-end|session-db|192-168-33-0-9100,payment_istio-latency-99,0.7576344086021506,24,31,0.7419354838709677,0.7733333333333333,23,24,23,0.6990541571319603,baseline-v2-20260723,cd270e7871bd358937d83d9a49829637fa80007d2964084ef229f578e3733bd3,ba75425861a059dafcc477474fc3e4ed1eafdc2b47d6fdd0557337035d29a960,2bdbec8c6cd435e8bb904c714a8d94511341b3bf386a75a9c20e5cfc8180bd3f,3521091,1693155472000000000,300
SS/payment_mem/2,SS,payment,mem,2,300,300,stream,0.3,4,0.30012371511920943,median_shift,2,0.5,0.8,0.045454545454545456,0,1,1,23,102.05869999481365,carts|payment|session-db|front-end|orders,carts_container-memory-max-usage-bytes,0.7576344086021506,24,31,0.7419354838709677,0.7733333333333333,23,24,23,0.6990541571319603,baseline-v2-20260723,cd270e7871bd358937d83d9a49829637fa80007d2964084ef229f578e3733bd3,ba75425861a059dafcc477474fc3e4ed1eafdc2b47d6fdd0557337035d29a960,2bdbec8c6cd435e8bb904c714a8d94511341b3bf386a75a9c20e5cfc8180bd3f,3521091,1693155472000000000,300
SS/payment_mem/2,SS,payment,mem,2,300,300,stream,0.3,4,0.30012371511920943,nsigma,1,1.0,1.0,0.0,1,1,1,23,215.4605999821797,payment|front-end|orders|shipping|catalogue-db,payment_istio-latency-95,0.7576344086021506,24,31,0.7419354838709677,0.7733333333333333,23,24,23,0.6990541571319603,baseline-v2-20260723,cd270e7871bd358937d83d9a49829637fa80007d2964084ef229f578e3733bd3,ba75425861a059dafcc477474fc3e4ed1eafdc2b47d6fdd0557337035d29a960,2bdbec8c6cd435e8bb904c714a8d94511341b3bf386a75a9c20e5cfc8180bd3f,3521091,1693155472000000000,300
SS/payment_mem/2,SS,payment,mem,2,300,300,stream,0.3,5,0.29894765781314436,baro,1,1.0,1.0,0.0,1,1,1,23,286.35769995162264,payment|session-db|orders|shipping|192-168-27-60-9100,payment_istio-latency-95,0.6129032258064516,19,31,0.6129032258064516,0.6129032258064516,19,19,19,0.700228832951945,baseline-v2-20260723,cd270e7871bd358937d83d9a49829637fa80007d2964084ef229f578e3733bd3,ba75425861a059dafcc477474fc3e4ed1eafdc2b47d6fdd0557337035d29a960,2bdbec8c6cd435e8bb904c714a8d94511341b3bf386a75a9c20e5cfc8180bd3f,3521091,1693155472000000000,300
SS/payment_mem/2,SS,payment,mem,2,300,300,stream,0.3,5,0.29894765781314436,median_shift,2,0.5,0.8,0.045454545454545456,0,1,1,23,65.55810000281781,carts|payment|session-db|orders|192-168-27-60-9100,carts_container-memory-max-usage-bytes,0.6129032258064516,19,31,0.6129032258064516,0.6129032258064516,19,19,19,0.700228832951945,baseline-v2-20260723,cd270e7871bd358937d83d9a49829637fa80007d2964084ef229f578e3733bd3,ba75425861a059dafcc477474fc3e4ed1eafdc2b47d6fdd0557337035d29a960,2bdbec8c6cd435e8bb904c714a8d94511341b3bf386a75a9c20e5cfc8180bd3f,3521091,1693155472000000000,300
SS/payment_mem/2,SS,payment,mem,2,300,300,stream,0.3,5,0.29894765781314436,nsigma,1,1.0,1.0,0.0,1,1,1,23,240.3119999798946,payment|orders|shipping|queue-master|catalogue-db,payment_istio-latency-95,0.6129032258064516,19,31,0.6129032258064516,0.6129032258064516,19,19,19,0.700228832951945,baseline-v2-20260723,cd270e7871bd358937d83d9a49829637fa80007d2964084ef229f578e3733bd3,ba75425861a059dafcc477474fc3e4ed1eafdc2b47d6fdd0557337035d29a960,2bdbec8c6cd435e8bb904c714a8d94511341b3bf386a75a9c20e5cfc8180bd3f,3521091,1693155472000000000,300
SS/payment_mem/2,SS,payment,mem,2,300,300,stream,0.3,6,0.29894765781314436,baro,2,0.5,0.8,0.045454545454545456,0,1,1,23,267.41329999640584,192-168-33-0-9100|payment|orders-db|front-end|session-db,192-168-33-0-9100_node-memory-active-bytes,0.5161290322580645,16,31,0.5161290322580645,0.5161290322580645,16,16,16,0.700228832951945,baseline-v2-20260723,cd270e7871bd358937d83d9a49829637fa80007d2964084ef229f578e3733bd3,ba75425861a059dafcc477474fc3e4ed1eafdc2b47d6fdd0557337035d29a960,2bdbec8c6cd435e8bb904c714a8d94511341b3bf386a75a9c20e5cfc8180bd3f,3521091,1693155472000000000,300
SS/payment_mem/2,SS,payment,mem,2,300,300,stream,0.3,6,0.29894765781314436,median_shift,3,0.3333333333333333,0.6,0.09090909090909091,0,1,1,23,77.7908000163734,192-168-33-0-9100|carts|payment|session-db|front-end,192-168-33-0-9100_node-memory-active-bytes,0.5161290322580645,16,31,0.5161290322580645,0.5161290322580645,16,16,16,0.700228832951945,baseline-v2-20260723,cd270e7871bd358937d83d9a49829637fa80007d2964084ef229f578e3733bd3,ba75425861a059dafcc477474fc3e4ed1eafdc2b47d6fdd0557337035d29a960,2bdbec8c6cd435e8bb904c714a8d94511341b3bf386a75a9c20e5cfc8180bd3f,3521091,1693155472000000000,300
SS/payment_mem/2,SS,payment,mem,2,300,300,stream,0.3,6,0.29894765781314436,nsigma,1,1.0,1.0,0.0,1,1,1,23,228.16679999232292,payment|front-end|orders|shipping|queue-master,payment_istio-latency-90,0.5161290322580645,16,31,0.5161290322580645,0.5161290322580645,16,16,16,0.700228832951945,baseline-v2-20260723,cd270e7871bd358937d83d9a49829637fa80007d2964084ef229f578e3733bd3,ba75425861a059dafcc477474fc3e4ed1eafdc2b47d6fdd0557337035d29a960,2bdbec8c6cd435e8bb904c714a8d94511341b3bf386a75a9c20e5cfc8180bd3f,3521091,1693155472000000000,300
SS/payment_mem/2,SS,payment,mem,2,300,300,stream,0.3,7,0.30012371511920943,baro,2,0.5,0.8,0.045454545454545456,0,1,1,23,336.803600017447,192-168-33-0-9100|payment|orders-db|session-db|front-end,192-168-33-0-9100_node-memory-active-bytes,0.7253763440860215,23,31,0.7096774193548387,0.7410752688172043,22,23,22,0.6990541571319603,baseline-v2-20260723,cd270e7871bd358937d83d9a49829637fa80007d2964084ef229f578e3733bd3,ba75425861a059dafcc477474fc3e4ed1eafdc2b47d6fdd0557337035d29a960,2bdbec8c6cd435e8bb904c714a8d94511341b3bf386a75a9c20e5cfc8180bd3f,3521091,1693155472000000000,300
SS/payment_mem/2,SS,payment,mem,2,300,300,stream,0.3,7,0.30012371511920943,median_shift,3,0.3333333333333333,0.6,0.09090909090909091,0,1,1,23,77.04519998515025,192-168-33-0-9100|carts|payment|front-end|192-168-27-60-9100,192-168-33-0-9100_node-memory-active-bytes,0.7253763440860215,23,31,0.7096774193548387,0.7410752688172043,22,23,22,0.6990541571319603,baseline-v2-20260723,cd270e7871bd358937d83d9a49829637fa80007d2964084ef229f578e3733bd3,ba75425861a059dafcc477474fc3e4ed1eafdc2b47d6fdd0557337035d29a960,2bdbec8c6cd435e8bb904c714a8d94511341b3bf386a75a9c20e5cfc8180bd3f,3521091,1693155472000000000,300
SS/payment_mem/2,SS,payment,mem,2,300,300,stream,0.3,7,0.30012371511920943,nsigma,1,1.0,1.0,0.0,1,1,1,23,259.37460002023727,payment|front-end|shipping|catalogue-db|192-168-27-60-9100,payment_istio-latency-99,0.7253763440860215,23,31,0.7096774193548387,0.7410752688172043,22,23,22,0.6990541571319603,baseline-v2-20260723,cd270e7871bd358937d83d9a49829637fa80007d2964084ef229f578e3733bd3,ba75425861a059dafcc477474fc3e4ed1eafdc2b47d6fdd0557337035d29a960,2bdbec8c6cd435e8bb904c714a8d94511341b3bf386a75a9c20e5cfc8180bd3f,3521091,1693155472000000000,300
SS/payment_mem/2,SS,payment,mem,2,300,300,stream,0.3,8,0.30012371511920943,baro,2,0.5,0.8,0.045454545454545456,0,1,1,23,290.38179997587577,192-168-33-0-9100|payment|front-end|session-db|orders,192-168-33-0-9100_node-memory-active-bytes,0.7898924731182796,25,31,0.7741935483870968,0.8055913978494623,24,25,24,0.6990541571319603,baseline-v2-20260723,cd270e7871bd358937d83d9a49829637fa80007d2964084ef229f578e3733bd3,ba75425861a059dafcc477474fc3e4ed1eafdc2b47d6fdd0557337035d29a960,2bdbec8c6cd435e8bb904c714a8d94511341b3bf386a75a9c20e5cfc8180bd3f,3521091,1693155472000000000,300
SS/payment_mem/2,SS,payment,mem,2,300,300,stream,0.3,8,0.30012371511920943,median_shift,2,0.5,0.8,0.045454545454545456,0,1,1,23,88.21730001363903,192-168-33-0-9100|payment|session-db|front-end|orders,192-168-33-0-9100_node-memory-active-bytes,0.7898924731182796,25,31,0.7741935483870968,0.8055913978494623,24,25,24,0.6990541571319603,baseline-v2-20260723,cd270e7871bd358937d83d9a49829637fa80007d2964084ef229f578e3733bd3,ba75425861a059dafcc477474fc3e4ed1eafdc2b47d6fdd0557337035d29a960,2bdbec8c6cd435e8bb904c714a8d94511341b3bf386a75a9c20e5cfc8180bd3f,3521091,1693155472000000000,300
SS/payment_mem/2,SS,payment,mem,2,300,300,stream,0.3,8,0.30012371511920943,nsigma,1,1.0,1.0,0.0,1,1,1,23,278.7735000019893,payment|front-end|orders|shipping|queue-master,payment_istio-latency-95,0.7898924731182796,25,31,0.7741935483870968,0.8055913978494623,24,25,24,0.6990541571319603,baseline-v2-20260723,cd270e7871bd358937d83d9a49829637fa80007d2964084ef229f578e3733bd3,ba75425861a059dafcc477474fc3e4ed1eafdc2b47d6fdd0557337035d29a960,2bdbec8c6cd435e8bb904c714a8d94511341b3bf386a75a9c20e5cfc8180bd3f,3521091,1693155472000000000,300
SS/payment_mem/2,SS,payment,mem,2,300,300,stream,0.3,9,0.30012371511920943,baro,2,0.5,0.8,0.045454545454545456,0,1,1,23,336.10170002793893,192-168-33-0-9100|payment|orders-db|front-end|session-db,192-168-33-0-9100_node-memory-active-bytes,0.6608602150537635,21,31,0.6451612903225806,0.6765591397849462,20,21,20,0.6990541571319603,baseline-v2-20260723,cd270e7871bd358937d83d9a49829637fa80007d2964084ef229f578e3733bd3,ba75425861a059dafcc477474fc3e4ed1eafdc2b47d6fdd0557337035d29a960,2bdbec8c6cd435e8bb904c714a8d94511341b3bf386a75a9c20e5cfc8180bd3f,3521091,1693155472000000000,300
SS/payment_mem/2,SS,payment,mem,2,300,300,stream,0.3,9,0.30012371511920943,median_shift,3,0.3333333333333333,0.6,0.09090909090909091,0,1,1,23,83.34120002109557,192-168-33-0-9100|carts|payment|session-db|front-end,192-168-33-0-9100_node-memory-active-bytes,0.6608602150537635,21,31,0.6451612903225806,0.6765591397849462,20,21,20,0.6990541571319603,baseline-v2-20260723,cd270e7871bd358937d83d9a49829637fa80007d2964084ef229f578e3733bd3,ba75425861a059dafcc477474fc3e4ed1eafdc2b47d6fdd0557337035d29a960,2bdbec8c6cd435e8bb904c714a8d94511341b3bf386a75a9c20e5cfc8180bd3f,3521091,1693155472000000000,300
SS/payment_mem/2,SS,payment,mem,2,300,300,stream,0.3,9,0.30012371511920943,nsigma,1,1.0,1.0,0.0,1,1,1,23,242.6907999906689,payment|front-end|orders|shipping|catalogue-db,payment_istio-latency-95,0.6608602150537635,21,31,0.6451612903225806,0.6765591397849462,20,21,20,0.6990541571319603,baseline-v2-20260723,cd270e7871bd358937d83d9a49829637fa80007d2964084ef229f578e3733bd3,ba75425861a059dafcc477474fc3e4ed1eafdc2b47d6fdd0557337035d29a960,2bdbec8c6cd435e8bb904c714a8d94511341b3bf386a75a9c20e5cfc8180bd3f,3521091,1693155472000000000,300
SS/payment_mem/2,SS,payment,mem,2,300,300,stream,0.5,0,0.49944251828998215,baro,1,1.0,1.0,0.0,1,1,1,23,262.42440001806244,payment|front-end|session-db|orders|192-168-27-60-9100,payment_istio-latency-95,0.4350537634408602,14,31,0.41935483870967744,0.450752688172043,13,14,13,0.49996948893974064,baseline-v2-20260723,cd270e7871bd358937d83d9a49829637fa80007d2964084ef229f578e3733bd3,ba75425861a059dafcc477474fc3e4ed1eafdc2b47d6fdd0557337035d29a960,2bdbec8c6cd435e8bb904c714a8d94511341b3bf386a75a9c20e5cfc8180bd3f,3521091,1693155472000000000,300
SS/payment_mem/2,SS,payment,mem,2,300,300,stream,0.5,0,0.49944251828998215,median_shift,2,0.5,0.8,0.045454545454545456,0,1,1,23,57.87010001949966,session-db|payment|front-end|orders|192-168-27-60-9100,session-db_container-memory-rss,0.4350537634408602,14,31,0.41935483870967744,0.450752688172043,13,14,13,0.49996948893974064,baseline-v2-20260723,cd270e7871bd358937d83d9a49829637fa80007d2964084ef229f578e3733bd3,ba75425861a059dafcc477474fc3e4ed1eafdc2b47d6fdd0557337035d29a960,2bdbec8c6cd435e8bb904c714a8d94511341b3bf386a75a9c20e5cfc8180bd3f,3521091,1693155472000000000,300
SS/payment_mem/2,SS,payment,mem,2,300,300,stream,0.5,0,0.49944251828998215,nsigma,1,1.0,1.0,0.0,1,1,1,23,211.97780000511557,payment|front-end|orders|queue-master|catalogue-db,payment_istio-latency-95,0.4350537634408602,14,31,0.41935483870967744,0.450752688172043,13,14,13,0.49996948893974064,baseline-v2-20260723,cd270e7871bd358937d83d9a49829637fa80007d2964084ef229f578e3733bd3,ba75425861a059dafcc477474fc3e4ed1eafdc2b47d6fdd0557337035d29a960,2bdbec8c6cd435e8bb904c714a8d94511341b3bf386a75a9c20e5cfc8180bd3f,3521091,1693155472000000000,300
SS/payment_mem/2,SS,payment,mem,2,300,300,stream,0.5,1,0.49944251828998215,baro,1,1.0,1.0,0.0,1,1,1,23,258.988399989903,payment|orders-db|front-end|session-db|192-168-33-0-9100,payment_istio-latency-99,0.4350537634408602,14,31,0.41935483870967744,0.450752688172043,13,14,13,0.49996948893974064,baseline-v2-20260723,cd270e7871bd358937d83d9a49829637fa80007d2964084ef229f578e3733bd3,ba75425861a059dafcc477474fc3e4ed1eafdc2b47d6fdd0557337035d29a960,2bdbec8c6cd435e8bb904c714a8d94511341b3bf386a75a9c20e5cfc8180bd3f,3521091,1693155472000000000,300
SS/payment_mem/2,SS,payment,mem,2,300,300,stream,0.5,1,0.49944251828998215,median_shift,3,0.3333333333333333,0.6,0.09090909090909091,0,1,1,23,94.77100003277883,carts|session-db|payment|front-end|orders,carts_container-memory-max-usage-bytes,0.4350537634408602,14,31,0.41935483870967744,0.450752688172043,13,14,13,0.49996948893974064,baseline-v2-20260723,cd270e7871bd358937d83d9a49829637fa80007d2964084ef229f578e3733bd3,ba75425861a059dafcc477474fc3e4ed1eafdc2b47d6fdd0557337035d29a960,2bdbec8c6cd435e8bb904c714a8d94511341b3bf386a75a9c20e5cfc8180bd3f,3521091,1693155472000000000,300
SS/payment_mem/2,SS,payment,mem,2,300,300,stream,0.5,1,0.49944251828998215,nsigma,1,1.0,1.0,0.0,1,1,1,23,209.67359998030588,payment|front-end|orders|shipping|queue-master,payment_istio-latency-99,0.4350537634408602,14,31,0.41935483870967744,0.450752688172043,13,14,13,0.49996948893974064,baseline-v2-20260723,cd270e7871bd358937d83d9a49829637fa80007d2964084ef229f578e3733bd3,ba75425861a059dafcc477474fc3e4ed1eafdc2b47d6fdd0557337035d29a960,2bdbec8c6cd435e8bb904c714a8d94511341b3bf386a75a9c20e5cfc8180bd3f,3521091,1693155472000000000,300
SS/payment_mem/2,SS,payment,mem,2,300,300,stream,0.5,2,0.49944251828998215,baro,1,1.0,1.0,0.0,1,1,1,23,270.4721000045538,payment|session-db|192-168-33-0-9100|orders|shipping,payment_istio-latency-99,0.4350537634408602,14,31,0.41935483870967744,0.450752688172043,13,14,13,0.49996948893974064,baseline-v2-20260723,cd270e7871bd358937d83d9a49829637fa80007d2964084ef229f578e3733bd3,ba75425861a059dafcc477474fc3e4ed1eafdc2b47d6fdd0557337035d29a960,2bdbec8c6cd435e8bb904c714a8d94511341b3bf386a75a9c20e5cfc8180bd3f,3521091,1693155472000000000,300
SS/payment_mem/2,SS,payment,mem,2,300,300,stream,0.5,2,0.49944251828998215,median_shift,2,0.5,0.8,0.045454545454545456,0,1,1,23,93.33340002922341,carts|payment|orders|192-168-27-60-9100|shipping,carts_container-memory-max-usage-bytes,0.4350537634408602,14,31,0.41935483870967744,0.450752688172043,13,14,13,0.49996948893974064,baseline-v2-20260723,cd270e7871bd358937d83d9a49829637fa80007d2964084ef229f578e3733bd3,ba75425861a059dafcc477474fc3e4ed1eafdc2b47d6fdd0557337035d29a960,2bdbec8c6cd435e8bb904c714a8d94511341b3bf386a75a9c20e5cfc8180bd3f,3521091,1693155472000000000,300
SS/payment_mem/2,SS,payment,mem,2,300,300,stream,0.5,2,0.49944251828998215,nsigma,1,1.0,1.0,0.0,1,1,1,23,209.12819996010512,payment|orders|shipping|queue-master|catalogue-db,payment_istio-latency-99,0.4350537634408602,14,31,0.41935483870967744,0.450752688172043,13,14,13,0.49996948893974064,baseline-v2-20260723,cd270e7871bd358937d83d9a49829637fa80007d2964084ef229f578e3733bd3,ba75425861a059dafcc477474fc3e4ed1eafdc2b47d6fdd0557337035d29a960,2bdbec8c6cd435e8bb904c714a8d94511341b3bf386a75a9c20e5cfc8180bd3f,3521091,1693155472000000000,300
SS/payment_mem/2,SS,payment,mem,2,300,300,stream,0.5,3,0.498266460983917,baro,1,1.0,1.0,0.0,1,1,1,23,242.73259995970875,payment|orders-db|front-end|orders|shipping,payment_istio-latency-95,0.5483870967741935,17,31,0.5483870967741935,0.5483870967741935,17,17,17,0.5011441647597255,baseline-v2-20260723,cd270e7871bd358937d83d9a49829637fa80007d2964084ef229f578e3733bd3,ba75425861a059dafcc477474fc3e4ed1eafdc2b47d6fdd0557337035d29a960,2bdbec8c6cd435e8bb904c714a8d94511341b3bf386a75a9c20e5cfc8180bd3f,3521091,1693155472000000000,300
SS/payment_mem/2,SS,payment,mem,2,300,300,stream,0.5,3,0.498266460983917,median_shift,1,1.0,1.0,0.0,1,1,1,23,105.11639999458566,payment|front-end|orders|192-168-27-60-9100|shipping,payment_container-memory-cache,0.5483870967741935,17,31,0.5483870967741935,0.5483870967741935,17,17,17,0.5011441647597255,baseline-v2-20260723,cd270e7871bd358937d83d9a49829637fa80007d2964084ef229f578e3733bd3,ba75425861a059dafcc477474fc3e4ed1eafdc2b47d6fdd0557337035d29a960,2bdbec8c6cd435e8bb904c714a8d94511341b3bf386a75a9c20e5cfc8180bd3f,3521091,1693155472000000000,300
SS/payment_mem/2,SS,payment,mem,2,300,300,stream,0.5,3,0.498266460983917,nsigma,1,1.0,1.0,0.0,1,1,1,23,256.3007000135258,payment|front-end|orders|shipping|queue-master,payment_istio-latency-95,0.5483870967741935,17,31,0.5483870967741935,0.5483870967741935,17,17,17,0.5011441647597255,baseline-v2-20260723,cd270e7871bd358937d83d9a49829637fa80007d2964084ef229f578e3733bd3,ba75425861a059dafcc477474fc3e4ed1eafdc2b47d6fdd0557337035d29a960,2bdbec8c6cd435e8bb904c714a8d94511341b3bf386a75a9c20e5cfc8180bd3f,3521091,1693155472000000000,300
SS/payment_mem/2,SS,payment,mem,2,300,300,stream,0.5,4,0.498266460983917,baro,2,0.5,0.8,0.045454545454545456,0,1,1,23,375.5284000071697,192-168-33-0-9100|payment|front-end|session-db|orders,192-168-33-0-9100_node-memory-active-bytes,0.5483870967741935,17,31,0.5483870967741935,0.5483870967741935,17,17,17,0.5011441647597255,baseline-v2-20260723,cd270e7871bd358937d83d9a49829637fa80007d2964084ef229f578e3733bd3,ba75425861a059dafcc477474fc3e4ed1eafdc2b47d6fdd0557337035d29a960,2bdbec8c6cd435e8bb904c714a8d94511341b3bf386a75a9c20e5cfc8180bd3f,3521091,1693155472000000000,300
SS/payment_mem/2,SS,payment,mem,2,300,300,stream,0.5,4,0.498266460983917,median_shift,2,0.5,0.8,0.045454545454545456,0,1,1,23,100.97410000162199,192-168-33-0-9100|payment|front-end|orders|192-168-27-60-9100,192-168-33-0-9100_node-memory-active-bytes,0.5483870967741935,17,31,0.5483870967741935,0.5483870967741935,17,17,17,0.5011441647597255,baseline-v2-20260723,cd270e7871bd358937d83d9a49829637fa80007d2964084ef229f578e3733bd3,ba75425861a059dafcc477474fc3e4ed1eafdc2b47d6fdd0557337035d29a960,2bdbec8c6cd435e8bb904c714a8d94511341b3bf386a75a9c20e5cfc8180bd3f,3521091,1693155472000000000,300
SS/payment_mem/2,SS,payment,mem,2,300,300,stream,0.5,4,0.498266460983917,nsigma,1,1.0,1.0,0.0,1,1,1,23,274.566899985075,payment|front-end|orders|catalogue-db|192-168-27-60-9100,payment_istio-latency-95,0.5483870967741935,17,31,0.5483870967741935,0.5483870967741935,17,17,17,0.5011441647597255,baseline-v2-20260723,cd270e7871bd358937d83d9a49829637fa80007d2964084ef229f578e3733bd3,ba75425861a059dafcc477474fc3e4ed1eafdc2b47d6fdd0557337035d29a960,2bdbec8c6cd435e8bb904c714a8d94511341b3bf386a75a9c20e5cfc8180bd3f,3521091,1693155472000000000,300
SS/payment_mem/2,SS,payment,mem,2,300,300,stream,0.5,5,0.49944251828998215,baro,2,0.5,0.8,0.045454545454545456,0,1,1,23,289.53660000115633,192-168-33-0-9100|payment|front-end|session-db|orders,192-168-33-0-9100_node-memory-active-bytes,0.4350537634408602,14,31,0.41935483870967744,0.450752688172043,13,14,13,0.49996948893974064,baseline-v2-20260723,cd270e7871bd358937d83d9a49829637fa80007d2964084ef229f578e3733bd3,ba75425861a059dafcc477474fc3e4ed1eafdc2b47d6fdd0557337035d29a960,2bdbec8c6cd435e8bb904c714a8d94511341b3bf386a75a9c20e5cfc8180bd3f,3521091,1693155472000000000,300
SS/payment_mem/2,SS,payment,mem,2,300,300,stream,0.5,5,0.49944251828998215,median_shift,3,0.3333333333333333,0.6,0.09090909090909091,0,1,1,23,60.672500054351985,192-168-33-0-9100|carts|payment|front-end|orders,192-168-33-0-9100_node-memory-active-bytes,0.4350537634408602,14,31,0.41935483870967744,0.450752688172043,13,14,13,0.49996948893974064,baseline-v2-20260723,cd270e7871bd358937d83d9a49829637fa80007d2964084ef229f578e3733bd3,ba75425861a059dafcc477474fc3e4ed1eafdc2b47d6fdd0557337035d29a960,2bdbec8c6cd435e8bb904c714a8d94511341b3bf386a75a9c20e5cfc8180bd3f,3521091,1693155472000000000,300
SS/payment_mem/2,SS,payment,mem,2,300,300,stream,0.5,5,0.49944251828998215,nsigma,1,1.0,1.0,0.0,1,1,1,23,313.44529998023063,payment|front-end|orders|shipping|192-168-27-60-9100,payment_istio-latency-99,0.4350537634408602,14,31,0.41935483870967744,0.450752688172043,13,14,13,0.49996948893974064,baseline-v2-20260723,cd270e7871bd358937d83d9a49829637fa80007d2964084ef229f578e3733bd3,ba75425861a059dafcc477474fc3e4ed1eafdc2b47d6fdd0557337035d29a960,2bdbec8c6cd435e8bb904c714a8d94511341b3bf386a75a9c20e5cfc8180bd3f,3521091,1693155472000000000,300
SS/payment_mem/2,SS,payment,mem,2,300,300,stream,0.5,6,0.49944251828998215,baro,1,1.0,1.0,0.0,1,1,1,23,266.0829000524245,payment|orders-db|front-end|session-db|orders,payment_istio-latency-95,0.6286021505376345,20,31,0.6129032258064516,0.6443010752688172,19,20,19,0.49996948893974064,baseline-v2-20260723,cd270e7871bd358937d83d9a49829637fa80007d2964084ef229f578e3733bd3,ba75425861a059dafcc477474fc3e4ed1eafdc2b47d6fdd0557337035d29a960,2bdbec8c6cd435e8bb904c714a8d94511341b3bf386a75a9c20e5cfc8180bd3f,3521091,1693155472000000000,300
SS/payment_mem/2,SS,payment,mem,2,300,300,stream,0.5,6,0.49944251828998215,median_shift,1,1.0,1.0,0.0,1,1,1,23,73.86709999991581,payment|front-end|orders|shipping|192-168-27-60-9100,payment_container-memory-cache,0.6286021505376345,20,31,0.6129032258064516,0.6443010752688172,19,20,19,0.49996948893974064,baseline-v2-20260723,cd270e7871bd358937d83d9a49829637fa80007d2964084ef229f578e3733bd3,ba75425861a059dafcc477474fc3e4ed1eafdc2b47d6fdd0557337035d29a960,2bdbec8c6cd435e8bb904c714a8d94511341b3bf386a75a9c20e5cfc8180bd3f,3521091,1693155472000000000,300
SS/payment_mem/2,SS,payment,mem,2,300,300,stream,0.5,6,0.49944251828998215,nsigma,1,1.0,1.0,0.0,1,1,1,23,232.27060004137456,payment|front-end|orders|catalogue-db|192-168-27-60-9100,payment_istio-latency-95,0.6286021505376345,20,31,0.6129032258064516,0.6443010752688172,19,20,19,0.49996948893974064,baseline-v2-20260723,cd270e7871bd358937d83d9a49829637fa80007d2964084ef229f578e3733bd3,ba75425861a059dafcc477474fc3e4ed1eafdc2b47d6fdd0557337035d29a960,2bdbec8c6cd435e8bb904c714a8d94511341b3bf386a75a9c20e5cfc8180bd3f,3521091,1693155472000000000,300
SS/payment_mem/2,SS,payment,mem,2,300,300,stream,0.5,7,0.498266460983917,baro,1,1.0,1.0,0.0,1,1,1,23,223.74109999509528,payment|session-db|192-168-33-0-9100|orders|shipping,payment_istio-latency-95,0.4838709677419355,15,31,0.4838709677419355,0.4838709677419355,15,15,15,0.5011441647597255,baseline-v2-20260723,cd270e7871bd358937d83d9a49829637fa80007d2964084ef229f578e3733bd3,ba75425861a059dafcc477474fc3e4ed1eafdc2b47d6fdd0557337035d29a960,2bdbec8c6cd435e8bb904c714a8d94511341b3bf386a75a9c20e5cfc8180bd3f,3521091,1693155472000000000,300
SS/payment_mem/2,SS,payment,mem,2,300,300,stream,0.5,7,0.498266460983917,median_shift,2,0.5,0.8,0.045454545454545456,0,1,1,23,55.561100016348064,carts|payment|orders|shipping|192-168-27-60-9100,carts_container-memory-max-usage-bytes,0.4838709677419355,15,31,0.4838709677419355,0.4838709677419355,15,15,15,0.5011441647597255,baseline-v2-20260723,cd270e7871bd358937d83d9a49829637fa80007d2964084ef229f578e3733bd3,ba75425861a059dafcc477474fc3e4ed1eafdc2b47d6fdd0557337035d29a960,2bdbec8c6cd435e8bb904c714a8d94511341b3bf386a75a9c20e5cfc8180bd3f,3521091,1693155472000000000,300
SS/payment_mem/2,SS,payment,mem,2,300,300,stream,0.5,7,0.498266460983917,nsigma,1,1.0,1.0,0.0,1,1,1,23,261.62699999986216,payment|orders|shipping|queue-master|catalogue-db,payment_istio-latency-95,0.4838709677419355,15,31,0.4838709677419355,0.4838709677419355,15,15,15,0.5011441647597255,baseline-v2-20260723,cd270e7871bd358937d83d9a49829637fa80007d2964084ef229f578e3733bd3,ba75425861a059dafcc477474fc3e4ed1eafdc2b47d6fdd0557337035d29a960,2bdbec8c6cd435e8bb904c714a8d94511341b3bf386a75a9c20e5cfc8180bd3f,3521091,1693155472000000000,300
SS/payment_mem/2,SS,payment,mem,2,300,300,stream,0.5,8,0.498266460983917,baro,1,1.0,1.0,0.0,1,1,1,23,336.3755999598652,payment|front-end|session-db|orders|shipping,payment_istio-latency-99,0.5161290322580645,16,31,0.5161290322580645,0.5161290322580645,16,16,16,0.5011441647597255,baseline-v2-20260723,cd270e7871bd358937d83d9a49829637fa80007d2964084ef229f578e3733bd3,ba75425861a059dafcc477474fc3e4ed1eafdc2b47d6fdd0557337035d29a960,2bdbec8c6cd435e8bb904c714a8d94511341b3bf386a75a9c20e5cfc8180bd3f,3521091,1693155472000000000,300
SS/payment_mem/2,SS,payment,mem,2,300,300,stream,0.5,8,0.498266460983917,median_shift,2,0.5,0.8,0.045454545454545456,0,1,1,23,89.29770003305748,carts|payment|session-db|front-end|orders,carts_container-memory-max-usage-bytes,0.5161290322580645,16,31,0.5161290322580645,0.5161290322580645,16,16,16,0.5011441647597255,baseline-v2-20260723,cd270e7871bd358937d83d9a49829637fa80007d2964084ef229f578e3733bd3,ba75425861a059dafcc477474fc3e4ed1eafdc2b47d6fdd0557337035d29a960,2bdbec8c6cd435e8bb904c714a8d94511341b3bf386a75a9c20e5cfc8180bd3f,3521091,1693155472000000000,300
SS/payment_mem/2,SS,payment,mem,2,300,300,stream,0.5,8,0.498266460983917,nsigma,1,1.0,1.0,0.0,1,1,1,23,212.1845000074245,payment|front-end|orders|shipping|192-168-27-60-9100,payment_istio-latency-99,0.5161290322580645,16,31,0.5161290322580645,0.5161290322580645,16,16,16,0.5011441647597255,baseline-v2-20260723,cd270e7871bd358937d83d9a49829637fa80007d2964084ef229f578e3733bd3,ba75425861a059dafcc477474fc3e4ed1eafdc2b47d6fdd0557337035d29a960,2bdbec8c6cd435e8bb904c714a8d94511341b3bf386a75a9c20e5cfc8180bd3f,3521091,1693155472000000000,300
SS/payment_mem/2,SS,payment,mem,2,300,300,stream,0.5,9,0.49944251828998215,baro,2,0.5,0.8,0.045454545454545456,0,1,1,23,248.83309996221215,192-168-33-0-9100|payment|front-end|session-db|orders,192-168-33-0-9100_node-memory-active-bytes,0.5318279569892473,17,31,0.5161290322580645,0.5475268817204301,16,17,16,0.49996948893974064,baseline-v2-20260723,cd270e7871bd358937d83d9a49829637fa80007d2964084ef229f578e3733bd3,ba75425861a059dafcc477474fc3e4ed1eafdc2b47d6fdd0557337035d29a960,2bdbec8c6cd435e8bb904c714a8d94511341b3bf386a75a9c20e5cfc8180bd3f,3521091,1693155472000000000,300
SS/payment_mem/2,SS,payment,mem,2,300,300,stream,0.5,9,0.49944251828998215,median_shift,2,0.5,0.8,0.045454545454545456,0,1,1,23,87.94429997215047,192-168-33-0-9100|payment|session-db|front-end|orders,192-168-33-0-9100_node-memory-active-bytes,0.5318279569892473,17,31,0.5161290322580645,0.5475268817204301,16,17,16,0.49996948893974064,baseline-v2-20260723,cd270e7871bd358937d83d9a49829637fa80007d2964084ef229f578e3733bd3,ba75425861a059dafcc477474fc3e4ed1eafdc2b47d6fdd0557337035d29a960,2bdbec8c6cd435e8bb904c714a8d94511341b3bf386a75a9c20e5cfc8180bd3f,3521091,1693155472000000000,300
SS/payment_mem/2,SS,payment,mem,2,300,300,stream,0.5,9,0.49944251828998215,nsigma,1,1.0,1.0,0.0,1,1,1,23,230.81740003544837,payment|front-end|orders|shipping|catalogue-db,payment_istio-latency-95,0.5318279569892473,17,31,0.5161290322580645,0.5475268817204301,16,17,16,0.49996948893974064,baseline-v2-20260723,cd270e7871bd358937d83d9a49829637fa80007d2964084ef229f578e3733bd3,ba75425861a059dafcc477474fc3e4ed1eafdc2b47d6fdd0557337035d29a960,2bdbec8c6cd435e8bb904c714a8d94511341b3bf386a75a9c20e5cfc8180bd3f,3521091,1693155472000000000,300
