case_id,system,root_service,fault,repetition,n_pre,n_post,mechanism,rate,replicate,realized_rate,method,rank,reciprocal_rank,avg_at_5,normalized_rank,hit_at_1,hit_at_3,hit_at_5,candidate_count,elapsed_ms,top_5,top_evidence_metric,root_observed_fraction,root_streams_available,root_streams_total,root_pre_observed_fraction,root_post_observed_fraction,root_streams_pre_available,root_streams_post_available,root_streams_scorable,observed_fraction,runner_version,code_hash,config_fingerprint,source_fingerprint,source_size,source_mtime_ns,window
SS/catalogue_disk/2,SS,catalogue,disk,2,300,300,burst,0.1,0,0.1,baro,4,0.25,0.4,0.15,0,0,1,21,367.07779997959733,payment|queue-master|10-192-15-196-9100|catalogue|front-end,payment_container-memory-usage-bytes,0.9,34,34,0.8901960784313725,0.9098039215686274,34,34,34,0.9,baseline-v2-20260723,cd270e7871bd358937d83d9a49829637fa80007d2964084ef229f578e3733bd3,ba75425861a059dafcc477474fc3e4ed1eafdc2b47d6fdd0557337035d29a960,a3dc442fe154bd2f9c3d239489ec894faf19ef215aaad75b55a1f4766836cd24,3385868,1702382826000000000,300
SS/catalogue_disk/2,SS,catalogue,disk,2,300,300,burst,0.1,0,0.1,median_shift,1,1.0,1.0,0.0,1,1,1,21,96.40779998153448,catalogue|orders|payment|shipping|10-192-15-196-9100,catalogue_container-fs-reads-total,0.9,34,34,0.8901960784313725,0.9098039215686274,34,34,34,0.9,baseline-v2-20260723,cd270e7871bd358937d83d9a49829637fa80007d2964084ef229f578e3733bd3,ba75425861a059dafcc477474fc3e4ed1eafdc2b47d6fdd0557337035d29a960,a3dc442fe154bd2f9c3d239489ec894faf19ef215aaad75b55a1f4766836cd24,3385868,1702382826000000000,300
SS/catalogue_disk/2,SS,catalogue,disk,2,300,300,burst,0.1,0,0.1,nsigma,3,0.3333333333333333,0.6,0.1,0,1,1,21,248.62690002191812,10-192-15-196-9100|queue-master|catalogue|session-db|orders,10-192-15-196-9100_node-disk-writes-completed-total,0.9,34,34,0.8901960784313725,0.9098039215686274,34,34,34,0.9,baseline-v2-20260723,cd270e7871bd358937d83d9a49829637fa80007d2964084ef229f578e3733bd3,ba75425861a059dafcc477474fc3e4ed1eafdc2b47d6fdd0557337035d29a960,a3dc442fe154bd2f9c3d239489ec894faf19ef215aaad75b55a1f4766836cd24,3385868,1702382826000000000,300
SS/catalogue_disk/2,SS,catalogue,disk,2,300,300,burst,0.1,1,0.1,baro,4,0.25,0.4,0.15,0,0,1,21,351.7670999863185,payment|queue-master|10-192-15-196-9100|catalogue|front-end,payment_container-memory-working-set-bytes,0.9,34,34,0.9009803921568628,0.8990196078431373,34,34,34,0.9,baseline-v2-20260723,cd270e7871bd358937d83d9a49829637fa80007d2964084ef229f578e3733bd3,ba75425861a059dafcc477474fc3e4ed1eafdc2b47d6fdd0557337035d29a960,a3dc442fe154bd2f9c3d239489ec894faf19ef215aaad75b55a1f4766836cd24,3385868,1702382826000000000,300
SS/catalogue_disk/2,SS,catalogue,disk,2,300,300,burst,0.1,1,0.1,median_shift,1,1.0,1.0,0.0,1,1,1,21,96.55399998882785,catalogue|orders|payment|shipping|10-192-15-196-9100,catalogue_container-fs-reads-total,0.9,34,34,0.9009803921568628,0.8990196078431373,34,34,34,0.9,baseline-v2-20260723,cd270e7871bd358937d83d9a49829637fa80007d2964084ef229f578e3733bd3,ba75425861a059dafcc477474fc3e4ed1eafdc2b47d6fdd0557337035d29a960,a3dc442fe154bd2f9c3d239489ec894faf19ef215aaad75b55a1f4766836cd24,3385868,1702382826000000000,300
SS/catalogue_disk/2,SS,catalogue,disk,2,300,300,burst,0.1,1,0.1,nsigma,3,0.3333333333333333,0.6,0.1,0,1,1,21,250.84150000475347,10-192-15-196-9100|queue-master|catalogue|session-db|orders,10-192-15-196-9100_node-disk-writes-completed-total,0.9,34,34,0.9009803921568628,0.8990196078431373,34,34,34,0.9,baseline-v2-20260723,cd270e7871bd358937d83d9a49829637fa80007d2964084ef229f578e3733bd3,ba75425861a059dafcc477474fc3e4ed1eafdc2b47d6fdd0557337035d29a960,a3dc442fe154bd2f9c3d239489ec894faf19ef215aaad75b55a1f4766836cd24,3385868,1702382826000000000,300
SS/catalogue_disk/2,SS,catalogue,disk,2,300,300,burst,0.1,2,0.1,baro,4,0.25,0.4,0.15,0,0,1,21,355.4168000118807,payment|10-192-15-196-9100|queue-master|catalogue|front-end,payment_container-memory-usage-bytes,0.9,34,34,0.8930392156862745,0.9069607843137255,34,34,34,0.9,baseline-v2-20260723,cd270e7871bd358937d83d9a49829637fa80007d2964084ef229f578e3733bd3,ba75425861a059dafcc477474fc3e4ed1eafdc2b47d6fdd0557337035d29a960,a3dc442fe154bd2f9c3d239489ec894faf19ef215aaad75b55a1f4766836cd24,3385868,1702382826000000000,300
SS/catalogue_disk/2,SS,catalogue,disk,2,300,300,burst,0.1,2,0.1,median_shift,1,1.0,1.0,0.0,1,1,1,21,109.64209999656305,catalogue|orders|payment|carts|shipping,catalogue_container-fs-reads-total,0.9,34,34,0.8930392156862745,0.9069607843137255,34,34,34,0.9,baseline-v2-20260723,cd270e7871bd358937d83d9a49829637fa80007d2964084ef229f578e3733bd3,ba75425861a059dafcc477474fc3e4ed1eafdc2b47d6fdd0557337035d29a960,a3dc442fe154bd2f9c3d239489ec894faf19ef215aaad75b55a1f4766836cd24,3385868,1702382826000000000,300
SS/catalogue_disk/2,SS,catalogue,disk,2,300,300,burst,0.1,2,0.1,nsigma,3,0.3333333333333333,0.6,0.1,0,1,1,21,342.3942999797873,10-192-15-196-9100|queue-master|catalogue|session-db|orders,10-192-15-196-9100_node-disk-writes-completed-total,0.9,34,34,0.8930392156862745,0.9069607843137255,34,34,34,0.9,baseline-v2-20260723,cd270e7871bd358937d83d9a49829637fa80007d2964084ef229f578e3733bd3,ba75425861a059dafcc477474fc3e4ed1eafdc2b47d6fdd0557337035d29a960,a3dc442fe154bd2f9c3d239489ec894faf19ef215aaad75b55a1f4766836cd24,3385868,1702382826000000000,300
SS/catalogue_disk/2,SS,catalogue,disk,2,300,300,burst,0.1,3,0.1,baro,4,0.25,0.4,0.15,0,0,1,21,390.55190002545714,payment|10-192-15-196-9100|queue-master|catalogue|carts,payment_container-memory-usage-bytes,0.9,34,34,0.9184313725490196,0.8815686274509804,34,34,34,0.9,baseline-v2-20260723,cd270e7871bd358937d83d9a49829637fa80007d2964084ef229f578e3733bd3,ba75425861a059dafcc477474fc3e4ed1eafdc2b47d6fdd0557337035d29a960,a3dc442fe154bd2f9c3d239489ec894faf19ef215aaad75b55a1f4766836cd24,3385868,1702382826000000000,300
SS/catalogue_disk/2,SS,catalogue,disk,2,300,300,burst,0.1,3,0.1,median_shift,1,1.0,1.0,0.0,1,1,1,21,92.96320000430569,catalogue|user|orders|payment|shipping,catalogue_container-fs-reads-total,0.9,34,34,0.9184313725490196,0.8815686274509804,34,34,34,0.9,baseline-v2-20260723,cd270e7871bd358937d83d9a49829637fa80007d2964084ef229f578e3733bd3,ba75425861a059dafcc477474fc3e4ed1eafdc2b47d6fdd0557337035d29a960,a3dc442fe154bd2f9c3d239489ec894faf19ef215aaad75b55a1f4766836cd24,3385868,1702382826000000000,300
SS/catalogue_disk/2,SS,catalogue,disk,2,300,300,burst,0.1,3,0.1,nsigma,3,0.3333333333333333,0.6,0.1,0,1,1,21,308.8976999861188,10-192-15-196-9100|queue-master|catalogue|session-db|orders,10-192-15-196-9100_node-disk-writes-completed-total,0.9,34,34,0.9184313725490196,0.8815686274509804,34,34,34,0.9,baseline-v2-20260723,cd270e7871bd358937d83d9a49829637fa80007d2964084ef229f578e3733bd3,ba75425861a059dafcc477474fc3e4ed1eafdc2b47d6fdd0557337035d29a960,a3dc442fe154bd2f9c3d239489ec894faf19ef215aaad75b55a1f4766836cd24,3385868,1702382826000000000,300
SS/catalogue_disk/2,SS,catalogue,disk,2,300,300,burst,0.1,4,0.1,baro,5,0.2,0.2,0.2,0,0,1,21,393.19499995326623,user|payment|10-192-15-196-9100|queue-master|catalogue,user_container-memory-rss,0.9,34,34,0.9126470588235294,0.8873529411764706,34,34,34,0.9,baseline-v2-20260723,cd270e7871bd358937d83d9a49829637fa80007d2964084ef229f578e3733bd3,ba75425861a059dafcc477474fc3e4ed1eafdc2b47d6fdd0557337035d29a960,a3dc442fe154bd2f9c3d239489ec894faf19ef215aaad75b55a1f4766836cd24,3385868,1702382826000000000,300
SS/catalogue_disk/2,SS,catalogue,disk,2,300,300,burst,0.1,4,0.1,median_shift,1,1.0,1.0,0.0,1,1,1,21,129.73300000885502,catalogue|user|orders|payment|shipping,catalogue_container-fs-reads-total,0.9,34,34,0.9126470588235294,0.8873529411764706,34,34,34,0.9,baseline-v2-20260723,cd270e7871bd358937d83d9a49829637fa80007d2964084ef229f578e3733bd3,ba75425861a059dafcc477474fc3e4ed1eafdc2b47d6fdd0557337035d29a960,a3dc442fe154bd2f9c3d239489ec894faf19ef215aaad75b55a1f4766836cd24,3385868,1702382826000000000,300
SS/catalogue_disk/2,SS,catalogue,disk,2,300,300,burst,0.1,4,0.1,nsigma,3,0.3333333333333333,0.6,0.1,0,1,1,21,296.3938000029884,10-192-15-196-9100|queue-master|catalogue|session-db|orders,10-192-15-196-9100_node-disk-writes-completed-total,0.9,34,34,0.9126470588235294,0.8873529411764706,34,34,34,0.9,baseline-v2-20260723,cd270e7871bd358937d83d9a49829637fa80007d2964084ef229f578e3733bd3,ba75425861a059dafcc477474fc3e4ed1eafdc2b47d6fdd0557337035d29a960,a3dc442fe154bd2f9c3d239489ec894faf19ef215aaad75b55a1f4766836cd24,3385868,1702382826000000000,300
SS/catalogue_disk/2,SS,catalogue,disk,2,300,300,burst,0.1,5,0.1,baro,4,0.25,0.4,0.15,0,0,1,21,340.77970002545044,payment|10-192-15-196-9100|queue-master|catalogue|session-db,payment_container-memory-working-set-bytes,0.9,34,34,0.9100980392156863,0.8899019607843137,34,34,34,0.9,baseline-v2-20260723,cd270e7871bd358937d83d9a49829637fa80007d2964084ef229f578e3733bd3,ba75425861a059dafcc477474fc3e4ed1eafdc2b47d6fdd0557337035d29a960,a3dc442fe154bd2f9c3d239489ec894faf19ef215aaad75b55a1f4766836cd24,3385868,1702382826000000000,300
SS/catalogue_disk/2,SS,catalogue,disk,2,300,300,burst,0.1,5,0.1,median_shift,1,1.0,1.0,0.0,1,1,1,21,82.33439998002723,catalogue|orders|payment|shipping|10-192-15-196-9100,catalogue_container-fs-reads-total,0.9,34,34,0.9100980392156863,0.8899019607843137,34,34,34,0.9,baseline-v2-20260723,cd270e7871bd358937d83d9a49829637fa80007d2964084ef229f578e3733bd3,ba75425861a059dafcc477474fc3e4ed1eafdc2b47d6fdd0557337035d29a960,a3dc442fe154bd2f9c3d239489ec894faf19ef215aaad75b55a1f4766836cd24,3385868,1702382826000000000,300
SS/catalogue_disk/2,SS,catalogue,disk,2,300,300,burst,0.1,5,0.1,nsigma,3,0.3333333333333333,0.6,0.1,0,1,1,21,281.5271000145003,10-192-15-196-9100|queue-master|catalogue|session-db|orders,10-192-15-196-9100_node-disk-writes-completed-total,0.9,34,34,0.9100980392156863,0.8899019607843137,34,34,34,0.9,baseline-v2-20260723,cd270e7871bd358937d83d9a49829637fa80007d2964084ef229f578e3733bd3,ba75425861a059dafcc477474fc3e4ed1eafdc2b47d6fdd0557337035d29a960,a3dc442fe154bd2f9c3d239489ec894faf19ef215aaad75b55a1f4766836cd24,3385868,1702382826000000000,300
SS/catalogue_disk/2,SS,catalogue,disk,2,300,300,burst,0.1,6,0.1,baro,1,1.0,1.0,0.0,1,1,1,21,334.5949999638833,catalogue|payment|10-192-15-196-9100|queue-master|front-end,catalogue_container-memory-rss,0.9,34,34,0.8962745098039215,0.9037254901960784,34,34,34,0.9,baseline-v2-20260723,cd270e7871bd358937d83d9a49829637fa80007d2964084ef229f578e3733bd3,ba75425861a059dafcc477474fc3e4ed1eafdc2b47d6fdd0557337035d29a960,a3dc442fe154bd2f9c3d239489ec894faf19ef215aaad75b55a1f4766836cd24,3385868,1702382826000000000,300
SS/catalogue_disk/2,SS,catalogue,disk,2,300,300,burst,0.1,6,0.1,median_shift,1,1.0,1.0,0.0,1,1,1,21,142.36549998167902,catalogue|orders|payment|shipping|10-192-15-196-9100,catalogue_container-fs-reads-total,0.9,34,34,0.8962745098039215,0.9037254901960784,34,34,34,0.9,baseline-v2-20260723,cd270e7871bd358937d83d9a49829637fa80007d2964084ef229f578e3733bd3,ba75425861a059dafcc477474fc3e4ed1eafdc2b47d6fdd0557337035d29a960,a3dc442fe154bd2f9c3d239489ec894faf19ef215aaad75b55a1f4766836cd24,3385868,1702382826000000000,300
SS/catalogue_disk/2,SS,catalogue,disk,2,300,300,burst,0.1,6,0.1,nsigma,3,0.3333333333333333,0.6,0.1,0,1,1,21,296.8514999956824,10-192-15-196-9100|queue-master|catalogue|session-db|orders,10-192-15-196-9100_node-disk-writes-completed-total,0.9,34,34,0.8962745098039215,0.9037254901960784,34,34,34,0.9,baseline-v2-20260723,cd270e7871bd358937d83d9a49829637fa80007d2964084ef229f578e3733bd3,ba75425861a059dafcc477474fc3e4ed1eafdc2b47d6fdd0557337035d29a960,a3dc442fe154bd2f9c3d239489ec894faf19ef215aaad75b55a1f4766836cd24,3385868,1702382826000000000,300
SS/catalogue_disk/2,SS,catalogue,disk,2,300,300,burst,0.1,7,0.1,baro,4,0.25,0.4,0.15,0,0,1,21,364.5846000290476,payment|queue-master|10-192-15-196-9100|catalogue|carts,payment_container-memory-usage-bytes,0.9,34,34,0.8968627450980392,0.9031372549019608,34,34,34,0.9,baseline-v2-20260723,cd270e7871bd358937d83d9a49829637fa80007d2964084ef229f578e3733bd3,ba75425861a059dafcc477474fc3e4ed1eafdc2b47d6fdd0557337035d29a960,a3dc442fe154bd2f9c3d239489ec894faf19ef215aaad75b55a1f4766836cd24,3385868,1702382826000000000,300
SS/catalogue_disk/2,SS,catalogue,disk,2,300,300,burst,0.1,7,0.1,median_shift,1,1.0,1.0,0.0,1,1,1,21,112.15890001039952,catalogue|orders|payment|shipping|10-192-15-196-9100,catalogue_container-fs-reads-total,0.9,34,34,0.8968627450980392,0.9031372549019608,34,34,34,0.9,baseline-v2-20260723,cd270e7871bd358937d83d9a49829637fa80007d2964084ef229f578e3733bd3,ba75425861a059dafcc477474fc3e4ed1eafdc2b47d6fdd0557337035d29a960,a3dc442fe154bd2f9c3d239489ec894faf19ef215aaad75b55a1f4766836cd24,3385868,1702382826000000000,300
SS/catalogue_disk/2,SS,catalogue,disk,2,300,300,burst,0.1,7,0.1,nsigma,3,0.3333333333333333,0.6,0.1,0,1,1,21,256.54440000653267,10-192-15-196-9100|queue-master|catalogue|session-db|front-end,10-192-15-196-9100_node-disk-writes-completed-total,0.9,34,34,0.8968627450980392,0.9031372549019608,34,34,34,0.9,baseline-v2-20260723,cd270e7871bd358937d83d9a49829637fa80007d2964084ef229f578e3733bd3,ba75425861a059dafcc477474fc3e4ed1eafdc2b47d6fdd0557337035d29a960,a3dc442fe154bd2f9c3d239489ec894faf19ef215aaad75b55a1f4766836cd24,3385868,1702382826000000000,300
SS/catalogue_disk/2,SS,catalogue,disk,2,300,300,burst,0.1,8,0.1,baro,4,0.25,0.4,0.15,0,0,1,21,333.6905000032857,payment|10-192-15-196-9100|queue-master|catalogue|carts,payment_container-memory-usage-bytes,0.9,34,34,0.9038235294117647,0.8961764705882352,34,34,34,0.9,baseline-v2-20260723,cd270e7871bd358937d83d9a49829637fa80007d2964084ef229f578e3733bd3,ba75425861a059dafcc477474fc3e4ed1eafdc2b47d6fdd0557337035d29a960,a3dc442fe154bd2f9c3d239489ec894faf19ef215aaad75b55a1f4766836cd24,3385868,1702382826000000000,300
SS/catalogue_disk/2,SS,catalogue,disk,2,300,300,burst,0.1,8,0.1,median_shift,1,1.0,1.0,0.0,1,1,1,21,111.16309999488294,catalogue|orders|payment|shipping|10-192-15-196-9100,catalogue_container-fs-reads-total,0.9,34,34,0.9038235294117647,0.8961764705882352,34,34,34,0.9,baseline-v2-20260723,cd270e7871bd358937d83d9a49829637fa80007d2964084ef229f578e3733bd3,ba75425861a059dafcc477474fc3e4ed1eafdc2b47d6fdd0557337035d29a960,a3dc442fe154bd2f9c3d239489ec894faf19ef215aaad75b55a1f4766836cd24,3385868,1702382826000000000,300
SS/catalogue_disk/2,SS,catalogue,disk,2,300,300,burst,0.1,8,0.1,nsigma,3,0.3333333333333333,0.6,0.1,0,1,1,21,270.50129999406636,10-192-15-196-9100|queue-master|catalogue|session-db|orders,10-192-15-196-9100_node-disk-writes-completed-total,0.9,34,34,0.9038235294117647,0.8961764705882352,34,34,34,0.9,baseline-v2-20260723,cd270e7871bd358937d83d9a49829637fa80007d2964084ef229f578e3733bd3,ba75425861a059dafcc477474fc3e4ed1eafdc2b47d6fdd0557337035d29a960,a3dc442fe154bd2f9c3d239489ec894faf19ef215aaad75b55a1f4766836cd24,3385868,1702382826000000000,300
SS/catalogue_disk/2,SS,catalogue,disk,2,300,300,burst,0.1,9,0.1,baro,5,0.2,0.2,0.2,0,0,1,21,315.8781999954954,orders|payment|10-192-15-196-9100|queue-master|catalogue,orders_container-memory-rss,0.9,34,34,0.9165686274509804,0.8834313725490196,34,34,34,0.9,baseline-v2-20260723,cd270e7871bd358937d83d9a49829637fa80007d2964084ef229f578e3733bd3,ba75425861a059dafcc477474fc3e4ed1eafdc2b47d6fdd0557337035d29a960,a3dc442fe154bd2f9c3d239489ec894faf19ef215aaad75b55a1f4766836cd24,3385868,1702382826000000000,300
SS/catalogue_disk/2,SS,catalogue,disk,2,300,300,burst,0.1,9,0.1,median_shift,1,1.0,1.0,0.0,1,1,1,21,99.71980005502701,catalogue|orders|payment|shipping|10-192-15-196-9100,catalogue_container-fs-reads-total,0.9,34,34,0.9165686274509804,0.8834313725490196,34,34,34,0.9,baseline-v2-20260723,cd270e7871bd358937d83d9a49829637fa80007d2964084ef229f578e3733bd3,ba75425861a059dafcc477474fc3e4ed1eafdc2b47d6fdd0557337035d29a960,a3dc442fe154bd2f9c3d239489ec894faf19ef215aaad75b55a1f4766836cd24,3385868,1702382826000000000,300
SS/catalogue_disk/2,SS,catalogue,disk,2,300,300,burst,0.1,9,0.1,nsigma,3,0.3333333333333333,0.6,0.1,0,1,1,21,316.44090003101155,10-192-15-196-9100|queue-master|catalogue|session-db|front-end,10-192-15-196-9100_node-disk-writes-completed-total,0.9,34,34,0.9165686274509804,0.8834313725490196,34,34,34,0.9,baseline-v2-20260723,cd270e7871bd358937d83d9a49829637fa80007d2964084ef229f578e3733bd3,ba75425861a059dafcc477474fc3e4ed1eafdc2b47d6fdd0557337035d29a960,a3dc442fe154bd2f9c3d239489ec894faf19ef215aaad75b55a1f4766836cd24,3385868,1702382826000000000,300
SS/catalogue_disk/2,SS,catalogue,disk,2,300,300,burst,0.3,0,0.3,baro,8,0.125,0.0,0.35,0,0,0,21,354.03149999910966,rabbitmq|session-db|carts|queue-master|payment,rabbitmq_container-memory-rss,0.7,34,34,0.6265686274509804,0.7734313725490196,34,34,34,0.7,baseline-v2-20260723,cd270e7871bd358937d83d9a49829637fa80007d2964084ef229f578e3733bd3,ba75425861a059dafcc477474fc3e4ed1eafdc2b47d6fdd0557337035d29a960,a3dc442fe154bd2f9c3d239489ec894faf19ef215aaad75b55a1f4766836cd24,3385868,1702382826000000000,300
SS/catalogue_disk/2,SS,catalogue,disk,2,300,300,burst,0.3,0,0.3,median_shift,1,1.0,1.0,0.0,1,1,1,21,103.34250004962087,catalogue|queue-master|orders|payment|carts,catalogue_container-fs-reads-total,0.7,34,34,0.6265686274509804,0.7734313725490196,34,34,34,0.7,baseline-v2-20260723,cd270e7871bd358937d83d9a49829637fa80007d2964084ef229f578e3733bd3,ba75425861a059dafcc477474fc3e4ed1eafdc2b47d6fdd0557337035d29a960,a3dc442fe154bd2f9c3d239489ec894faf19ef215aaad75b55a1f4766836cd24,3385868,1702382826000000000,300
SS/catalogue_disk/2,SS,catalogue,disk,2,300,300,burst,0.3,0,0.3,nsigma,3,0.3333333333333333,0.6,0.1,0,1,1,21,318.1798000005074,queue-master|10-192-15-196-9100|catalogue|session-db|front-end,queue-master_container-fs-writes-total,0.7,34,34,0.6265686274509804,0.7734313725490196,34,34,34,0.7,baseline-v2-20260723,cd270e7871bd358937d83d9a49829637fa80007d2964084ef229f578e3733bd3,ba75425861a059dafcc477474fc3e4ed1eafdc2b47d6fdd0557337035d29a960,a3dc442fe154bd2f9c3d239489ec894faf19ef215aaad75b55a1f4766836cd24,3385868,1702382826000000000,300
SS/catalogue_disk/2,SS,catalogue,disk,2,300,300,burst,0.3,1,0.3,baro,9,0.1111111111111111,0.0,0.4,0,0,0,21,320.7764999824576,10-192-15-197-9100|user-db|rabbitmq|session-db|queue-master,10-192-15-197-9100_node-memory-active-bytes,0.7,34,34,0.6786274509803921,0.7213725490196078,34,34,34,0.7,baseline-v2-20260723,cd270e7871bd358937d83d9a49829637fa80007d2964084ef229f578e3733bd3,ba75425861a059dafcc477474fc3e4ed1eafdc2b47d6fdd0557337035d29a960,a3dc442fe154bd2f9c3d239489ec894faf19ef215aaad75b55a1f4766836cd24,3385868,1702382826000000000,300
SS/catalogue_disk/2,SS,catalogue,disk,2,300,300,burst,0.3,1,0.3,median_shift,1,1.0,1.0,0.0,1,1,1,21,86.40770002966747,catalogue|user|orders|payment|shipping,catalogue_container-fs-reads-total,0.7,34,34,0.6786274509803921,0.7213725490196078,34,34,34,0.7,baseline-v2-20260723,cd270e7871bd358937d83d9a49829637fa80007d2964084ef229f578e3733bd3,ba75425861a059dafcc477474fc3e4ed1eafdc2b47d6fdd0557337035d29a960,a3dc442fe154bd2f9c3d239489ec894faf19ef215aaad75b55a1f4766836cd24,3385868,1702382826000000000,300
SS/catalogue_disk/2,SS,catalogue,disk,2,300,300,burst,0.3,1,0.3,nsigma,3,0.3333333333333333,0.6,0.1,0,1,1,21,304.3152999598533,10-192-15-196-9100|queue-master|catalogue|carts|session-db,10-192-15-196-9100_node-disk-writes-completed-total,0.7,34,34,0.6786274509803921,0.7213725490196078,34,34,34,0.7,baseline-v2-20260723,cd270e7871bd358937d83d9a49829637fa80007d2964084ef229f578e3733bd3,ba75425861a059dafcc477474fc3e4ed1eafdc2b47d6fdd0557337035d29a960,a3dc442fe154bd2f9c3d239489ec894faf19ef215aaad75b55a1f4766836cd24,3385868,1702382826000000000,300
SS/catalogue_disk/2,SS,catalogue,disk,2,300,300,burst,0.3,2,0.3,baro,5,0.2,0.2,0.2,0,0,1,21,352.85369999473915,10-192-15-197-9100|10-192-15-196-9100|orders-db|front-end|catalogue,10-192-15-197-9100_node-memory-active-bytes,0.7,34,34,0.6822549019607843,0.7177450980392157,34,34,34,0.7,baseline-v2-20260723,cd270e7871bd358937d83d9a49829637fa80007d2964084ef229f578e3733bd3,ba75425861a059dafcc477474fc3e4ed1eafdc2b47d6fdd0557337035d29a960,a3dc442fe154bd2f9c3d239489ec894faf19ef215aaad75b55a1f4766836cd24,3385868,1702382826000000000,300
SS/catalogue_disk/2,SS,catalogue,disk,2,300,300,burst,0.3,2,0.3,median_shift,1,1.0,1.0,0.0,1,1,1,21,107.11360001005232,catalogue|orders|payment|shipping|10-192-15-196-9100,catalogue_container-fs-reads-total,0.7,34,34,0.6822549019607843,0.7177450980392157,34,34,34,0.7,baseline-v2-20260723,cd270e7871bd358937d83d9a49829637fa80007d2964084ef229f578e3733bd3,ba75425861a059dafcc477474fc3e4ed1eafdc2b47d6fdd0557337035d29a960,a3dc442fe154bd2f9c3d239489ec894faf19ef215aaad75b55a1f4766836cd24,3385868,1702382826000000000,300
SS/catalogue_disk/2,SS,catalogue,disk,2,300,300,burst,0.3,2,0.3,nsigma,3,0.3333333333333333,0.6,0.1,0,1,1,21,296.11799999838695,10-192-15-196-9100|queue-master|catalogue|session-db|orders,10-192-15-196-9100_node-disk-writes-completed-total,0.7,34,34,0.6822549019607843,0.7177450980392157,34,34,34,0.7,baseline-v2-20260723,cd270e7871bd358937d83d9a49829637fa80007d2964084ef229f578e3733bd3,ba75425861a059dafcc477474fc3e4ed1eafdc2b47d6fdd0557337035d29a960,a3dc442fe154bd2f9c3d239489ec894faf19ef215aaad75b55a1f4766836cd24,3385868,1702382826000000000,300
SS/catalogue_disk/2,SS,catalogue,disk,2,300,300,burst,0.3,3,0.3,baro,2,0.5,0.8,0.05,0,1,1,21,357.1798000484705,10-192-15-197-9100|catalogue|queue-master|session-db|carts,10-192-15-197-9100_node-memory-active-bytes,0.7,34,34,0.6876470588235294,0.7123529411764706,34,34,34,0.7,baseline-v2-20260723,cd270e7871bd358937d83d9a49829637fa80007d2964084ef229f578e3733bd3,ba75425861a059dafcc477474fc3e4ed1eafdc2b47d6fdd0557337035d29a960,a3dc442fe154bd2f9c3d239489ec894faf19ef215aaad75b55a1f4766836cd24,3385868,1702382826000000000,300
SS/catalogue_disk/2,SS,catalogue,disk,2,300,300,burst,0.3,3,0.3,median_shift,1,1.0,1.0,0.0,1,1,1,21,111.10139999072999,catalogue|orders|payment|carts|queue-master,catalogue_container-fs-reads-total,0.7,34,34,0.6876470588235294,0.7123529411764706,34,34,34,0.7,baseline-v2-20260723,cd270e7871bd358937d83d9a49829637fa80007d2964084ef229f578e3733bd3,ba75425861a059dafcc477474fc3e4ed1eafdc2b47d6fdd0557337035d29a960,a3dc442fe154bd2f9c3d239489ec894faf19ef215aaad75b55a1f4766836cd24,3385868,1702382826000000000,300
SS/catalogue_disk/2,SS,catalogue,disk,2,300,300,burst,0.3,3,0.3,nsigma,3,0.3333333333333333,0.6,0.1,0,1,1,21,316.3429999840446,10-192-15-196-9100|queue-master|catalogue|session-db|user,10-192-15-196-9100_node-disk-writes-completed-total,0.7,34,34,0.6876470588235294,0.7123529411764706,34,34,34,0.7,baseline-v2-20260723,cd270e7871bd358937d83d9a49829637fa80007d2964084ef229f578e3733bd3,ba75425861a059dafcc477474fc3e4ed1eafdc2b47d6fdd0557337035d29a960,a3dc442fe154bd2f9c3d239489ec894faf19ef215aaad75b55a1f4766836cd24,3385868,1702382826000000000,300
SS/catalogue_disk/2,SS,catalogue,disk,2,300,300,burst,0.3,4,0.3,baro,3,0.3333333333333333,0.6,0.1,0,1,1,21,328.22720002150163,10-192-15-197-9100|user|catalogue|carts|shipping,10-192-15-197-9100_node-memory-active-bytes,0.7,34,34,0.7156862745098039,0.6843137254901961,34,34,34,0.7,baseline-v2-20260723,cd270e7871bd358937d83d9a49829637fa80007d2964084ef229f578e3733bd3,ba75425861a059dafcc477474fc3e4ed1eafdc2b47d6fdd0557337035d29a960,a3dc442fe154bd2f9c3d239489ec894faf19ef215aaad75b55a1f4766836cd24,3385868,1702382826000000000,300
SS/catalogue_disk/2,SS,catalogue,disk,2,300,300,burst,0.3,4,0.3,median_shift,1,1.0,1.0,0.0,1,1,1,21,106.52869998011738,catalogue|orders|payment|shipping|10-192-15-196-9100,catalogue_container-fs-reads-total,0.7,34,34,0.7156862745098039,0.6843137254901961,34,34,34,0.7,baseline-v2-20260723,cd270e7871bd358937d83d9a49829637fa80007d2964084ef229f578e3733bd3,ba75425861a059dafcc477474fc3e4ed1eafdc2b47d6fdd0557337035d29a960,a3dc442fe154bd2f9c3d239489ec894faf19ef215aaad75b55a1f4766836cd24,3385868,1702382826000000000,300
SS/catalogue_disk/2,SS,catalogue,disk,2,300,300,burst,0.3,4,0.3,nsigma,3,0.3333333333333333,0.6,0.1,0,1,1,21,294.5819000015035,queue-master|10-192-15-196-9100|catalogue|session-db|carts,queue-master_container-fs-reads-total,0.7,34,34,0.7156862745098039,0.6843137254901961,34,34,34,0.7,baseline-v2-20260723,cd270e7871bd358937d83d9a49829637fa80007d2964084ef229f578e3733bd3,ba75425861a059dafcc477474fc3e4ed1eafdc2b47d6fdd0557337035d29a960,a3dc442fe154bd2f9c3d239489ec894faf19ef215aaad75b55a1f4766836cd24,3385868,1702382826000000000,300
SS/catalogue_disk/2,SS,catalogue,disk,2,300,300,burst,0.3,5,0.3,baro,4,0.25,0.4,0.15,0,0,1,21,352.7305999887176,10-192-15-195-9100|user-db|front-end|catalogue|rabbitmq,10-192-15-195-9100_node-memory-active-bytes,0.7,34,34,0.7541176470588236,0.6458823529411765,34,34,34,0.7,baseline-v2-20260723,cd270e7871bd358937d83d9a49829637fa80007d2964084ef229f578e3733bd3,ba75425861a059dafcc477474fc3e4ed1eafdc2b47d6fdd0557337035d29a960,a3dc442fe154bd2f9c3d239489ec894faf19ef215aaad75b55a1f4766836cd24,3385868,1702382826000000000,300
SS/catalogue_disk/2,SS,catalogue,disk,2,300,300,burst,0.3,5,0.3,median_shift,1,1.0,1.0,0.0,1,1,1,21,121.0463999886997,catalogue|rabbitmq|user|orders|payment,catalogue_container-fs-reads-total,0.7,34,34,0.7541176470588236,0.6458823529411765,34,34,34,0.7,baseline-v2-20260723,cd270e7871bd358937d83d9a49829637fa80007d2964084ef229f578e3733bd3,ba75425861a059dafcc477474fc3e4ed1eafdc2b47d6fdd0557337035d29a960,a3dc442fe154bd2f9c3d239489ec894faf19ef215aaad75b55a1f4766836cd24,3385868,1702382826000000000,300
SS/catalogue_disk/2,SS,catalogue,disk,2,300,300,burst,0.3,5,0.3,nsigma,3,0.3333333333333333,0.6,0.1,0,1,1,21,305.81579997669905,10-192-15-196-9100|queue-master|catalogue|rabbitmq|session-db,10-192-15-196-9100_node-disk-writes-completed-total,0.7,34,34,0.7541176470588236,0.6458823529411765,34,34,34,0.7,baseline-v2-20260723,cd270e7871bd358937d83d9a49829637fa80007d2964084ef229f578e3733bd3,ba75425861a059dafcc477474fc3e4ed1eafdc2b47d6fdd0557337035d29a960,a3dc442fe154bd2f9c3d239489ec894faf19ef215aaad75b55a1f4766836cd24,3385868,1702382826000000000,300
SS/catalogue_disk/2,SS,catalogue,disk,2,300,300,burst,0.3,6,0.3,baro,1,1.0,1.0,0.0,1,1,1,21,399.6214999933727,catalogue|user-db|user|rabbitmq|session-db,catalogue_container-memory-usage-bytes,0.7,34,34,0.6556862745098039,0.744313725490196,34,34,34,0.7,baseline-v2-20260723,cd270e7871bd358937d83d9a49829637fa80007d2964084ef229f578e3733bd3,ba75425861a059dafcc477474fc3e4ed1eafdc2b47d6fdd0557337035d29a960,a3dc442fe154bd2f9c3d239489ec894faf19ef215aaad75b55a1f4766836cd24,3385868,1702382826000000000,300
SS/catalogue_disk/2,SS,catalogue,disk,2,300,300,burst,0.3,6,0.3,median_shift,1,1.0,1.0,0.0,1,1,1,21,97.72300004260615,catalogue|rabbitmq|orders|payment|carts,catalogue_container-fs-reads-total,0.7,34,34,0.6556862745098039,0.744313725490196,34,34,34,0.7,baseline-v2-20260723,cd270e7871bd358937d83d9a49829637fa80007d2964084ef229f578e3733bd3,ba75425861a059dafcc477474fc3e4ed1eafdc2b47d6fdd0557337035d29a960,a3dc442fe154bd2f9c3d239489ec894faf19ef215aaad75b55a1f4766836cd24,3385868,1702382826000000000,300
SS/catalogue_disk/2,SS,catalogue,disk,2,300,300,burst,0.3,6,0.3,nsigma,3,0.3333333333333333,0.6,0.1,0,1,1,21,333.7571000447497,queue-master|10-192-15-196-9100|catalogue|session-db|rabbitmq,queue-master_container-fs-writes-total,0.7,34,34,0.6556862745098039,0.744313725490196,34,34,34,0.7,baseline-v2-20260723,cd270e7871bd358937d83d9a49829637fa80007d2964084ef229f578e3733bd3,ba75425861a059dafcc477474fc3e4ed1eafdc2b47d6fdd0557337035d29a960,a3dc442fe154bd2f9c3d239489ec894faf19ef215aaad75b55a1f4766836cd24,3385868,1702382826000000000,300
SS/catalogue_disk/2,SS,catalogue,disk,2,300,300,burst,0.3,7,0.3,baro,2,0.5,0.8,0.05,0,1,1,21,355.39419995620847,orders-db|catalogue|carts|shipping|payment,orders-db_container-memory-rss,0.7,34,34,0.760686274509804,0.639313725490196,34,34,34,0.7,baseline-v2-20260723,cd270e7871bd358937d83d9a49829637fa80007d2964084ef229f578e3733bd3,ba75425861a059dafcc477474fc3e4ed1eafdc2b47d6fdd0557337035d29a960,a3dc442fe154bd2f9c3d239489ec894faf19ef215aaad75b55a1f4766836cd24,3385868,1702382826000000000,300
SS/catalogue_disk/2,SS,catalogue,disk,2,300,300,burst,0.3,7,0.3,median_shift,1,1.0,1.0,0.0,1,1,1,21,102.58190002059564,catalogue|user|orders|payment|shipping,catalogue_container-fs-reads-total,0.7,34,34,0.760686274509804,0.639313725490196,34,34,34,0.7,baseline-v2-20260723,cd270e7871bd358937d83d9a49829637fa80007d2964084ef229f578e3733bd3,ba75425861a059dafcc477474fc3e4ed1eafdc2b47d6fdd0557337035d29a960,a3dc442fe154bd2f9c3d239489ec894faf19ef215aaad75b55a1f4766836cd24,3385868,1702382826000000000,300
SS/catalogue_disk/2,SS,catalogue,disk,2,300,300,burst,0.3,7,0.3,nsigma,3,0.3333333333333333,0.6,0.1,0,1,1,21,298.59030002262443,queue-master|10-192-15-196-9100|catalogue|carts|front-end,queue-master_container-fs-reads-total,0.7,34,34,0.760686274509804,0.639313725490196,34,34,34,0.7,baseline-v2-20260723,cd270e7871bd358937d83d9a49829637fa80007d2964084ef229f578e3733bd3,ba75425861a059dafcc477474fc3e4ed1eafdc2b47d6fdd0557337035d29a960,a3dc442fe154bd2f9c3d239489ec894faf19ef215aaad75b55a1f4766836cd24,3385868,1702382826000000000,300
SS/catalogue_disk/2,SS,catalogue,disk,2,300,300,burst,0.3,8,0.3,baro,5,0.2,0.2,0.2,0,0,1,21,390.5959000112489,user-db|10-192-15-196-9100|front-end|user|catalogue,user-db_container-memory-usage-bytes,0.7,34,34,0.6934313725490197,0.7065686274509804,34,34,34,0.7,baseline-v2-20260723,cd270e7871bd358937d83d9a49829637fa80007d2964084ef229f578e3733bd3,ba75425861a059dafcc477474fc3e4ed1eafdc2b47d6fdd0557337035d29a960,a3dc442fe154bd2f9c3d239489ec894faf19ef215aaad75b55a1f4766836cd24,3385868,1702382826000000000,300
SS/catalogue_disk/2,SS,catalogue,disk,2,300,300,burst,0.3,8,0.3,median_shift,1,1.0,1.0,0.0,1,1,1,21,119.2909000092186,catalogue|queue-master|rabbitmq|user|orders,catalogue_container-fs-reads-total,0.7,34,34,0.6934313725490197,0.7065686274509804,34,34,34,0.7,baseline-v2-20260723,cd270e7871bd358937d83d9a49829637fa80007d2964084ef229f578e3733bd3,ba75425861a059dafcc477474fc3e4ed1eafdc2b47d6fdd0557337035d29a960,a3dc442fe154bd2f9c3d239489ec894faf19ef215aaad75b55a1f4766836cd24,3385868,1702382826000000000,300
SS/catalogue_disk/2,SS,catalogue,disk,2,300,300,burst,0.3,8,0.3,nsigma,3,0.3333333333333333,0.6,0.1,0,1,1,21,348.5803999938071,10-192-15-196-9100|queue-master|catalogue|rabbitmq|session-db,10-192-15-196-9100_node-disk-writes-completed-total,0.7,34,34,0.6934313725490197,0.7065686274509804,34,34,34,0.7,baseline-v2-20260723,cd270e7871bd358937d83d9a49829637fa80007d2964084ef229f578e3733bd3,ba75425861a059dafcc477474fc3e4ed1eafdc2b47d6fdd0557337035d29a960,a3dc442fe154bd2f9c3d239489ec894faf19ef215aaad75b55a1f4766836cd24,3385868,1702382826000000000,300
SS/catalogue_disk/2,SS,catalogue,disk,2,300,300,burst,0.3,9,0.3,baro,1,1.0,1.0,0.0,1,1,1,21,328.9702999754809,catalogue|front-end|session-db|carts|queue-master,catalogue_container-memory-usage-bytes,0.7,34,34,0.6791176470588235,0.7208823529411764,34,34,34,0.7,baseline-v2-20260723,cd270e7871bd358937d83d9a49829637fa80007d2964084ef229f578e3733bd3,ba75425861a059dafcc477474fc3e4ed1eafdc2b47d6fdd0557337035d29a960,a3dc442fe154bd2f9c3d239489ec894faf19ef215aaad75b55a1f4766836cd24,3385868,1702382826000000000,300
SS/catalogue_disk/2,SS,catalogue,disk,2,300,300,burst,0.3,9,0.3,median_shift,1,1.0,1.0,0.0,1,1,1,21,111.92369996570051,catalogue|user|orders|payment|shipping,catalogue_container-fs-reads-total,0.7,34,34,0.6791176470588235,0.7208823529411764,34,34,34,0.7,baseline-v2-20260723,cd270e7871bd358937d83d9a49829637fa80007d2964084ef229f578e3733bd3,ba75425861a059dafcc477474fc3e4ed1eafdc2b47d6fdd0557337035d29a960,a3dc442fe154bd2f9c3d239489ec894faf19ef215aaad75b55a1f4766836cd24,3385868,1702382826000000000,300
SS/catalogue_disk/2,SS,catalogue,disk,2,300,300,burst,0.3,9,0.3,nsigma,3,0.3333333333333333,0.6,0.1,0,1,1,21,267.53090001875535,10-192-15-196-9100|queue-master|catalogue|session-db|user,10-192-15-196-9100_node-disk-writes-completed-total,0.7,34,34,0.6791176470588235,0.7208823529411764,34,34,34,0.7,baseline-v2-20260723,cd270e7871bd358937d83d9a49829637fa80007d2964084ef229f578e3733bd3,ba75425861a059dafcc477474fc3e4ed1eafdc2b47d6fdd0557337035d29a960,a3dc442fe154bd2f9c3d239489ec894faf19ef215aaad75b55a1f4766836cd24,3385868,1702382826000000000,300
SS/catalogue_disk/2,SS,catalogue,disk,2,300,300,burst,0.5,0,0.5,baro,12,0.08333333333333333,0.0,0.55,0,0,0,21,303.93049999838695,10-192-15-197-9100|10-192-15-196-9100|user-db|front-end|user,10-192-15-197-9100_node-memory-inactive-bytes,0.5,34,34,0.606764705882353,0.39323529411764707,34,34,33,0.5,baseline-v2-20260723,cd270e7871bd358937d83d9a49829637fa80007d2964084ef229f578e3733bd3,ba75425861a059dafcc477474fc3e4ed1eafdc2b47d6fdd0557337035d29a960,a3dc442fe154bd2f9c3d239489ec894faf19ef215aaad75b55a1f4766836cd24,3385868,1702382826000000000,300
SS/catalogue_disk/2,SS,catalogue,disk,2,300,300,burst,0.5,0,0.5,median_shift,1,1.0,1.0,0.0,1,1,1,21,109.88359997281805,catalogue|queue-master|session|shipping|user,catalogue_container-fs-reads-total,0.5,34,34,0.606764705882353,0.39323529411764707,34,34,33,0.5,baseline-v2-20260723,cd270e7871bd358937d83d9a49829637fa80007d2964084ef229f578e3733bd3,ba75425861a059dafcc477474fc3e4ed1eafdc2b47d6fdd0557337035d29a960,a3dc442fe154bd2f9c3d239489ec894faf19ef215aaad75b55a1f4766836cd24,3385868,1702382826000000000,300
SS/catalogue_disk/2,SS,catalogue,disk,2,300,300,burst,0.5,0,0.5,nsigma,4,0.25,0.4,0.15,0,0,1,21,310.48919999739155,10-192-15-196-9100|session-db|queue-master|catalogue|orders,10-192-15-196-9100_node-disk-writes-completed-total,0.5,34,34,0.606764705882353,0.39323529411764707,34,34,33,0.5,baseline-v2-20260723,cd270e7871bd358937d83d9a49829637fa80007d2964084ef229f578e3733bd3,ba75425861a059dafcc477474fc3e4ed1eafdc2b47d6fdd0557337035d29a960,a3dc442fe154bd2f9c3d239489ec894faf19ef215aaad75b55a1f4766836cd24,3385868,1702382826000000000,300
SS/catalogue_disk/2,SS,catalogue,disk,2,300,300,burst,0.5,1,0.5,baro,3,0.3333333333333333,0.6,0.1,0,1,1,21,312.610000022687,10-192-15-195-9100|carts-db|catalogue|user-db|front-end,10-192-15-195-9100_node-memory-inactive-bytes,0.5,34,34,0.5158823529411765,0.48411764705882354,34,34,34,0.5,baseline-v2-20260723,cd270e7871bd358937d83d9a49829637fa80007d2964084ef229f578e3733bd3,ba75425861a059dafcc477474fc3e4ed1eafdc2b47d6fdd0557337035d29a960,a3dc442fe154bd2f9c3d239489ec894faf19ef215aaad75b55a1f4766836cd24,3385868,1702382826000000000,300
SS/catalogue_disk/2,SS,catalogue,disk,2,300,300,burst,0.5,1,0.5,median_shift,1,1.0,1.0,0.0,1,1,1,21,125.64649997511879,catalogue|rabbitmq|shipping|user|orders,catalogue_container-fs-reads-total,0.5,34,34,0.5158823529411765,0.48411764705882354,34,34,34,0.5,baseline-v2-20260723,cd270e7871bd358937d83d9a49829637fa80007d2964084ef229f578e3733bd3,ba75425861a059dafcc477474fc3e4ed1eafdc2b47d6fdd0557337035d29a960,a3dc442fe154bd2f9c3d239489ec894faf19ef215aaad75b55a1f4766836cd24,3385868,1702382826000000000,300
SS/catalogue_disk/2,SS,catalogue,disk,2,300,300,burst,0.5,1,0.5,nsigma,3,0.3333333333333333,0.6,0.1,0,1,1,21,243.46899997908622,queue-master|10-192-15-196-9100|catalogue|carts-db|front-end,queue-master_container-fs-reads-total,0.5,34,34,0.5158823529411765,0.48411764705882354,34,34,34,0.5,baseline-v2-20260723,cd270e7871bd358937d83d9a49829637fa80007d2964084ef229f578e3733bd3,ba75425861a059dafcc477474fc3e4ed1eafdc2b47d6fdd0557337035d29a960,a3dc442fe154bd2f9c3d239489ec894faf19ef215aaad75b55a1f4766836cd24,3385868,1702382826000000000,300
SS/catalogue_disk/2,SS,catalogue,disk,2,300,300,burst,0.5,2,0.5,baro,3,0.3333333333333333,0.6,0.1,0,1,1,21,355.9312000288628,user-db|carts-db|catalogue|10-192-15-196-9100|user,user-db_container-memory-usage-bytes,0.5,34,34,0.4294117647058823,0.5705882352941176,34,34,34,0.5,baseline-v2-20260723,cd270e7871bd358937d83d9a49829637fa80007d2964084ef229f578e3733bd3,ba75425861a059dafcc477474fc3e4ed1eafdc2b47d6fdd0557337035d29a960,a3dc442fe154bd2f9c3d239489ec894faf19ef215aaad75b55a1f4766836cd24,3385868,1702382826000000000,300
SS/catalogue_disk/2,SS,catalogue,disk,2,300,300,burst,0.5,2,0.5,median_shift,1,1.0,1.0,0.0,1,1,1,21,84.15109995985404,catalogue|rabbitmq|user-db|user|front-end,catalogue_container-fs-reads-total,0.5,34,34,0.4294117647058823,0.5705882352941176,34,34,34,0.5,baseline-v2-20260723,cd270e7871bd358937d83d9a49829637fa80007d2964084ef229f578e3733bd3,ba75425861a059dafcc477474fc3e4ed1eafdc2b47d6fdd0557337035d29a960,a3dc442fe154bd2f9c3d239489ec894faf19ef215aaad75b55a1f4766836cd24,3385868,1702382826000000000,300
SS/catalogue_disk/2,SS,catalogue,disk,2,300,300,burst,0.5,2,0.5,nsigma,3,0.3333333333333333,0.6,0.1,0,1,1,21,247.21359997056425,10-192-15-196-9100|queue-master|catalogue|carts|payment,10-192-15-196-9100_node-disk-writes-completed-total,0.5,34,34,0.4294117647058823,0.5705882352941176,34,34,34,0.5,baseline-v2-20260723,cd270e7871bd358937d83d9a49829637fa80007d2964084ef229f578e3733bd3,ba75425861a059dafcc477474fc3e4ed1eafdc2b47d6fdd0557337035d29a960,a3dc442fe154bd2f9c3d239489ec894faf19ef215aaad75b55a1f4766836cd24,3385868,1702382826000000000,300
SS/catalogue_disk/2,SS,catalogue,disk,2,300,300,burst,0.5,3,0.5,baro,12,0.08333333333333333,0.0,0.55,0,0,0,21,388.34220002172515,10-192-15-195-9100|10-192-15-197-9100|user-db|carts-db|orders-db,10-192-15-195-9100_node-memory-inactive-bytes,0.5,34,34,0.5264705882352941,0.47352941176470587,34,34,34,0.5,baseline-v2-20260723,cd270e7871bd358937d83d9a49829637fa80007d2964084ef229f578e3733bd3,ba75425861a059dafcc477474fc3e4ed1eafdc2b47d6fdd0557337035d29a960,a3dc442fe154bd2f9c3d239489ec894faf19ef215aaad75b55a1f4766836cd24,3385868,1702382826000000000,300
SS/catalogue_disk/2,SS,catalogue,disk,2,300,300,burst,0.5,3,0.5,median_shift,1,1.0,1.0,0.0,1,1,1,21,109.40230003325269,catalogue|front|orders-db|queue|session-db,catalogue_container-fs-reads-total,0.5,34,34,0.5264705882352941,0.47352941176470587,34,34,34,0.5,baseline-v2-20260723,cd270e7871bd358937d83d9a49829637fa80007d2964084ef229f578e3733bd3,ba75425861a059dafcc477474fc3e4ed1eafdc2b47d6fdd0557337035d29a960,a3dc442fe154bd2f9c3d239489ec894faf19ef215aaad75b55a1f4766836cd24,3385868,1702382826000000000,300
SS/catalogue_disk/2,SS,catalogue,disk,2,300,300,burst,0.5,3,0.5,nsigma,1,1.0,1.0,0.0,1,1,1,21,292.65010001836345,catalogue|10-192-15-196-9100|queue-master|carts|orders-db,catalogue_istio-latency-99,0.5,34,34,0.5264705882352941,0.47352941176470587,34,34,34,0.5,baseline-v2-20260723,cd270e7871bd358937d83d9a49829637fa80007d2964084ef229f578e3733bd3,ba75425861a059dafcc477474fc3e4ed1eafdc2b47d6fdd0557337035d29a960,a3dc442fe154bd2f9c3d239489ec894faf19ef215aaad75b55a1f4766836cd24,3385868,1702382826000000000,300
SS/catalogue_disk/2,SS,catalogue,disk,2,300,300,burst,0.5,4,0.5,baro,9,0.1111111111111111,0.0,0.4,0,0,0,21,387.63270003255457,10-192-15-195-9100|10-192-15-197-9100|carts-db|rabbitmq|queue-master,10-192-15-195-9100_node-memory-inactive-bytes,0.5,34,34,0.5605882352941176,0.43941176470588234,33,34,33,0.5,baseline-v2-20260723,cd270e7871bd358937d83d9a49829637fa80007d2964084ef229f578e3733bd3,ba75425861a059dafcc477474fc3e4ed1eafdc2b47d6fdd0557337035d29a960,a3dc442fe154bd2f9c3d239489ec894faf19ef215aaad75b55a1f4766836cd24,3385868,1702382826000000000,300
SS/catalogue_disk/2,SS,catalogue,disk,2,300,300,burst,0.5,4,0.5,median_shift,2,0.5,0.8,0.05,0,1,1,21,94.0303000388667,catalogue-db|catalogue|orders-db|rabbitmq|session,catalogue-db_container-memory-failures-total,0.5,34,34,0.5605882352941176,0.43941176470588234,33,34,33,0.5,baseline-v2-20260723,cd270e7871bd358937d83d9a49829637fa80007d2964084ef229f578e3733bd3,ba75425861a059dafcc477474fc3e4ed1eafdc2b47d6fdd0557337035d29a960,a3dc442fe154bd2f9c3d239489ec894faf19ef215aaad75b55a1f4766836cd24,3385868,1702382826000000000,300
SS/catalogue_disk/2,SS,catalogue,disk,2,300,300,burst,0.5,4,0.5,nsigma,3,0.3333333333333333,0.6,0.1,0,1,1,21,333.1983999814838,10-192-15-196-9100|queue-master|catalogue|orders|rabbitmq,10-192-15-196-9100_node-disk-writes-completed-total,0.5,34,34,0.5605882352941176,0.43941176470588234,33,34,33,0.5,baseline-v2-20260723,cd270e7871bd358937d83d9a49829637fa80007d2964084ef229f578e3733bd3,ba75425861a059dafcc477474fc3e4ed1eafdc2b47d6fdd0557337035d29a960,a3dc442fe154bd2f9c3d239489ec894faf19ef215aaad75b55a1f4766836cd24,3385868,1702382826000000000,300
SS/catalogue_disk/2,SS,catalogue,disk,2,300,300,burst,0.5,5,0.5,baro,6,0.16666666666666666,0.0,0.25,0,0,0,21,339.68020003521815,10-192-15-196-9100|10-192-15-195-9100|carts-db|user|front-end,10-192-15-196-9100_node-memory-inactive-bytes,0.5,34,34,0.4979411764705882,0.5020588235294118,34,34,34,0.5,baseline-v2-20260723,cd270e7871bd358937d83d9a49829637fa80007d2964084ef229f578e3733bd3,ba75425861a059dafcc477474fc3e4ed1eafdc2b47d6fdd0557337035d29a960,a3dc442fe154bd2f9c3d239489ec894faf19ef215aaad75b55a1f4766836cd24,3385868,1702382826000000000,300
SS/catalogue_disk/2,SS,catalogue,disk,2,300,300,burst,0.5,5,0.5,median_shift,1,1.0,1.0,0.0,1,1,1,21,105.87889997987077,catalogue|orders|queue-master|queue|rabbitmq,catalogue_container-fs-reads-total,0.5,34,34,0.4979411764705882,0.5020588235294118,34,34,34,0.5,baseline-v2-20260723,cd270e7871bd358937d83d9a49829637fa80007d2964084ef229f578e3733bd3,ba75425861a059dafcc477474fc3e4ed1eafdc2b47d6fdd0557337035d29a960,a3dc442fe154bd2f9c3d239489ec894faf19ef215aaad75b55a1f4766836cd24,3385868,1702382826000000000,300
SS/catalogue_disk/2,SS,catalogue,disk,2,300,300,burst,0.5,5,0.5,nsigma,4,0.25,0.4,0.15,0,0,1,21,286.72840003855526,10-192-15-195-9100|queue-master|10-192-15-196-9100|catalogue|orders,10-192-15-195-9100_node-memory-active-bytes,0.5,34,34,0.4979411764705882,0.5020588235294118,34,34,34,0.5,baseline-v2-20260723,cd270e7871bd358937d83d9a49829637fa80007d2964084ef229f578e3733bd3,ba75425861a059dafcc477474fc3e4ed1eafdc2b47d6fdd0557337035d29a960,a3dc442fe154bd2f9c3d239489ec894faf19ef215aaad75b55a1f4766836cd24,3385868,1702382826000000000,300
SS/catalogue_disk/2,SS,catalogue,disk,2,300,300,burst,0.5,6,0.5,baro,5,0.2,0.2,0.2,0,0,1,21,397.7077000308782,10-192-15-197-9100|10-192-15-195-9100|user-db|carts-db|catalogue,10-192-15-197-9100_node-memory-inactive-bytes,0.5,34,34,0.4823529411764706,0.5176470588235295,33,33,31,0.5,baseline-v2-20260723,cd270e7871bd358937d83d9a49829637fa80007d2964084ef229f578e3733bd3,ba75425861a059dafcc477474fc3e4ed1eafdc2b47d6fdd0557337035d29a960,a3dc442fe154bd2f9c3d239489ec894faf19ef215aaad75b55a1f4766836cd24,3385868,1702382826000000000,300
SS/catalogue_disk/2,SS,catalogue,disk,2,300,300,burst,0.5,6,0.5,median_shift,2,0.5,0.8,0.05,0,1,1,21,101.8853000132367,carts|catalogue|front|payment|rabbitmq,carts_container-cpu-user-seconds-total,0.5,34,34,0.4823529411764706,0.5176470588235295,33,33,31,0.5,baseline-v2-20260723,cd270e7871bd358937d83d9a49829637fa80007d2964084ef229f578e3733bd3,ba75425861a059dafcc477474fc3e4ed1eafdc2b47d6fdd0557337035d29a960,a3dc442fe154bd2f9c3d239489ec894faf19ef215aaad75b55a1f4766836cd24,3385868,1702382826000000000,300
SS/catalogue_disk/2,SS,catalogue,disk,2,300,300,burst,0.5,6,0.5,nsigma,2,0.5,0.8,0.05,0,1,1,21,281.59620001679286,queue-master|catalogue|10-192-15-196-9100|carts|carts-db,queue-master_container-fs-writes-total,0.5,34,34,0.4823529411764706,0.5176470588235295,33,33,31,0.5,baseline-v2-20260723,cd270e7871bd358937d83d9a49829637fa80007d2964084ef229f578e3733bd3,ba75425861a059dafcc477474fc3e4ed1eafdc2b47d6fdd0557337035d29a960,a3dc442fe154bd2f9c3d239489ec894faf19ef215aaad75b55a1f4766836cd24,3385868,1702382826000000000,300
SS/catalogue_disk/2,SS,catalogue,disk,2,300,300,burst,0.5,7,0.5,baro,13,0.07692307692307693,0.0,0.6,0,0,0,21,318.13760002842173,10-192-15-195-9100|carts-db|orders-db|rabbitmq|queue-master,10-192-15-195-9100_node-memory-inactive-bytes,0.5,34,34,0.44382352941176473,0.5561764705882353,34,34,34,0.5,baseline-v2-20260723,cd270e7871bd358937d83d9a49829637fa80007d2964084ef229f578e3733bd3,ba75425861a059dafcc477474fc3e4ed1eafdc2b47d6fdd0557337035d29a960,a3dc442fe154bd2f9c3d239489ec894faf19ef215aaad75b55a1f4766836cd24,3385868,1702382826000000000,300
SS/catalogue_disk/2,SS,catalogue,disk,2,300,300,burst,0.5,7,0.5,median_shift,1,1.0,1.0,0.0,1,1,1,21,85.62399999937043,catalogue|queue|session-db|session|user-db,catalogue_container-fs-reads-total,0.5,34,34,0.44382352941176473,0.5561764705882353,34,34,34,0.5,baseline-v2-20260723,cd270e7871bd358937d83d9a49829637fa80007d2964084ef229f578e3733bd3,ba75425861a059dafcc477474fc3e4ed1eafdc2b47d6fdd0557337035d29a960,a3dc442fe154bd2f9c3d239489ec894faf19ef215aaad75b55a1f4766836cd24,3385868,1702382826000000000,300
SS/catalogue_disk/2,SS,catalogue,disk,2,300,300,burst,0.5,7,0.5,nsigma,1,1.0,1.0,0.0,1,1,1,21,275.5277000251226,catalogue|10-192-15-196-9100|queue-master|payment|shipping,catalogue_container-cpu-usage-seconds-total,0.5,34,34,0.44382352941176473,0.5561764705882353,34,34,34,0.5,baseline-v2-20260723,cd270e7871bd358937d83d9a49829637fa80007d2964084ef229f578e3733bd3,ba75425861a059dafcc477474fc3e4ed1eafdc2b47d6fdd0557337035d29a960,a3dc442fe154bd2f9c3d239489ec894faf19ef215aaad75b55a1f4766836cd24,3385868,1702382826000000000,300
SS/catalogue_disk/2,SS,catalogue,disk,2,300,300,burst,0.5,8,0.5,baro,12,0.08333333333333333,0.0,0.55,0,0,0,21,342.72559999953955,10-192-15-197-9100|10-192-15-196-9100|user-db|carts-db|user,10-192-15-197-9100_node-memory-inactive-bytes,0.5,34,34,0.5427450980392157,0.45725490196078433,34,33,33,0.5,baseline-v2-20260723,cd270e7871bd358937d83d9a49829637fa80007d2964084ef229f578e3733bd3,ba75425861a059dafcc477474fc3e4ed1eafdc2b47d6fdd0557337035d29a960,a3dc442fe154bd2f9c3d239489ec894faf19ef215aaad75b55a1f4766836cd24,3385868,1702382826000000000,300
SS/catalogue_disk/2,SS,catalogue,disk,2,300,300,burst,0.5,8,0.5,median_shift,1,1.0,1.0,0.0,1,1,1,21,103.78460003994405,catalogue|front|user|rabbitmq|orders,catalogue_container-fs-reads-total,0.5,34,34,0.5427450980392157,0.45725490196078433,34,33,33,0.5,baseline-v2-20260723,cd270e7871bd358937d83d9a49829637fa80007d2964084ef229f578e3733bd3,ba75425861a059dafcc477474fc3e4ed1eafdc2b47d6fdd0557337035d29a960,a3dc442fe154bd2f9c3d239489ec894faf19ef215aaad75b55a1f4766836cd24,3385868,1702382826000000000,300
SS/catalogue_disk/2,SS,catalogue,disk,2,300,300,burst,0.5,8,0.5,nsigma,3,0.3333333333333333,0.6,0.1,0,1,1,21,231.10069998074323,10-192-15-196-9100|queue-master|catalogue|user|user-db,10-192-15-196-9100_node-disk-writes-completed-total,0.5,34,34,0.5427450980392157,0.45725490196078433,34,33,33,0.5,baseline-v2-20260723,cd270e7871bd358937d83d9a49829637fa80007d2964084ef229f578e3733bd3,ba75425861a059dafcc477474fc3e4ed1eafdc2b47d6fdd0557337035d29a960,a3dc442fe154bd2f9c3d239489ec894faf19ef215aaad75b55a1f4766836cd24,3385868,1702382826000000000,300
SS/catalogue_disk/2,SS,catalogue,disk,2,300,300,burst,0.5,9,0.5,baro,3,0.3333333333333333,0.6,0.1,0,1,1,21,323.6138999927789,10-192-15-197-9100|user-db|catalogue|orders-db|user,10-192-15-197-9100_node-memory-active-bytes,0.5,34,34,0.5107843137254902,0.4892156862745098,34,34,34,0.5,baseline-v2-20260723,cd270e7871bd358937d83d9a49829637fa80007d2964084ef229f578e3733bd3,ba75425861a059dafcc477474fc3e4ed1eafdc2b47d6fdd0557337035d29a960,a3dc442fe154bd2f9c3d239489ec894faf19ef215aaad75b55a1f4766836cd24,3385868,1702382826000000000,300
SS/catalogue_disk/2,SS,catalogue,disk,2,300,300,burst,0.5,9,0.5,median_shift,1,1.0,1.0,0.0,1,1,1,21,127.12630000896752,catalogue|orders-db|payment|queue-master|user,catalogue_container-fs-reads-total,0.5,34,34,0.5107843137254902,0.4892156862745098,34,34,34,0.5,baseline-v2-20260723,cd270e7871bd358937d83d9a49829637fa80007d2964084ef229f578e3733bd3,ba75425861a059dafcc477474fc3e4ed1eafdc2b47d6fdd0557337035d29a960,a3dc442fe154bd2f9c3d239489ec894faf19ef215aaad75b55a1f4766836cd24,3385868,1702382826000000000,300
SS/catalogue_disk/2,SS,catalogue,disk,2,300,300,burst,0.5,9,0.5,nsigma,3,0.3333333333333333,0.6,0.1,0,1,1,21,294.202699966263,queue-master|10-192-15-196-9100|catalogue|user|orders-db,queue-master_istio-latency-99,0.5,34,34,0.5107843137254902,0.4892156862745098,34,34,34,0.5,baseline-v2-20260723,cd270e7871bd358937d83d9a49829637fa80007d2964084ef229f578e3733bd3,ba75425861a059dafcc477474fc3e4ed1eafdc2b47d6fdd0557337035d29a960,a3dc442fe154bd2f9c3d239489ec894faf19ef215aaad75b55a1f4766836cd24,3385868,1702382826000000000,300
SS/catalogue_disk/2,SS,catalogue,disk,2,300,300,incident,0.1,0,0.1,baro,4,0.25,0.4,0.15,0,0,1,21,308.9467999525368,payment|10-192-15-196-9100|queue-master|catalogue|session-db,payment_container-memory-usage-bytes,0.7481372549019608,34,34,0.8981372549019608,0.5981372549019608,34,34,34,0.9,baseline-v2-20260723,cd270e7871bd358937d83d9a49829637fa80007d2964084ef229f578e3733bd3,ba75425861a059dafcc477474fc3e4ed1eafdc2b47d6fdd0557337035d29a960,a3dc442fe154bd2f9c3d239489ec894faf19ef215aaad75b55a1f4766836cd24,3385868,1702382826000000000,300
SS/catalogue_disk/2,SS,catalogue,disk,2,300,300,incident,0.1,0,0.1,median_shift,1,1.0,1.0,0.0,1,1,1,21,87.0287999860011,catalogue|shipping|10-192-15-196-9100|queue-master|carts,catalogue_container-fs-reads-total,0.7481372549019608,34,34,0.8981372549019608,0.5981372549019608,34,34,34,0.9,baseline-v2-20260723,cd270e7871bd358937d83d9a49829637fa80007d2964084ef229f578e3733bd3,ba75425861a059dafcc477474fc3e4ed1eafdc2b47d6fdd0557337035d29a960,a3dc442fe154bd2f9c3d239489ec894faf19ef215aaad75b55a1f4766836cd24,3385868,1702382826000000000,300
SS/catalogue_disk/2,SS,catalogue,disk,2,300,300,incident,0.1,0,0.1,nsigma,3,0.3333333333333333,0.6,0.1,0,1,1,21,382.6611000113189,10-192-15-196-9100|queue-master|catalogue|orders|rabbitmq,10-192-15-196-9100_node-disk-writes-completed-total,0.7481372549019608,34,34,0.8981372549019608,0.5981372549019608,34,34,34,0.9,baseline-v2-20260723,cd270e7871bd358937d83d9a49829637fa80007d2964084ef229f578e3733bd3,ba75425861a059dafcc477474fc3e4ed1eafdc2b47d6fdd0557337035d29a960,a3dc442fe154bd2f9c3d239489ec894faf19ef215aaad75b55a1f4766836cd24,3385868,1702382826000000000,300
SS/catalogue_disk/2,SS,catalogue,disk,2,300,300,incident,0.1,1,0.1,baro,4,0.25,0.4,0.15,0,0,1,21,348.18049997556955,payment|10-192-15-196-9100|queue-master|catalogue|session-db,payment_container-memory-usage-bytes,0.7505882352941177,34,34,0.9048039215686274,0.5963725490196078,34,34,34,0.9,baseline-v2-20260723,cd270e7871bd358937d83d9a49829637fa80007d2964084ef229f578e3733bd3,ba75425861a059dafcc477474fc3e4ed1eafdc2b47d6fdd0557337035d29a960,a3dc442fe154bd2f9c3d239489ec894faf19ef215aaad75b55a1f4766836cd24,3385868,1702382826000000000,300
SS/catalogue_disk/2,SS,catalogue,disk,2,300,300,incident,0.1,1,0.1,median_shift,1,1.0,1.0,0.0,1,1,1,21,113.761099986732,catalogue|shipping|10-192-15-196-9100|queue-master|carts,catalogue_container-fs-reads-total,0.7505882352941177,34,34,0.9048039215686274,0.5963725490196078,34,34,34,0.9,baseline-v2-20260723,cd270e7871bd358937d83d9a49829637fa80007d2964084ef229f578e3733bd3,ba75425861a059dafcc477474fc3e4ed1eafdc2b47d6fdd0557337035d29a960,a3dc442fe154bd2f9c3d239489ec894faf19ef215aaad75b55a1f4766836cd24,3385868,1702382826000000000,300
SS/catalogue_disk/2,SS,catalogue,disk,2,300,300,incident,0.1,1,0.1,nsigma,3,0.3333333333333333,0.6,0.1,0,1,1,21,264.0216000145301,10-192-15-196-9100|queue-master|catalogue|orders|rabbitmq,10-192-15-196-9100_node-disk-writes-completed-total,0.7505882352941177,34,34,0.9048039215686274,0.5963725490196078,34,34,34,0.9,baseline-v2-20260723,cd270e7871bd358937d83d9a49829637fa80007d2964084ef229f578e3733bd3,ba75425861a059dafcc477474fc3e4ed1eafdc2b47d6fdd0557337035d29a960,a3dc442fe154bd2f9c3d239489ec894faf19ef215aaad75b55a1f4766836cd24,3385868,1702382826000000000,300
SS/catalogue_disk/2,SS,catalogue,disk,2,300,300,incident,0.1,2,0.1,baro,4,0.25,0.4,0.15,0,0,1,21,319.85719996737316,payment|10-192-15-196-9100|queue-master|catalogue|session-db,payment_container-memory-usage-bytes,0.7488725490196079,34,34,0.9003921568627451,0.5973529411764706,34,34,34,0.9,baseline-v2-20260723,cd270e7871bd358937d83d9a49829637fa80007d2964084ef229f578e3733bd3,ba75425861a059dafcc477474fc3e4ed1eafdc2b47d6fdd0557337035d29a960,a3dc442fe154bd2f9c3d239489ec894faf19ef215aaad75b55a1f4766836cd24,3385868,1702382826000000000,300
SS/catalogue_disk/2,SS,catalogue,disk,2,300,300,incident,0.1,2,0.1,median_shift,1,1.0,1.0,0.0,1,1,1,21,90.89960000710562,catalogue|shipping|10-192-15-196-9100|queue-master|carts,catalogue_container-fs-reads-total,0.7488725490196079,34,34,0.9003921568627451,0.5973529411764706,34,34,34,0.9,baseline-v2-20260723,cd270e7871bd358937d83d9a49829637fa80007d2964084ef229f578e3733bd3,ba75425861a059dafcc477474fc3e4ed1eafdc2b47d6fdd0557337035d29a960,a3dc442fe154bd2f9c3d239489ec894faf19ef215aaad75b55a1f4766836cd24,3385868,1702382826000000000,300
SS/catalogue_disk/2,SS,catalogue,disk,2,300,300,incident,0.1,2,0.1,nsigma,3,0.3333333333333333,0.6,0.1,0,1,1,21,249.2670000065118,10-192-15-196-9100|queue-master|catalogue|session-db|orders,10-192-15-196-9100_node-disk-writes-completed-total,0.7488725490196079,34,34,0.9003921568627451,0.5973529411764706,34,34,34,0.9,baseline-v2-20260723,cd270e7871bd358937d83d9a49829637fa80007d2964084ef229f578e3733bd3,ba75425861a059dafcc477474fc3e4ed1eafdc2b47d6fdd0557337035d29a960,a3dc442fe154bd2f9c3d239489ec894faf19ef215aaad75b55a1f4766836cd24,3385868,1702382826000000000,300
SS/catalogue_disk/2,SS,catalogue,disk,2,300,300,incident,0.1,3,0.1,baro,4,0.25,0.4,0.15,0,0,1,21,356.3741000252776,payment|10-192-15-196-9100|queue-master|catalogue|session-db,payment_container-memory-usage-bytes,0.7489705882352942,34,34,0.9017647058823529,0.5961764705882353,34,34,34,0.9,baseline-v2-20260723,cd270e7871bd358937d83d9a49829637fa80007d2964084ef229f578e3733bd3,ba75425861a059dafcc477474fc3e4ed1eafdc2b47d6fdd0557337035d29a960,a3dc442fe154bd2f9c3d239489ec894faf19ef215aaad75b55a1f4766836cd24,3385868,1702382826000000000,300
SS/catalogue_disk/2,SS,catalogue,disk,2,300,300,incident,0.1,3,0.1,median_shift,4,0.25,0.4,0.15,0,0,1,21,168.92389999702573,shipping|10-192-15-196-9100|queue-master|catalogue|carts,shipping_container-memory-rss,0.7489705882352942,34,34,0.9017647058823529,0.5961764705882353,34,34,34,0.9,baseline-v2-20260723,cd270e7871bd358937d83d9a49829637fa80007d2964084ef229f578e3733bd3,ba75425861a059dafcc477474fc3e4ed1eafdc2b47d6fdd0557337035d29a960,a3dc442fe154bd2f9c3d239489ec894faf19ef215aaad75b55a1f4766836cd24,3385868,1702382826000000000,300
SS/catalogue_disk/2,SS,catalogue,disk,2,300,300,incident,0.1,3,0.1,nsigma,3,0.3333333333333333,0.6,0.1,0,1,1,21,276.39400004409254,10-192-15-196-9100|queue-master|catalogue|session-db|orders,10-192-15-196-9100_node-disk-writes-completed-total,0.7489705882352942,34,34,0.9017647058823529,0.5961764705882353,34,34,34,0.9,baseline-v2-20260723,cd270e7871bd358937d83d9a49829637fa80007d2964084ef229f578e3733bd3,ba75425861a059dafcc477474fc3e4ed1eafdc2b47d6fdd0557337035d29a960,a3dc442fe154bd2f9c3d239489ec894faf19ef215aaad75b55a1f4766836cd24,3385868,1702382826000000000,300
SS/catalogue_disk/2,SS,catalogue,disk,2,300,300,incident,0.1,4,0.1,baro,4,0.25,0.4,0.15,0,0,1,21,347.05350000876933,payment|10-192-15-196-9100|queue-master|catalogue|session-db,payment_container-memory-usage-bytes,0.7495588235294117,34,34,0.9005882352941177,0.5985294117647059,34,34,34,0.9,baseline-v2-20260723,cd270e7871bd358937d83d9a49829637fa80007d2964084ef229f578e3733bd3,ba75425861a059dafcc477474fc3e4ed1eafdc2b47d6fdd0557337035d29a960,a3dc442fe154bd2f9c3d239489ec894faf19ef215aaad75b55a1f4766836cd24,3385868,1702382826000000000,300
SS/catalogue_disk/2,SS,catalogue,disk,2,300,300,incident,0.1,4,0.1,median_shift,1,1.0,1.0,0.0,1,1,1,21,83.59910000581294,catalogue|shipping|10-192-15-196-9100|queue-master|carts,catalogue_container-fs-reads-total,0.7495588235294117,34,34,0.9005882352941177,0.5985294117647059,34,34,34,0.9,baseline-v2-20260723,cd270e7871bd358937d83d9a49829637fa80007d2964084ef229f578e3733bd3,ba75425861a059dafcc477474fc3e4ed1eafdc2b47d6fdd0557337035d29a960,a3dc442fe154bd2f9c3d239489ec894faf19ef215aaad75b55a1f4766836cd24,3385868,1702382826000000000,300
SS/catalogue_disk/2,SS,catalogue,disk,2,300,300,incident,0.1,4,0.1,nsigma,3,0.3333333333333333,0.6,0.1,0,1,1,21,310.7198000070639,10-192-15-196-9100|queue-master|catalogue|session-db|orders,10-192-15-196-9100_node-disk-writes-completed-total,0.7495588235294117,34,34,0.9005882352941177,0.5985294117647059,34,34,34,0.9,baseline-v2-20260723,cd270e7871bd358937d83d9a49829637fa80007d2964084ef229f578e3733bd3,ba75425861a059dafcc477474fc3e4ed1eafdc2b47d6fdd0557337035d29a960,a3dc442fe154bd2f9c3d239489ec894faf19ef215aaad75b55a1f4766836cd24,3385868,1702382826000000000,300
SS/catalogue_disk/2,SS,catalogue,disk,2,300,300,incident,0.1,5,0.1,baro,4,0.25,0.4,0.15,0,0,1,21,377.5817000423558,payment|10-192-15-196-9100|queue-master|catalogue|session-db,payment_container-memory-usage-bytes,0.7476470588235294,34,34,0.8981372549019608,0.597156862745098,34,34,34,0.9,baseline-v2-20260723,cd270e7871bd358937d83d9a49829637fa80007d2964084ef229f578e3733bd3,ba75425861a059dafcc477474fc3e4ed1eafdc2b47d6fdd0557337035d29a960,a3dc442fe154bd2f9c3d239489ec894faf19ef215aaad75b55a1f4766836cd24,3385868,1702382826000000000,300
SS/catalogue_disk/2,SS,catalogue,disk,2,300,300,incident,0.1,5,0.1,median_shift,1,1.0,1.0,0.0,1,1,1,21,123.4794000047259,catalogue|shipping|10-192-15-196-9100|queue-master|carts,catalogue_container-fs-reads-total,0.7476470588235294,34,34,0.8981372549019608,0.597156862745098,34,34,34,0.9,baseline-v2-20260723,cd270e7871bd358937d83d9a49829637fa80007d2964084ef229f578e3733bd3,ba75425861a059dafcc477474fc3e4ed1eafdc2b47d6fdd0557337035d29a960,a3dc442fe154bd2f9c3d239489ec894faf19ef215aaad75b55a1f4766836cd24,3385868,1702382826000000000,300
SS/catalogue_disk/2,SS,catalogue,disk,2,300,300,incident,0.1,5,0.1,nsigma,3,0.3333333333333333,0.6,0.1,0,1,1,21,302.6104000164196,10-192-15-196-9100|queue-master|catalogue|session-db|orders,10-192-15-196-9100_node-disk-writes-completed-total,0.7476470588235294,34,34,0.8981372549019608,0.597156862745098,34,34,34,0.9,baseline-v2-20260723,cd270e7871bd358937d83d9a49829637fa80007d2964084ef229f578e3733bd3,ba75425861a059dafcc477474fc3e4ed1eafdc2b47d6fdd0557337035d29a960,a3dc442fe154bd2f9c3d239489ec894faf19ef215aaad75b55a1f4766836cd24,3385868,1702382826000000000,300
SS/catalogue_disk/2,SS,catalogue,disk,2,300,300,incident,0.1,6,0.1,baro,4,0.25,0.4,0.15,0,0,1,21,424.5144000160508,10-192-15-196-9100|payment|queue-master|catalogue|session-db,10-192-15-196-9100_node-disk-writes-completed-total,0.7507843137254901,34,34,0.9022549019607843,0.5993137254901961,34,34,34,0.9,baseline-v2-20260723,cd270e7871bd358937d83d9a49829637fa80007d2964084ef229f578e3733bd3,ba75425861a059dafcc477474fc3e4ed1eafdc2b47d6fdd0557337035d29a960,a3dc442fe154bd2f9c3d239489ec894faf19ef215aaad75b55a1f4766836cd24,3385868,1702382826000000000,300
SS/catalogue_disk/2,SS,catalogue,disk,2,300,300,incident,0.1,6,0.1,median_shift,1,1.0,1.0,0.0,1,1,1,21,137.13960000313818,catalogue|shipping|10-192-15-196-9100|queue-master|carts,catalogue_container-fs-reads-total,0.7507843137254901,34,34,0.9022549019607843,0.5993137254901961,34,34,34,0.9,baseline-v2-20260723,cd270e7871bd358937d83d9a49829637fa80007d2964084ef229f578e3733bd3,ba75425861a059dafcc477474fc3e4ed1eafdc2b47d6fdd0557337035d29a960,a3dc442fe154bd2f9c3d239489ec894faf19ef215aaad75b55a1f4766836cd24,3385868,1702382826000000000,300
SS/catalogue_disk/2,SS,catalogue,disk,2,300,300,incident,0.1,6,0.1,nsigma,3,0.3333333333333333,0.6,0.1,0,1,1,21,328.02379998611286,10-192-15-196-9100|queue-master|catalogue|orders|rabbitmq,10-192-15-196-9100_node-disk-writes-completed-total,0.7507843137254901,34,34,0.9022549019607843,0.5993137254901961,34,34,34,0.9,baseline-v2-20260723,cd270e7871bd358937d83d9a49829637fa80007d2964084ef229f578e3733bd3,ba75425861a059dafcc477474fc3e4ed1eafdc2b47d6fdd0557337035d29a960,a3dc442fe154bd2f9c3d239489ec894faf19ef215aaad75b55a1f4766836cd24,3385868,1702382826000000000,300
SS/catalogue_disk/2,SS,catalogue,disk,2,300,300,incident,0.1,7,0.1,baro,4,0.25,0.4,0.15,0,0,1,21,459.76619998691604,payment|10-192-15-196-9100|queue-master|catalogue|session-db,payment_container-memory-usage-bytes,0.75,34,34,0.9002941176470588,0.5997058823529412,34,34,34,0.9,baseline-v2-20260723,cd270e7871bd358937d83d9a49829637fa80007d2964084ef229f578e3733bd3,ba75425861a059dafcc477474fc3e4ed1eafdc2b47d6fdd0557337035d29a960,a3dc442fe154bd2f9c3d239489ec894faf19ef215aaad75b55a1f4766836cd24,3385868,1702382826000000000,300
SS/catalogue_disk/2,SS,catalogue,disk,2,300,300,incident,0.1,7,0.1,median_shift,1,1.0,1.0,0.0,1,1,1,21,124.05059998854995,catalogue|shipping|10-192-15-196-9100|queue-master|carts,catalogue_container-fs-reads-total,0.75,34,34,0.9002941176470588,0.5997058823529412,34,34,34,0.9,baseline-v2-20260723,cd270e7871bd358937d83d9a49829637fa80007d2964084ef229f578e3733bd3,ba75425861a059dafcc477474fc3e4ed1eafdc2b47d6fdd0557337035d29a960,a3dc442fe154bd2f9c3d239489ec894faf19ef215aaad75b55a1f4766836cd24,3385868,1702382826000000000,300
SS/catalogue_disk/2,SS,catalogue,disk,2,300,300,incident,0.1,7,0.1,nsigma,3,0.3333333333333333,0.6,0.1,0,1,1,21,349.73259997786954,10-192-15-196-9100|queue-master|catalogue|session-db|orders,10-192-15-196-9100_node-disk-writes-completed-total,0.75,34,34,0.9002941176470588,0.5997058823529412,34,34,34,0.9,baseline-v2-20260723,cd270e7871bd358937d83d9a49829637fa80007d2964084ef229f578e3733bd3,ba75425861a059dafcc477474fc3e4ed1eafdc2b47d6fdd0557337035d29a960,a3dc442fe154bd2f9c3d239489ec894faf19ef215aaad75b55a1f4766836cd24,3385868,1702382826000000000,300
SS/catalogue_disk/2,SS,catalogue,disk,2,300,300,incident,0.1,8,0.1,baro,4,0.25,0.4,0.15,0,0,1,21,325.2102000406012,payment|10-192-15-196-9100|queue-master|catalogue|session-db,payment_container-memory-usage-bytes,0.7472058823529412,34,34,0.8975490196078432,0.5968627450980392,34,34,34,0.9,baseline-v2-20260723,cd270e7871bd358937d83d9a49829637fa80007d2964084ef229f578e3733bd3,ba75425861a059dafcc477474fc3e4ed1eafdc2b47d6fdd0557337035d29a960,a3dc442fe154bd2f9c3d239489ec894faf19ef215aaad75b55a1f4766836cd24,3385868,1702382826000000000,300
SS/catalogue_disk/2,SS,catalogue,disk,2,300,300,incident,0.1,8,0.1,median_shift,1,1.0,1.0,0.0,1,1,1,21,93.26709999004379,catalogue|shipping|10-192-15-196-9100|queue-master|carts,catalogue_container-fs-reads-total,0.7472058823529412,34,34,0.8975490196078432,0.5968627450980392,34,34,34,0.9,baseline-v2-20260723,cd270e7871bd358937d83d9a49829637fa80007d2964084ef229f578e3733bd3,ba75425861a059dafcc477474fc3e4ed1eafdc2b47d6fdd0557337035d29a960,a3dc442fe154bd2f9c3d239489ec894faf19ef215aaad75b55a1f4766836cd24,3385868,1702382826000000000,300
SS/catalogue_disk/2,SS,catalogue,disk,2,300,300,incident,0.1,8,0.1,nsigma,3,0.3333333333333333,0.6,0.1,0,1,1,21,300.0074000447057,10-192-15-196-9100|queue-master|catalogue|orders|rabbitmq,10-192-15-196-9100_node-disk-writes-completed-total,0.7472058823529412,34,34,0.8975490196078432,0.5968627450980392,34,34,34,0.9,baseline-v2-20260723,cd270e7871bd358937d83d9a49829637fa80007d2964084ef229f578e3733bd3,ba75425861a059dafcc477474fc3e4ed1eafdc2b47d6fdd0557337035d29a960,a3dc442fe154bd2f9c3d239489ec894faf19ef215aaad75b55a1f4766836cd24,3385868,1702382826000000000,300
SS/catalogue_disk/2,SS,catalogue,disk,2,300,300,incident,0.1,9,0.1,baro,4,0.25,0.4,0.15,0,0,1,21,327.87460001418367,payment|10-192-15-196-9100|queue-master|catalogue|session-db,payment_container-memory-usage-bytes,0.7463235294117647,34,34,0.893921568627451,0.5987254901960785,34,34,34,0.9,baseline-v2-20260723,cd270e7871bd358937d83d9a49829637fa80007d2964084ef229f578e3733bd3,ba75425861a059dafcc477474fc3e4ed1eafdc2b47d6fdd0557337035d29a960,a3dc442fe154bd2f9c3d239489ec894faf19ef215aaad75b55a1f4766836cd24,3385868,1702382826000000000,300
SS/catalogue_disk/2,SS,catalogue,disk,2,300,300,incident,0.1,9,0.1,median_shift,1,1.0,1.0,0.0,1,1,1,21,86.67910000076517,catalogue|shipping|10-192-15-196-9100|queue-master|carts,catalogue_container-fs-reads-total,0.7463235294117647,34,34,0.893921568627451,0.5987254901960785,34,34,34,0.9,baseline-v2-20260723,cd270e7871bd358937d83d9a49829637fa80007d2964084ef229f578e3733bd3,ba75425861a059dafcc477474fc3e4ed1eafdc2b47d6fdd0557337035d29a960,a3dc442fe154bd2f9c3d239489ec894faf19ef215aaad75b55a1f4766836cd24,3385868,1702382826000000000,300
SS/catalogue_disk/2,SS,catalogue,disk,2,300,300,incident,0.1,9,0.1,nsigma,3,0.3333333333333333,0.6,0.1,0,1,1,21,279.33210000628605,10-192-15-196-9100|queue-master|catalogue|session-db|orders,10-192-15-196-9100_node-disk-writes-completed-total,0.7463235294117647,34,34,0.893921568627451,0.5987254901960785,34,34,34,0.9,baseline-v2-20260723,cd270e7871bd358937d83d9a49829637fa80007d2964084ef229f578e3733bd3,ba75425861a059dafcc477474fc3e4ed1eafdc2b47d6fdd0557337035d29a960,a3dc442fe154bd2f9c3d239489ec894faf19ef215aaad75b55a1f4766836cd24,3385868,1702382826000000000,300
SS/catalogue_disk/2,SS,catalogue,disk,2,300,300,incident,0.3,0,0.3,baro,7,0.14285714285714285,0.0,0.3,0,0,0,21,389.1633999883197,payment|carts|user-db|shipping|10-192-15-196-9100,payment_container-memory-working-set-bytes,0.5920098039215687,34,34,0.7033333333333334,0.48068627450980395,34,34,33,0.7,baseline-v2-20260723,cd270e7871bd358937d83d9a49829637fa80007d2964084ef229f578e3733bd3,ba75425861a059dafcc477474fc3e4ed1eafdc2b47d6fdd0557337035d29a960,a3dc442fe154bd2f9c3d239489ec894faf19ef215aaad75b55a1f4766836cd24,3385868,1702382826000000000,300
SS/catalogue_disk/2,SS,catalogue,disk,2,300,300,incident,0.3,0,0.3,median_shift,7,0.14285714285714285,0.0,0.3,0,0,0,21,117.84600000828505,carts|user-db|orders-db|carts-db|queue-master,carts_container-memory-rss,0.5920098039215687,34,34,0.7033333333333334,0.48068627450980395,34,34,33,0.7,baseline-v2-20260723,cd270e7871bd358937d83d9a49829637fa80007d2964084ef229f578e3733bd3,ba75425861a059dafcc477474fc3e4ed1eafdc2b47d6fdd0557337035d29a960,a3dc442fe154bd2f9c3d239489ec894faf19ef215aaad75b55a1f4766836cd24,3385868,1702382826000000000,300
SS/catalogue_disk/2,SS,catalogue,disk,2,300,300,incident,0.3,0,0.3,nsigma,11,0.09090909090909091,0.0,0.5,0,0,0,21,288.7905000243336,user-db|carts-db|orders|orders-db|carts,user-db_container-memory-failures-total,0.5920098039215687,34,34,0.7033333333333334,0.48068627450980395,34,34,33,0.7,baseline-v2-20260723,cd270e7871bd358937d83d9a49829637fa80007d2964084ef229f578e3733bd3,ba75425861a059dafcc477474fc3e4ed1eafdc2b47d6fdd0557337035d29a960,a3dc442fe154bd2f9c3d239489ec894faf19ef215aaad75b55a1f4766836cd24,3385868,1702382826000000000,300
SS/catalogue_disk/2,SS,catalogue,disk,2,300,300,incident,0.3,1,0.3,baro,12,0.08333333333333333,0.0,0.55,0,0,0,21,352.40999999223277,carts|user-db|payment|shipping|orders,carts_container-memory-failures-total,0.5912745098039216,34,34,0.7079411764705882,0.4746078431372549,34,34,34,0.7,baseline-v2-20260723,cd270e7871bd358937d83d9a49829637fa80007d2964084ef229f578e3733bd3,ba75425861a059dafcc477474fc3e4ed1eafdc2b47d6fdd0557337035d29a960,a3dc442fe154bd2f9c3d239489ec894faf19ef215aaad75b55a1f4766836cd24,3385868,1702382826000000000,300
SS/catalogue_disk/2,SS,catalogue,disk,2,300,300,incident,0.3,1,0.3,median_shift,7,0.14285714285714285,0.0,0.3,0,0,0,21,137.1140999835916,carts|user-db|carts-db|orders-db|orders,carts_container-memory-rss,0.5912745098039216,34,34,0.7079411764705882,0.4746078431372549,34,34,34,0.7,baseline-v2-20260723,cd270e7871bd358937d83d9a49829637fa80007d2964084ef229f578e3733bd3,ba75425861a059dafcc477474fc3e4ed1eafdc2b47d6fdd0557337035d29a960,a3dc442fe154bd2f9c3d239489ec894faf19ef215aaad75b55a1f4766836cd24,3385868,1702382826000000000,300
SS/catalogue_disk/2,SS,catalogue,disk,2,300,300,incident,0.3,1,0.3,nsigma,9,0.1111111111111111,0.0,0.4,0,0,0,21,271.66279999073595,user-db|orders-db|carts-db|orders|rabbitmq,user-db_container-memory-failures-total,0.5912745098039216,34,34,0.7079411764705882,0.4746078431372549,34,34,34,0.7,baseline-v2-20260723,cd270e7871bd358937d83d9a49829637fa80007d2964084ef229f578e3733bd3,ba75425861a059dafcc477474fc3e4ed1eafdc2b47d6fdd0557337035d29a960,a3dc442fe154bd2f9c3d239489ec894faf19ef215aaad75b55a1f4766836cd24,3385868,1702382826000000000,300
SS/catalogue_disk/2,SS,catalogue,disk,2,300,300,incident,0.3,2,0.3,baro,7,0.14285714285714285,0.0,0.3,0,0,0,21,330.33679996151477,payment|carts|user-db|shipping|user,payment_container-memory-usage-bytes,0.5905392156862745,34,34,0.7015686274509804,0.4795098039215686,34,34,34,0.7,baseline-v2-20260723,cd270e7871bd358937d83d9a49829637fa80007d2964084ef229f578e3733bd3,ba75425861a059dafcc477474fc3e4ed1eafdc2b47d6fdd0557337035d29a960,a3dc442fe154bd2f9c3d239489ec894faf19ef215aaad75b55a1f4766836cd24,3385868,1702382826000000000,300
SS/catalogue_disk/2,SS,catalogue,disk,2,300,300,incident,0.3,2,0.3,median_shift,6,0.16666666666666666,0.0,0.25,0,0,0,21,117.93379997834563,carts|user-db|orders-db|orders|carts-db,carts_container-memory-rss,0.5905392156862745,34,34,0.7015686274509804,0.4795098039215686,34,34,34,0.7,baseline-v2-20260723,cd270e7871bd358937d83d9a49829637fa80007d2964084ef229f578e3733bd3,ba75425861a059dafcc477474fc3e4ed1eafdc2b47d6fdd0557337035d29a960,a3dc442fe154bd2f9c3d239489ec894faf19ef215aaad75b55a1f4766836cd24,3385868,1702382826000000000,300
SS/catalogue_disk/2,SS,catalogue,disk,2,300,300,incident,0.3,2,0.3,nsigma,13,0.07692307692307693,0.0,0.6,0,0,0,21,282.6272000093013,user-db|orders-db|orders|carts-db|carts,user-db_container-memory-failures-total,0.5905392156862745,34,34,0.7015686274509804,0.4795098039215686,34,34,34,0.7,baseline-v2-20260723,cd270e7871bd358937d83d9a49829637fa80007d2964084ef229f578e3733bd3,ba75425861a059dafcc477474fc3e4ed1eafdc2b47d6fdd0557337035d29a960,a3dc442fe154bd2f9c3d239489ec894faf19ef215aaad75b55a1f4766836cd24,3385868,1702382826000000000,300
SS/catalogue_disk/2,SS,catalogue,disk,2,300,300,incident,0.3,3,0.3,baro,8,0.125,0.0,0.35,0,0,0,21,480.27850000653416,carts|user-db|payment|shipping|orders,carts_container-memory-failures-total,0.5891176470588235,34,34,0.6991176470588235,0.47911764705882354,34,34,33,0.7,baseline-v2-20260723,cd270e7871bd358937d83d9a49829637fa80007d2964084ef229f578e3733bd3,ba75425861a059dafcc477474fc3e4ed1eafdc2b47d6fdd0557337035d29a960,a3dc442fe154bd2f9c3d239489ec894faf19ef215aaad75b55a1f4766836cd24,3385868,1702382826000000000,300
SS/catalogue_disk/2,SS,catalogue,disk,2,300,300,incident,0.3,3,0.3,median_shift,7,0.14285714285714285,0.0,0.3,0,0,0,21,113.78109996439889,user-db|carts|carts-db|orders-db|queue-master,user-db_container-memory-usage-bytes,0.5891176470588235,34,34,0.6991176470588235,0.47911764705882354,34,34,33,0.7,baseline-v2-20260723,cd270e7871bd358937d83d9a49829637fa80007d2964084ef229f578e3733bd3,ba75425861a059dafcc477474fc3e4ed1eafdc2b47d6fdd0557337035d29a960,a3dc442fe154bd2f9c3d239489ec894faf19ef215aaad75b55a1f4766836cd24,3385868,1702382826000000000,300
SS/catalogue_disk/2,SS,catalogue,disk,2,300,300,incident,0.3,3,0.3,nsigma,10,0.1,0.0,0.45,0,0,0,21,277.4312000256032,user-db|orders-db|user|carts-db|rabbitmq,user-db_container-memory-failures-total,0.5891176470588235,34,34,0.6991176470588235,0.47911764705882354,34,34,33,0.7,baseline-v2-20260723,cd270e7871bd358937d83d9a49829637fa80007d2964084ef229f578e3733bd3,ba75425861a059dafcc477474fc3e4ed1eafdc2b47d6fdd0557337035d29a960,a3dc442fe154bd2f9c3d239489ec894faf19ef215aaad75b55a1f4766836cd24,3385868,1702382826000000000,300
SS/catalogue_disk/2,SS,catalogue,disk,2,300,300,incident,0.3,4,0.3,baro,12,0.08333333333333333,0.0,0.55,0,0,0,21,376.004199963063,carts|user-db|shipping|rabbitmq|carts-db,carts_container-memory-failures-total,0.5875,34,34,0.6987254901960784,0.47627450980392155,34,34,34,0.7,baseline-v2-20260723,cd270e7871bd358937d83d9a49829637fa80007d2964084ef229f578e3733bd3,ba75425861a059dafcc477474fc3e4ed1eafdc2b47d6fdd0557337035d29a960,a3dc442fe154bd2f9c3d239489ec894faf19ef215aaad75b55a1f4766836cd24,3385868,1702382826000000000,300
SS/catalogue_disk/2,SS,catalogue,disk,2,300,300,incident,0.3,4,0.3,median_shift,7,0.14285714285714285,0.0,0.3,0,0,0,21,132.33649998437613,carts|user-db|carts-db|orders|orders-db,carts_container-memory-rss,0.5875,34,34,0.6987254901960784,0.47627450980392155,34,34,34,0.7,baseline-v2-20260723,cd270e7871bd358937d83d9a49829637fa80007d2964084ef229f578e3733bd3,ba75425861a059dafcc477474fc3e4ed1eafdc2b47d6fdd0557337035d29a960,a3dc442fe154bd2f9c3d239489ec894faf19ef215aaad75b55a1f4766836cd24,3385868,1702382826000000000,300
SS/catalogue_disk/2,SS,catalogue,disk,2,300,300,incident,0.3,4,0.3,nsigma,13,0.07692307692307693,0.0,0.6,0,0,0,21,295.9938000421971,user-db|carts-db|orders-db|carts|shipping,user-db_container-memory-failures-total,0.5875,34,34,0.6987254901960784,0.47627450980392155,34,34,34,0.7,baseline-v2-20260723,cd270e7871bd358937d83d9a49829637fa80007d2964084ef229f578e3733bd3,ba75425861a059dafcc477474fc3e4ed1eafdc2b47d6fdd0557337035d29a960,a3dc442fe154bd2f9c3d239489ec894faf19ef215aaad75b55a1f4766836cd24,3385868,1702382826000000000,300
SS/catalogue_disk/2,SS,catalogue,disk,2,300,300,incident,0.3,5,0.3,baro,8,0.125,0.0,0.35,0,0,0,21,345.2427000156604,payment|carts|user-db|shipping|orders,payment_container-memory-usage-bytes,0.5898039215686275,34,34,0.7033333333333334,0.47627450980392155,34,34,33,0.7,baseline-v2-20260723,cd270e7871bd358937d83d9a49829637fa80007d2964084ef229f578e3733bd3,ba75425861a059dafcc477474fc3e4ed1eafdc2b47d6fdd0557337035d29a960,a3dc442fe154bd2f9c3d239489ec894faf19ef215aaad75b55a1f4766836cd24,3385868,1702382826000000000,300
SS/catalogue_disk/2,SS,catalogue,disk,2,300,300,incident,0.3,5,0.3,median_shift,7,0.14285714285714285,0.0,0.3,0,0,0,21,106.50049999821931,user|orders-db|user-db|carts-db|queue-master,user_container-memory-working-set-bytes,0.5898039215686275,34,34,0.7033333333333334,0.47627450980392155,34,34,33,0.7,baseline-v2-20260723,cd270e7871bd358937d83d9a49829637fa80007d2964084ef229f578e3733bd3,ba75425861a059dafcc477474fc3e4ed1eafdc2b47d6fdd0557337035d29a960,a3dc442fe154bd2f9c3d239489ec894faf19ef215aaad75b55a1f4766836cd24,3385868,1702382826000000000,300
SS/catalogue_disk/2,SS,catalogue,disk,2,300,300,incident,0.3,5,0.3,nsigma,11,0.09090909090909091,0.0,0.5,0,0,0,21,361.1743000219576,user-db|orders-db|carts-db|rabbitmq|orders,user-db_container-memory-failures-total,0.5898039215686275,34,34,0.7033333333333334,0.47627450980392155,34,34,33,0.7,baseline-v2-20260723,cd270e7871bd358937d83d9a49829637fa80007d2964084ef229f578e3733bd3,ba75425861a059dafcc477474fc3e4ed1eafdc2b47d6fdd0557337035d29a960,a3dc442fe154bd2f9c3d239489ec894faf19ef215aaad75b55a1f4766836cd24,3385868,1702382826000000000,300
SS/catalogue_disk/2,SS,catalogue,disk,2,300,300,incident,0.3,6,0.3,baro,10,0.1,0.0,0.45,0,0,0,21,334.3405000050552,carts|user-db|shipping|payment|rabbitmq,carts_container-memory-failures-total,0.5894117647058823,34,34,0.6990196078431372,0.47980392156862745,34,34,33,0.7,baseline-v2-20260723,cd270e7871bd358937d83d9a49829637fa80007d2964084ef229f578e3733bd3,ba75425861a059dafcc477474fc3e4ed1eafdc2b47d6fdd0557337035d29a960,a3dc442fe154bd2f9c3d239489ec894faf19ef215aaad75b55a1f4766836cd24,3385868,1702382826000000000,300
SS/catalogue_disk/2,SS,catalogue,disk,2,300,300,incident,0.3,6,0.3,median_shift,8,0.125,0.0,0.35,0,0,0,21,102.27540001505986,carts|user-db|orders|carts-db|queue-master,carts_container-memory-rss,0.5894117647058823,34,34,0.6990196078431372,0.47980392156862745,34,34,33,0.7,baseline-v2-20260723,cd270e7871bd358937d83d9a49829637fa80007d2964084ef229f578e3733bd3,ba75425861a059dafcc477474fc3e4ed1eafdc2b47d6fdd0557337035d29a960,a3dc442fe154bd2f9c3d239489ec894faf19ef215aaad75b55a1f4766836cd24,3385868,1702382826000000000,300
SS/catalogue_disk/2,SS,catalogue,disk,2,300,300,incident,0.3,6,0.3,nsigma,12,0.08333333333333333,0.0,0.55,0,0,0,21,311.4683000021614,user-db|carts-db|orders|shipping|orders-db,user-db_container-memory-failures-total,0.5894117647058823,34,34,0.6990196078431372,0.47980392156862745,34,34,33,0.7,baseline-v2-20260723,cd270e7871bd358937d83d9a49829637fa80007d2964084ef229f578e3733bd3,ba75425861a059dafcc477474fc3e4ed1eafdc2b47d6fdd0557337035d29a960,a3dc442fe154bd2f9c3d239489ec894faf19ef215aaad75b55a1f4766836cd24,3385868,1702382826000000000,300
SS/catalogue_disk/2,SS,catalogue,disk,2,300,300,incident,0.3,7,0.3,baro,6,0.16666666666666666,0.0,0.25,0,0,0,21,378.4413999528624,carts|user-db|payment|shipping|rabbitmq,carts_container-memory-failures-total,0.5892156862745098,34,34,0.7040196078431372,0.47441176470588237,34,34,33,0.7,baseline-v2-20260723,cd270e7871bd358937d83d9a49829637fa80007d2964084ef229f578e3733bd3,ba75425861a059dafcc477474fc3e4ed1eafdc2b47d6fdd0557337035d29a960,a3dc442fe154bd2f9c3d239489ec894faf19ef215aaad75b55a1f4766836cd24,3385868,1702382826000000000,300
SS/catalogue_disk/2,SS,catalogue,disk,2,300,300,incident,0.3,7,0.3,median_shift,7,0.14285714285714285,0.0,0.3,0,0,0,21,118.58070001471788,carts|user-db|orders-db|carts-db|orders,carts_container-memory-rss,0.5892156862745098,34,34,0.7040196078431372,0.47441176470588237,34,34,33,0.7,baseline-v2-20260723,cd270e7871bd358937d83d9a49829637fa80007d2964084ef229f578e3733bd3,ba75425861a059dafcc477474fc3e4ed1eafdc2b47d6fdd0557337035d29a960,a3dc442fe154bd2f9c3d239489ec894faf19ef215aaad75b55a1f4766836cd24,3385868,1702382826000000000,300
SS/catalogue_disk/2,SS,catalogue,disk,2,300,300,incident,0.3,7,0.3,nsigma,10,0.1,0.0,0.45,0,0,0,21,297.1479000407271,user-db|orders-db|user|orders|carts-db,user-db_container-memory-failures-total,0.5892156862745098,34,34,0.7040196078431372,0.47441176470588237,34,34,33,0.7,baseline-v2-20260723,cd270e7871bd358937d83d9a49829637fa80007d2964084ef229f578e3733bd3,ba75425861a059dafcc477474fc3e4ed1eafdc2b47d6fdd0557337035d29a960,a3dc442fe154bd2f9c3d239489ec894faf19ef215aaad75b55a1f4766836cd24,3385868,1702382826000000000,300
SS/catalogue_disk/2,SS,catalogue,disk,2,300,300,incident,0.3,8,0.3,baro,8,0.125,0.0,0.35,0,0,0,21,386.2960999831557,carts|user-db|shipping|payment|rabbitmq,carts_container-memory-failures-total,0.5880392156862745,34,34,0.6992156862745098,0.4768627450980392,34,34,34,0.7,baseline-v2-20260723,cd270e7871bd358937d83d9a49829637fa80007d2964084ef229f578e3733bd3,ba75425861a059dafcc477474fc3e4ed1eafdc2b47d6fdd0557337035d29a960,a3dc442fe154bd2f9c3d239489ec894faf19ef215aaad75b55a1f4766836cd24,3385868,1702382826000000000,300
SS/catalogue_disk/2,SS,catalogue,disk,2,300,300,incident,0.3,8,0.3,median_shift,7,0.14285714285714285,0.0,0.3,0,0,0,21,95.83310002926737,carts|carts-db|orders|user-db|orders-db,carts_container-memory-rss,0.5880392156862745,34,34,0.6992156862745098,0.4768627450980392,34,34,34,0.7,baseline-v2-20260723,cd270e7871bd358937d83d9a49829637fa80007d2964084ef229f578e3733bd3,ba75425861a059dafcc477474fc3e4ed1eafdc2b47d6fdd0557337035d29a960,a3dc442fe154bd2f9c3d239489ec894faf19ef215aaad75b55a1f4766836cd24,3385868,1702382826000000000,300
SS/catalogue_disk/2,SS,catalogue,disk,2,300,300,incident,0.3,8,0.3,nsigma,12,0.08333333333333333,0.0,0.55,0,0,0,21,281.9500000332482,user-db|orders-db|carts-db|user|rabbitmq,user-db_container-memory-failures-total,0.5880392156862745,34,34,0.6992156862745098,0.4768627450980392,34,34,34,0.7,baseline-v2-20260723,cd270e7871bd358937d83d9a49829637fa80007d2964084ef229f578e3733bd3,ba75425861a059dafcc477474fc3e4ed1eafdc2b47d6fdd0557337035d29a960,a3dc442fe154bd2f9c3d239489ec894faf19ef215aaad75b55a1f4766836cd24,3385868,1702382826000000000,300
SS/catalogue_disk/2,SS,catalogue,disk,2,300,300,incident,0.3,9,0.3,baro,11,0.09090909090909091,0.0,0.5,0,0,0,21,359.53979997429997,payment|carts|user-db|shipping|orders,payment_container-memory-usage-bytes,0.5882843137254902,34,34,0.6973529411764706,0.4792156862745098,34,34,33,0.7,baseline-v2-20260723,cd270e7871bd358937d83d9a49829637fa80007d2964084ef229f578e3733bd3,ba75425861a059dafcc477474fc3e4ed1eafdc2b47d6fdd0557337035d29a960,a3dc442fe154bd2f9c3d239489ec894faf19ef215aaad75b55a1f4766836cd24,3385868,1702382826000000000,300
SS/catalogue_disk/2,SS,catalogue,disk,2,300,300,incident,0.3,9,0.3,median_shift,7,0.14285714285714285,0.0,0.3,0,0,0,21,97.23929996835068,carts|user-db|orders|carts-db|orders-db,carts_container-memory-rss,0.5882843137254902,34,34,0.6973529411764706,0.4792156862745098,34,34,33,0.7,baseline-v2-20260723,cd270e7871bd358937d83d9a49829637fa80007d2964084ef229f578e3733bd3,ba75425861a059dafcc477474fc3e4ed1eafdc2b47d6fdd0557337035d29a960,a3dc442fe154bd2f9c3d239489ec894faf19ef215aaad75b55a1f4766836cd24,3385868,1702382826000000000,300
SS/catalogue_disk/2,SS,catalogue,disk,2,300,300,incident,0.3,9,0.3,nsigma,10,0.1,0.0,0.45,0,0,0,21,281.8866999587044,user-db|orders-db|carts-db|orders|shipping,user-db_container-memory-failures-total,0.5882843137254902,34,34,0.6973529411764706,0.4792156862745098,34,34,33,0.7,baseline-v2-20260723,cd270e7871bd358937d83d9a49829637fa80007d2964084ef229f578e3733bd3,ba75425861a059dafcc477474fc3e4ed1eafdc2b47d6fdd0557337035d29a960,a3dc442fe154bd2f9c3d239489ec894faf19ef215aaad75b55a1f4766836cd24,3385868,1702382826000000000,300
SS/catalogue_disk/2,SS,catalogue,disk,2,300,300,incident,0.5,0,0.5,baro,14,0.07142857142857142,0.0,0.65,0,0,0,21,416.876700008288,payment|carts|user-db|10-192-15-196-9100|rabbitmq,payment_container-memory-working-set-bytes,0.4225980392156863,34,34,0.49980392156862746,0.3453921568627451,34,33,31,0.5,baseline-v2-20260723,cd270e7871bd358937d83d9a49829637fa80007d2964084ef229f578e3733bd3,ba75425861a059dafcc477474fc3e4ed1eafdc2b47d6fdd0557337035d29a960,a3dc442fe154bd2f9c3d239489ec894faf19ef215aaad75b55a1f4766836cd24,3385868,1702382826000000000,300
SS/catalogue_disk/2,SS,catalogue,disk,2,300,300,incident,0.5,0,0.5,median_shift,12,0.08333333333333333,0.0,0.55,0,0,0,21,113.92740003066137,orders-db|user|queue-master|orders|rabbitmq,orders-db_container-memory-working-set-bytes,0.4225980392156863,34,34,0.49980392156862746,0.3453921568627451,34,33,31,0.5,baseline-v2-20260723,cd270e7871bd358937d83d9a49829637fa80007d2964084ef229f578e3733bd3,ba75425861a059dafcc477474fc3e4ed1eafdc2b47d6fdd0557337035d29a960,a3dc442fe154bd2f9c3d239489ec894faf19ef215aaad75b55a1f4766836cd24,3385868,1702382826000000000,300
SS/catalogue_disk/2,SS,catalogue,disk,2,300,300,incident,0.5,0,0.5,nsigma,14,0.07142857142857142,0.0,0.65,0,0,0,21,292.235900007654,user-db|rabbitmq|carts|orders-db|orders,user-db_container-memory-failures-total,0.4225980392156863,34,34,0.49980392156862746,0.3453921568627451,34,33,31,0.5,baseline-v2-20260723,cd270e7871bd358937d83d9a49829637fa80007d2964084ef229f578e3733bd3,ba75425861a059dafcc477474fc3e4ed1eafdc2b47d6fdd0557337035d29a960,a3dc442fe154bd2f9c3d239489ec894faf19ef215aaad75b55a1f4766836cd24,3385868,1702382826000000000,300
SS/catalogue_disk/2,SS,catalogue,disk,2,300,300,incident,0.5,1,0.5,baro,4,0.25,0.4,0.15,0,0,1,21,422.22639999818057,carts|user-db|rabbitmq|catalogue|payment,carts_container-memory-failures-total,0.4243137254901961,34,34,0.49941176470588233,0.34921568627450983,34,33,30,0.5,baseline-v2-20260723,cd270e7871bd358937d83d9a49829637fa80007d2964084ef229f578e3733bd3,ba75425861a059dafcc477474fc3e4ed1eafdc2b47d6fdd0557337035d29a960,a3dc442fe154bd2f9c3d239489ec894faf19ef215aaad75b55a1f4766836cd24,3385868,1702382826000000000,300
SS/catalogue_disk/2,SS,catalogue,disk,2,300,300,incident,0.5,1,0.5,median_shift,11,0.09090909090909091,0.0,0.5,0,0,0,21,124.58110001171008,user|session-db|carts-db|rabbitmq|queue-master,user_container-memory-rss,0.4243137254901961,34,34,0.49941176470588233,0.34921568627450983,34,33,30,0.5,baseline-v2-20260723,cd270e7871bd358937d83d9a49829637fa80007d2964084ef229f578e3733bd3,ba75425861a059dafcc477474fc3e4ed1eafdc2b47d6fdd0557337035d29a960,a3dc442fe154bd2f9c3d239489ec894faf19ef215aaad75b55a1f4766836cd24,3385868,1702382826000000000,300
SS/catalogue_disk/2,SS,catalogue,disk,2,300,300,incident,0.5,1,0.5,nsigma,2,0.5,0.8,0.05,0,1,1,21,320.1351999887265,user-db|catalogue|rabbitmq|carts|user,user-db_container-memory-failures-total,0.4243137254901961,34,34,0.49941176470588233,0.34921568627450983,34,33,30,0.5,baseline-v2-20260723,cd270e7871bd358937d83d9a49829637fa80007d2964084ef229f578e3733bd3,ba75425861a059dafcc477474fc3e4ed1eafdc2b47d6fdd0557337035d29a960,a3dc442fe154bd2f9c3d239489ec894faf19ef215aaad75b55a1f4766836cd24,3385868,1702382826000000000,300
SS/catalogue_disk/2,SS,catalogue,disk,2,300,300,incident,0.5,2,0.5,baro,6,0.16666666666666666,0.0,0.25,0,0,0,21,356.5239000017755,payment|carts|user-db|user|rabbitmq,payment_container-memory-usage-bytes,0.41818627450980395,34,34,0.48970588235294116,0.3466666666666667,34,32,30,0.5,baseline-v2-20260723,cd270e7871bd358937d83d9a49829637fa80007d2964084ef229f578e3733bd3,ba75425861a059dafcc477474fc3e4ed1eafdc2b47d6fdd0557337035d29a960,a3dc442fe154bd2f9c3d239489ec894faf19ef215aaad75b55a1f4766836cd24,3385868,1702382826000000000,300
SS/catalogue_disk/2,SS,catalogue,disk,2,300,300,incident,0.5,2,0.5,median_shift,11,0.09090909090909091,0.0,0.5,0,0,0,21,126.44820002606139,user|carts-db|rabbitmq|orders-db|queue-master,user_container-memory-usage-bytes,0.41818627450980395,34,34,0.48970588235294116,0.3466666666666667,34,32,30,0.5,baseline-v2-20260723,cd270e7871bd358937d83d9a49829637fa80007d2964084ef229f578e3733bd3,ba75425861a059dafcc477474fc3e4ed1eafdc2b47d6fdd0557337035d29a960,a3dc442fe154bd2f9c3d239489ec894faf19ef215aaad75b55a1f4766836cd24,3385868,1702382826000000000,300
SS/catalogue_disk/2,SS,catalogue,disk,2,300,300,incident,0.5,2,0.5,nsigma,3,0.3333333333333333,0.6,0.1,0,1,1,21,310.08800002746284,user-db|rabbitmq|catalogue|carts|user,user-db_container-memory-failures-total,0.41818627450980395,34,34,0.48970588235294116,0.3466666666666667,34,32,30,0.5,baseline-v2-20260723,cd270e7871bd358937d83d9a49829637fa80007d2964084ef229f578e3733bd3,ba75425861a059dafcc477474fc3e4ed1eafdc2b47d6fdd0557337035d29a960,a3dc442fe154bd2f9c3d239489ec894faf19ef215aaad75b55a1f4766836cd24,3385868,1702382826000000000,300
SS/catalogue_disk/2,SS,catalogue,disk,2,300,300,incident,0.5,3,0.5,baro,5,0.2,0.2,0.2,0,0,1,21,346.83310001855716,carts|user-db|rabbitmq|10-192-15-197-9100|catalogue,carts_container-memory-failures-total,0.4215686274509804,34,34,0.49813725490196076,0.345,34,34,29,0.5,baseline-v2-20260723,cd270e7871bd358937d83d9a49829637fa80007d2964084ef229f578e3733bd3,ba75425861a059dafcc477474fc3e4ed1eafdc2b47d6fdd0557337035d29a960,a3dc442fe154bd2f9c3d239489ec894faf19ef215aaad75b55a1f4766836cd24,3385868,1702382826000000000,300
SS/catalogue_disk/2,SS,catalogue,disk,2,300,300,incident,0.5,3,0.5,median_shift,9,0.1111111111111111,0.0,0.4,0,0,0,21,139.20670002698898,user|queue-master|rabbitmq|orders|carts-db,user_container-memory-usage-bytes,0.4215686274509804,34,34,0.49813725490196076,0.345,34,34,29,0.5,baseline-v2-20260723,cd270e7871bd358937d83d9a49829637fa80007d2964084ef229f578e3733bd3,ba75425861a059dafcc477474fc3e4ed1eafdc2b47d6fdd0557337035d29a960,a3dc442fe154bd2f9c3d239489ec894faf19ef215aaad75b55a1f4766836cd24,3385868,1702382826000000000,300
SS/catalogue_disk/2,SS,catalogue,disk,2,300,300,incident,0.5,3,0.5,nsigma,14,0.07142857142857142,0.0,0.65,0,0,0,21,338.7605999596417,user-db|rabbitmq|carts|user|carts-db,user-db_container-memory-failures-total,0.4215686274509804,34,34,0.49813725490196076,0.345,34,34,29,0.5,baseline-v2-20260723,cd270e7871bd358937d83d9a49829637fa80007d2964084ef229f578e3733bd3,ba75425861a059dafcc477474fc3e4ed1eafdc2b47d6fdd0557337035d29a960,a3dc442fe154bd2f9c3d239489ec894faf19ef215aaad75b55a1f4766836cd24,3385868,1702382826000000000,300
SS/catalogue_disk/2,SS,catalogue,disk,2,300,300,incident,0.5,4,0.5,baro,11,0.09090909090909091,0.0,0.5,0,0,0,21,338.3356999838725,carts|user-db|10-192-15-195-9100|rabbitmq|user,carts_container-memory-failures-total,0.42411764705882354,34,34,0.49970588235294117,0.34852941176470587,34,33,29,0.5,baseline-v2-20260723,cd270e7871bd358937d83d9a49829637fa80007d2964084ef229f578e3733bd3,ba75425861a059dafcc477474fc3e4ed1eafdc2b47d6fdd0557337035d29a960,a3dc442fe154bd2f9c3d239489ec894faf19ef215aaad75b55a1f4766836cd24,3385868,1702382826000000000,300
SS/catalogue_disk/2,SS,catalogue,disk,2,300,300,incident,0.5,4,0.5,median_shift,12,0.08333333333333333,0.0,0.55,0,0,0,21,121.44580000312999,user|queue-master|rabbitmq|orders|catalogue-db,user_container-memory-usage-bytes,0.42411764705882354,34,34,0.49970588235294117,0.34852941176470587,34,33,29,0.5,baseline-v2-20260723,cd270e7871bd358937d83d9a49829637fa80007d2964084ef229f578e3733bd3,ba75425861a059dafcc477474fc3e4ed1eafdc2b47d6fdd0557337035d29a960,a3dc442fe154bd2f9c3d239489ec894faf19ef215aaad75b55a1f4766836cd24,3385868,1702382826000000000,300
SS/catalogue_disk/2,SS,catalogue,disk,2,300,300,incident,0.5,4,0.5,nsigma,15,0.06666666666666667,0.0,0.7,0,0,0,21,336.6766999824904,user-db|rabbitmq|carts|10-192-15-195-9100|orders,user-db_container-memory-failures-total,0.42411764705882354,34,34,0.49970588235294117,0.34852941176470587,34,33,29,0.5,baseline-v2-20260723,cd270e7871bd358937d83d9a49829637fa80007d2964084ef229f578e3733bd3,ba75425861a059dafcc477474fc3e4ed1eafdc2b47d6fdd0557337035d29a960,a3dc442fe154bd2f9c3d239489ec894faf19ef215aaad75b55a1f4766836cd24,3385868,1702382826000000000,300
SS/catalogue_disk/2,SS,catalogue,disk,2,300,300,incident,0.5,5,0.5,baro,5,0.2,0.2,0.2,0,0,1,21,363.08580002514645,payment|carts|user-db|rabbitmq|catalogue,payment_container-memory-working-set-bytes,0.42220588235294115,34,34,0.49519607843137253,0.34921568627450983,34,33,30,0.5,baseline-v2-20260723,cd270e7871bd358937d83d9a49829637fa80007d2964084ef229f578e3733bd3,ba75425861a059dafcc477474fc3e4ed1eafdc2b47d6fdd0557337035d29a960,a3dc442fe154bd2f9c3d239489ec894faf19ef215aaad75b55a1f4766836cd24,3385868,1702382826000000000,300
SS/catalogue_disk/2,SS,catalogue,disk,2,300,300,incident,0.5,5,0.5,median_shift,12,0.08333333333333333,0.0,0.55,0,0,0,21,103.3439000020735,carts-db|user|queue-master|session-db|rabbitmq,carts-db_container-memory-cache,0.42220588235294115,34,34,0.49519607843137253,0.34921568627450983,34,33,30,0.5,baseline-v2-20260723,cd270e7871bd358937d83d9a49829637fa80007d2964084ef229f578e3733bd3,ba75425861a059dafcc477474fc3e4ed1eafdc2b47d6fdd0557337035d29a960,a3dc442fe154bd2f9c3d239489ec894faf19ef215aaad75b55a1f4766836cd24,3385868,1702382826000000000,300
SS/catalogue_disk/2,SS,catalogue,disk,2,300,300,incident,0.5,5,0.5,nsigma,3,0.3333333333333333,0.6,0.1,0,1,1,21,295.12100003194064,user-db|rabbitmq|catalogue|carts|orders-db,user-db_container-memory-failures-total,0.42220588235294115,34,34,0.49519607843137253,0.34921568627450983,34,33,30,0.5,baseline-v2-20260723,cd270e7871bd358937d83d9a49829637fa80007d2964084ef229f578e3733bd3,ba75425861a059dafcc477474fc3e4ed1eafdc2b47d6fdd0557337035d29a960,a3dc442fe154bd2f9c3d239489ec894faf19ef215aaad75b55a1f4766836cd24,3385868,1702382826000000000,300
SS/catalogue_disk/2,SS,catalogue,disk,2,300,300,incident,0.5,6,0.5,baro,4,0.25,0.4,0.15,0,0,1,21,364.7688999772072,payment|carts|user-db|catalogue|rabbitmq,payment_container-memory-usage-bytes,0.42387254901960786,34,34,0.4984313725490196,0.34931372549019607,34,34,30,0.5,baseline-v2-20260723,cd270e7871bd358937d83d9a49829637fa80007d2964084ef229f578e3733bd3,ba75425861a059dafcc477474fc3e4ed1eafdc2b47d6fdd0557337035d29a960,a3dc442fe154bd2f9c3d239489ec894faf19ef215aaad75b55a1f4766836cd24,3385868,1702382826000000000,300
SS/catalogue_disk/2,SS,catalogue,disk,2,300,300,incident,0.5,6,0.5,median_shift,13,0.07692307692307693,0.0,0.6,0,0,0,21,84.08699999563396,user|carts-db|session-db|orders-db|rabbitmq,user_container-memory-rss,0.42387254901960786,34,34,0.4984313725490196,0.34931372549019607,34,34,30,0.5,baseline-v2-20260723,cd270e7871bd358937d83d9a49829637fa80007d2964084ef229f578e3733bd3,ba75425861a059dafcc477474fc3e4ed1eafdc2b47d6fdd0557337035d29a960,a3dc442fe154bd2f9c3d239489ec894faf19ef215aaad75b55a1f4766836cd24,3385868,1702382826000000000,300
SS/catalogue_disk/2,SS,catalogue,disk,2,300,300,incident,0.5,6,0.5,nsigma,9,0.1111111111111111,0.0,0.4,0,0,0,21,248.24680003803223,user-db|rabbitmq|carts|shipping|carts-db,user-db_container-memory-failures-total,0.42387254901960786,34,34,0.4984313725490196,0.34931372549019607,34,34,30,0.5,baseline-v2-20260723,cd270e7871bd358937d83d9a49829637fa80007d2964084ef229f578e3733bd3,ba75425861a059dafcc477474fc3e4ed1eafdc2b47d6fdd0557337035d29a960,a3dc442fe154bd2f9c3d239489ec894faf19ef215aaad75b55a1f4766836cd24,3385868,1702382826000000000,300
SS/catalogue_disk/2,SS,catalogue,disk,2,300,300,incident,0.5,7,0.5,baro,8,0.125,0.0,0.35,0,0,0,21,300.68010004470125,payment|carts|user-db|front-end|10-192-15-196-9100,payment_container-memory-usage-bytes,0.4248529411764706,34,34,0.49901960784313726,0.35068627450980394,34,33,30,0.5,baseline-v2-20260723,cd270e7871bd358937d83d9a49829637fa80007d2964084ef229f578e3733bd3,ba75425861a059dafcc477474fc3e4ed1eafdc2b47d6fdd0557337035d29a960,a3dc442fe154bd2f9c3d239489ec894faf19ef215aaad75b55a1f4766836cd24,3385868,1702382826000000000,300
SS/catalogue_disk/2,SS,catalogue,disk,2,300,300,incident,0.5,7,0.5,median_shift,10,0.1,0.0,0.45,0,0,0,21,83.74460000777617,user|queue-master|session-db|rabbitmq|shipping,user_container-memory-usage-bytes,0.4248529411764706,34,34,0.49901960784313726,0.35068627450980394,34,33,30,0.5,baseline-v2-20260723,cd270e7871bd358937d83d9a49829637fa80007d2964084ef229f578e3733bd3,ba75425861a059dafcc477474fc3e4ed1eafdc2b47d6fdd0557337035d29a960,a3dc442fe154bd2f9c3d239489ec894faf19ef215aaad75b55a1f4766836cd24,3385868,1702382826000000000,300
SS/catalogue_disk/2,SS,catalogue,disk,2,300,300,incident,0.5,7,0.5,nsigma,11,0.09090909090909091,0.0,0.5,0,0,0,21,288.1819999893196,user-db|carts-db|rabbitmq|payment|user,user-db_container-memory-failures-total,0.4248529411764706,34,34,0.49901960784313726,0.35068627450980394,34,33,30,0.5,baseline-v2-20260723,cd270e7871bd358937d83d9a49829637fa80007d2964084ef229f578e3733bd3,ba75425861a059dafcc477474fc3e4ed1eafdc2b47d6fdd0557337035d29a960,a3dc442fe154bd2f9c3d239489ec894faf19ef215aaad75b55a1f4766836cd24,3385868,1702382826000000000,300
SS/catalogue_disk/2,SS,catalogue,disk,2,300,300,incident,0.5,8,0.5,baro,3,0.3333333333333333,0.6,0.1,0,1,1,21,321.91410002997145,carts|user-db|catalogue|rabbitmq|10-192-15-196-9100,carts_container-memory-failures-total,0.41862745098039217,34,34,0.49549019607843137,0.3417647058823529,34,34,29,0.5,baseline-v2-20260723,cd270e7871bd358937d83d9a49829637fa80007d2964084ef229f578e3733bd3,ba75425861a059dafcc477474fc3e4ed1eafdc2b47d6fdd0557337035d29a960,a3dc442fe154bd2f9c3d239489ec894faf19ef215aaad75b55a1f4766836cd24,3385868,1702382826000000000,300
SS/catalogue_disk/2,SS,catalogue,disk,2,300,300,incident,0.5,8,0.5,median_shift,10,0.1,0.0,0.45,0,0,0,21,114.15899998974055,user|rabbitmq|orders|queue-master|shipping,user_container-memory-rss,0.41862745098039217,34,34,0.49549019607843137,0.3417647058823529,34,34,29,0.5,baseline-v2-20260723,cd270e7871bd358937d83d9a49829637fa80007d2964084ef229f578e3733bd3,ba75425861a059dafcc477474fc3e4ed1eafdc2b47d6fdd0557337035d29a960,a3dc442fe154bd2f9c3d239489ec894faf19ef215aaad75b55a1f4766836cd24,3385868,1702382826000000000,300
SS/catalogue_disk/2,SS,catalogue,disk,2,300,300,incident,0.5,8,0.5,nsigma,9,0.1111111111111111,0.0,0.4,0,0,0,21,232.71930002374575,user-db|rabbitmq|carts|carts-db|payment,user-db_container-memory-failures-total,0.41862745098039217,34,34,0.49549019607843137,0.3417647058823529,34,34,29,0.5,baseline-v2-20260723,cd270e7871bd358937d83d9a49829637fa80007d2964084ef229f578e3733bd3,ba75425861a059dafcc477474fc3e4ed1eafdc2b47d6fdd0557337035d29a960,a3dc442fe154bd2f9c3d239489ec894faf19ef215aaad75b55a1f4766836cd24,3385868,1702382826000000000,300
SS/catalogue_disk/2,SS,catalogue,disk,2,300,300,incident,0.5,9,0.5,baro,13,0.07692307692307693,0.0,0.6,0,0,0,21,298.53289999300614,payment|carts|user-db|rabbitmq|user,payment_container-memory-usage-bytes,0.42754901960784314,34,34,0.5033333333333333,0.3517647058823529,34,33,29,0.5,baseline-v2-20260723,cd270e7871bd358937d83d9a49829637fa80007d2964084ef229f578e3733bd3,ba75425861a059dafcc477474fc3e4ed1eafdc2b47d6fdd0557337035d29a960,a3dc442fe154bd2f9c3d239489ec894faf19ef215aaad75b55a1f4766836cd24,3385868,1702382826000000000,300
SS/catalogue_disk/2,SS,catalogue,disk,2,300,300,incident,0.5,9,0.5,median_shift,15,0.06666666666666667,0.0,0.7,0,0,0,21,107.28900000685826,user|session-db|orders-db|orders|rabbitmq,user_container-memory-usage-bytes,0.42754901960784314,34,34,0.5033333333333333,0.3517647058823529,34,33,29,0.5,baseline-v2-20260723,cd270e7871bd358937d83d9a49829637fa80007d2964084ef229f578e3733bd3,ba75425861a059dafcc477474fc3e4ed1eafdc2b47d6fdd0557337035d29a960,a3dc442fe154bd2f9c3d239489ec894faf19ef215aaad75b55a1f4766836cd24,3385868,1702382826000000000,300
SS/catalogue_disk/2,SS,catalogue,disk,2,300,300,incident,0.5,9,0.5,nsigma,14,0.07142857142857142,0.0,0.65,0,0,0,21,344.0765999839641,user-db|rabbitmq|carts|payment|user,user-db_container-memory-failures-total,0.42754901960784314,34,34,0.5033333333333333,0.3517647058823529,34,33,29,0.5,baseline-v2-20260723,cd270e7871bd358937d83d9a49829637fa80007d2964084ef229f578e3733bd3,ba75425861a059dafcc477474fc3e4ed1eafdc2b47d6fdd0557337035d29a960,a3dc442fe154bd2f9c3d239489ec894faf19ef215aaad75b55a1f4766836cd24,3385868,1702382826000000000,300
SS/catalogue_disk/2,SS,catalogue,disk,2,300,300,none,0.0,0,0.0,baro,4,0.25,0.4,0.15,0,0,1,21,375.23659999715164,payment|10-192-15-196-9100|queue-master|catalogue|front-end,payment_container-memory-usage-bytes,1.0,34,34,1.0,1.0,34,34,34,1.0,baseline-v2-20260723,cd270e7871bd358937d83d9a49829637fa80007d2964084ef229f578e3733bd3,ba75425861a059dafcc477474fc3e4ed1eafdc2b47d6fdd0557337035d29a960,a3dc442fe154bd2f9c3d239489ec894faf19ef215aaad75b55a1f4766836cd24,3385868,1702382826000000000,300
SS/catalogue_disk/2,SS,catalogue,disk,2,300,300,none,0.0,0,0.0,median_shift,1,1.0,1.0,0.0,1,1,1,21,84.5162000041455,catalogue|orders|payment|shipping|10-192-15-196-9100,catalogue_container-fs-reads-total,1.0,34,34,1.0,1.0,34,34,34,1.0,baseline-v2-20260723,cd270e7871bd358937d83d9a49829637fa80007d2964084ef229f578e3733bd3,ba75425861a059dafcc477474fc3e4ed1eafdc2b47d6fdd0557337035d29a960,a3dc442fe154bd2f9c3d239489ec894faf19ef215aaad75b55a1f4766836cd24,3385868,1702382826000000000,300
SS/catalogue_disk/2,SS,catalogue,disk,2,300,300,none,0.0,0,0.0,nsigma,3,0.3333333333333333,0.6,0.1,0,1,1,21,358.24590001720935,10-192-15-196-9100|queue-master|catalogue|session-db|orders,10-192-15-196-9100_node-disk-writes-completed-total,1.0,34,34,1.0,1.0,34,34,34,1.0,baseline-v2-20260723,cd270e7871bd358937d83d9a49829637fa80007d2964084ef229f578e3733bd3,ba75425861a059dafcc477474fc3e4ed1eafdc2b47d6fdd0557337035d29a960,a3dc442fe154bd2f9c3d239489ec894faf19ef215aaad75b55a1f4766836cd24,3385868,1702382826000000000,300
SS/catalogue_disk/2,SS,catalogue,disk,2,300,300,point,0.1,0,0.1,baro,4,0.25,0.4,0.15,0,0,1,21,369.8055000277236,payment|10-192-15-196-9100|queue-master|catalogue|session-db,payment_container-memory-usage-bytes,0.8987254901960784,34,34,0.9026470588235294,0.8948039215686274,34,34,34,0.9,baseline-v2-20260723,cd270e7871bd358937d83d9a49829637fa80007d2964084ef229f578e3733bd3,ba75425861a059dafcc477474fc3e4ed1eafdc2b47d6fdd0557337035d29a960,a3dc442fe154bd2f9c3d239489ec894faf19ef215aaad75b55a1f4766836cd24,3385868,1702382826000000000,300
SS/catalogue_disk/2,SS,catalogue,disk,2,300,300,point,0.1,0,0.1,median_shift,1,1.0,1.0,0.0,1,1,1,21,96.21799999149516,catalogue|orders|payment|shipping|10-192-15-196-9100,catalogue_container-fs-reads-total,0.8987254901960784,34,34,0.9026470588235294,0.8948039215686274,34,34,34,0.9,baseline-v2-20260723,cd270e7871bd358937d83d9a49829637fa80007d2964084ef229f578e3733bd3,ba75425861a059dafcc477474fc3e4ed1eafdc2b47d6fdd0557337035d29a960,a3dc442fe154bd2f9c3d239489ec894faf19ef215aaad75b55a1f4766836cd24,3385868,1702382826000000000,300
SS/catalogue_disk/2,SS,catalogue,disk,2,300,300,point,0.1,0,0.1,nsigma,3,0.3333333333333333,0.6,0.1,0,1,1,21,254.55509999301285,10-192-15-196-9100|queue-master|catalogue|session-db|orders,10-192-15-196-9100_node-disk-writes-completed-total,0.8987254901960784,34,34,0.9026470588235294,0.8948039215686274,34,34,34,0.9,baseline-v2-20260723,cd270e7871bd358937d83d9a49829637fa80007d2964084ef229f578e3733bd3,ba75425861a059dafcc477474fc3e4ed1eafdc2b47d6fdd0557337035d29a960,a3dc442fe154bd2f9c3d239489ec894faf19ef215aaad75b55a1f4766836cd24,3385868,1702382826000000000,300
SS/catalogue_disk/2,SS,catalogue,disk,2,300,300,point,0.1,1,0.1,baro,4,0.25,0.4,0.15,0,0,1,21,338.1480000098236,payment|10-192-15-196-9100|queue-master|catalogue|session-db,payment_container-memory-usage-bytes,0.9010784313725491,34,34,0.9049019607843137,0.8972549019607843,34,34,34,0.9,baseline-v2-20260723,cd270e7871bd358937d83d9a49829637fa80007d2964084ef229f578e3733bd3,ba75425861a059dafcc477474fc3e4ed1eafdc2b47d6fdd0557337035d29a960,a3dc442fe154bd2f9c3d239489ec894faf19ef215aaad75b55a1f4766836cd24,3385868,1702382826000000000,300
SS/catalogue_disk/2,SS,catalogue,disk,2,300,300,point,0.1,1,0.1,median_shift,1,1.0,1.0,0.0,1,1,1,21,102.70370001671836,catalogue|orders|payment|shipping|10-192-15-196-9100,catalogue_container-fs-reads-total,0.9010784313725491,34,34,0.9049019607843137,0.8972549019607843,34,34,34,0.9,baseline-v2-20260723,cd270e7871bd358937d83d9a49829637fa80007d2964084ef229f578e3733bd3,ba75425861a059dafcc477474fc3e4ed1eafdc2b47d6fdd0557337035d29a960,a3dc442fe154bd2f9c3d239489ec894faf19ef215aaad75b55a1f4766836cd24,3385868,1702382826000000000,300
SS/catalogue_disk/2,SS,catalogue,disk,2,300,300,point,0.1,1,0.1,nsigma,3,0.3333333333333333,0.6,0.1,0,1,1,21,310.68280001636595,10-192-15-196-9100|queue-master|catalogue|session-db|orders,10-192-15-196-9100_node-disk-writes-completed-total,0.9010784313725491,34,34,0.9049019607843137,0.8972549019607843,34,34,34,0.9,baseline-v2-20260723,cd270e7871bd358937d83d9a49829637fa80007d2964084ef229f578e3733bd3,ba75425861a059dafcc477474fc3e4ed1eafdc2b47d6fdd0557337035d29a960,a3dc442fe154bd2f9c3d239489ec894faf19ef215aaad75b55a1f4766836cd24,3385868,1702382826000000000,300
SS/catalogue_disk/2,SS,catalogue,disk,2,300,300,point,0.1,2,0.1,baro,4,0.25,0.4,0.15,0,0,1,21,453.2890999689698,payment|10-192-15-196-9100|queue-master|catalogue|session-db,payment_container-memory-usage-bytes,0.8991176470588236,34,34,0.8954901960784314,0.9027450980392157,34,34,34,0.9,baseline-v2-20260723,cd270e7871bd358937d83d9a49829637fa80007d2964084ef229f578e3733bd3,ba75425861a059dafcc477474fc3e4ed1eafdc2b47d6fdd0557337035d29a960,a3dc442fe154bd2f9c3d239489ec894faf19ef215aaad75b55a1f4766836cd24,3385868,1702382826000000000,300
SS/catalogue_disk/2,SS,catalogue,disk,2,300,300,point,0.1,2,0.1,median_shift,1,1.0,1.0,0.0,1,1,1,21,171.26350000035018,catalogue|orders|payment|shipping|10-192-15-196-9100,catalogue_container-fs-reads-total,0.8991176470588236,34,34,0.8954901960784314,0.9027450980392157,34,34,34,0.9,baseline-v2-20260723,cd270e7871bd358937d83d9a49829637fa80007d2964084ef229f578e3733bd3,ba75425861a059dafcc477474fc3e4ed1eafdc2b47d6fdd0557337035d29a960,a3dc442fe154bd2f9c3d239489ec894faf19ef215aaad75b55a1f4766836cd24,3385868,1702382826000000000,300
SS/catalogue_disk/2,SS,catalogue,disk,2,300,300,point,0.1,2,0.1,nsigma,3,0.3333333333333333,0.6,0.1,0,1,1,21,306.612899992615,10-192-15-196-9100|queue-master|catalogue|session-db|orders,10-192-15-196-9100_node-disk-writes-completed-total,0.8991176470588236,34,34,0.8954901960784314,0.9027450980392157,34,34,34,0.9,baseline-v2-20260723,cd270e7871bd358937d83d9a49829637fa80007d2964084ef229f578e3733bd3,ba75425861a059dafcc477474fc3e4ed1eafdc2b47d6fdd0557337035d29a960,a3dc442fe154bd2f9c3d239489ec894faf19ef215aaad75b55a1f4766836cd24,3385868,1702382826000000000,300
SS/catalogue_disk/2,SS,catalogue,disk,2,300,300,point,0.1,3,0.1,baro,4,0.25,0.4,0.15,0,0,1,21,385.8309999923222,payment|10-192-15-196-9100|queue-master|catalogue|session-db,payment_container-memory-usage-bytes,0.9043627450980393,34,34,0.9042156862745098,0.9045098039215687,34,34,34,0.9,baseline-v2-20260723,cd270e7871bd358937d83d9a49829637fa80007d2964084ef229f578e3733bd3,ba75425861a059dafcc477474fc3e4ed1eafdc2b47d6fdd0557337035d29a960,a3dc442fe154bd2f9c3d239489ec894faf19ef215aaad75b55a1f4766836cd24,3385868,1702382826000000000,300
SS/catalogue_disk/2,SS,catalogue,disk,2,300,300,point,0.1,3,0.1,median_shift,1,1.0,1.0,0.0,1,1,1,21,123.90629999572411,catalogue|orders|payment|shipping|10-192-15-196-9100,catalogue_container-fs-reads-total,0.9043627450980393,34,34,0.9042156862745098,0.9045098039215687,34,34,34,0.9,baseline-v2-20260723,cd270e7871bd358937d83d9a49829637fa80007d2964084ef229f578e3733bd3,ba75425861a059dafcc477474fc3e4ed1eafdc2b47d6fdd0557337035d29a960,a3dc442fe154bd2f9c3d239489ec894faf19ef215aaad75b55a1f4766836cd24,3385868,1702382826000000000,300
SS/catalogue_disk/2,SS,catalogue,disk,2,300,300,point,0.1,3,0.1,nsigma,3,0.3333333333333333,0.6,0.1,0,1,1,21,257.156900013797,10-192-15-196-9100|queue-master|catalogue|session-db|orders,10-192-15-196-9100_node-disk-writes-completed-total,0.9043627450980393,34,34,0.9042156862745098,0.9045098039215687,34,34,34,0.9,baseline-v2-20260723,cd270e7871bd358937d83d9a49829637fa80007d2964084ef229f578e3733bd3,ba75425861a059dafcc477474fc3e4ed1eafdc2b47d6fdd0557337035d29a960,a3dc442fe154bd2f9c3d239489ec894faf19ef215aaad75b55a1f4766836cd24,3385868,1702382826000000000,300
SS/catalogue_disk/2,SS,catalogue,disk,2,300,300,point,0.1,4,0.1,baro,4,0.25,0.4,0.15,0,0,1,21,359.0629000100307,payment|10-192-15-196-9100|queue-master|catalogue|front-end,payment_container-memory-usage-bytes,0.8974509803921569,34,34,0.8965686274509804,0.8983333333333333,34,34,34,0.9,baseline-v2-20260723,cd270e7871bd358937d83d9a49829637fa80007d2964084ef229f578e3733bd3,ba75425861a059dafcc477474fc3e4ed1eafdc2b47d6fdd0557337035d29a960,a3dc442fe154bd2f9c3d239489ec894faf19ef215aaad75b55a1f4766836cd24,3385868,1702382826000000000,300
SS/catalogue_disk/2,SS,catalogue,disk,2,300,300,point,0.1,4,0.1,median_shift,1,1.0,1.0,0.0,1,1,1,21,141.20970002841204,catalogue|orders|payment|shipping|10-192-15-196-9100,catalogue_container-fs-reads-total,0.8974509803921569,34,34,0.8965686274509804,0.8983333333333333,34,34,34,0.9,baseline-v2-20260723,cd270e7871bd358937d83d9a49829637fa80007d2964084ef229f578e3733bd3,ba75425861a059dafcc477474fc3e4ed1eafdc2b47d6fdd0557337035d29a960,a3dc442fe154bd2f9c3d239489ec894faf19ef215aaad75b55a1f4766836cd24,3385868,1702382826000000000,300
SS/catalogue_disk/2,SS,catalogue,disk,2,300,300,point,0.1,4,0.1,nsigma,3,0.3333333333333333,0.6,0.1,0,1,1,21,328.5118999774568,10-192-15-196-9100|queue-master|catalogue|session-db|orders,10-192-15-196-9100_node-disk-writes-completed-total,0.8974509803921569,34,34,0.8965686274509804,0.8983333333333333,34,34,34,0.9,baseline-v2-20260723,cd270e7871bd358937d83d9a49829637fa80007d2964084ef229f578e3733bd3,ba75425861a059dafcc477474fc3e4ed1eafdc2b47d6fdd0557337035d29a960,a3dc442fe154bd2f9c3d239489ec894faf19ef215aaad75b55a1f4766836cd24,3385868,1702382826000000000,300
SS/catalogue_disk/2,SS,catalogue,disk,2,300,300,point,0.1,5,0.1,baro,4,0.25,0.4,0.15,0,0,1,21,362.60299995774403,payment|10-192-15-196-9100|queue-master|catalogue|session-db,payment_container-memory-usage-bytes,0.8989705882352941,34,34,0.8962745098039215,0.9016666666666666,34,34,34,0.9,baseline-v2-20260723,cd270e7871bd358937d83d9a49829637fa80007d2964084ef229f578e3733bd3,ba75425861a059dafcc477474fc3e4ed1eafdc2b47d6fdd0557337035d29a960,a3dc442fe154bd2f9c3d239489ec894faf19ef215aaad75b55a1f4766836cd24,3385868,1702382826000000000,300
SS/catalogue_disk/2,SS,catalogue,disk,2,300,300,point,0.1,5,0.1,median_shift,1,1.0,1.0,0.0,1,1,1,21,123.81039996398613,catalogue|orders|payment|shipping|10-192-15-196-9100,catalogue_container-fs-reads-total,0.8989705882352941,34,34,0.8962745098039215,0.9016666666666666,34,34,34,0.9,baseline-v2-20260723,cd270e7871bd358937d83d9a49829637fa80007d2964084ef229f578e3733bd3,ba75425861a059dafcc477474fc3e4ed1eafdc2b47d6fdd0557337035d29a960,a3dc442fe154bd2f9c3d239489ec894faf19ef215aaad75b55a1f4766836cd24,3385868,1702382826000000000,300
SS/catalogue_disk/2,SS,catalogue,disk,2,300,300,point,0.1,5,0.1,nsigma,3,0.3333333333333333,0.6,0.1,0,1,1,21,302.75449994951487,10-192-15-196-9100|queue-master|catalogue|session-db|orders,10-192-15-196-9100_node-disk-writes-completed-total,0.8989705882352941,34,34,0.8962745098039215,0.9016666666666666,34,34,34,0.9,baseline-v2-20260723,cd270e7871bd358937d83d9a49829637fa80007d2964084ef229f578e3733bd3,ba75425861a059dafcc477474fc3e4ed1eafdc2b47d6fdd0557337035d29a960,a3dc442fe154bd2f9c3d239489ec894faf19ef215aaad75b55a1f4766836cd24,3385868,1702382826000000000,300
SS/catalogue_disk/2,SS,catalogue,disk,2,300,300,point,0.1,6,0.1,baro,4,0.25,0.4,0.15,0,0,1,21,346.227900008671,payment|10-192-15-196-9100|queue-master|catalogue|session-db,payment_container-memory-usage-bytes,0.8975490196078432,34,34,0.8999019607843137,0.8951960784313725,34,34,34,0.9,baseline-v2-20260723,cd270e7871bd358937d83d9a49829637fa80007d2964084ef229f578e3733bd3,ba75425861a059dafcc477474fc3e4ed1eafdc2b47d6fdd0557337035d29a960,a3dc442fe154bd2f9c3d239489ec894faf19ef215aaad75b55a1f4766836cd24,3385868,1702382826000000000,300
SS/catalogue_disk/2,SS,catalogue,disk,2,300,300,point,0.1,6,0.1,median_shift,1,1.0,1.0,0.0,1,1,1,21,101.52009996818379,catalogue|orders|payment|shipping|10-192-15-196-9100,catalogue_container-fs-reads-total,0.8975490196078432,34,34,0.8999019607843137,0.8951960784313725,34,34,34,0.9,baseline-v2-20260723,cd270e7871bd358937d83d9a49829637fa80007d2964084ef229f578e3733bd3,ba75425861a059dafcc477474fc3e4ed1eafdc2b47d6fdd0557337035d29a960,a3dc442fe154bd2f9c3d239489ec894faf19ef215aaad75b55a1f4766836cd24,3385868,1702382826000000000,300
SS/catalogue_disk/2,SS,catalogue,disk,2,300,300,point,0.1,6,0.1,nsigma,3,0.3333333333333333,0.6,0.1,0,1,1,21,268.74400000087917,10-192-15-196-9100|queue-master|catalogue|session-db|orders,10-192-15-196-9100_node-disk-writes-completed-total,0.8975490196078432,34,34,0.8999019607843137,0.8951960784313725,34,34,34,0.9,baseline-v2-20260723,cd270e7871bd358937d83d9a49829637fa80007d2964084ef229f578e3733bd3,ba75425861a059dafcc477474fc3e4ed1eafdc2b47d6fdd0557337035d29a960,a3dc442fe154bd2f9c3d239489ec894faf19ef215aaad75b55a1f4766836cd24,3385868,1702382826000000000,300
SS/catalogue_disk/2,SS,catalogue,disk,2,300,300,point,0.1,7,0.1,baro,4,0.25,0.4,0.15,0,0,1,21,402.866400021594,payment|10-192-15-196-9100|queue-master|catalogue|session-db,payment_container-memory-usage-bytes,0.9009803921568628,34,34,0.9009803921568628,0.9009803921568628,34,34,34,0.9,baseline-v2-20260723,cd270e7871bd358937d83d9a49829637fa80007d2964084ef229f578e3733bd3,ba75425861a059dafcc477474fc3e4ed1eafdc2b47d6fdd0557337035d29a960,a3dc442fe154bd2f9c3d239489ec894faf19ef215aaad75b55a1f4766836cd24,3385868,1702382826000000000,300
SS/catalogue_disk/2,SS,catalogue,disk,2,300,300,point,0.1,7,0.1,median_shift,1,1.0,1.0,0.0,1,1,1,21,100.98350001499057,catalogue|orders|payment|shipping|10-192-15-196-9100,catalogue_container-fs-reads-total,0.9009803921568628,34,34,0.9009803921568628,0.9009803921568628,34,34,34,0.9,baseline-v2-20260723,cd270e7871bd358937d83d9a49829637fa80007d2964084ef229f578e3733bd3,ba75425861a059dafcc477474fc3e4ed1eafdc2b47d6fdd0557337035d29a960,a3dc442fe154bd2f9c3d239489ec894faf19ef215aaad75b55a1f4766836cd24,3385868,1702382826000000000,300
SS/catalogue_disk/2,SS,catalogue,disk,2,300,300,point,0.1,7,0.1,nsigma,3,0.3333333333333333,0.6,0.1,0,1,1,21,318.3048000209965,10-192-15-196-9100|queue-master|catalogue|session-db|orders,10-192-15-196-9100_node-disk-writes-completed-total,0.9009803921568628,34,34,0.9009803921568628,0.9009803921568628,34,34,34,0.9,baseline-v2-20260723,cd270e7871bd358937d83d9a49829637fa80007d2964084ef229f578e3733bd3,ba75425861a059dafcc477474fc3e4ed1eafdc2b47d6fdd0557337035d29a960,a3dc442fe154bd2f9c3d239489ec894faf19ef215aaad75b55a1f4766836cd24,3385868,1702382826000000000,300
SS/catalogue_disk/2,SS,catalogue,disk,2,300,300,point,0.1,8,0.1,baro,4,0.25,0.4,0.15,0,0,1,21,374.7661000234075,payment|10-192-15-196-9100|queue-master|catalogue|session-db,payment_container-memory-usage-bytes,0.9020588235294118,34,34,0.9067647058823529,0.8973529411764706,34,34,34,0.9,baseline-v2-20260723,cd270e7871bd358937d83d9a49829637fa80007d2964084ef229f578e3733bd3,ba75425861a059dafcc477474fc3e4ed1eafdc2b47d6fdd0557337035d29a960,a3dc442fe154bd2f9c3d239489ec894faf19ef215aaad75b55a1f4766836cd24,3385868,1702382826000000000,300
SS/catalogue_disk/2,SS,catalogue,disk,2,300,300,point,0.1,8,0.1,median_shift,1,1.0,1.0,0.0,1,1,1,21,103.55900001013651,catalogue|orders|payment|shipping|10-192-15-196-9100,catalogue_container-fs-reads-total,0.9020588235294118,34,34,0.9067647058823529,0.8973529411764706,34,34,34,0.9,baseline-v2-20260723,cd270e7871bd358937d83d9a49829637fa80007d2964084ef229f578e3733bd3,ba75425861a059dafcc477474fc3e4ed1eafdc2b47d6fdd0557337035d29a960,a3dc442fe154bd2f9c3d239489ec894faf19ef215aaad75b55a1f4766836cd24,3385868,1702382826000000000,300
SS/catalogue_disk/2,SS,catalogue,disk,2,300,300,point,0.1,8,0.1,nsigma,3,0.3333333333333333,0.6,0.1,0,1,1,21,295.3677999903448,10-192-15-196-9100|queue-master|catalogue|session-db|orders,10-192-15-196-9100_node-disk-writes-completed-total,0.9020588235294118,34,34,0.9067647058823529,0.8973529411764706,34,34,34,0.9,baseline-v2-20260723,cd270e7871bd358937d83d9a49829637fa80007d2964084ef229f578e3733bd3,ba75425861a059dafcc477474fc3e4ed1eafdc2b47d6fdd0557337035d29a960,a3dc442fe154bd2f9c3d239489ec894faf19ef215aaad75b55a1f4766836cd24,3385868,1702382826000000000,300
SS/catalogue_disk/2,SS,catalogue,disk,2,300,300,point,0.1,9,0.1,baro,4,0.25,0.4,0.15,0,0,1,21,352.29760000947863,payment|10-192-15-196-9100|queue-master|catalogue|session-db,payment_container-memory-usage-bytes,0.8972549019607843,34,34,0.8966666666666666,0.897843137254902,34,34,34,0.9,baseline-v2-20260723,cd270e7871bd358937d83d9a49829637fa80007d2964084ef229f578e3733bd3,ba75425861a059dafcc477474fc3e4ed1eafdc2b47d6fdd0557337035d29a960,a3dc442fe154bd2f9c3d239489ec894faf19ef215aaad75b55a1f4766836cd24,3385868,1702382826000000000,300
SS/catalogue_disk/2,SS,catalogue,disk,2,300,300,point,0.1,9,0.1,median_shift,1,1.0,1.0,0.0,1,1,1,21,134.43089998327196,catalogue|orders|payment|shipping|10-192-15-196-9100,catalogue_container-fs-reads-total,0.8972549019607843,34,34,0.8966666666666666,0.897843137254902,34,34,34,0.9,baseline-v2-20260723,cd270e7871bd358937d83d9a49829637fa80007d2964084ef229f578e3733bd3,ba75425861a059dafcc477474fc3e4ed1eafdc2b47d6fdd0557337035d29a960,a3dc442fe154bd2f9c3d239489ec894faf19ef215aaad75b55a1f4766836cd24,3385868,1702382826000000000,300
SS/catalogue_disk/2,SS,catalogue,disk,2,300,300,point,0.1,9,0.1,nsigma,3,0.3333333333333333,0.6,0.1,0,1,1,21,253.62129998393357,10-192-15-196-9100|queue-master|catalogue|session-db|orders,10-192-15-196-9100_node-disk-writes-completed-total,0.8972549019607843,34,34,0.8966666666666666,0.897843137254902,34,34,34,0.9,baseline-v2-20260723,cd270e7871bd358937d83d9a49829637fa80007d2964084ef229f578e3733bd3,ba75425861a059dafcc477474fc3e4ed1eafdc2b47d6fdd0557337035d29a960,a3dc442fe154bd2f9c3d239489ec894faf19ef215aaad75b55a1f4766836cd24,3385868,1702382826000000000,300
SS/catalogue_disk/2,SS,catalogue,disk,2,300,300,point,0.3,0,0.3,baro,4,0.25,0.4,0.15,0,0,1,21,343.43300003092736,10-192-15-196-9100|payment|queue-master|catalogue|session-db,10-192-15-196-9100_node-disk-writes-completed-total,0.6984803921568628,34,34,0.6930392156862745,0.703921568627451,34,34,34,0.7,baseline-v2-20260723,cd270e7871bd358937d83d9a49829637fa80007d2964084ef229f578e3733bd3,ba75425861a059dafcc477474fc3e4ed1eafdc2b47d6fdd0557337035d29a960,a3dc442fe154bd2f9c3d239489ec894faf19ef215aaad75b55a1f4766836cd24,3385868,1702382826000000000,300
SS/catalogue_disk/2,SS,catalogue,disk,2,300,300,point,0.3,0,0.3,median_shift,1,1.0,1.0,0.0,1,1,1,21,115.65749999135733,catalogue|orders|payment|shipping|10-192-15-196-9100,catalogue_container-fs-reads-total,0.6984803921568628,34,34,0.6930392156862745,0.703921568627451,34,34,34,0.7,baseline-v2-20260723,cd270e7871bd358937d83d9a49829637fa80007d2964084ef229f578e3733bd3,ba75425861a059dafcc477474fc3e4ed1eafdc2b47d6fdd0557337035d29a960,a3dc442fe154bd2f9c3d239489ec894faf19ef215aaad75b55a1f4766836cd24,3385868,1702382826000000000,300
SS/catalogue_disk/2,SS,catalogue,disk,2,300,300,point,0.3,0,0.3,nsigma,3,0.3333333333333333,0.6,0.1,0,1,1,21,310.1772000081837,10-192-15-196-9100|queue-master|catalogue|session-db|orders,10-192-15-196-9100_node-disk-writes-completed-total,0.6984803921568628,34,34,0.6930392156862745,0.703921568627451,34,34,34,0.7,baseline-v2-20260723,cd270e7871bd358937d83d9a49829637fa80007d2964084ef229f578e3733bd3,ba75425861a059dafcc477474fc3e4ed1eafdc2b47d6fdd0557337035d29a960,a3dc442fe154bd2f9c3d239489ec894faf19ef215aaad75b55a1f4766836cd24,3385868,1702382826000000000,300
SS/catalogue_disk/2,SS,catalogue,disk,2,300,300,point,0.3,1,0.3,baro,4,0.25,0.4,0.15,0,0,1,21,370.3799999784678,payment|10-192-15-196-9100|queue-master|catalogue|session-db,payment_container-memory-usage-bytes,0.6986274509803921,34,34,0.6976470588235294,0.6996078431372549,34,34,34,0.7,baseline-v2-20260723,cd270e7871bd358937d83d9a49829637fa80007d2964084ef229f578e3733bd3,ba75425861a059dafcc477474fc3e4ed1eafdc2b47d6fdd0557337035d29a960,a3dc442fe154bd2f9c3d239489ec894faf19ef215aaad75b55a1f4766836cd24,3385868,1702382826000000000,300
SS/catalogue_disk/2,SS,catalogue,disk,2,300,300,point,0.3,1,0.3,median_shift,1,1.0,1.0,0.0,1,1,1,21,117.29289998766035,catalogue|orders|payment|shipping|10-192-15-196-9100,catalogue_container-fs-reads-total,0.6986274509803921,34,34,0.6976470588235294,0.6996078431372549,34,34,34,0.7,baseline-v2-20260723,cd270e7871bd358937d83d9a49829637fa80007d2964084ef229f578e3733bd3,ba75425861a059dafcc477474fc3e4ed1eafdc2b47d6fdd0557337035d29a960,a3dc442fe154bd2f9c3d239489ec894faf19ef215aaad75b55a1f4766836cd24,3385868,1702382826000000000,300
SS/catalogue_disk/2,SS,catalogue,disk,2,300,300,point,0.3,1,0.3,nsigma,3,0.3333333333333333,0.6,0.1,0,1,1,21,310.3664999944158,10-192-15-196-9100|queue-master|catalogue|session-db|orders,10-192-15-196-9100_node-disk-writes-completed-total,0.6986274509803921,34,34,0.6976470588235294,0.6996078431372549,34,34,34,0.7,baseline-v2-20260723,cd270e7871bd358937d83d9a49829637fa80007d2964084ef229f578e3733bd3,ba75425861a059dafcc477474fc3e4ed1eafdc2b47d6fdd0557337035d29a960,a3dc442fe154bd2f9c3d239489ec894faf19ef215aaad75b55a1f4766836cd24,3385868,1702382826000000000,300
SS/catalogue_disk/2,SS,catalogue,disk,2,300,300,point,0.3,2,0.3,baro,4,0.25,0.4,0.15,0,0,1,21,369.5303999702446,payment|10-192-15-196-9100|queue-master|catalogue|session-db,payment_container-memory-usage-bytes,0.697843137254902,34,34,0.6980392156862745,0.6976470588235294,34,34,34,0.7,baseline-v2-20260723,cd270e7871bd358937d83d9a49829637fa80007d2964084ef229f578e3733bd3,ba75425861a059dafcc477474fc3e4ed1eafdc2b47d6fdd0557337035d29a960,a3dc442fe154bd2f9c3d239489ec894faf19ef215aaad75b55a1f4766836cd24,3385868,1702382826000000000,300
SS/catalogue_disk/2,SS,catalogue,disk,2,300,300,point,0.3,2,0.3,median_shift,1,1.0,1.0,0.0,1,1,1,21,115.96309999004006,catalogue|orders|payment|shipping|10-192-15-196-9100,catalogue_container-fs-reads-total,0.697843137254902,34,34,0.6980392156862745,0.6976470588235294,34,34,34,0.7,baseline-v2-20260723,cd270e7871bd358937d83d9a49829637fa80007d2964084ef229f578e3733bd3,ba75425861a059dafcc477474fc3e4ed1eafdc2b47d6fdd0557337035d29a960,a3dc442fe154bd2f9c3d239489ec894faf19ef215aaad75b55a1f4766836cd24,3385868,1702382826000000000,300
SS/catalogue_disk/2,SS,catalogue,disk,2,300,300,point,0.3,2,0.3,nsigma,3,0.3333333333333333,0.6,0.1,0,1,1,21,288.7617999804206,10-192-15-196-9100|queue-master|catalogue|session-db|orders,10-192-15-196-9100_node-disk-writes-completed-total,0.697843137254902,34,34,0.6980392156862745,0.6976470588235294,34,34,34,0.7,baseline-v2-20260723,cd270e7871bd358937d83d9a49829637fa80007d2964084ef229f578e3733bd3,ba75425861a059dafcc477474fc3e4ed1eafdc2b47d6fdd0557337035d29a960,a3dc442fe154bd2f9c3d239489ec894faf19ef215aaad75b55a1f4766836cd24,3385868,1702382826000000000,300
SS/catalogue_disk/2,SS,catalogue,disk,2,300,300,point,0.3,3,0.3,baro,4,0.25,0.4,0.15,0,0,1,21,343.6397000332363,payment|10-192-15-196-9100|queue-master|catalogue|session-db,payment_container-memory-working-set-bytes,0.698921568627451,34,34,0.6919607843137255,0.7058823529411765,34,34,34,0.7,baseline-v2-20260723,cd270e7871bd358937d83d9a49829637fa80007d2964084ef229f578e3733bd3,ba75425861a059dafcc477474fc3e4ed1eafdc2b47d6fdd0557337035d29a960,a3dc442fe154bd2f9c3d239489ec894faf19ef215aaad75b55a1f4766836cd24,3385868,1702382826000000000,300
SS/catalogue_disk/2,SS,catalogue,disk,2,300,300,point,0.3,3,0.3,median_shift,1,1.0,1.0,0.0,1,1,1,21,82.39820000017062,catalogue|orders|payment|shipping|10-192-15-196-9100,catalogue_container-fs-reads-total,0.698921568627451,34,34,0.6919607843137255,0.7058823529411765,34,34,34,0.7,baseline-v2-20260723,cd270e7871bd358937d83d9a49829637fa80007d2964084ef229f578e3733bd3,ba75425861a059dafcc477474fc3e4ed1eafdc2b47d6fdd0557337035d29a960,a3dc442fe154bd2f9c3d239489ec894faf19ef215aaad75b55a1f4766836cd24,3385868,1702382826000000000,300
SS/catalogue_disk/2,SS,catalogue,disk,2,300,300,point,0.3,3,0.3,nsigma,3,0.3333333333333333,0.6,0.1,0,1,1,21,295.6975999986753,10-192-15-196-9100|queue-master|catalogue|session-db|orders,10-192-15-196-9100_node-disk-writes-completed-total,0.698921568627451,34,34,0.6919607843137255,0.7058823529411765,34,34,34,0.7,baseline-v2-20260723,cd270e7871bd358937d83d9a49829637fa80007d2964084ef229f578e3733bd3,ba75425861a059dafcc477474fc3e4ed1eafdc2b47d6fdd0557337035d29a960,a3dc442fe154bd2f9c3d239489ec894faf19ef215aaad75b55a1f4766836cd24,3385868,1702382826000000000,300
SS/catalogue_disk/2,SS,catalogue,disk,2,300,300,point,0.3,4,0.3,baro,4,0.25,0.4,0.15,0,0,1,21,320.2402999741025,payment|10-192-15-196-9100|queue-master|catalogue|session-db,payment_container-memory-usage-bytes,0.7029901960784314,34,34,0.7043137254901961,0.7016666666666667,34,34,34,0.7,baseline-v2-20260723,cd270e7871bd358937d83d9a49829637fa80007d2964084ef229f578e3733bd3,ba75425861a059dafcc477474fc3e4ed1eafdc2b47d6fdd0557337035d29a960,a3dc442fe154bd2f9c3d239489ec894faf19ef215aaad75b55a1f4766836cd24,3385868,1702382826000000000,300
SS/catalogue_disk/2,SS,catalogue,disk,2,300,300,point,0.3,4,0.3,median_shift,1,1.0,1.0,0.0,1,1,1,21,98.14489999553189,catalogue|orders|payment|shipping|10-192-15-196-9100,catalogue_container-fs-reads-total,0.7029901960784314,34,34,0.7043137254901961,0.7016666666666667,34,34,34,0.7,baseline-v2-20260723,cd270e7871bd358937d83d9a49829637fa80007d2964084ef229f578e3733bd3,ba75425861a059dafcc477474fc3e4ed1eafdc2b47d6fdd0557337035d29a960,a3dc442fe154bd2f9c3d239489ec894faf19ef215aaad75b55a1f4766836cd24,3385868,1702382826000000000,300
SS/catalogue_disk/2,SS,catalogue,disk,2,300,300,point,0.3,4,0.3,nsigma,3,0.3333333333333333,0.6,0.1,0,1,1,21,298.7145999795757,10-192-15-196-9100|queue-master|catalogue|session-db|front-end,10-192-15-196-9100_node-disk-writes-completed-total,0.7029901960784314,34,34,0.7043137254901961,0.7016666666666667,34,34,34,0.7,baseline-v2-20260723,cd270e7871bd358937d83d9a49829637fa80007d2964084ef229f578e3733bd3,ba75425861a059dafcc477474fc3e4ed1eafdc2b47d6fdd0557337035d29a960,a3dc442fe154bd2f9c3d239489ec894faf19ef215aaad75b55a1f4766836cd24,3385868,1702382826000000000,300
SS/catalogue_disk/2,SS,catalogue,disk,2,300,300,point,0.3,5,0.3,baro,4,0.25,0.4,0.15,0,0,1,21,359.70069997711107,payment|10-192-15-196-9100|queue-master|catalogue|session-db,payment_container-memory-working-set-bytes,0.697843137254902,34,34,0.6992156862745098,0.6964705882352941,34,34,34,0.7,baseline-v2-20260723,cd270e7871bd358937d83d9a49829637fa80007d2964084ef229f578e3733bd3,ba75425861a059dafcc477474fc3e4ed1eafdc2b47d6fdd0557337035d29a960,a3dc442fe154bd2f9c3d239489ec894faf19ef215aaad75b55a1f4766836cd24,3385868,1702382826000000000,300
SS/catalogue_disk/2,SS,catalogue,disk,2,300,300,point,0.3,5,0.3,median_shift,1,1.0,1.0,0.0,1,1,1,21,117.63739999150857,catalogue|orders|payment|shipping|10-192-15-196-9100,catalogue_container-fs-reads-total,0.697843137254902,34,34,0.6992156862745098,0.6964705882352941,34,34,34,0.7,baseline-v2-20260723,cd270e7871bd358937d83d9a49829637fa80007d2964084ef229f578e3733bd3,ba75425861a059dafcc477474fc3e4ed1eafdc2b47d6fdd0557337035d29a960,a3dc442fe154bd2f9c3d239489ec894faf19ef215aaad75b55a1f4766836cd24,3385868,1702382826000000000,300
SS/catalogue_disk/2,SS,catalogue,disk,2,300,300,point,0.3,5,0.3,nsigma,3,0.3333333333333333,0.6,0.1,0,1,1,21,325.9280000347644,10-192-15-196-9100|queue-master|catalogue|session-db|orders,10-192-15-196-9100_node-disk-writes-completed-total,0.697843137254902,34,34,0.6992156862745098,0.6964705882352941,34,34,34,0.7,baseline-v2-20260723,cd270e7871bd358937d83d9a49829637fa80007d2964084ef229f578e3733bd3,ba75425861a059dafcc477474fc3e4ed1eafdc2b47d6fdd0557337035d29a960,a3dc442fe154bd2f9c3d239489ec894faf19ef215aaad75b55a1f4766836cd24,3385868,1702382826000000000,300
SS/catalogue_disk/2,SS,catalogue,disk,2,300,300,point,0.3,6,0.3,baro,4,0.25,0.4,0.15,0,0,1,21,391.2863999721594,payment|10-192-15-196-9100|queue-master|catalogue|session-db,payment_container-memory-usage-bytes,0.6968627450980392,34,34,0.7004901960784313,0.6932352941176471,34,34,34,0.7,baseline-v2-20260723,cd270e7871bd358937d83d9a49829637fa80007d2964084ef229f578e3733bd3,ba75425861a059dafcc477474fc3e4ed1eafdc2b47d6fdd0557337035d29a960,a3dc442fe154bd2f9c3d239489ec894faf19ef215aaad75b55a1f4766836cd24,3385868,1702382826000000000,300
SS/catalogue_disk/2,SS,catalogue,disk,2,300,300,point,0.3,6,0.3,median_shift,1,1.0,1.0,0.0,1,1,1,21,96.84329997980967,catalogue|orders|payment|shipping|10-192-15-196-9100,catalogue_container-fs-reads-total,0.6968627450980392,34,34,0.7004901960784313,0.6932352941176471,34,34,34,0.7,baseline-v2-20260723,cd270e7871bd358937d83d9a49829637fa80007d2964084ef229f578e3733bd3,ba75425861a059dafcc477474fc3e4ed1eafdc2b47d6fdd0557337035d29a960,a3dc442fe154bd2f9c3d239489ec894faf19ef215aaad75b55a1f4766836cd24,3385868,1702382826000000000,300
SS/catalogue_disk/2,SS,catalogue,disk,2,300,300,point,0.3,6,0.3,nsigma,3,0.3333333333333333,0.6,0.1,0,1,1,21,308.9402999612503,10-192-15-196-9100|queue-master|catalogue|session-db|orders,10-192-15-196-9100_node-disk-writes-completed-total,0.6968627450980392,34,34,0.7004901960784313,0.6932352941176471,34,34,34,0.7,baseline-v2-20260723,cd270e7871bd358937d83d9a49829637fa80007d2964084ef229f578e3733bd3,ba75425861a059dafcc477474fc3e4ed1eafdc2b47d6fdd0557337035d29a960,a3dc442fe154bd2f9c3d239489ec894faf19ef215aaad75b55a1f4766836cd24,3385868,1702382826000000000,300
SS/catalogue_disk/2,SS,catalogue,disk,2,300,300,point,0.3,7,0.3,baro,4,0.25,0.4,0.15,0,0,1,21,399.6980999945663,payment|10-192-15-196-9100|queue-master|catalogue|session-db,payment_container-memory-usage-bytes,0.701813725490196,34,34,0.7019607843137254,0.7016666666666667,34,34,34,0.7,baseline-v2-20260723,cd270e7871bd358937d83d9a49829637fa80007d2964084ef229f578e3733bd3,ba75425861a059dafcc477474fc3e4ed1eafdc2b47d6fdd0557337035d29a960,a3dc442fe154bd2f9c3d239489ec894faf19ef215aaad75b55a1f4766836cd24,3385868,1702382826000000000,300
SS/catalogue_disk/2,SS,catalogue,disk,2,300,300,point,0.3,7,0.3,median_shift,1,1.0,1.0,0.0,1,1,1,21,125.84920000517741,catalogue|orders|payment|shipping|10-192-15-196-9100,catalogue_container-fs-reads-total,0.701813725490196,34,34,0.7019607843137254,0.7016666666666667,34,34,34,0.7,baseline-v2-20260723,cd270e7871bd358937d83d9a49829637fa80007d2964084ef229f578e3733bd3,ba75425861a059dafcc477474fc3e4ed1eafdc2b47d6fdd0557337035d29a960,a3dc442fe154bd2f9c3d239489ec894faf19ef215aaad75b55a1f4766836cd24,3385868,1702382826000000000,300
SS/catalogue_disk/2,SS,catalogue,disk,2,300,300,point,0.3,7,0.3,nsigma,3,0.3333333333333333,0.6,0.1,0,1,1,21,348.7036000005901,10-192-15-196-9100|queue-master|catalogue|session-db|orders,10-192-15-196-9100_node-disk-writes-completed-total,0.701813725490196,34,34,0.7019607843137254,0.7016666666666667,34,34,34,0.7,baseline-v2-20260723,cd270e7871bd358937d83d9a49829637fa80007d2964084ef229f578e3733bd3,ba75425861a059dafcc477474fc3e4ed1eafdc2b47d6fdd0557337035d29a960,a3dc442fe154bd2f9c3d239489ec894faf19ef215aaad75b55a1f4766836cd24,3385868,1702382826000000000,300
SS/catalogue_disk/2,SS,catalogue,disk,2,300,300,point,0.3,8,0.3,baro,4,0.25,0.4,0.15,0,0,1,21,334.48640001006424,payment|10-192-15-196-9100|queue-master|catalogue|session-db,payment_container-memory-usage-bytes,0.7016176470588236,34,34,0.6996078431372549,0.7036274509803921,34,34,34,0.7,baseline-v2-20260723,cd270e7871bd358937d83d9a49829637fa80007d2964084ef229f578e3733bd3,ba75425861a059dafcc477474fc3e4ed1eafdc2b47d6fdd0557337035d29a960,a3dc442fe154bd2f9c3d239489ec894faf19ef215aaad75b55a1f4766836cd24,3385868,1702382826000000000,300
SS/catalogue_disk/2,SS,catalogue,disk,2,300,300,point,0.3,8,0.3,median_shift,1,1.0,1.0,0.0,1,1,1,21,103.93779998412356,catalogue|orders|payment|shipping|10-192-15-196-9100,catalogue_container-fs-reads-total,0.7016176470588236,34,34,0.6996078431372549,0.7036274509803921,34,34,34,0.7,baseline-v2-20260723,cd270e7871bd358937d83d9a49829637fa80007d2964084ef229f578e3733bd3,ba75425861a059dafcc477474fc3e4ed1eafdc2b47d6fdd0557337035d29a960,a3dc442fe154bd2f9c3d239489ec894faf19ef215aaad75b55a1f4766836cd24,3385868,1702382826000000000,300
SS/catalogue_disk/2,SS,catalogue,disk,2,300,300,point,0.3,8,0.3,nsigma,3,0.3333333333333333,0.6,0.1,0,1,1,21,298.33779996261,10-192-15-196-9100|queue-master|catalogue|session-db|orders,10-192-15-196-9100_node-disk-writes-completed-total,0.7016176470588236,34,34,0.6996078431372549,0.7036274509803921,34,34,34,0.7,baseline-v2-20260723,cd270e7871bd358937d83d9a49829637fa80007d2964084ef229f578e3733bd3,ba75425861a059dafcc477474fc3e4ed1eafdc2b47d6fdd0557337035d29a960,a3dc442fe154bd2f9c3d239489ec894faf19ef215aaad75b55a1f4766836cd24,3385868,1702382826000000000,300
SS/catalogue_disk/2,SS,catalogue,disk,2,300,300,point,0.3,9,0.3,baro,4,0.25,0.4,0.15,0,0,1,21,352.799899992533,10-192-15-196-9100|payment|queue-master|catalogue|front-end,10-192-15-196-9100_node-disk-writes-completed-total,0.7025,34,34,0.7033333333333334,0.7016666666666667,34,34,34,0.7,baseline-v2-20260723,cd270e7871bd358937d83d9a49829637fa80007d2964084ef229f578e3733bd3,ba75425861a059dafcc477474fc3e4ed1eafdc2b47d6fdd0557337035d29a960,a3dc442fe154bd2f9c3d239489ec894faf19ef215aaad75b55a1f4766836cd24,3385868,1702382826000000000,300
SS/catalogue_disk/2,SS,catalogue,disk,2,300,300,point,0.3,9,0.3,median_shift,1,1.0,1.0,0.0,1,1,1,21,85.50480002304539,catalogue|orders|payment|shipping|10-192-15-196-9100,catalogue_container-fs-reads-total,0.7025,34,34,0.7033333333333334,0.7016666666666667,34,34,34,0.7,baseline-v2-20260723,cd270e7871bd358937d83d9a49829637fa80007d2964084ef229f578e3733bd3,ba75425861a059dafcc477474fc3e4ed1eafdc2b47d6fdd0557337035d29a960,a3dc442fe154bd2f9c3d239489ec894faf19ef215aaad75b55a1f4766836cd24,3385868,1702382826000000000,300
SS/catalogue_disk/2,SS,catalogue,disk,2,300,300,point,0.3,9,0.3,nsigma,3,0.3333333333333333,0.6,0.1,0,1,1,21,308.5332000046037,10-192-15-196-9100|queue-master|catalogue|session-db|orders,10-192-15-196-9100_node-disk-writes-completed-total,0.7025,34,34,0.7033333333333334,0.7016666666666667,34,34,34,0.7,baseline-v2-20260723,cd270e7871bd358937d83d9a49829637fa80007d2964084ef229f578e3733bd3,ba75425861a059dafcc477474fc3e4ed1eafdc2b47d6fdd0557337035d29a960,a3dc442fe154bd2f9c3d239489ec894faf19ef215aaad75b55a1f4766836cd24,3385868,1702382826000000000,300
SS/catalogue_disk/2,SS,catalogue,disk,2,300,300,point,0.5,0,0.5,baro,4,0.25,0.4,0.15,0,0,1,21,352.3138000164181,payment|10-192-15-196-9100|queue-master|catalogue|session-db,payment_container-memory-working-set-bytes,0.4964705882352941,34,34,0.49480392156862746,0.49813725490196076,34,34,34,0.5,baseline-v2-20260723,cd270e7871bd358937d83d9a49829637fa80007d2964084ef229f578e3733bd3,ba75425861a059dafcc477474fc3e4ed1eafdc2b47d6fdd0557337035d29a960,a3dc442fe154bd2f9c3d239489ec894faf19ef215aaad75b55a1f4766836cd24,3385868,1702382826000000000,300
SS/catalogue_disk/2,SS,catalogue,disk,2,300,300,point,0.5,0,0.5,median_shift,1,1.0,1.0,0.0,1,1,1,21,82.419199985452,catalogue|orders|payment|carts|shipping,catalogue_container-fs-reads-total,0.4964705882352941,34,34,0.49480392156862746,0.49813725490196076,34,34,34,0.5,baseline-v2-20260723,cd270e7871bd358937d83d9a49829637fa80007d2964084ef229f578e3733bd3,ba75425861a059dafcc477474fc3e4ed1eafdc2b47d6fdd0557337035d29a960,a3dc442fe154bd2f9c3d239489ec894faf19ef215aaad75b55a1f4766836cd24,3385868,1702382826000000000,300
SS/catalogue_disk/2,SS,catalogue,disk,2,300,300,point,0.5,0,0.5,nsigma,3,0.3333333333333333,0.6,0.1,0,1,1,21,289.75749999517575,10-192-15-196-9100|queue-master|catalogue|session-db|orders,10-192-15-196-9100_node-disk-writes-completed-total,0.4964705882352941,34,34,0.49480392156862746,0.49813725490196076,34,34,34,0.5,baseline-v2-20260723,cd270e7871bd358937d83d9a49829637fa80007d2964084ef229f578e3733bd3,ba75425861a059dafcc477474fc3e4ed1eafdc2b47d6fdd0557337035d29a960,a3dc442fe154bd2f9c3d239489ec894faf19ef215aaad75b55a1f4766836cd24,3385868,1702382826000000000,300
SS/catalogue_disk/2,SS,catalogue,disk,2,300,300,point,0.5,1,0.5,baro,4,0.25,0.4,0.15,0,0,1,21,322.046399989631,payment|10-192-15-196-9100|queue-master|catalogue|session-db,payment_container-memory-usage-bytes,0.49901960784313726,34,34,0.5041176470588236,0.49392156862745096,34,34,34,0.5,baseline-v2-20260723,cd270e7871bd358937d83d9a49829637fa80007d2964084ef229f578e3733bd3,ba75425861a059dafcc477474fc3e4ed1eafdc2b47d6fdd0557337035d29a960,a3dc442fe154bd2f9c3d239489ec894faf19ef215aaad75b55a1f4766836cd24,3385868,1702382826000000000,300
SS/catalogue_disk/2,SS,catalogue,disk,2,300,300,point,0.5,1,0.5,median_shift,1,1.0,1.0,0.0,1,1,1,21,85.99649998359382,catalogue|orders|payment|shipping|10-192-15-196-9100,catalogue_container-fs-reads-total,0.49901960784313726,34,34,0.5041176470588236,0.49392156862745096,34,34,34,0.5,baseline-v2-20260723,cd270e7871bd358937d83d9a49829637fa80007d2964084ef229f578e3733bd3,ba75425861a059dafcc477474fc3e4ed1eafdc2b47d6fdd0557337035d29a960,a3dc442fe154bd2f9c3d239489ec894faf19ef215aaad75b55a1f4766836cd24,3385868,1702382826000000000,300
SS/catalogue_disk/2,SS,catalogue,disk,2,300,300,point,0.5,1,0.5,nsigma,3,0.3333333333333333,0.6,0.1,0,1,1,21,247.21090000821277,10-192-15-196-9100|queue-master|catalogue|session-db|orders,10-192-15-196-9100_node-disk-writes-completed-total,0.49901960784313726,34,34,0.5041176470588236,0.49392156862745096,34,34,34,0.5,baseline-v2-20260723,cd270e7871bd358937d83d9a49829637fa80007d2964084ef229f578e3733bd3,ba75425861a059dafcc477474fc3e4ed1eafdc2b47d6fdd0557337035d29a960,a3dc442fe154bd2f9c3d239489ec894faf19ef215aaad75b55a1f4766836cd24,3385868,1702382826000000000,300
SS/catalogue_disk/2,SS,catalogue,disk,2,300,300,point,0.5,2,0.5,baro,4,0.25,0.4,0.15,0,0,1,21,347.4222000222653,payment|10-192-15-196-9100|queue-master|catalogue|session-db,payment_container-memory-working-set-bytes,0.4990686274509804,34,34,0.5047058823529412,0.4934313725490196,34,34,34,0.5,baseline-v2-20260723,cd270e7871bd358937d83d9a49829637fa80007d2964084ef229f578e3733bd3,ba75425861a059dafcc477474fc3e4ed1eafdc2b47d6fdd0557337035d29a960,a3dc442fe154bd2f9c3d239489ec894faf19ef215aaad75b55a1f4766836cd24,3385868,1702382826000000000,300
SS/catalogue_disk/2,SS,catalogue,disk,2,300,300,point,0.5,2,0.5,median_shift,1,1.0,1.0,0.0,1,1,1,21,103.4844999667257,catalogue|orders|payment|shipping|10-192-15-196-9100,catalogue_container-fs-reads-total,0.4990686274509804,34,34,0.5047058823529412,0.4934313725490196,34,34,34,0.5,baseline-v2-20260723,cd270e7871bd358937d83d9a49829637fa80007d2964084ef229f578e3733bd3,ba75425861a059dafcc477474fc3e4ed1eafdc2b47d6fdd0557337035d29a960,a3dc442fe154bd2f9c3d239489ec894faf19ef215aaad75b55a1f4766836cd24,3385868,1702382826000000000,300
SS/catalogue_disk/2,SS,catalogue,disk,2,300,300,point,0.5,2,0.5,nsigma,3,0.3333333333333333,0.6,0.1,0,1,1,21,258.7492000311613,10-192-15-196-9100|queue-master|catalogue|session-db|orders,10-192-15-196-9100_node-disk-writes-completed-total,0.4990686274509804,34,34,0.5047058823529412,0.4934313725490196,34,34,34,0.5,baseline-v2-20260723,cd270e7871bd358937d83d9a49829637fa80007d2964084ef229f578e3733bd3,ba75425861a059dafcc477474fc3e4ed1eafdc2b47d6fdd0557337035d29a960,a3dc442fe154bd2f9c3d239489ec894faf19ef215aaad75b55a1f4766836cd24,3385868,1702382826000000000,300
SS/catalogue_disk/2,SS,catalogue,disk,2,300,300,point,0.5,3,0.5,baro,4,0.25,0.4,0.15,0,0,1,21,349.9471999821253,payment|10-192-15-196-9100|queue-master|catalogue|carts,payment_container-memory-usage-bytes,0.5054411764705883,34,34,0.5042156862745099,0.5066666666666667,34,34,34,0.5,baseline-v2-20260723,cd270e7871bd358937d83d9a49829637fa80007d2964084ef229f578e3733bd3,ba75425861a059dafcc477474fc3e4ed1eafdc2b47d6fdd0557337035d29a960,a3dc442fe154bd2f9c3d239489ec894faf19ef215aaad75b55a1f4766836cd24,3385868,1702382826000000000,300
SS/catalogue_disk/2,SS,catalogue,disk,2,300,300,point,0.5,3,0.5,median_shift,1,1.0,1.0,0.0,1,1,1,21,112.22540005110204,catalogue|orders|payment|shipping|10-192-15-196-9100,catalogue_container-fs-reads-total,0.5054411764705883,34,34,0.5042156862745099,0.5066666666666667,34,34,34,0.5,baseline-v2-20260723,cd270e7871bd358937d83d9a49829637fa80007d2964084ef229f578e3733bd3,ba75425861a059dafcc477474fc3e4ed1eafdc2b47d6fdd0557337035d29a960,a3dc442fe154bd2f9c3d239489ec894faf19ef215aaad75b55a1f4766836cd24,3385868,1702382826000000000,300
SS/catalogue_disk/2,SS,catalogue,disk,2,300,300,point,0.5,3,0.5,nsigma,3,0.3333333333333333,0.6,0.1,0,1,1,21,302.4638000060804,10-192-15-196-9100|queue-master|catalogue|session-db|orders,10-192-15-196-9100_node-disk-writes-completed-total,0.5054411764705883,34,34,0.5042156862745099,0.5066666666666667,34,34,34,0.5,baseline-v2-20260723,cd270e7871bd358937d83d9a49829637fa80007d2964084ef229f578e3733bd3,ba75425861a059dafcc477474fc3e4ed1eafdc2b47d6fdd0557337035d29a960,a3dc442fe154bd2f9c3d239489ec894faf19ef215aaad75b55a1f4766836cd24,3385868,1702382826000000000,300
SS/catalogue_disk/2,SS,catalogue,disk,2,300,300,point,0.5,4,0.5,baro,4,0.25,0.4,0.15,0,0,1,21,401.582500024233,payment|10-192-15-196-9100|queue-master|catalogue|session-db,payment_container-memory-usage-bytes,0.5018627450980392,34,34,0.503921568627451,0.49980392156862746,34,34,34,0.5,baseline-v2-20260723,cd270e7871bd358937d83d9a49829637fa80007d2964084ef229f578e3733bd3,ba75425861a059dafcc477474fc3e4ed1eafdc2b47d6fdd0557337035d29a960,a3dc442fe154bd2f9c3d239489ec894faf19ef215aaad75b55a1f4766836cd24,3385868,1702382826000000000,300
SS/catalogue_disk/2,SS,catalogue,disk,2,300,300,point,0.5,4,0.5,median_shift,1,1.0,1.0,0.0,1,1,1,21,97.88790001766756,catalogue|orders|payment|shipping|10-192-15-196-9100,catalogue_container-fs-reads-total,0.5018627450980392,34,34,0.503921568627451,0.49980392156862746,34,34,34,0.5,baseline-v2-20260723,cd270e7871bd358937d83d9a49829637fa80007d2964084ef229f578e3733bd3,ba75425861a059dafcc477474fc3e4ed1eafdc2b47d6fdd0557337035d29a960,a3dc442fe154bd2f9c3d239489ec894faf19ef215aaad75b55a1f4766836cd24,3385868,1702382826000000000,300
SS/catalogue_disk/2,SS,catalogue,disk,2,300,300,point,0.5,4,0.5,nsigma,3,0.3333333333333333,0.6,0.1,0,1,1,21,322.1616999944672,10-192-15-196-9100|queue-master|catalogue|session-db|orders,10-192-15-196-9100_node-disk-writes-completed-total,0.5018627450980392,34,34,0.503921568627451,0.49980392156862746,34,34,34,0.5,baseline-v2-20260723,cd270e7871bd358937d83d9a49829637fa80007d2964084ef229f578e3733bd3,ba75425861a059dafcc477474fc3e4ed1eafdc2b47d6fdd0557337035d29a960,a3dc442fe154bd2f9c3d239489ec894faf19ef215aaad75b55a1f4766836cd24,3385868,1702382826000000000,300
SS/catalogue_disk/2,SS,catalogue,disk,2,300,300,point,0.5,5,0.5,baro,4,0.25,0.4,0.15,0,0,1,21,384.63429996045306,10-192-15-196-9100|payment|queue-master|catalogue|session-db,10-192-15-196-9100_node-disk-writes-completed-total,0.4914705882352941,34,34,0.4896078431372549,0.49333333333333335,34,34,34,0.5,baseline-v2-20260723,cd270e7871bd358937d83d9a49829637fa80007d2964084ef229f578e3733bd3,ba75425861a059dafcc477474fc3e4ed1eafdc2b47d6fdd0557337035d29a960,a3dc442fe154bd2f9c3d239489ec894faf19ef215aaad75b55a1f4766836cd24,3385868,1702382826000000000,300
SS/catalogue_disk/2,SS,catalogue,disk,2,300,300,point,0.5,5,0.5,median_shift,1,1.0,1.0,0.0,1,1,1,21,129.35730000026524,catalogue|orders|payment|shipping|10-192-15-196-9100,catalogue_container-fs-reads-total,0.4914705882352941,34,34,0.4896078431372549,0.49333333333333335,34,34,34,0.5,baseline-v2-20260723,cd270e7871bd358937d83d9a49829637fa80007d2964084ef229f578e3733bd3,ba75425861a059dafcc477474fc3e4ed1eafdc2b47d6fdd0557337035d29a960,a3dc442fe154bd2f9c3d239489ec894faf19ef215aaad75b55a1f4766836cd24,3385868,1702382826000000000,300
SS/catalogue_disk/2,SS,catalogue,disk,2,300,300,point,0.5,5,0.5,nsigma,3,0.3333333333333333,0.6,0.1,0,1,1,21,294.928900024388,10-192-15-196-9100|queue-master|catalogue|session-db|orders,10-192-15-196-9100_node-disk-writes-completed-total,0.4914705882352941,34,34,0.4896078431372549,0.49333333333333335,34,34,34,0.5,baseline-v2-20260723,cd270e7871bd358937d83d9a49829637fa80007d2964084ef229f578e3733bd3,ba75425861a059dafcc477474fc3e4ed1eafdc2b47d6fdd0557337035d29a960,a3dc442fe154bd2f9c3d239489ec894faf19ef215aaad75b55a1f4766836cd24,3385868,1702382826000000000,300
SS/catalogue_disk/2,SS,catalogue,disk,2,300,300,point,0.5,6,0.5,baro,4,0.25,0.4,0.15,0,0,1,21,382.3680999921635,payment|10-192-15-196-9100|queue-master|catalogue|session-db,payment_container-memory-usage-bytes,0.5015196078431372,34,34,0.4984313725490196,0.5046078431372549,34,34,34,0.5,baseline-v2-20260723,cd270e7871bd358937d83d9a49829637fa80007d2964084ef229f578e3733bd3,ba75425861a059dafcc477474fc3e4ed1eafdc2b47d6fdd0557337035d29a960,a3dc442fe154bd2f9c3d239489ec894faf19ef215aaad75b55a1f4766836cd24,3385868,1702382826000000000,300
SS/catalogue_disk/2,SS,catalogue,disk,2,300,300,point,0.5,6,0.5,median_shift,1,1.0,1.0,0.0,1,1,1,21,94.92239996325225,catalogue|orders|payment|shipping|10-192-15-196-9100,catalogue_container-fs-reads-total,0.5015196078431372,34,34,0.4984313725490196,0.5046078431372549,34,34,34,0.5,baseline-v2-20260723,cd270e7871bd358937d83d9a49829637fa80007d2964084ef229f578e3733bd3,ba75425861a059dafcc477474fc3e4ed1eafdc2b47d6fdd0557337035d29a960,a3dc442fe154bd2f9c3d239489ec894faf19ef215aaad75b55a1f4766836cd24,3385868,1702382826000000000,300
SS/catalogue_disk/2,SS,catalogue,disk,2,300,300,point,0.5,6,0.5,nsigma,3,0.3333333333333333,0.6,0.1,0,1,1,21,284.5573999802582,10-192-15-196-9100|queue-master|catalogue|session-db|orders,10-192-15-196-9100_node-disk-writes-completed-total,0.5015196078431372,34,34,0.4984313725490196,0.5046078431372549,34,34,34,0.5,baseline-v2-20260723,cd270e7871bd358937d83d9a49829637fa80007d2964084ef229f578e3733bd3,ba75425861a059dafcc477474fc3e4ed1eafdc2b47d6fdd0557337035d29a960,a3dc442fe154bd2f9c3d239489ec894faf19ef215aaad75b55a1f4766836cd24,3385868,1702382826000000000,300
SS/catalogue_disk/2,SS,catalogue,disk,2,300,300,point,0.5,7,0.5,baro,4,0.25,0.4,0.15,0,0,1,21,361.5946000209078,10-192-15-196-9100|payment|queue-master|catalogue|session-db,10-192-15-196-9100_node-disk-writes-completed-total,0.49936274509803924,34,34,0.4973529411764706,0.5013725490196078,34,34,34,0.5,baseline-v2-20260723,cd270e7871bd358937d83d9a49829637fa80007d2964084ef229f578e3733bd3,ba75425861a059dafcc477474fc3e4ed1eafdc2b47d6fdd0557337035d29a960,a3dc442fe154bd2f9c3d239489ec894faf19ef215aaad75b55a1f4766836cd24,3385868,1702382826000000000,300
SS/catalogue_disk/2,SS,catalogue,disk,2,300,300,point,0.5,7,0.5,median_shift,1,1.0,1.0,0.0,1,1,1,21,84.15049995528534,catalogue|orders|payment|shipping|10-192-15-196-9100,catalogue_container-fs-reads-total,0.49936274509803924,34,34,0.4973529411764706,0.5013725490196078,34,34,34,0.5,baseline-v2-20260723,cd270e7871bd358937d83d9a49829637fa80007d2964084ef229f578e3733bd3,ba75425861a059dafcc477474fc3e4ed1eafdc2b47d6fdd0557337035d29a960,a3dc442fe154bd2f9c3d239489ec894faf19ef215aaad75b55a1f4766836cd24,3385868,1702382826000000000,300
SS/catalogue_disk/2,SS,catalogue,disk,2,300,300,point,0.5,7,0.5,nsigma,3,0.3333333333333333,0.6,0.1,0,1,1,21,287.52220002934337,10-192-15-196-9100|queue-master|catalogue|session-db|orders,10-192-15-196-9100_node-disk-writes-completed-total,0.49936274509803924,34,34,0.4973529411764706,0.5013725490196078,34,34,34,0.5,baseline-v2-20260723,cd270e7871bd358937d83d9a49829637fa80007d2964084ef229f578e3733bd3,ba75425861a059dafcc477474fc3e4ed1eafdc2b47d6fdd0557337035d29a960,a3dc442fe154bd2f9c3d239489ec894faf19ef215aaad75b55a1f4766836cd24,3385868,1702382826000000000,300
SS/catalogue_disk/2,SS,catalogue,disk,2,300,300,point,0.5,8,0.5,baro,4,0.25,0.4,0.15,0,0,1,21,313.87739995261654,10-192-15-196-9100|payment|queue-master|catalogue|session-db,10-192-15-196-9100_node-disk-writes-completed-total,0.4988235294117647,34,34,0.4949019607843137,0.5027450980392156,34,34,34,0.5,baseline-v2-20260723,cd270e7871bd358937d83d9a49829637fa80007d2964084ef229f578e3733bd3,ba75425861a059dafcc477474fc3e4ed1eafdc2b47d6fdd0557337035d29a960,a3dc442fe154bd2f9c3d239489ec894faf19ef215aaad75b55a1f4766836cd24,3385868,1702382826000000000,300
SS/catalogue_disk/2,SS,catalogue,disk,2,300,300,point,0.5,8,0.5,median_shift,1,1.0,1.0,0.0,1,1,1,21,83.74470000853762,catalogue|orders|payment|shipping|10-192-15-196-9100,catalogue_container-fs-reads-total,0.4988235294117647,34,34,0.4949019607843137,0.5027450980392156,34,34,34,0.5,baseline-v2-20260723,cd270e7871bd358937d83d9a49829637fa80007d2964084ef229f578e3733bd3,ba75425861a059dafcc477474fc3e4ed1eafdc2b47d6fdd0557337035d29a960,a3dc442fe154bd2f9c3d239489ec894faf19ef215aaad75b55a1f4766836cd24,3385868,1702382826000000000,300
SS/catalogue_disk/2,SS,catalogue,disk,2,300,300,point,0.5,8,0.5,nsigma,3,0.3333333333333333,0.6,0.1,0,1,1,21,262.65009999042377,10-192-15-196-9100|queue-master|catalogue|session-db|orders,10-192-15-196-9100_node-disk-writes-completed-total,0.4988235294117647,34,34,0.4949019607843137,0.5027450980392156,34,34,34,0.5,baseline-v2-20260723,cd270e7871bd358937d83d9a49829637fa80007d2964084ef229f578e3733bd3,ba75425861a059dafcc477474fc3e4ed1eafdc2b47d6fdd0557337035d29a960,a3dc442fe154bd2f9c3d239489ec894faf19ef215aaad75b55a1f4766836cd24,3385868,1702382826000000000,300
SS/catalogue_disk/2,SS,catalogue,disk,2,300,300,point,0.5,9,0.5,baro,4,0.25,0.4,0.15,0,0,1,21,321.37230003718287,payment|10-192-15-196-9100|queue-master|catalogue|session-db,payment_container-memory-working-set-bytes,0.4976470588235294,34,34,0.5,0.49529411764705883,34,34,34,0.5,baseline-v2-20260723,cd270e7871bd358937d83d9a49829637fa80007d2964084ef229f578e3733bd3,ba75425861a059dafcc477474fc3e4ed1eafdc2b47d6fdd0557337035d29a960,a3dc442fe154bd2f9c3d239489ec894faf19ef215aaad75b55a1f4766836cd24,3385868,1702382826000000000,300
SS/catalogue_disk/2,SS,catalogue,disk,2,300,300,point,0.5,9,0.5,median_shift,1,1.0,1.0,0.0,1,1,1,21,82.95110001927242,catalogue|orders|payment|shipping|10-192-15-196-9100,catalogue_container-fs-reads-total,0.4976470588235294,34,34,0.5,0.49529411764705883,34,34,34,0.5,baseline-v2-20260723,cd270e7871bd358937d83d9a49829637fa80007d2964084ef229f578e3733bd3,ba75425861a059dafcc477474fc3e4ed1eafdc2b47d6fdd0557337035d29a960,a3dc442fe154bd2f9c3d239489ec894faf19ef215aaad75b55a1f4766836cd24,3385868,1702382826000000000,300
SS/catalogue_disk/2,SS,catalogue,disk,2,300,300,point,0.5,9,0.5,nsigma,3,0.3333333333333333,0.6,0.1,0,1,1,21,300.5851999623701,10-192-15-196-9100|queue-master|catalogue|session-db|orders,10-192-15-196-9100_node-disk-writes-completed-total,0.4976470588235294,34,34,0.5,0.49529411764705883,34,34,34,0.5,baseline-v2-20260723,cd270e7871bd358937d83d9a49829637fa80007d2964084ef229f578e3733bd3,ba75425861a059dafcc477474fc3e4ed1eafdc2b47d6fdd0557337035d29a960,a3dc442fe154bd2f9c3d239489ec894faf19ef215aaad75b55a1f4766836cd24,3385868,1702382826000000000,300
SS/catalogue_disk/2,SS,catalogue,disk,2,300,300,stream,0.1,0,0.10023310023310024,baro,4,0.25,0.4,0.15,0,0,1,21,385.91180002549663,payment|10-192-15-196-9100|queue-master|catalogue|front-end,payment_container-memory-working-set-bytes,0.8235294117647058,28,34,0.8235294117647058,0.8235294117647058,28,28,28,0.8997668997668997,baseline-v2-20260723,cd270e7871bd358937d83d9a49829637fa80007d2964084ef229f578e3733bd3,ba75425861a059dafcc477474fc3e4ed1eafdc2b47d6fdd0557337035d29a960,a3dc442fe154bd2f9c3d239489ec894faf19ef215aaad75b55a1f4766836cd24,3385868,1702382826000000000,300
SS/catalogue_disk/2,SS,catalogue,disk,2,300,300,stream,0.1,0,0.10023310023310024,median_shift,1,1.0,1.0,0.0,1,1,1,21,109.58529997151345,catalogue|orders|payment|shipping|10-192-15-196-9100,catalogue_container-fs-reads-total,0.8235294117647058,28,34,0.8235294117647058,0.8235294117647058,28,28,28,0.8997668997668997,baseline-v2-20260723,cd270e7871bd358937d83d9a49829637fa80007d2964084ef229f578e3733bd3,ba75425861a059dafcc477474fc3e4ed1eafdc2b47d6fdd0557337035d29a960,a3dc442fe154bd2f9c3d239489ec894faf19ef215aaad75b55a1f4766836cd24,3385868,1702382826000000000,300
SS/catalogue_disk/2,SS,catalogue,disk,2,300,300,stream,0.1,0,0.10023310023310024,nsigma,3,0.3333333333333333,0.6,0.1,0,1,1,21,284.8032000474632,10-192-15-196-9100|queue-master|catalogue|session-db|orders,10-192-15-196-9100_node-disk-writes-completed-total,0.8235294117647058,28,34,0.8235294117647058,0.8235294117647058,28,28,28,0.8997668997668997,baseline-v2-20260723,cd270e7871bd358937d83d9a49829637fa80007d2964084ef229f578e3733bd3,ba75425861a059dafcc477474fc3e4ed1eafdc2b47d6fdd0557337035d29a960,a3dc442fe154bd2f9c3d239489ec894faf19ef215aaad75b55a1f4766836cd24,3385868,1702382826000000000,300
SS/catalogue_disk/2,SS,catalogue,disk,2,300,300,stream,0.1,1,0.10023310023310024,baro,4,0.25,0.4,0.15,0,0,1,21,378.9548000204377,payment|10-192-15-196-9100|queue-master|catalogue|front-end,payment_container-memory-usage-bytes,0.9117647058823529,31,34,0.9117647058823529,0.9117647058823529,31,31,31,0.8997668997668997,baseline-v2-20260723,cd270e7871bd358937d83d9a49829637fa80007d2964084ef229f578e3733bd3,ba75425861a059dafcc477474fc3e4ed1eafdc2b47d6fdd0557337035d29a960,a3dc442fe154bd2f9c3d239489ec894faf19ef215aaad75b55a1f4766836cd24,3385868,1702382826000000000,300
SS/catalogue_disk/2,SS,catalogue,disk,2,300,300,stream,0.1,1,0.10023310023310024,median_shift,1,1.0,1.0,0.0,1,1,1,21,87.71640004124492,catalogue|orders|payment|shipping|10-192-15-196-9100,catalogue_container-fs-reads-total,0.9117647058823529,31,34,0.9117647058823529,0.9117647058823529,31,31,31,0.8997668997668997,baseline-v2-20260723,cd270e7871bd358937d83d9a49829637fa80007d2964084ef229f578e3733bd3,ba75425861a059dafcc477474fc3e4ed1eafdc2b47d6fdd0557337035d29a960,a3dc442fe154bd2f9c3d239489ec894faf19ef215aaad75b55a1f4766836cd24,3385868,1702382826000000000,300
SS/catalogue_disk/2,SS,catalogue,disk,2,300,300,stream,0.1,1,0.10023310023310024,nsigma,3,0.3333333333333333,0.6,0.1,0,1,1,21,298.6557999975048,10-192-15-196-9100|queue-master|catalogue|session-db|orders,10-192-15-196-9100_node-disk-writes-completed-total,0.9117647058823529,31,34,0.9117647058823529,0.9117647058823529,31,31,31,0.8997668997668997,baseline-v2-20260723,cd270e7871bd358937d83d9a49829637fa80007d2964084ef229f578e3733bd3,ba75425861a059dafcc477474fc3e4ed1eafdc2b47d6fdd0557337035d29a960,a3dc442fe154bd2f9c3d239489ec894faf19ef215aaad75b55a1f4766836cd24,3385868,1702382826000000000,300
SS/catalogue_disk/2,SS,catalogue,disk,2,300,300,stream,0.1,2,0.10023310023310024,baro,4,0.25,0.4,0.15,0,0,1,21,303.2117999973707,payment|10-192-15-196-9100|queue-master|catalogue|front-end,payment_container-memory-working-set-bytes,0.8235294117647058,28,34,0.8235294117647058,0.8235294117647058,28,28,28,0.8997668997668997,baseline-v2-20260723,cd270e7871bd358937d83d9a49829637fa80007d2964084ef229f578e3733bd3,ba75425861a059dafcc477474fc3e4ed1eafdc2b47d6fdd0557337035d29a960,a3dc442fe154bd2f9c3d239489ec894faf19ef215aaad75b55a1f4766836cd24,3385868,1702382826000000000,300
SS/catalogue_disk/2,SS,catalogue,disk,2,300,300,stream,0.1,2,0.10023310023310024,median_shift,1,1.0,1.0,0.0,1,1,1,21,98.80400000838563,catalogue|orders|payment|shipping|10-192-15-196-9100,catalogue_container-fs-reads-total,0.8235294117647058,28,34,0.8235294117647058,0.8235294117647058,28,28,28,0.8997668997668997,baseline-v2-20260723,cd270e7871bd358937d83d9a49829637fa80007d2964084ef229f578e3733bd3,ba75425861a059dafcc477474fc3e4ed1eafdc2b47d6fdd0557337035d29a960,a3dc442fe154bd2f9c3d239489ec894faf19ef215aaad75b55a1f4766836cd24,3385868,1702382826000000000,300
SS/catalogue_disk/2,SS,catalogue,disk,2,300,300,stream,0.1,2,0.10023310023310024,nsigma,3,0.3333333333333333,0.6,0.1,0,1,1,21,290.04859999986365,10-192-15-196-9100|queue-master|catalogue|session-db|orders,10-192-15-196-9100_node-disk-writes-completed-total,0.8235294117647058,28,34,0.8235294117647058,0.8235294117647058,28,28,28,0.8997668997668997,baseline-v2-20260723,cd270e7871bd358937d83d9a49829637fa80007d2964084ef229f578e3733bd3,ba75425861a059dafcc477474fc3e4ed1eafdc2b47d6fdd0557337035d29a960,a3dc442fe154bd2f9c3d239489ec894faf19ef215aaad75b55a1f4766836cd24,3385868,1702382826000000000,300
SS/catalogue_disk/2,SS,catalogue,disk,2,300,300,stream,0.1,3,0.10023310023310024,baro,4,0.25,0.4,0.15,0,0,1,21,344.86989997094497,payment|10-192-15-196-9100|queue-master|catalogue|front-end,payment_container-memory-usage-bytes,0.7941176470588235,27,34,0.7941176470588235,0.7941176470588235,27,27,27,0.8997668997668997,baseline-v2-20260723,cd270e7871bd358937d83d9a49829637fa80007d2964084ef229f578e3733bd3,ba75425861a059dafcc477474fc3e4ed1eafdc2b47d6fdd0557337035d29a960,a3dc442fe154bd2f9c3d239489ec894faf19ef215aaad75b55a1f4766836cd24,3385868,1702382826000000000,300
SS/catalogue_disk/2,SS,catalogue,disk,2,300,300,stream,0.1,3,0.10023310023310024,median_shift,1,1.0,1.0,0.0,1,1,1,21,83.67820002604276,catalogue|orders|payment|shipping|10-192-15-196-9100,catalogue_container-fs-reads-total,0.7941176470588235,27,34,0.7941176470588235,0.7941176470588235,27,27,27,0.8997668997668997,baseline-v2-20260723,cd270e7871bd358937d83d9a49829637fa80007d2964084ef229f578e3733bd3,ba75425861a059dafcc477474fc3e4ed1eafdc2b47d6fdd0557337035d29a960,a3dc442fe154bd2f9c3d239489ec894faf19ef215aaad75b55a1f4766836cd24,3385868,1702382826000000000,300
SS/catalogue_disk/2,SS,catalogue,disk,2,300,300,stream,0.1,3,0.10023310023310024,nsigma,3,0.3333333333333333,0.6,0.1,0,1,1,21,285.7200000435114,10-192-15-196-9100|queue-master|catalogue|session-db|orders,10-192-15-196-9100_node-disk-writes-completed-total,0.7941176470588235,27,34,0.7941176470588235,0.7941176470588235,27,27,27,0.8997668997668997,baseline-v2-20260723,cd270e7871bd358937d83d9a49829637fa80007d2964084ef229f578e3733bd3,ba75425861a059dafcc477474fc3e4ed1eafdc2b47d6fdd0557337035d29a960,a3dc442fe154bd2f9c3d239489ec894faf19ef215aaad75b55a1f4766836cd24,3385868,1702382826000000000,300
SS/catalogue_disk/2,SS,catalogue,disk,2,300,300,stream,0.1,4,0.10023310023310024,baro,4,0.25,0.4,0.15,0,0,1,21,370.25909998919815,payment|10-192-15-196-9100|queue-master|catalogue|front-end,payment_container-memory-usage-bytes,0.8823529411764706,30,34,0.8823529411764706,0.8823529411764706,30,30,30,0.8997668997668997,baseline-v2-20260723,cd270e7871bd358937d83d9a49829637fa80007d2964084ef229f578e3733bd3,ba75425861a059dafcc477474fc3e4ed1eafdc2b47d6fdd0557337035d29a960,a3dc442fe154bd2f9c3d239489ec894faf19ef215aaad75b55a1f4766836cd24,3385868,1702382826000000000,300
SS/catalogue_disk/2,SS,catalogue,disk,2,300,300,stream,0.1,4,0.10023310023310024,median_shift,1,1.0,1.0,0.0,1,1,1,21,95.16020002774894,catalogue|payment|10-192-15-196-9100|queue-master|orders,catalogue_container-fs-reads-total,0.8823529411764706,30,34,0.8823529411764706,0.8823529411764706,30,30,30,0.8997668997668997,baseline-v2-20260723,cd270e7871bd358937d83d9a49829637fa80007d2964084ef229f578e3733bd3,ba75425861a059dafcc477474fc3e4ed1eafdc2b47d6fdd0557337035d29a960,a3dc442fe154bd2f9c3d239489ec894faf19ef215aaad75b55a1f4766836cd24,3385868,1702382826000000000,300
SS/catalogue_disk/2,SS,catalogue,disk,2,300,300,stream,0.1,4,0.10023310023310024,nsigma,3,0.3333333333333333,0.6,0.1,0,1,1,21,256.4332999754697,10-192-15-196-9100|queue-master|catalogue|session-db|orders,10-192-15-196-9100_node-disk-writes-completed-total,0.8823529411764706,30,34,0.8823529411764706,0.8823529411764706,30,30,30,0.8997668997668997,baseline-v2-20260723,cd270e7871bd358937d83d9a49829637fa80007d2964084ef229f578e3733bd3,ba75425861a059dafcc477474fc3e4ed1eafdc2b47d6fdd0557337035d29a960,a3dc442fe154bd2f9c3d239489ec894faf19ef215aaad75b55a1f4766836cd24,3385868,1702382826000000000,300
SS/catalogue_disk/2,SS,catalogue,disk,2,300,300,stream,0.1,5,0.10023310023310024,baro,4,0.25,0.4,0.15,0,0,1,21,346.3285999605432,payment|10-192-15-196-9100|queue-master|catalogue|front-end,payment_container-memory-usage-bytes,0.9117647058823529,31,34,0.9117647058823529,0.9117647058823529,31,31,31,0.8997668997668997,baseline-v2-20260723,cd270e7871bd358937d83d9a49829637fa80007d2964084ef229f578e3733bd3,ba75425861a059dafcc477474fc3e4ed1eafdc2b47d6fdd0557337035d29a960,a3dc442fe154bd2f9c3d239489ec894faf19ef215aaad75b55a1f4766836cd24,3385868,1702382826000000000,300
SS/catalogue_disk/2,SS,catalogue,disk,2,300,300,stream,0.1,5,0.10023310023310024,median_shift,1,1.0,1.0,0.0,1,1,1,21,94.15349998744205,catalogue|orders|payment|shipping|10-192-15-196-9100,catalogue_container-fs-reads-total,0.9117647058823529,31,34,0.9117647058823529,0.9117647058823529,31,31,31,0.8997668997668997,baseline-v2-20260723,cd270e7871bd358937d83d9a49829637fa80007d2964084ef229f578e3733bd3,ba75425861a059dafcc477474fc3e4ed1eafdc2b47d6fdd0557337035d29a960,a3dc442fe154bd2f9c3d239489ec894faf19ef215aaad75b55a1f4766836cd24,3385868,1702382826000000000,300
SS/catalogue_disk/2,SS,catalogue,disk,2,300,300,stream,0.1,5,0.10023310023310024,nsigma,3,0.3333333333333333,0.6,0.1,0,1,1,21,372.9252999764867,10-192-15-196-9100|queue-master|catalogue|session-db|orders,10-192-15-196-9100_node-disk-writes-completed-total,0.9117647058823529,31,34,0.9117647058823529,0.9117647058823529,31,31,31,0.8997668997668997,baseline-v2-20260723,cd270e7871bd358937d83d9a49829637fa80007d2964084ef229f578e3733bd3,ba75425861a059dafcc477474fc3e4ed1eafdc2b47d6fdd0557337035d29a960,a3dc442fe154bd2f9c3d239489ec894faf19ef215aaad75b55a1f4766836cd24,3385868,1702382826000000000,300
SS/catalogue_disk/2,SS,catalogue,disk,2,300,300,stream,0.1,6,0.10023310023310024,baro,4,0.25,0.4,0.15,0,0,1,21,364.8444000282325,payment|10-192-15-196-9100|queue-master|catalogue|front-end,payment_container-memory-working-set-bytes,0.8823529411764706,30,34,0.8823529411764706,0.8823529411764706,30,30,30,0.8997668997668997,baseline-v2-20260723,cd270e7871bd358937d83d9a49829637fa80007d2964084ef229f578e3733bd3,ba75425861a059dafcc477474fc3e4ed1eafdc2b47d6fdd0557337035d29a960,a3dc442fe154bd2f9c3d239489ec894faf19ef215aaad75b55a1f4766836cd24,3385868,1702382826000000000,300
SS/catalogue_disk/2,SS,catalogue,disk,2,300,300,stream,0.1,6,0.10023310023310024,median_shift,1,1.0,1.0,0.0,1,1,1,21,93.88010000111535,catalogue|orders|payment|shipping|10-192-15-196-9100,catalogue_container-fs-reads-total,0.8823529411764706,30,34,0.8823529411764706,0.8823529411764706,30,30,30,0.8997668997668997,baseline-v2-20260723,cd270e7871bd358937d83d9a49829637fa80007d2964084ef229f578e3733bd3,ba75425861a059dafcc477474fc3e4ed1eafdc2b47d6fdd0557337035d29a960,a3dc442fe154bd2f9c3d239489ec894faf19ef215aaad75b55a1f4766836cd24,3385868,1702382826000000000,300
SS/catalogue_disk/2,SS,catalogue,disk,2,300,300,stream,0.1,6,0.10023310023310024,nsigma,3,0.3333333333333333,0.6,0.1,0,1,1,21,251.66499998886138,10-192-15-196-9100|queue-master|catalogue|session-db|orders,10-192-15-196-9100_node-disk-writes-completed-total,0.8823529411764706,30,34,0.8823529411764706,0.8823529411764706,30,30,30,0.8997668997668997,baseline-v2-20260723,cd270e7871bd358937d83d9a49829637fa80007d2964084ef229f578e3733bd3,ba75425861a059dafcc477474fc3e4ed1eafdc2b47d6fdd0557337035d29a960,a3dc442fe154bd2f9c3d239489ec894faf19ef215aaad75b55a1f4766836cd24,3385868,1702382826000000000,300
SS/catalogue_disk/2,SS,catalogue,disk,2,300,300,stream,0.1,7,0.10023310023310024,baro,4,0.25,0.4,0.15,0,0,1,21,330.30590001726523,payment|10-192-15-196-9100|queue-master|catalogue|session-db,payment_container-memory-usage-bytes,0.7647058823529411,26,34,0.7647058823529411,0.7647058823529411,26,26,26,0.8997668997668997,baseline-v2-20260723,cd270e7871bd358937d83d9a49829637fa80007d2964084ef229f578e3733bd3,ba75425861a059dafcc477474fc3e4ed1eafdc2b47d6fdd0557337035d29a960,a3dc442fe154bd2f9c3d239489ec894faf19ef215aaad75b55a1f4766836cd24,3385868,1702382826000000000,300
SS/catalogue_disk/2,SS,catalogue,disk,2,300,300,stream,0.1,7,0.10023310023310024,median_shift,1,1.0,1.0,0.0,1,1,1,21,93.30529998987913,catalogue|payment|shipping|10-192-15-196-9100|queue-master,catalogue_container-fs-reads-total,0.7647058823529411,26,34,0.7647058823529411,0.7647058823529411,26,26,26,0.8997668997668997,baseline-v2-20260723,cd270e7871bd358937d83d9a49829637fa80007d2964084ef229f578e3733bd3,ba75425861a059dafcc477474fc3e4ed1eafdc2b47d6fdd0557337035d29a960,a3dc442fe154bd2f9c3d239489ec894faf19ef215aaad75b55a1f4766836cd24,3385868,1702382826000000000,300
SS/catalogue_disk/2,SS,catalogue,disk,2,300,300,stream,0.1,7,0.10023310023310024,nsigma,3,0.3333333333333333,0.6,0.1,0,1,1,21,241.57509999349713,10-192-15-196-9100|queue-master|catalogue|session-db|orders,10-192-15-196-9100_node-disk-writes-completed-total,0.7647058823529411,26,34,0.7647058823529411,0.7647058823529411,26,26,26,0.8997668997668997,baseline-v2-20260723,cd270e7871bd358937d83d9a49829637fa80007d2964084ef229f578e3733bd3,ba75425861a059dafcc477474fc3e4ed1eafdc2b47d6fdd0557337035d29a960,a3dc442fe154bd2f9c3d239489ec894faf19ef215aaad75b55a1f4766836cd24,3385868,1702382826000000000,300
SS/catalogue_disk/2,SS,catalogue,disk,2,300,300,stream,0.1,8,0.10023310023310024,baro,3,0.3333333333333333,0.6,0.1,0,1,1,21,318.99639999028295,payment|queue-master|catalogue|front-end|session-db,payment_container-memory-usage-bytes,0.8529411764705882,29,34,0.8529411764705882,0.8529411764705882,29,29,29,0.8997668997668997,baseline-v2-20260723,cd270e7871bd358937d83d9a49829637fa80007d2964084ef229f578e3733bd3,ba75425861a059dafcc477474fc3e4ed1eafdc2b47d6fdd0557337035d29a960,a3dc442fe154bd2f9c3d239489ec894faf19ef215aaad75b55a1f4766836cd24,3385868,1702382826000000000,300
SS/catalogue_disk/2,SS,catalogue,disk,2,300,300,stream,0.1,8,0.10023310023310024,median_shift,1,1.0,1.0,0.0,1,1,1,21,125.49060001038015,catalogue|orders|payment|shipping|queue-master,catalogue_container-fs-reads-total,0.8529411764705882,29,34,0.8529411764705882,0.8529411764705882,29,29,29,0.8997668997668997,baseline-v2-20260723,cd270e7871bd358937d83d9a49829637fa80007d2964084ef229f578e3733bd3,ba75425861a059dafcc477474fc3e4ed1eafdc2b47d6fdd0557337035d29a960,a3dc442fe154bd2f9c3d239489ec894faf19ef215aaad75b55a1f4766836cd24,3385868,1702382826000000000,300
SS/catalogue_disk/2,SS,catalogue,disk,2,300,300,stream,0.1,8,0.10023310023310024,nsigma,2,0.5,0.8,0.05,0,1,1,21,284.00770004373044,queue-master|catalogue|10-192-15-196-9100|session-db|orders,queue-master_container-fs-writes-total,0.8529411764705882,29,34,0.8529411764705882,0.8529411764705882,29,29,29,0.8997668997668997,baseline-v2-20260723,cd270e7871bd358937d83d9a49829637fa80007d2964084ef229f578e3733bd3,ba75425861a059dafcc477474fc3e4ed1eafdc2b47d6fdd0557337035d29a960,a3dc442fe154bd2f9c3d239489ec894faf19ef215aaad75b55a1f4766836cd24,3385868,1702382826000000000,300
SS/catalogue_disk/2,SS,catalogue,disk,2,300,300,stream,0.1,9,0.10023310023310024,baro,4,0.25,0.4,0.15,0,0,1,21,347.91969996877015,payment|10-192-15-196-9100|queue-master|catalogue|front-end,payment_container-memory-working-set-bytes,0.8235294117647058,28,34,0.8235294117647058,0.8235294117647058,28,28,28,0.8997668997668997,baseline-v2-20260723,cd270e7871bd358937d83d9a49829637fa80007d2964084ef229f578e3733bd3,ba75425861a059dafcc477474fc3e4ed1eafdc2b47d6fdd0557337035d29a960,a3dc442fe154bd2f9c3d239489ec894faf19ef215aaad75b55a1f4766836cd24,3385868,1702382826000000000,300
SS/catalogue_disk/2,SS,catalogue,disk,2,300,300,stream,0.1,9,0.10023310023310024,median_shift,1,1.0,1.0,0.0,1,1,1,21,81.48950000759214,catalogue|orders|payment|shipping|10-192-15-196-9100,catalogue_container-memory-cache,0.8235294117647058,28,34,0.8235294117647058,0.8235294117647058,28,28,28,0.8997668997668997,baseline-v2-20260723,cd270e7871bd358937d83d9a49829637fa80007d2964084ef229f578e3733bd3,ba75425861a059dafcc477474fc3e4ed1eafdc2b47d6fdd0557337035d29a960,a3dc442fe154bd2f9c3d239489ec894faf19ef215aaad75b55a1f4766836cd24,3385868,1702382826000000000,300
SS/catalogue_disk/2,SS,catalogue,disk,2,300,300,stream,0.1,9,0.10023310023310024,nsigma,3,0.3333333333333333,0.6,0.1,0,1,1,21,261.42549997894093,10-192-15-196-9100|queue-master|catalogue|session-db|orders,10-192-15-196-9100_node-disk-writes-completed-total,0.8235294117647058,28,34,0.8235294117647058,0.8235294117647058,28,28,28,0.8997668997668997,baseline-v2-20260723,cd270e7871bd358937d83d9a49829637fa80007d2964084ef229f578e3733bd3,ba75425861a059dafcc477474fc3e4ed1eafdc2b47d6fdd0557337035d29a960,a3dc442fe154bd2f9c3d239489ec894faf19ef215aaad75b55a1f4766836cd24,3385868,1702382826000000000,300
SS/catalogue_disk/2,SS,catalogue,disk,2,300,300,stream,0.3,0,0.3006993006993007,baro,3,0.3333333333333333,0.6,0.1,0,1,1,21,257.9169999808073,payment|queue-master|catalogue|session-db|carts,payment_container-memory-usage-bytes,0.7647058823529411,26,34,0.7647058823529411,0.7647058823529411,26,26,26,0.6993006993006993,baseline-v2-20260723,cd270e7871bd358937d83d9a49829637fa80007d2964084ef229f578e3733bd3,ba75425861a059dafcc477474fc3e4ed1eafdc2b47d6fdd0557337035d29a960,a3dc442fe154bd2f9c3d239489ec894faf19ef215aaad75b55a1f4766836cd24,3385868,1702382826000000000,300
SS/catalogue_disk/2,SS,catalogue,disk,2,300,300,stream,0.3,0,0.3006993006993007,median_shift,1,1.0,1.0,0.0,1,1,1,21,71.8635999946855,catalogue|orders|payment|shipping|queue-master,catalogue_container-fs-writes-total,0.7647058823529411,26,34,0.7647058823529411,0.7647058823529411,26,26,26,0.6993006993006993,baseline-v2-20260723,cd270e7871bd358937d83d9a49829637fa80007d2964084ef229f578e3733bd3,ba75425861a059dafcc477474fc3e4ed1eafdc2b47d6fdd0557337035d29a960,a3dc442fe154bd2f9c3d239489ec894faf19ef215aaad75b55a1f4766836cd24,3385868,1702382826000000000,300
SS/catalogue_disk/2,SS,catalogue,disk,2,300,300,stream,0.3,0,0.3006993006993007,nsigma,2,0.5,0.8,0.05,0,1,1,21,245.3154000104405,queue-master|catalogue|10-192-15-196-9100|session-db|orders,queue-master_container-fs-reads-total,0.7647058823529411,26,34,0.7647058823529411,0.7647058823529411,26,26,26,0.6993006993006993,baseline-v2-20260723,cd270e7871bd358937d83d9a49829637fa80007d2964084ef229f578e3733bd3,ba75425861a059dafcc477474fc3e4ed1eafdc2b47d6fdd0557337035d29a960,a3dc442fe154bd2f9c3d239489ec894faf19ef215aaad75b55a1f4766836cd24,3385868,1702382826000000000,300
SS/catalogue_disk/2,SS,catalogue,disk,2,300,300,stream,0.3,1,0.3006993006993007,baro,4,0.25,0.4,0.15,0,0,1,21,300.76549999648705,payment|10-192-15-196-9100|queue-master|catalogue|front-end,payment_container-memory-usage-bytes,0.6176470588235294,21,34,0.6176470588235294,0.6176470588235294,21,21,21,0.6993006993006993,baseline-v2-20260723,cd270e7871bd358937d83d9a49829637fa80007d2964084ef229f578e3733bd3,ba75425861a059dafcc477474fc3e4ed1eafdc2b47d6fdd0557337035d29a960,a3dc442fe154bd2f9c3d239489ec894faf19ef215aaad75b55a1f4766836cd24,3385868,1702382826000000000,300
SS/catalogue_disk/2,SS,catalogue,disk,2,300,300,stream,0.3,1,0.3006993006993007,median_shift,1,1.0,1.0,0.0,1,1,1,21,91.16150002228096,catalogue|orders|payment|shipping|10-192-15-196-9100,catalogue_container-fs-writes-total,0.6176470588235294,21,34,0.6176470588235294,0.6176470588235294,21,21,21,0.6993006993006993,baseline-v2-20260723,cd270e7871bd358937d83d9a49829637fa80007d2964084ef229f578e3733bd3,ba75425861a059dafcc477474fc3e4ed1eafdc2b47d6fdd0557337035d29a960,a3dc442fe154bd2f9c3d239489ec894faf19ef215aaad75b55a1f4766836cd24,3385868,1702382826000000000,300
SS/catalogue_disk/2,SS,catalogue,disk,2,300,300,stream,0.3,1,0.3006993006993007,nsigma,3,0.3333333333333333,0.6,0.1,0,1,1,21,243.7715000123717,10-192-15-196-9100|queue-master|catalogue|session-db|orders,10-192-15-196-9100_node-disk-writes-completed-total,0.6176470588235294,21,34,0.6176470588235294,0.6176470588235294,21,21,21,0.6993006993006993,baseline-v2-20260723,cd270e7871bd358937d83d9a49829637fa80007d2964084ef229f578e3733bd3,ba75425861a059dafcc477474fc3e4ed1eafdc2b47d6fdd0557337035d29a960,a3dc442fe154bd2f9c3d239489ec894faf19ef215aaad75b55a1f4766836cd24,3385868,1702382826000000000,300
SS/catalogue_disk/2,SS,catalogue,disk,2,300,300,stream,0.3,2,0.3006993006993007,baro,4,0.25,0.4,0.15,0,0,1,21,267.1202999772504,payment|10-192-15-196-9100|queue-master|catalogue|front-end,payment_container-memory-usage-bytes,0.6176470588235294,21,34,0.6176470588235294,0.6176470588235294,21,21,21,0.6993006993006993,baseline-v2-20260723,cd270e7871bd358937d83d9a49829637fa80007d2964084ef229f578e3733bd3,ba75425861a059dafcc477474fc3e4ed1eafdc2b47d6fdd0557337035d29a960,a3dc442fe154bd2f9c3d239489ec894faf19ef215aaad75b55a1f4766836cd24,3385868,1702382826000000000,300
SS/catalogue_disk/2,SS,catalogue,disk,2,300,300,stream,0.3,2,0.3006993006993007,median_shift,1,1.0,1.0,0.0,1,1,1,21,87.49410003656521,catalogue|payment|shipping|10-192-15-196-9100|queue-master,catalogue_container-fs-reads-total,0.6176470588235294,21,34,0.6176470588235294,0.6176470588235294,21,21,21,0.6993006993006993,baseline-v2-20260723,cd270e7871bd358937d83d9a49829637fa80007d2964084ef229f578e3733bd3,ba75425861a059dafcc477474fc3e4ed1eafdc2b47d6fdd0557337035d29a960,a3dc442fe154bd2f9c3d239489ec894faf19ef215aaad75b55a1f4766836cd24,3385868,1702382826000000000,300
SS/catalogue_disk/2,SS,catalogue,disk,2,300,300,stream,0.3,2,0.3006993006993007,nsigma,3,0.3333333333333333,0.6,0.1,0,1,1,21,233.36600000038743,10-192-15-196-9100|queue-master|catalogue|session-db|rabbitmq,10-192-15-196-9100_node-disk-writes-completed-total,0.6176470588235294,21,34,0.6176470588235294,0.6176470588235294,21,21,21,0.6993006993006993,baseline-v2-20260723,cd270e7871bd358937d83d9a49829637fa80007d2964084ef229f578e3733bd3,ba75425861a059dafcc477474fc3e4ed1eafdc2b47d6fdd0557337035d29a960,a3dc442fe154bd2f9c3d239489ec894faf19ef215aaad75b55a1f4766836cd24,3385868,1702382826000000000,300
SS/catalogue_disk/2,SS,catalogue,disk,2,300,300,stream,0.3,3,0.3006993006993007,baro,4,0.25,0.4,0.15,0,0,1,21,278.6091999732889,payment|10-192-15-196-9100|queue-master|catalogue|front-end,payment_container-memory-usage-bytes,0.7058823529411765,24,34,0.7058823529411765,0.7058823529411765,24,24,24,0.6993006993006993,baseline-v2-20260723,cd270e7871bd358937d83d9a49829637fa80007d2964084ef229f578e3733bd3,ba75425861a059dafcc477474fc3e4ed1eafdc2b47d6fdd0557337035d29a960,a3dc442fe154bd2f9c3d239489ec894faf19ef215aaad75b55a1f4766836cd24,3385868,1702382826000000000,300
SS/catalogue_disk/2,SS,catalogue,disk,2,300,300,stream,0.3,3,0.3006993006993007,median_shift,1,1.0,1.0,0.0,1,1,1,21,87.29650004534051,catalogue|orders|payment|10-192-15-196-9100|queue-master,catalogue_container-fs-reads-total,0.7058823529411765,24,34,0.7058823529411765,0.7058823529411765,24,24,24,0.6993006993006993,baseline-v2-20260723,cd270e7871bd358937d83d9a49829637fa80007d2964084ef229f578e3733bd3,ba75425861a059dafcc477474fc3e4ed1eafdc2b47d6fdd0557337035d29a960,a3dc442fe154bd2f9c3d239489ec894faf19ef215aaad75b55a1f4766836cd24,3385868,1702382826000000000,300
SS/catalogue_disk/2,SS,catalogue,disk,2,300,300,stream,0.3,3,0.3006993006993007,nsigma,3,0.3333333333333333,0.6,0.1,0,1,1,21,247.10430001141503,10-192-15-196-9100|queue-master|catalogue|session-db|orders,10-192-15-196-9100_node-disk-writes-completed-total,0.7058823529411765,24,34,0.7058823529411765,0.7058823529411765,24,24,24,0.6993006993006993,baseline-v2-20260723,cd270e7871bd358937d83d9a49829637fa80007d2964084ef229f578e3733bd3,ba75425861a059dafcc477474fc3e4ed1eafdc2b47d6fdd0557337035d29a960,a3dc442fe154bd2f9c3d239489ec894faf19ef215aaad75b55a1f4766836cd24,3385868,1702382826000000000,300
SS/catalogue_disk/2,SS,catalogue,disk,2,300,300,stream,0.3,4,0.3006993006993007,baro,4,0.25,0.4,0.15,0,0,1,21,284.1332000098191,payment|10-192-15-196-9100|queue-master|catalogue|front-end,payment_container-memory-working-set-bytes,0.6176470588235294,21,34,0.6176470588235294,0.6176470588235294,21,21,21,0.6993006993006993,baseline-v2-20260723,cd270e7871bd358937d83d9a49829637fa80007d2964084ef229f578e3733bd3,ba75425861a059dafcc477474fc3e4ed1eafdc2b47d6fdd0557337035d29a960,a3dc442fe154bd2f9c3d239489ec894faf19ef215aaad75b55a1f4766836cd24,3385868,1702382826000000000,300
SS/catalogue_disk/2,SS,catalogue,disk,2,300,300,stream,0.3,4,0.3006993006993007,median_shift,1,1.0,1.0,0.0,1,1,1,21,77.48859998537228,catalogue|orders|payment|10-192-15-196-9100|queue-master,catalogue_container-fs-reads-total,0.6176470588235294,21,34,0.6176470588235294,0.6176470588235294,21,21,21,0.6993006993006993,baseline-v2-20260723,cd270e7871bd358937d83d9a49829637fa80007d2964084ef229f578e3733bd3,ba75425861a059dafcc477474fc3e4ed1eafdc2b47d6fdd0557337035d29a960,a3dc442fe154bd2f9c3d239489ec894faf19ef215aaad75b55a1f4766836cd24,3385868,1702382826000000000,300
SS/catalogue_disk/2,SS,catalogue,disk,2,300,300,stream,0.3,4,0.3006993006993007,nsigma,3,0.3333333333333333,0.6,0.1,0,1,1,21,263.54080002056435,10-192-15-196-9100|queue-master|catalogue|session-db|rabbitmq,10-192-15-196-9100_node-disk-writes-completed-total,0.6176470588235294,21,34,0.6176470588235294,0.6176470588235294,21,21,21,0.6993006993006993,baseline-v2-20260723,cd270e7871bd358937d83d9a49829637fa80007d2964084ef229f578e3733bd3,ba75425861a059dafcc477474fc3e4ed1eafdc2b47d6fdd0557337035d29a960,a3dc442fe154bd2f9c3d239489ec894faf19ef215aaad75b55a1f4766836cd24,3385868,1702382826000000000,300
SS/catalogue_disk/2,SS,catalogue,disk,2,300,300,stream,0.3,5,0.3006993006993007,baro,3,0.3333333333333333,0.6,0.1,0,1,1,21,299.8892000177875,payment|queue-master|catalogue|session-db|carts,payment_container-memory-usage-bytes,0.7647058823529411,26,34,0.7647058823529411,0.7647058823529411,26,26,26,0.6993006993006993,baseline-v2-20260723,cd270e7871bd358937d83d9a49829637fa80007d2964084ef229f578e3733bd3,ba75425861a059dafcc477474fc3e4ed1eafdc2b47d6fdd0557337035d29a960,a3dc442fe154bd2f9c3d239489ec894faf19ef215aaad75b55a1f4766836cd24,3385868,1702382826000000000,300
SS/catalogue_disk/2,SS,catalogue,disk,2,300,300,stream,0.3,5,0.3006993006993007,median_shift,1,1.0,1.0,0.0,1,1,1,21,67.44840001920238,catalogue|payment|queue-master|10-192-15-196-9100|orders,catalogue_container-fs-reads-total,0.7647058823529411,26,34,0.7647058823529411,0.7647058823529411,26,26,26,0.6993006993006993,baseline-v2-20260723,cd270e7871bd358937d83d9a49829637fa80007d2964084ef229f578e3733bd3,ba75425861a059dafcc477474fc3e4ed1eafdc2b47d6fdd0557337035d29a960,a3dc442fe154bd2f9c3d239489ec894faf19ef215aaad75b55a1f4766836cd24,3385868,1702382826000000000,300
SS/catalogue_disk/2,SS,catalogue,disk,2,300,300,stream,0.3,5,0.3006993006993007,nsigma,2,0.5,0.8,0.05,0,1,1,21,205.54250001441687,queue-master|catalogue|10-192-15-196-9100|session-db|rabbitmq,queue-master_container-fs-writes-total,0.7647058823529411,26,34,0.7647058823529411,0.7647058823529411,26,26,26,0.6993006993006993,baseline-v2-20260723,cd270e7871bd358937d83d9a49829637fa80007d2964084ef229f578e3733bd3,ba75425861a059dafcc477474fc3e4ed1eafdc2b47d6fdd0557337035d29a960,a3dc442fe154bd2f9c3d239489ec894faf19ef215aaad75b55a1f4766836cd24,3385868,1702382826000000000,300
SS/catalogue_disk/2,SS,catalogue,disk,2,300,300,stream,0.3,6,0.3006993006993007,baro,3,0.3333333333333333,0.6,0.1,0,1,1,21,281.26669995253906,payment|10-192-15-196-9100|catalogue|queue-master|front-end,payment_container-memory-usage-bytes,0.7352941176470589,25,34,0.7352941176470589,0.7352941176470589,25,25,25,0.6993006993006993,baseline-v2-20260723,cd270e7871bd358937d83d9a49829637fa80007d2964084ef229f578e3733bd3,ba75425861a059dafcc477474fc3e4ed1eafdc2b47d6fdd0557337035d29a960,a3dc442fe154bd2f9c3d239489ec894faf19ef215aaad75b55a1f4766836cd24,3385868,1702382826000000000,300
SS/catalogue_disk/2,SS,catalogue,disk,2,300,300,stream,0.3,6,0.3006993006993007,median_shift,1,1.0,1.0,0.0,1,1,1,21,73.78089998383075,catalogue|orders|payment|shipping|10-192-15-196-9100,catalogue_container-memory-mapped-file,0.7352941176470589,25,34,0.7352941176470589,0.7352941176470589,25,25,25,0.6993006993006993,baseline-v2-20260723,cd270e7871bd358937d83d9a49829637fa80007d2964084ef229f578e3733bd3,ba75425861a059dafcc477474fc3e4ed1eafdc2b47d6fdd0557337035d29a960,a3dc442fe154bd2f9c3d239489ec894faf19ef215aaad75b55a1f4766836cd24,3385868,1702382826000000000,300
SS/catalogue_disk/2,SS,catalogue,disk,2,300,300,stream,0.3,6,0.3006993006993007,nsigma,2,0.5,0.8,0.05,0,1,1,21,278.2368999905884,10-192-15-196-9100|catalogue|queue-master|session-db|orders,10-192-15-196-9100_node-disk-writes-completed-total,0.7352941176470589,25,34,0.7352941176470589,0.7352941176470589,25,25,25,0.6993006993006993,baseline-v2-20260723,cd270e7871bd358937d83d9a49829637fa80007d2964084ef229f578e3733bd3,ba75425861a059dafcc477474fc3e4ed1eafdc2b47d6fdd0557337035d29a960,a3dc442fe154bd2f9c3d239489ec894faf19ef215aaad75b55a1f4766836cd24,3385868,1702382826000000000,300
SS/catalogue_disk/2,SS,catalogue,disk,2,300,300,stream,0.3,7,0.3006993006993007,baro,3,0.3333333333333333,0.6,0.1,0,1,1,21,316.7521000141278,payment|queue-master|catalogue|front-end|session-db,payment_container-memory-working-set-bytes,0.6764705882352942,23,34,0.6764705882352942,0.6764705882352942,23,23,23,0.6993006993006993,baseline-v2-20260723,cd270e7871bd358937d83d9a49829637fa80007d2964084ef229f578e3733bd3,ba75425861a059dafcc477474fc3e4ed1eafdc2b47d6fdd0557337035d29a960,a3dc442fe154bd2f9c3d239489ec894faf19ef215aaad75b55a1f4766836cd24,3385868,1702382826000000000,300
SS/catalogue_disk/2,SS,catalogue,disk,2,300,300,stream,0.3,7,0.3006993006993007,median_shift,1,1.0,1.0,0.0,1,1,1,21,103.0077000032179,catalogue|payment|queue-master|10-192-15-196-9100|orders,catalogue_container-fs-reads-total,0.6764705882352942,23,34,0.6764705882352942,0.6764705882352942,23,23,23,0.6993006993006993,baseline-v2-20260723,cd270e7871bd358937d83d9a49829637fa80007d2964084ef229f578e3733bd3,ba75425861a059dafcc477474fc3e4ed1eafdc2b47d6fdd0557337035d29a960,a3dc442fe154bd2f9c3d239489ec894faf19ef215aaad75b55a1f4766836cd24,3385868,1702382826000000000,300
SS/catalogue_disk/2,SS,catalogue,disk,2,300,300,stream,0.3,7,0.3006993006993007,nsigma,2,0.5,0.8,0.05,0,1,1,21,242.66470002476126,queue-master|catalogue|session-db|rabbitmq|carts,queue-master_container-fs-reads-total,0.6764705882352942,23,34,0.6764705882352942,0.6764705882352942,23,23,23,0.6993006993006993,baseline-v2-20260723,cd270e7871bd358937d83d9a49829637fa80007d2964084ef229f578e3733bd3,ba75425861a059dafcc477474fc3e4ed1eafdc2b47d6fdd0557337035d29a960,a3dc442fe154bd2f9c3d239489ec894faf19ef215aaad75b55a1f4766836cd24,3385868,1702382826000000000,300
SS/catalogue_disk/2,SS,catalogue,disk,2,300,300,stream,0.3,8,0.3006993006993007,baro,4,0.25,0.4,0.15,0,0,1,21,240.11240003164858,payment|10-192-15-196-9100|queue-master|catalogue|front-end,payment_container-memory-usage-bytes,0.7352941176470589,25,34,0.7352941176470589,0.7352941176470589,25,25,25,0.6993006993006993,baseline-v2-20260723,cd270e7871bd358937d83d9a49829637fa80007d2964084ef229f578e3733bd3,ba75425861a059dafcc477474fc3e4ed1eafdc2b47d6fdd0557337035d29a960,a3dc442fe154bd2f9c3d239489ec894faf19ef215aaad75b55a1f4766836cd24,3385868,1702382826000000000,300
SS/catalogue_disk/2,SS,catalogue,disk,2,300,300,stream,0.3,8,0.3006993006993007,median_shift,1,1.0,1.0,0.0,1,1,1,21,64.6658000187017,catalogue|orders|payment|shipping|10-192-15-196-9100,catalogue_container-fs-reads-total,0.7352941176470589,25,34,0.7352941176470589,0.7352941176470589,25,25,25,0.6993006993006993,baseline-v2-20260723,cd270e7871bd358937d83d9a49829637fa80007d2964084ef229f578e3733bd3,ba75425861a059dafcc477474fc3e4ed1eafdc2b47d6fdd0557337035d29a960,a3dc442fe154bd2f9c3d239489ec894faf19ef215aaad75b55a1f4766836cd24,3385868,1702382826000000000,300
SS/catalogue_disk/2,SS,catalogue,disk,2,300,300,stream,0.3,8,0.3006993006993007,nsigma,3,0.3333333333333333,0.6,0.1,0,1,1,21,253.76940000569448,10-192-15-196-9100|queue-master|catalogue|session-db|rabbitmq,10-192-15-196-9100_node-disk-writes-completed-total,0.7352941176470589,25,34,0.7352941176470589,0.7352941176470589,25,25,25,0.6993006993006993,baseline-v2-20260723,cd270e7871bd358937d83d9a49829637fa80007d2964084ef229f578e3733bd3,ba75425861a059dafcc477474fc3e4ed1eafdc2b47d6fdd0557337035d29a960,a3dc442fe154bd2f9c3d239489ec894faf19ef215aaad75b55a1f4766836cd24,3385868,1702382826000000000,300
SS/catalogue_disk/2,SS,catalogue,disk,2,300,300,stream,0.3,9,0.3006993006993007,baro,6,0.16666666666666666,0.0,0.25,0,0,0,21,293.5519000166096,payment|10-192-15-196-9100|queue-master|front-end|session-db,payment_container-memory-usage-bytes,0.6764705882352942,23,34,0.6764705882352942,0.6764705882352942,23,23,23,0.6993006993006993,baseline-v2-20260723,cd270e7871bd358937d83d9a49829637fa80007d2964084ef229f578e3733bd3,ba75425861a059dafcc477474fc3e4ed1eafdc2b47d6fdd0557337035d29a960,a3dc442fe154bd2f9c3d239489ec894faf19ef215aaad75b55a1f4766836cd24,3385868,1702382826000000000,300
SS/catalogue_disk/2,SS,catalogue,disk,2,300,300,stream,0.3,9,0.3006993006993007,median_shift,1,1.0,1.0,0.0,1,1,1,21,79.63509997352958,catalogue|orders|payment|shipping|10-192-15-196-9100,catalogue_container-fs-reads-total,0.6764705882352942,23,34,0.6764705882352942,0.6764705882352942,23,23,23,0.6993006993006993,baseline-v2-20260723,cd270e7871bd358937d83d9a49829637fa80007d2964084ef229f578e3733bd3,ba75425861a059dafcc477474fc3e4ed1eafdc2b47d6fdd0557337035d29a960,a3dc442fe154bd2f9c3d239489ec894faf19ef215aaad75b55a1f4766836cd24,3385868,1702382826000000000,300
SS/catalogue_disk/2,SS,catalogue,disk,2,300,300,stream,0.3,9,0.3006993006993007,nsigma,3,0.3333333333333333,0.6,0.1,0,1,1,21,251.4791000285186,10-192-15-196-9100|queue-master|catalogue|session-db|orders,10-192-15-196-9100_node-disk-writes-completed-total,0.6764705882352942,23,34,0.6764705882352942,0.6764705882352942,23,23,23,0.6993006993006993,baseline-v2-20260723,cd270e7871bd358937d83d9a49829637fa80007d2964084ef229f578e3733bd3,ba75425861a059dafcc477474fc3e4ed1eafdc2b47d6fdd0557337035d29a960,a3dc442fe154bd2f9c3d239489ec894faf19ef215aaad75b55a1f4766836cd24,3385868,1702382826000000000,300
SS/catalogue_disk/2,SS,catalogue,disk,2,300,300,stream,0.5,0,0.4988344988344988,baro,4,0.25,0.4,0.15,0,0,1,21,249.35200001345947,payment|10-192-15-196-9100|queue-master|catalogue|session-db,payment_container-memory-working-set-bytes,0.5294117647058824,18,34,0.5294117647058824,0.5294117647058824,18,18,18,0.5011655011655012,baseline-v2-20260723,cd270e7871bd358937d83d9a49829637fa80007d2964084ef229f578e3733bd3,ba75425861a059dafcc477474fc3e4ed1eafdc2b47d6fdd0557337035d29a960,a3dc442fe154bd2f9c3d239489ec894faf19ef215aaad75b55a1f4766836cd24,3385868,1702382826000000000,300
SS/catalogue_disk/2,SS,catalogue,disk,2,300,300,stream,0.5,0,0.4988344988344988,median_shift,1,1.0,1.0,0.0,1,1,1,21,75.78369998373091,catalogue|payment|shipping|10-192-15-196-9100|queue-master,catalogue_container-memory-cache,0.5294117647058824,18,34,0.5294117647058824,0.5294117647058824,18,18,18,0.5011655011655012,baseline-v2-20260723,cd270e7871bd358937d83d9a49829637fa80007d2964084ef229f578e3733bd3,ba75425861a059dafcc477474fc3e4ed1eafdc2b47d6fdd0557337035d29a960,a3dc442fe154bd2f9c3d239489ec894faf19ef215aaad75b55a1f4766836cd24,3385868,1702382826000000000,300
SS/catalogue_disk/2,SS,catalogue,disk,2,300,300,stream,0.5,0,0.4988344988344988,nsigma,3,0.3333333333333333,0.6,0.1,0,1,1,21,199.6936000068672,10-192-15-196-9100|queue-master|catalogue|session-db|carts-db,10-192-15-196-9100_node-disk-writes-completed-total,0.5294117647058824,18,34,0.5294117647058824,0.5294117647058824,18,18,18,0.5011655011655012,baseline-v2-20260723,cd270e7871bd358937d83d9a49829637fa80007d2964084ef229f578e3733bd3,ba75425861a059dafcc477474fc3e4ed1eafdc2b47d6fdd0557337035d29a960,a3dc442fe154bd2f9c3d239489ec894faf19ef215aaad75b55a1f4766836cd24,3385868,1702382826000000000,300
SS/catalogue_disk/2,SS,catalogue,disk,2,300,300,stream,0.5,1,0.4988344988344988,baro,6,0.16666666666666666,0.0,0.25,0,0,0,21,231.48740001488477,payment|10-192-15-196-9100|queue-master|front-end|session-db,payment_container-memory-usage-bytes,0.47058823529411764,16,34,0.47058823529411764,0.47058823529411764,16,16,16,0.5011655011655012,baseline-v2-20260723,cd270e7871bd358937d83d9a49829637fa80007d2964084ef229f578e3733bd3,ba75425861a059dafcc477474fc3e4ed1eafdc2b47d6fdd0557337035d29a960,a3dc442fe154bd2f9c3d239489ec894faf19ef215aaad75b55a1f4766836cd24,3385868,1702382826000000000,300
SS/catalogue_disk/2,SS,catalogue,disk,2,300,300,stream,0.5,1,0.4988344988344988,median_shift,1,1.0,1.0,0.0,1,1,1,21,57.88330000359565,catalogue|payment|shipping|10-192-15-196-9100|queue-master,catalogue_container-fs-reads-total,0.47058823529411764,16,34,0.47058823529411764,0.47058823529411764,16,16,16,0.5011655011655012,baseline-v2-20260723,cd270e7871bd358937d83d9a49829637fa80007d2964084ef229f578e3733bd3,ba75425861a059dafcc477474fc3e4ed1eafdc2b47d6fdd0557337035d29a960,a3dc442fe154bd2f9c3d239489ec894faf19ef215aaad75b55a1f4766836cd24,3385868,1702382826000000000,300
SS/catalogue_disk/2,SS,catalogue,disk,2,300,300,stream,0.5,1,0.4988344988344988,nsigma,3,0.3333333333333333,0.6,0.1,0,1,1,21,191.82599999476224,10-192-15-196-9100|queue-master|catalogue|front-end|queue,10-192-15-196-9100_node-disk-writes-completed-total,0.47058823529411764,16,34,0.47058823529411764,0.47058823529411764,16,16,16,0.5011655011655012,baseline-v2-20260723,cd270e7871bd358937d83d9a49829637fa80007d2964084ef229f578e3733bd3,ba75425861a059dafcc477474fc3e4ed1eafdc2b47d6fdd0557337035d29a960,a3dc442fe154bd2f9c3d239489ec894faf19ef215aaad75b55a1f4766836cd24,3385868,1702382826000000000,300
SS/catalogue_disk/2,SS,catalogue,disk,2,300,300,stream,0.5,2,0.4988344988344988,baro,6,0.16666666666666666,0.0,0.25,0,0,0,21,201.91750000230968,payment|10-192-15-196-9100|queue-master|front-end|session-db,payment_container-memory-usage-bytes,0.5588235294117647,19,34,0.5588235294117647,0.5588235294117647,19,19,19,0.5011655011655012,baseline-v2-20260723,cd270e7871bd358937d83d9a49829637fa80007d2964084ef229f578e3733bd3,ba75425861a059dafcc477474fc3e4ed1eafdc2b47d6fdd0557337035d29a960,a3dc442fe154bd2f9c3d239489ec894faf19ef215aaad75b55a1f4766836cd24,3385868,1702382826000000000,300
SS/catalogue_disk/2,SS,catalogue,disk,2,300,300,stream,0.5,2,0.4988344988344988,median_shift,1,1.0,1.0,0.0,1,1,1,21,55.294200021307915,catalogue|payment|shipping|10-192-15-196-9100|queue-master,catalogue_container-fs-reads-total,0.5588235294117647,19,34,0.5588235294117647,0.5588235294117647,19,19,19,0.5011655011655012,baseline-v2-20260723,cd270e7871bd358937d83d9a49829637fa80007d2964084ef229f578e3733bd3,ba75425861a059dafcc477474fc3e4ed1eafdc2b47d6fdd0557337035d29a960,a3dc442fe154bd2f9c3d239489ec894faf19ef215aaad75b55a1f4766836cd24,3385868,1702382826000000000,300
SS/catalogue_disk/2,SS,catalogue,disk,2,300,300,stream,0.5,2,0.4988344988344988,nsigma,3,0.3333333333333333,0.6,0.1,0,1,1,21,210.64910001587123,10-192-15-196-9100|queue-master|catalogue|session-db|orders,10-192-15-196-9100_node-disk-writes-completed-total,0.5588235294117647,19,34,0.5588235294117647,0.5588235294117647,19,19,19,0.5011655011655012,baseline-v2-20260723,cd270e7871bd358937d83d9a49829637fa80007d2964084ef229f578e3733bd3,ba75425861a059dafcc477474fc3e4ed1eafdc2b47d6fdd0557337035d29a960,a3dc442fe154bd2f9c3d239489ec894faf19ef215aaad75b55a1f4766836cd24,3385868,1702382826000000000,300
SS/catalogue_disk/2,SS,catalogue,disk,2,300,300,stream,0.5,3,0.4988344988344988,baro,2,0.5,0.8,0.05,0,1,1,21,295.7287000026554,queue-master|catalogue|front-end|10-192-15-196-9100|rabbitmq,queue-master_container-fs-writes-total,0.4117647058823529,14,34,0.4117647058823529,0.4117647058823529,14,14,14,0.5011655011655012,baseline-v2-20260723,cd270e7871bd358937d83d9a49829637fa80007d2964084ef229f578e3733bd3,ba75425861a059dafcc477474fc3e4ed1eafdc2b47d6fdd0557337035d29a960,a3dc442fe154bd2f9c3d239489ec894faf19ef215aaad75b55a1f4766836cd24,3385868,1702382826000000000,300
SS/catalogue_disk/2,SS,catalogue,disk,2,300,300,stream,0.5,3,0.4988344988344988,median_shift,1,1.0,1.0,0.0,1,1,1,21,70.7902000285685,catalogue|queue-master|10-192-15-196-9100|orders|10-192-15-195-9100,catalogue_container-memory-mapped-file,0.4117647058823529,14,34,0.4117647058823529,0.4117647058823529,14,14,14,0.5011655011655012,baseline-v2-20260723,cd270e7871bd358937d83d9a49829637fa80007d2964084ef229f578e3733bd3,ba75425861a059dafcc477474fc3e4ed1eafdc2b47d6fdd0557337035d29a960,a3dc442fe154bd2f9c3d239489ec894faf19ef215aaad75b55a1f4766836cd24,3385868,1702382826000000000,300
SS/catalogue_disk/2,SS,catalogue,disk,2,300,300,stream,0.5,3,0.4988344988344988,nsigma,2,0.5,0.8,0.05,0,1,1,21,217.92819997062907,queue-master|catalogue|10-192-15-196-9100|session-db|orders,queue-master_container-fs-writes-total,0.4117647058823529,14,34,0.4117647058823529,0.4117647058823529,14,14,14,0.5011655011655012,baseline-v2-20260723,cd270e7871bd358937d83d9a49829637fa80007d2964084ef229f578e3733bd3,ba75425861a059dafcc477474fc3e4ed1eafdc2b47d6fdd0557337035d29a960,a3dc442fe154bd2f9c3d239489ec894faf19ef215aaad75b55a1f4766836cd24,3385868,1702382826000000000,300
SS/catalogue_disk/2,SS,catalogue,disk,2,300,300,stream,0.5,4,0.4988344988344988,baro,4,0.25,0.4,0.15,0,0,1,21,219.51660001650453,payment|10-192-15-196-9100|queue-master|catalogue|session-db,payment_container-memory-usage-bytes,0.5588235294117647,19,34,0.5588235294117647,0.5588235294117647,19,19,19,0.5011655011655012,baseline-v2-20260723,cd270e7871bd358937d83d9a49829637fa80007d2964084ef229f578e3733bd3,ba75425861a059dafcc477474fc3e4ed1eafdc2b47d6fdd0557337035d29a960,a3dc442fe154bd2f9c3d239489ec894faf19ef215aaad75b55a1f4766836cd24,3385868,1702382826000000000,300
SS/catalogue_disk/2,SS,catalogue,disk,2,300,300,stream,0.5,4,0.4988344988344988,median_shift,1,1.0,1.0,0.0,1,1,1,21,68.08400002773851,catalogue|payment|shipping|10-192-15-196-9100|queue-master,catalogue_container-fs-writes-total,0.5588235294117647,19,34,0.5588235294117647,0.5588235294117647,19,19,19,0.5011655011655012,baseline-v2-20260723,cd270e7871bd358937d83d9a49829637fa80007d2964084ef229f578e3733bd3,ba75425861a059dafcc477474fc3e4ed1eafdc2b47d6fdd0557337035d29a960,a3dc442fe154bd2f9c3d239489ec894faf19ef215aaad75b55a1f4766836cd24,3385868,1702382826000000000,300
SS/catalogue_disk/2,SS,catalogue,disk,2,300,300,stream,0.5,4,0.4988344988344988,nsigma,3,0.3333333333333333,0.6,0.1,0,1,1,21,196.50580000597984,10-192-15-196-9100|queue-master|catalogue|session-db|rabbitmq,10-192-15-196-9100_node-disk-writes-completed-total,0.5588235294117647,19,34,0.5588235294117647,0.5588235294117647,19,19,19,0.5011655011655012,baseline-v2-20260723,cd270e7871bd358937d83d9a49829637fa80007d2964084ef229f578e3733bd3,ba75425861a059dafcc477474fc3e4ed1eafdc2b47d6fdd0557337035d29a960,a3dc442fe154bd2f9c3d239489ec894faf19ef215aaad75b55a1f4766836cd24,3385868,1702382826000000000,300
SS/catalogue_disk/2,SS,catalogue,disk,2,300,300,stream,0.5,5,0.4988344988344988,baro,3,0.3333333333333333,0.6,0.1,0,1,1,21,231.85260000173002,payment|queue-master|catalogue|front-end|carts,payment_container-memory-usage-bytes,0.38235294117647056,13,34,0.38235294117647056,0.38235294117647056,13,13,13,0.5011655011655012,baseline-v2-20260723,cd270e7871bd358937d83d9a49829637fa80007d2964084ef229f578e3733bd3,ba75425861a059dafcc477474fc3e4ed1eafdc2b47d6fdd0557337035d29a960,a3dc442fe154bd2f9c3d239489ec894faf19ef215aaad75b55a1f4766836cd24,3385868,1702382826000000000,300
SS/catalogue_disk/2,SS,catalogue,disk,2,300,300,stream,0.5,5,0.4988344988344988,median_shift,1,1.0,1.0,0.0,1,1,1,21,56.870499975048006,catalogue|payment|shipping|queue-master|10-192-15-196-9100,catalogue_container-fs-writes-total,0.38235294117647056,13,34,0.38235294117647056,0.38235294117647056,13,13,13,0.5011655011655012,baseline-v2-20260723,cd270e7871bd358937d83d9a49829637fa80007d2964084ef229f578e3733bd3,ba75425861a059dafcc477474fc3e4ed1eafdc2b47d6fdd0557337035d29a960,a3dc442fe154bd2f9c3d239489ec894faf19ef215aaad75b55a1f4766836cd24,3385868,1702382826000000000,300
SS/catalogue_disk/2,SS,catalogue,disk,2,300,300,stream,0.5,5,0.4988344988344988,nsigma,2,0.5,0.8,0.05,0,1,1,21,200.51840000087395,queue-master|catalogue|10-192-15-196-9100|session-db|front-end,queue-master_container-fs-reads-total,0.38235294117647056,13,34,0.38235294117647056,0.38235294117647056,13,13,13,0.5011655011655012,baseline-v2-20260723,cd270e7871bd358937d83d9a49829637fa80007d2964084ef229f578e3733bd3,ba75425861a059dafcc477474fc3e4ed1eafdc2b47d6fdd0557337035d29a960,a3dc442fe154bd2f9c3d239489ec894faf19ef215aaad75b55a1f4766836cd24,3385868,1702382826000000000,300
SS/catalogue_disk/2,SS,catalogue,disk,2,300,300,stream,0.5,6,0.4988344988344988,baro,3,0.3333333333333333,0.6,0.1,0,1,1,21,236.9743000017479,10-192-15-196-9100|queue-master|catalogue|front-end|session-db,10-192-15-196-9100_node-disk-writes-completed-total,0.47058823529411764,16,34,0.47058823529411764,0.47058823529411764,16,16,16,0.5011655011655012,baseline-v2-20260723,cd270e7871bd358937d83d9a49829637fa80007d2964084ef229f578e3733bd3,ba75425861a059dafcc477474fc3e4ed1eafdc2b47d6fdd0557337035d29a960,a3dc442fe154bd2f9c3d239489ec894faf19ef215aaad75b55a1f4766836cd24,3385868,1702382826000000000,300
SS/catalogue_disk/2,SS,catalogue,disk,2,300,300,stream,0.5,6,0.4988344988344988,median_shift,1,1.0,1.0,0.0,1,1,1,21,61.93810002878308,catalogue|shipping|10-192-15-196-9100|queue-master|orders,catalogue_container-fs-reads-total,0.47058823529411764,16,34,0.47058823529411764,0.47058823529411764,16,16,16,0.5011655011655012,baseline-v2-20260723,cd270e7871bd358937d83d9a49829637fa80007d2964084ef229f578e3733bd3,ba75425861a059dafcc477474fc3e4ed1eafdc2b47d6fdd0557337035d29a960,a3dc442fe154bd2f9c3d239489ec894faf19ef215aaad75b55a1f4766836cd24,3385868,1702382826000000000,300
SS/catalogue_disk/2,SS,catalogue,disk,2,300,300,stream,0.5,6,0.4988344988344988,nsigma,3,0.3333333333333333,0.6,0.1,0,1,1,21,200.20839996868744,10-192-15-196-9100|queue-master|catalogue|session-db|rabbitmq,10-192-15-196-9100_node-disk-writes-completed-total,0.47058823529411764,16,34,0.47058823529411764,0.47058823529411764,16,16,16,0.5011655011655012,baseline-v2-20260723,cd270e7871bd358937d83d9a49829637fa80007d2964084ef229f578e3733bd3,ba75425861a059dafcc477474fc3e4ed1eafdc2b47d6fdd0557337035d29a960,a3dc442fe154bd2f9c3d239489ec894faf19ef215aaad75b55a1f4766836cd24,3385868,1702382826000000000,300
SS/catalogue_disk/2,SS,catalogue,disk,2,300,300,stream,0.5,7,0.4988344988344988,baro,4,0.25,0.4,0.15,0,0,1,21,241.83060001814738,payment|10-192-15-196-9100|queue-master|catalogue|front-end,payment_container-memory-working-set-bytes,0.5294117647058824,18,34,0.5294117647058824,0.5294117647058824,18,18,18,0.5011655011655012,baseline-v2-20260723,cd270e7871bd358937d83d9a49829637fa80007d2964084ef229f578e3733bd3,ba75425861a059dafcc477474fc3e4ed1eafdc2b47d6fdd0557337035d29a960,a3dc442fe154bd2f9c3d239489ec894faf19ef215aaad75b55a1f4766836cd24,3385868,1702382826000000000,300
SS/catalogue_disk/2,SS,catalogue,disk,2,300,300,stream,0.5,7,0.4988344988344988,median_shift,1,1.0,1.0,0.0,1,1,1,21,53.44429996330291,catalogue|payment|10-192-15-196-9100|queue-master|orders,catalogue_container-fs-reads-total,0.5294117647058824,18,34,0.5294117647058824,0.5294117647058824,18,18,18,0.5011655011655012,baseline-v2-20260723,cd270e7871bd358937d83d9a49829637fa80007d2964084ef229f578e3733bd3,ba75425861a059dafcc477474fc3e4ed1eafdc2b47d6fdd0557337035d29a960,a3dc442fe154bd2f9c3d239489ec894faf19ef215aaad75b55a1f4766836cd24,3385868,1702382826000000000,300
SS/catalogue_disk/2,SS,catalogue,disk,2,300,300,stream,0.5,7,0.4988344988344988,nsigma,3,0.3333333333333333,0.6,0.1,0,1,1,21,180.0087000010535,10-192-15-196-9100|queue-master|catalogue|rabbitmq|front-end,10-192-15-196-9100_node-disk-writes-completed-total,0.5294117647058824,18,34,0.5294117647058824,0.5294117647058824,18,18,18,0.5011655011655012,baseline-v2-20260723,cd270e7871bd358937d83d9a49829637fa80007d2964084ef229f578e3733bd3,ba75425861a059dafcc477474fc3e4ed1eafdc2b47d6fdd0557337035d29a960,a3dc442fe154bd2f9c3d239489ec894faf19ef215aaad75b55a1f4766836cd24,3385868,1702382826000000000,300
SS/catalogue_disk/2,SS,catalogue,disk,2,300,300,stream,0.5,8,0.4988344988344988,baro,4,0.25,0.4,0.15,0,0,1,21,228.68399997241795,10-192-15-196-9100|payment|queue-master|catalogue|session-db,10-192-15-196-9100_node-disk-writes-completed-total,0.5588235294117647,19,34,0.5588235294117647,0.5588235294117647,19,19,19,0.5011655011655012,baseline-v2-20260723,cd270e7871bd358937d83d9a49829637fa80007d2964084ef229f578e3733bd3,ba75425861a059dafcc477474fc3e4ed1eafdc2b47d6fdd0557337035d29a960,a3dc442fe154bd2f9c3d239489ec894faf19ef215aaad75b55a1f4766836cd24,3385868,1702382826000000000,300
SS/catalogue_disk/2,SS,catalogue,disk,2,300,300,stream,0.5,8,0.4988344988344988,median_shift,1,1.0,1.0,0.0,1,1,1,21,93.89079996617511,catalogue|payment|10-192-15-196-9100|queue-master|orders,catalogue_container-fs-reads-total,0.5588235294117647,19,34,0.5588235294117647,0.5588235294117647,19,19,19,0.5011655011655012,baseline-v2-20260723,cd270e7871bd358937d83d9a49829637fa80007d2964084ef229f578e3733bd3,ba75425861a059dafcc477474fc3e4ed1eafdc2b47d6fdd0557337035d29a960,a3dc442fe154bd2f9c3d239489ec894faf19ef215aaad75b55a1f4766836cd24,3385868,1702382826000000000,300
SS/catalogue_disk/2,SS,catalogue,disk,2,300,300,stream,0.5,8,0.4988344988344988,nsigma,3,0.3333333333333333,0.6,0.1,0,1,1,21,204.93439998244867,10-192-15-196-9100|queue-master|catalogue|session-db|orders,10-192-15-196-9100_node-disk-writes-completed-total,0.5588235294117647,19,34,0.5588235294117647,0.5588235294117647,19,19,19,0.5011655011655012,baseline-v2-20260723,cd270e7871bd358937d83d9a49829637fa80007d2964084ef229f578e3733bd3,ba75425861a059dafcc477474fc3e4ed1eafdc2b47d6fdd0557337035d29a960,a3dc442fe154bd2f9c3d239489ec894faf19ef215aaad75b55a1f4766836cd24,3385868,1702382826000000000,300
SS/catalogue_disk/2,SS,catalogue,disk,2,300,300,stream,0.5,9,0.4988344988344988,baro,2,0.5,0.8,0.05,0,1,1,21,241.8720999849029,queue-master|catalogue|session-db|carts|10-192-15-196-9100,queue-master_container-fs-reads-total,0.5882352941176471,20,34,0.5882352941176471,0.5882352941176471,20,20,20,0.5011655011655012,baseline-v2-20260723,cd270e7871bd358937d83d9a49829637fa80007d2964084ef229f578e3733bd3,ba75425861a059dafcc477474fc3e4ed1eafdc2b47d6fdd0557337035d29a960,a3dc442fe154bd2f9c3d239489ec894faf19ef215aaad75b55a1f4766836cd24,3385868,1702382826000000000,300
SS/catalogue_disk/2,SS,catalogue,disk,2,300,300,stream,0.5,9,0.4988344988344988,median_shift,1,1.0,1.0,0.0,1,1,1,21,85.46380000188947,catalogue|shipping|queue-master|10-192-15-196-9100|orders,catalogue_container-fs-writes-total,0.5882352941176471,20,34,0.5882352941176471,0.5882352941176471,20,20,20,0.5011655011655012,baseline-v2-20260723,cd270e7871bd358937d83d9a49829637fa80007d2964084ef229f578e3733bd3,ba75425861a059dafcc477474fc3e4ed1eafdc2b47d6fdd0557337035d29a960,a3dc442fe154bd2f9c3d239489ec894faf19ef215aaad75b55a1f4766836cd24,3385868,1702382826000000000,300
SS/catalogue_disk/2,SS,catalogue,disk,2,300,300,stream,0.5,9,0.4988344988344988,nsigma,2,0.5,0.8,0.05,0,1,1,21,197.4336999701336,queue-master|catalogue|10-192-15-196-9100|session-db|orders,queue-master_container-fs-reads-total,0.5882352941176471,20,34,0.5882352941176471,0.5882352941176471,20,20,20,0.5011655011655012,baseline-v2-20260723,cd270e7871bd358937d83d9a49829637fa80007d2964084ef229f578e3733bd3,ba75425861a059dafcc477474fc3e4ed1eafdc2b47d6fdd0557337035d29a960,a3dc442fe154bd2f9c3d239489ec894faf19ef215aaad75b55a1f4766836cd24,3385868,1702382826000000000,300
