case_id,system,root_service,fault,repetition,n_pre,n_post,mechanism,rate,replicate,realized_rate,method,rank,reciprocal_rank,avg_at_5,normalized_rank,hit_at_1,hit_at_3,hit_at_5,candidate_count,elapsed_ms,top_5,top_evidence_metric,root_observed_fraction,root_streams_available,root_streams_total,root_pre_observed_fraction,root_post_observed_fraction,root_streams_pre_available,root_streams_post_available,root_streams_scorable,observed_fraction,runner_version,code_hash,config_fingerprint,source_fingerprint,source_size,source_mtime_ns,window
SS/catalogue_delay/2,SS,catalogue,delay,2,300,300,burst,0.1,0,0.1,baro,2,0.5,0.8,0.045454545454545456,0,1,1,23,399.42779997363687,shipping|catalogue|front-end|session-db|user,shipping_container-memory-rss,0.9,30,30,0.9264444444444444,0.8735555555555555,30,30,30,0.9,baseline-v2-20260723,cd270e7871bd358937d83d9a49829637fa80007d2964084ef229f578e3733bd3,ba75425861a059dafcc477474fc3e4ed1eafdc2b47d6fdd0557337035d29a960,bab1cb3cf0895493ae8f897752724abb4031870c783b2c00f0014d166932665c,3538442,1693197930000000000,300
SS/catalogue_delay/2,SS,catalogue,delay,2,300,300,burst,0.1,0,0.1,median_shift,2,0.5,0.8,0.045454545454545456,0,1,1,23,95.66510003060102,catalogue-db|catalogue|orders|queue-master|session-db,catalogue-db_container-memory-failures-total,0.9,30,30,0.9264444444444444,0.8735555555555555,30,30,30,0.9,baseline-v2-20260723,cd270e7871bd358937d83d9a49829637fa80007d2964084ef229f578e3733bd3,ba75425861a059dafcc477474fc3e4ed1eafdc2b47d6fdd0557337035d29a960,bab1cb3cf0895493ae8f897752724abb4031870c783b2c00f0014d166932665c,3538442,1693197930000000000,300
SS/catalogue_delay/2,SS,catalogue,delay,2,300,300,burst,0.1,0,0.1,nsigma,1,1.0,1.0,0.0,1,1,1,23,318.010899994988,catalogue|front-end|orders|user|shipping,catalogue_istio-latency-95,0.9,30,30,0.9264444444444444,0.8735555555555555,30,30,30,0.9,baseline-v2-20260723,cd270e7871bd358937d83d9a49829637fa80007d2964084ef229f578e3733bd3,ba75425861a059dafcc477474fc3e4ed1eafdc2b47d6fdd0557337035d29a960,bab1cb3cf0895493ae8f897752724abb4031870c783b2c00f0014d166932665c,3538442,1693197930000000000,300
SS/catalogue_delay/2,SS,catalogue,delay,2,300,300,burst,0.1,1,0.1,baro,2,0.5,0.8,0.045454545454545456,0,1,1,23,430.9963000123389,shipping|catalogue|front-end|session-db|user,shipping_container-memory-rss,0.9,30,30,0.8772222222222222,0.9227777777777778,30,30,30,0.9,baseline-v2-20260723,cd270e7871bd358937d83d9a49829637fa80007d2964084ef229f578e3733bd3,ba75425861a059dafcc477474fc3e4ed1eafdc2b47d6fdd0557337035d29a960,bab1cb3cf0895493ae8f897752724abb4031870c783b2c00f0014d166932665c,3538442,1693197930000000000,300
SS/catalogue_delay/2,SS,catalogue,delay,2,300,300,burst,0.1,1,0.1,median_shift,2,0.5,0.8,0.045454545454545456,0,1,1,23,116.94969999371096,catalogue-db|catalogue|orders|queue-master|session-db,catalogue-db_container-memory-failures-total,0.9,30,30,0.8772222222222222,0.9227777777777778,30,30,30,0.9,baseline-v2-20260723,cd270e7871bd358937d83d9a49829637fa80007d2964084ef229f578e3733bd3,ba75425861a059dafcc477474fc3e4ed1eafdc2b47d6fdd0557337035d29a960,bab1cb3cf0895493ae8f897752724abb4031870c783b2c00f0014d166932665c,3538442,1693197930000000000,300
SS/catalogue_delay/2,SS,catalogue,delay,2,300,300,burst,0.1,1,0.1,nsigma,1,1.0,1.0,0.0,1,1,1,23,285.0064999656752,catalogue|front-end|orders|user|carts,catalogue_istio-latency-95,0.9,30,30,0.8772222222222222,0.9227777777777778,30,30,30,0.9,baseline-v2-20260723,cd270e7871bd358937d83d9a49829637fa80007d2964084ef229f578e3733bd3,ba75425861a059dafcc477474fc3e4ed1eafdc2b47d6fdd0557337035d29a960,bab1cb3cf0895493ae8f897752724abb4031870c783b2c00f0014d166932665c,3538442,1693197930000000000,300
SS/catalogue_delay/2,SS,catalogue,delay,2,300,300,burst,0.1,2,0.1,baro,2,0.5,0.8,0.045454545454545456,0,1,1,23,370.36699999589473,shipping|catalogue|front-end|session-db|orders,shipping_container-memory-rss,0.9,30,30,0.8912222222222222,0.9087777777777778,30,30,30,0.9,baseline-v2-20260723,cd270e7871bd358937d83d9a49829637fa80007d2964084ef229f578e3733bd3,ba75425861a059dafcc477474fc3e4ed1eafdc2b47d6fdd0557337035d29a960,bab1cb3cf0895493ae8f897752724abb4031870c783b2c00f0014d166932665c,3538442,1693197930000000000,300
SS/catalogue_delay/2,SS,catalogue,delay,2,300,300,burst,0.1,2,0.1,median_shift,2,0.5,0.8,0.045454545454545456,0,1,1,23,93.19229994434863,catalogue-db|catalogue|orders|queue-master|session-db,catalogue-db_container-memory-failures-total,0.9,30,30,0.8912222222222222,0.9087777777777778,30,30,30,0.9,baseline-v2-20260723,cd270e7871bd358937d83d9a49829637fa80007d2964084ef229f578e3733bd3,ba75425861a059dafcc477474fc3e4ed1eafdc2b47d6fdd0557337035d29a960,bab1cb3cf0895493ae8f897752724abb4031870c783b2c00f0014d166932665c,3538442,1693197930000000000,300
SS/catalogue_delay/2,SS,catalogue,delay,2,300,300,burst,0.1,2,0.1,nsigma,1,1.0,1.0,0.0,1,1,1,23,291.3750999723561,catalogue|front-end|orders|user|carts,catalogue_istio-latency-95,0.9,30,30,0.8912222222222222,0.9087777777777778,30,30,30,0.9,baseline-v2-20260723,cd270e7871bd358937d83d9a49829637fa80007d2964084ef229f578e3733bd3,ba75425861a059dafcc477474fc3e4ed1eafdc2b47d6fdd0557337035d29a960,bab1cb3cf0895493ae8f897752724abb4031870c783b2c00f0014d166932665c,3538442,1693197930000000000,300
SS/catalogue_delay/2,SS,catalogue,delay,2,300,300,burst,0.1,3,0.1,baro,3,0.3333333333333333,0.6,0.09090909090909091,0,1,1,23,318.14419996226206,shipping|session-db|catalogue|front-end|orders,shipping_container-memory-rss,0.9,30,30,0.9368888888888889,0.8631111111111112,30,30,30,0.9,baseline-v2-20260723,cd270e7871bd358937d83d9a49829637fa80007d2964084ef229f578e3733bd3,ba75425861a059dafcc477474fc3e4ed1eafdc2b47d6fdd0557337035d29a960,bab1cb3cf0895493ae8f897752724abb4031870c783b2c00f0014d166932665c,3538442,1693197930000000000,300
SS/catalogue_delay/2,SS,catalogue,delay,2,300,300,burst,0.1,3,0.1,median_shift,2,0.5,0.8,0.045454545454545456,0,1,1,23,102.29220002656803,catalogue-db|catalogue|orders|queue-master|session-db,catalogue-db_container-memory-failures-total,0.9,30,30,0.9368888888888889,0.8631111111111112,30,30,30,0.9,baseline-v2-20260723,cd270e7871bd358937d83d9a49829637fa80007d2964084ef229f578e3733bd3,ba75425861a059dafcc477474fc3e4ed1eafdc2b47d6fdd0557337035d29a960,bab1cb3cf0895493ae8f897752724abb4031870c783b2c00f0014d166932665c,3538442,1693197930000000000,300
SS/catalogue_delay/2,SS,catalogue,delay,2,300,300,burst,0.1,3,0.1,nsigma,1,1.0,1.0,0.0,1,1,1,23,306.34999996982515,catalogue|front-end|orders|user|carts,catalogue_istio-latency-95,0.9,30,30,0.9368888888888889,0.8631111111111112,30,30,30,0.9,baseline-v2-20260723,cd270e7871bd358937d83d9a49829637fa80007d2964084ef229f578e3733bd3,ba75425861a059dafcc477474fc3e4ed1eafdc2b47d6fdd0557337035d29a960,bab1cb3cf0895493ae8f897752724abb4031870c783b2c00f0014d166932665c,3538442,1693197930000000000,300
SS/catalogue_delay/2,SS,catalogue,delay,2,300,300,burst,0.1,4,0.1,baro,3,0.3333333333333333,0.6,0.09090909090909091,0,1,1,23,364.84290001681075,shipping|session-db|catalogue|front-end|orders,shipping_container-memory-rss,0.9,30,30,0.8991111111111111,0.9008888888888889,30,30,30,0.9,baseline-v2-20260723,cd270e7871bd358937d83d9a49829637fa80007d2964084ef229f578e3733bd3,ba75425861a059dafcc477474fc3e4ed1eafdc2b47d6fdd0557337035d29a960,bab1cb3cf0895493ae8f897752724abb4031870c783b2c00f0014d166932665c,3538442,1693197930000000000,300
SS/catalogue_delay/2,SS,catalogue,delay,2,300,300,burst,0.1,4,0.1,median_shift,2,0.5,0.8,0.045454545454545456,0,1,1,23,86.96069999132305,catalogue-db|catalogue|orders|queue-master|session-db,catalogue-db_container-memory-failures-total,0.9,30,30,0.8991111111111111,0.9008888888888889,30,30,30,0.9,baseline-v2-20260723,cd270e7871bd358937d83d9a49829637fa80007d2964084ef229f578e3733bd3,ba75425861a059dafcc477474fc3e4ed1eafdc2b47d6fdd0557337035d29a960,bab1cb3cf0895493ae8f897752724abb4031870c783b2c00f0014d166932665c,3538442,1693197930000000000,300
SS/catalogue_delay/2,SS,catalogue,delay,2,300,300,burst,0.1,4,0.1,nsigma,1,1.0,1.0,0.0,1,1,1,23,300.5397000233643,catalogue|front-end|orders|user|carts,catalogue_istio-latency-95,0.9,30,30,0.8991111111111111,0.9008888888888889,30,30,30,0.9,baseline-v2-20260723,cd270e7871bd358937d83d9a49829637fa80007d2964084ef229f578e3733bd3,ba75425861a059dafcc477474fc3e4ed1eafdc2b47d6fdd0557337035d29a960,bab1cb3cf0895493ae8f897752724abb4031870c783b2c00f0014d166932665c,3538442,1693197930000000000,300
SS/catalogue_delay/2,SS,catalogue,delay,2,300,300,burst,0.1,5,0.1,baro,2,0.5,0.8,0.045454545454545456,0,1,1,23,365.8059000154026,shipping|catalogue|front-end|session-db|orders,shipping_container-memory-rss,0.9,30,30,0.9021111111111111,0.8978888888888888,30,30,30,0.9,baseline-v2-20260723,cd270e7871bd358937d83d9a49829637fa80007d2964084ef229f578e3733bd3,ba75425861a059dafcc477474fc3e4ed1eafdc2b47d6fdd0557337035d29a960,bab1cb3cf0895493ae8f897752724abb4031870c783b2c00f0014d166932665c,3538442,1693197930000000000,300
SS/catalogue_delay/2,SS,catalogue,delay,2,300,300,burst,0.1,5,0.1,median_shift,2,0.5,0.8,0.045454545454545456,0,1,1,23,107.95540001709014,catalogue-db|catalogue|orders|queue-master|session-db,catalogue-db_container-memory-failures-total,0.9,30,30,0.9021111111111111,0.8978888888888888,30,30,30,0.9,baseline-v2-20260723,cd270e7871bd358937d83d9a49829637fa80007d2964084ef229f578e3733bd3,ba75425861a059dafcc477474fc3e4ed1eafdc2b47d6fdd0557337035d29a960,bab1cb3cf0895493ae8f897752724abb4031870c783b2c00f0014d166932665c,3538442,1693197930000000000,300
SS/catalogue_delay/2,SS,catalogue,delay,2,300,300,burst,0.1,5,0.1,nsigma,1,1.0,1.0,0.0,1,1,1,23,346.35639999760315,catalogue|front-end|orders|user|carts,catalogue_istio-latency-90,0.9,30,30,0.9021111111111111,0.8978888888888888,30,30,30,0.9,baseline-v2-20260723,cd270e7871bd358937d83d9a49829637fa80007d2964084ef229f578e3733bd3,ba75425861a059dafcc477474fc3e4ed1eafdc2b47d6fdd0557337035d29a960,bab1cb3cf0895493ae8f897752724abb4031870c783b2c00f0014d166932665c,3538442,1693197930000000000,300
SS/catalogue_delay/2,SS,catalogue,delay,2,300,300,burst,0.1,6,0.1,baro,3,0.3333333333333333,0.6,0.09090909090909091,0,1,1,23,336.67059999424964,shipping|session-db|catalogue|front-end|orders,shipping_container-memory-rss,0.9,30,30,0.9245555555555556,0.8754444444444445,30,30,30,0.9,baseline-v2-20260723,cd270e7871bd358937d83d9a49829637fa80007d2964084ef229f578e3733bd3,ba75425861a059dafcc477474fc3e4ed1eafdc2b47d6fdd0557337035d29a960,bab1cb3cf0895493ae8f897752724abb4031870c783b2c00f0014d166932665c,3538442,1693197930000000000,300
SS/catalogue_delay/2,SS,catalogue,delay,2,300,300,burst,0.1,6,0.1,median_shift,2,0.5,0.8,0.045454545454545456,0,1,1,23,122.30210000416264,catalogue-db|catalogue|orders|queue-master|session-db,catalogue-db_container-memory-failures-total,0.9,30,30,0.9245555555555556,0.8754444444444445,30,30,30,0.9,baseline-v2-20260723,cd270e7871bd358937d83d9a49829637fa80007d2964084ef229f578e3733bd3,ba75425861a059dafcc477474fc3e4ed1eafdc2b47d6fdd0557337035d29a960,bab1cb3cf0895493ae8f897752724abb4031870c783b2c00f0014d166932665c,3538442,1693197930000000000,300
SS/catalogue_delay/2,SS,catalogue,delay,2,300,300,burst,0.1,6,0.1,nsigma,1,1.0,1.0,0.0,1,1,1,23,266.262800025288,catalogue|front-end|orders|user|carts,catalogue_istio-latency-95,0.9,30,30,0.9245555555555556,0.8754444444444445,30,30,30,0.9,baseline-v2-20260723,cd270e7871bd358937d83d9a49829637fa80007d2964084ef229f578e3733bd3,ba75425861a059dafcc477474fc3e4ed1eafdc2b47d6fdd0557337035d29a960,bab1cb3cf0895493ae8f897752724abb4031870c783b2c00f0014d166932665c,3538442,1693197930000000000,300
SS/catalogue_delay/2,SS,catalogue,delay,2,300,300,burst,0.1,7,0.1,baro,3,0.3333333333333333,0.6,0.09090909090909091,0,1,1,23,304.38109999522567,shipping|session-db|catalogue|front-end|orders,shipping_container-memory-rss,0.9,30,30,0.9112222222222223,0.8887777777777778,30,30,30,0.9,baseline-v2-20260723,cd270e7871bd358937d83d9a49829637fa80007d2964084ef229f578e3733bd3,ba75425861a059dafcc477474fc3e4ed1eafdc2b47d6fdd0557337035d29a960,bab1cb3cf0895493ae8f897752724abb4031870c783b2c00f0014d166932665c,3538442,1693197930000000000,300
SS/catalogue_delay/2,SS,catalogue,delay,2,300,300,burst,0.1,7,0.1,median_shift,2,0.5,0.8,0.045454545454545456,0,1,1,23,109.42380002234131,catalogue-db|catalogue|orders|queue-master|session-db,catalogue-db_container-memory-failures-total,0.9,30,30,0.9112222222222223,0.8887777777777778,30,30,30,0.9,baseline-v2-20260723,cd270e7871bd358937d83d9a49829637fa80007d2964084ef229f578e3733bd3,ba75425861a059dafcc477474fc3e4ed1eafdc2b47d6fdd0557337035d29a960,bab1cb3cf0895493ae8f897752724abb4031870c783b2c00f0014d166932665c,3538442,1693197930000000000,300
SS/catalogue_delay/2,SS,catalogue,delay,2,300,300,burst,0.1,7,0.1,nsigma,1,1.0,1.0,0.0,1,1,1,23,299.83410000568256,catalogue|front-end|orders|user|shipping,catalogue_istio-latency-99,0.9,30,30,0.9112222222222223,0.8887777777777778,30,30,30,0.9,baseline-v2-20260723,cd270e7871bd358937d83d9a49829637fa80007d2964084ef229f578e3733bd3,ba75425861a059dafcc477474fc3e4ed1eafdc2b47d6fdd0557337035d29a960,bab1cb3cf0895493ae8f897752724abb4031870c783b2c00f0014d166932665c,3538442,1693197930000000000,300
SS/catalogue_delay/2,SS,catalogue,delay,2,300,300,burst,0.1,8,0.1,baro,1,1.0,1.0,0.0,1,1,1,23,353.28590002609417,catalogue|front-end|session-db|orders|user,catalogue_istio-latency-99,0.9,30,30,0.8611111111111112,0.9388888888888889,30,30,30,0.9,baseline-v2-20260723,cd270e7871bd358937d83d9a49829637fa80007d2964084ef229f578e3733bd3,ba75425861a059dafcc477474fc3e4ed1eafdc2b47d6fdd0557337035d29a960,bab1cb3cf0895493ae8f897752724abb4031870c783b2c00f0014d166932665c,3538442,1693197930000000000,300
SS/catalogue_delay/2,SS,catalogue,delay,2,300,300,burst,0.1,8,0.1,median_shift,2,0.5,0.8,0.045454545454545456,0,1,1,23,95.73669999372214,catalogue-db|catalogue|orders|queue-master|session-db,catalogue-db_container-memory-failures-total,0.9,30,30,0.8611111111111112,0.9388888888888889,30,30,30,0.9,baseline-v2-20260723,cd270e7871bd358937d83d9a49829637fa80007d2964084ef229f578e3733bd3,ba75425861a059dafcc477474fc3e4ed1eafdc2b47d6fdd0557337035d29a960,bab1cb3cf0895493ae8f897752724abb4031870c783b2c00f0014d166932665c,3538442,1693197930000000000,300
SS/catalogue_delay/2,SS,catalogue,delay,2,300,300,burst,0.1,8,0.1,nsigma,1,1.0,1.0,0.0,1,1,1,23,270.9821999887936,catalogue|front-end|orders|user|carts,catalogue_istio-latency-99,0.9,30,30,0.8611111111111112,0.9388888888888889,30,30,30,0.9,baseline-v2-20260723,cd270e7871bd358937d83d9a49829637fa80007d2964084ef229f578e3733bd3,ba75425861a059dafcc477474fc3e4ed1eafdc2b47d6fdd0557337035d29a960,bab1cb3cf0895493ae8f897752724abb4031870c783b2c00f0014d166932665c,3538442,1693197930000000000,300
SS/catalogue_delay/2,SS,catalogue,delay,2,300,300,burst,0.1,9,0.1,baro,2,0.5,0.8,0.045454545454545456,0,1,1,23,373.19020001450554,shipping|catalogue|front-end|session-db|orders,shipping_container-memory-rss,0.9,30,30,0.8996666666666666,0.9003333333333333,30,30,30,0.9,baseline-v2-20260723,cd270e7871bd358937d83d9a49829637fa80007d2964084ef229f578e3733bd3,ba75425861a059dafcc477474fc3e4ed1eafdc2b47d6fdd0557337035d29a960,bab1cb3cf0895493ae8f897752724abb4031870c783b2c00f0014d166932665c,3538442,1693197930000000000,300
SS/catalogue_delay/2,SS,catalogue,delay,2,300,300,burst,0.1,9,0.1,median_shift,2,0.5,0.8,0.045454545454545456,0,1,1,23,93.47899997374043,catalogue-db|catalogue|orders|queue-master|session-db,catalogue-db_container-memory-failures-total,0.9,30,30,0.8996666666666666,0.9003333333333333,30,30,30,0.9,baseline-v2-20260723,cd270e7871bd358937d83d9a49829637fa80007d2964084ef229f578e3733bd3,ba75425861a059dafcc477474fc3e4ed1eafdc2b47d6fdd0557337035d29a960,bab1cb3cf0895493ae8f897752724abb4031870c783b2c00f0014d166932665c,3538442,1693197930000000000,300
SS/catalogue_delay/2,SS,catalogue,delay,2,300,300,burst,0.1,9,0.1,nsigma,1,1.0,1.0,0.0,1,1,1,23,288.0354000371881,catalogue|front-end|orders|shipping|user,catalogue_istio-latency-90,0.9,30,30,0.8996666666666666,0.9003333333333333,30,30,30,0.9,baseline-v2-20260723,cd270e7871bd358937d83d9a49829637fa80007d2964084ef229f578e3733bd3,ba75425861a059dafcc477474fc3e4ed1eafdc2b47d6fdd0557337035d29a960,bab1cb3cf0895493ae8f897752724abb4031870c783b2c00f0014d166932665c,3538442,1693197930000000000,300
SS/catalogue_delay/2,SS,catalogue,delay,2,300,300,burst,0.3,0,0.3,baro,6,0.16666666666666666,0.0,0.22727272727272727,0,0,0,23,344.39510002266616,192-168-33-39-9100|192-168-64-231-9100|shipping|192-168-61-95-9100|session-db,192-168-33-39-9100_node-memory-inactive-bytes,0.7,30,30,0.7817777777777778,0.6182222222222222,30,30,30,0.7,baseline-v2-20260723,cd270e7871bd358937d83d9a49829637fa80007d2964084ef229f578e3733bd3,ba75425861a059dafcc477474fc3e4ed1eafdc2b47d6fdd0557337035d29a960,bab1cb3cf0895493ae8f897752724abb4031870c783b2c00f0014d166932665c,3538442,1693197930000000000,300
SS/catalogue_delay/2,SS,catalogue,delay,2,300,300,burst,0.3,0,0.3,median_shift,2,0.5,0.8,0.045454545454545456,0,1,1,23,114.34359999839216,catalogue-db|catalogue|orders|queue-master|rabbitmq,catalogue-db_container-memory-failures-total,0.7,30,30,0.7817777777777778,0.6182222222222222,30,30,30,0.7,baseline-v2-20260723,cd270e7871bd358937d83d9a49829637fa80007d2964084ef229f578e3733bd3,ba75425861a059dafcc477474fc3e4ed1eafdc2b47d6fdd0557337035d29a960,bab1cb3cf0895493ae8f897752724abb4031870c783b2c00f0014d166932665c,3538442,1693197930000000000,300
SS/catalogue_delay/2,SS,catalogue,delay,2,300,300,burst,0.3,0,0.3,nsigma,1,1.0,1.0,0.0,1,1,1,23,279.7473999671638,catalogue|front-end|orders|user|carts,catalogue_istio-latency-95,0.7,30,30,0.7817777777777778,0.6182222222222222,30,30,30,0.7,baseline-v2-20260723,cd270e7871bd358937d83d9a49829637fa80007d2964084ef229f578e3733bd3,ba75425861a059dafcc477474fc3e4ed1eafdc2b47d6fdd0557337035d29a960,bab1cb3cf0895493ae8f897752724abb4031870c783b2c00f0014d166932665c,3538442,1693197930000000000,300
SS/catalogue_delay/2,SS,catalogue,delay,2,300,300,burst,0.3,1,0.3,baro,5,0.2,0.2,0.18181818181818182,0,0,1,23,362.97930002911016,192-168-33-39-9100|shipping|orders-db|session-db|catalogue,192-168-33-39-9100_node-memory-inactive-bytes,0.7,30,30,0.7253333333333334,0.6746666666666666,30,30,30,0.7,baseline-v2-20260723,cd270e7871bd358937d83d9a49829637fa80007d2964084ef229f578e3733bd3,ba75425861a059dafcc477474fc3e4ed1eafdc2b47d6fdd0557337035d29a960,bab1cb3cf0895493ae8f897752724abb4031870c783b2c00f0014d166932665c,3538442,1693197930000000000,300
SS/catalogue_delay/2,SS,catalogue,delay,2,300,300,burst,0.3,1,0.3,median_shift,2,0.5,0.8,0.045454545454545456,0,1,1,23,113.59050002647564,catalogue-db|catalogue|orders|queue-master|session-db,catalogue-db_container-memory-failures-total,0.7,30,30,0.7253333333333334,0.6746666666666666,30,30,30,0.7,baseline-v2-20260723,cd270e7871bd358937d83d9a49829637fa80007d2964084ef229f578e3733bd3,ba75425861a059dafcc477474fc3e4ed1eafdc2b47d6fdd0557337035d29a960,bab1cb3cf0895493ae8f897752724abb4031870c783b2c00f0014d166932665c,3538442,1693197930000000000,300
SS/catalogue_delay/2,SS,catalogue,delay,2,300,300,burst,0.3,1,0.3,nsigma,1,1.0,1.0,0.0,1,1,1,23,314.64479997521266,catalogue|front-end|orders|carts|user,catalogue_istio-latency-50,0.7,30,30,0.7253333333333334,0.6746666666666666,30,30,30,0.7,baseline-v2-20260723,cd270e7871bd358937d83d9a49829637fa80007d2964084ef229f578e3733bd3,ba75425861a059dafcc477474fc3e4ed1eafdc2b47d6fdd0557337035d29a960,bab1cb3cf0895493ae8f897752724abb4031870c783b2c00f0014d166932665c,3538442,1693197930000000000,300
SS/catalogue_delay/2,SS,catalogue,delay,2,300,300,burst,0.3,2,0.3,baro,5,0.2,0.2,0.18181818181818182,0,0,1,23,375.67560002207756,192-168-2-165-9100|shipping|carts|carts-db|catalogue,192-168-2-165-9100_node-memory-inactive-bytes,0.7,30,30,0.6934444444444444,0.7065555555555556,30,30,30,0.7,baseline-v2-20260723,cd270e7871bd358937d83d9a49829637fa80007d2964084ef229f578e3733bd3,ba75425861a059dafcc477474fc3e4ed1eafdc2b47d6fdd0557337035d29a960,bab1cb3cf0895493ae8f897752724abb4031870c783b2c00f0014d166932665c,3538442,1693197930000000000,300
SS/catalogue_delay/2,SS,catalogue,delay,2,300,300,burst,0.3,2,0.3,median_shift,2,0.5,0.8,0.045454545454545456,0,1,1,23,85.90030000777915,catalogue-db|catalogue|orders|queue-master|session-db,catalogue-db_container-memory-failures-total,0.7,30,30,0.6934444444444444,0.7065555555555556,30,30,30,0.7,baseline-v2-20260723,cd270e7871bd358937d83d9a49829637fa80007d2964084ef229f578e3733bd3,ba75425861a059dafcc477474fc3e4ed1eafdc2b47d6fdd0557337035d29a960,bab1cb3cf0895493ae8f897752724abb4031870c783b2c00f0014d166932665c,3538442,1693197930000000000,300
SS/catalogue_delay/2,SS,catalogue,delay,2,300,300,burst,0.3,2,0.3,nsigma,1,1.0,1.0,0.0,1,1,1,23,399.2003999883309,catalogue|front-end|orders|user|shipping,catalogue_istio-latency-99,0.7,30,30,0.6934444444444444,0.7065555555555556,30,30,30,0.7,baseline-v2-20260723,cd270e7871bd358937d83d9a49829637fa80007d2964084ef229f578e3733bd3,ba75425861a059dafcc477474fc3e4ed1eafdc2b47d6fdd0557337035d29a960,bab1cb3cf0895493ae8f897752724abb4031870c783b2c00f0014d166932665c,3538442,1693197930000000000,300
SS/catalogue_delay/2,SS,catalogue,delay,2,300,300,burst,0.3,3,0.3,baro,5,0.2,0.2,0.18181818181818182,0,0,1,23,389.89550003316253,shipping|queue-master|front-end|session-db|catalogue,shipping_container-memory-rss,0.7,30,30,0.7535555555555555,0.6464444444444445,30,30,30,0.7,baseline-v2-20260723,cd270e7871bd358937d83d9a49829637fa80007d2964084ef229f578e3733bd3,ba75425861a059dafcc477474fc3e4ed1eafdc2b47d6fdd0557337035d29a960,bab1cb3cf0895493ae8f897752724abb4031870c783b2c00f0014d166932665c,3538442,1693197930000000000,300
SS/catalogue_delay/2,SS,catalogue,delay,2,300,300,burst,0.3,3,0.3,median_shift,2,0.5,0.8,0.045454545454545456,0,1,1,23,94.57070002099499,catalogue-db|catalogue|orders|queue-master|session-db,catalogue-db_container-memory-failures-total,0.7,30,30,0.7535555555555555,0.6464444444444445,30,30,30,0.7,baseline-v2-20260723,cd270e7871bd358937d83d9a49829637fa80007d2964084ef229f578e3733bd3,ba75425861a059dafcc477474fc3e4ed1eafdc2b47d6fdd0557337035d29a960,bab1cb3cf0895493ae8f897752724abb4031870c783b2c00f0014d166932665c,3538442,1693197930000000000,300
SS/catalogue_delay/2,SS,catalogue,delay,2,300,300,burst,0.3,3,0.3,nsigma,1,1.0,1.0,0.0,1,1,1,23,315.34529995406047,catalogue|front-end|orders|carts|user,catalogue_istio-latency-95,0.7,30,30,0.7535555555555555,0.6464444444444445,30,30,30,0.7,baseline-v2-20260723,cd270e7871bd358937d83d9a49829637fa80007d2964084ef229f578e3733bd3,ba75425861a059dafcc477474fc3e4ed1eafdc2b47d6fdd0557337035d29a960,bab1cb3cf0895493ae8f897752724abb4031870c783b2c00f0014d166932665c,3538442,1693197930000000000,300
SS/catalogue_delay/2,SS,catalogue,delay,2,300,300,burst,0.3,4,0.3,baro,8,0.125,0.0,0.3181818181818182,0,0,0,23,340.4388999915682,192-168-2-165-9100|192-168-64-231-9100|shipping|queue-master|carts-db,192-168-2-165-9100_node-memory-inactive-bytes,0.7,30,30,0.6467777777777778,0.7532222222222222,30,30,30,0.7,baseline-v2-20260723,cd270e7871bd358937d83d9a49829637fa80007d2964084ef229f578e3733bd3,ba75425861a059dafcc477474fc3e4ed1eafdc2b47d6fdd0557337035d29a960,bab1cb3cf0895493ae8f897752724abb4031870c783b2c00f0014d166932665c,3538442,1693197930000000000,300
SS/catalogue_delay/2,SS,catalogue,delay,2,300,300,burst,0.3,4,0.3,median_shift,2,0.5,0.8,0.045454545454545456,0,1,1,23,107.5704000541009,catalogue-db|catalogue|orders|queue-master|rabbitmq,catalogue-db_container-memory-failures-total,0.7,30,30,0.6467777777777778,0.7532222222222222,30,30,30,0.7,baseline-v2-20260723,cd270e7871bd358937d83d9a49829637fa80007d2964084ef229f578e3733bd3,ba75425861a059dafcc477474fc3e4ed1eafdc2b47d6fdd0557337035d29a960,bab1cb3cf0895493ae8f897752724abb4031870c783b2c00f0014d166932665c,3538442,1693197930000000000,300
SS/catalogue_delay/2,SS,catalogue,delay,2,300,300,burst,0.3,4,0.3,nsigma,1,1.0,1.0,0.0,1,1,1,23,363.56560001149774,catalogue|front-end|user|shipping|orders,catalogue_istio-latency-95,0.7,30,30,0.6467777777777778,0.7532222222222222,30,30,30,0.7,baseline-v2-20260723,cd270e7871bd358937d83d9a49829637fa80007d2964084ef229f578e3733bd3,ba75425861a059dafcc477474fc3e4ed1eafdc2b47d6fdd0557337035d29a960,bab1cb3cf0895493ae8f897752724abb4031870c783b2c00f0014d166932665c,3538442,1693197930000000000,300
SS/catalogue_delay/2,SS,catalogue,delay,2,300,300,burst,0.3,5,0.3,baro,5,0.2,0.2,0.18181818181818182,0,0,1,23,370.9054000210017,192-168-64-231-9100|orders-db|shipping|front-end|catalogue,192-168-64-231-9100_node-memory-active-bytes,0.7,30,30,0.7077777777777777,0.6922222222222222,30,30,30,0.7,baseline-v2-20260723,cd270e7871bd358937d83d9a49829637fa80007d2964084ef229f578e3733bd3,ba75425861a059dafcc477474fc3e4ed1eafdc2b47d6fdd0557337035d29a960,bab1cb3cf0895493ae8f897752724abb4031870c783b2c00f0014d166932665c,3538442,1693197930000000000,300
SS/catalogue_delay/2,SS,catalogue,delay,2,300,300,burst,0.3,5,0.3,median_shift,2,0.5,0.8,0.045454545454545456,0,1,1,23,127.55239999387413,catalogue-db|catalogue|orders|queue-master|rabbitmq,catalogue-db_container-memory-failures-total,0.7,30,30,0.7077777777777777,0.6922222222222222,30,30,30,0.7,baseline-v2-20260723,cd270e7871bd358937d83d9a49829637fa80007d2964084ef229f578e3733bd3,ba75425861a059dafcc477474fc3e4ed1eafdc2b47d6fdd0557337035d29a960,bab1cb3cf0895493ae8f897752724abb4031870c783b2c00f0014d166932665c,3538442,1693197930000000000,300
SS/catalogue_delay/2,SS,catalogue,delay,2,300,300,burst,0.3,5,0.3,nsigma,1,1.0,1.0,0.0,1,1,1,23,303.83879999862984,catalogue|front-end|orders|carts|user,catalogue_istio-latency-95,0.7,30,30,0.7077777777777777,0.6922222222222222,30,30,30,0.7,baseline-v2-20260723,cd270e7871bd358937d83d9a49829637fa80007d2964084ef229f578e3733bd3,ba75425861a059dafcc477474fc3e4ed1eafdc2b47d6fdd0557337035d29a960,bab1cb3cf0895493ae8f897752724abb4031870c783b2c00f0014d166932665c,3538442,1693197930000000000,300
SS/catalogue_delay/2,SS,catalogue,delay,2,300,300,burst,0.3,6,0.3,baro,7,0.14285714285714285,0.0,0.2727272727272727,0,0,0,23,330.6352000217885,shipping|queue-master|orders-db|front-end|orders,shipping_container-memory-rss,0.7,30,30,0.7937777777777778,0.6062222222222222,30,30,30,0.7,baseline-v2-20260723,cd270e7871bd358937d83d9a49829637fa80007d2964084ef229f578e3733bd3,ba75425861a059dafcc477474fc3e4ed1eafdc2b47d6fdd0557337035d29a960,bab1cb3cf0895493ae8f897752724abb4031870c783b2c00f0014d166932665c,3538442,1693197930000000000,300
SS/catalogue_delay/2,SS,catalogue,delay,2,300,300,burst,0.3,6,0.3,median_shift,2,0.5,0.8,0.045454545454545456,0,1,1,23,110.57289998279884,catalogue-db|catalogue|front-end|orders|queue-master,catalogue-db_container-memory-failures-total,0.7,30,30,0.7937777777777778,0.6062222222222222,30,30,30,0.7,baseline-v2-20260723,cd270e7871bd358937d83d9a49829637fa80007d2964084ef229f578e3733bd3,ba75425861a059dafcc477474fc3e4ed1eafdc2b47d6fdd0557337035d29a960,bab1cb3cf0895493ae8f897752724abb4031870c783b2c00f0014d166932665c,3538442,1693197930000000000,300
SS/catalogue_delay/2,SS,catalogue,delay,2,300,300,burst,0.3,6,0.3,nsigma,1,1.0,1.0,0.0,1,1,1,23,332.7946999925189,catalogue|front-end|orders|user|shipping,catalogue_istio-latency-95,0.7,30,30,0.7937777777777778,0.6062222222222222,30,30,30,0.7,baseline-v2-20260723,cd270e7871bd358937d83d9a49829637fa80007d2964084ef229f578e3733bd3,ba75425861a059dafcc477474fc3e4ed1eafdc2b47d6fdd0557337035d29a960,bab1cb3cf0895493ae8f897752724abb4031870c783b2c00f0014d166932665c,3538442,1693197930000000000,300
SS/catalogue_delay/2,SS,catalogue,delay,2,300,300,burst,0.3,7,0.3,baro,8,0.125,0.0,0.3181818181818182,0,0,0,23,380.649300001096,192-168-64-231-9100|shipping|queue-master|carts-db|orders,192-168-64-231-9100_node-memory-active-bytes,0.7,30,30,0.7898888888888889,0.6101111111111112,30,30,30,0.7,baseline-v2-20260723,cd270e7871bd358937d83d9a49829637fa80007d2964084ef229f578e3733bd3,ba75425861a059dafcc477474fc3e4ed1eafdc2b47d6fdd0557337035d29a960,bab1cb3cf0895493ae8f897752724abb4031870c783b2c00f0014d166932665c,3538442,1693197930000000000,300
SS/catalogue_delay/2,SS,catalogue,delay,2,300,300,burst,0.3,7,0.3,median_shift,2,0.5,0.8,0.045454545454545456,0,1,1,23,102.82950004329905,catalogue-db|catalogue|orders|queue-master|session-db,catalogue-db_container-memory-failures-total,0.7,30,30,0.7898888888888889,0.6101111111111112,30,30,30,0.7,baseline-v2-20260723,cd270e7871bd358937d83d9a49829637fa80007d2964084ef229f578e3733bd3,ba75425861a059dafcc477474fc3e4ed1eafdc2b47d6fdd0557337035d29a960,bab1cb3cf0895493ae8f897752724abb4031870c783b2c00f0014d166932665c,3538442,1693197930000000000,300
SS/catalogue_delay/2,SS,catalogue,delay,2,300,300,burst,0.3,7,0.3,nsigma,1,1.0,1.0,0.0,1,1,1,23,312.1442000265233,catalogue|front-end|orders|carts|queue-master,catalogue_istio-latency-90,0.7,30,30,0.7898888888888889,0.6101111111111112,30,30,30,0.7,baseline-v2-20260723,cd270e7871bd358937d83d9a49829637fa80007d2964084ef229f578e3733bd3,ba75425861a059dafcc477474fc3e4ed1eafdc2b47d6fdd0557337035d29a960,bab1cb3cf0895493ae8f897752724abb4031870c783b2c00f0014d166932665c,3538442,1693197930000000000,300
SS/catalogue_delay/2,SS,catalogue,delay,2,300,300,burst,0.3,8,0.3,baro,8,0.125,0.0,0.3181818181818182,0,0,0,23,313.25849995482713,shipping|queue-master|user-db|orders-db|front-end,shipping_container-memory-working-set-bytes,0.7,30,30,0.6901111111111111,0.7098888888888889,30,30,30,0.7,baseline-v2-20260723,cd270e7871bd358937d83d9a49829637fa80007d2964084ef229f578e3733bd3,ba75425861a059dafcc477474fc3e4ed1eafdc2b47d6fdd0557337035d29a960,bab1cb3cf0895493ae8f897752724abb4031870c783b2c00f0014d166932665c,3538442,1693197930000000000,300
SS/catalogue_delay/2,SS,catalogue,delay,2,300,300,burst,0.3,8,0.3,median_shift,2,0.5,0.8,0.045454545454545456,0,1,1,23,83.31010001711547,catalogue-db|catalogue|orders|queue-master|session-db,catalogue-db_container-memory-failures-total,0.7,30,30,0.6901111111111111,0.7098888888888889,30,30,30,0.7,baseline-v2-20260723,cd270e7871bd358937d83d9a49829637fa80007d2964084ef229f578e3733bd3,ba75425861a059dafcc477474fc3e4ed1eafdc2b47d6fdd0557337035d29a960,bab1cb3cf0895493ae8f897752724abb4031870c783b2c00f0014d166932665c,3538442,1693197930000000000,300
SS/catalogue_delay/2,SS,catalogue,delay,2,300,300,burst,0.3,8,0.3,nsigma,1,1.0,1.0,0.0,1,1,1,23,298.9854000043124,catalogue|front-end|orders|carts|user,catalogue_istio-latency-50,0.7,30,30,0.6901111111111111,0.7098888888888889,30,30,30,0.7,baseline-v2-20260723,cd270e7871bd358937d83d9a49829637fa80007d2964084ef229f578e3733bd3,ba75425861a059dafcc477474fc3e4ed1eafdc2b47d6fdd0557337035d29a960,bab1cb3cf0895493ae8f897752724abb4031870c783b2c00f0014d166932665c,3538442,1693197930000000000,300
SS/catalogue_delay/2,SS,catalogue,delay,2,300,300,burst,0.3,9,0.3,baro,5,0.2,0.2,0.18181818181818182,0,0,1,23,401.7075999872759,shipping|queue-master|user-db|session-db|catalogue,shipping_container-memory-rss,0.7,30,30,0.6967777777777778,0.7032222222222222,30,30,30,0.7,baseline-v2-20260723,cd270e7871bd358937d83d9a49829637fa80007d2964084ef229f578e3733bd3,ba75425861a059dafcc477474fc3e4ed1eafdc2b47d6fdd0557337035d29a960,bab1cb3cf0895493ae8f897752724abb4031870c783b2c00f0014d166932665c,3538442,1693197930000000000,300
SS/catalogue_delay/2,SS,catalogue,delay,2,300,300,burst,0.3,9,0.3,median_shift,2,0.5,0.8,0.045454545454545456,0,1,1,23,94.0911999787204,catalogue-db|catalogue|queue-master|rabbitmq|session-db,catalogue-db_container-memory-failures-total,0.7,30,30,0.6967777777777778,0.7032222222222222,30,30,30,0.7,baseline-v2-20260723,cd270e7871bd358937d83d9a49829637fa80007d2964084ef229f578e3733bd3,ba75425861a059dafcc477474fc3e4ed1eafdc2b47d6fdd0557337035d29a960,bab1cb3cf0895493ae8f897752724abb4031870c783b2c00f0014d166932665c,3538442,1693197930000000000,300
SS/catalogue_delay/2,SS,catalogue,delay,2,300,300,burst,0.3,9,0.3,nsigma,1,1.0,1.0,0.0,1,1,1,23,262.4632000224665,catalogue|front-end|orders|carts|user,catalogue_istio-latency-95,0.7,30,30,0.6967777777777778,0.7032222222222222,30,30,30,0.7,baseline-v2-20260723,cd270e7871bd358937d83d9a49829637fa80007d2964084ef229f578e3733bd3,ba75425861a059dafcc477474fc3e4ed1eafdc2b47d6fdd0557337035d29a960,bab1cb3cf0895493ae8f897752724abb4031870c783b2c00f0014d166932665c,3538442,1693197930000000000,300
SS/catalogue_delay/2,SS,catalogue,delay,2,300,300,burst,0.5,0,0.5,baro,15,0.06666666666666667,0.0,0.6363636363636364,0,0,0,23,349.6300000115298,192-168-2-165-9100|192-168-61-95-9100|192-168-33-39-9100|carts-db|user-db,192-168-2-165-9100_node-memory-inactive-bytes,0.5,30,30,0.5227777777777778,0.4772222222222222,30,30,30,0.5,baseline-v2-20260723,cd270e7871bd358937d83d9a49829637fa80007d2964084ef229f578e3733bd3,ba75425861a059dafcc477474fc3e4ed1eafdc2b47d6fdd0557337035d29a960,bab1cb3cf0895493ae8f897752724abb4031870c783b2c00f0014d166932665c,3538442,1693197930000000000,300
SS/catalogue_delay/2,SS,catalogue,delay,2,300,300,burst,0.5,0,0.5,median_shift,3,0.3333333333333333,0.6,0.09090909090909091,0,1,1,23,106.17659997660667,carts-db|catalogue-db|catalogue|orders|payment,carts-db_container-memory-cache,0.5,30,30,0.5227777777777778,0.4772222222222222,30,30,30,0.5,baseline-v2-20260723,cd270e7871bd358937d83d9a49829637fa80007d2964084ef229f578e3733bd3,ba75425861a059dafcc477474fc3e4ed1eafdc2b47d6fdd0557337035d29a960,bab1cb3cf0895493ae8f897752724abb4031870c783b2c00f0014d166932665c,3538442,1693197930000000000,300
SS/catalogue_delay/2,SS,catalogue,delay,2,300,300,burst,0.5,0,0.5,nsigma,1,1.0,1.0,0.0,1,1,1,23,312.2188000124879,catalogue|front-end|orders|carts|user,catalogue_istio-latency-95,0.5,30,30,0.5227777777777778,0.4772222222222222,30,30,30,0.5,baseline-v2-20260723,cd270e7871bd358937d83d9a49829637fa80007d2964084ef229f578e3733bd3,ba75425861a059dafcc477474fc3e4ed1eafdc2b47d6fdd0557337035d29a960,bab1cb3cf0895493ae8f897752724abb4031870c783b2c00f0014d166932665c,3538442,1693197930000000000,300
SS/catalogue_delay/2,SS,catalogue,delay,2,300,300,burst,0.5,1,0.5,baro,11,0.09090909090909091,0.0,0.45454545454545453,0,0,0,23,307.0377999683842,192-168-61-95-9100|192-168-85-112-9100|192-168-2-165-9100|192-168-33-39-9100|carts,192-168-61-95-9100_node-memory-inactive-bytes,0.5,30,30,0.49622222222222223,0.5037777777777778,30,30,29,0.5,baseline-v2-20260723,cd270e7871bd358937d83d9a49829637fa80007d2964084ef229f578e3733bd3,ba75425861a059dafcc477474fc3e4ed1eafdc2b47d6fdd0557337035d29a960,bab1cb3cf0895493ae8f897752724abb4031870c783b2c00f0014d166932665c,3538442,1693197930000000000,300
SS/catalogue_delay/2,SS,catalogue,delay,2,300,300,burst,0.5,1,0.5,median_shift,3,0.3333333333333333,0.6,0.09090909090909091,0,1,1,23,97.5034000002779,192-168-85-112-9100|catalogue-db|catalogue|orders|queue-master,192-168-85-112-9100_node-memory-active-bytes,0.5,30,30,0.49622222222222223,0.5037777777777778,30,30,29,0.5,baseline-v2-20260723,cd270e7871bd358937d83d9a49829637fa80007d2964084ef229f578e3733bd3,ba75425861a059dafcc477474fc3e4ed1eafdc2b47d6fdd0557337035d29a960,bab1cb3cf0895493ae8f897752724abb4031870c783b2c00f0014d166932665c,3538442,1693197930000000000,300
SS/catalogue_delay/2,SS,catalogue,delay,2,300,300,burst,0.5,1,0.5,nsigma,1,1.0,1.0,0.0,1,1,1,23,267.29989994782954,catalogue|front-end|shipping|carts|queue-master,catalogue_istio-latency-90,0.5,30,30,0.49622222222222223,0.5037777777777778,30,30,29,0.5,baseline-v2-20260723,cd270e7871bd358937d83d9a49829637fa80007d2964084ef229f578e3733bd3,ba75425861a059dafcc477474fc3e4ed1eafdc2b47d6fdd0557337035d29a960,bab1cb3cf0895493ae8f897752724abb4031870c783b2c00f0014d166932665c,3538442,1693197930000000000,300
SS/catalogue_delay/2,SS,catalogue,delay,2,300,300,burst,0.5,2,0.5,baro,12,0.08333333333333333,0.0,0.5,0,0,0,23,332.05199998337775,192-168-61-95-9100|192-168-33-39-9100|user-db|carts|carts-db,192-168-61-95-9100_node-memory-inactive-bytes,0.5,30,30,0.46055555555555555,0.5394444444444444,30,30,28,0.5,baseline-v2-20260723,cd270e7871bd358937d83d9a49829637fa80007d2964084ef229f578e3733bd3,ba75425861a059dafcc477474fc3e4ed1eafdc2b47d6fdd0557337035d29a960,bab1cb3cf0895493ae8f897752724abb4031870c783b2c00f0014d166932665c,3538442,1693197930000000000,300
SS/catalogue_delay/2,SS,catalogue,delay,2,300,300,burst,0.5,2,0.5,median_shift,3,0.3333333333333333,0.6,0.09090909090909091,0,1,1,23,106.95129999658093,192-168-33-39-9100|catalogue-db|catalogue|front-end|orders-db,192-168-33-39-9100_node-disk-reads-completed-total,0.5,30,30,0.46055555555555555,0.5394444444444444,30,30,28,0.5,baseline-v2-20260723,cd270e7871bd358937d83d9a49829637fa80007d2964084ef229f578e3733bd3,ba75425861a059dafcc477474fc3e4ed1eafdc2b47d6fdd0557337035d29a960,bab1cb3cf0895493ae8f897752724abb4031870c783b2c00f0014d166932665c,3538442,1693197930000000000,300
SS/catalogue_delay/2,SS,catalogue,delay,2,300,300,burst,0.5,2,0.5,nsigma,1,1.0,1.0,0.0,1,1,1,23,367.94450000161305,catalogue|front-end|192-168-64-231-9100|user|carts,catalogue_istio-latency-90,0.5,30,30,0.46055555555555555,0.5394444444444444,30,30,28,0.5,baseline-v2-20260723,cd270e7871bd358937d83d9a49829637fa80007d2964084ef229f578e3733bd3,ba75425861a059dafcc477474fc3e4ed1eafdc2b47d6fdd0557337035d29a960,bab1cb3cf0895493ae8f897752724abb4031870c783b2c00f0014d166932665c,3538442,1693197930000000000,300
SS/catalogue_delay/2,SS,catalogue,delay,2,300,300,burst,0.5,3,0.5,baro,13,0.07692307692307693,0.0,0.5454545454545454,0,0,0,23,388.33089999388903,192-168-2-165-9100|192-168-85-112-9100|192-168-64-231-9100|192-168-33-39-9100|carts-db,192-168-2-165-9100_node-memory-inactive-bytes,0.5,30,30,0.4776666666666667,0.5223333333333333,30,30,30,0.5,baseline-v2-20260723,cd270e7871bd358937d83d9a49829637fa80007d2964084ef229f578e3733bd3,ba75425861a059dafcc477474fc3e4ed1eafdc2b47d6fdd0557337035d29a960,bab1cb3cf0895493ae8f897752724abb4031870c783b2c00f0014d166932665c,3538442,1693197930000000000,300
SS/catalogue_delay/2,SS,catalogue,delay,2,300,300,burst,0.5,3,0.5,median_shift,3,0.3333333333333333,0.6,0.09090909090909091,0,1,1,23,108.140199969057,carts-db|catalogue-db|catalogue|orders-db|orders,carts-db_container-fs-writes-bytes-total,0.5,30,30,0.4776666666666667,0.5223333333333333,30,30,30,0.5,baseline-v2-20260723,cd270e7871bd358937d83d9a49829637fa80007d2964084ef229f578e3733bd3,ba75425861a059dafcc477474fc3e4ed1eafdc2b47d6fdd0557337035d29a960,bab1cb3cf0895493ae8f897752724abb4031870c783b2c00f0014d166932665c,3538442,1693197930000000000,300
SS/catalogue_delay/2,SS,catalogue,delay,2,300,300,burst,0.5,3,0.5,nsigma,1,1.0,1.0,0.0,1,1,1,23,277.9364999732934,catalogue|front-end|shipping|192-168-64-231-9100|carts,catalogue_istio-latency-90,0.5,30,30,0.4776666666666667,0.5223333333333333,30,30,30,0.5,baseline-v2-20260723,cd270e7871bd358937d83d9a49829637fa80007d2964084ef229f578e3733bd3,ba75425861a059dafcc477474fc3e4ed1eafdc2b47d6fdd0557337035d29a960,bab1cb3cf0895493ae8f897752724abb4031870c783b2c00f0014d166932665c,3538442,1693197930000000000,300
SS/catalogue_delay/2,SS,catalogue,delay,2,300,300,burst,0.5,4,0.5,baro,11,0.09090909090909091,0.0,0.45454545454545453,0,0,0,23,371.1248000035994,192-168-2-165-9100|192-168-61-95-9100|192-168-64-231-9100|192-168-33-39-9100|user-db,192-168-2-165-9100_node-memory-inactive-bytes,0.5,30,30,0.3968888888888889,0.6031111111111112,30,30,30,0.5,baseline-v2-20260723,cd270e7871bd358937d83d9a49829637fa80007d2964084ef229f578e3733bd3,ba75425861a059dafcc477474fc3e4ed1eafdc2b47d6fdd0557337035d29a960,bab1cb3cf0895493ae8f897752724abb4031870c783b2c00f0014d166932665c,3538442,1693197930000000000,300
SS/catalogue_delay/2,SS,catalogue,delay,2,300,300,burst,0.5,4,0.5,median_shift,4,0.25,0.4,0.13636363636363635,0,0,1,23,107.91599994990975,192-168-33-39-9100|carts-db|catalogue-db|catalogue|front-end,192-168-33-39-9100_node-disk-reads-completed-total,0.5,30,30,0.3968888888888889,0.6031111111111112,30,30,30,0.5,baseline-v2-20260723,cd270e7871bd358937d83d9a49829637fa80007d2964084ef229f578e3733bd3,ba75425861a059dafcc477474fc3e4ed1eafdc2b47d6fdd0557337035d29a960,bab1cb3cf0895493ae8f897752724abb4031870c783b2c00f0014d166932665c,3538442,1693197930000000000,300
SS/catalogue_delay/2,SS,catalogue,delay,2,300,300,burst,0.5,4,0.5,nsigma,1,1.0,1.0,0.0,1,1,1,23,286.6665999754332,catalogue|front-end|shipping|orders|carts,catalogue_istio-latency-50,0.5,30,30,0.3968888888888889,0.6031111111111112,30,30,30,0.5,baseline-v2-20260723,cd270e7871bd358937d83d9a49829637fa80007d2964084ef229f578e3733bd3,ba75425861a059dafcc477474fc3e4ed1eafdc2b47d6fdd0557337035d29a960,bab1cb3cf0895493ae8f897752724abb4031870c783b2c00f0014d166932665c,3538442,1693197930000000000,300
SS/catalogue_delay/2,SS,catalogue,delay,2,300,300,burst,0.5,5,0.5,baro,10,0.1,0.0,0.4090909090909091,0,0,0,23,318.62410000758246,carts|carts-db|user-db|orders-db|front-end,carts_container-memory-usage-bytes,0.5,30,30,0.49433333333333335,0.5056666666666667,30,30,30,0.5,baseline-v2-20260723,cd270e7871bd358937d83d9a49829637fa80007d2964084ef229f578e3733bd3,ba75425861a059dafcc477474fc3e4ed1eafdc2b47d6fdd0557337035d29a960,bab1cb3cf0895493ae8f897752724abb4031870c783b2c00f0014d166932665c,3538442,1693197930000000000,300
SS/catalogue_delay/2,SS,catalogue,delay,2,300,300,burst,0.5,5,0.5,median_shift,5,0.2,0.2,0.18181818181818182,0,0,1,23,116.74600001424551,192-168-33-39-9100|192-168-64-231-9100|carts-db|catalogue-db|catalogue,192-168-33-39-9100_node-disk-reads-completed-total,0.5,30,30,0.49433333333333335,0.5056666666666667,30,30,30,0.5,baseline-v2-20260723,cd270e7871bd358937d83d9a49829637fa80007d2964084ef229f578e3733bd3,ba75425861a059dafcc477474fc3e4ed1eafdc2b47d6fdd0557337035d29a960,bab1cb3cf0895493ae8f897752724abb4031870c783b2c00f0014d166932665c,3538442,1693197930000000000,300
SS/catalogue_delay/2,SS,catalogue,delay,2,300,300,burst,0.5,5,0.5,nsigma,1,1.0,1.0,0.0,1,1,1,23,267.0609999913722,catalogue|front-end|orders|carts|orders-db,catalogue_istio-latency-90,0.5,30,30,0.49433333333333335,0.5056666666666667,30,30,30,0.5,baseline-v2-20260723,cd270e7871bd358937d83d9a49829637fa80007d2964084ef229f578e3733bd3,ba75425861a059dafcc477474fc3e4ed1eafdc2b47d6fdd0557337035d29a960,bab1cb3cf0895493ae8f897752724abb4031870c783b2c00f0014d166932665c,3538442,1693197930000000000,300
SS/catalogue_delay/2,SS,catalogue,delay,2,300,300,burst,0.5,6,0.5,baro,8,0.125,0.0,0.3181818181818182,0,0,0,23,408.931499987375,192-168-2-165-9100|queue-master|carts|orders-db|front-end,192-168-2-165-9100_node-memory-inactive-bytes,0.5,30,30,0.5151111111111111,0.48488888888888887,30,30,30,0.5,baseline-v2-20260723,cd270e7871bd358937d83d9a49829637fa80007d2964084ef229f578e3733bd3,ba75425861a059dafcc477474fc3e4ed1eafdc2b47d6fdd0557337035d29a960,bab1cb3cf0895493ae8f897752724abb4031870c783b2c00f0014d166932665c,3538442,1693197930000000000,300
SS/catalogue_delay/2,SS,catalogue,delay,2,300,300,burst,0.5,6,0.5,median_shift,3,0.3333333333333333,0.6,0.09090909090909091,0,1,1,23,132.67909997375682,192-168-33-39-9100|catalogue-db|catalogue|front-end|front,192-168-33-39-9100_node-disk-read-bytes-total,0.5,30,30,0.5151111111111111,0.48488888888888887,30,30,30,0.5,baseline-v2-20260723,cd270e7871bd358937d83d9a49829637fa80007d2964084ef229f578e3733bd3,ba75425861a059dafcc477474fc3e4ed1eafdc2b47d6fdd0557337035d29a960,bab1cb3cf0895493ae8f897752724abb4031870c783b2c00f0014d166932665c,3538442,1693197930000000000,300
SS/catalogue_delay/2,SS,catalogue,delay,2,300,300,burst,0.5,6,0.5,nsigma,2,0.5,0.8,0.045454545454545456,0,1,1,23,302.9922000132501,front-end|catalogue|orders|carts|queue-master,front-end_istio-latency-99,0.5,30,30,0.5151111111111111,0.48488888888888887,30,30,30,0.5,baseline-v2-20260723,cd270e7871bd358937d83d9a49829637fa80007d2964084ef229f578e3733bd3,ba75425861a059dafcc477474fc3e4ed1eafdc2b47d6fdd0557337035d29a960,bab1cb3cf0895493ae8f897752724abb4031870c783b2c00f0014d166932665c,3538442,1693197930000000000,300
SS/catalogue_delay/2,SS,catalogue,delay,2,300,300,burst,0.5,7,0.5,baro,11,0.09090909090909091,0.0,0.45454545454545453,0,0,0,23,352.5983999716118,192-168-2-165-9100|192-168-61-95-9100|192-168-64-231-9100|queue-master|user-db,192-168-2-165-9100_node-memory-inactive-bytes,0.5,30,30,0.547,0.453,29,30,28,0.5,baseline-v2-20260723,cd270e7871bd358937d83d9a49829637fa80007d2964084ef229f578e3733bd3,ba75425861a059dafcc477474fc3e4ed1eafdc2b47d6fdd0557337035d29a960,bab1cb3cf0895493ae8f897752724abb4031870c783b2c00f0014d166932665c,3538442,1693197930000000000,300
SS/catalogue_delay/2,SS,catalogue,delay,2,300,300,burst,0.5,7,0.5,median_shift,4,0.25,0.4,0.13636363636363635,0,0,1,23,165.84709996823221,192-168-33-39-9100|carts-db|catalogue-db|catalogue|front,192-168-33-39-9100_node-disk-read-bytes-total,0.5,30,30,0.547,0.453,29,30,28,0.5,baseline-v2-20260723,cd270e7871bd358937d83d9a49829637fa80007d2964084ef229f578e3733bd3,ba75425861a059dafcc477474fc3e4ed1eafdc2b47d6fdd0557337035d29a960,bab1cb3cf0895493ae8f897752724abb4031870c783b2c00f0014d166932665c,3538442,1693197930000000000,300
SS/catalogue_delay/2,SS,catalogue,delay,2,300,300,burst,0.5,7,0.5,nsigma,1,1.0,1.0,0.0,1,1,1,23,316.8271000031382,catalogue|front-end|orders|user-db|queue-master,catalogue_istio-latency-90,0.5,30,30,0.547,0.453,29,30,28,0.5,baseline-v2-20260723,cd270e7871bd358937d83d9a49829637fa80007d2964084ef229f578e3733bd3,ba75425861a059dafcc477474fc3e4ed1eafdc2b47d6fdd0557337035d29a960,bab1cb3cf0895493ae8f897752724abb4031870c783b2c00f0014d166932665c,3538442,1693197930000000000,300
SS/catalogue_delay/2,SS,catalogue,delay,2,300,300,burst,0.5,8,0.5,baro,13,0.07692307692307693,0.0,0.5454545454545454,0,0,0,23,429.8641000059433,192-168-2-165-9100|192-168-61-95-9100|192-168-64-231-9100|192-168-33-39-9100|carts-db,192-168-2-165-9100_node-memory-inactive-bytes,0.5,30,30,0.5293333333333333,0.4706666666666667,30,29,28,0.5,baseline-v2-20260723,cd270e7871bd358937d83d9a49829637fa80007d2964084ef229f578e3733bd3,ba75425861a059dafcc477474fc3e4ed1eafdc2b47d6fdd0557337035d29a960,bab1cb3cf0895493ae8f897752724abb4031870c783b2c00f0014d166932665c,3538442,1693197930000000000,300
SS/catalogue_delay/2,SS,catalogue,delay,2,300,300,burst,0.5,8,0.5,median_shift,3,0.3333333333333333,0.6,0.09090909090909091,0,1,1,23,148.86189997196198,carts-db|catalogue-db|catalogue|orders-db|orders,carts-db_container-cpu-usage-seconds-total,0.5,30,30,0.5293333333333333,0.4706666666666667,30,29,28,0.5,baseline-v2-20260723,cd270e7871bd358937d83d9a49829637fa80007d2964084ef229f578e3733bd3,ba75425861a059dafcc477474fc3e4ed1eafdc2b47d6fdd0557337035d29a960,bab1cb3cf0895493ae8f897752724abb4031870c783b2c00f0014d166932665c,3538442,1693197930000000000,300
SS/catalogue_delay/2,SS,catalogue,delay,2,300,300,burst,0.5,8,0.5,nsigma,1,1.0,1.0,0.0,1,1,1,23,326.4989000163041,catalogue|front-end|orders|carts-db|carts,catalogue_istio-latency-90,0.5,30,30,0.5293333333333333,0.4706666666666667,30,29,28,0.5,baseline-v2-20260723,cd270e7871bd358937d83d9a49829637fa80007d2964084ef229f578e3733bd3,ba75425861a059dafcc477474fc3e4ed1eafdc2b47d6fdd0557337035d29a960,bab1cb3cf0895493ae8f897752724abb4031870c783b2c00f0014d166932665c,3538442,1693197930000000000,300
SS/catalogue_delay/2,SS,catalogue,delay,2,300,300,burst,0.5,9,0.5,baro,10,0.1,0.0,0.4090909090909091,0,0,0,23,409.2227999935858,192-168-85-112-9100|192-168-64-231-9100|user-db|carts|carts-db,192-168-85-112-9100_node-memory-inactive-bytes,0.5,30,30,0.5425555555555556,0.45744444444444443,30,29,29,0.5,baseline-v2-20260723,cd270e7871bd358937d83d9a49829637fa80007d2964084ef229f578e3733bd3,ba75425861a059dafcc477474fc3e4ed1eafdc2b47d6fdd0557337035d29a960,bab1cb3cf0895493ae8f897752724abb4031870c783b2c00f0014d166932665c,3538442,1693197930000000000,300
SS/catalogue_delay/2,SS,catalogue,delay,2,300,300,burst,0.5,9,0.5,median_shift,3,0.3333333333333333,0.6,0.09090909090909091,0,1,1,23,101.74419998656958,carts|catalogue-db|catalogue|front-end|orders-db,carts_container-memory-usage-bytes,0.5,30,30,0.5425555555555556,0.45744444444444443,30,29,29,0.5,baseline-v2-20260723,cd270e7871bd358937d83d9a49829637fa80007d2964084ef229f578e3733bd3,ba75425861a059dafcc477474fc3e4ed1eafdc2b47d6fdd0557337035d29a960,bab1cb3cf0895493ae8f897752724abb4031870c783b2c00f0014d166932665c,3538442,1693197930000000000,300
SS/catalogue_delay/2,SS,catalogue,delay,2,300,300,burst,0.5,9,0.5,nsigma,1,1.0,1.0,0.0,1,1,1,23,333.3431000355631,catalogue|front-end|queue-master|orders|192-168-33-39-9100,catalogue_istio-latency-99,0.5,30,30,0.5425555555555556,0.45744444444444443,30,29,29,0.5,baseline-v2-20260723,cd270e7871bd358937d83d9a49829637fa80007d2964084ef229f578e3733bd3,ba75425861a059dafcc477474fc3e4ed1eafdc2b47d6fdd0557337035d29a960,bab1cb3cf0895493ae8f897752724abb4031870c783b2c00f0014d166932665c,3538442,1693197930000000000,300
SS/catalogue_delay/2,SS,catalogue,delay,2,300,300,incident,0.1,0,0.1,baro,2,0.5,0.8,0.045454545454545456,0,1,1,23,384.20059997588396,shipping|catalogue|front-end|session-db|orders,shipping_container-memory-rss,0.7570555555555556,30,30,0.8978888888888888,0.6162222222222222,30,30,30,0.9,baseline-v2-20260723,cd270e7871bd358937d83d9a49829637fa80007d2964084ef229f578e3733bd3,ba75425861a059dafcc477474fc3e4ed1eafdc2b47d6fdd0557337035d29a960,bab1cb3cf0895493ae8f897752724abb4031870c783b2c00f0014d166932665c,3538442,1693197930000000000,300
SS/catalogue_delay/2,SS,catalogue,delay,2,300,300,incident,0.1,0,0.1,median_shift,2,0.5,0.8,0.045454545454545456,0,1,1,23,113.55359997833148,catalogue-db|catalogue|queue-master|shipping|front-end,catalogue-db_container-memory-failures-total,0.7570555555555556,30,30,0.8978888888888888,0.6162222222222222,30,30,30,0.9,baseline-v2-20260723,cd270e7871bd358937d83d9a49829637fa80007d2964084ef229f578e3733bd3,ba75425861a059dafcc477474fc3e4ed1eafdc2b47d6fdd0557337035d29a960,bab1cb3cf0895493ae8f897752724abb4031870c783b2c00f0014d166932665c,3538442,1693197930000000000,300
SS/catalogue_delay/2,SS,catalogue,delay,2,300,300,incident,0.1,0,0.1,nsigma,1,1.0,1.0,0.0,1,1,1,23,284.395000024233,catalogue|front-end|orders|carts|queue-master,catalogue_istio-latency-95,0.7570555555555556,30,30,0.8978888888888888,0.6162222222222222,30,30,30,0.9,baseline-v2-20260723,cd270e7871bd358937d83d9a49829637fa80007d2964084ef229f578e3733bd3,ba75425861a059dafcc477474fc3e4ed1eafdc2b47d6fdd0557337035d29a960,bab1cb3cf0895493ae8f897752724abb4031870c783b2c00f0014d166932665c,3538442,1693197930000000000,300
SS/catalogue_delay/2,SS,catalogue,delay,2,300,300,incident,0.1,1,0.1,baro,2,0.5,0.8,0.045454545454545456,0,1,1,23,400.0364000094123,shipping|catalogue|front-end|session-db|orders,shipping_container-memory-rss,0.7575,30,30,0.8998888888888888,0.6151111111111112,30,30,30,0.9,baseline-v2-20260723,cd270e7871bd358937d83d9a49829637fa80007d2964084ef229f578e3733bd3,ba75425861a059dafcc477474fc3e4ed1eafdc2b47d6fdd0557337035d29a960,bab1cb3cf0895493ae8f897752724abb4031870c783b2c00f0014d166932665c,3538442,1693197930000000000,300
SS/catalogue_delay/2,SS,catalogue,delay,2,300,300,incident,0.1,1,0.1,median_shift,2,0.5,0.8,0.045454545454545456,0,1,1,23,111.44720000447705,catalogue-db|catalogue|queue-master|shipping|front-end,catalogue-db_container-memory-failures-total,0.7575,30,30,0.8998888888888888,0.6151111111111112,30,30,30,0.9,baseline-v2-20260723,cd270e7871bd358937d83d9a49829637fa80007d2964084ef229f578e3733bd3,ba75425861a059dafcc477474fc3e4ed1eafdc2b47d6fdd0557337035d29a960,bab1cb3cf0895493ae8f897752724abb4031870c783b2c00f0014d166932665c,3538442,1693197930000000000,300
SS/catalogue_delay/2,SS,catalogue,delay,2,300,300,incident,0.1,1,0.1,nsigma,1,1.0,1.0,0.0,1,1,1,23,294.2244000150822,catalogue|front-end|orders|user|carts,catalogue_istio-latency-95,0.7575,30,30,0.8998888888888888,0.6151111111111112,30,30,30,0.9,baseline-v2-20260723,cd270e7871bd358937d83d9a49829637fa80007d2964084ef229f578e3733bd3,ba75425861a059dafcc477474fc3e4ed1eafdc2b47d6fdd0557337035d29a960,bab1cb3cf0895493ae8f897752724abb4031870c783b2c00f0014d166932665c,3538442,1693197930000000000,300
SS/catalogue_delay/2,SS,catalogue,delay,2,300,300,incident,0.1,2,0.1,baro,2,0.5,0.8,0.045454545454545456,0,1,1,23,383.5237000021152,shipping|catalogue|front-end|session-db|orders,shipping_container-memory-rss,0.7586111111111111,30,30,0.9014444444444445,0.6157777777777778,30,30,30,0.9,baseline-v2-20260723,cd270e7871bd358937d83d9a49829637fa80007d2964084ef229f578e3733bd3,ba75425861a059dafcc477474fc3e4ed1eafdc2b47d6fdd0557337035d29a960,bab1cb3cf0895493ae8f897752724abb4031870c783b2c00f0014d166932665c,3538442,1693197930000000000,300
SS/catalogue_delay/2,SS,catalogue,delay,2,300,300,incident,0.1,2,0.1,median_shift,2,0.5,0.8,0.045454545454545456,0,1,1,23,115.61889998847619,catalogue-db|catalogue|queue-master|shipping|front-end,catalogue-db_container-memory-failures-total,0.7586111111111111,30,30,0.9014444444444445,0.6157777777777778,30,30,30,0.9,baseline-v2-20260723,cd270e7871bd358937d83d9a49829637fa80007d2964084ef229f578e3733bd3,ba75425861a059dafcc477474fc3e4ed1eafdc2b47d6fdd0557337035d29a960,bab1cb3cf0895493ae8f897752724abb4031870c783b2c00f0014d166932665c,3538442,1693197930000000000,300
SS/catalogue_delay/2,SS,catalogue,delay,2,300,300,incident,0.1,2,0.1,nsigma,1,1.0,1.0,0.0,1,1,1,23,271.37969998875633,catalogue|front-end|orders|carts|queue-master,catalogue_istio-latency-95,0.7586111111111111,30,30,0.9014444444444445,0.6157777777777778,30,30,30,0.9,baseline-v2-20260723,cd270e7871bd358937d83d9a49829637fa80007d2964084ef229f578e3733bd3,ba75425861a059dafcc477474fc3e4ed1eafdc2b47d6fdd0557337035d29a960,bab1cb3cf0895493ae8f897752724abb4031870c783b2c00f0014d166932665c,3538442,1693197930000000000,300
SS/catalogue_delay/2,SS,catalogue,delay,2,300,300,incident,0.1,3,0.1,baro,2,0.5,0.8,0.045454545454545456,0,1,1,23,363.1192999891937,shipping|catalogue|front-end|session-db|orders,shipping_container-memory-rss,0.7553888888888889,30,30,0.897,0.6137777777777778,30,30,30,0.9,baseline-v2-20260723,cd270e7871bd358937d83d9a49829637fa80007d2964084ef229f578e3733bd3,ba75425861a059dafcc477474fc3e4ed1eafdc2b47d6fdd0557337035d29a960,bab1cb3cf0895493ae8f897752724abb4031870c783b2c00f0014d166932665c,3538442,1693197930000000000,300
SS/catalogue_delay/2,SS,catalogue,delay,2,300,300,incident,0.1,3,0.1,median_shift,2,0.5,0.8,0.045454545454545456,0,1,1,23,115.9905000240542,catalogue-db|catalogue|queue-master|shipping|front-end,catalogue-db_container-memory-failures-total,0.7553888888888889,30,30,0.897,0.6137777777777778,30,30,30,0.9,baseline-v2-20260723,cd270e7871bd358937d83d9a49829637fa80007d2964084ef229f578e3733bd3,ba75425861a059dafcc477474fc3e4ed1eafdc2b47d6fdd0557337035d29a960,bab1cb3cf0895493ae8f897752724abb4031870c783b2c00f0014d166932665c,3538442,1693197930000000000,300
SS/catalogue_delay/2,SS,catalogue,delay,2,300,300,incident,0.1,3,0.1,nsigma,1,1.0,1.0,0.0,1,1,1,23,300.3021999611519,catalogue|front-end|orders|user|carts,catalogue_istio-latency-95,0.7553888888888889,30,30,0.897,0.6137777777777778,30,30,30,0.9,baseline-v2-20260723,cd270e7871bd358937d83d9a49829637fa80007d2964084ef229f578e3733bd3,ba75425861a059dafcc477474fc3e4ed1eafdc2b47d6fdd0557337035d29a960,bab1cb3cf0895493ae8f897752724abb4031870c783b2c00f0014d166932665c,3538442,1693197930000000000,300
SS/catalogue_delay/2,SS,catalogue,delay,2,300,300,incident,0.1,4,0.1,baro,2,0.5,0.8,0.045454545454545456,0,1,1,23,376.7336999881081,shipping|catalogue|front-end|session-db|orders,shipping_container-memory-rss,0.7587777777777778,30,30,0.9023333333333333,0.6152222222222222,30,30,30,0.9,baseline-v2-20260723,cd270e7871bd358937d83d9a49829637fa80007d2964084ef229f578e3733bd3,ba75425861a059dafcc477474fc3e4ed1eafdc2b47d6fdd0557337035d29a960,bab1cb3cf0895493ae8f897752724abb4031870c783b2c00f0014d166932665c,3538442,1693197930000000000,300
SS/catalogue_delay/2,SS,catalogue,delay,2,300,300,incident,0.1,4,0.1,median_shift,2,0.5,0.8,0.045454545454545456,0,1,1,23,124.85239998204634,catalogue-db|catalogue|queue-master|shipping|front-end,catalogue-db_container-memory-failures-total,0.7587777777777778,30,30,0.9023333333333333,0.6152222222222222,30,30,30,0.9,baseline-v2-20260723,cd270e7871bd358937d83d9a49829637fa80007d2964084ef229f578e3733bd3,ba75425861a059dafcc477474fc3e4ed1eafdc2b47d6fdd0557337035d29a960,bab1cb3cf0895493ae8f897752724abb4031870c783b2c00f0014d166932665c,3538442,1693197930000000000,300
SS/catalogue_delay/2,SS,catalogue,delay,2,300,300,incident,0.1,4,0.1,nsigma,1,1.0,1.0,0.0,1,1,1,23,309.1820999979973,catalogue|front-end|orders|user|carts,catalogue_istio-latency-95,0.7587777777777778,30,30,0.9023333333333333,0.6152222222222222,30,30,30,0.9,baseline-v2-20260723,cd270e7871bd358937d83d9a49829637fa80007d2964084ef229f578e3733bd3,ba75425861a059dafcc477474fc3e4ed1eafdc2b47d6fdd0557337035d29a960,bab1cb3cf0895493ae8f897752724abb4031870c783b2c00f0014d166932665c,3538442,1693197930000000000,300
SS/catalogue_delay/2,SS,catalogue,delay,2,300,300,incident,0.1,5,0.1,baro,2,0.5,0.8,0.045454545454545456,0,1,1,23,326.4054000028409,shipping|catalogue|front-end|session-db|orders,shipping_container-memory-rss,0.7581111111111111,30,30,0.9008888888888889,0.6153333333333333,30,30,30,0.9,baseline-v2-20260723,cd270e7871bd358937d83d9a49829637fa80007d2964084ef229f578e3733bd3,ba75425861a059dafcc477474fc3e4ed1eafdc2b47d6fdd0557337035d29a960,bab1cb3cf0895493ae8f897752724abb4031870c783b2c00f0014d166932665c,3538442,1693197930000000000,300
SS/catalogue_delay/2,SS,catalogue,delay,2,300,300,incident,0.1,5,0.1,median_shift,2,0.5,0.8,0.045454545454545456,0,1,1,23,108.84459997760132,catalogue-db|catalogue|queue-master|shipping|front-end,catalogue-db_container-memory-failures-total,0.7581111111111111,30,30,0.9008888888888889,0.6153333333333333,30,30,30,0.9,baseline-v2-20260723,cd270e7871bd358937d83d9a49829637fa80007d2964084ef229f578e3733bd3,ba75425861a059dafcc477474fc3e4ed1eafdc2b47d6fdd0557337035d29a960,bab1cb3cf0895493ae8f897752724abb4031870c783b2c00f0014d166932665c,3538442,1693197930000000000,300
SS/catalogue_delay/2,SS,catalogue,delay,2,300,300,incident,0.1,5,0.1,nsigma,1,1.0,1.0,0.0,1,1,1,23,272.833900002297,catalogue|front-end|orders|user|carts,catalogue_istio-latency-95,0.7581111111111111,30,30,0.9008888888888889,0.6153333333333333,30,30,30,0.9,baseline-v2-20260723,cd270e7871bd358937d83d9a49829637fa80007d2964084ef229f578e3733bd3,ba75425861a059dafcc477474fc3e4ed1eafdc2b47d6fdd0557337035d29a960,bab1cb3cf0895493ae8f897752724abb4031870c783b2c00f0014d166932665c,3538442,1693197930000000000,300
SS/catalogue_delay/2,SS,catalogue,delay,2,300,300,incident,0.1,6,0.1,baro,2,0.5,0.8,0.045454545454545456,0,1,1,23,378.9023999706842,shipping|catalogue|front-end|session-db|orders,shipping_container-memory-rss,0.7568333333333334,30,30,0.9004444444444445,0.6132222222222222,30,30,30,0.9,baseline-v2-20260723,cd270e7871bd358937d83d9a49829637fa80007d2964084ef229f578e3733bd3,ba75425861a059dafcc477474fc3e4ed1eafdc2b47d6fdd0557337035d29a960,bab1cb3cf0895493ae8f897752724abb4031870c783b2c00f0014d166932665c,3538442,1693197930000000000,300
SS/catalogue_delay/2,SS,catalogue,delay,2,300,300,incident,0.1,6,0.1,median_shift,2,0.5,0.8,0.045454545454545456,0,1,1,23,110.92359997564927,catalogue-db|catalogue|queue-master|shipping|front-end,catalogue-db_container-memory-failures-total,0.7568333333333334,30,30,0.9004444444444445,0.6132222222222222,30,30,30,0.9,baseline-v2-20260723,cd270e7871bd358937d83d9a49829637fa80007d2964084ef229f578e3733bd3,ba75425861a059dafcc477474fc3e4ed1eafdc2b47d6fdd0557337035d29a960,bab1cb3cf0895493ae8f897752724abb4031870c783b2c00f0014d166932665c,3538442,1693197930000000000,300
SS/catalogue_delay/2,SS,catalogue,delay,2,300,300,incident,0.1,6,0.1,nsigma,1,1.0,1.0,0.0,1,1,1,23,302.75860003894195,catalogue|front-end|orders|carts|user,catalogue_istio-latency-95,0.7568333333333334,30,30,0.9004444444444445,0.6132222222222222,30,30,30,0.9,baseline-v2-20260723,cd270e7871bd358937d83d9a49829637fa80007d2964084ef229f578e3733bd3,ba75425861a059dafcc477474fc3e4ed1eafdc2b47d6fdd0557337035d29a960,bab1cb3cf0895493ae8f897752724abb4031870c783b2c00f0014d166932665c,3538442,1693197930000000000,300
SS/catalogue_delay/2,SS,catalogue,delay,2,300,300,incident,0.1,7,0.1,baro,2,0.5,0.8,0.045454545454545456,0,1,1,23,347.3903999547474,shipping|catalogue|front-end|session-db|orders,shipping_container-memory-rss,0.7557777777777778,30,30,0.8964444444444445,0.6151111111111112,30,30,30,0.9,baseline-v2-20260723,cd270e7871bd358937d83d9a49829637fa80007d2964084ef229f578e3733bd3,ba75425861a059dafcc477474fc3e4ed1eafdc2b47d6fdd0557337035d29a960,bab1cb3cf0895493ae8f897752724abb4031870c783b2c00f0014d166932665c,3538442,1693197930000000000,300
SS/catalogue_delay/2,SS,catalogue,delay,2,300,300,incident,0.1,7,0.1,median_shift,2,0.5,0.8,0.045454545454545456,0,1,1,23,101.53049998916686,catalogue-db|catalogue|queue-master|shipping|front-end,catalogue-db_container-memory-failures-total,0.7557777777777778,30,30,0.8964444444444445,0.6151111111111112,30,30,30,0.9,baseline-v2-20260723,cd270e7871bd358937d83d9a49829637fa80007d2964084ef229f578e3733bd3,ba75425861a059dafcc477474fc3e4ed1eafdc2b47d6fdd0557337035d29a960,bab1cb3cf0895493ae8f897752724abb4031870c783b2c00f0014d166932665c,3538442,1693197930000000000,300
SS/catalogue_delay/2,SS,catalogue,delay,2,300,300,incident,0.1,7,0.1,nsigma,1,1.0,1.0,0.0,1,1,1,23,308.49369999486953,catalogue|front-end|orders|carts|queue-master,catalogue_istio-latency-95,0.7557777777777778,30,30,0.8964444444444445,0.6151111111111112,30,30,30,0.9,baseline-v2-20260723,cd270e7871bd358937d83d9a49829637fa80007d2964084ef229f578e3733bd3,ba75425861a059dafcc477474fc3e4ed1eafdc2b47d6fdd0557337035d29a960,bab1cb3cf0895493ae8f897752724abb4031870c783b2c00f0014d166932665c,3538442,1693197930000000000,300
SS/catalogue_delay/2,SS,catalogue,delay,2,300,300,incident,0.1,8,0.1,baro,2,0.5,0.8,0.045454545454545456,0,1,1,23,413.34850003477186,shipping|catalogue|front-end|session-db|orders,shipping_container-memory-rss,0.7541666666666667,30,30,0.8993333333333333,0.609,30,30,30,0.9,baseline-v2-20260723,cd270e7871bd358937d83d9a49829637fa80007d2964084ef229f578e3733bd3,ba75425861a059dafcc477474fc3e4ed1eafdc2b47d6fdd0557337035d29a960,bab1cb3cf0895493ae8f897752724abb4031870c783b2c00f0014d166932665c,3538442,1693197930000000000,300
SS/catalogue_delay/2,SS,catalogue,delay,2,300,300,incident,0.1,8,0.1,median_shift,2,0.5,0.8,0.045454545454545456,0,1,1,23,113.79709996981546,catalogue-db|catalogue|queue-master|shipping|front-end,catalogue-db_container-memory-failures-total,0.7541666666666667,30,30,0.8993333333333333,0.609,30,30,30,0.9,baseline-v2-20260723,cd270e7871bd358937d83d9a49829637fa80007d2964084ef229f578e3733bd3,ba75425861a059dafcc477474fc3e4ed1eafdc2b47d6fdd0557337035d29a960,bab1cb3cf0895493ae8f897752724abb4031870c783b2c00f0014d166932665c,3538442,1693197930000000000,300
SS/catalogue_delay/2,SS,catalogue,delay,2,300,300,incident,0.1,8,0.1,nsigma,1,1.0,1.0,0.0,1,1,1,23,376.44079996971413,catalogue|front-end|orders|user|carts,catalogue_istio-latency-95,0.7541666666666667,30,30,0.8993333333333333,0.609,30,30,30,0.9,baseline-v2-20260723,cd270e7871bd358937d83d9a49829637fa80007d2964084ef229f578e3733bd3,ba75425861a059dafcc477474fc3e4ed1eafdc2b47d6fdd0557337035d29a960,bab1cb3cf0895493ae8f897752724abb4031870c783b2c00f0014d166932665c,3538442,1693197930000000000,300
SS/catalogue_delay/2,SS,catalogue,delay,2,300,300,incident,0.1,9,0.1,baro,2,0.5,0.8,0.045454545454545456,0,1,1,23,352.0245000254363,shipping|catalogue|front-end|session-db|orders,shipping_container-memory-rss,0.7572222222222222,30,30,0.9016666666666666,0.6127777777777778,30,30,30,0.9,baseline-v2-20260723,cd270e7871bd358937d83d9a49829637fa80007d2964084ef229f578e3733bd3,ba75425861a059dafcc477474fc3e4ed1eafdc2b47d6fdd0557337035d29a960,bab1cb3cf0895493ae8f897752724abb4031870c783b2c00f0014d166932665c,3538442,1693197930000000000,300
SS/catalogue_delay/2,SS,catalogue,delay,2,300,300,incident,0.1,9,0.1,median_shift,2,0.5,0.8,0.045454545454545456,0,1,1,23,112.79490002198145,catalogue-db|catalogue|queue-master|shipping|front-end,catalogue-db_container-memory-failures-total,0.7572222222222222,30,30,0.9016666666666666,0.6127777777777778,30,30,30,0.9,baseline-v2-20260723,cd270e7871bd358937d83d9a49829637fa80007d2964084ef229f578e3733bd3,ba75425861a059dafcc477474fc3e4ed1eafdc2b47d6fdd0557337035d29a960,bab1cb3cf0895493ae8f897752724abb4031870c783b2c00f0014d166932665c,3538442,1693197930000000000,300
SS/catalogue_delay/2,SS,catalogue,delay,2,300,300,incident,0.1,9,0.1,nsigma,1,1.0,1.0,0.0,1,1,1,23,291.7836999986321,catalogue|front-end|orders|carts|user,catalogue_istio-latency-95,0.7572222222222222,30,30,0.9016666666666666,0.6127777777777778,30,30,30,0.9,baseline-v2-20260723,cd270e7871bd358937d83d9a49829637fa80007d2964084ef229f578e3733bd3,ba75425861a059dafcc477474fc3e4ed1eafdc2b47d6fdd0557337035d29a960,bab1cb3cf0895493ae8f897752724abb4031870c783b2c00f0014d166932665c,3538442,1693197930000000000,300
SS/catalogue_delay/2,SS,catalogue,delay,2,300,300,incident,0.3,0,0.3,baro,19,0.05263157894736842,0.0,0.8181818181818182,0,0,0,23,362.24159999983385,shipping|queue-master|carts|orders|192-168-61-95-9100,shipping_container-memory-failures-total,0.5897222222222223,30,30,0.6992222222222222,0.4802222222222222,30,30,30,0.7,baseline-v2-20260723,cd270e7871bd358937d83d9a49829637fa80007d2964084ef229f578e3733bd3,ba75425861a059dafcc477474fc3e4ed1eafdc2b47d6fdd0557337035d29a960,bab1cb3cf0895493ae8f897752724abb4031870c783b2c00f0014d166932665c,3538442,1693197930000000000,300
SS/catalogue_delay/2,SS,catalogue,delay,2,300,300,incident,0.3,0,0.3,median_shift,3,0.3333333333333333,0.6,0.09090909090909091,0,1,1,23,105.54980003507808,carts|orders-db|catalogue|payment|user,carts_istio-latency-90,0.5897222222222223,30,30,0.6992222222222222,0.4802222222222222,30,30,30,0.7,baseline-v2-20260723,cd270e7871bd358937d83d9a49829637fa80007d2964084ef229f578e3733bd3,ba75425861a059dafcc477474fc3e4ed1eafdc2b47d6fdd0557337035d29a960,bab1cb3cf0895493ae8f897752724abb4031870c783b2c00f0014d166932665c,3538442,1693197930000000000,300
SS/catalogue_delay/2,SS,catalogue,delay,2,300,300,incident,0.3,0,0.3,nsigma,13,0.07692307692307693,0.0,0.5454545454545454,0,0,0,23,316.37590000173077,shipping|queue-master|192-168-61-95-9100|carts-db|carts,shipping_container-memory-failures-total,0.5897222222222223,30,30,0.6992222222222222,0.4802222222222222,30,30,30,0.7,baseline-v2-20260723,cd270e7871bd358937d83d9a49829637fa80007d2964084ef229f578e3733bd3,ba75425861a059dafcc477474fc3e4ed1eafdc2b47d6fdd0557337035d29a960,bab1cb3cf0895493ae8f897752724abb4031870c783b2c00f0014d166932665c,3538442,1693197930000000000,300
SS/catalogue_delay/2,SS,catalogue,delay,2,300,300,incident,0.3,1,0.3,baro,20,0.05,0.0,0.8636363636363636,0,0,0,23,313.00759996520355,shipping|queue-master|carts|carts-db|192-168-85-112-9100,shipping_container-memory-failures-total,0.5891666666666666,30,30,0.6975555555555556,0.4807777777777778,30,30,29,0.7,baseline-v2-20260723,cd270e7871bd358937d83d9a49829637fa80007d2964084ef229f578e3733bd3,ba75425861a059dafcc477474fc3e4ed1eafdc2b47d6fdd0557337035d29a960,bab1cb3cf0895493ae8f897752724abb4031870c783b2c00f0014d166932665c,3538442,1693197930000000000,300
SS/catalogue_delay/2,SS,catalogue,delay,2,300,300,incident,0.3,1,0.3,median_shift,7,0.14285714285714285,0.0,0.2727272727272727,0,0,0,23,99.61139998631552,queue-master|rabbitmq|orders-db|carts|user,queue-master_container-memory-rss,0.5891666666666666,30,30,0.6975555555555556,0.4807777777777778,30,30,29,0.7,baseline-v2-20260723,cd270e7871bd358937d83d9a49829637fa80007d2964084ef229f578e3733bd3,ba75425861a059dafcc477474fc3e4ed1eafdc2b47d6fdd0557337035d29a960,bab1cb3cf0895493ae8f897752724abb4031870c783b2c00f0014d166932665c,3538442,1693197930000000000,300
SS/catalogue_delay/2,SS,catalogue,delay,2,300,300,incident,0.3,1,0.3,nsigma,13,0.07692307692307693,0.0,0.5454545454545454,0,0,0,23,269.3108000094071,shipping|queue-master|carts|carts-db|192-168-61-95-9100,shipping_container-memory-failures-total,0.5891666666666666,30,30,0.6975555555555556,0.4807777777777778,30,30,29,0.7,baseline-v2-20260723,cd270e7871bd358937d83d9a49829637fa80007d2964084ef229f578e3733bd3,ba75425861a059dafcc477474fc3e4ed1eafdc2b47d6fdd0557337035d29a960,bab1cb3cf0895493ae8f897752724abb4031870c783b2c00f0014d166932665c,3538442,1693197930000000000,300
SS/catalogue_delay/2,SS,catalogue,delay,2,300,300,incident,0.3,2,0.3,baro,10,0.1,0.0,0.4090909090909091,0,0,0,23,362.17899998882785,shipping|queue-master|carts|orders|192-168-85-112-9100,shipping_container-memory-failures-total,0.5893888888888889,30,30,0.6973333333333334,0.48144444444444445,30,30,29,0.7,baseline-v2-20260723,cd270e7871bd358937d83d9a49829637fa80007d2964084ef229f578e3733bd3,ba75425861a059dafcc477474fc3e4ed1eafdc2b47d6fdd0557337035d29a960,bab1cb3cf0895493ae8f897752724abb4031870c783b2c00f0014d166932665c,3538442,1693197930000000000,300
SS/catalogue_delay/2,SS,catalogue,delay,2,300,300,incident,0.3,2,0.3,median_shift,4,0.25,0.4,0.13636363636363635,0,0,1,23,89.25509999971837,carts|queue-master|rabbitmq|catalogue|orders-db,carts_istio-latency-90,0.5893888888888889,30,30,0.6973333333333334,0.48144444444444445,30,30,29,0.7,baseline-v2-20260723,cd270e7871bd358937d83d9a49829637fa80007d2964084ef229f578e3733bd3,ba75425861a059dafcc477474fc3e4ed1eafdc2b47d6fdd0557337035d29a960,bab1cb3cf0895493ae8f897752724abb4031870c783b2c00f0014d166932665c,3538442,1693197930000000000,300
SS/catalogue_delay/2,SS,catalogue,delay,2,300,300,incident,0.3,2,0.3,nsigma,11,0.09090909090909091,0.0,0.45454545454545453,0,0,0,23,288.4628999745473,shipping|queue-master|carts|catalogue-db|carts-db,shipping_container-memory-failures-total,0.5893888888888889,30,30,0.6973333333333334,0.48144444444444445,30,30,29,0.7,baseline-v2-20260723,cd270e7871bd358937d83d9a49829637fa80007d2964084ef229f578e3733bd3,ba75425861a059dafcc477474fc3e4ed1eafdc2b47d6fdd0557337035d29a960,bab1cb3cf0895493ae8f897752724abb4031870c783b2c00f0014d166932665c,3538442,1693197930000000000,300
SS/catalogue_delay/2,SS,catalogue,delay,2,300,300,incident,0.3,3,0.3,baro,12,0.08333333333333333,0.0,0.5,0,0,0,23,396.1260999785736,shipping|queue-master|carts|orders|front,shipping_container-memory-failures-total,0.5877222222222223,30,30,0.6964444444444444,0.479,30,30,30,0.7,baseline-v2-20260723,cd270e7871bd358937d83d9a49829637fa80007d2964084ef229f578e3733bd3,ba75425861a059dafcc477474fc3e4ed1eafdc2b47d6fdd0557337035d29a960,bab1cb3cf0895493ae8f897752724abb4031870c783b2c00f0014d166932665c,3538442,1693197930000000000,300
SS/catalogue_delay/2,SS,catalogue,delay,2,300,300,incident,0.3,3,0.3,median_shift,8,0.125,0.0,0.3181818181818182,0,0,0,23,96.73059999477118,queue-master|rabbitmq|orders-db|user|carts,queue-master_container-memory-usage-bytes,0.5877222222222223,30,30,0.6964444444444444,0.479,30,30,30,0.7,baseline-v2-20260723,cd270e7871bd358937d83d9a49829637fa80007d2964084ef229f578e3733bd3,ba75425861a059dafcc477474fc3e4ed1eafdc2b47d6fdd0557337035d29a960,bab1cb3cf0895493ae8f897752724abb4031870c783b2c00f0014d166932665c,3538442,1693197930000000000,300
SS/catalogue_delay/2,SS,catalogue,delay,2,300,300,incident,0.3,3,0.3,nsigma,13,0.07692307692307693,0.0,0.5454545454545454,0,0,0,23,302.8533000033349,shipping|queue-master|carts|carts-db|catalogue-db,shipping_container-memory-failures-total,0.5877222222222223,30,30,0.6964444444444444,0.479,30,30,30,0.7,baseline-v2-20260723,cd270e7871bd358937d83d9a49829637fa80007d2964084ef229f578e3733bd3,ba75425861a059dafcc477474fc3e4ed1eafdc2b47d6fdd0557337035d29a960,bab1cb3cf0895493ae8f897752724abb4031870c783b2c00f0014d166932665c,3538442,1693197930000000000,300
SS/catalogue_delay/2,SS,catalogue,delay,2,300,300,incident,0.3,4,0.3,baro,19,0.05263157894736842,0.0,0.8181818181818182,0,0,0,23,316.01360003696755,shipping|queue-master|carts|orders|rabbitmq,shipping_container-memory-failures-total,0.5935555555555555,30,30,0.7045555555555556,0.48255555555555557,30,30,29,0.7,baseline-v2-20260723,cd270e7871bd358937d83d9a49829637fa80007d2964084ef229f578e3733bd3,ba75425861a059dafcc477474fc3e4ed1eafdc2b47d6fdd0557337035d29a960,bab1cb3cf0895493ae8f897752724abb4031870c783b2c00f0014d166932665c,3538442,1693197930000000000,300
SS/catalogue_delay/2,SS,catalogue,delay,2,300,300,incident,0.3,4,0.3,median_shift,6,0.16666666666666666,0.0,0.22727272727272727,0,0,0,23,84.9447000073269,rabbitmq|orders-db|user|user-db|carts-db,rabbitmq_container-memory-usage-bytes,0.5935555555555555,30,30,0.7045555555555556,0.48255555555555557,30,30,29,0.7,baseline-v2-20260723,cd270e7871bd358937d83d9a49829637fa80007d2964084ef229f578e3733bd3,ba75425861a059dafcc477474fc3e4ed1eafdc2b47d6fdd0557337035d29a960,bab1cb3cf0895493ae8f897752724abb4031870c783b2c00f0014d166932665c,3538442,1693197930000000000,300
SS/catalogue_delay/2,SS,catalogue,delay,2,300,300,incident,0.3,4,0.3,nsigma,11,0.09090909090909091,0.0,0.45454545454545453,0,0,0,23,307.7208999893628,shipping|queue-master|user-db|carts-db|carts,shipping_container-memory-failures-total,0.5935555555555555,30,30,0.7045555555555556,0.48255555555555557,30,30,29,0.7,baseline-v2-20260723,cd270e7871bd358937d83d9a49829637fa80007d2964084ef229f578e3733bd3,ba75425861a059dafcc477474fc3e4ed1eafdc2b47d6fdd0557337035d29a960,bab1cb3cf0895493ae8f897752724abb4031870c783b2c00f0014d166932665c,3538442,1693197930000000000,300
SS/catalogue_delay/2,SS,catalogue,delay,2,300,300,incident,0.3,5,0.3,baro,15,0.06666666666666667,0.0,0.6363636363636364,0,0,0,23,419.9353000149131,shipping|queue-master|carts|orders|user-db,shipping_container-memory-failures-total,0.5910555555555556,30,30,0.7022222222222222,0.47988888888888886,30,30,30,0.7,baseline-v2-20260723,cd270e7871bd358937d83d9a49829637fa80007d2964084ef229f578e3733bd3,ba75425861a059dafcc477474fc3e4ed1eafdc2b47d6fdd0557337035d29a960,bab1cb3cf0895493ae8f897752724abb4031870c783b2c00f0014d166932665c,3538442,1693197930000000000,300
SS/catalogue_delay/2,SS,catalogue,delay,2,300,300,incident,0.3,5,0.3,median_shift,4,0.25,0.4,0.13636363636363635,0,0,1,23,99.28490000311285,queue-master|rabbitmq|user|catalogue|carts-db,queue-master_container-memory-rss,0.5910555555555556,30,30,0.7022222222222222,0.47988888888888886,30,30,30,0.7,baseline-v2-20260723,cd270e7871bd358937d83d9a49829637fa80007d2964084ef229f578e3733bd3,ba75425861a059dafcc477474fc3e4ed1eafdc2b47d6fdd0557337035d29a960,bab1cb3cf0895493ae8f897752724abb4031870c783b2c00f0014d166932665c,3538442,1693197930000000000,300
SS/catalogue_delay/2,SS,catalogue,delay,2,300,300,incident,0.3,5,0.3,nsigma,10,0.1,0.0,0.4090909090909091,0,0,0,23,318.71149997459725,shipping|queue-master|carts-db|catalogue-db|carts,shipping_container-memory-failures-total,0.5910555555555556,30,30,0.7022222222222222,0.47988888888888886,30,30,30,0.7,baseline-v2-20260723,cd270e7871bd358937d83d9a49829637fa80007d2964084ef229f578e3733bd3,ba75425861a059dafcc477474fc3e4ed1eafdc2b47d6fdd0557337035d29a960,bab1cb3cf0895493ae8f897752724abb4031870c783b2c00f0014d166932665c,3538442,1693197930000000000,300
SS/catalogue_delay/2,SS,catalogue,delay,2,300,300,incident,0.3,6,0.3,baro,12,0.08333333333333333,0.0,0.5,0,0,0,23,316.51450000936165,shipping|queue-master|carts|orders|carts-db,shipping_container-memory-failures-total,0.5851666666666666,30,30,0.6917777777777778,0.47855555555555557,30,30,27,0.7,baseline-v2-20260723,cd270e7871bd358937d83d9a49829637fa80007d2964084ef229f578e3733bd3,ba75425861a059dafcc477474fc3e4ed1eafdc2b47d6fdd0557337035d29a960,bab1cb3cf0895493ae8f897752724abb4031870c783b2c00f0014d166932665c,3538442,1693197930000000000,300
SS/catalogue_delay/2,SS,catalogue,delay,2,300,300,incident,0.3,6,0.3,median_shift,3,0.3333333333333333,0.6,0.09090909090909091,0,1,1,23,115.32240000087768,carts|rabbitmq|catalogue|orders-db|user,carts_istio-latency-90,0.5851666666666666,30,30,0.6917777777777778,0.47855555555555557,30,30,27,0.7,baseline-v2-20260723,cd270e7871bd358937d83d9a49829637fa80007d2964084ef229f578e3733bd3,ba75425861a059dafcc477474fc3e4ed1eafdc2b47d6fdd0557337035d29a960,bab1cb3cf0895493ae8f897752724abb4031870c783b2c00f0014d166932665c,3538442,1693197930000000000,300
SS/catalogue_delay/2,SS,catalogue,delay,2,300,300,incident,0.3,6,0.3,nsigma,12,0.08333333333333333,0.0,0.5,0,0,0,23,294.75050000473857,shipping|queue-master|carts|catalogue-db|carts-db,shipping_container-memory-failures-total,0.5851666666666666,30,30,0.6917777777777778,0.47855555555555557,30,30,27,0.7,baseline-v2-20260723,cd270e7871bd358937d83d9a49829637fa80007d2964084ef229f578e3733bd3,ba75425861a059dafcc477474fc3e4ed1eafdc2b47d6fdd0557337035d29a960,bab1cb3cf0895493ae8f897752724abb4031870c783b2c00f0014d166932665c,3538442,1693197930000000000,300
SS/catalogue_delay/2,SS,catalogue,delay,2,300,300,incident,0.3,7,0.3,baro,5,0.2,0.2,0.18181818181818182,0,0,1,23,370.276199944783,shipping|carts|orders|queue-master|catalogue,shipping_container-memory-failures-total,0.5923888888888889,30,30,0.7054444444444444,0.47933333333333333,30,30,30,0.7,baseline-v2-20260723,cd270e7871bd358937d83d9a49829637fa80007d2964084ef229f578e3733bd3,ba75425861a059dafcc477474fc3e4ed1eafdc2b47d6fdd0557337035d29a960,bab1cb3cf0895493ae8f897752724abb4031870c783b2c00f0014d166932665c,3538442,1693197930000000000,300
SS/catalogue_delay/2,SS,catalogue,delay,2,300,300,incident,0.3,7,0.3,median_shift,8,0.125,0.0,0.3181818181818182,0,0,0,23,89.19969998532906,orders-db|carts|payment|rabbitmq|user,orders-db_container-memory-rss,0.5923888888888889,30,30,0.7054444444444444,0.47933333333333333,30,30,30,0.7,baseline-v2-20260723,cd270e7871bd358937d83d9a49829637fa80007d2964084ef229f578e3733bd3,ba75425861a059dafcc477474fc3e4ed1eafdc2b47d6fdd0557337035d29a960,bab1cb3cf0895493ae8f897752724abb4031870c783b2c00f0014d166932665c,3538442,1693197930000000000,300
SS/catalogue_delay/2,SS,catalogue,delay,2,300,300,incident,0.3,7,0.3,nsigma,12,0.08333333333333333,0.0,0.5,0,0,0,23,301.46160000003874,shipping|carts|queue-master|catalogue-db|carts-db,shipping_container-cpu-usage-seconds-total,0.5923888888888889,30,30,0.7054444444444444,0.47933333333333333,30,30,30,0.7,baseline-v2-20260723,cd270e7871bd358937d83d9a49829637fa80007d2964084ef229f578e3733bd3,ba75425861a059dafcc477474fc3e4ed1eafdc2b47d6fdd0557337035d29a960,bab1cb3cf0895493ae8f897752724abb4031870c783b2c00f0014d166932665c,3538442,1693197930000000000,300
SS/catalogue_delay/2,SS,catalogue,delay,2,300,300,incident,0.3,8,0.3,baro,6,0.16666666666666666,0.0,0.22727272727272727,0,0,0,23,336.3183999899775,shipping|queue-master|carts|orders|carts-db,shipping_container-memory-failures-total,0.591,30,30,0.6977777777777778,0.4842222222222222,30,30,30,0.7,baseline-v2-20260723,cd270e7871bd358937d83d9a49829637fa80007d2964084ef229f578e3733bd3,ba75425861a059dafcc477474fc3e4ed1eafdc2b47d6fdd0557337035d29a960,bab1cb3cf0895493ae8f897752724abb4031870c783b2c00f0014d166932665c,3538442,1693197930000000000,300
SS/catalogue_delay/2,SS,catalogue,delay,2,300,300,incident,0.3,8,0.3,median_shift,3,0.3333333333333333,0.6,0.09090909090909091,0,1,1,23,81.82160003343597,rabbitmq|carts|catalogue|orders-db|queue-master,rabbitmq_container-memory-working-set-bytes,0.591,30,30,0.6977777777777778,0.4842222222222222,30,30,30,0.7,baseline-v2-20260723,cd270e7871bd358937d83d9a49829637fa80007d2964084ef229f578e3733bd3,ba75425861a059dafcc477474fc3e4ed1eafdc2b47d6fdd0557337035d29a960,bab1cb3cf0895493ae8f897752724abb4031870c783b2c00f0014d166932665c,3538442,1693197930000000000,300
SS/catalogue_delay/2,SS,catalogue,delay,2,300,300,incident,0.3,8,0.3,nsigma,12,0.08333333333333333,0.0,0.5,0,0,0,23,326.64179999846965,shipping|queue-master|carts-db|user-db|carts,shipping_container-memory-failures-total,0.591,30,30,0.6977777777777778,0.4842222222222222,30,30,30,0.7,baseline-v2-20260723,cd270e7871bd358937d83d9a49829637fa80007d2964084ef229f578e3733bd3,ba75425861a059dafcc477474fc3e4ed1eafdc2b47d6fdd0557337035d29a960,bab1cb3cf0895493ae8f897752724abb4031870c783b2c00f0014d166932665c,3538442,1693197930000000000,300
SS/catalogue_delay/2,SS,catalogue,delay,2,300,300,incident,0.3,9,0.3,baro,9,0.1111111111111111,0.0,0.36363636363636365,0,0,0,23,308.57220001053065,shipping|queue-master|carts|orders|payment,shipping_container-memory-failures-total,0.5916666666666667,30,30,0.7,0.48333333333333334,30,30,29,0.7,baseline-v2-20260723,cd270e7871bd358937d83d9a49829637fa80007d2964084ef229f578e3733bd3,ba75425861a059dafcc477474fc3e4ed1eafdc2b47d6fdd0557337035d29a960,bab1cb3cf0895493ae8f897752724abb4031870c783b2c00f0014d166932665c,3538442,1693197930000000000,300
SS/catalogue_delay/2,SS,catalogue,delay,2,300,300,incident,0.3,9,0.3,median_shift,7,0.14285714285714285,0.0,0.2727272727272727,0,0,0,23,116.96700000902638,rabbitmq|carts|user|orders-db|payment,rabbitmq_container-memory-usage-bytes,0.5916666666666667,30,30,0.7,0.48333333333333334,30,30,29,0.7,baseline-v2-20260723,cd270e7871bd358937d83d9a49829637fa80007d2964084ef229f578e3733bd3,ba75425861a059dafcc477474fc3e4ed1eafdc2b47d6fdd0557337035d29a960,bab1cb3cf0895493ae8f897752724abb4031870c783b2c00f0014d166932665c,3538442,1693197930000000000,300
SS/catalogue_delay/2,SS,catalogue,delay,2,300,300,incident,0.3,9,0.3,nsigma,12,0.08333333333333333,0.0,0.5,0,0,0,23,282.5076000299305,shipping|queue-master|carts|catalogue-db|carts-db,shipping_container-memory-failures-total,0.5916666666666667,30,30,0.7,0.48333333333333334,30,30,29,0.7,baseline-v2-20260723,cd270e7871bd358937d83d9a49829637fa80007d2964084ef229f578e3733bd3,ba75425861a059dafcc477474fc3e4ed1eafdc2b47d6fdd0557337035d29a960,bab1cb3cf0895493ae8f897752724abb4031870c783b2c00f0014d166932665c,3538442,1693197930000000000,300
SS/catalogue_delay/2,SS,catalogue,delay,2,300,300,incident,0.5,0,0.5,baro,18,0.05555555555555555,0.0,0.7727272727272727,0,0,0,23,289.86850002547726,shipping|carts|queue-master|orders|192-168-64-231-9100,shipping_container-memory-failures-total,0.4250555555555556,30,30,0.49377777777777776,0.35633333333333334,30,26,26,0.5,baseline-v2-20260723,cd270e7871bd358937d83d9a49829637fa80007d2964084ef229f578e3733bd3,ba75425861a059dafcc477474fc3e4ed1eafdc2b47d6fdd0557337035d29a960,bab1cb3cf0895493ae8f897752724abb4031870c783b2c00f0014d166932665c,3538442,1693197930000000000,300
SS/catalogue_delay/2,SS,catalogue,delay,2,300,300,incident,0.5,0,0.5,median_shift,6,0.16666666666666666,0.0,0.22727272727272727,0,0,0,23,82.93230005074292,queue-master|orders-db|front-end|rabbitmq|carts,queue-master_container-memory-usage-bytes,0.4250555555555556,30,30,0.49377777777777776,0.35633333333333334,30,26,26,0.5,baseline-v2-20260723,cd270e7871bd358937d83d9a49829637fa80007d2964084ef229f578e3733bd3,ba75425861a059dafcc477474fc3e4ed1eafdc2b47d6fdd0557337035d29a960,bab1cb3cf0895493ae8f897752724abb4031870c783b2c00f0014d166932665c,3538442,1693197930000000000,300
SS/catalogue_delay/2,SS,catalogue,delay,2,300,300,incident,0.5,0,0.5,nsigma,16,0.0625,0.0,0.6818181818181818,0,0,0,23,290.299899992533,shipping|carts|queue-master|user-db|orders-db,shipping_container-cpu-user-seconds-total,0.4250555555555556,30,30,0.49377777777777776,0.35633333333333334,30,26,26,0.5,baseline-v2-20260723,cd270e7871bd358937d83d9a49829637fa80007d2964084ef229f578e3733bd3,ba75425861a059dafcc477474fc3e4ed1eafdc2b47d6fdd0557337035d29a960,bab1cb3cf0895493ae8f897752724abb4031870c783b2c00f0014d166932665c,3538442,1693197930000000000,300
SS/catalogue_delay/2,SS,catalogue,delay,2,300,300,incident,0.5,1,0.5,baro,20,0.05,0.0,0.8636363636363636,0,0,0,23,335.1191999972798,shipping|carts|queue-master|192-168-64-231-9100|user,shipping_container-memory-failures-total,0.43294444444444447,30,30,0.5044444444444445,0.36144444444444446,30,26,24,0.5,baseline-v2-20260723,cd270e7871bd358937d83d9a49829637fa80007d2964084ef229f578e3733bd3,ba75425861a059dafcc477474fc3e4ed1eafdc2b47d6fdd0557337035d29a960,bab1cb3cf0895493ae8f897752724abb4031870c783b2c00f0014d166932665c,3538442,1693197930000000000,300
SS/catalogue_delay/2,SS,catalogue,delay,2,300,300,incident,0.5,1,0.5,median_shift,11,0.09090909090909091,0.0,0.45454545454545453,0,0,0,23,102.05129999667406,queue-master|user|user-db|carts-db|rabbitmq,queue-master_container-memory-working-set-bytes,0.43294444444444447,30,30,0.5044444444444445,0.36144444444444446,30,26,24,0.5,baseline-v2-20260723,cd270e7871bd358937d83d9a49829637fa80007d2964084ef229f578e3733bd3,ba75425861a059dafcc477474fc3e4ed1eafdc2b47d6fdd0557337035d29a960,bab1cb3cf0895493ae8f897752724abb4031870c783b2c00f0014d166932665c,3538442,1693197930000000000,300
SS/catalogue_delay/2,SS,catalogue,delay,2,300,300,incident,0.5,1,0.5,nsigma,18,0.05555555555555555,0.0,0.7727272727272727,0,0,0,23,288.6949999956414,shipping|carts|queue-master|user-db|carts-db,shipping_container-memory-failures-total,0.43294444444444447,30,30,0.5044444444444445,0.36144444444444446,30,26,24,0.5,baseline-v2-20260723,cd270e7871bd358937d83d9a49829637fa80007d2964084ef229f578e3733bd3,ba75425861a059dafcc477474fc3e4ed1eafdc2b47d6fdd0557337035d29a960,bab1cb3cf0895493ae8f897752724abb4031870c783b2c00f0014d166932665c,3538442,1693197930000000000,300
SS/catalogue_delay/2,SS,catalogue,delay,2,300,300,incident,0.5,2,0.5,baro,12,0.08333333333333333,0.0,0.5,0,0,0,23,324.7881000279449,shipping|carts|queue-master|orders|rabbitmq,shipping_container-memory-failures-total,0.4261111111111111,30,30,0.497,0.3552222222222222,30,25,24,0.5,baseline-v2-20260723,cd270e7871bd358937d83d9a49829637fa80007d2964084ef229f578e3733bd3,ba75425861a059dafcc477474fc3e4ed1eafdc2b47d6fdd0557337035d29a960,bab1cb3cf0895493ae8f897752724abb4031870c783b2c00f0014d166932665c,3538442,1693197930000000000,300
SS/catalogue_delay/2,SS,catalogue,delay,2,300,300,incident,0.5,2,0.5,median_shift,16,0.0625,0.0,0.6818181818181818,0,0,0,23,109.64270000113174,queue-master|carts-db|rabbitmq|user-db|carts,queue-master_container-memory-usage-bytes,0.4261111111111111,30,30,0.497,0.3552222222222222,30,25,24,0.5,baseline-v2-20260723,cd270e7871bd358937d83d9a49829637fa80007d2964084ef229f578e3733bd3,ba75425861a059dafcc477474fc3e4ed1eafdc2b47d6fdd0557337035d29a960,bab1cb3cf0895493ae8f897752724abb4031870c783b2c00f0014d166932665c,3538442,1693197930000000000,300
SS/catalogue_delay/2,SS,catalogue,delay,2,300,300,incident,0.5,2,0.5,nsigma,18,0.05555555555555555,0.0,0.7727272727272727,0,0,0,23,280.7953000301495,shipping|carts|queue-master|user-db|carts-db,shipping_container-cpu-usage-seconds-total,0.4261111111111111,30,30,0.497,0.3552222222222222,30,25,24,0.5,baseline-v2-20260723,cd270e7871bd358937d83d9a49829637fa80007d2964084ef229f578e3733bd3,ba75425861a059dafcc477474fc3e4ed1eafdc2b47d6fdd0557337035d29a960,bab1cb3cf0895493ae8f897752724abb4031870c783b2c00f0014d166932665c,3538442,1693197930000000000,300
SS/catalogue_delay/2,SS,catalogue,delay,2,300,300,incident,0.5,3,0.5,baro,14,0.07142857142857142,0.0,0.5909090909090909,0,0,0,23,343.3194999815896,shipping|carts|queue-master|orders|192-168-64-231-9100,shipping_container-memory-failures-total,0.4297222222222222,30,30,0.5026666666666667,0.3567777777777778,30,26,24,0.5,baseline-v2-20260723,cd270e7871bd358937d83d9a49829637fa80007d2964084ef229f578e3733bd3,ba75425861a059dafcc477474fc3e4ed1eafdc2b47d6fdd0557337035d29a960,bab1cb3cf0895493ae8f897752724abb4031870c783b2c00f0014d166932665c,3538442,1693197930000000000,300
SS/catalogue_delay/2,SS,catalogue,delay,2,300,300,incident,0.5,3,0.5,median_shift,17,0.058823529411764705,0.0,0.7272727272727273,0,0,0,23,117.6710000145249,queue-master|carts-db|front-end|rabbitmq|user-db,queue-master_container-memory-working-set-bytes,0.4297222222222222,30,30,0.5026666666666667,0.3567777777777778,30,26,24,0.5,baseline-v2-20260723,cd270e7871bd358937d83d9a49829637fa80007d2964084ef229f578e3733bd3,ba75425861a059dafcc477474fc3e4ed1eafdc2b47d6fdd0557337035d29a960,bab1cb3cf0895493ae8f897752724abb4031870c783b2c00f0014d166932665c,3538442,1693197930000000000,300
SS/catalogue_delay/2,SS,catalogue,delay,2,300,300,incident,0.5,3,0.5,nsigma,5,0.2,0.2,0.18181818181818182,0,0,1,23,308.6079000495374,shipping|carts|queue-master|user-db|catalogue,shipping_container-memory-failures-total,0.4297222222222222,30,30,0.5026666666666667,0.3567777777777778,30,26,24,0.5,baseline-v2-20260723,cd270e7871bd358937d83d9a49829637fa80007d2964084ef229f578e3733bd3,ba75425861a059dafcc477474fc3e4ed1eafdc2b47d6fdd0557337035d29a960,bab1cb3cf0895493ae8f897752724abb4031870c783b2c00f0014d166932665c,3538442,1693197930000000000,300
SS/catalogue_delay/2,SS,catalogue,delay,2,300,300,incident,0.5,4,0.5,baro,12,0.08333333333333333,0.0,0.5,0,0,0,23,353.49930002121255,shipping|carts|queue-master|orders|192-168-64-231-9100,shipping_container-memory-failures-total,0.42933333333333334,30,30,0.504,0.3546666666666667,30,25,24,0.5,baseline-v2-20260723,cd270e7871bd358937d83d9a49829637fa80007d2964084ef229f578e3733bd3,ba75425861a059dafcc477474fc3e4ed1eafdc2b47d6fdd0557337035d29a960,bab1cb3cf0895493ae8f897752724abb4031870c783b2c00f0014d166932665c,3538442,1693197930000000000,300
SS/catalogue_delay/2,SS,catalogue,delay,2,300,300,incident,0.5,4,0.5,median_shift,14,0.07142857142857142,0.0,0.5909090909090909,0,0,0,23,121.95540004177019,queue-master|user-db|carts-db|user|rabbitmq,queue-master_container-memory-working-set-bytes,0.42933333333333334,30,30,0.504,0.3546666666666667,30,25,24,0.5,baseline-v2-20260723,cd270e7871bd358937d83d9a49829637fa80007d2964084ef229f578e3733bd3,ba75425861a059dafcc477474fc3e4ed1eafdc2b47d6fdd0557337035d29a960,bab1cb3cf0895493ae8f897752724abb4031870c783b2c00f0014d166932665c,3538442,1693197930000000000,300
SS/catalogue_delay/2,SS,catalogue,delay,2,300,300,incident,0.5,4,0.5,nsigma,17,0.058823529411764705,0.0,0.7272727272727273,0,0,0,23,269.2348000127822,shipping|carts|queue-master|user-db|carts-db,shipping_container-memory-failures-total,0.42933333333333334,30,30,0.504,0.3546666666666667,30,25,24,0.5,baseline-v2-20260723,cd270e7871bd358937d83d9a49829637fa80007d2964084ef229f578e3733bd3,ba75425861a059dafcc477474fc3e4ed1eafdc2b47d6fdd0557337035d29a960,bab1cb3cf0895493ae8f897752724abb4031870c783b2c00f0014d166932665c,3538442,1693197930000000000,300
SS/catalogue_delay/2,SS,catalogue,delay,2,300,300,incident,0.5,5,0.5,baro,13,0.07692307692307693,0.0,0.5454545454545454,0,0,0,23,405.3128000232391,shipping|carts|queue-master|192-168-64-231-9100|carts-db,shipping_container-cpu-usage-seconds-total,0.43033333333333335,30,30,0.5008888888888889,0.35977777777777775,30,26,24,0.5,baseline-v2-20260723,cd270e7871bd358937d83d9a49829637fa80007d2964084ef229f578e3733bd3,ba75425861a059dafcc477474fc3e4ed1eafdc2b47d6fdd0557337035d29a960,bab1cb3cf0895493ae8f897752724abb4031870c783b2c00f0014d166932665c,3538442,1693197930000000000,300
SS/catalogue_delay/2,SS,catalogue,delay,2,300,300,incident,0.5,5,0.5,median_shift,15,0.06666666666666667,0.0,0.6363636363636364,0,0,0,23,97.52520004985854,queue-master|carts-db|rabbitmq|carts|user-db,queue-master_container-memory-working-set-bytes,0.43033333333333335,30,30,0.5008888888888889,0.35977777777777775,30,26,24,0.5,baseline-v2-20260723,cd270e7871bd358937d83d9a49829637fa80007d2964084ef229f578e3733bd3,ba75425861a059dafcc477474fc3e4ed1eafdc2b47d6fdd0557337035d29a960,bab1cb3cf0895493ae8f897752724abb4031870c783b2c00f0014d166932665c,3538442,1693197930000000000,300
SS/catalogue_delay/2,SS,catalogue,delay,2,300,300,incident,0.5,5,0.5,nsigma,16,0.0625,0.0,0.6818181818181818,0,0,0,23,313.0712999845855,shipping|carts|queue-master|carts-db|user-db,shipping_container-cpu-usage-seconds-total,0.43033333333333335,30,30,0.5008888888888889,0.35977777777777775,30,26,24,0.5,baseline-v2-20260723,cd270e7871bd358937d83d9a49829637fa80007d2964084ef229f578e3733bd3,ba75425861a059dafcc477474fc3e4ed1eafdc2b47d6fdd0557337035d29a960,bab1cb3cf0895493ae8f897752724abb4031870c783b2c00f0014d166932665c,3538442,1693197930000000000,300
SS/catalogue_delay/2,SS,catalogue,delay,2,300,300,incident,0.5,6,0.5,baro,8,0.125,0.0,0.3181818181818182,0,0,0,23,363.6928999912925,shipping|carts|queue-master|orders|192-168-64-231-9100,shipping_container-memory-failures-total,0.4263888888888889,30,30,0.49366666666666664,0.3591111111111111,30,26,25,0.5,baseline-v2-20260723,cd270e7871bd358937d83d9a49829637fa80007d2964084ef229f578e3733bd3,ba75425861a059dafcc477474fc3e4ed1eafdc2b47d6fdd0557337035d29a960,bab1cb3cf0895493ae8f897752724abb4031870c783b2c00f0014d166932665c,3538442,1693197930000000000,300
SS/catalogue_delay/2,SS,catalogue,delay,2,300,300,incident,0.5,6,0.5,median_shift,7,0.14285714285714285,0.0,0.2727272727272727,0,0,0,23,133.62360000610352,user-db|user|rabbitmq|carts|queue-master,user-db_container-memory-working-set-bytes,0.4263888888888889,30,30,0.49366666666666664,0.3591111111111111,30,26,25,0.5,baseline-v2-20260723,cd270e7871bd358937d83d9a49829637fa80007d2964084ef229f578e3733bd3,ba75425861a059dafcc477474fc3e4ed1eafdc2b47d6fdd0557337035d29a960,bab1cb3cf0895493ae8f897752724abb4031870c783b2c00f0014d166932665c,3538442,1693197930000000000,300
SS/catalogue_delay/2,SS,catalogue,delay,2,300,300,incident,0.5,6,0.5,nsigma,5,0.2,0.2,0.18181818181818182,0,0,1,23,262.2337000211701,shipping|carts|queue-master|user-db|catalogue,shipping_container-memory-failures-total,0.4263888888888889,30,30,0.49366666666666664,0.3591111111111111,30,26,25,0.5,baseline-v2-20260723,cd270e7871bd358937d83d9a49829637fa80007d2964084ef229f578e3733bd3,ba75425861a059dafcc477474fc3e4ed1eafdc2b47d6fdd0557337035d29a960,bab1cb3cf0895493ae8f897752724abb4031870c783b2c00f0014d166932665c,3538442,1693197930000000000,300
SS/catalogue_delay/2,SS,catalogue,delay,2,300,300,incident,0.5,7,0.5,baro,19,0.05263157894736842,0.0,0.8181818181818182,0,0,0,23,327.5553000275977,shipping|carts|queue-master|192-168-64-231-9100|orders,shipping_container-memory-failures-total,0.4313888888888889,30,30,0.5075555555555555,0.3552222222222222,30,27,25,0.5,baseline-v2-20260723,cd270e7871bd358937d83d9a49829637fa80007d2964084ef229f578e3733bd3,ba75425861a059dafcc477474fc3e4ed1eafdc2b47d6fdd0557337035d29a960,bab1cb3cf0895493ae8f897752724abb4031870c783b2c00f0014d166932665c,3538442,1693197930000000000,300
SS/catalogue_delay/2,SS,catalogue,delay,2,300,300,incident,0.5,7,0.5,median_shift,6,0.16666666666666666,0.0,0.22727272727272727,0,0,0,23,138.39899998856708,user-db|carts-db|front-end|rabbitmq|carts,user-db_container-memory-rss,0.4313888888888889,30,30,0.5075555555555555,0.3552222222222222,30,27,25,0.5,baseline-v2-20260723,cd270e7871bd358937d83d9a49829637fa80007d2964084ef229f578e3733bd3,ba75425861a059dafcc477474fc3e4ed1eafdc2b47d6fdd0557337035d29a960,bab1cb3cf0895493ae8f897752724abb4031870c783b2c00f0014d166932665c,3538442,1693197930000000000,300
SS/catalogue_delay/2,SS,catalogue,delay,2,300,300,incident,0.5,7,0.5,nsigma,19,0.05263157894736842,0.0,0.8181818181818182,0,0,0,23,281.98189998511225,shipping|queue-master|carts|user-db|carts-db,shipping_container-cpu-usage-seconds-total,0.4313888888888889,30,30,0.5075555555555555,0.3552222222222222,30,27,25,0.5,baseline-v2-20260723,cd270e7871bd358937d83d9a49829637fa80007d2964084ef229f578e3733bd3,ba75425861a059dafcc477474fc3e4ed1eafdc2b47d6fdd0557337035d29a960,bab1cb3cf0895493ae8f897752724abb4031870c783b2c00f0014d166932665c,3538442,1693197930000000000,300
SS/catalogue_delay/2,SS,catalogue,delay,2,300,300,incident,0.5,8,0.5,baro,15,0.06666666666666667,0.0,0.6363636363636364,0,0,0,23,324.09339997684583,shipping|carts|queue-master|orders|192-168-64-231-9100,shipping_container-memory-failures-total,0.429,30,30,0.49822222222222223,0.35977777777777775,30,26,25,0.5,baseline-v2-20260723,cd270e7871bd358937d83d9a49829637fa80007d2964084ef229f578e3733bd3,ba75425861a059dafcc477474fc3e4ed1eafdc2b47d6fdd0557337035d29a960,bab1cb3cf0895493ae8f897752724abb4031870c783b2c00f0014d166932665c,3538442,1693197930000000000,300
SS/catalogue_delay/2,SS,catalogue,delay,2,300,300,incident,0.5,8,0.5,median_shift,6,0.16666666666666666,0.0,0.22727272727272727,0,0,0,23,140.95150004141033,queue-master|carts-db|front-end|rabbitmq|carts,queue-master_container-memory-working-set-bytes,0.429,30,30,0.49822222222222223,0.35977777777777775,30,26,25,0.5,baseline-v2-20260723,cd270e7871bd358937d83d9a49829637fa80007d2964084ef229f578e3733bd3,ba75425861a059dafcc477474fc3e4ed1eafdc2b47d6fdd0557337035d29a960,bab1cb3cf0895493ae8f897752724abb4031870c783b2c00f0014d166932665c,3538442,1693197930000000000,300
SS/catalogue_delay/2,SS,catalogue,delay,2,300,300,incident,0.5,8,0.5,nsigma,16,0.0625,0.0,0.6818181818181818,0,0,0,23,286.7913999943994,shipping|carts|queue-master|catalogue-db|carts-db,shipping_container-memory-failures-total,0.429,30,30,0.49822222222222223,0.35977777777777775,30,26,25,0.5,baseline-v2-20260723,cd270e7871bd358937d83d9a49829637fa80007d2964084ef229f578e3733bd3,ba75425861a059dafcc477474fc3e4ed1eafdc2b47d6fdd0557337035d29a960,bab1cb3cf0895493ae8f897752724abb4031870c783b2c00f0014d166932665c,3538442,1693197930000000000,300
SS/catalogue_delay/2,SS,catalogue,delay,2,300,300,incident,0.5,9,0.5,baro,15,0.06666666666666667,0.0,0.6363636363636364,0,0,0,23,376.8045000033453,shipping|carts|queue-master|orders|192-168-64-231-9100,shipping_container-memory-failures-total,0.42933333333333334,30,30,0.5015555555555555,0.3571111111111111,30,26,24,0.5,baseline-v2-20260723,cd270e7871bd358937d83d9a49829637fa80007d2964084ef229f578e3733bd3,ba75425861a059dafcc477474fc3e4ed1eafdc2b47d6fdd0557337035d29a960,bab1cb3cf0895493ae8f897752724abb4031870c783b2c00f0014d166932665c,3538442,1693197930000000000,300
SS/catalogue_delay/2,SS,catalogue,delay,2,300,300,incident,0.5,9,0.5,median_shift,12,0.08333333333333333,0.0,0.5,0,0,0,23,134.0116999926977,carts-db|rabbitmq|user|carts|queue-master,carts-db_container-memory-max-usage-bytes,0.42933333333333334,30,30,0.5015555555555555,0.3571111111111111,30,26,24,0.5,baseline-v2-20260723,cd270e7871bd358937d83d9a49829637fa80007d2964084ef229f578e3733bd3,ba75425861a059dafcc477474fc3e4ed1eafdc2b47d6fdd0557337035d29a960,bab1cb3cf0895493ae8f897752724abb4031870c783b2c00f0014d166932665c,3538442,1693197930000000000,300
SS/catalogue_delay/2,SS,catalogue,delay,2,300,300,incident,0.5,9,0.5,nsigma,18,0.05555555555555555,0.0,0.7727272727272727,0,0,0,23,336.16830001119524,shipping|queue-master|carts|user-db|carts-db,shipping_container-memory-failures-total,0.42933333333333334,30,30,0.5015555555555555,0.3571111111111111,30,26,24,0.5,baseline-v2-20260723,cd270e7871bd358937d83d9a49829637fa80007d2964084ef229f578e3733bd3,ba75425861a059dafcc477474fc3e4ed1eafdc2b47d6fdd0557337035d29a960,bab1cb3cf0895493ae8f897752724abb4031870c783b2c00f0014d166932665c,3538442,1693197930000000000,300
SS/catalogue_delay/2,SS,catalogue,delay,2,300,300,none,0.0,0,0.0,baro,2,0.5,0.8,0.045454545454545456,0,1,1,23,382.3813999770209,shipping|catalogue|front-end|session-db|orders,shipping_container-memory-rss,1.0,30,30,1.0,1.0,30,30,30,1.0,baseline-v2-20260723,cd270e7871bd358937d83d9a49829637fa80007d2964084ef229f578e3733bd3,ba75425861a059dafcc477474fc3e4ed1eafdc2b47d6fdd0557337035d29a960,bab1cb3cf0895493ae8f897752724abb4031870c783b2c00f0014d166932665c,3538442,1693197930000000000,300
SS/catalogue_delay/2,SS,catalogue,delay,2,300,300,none,0.0,0,0.0,median_shift,2,0.5,0.8,0.045454545454545456,0,1,1,23,92.28849998908117,catalogue-db|catalogue|orders|queue-master|session-db,catalogue-db_container-memory-failures-total,1.0,30,30,1.0,1.0,30,30,30,1.0,baseline-v2-20260723,cd270e7871bd358937d83d9a49829637fa80007d2964084ef229f578e3733bd3,ba75425861a059dafcc477474fc3e4ed1eafdc2b47d6fdd0557337035d29a960,bab1cb3cf0895493ae8f897752724abb4031870c783b2c00f0014d166932665c,3538442,1693197930000000000,300
SS/catalogue_delay/2,SS,catalogue,delay,2,300,300,none,0.0,0,0.0,nsigma,1,1.0,1.0,0.0,1,1,1,23,414.02539995033294,catalogue|front-end|orders|user|carts,catalogue_istio-latency-95,1.0,30,30,1.0,1.0,30,30,30,1.0,baseline-v2-20260723,cd270e7871bd358937d83d9a49829637fa80007d2964084ef229f578e3733bd3,ba75425861a059dafcc477474fc3e4ed1eafdc2b47d6fdd0557337035d29a960,bab1cb3cf0895493ae8f897752724abb4031870c783b2c00f0014d166932665c,3538442,1693197930000000000,300
SS/catalogue_delay/2,SS,catalogue,delay,2,300,300,point,0.1,0,0.1,baro,2,0.5,0.8,0.045454545454545456,0,1,1,23,367.1477999887429,shipping|catalogue|front-end|session-db|orders,shipping_container-memory-rss,0.8998888888888888,30,30,0.8962222222222223,0.9035555555555556,30,30,30,0.9,baseline-v2-20260723,cd270e7871bd358937d83d9a49829637fa80007d2964084ef229f578e3733bd3,ba75425861a059dafcc477474fc3e4ed1eafdc2b47d6fdd0557337035d29a960,bab1cb3cf0895493ae8f897752724abb4031870c783b2c00f0014d166932665c,3538442,1693197930000000000,300
SS/catalogue_delay/2,SS,catalogue,delay,2,300,300,point,0.1,0,0.1,median_shift,2,0.5,0.8,0.045454545454545456,0,1,1,23,82.68179994774982,catalogue-db|catalogue|orders|queue-master|session-db,catalogue-db_container-memory-failures-total,0.8998888888888888,30,30,0.8962222222222223,0.9035555555555556,30,30,30,0.9,baseline-v2-20260723,cd270e7871bd358937d83d9a49829637fa80007d2964084ef229f578e3733bd3,ba75425861a059dafcc477474fc3e4ed1eafdc2b47d6fdd0557337035d29a960,bab1cb3cf0895493ae8f897752724abb4031870c783b2c00f0014d166932665c,3538442,1693197930000000000,300
SS/catalogue_delay/2,SS,catalogue,delay,2,300,300,point,0.1,0,0.1,nsigma,1,1.0,1.0,0.0,1,1,1,23,303.2157000270672,catalogue|front-end|orders|user|carts,catalogue_istio-latency-95,0.8998888888888888,30,30,0.8962222222222223,0.9035555555555556,30,30,30,0.9,baseline-v2-20260723,cd270e7871bd358937d83d9a49829637fa80007d2964084ef229f578e3733bd3,ba75425861a059dafcc477474fc3e4ed1eafdc2b47d6fdd0557337035d29a960,bab1cb3cf0895493ae8f897752724abb4031870c783b2c00f0014d166932665c,3538442,1693197930000000000,300
SS/catalogue_delay/2,SS,catalogue,delay,2,300,300,point,0.1,1,0.1,baro,2,0.5,0.8,0.045454545454545456,0,1,1,23,354.952699970454,shipping|catalogue|front-end|session-db|orders,shipping_container-memory-rss,0.9012777777777777,30,30,0.902,0.9005555555555556,30,30,30,0.9,baseline-v2-20260723,cd270e7871bd358937d83d9a49829637fa80007d2964084ef229f578e3733bd3,ba75425861a059dafcc477474fc3e4ed1eafdc2b47d6fdd0557337035d29a960,bab1cb3cf0895493ae8f897752724abb4031870c783b2c00f0014d166932665c,3538442,1693197930000000000,300
SS/catalogue_delay/2,SS,catalogue,delay,2,300,300,point,0.1,1,0.1,median_shift,2,0.5,0.8,0.045454545454545456,0,1,1,23,100.78620002605021,catalogue-db|catalogue|orders|queue-master|session-db,catalogue-db_container-memory-failures-total,0.9012777777777777,30,30,0.902,0.9005555555555556,30,30,30,0.9,baseline-v2-20260723,cd270e7871bd358937d83d9a49829637fa80007d2964084ef229f578e3733bd3,ba75425861a059dafcc477474fc3e4ed1eafdc2b47d6fdd0557337035d29a960,bab1cb3cf0895493ae8f897752724abb4031870c783b2c00f0014d166932665c,3538442,1693197930000000000,300
SS/catalogue_delay/2,SS,catalogue,delay,2,300,300,point,0.1,1,0.1,nsigma,1,1.0,1.0,0.0,1,1,1,23,268.4087000088766,catalogue|front-end|orders|user|carts,catalogue_istio-latency-95,0.9012777777777777,30,30,0.902,0.9005555555555556,30,30,30,0.9,baseline-v2-20260723,cd270e7871bd358937d83d9a49829637fa80007d2964084ef229f578e3733bd3,ba75425861a059dafcc477474fc3e4ed1eafdc2b47d6fdd0557337035d29a960,bab1cb3cf0895493ae8f897752724abb4031870c783b2c00f0014d166932665c,3538442,1693197930000000000,300
SS/catalogue_delay/2,SS,catalogue,delay,2,300,300,point,0.1,2,0.1,baro,2,0.5,0.8,0.045454545454545456,0,1,1,23,351.9331999705173,shipping|catalogue|front-end|session-db|orders,shipping_container-memory-rss,0.9011111111111111,30,30,0.9018888888888889,0.9003333333333333,30,30,30,0.9,baseline-v2-20260723,cd270e7871bd358937d83d9a49829637fa80007d2964084ef229f578e3733bd3,ba75425861a059dafcc477474fc3e4ed1eafdc2b47d6fdd0557337035d29a960,bab1cb3cf0895493ae8f897752724abb4031870c783b2c00f0014d166932665c,3538442,1693197930000000000,300
SS/catalogue_delay/2,SS,catalogue,delay,2,300,300,point,0.1,2,0.1,median_shift,2,0.5,0.8,0.045454545454545456,0,1,1,23,101.36359999887645,catalogue-db|catalogue|orders|queue-master|session-db,catalogue-db_container-memory-failures-total,0.9011111111111111,30,30,0.9018888888888889,0.9003333333333333,30,30,30,0.9,baseline-v2-20260723,cd270e7871bd358937d83d9a49829637fa80007d2964084ef229f578e3733bd3,ba75425861a059dafcc477474fc3e4ed1eafdc2b47d6fdd0557337035d29a960,bab1cb3cf0895493ae8f897752724abb4031870c783b2c00f0014d166932665c,3538442,1693197930000000000,300
SS/catalogue_delay/2,SS,catalogue,delay,2,300,300,point,0.1,2,0.1,nsigma,1,1.0,1.0,0.0,1,1,1,23,340.4994000447914,catalogue|front-end|orders|user|carts,catalogue_istio-latency-95,0.9011111111111111,30,30,0.9018888888888889,0.9003333333333333,30,30,30,0.9,baseline-v2-20260723,cd270e7871bd358937d83d9a49829637fa80007d2964084ef229f578e3733bd3,ba75425861a059dafcc477474fc3e4ed1eafdc2b47d6fdd0557337035d29a960,bab1cb3cf0895493ae8f897752724abb4031870c783b2c00f0014d166932665c,3538442,1693197930000000000,300
SS/catalogue_delay/2,SS,catalogue,delay,2,300,300,point,0.1,3,0.1,baro,2,0.5,0.8,0.045454545454545456,0,1,1,23,346.74780000932515,shipping|catalogue|front-end|session-db|orders,shipping_container-memory-rss,0.8996111111111111,30,30,0.899,0.9002222222222223,30,30,30,0.9,baseline-v2-20260723,cd270e7871bd358937d83d9a49829637fa80007d2964084ef229f578e3733bd3,ba75425861a059dafcc477474fc3e4ed1eafdc2b47d6fdd0557337035d29a960,bab1cb3cf0895493ae8f897752724abb4031870c783b2c00f0014d166932665c,3538442,1693197930000000000,300
SS/catalogue_delay/2,SS,catalogue,delay,2,300,300,point,0.1,3,0.1,median_shift,2,0.5,0.8,0.045454545454545456,0,1,1,23,86.91549999639392,catalogue-db|catalogue|orders|queue-master|session-db,catalogue-db_container-memory-failures-total,0.8996111111111111,30,30,0.899,0.9002222222222223,30,30,30,0.9,baseline-v2-20260723,cd270e7871bd358937d83d9a49829637fa80007d2964084ef229f578e3733bd3,ba75425861a059dafcc477474fc3e4ed1eafdc2b47d6fdd0557337035d29a960,bab1cb3cf0895493ae8f897752724abb4031870c783b2c00f0014d166932665c,3538442,1693197930000000000,300
SS/catalogue_delay/2,SS,catalogue,delay,2,300,300,point,0.1,3,0.1,nsigma,1,1.0,1.0,0.0,1,1,1,23,302.2646000026725,catalogue|front-end|orders|user|carts,catalogue_istio-latency-95,0.8996111111111111,30,30,0.899,0.9002222222222223,30,30,30,0.9,baseline-v2-20260723,cd270e7871bd358937d83d9a49829637fa80007d2964084ef229f578e3733bd3,ba75425861a059dafcc477474fc3e4ed1eafdc2b47d6fdd0557337035d29a960,bab1cb3cf0895493ae8f897752724abb4031870c783b2c00f0014d166932665c,3538442,1693197930000000000,300
SS/catalogue_delay/2,SS,catalogue,delay,2,300,300,point,0.1,4,0.1,baro,2,0.5,0.8,0.045454545454545456,0,1,1,23,321.26529997913167,shipping|catalogue|front-end|session-db|orders,shipping_container-memory-rss,0.8977777777777778,30,30,0.8972222222222223,0.8983333333333333,30,30,30,0.9,baseline-v2-20260723,cd270e7871bd358937d83d9a49829637fa80007d2964084ef229f578e3733bd3,ba75425861a059dafcc477474fc3e4ed1eafdc2b47d6fdd0557337035d29a960,bab1cb3cf0895493ae8f897752724abb4031870c783b2c00f0014d166932665c,3538442,1693197930000000000,300
SS/catalogue_delay/2,SS,catalogue,delay,2,300,300,point,0.1,4,0.1,median_shift,2,0.5,0.8,0.045454545454545456,0,1,1,23,108.14779996871948,catalogue-db|catalogue|orders|queue-master|session-db,catalogue-db_container-memory-failures-total,0.8977777777777778,30,30,0.8972222222222223,0.8983333333333333,30,30,30,0.9,baseline-v2-20260723,cd270e7871bd358937d83d9a49829637fa80007d2964084ef229f578e3733bd3,ba75425861a059dafcc477474fc3e4ed1eafdc2b47d6fdd0557337035d29a960,bab1cb3cf0895493ae8f897752724abb4031870c783b2c00f0014d166932665c,3538442,1693197930000000000,300
SS/catalogue_delay/2,SS,catalogue,delay,2,300,300,point,0.1,4,0.1,nsigma,1,1.0,1.0,0.0,1,1,1,23,307.40699998568743,catalogue|front-end|orders|user|carts,catalogue_istio-latency-95,0.8977777777777778,30,30,0.8972222222222223,0.8983333333333333,30,30,30,0.9,baseline-v2-20260723,cd270e7871bd358937d83d9a49829637fa80007d2964084ef229f578e3733bd3,ba75425861a059dafcc477474fc3e4ed1eafdc2b47d6fdd0557337035d29a960,bab1cb3cf0895493ae8f897752724abb4031870c783b2c00f0014d166932665c,3538442,1693197930000000000,300
SS/catalogue_delay/2,SS,catalogue,delay,2,300,300,point,0.1,5,0.1,baro,2,0.5,0.8,0.045454545454545456,0,1,1,23,333.5568999755196,shipping|catalogue|front-end|session-db|orders,shipping_container-memory-rss,0.9,30,30,0.898,0.902,30,30,30,0.9,baseline-v2-20260723,cd270e7871bd358937d83d9a49829637fa80007d2964084ef229f578e3733bd3,ba75425861a059dafcc477474fc3e4ed1eafdc2b47d6fdd0557337035d29a960,bab1cb3cf0895493ae8f897752724abb4031870c783b2c00f0014d166932665c,3538442,1693197930000000000,300
SS/catalogue_delay/2,SS,catalogue,delay,2,300,300,point,0.1,5,0.1,median_shift,2,0.5,0.8,0.045454545454545456,0,1,1,23,86.36289997957647,catalogue-db|catalogue|orders|queue-master|session-db,catalogue-db_container-memory-failures-total,0.9,30,30,0.898,0.902,30,30,30,0.9,baseline-v2-20260723,cd270e7871bd358937d83d9a49829637fa80007d2964084ef229f578e3733bd3,ba75425861a059dafcc477474fc3e4ed1eafdc2b47d6fdd0557337035d29a960,bab1cb3cf0895493ae8f897752724abb4031870c783b2c00f0014d166932665c,3538442,1693197930000000000,300
SS/catalogue_delay/2,SS,catalogue,delay,2,300,300,point,0.1,5,0.1,nsigma,1,1.0,1.0,0.0,1,1,1,23,315.02420001197606,catalogue|front-end|orders|user|carts,catalogue_istio-latency-95,0.9,30,30,0.898,0.902,30,30,30,0.9,baseline-v2-20260723,cd270e7871bd358937d83d9a49829637fa80007d2964084ef229f578e3733bd3,ba75425861a059dafcc477474fc3e4ed1eafdc2b47d6fdd0557337035d29a960,bab1cb3cf0895493ae8f897752724abb4031870c783b2c00f0014d166932665c,3538442,1693197930000000000,300
SS/catalogue_delay/2,SS,catalogue,delay,2,300,300,point,0.1,6,0.1,baro,2,0.5,0.8,0.045454545454545456,0,1,1,23,411.61720000673085,shipping|catalogue|front-end|session-db|orders,shipping_container-memory-rss,0.8958333333333334,30,30,0.8952222222222223,0.8964444444444445,30,30,30,0.9,baseline-v2-20260723,cd270e7871bd358937d83d9a49829637fa80007d2964084ef229f578e3733bd3,ba75425861a059dafcc477474fc3e4ed1eafdc2b47d6fdd0557337035d29a960,bab1cb3cf0895493ae8f897752724abb4031870c783b2c00f0014d166932665c,3538442,1693197930000000000,300
SS/catalogue_delay/2,SS,catalogue,delay,2,300,300,point,0.1,6,0.1,median_shift,2,0.5,0.8,0.045454545454545456,0,1,1,23,102.7174000046216,catalogue-db|catalogue|orders|queue-master|session-db,catalogue-db_container-memory-failures-total,0.8958333333333334,30,30,0.8952222222222223,0.8964444444444445,30,30,30,0.9,baseline-v2-20260723,cd270e7871bd358937d83d9a49829637fa80007d2964084ef229f578e3733bd3,ba75425861a059dafcc477474fc3e4ed1eafdc2b47d6fdd0557337035d29a960,bab1cb3cf0895493ae8f897752724abb4031870c783b2c00f0014d166932665c,3538442,1693197930000000000,300
SS/catalogue_delay/2,SS,catalogue,delay,2,300,300,point,0.1,6,0.1,nsigma,1,1.0,1.0,0.0,1,1,1,23,279.7722000395879,catalogue|front-end|orders|user|carts,catalogue_istio-latency-95,0.8958333333333334,30,30,0.8952222222222223,0.8964444444444445,30,30,30,0.9,baseline-v2-20260723,cd270e7871bd358937d83d9a49829637fa80007d2964084ef229f578e3733bd3,ba75425861a059dafcc477474fc3e4ed1eafdc2b47d6fdd0557337035d29a960,bab1cb3cf0895493ae8f897752724abb4031870c783b2c00f0014d166932665c,3538442,1693197930000000000,300
SS/catalogue_delay/2,SS,catalogue,delay,2,300,300,point,0.1,7,0.1,baro,2,0.5,0.8,0.045454545454545456,0,1,1,23,385.18639997346327,shipping|catalogue|front-end|session-db|orders,shipping_container-memory-rss,0.8986666666666666,30,30,0.8988888888888888,0.8984444444444445,30,30,30,0.9,baseline-v2-20260723,cd270e7871bd358937d83d9a49829637fa80007d2964084ef229f578e3733bd3,ba75425861a059dafcc477474fc3e4ed1eafdc2b47d6fdd0557337035d29a960,bab1cb3cf0895493ae8f897752724abb4031870c783b2c00f0014d166932665c,3538442,1693197930000000000,300
SS/catalogue_delay/2,SS,catalogue,delay,2,300,300,point,0.1,7,0.1,median_shift,2,0.5,0.8,0.045454545454545456,0,1,1,23,85.00160003313795,catalogue-db|catalogue|orders|queue-master|session-db,catalogue-db_container-memory-failures-total,0.8986666666666666,30,30,0.8988888888888888,0.8984444444444445,30,30,30,0.9,baseline-v2-20260723,cd270e7871bd358937d83d9a49829637fa80007d2964084ef229f578e3733bd3,ba75425861a059dafcc477474fc3e4ed1eafdc2b47d6fdd0557337035d29a960,bab1cb3cf0895493ae8f897752724abb4031870c783b2c00f0014d166932665c,3538442,1693197930000000000,300
SS/catalogue_delay/2,SS,catalogue,delay,2,300,300,point,0.1,7,0.1,nsigma,1,1.0,1.0,0.0,1,1,1,23,271.76350000081584,catalogue|front-end|orders|user|carts,catalogue_istio-latency-95,0.8986666666666666,30,30,0.8988888888888888,0.8984444444444445,30,30,30,0.9,baseline-v2-20260723,cd270e7871bd358937d83d9a49829637fa80007d2964084ef229f578e3733bd3,ba75425861a059dafcc477474fc3e4ed1eafdc2b47d6fdd0557337035d29a960,bab1cb3cf0895493ae8f897752724abb4031870c783b2c00f0014d166932665c,3538442,1693197930000000000,300
SS/catalogue_delay/2,SS,catalogue,delay,2,300,300,point,0.1,8,0.1,baro,2,0.5,0.8,0.045454545454545456,0,1,1,23,342.9504999658093,shipping|catalogue|front-end|session-db|orders,shipping_container-memory-rss,0.9008888888888889,30,30,0.903,0.8987777777777778,30,30,30,0.9,baseline-v2-20260723,cd270e7871bd358937d83d9a49829637fa80007d2964084ef229f578e3733bd3,ba75425861a059dafcc477474fc3e4ed1eafdc2b47d6fdd0557337035d29a960,bab1cb3cf0895493ae8f897752724abb4031870c783b2c00f0014d166932665c,3538442,1693197930000000000,300
SS/catalogue_delay/2,SS,catalogue,delay,2,300,300,point,0.1,8,0.1,median_shift,2,0.5,0.8,0.045454545454545456,0,1,1,23,86.93619997939095,catalogue-db|catalogue|orders|queue-master|session-db,catalogue-db_container-memory-failures-total,0.9008888888888889,30,30,0.903,0.8987777777777778,30,30,30,0.9,baseline-v2-20260723,cd270e7871bd358937d83d9a49829637fa80007d2964084ef229f578e3733bd3,ba75425861a059dafcc477474fc3e4ed1eafdc2b47d6fdd0557337035d29a960,bab1cb3cf0895493ae8f897752724abb4031870c783b2c00f0014d166932665c,3538442,1693197930000000000,300
SS/catalogue_delay/2,SS,catalogue,delay,2,300,300,point,0.1,8,0.1,nsigma,1,1.0,1.0,0.0,1,1,1,23,280.1733000087552,catalogue|front-end|orders|user|carts,catalogue_istio-latency-95,0.9008888888888889,30,30,0.903,0.8987777777777778,30,30,30,0.9,baseline-v2-20260723,cd270e7871bd358937d83d9a49829637fa80007d2964084ef229f578e3733bd3,ba75425861a059dafcc477474fc3e4ed1eafdc2b47d6fdd0557337035d29a960,bab1cb3cf0895493ae8f897752724abb4031870c783b2c00f0014d166932665c,3538442,1693197930000000000,300
SS/catalogue_delay/2,SS,catalogue,delay,2,300,300,point,0.1,9,0.1,baro,2,0.5,0.8,0.045454545454545456,0,1,1,23,335.1486999890767,shipping|catalogue|front-end|session-db|orders,shipping_container-memory-rss,0.9003888888888889,30,30,0.8988888888888888,0.9018888888888889,30,30,30,0.9,baseline-v2-20260723,cd270e7871bd358937d83d9a49829637fa80007d2964084ef229f578e3733bd3,ba75425861a059dafcc477474fc3e4ed1eafdc2b47d6fdd0557337035d29a960,bab1cb3cf0895493ae8f897752724abb4031870c783b2c00f0014d166932665c,3538442,1693197930000000000,300
SS/catalogue_delay/2,SS,catalogue,delay,2,300,300,point,0.1,9,0.1,median_shift,2,0.5,0.8,0.045454545454545456,0,1,1,23,89.81919998768717,catalogue-db|catalogue|orders|queue-master|session-db,catalogue-db_container-memory-failures-total,0.9003888888888889,30,30,0.8988888888888888,0.9018888888888889,30,30,30,0.9,baseline-v2-20260723,cd270e7871bd358937d83d9a49829637fa80007d2964084ef229f578e3733bd3,ba75425861a059dafcc477474fc3e4ed1eafdc2b47d6fdd0557337035d29a960,bab1cb3cf0895493ae8f897752724abb4031870c783b2c00f0014d166932665c,3538442,1693197930000000000,300
SS/catalogue_delay/2,SS,catalogue,delay,2,300,300,point,0.1,9,0.1,nsigma,1,1.0,1.0,0.0,1,1,1,23,275.5716000101529,catalogue|front-end|orders|user|carts,catalogue_istio-latency-95,0.9003888888888889,30,30,0.8988888888888888,0.9018888888888889,30,30,30,0.9,baseline-v2-20260723,cd270e7871bd358937d83d9a49829637fa80007d2964084ef229f578e3733bd3,ba75425861a059dafcc477474fc3e4ed1eafdc2b47d6fdd0557337035d29a960,bab1cb3cf0895493ae8f897752724abb4031870c783b2c00f0014d166932665c,3538442,1693197930000000000,300
SS/catalogue_delay/2,SS,catalogue,delay,2,300,300,point,0.3,0,0.3,baro,2,0.5,0.8,0.045454545454545456,0,1,1,23,363.7278000242077,shipping|catalogue|front-end|session-db|orders,shipping_container-memory-rss,0.7,30,30,0.7032222222222222,0.6967777777777778,30,30,30,0.7,baseline-v2-20260723,cd270e7871bd358937d83d9a49829637fa80007d2964084ef229f578e3733bd3,ba75425861a059dafcc477474fc3e4ed1eafdc2b47d6fdd0557337035d29a960,bab1cb3cf0895493ae8f897752724abb4031870c783b2c00f0014d166932665c,3538442,1693197930000000000,300
SS/catalogue_delay/2,SS,catalogue,delay,2,300,300,point,0.3,0,0.3,median_shift,2,0.5,0.8,0.045454545454545456,0,1,1,23,109.12410001037642,catalogue-db|catalogue|orders|queue-master|session-db,catalogue-db_container-memory-failures-total,0.7,30,30,0.7032222222222222,0.6967777777777778,30,30,30,0.7,baseline-v2-20260723,cd270e7871bd358937d83d9a49829637fa80007d2964084ef229f578e3733bd3,ba75425861a059dafcc477474fc3e4ed1eafdc2b47d6fdd0557337035d29a960,bab1cb3cf0895493ae8f897752724abb4031870c783b2c00f0014d166932665c,3538442,1693197930000000000,300
SS/catalogue_delay/2,SS,catalogue,delay,2,300,300,point,0.3,0,0.3,nsigma,1,1.0,1.0,0.0,1,1,1,23,283.40190002927557,catalogue|front-end|orders|user|carts,catalogue_istio-latency-95,0.7,30,30,0.7032222222222222,0.6967777777777778,30,30,30,0.7,baseline-v2-20260723,cd270e7871bd358937d83d9a49829637fa80007d2964084ef229f578e3733bd3,ba75425861a059dafcc477474fc3e4ed1eafdc2b47d6fdd0557337035d29a960,bab1cb3cf0895493ae8f897752724abb4031870c783b2c00f0014d166932665c,3538442,1693197930000000000,300
SS/catalogue_delay/2,SS,catalogue,delay,2,300,300,point,0.3,1,0.3,baro,2,0.5,0.8,0.045454545454545456,0,1,1,23,373.0794999864884,shipping|catalogue|front-end|session-db|orders,shipping_container-memory-rss,0.7004444444444444,30,30,0.6972222222222222,0.7036666666666667,30,30,30,0.7,baseline-v2-20260723,cd270e7871bd358937d83d9a49829637fa80007d2964084ef229f578e3733bd3,ba75425861a059dafcc477474fc3e4ed1eafdc2b47d6fdd0557337035d29a960,bab1cb3cf0895493ae8f897752724abb4031870c783b2c00f0014d166932665c,3538442,1693197930000000000,300
SS/catalogue_delay/2,SS,catalogue,delay,2,300,300,point,0.3,1,0.3,median_shift,2,0.5,0.8,0.045454545454545456,0,1,1,23,117.24260001210496,catalogue-db|catalogue|orders|queue-master|session-db,catalogue-db_container-memory-failures-total,0.7004444444444444,30,30,0.6972222222222222,0.7036666666666667,30,30,30,0.7,baseline-v2-20260723,cd270e7871bd358937d83d9a49829637fa80007d2964084ef229f578e3733bd3,ba75425861a059dafcc477474fc3e4ed1eafdc2b47d6fdd0557337035d29a960,bab1cb3cf0895493ae8f897752724abb4031870c783b2c00f0014d166932665c,3538442,1693197930000000000,300
SS/catalogue_delay/2,SS,catalogue,delay,2,300,300,point,0.3,1,0.3,nsigma,1,1.0,1.0,0.0,1,1,1,23,274.621200049296,catalogue|front-end|orders|user|carts,catalogue_istio-latency-95,0.7004444444444444,30,30,0.6972222222222222,0.7036666666666667,30,30,30,0.7,baseline-v2-20260723,cd270e7871bd358937d83d9a49829637fa80007d2964084ef229f578e3733bd3,ba75425861a059dafcc477474fc3e4ed1eafdc2b47d6fdd0557337035d29a960,bab1cb3cf0895493ae8f897752724abb4031870c783b2c00f0014d166932665c,3538442,1693197930000000000,300
SS/catalogue_delay/2,SS,catalogue,delay,2,300,300,point,0.3,2,0.3,baro,2,0.5,0.8,0.045454545454545456,0,1,1,23,373.7255000160076,shipping|catalogue|front-end|session-db|orders,shipping_container-memory-rss,0.6973888888888888,30,30,0.6973333333333334,0.6974444444444444,30,30,30,0.7,baseline-v2-20260723,cd270e7871bd358937d83d9a49829637fa80007d2964084ef229f578e3733bd3,ba75425861a059dafcc477474fc3e4ed1eafdc2b47d6fdd0557337035d29a960,bab1cb3cf0895493ae8f897752724abb4031870c783b2c00f0014d166932665c,3538442,1693197930000000000,300
SS/catalogue_delay/2,SS,catalogue,delay,2,300,300,point,0.3,2,0.3,median_shift,2,0.5,0.8,0.045454545454545456,0,1,1,23,97.30889997445047,catalogue-db|catalogue|orders|queue-master|session-db,catalogue-db_container-memory-failures-total,0.6973888888888888,30,30,0.6973333333333334,0.6974444444444444,30,30,30,0.7,baseline-v2-20260723,cd270e7871bd358937d83d9a49829637fa80007d2964084ef229f578e3733bd3,ba75425861a059dafcc477474fc3e4ed1eafdc2b47d6fdd0557337035d29a960,bab1cb3cf0895493ae8f897752724abb4031870c783b2c00f0014d166932665c,3538442,1693197930000000000,300
SS/catalogue_delay/2,SS,catalogue,delay,2,300,300,point,0.3,2,0.3,nsigma,1,1.0,1.0,0.0,1,1,1,23,319.73359995754436,catalogue|front-end|orders|user|carts,catalogue_istio-latency-95,0.6973888888888888,30,30,0.6973333333333334,0.6974444444444444,30,30,30,0.7,baseline-v2-20260723,cd270e7871bd358937d83d9a49829637fa80007d2964084ef229f578e3733bd3,ba75425861a059dafcc477474fc3e4ed1eafdc2b47d6fdd0557337035d29a960,bab1cb3cf0895493ae8f897752724abb4031870c783b2c00f0014d166932665c,3538442,1693197930000000000,300
SS/catalogue_delay/2,SS,catalogue,delay,2,300,300,point,0.3,3,0.3,baro,2,0.5,0.8,0.045454545454545456,0,1,1,23,343.05460000177845,shipping|catalogue|front-end|session-db|orders,shipping_container-memory-rss,0.7022222222222222,30,30,0.7067777777777777,0.6976666666666667,30,30,30,0.7,baseline-v2-20260723,cd270e7871bd358937d83d9a49829637fa80007d2964084ef229f578e3733bd3,ba75425861a059dafcc477474fc3e4ed1eafdc2b47d6fdd0557337035d29a960,bab1cb3cf0895493ae8f897752724abb4031870c783b2c00f0014d166932665c,3538442,1693197930000000000,300
SS/catalogue_delay/2,SS,catalogue,delay,2,300,300,point,0.3,3,0.3,median_shift,2,0.5,0.8,0.045454545454545456,0,1,1,23,86.71209996100515,catalogue-db|catalogue|orders|queue-master|session-db,catalogue-db_container-memory-failures-total,0.7022222222222222,30,30,0.7067777777777777,0.6976666666666667,30,30,30,0.7,baseline-v2-20260723,cd270e7871bd358937d83d9a49829637fa80007d2964084ef229f578e3733bd3,ba75425861a059dafcc477474fc3e4ed1eafdc2b47d6fdd0557337035d29a960,bab1cb3cf0895493ae8f897752724abb4031870c783b2c00f0014d166932665c,3538442,1693197930000000000,300
SS/catalogue_delay/2,SS,catalogue,delay,2,300,300,point,0.3,3,0.3,nsigma,1,1.0,1.0,0.0,1,1,1,23,338.13410002039745,catalogue|front-end|orders|user|carts,catalogue_istio-latency-95,0.7022222222222222,30,30,0.7067777777777777,0.6976666666666667,30,30,30,0.7,baseline-v2-20260723,cd270e7871bd358937d83d9a49829637fa80007d2964084ef229f578e3733bd3,ba75425861a059dafcc477474fc3e4ed1eafdc2b47d6fdd0557337035d29a960,bab1cb3cf0895493ae8f897752724abb4031870c783b2c00f0014d166932665c,3538442,1693197930000000000,300
SS/catalogue_delay/2,SS,catalogue,delay,2,300,300,point,0.3,4,0.3,baro,2,0.5,0.8,0.045454545454545456,0,1,1,23,338.2223999942653,shipping|catalogue|front-end|session-db|orders,shipping_container-memory-rss,0.6982222222222222,30,30,0.6956666666666667,0.7007777777777778,30,30,30,0.7,baseline-v2-20260723,cd270e7871bd358937d83d9a49829637fa80007d2964084ef229f578e3733bd3,ba75425861a059dafcc477474fc3e4ed1eafdc2b47d6fdd0557337035d29a960,bab1cb3cf0895493ae8f897752724abb4031870c783b2c00f0014d166932665c,3538442,1693197930000000000,300
SS/catalogue_delay/2,SS,catalogue,delay,2,300,300,point,0.3,4,0.3,median_shift,2,0.5,0.8,0.045454545454545456,0,1,1,23,104.7454999643378,catalogue-db|catalogue|orders|queue-master|session-db,catalogue-db_container-memory-failures-total,0.6982222222222222,30,30,0.6956666666666667,0.7007777777777778,30,30,30,0.7,baseline-v2-20260723,cd270e7871bd358937d83d9a49829637fa80007d2964084ef229f578e3733bd3,ba75425861a059dafcc477474fc3e4ed1eafdc2b47d6fdd0557337035d29a960,bab1cb3cf0895493ae8f897752724abb4031870c783b2c00f0014d166932665c,3538442,1693197930000000000,300
SS/catalogue_delay/2,SS,catalogue,delay,2,300,300,point,0.3,4,0.3,nsigma,1,1.0,1.0,0.0,1,1,1,23,274.0053000161424,catalogue|front-end|orders|user|carts,catalogue_istio-latency-95,0.6982222222222222,30,30,0.6956666666666667,0.7007777777777778,30,30,30,0.7,baseline-v2-20260723,cd270e7871bd358937d83d9a49829637fa80007d2964084ef229f578e3733bd3,ba75425861a059dafcc477474fc3e4ed1eafdc2b47d6fdd0557337035d29a960,bab1cb3cf0895493ae8f897752724abb4031870c783b2c00f0014d166932665c,3538442,1693197930000000000,300
SS/catalogue_delay/2,SS,catalogue,delay,2,300,300,point,0.3,5,0.3,baro,2,0.5,0.8,0.045454545454545456,0,1,1,23,346.042099990882,shipping|catalogue|front-end|session-db|orders,shipping_container-memory-rss,0.7020555555555555,30,30,0.7012222222222222,0.7028888888888889,30,30,30,0.7,baseline-v2-20260723,cd270e7871bd358937d83d9a49829637fa80007d2964084ef229f578e3733bd3,ba75425861a059dafcc477474fc3e4ed1eafdc2b47d6fdd0557337035d29a960,bab1cb3cf0895493ae8f897752724abb4031870c783b2c00f0014d166932665c,3538442,1693197930000000000,300
SS/catalogue_delay/2,SS,catalogue,delay,2,300,300,point,0.3,5,0.3,median_shift,2,0.5,0.8,0.045454545454545456,0,1,1,23,83.63680000184104,catalogue-db|catalogue|orders|queue-master|session-db,catalogue-db_container-memory-failures-total,0.7020555555555555,30,30,0.7012222222222222,0.7028888888888889,30,30,30,0.7,baseline-v2-20260723,cd270e7871bd358937d83d9a49829637fa80007d2964084ef229f578e3733bd3,ba75425861a059dafcc477474fc3e4ed1eafdc2b47d6fdd0557337035d29a960,bab1cb3cf0895493ae8f897752724abb4031870c783b2c00f0014d166932665c,3538442,1693197930000000000,300
SS/catalogue_delay/2,SS,catalogue,delay,2,300,300,point,0.3,5,0.3,nsigma,1,1.0,1.0,0.0,1,1,1,23,289.12319999653846,catalogue|front-end|orders|user|carts,catalogue_istio-latency-95,0.7020555555555555,30,30,0.7012222222222222,0.7028888888888889,30,30,30,0.7,baseline-v2-20260723,cd270e7871bd358937d83d9a49829637fa80007d2964084ef229f578e3733bd3,ba75425861a059dafcc477474fc3e4ed1eafdc2b47d6fdd0557337035d29a960,bab1cb3cf0895493ae8f897752724abb4031870c783b2c00f0014d166932665c,3538442,1693197930000000000,300
SS/catalogue_delay/2,SS,catalogue,delay,2,300,300,point,0.3,6,0.3,baro,2,0.5,0.8,0.045454545454545456,0,1,1,23,320.4915000242181,shipping|catalogue|front-end|session-db|orders,shipping_container-memory-rss,0.6981666666666667,30,30,0.6912222222222222,0.7051111111111111,30,30,30,0.7,baseline-v2-20260723,cd270e7871bd358937d83d9a49829637fa80007d2964084ef229f578e3733bd3,ba75425861a059dafcc477474fc3e4ed1eafdc2b47d6fdd0557337035d29a960,bab1cb3cf0895493ae8f897752724abb4031870c783b2c00f0014d166932665c,3538442,1693197930000000000,300
SS/catalogue_delay/2,SS,catalogue,delay,2,300,300,point,0.3,6,0.3,median_shift,2,0.5,0.8,0.045454545454545456,0,1,1,23,83.45050003845245,catalogue-db|catalogue|orders|queue-master|session-db,catalogue-db_container-memory-failures-total,0.6981666666666667,30,30,0.6912222222222222,0.7051111111111111,30,30,30,0.7,baseline-v2-20260723,cd270e7871bd358937d83d9a49829637fa80007d2964084ef229f578e3733bd3,ba75425861a059dafcc477474fc3e4ed1eafdc2b47d6fdd0557337035d29a960,bab1cb3cf0895493ae8f897752724abb4031870c783b2c00f0014d166932665c,3538442,1693197930000000000,300
SS/catalogue_delay/2,SS,catalogue,delay,2,300,300,point,0.3,6,0.3,nsigma,1,1.0,1.0,0.0,1,1,1,23,330.58229996822774,catalogue|front-end|orders|user|carts,catalogue_istio-latency-95,0.6981666666666667,30,30,0.6912222222222222,0.7051111111111111,30,30,30,0.7,baseline-v2-20260723,cd270e7871bd358937d83d9a49829637fa80007d2964084ef229f578e3733bd3,ba75425861a059dafcc477474fc3e4ed1eafdc2b47d6fdd0557337035d29a960,bab1cb3cf0895493ae8f897752724abb4031870c783b2c00f0014d166932665c,3538442,1693197930000000000,300
SS/catalogue_delay/2,SS,catalogue,delay,2,300,300,point,0.3,7,0.3,baro,2,0.5,0.8,0.045454545454545456,0,1,1,23,360.8724999940023,shipping|catalogue|front-end|session-db|orders,shipping_container-memory-rss,0.7005555555555556,30,30,0.7011111111111111,0.7,30,30,30,0.7,baseline-v2-20260723,cd270e7871bd358937d83d9a49829637fa80007d2964084ef229f578e3733bd3,ba75425861a059dafcc477474fc3e4ed1eafdc2b47d6fdd0557337035d29a960,bab1cb3cf0895493ae8f897752724abb4031870c783b2c00f0014d166932665c,3538442,1693197930000000000,300
SS/catalogue_delay/2,SS,catalogue,delay,2,300,300,point,0.3,7,0.3,median_shift,2,0.5,0.8,0.045454545454545456,0,1,1,23,96.42459999304265,catalogue-db|catalogue|orders|queue-master|session-db,catalogue-db_container-memory-failures-total,0.7005555555555556,30,30,0.7011111111111111,0.7,30,30,30,0.7,baseline-v2-20260723,cd270e7871bd358937d83d9a49829637fa80007d2964084ef229f578e3733bd3,ba75425861a059dafcc477474fc3e4ed1eafdc2b47d6fdd0557337035d29a960,bab1cb3cf0895493ae8f897752724abb4031870c783b2c00f0014d166932665c,3538442,1693197930000000000,300
SS/catalogue_delay/2,SS,catalogue,delay,2,300,300,point,0.3,7,0.3,nsigma,1,1.0,1.0,0.0,1,1,1,23,308.8232000009157,catalogue|front-end|orders|user|carts,catalogue_istio-latency-95,0.7005555555555556,30,30,0.7011111111111111,0.7,30,30,30,0.7,baseline-v2-20260723,cd270e7871bd358937d83d9a49829637fa80007d2964084ef229f578e3733bd3,ba75425861a059dafcc477474fc3e4ed1eafdc2b47d6fdd0557337035d29a960,bab1cb3cf0895493ae8f897752724abb4031870c783b2c00f0014d166932665c,3538442,1693197930000000000,300
SS/catalogue_delay/2,SS,catalogue,delay,2,300,300,point,0.3,8,0.3,baro,2,0.5,0.8,0.045454545454545456,0,1,1,23,368.12810000265017,shipping|catalogue|front-end|session-db|orders,shipping_container-memory-rss,0.7013333333333334,30,30,0.7015555555555556,0.7011111111111111,30,30,30,0.7,baseline-v2-20260723,cd270e7871bd358937d83d9a49829637fa80007d2964084ef229f578e3733bd3,ba75425861a059dafcc477474fc3e4ed1eafdc2b47d6fdd0557337035d29a960,bab1cb3cf0895493ae8f897752724abb4031870c783b2c00f0014d166932665c,3538442,1693197930000000000,300
SS/catalogue_delay/2,SS,catalogue,delay,2,300,300,point,0.3,8,0.3,median_shift,2,0.5,0.8,0.045454545454545456,0,1,1,23,108.47919998923317,catalogue-db|catalogue|orders|queue-master|session-db,catalogue-db_container-memory-failures-total,0.7013333333333334,30,30,0.7015555555555556,0.7011111111111111,30,30,30,0.7,baseline-v2-20260723,cd270e7871bd358937d83d9a49829637fa80007d2964084ef229f578e3733bd3,ba75425861a059dafcc477474fc3e4ed1eafdc2b47d6fdd0557337035d29a960,bab1cb3cf0895493ae8f897752724abb4031870c783b2c00f0014d166932665c,3538442,1693197930000000000,300
SS/catalogue_delay/2,SS,catalogue,delay,2,300,300,point,0.3,8,0.3,nsigma,1,1.0,1.0,0.0,1,1,1,23,311.41359999310225,catalogue|front-end|orders|user|carts,catalogue_istio-latency-95,0.7013333333333334,30,30,0.7015555555555556,0.7011111111111111,30,30,30,0.7,baseline-v2-20260723,cd270e7871bd358937d83d9a49829637fa80007d2964084ef229f578e3733bd3,ba75425861a059dafcc477474fc3e4ed1eafdc2b47d6fdd0557337035d29a960,bab1cb3cf0895493ae8f897752724abb4031870c783b2c00f0014d166932665c,3538442,1693197930000000000,300
SS/catalogue_delay/2,SS,catalogue,delay,2,300,300,point,0.3,9,0.3,baro,2,0.5,0.8,0.045454545454545456,0,1,1,23,363.59670001547784,shipping|catalogue|front-end|session-db|orders,shipping_container-memory-rss,0.7041666666666667,30,30,0.7056666666666667,0.7026666666666667,30,30,30,0.7,baseline-v2-20260723,cd270e7871bd358937d83d9a49829637fa80007d2964084ef229f578e3733bd3,ba75425861a059dafcc477474fc3e4ed1eafdc2b47d6fdd0557337035d29a960,bab1cb3cf0895493ae8f897752724abb4031870c783b2c00f0014d166932665c,3538442,1693197930000000000,300
SS/catalogue_delay/2,SS,catalogue,delay,2,300,300,point,0.3,9,0.3,median_shift,2,0.5,0.8,0.045454545454545456,0,1,1,23,104.7588000074029,catalogue-db|catalogue|orders|queue-master|session-db,catalogue-db_container-memory-failures-total,0.7041666666666667,30,30,0.7056666666666667,0.7026666666666667,30,30,30,0.7,baseline-v2-20260723,cd270e7871bd358937d83d9a49829637fa80007d2964084ef229f578e3733bd3,ba75425861a059dafcc477474fc3e4ed1eafdc2b47d6fdd0557337035d29a960,bab1cb3cf0895493ae8f897752724abb4031870c783b2c00f0014d166932665c,3538442,1693197930000000000,300
SS/catalogue_delay/2,SS,catalogue,delay,2,300,300,point,0.3,9,0.3,nsigma,1,1.0,1.0,0.0,1,1,1,23,379.8415000201203,catalogue|front-end|orders|user|carts,catalogue_istio-latency-95,0.7041666666666667,30,30,0.7056666666666667,0.7026666666666667,30,30,30,0.7,baseline-v2-20260723,cd270e7871bd358937d83d9a49829637fa80007d2964084ef229f578e3733bd3,ba75425861a059dafcc477474fc3e4ed1eafdc2b47d6fdd0557337035d29a960,bab1cb3cf0895493ae8f897752724abb4031870c783b2c00f0014d166932665c,3538442,1693197930000000000,300
SS/catalogue_delay/2,SS,catalogue,delay,2,300,300,point,0.5,0,0.5,baro,2,0.5,0.8,0.045454545454545456,0,1,1,23,372.67239997163415,shipping|catalogue|front-end|session-db|orders,shipping_container-memory-rss,0.5001111111111111,30,30,0.4991111111111111,0.5011111111111111,30,30,30,0.5,baseline-v2-20260723,cd270e7871bd358937d83d9a49829637fa80007d2964084ef229f578e3733bd3,ba75425861a059dafcc477474fc3e4ed1eafdc2b47d6fdd0557337035d29a960,bab1cb3cf0895493ae8f897752724abb4031870c783b2c00f0014d166932665c,3538442,1693197930000000000,300
SS/catalogue_delay/2,SS,catalogue,delay,2,300,300,point,0.5,0,0.5,median_shift,2,0.5,0.8,0.045454545454545456,0,1,1,23,106.93349997745827,catalogue-db|catalogue|orders|queue-master|session-db,catalogue-db_container-memory-failures-total,0.5001111111111111,30,30,0.4991111111111111,0.5011111111111111,30,30,30,0.5,baseline-v2-20260723,cd270e7871bd358937d83d9a49829637fa80007d2964084ef229f578e3733bd3,ba75425861a059dafcc477474fc3e4ed1eafdc2b47d6fdd0557337035d29a960,bab1cb3cf0895493ae8f897752724abb4031870c783b2c00f0014d166932665c,3538442,1693197930000000000,300
SS/catalogue_delay/2,SS,catalogue,delay,2,300,300,point,0.5,0,0.5,nsigma,1,1.0,1.0,0.0,1,1,1,23,301.6650999779813,catalogue|front-end|orders|user|carts,catalogue_istio-latency-95,0.5001111111111111,30,30,0.4991111111111111,0.5011111111111111,30,30,30,0.5,baseline-v2-20260723,cd270e7871bd358937d83d9a49829637fa80007d2964084ef229f578e3733bd3,ba75425861a059dafcc477474fc3e4ed1eafdc2b47d6fdd0557337035d29a960,bab1cb3cf0895493ae8f897752724abb4031870c783b2c00f0014d166932665c,3538442,1693197930000000000,300
SS/catalogue_delay/2,SS,catalogue,delay,2,300,300,point,0.5,1,0.5,baro,2,0.5,0.8,0.045454545454545456,0,1,1,23,374.916700005997,shipping|catalogue|front-end|session-db|orders,shipping_container-memory-rss,0.4978888888888889,30,30,0.49333333333333335,0.5024444444444445,30,30,30,0.5,baseline-v2-20260723,cd270e7871bd358937d83d9a49829637fa80007d2964084ef229f578e3733bd3,ba75425861a059dafcc477474fc3e4ed1eafdc2b47d6fdd0557337035d29a960,bab1cb3cf0895493ae8f897752724abb4031870c783b2c00f0014d166932665c,3538442,1693197930000000000,300
SS/catalogue_delay/2,SS,catalogue,delay,2,300,300,point,0.5,1,0.5,median_shift,2,0.5,0.8,0.045454545454545456,0,1,1,23,85.72580001782626,catalogue-db|catalogue|orders|queue-master|session-db,catalogue-db_container-memory-failures-total,0.4978888888888889,30,30,0.49333333333333335,0.5024444444444445,30,30,30,0.5,baseline-v2-20260723,cd270e7871bd358937d83d9a49829637fa80007d2964084ef229f578e3733bd3,ba75425861a059dafcc477474fc3e4ed1eafdc2b47d6fdd0557337035d29a960,bab1cb3cf0895493ae8f897752724abb4031870c783b2c00f0014d166932665c,3538442,1693197930000000000,300
SS/catalogue_delay/2,SS,catalogue,delay,2,300,300,point,0.5,1,0.5,nsigma,1,1.0,1.0,0.0,1,1,1,23,268.52990000043064,catalogue|front-end|orders|user|carts,catalogue_istio-latency-95,0.4978888888888889,30,30,0.49333333333333335,0.5024444444444445,30,30,30,0.5,baseline-v2-20260723,cd270e7871bd358937d83d9a49829637fa80007d2964084ef229f578e3733bd3,ba75425861a059dafcc477474fc3e4ed1eafdc2b47d6fdd0557337035d29a960,bab1cb3cf0895493ae8f897752724abb4031870c783b2c00f0014d166932665c,3538442,1693197930000000000,300
SS/catalogue_delay/2,SS,catalogue,delay,2,300,300,point,0.5,2,0.5,baro,2,0.5,0.8,0.045454545454545456,0,1,1,23,382.07859999965876,shipping|catalogue|front-end|session-db|orders,shipping_container-memory-rss,0.49827777777777776,30,30,0.4958888888888889,0.5006666666666667,30,30,30,0.5,baseline-v2-20260723,cd270e7871bd358937d83d9a49829637fa80007d2964084ef229f578e3733bd3,ba75425861a059dafcc477474fc3e4ed1eafdc2b47d6fdd0557337035d29a960,bab1cb3cf0895493ae8f897752724abb4031870c783b2c00f0014d166932665c,3538442,1693197930000000000,300
SS/catalogue_delay/2,SS,catalogue,delay,2,300,300,point,0.5,2,0.5,median_shift,2,0.5,0.8,0.045454545454545456,0,1,1,23,96.3048999547027,catalogue-db|catalogue|orders|queue-master|session-db,catalogue-db_container-memory-failures-total,0.49827777777777776,30,30,0.4958888888888889,0.5006666666666667,30,30,30,0.5,baseline-v2-20260723,cd270e7871bd358937d83d9a49829637fa80007d2964084ef229f578e3733bd3,ba75425861a059dafcc477474fc3e4ed1eafdc2b47d6fdd0557337035d29a960,bab1cb3cf0895493ae8f897752724abb4031870c783b2c00f0014d166932665c,3538442,1693197930000000000,300
SS/catalogue_delay/2,SS,catalogue,delay,2,300,300,point,0.5,2,0.5,nsigma,1,1.0,1.0,0.0,1,1,1,23,299.1995999473147,catalogue|front-end|orders|user|carts,catalogue_istio-latency-95,0.49827777777777776,30,30,0.4958888888888889,0.5006666666666667,30,30,30,0.5,baseline-v2-20260723,cd270e7871bd358937d83d9a49829637fa80007d2964084ef229f578e3733bd3,ba75425861a059dafcc477474fc3e4ed1eafdc2b47d6fdd0557337035d29a960,bab1cb3cf0895493ae8f897752724abb4031870c783b2c00f0014d166932665c,3538442,1693197930000000000,300
SS/catalogue_delay/2,SS,catalogue,delay,2,300,300,point,0.5,3,0.5,baro,2,0.5,0.8,0.045454545454545456,0,1,1,23,394.4946999545209,shipping|catalogue|front-end|session-db|orders,shipping_container-memory-rss,0.5021666666666667,30,30,0.506,0.49833333333333335,30,30,30,0.5,baseline-v2-20260723,cd270e7871bd358937d83d9a49829637fa80007d2964084ef229f578e3733bd3,ba75425861a059dafcc477474fc3e4ed1eafdc2b47d6fdd0557337035d29a960,bab1cb3cf0895493ae8f897752724abb4031870c783b2c00f0014d166932665c,3538442,1693197930000000000,300
SS/catalogue_delay/2,SS,catalogue,delay,2,300,300,point,0.5,3,0.5,median_shift,2,0.5,0.8,0.045454545454545456,0,1,1,23,97.65549999428913,catalogue-db|catalogue|orders|queue-master|session-db,catalogue-db_container-memory-failures-total,0.5021666666666667,30,30,0.506,0.49833333333333335,30,30,30,0.5,baseline-v2-20260723,cd270e7871bd358937d83d9a49829637fa80007d2964084ef229f578e3733bd3,ba75425861a059dafcc477474fc3e4ed1eafdc2b47d6fdd0557337035d29a960,bab1cb3cf0895493ae8f897752724abb4031870c783b2c00f0014d166932665c,3538442,1693197930000000000,300
SS/catalogue_delay/2,SS,catalogue,delay,2,300,300,point,0.5,3,0.5,nsigma,1,1.0,1.0,0.0,1,1,1,23,298.18530002376065,catalogue|front-end|orders|user|carts,catalogue_istio-latency-95,0.5021666666666667,30,30,0.506,0.49833333333333335,30,30,30,0.5,baseline-v2-20260723,cd270e7871bd358937d83d9a49829637fa80007d2964084ef229f578e3733bd3,ba75425861a059dafcc477474fc3e4ed1eafdc2b47d6fdd0557337035d29a960,bab1cb3cf0895493ae8f897752724abb4031870c783b2c00f0014d166932665c,3538442,1693197930000000000,300
SS/catalogue_delay/2,SS,catalogue,delay,2,300,300,point,0.5,4,0.5,baro,2,0.5,0.8,0.045454545454545456,0,1,1,23,343.42509997077286,shipping|catalogue|front-end|session-db|orders,shipping_container-memory-rss,0.49616666666666664,30,30,0.48977777777777776,0.5025555555555555,30,30,30,0.5,baseline-v2-20260723,cd270e7871bd358937d83d9a49829637fa80007d2964084ef229f578e3733bd3,ba75425861a059dafcc477474fc3e4ed1eafdc2b47d6fdd0557337035d29a960,bab1cb3cf0895493ae8f897752724abb4031870c783b2c00f0014d166932665c,3538442,1693197930000000000,300
SS/catalogue_delay/2,SS,catalogue,delay,2,300,300,point,0.5,4,0.5,median_shift,2,0.5,0.8,0.045454545454545456,0,1,1,23,83.71799997985363,catalogue-db|catalogue|orders|queue-master|session-db,catalogue-db_container-memory-failures-total,0.49616666666666664,30,30,0.48977777777777776,0.5025555555555555,30,30,30,0.5,baseline-v2-20260723,cd270e7871bd358937d83d9a49829637fa80007d2964084ef229f578e3733bd3,ba75425861a059dafcc477474fc3e4ed1eafdc2b47d6fdd0557337035d29a960,bab1cb3cf0895493ae8f897752724abb4031870c783b2c00f0014d166932665c,3538442,1693197930000000000,300
SS/catalogue_delay/2,SS,catalogue,delay,2,300,300,point,0.5,4,0.5,nsigma,1,1.0,1.0,0.0,1,1,1,23,305.35779998172075,catalogue|front-end|orders|user|carts,catalogue_istio-latency-95,0.49616666666666664,30,30,0.48977777777777776,0.5025555555555555,30,30,30,0.5,baseline-v2-20260723,cd270e7871bd358937d83d9a49829637fa80007d2964084ef229f578e3733bd3,ba75425861a059dafcc477474fc3e4ed1eafdc2b47d6fdd0557337035d29a960,bab1cb3cf0895493ae8f897752724abb4031870c783b2c00f0014d166932665c,3538442,1693197930000000000,300
SS/catalogue_delay/2,SS,catalogue,delay,2,300,300,point,0.5,5,0.5,baro,2,0.5,0.8,0.045454545454545456,0,1,1,23,420.9332999889739,shipping|catalogue|front-end|session-db|orders,shipping_container-memory-rss,0.49116666666666664,30,30,0.49777777777777776,0.4845555555555556,30,30,30,0.5,baseline-v2-20260723,cd270e7871bd358937d83d9a49829637fa80007d2964084ef229f578e3733bd3,ba75425861a059dafcc477474fc3e4ed1eafdc2b47d6fdd0557337035d29a960,bab1cb3cf0895493ae8f897752724abb4031870c783b2c00f0014d166932665c,3538442,1693197930000000000,300
SS/catalogue_delay/2,SS,catalogue,delay,2,300,300,point,0.5,5,0.5,median_shift,2,0.5,0.8,0.045454545454545456,0,1,1,23,103.23409998090938,catalogue-db|catalogue|orders|queue-master|session-db,catalogue-db_container-memory-failures-total,0.49116666666666664,30,30,0.49777777777777776,0.4845555555555556,30,30,30,0.5,baseline-v2-20260723,cd270e7871bd358937d83d9a49829637fa80007d2964084ef229f578e3733bd3,ba75425861a059dafcc477474fc3e4ed1eafdc2b47d6fdd0557337035d29a960,bab1cb3cf0895493ae8f897752724abb4031870c783b2c00f0014d166932665c,3538442,1693197930000000000,300
SS/catalogue_delay/2,SS,catalogue,delay,2,300,300,point,0.5,5,0.5,nsigma,1,1.0,1.0,0.0,1,1,1,23,256.5597000066191,catalogue|front-end|orders|user|carts,catalogue_istio-latency-95,0.49116666666666664,30,30,0.49777777777777776,0.4845555555555556,30,30,30,0.5,baseline-v2-20260723,cd270e7871bd358937d83d9a49829637fa80007d2964084ef229f578e3733bd3,ba75425861a059dafcc477474fc3e4ed1eafdc2b47d6fdd0557337035d29a960,bab1cb3cf0895493ae8f897752724abb4031870c783b2c00f0014d166932665c,3538442,1693197930000000000,300
SS/catalogue_delay/2,SS,catalogue,delay,2,300,300,point,0.5,6,0.5,baro,2,0.5,0.8,0.045454545454545456,0,1,1,23,404.80280003976077,shipping|catalogue|front-end|session-db|orders,shipping_container-memory-rss,0.49727777777777776,30,30,0.4951111111111111,0.49944444444444447,30,30,30,0.5,baseline-v2-20260723,cd270e7871bd358937d83d9a49829637fa80007d2964084ef229f578e3733bd3,ba75425861a059dafcc477474fc3e4ed1eafdc2b47d6fdd0557337035d29a960,bab1cb3cf0895493ae8f897752724abb4031870c783b2c00f0014d166932665c,3538442,1693197930000000000,300
SS/catalogue_delay/2,SS,catalogue,delay,2,300,300,point,0.5,6,0.5,median_shift,2,0.5,0.8,0.045454545454545456,0,1,1,23,104.49350002454594,catalogue-db|catalogue|orders|queue-master|session-db,catalogue-db_container-memory-failures-total,0.49727777777777776,30,30,0.4951111111111111,0.49944444444444447,30,30,30,0.5,baseline-v2-20260723,cd270e7871bd358937d83d9a49829637fa80007d2964084ef229f578e3733bd3,ba75425861a059dafcc477474fc3e4ed1eafdc2b47d6fdd0557337035d29a960,bab1cb3cf0895493ae8f897752724abb4031870c783b2c00f0014d166932665c,3538442,1693197930000000000,300
SS/catalogue_delay/2,SS,catalogue,delay,2,300,300,point,0.5,6,0.5,nsigma,1,1.0,1.0,0.0,1,1,1,23,277.8514999663457,catalogue|front-end|orders|user|carts,catalogue_istio-latency-95,0.49727777777777776,30,30,0.4951111111111111,0.49944444444444447,30,30,30,0.5,baseline-v2-20260723,cd270e7871bd358937d83d9a49829637fa80007d2964084ef229f578e3733bd3,ba75425861a059dafcc477474fc3e4ed1eafdc2b47d6fdd0557337035d29a960,bab1cb3cf0895493ae8f897752724abb4031870c783b2c00f0014d166932665c,3538442,1693197930000000000,300
SS/catalogue_delay/2,SS,catalogue,delay,2,300,300,point,0.5,7,0.5,baro,2,0.5,0.8,0.045454545454545456,0,1,1,23,341.93949995096773,shipping|catalogue|front-end|session-db|orders,shipping_container-memory-rss,0.49994444444444447,30,30,0.5012222222222222,0.49866666666666665,30,30,30,0.5,baseline-v2-20260723,cd270e7871bd358937d83d9a49829637fa80007d2964084ef229f578e3733bd3,ba75425861a059dafcc477474fc3e4ed1eafdc2b47d6fdd0557337035d29a960,bab1cb3cf0895493ae8f897752724abb4031870c783b2c00f0014d166932665c,3538442,1693197930000000000,300
SS/catalogue_delay/2,SS,catalogue,delay,2,300,300,point,0.5,7,0.5,median_shift,2,0.5,0.8,0.045454545454545456,0,1,1,23,88.16420001676306,catalogue-db|catalogue|orders|queue-master|session-db,catalogue-db_container-memory-failures-total,0.49994444444444447,30,30,0.5012222222222222,0.49866666666666665,30,30,30,0.5,baseline-v2-20260723,cd270e7871bd358937d83d9a49829637fa80007d2964084ef229f578e3733bd3,ba75425861a059dafcc477474fc3e4ed1eafdc2b47d6fdd0557337035d29a960,bab1cb3cf0895493ae8f897752724abb4031870c783b2c00f0014d166932665c,3538442,1693197930000000000,300
SS/catalogue_delay/2,SS,catalogue,delay,2,300,300,point,0.5,7,0.5,nsigma,1,1.0,1.0,0.0,1,1,1,23,326.82539999950677,catalogue|front-end|orders|user|carts,catalogue_istio-latency-95,0.49994444444444447,30,30,0.5012222222222222,0.49866666666666665,30,30,30,0.5,baseline-v2-20260723,cd270e7871bd358937d83d9a49829637fa80007d2964084ef229f578e3733bd3,ba75425861a059dafcc477474fc3e4ed1eafdc2b47d6fdd0557337035d29a960,bab1cb3cf0895493ae8f897752724abb4031870c783b2c00f0014d166932665c,3538442,1693197930000000000,300
SS/catalogue_delay/2,SS,catalogue,delay,2,300,300,point,0.5,8,0.5,baro,2,0.5,0.8,0.045454545454545456,0,1,1,23,336.5320000448264,shipping|catalogue|front-end|session-db|orders,shipping_container-memory-rss,0.49883333333333335,30,30,0.4951111111111111,0.5025555555555555,30,30,30,0.5,baseline-v2-20260723,cd270e7871bd358937d83d9a49829637fa80007d2964084ef229f578e3733bd3,ba75425861a059dafcc477474fc3e4ed1eafdc2b47d6fdd0557337035d29a960,bab1cb3cf0895493ae8f897752724abb4031870c783b2c00f0014d166932665c,3538442,1693197930000000000,300
SS/catalogue_delay/2,SS,catalogue,delay,2,300,300,point,0.5,8,0.5,median_shift,2,0.5,0.8,0.045454545454545456,0,1,1,23,135.04959997953847,catalogue-db|catalogue|orders|queue-master|session-db,catalogue-db_container-memory-failures-total,0.49883333333333335,30,30,0.4951111111111111,0.5025555555555555,30,30,30,0.5,baseline-v2-20260723,cd270e7871bd358937d83d9a49829637fa80007d2964084ef229f578e3733bd3,ba75425861a059dafcc477474fc3e4ed1eafdc2b47d6fdd0557337035d29a960,bab1cb3cf0895493ae8f897752724abb4031870c783b2c00f0014d166932665c,3538442,1693197930000000000,300
SS/catalogue_delay/2,SS,catalogue,delay,2,300,300,point,0.5,8,0.5,nsigma,1,1.0,1.0,0.0,1,1,1,23,292.6420000148937,catalogue|front-end|orders|user|carts,catalogue_istio-latency-95,0.49883333333333335,30,30,0.4951111111111111,0.5025555555555555,30,30,30,0.5,baseline-v2-20260723,cd270e7871bd358937d83d9a49829637fa80007d2964084ef229f578e3733bd3,ba75425861a059dafcc477474fc3e4ed1eafdc2b47d6fdd0557337035d29a960,bab1cb3cf0895493ae8f897752724abb4031870c783b2c00f0014d166932665c,3538442,1693197930000000000,300
SS/catalogue_delay/2,SS,catalogue,delay,2,300,300,point,0.5,9,0.5,baro,2,0.5,0.8,0.045454545454545456,0,1,1,23,378.72770003741607,shipping|catalogue|front-end|session-db|orders,shipping_container-memory-rss,0.48883333333333334,30,30,0.48377777777777775,0.4938888888888889,30,30,30,0.5,baseline-v2-20260723,cd270e7871bd358937d83d9a49829637fa80007d2964084ef229f578e3733bd3,ba75425861a059dafcc477474fc3e4ed1eafdc2b47d6fdd0557337035d29a960,bab1cb3cf0895493ae8f897752724abb4031870c783b2c00f0014d166932665c,3538442,1693197930000000000,300
SS/catalogue_delay/2,SS,catalogue,delay,2,300,300,point,0.5,9,0.5,median_shift,2,0.5,0.8,0.045454545454545456,0,1,1,23,104.51560001820326,catalogue-db|catalogue|orders|queue-master|session-db,catalogue-db_container-memory-failures-total,0.48883333333333334,30,30,0.48377777777777775,0.4938888888888889,30,30,30,0.5,baseline-v2-20260723,cd270e7871bd358937d83d9a49829637fa80007d2964084ef229f578e3733bd3,ba75425861a059dafcc477474fc3e4ed1eafdc2b47d6fdd0557337035d29a960,bab1cb3cf0895493ae8f897752724abb4031870c783b2c00f0014d166932665c,3538442,1693197930000000000,300
SS/catalogue_delay/2,SS,catalogue,delay,2,300,300,point,0.5,9,0.5,nsigma,1,1.0,1.0,0.0,1,1,1,23,282.94659999664873,catalogue|front-end|orders|user|carts,catalogue_istio-latency-95,0.48883333333333334,30,30,0.48377777777777775,0.4938888888888889,30,30,30,0.5,baseline-v2-20260723,cd270e7871bd358937d83d9a49829637fa80007d2964084ef229f578e3733bd3,ba75425861a059dafcc477474fc3e4ed1eafdc2b47d6fdd0557337035d29a960,bab1cb3cf0895493ae8f897752724abb4031870c783b2c00f0014d166932665c,3538442,1693197930000000000,300
SS/catalogue_delay/2,SS,catalogue,delay,2,300,300,stream,0.1,0,0.10068649885583524,baro,2,0.5,0.8,0.045454545454545456,0,1,1,23,387.50079995952547,shipping|catalogue|front-end|session-db|orders,shipping_container-memory-rss,0.9333333333333333,28,30,0.9333333333333333,0.9333333333333333,28,28,28,0.8993135011441648,baseline-v2-20260723,cd270e7871bd358937d83d9a49829637fa80007d2964084ef229f578e3733bd3,ba75425861a059dafcc477474fc3e4ed1eafdc2b47d6fdd0557337035d29a960,bab1cb3cf0895493ae8f897752724abb4031870c783b2c00f0014d166932665c,3538442,1693197930000000000,300
SS/catalogue_delay/2,SS,catalogue,delay,2,300,300,stream,0.1,0,0.10068649885583524,median_shift,1,1.0,1.0,0.0,1,1,1,23,97.83410001546144,catalogue|orders|queue-master|session-db|shipping,catalogue_container-memory-max-usage-bytes,0.9333333333333333,28,30,0.9333333333333333,0.9333333333333333,28,28,28,0.8993135011441648,baseline-v2-20260723,cd270e7871bd358937d83d9a49829637fa80007d2964084ef229f578e3733bd3,ba75425861a059dafcc477474fc3e4ed1eafdc2b47d6fdd0557337035d29a960,bab1cb3cf0895493ae8f897752724abb4031870c783b2c00f0014d166932665c,3538442,1693197930000000000,300
SS/catalogue_delay/2,SS,catalogue,delay,2,300,300,stream,0.1,0,0.10068649885583524,nsigma,1,1.0,1.0,0.0,1,1,1,23,323.647000011988,catalogue|front-end|orders|user|carts,catalogue_istio-latency-90,0.9333333333333333,28,30,0.9333333333333333,0.9333333333333333,28,28,28,0.8993135011441648,baseline-v2-20260723,cd270e7871bd358937d83d9a49829637fa80007d2964084ef229f578e3733bd3,ba75425861a059dafcc477474fc3e4ed1eafdc2b47d6fdd0557337035d29a960,bab1cb3cf0895493ae8f897752724abb4031870c783b2c00f0014d166932665c,3538442,1693197930000000000,300
SS/catalogue_delay/2,SS,catalogue,delay,2,300,300,stream,0.1,1,0.10068649885583524,baro,2,0.5,0.8,0.045454545454545456,0,1,1,23,356.87110002618283,shipping|catalogue|front-end|session-db|orders,shipping_container-memory-rss,0.8333333333333334,25,30,0.8333333333333334,0.8333333333333334,25,25,25,0.8993135011441648,baseline-v2-20260723,cd270e7871bd358937d83d9a49829637fa80007d2964084ef229f578e3733bd3,ba75425861a059dafcc477474fc3e4ed1eafdc2b47d6fdd0557337035d29a960,bab1cb3cf0895493ae8f897752724abb4031870c783b2c00f0014d166932665c,3538442,1693197930000000000,300
SS/catalogue_delay/2,SS,catalogue,delay,2,300,300,stream,0.1,1,0.10068649885583524,median_shift,2,0.5,0.8,0.045454545454545456,0,1,1,23,83.0574999563396,catalogue-db|catalogue|orders|queue-master|session-db,catalogue-db_container-memory-failures-total,0.8333333333333334,25,30,0.8333333333333334,0.8333333333333334,25,25,25,0.8993135011441648,baseline-v2-20260723,cd270e7871bd358937d83d9a49829637fa80007d2964084ef229f578e3733bd3,ba75425861a059dafcc477474fc3e4ed1eafdc2b47d6fdd0557337035d29a960,bab1cb3cf0895493ae8f897752724abb4031870c783b2c00f0014d166932665c,3538442,1693197930000000000,300
SS/catalogue_delay/2,SS,catalogue,delay,2,300,300,stream,0.1,1,0.10068649885583524,nsigma,1,1.0,1.0,0.0,1,1,1,23,245.59529998805374,catalogue|front-end|orders|user|carts,catalogue_istio-latency-90,0.8333333333333334,25,30,0.8333333333333334,0.8333333333333334,25,25,25,0.8993135011441648,baseline-v2-20260723,cd270e7871bd358937d83d9a49829637fa80007d2964084ef229f578e3733bd3,ba75425861a059dafcc477474fc3e4ed1eafdc2b47d6fdd0557337035d29a960,bab1cb3cf0895493ae8f897752724abb4031870c783b2c00f0014d166932665c,3538442,1693197930000000000,300
SS/catalogue_delay/2,SS,catalogue,delay,2,300,300,stream,0.1,2,0.10068649885583524,baro,2,0.5,0.8,0.045454545454545456,0,1,1,23,289.7103999857791,shipping|catalogue|front-end|session-db|orders,shipping_container-memory-rss,0.9333333333333333,28,30,0.9333333333333333,0.9333333333333333,28,28,28,0.8993135011441648,baseline-v2-20260723,cd270e7871bd358937d83d9a49829637fa80007d2964084ef229f578e3733bd3,ba75425861a059dafcc477474fc3e4ed1eafdc2b47d6fdd0557337035d29a960,bab1cb3cf0895493ae8f897752724abb4031870c783b2c00f0014d166932665c,3538442,1693197930000000000,300
SS/catalogue_delay/2,SS,catalogue,delay,2,300,300,stream,0.1,2,0.10068649885583524,median_shift,2,0.5,0.8,0.045454545454545456,0,1,1,23,106.56859999289736,catalogue-db|catalogue|orders|queue-master|session-db,catalogue-db_container-memory-failures-total,0.9333333333333333,28,30,0.9333333333333333,0.9333333333333333,28,28,28,0.8993135011441648,baseline-v2-20260723,cd270e7871bd358937d83d9a49829637fa80007d2964084ef229f578e3733bd3,ba75425861a059dafcc477474fc3e4ed1eafdc2b47d6fdd0557337035d29a960,bab1cb3cf0895493ae8f897752724abb4031870c783b2c00f0014d166932665c,3538442,1693197930000000000,300
SS/catalogue_delay/2,SS,catalogue,delay,2,300,300,stream,0.1,2,0.10068649885583524,nsigma,1,1.0,1.0,0.0,1,1,1,23,227.74939995724708,catalogue|front-end|orders|user|carts,catalogue_istio-latency-95,0.9333333333333333,28,30,0.9333333333333333,0.9333333333333333,28,28,28,0.8993135011441648,baseline-v2-20260723,cd270e7871bd358937d83d9a49829637fa80007d2964084ef229f578e3733bd3,ba75425861a059dafcc477474fc3e4ed1eafdc2b47d6fdd0557337035d29a960,bab1cb3cf0895493ae8f897752724abb4031870c783b2c00f0014d166932665c,3538442,1693197930000000000,300
SS/catalogue_delay/2,SS,catalogue,delay,2,300,300,stream,0.1,3,0.10068649885583524,baro,2,0.5,0.8,0.045454545454545456,0,1,1,23,359.94100000243634,shipping|catalogue|front-end|session-db|orders,shipping_container-memory-rss,1.0,30,30,1.0,1.0,30,30,30,0.8993135011441648,baseline-v2-20260723,cd270e7871bd358937d83d9a49829637fa80007d2964084ef229f578e3733bd3,ba75425861a059dafcc477474fc3e4ed1eafdc2b47d6fdd0557337035d29a960,bab1cb3cf0895493ae8f897752724abb4031870c783b2c00f0014d166932665c,3538442,1693197930000000000,300
SS/catalogue_delay/2,SS,catalogue,delay,2,300,300,stream,0.1,3,0.10068649885583524,median_shift,2,0.5,0.8,0.045454545454545456,0,1,1,23,76.83009997708723,catalogue-db|catalogue|queue-master|session-db|shipping,catalogue-db_container-memory-failures-total,1.0,30,30,1.0,1.0,30,30,30,0.8993135011441648,baseline-v2-20260723,cd270e7871bd358937d83d9a49829637fa80007d2964084ef229f578e3733bd3,ba75425861a059dafcc477474fc3e4ed1eafdc2b47d6fdd0557337035d29a960,bab1cb3cf0895493ae8f897752724abb4031870c783b2c00f0014d166932665c,3538442,1693197930000000000,300
SS/catalogue_delay/2,SS,catalogue,delay,2,300,300,stream,0.1,3,0.10068649885583524,nsigma,1,1.0,1.0,0.0,1,1,1,23,299.24190003657714,catalogue|front-end|orders|user|carts,catalogue_istio-latency-95,1.0,30,30,1.0,1.0,30,30,30,0.8993135011441648,baseline-v2-20260723,cd270e7871bd358937d83d9a49829637fa80007d2964084ef229f578e3733bd3,ba75425861a059dafcc477474fc3e4ed1eafdc2b47d6fdd0557337035d29a960,bab1cb3cf0895493ae8f897752724abb4031870c783b2c00f0014d166932665c,3538442,1693197930000000000,300
SS/catalogue_delay/2,SS,catalogue,delay,2,300,300,stream,0.1,4,0.10068649885583524,baro,2,0.5,0.8,0.045454545454545456,0,1,1,23,366.2042000214569,shipping|catalogue|front-end|session-db|orders,shipping_container-memory-rss,0.9333333333333333,28,30,0.9333333333333333,0.9333333333333333,28,28,28,0.8993135011441648,baseline-v2-20260723,cd270e7871bd358937d83d9a49829637fa80007d2964084ef229f578e3733bd3,ba75425861a059dafcc477474fc3e4ed1eafdc2b47d6fdd0557337035d29a960,bab1cb3cf0895493ae8f897752724abb4031870c783b2c00f0014d166932665c,3538442,1693197930000000000,300
SS/catalogue_delay/2,SS,catalogue,delay,2,300,300,stream,0.1,4,0.10068649885583524,median_shift,2,0.5,0.8,0.045454545454545456,0,1,1,23,102.42359997937456,catalogue-db|catalogue|orders|queue-master|session-db,catalogue-db_container-memory-failures-total,0.9333333333333333,28,30,0.9333333333333333,0.9333333333333333,28,28,28,0.8993135011441648,baseline-v2-20260723,cd270e7871bd358937d83d9a49829637fa80007d2964084ef229f578e3733bd3,ba75425861a059dafcc477474fc3e4ed1eafdc2b47d6fdd0557337035d29a960,bab1cb3cf0895493ae8f897752724abb4031870c783b2c00f0014d166932665c,3538442,1693197930000000000,300
SS/catalogue_delay/2,SS,catalogue,delay,2,300,300,stream,0.1,4,0.10068649885583524,nsigma,1,1.0,1.0,0.0,1,1,1,23,287.7277000225149,catalogue|front-end|orders|user|carts,catalogue_istio-latency-95,0.9333333333333333,28,30,0.9333333333333333,0.9333333333333333,28,28,28,0.8993135011441648,baseline-v2-20260723,cd270e7871bd358937d83d9a49829637fa80007d2964084ef229f578e3733bd3,ba75425861a059dafcc477474fc3e4ed1eafdc2b47d6fdd0557337035d29a960,bab1cb3cf0895493ae8f897752724abb4031870c783b2c00f0014d166932665c,3538442,1693197930000000000,300
SS/catalogue_delay/2,SS,catalogue,delay,2,300,300,stream,0.1,5,0.10068649885583524,baro,2,0.5,0.8,0.045454545454545456,0,1,1,23,326.59039995633066,shipping|catalogue|front-end|session-db|orders,shipping_container-memory-rss,0.9,27,30,0.9,0.9,27,27,27,0.8993135011441648,baseline-v2-20260723,cd270e7871bd358937d83d9a49829637fa80007d2964084ef229f578e3733bd3,ba75425861a059dafcc477474fc3e4ed1eafdc2b47d6fdd0557337035d29a960,bab1cb3cf0895493ae8f897752724abb4031870c783b2c00f0014d166932665c,3538442,1693197930000000000,300
SS/catalogue_delay/2,SS,catalogue,delay,2,300,300,stream,0.1,5,0.10068649885583524,median_shift,2,0.5,0.8,0.045454545454545456,0,1,1,23,80.09319996926934,catalogue-db|catalogue|queue-master|session-db|shipping,catalogue-db_container-memory-failures-total,0.9,27,30,0.9,0.9,27,27,27,0.8993135011441648,baseline-v2-20260723,cd270e7871bd358937d83d9a49829637fa80007d2964084ef229f578e3733bd3,ba75425861a059dafcc477474fc3e4ed1eafdc2b47d6fdd0557337035d29a960,bab1cb3cf0895493ae8f897752724abb4031870c783b2c00f0014d166932665c,3538442,1693197930000000000,300
SS/catalogue_delay/2,SS,catalogue,delay,2,300,300,stream,0.1,5,0.10068649885583524,nsigma,1,1.0,1.0,0.0,1,1,1,23,281.8544000037946,catalogue|front-end|orders|user|carts,catalogue_istio-latency-95,0.9,27,30,0.9,0.9,27,27,27,0.8993135011441648,baseline-v2-20260723,cd270e7871bd358937d83d9a49829637fa80007d2964084ef229f578e3733bd3,ba75425861a059dafcc477474fc3e4ed1eafdc2b47d6fdd0557337035d29a960,bab1cb3cf0895493ae8f897752724abb4031870c783b2c00f0014d166932665c,3538442,1693197930000000000,300
SS/catalogue_delay/2,SS,catalogue,delay,2,300,300,stream,0.1,6,0.10068649885583524,baro,2,0.5,0.8,0.045454545454545456,0,1,1,23,286.47509997244924,shipping|catalogue|front-end|session-db|user,shipping_container-memory-rss,0.9333333333333333,28,30,0.9333333333333333,0.9333333333333333,28,28,28,0.8993135011441648,baseline-v2-20260723,cd270e7871bd358937d83d9a49829637fa80007d2964084ef229f578e3733bd3,ba75425861a059dafcc477474fc3e4ed1eafdc2b47d6fdd0557337035d29a960,bab1cb3cf0895493ae8f897752724abb4031870c783b2c00f0014d166932665c,3538442,1693197930000000000,300
SS/catalogue_delay/2,SS,catalogue,delay,2,300,300,stream,0.1,6,0.10068649885583524,median_shift,1,1.0,1.0,0.0,1,1,1,23,147.83720002742484,catalogue|orders|queue-master|session-db|shipping,catalogue_container-memory-rss,0.9333333333333333,28,30,0.9333333333333333,0.9333333333333333,28,28,28,0.8993135011441648,baseline-v2-20260723,cd270e7871bd358937d83d9a49829637fa80007d2964084ef229f578e3733bd3,ba75425861a059dafcc477474fc3e4ed1eafdc2b47d6fdd0557337035d29a960,bab1cb3cf0895493ae8f897752724abb4031870c783b2c00f0014d166932665c,3538442,1693197930000000000,300
SS/catalogue_delay/2,SS,catalogue,delay,2,300,300,stream,0.1,6,0.10068649885583524,nsigma,1,1.0,1.0,0.0,1,1,1,23,248.1804999988526,catalogue|front-end|orders|user|carts,catalogue_istio-latency-95,0.9333333333333333,28,30,0.9333333333333333,0.9333333333333333,28,28,28,0.8993135011441648,baseline-v2-20260723,cd270e7871bd358937d83d9a49829637fa80007d2964084ef229f578e3733bd3,ba75425861a059dafcc477474fc3e4ed1eafdc2b47d6fdd0557337035d29a960,bab1cb3cf0895493ae8f897752724abb4031870c783b2c00f0014d166932665c,3538442,1693197930000000000,300
SS/catalogue_delay/2,SS,catalogue,delay,2,300,300,stream,0.1,7,0.10068649885583524,baro,2,0.5,0.8,0.045454545454545456,0,1,1,23,346.082900010515,shipping|catalogue|front-end|session-db|orders,shipping_container-memory-rss,0.9333333333333333,28,30,0.9333333333333333,0.9333333333333333,28,28,28,0.8993135011441648,baseline-v2-20260723,cd270e7871bd358937d83d9a49829637fa80007d2964084ef229f578e3733bd3,ba75425861a059dafcc477474fc3e4ed1eafdc2b47d6fdd0557337035d29a960,bab1cb3cf0895493ae8f897752724abb4031870c783b2c00f0014d166932665c,3538442,1693197930000000000,300
SS/catalogue_delay/2,SS,catalogue,delay,2,300,300,stream,0.1,7,0.10068649885583524,median_shift,2,0.5,0.8,0.045454545454545456,0,1,1,23,81.10280003165826,catalogue-db|catalogue|orders|queue-master|session-db,catalogue-db_container-memory-failures-total,0.9333333333333333,28,30,0.9333333333333333,0.9333333333333333,28,28,28,0.8993135011441648,baseline-v2-20260723,cd270e7871bd358937d83d9a49829637fa80007d2964084ef229f578e3733bd3,ba75425861a059dafcc477474fc3e4ed1eafdc2b47d6fdd0557337035d29a960,bab1cb3cf0895493ae8f897752724abb4031870c783b2c00f0014d166932665c,3538442,1693197930000000000,300
SS/catalogue_delay/2,SS,catalogue,delay,2,300,300,stream,0.1,7,0.10068649885583524,nsigma,1,1.0,1.0,0.0,1,1,1,23,245.34720001975074,catalogue|front-end|orders|user|carts,catalogue_istio-latency-95,0.9333333333333333,28,30,0.9333333333333333,0.9333333333333333,28,28,28,0.8993135011441648,baseline-v2-20260723,cd270e7871bd358937d83d9a49829637fa80007d2964084ef229f578e3733bd3,ba75425861a059dafcc477474fc3e4ed1eafdc2b47d6fdd0557337035d29a960,bab1cb3cf0895493ae8f897752724abb4031870c783b2c00f0014d166932665c,3538442,1693197930000000000,300
SS/catalogue_delay/2,SS,catalogue,delay,2,300,300,stream,0.1,8,0.10068649885583524,baro,2,0.5,0.8,0.045454545454545456,0,1,1,23,343.50309998262674,shipping|catalogue|front-end|session-db|orders,shipping_container-memory-rss,0.8333333333333334,25,30,0.8333333333333334,0.8333333333333334,25,25,25,0.8993135011441648,baseline-v2-20260723,cd270e7871bd358937d83d9a49829637fa80007d2964084ef229f578e3733bd3,ba75425861a059dafcc477474fc3e4ed1eafdc2b47d6fdd0557337035d29a960,bab1cb3cf0895493ae8f897752724abb4031870c783b2c00f0014d166932665c,3538442,1693197930000000000,300
SS/catalogue_delay/2,SS,catalogue,delay,2,300,300,stream,0.1,8,0.10068649885583524,median_shift,2,0.5,0.8,0.045454545454545456,0,1,1,23,94.23610003432259,catalogue-db|catalogue|orders|session-db|shipping,catalogue-db_container-memory-failures-total,0.8333333333333334,25,30,0.8333333333333334,0.8333333333333334,25,25,25,0.8993135011441648,baseline-v2-20260723,cd270e7871bd358937d83d9a49829637fa80007d2964084ef229f578e3733bd3,ba75425861a059dafcc477474fc3e4ed1eafdc2b47d6fdd0557337035d29a960,bab1cb3cf0895493ae8f897752724abb4031870c783b2c00f0014d166932665c,3538442,1693197930000000000,300
SS/catalogue_delay/2,SS,catalogue,delay,2,300,300,stream,0.1,8,0.10068649885583524,nsigma,1,1.0,1.0,0.0,1,1,1,23,365.46080000698566,catalogue|front-end|orders|user|carts,catalogue_istio-latency-90,0.8333333333333334,25,30,0.8333333333333334,0.8333333333333334,25,25,25,0.8993135011441648,baseline-v2-20260723,cd270e7871bd358937d83d9a49829637fa80007d2964084ef229f578e3733bd3,ba75425861a059dafcc477474fc3e4ed1eafdc2b47d6fdd0557337035d29a960,bab1cb3cf0895493ae8f897752724abb4031870c783b2c00f0014d166932665c,3538442,1693197930000000000,300
SS/catalogue_delay/2,SS,catalogue,delay,2,300,300,stream,0.1,9,0.10068649885583524,baro,2,0.5,0.8,0.045454545454545456,0,1,1,23,313.42150003183633,shipping|catalogue|front-end|session-db|orders,shipping_container-memory-rss,0.8666666666666667,26,30,0.8666666666666667,0.8666666666666667,26,26,26,0.8993135011441648,baseline-v2-20260723,cd270e7871bd358937d83d9a49829637fa80007d2964084ef229f578e3733bd3,ba75425861a059dafcc477474fc3e4ed1eafdc2b47d6fdd0557337035d29a960,bab1cb3cf0895493ae8f897752724abb4031870c783b2c00f0014d166932665c,3538442,1693197930000000000,300
SS/catalogue_delay/2,SS,catalogue,delay,2,300,300,stream,0.1,9,0.10068649885583524,median_shift,2,0.5,0.8,0.045454545454545456,0,1,1,23,118.61700000008568,catalogue-db|catalogue|orders|queue-master|session-db,catalogue-db_container-memory-failures-total,0.8666666666666667,26,30,0.8666666666666667,0.8666666666666667,26,26,26,0.8993135011441648,baseline-v2-20260723,cd270e7871bd358937d83d9a49829637fa80007d2964084ef229f578e3733bd3,ba75425861a059dafcc477474fc3e4ed1eafdc2b47d6fdd0557337035d29a960,bab1cb3cf0895493ae8f897752724abb4031870c783b2c00f0014d166932665c,3538442,1693197930000000000,300
SS/catalogue_delay/2,SS,catalogue,delay,2,300,300,stream,0.1,9,0.10068649885583524,nsigma,1,1.0,1.0,0.0,1,1,1,23,266.0050000413321,catalogue|front-end|orders|user|carts,catalogue_istio-latency-95,0.8666666666666667,26,30,0.8666666666666667,0.8666666666666667,26,26,26,0.8993135011441648,baseline-v2-20260723,cd270e7871bd358937d83d9a49829637fa80007d2964084ef229f578e3733bd3,ba75425861a059dafcc477474fc3e4ed1eafdc2b47d6fdd0557337035d29a960,bab1cb3cf0895493ae8f897752724abb4031870c783b2c00f0014d166932665c,3538442,1693197930000000000,300
SS/catalogue_delay/2,SS,catalogue,delay,2,300,300,stream,0.3,0,0.2997711670480549,baro,1,1.0,1.0,0.0,1,1,1,23,284.95030000340194,catalogue|front-end|session-db|orders|shipping,catalogue_istio-latency-99,0.6666666666666666,20,30,0.6666666666666666,0.6666666666666666,20,20,20,0.700228832951945,baseline-v2-20260723,cd270e7871bd358937d83d9a49829637fa80007d2964084ef229f578e3733bd3,ba75425861a059dafcc477474fc3e4ed1eafdc2b47d6fdd0557337035d29a960,bab1cb3cf0895493ae8f897752724abb4031870c783b2c00f0014d166932665c,3538442,1693197930000000000,300
SS/catalogue_delay/2,SS,catalogue,delay,2,300,300,stream,0.3,0,0.2997711670480549,median_shift,2,0.5,0.8,0.045454545454545456,0,1,1,23,120.37959997542202,catalogue-db|catalogue|queue-master|shipping|front-end,catalogue-db_container-memory-failures-total,0.6666666666666666,20,30,0.6666666666666666,0.6666666666666666,20,20,20,0.700228832951945,baseline-v2-20260723,cd270e7871bd358937d83d9a49829637fa80007d2964084ef229f578e3733bd3,ba75425861a059dafcc477474fc3e4ed1eafdc2b47d6fdd0557337035d29a960,bab1cb3cf0895493ae8f897752724abb4031870c783b2c00f0014d166932665c,3538442,1693197930000000000,300
SS/catalogue_delay/2,SS,catalogue,delay,2,300,300,stream,0.3,0,0.2997711670480549,nsigma,1,1.0,1.0,0.0,1,1,1,23,240.08690001210198,catalogue|front-end|orders|user|carts,catalogue_istio-latency-95,0.6666666666666666,20,30,0.6666666666666666,0.6666666666666666,20,20,20,0.700228832951945,baseline-v2-20260723,cd270e7871bd358937d83d9a49829637fa80007d2964084ef229f578e3733bd3,ba75425861a059dafcc477474fc3e4ed1eafdc2b47d6fdd0557337035d29a960,bab1cb3cf0895493ae8f897752724abb4031870c783b2c00f0014d166932665c,3538442,1693197930000000000,300
SS/catalogue_delay/2,SS,catalogue,delay,2,300,300,stream,0.3,1,0.2997711670480549,baro,2,0.5,0.8,0.045454545454545456,0,1,1,23,260.1972999982536,shipping|catalogue|front-end|session-db|user,shipping_container-memory-rss,0.6666666666666666,20,30,0.6666666666666666,0.6666666666666666,20,20,20,0.700228832951945,baseline-v2-20260723,cd270e7871bd358937d83d9a49829637fa80007d2964084ef229f578e3733bd3,ba75425861a059dafcc477474fc3e4ed1eafdc2b47d6fdd0557337035d29a960,bab1cb3cf0895493ae8f897752724abb4031870c783b2c00f0014d166932665c,3538442,1693197930000000000,300
SS/catalogue_delay/2,SS,catalogue,delay,2,300,300,stream,0.3,1,0.2997711670480549,median_shift,1,1.0,1.0,0.0,1,1,1,23,82.95429998543113,catalogue|orders|queue-master|session-db|shipping,catalogue_container-memory-max-usage-bytes,0.6666666666666666,20,30,0.6666666666666666,0.6666666666666666,20,20,20,0.700228832951945,baseline-v2-20260723,cd270e7871bd358937d83d9a49829637fa80007d2964084ef229f578e3733bd3,ba75425861a059dafcc477474fc3e4ed1eafdc2b47d6fdd0557337035d29a960,bab1cb3cf0895493ae8f897752724abb4031870c783b2c00f0014d166932665c,3538442,1693197930000000000,300
SS/catalogue_delay/2,SS,catalogue,delay,2,300,300,stream,0.3,1,0.2997711670480549,nsigma,1,1.0,1.0,0.0,1,1,1,23,242.1252999920398,catalogue|front-end|orders|user|carts,catalogue_istio-latency-50,0.6666666666666666,20,30,0.6666666666666666,0.6666666666666666,20,20,20,0.700228832951945,baseline-v2-20260723,cd270e7871bd358937d83d9a49829637fa80007d2964084ef229f578e3733bd3,ba75425861a059dafcc477474fc3e4ed1eafdc2b47d6fdd0557337035d29a960,bab1cb3cf0895493ae8f897752724abb4031870c783b2c00f0014d166932665c,3538442,1693197930000000000,300
SS/catalogue_delay/2,SS,catalogue,delay,2,300,300,stream,0.3,2,0.2997711670480549,baro,1,1.0,1.0,0.0,1,1,1,23,254.29940002504736,catalogue|session-db|orders|front-end|user,catalogue_istio-latency-99,0.7666666666666667,23,30,0.7666666666666667,0.7666666666666667,23,23,23,0.700228832951945,baseline-v2-20260723,cd270e7871bd358937d83d9a49829637fa80007d2964084ef229f578e3733bd3,ba75425861a059dafcc477474fc3e4ed1eafdc2b47d6fdd0557337035d29a960,bab1cb3cf0895493ae8f897752724abb4031870c783b2c00f0014d166932665c,3538442,1693197930000000000,300
SS/catalogue_delay/2,SS,catalogue,delay,2,300,300,stream,0.3,2,0.2997711670480549,median_shift,2,0.5,0.8,0.045454545454545456,0,1,1,23,94.90299999015406,catalogue-db|catalogue|queue-master|shipping|front-end,catalogue-db_container-memory-failures-total,0.7666666666666667,23,30,0.7666666666666667,0.7666666666666667,23,23,23,0.700228832951945,baseline-v2-20260723,cd270e7871bd358937d83d9a49829637fa80007d2964084ef229f578e3733bd3,ba75425861a059dafcc477474fc3e4ed1eafdc2b47d6fdd0557337035d29a960,bab1cb3cf0895493ae8f897752724abb4031870c783b2c00f0014d166932665c,3538442,1693197930000000000,300
SS/catalogue_delay/2,SS,catalogue,delay,2,300,300,stream,0.3,2,0.2997711670480549,nsigma,1,1.0,1.0,0.0,1,1,1,23,226.22489999048412,catalogue|orders|front-end|user|carts,catalogue_istio-latency-95,0.7666666666666667,23,30,0.7666666666666667,0.7666666666666667,23,23,23,0.700228832951945,baseline-v2-20260723,cd270e7871bd358937d83d9a49829637fa80007d2964084ef229f578e3733bd3,ba75425861a059dafcc477474fc3e4ed1eafdc2b47d6fdd0557337035d29a960,bab1cb3cf0895493ae8f897752724abb4031870c783b2c00f0014d166932665c,3538442,1693197930000000000,300
SS/catalogue_delay/2,SS,catalogue,delay,2,300,300,stream,0.3,3,0.2997711670480549,baro,2,0.5,0.8,0.045454545454545456,0,1,1,23,337.88710000226274,shipping|catalogue|front-end|session-db|orders,shipping_container-memory-rss,0.7666666666666667,23,30,0.7666666666666667,0.7666666666666667,23,23,23,0.700228832951945,baseline-v2-20260723,cd270e7871bd358937d83d9a49829637fa80007d2964084ef229f578e3733bd3,ba75425861a059dafcc477474fc3e4ed1eafdc2b47d6fdd0557337035d29a960,bab1cb3cf0895493ae8f897752724abb4031870c783b2c00f0014d166932665c,3538442,1693197930000000000,300
SS/catalogue_delay/2,SS,catalogue,delay,2,300,300,stream,0.3,3,0.2997711670480549,median_shift,2,0.5,0.8,0.045454545454545456,0,1,1,23,103.57620002469048,catalogue-db|catalogue|orders|session-db|shipping,catalogue-db_container-memory-failures-total,0.7666666666666667,23,30,0.7666666666666667,0.7666666666666667,23,23,23,0.700228832951945,baseline-v2-20260723,cd270e7871bd358937d83d9a49829637fa80007d2964084ef229f578e3733bd3,ba75425861a059dafcc477474fc3e4ed1eafdc2b47d6fdd0557337035d29a960,bab1cb3cf0895493ae8f897752724abb4031870c783b2c00f0014d166932665c,3538442,1693197930000000000,300
SS/catalogue_delay/2,SS,catalogue,delay,2,300,300,stream,0.3,3,0.2997711670480549,nsigma,1,1.0,1.0,0.0,1,1,1,23,234.42990001058206,catalogue|front-end|orders|user|carts,catalogue_istio-latency-95,0.7666666666666667,23,30,0.7666666666666667,0.7666666666666667,23,23,23,0.700228832951945,baseline-v2-20260723,cd270e7871bd358937d83d9a49829637fa80007d2964084ef229f578e3733bd3,ba75425861a059dafcc477474fc3e4ed1eafdc2b47d6fdd0557337035d29a960,bab1cb3cf0895493ae8f897752724abb4031870c783b2c00f0014d166932665c,3538442,1693197930000000000,300
SS/catalogue_delay/2,SS,catalogue,delay,2,300,300,stream,0.3,4,0.2997711670480549,baro,1,1.0,1.0,0.0,1,1,1,23,278.57760002370924,catalogue|front-end|session-db|orders|shipping,catalogue_istio-latency-90,0.7,21,30,0.7,0.7,21,21,21,0.700228832951945,baseline-v2-20260723,cd270e7871bd358937d83d9a49829637fa80007d2964084ef229f578e3733bd3,ba75425861a059dafcc477474fc3e4ed1eafdc2b47d6fdd0557337035d29a960,bab1cb3cf0895493ae8f897752724abb4031870c783b2c00f0014d166932665c,3538442,1693197930000000000,300
SS/catalogue_delay/2,SS,catalogue,delay,2,300,300,stream,0.3,4,0.2997711670480549,median_shift,1,1.0,1.0,0.0,1,1,1,23,67.68360000569373,catalogue|orders|queue-master|shipping|catalogue-db,catalogue_container-memory-max-usage-bytes,0.7,21,30,0.7,0.7,21,21,21,0.700228832951945,baseline-v2-20260723,cd270e7871bd358937d83d9a49829637fa80007d2964084ef229f578e3733bd3,ba75425861a059dafcc477474fc3e4ed1eafdc2b47d6fdd0557337035d29a960,bab1cb3cf0895493ae8f897752724abb4031870c783b2c00f0014d166932665c,3538442,1693197930000000000,300
SS/catalogue_delay/2,SS,catalogue,delay,2,300,300,stream,0.3,4,0.2997711670480549,nsigma,1,1.0,1.0,0.0,1,1,1,23,244.35909994645044,catalogue|front-end|orders|user|carts,catalogue_istio-latency-90,0.7,21,30,0.7,0.7,21,21,21,0.700228832951945,baseline-v2-20260723,cd270e7871bd358937d83d9a49829637fa80007d2964084ef229f578e3733bd3,ba75425861a059dafcc477474fc3e4ed1eafdc2b47d6fdd0557337035d29a960,bab1cb3cf0895493ae8f897752724abb4031870c783b2c00f0014d166932665c,3538442,1693197930000000000,300
SS/catalogue_delay/2,SS,catalogue,delay,2,300,300,stream,0.3,5,0.2997711670480549,baro,2,0.5,0.8,0.045454545454545456,0,1,1,23,283.5594000061974,shipping|catalogue|orders|front-end|carts,shipping_container-memory-rss,0.7666666666666667,23,30,0.7666666666666667,0.7666666666666667,23,23,23,0.700228832951945,baseline-v2-20260723,cd270e7871bd358937d83d9a49829637fa80007d2964084ef229f578e3733bd3,ba75425861a059dafcc477474fc3e4ed1eafdc2b47d6fdd0557337035d29a960,bab1cb3cf0895493ae8f897752724abb4031870c783b2c00f0014d166932665c,3538442,1693197930000000000,300
SS/catalogue_delay/2,SS,catalogue,delay,2,300,300,stream,0.3,5,0.2997711670480549,median_shift,2,0.5,0.8,0.045454545454545456,0,1,1,23,69.55670000752434,catalogue-db|catalogue|queue-master|shipping|front-end,catalogue-db_container-memory-failures-total,0.7666666666666667,23,30,0.7666666666666667,0.7666666666666667,23,23,23,0.700228832951945,baseline-v2-20260723,cd270e7871bd358937d83d9a49829637fa80007d2964084ef229f578e3733bd3,ba75425861a059dafcc477474fc3e4ed1eafdc2b47d6fdd0557337035d29a960,bab1cb3cf0895493ae8f897752724abb4031870c783b2c00f0014d166932665c,3538442,1693197930000000000,300
SS/catalogue_delay/2,SS,catalogue,delay,2,300,300,stream,0.3,5,0.2997711670480549,nsigma,1,1.0,1.0,0.0,1,1,1,23,284.36320001492277,catalogue|orders|front-end|user|carts,catalogue_istio-latency-95,0.7666666666666667,23,30,0.7666666666666667,0.7666666666666667,23,23,23,0.700228832951945,baseline-v2-20260723,cd270e7871bd358937d83d9a49829637fa80007d2964084ef229f578e3733bd3,ba75425861a059dafcc477474fc3e4ed1eafdc2b47d6fdd0557337035d29a960,bab1cb3cf0895493ae8f897752724abb4031870c783b2c00f0014d166932665c,3538442,1693197930000000000,300
SS/catalogue_delay/2,SS,catalogue,delay,2,300,300,stream,0.3,6,0.2997711670480549,baro,2,0.5,0.8,0.045454545454545456,0,1,1,23,284.98180001042783,shipping|catalogue|session-db|front-end|orders,shipping_container-memory-rss,0.6666666666666666,20,30,0.6666666666666666,0.6666666666666666,20,20,20,0.700228832951945,baseline-v2-20260723,cd270e7871bd358937d83d9a49829637fa80007d2964084ef229f578e3733bd3,ba75425861a059dafcc477474fc3e4ed1eafdc2b47d6fdd0557337035d29a960,bab1cb3cf0895493ae8f897752724abb4031870c783b2c00f0014d166932665c,3538442,1693197930000000000,300
SS/catalogue_delay/2,SS,catalogue,delay,2,300,300,stream,0.3,6,0.2997711670480549,median_shift,2,0.5,0.8,0.045454545454545456,0,1,1,23,95.31379997497424,catalogue-db|catalogue|orders|session-db|shipping,catalogue-db_container-memory-failures-total,0.6666666666666666,20,30,0.6666666666666666,0.6666666666666666,20,20,20,0.700228832951945,baseline-v2-20260723,cd270e7871bd358937d83d9a49829637fa80007d2964084ef229f578e3733bd3,ba75425861a059dafcc477474fc3e4ed1eafdc2b47d6fdd0557337035d29a960,bab1cb3cf0895493ae8f897752724abb4031870c783b2c00f0014d166932665c,3538442,1693197930000000000,300
SS/catalogue_delay/2,SS,catalogue,delay,2,300,300,stream,0.3,6,0.2997711670480549,nsigma,1,1.0,1.0,0.0,1,1,1,23,277.3087000241503,catalogue|front-end|orders|user|carts,catalogue_istio-latency-95,0.6666666666666666,20,30,0.6666666666666666,0.6666666666666666,20,20,20,0.700228832951945,baseline-v2-20260723,cd270e7871bd358937d83d9a49829637fa80007d2964084ef229f578e3733bd3,ba75425861a059dafcc477474fc3e4ed1eafdc2b47d6fdd0557337035d29a960,bab1cb3cf0895493ae8f897752724abb4031870c783b2c00f0014d166932665c,3538442,1693197930000000000,300
SS/catalogue_delay/2,SS,catalogue,delay,2,300,300,stream,0.3,7,0.2997711670480549,baro,2,0.5,0.8,0.045454545454545456,0,1,1,23,306.55630002729595,shipping|catalogue|front-end|session-db|orders,shipping_container-memory-rss,0.6,18,30,0.6,0.6,18,18,18,0.700228832951945,baseline-v2-20260723,cd270e7871bd358937d83d9a49829637fa80007d2964084ef229f578e3733bd3,ba75425861a059dafcc477474fc3e4ed1eafdc2b47d6fdd0557337035d29a960,bab1cb3cf0895493ae8f897752724abb4031870c783b2c00f0014d166932665c,3538442,1693197930000000000,300
SS/catalogue_delay/2,SS,catalogue,delay,2,300,300,stream,0.3,7,0.2997711670480549,median_shift,2,0.5,0.8,0.045454545454545456,0,1,1,23,100.22680001566187,catalogue-db|catalogue|orders|queue-master|shipping,catalogue-db_container-memory-failures-total,0.6,18,30,0.6,0.6,18,18,18,0.700228832951945,baseline-v2-20260723,cd270e7871bd358937d83d9a49829637fa80007d2964084ef229f578e3733bd3,ba75425861a059dafcc477474fc3e4ed1eafdc2b47d6fdd0557337035d29a960,bab1cb3cf0895493ae8f897752724abb4031870c783b2c00f0014d166932665c,3538442,1693197930000000000,300
SS/catalogue_delay/2,SS,catalogue,delay,2,300,300,stream,0.3,7,0.2997711670480549,nsigma,1,1.0,1.0,0.0,1,1,1,23,251.0623999987729,catalogue|front-end|orders|user|carts,catalogue_istio-latency-95,0.6,18,30,0.6,0.6,18,18,18,0.700228832951945,baseline-v2-20260723,cd270e7871bd358937d83d9a49829637fa80007d2964084ef229f578e3733bd3,ba75425861a059dafcc477474fc3e4ed1eafdc2b47d6fdd0557337035d29a960,bab1cb3cf0895493ae8f897752724abb4031870c783b2c00f0014d166932665c,3538442,1693197930000000000,300
SS/catalogue_delay/2,SS,catalogue,delay,2,300,300,stream,0.3,8,0.2997711670480549,baro,1,1.0,1.0,0.0,1,1,1,23,325.6637000013143,catalogue|session-db|orders|front-end|user,catalogue_istio-latency-95,0.6,18,30,0.6,0.6,18,18,18,0.700228832951945,baseline-v2-20260723,cd270e7871bd358937d83d9a49829637fa80007d2964084ef229f578e3733bd3,ba75425861a059dafcc477474fc3e4ed1eafdc2b47d6fdd0557337035d29a960,bab1cb3cf0895493ae8f897752724abb4031870c783b2c00f0014d166932665c,3538442,1693197930000000000,300
SS/catalogue_delay/2,SS,catalogue,delay,2,300,300,stream,0.3,8,0.2997711670480549,median_shift,2,0.5,0.8,0.045454545454545456,0,1,1,23,67.13020004099235,catalogue-db|catalogue|session-db|shipping|front-end,catalogue-db_container-memory-failures-total,0.6,18,30,0.6,0.6,18,18,18,0.700228832951945,baseline-v2-20260723,cd270e7871bd358937d83d9a49829637fa80007d2964084ef229f578e3733bd3,ba75425861a059dafcc477474fc3e4ed1eafdc2b47d6fdd0557337035d29a960,bab1cb3cf0895493ae8f897752724abb4031870c783b2c00f0014d166932665c,3538442,1693197930000000000,300
SS/catalogue_delay/2,SS,catalogue,delay,2,300,300,stream,0.3,8,0.2997711670480549,nsigma,1,1.0,1.0,0.0,1,1,1,23,212.66790002118796,catalogue|orders|front-end|user|carts,catalogue_istio-latency-95,0.6,18,30,0.6,0.6,18,18,18,0.700228832951945,baseline-v2-20260723,cd270e7871bd358937d83d9a49829637fa80007d2964084ef229f578e3733bd3,ba75425861a059dafcc477474fc3e4ed1eafdc2b47d6fdd0557337035d29a960,bab1cb3cf0895493ae8f897752724abb4031870c783b2c00f0014d166932665c,3538442,1693197930000000000,300
SS/catalogue_delay/2,SS,catalogue,delay,2,300,300,stream,0.3,9,0.2997711670480549,baro,2,0.5,0.8,0.045454545454545456,0,1,1,23,282.98009996069595,shipping|catalogue|front-end|session-db|user,shipping_container-memory-rss,0.7,21,30,0.7,0.7,21,21,21,0.700228832951945,baseline-v2-20260723,cd270e7871bd358937d83d9a49829637fa80007d2964084ef229f578e3733bd3,ba75425861a059dafcc477474fc3e4ed1eafdc2b47d6fdd0557337035d29a960,bab1cb3cf0895493ae8f897752724abb4031870c783b2c00f0014d166932665c,3538442,1693197930000000000,300
SS/catalogue_delay/2,SS,catalogue,delay,2,300,300,stream,0.3,9,0.2997711670480549,median_shift,2,0.5,0.8,0.045454545454545456,0,1,1,23,82.85720000276342,catalogue-db|catalogue|queue-master|session-db|shipping,catalogue-db_container-memory-failures-total,0.7,21,30,0.7,0.7,21,21,21,0.700228832951945,baseline-v2-20260723,cd270e7871bd358937d83d9a49829637fa80007d2964084ef229f578e3733bd3,ba75425861a059dafcc477474fc3e4ed1eafdc2b47d6fdd0557337035d29a960,bab1cb3cf0895493ae8f897752724abb4031870c783b2c00f0014d166932665c,3538442,1693197930000000000,300
SS/catalogue_delay/2,SS,catalogue,delay,2,300,300,stream,0.3,9,0.2997711670480549,nsigma,1,1.0,1.0,0.0,1,1,1,23,198.27649998478591,catalogue|front-end|orders|user|carts,catalogue_istio-latency-95,0.7,21,30,0.7,0.7,21,21,21,0.700228832951945,baseline-v2-20260723,cd270e7871bd358937d83d9a49829637fa80007d2964084ef229f578e3733bd3,ba75425861a059dafcc477474fc3e4ed1eafdc2b47d6fdd0557337035d29a960,bab1cb3cf0895493ae8f897752724abb4031870c783b2c00f0014d166932665c,3538442,1693197930000000000,300
SS/catalogue_delay/2,SS,catalogue,delay,2,300,300,stream,0.5,0,0.4988558352402746,baro,1,1.0,1.0,0.0,1,1,1,23,229.13280001375824,catalogue|session-db|orders|user|shipping,catalogue_istio-latency-99,0.7,21,30,0.7,0.7,21,21,21,0.5011441647597255,baseline-v2-20260723,cd270e7871bd358937d83d9a49829637fa80007d2964084ef229f578e3733bd3,ba75425861a059dafcc477474fc3e4ed1eafdc2b47d6fdd0557337035d29a960,bab1cb3cf0895493ae8f897752724abb4031870c783b2c00f0014d166932665c,3538442,1693197930000000000,300
SS/catalogue_delay/2,SS,catalogue,delay,2,300,300,stream,0.5,0,0.4988558352402746,median_shift,1,1.0,1.0,0.0,1,1,1,23,55.84629997611046,catalogue|queue-master|session-db|shipping|catalogue-db,catalogue_container-memory-max-usage-bytes,0.7,21,30,0.7,0.7,21,21,21,0.5011441647597255,baseline-v2-20260723,cd270e7871bd358937d83d9a49829637fa80007d2964084ef229f578e3733bd3,ba75425861a059dafcc477474fc3e4ed1eafdc2b47d6fdd0557337035d29a960,bab1cb3cf0895493ae8f897752724abb4031870c783b2c00f0014d166932665c,3538442,1693197930000000000,300
SS/catalogue_delay/2,SS,catalogue,delay,2,300,300,stream,0.5,0,0.4988558352402746,nsigma,1,1.0,1.0,0.0,1,1,1,23,176.70509999152273,catalogue|orders|user|carts|queue-master,catalogue_istio-latency-95,0.7,21,30,0.7,0.7,21,21,21,0.5011441647597255,baseline-v2-20260723,cd270e7871bd358937d83d9a49829637fa80007d2964084ef229f578e3733bd3,ba75425861a059dafcc477474fc3e4ed1eafdc2b47d6fdd0557337035d29a960,bab1cb3cf0895493ae8f897752724abb4031870c783b2c00f0014d166932665c,3538442,1693197930000000000,300
SS/catalogue_delay/2,SS,catalogue,delay,2,300,300,stream,0.5,1,0.4988558352402746,baro,1,1.0,1.0,0.0,1,1,1,23,251.12650002120063,catalogue|front-end|session-db|shipping|carts,catalogue_istio-latency-99,0.5666666666666667,17,30,0.5666666666666667,0.5666666666666667,17,17,17,0.5011441647597255,baseline-v2-20260723,cd270e7871bd358937d83d9a49829637fa80007d2964084ef229f578e3733bd3,ba75425861a059dafcc477474fc3e4ed1eafdc2b47d6fdd0557337035d29a960,bab1cb3cf0895493ae8f897752724abb4031870c783b2c00f0014d166932665c,3538442,1693197930000000000,300
SS/catalogue_delay/2,SS,catalogue,delay,2,300,300,stream,0.5,1,0.4988558352402746,median_shift,2,0.5,0.8,0.045454545454545456,0,1,1,23,93.76929997233674,catalogue-db|catalogue|orders|queue-master|session-db,catalogue-db_container-memory-failures-total,0.5666666666666667,17,30,0.5666666666666667,0.5666666666666667,17,17,17,0.5011441647597255,baseline-v2-20260723,cd270e7871bd358937d83d9a49829637fa80007d2964084ef229f578e3733bd3,ba75425861a059dafcc477474fc3e4ed1eafdc2b47d6fdd0557337035d29a960,bab1cb3cf0895493ae8f897752724abb4031870c783b2c00f0014d166932665c,3538442,1693197930000000000,300
SS/catalogue_delay/2,SS,catalogue,delay,2,300,300,stream,0.5,1,0.4988558352402746,nsigma,1,1.0,1.0,0.0,1,1,1,23,203.43619998311624,catalogue|front-end|user|carts|orders,catalogue_istio-latency-95,0.5666666666666667,17,30,0.5666666666666667,0.5666666666666667,17,17,17,0.5011441647597255,baseline-v2-20260723,cd270e7871bd358937d83d9a49829637fa80007d2964084ef229f578e3733bd3,ba75425861a059dafcc477474fc3e4ed1eafdc2b47d6fdd0557337035d29a960,bab1cb3cf0895493ae8f897752724abb4031870c783b2c00f0014d166932665c,3538442,1693197930000000000,300
SS/catalogue_delay/2,SS,catalogue,delay,2,300,300,stream,0.5,2,0.4988558352402746,baro,2,0.5,0.8,0.045454545454545456,0,1,1,23,245.5329999793321,shipping|catalogue|front-end|session-db|orders,shipping_container-memory-rss,0.5333333333333333,16,30,0.5333333333333333,0.5333333333333333,16,16,16,0.5011441647597255,baseline-v2-20260723,cd270e7871bd358937d83d9a49829637fa80007d2964084ef229f578e3733bd3,ba75425861a059dafcc477474fc3e4ed1eafdc2b47d6fdd0557337035d29a960,bab1cb3cf0895493ae8f897752724abb4031870c783b2c00f0014d166932665c,3538442,1693197930000000000,300
SS/catalogue_delay/2,SS,catalogue,delay,2,300,300,stream,0.5,2,0.4988558352402746,median_shift,1,1.0,1.0,0.0,1,1,1,23,62.115399981848896,catalogue|orders|shipping|catalogue-db|front-end,catalogue_container-memory-max-usage-bytes,0.5333333333333333,16,30,0.5333333333333333,0.5333333333333333,16,16,16,0.5011441647597255,baseline-v2-20260723,cd270e7871bd358937d83d9a49829637fa80007d2964084ef229f578e3733bd3,ba75425861a059dafcc477474fc3e4ed1eafdc2b47d6fdd0557337035d29a960,bab1cb3cf0895493ae8f897752724abb4031870c783b2c00f0014d166932665c,3538442,1693197930000000000,300
SS/catalogue_delay/2,SS,catalogue,delay,2,300,300,stream,0.5,2,0.4988558352402746,nsigma,1,1.0,1.0,0.0,1,1,1,23,217.0722999726422,catalogue|front-end|orders|user|carts,catalogue_istio-latency-90,0.5333333333333333,16,30,0.5333333333333333,0.5333333333333333,16,16,16,0.5011441647597255,baseline-v2-20260723,cd270e7871bd358937d83d9a49829637fa80007d2964084ef229f578e3733bd3,ba75425861a059dafcc477474fc3e4ed1eafdc2b47d6fdd0557337035d29a960,bab1cb3cf0895493ae8f897752724abb4031870c783b2c00f0014d166932665c,3538442,1693197930000000000,300
SS/catalogue_delay/2,SS,catalogue,delay,2,300,300,stream,0.5,3,0.4988558352402746,baro,1,1.0,1.0,0.0,1,1,1,23,220.67810001317412,catalogue|session-db|orders|user|shipping,catalogue_istio-latency-95,0.5333333333333333,16,30,0.5333333333333333,0.5333333333333333,16,16,16,0.5011441647597255,baseline-v2-20260723,cd270e7871bd358937d83d9a49829637fa80007d2964084ef229f578e3733bd3,ba75425861a059dafcc477474fc3e4ed1eafdc2b47d6fdd0557337035d29a960,bab1cb3cf0895493ae8f897752724abb4031870c783b2c00f0014d166932665c,3538442,1693197930000000000,300
SS/catalogue_delay/2,SS,catalogue,delay,2,300,300,stream,0.5,3,0.4988558352402746,median_shift,1,1.0,1.0,0.0,1,1,1,23,66.4902999997139,catalogue|orders|queue-master|front-end|shipping,catalogue_container-memory-max-usage-bytes,0.5333333333333333,16,30,0.5333333333333333,0.5333333333333333,16,16,16,0.5011441647597255,baseline-v2-20260723,cd270e7871bd358937d83d9a49829637fa80007d2964084ef229f578e3733bd3,ba75425861a059dafcc477474fc3e4ed1eafdc2b47d6fdd0557337035d29a960,bab1cb3cf0895493ae8f897752724abb4031870c783b2c00f0014d166932665c,3538442,1693197930000000000,300
SS/catalogue_delay/2,SS,catalogue,delay,2,300,300,stream,0.5,3,0.4988558352402746,nsigma,1,1.0,1.0,0.0,1,1,1,23,189.7733000223525,catalogue|orders|user|front-end|queue-master,catalogue_istio-latency-95,0.5333333333333333,16,30,0.5333333333333333,0.5333333333333333,16,16,16,0.5011441647597255,baseline-v2-20260723,cd270e7871bd358937d83d9a49829637fa80007d2964084ef229f578e3733bd3,ba75425861a059dafcc477474fc3e4ed1eafdc2b47d6fdd0557337035d29a960,bab1cb3cf0895493ae8f897752724abb4031870c783b2c00f0014d166932665c,3538442,1693197930000000000,300
SS/catalogue_delay/2,SS,catalogue,delay,2,300,300,stream,0.5,4,0.4988558352402746,baro,2,0.5,0.8,0.045454545454545456,0,1,1,23,361.81610001949593,shipping|catalogue|front-end|orders|queue-master,shipping_container-memory-rss,0.5333333333333333,16,30,0.5333333333333333,0.5333333333333333,16,16,16,0.5011441647597255,baseline-v2-20260723,cd270e7871bd358937d83d9a49829637fa80007d2964084ef229f578e3733bd3,ba75425861a059dafcc477474fc3e4ed1eafdc2b47d6fdd0557337035d29a960,bab1cb3cf0895493ae8f897752724abb4031870c783b2c00f0014d166932665c,3538442,1693197930000000000,300
SS/catalogue_delay/2,SS,catalogue,delay,2,300,300,stream,0.5,4,0.4988558352402746,median_shift,2,0.5,0.8,0.045454545454545456,0,1,1,23,75.77779999701306,catalogue-db|catalogue|orders|shipping|front-end,catalogue-db_container-memory-failures-total,0.5333333333333333,16,30,0.5333333333333333,0.5333333333333333,16,16,16,0.5011441647597255,baseline-v2-20260723,cd270e7871bd358937d83d9a49829637fa80007d2964084ef229f578e3733bd3,ba75425861a059dafcc477474fc3e4ed1eafdc2b47d6fdd0557337035d29a960,bab1cb3cf0895493ae8f897752724abb4031870c783b2c00f0014d166932665c,3538442,1693197930000000000,300
SS/catalogue_delay/2,SS,catalogue,delay,2,300,300,stream,0.5,4,0.4988558352402746,nsigma,1,1.0,1.0,0.0,1,1,1,23,213.75210001133382,catalogue|front-end|orders|user|carts,catalogue_istio-latency-90,0.5333333333333333,16,30,0.5333333333333333,0.5333333333333333,16,16,16,0.5011441647597255,baseline-v2-20260723,cd270e7871bd358937d83d9a49829637fa80007d2964084ef229f578e3733bd3,ba75425861a059dafcc477474fc3e4ed1eafdc2b47d6fdd0557337035d29a960,bab1cb3cf0895493ae8f897752724abb4031870c783b2c00f0014d166932665c,3538442,1693197930000000000,300
SS/catalogue_delay/2,SS,catalogue,delay,2,300,300,stream,0.5,5,0.4988558352402746,baro,5,0.2,0.2,0.18181818181818182,0,0,1,23,259.42019996000454,shipping|front-end|session-db|orders|catalogue,shipping_container-memory-rss,0.4666666666666667,14,30,0.4666666666666667,0.4666666666666667,14,14,14,0.5011441647597255,baseline-v2-20260723,cd270e7871bd358937d83d9a49829637fa80007d2964084ef229f578e3733bd3,ba75425861a059dafcc477474fc3e4ed1eafdc2b47d6fdd0557337035d29a960,bab1cb3cf0895493ae8f897752724abb4031870c783b2c00f0014d166932665c,3538442,1693197930000000000,300
SS/catalogue_delay/2,SS,catalogue,delay,2,300,300,stream,0.5,5,0.4988558352402746,median_shift,1,1.0,1.0,0.0,1,1,1,23,64.48910001199692,catalogue|queue-master|session-db|shipping|front-end,catalogue_container-memory-max-usage-bytes,0.4666666666666667,14,30,0.4666666666666667,0.4666666666666667,14,14,14,0.5011441647597255,baseline-v2-20260723,cd270e7871bd358937d83d9a49829637fa80007d2964084ef229f578e3733bd3,ba75425861a059dafcc477474fc3e4ed1eafdc2b47d6fdd0557337035d29a960,bab1cb3cf0895493ae8f897752724abb4031870c783b2c00f0014d166932665c,3538442,1693197930000000000,300
SS/catalogue_delay/2,SS,catalogue,delay,2,300,300,stream,0.5,5,0.4988558352402746,nsigma,3,0.3333333333333333,0.6,0.09090909090909091,0,1,1,23,229.51800003647804,front-end|orders|catalogue|carts|queue-master,front-end_istio-latency-99,0.4666666666666667,14,30,0.4666666666666667,0.4666666666666667,14,14,14,0.5011441647597255,baseline-v2-20260723,cd270e7871bd358937d83d9a49829637fa80007d2964084ef229f578e3733bd3,ba75425861a059dafcc477474fc3e4ed1eafdc2b47d6fdd0557337035d29a960,bab1cb3cf0895493ae8f897752724abb4031870c783b2c00f0014d166932665c,3538442,1693197930000000000,300
SS/catalogue_delay/2,SS,catalogue,delay,2,300,300,stream,0.5,6,0.4988558352402746,baro,1,1.0,1.0,0.0,1,1,1,23,259.7881000256166,catalogue|front-end|session-db|user|shipping,catalogue_istio-latency-99,0.5666666666666667,17,30,0.5666666666666667,0.5666666666666667,17,17,17,0.5011441647597255,baseline-v2-20260723,cd270e7871bd358937d83d9a49829637fa80007d2964084ef229f578e3733bd3,ba75425861a059dafcc477474fc3e4ed1eafdc2b47d6fdd0557337035d29a960,bab1cb3cf0895493ae8f897752724abb4031870c783b2c00f0014d166932665c,3538442,1693197930000000000,300
SS/catalogue_delay/2,SS,catalogue,delay,2,300,300,stream,0.5,6,0.4988558352402746,median_shift,2,0.5,0.8,0.045454545454545456,0,1,1,23,87.44319999823347,catalogue-db|catalogue|session-db|shipping|front-end,catalogue-db_container-memory-failures-total,0.5666666666666667,17,30,0.5666666666666667,0.5666666666666667,17,17,17,0.5011441647597255,baseline-v2-20260723,cd270e7871bd358937d83d9a49829637fa80007d2964084ef229f578e3733bd3,ba75425861a059dafcc477474fc3e4ed1eafdc2b47d6fdd0557337035d29a960,bab1cb3cf0895493ae8f897752724abb4031870c783b2c00f0014d166932665c,3538442,1693197930000000000,300
SS/catalogue_delay/2,SS,catalogue,delay,2,300,300,stream,0.5,6,0.4988558352402746,nsigma,1,1.0,1.0,0.0,1,1,1,23,256.8182999966666,catalogue|front-end|user|carts|orders,catalogue_istio-latency-95,0.5666666666666667,17,30,0.5666666666666667,0.5666666666666667,17,17,17,0.5011441647597255,baseline-v2-20260723,cd270e7871bd358937d83d9a49829637fa80007d2964084ef229f578e3733bd3,ba75425861a059dafcc477474fc3e4ed1eafdc2b47d6fdd0557337035d29a960,bab1cb3cf0895493ae8f897752724abb4031870c783b2c00f0014d166932665c,3538442,1693197930000000000,300
SS/catalogue_delay/2,SS,catalogue,delay,2,300,300,stream,0.5,7,0.4988558352402746,baro,1,1.0,1.0,0.0,1,1,1,23,378.8834000006318,catalogue|front-end|session-db|user|orders,catalogue_istio-latency-99,0.5333333333333333,16,30,0.5333333333333333,0.5333333333333333,16,16,16,0.5011441647597255,baseline-v2-20260723,cd270e7871bd358937d83d9a49829637fa80007d2964084ef229f578e3733bd3,ba75425861a059dafcc477474fc3e4ed1eafdc2b47d6fdd0557337035d29a960,bab1cb3cf0895493ae8f897752724abb4031870c783b2c00f0014d166932665c,3538442,1693197930000000000,300
SS/catalogue_delay/2,SS,catalogue,delay,2,300,300,stream,0.5,7,0.4988558352402746,median_shift,5,0.2,0.2,0.18181818181818182,0,0,1,23,76.11059996997938,catalogue-db|queue-master|session-db|shipping|catalogue,catalogue-db_container-memory-failures-total,0.5333333333333333,16,30,0.5333333333333333,0.5333333333333333,16,16,16,0.5011441647597255,baseline-v2-20260723,cd270e7871bd358937d83d9a49829637fa80007d2964084ef229f578e3733bd3,ba75425861a059dafcc477474fc3e4ed1eafdc2b47d6fdd0557337035d29a960,bab1cb3cf0895493ae8f897752724abb4031870c783b2c00f0014d166932665c,3538442,1693197930000000000,300
SS/catalogue_delay/2,SS,catalogue,delay,2,300,300,stream,0.5,7,0.4988558352402746,nsigma,1,1.0,1.0,0.0,1,1,1,23,292.28799999691546,catalogue|front-end|orders|user|carts,catalogue_istio-latency-95,0.5333333333333333,16,30,0.5333333333333333,0.5333333333333333,16,16,16,0.5011441647597255,baseline-v2-20260723,cd270e7871bd358937d83d9a49829637fa80007d2964084ef229f578e3733bd3,ba75425861a059dafcc477474fc3e4ed1eafdc2b47d6fdd0557337035d29a960,bab1cb3cf0895493ae8f897752724abb4031870c783b2c00f0014d166932665c,3538442,1693197930000000000,300
SS/catalogue_delay/2,SS,catalogue,delay,2,300,300,stream,0.5,8,0.4988558352402746,baro,2,0.5,0.8,0.045454545454545456,0,1,1,23,260.33099996857345,shipping|catalogue|front-end|session-db|orders,shipping_container-memory-rss,0.36666666666666664,11,30,0.36666666666666664,0.36666666666666664,11,11,11,0.5011441647597255,baseline-v2-20260723,cd270e7871bd358937d83d9a49829637fa80007d2964084ef229f578e3733bd3,ba75425861a059dafcc477474fc3e4ed1eafdc2b47d6fdd0557337035d29a960,bab1cb3cf0895493ae8f897752724abb4031870c783b2c00f0014d166932665c,3538442,1693197930000000000,300
SS/catalogue_delay/2,SS,catalogue,delay,2,300,300,stream,0.5,8,0.4988558352402746,median_shift,1,1.0,1.0,0.0,1,1,1,23,63.23390000034124,catalogue|orders|shipping|front-end|carts,catalogue_container-memory-max-usage-bytes,0.36666666666666664,11,30,0.36666666666666664,0.36666666666666664,11,11,11,0.5011441647597255,baseline-v2-20260723,cd270e7871bd358937d83d9a49829637fa80007d2964084ef229f578e3733bd3,ba75425861a059dafcc477474fc3e4ed1eafdc2b47d6fdd0557337035d29a960,bab1cb3cf0895493ae8f897752724abb4031870c783b2c00f0014d166932665c,3538442,1693197930000000000,300
SS/catalogue_delay/2,SS,catalogue,delay,2,300,300,stream,0.5,8,0.4988558352402746,nsigma,1,1.0,1.0,0.0,1,1,1,23,221.41320002265275,catalogue|front-end|orders|carts|queue-master,catalogue_istio-latency-90,0.36666666666666664,11,30,0.36666666666666664,0.36666666666666664,11,11,11,0.5011441647597255,baseline-v2-20260723,cd270e7871bd358937d83d9a49829637fa80007d2964084ef229f578e3733bd3,ba75425861a059dafcc477474fc3e4ed1eafdc2b47d6fdd0557337035d29a960,bab1cb3cf0895493ae8f897752724abb4031870c783b2c00f0014d166932665c,3538442,1693197930000000000,300
SS/catalogue_delay/2,SS,catalogue,delay,2,300,300,stream,0.5,9,0.4988558352402746,baro,2,0.5,0.8,0.045454545454545456,0,1,1,23,234.39709999365732,shipping|catalogue|session-db|front-end|user,shipping_container-memory-rss,0.5333333333333333,16,30,0.5333333333333333,0.5333333333333333,16,16,16,0.5011441647597255,baseline-v2-20260723,cd270e7871bd358937d83d9a49829637fa80007d2964084ef229f578e3733bd3,ba75425861a059dafcc477474fc3e4ed1eafdc2b47d6fdd0557337035d29a960,bab1cb3cf0895493ae8f897752724abb4031870c783b2c00f0014d166932665c,3538442,1693197930000000000,300
SS/catalogue_delay/2,SS,catalogue,delay,2,300,300,stream,0.5,9,0.4988558352402746,median_shift,5,0.2,0.2,0.18181818181818182,0,0,1,23,67.51580000855029,catalogue-db|queue-master|session-db|shipping|catalogue,catalogue-db_container-memory-failures-total,0.5333333333333333,16,30,0.5333333333333333,0.5333333333333333,16,16,16,0.5011441647597255,baseline-v2-20260723,cd270e7871bd358937d83d9a49829637fa80007d2964084ef229f578e3733bd3,ba75425861a059dafcc477474fc3e4ed1eafdc2b47d6fdd0557337035d29a960,bab1cb3cf0895493ae8f897752724abb4031870c783b2c00f0014d166932665c,3538442,1693197930000000000,300
SS/catalogue_delay/2,SS,catalogue,delay,2,300,300,stream,0.5,9,0.4988558352402746,nsigma,1,1.0,1.0,0.0,1,1,1,23,218.8963999506086,catalogue|front-end|user|queue-master|carts,catalogue_istio-latency-95,0.5333333333333333,16,30,0.5333333333333333,0.5333333333333333,16,16,16,0.5011441647597255,baseline-v2-20260723,cd270e7871bd358937d83d9a49829637fa80007d2964084ef229f578e3733bd3,ba75425861a059dafcc477474fc3e4ed1eafdc2b47d6fdd0557337035d29a960,bab1cb3cf0895493ae8f897752724abb4031870c783b2c00f0014d166932665c,3538442,1693197930000000000,300
