case_id,system,root_service,fault,repetition,n_pre,n_post,mechanism,rate,replicate,realized_rate,method,rank,reciprocal_rank,avg_at_5,normalized_rank,hit_at_1,hit_at_3,hit_at_5,candidate_count,elapsed_ms,top_5,top_evidence_metric,root_observed_fraction,root_streams_available,root_streams_total,root_pre_observed_fraction,root_post_observed_fraction,root_streams_pre_available,root_streams_post_available,root_streams_scorable,observed_fraction,runner_version,code_hash,config_fingerprint,source_fingerprint,source_size,source_mtime_ns,window
TT/ts-train-service_cpu/3,TT,ts-train-service,cpu,3,300,300,burst,0.1,0,0.10005409791723019,baro,2,0.5,0.8,0.014492753623188406,0,1,1,70,533.7771999766119,192-168-29-237-9100|ts-train-service|ts-travel-service|ts-ticket-office-service|ts-station-mongo,192-168-29-237-9100_node-memory-active-bytes,0.9,22,22,0.9462121212121212,0.8537878787878788,22,22,22,0.8994593133279265,baseline-v2-20260723,cd270e7871bd358937d83d9a49829637fa80007d2964084ef229f578e3733bd3,ba75425861a059dafcc477474fc3e4ed1eafdc2b47d6fdd0557337035d29a960,1439127ce16610ef83f984e8a0fcd9fdef4bed0aaa17c9fabdbf4de9db43c85e,12679022,1693272514000000000,300
TT/ts-train-service_cpu/3,TT,ts-train-service,cpu,3,300,300,burst,0.1,0,0.10005409791723019,median_shift,7,0.14285714285714285,0.0,0.08695652173913043,0,0,0,70,155.11219995096326,ts-assurance-mongo|ts-config-mongo|ts-consign-mongo|ts-inside-payment-mongo|ts-news-service,ts-assurance-mongo_container-memory-cache,0.9,22,22,0.9462121212121212,0.8537878787878788,22,22,22,0.8994593133279265,baseline-v2-20260723,cd270e7871bd358937d83d9a49829637fa80007d2964084ef229f578e3733bd3,ba75425861a059dafcc477474fc3e4ed1eafdc2b47d6fdd0557337035d29a960,1439127ce16610ef83f984e8a0fcd9fdef4bed0aaa17c9fabdbf4de9db43c85e,12679022,1693272514000000000,300
TT/ts-train-service_cpu/3,TT,ts-train-service,cpu,3,300,300,burst,0.1,0,0.10005409791723019,nsigma,2,0.5,0.8,0.014492753623188406,0,1,1,70,439.66059997910634,ts-user-service|ts-train-service|ts|ts-admin-travel-service|ts-seat-service,ts-user-service_istio-latency-99,0.9,22,22,0.9462121212121212,0.8537878787878788,22,22,22,0.8994593133279265,baseline-v2-20260723,cd270e7871bd358937d83d9a49829637fa80007d2964084ef229f578e3733bd3,ba75425861a059dafcc477474fc3e4ed1eafdc2b47d6fdd0557337035d29a960,1439127ce16610ef83f984e8a0fcd9fdef4bed0aaa17c9fabdbf4de9db43c85e,12679022,1693272514000000000,300
TT/ts-train-service_cpu/3,TT,ts-train-service,cpu,3,300,300,burst,0.1,1,0.0999702461455234,baro,9,0.1111111111111111,0.0,0.11594202898550725,0,0,0,70,534.1406000079587,192-168-29-237-9100|ts-travel-service|ts-station-mongo|ts-travel2-service|ts-contacts-service,192-168-29-237-9100_node-memory-active-bytes,0.9,22,22,0.9103030303030303,0.8896969696969697,22,22,22,0.8995431197620979,baseline-v2-20260723,cd270e7871bd358937d83d9a49829637fa80007d2964084ef229f578e3733bd3,ba75425861a059dafcc477474fc3e4ed1eafdc2b47d6fdd0557337035d29a960,1439127ce16610ef83f984e8a0fcd9fdef4bed0aaa17c9fabdbf4de9db43c85e,12679022,1693272514000000000,300
TT/ts-train-service_cpu/3,TT,ts-train-service,cpu,3,300,300,burst,0.1,1,0.0999702461455234,median_shift,7,0.14285714285714285,0.0,0.08695652173913043,0,0,0,70,154.71339999930933,ts-assurance-mongo|ts-config-mongo|ts-consign-mongo|ts-news-service|ts-price-mongo,ts-assurance-mongo_container-memory-cache,0.9,22,22,0.9103030303030303,0.8896969696969697,22,22,22,0.8995431197620979,baseline-v2-20260723,cd270e7871bd358937d83d9a49829637fa80007d2964084ef229f578e3733bd3,ba75425861a059dafcc477474fc3e4ed1eafdc2b47d6fdd0557337035d29a960,1439127ce16610ef83f984e8a0fcd9fdef4bed0aaa17c9fabdbf4de9db43c85e,12679022,1693272514000000000,300
TT/ts-train-service_cpu/3,TT,ts-train-service,cpu,3,300,300,burst,0.1,1,0.0999702461455234,nsigma,2,0.5,0.8,0.014492753623188406,0,1,1,70,472.4710999871604,ts-user-service|ts-train-service|ts|ts-admin-travel-service|ts-seat-service,ts-user-service_istio-latency-99,0.9,22,22,0.9103030303030303,0.8896969696969697,22,22,22,0.8995431197620979,baseline-v2-20260723,cd270e7871bd358937d83d9a49829637fa80007d2964084ef229f578e3733bd3,ba75425861a059dafcc477474fc3e4ed1eafdc2b47d6fdd0557337035d29a960,1439127ce16610ef83f984e8a0fcd9fdef4bed0aaa17c9fabdbf4de9db43c85e,12679022,1693272514000000000,300
TT/ts-train-service_cpu/3,TT,ts-train-service,cpu,3,300,300,burst,0.1,2,0.10005409791723019,baro,2,0.5,0.8,0.014492753623188406,0,1,1,70,547.9974999907427,192-168-29-237-9100|ts-train-service|ts-travel-service|ts-ticket-office-service|ts-station-mongo,192-168-29-237-9100_node-memory-active-bytes,0.9,22,22,0.8883333333333333,0.9116666666666666,22,22,22,0.8994593133279265,baseline-v2-20260723,cd270e7871bd358937d83d9a49829637fa80007d2964084ef229f578e3733bd3,ba75425861a059dafcc477474fc3e4ed1eafdc2b47d6fdd0557337035d29a960,1439127ce16610ef83f984e8a0fcd9fdef4bed0aaa17c9fabdbf4de9db43c85e,12679022,1693272514000000000,300
TT/ts-train-service_cpu/3,TT,ts-train-service,cpu,3,300,300,burst,0.1,2,0.10005409791723019,median_shift,8,0.125,0.0,0.10144927536231885,0,0,0,70,159.2786000110209,ts-admin-user-service|ts-assurance-mongo|ts-config-mongo|ts-consign-mongo|ts-inside-payment-mongo,ts-admin-user-service_container-memory-failures-total,0.9,22,22,0.8883333333333333,0.9116666666666666,22,22,22,0.8994593133279265,baseline-v2-20260723,cd270e7871bd358937d83d9a49829637fa80007d2964084ef229f578e3733bd3,ba75425861a059dafcc477474fc3e4ed1eafdc2b47d6fdd0557337035d29a960,1439127ce16610ef83f984e8a0fcd9fdef4bed0aaa17c9fabdbf4de9db43c85e,12679022,1693272514000000000,300
TT/ts-train-service_cpu/3,TT,ts-train-service,cpu,3,300,300,burst,0.1,2,0.10005409791723019,nsigma,2,0.5,0.8,0.014492753623188406,0,1,1,70,465.67800000775605,ts-user-service|ts-train-service|ts|ts-admin-travel-service|ts-seat-service,ts-user-service_istio-latency-99,0.9,22,22,0.8883333333333333,0.9116666666666666,22,22,22,0.8994593133279265,baseline-v2-20260723,cd270e7871bd358937d83d9a49829637fa80007d2964084ef229f578e3733bd3,ba75425861a059dafcc477474fc3e4ed1eafdc2b47d6fdd0557337035d29a960,1439127ce16610ef83f984e8a0fcd9fdef4bed0aaa17c9fabdbf4de9db43c85e,12679022,1693272514000000000,300
TT/ts-train-service_cpu/3,TT,ts-train-service,cpu,3,300,300,burst,0.1,3,0.09998918041655397,baro,11,0.09090909090909091,0.0,0.14492753623188406,0,0,0,70,569.3332999944687,192-168-29-237-9100|ts-admin-travel-service|ts-travel-service|ts-ticket-office-service|ts-station-mongo,192-168-29-237-9100_node-memory-active-bytes,0.9,22,22,0.9178787878787878,0.8821212121212121,22,22,22,0.8995241957285753,baseline-v2-20260723,cd270e7871bd358937d83d9a49829637fa80007d2964084ef229f578e3733bd3,ba75425861a059dafcc477474fc3e4ed1eafdc2b47d6fdd0557337035d29a960,1439127ce16610ef83f984e8a0fcd9fdef4bed0aaa17c9fabdbf4de9db43c85e,12679022,1693272514000000000,300
TT/ts-train-service_cpu/3,TT,ts-train-service,cpu,3,300,300,burst,0.1,3,0.09998918041655397,median_shift,8,0.125,0.0,0.10144927536231885,0,0,0,70,157.4479000410065,ts-admin-travel-service|ts-assurance-mongo|ts-config-mongo|ts-consign-mongo|ts-news-service,ts-admin-travel-service_container-memory-rss,0.9,22,22,0.9178787878787878,0.8821212121212121,22,22,22,0.8995241957285753,baseline-v2-20260723,cd270e7871bd358937d83d9a49829637fa80007d2964084ef229f578e3733bd3,ba75425861a059dafcc477474fc3e4ed1eafdc2b47d6fdd0557337035d29a960,1439127ce16610ef83f984e8a0fcd9fdef4bed0aaa17c9fabdbf4de9db43c85e,12679022,1693272514000000000,300
TT/ts-train-service_cpu/3,TT,ts-train-service,cpu,3,300,300,burst,0.1,3,0.09998918041655397,nsigma,2,0.5,0.8,0.014492753623188406,0,1,1,70,437.378800008446,ts-user-service|ts-train-service|ts-admin-travel-service|ts-seat-service|ts-travel-service,ts-user-service_istio-latency-99,0.9,22,22,0.9178787878787878,0.8821212121212121,22,22,22,0.8995241957285753,baseline-v2-20260723,cd270e7871bd358937d83d9a49829637fa80007d2964084ef229f578e3733bd3,ba75425861a059dafcc477474fc3e4ed1eafdc2b47d6fdd0557337035d29a960,1439127ce16610ef83f984e8a0fcd9fdef4bed0aaa17c9fabdbf4de9db43c85e,12679022,1693272514000000000,300
TT/ts-train-service_cpu/3,TT,ts-train-service,cpu,3,300,300,burst,0.1,4,0.10003651609413038,baro,9,0.1111111111111111,0.0,0.11594202898550725,0,0,0,70,541.4319999981672,192-168-29-237-9100|ts-travel-service|ts-station-mongo|ts-travel2-service|ts-inside-payment-service,192-168-29-237-9100_node-memory-active-bytes,0.9,22,22,0.8943939393939394,0.9056060606060606,22,22,22,0.8994768856447689,baseline-v2-20260723,cd270e7871bd358937d83d9a49829637fa80007d2964084ef229f578e3733bd3,ba75425861a059dafcc477474fc3e4ed1eafdc2b47d6fdd0557337035d29a960,1439127ce16610ef83f984e8a0fcd9fdef4bed0aaa17c9fabdbf4de9db43c85e,12679022,1693272514000000000,300
TT/ts-train-service_cpu/3,TT,ts-train-service,cpu,3,300,300,burst,0.1,4,0.10003651609413038,median_shift,8,0.125,0.0,0.10144927536231885,0,0,0,70,156.32549999281764,ts-admin-travel-service|ts-admin-user-service|ts-assurance-mongo|ts-config-mongo|ts-consign-mongo,ts-admin-travel-service_container-memory-rss,0.9,22,22,0.8943939393939394,0.9056060606060606,22,22,22,0.8994768856447689,baseline-v2-20260723,cd270e7871bd358937d83d9a49829637fa80007d2964084ef229f578e3733bd3,ba75425861a059dafcc477474fc3e4ed1eafdc2b47d6fdd0557337035d29a960,1439127ce16610ef83f984e8a0fcd9fdef4bed0aaa17c9fabdbf4de9db43c85e,12679022,1693272514000000000,300
TT/ts-train-service_cpu/3,TT,ts-train-service,cpu,3,300,300,burst,0.1,4,0.10003651609413038,nsigma,2,0.5,0.8,0.014492753623188406,0,1,1,70,430.38729997351766,ts-user-service|ts-train-service|ts|ts-admin-travel-service|ts-seat-service,ts-user-service_istio-latency-99,0.9,22,22,0.8943939393939394,0.9056060606060606,22,22,22,0.8994768856447689,baseline-v2-20260723,cd270e7871bd358937d83d9a49829637fa80007d2964084ef229f578e3733bd3,ba75425861a059dafcc477474fc3e4ed1eafdc2b47d6fdd0557337035d29a960,1439127ce16610ef83f984e8a0fcd9fdef4bed0aaa17c9fabdbf4de9db43c85e,12679022,1693272514000000000,300
TT/ts-train-service_cpu/3,TT,ts-train-service,cpu,3,300,300,burst,0.1,5,0.09997700838517717,baro,10,0.1,0.0,0.13043478260869565,0,0,0,70,523.8400000380352,ts-travel-service|ts-ticket-office-service|ts-station-mongo|ts-travel2-service|ts-contacts-service,ts-travel-service_container-memory-rss,0.9,22,22,0.9181818181818182,0.8818181818181818,22,22,22,0.899536361178697,baseline-v2-20260723,cd270e7871bd358937d83d9a49829637fa80007d2964084ef229f578e3733bd3,ba75425861a059dafcc477474fc3e4ed1eafdc2b47d6fdd0557337035d29a960,1439127ce16610ef83f984e8a0fcd9fdef4bed0aaa17c9fabdbf4de9db43c85e,12679022,1693272514000000000,300
TT/ts-train-service_cpu/3,TT,ts-train-service,cpu,3,300,300,burst,0.1,5,0.09997700838517717,median_shift,8,0.125,0.0,0.10144927536231885,0,0,0,70,155.97459999844432,ts-admin-user-service|ts-assurance-mongo|ts-config-mongo|ts-consign-mongo|ts-contacts-service,ts-admin-user-service_container-memory-failures-total,0.9,22,22,0.9181818181818182,0.8818181818181818,22,22,22,0.899536361178697,baseline-v2-20260723,cd270e7871bd358937d83d9a49829637fa80007d2964084ef229f578e3733bd3,ba75425861a059dafcc477474fc3e4ed1eafdc2b47d6fdd0557337035d29a960,1439127ce16610ef83f984e8a0fcd9fdef4bed0aaa17c9fabdbf4de9db43c85e,12679022,1693272514000000000,300
TT/ts-train-service_cpu/3,TT,ts-train-service,cpu,3,300,300,burst,0.1,5,0.09997700838517717,nsigma,2,0.5,0.8,0.014492753623188406,0,1,1,70,477.6457999832928,ts-user-service|ts-train-service|ts|ts-admin-travel-service|ts-seat-service,ts-user-service_istio-latency-99,0.9,22,22,0.9181818181818182,0.8818181818181818,22,22,22,0.899536361178697,baseline-v2-20260723,cd270e7871bd358937d83d9a49829637fa80007d2964084ef229f578e3733bd3,ba75425861a059dafcc477474fc3e4ed1eafdc2b47d6fdd0557337035d29a960,1439127ce16610ef83f984e8a0fcd9fdef4bed0aaa17c9fabdbf4de9db43c85e,12679022,1693272514000000000,300
TT/ts-train-service_cpu/3,TT,ts-train-service,cpu,3,300,300,burst,0.1,6,0.09998377062483095,baro,10,0.1,0.0,0.13043478260869565,0,0,0,70,568.643799982965,192-168-29-237-9100|ts-ticket-office-service|ts-station-mongo|ts-travel2-service|ts-contacts-service,192-168-29-237-9100_node-memory-active-bytes,0.9,22,22,0.9007575757575758,0.8992424242424243,22,22,22,0.899529602595296,baseline-v2-20260723,cd270e7871bd358937d83d9a49829637fa80007d2964084ef229f578e3733bd3,ba75425861a059dafcc477474fc3e4ed1eafdc2b47d6fdd0557337035d29a960,1439127ce16610ef83f984e8a0fcd9fdef4bed0aaa17c9fabdbf4de9db43c85e,12679022,1693272514000000000,300
TT/ts-train-service_cpu/3,TT,ts-train-service,cpu,3,300,300,burst,0.1,6,0.09998377062483095,median_shift,8,0.125,0.0,0.10144927536231885,0,0,0,70,155.25469998829067,ts-admin-user-service|ts-assurance-mongo|ts-config-mongo|ts-consign-mongo|ts-contacts-service,ts-admin-user-service_container-memory-failures-total,0.9,22,22,0.9007575757575758,0.8992424242424243,22,22,22,0.899529602595296,baseline-v2-20260723,cd270e7871bd358937d83d9a49829637fa80007d2964084ef229f578e3733bd3,ba75425861a059dafcc477474fc3e4ed1eafdc2b47d6fdd0557337035d29a960,1439127ce16610ef83f984e8a0fcd9fdef4bed0aaa17c9fabdbf4de9db43c85e,12679022,1693272514000000000,300
TT/ts-train-service_cpu/3,TT,ts-train-service,cpu,3,300,300,burst,0.1,6,0.09998377062483095,nsigma,4,0.25,0.4,0.043478260869565216,0,0,1,70,440.2187000378035,192-168-29-237-9100|ts-user-service|ts|ts-train-service|ts-admin-travel-service,192-168-29-237-9100_node-memory-active-bytes,0.9,22,22,0.9007575757575758,0.8992424242424243,22,22,22,0.899529602595296,baseline-v2-20260723,cd270e7871bd358937d83d9a49829637fa80007d2964084ef229f578e3733bd3,ba75425861a059dafcc477474fc3e4ed1eafdc2b47d6fdd0557337035d29a960,1439127ce16610ef83f984e8a0fcd9fdef4bed0aaa17c9fabdbf4de9db43c85e,12679022,1693272514000000000,300
TT/ts-train-service_cpu/3,TT,ts-train-service,cpu,3,300,300,burst,0.1,7,0.1000148769272383,baro,12,0.08333333333333333,0.0,0.15942028985507245,0,0,0,70,528.9452000288293,192-168-29-237-9100|ts-preserve-service|ts-ticket-office-service|ts-station-mongo|ts-travel2-service,192-168-29-237-9100_node-memory-active-bytes,0.9,22,22,0.9174242424242425,0.8825757575757576,22,22,22,0.8994985131116517,baseline-v2-20260723,cd270e7871bd358937d83d9a49829637fa80007d2964084ef229f578e3733bd3,ba75425861a059dafcc477474fc3e4ed1eafdc2b47d6fdd0557337035d29a960,1439127ce16610ef83f984e8a0fcd9fdef4bed0aaa17c9fabdbf4de9db43c85e,12679022,1693272514000000000,300
TT/ts-train-service_cpu/3,TT,ts-train-service,cpu,3,300,300,burst,0.1,7,0.1000148769272383,median_shift,6,0.16666666666666666,0.0,0.07246376811594203,0,0,0,70,155.43719998095185,ts-assurance-mongo|ts-config-mongo|ts-consign-mongo|ts-price-mongo|ts-ticket-office-mongo,ts-assurance-mongo_container-memory-cache,0.9,22,22,0.9174242424242425,0.8825757575757576,22,22,22,0.8994985131116517,baseline-v2-20260723,cd270e7871bd358937d83d9a49829637fa80007d2964084ef229f578e3733bd3,ba75425861a059dafcc477474fc3e4ed1eafdc2b47d6fdd0557337035d29a960,1439127ce16610ef83f984e8a0fcd9fdef4bed0aaa17c9fabdbf4de9db43c85e,12679022,1693272514000000000,300
TT/ts-train-service_cpu/3,TT,ts-train-service,cpu,3,300,300,burst,0.1,7,0.1000148769272383,nsigma,2,0.5,0.8,0.014492753623188406,0,1,1,70,438.0758999614045,ts-user-service|ts-train-service|ts|ts-admin-travel-service|ts-seat-service,ts-user-service_istio-latency-99,0.9,22,22,0.9174242424242425,0.8825757575757576,22,22,22,0.8994985131116517,baseline-v2-20260723,cd270e7871bd358937d83d9a49829637fa80007d2964084ef229f578e3733bd3,ba75425861a059dafcc477474fc3e4ed1eafdc2b47d6fdd0557337035d29a960,1439127ce16610ef83f984e8a0fcd9fdef4bed0aaa17c9fabdbf4de9db43c85e,12679022,1693272514000000000,300
TT/ts-train-service_cpu/3,TT,ts-train-service,cpu,3,300,300,burst,0.1,8,0.09998377062483095,baro,12,0.08333333333333333,0.0,0.15942028985507245,0,0,0,70,532.4337999918498,192-168-29-237-9100|ts-travel-service|ts-preserve-service|ts-ticket-office-service|ts-station-mongo,192-168-29-237-9100_node-memory-active-bytes,0.9,22,22,0.8928787878787878,0.9071212121212121,22,22,22,0.899529602595296,baseline-v2-20260723,cd270e7871bd358937d83d9a49829637fa80007d2964084ef229f578e3733bd3,ba75425861a059dafcc477474fc3e4ed1eafdc2b47d6fdd0557337035d29a960,1439127ce16610ef83f984e8a0fcd9fdef4bed0aaa17c9fabdbf4de9db43c85e,12679022,1693272514000000000,300
TT/ts-train-service_cpu/3,TT,ts-train-service,cpu,3,300,300,burst,0.1,8,0.09998377062483095,median_shift,8,0.125,0.0,0.10144927536231885,0,0,0,70,156.36019996600226,ts-admin-user-service|ts-assurance-mongo|ts-config-mongo|ts-consign-mongo|ts-inside-payment-mongo,ts-admin-user-service_container-memory-failures-total,0.9,22,22,0.8928787878787878,0.9071212121212121,22,22,22,0.899529602595296,baseline-v2-20260723,cd270e7871bd358937d83d9a49829637fa80007d2964084ef229f578e3733bd3,ba75425861a059dafcc477474fc3e4ed1eafdc2b47d6fdd0557337035d29a960,1439127ce16610ef83f984e8a0fcd9fdef4bed0aaa17c9fabdbf4de9db43c85e,12679022,1693272514000000000,300
TT/ts-train-service_cpu/3,TT,ts-train-service,cpu,3,300,300,burst,0.1,8,0.09998377062483095,nsigma,2,0.5,0.8,0.014492753623188406,0,1,1,70,478.358099993784,ts-user-service|ts-train-service|ts|ts-admin-travel-service|ts-seat-service,ts-user-service_istio-latency-99,0.9,22,22,0.8928787878787878,0.9071212121212121,22,22,22,0.899529602595296,baseline-v2-20260723,cd270e7871bd358937d83d9a49829637fa80007d2964084ef229f578e3733bd3,ba75425861a059dafcc477474fc3e4ed1eafdc2b47d6fdd0557337035d29a960,1439127ce16610ef83f984e8a0fcd9fdef4bed0aaa17c9fabdbf4de9db43c85e,12679022,1693272514000000000,300
TT/ts-train-service_cpu/3,TT,ts-train-service,cpu,3,300,300,burst,0.1,9,0.10004057343792264,baro,10,0.1,0.0,0.13043478260869565,0,0,0,70,563.2220999686979,192-168-29-237-9100|ts-travel-service|ts-ticket-office-service|ts-station-mongo|ts-travel2-service,192-168-29-237-9100_node-memory-active-bytes,0.9,22,22,0.9354545454545454,0.8645454545454545,22,22,22,0.8994728304947283,baseline-v2-20260723,cd270e7871bd358937d83d9a49829637fa80007d2964084ef229f578e3733bd3,ba75425861a059dafcc477474fc3e4ed1eafdc2b47d6fdd0557337035d29a960,1439127ce16610ef83f984e8a0fcd9fdef4bed0aaa17c9fabdbf4de9db43c85e,12679022,1693272514000000000,300
TT/ts-train-service_cpu/3,TT,ts-train-service,cpu,3,300,300,burst,0.1,9,0.10004057343792264,median_shift,6,0.16666666666666666,0.0,0.07246376811594203,0,0,0,70,158.25009997934103,ts-assurance-mongo|ts-config-mongo|ts-consign-mongo|ts-inside-payment-mongo|ts-price-mongo,ts-assurance-mongo_container-memory-cache,0.9,22,22,0.9354545454545454,0.8645454545454545,22,22,22,0.8994728304947283,baseline-v2-20260723,cd270e7871bd358937d83d9a49829637fa80007d2964084ef229f578e3733bd3,ba75425861a059dafcc477474fc3e4ed1eafdc2b47d6fdd0557337035d29a960,1439127ce16610ef83f984e8a0fcd9fdef4bed0aaa17c9fabdbf4de9db43c85e,12679022,1693272514000000000,300
TT/ts-train-service_cpu/3,TT,ts-train-service,cpu,3,300,300,burst,0.1,9,0.10004057343792264,nsigma,3,0.3333333333333333,0.6,0.028985507246376812,0,1,1,70,443.60450003296137,ts-user-service|ts|ts-train-service|ts-admin-travel-service|ts-seat-service,ts-user-service_istio-latency-99,0.9,22,22,0.9354545454545454,0.8645454545454545,22,22,22,0.8994728304947283,baseline-v2-20260723,cd270e7871bd358937d83d9a49829637fa80007d2964084ef229f578e3733bd3,ba75425861a059dafcc477474fc3e4ed1eafdc2b47d6fdd0557337035d29a960,1439127ce16610ef83f984e8a0fcd9fdef4bed0aaa17c9fabdbf4de9db43c85e,12679022,1693272514000000000,300
TT/ts-train-service_cpu/3,TT,ts-train-service,cpu,3,300,300,burst,0.3,0,0.299989180416554,baro,3,0.3333333333333333,0.6,0.028985507246376812,0,1,1,70,560.1304000010714,192-168-29-237-9100|ts-admin-travel-service|ts-train-service|ts-travel-service|ts-consign-service,192-168-29-237-9100_node-memory-active-bytes,0.7,22,22,0.7303030303030303,0.6696969696969697,22,22,22,0.69963233306299,baseline-v2-20260723,cd270e7871bd358937d83d9a49829637fa80007d2964084ef229f578e3733bd3,ba75425861a059dafcc477474fc3e4ed1eafdc2b47d6fdd0557337035d29a960,1439127ce16610ef83f984e8a0fcd9fdef4bed0aaa17c9fabdbf4de9db43c85e,12679022,1693272514000000000,300
TT/ts-train-service_cpu/3,TT,ts-train-service,cpu,3,300,300,burst,0.3,0,0.299989180416554,median_shift,9,0.1111111111111111,0.0,0.11594202898550725,0,0,0,70,152.9059000313282,192-168-51-251-9100|ts-assurance-mongo|ts-config-mongo|ts-consign-mongo|ts-food-service,192-168-51-251-9100_node-memory-active-bytes,0.7,22,22,0.7303030303030303,0.6696969696969697,22,22,22,0.69963233306299,baseline-v2-20260723,cd270e7871bd358937d83d9a49829637fa80007d2964084ef229f578e3733bd3,ba75425861a059dafcc477474fc3e4ed1eafdc2b47d6fdd0557337035d29a960,1439127ce16610ef83f984e8a0fcd9fdef4bed0aaa17c9fabdbf4de9db43c85e,12679022,1693272514000000000,300
TT/ts-train-service_cpu/3,TT,ts-train-service,cpu,3,300,300,burst,0.3,0,0.299989180416554,nsigma,2,0.5,0.8,0.014492753623188406,0,1,1,70,438.02569998661056,ts-user-service|ts-train-service|ts|ts-admin-travel-service|ts-seat-service,ts-user-service_istio-latency-99,0.7,22,22,0.7303030303030303,0.6696969696969697,22,22,22,0.69963233306299,baseline-v2-20260723,cd270e7871bd358937d83d9a49829637fa80007d2964084ef229f578e3733bd3,ba75425861a059dafcc477474fc3e4ed1eafdc2b47d6fdd0557337035d29a960,1439127ce16610ef83f984e8a0fcd9fdef4bed0aaa17c9fabdbf4de9db43c85e,12679022,1693272514000000000,300
TT/ts-train-service_cpu/3,TT,ts-train-service,cpu,3,300,300,burst,0.3,1,0.2999310251555315,baro,3,0.3333333333333333,0.6,0.028985507246376812,0,1,1,70,524.93069996126,192-168-45-158-9100|ts-admin-travel-service|ts-train-service|ts-security-service|ts-food-map-service,192-168-45-158-9100_node-memory-inactive-bytes,0.7,22,22,0.6301515151515151,0.7698484848484849,22,22,22,0.6996904568802379,baseline-v2-20260723,cd270e7871bd358937d83d9a49829637fa80007d2964084ef229f578e3733bd3,ba75425861a059dafcc477474fc3e4ed1eafdc2b47d6fdd0557337035d29a960,1439127ce16610ef83f984e8a0fcd9fdef4bed0aaa17c9fabdbf4de9db43c85e,12679022,1693272514000000000,300
TT/ts-train-service_cpu/3,TT,ts-train-service,cpu,3,300,300,burst,0.3,1,0.2999310251555315,median_shift,13,0.07692307692307693,0.0,0.17391304347826086,0,0,0,70,154.45430000545457,ts-assurance-mongo|ts-config-mongo|ts-consign-mongo|ts-food-map-service|ts-food-service,ts-assurance-mongo_container-memory-cache,0.7,22,22,0.6301515151515151,0.7698484848484849,22,22,22,0.6996904568802379,baseline-v2-20260723,cd270e7871bd358937d83d9a49829637fa80007d2964084ef229f578e3733bd3,ba75425861a059dafcc477474fc3e4ed1eafdc2b47d6fdd0557337035d29a960,1439127ce16610ef83f984e8a0fcd9fdef4bed0aaa17c9fabdbf4de9db43c85e,12679022,1693272514000000000,300
TT/ts-train-service_cpu/3,TT,ts-train-service,cpu,3,300,300,burst,0.3,1,0.2999310251555315,nsigma,1,1.0,1.0,0.0,1,1,1,70,432.91380000300705,ts-train-service|ts-food-map-service|ts-user-service|ts|ts-admin-travel-service,ts-train-service_container-memory-failures-total,0.7,22,22,0.6301515151515151,0.7698484848484849,22,22,22,0.6996904568802379,baseline-v2-20260723,cd270e7871bd358937d83d9a49829637fa80007d2964084ef229f578e3733bd3,ba75425861a059dafcc477474fc3e4ed1eafdc2b47d6fdd0557337035d29a960,1439127ce16610ef83f984e8a0fcd9fdef4bed0aaa17c9fabdbf4de9db43c85e,12679022,1693272514000000000,300
TT/ts-train-service_cpu/3,TT,ts-train-service,cpu,3,300,300,burst,0.3,2,0.29995942656207736,baro,19,0.05263157894736842,0.0,0.2608695652173913,0,0,0,70,525.1189000555314,ts-travel-service|ts-contacts-service|ts-consign-service|ts-food-map-service|ts-inside-payment-mongo,ts-travel-service_container-memory-rss,0.7,22,22,0.7628787878787879,0.6371212121212121,22,22,22,0.699662070829954,baseline-v2-20260723,cd270e7871bd358937d83d9a49829637fa80007d2964084ef229f578e3733bd3,ba75425861a059dafcc477474fc3e4ed1eafdc2b47d6fdd0557337035d29a960,1439127ce16610ef83f984e8a0fcd9fdef4bed0aaa17c9fabdbf4de9db43c85e,12679022,1693272514000000000,300
TT/ts-train-service_cpu/3,TT,ts-train-service,cpu,3,300,300,burst,0.3,2,0.29995942656207736,median_shift,10,0.1,0.0,0.13043478260869565,0,0,0,70,154.28609994705766,ts-assurance-mongo|ts-config-mongo|ts-consign-mongo|ts-consign-service|ts-news-service,ts-assurance-mongo_container-memory-cache,0.7,22,22,0.7628787878787879,0.6371212121212121,22,22,22,0.699662070829954,baseline-v2-20260723,cd270e7871bd358937d83d9a49829637fa80007d2964084ef229f578e3733bd3,ba75425861a059dafcc477474fc3e4ed1eafdc2b47d6fdd0557337035d29a960,1439127ce16610ef83f984e8a0fcd9fdef4bed0aaa17c9fabdbf4de9db43c85e,12679022,1693272514000000000,300
TT/ts-train-service_cpu/3,TT,ts-train-service,cpu,3,300,300,burst,0.3,2,0.29995942656207736,nsigma,3,0.3333333333333333,0.6,0.028985507246376812,0,1,1,70,467.3995000193827,ts-user-service|ts|ts-train-service|ts-admin-travel-service|ts-seat-service,ts-user-service_istio-latency-99,0.7,22,22,0.7628787878787879,0.6371212121212121,22,22,22,0.699662070829954,baseline-v2-20260723,cd270e7871bd358937d83d9a49829637fa80007d2964084ef229f578e3733bd3,ba75425861a059dafcc477474fc3e4ed1eafdc2b47d6fdd0557337035d29a960,1439127ce16610ef83f984e8a0fcd9fdef4bed0aaa17c9fabdbf4de9db43c85e,12679022,1693272514000000000,300
TT/ts-train-service_cpu/3,TT,ts-train-service,cpu,3,300,300,burst,0.3,3,0.2999188531241547,baro,25,0.04,0.0,0.34782608695652173,0,0,0,70,566.6119999950752,ts-security-service|ts-consign-service|ts-order-service|ts-food-map-service|ts-preserve-service,ts-security-service_container-memory-working-set-bytes,0.7,22,22,0.6712121212121213,0.7287878787878788,22,22,22,0.6997026223303595,baseline-v2-20260723,cd270e7871bd358937d83d9a49829637fa80007d2964084ef229f578e3733bd3,ba75425861a059dafcc477474fc3e4ed1eafdc2b47d6fdd0557337035d29a960,1439127ce16610ef83f984e8a0fcd9fdef4bed0aaa17c9fabdbf4de9db43c85e,12679022,1693272514000000000,300
TT/ts-train-service_cpu/3,TT,ts-train-service,cpu,3,300,300,burst,0.3,3,0.2999188531241547,median_shift,15,0.06666666666666667,0.0,0.2028985507246377,0,0,0,70,157.0188000332564,ts-admin-travel-service|ts-assurance-mongo|ts-config-mongo|ts-consign-mongo|ts-food-service,ts-admin-travel-service_container-memory-rss,0.7,22,22,0.6712121212121213,0.7287878787878788,22,22,22,0.6997026223303595,baseline-v2-20260723,cd270e7871bd358937d83d9a49829637fa80007d2964084ef229f578e3733bd3,ba75425861a059dafcc477474fc3e4ed1eafdc2b47d6fdd0557337035d29a960,1439127ce16610ef83f984e8a0fcd9fdef4bed0aaa17c9fabdbf4de9db43c85e,12679022,1693272514000000000,300
TT/ts-train-service_cpu/3,TT,ts-train-service,cpu,3,300,300,burst,0.3,3,0.2999188531241547,nsigma,1,1.0,1.0,0.0,1,1,1,70,434.67649997910485,ts-train-service|ts|ts-user-service|ts-admin-travel-service|ts-seat-service,ts-train-service_istio-latency-95,0.7,22,22,0.6712121212121213,0.7287878787878788,22,22,22,0.6997026223303595,baseline-v2-20260723,cd270e7871bd358937d83d9a49829637fa80007d2964084ef229f578e3733bd3,ba75425861a059dafcc477474fc3e4ed1eafdc2b47d6fdd0557337035d29a960,1439127ce16610ef83f984e8a0fcd9fdef4bed0aaa17c9fabdbf4de9db43c85e,12679022,1693272514000000000,300
TT/ts-train-service_cpu/3,TT,ts-train-service,cpu,3,300,300,burst,0.3,4,0.2999607790100081,baro,3,0.3333333333333333,0.6,0.028985507246376812,0,1,1,70,526.7529999837279,192-168-29-237-9100|ts-admin-travel-service|ts-train-service|ts-travel-service|ts-security-service,192-168-29-237-9100_node-memory-active-bytes,0.7,22,22,0.7193939393939394,0.6806060606060607,22,22,22,0.6996607191132739,baseline-v2-20260723,cd270e7871bd358937d83d9a49829637fa80007d2964084ef229f578e3733bd3,ba75425861a059dafcc477474fc3e4ed1eafdc2b47d6fdd0557337035d29a960,1439127ce16610ef83f984e8a0fcd9fdef4bed0aaa17c9fabdbf4de9db43c85e,12679022,1693272514000000000,300
TT/ts-train-service_cpu/3,TT,ts-train-service,cpu,3,300,300,burst,0.3,4,0.2999607790100081,median_shift,12,0.08333333333333333,0.0,0.15942028985507245,0,0,0,70,154.9364000093192,192-168-29-237-9100|192-168-51-251-9100|ts-assurance-mongo|ts-config-mongo|ts-config-service,192-168-29-237-9100_node-memory-active-bytes,0.7,22,22,0.7193939393939394,0.6806060606060607,22,22,22,0.6996607191132739,baseline-v2-20260723,cd270e7871bd358937d83d9a49829637fa80007d2964084ef229f578e3733bd3,ba75425861a059dafcc477474fc3e4ed1eafdc2b47d6fdd0557337035d29a960,1439127ce16610ef83f984e8a0fcd9fdef4bed0aaa17c9fabdbf4de9db43c85e,12679022,1693272514000000000,300
TT/ts-train-service_cpu/3,TT,ts-train-service,cpu,3,300,300,burst,0.3,4,0.2999607790100081,nsigma,2,0.5,0.8,0.014492753623188406,0,1,1,70,447.1724000177346,ts-user-service|ts-train-service|ts|ts-admin-travel-service|ts-train-mongo,ts-user-service_istio-latency-99,0.7,22,22,0.7193939393939394,0.6806060606060607,22,22,22,0.6996607191132739,baseline-v2-20260723,cd270e7871bd358937d83d9a49829637fa80007d2964084ef229f578e3733bd3,ba75425861a059dafcc477474fc3e4ed1eafdc2b47d6fdd0557337035d29a960,1439127ce16610ef83f984e8a0fcd9fdef4bed0aaa17c9fabdbf4de9db43c85e,12679022,1693272514000000000,300
TT/ts-train-service_cpu/3,TT,ts-train-service,cpu,3,300,300,burst,0.3,5,0.2999026237489857,baro,3,0.3333333333333333,0.6,0.028985507246376812,0,1,1,70,527.414400014095,192-168-29-237-9100|192-168-45-158-9100|ts-train-service|ts-security-service|ts-travel-service,192-168-29-237-9100_node-memory-inactive-bytes,0.7,22,22,0.843939393939394,0.556060606060606,22,22,22,0.6997188429305218,baseline-v2-20260723,cd270e7871bd358937d83d9a49829637fa80007d2964084ef229f578e3733bd3,ba75425861a059dafcc477474fc3e4ed1eafdc2b47d6fdd0557337035d29a960,1439127ce16610ef83f984e8a0fcd9fdef4bed0aaa17c9fabdbf4de9db43c85e,12679022,1693272514000000000,300
TT/ts-train-service_cpu/3,TT,ts-train-service,cpu,3,300,300,burst,0.3,5,0.2999026237489857,median_shift,12,0.08333333333333333,0.0,0.15942028985507245,0,0,0,70,156.8830999894999,ts-assurance-mongo|ts-config-mongo|ts-consign-mongo|ts-contacts-service|ts-food-map-service,ts-assurance-mongo_container-memory-cache,0.7,22,22,0.843939393939394,0.556060606060606,22,22,22,0.6997188429305218,baseline-v2-20260723,cd270e7871bd358937d83d9a49829637fa80007d2964084ef229f578e3733bd3,ba75425861a059dafcc477474fc3e4ed1eafdc2b47d6fdd0557337035d29a960,1439127ce16610ef83f984e8a0fcd9fdef4bed0aaa17c9fabdbf4de9db43c85e,12679022,1693272514000000000,300
TT/ts-train-service_cpu/3,TT,ts-train-service,cpu,3,300,300,burst,0.3,5,0.2999026237489857,nsigma,1,1.0,1.0,0.0,1,1,1,70,468.77219999441877,ts-train-service|ts-user-service|ts-admin-travel-service|ts-order-other-mongo|ts-seat-service,ts-train-service_istio-latency-90,0.7,22,22,0.843939393939394,0.556060606060606,22,22,22,0.6997188429305218,baseline-v2-20260723,cd270e7871bd358937d83d9a49829637fa80007d2964084ef229f578e3733bd3,ba75425861a059dafcc477474fc3e4ed1eafdc2b47d6fdd0557337035d29a960,1439127ce16610ef83f984e8a0fcd9fdef4bed0aaa17c9fabdbf4de9db43c85e,12679022,1693272514000000000,300
TT/ts-train-service_cpu/3,TT,ts-train-service,cpu,3,300,300,burst,0.3,6,0.2998931566134704,baro,26,0.038461538461538464,0.0,0.36231884057971014,0,0,0,70,563.8306000037119,192-168-29-237-9100|ts-order-mongo|ts-order-other-service|ts-payment-service|ts-food-map-service,192-168-29-237-9100_node-memory-active-bytes,0.7,22,22,0.6545454545454545,0.7454545454545455,22,22,22,0.699728304947283,baseline-v2-20260723,cd270e7871bd358937d83d9a49829637fa80007d2964084ef229f578e3733bd3,ba75425861a059dafcc477474fc3e4ed1eafdc2b47d6fdd0557337035d29a960,1439127ce16610ef83f984e8a0fcd9fdef4bed0aaa17c9fabdbf4de9db43c85e,12679022,1693272514000000000,300
TT/ts-train-service_cpu/3,TT,ts-train-service,cpu,3,300,300,burst,0.3,6,0.2998931566134704,median_shift,12,0.08333333333333333,0.0,0.15942028985507245,0,0,0,70,154.38680001534522,192-168-29-237-9100|192-168-51-251-9100|ts-admin-user-service|ts-assurance-mongo|ts-config-mongo,192-168-29-237-9100_node-memory-active-bytes,0.7,22,22,0.6545454545454545,0.7454545454545455,22,22,22,0.699728304947283,baseline-v2-20260723,cd270e7871bd358937d83d9a49829637fa80007d2964084ef229f578e3733bd3,ba75425861a059dafcc477474fc3e4ed1eafdc2b47d6fdd0557337035d29a960,1439127ce16610ef83f984e8a0fcd9fdef4bed0aaa17c9fabdbf4de9db43c85e,12679022,1693272514000000000,300
TT/ts-train-service_cpu/3,TT,ts-train-service,cpu,3,300,300,burst,0.3,6,0.2998931566134704,nsigma,2,0.5,0.8,0.014492753623188406,0,1,1,70,434.5247999881394,ts-user-service|ts-train-service|ts|ts-admin-travel-service|ts-auth-service,ts-user-service_istio-latency-99,0.7,22,22,0.6545454545454545,0.7454545454545455,22,22,22,0.699728304947283,baseline-v2-20260723,cd270e7871bd358937d83d9a49829637fa80007d2964084ef229f578e3733bd3,ba75425861a059dafcc477474fc3e4ed1eafdc2b47d6fdd0557337035d29a960,1439127ce16610ef83f984e8a0fcd9fdef4bed0aaa17c9fabdbf4de9db43c85e,12679022,1693272514000000000,300
TT/ts-train-service_cpu/3,TT,ts-train-service,cpu,3,300,300,burst,0.3,7,0.2999161482282932,baro,2,0.5,0.8,0.014492753623188406,0,1,1,70,567.9925000295043,192-168-29-237-9100|ts-train-service|ts-contacts-service|ts-consign-service|ts-inside-payment-service,192-168-29-237-9100_node-cpu-seconds-total,0.7,22,22,0.6995454545454546,0.7004545454545454,22,22,22,0.6997053257637199,baseline-v2-20260723,cd270e7871bd358937d83d9a49829637fa80007d2964084ef229f578e3733bd3,ba75425861a059dafcc477474fc3e4ed1eafdc2b47d6fdd0557337035d29a960,1439127ce16610ef83f984e8a0fcd9fdef4bed0aaa17c9fabdbf4de9db43c85e,12679022,1693272514000000000,300
TT/ts-train-service_cpu/3,TT,ts-train-service,cpu,3,300,300,burst,0.3,7,0.2999161482282932,median_shift,13,0.07692307692307693,0.0,0.17391304347826086,0,0,0,70,154.97429994866252,192-168-51-251-9100|ts-assurance-mongo|ts-config-mongo|ts-consign-mongo|ts-contacts-service,192-168-51-251-9100_node-memory-active-bytes,0.7,22,22,0.6995454545454546,0.7004545454545454,22,22,22,0.6997053257637199,baseline-v2-20260723,cd270e7871bd358937d83d9a49829637fa80007d2964084ef229f578e3733bd3,ba75425861a059dafcc477474fc3e4ed1eafdc2b47d6fdd0557337035d29a960,1439127ce16610ef83f984e8a0fcd9fdef4bed0aaa17c9fabdbf4de9db43c85e,12679022,1693272514000000000,300
TT/ts-train-service_cpu/3,TT,ts-train-service,cpu,3,300,300,burst,0.3,7,0.2999161482282932,nsigma,4,0.25,0.4,0.043478260869565216,0,0,1,70,429.6973000164144,ts-user-service|ts-food-map-service|ts|ts-train-service|ts-admin-travel-service,ts-user-service_istio-latency-99,0.7,22,22,0.6995454545454546,0.7004545454545454,22,22,22,0.6997053257637199,baseline-v2-20260723,cd270e7871bd358937d83d9a49829637fa80007d2964084ef229f578e3733bd3,ba75425861a059dafcc477474fc3e4ed1eafdc2b47d6fdd0557337035d29a960,1439127ce16610ef83f984e8a0fcd9fdef4bed0aaa17c9fabdbf4de9db43c85e,12679022,1693272514000000000,300
TT/ts-train-service_cpu/3,TT,ts-train-service,cpu,3,300,300,burst,0.3,8,0.29996348390586963,baro,4,0.25,0.4,0.043478260869565216,0,0,1,70,528.025199950207,192-168-93-129-9100|192-168-29-237-9100|ts-admin-travel-service|ts-train-service|ts-travel-service,192-168-93-129-9100_node-memory-active-bytes,0.7,22,22,0.6316666666666667,0.7683333333333333,22,22,22,0.6996580156799135,baseline-v2-20260723,cd270e7871bd358937d83d9a49829637fa80007d2964084ef229f578e3733bd3,ba75425861a059dafcc477474fc3e4ed1eafdc2b47d6fdd0557337035d29a960,1439127ce16610ef83f984e8a0fcd9fdef4bed0aaa17c9fabdbf4de9db43c85e,12679022,1693272514000000000,300
TT/ts-train-service_cpu/3,TT,ts-train-service,cpu,3,300,300,burst,0.3,8,0.29996348390586963,median_shift,14,0.07142857142857142,0.0,0.18840579710144928,0,0,0,70,155.00760002760217,192-168-51-251-9100|ts-assurance-mongo|ts-config-mongo|ts-config-service|ts-consign-mongo,192-168-51-251-9100_node-memory-active-bytes,0.7,22,22,0.6316666666666667,0.7683333333333333,22,22,22,0.6996580156799135,baseline-v2-20260723,cd270e7871bd358937d83d9a49829637fa80007d2964084ef229f578e3733bd3,ba75425861a059dafcc477474fc3e4ed1eafdc2b47d6fdd0557337035d29a960,1439127ce16610ef83f984e8a0fcd9fdef4bed0aaa17c9fabdbf4de9db43c85e,12679022,1693272514000000000,300
TT/ts-train-service_cpu/3,TT,ts-train-service,cpu,3,300,300,burst,0.3,8,0.29996348390586963,nsigma,2,0.5,0.8,0.014492753623188406,0,1,1,70,436.34140002541244,ts-user-service|ts-train-service|ts-admin-travel-service|ts-route-service|ts,ts-user-service_istio-latency-99,0.7,22,22,0.6316666666666667,0.7683333333333333,22,22,22,0.6996580156799135,baseline-v2-20260723,cd270e7871bd358937d83d9a49829637fa80007d2964084ef229f578e3733bd3,ba75425861a059dafcc477474fc3e4ed1eafdc2b47d6fdd0557337035d29a960,1439127ce16610ef83f984e8a0fcd9fdef4bed0aaa17c9fabdbf4de9db43c85e,12679022,1693272514000000000,300
TT/ts-train-service_cpu/3,TT,ts-train-service,cpu,3,300,300,burst,0.3,9,0.29998647552069246,baro,1,1.0,1.0,0.0,1,1,1,70,528.5132999997586,ts-train-service|ts-contacts-service|ts-travel-service|192-168-45-158-9100|ts-food-map-service,ts-train-service_container-memory-working-set-bytes,0.7,22,22,0.7575757575757576,0.6424242424242425,22,22,22,0.6996350364963504,baseline-v2-20260723,cd270e7871bd358937d83d9a49829637fa80007d2964084ef229f578e3733bd3,ba75425861a059dafcc477474fc3e4ed1eafdc2b47d6fdd0557337035d29a960,1439127ce16610ef83f984e8a0fcd9fdef4bed0aaa17c9fabdbf4de9db43c85e,12679022,1693272514000000000,300
TT/ts-train-service_cpu/3,TT,ts-train-service,cpu,3,300,300,burst,0.3,9,0.29998647552069246,median_shift,15,0.06666666666666667,0.0,0.2028985507246377,0,0,0,70,155.99090000614524,ts-assurance-mongo|ts-config-mongo|ts-consign-mongo|ts-contacts-service|ts-execute-service,ts-assurance-mongo_container-memory-cache,0.7,22,22,0.7575757575757576,0.6424242424242425,22,22,22,0.6996350364963504,baseline-v2-20260723,cd270e7871bd358937d83d9a49829637fa80007d2964084ef229f578e3733bd3,ba75425861a059dafcc477474fc3e4ed1eafdc2b47d6fdd0557337035d29a960,1439127ce16610ef83f984e8a0fcd9fdef4bed0aaa17c9fabdbf4de9db43c85e,12679022,1693272514000000000,300
TT/ts-train-service_cpu/3,TT,ts-train-service,cpu,3,300,300,burst,0.3,9,0.29998647552069246,nsigma,2,0.5,0.8,0.014492753623188406,0,1,1,70,469.3919999990612,ts-user-service|ts-train-service|ts|ts-admin-travel-service|ts-seat-service,ts-user-service_istio-latency-99,0.7,22,22,0.7575757575757576,0.6424242424242425,22,22,22,0.6996350364963504,baseline-v2-20260723,cd270e7871bd358937d83d9a49829637fa80007d2964084ef229f578e3733bd3,ba75425861a059dafcc477474fc3e4ed1eafdc2b47d6fdd0557337035d29a960,1439127ce16610ef83f984e8a0fcd9fdef4bed0aaa17c9fabdbf4de9db43c85e,12679022,1693272514000000000,300
TT/ts-train-service_cpu/3,TT,ts-train-service,cpu,3,300,300,burst,0.5,0,0.4998417635921017,baro,5,0.2,0.2,0.057971014492753624,0,0,1,70,544.523099961225,192-168-93-129-9100|192-168-29-237-9100|192-168-45-158-9100|ts-admin-travel-service|ts-train-service,192-168-93-129-9100_node-memory-inactive-bytes,0.5,22,22,0.3784848484848485,0.6215151515151515,22,22,22,0.49988780751554474,baseline-v2-20260723,cd270e7871bd358937d83d9a49829637fa80007d2964084ef229f578e3733bd3,ba75425861a059dafcc477474fc3e4ed1eafdc2b47d6fdd0557337035d29a960,1439127ce16610ef83f984e8a0fcd9fdef4bed0aaa17c9fabdbf4de9db43c85e,12679022,1693272514000000000,300
TT/ts-train-service_cpu/3,TT,ts-train-service,cpu,3,300,300,burst,0.5,0,0.4998417635921017,median_shift,25,0.04,0.0,0.34782608695652173,0,0,0,70,152.3141999496147,192-168-29-237-9100|192-168-51-251-9100|ts-admin-order-service|ts-admin-travel-service|ts-assurance-mongo,192-168-29-237-9100_node-memory-active-bytes,0.5,22,22,0.3784848484848485,0.6215151515151515,22,22,22,0.49988780751554474,baseline-v2-20260723,cd270e7871bd358937d83d9a49829637fa80007d2964084ef229f578e3733bd3,ba75425861a059dafcc477474fc3e4ed1eafdc2b47d6fdd0557337035d29a960,1439127ce16610ef83f984e8a0fcd9fdef4bed0aaa17c9fabdbf4de9db43c85e,12679022,1693272514000000000,300
TT/ts-train-service_cpu/3,TT,ts-train-service,cpu,3,300,300,burst,0.5,0,0.4998417635921017,nsigma,2,0.5,0.8,0.014492753623188406,0,1,1,70,432.293199992273,ts-admin-travel-service|ts-train-service|ts-consign-service|ts-user-service|192-168-93-129-9100,ts-admin-travel-service_container-memory-usage-bytes,0.5,22,22,0.3784848484848485,0.6215151515151515,22,22,22,0.49988780751554474,baseline-v2-20260723,cd270e7871bd358937d83d9a49829637fa80007d2964084ef229f578e3733bd3,ba75425861a059dafcc477474fc3e4ed1eafdc2b47d6fdd0557337035d29a960,1439127ce16610ef83f984e8a0fcd9fdef4bed0aaa17c9fabdbf4de9db43c85e,12679022,1693272514000000000,300
TT/ts-train-service_cpu/3,TT,ts-train-service,cpu,3,300,300,burst,0.5,1,0.4998782796862321,baro,41,0.024390243902439025,0.0,0.5797101449275363,0,0,0,70,517.2222999972291,192-168-93-129-9100|192-168-45-158-9100|ts-admin-travel-service|ts-security-service|ts-consign-service,192-168-93-129-9100_node-memory-inactive-bytes,0.5,22,22,0.5095454545454545,0.4904545454545455,22,22,22,0.4998513111651798,baseline-v2-20260723,cd270e7871bd358937d83d9a49829637fa80007d2964084ef229f578e3733bd3,ba75425861a059dafcc477474fc3e4ed1eafdc2b47d6fdd0557337035d29a960,1439127ce16610ef83f984e8a0fcd9fdef4bed0aaa17c9fabdbf4de9db43c85e,12679022,1693272514000000000,300
TT/ts-train-service_cpu/3,TT,ts-train-service,cpu,3,300,300,burst,0.5,1,0.4998782796862321,median_shift,21,0.047619047619047616,0.0,0.2898550724637681,0,0,0,70,152.61180000379682,192-168-51-251-9100|ts-assurance-mongo|ts-auth-mongo|ts-config-mongo|ts-consign-mongo,192-168-51-251-9100_node-memory-active-bytes,0.5,22,22,0.5095454545454545,0.4904545454545455,22,22,22,0.4998513111651798,baseline-v2-20260723,cd270e7871bd358937d83d9a49829637fa80007d2964084ef229f578e3733bd3,ba75425861a059dafcc477474fc3e4ed1eafdc2b47d6fdd0557337035d29a960,1439127ce16610ef83f984e8a0fcd9fdef4bed0aaa17c9fabdbf4de9db43c85e,12679022,1693272514000000000,300
TT/ts-train-service_cpu/3,TT,ts-train-service,cpu,3,300,300,burst,0.5,1,0.4998782796862321,nsigma,4,0.25,0.4,0.043478260869565216,0,0,1,70,434.0764000080526,ts-consign-price-service|ts-user-service|ts-train-mongo|ts-train-service|ts-travel2-service,ts-consign-price-service_istio-latency-95,0.5,22,22,0.5095454545454545,0.4904545454545455,22,22,22,0.4998513111651798,baseline-v2-20260723,cd270e7871bd358937d83d9a49829637fa80007d2964084ef229f578e3733bd3,ba75425861a059dafcc477474fc3e4ed1eafdc2b47d6fdd0557337035d29a960,1439127ce16610ef83f984e8a0fcd9fdef4bed0aaa17c9fabdbf4de9db43c85e,12679022,1693272514000000000,300
TT/ts-train-service_cpu/3,TT,ts-train-service,cpu,3,300,300,burst,0.5,2,0.49985799296727074,baro,5,0.2,0.2,0.057971014492753624,0,0,1,70,515.5331999994814,192-168-45-158-9100|192-168-51-251-9100|192-168-76-138-9100|ts-admin-travel-service|ts-train-service,192-168-45-158-9100_node-memory-inactive-bytes,0.5,22,22,0.5906060606060606,0.4093939393939394,22,22,20,0.4998715869153825,baseline-v2-20260723,cd270e7871bd358937d83d9a49829637fa80007d2964084ef229f578e3733bd3,ba75425861a059dafcc477474fc3e4ed1eafdc2b47d6fdd0557337035d29a960,1439127ce16610ef83f984e8a0fcd9fdef4bed0aaa17c9fabdbf4de9db43c85e,12679022,1693272514000000000,300
TT/ts-train-service_cpu/3,TT,ts-train-service,cpu,3,300,300,burst,0.5,2,0.49985799296727074,median_shift,22,0.045454545454545456,0.0,0.30434782608695654,0,0,0,70,153.1904999865219,192-168-51-251-9100|ts-admin-basic-info-service|ts-assurance-mongo|ts-basic-service|ts-config-mongo,192-168-51-251-9100_node-memory-active-bytes,0.5,22,22,0.5906060606060606,0.4093939393939394,22,22,20,0.4998715869153825,baseline-v2-20260723,cd270e7871bd358937d83d9a49829637fa80007d2964084ef229f578e3733bd3,ba75425861a059dafcc477474fc3e4ed1eafdc2b47d6fdd0557337035d29a960,1439127ce16610ef83f984e8a0fcd9fdef4bed0aaa17c9fabdbf4de9db43c85e,12679022,1693272514000000000,300
TT/ts-train-service_cpu/3,TT,ts-train-service,cpu,3,300,300,burst,0.5,2,0.49985799296727074,nsigma,3,0.3333333333333333,0.6,0.028985507246376812,0,1,1,70,453.53669999167323,ts-seat-service|ts-user-service|ts-train-service|192-168-51-251-9100|ts-route-plan-service,ts-seat-service_istio-latency-90,0.5,22,22,0.5906060606060606,0.4093939393939394,22,22,20,0.4998715869153825,baseline-v2-20260723,cd270e7871bd358937d83d9a49829637fa80007d2964084ef229f578e3733bd3,ba75425861a059dafcc477474fc3e4ed1eafdc2b47d6fdd0557337035d29a960,1439127ce16610ef83f984e8a0fcd9fdef4bed0aaa17c9fabdbf4de9db43c85e,12679022,1693272514000000000,300
TT/ts-train-service_cpu/3,TT,ts-train-service,cpu,3,300,300,burst,0.5,3,0.4999256153638085,baro,35,0.02857142857142857,0.0,0.4927536231884058,0,0,0,70,548.0462000123225,192-168-45-158-9100|192-168-51-251-9100|192-168-93-129-9100|192-168-76-138-9100|ts-admin-travel-service,192-168-45-158-9100_node-memory-inactive-bytes,0.5,22,22,0.5125757575757576,0.4874242424242424,22,22,22,0.49980400108137335,baseline-v2-20260723,cd270e7871bd358937d83d9a49829637fa80007d2964084ef229f578e3733bd3,ba75425861a059dafcc477474fc3e4ed1eafdc2b47d6fdd0557337035d29a960,1439127ce16610ef83f984e8a0fcd9fdef4bed0aaa17c9fabdbf4de9db43c85e,12679022,1693272514000000000,300
TT/ts-train-service_cpu/3,TT,ts-train-service,cpu,3,300,300,burst,0.5,3,0.4999256153638085,median_shift,26,0.038461538461538464,0.0,0.36231884057971014,0,0,0,70,152.98239997355267,192-168-51-251-9100|192-168-93-129-9100|ts-admin-travel-service|ts-admin-user-service|ts-assurance-mongo,192-168-51-251-9100_node-memory-active-bytes,0.5,22,22,0.5125757575757576,0.4874242424242424,22,22,22,0.49980400108137335,baseline-v2-20260723,cd270e7871bd358937d83d9a49829637fa80007d2964084ef229f578e3733bd3,ba75425861a059dafcc477474fc3e4ed1eafdc2b47d6fdd0557337035d29a960,1439127ce16610ef83f984e8a0fcd9fdef4bed0aaa17c9fabdbf4de9db43c85e,12679022,1693272514000000000,300
TT/ts-train-service_cpu/3,TT,ts-train-service,cpu,3,300,300,burst,0.5,3,0.4999256153638085,nsigma,2,0.5,0.8,0.014492753623188406,0,1,1,70,429.07889996422455,ts-user-service|ts-train-service|ts-admin-travel-service|ts-food-map-service|ts-train-mongo,ts-user-service_container-memory-usage-bytes,0.5,22,22,0.5125757575757576,0.4874242424242424,22,22,22,0.49980400108137335,baseline-v2-20260723,cd270e7871bd358937d83d9a49829637fa80007d2964084ef229f578e3733bd3,ba75425861a059dafcc477474fc3e4ed1eafdc2b47d6fdd0557337035d29a960,1439127ce16610ef83f984e8a0fcd9fdef4bed0aaa17c9fabdbf4de9db43c85e,12679022,1693272514000000000,300
TT/ts-train-service_cpu/3,TT,ts-train-service,cpu,3,300,300,burst,0.5,4,0.4998201244252096,baro,37,0.02702702702702703,0.0,0.5217391304347826,0,0,0,70,522.514299955219,ts-admin-travel-service|ts-contacts-service|ts-security-service|ts-consign-service|ts-order-service,ts-admin-travel-service_container-memory-usage-bytes,0.5,22,22,0.4807575757575758,0.5192424242424243,22,22,22,0.4999094349824277,baseline-v2-20260723,cd270e7871bd358937d83d9a49829637fa80007d2964084ef229f578e3733bd3,ba75425861a059dafcc477474fc3e4ed1eafdc2b47d6fdd0557337035d29a960,1439127ce16610ef83f984e8a0fcd9fdef4bed0aaa17c9fabdbf4de9db43c85e,12679022,1693272514000000000,300
TT/ts-train-service_cpu/3,TT,ts-train-service,cpu,3,300,300,burst,0.5,4,0.4998201244252096,median_shift,24,0.041666666666666664,0.0,0.3333333333333333,0,0,0,70,148.67010002490133,ts-admin-travel-service|ts-assurance-mongo|ts-config-mongo|ts-config-service|ts-consign-mongo,ts-admin-travel-service_container-cpu-system-seconds-total,0.5,22,22,0.4807575757575758,0.5192424242424243,22,22,22,0.4999094349824277,baseline-v2-20260723,cd270e7871bd358937d83d9a49829637fa80007d2964084ef229f578e3733bd3,ba75425861a059dafcc477474fc3e4ed1eafdc2b47d6fdd0557337035d29a960,1439127ce16610ef83f984e8a0fcd9fdef4bed0aaa17c9fabdbf4de9db43c85e,12679022,1693272514000000000,300
TT/ts-train-service_cpu/3,TT,ts-train-service,cpu,3,300,300,burst,0.5,4,0.4998201244252096,nsigma,3,0.3333333333333333,0.6,0.028985507246376812,0,1,1,70,423.9502999698743,ts-contacts-service|ts-order-other-service|ts-train-service|ts-user-service|ts-admin-travel-service,ts-contacts-service_istio-bytes-99,0.5,22,22,0.4807575757575758,0.5192424242424243,22,22,22,0.4999094349824277,baseline-v2-20260723,cd270e7871bd358937d83d9a49829637fa80007d2964084ef229f578e3733bd3,ba75425861a059dafcc477474fc3e4ed1eafdc2b47d6fdd0557337035d29a960,1439127ce16610ef83f984e8a0fcd9fdef4bed0aaa17c9fabdbf4de9db43c85e,12679022,1693272514000000000,300
TT/ts-train-service_cpu/3,TT,ts-train-service,cpu,3,300,300,burst,0.5,5,0.4998336489045172,baro,3,0.3333333333333333,0.6,0.028985507246376812,0,1,1,70,528.0355999711901,192-168-45-158-9100|ts-admin-travel-service|ts-train-service|ts-order-service|ts-user-service,192-168-45-158-9100_node-memory-inactive-bytes,0.5,22,22,0.4077272727272727,0.5922727272727273,22,22,22,0.49989591781562587,baseline-v2-20260723,cd270e7871bd358937d83d9a49829637fa80007d2964084ef229f578e3733bd3,ba75425861a059dafcc477474fc3e4ed1eafdc2b47d6fdd0557337035d29a960,1439127ce16610ef83f984e8a0fcd9fdef4bed0aaa17c9fabdbf4de9db43c85e,12679022,1693272514000000000,300
TT/ts-train-service_cpu/3,TT,ts-train-service,cpu,3,300,300,burst,0.5,5,0.4998336489045172,median_shift,19,0.05263157894736842,0.0,0.2608695652173913,0,0,0,70,153.04920001653954,192-168-51-251-9100|ts-assurance-mongo|ts-config-mongo|ts-consign-mongo|ts-consign-price-mongo,192-168-51-251-9100_node-memory-active-bytes,0.5,22,22,0.4077272727272727,0.5922727272727273,22,22,22,0.49989591781562587,baseline-v2-20260723,cd270e7871bd358937d83d9a49829637fa80007d2964084ef229f578e3733bd3,ba75425861a059dafcc477474fc3e4ed1eafdc2b47d6fdd0557337035d29a960,1439127ce16610ef83f984e8a0fcd9fdef4bed0aaa17c9fabdbf4de9db43c85e,12679022,1693272514000000000,300
TT/ts-train-service_cpu/3,TT,ts-train-service,cpu,3,300,300,burst,0.5,5,0.4998336489045172,nsigma,8,0.125,0.0,0.10144927536231885,0,0,0,70,466.34990000166,ts-seat-service|ts-user-service|ts-admin-travel-service|ts-consign-price-mongo|ts-order-other-service,ts-seat-service_istio-latency-95,0.5,22,22,0.4077272727272727,0.5922727272727273,22,22,22,0.49989591781562587,baseline-v2-20260723,cd270e7871bd358937d83d9a49829637fa80007d2964084ef229f578e3733bd3,ba75425861a059dafcc477474fc3e4ed1eafdc2b47d6fdd0557337035d29a960,1439127ce16610ef83f984e8a0fcd9fdef4bed0aaa17c9fabdbf4de9db43c85e,12679022,1693272514000000000,300
TT/ts-train-service_cpu/3,TT,ts-train-service,cpu,3,300,300,burst,0.5,6,0.49992967270760075,baro,3,0.3333333333333333,0.6,0.028985507246376812,0,1,1,70,545.1847999938764,192-168-51-251-9100|ts-admin-travel-service|ts-train-service|ts-travel-service|ts-order-service,192-168-51-251-9100_node-memory-inactive-bytes,0.5,22,22,0.4172727272727273,0.5827272727272728,22,22,22,0.4997999459313328,baseline-v2-20260723,cd270e7871bd358937d83d9a49829637fa80007d2964084ef229f578e3733bd3,ba75425861a059dafcc477474fc3e4ed1eafdc2b47d6fdd0557337035d29a960,1439127ce16610ef83f984e8a0fcd9fdef4bed0aaa17c9fabdbf4de9db43c85e,12679022,1693272514000000000,300
TT/ts-train-service_cpu/3,TT,ts-train-service,cpu,3,300,300,burst,0.5,6,0.49992967270760075,median_shift,26,0.038461538461538464,0.0,0.36231884057971014,0,0,0,70,147.3464000155218,192-168-29-237-9100|192-168-51-251-9100|ts-admin-order-service|ts-admin-travel-service|ts-assurance-mongo,192-168-29-237-9100_node-memory-active-bytes,0.5,22,22,0.4172727272727273,0.5827272727272728,22,22,22,0.4997999459313328,baseline-v2-20260723,cd270e7871bd358937d83d9a49829637fa80007d2964084ef229f578e3733bd3,ba75425861a059dafcc477474fc3e4ed1eafdc2b47d6fdd0557337035d29a960,1439127ce16610ef83f984e8a0fcd9fdef4bed0aaa17c9fabdbf4de9db43c85e,12679022,1693272514000000000,300
TT/ts-train-service_cpu/3,TT,ts-train-service,cpu,3,300,300,burst,0.5,6,0.49992967270760075,nsigma,2,0.5,0.8,0.014492753623188406,0,1,1,70,415.1234000455588,ts-inside-payment-service|ts-train-service|ts-seat-service|ts-order-service|ts-user-service,ts-inside-payment-service_istio-latency-50,0.5,22,22,0.4172727272727273,0.5827272727272728,22,22,22,0.4997999459313328,baseline-v2-20260723,cd270e7871bd358937d83d9a49829637fa80007d2964084ef229f578e3733bd3,ba75425861a059dafcc477474fc3e4ed1eafdc2b47d6fdd0557337035d29a960,1439127ce16610ef83f984e8a0fcd9fdef4bed0aaa17c9fabdbf4de9db43c85e,12679022,1693272514000000000,300
TT/ts-train-service_cpu/3,TT,ts-train-service,cpu,3,300,300,burst,0.5,7,0.4998661076548553,baro,5,0.2,0.2,0.057971014492753624,0,0,1,70,508.27900000149384,192-168-45-158-9100|192-168-29-237-9100|192-168-76-138-9100|ts-admin-travel-service|ts-train-service,192-168-45-158-9100_node-memory-inactive-bytes,0.5,22,22,0.45515151515151514,0.5448484848484848,22,22,20,0.49986347661530145,baseline-v2-20260723,cd270e7871bd358937d83d9a49829637fa80007d2964084ef229f578e3733bd3,ba75425861a059dafcc477474fc3e4ed1eafdc2b47d6fdd0557337035d29a960,1439127ce16610ef83f984e8a0fcd9fdef4bed0aaa17c9fabdbf4de9db43c85e,12679022,1693272514000000000,300
TT/ts-train-service_cpu/3,TT,ts-train-service,cpu,3,300,300,burst,0.5,7,0.4998661076548553,median_shift,24,0.041666666666666664,0.0,0.3333333333333333,0,0,0,70,150.20629996433854,192-168-29-237-9100|192-168-51-251-9100|ts-admin-basic-info-service|ts-assurance-mongo|ts-basic-service,192-168-29-237-9100_node-memory-active-bytes,0.5,22,22,0.45515151515151514,0.5448484848484848,22,22,20,0.49986347661530145,baseline-v2-20260723,cd270e7871bd358937d83d9a49829637fa80007d2964084ef229f578e3733bd3,ba75425861a059dafcc477474fc3e4ed1eafdc2b47d6fdd0557337035d29a960,1439127ce16610ef83f984e8a0fcd9fdef4bed0aaa17c9fabdbf4de9db43c85e,12679022,1693272514000000000,300
TT/ts-train-service_cpu/3,TT,ts-train-service,cpu,3,300,300,burst,0.5,7,0.4998661076548553,nsigma,3,0.3333333333333333,0.6,0.028985507246376812,0,1,1,70,420.4005000065081,ts-order-other-service|ts-user-service|ts-train-service|ts-admin-travel-service|ts-travel2-service,ts-order-other-service_istio-latency-90,0.5,22,22,0.45515151515151514,0.5448484848484848,22,22,20,0.49986347661530145,baseline-v2-20260723,cd270e7871bd358937d83d9a49829637fa80007d2964084ef229f578e3733bd3,ba75425861a059dafcc477474fc3e4ed1eafdc2b47d6fdd0557337035d29a960,1439127ce16610ef83f984e8a0fcd9fdef4bed0aaa17c9fabdbf4de9db43c85e,12679022,1693272514000000000,300
TT/ts-train-service_cpu/3,TT,ts-train-service,cpu,3,300,300,burst,0.5,8,0.49984582093589397,baro,3,0.3333333333333333,0.6,0.028985507246376812,0,1,1,70,515.5820000218228,192-168-76-138-9100|ts-admin-travel-service|ts-train-service|ts-travel-service|ts-order-mongo,192-168-76-138-9100_node-memory-active-bytes,0.5,22,22,0.41924242424242425,0.5807575757575758,21,22,20,0.4998837523655042,baseline-v2-20260723,cd270e7871bd358937d83d9a49829637fa80007d2964084ef229f578e3733bd3,ba75425861a059dafcc477474fc3e4ed1eafdc2b47d6fdd0557337035d29a960,1439127ce16610ef83f984e8a0fcd9fdef4bed0aaa17c9fabdbf4de9db43c85e,12679022,1693272514000000000,300
TT/ts-train-service_cpu/3,TT,ts-train-service,cpu,3,300,300,burst,0.5,8,0.49984582093589397,median_shift,22,0.045454545454545456,0.0,0.30434782608695654,0,0,0,70,150.99059999920428,192-168-51-251-9100|ts-assurance-mongo|ts-config-mongo|ts-config-service|ts-consign-mongo,192-168-51-251-9100_node-memory-active-bytes,0.5,22,22,0.41924242424242425,0.5807575757575758,21,22,20,0.4998837523655042,baseline-v2-20260723,cd270e7871bd358937d83d9a49829637fa80007d2964084ef229f578e3733bd3,ba75425861a059dafcc477474fc3e4ed1eafdc2b47d6fdd0557337035d29a960,1439127ce16610ef83f984e8a0fcd9fdef4bed0aaa17c9fabdbf4de9db43c85e,12679022,1693272514000000000,300
TT/ts-train-service_cpu/3,TT,ts-train-service,cpu,3,300,300,burst,0.5,8,0.49984582093589397,nsigma,2,0.5,0.8,0.014492753623188406,0,1,1,70,455.54579998133704,ts-basic-service|ts-train-service|ts-user-service|ts-admin-travel-service|ts,ts-basic-service_istio-latency-99,0.5,22,22,0.41924242424242425,0.5807575757575758,21,22,20,0.4998837523655042,baseline-v2-20260723,cd270e7871bd358937d83d9a49829637fa80007d2964084ef229f578e3733bd3,ba75425861a059dafcc477474fc3e4ed1eafdc2b47d6fdd0557337035d29a960,1439127ce16610ef83f984e8a0fcd9fdef4bed0aaa17c9fabdbf4de9db43c85e,12679022,1693272514000000000,300
TT/ts-train-service_cpu/3,TT,ts-train-service,cpu,3,300,300,burst,0.5,9,0.4998796321341628,baro,35,0.02857142857142857,0.0,0.4927536231884058,0,0,0,70,521.3387000258081,192-168-93-129-9100|192-168-29-237-9100|ts-admin-travel-service|ts-consign-service|192-168-76-138-9100,192-168-93-129-9100_node-memory-inactive-bytes,0.5,22,22,0.49257575757575756,0.5074242424242424,22,22,22,0.4998499594484996,baseline-v2-20260723,cd270e7871bd358937d83d9a49829637fa80007d2964084ef229f578e3733bd3,ba75425861a059dafcc477474fc3e4ed1eafdc2b47d6fdd0557337035d29a960,1439127ce16610ef83f984e8a0fcd9fdef4bed0aaa17c9fabdbf4de9db43c85e,12679022,1693272514000000000,300
TT/ts-train-service_cpu/3,TT,ts-train-service,cpu,3,300,300,burst,0.5,9,0.4998796321341628,median_shift,24,0.041666666666666664,0.0,0.3333333333333333,0,0,0,70,150.31930000986904,192-168-29-237-9100|192-168-51-251-9100|ts-admin-basic-info-service|ts-assurance-mongo|ts-config-mongo,192-168-29-237-9100_node-memory-active-bytes,0.5,22,22,0.49257575757575756,0.5074242424242424,22,22,22,0.4998499594484996,baseline-v2-20260723,cd270e7871bd358937d83d9a49829637fa80007d2964084ef229f578e3733bd3,ba75425861a059dafcc477474fc3e4ed1eafdc2b47d6fdd0557337035d29a960,1439127ce16610ef83f984e8a0fcd9fdef4bed0aaa17c9fabdbf4de9db43c85e,12679022,1693272514000000000,300
TT/ts-train-service_cpu/3,TT,ts-train-service,cpu,3,300,300,burst,0.5,9,0.4998796321341628,nsigma,1,1.0,1.0,0.0,1,1,1,70,448.759599996265,ts-train-service|ts-order-other-service|ts-user-service|ts-consign-mongo|ts,ts-train-service_istio-latency-99,0.5,22,22,0.49257575757575756,0.5074242424242424,22,22,22,0.4998499594484996,baseline-v2-20260723,cd270e7871bd358937d83d9a49829637fa80007d2964084ef229f578e3733bd3,ba75425861a059dafcc477474fc3e4ed1eafdc2b47d6fdd0557337035d29a960,1439127ce16610ef83f984e8a0fcd9fdef4bed0aaa17c9fabdbf4de9db43c85e,12679022,1693272514000000000,300
TT/ts-train-service_cpu/3,TT,ts-train-service,cpu,3,300,300,incident,0.1,0,0.1,baro,14,0.07142857142857142,0.0,0.18840579710144928,0,0,0,70,510.1167000248097,192-168-29-237-9100|ts-order-other-service|ts-food-map-service|ts-security-service|ts-route-service,192-168-29-237-9100_node-memory-active-bytes,0.6904545454545454,22,22,0.9007575757575758,0.48015151515151516,22,22,22,0.8995133819951339,baseline-v2-20260723,cd270e7871bd358937d83d9a49829637fa80007d2964084ef229f578e3733bd3,ba75425861a059dafcc477474fc3e4ed1eafdc2b47d6fdd0557337035d29a960,1439127ce16610ef83f984e8a0fcd9fdef4bed0aaa17c9fabdbf4de9db43c85e,12679022,1693272514000000000,300
TT/ts-train-service_cpu/3,TT,ts-train-service,cpu,3,300,300,incident,0.1,0,0.1,median_shift,20,0.05,0.0,0.2753623188405797,0,0,0,70,152.38200000021607,ts-route-mongo|ts-admin-travel-service|ts-basic-service|ts-train-mongo|ts-food-service,ts-route-mongo_container-memory-usage-bytes,0.6904545454545454,22,22,0.9007575757575758,0.48015151515151516,22,22,22,0.8995133819951339,baseline-v2-20260723,cd270e7871bd358937d83d9a49829637fa80007d2964084ef229f578e3733bd3,ba75425861a059dafcc477474fc3e4ed1eafdc2b47d6fdd0557337035d29a960,1439127ce16610ef83f984e8a0fcd9fdef4bed0aaa17c9fabdbf4de9db43c85e,12679022,1693272514000000000,300
TT/ts-train-service_cpu/3,TT,ts-train-service,cpu,3,300,300,incident,0.1,0,0.1,nsigma,32,0.03125,0.0,0.4492753623188406,0,0,0,70,425.64449994824827,ts-order-other-service|ts-order-service|ts-train-mongo|ts-travel-mongo|ts-order-other-mongo,ts-order-other-service_container-memory-usage-bytes,0.6904545454545454,22,22,0.9007575757575758,0.48015151515151516,22,22,22,0.8995133819951339,baseline-v2-20260723,cd270e7871bd358937d83d9a49829637fa80007d2964084ef229f578e3733bd3,ba75425861a059dafcc477474fc3e4ed1eafdc2b47d6fdd0557337035d29a960,1439127ce16610ef83f984e8a0fcd9fdef4bed0aaa17c9fabdbf4de9db43c85e,12679022,1693272514000000000,300
TT/ts-train-service_cpu/3,TT,ts-train-service,cpu,3,300,300,incident,0.1,1,0.1,baro,19,0.05263157894736842,0.0,0.2608695652173913,0,0,0,70,510.68549999035895,ts-avatar-service|192-168-29-237-9100|ts-order-other-service|ts-food-map-service|ts-contacts-service,ts-avatar-service_container-memory-working-set-bytes,0.6907575757575758,22,22,0.9018181818181819,0.4796969696969697,22,22,22,0.8995133819951339,baseline-v2-20260723,cd270e7871bd358937d83d9a49829637fa80007d2964084ef229f578e3733bd3,ba75425861a059dafcc477474fc3e4ed1eafdc2b47d6fdd0557337035d29a960,1439127ce16610ef83f984e8a0fcd9fdef4bed0aaa17c9fabdbf4de9db43c85e,12679022,1693272514000000000,300
TT/ts-train-service_cpu/3,TT,ts-train-service,cpu,3,300,300,incident,0.1,1,0.1,median_shift,22,0.045454545454545456,0.0,0.30434782608695654,0,0,0,70,152.63600001344457,ts-contacts-mongo|ts-consign-price-mongo|ts-train-mongo|ts-route-mongo|ts-food-service,ts-contacts-mongo_container-memory-working-set-bytes,0.6907575757575758,22,22,0.9018181818181819,0.4796969696969697,22,22,22,0.8995133819951339,baseline-v2-20260723,cd270e7871bd358937d83d9a49829637fa80007d2964084ef229f578e3733bd3,ba75425861a059dafcc477474fc3e4ed1eafdc2b47d6fdd0557337035d29a960,1439127ce16610ef83f984e8a0fcd9fdef4bed0aaa17c9fabdbf4de9db43c85e,12679022,1693272514000000000,300
TT/ts-train-service_cpu/3,TT,ts-train-service,cpu,3,300,300,incident,0.1,1,0.1,nsigma,7,0.14285714285714285,0.0,0.08695652173913043,0,0,0,70,458.86960002826527,ts-order-other-service|ts-order-service|ts-train-mongo|ts-travel-mongo|ts-order-other-mongo,ts-order-other-service_container-memory-usage-bytes,0.6907575757575758,22,22,0.9018181818181819,0.4796969696969697,22,22,22,0.8995133819951339,baseline-v2-20260723,cd270e7871bd358937d83d9a49829637fa80007d2964084ef229f578e3733bd3,ba75425861a059dafcc477474fc3e4ed1eafdc2b47d6fdd0557337035d29a960,1439127ce16610ef83f984e8a0fcd9fdef4bed0aaa17c9fabdbf4de9db43c85e,12679022,1693272514000000000,300
TT/ts-train-service_cpu/3,TT,ts-train-service,cpu,3,300,300,incident,0.1,2,0.1,baro,19,0.05263157894736842,0.0,0.2608695652173913,0,0,0,70,512.8650999977253,192-168-29-237-9100|ts-order-other-service|ts-food-map-service|ts-security-service|ts-route-service,192-168-29-237-9100_node-memory-active-bytes,0.6909090909090909,22,22,0.901060606060606,0.4807575757575758,22,22,22,0.8995133819951339,baseline-v2-20260723,cd270e7871bd358937d83d9a49829637fa80007d2964084ef229f578e3733bd3,ba75425861a059dafcc477474fc3e4ed1eafdc2b47d6fdd0557337035d29a960,1439127ce16610ef83f984e8a0fcd9fdef4bed0aaa17c9fabdbf4de9db43c85e,12679022,1693272514000000000,300
TT/ts-train-service_cpu/3,TT,ts-train-service,cpu,3,300,300,incident,0.1,2,0.1,median_shift,29,0.034482758620689655,0.0,0.4057971014492754,0,0,0,70,156.2009999761358,ts-contacts-mongo|ts-route-mongo|ts-admin-travel-service|ts-train-mongo|ts-food-service,ts-contacts-mongo_container-memory-usage-bytes,0.6909090909090909,22,22,0.901060606060606,0.4807575757575758,22,22,22,0.8995133819951339,baseline-v2-20260723,cd270e7871bd358937d83d9a49829637fa80007d2964084ef229f578e3733bd3,ba75425861a059dafcc477474fc3e4ed1eafdc2b47d6fdd0557337035d29a960,1439127ce16610ef83f984e8a0fcd9fdef4bed0aaa17c9fabdbf4de9db43c85e,12679022,1693272514000000000,300
TT/ts-train-service_cpu/3,TT,ts-train-service,cpu,3,300,300,incident,0.1,2,0.1,nsigma,32,0.03125,0.0,0.4492753623188406,0,0,0,70,451.196699985303,ts-order-other-service|ts-order-service|ts-train-mongo|ts-travel-mongo|ts-order-other-mongo,ts-order-other-service_container-memory-usage-bytes,0.6909090909090909,22,22,0.901060606060606,0.4807575757575758,22,22,22,0.8995133819951339,baseline-v2-20260723,cd270e7871bd358937d83d9a49829637fa80007d2964084ef229f578e3733bd3,ba75425861a059dafcc477474fc3e4ed1eafdc2b47d6fdd0557337035d29a960,1439127ce16610ef83f984e8a0fcd9fdef4bed0aaa17c9fabdbf4de9db43c85e,12679022,1693272514000000000,300
TT/ts-train-service_cpu/3,TT,ts-train-service,cpu,3,300,300,incident,0.1,3,0.1,baro,20,0.05,0.0,0.2753623188405797,0,0,0,70,552.1380000282079,ts-avatar-service|192-168-29-237-9100|ts-order-other-service|ts-food-map-service|ts-security-service,ts-avatar-service_container-memory-working-set-bytes,0.6890151515151515,22,22,0.8977272727272727,0.4803030303030303,22,22,22,0.8995133819951339,baseline-v2-20260723,cd270e7871bd358937d83d9a49829637fa80007d2964084ef229f578e3733bd3,ba75425861a059dafcc477474fc3e4ed1eafdc2b47d6fdd0557337035d29a960,1439127ce16610ef83f984e8a0fcd9fdef4bed0aaa17c9fabdbf4de9db43c85e,12679022,1693272514000000000,300
TT/ts-train-service_cpu/3,TT,ts-train-service,cpu,3,300,300,incident,0.1,3,0.1,median_shift,19,0.05263157894736842,0.0,0.2608695652173913,0,0,0,70,153.76529999775812,ts-route-mongo|ts-admin-travel-service|ts-train-mongo|ts-food-service|ts-basic-service,ts-route-mongo_container-memory-usage-bytes,0.6890151515151515,22,22,0.8977272727272727,0.4803030303030303,22,22,22,0.8995133819951339,baseline-v2-20260723,cd270e7871bd358937d83d9a49829637fa80007d2964084ef229f578e3733bd3,ba75425861a059dafcc477474fc3e4ed1eafdc2b47d6fdd0557337035d29a960,1439127ce16610ef83f984e8a0fcd9fdef4bed0aaa17c9fabdbf4de9db43c85e,12679022,1693272514000000000,300
TT/ts-train-service_cpu/3,TT,ts-train-service,cpu,3,300,300,incident,0.1,3,0.1,nsigma,29,0.034482758620689655,0.0,0.4057971014492754,0,0,0,70,418.40000002412125,ts-order-other-service|ts-order-service|ts-consign-price-mongo|ts-train-mongo|ts-travel-mongo,ts-order-other-service_container-memory-usage-bytes,0.6890151515151515,22,22,0.8977272727272727,0.4803030303030303,22,22,22,0.8995133819951339,baseline-v2-20260723,cd270e7871bd358937d83d9a49829637fa80007d2964084ef229f578e3733bd3,ba75425861a059dafcc477474fc3e4ed1eafdc2b47d6fdd0557337035d29a960,1439127ce16610ef83f984e8a0fcd9fdef4bed0aaa17c9fabdbf4de9db43c85e,12679022,1693272514000000000,300
TT/ts-train-service_cpu/3,TT,ts-train-service,cpu,3,300,300,incident,0.1,4,0.1,baro,14,0.07142857142857142,0.0,0.18840579710144928,0,0,0,70,516.4102000417188,192-168-29-237-9100|ts-order-other-service|ts-food-map-service|ts-security-service|ts-route-service,192-168-29-237-9100_node-memory-active-bytes,0.6929545454545455,22,22,0.9033333333333333,0.4825757575757576,22,22,22,0.8995133819951339,baseline-v2-20260723,cd270e7871bd358937d83d9a49829637fa80007d2964084ef229f578e3733bd3,ba75425861a059dafcc477474fc3e4ed1eafdc2b47d6fdd0557337035d29a960,1439127ce16610ef83f984e8a0fcd9fdef4bed0aaa17c9fabdbf4de9db43c85e,12679022,1693272514000000000,300
TT/ts-train-service_cpu/3,TT,ts-train-service,cpu,3,300,300,incident,0.1,4,0.1,median_shift,17,0.058823529411764705,0.0,0.2318840579710145,0,0,0,70,152.20030001364648,ts-food-map-mongo|ts-contacts-mongo|ts-route-service|ts-route-mongo|ts-contacts-service,ts-food-map-mongo_container-memory-working-set-bytes,0.6929545454545455,22,22,0.9033333333333333,0.4825757575757576,22,22,22,0.8995133819951339,baseline-v2-20260723,cd270e7871bd358937d83d9a49829637fa80007d2964084ef229f578e3733bd3,ba75425861a059dafcc477474fc3e4ed1eafdc2b47d6fdd0557337035d29a960,1439127ce16610ef83f984e8a0fcd9fdef4bed0aaa17c9fabdbf4de9db43c85e,12679022,1693272514000000000,300
TT/ts-train-service_cpu/3,TT,ts-train-service,cpu,3,300,300,incident,0.1,4,0.1,nsigma,29,0.034482758620689655,0.0,0.4057971014492754,0,0,0,70,424.7901999624446,ts-order-service|ts-order-other-service|ts-train-mongo|ts-travel-mongo|ts-execute-service,ts-order-service_container-memory-working-set-bytes,0.6929545454545455,22,22,0.9033333333333333,0.4825757575757576,22,22,22,0.8995133819951339,baseline-v2-20260723,cd270e7871bd358937d83d9a49829637fa80007d2964084ef229f578e3733bd3,ba75425861a059dafcc477474fc3e4ed1eafdc2b47d6fdd0557337035d29a960,1439127ce16610ef83f984e8a0fcd9fdef4bed0aaa17c9fabdbf4de9db43c85e,12679022,1693272514000000000,300
TT/ts-train-service_cpu/3,TT,ts-train-service,cpu,3,300,300,incident,0.1,5,0.1,baro,16,0.0625,0.0,0.21739130434782608,0,0,0,70,505.16409997362643,192-168-29-237-9100|ts-order-other-service|ts-food-map-service|ts-contacts-service|ts-security-service,192-168-29-237-9100_node-memory-active-bytes,0.6901515151515152,22,22,0.8971212121212121,0.48318181818181816,22,22,22,0.8995133819951339,baseline-v2-20260723,cd270e7871bd358937d83d9a49829637fa80007d2964084ef229f578e3733bd3,ba75425861a059dafcc477474fc3e4ed1eafdc2b47d6fdd0557337035d29a960,1439127ce16610ef83f984e8a0fcd9fdef4bed0aaa17c9fabdbf4de9db43c85e,12679022,1693272514000000000,300
TT/ts-train-service_cpu/3,TT,ts-train-service,cpu,3,300,300,incident,0.1,5,0.1,median_shift,14,0.07142857142857142,0.0,0.18840579710144928,0,0,0,70,151.52660000603646,ts-contacts-mongo|ts-consign-price-mongo|ts-route-mongo|ts-admin-travel-service|ts-train-mongo,ts-contacts-mongo_container-memory-working-set-bytes,0.6901515151515152,22,22,0.8971212121212121,0.48318181818181816,22,22,22,0.8995133819951339,baseline-v2-20260723,cd270e7871bd358937d83d9a49829637fa80007d2964084ef229f578e3733bd3,ba75425861a059dafcc477474fc3e4ed1eafdc2b47d6fdd0557337035d29a960,1439127ce16610ef83f984e8a0fcd9fdef4bed0aaa17c9fabdbf4de9db43c85e,12679022,1693272514000000000,300
TT/ts-train-service_cpu/3,TT,ts-train-service,cpu,3,300,300,incident,0.1,5,0.1,nsigma,26,0.038461538461538464,0.0,0.36231884057971014,0,0,0,70,452.88779999827966,ts-order-other-service|ts-order-service|ts-train-mongo|ts-travel-mongo|ts-order-other-mongo,ts-order-other-service_container-memory-usage-bytes,0.6901515151515152,22,22,0.8971212121212121,0.48318181818181816,22,22,22,0.8995133819951339,baseline-v2-20260723,cd270e7871bd358937d83d9a49829637fa80007d2964084ef229f578e3733bd3,ba75425861a059dafcc477474fc3e4ed1eafdc2b47d6fdd0557337035d29a960,1439127ce16610ef83f984e8a0fcd9fdef4bed0aaa17c9fabdbf4de9db43c85e,12679022,1693272514000000000,300
TT/ts-train-service_cpu/3,TT,ts-train-service,cpu,3,300,300,incident,0.1,6,0.1,baro,15,0.06666666666666667,0.0,0.2028985507246377,0,0,0,70,547.0124999992549,ts-avatar-service|192-168-29-237-9100|ts-order-other-service|ts-food-map-service|ts-security-service,ts-avatar-service_container-memory-working-set-bytes,0.6954545454545454,22,22,0.9092424242424243,0.4816666666666667,22,22,22,0.8995133819951339,baseline-v2-20260723,cd270e7871bd358937d83d9a49829637fa80007d2964084ef229f578e3733bd3,ba75425861a059dafcc477474fc3e4ed1eafdc2b47d6fdd0557337035d29a960,1439127ce16610ef83f984e8a0fcd9fdef4bed0aaa17c9fabdbf4de9db43c85e,12679022,1693272514000000000,300
TT/ts-train-service_cpu/3,TT,ts-train-service,cpu,3,300,300,incident,0.1,6,0.1,median_shift,21,0.047619047619047616,0.0,0.2898550724637681,0,0,0,70,154.09490000456572,ts-contacts-mongo|ts-contacts-service|ts-route-mongo|ts-admin-travel-service|ts-train-mongo,ts-contacts-mongo_container-memory-usage-bytes,0.6954545454545454,22,22,0.9092424242424243,0.4816666666666667,22,22,22,0.8995133819951339,baseline-v2-20260723,cd270e7871bd358937d83d9a49829637fa80007d2964084ef229f578e3733bd3,ba75425861a059dafcc477474fc3e4ed1eafdc2b47d6fdd0557337035d29a960,1439127ce16610ef83f984e8a0fcd9fdef4bed0aaa17c9fabdbf4de9db43c85e,12679022,1693272514000000000,300
TT/ts-train-service_cpu/3,TT,ts-train-service,cpu,3,300,300,incident,0.1,6,0.1,nsigma,30,0.03333333333333333,0.0,0.42028985507246375,0,0,0,70,427.8041999787092,ts-order-other-service|ts-order-service|ts-train-mongo|ts-travel-mongo|ts-admin-travel-service,ts-order-other-service_container-memory-usage-bytes,0.6954545454545454,22,22,0.9092424242424243,0.4816666666666667,22,22,22,0.8995133819951339,baseline-v2-20260723,cd270e7871bd358937d83d9a49829637fa80007d2964084ef229f578e3733bd3,ba75425861a059dafcc477474fc3e4ed1eafdc2b47d6fdd0557337035d29a960,1439127ce16610ef83f984e8a0fcd9fdef4bed0aaa17c9fabdbf4de9db43c85e,12679022,1693272514000000000,300
TT/ts-train-service_cpu/3,TT,ts-train-service,cpu,3,300,300,incident,0.1,7,0.1,baro,18,0.05555555555555555,0.0,0.2463768115942029,0,0,0,70,513.9555999776348,192-168-29-237-9100|ts-order-other-service|ts-food-map-service|ts-security-service|ts-route-service,192-168-29-237-9100_node-memory-active-bytes,0.6938636363636363,22,22,0.9040909090909091,0.48363636363636364,22,22,22,0.8995133819951339,baseline-v2-20260723,cd270e7871bd358937d83d9a49829637fa80007d2964084ef229f578e3733bd3,ba75425861a059dafcc477474fc3e4ed1eafdc2b47d6fdd0557337035d29a960,1439127ce16610ef83f984e8a0fcd9fdef4bed0aaa17c9fabdbf4de9db43c85e,12679022,1693272514000000000,300
TT/ts-train-service_cpu/3,TT,ts-train-service,cpu,3,300,300,incident,0.1,7,0.1,median_shift,14,0.07142857142857142,0.0,0.18840579710144928,0,0,0,70,152.53550000488758,ts-route-mongo|ts-admin-travel-service|ts-train-mongo|ts-food-service|ts-basic-service,ts-route-mongo_container-memory-usage-bytes,0.6938636363636363,22,22,0.9040909090909091,0.48363636363636364,22,22,22,0.8995133819951339,baseline-v2-20260723,cd270e7871bd358937d83d9a49829637fa80007d2964084ef229f578e3733bd3,ba75425861a059dafcc477474fc3e4ed1eafdc2b47d6fdd0557337035d29a960,1439127ce16610ef83f984e8a0fcd9fdef4bed0aaa17c9fabdbf4de9db43c85e,12679022,1693272514000000000,300
TT/ts-train-service_cpu/3,TT,ts-train-service,cpu,3,300,300,incident,0.1,7,0.1,nsigma,32,0.03125,0.0,0.4492753623188406,0,0,0,70,418.6149000306614,ts-order-other-service|ts-order-service|ts-train-mongo|ts-travel-mongo|ts-order-other-mongo,ts-order-other-service_container-memory-working-set-bytes,0.6938636363636363,22,22,0.9040909090909091,0.48363636363636364,22,22,22,0.8995133819951339,baseline-v2-20260723,cd270e7871bd358937d83d9a49829637fa80007d2964084ef229f578e3733bd3,ba75425861a059dafcc477474fc3e4ed1eafdc2b47d6fdd0557337035d29a960,1439127ce16610ef83f984e8a0fcd9fdef4bed0aaa17c9fabdbf4de9db43c85e,12679022,1693272514000000000,300
TT/ts-train-service_cpu/3,TT,ts-train-service,cpu,3,300,300,incident,0.1,8,0.1,baro,12,0.08333333333333333,0.0,0.15942028985507245,0,0,0,70,508.6384000023827,192-168-29-237-9100|ts-order-other-service|ts-food-map-service|ts-contacts-service|ts-security-service,192-168-29-237-9100_node-memory-active-bytes,0.6879545454545455,22,22,0.8954545454545455,0.48045454545454547,22,22,22,0.8995133819951339,baseline-v2-20260723,cd270e7871bd358937d83d9a49829637fa80007d2964084ef229f578e3733bd3,ba75425861a059dafcc477474fc3e4ed1eafdc2b47d6fdd0557337035d29a960,1439127ce16610ef83f984e8a0fcd9fdef4bed0aaa17c9fabdbf4de9db43c85e,12679022,1693272514000000000,300
TT/ts-train-service_cpu/3,TT,ts-train-service,cpu,3,300,300,incident,0.1,8,0.1,median_shift,15,0.06666666666666667,0.0,0.2028985507246377,0,0,0,70,153.33549998467788,ts-travel2-mongo|ts-food-map-mongo|ts-contacts-mongo|ts-route-mongo|ts-admin-travel-service,ts-travel2-mongo_container-memory-usage-bytes,0.6879545454545455,22,22,0.8954545454545455,0.48045454545454547,22,22,22,0.8995133819951339,baseline-v2-20260723,cd270e7871bd358937d83d9a49829637fa80007d2964084ef229f578e3733bd3,ba75425861a059dafcc477474fc3e4ed1eafdc2b47d6fdd0557337035d29a960,1439127ce16610ef83f984e8a0fcd9fdef4bed0aaa17c9fabdbf4de9db43c85e,12679022,1693272514000000000,300
TT/ts-train-service_cpu/3,TT,ts-train-service,cpu,3,300,300,incident,0.1,8,0.1,nsigma,26,0.038461538461538464,0.0,0.36231884057971014,0,0,0,70,461.3297000178136,ts-order-service|ts-order-other-service|ts-train-mongo|ts-travel-mongo|ts-admin-travel-service,ts-order-service_container-memory-usage-bytes,0.6879545454545455,22,22,0.8954545454545455,0.48045454545454547,22,22,22,0.8995133819951339,baseline-v2-20260723,cd270e7871bd358937d83d9a49829637fa80007d2964084ef229f578e3733bd3,ba75425861a059dafcc477474fc3e4ed1eafdc2b47d6fdd0557337035d29a960,1439127ce16610ef83f984e8a0fcd9fdef4bed0aaa17c9fabdbf4de9db43c85e,12679022,1693272514000000000,300
TT/ts-train-service_cpu/3,TT,ts-train-service,cpu,3,300,300,incident,0.1,9,0.1,baro,19,0.05263157894736842,0.0,0.2608695652173913,0,0,0,70,535.3077999898233,192-168-29-237-9100|ts-order-other-service|ts-food-map-service|ts-contacts-service|ts-security-service,192-168-29-237-9100_node-memory-active-bytes,0.6937878787878788,22,22,0.9045454545454545,0.48303030303030303,22,22,22,0.8995133819951339,baseline-v2-20260723,cd270e7871bd358937d83d9a49829637fa80007d2964084ef229f578e3733bd3,ba75425861a059dafcc477474fc3e4ed1eafdc2b47d6fdd0557337035d29a960,1439127ce16610ef83f984e8a0fcd9fdef4bed0aaa17c9fabdbf4de9db43c85e,12679022,1693272514000000000,300
TT/ts-train-service_cpu/3,TT,ts-train-service,cpu,3,300,300,incident,0.1,9,0.1,median_shift,18,0.05555555555555555,0.0,0.2463768115942029,0,0,0,70,156.73839999362826,ts-travel2-mongo|ts-contacts-mongo|ts-consign-price-mongo|ts-route-mongo|ts-admin-travel-service,ts-travel2-mongo_container-memory-usage-bytes,0.6937878787878788,22,22,0.9045454545454545,0.48303030303030303,22,22,22,0.8995133819951339,baseline-v2-20260723,cd270e7871bd358937d83d9a49829637fa80007d2964084ef229f578e3733bd3,ba75425861a059dafcc477474fc3e4ed1eafdc2b47d6fdd0557337035d29a960,1439127ce16610ef83f984e8a0fcd9fdef4bed0aaa17c9fabdbf4de9db43c85e,12679022,1693272514000000000,300
TT/ts-train-service_cpu/3,TT,ts-train-service,cpu,3,300,300,incident,0.1,9,0.1,nsigma,9,0.1111111111111111,0.0,0.11594202898550725,0,0,0,70,426.80590000236407,ts-order-service|ts-order-other-service|ts-train-mongo|ts-travel-mongo|ts-admin-travel-service,ts-order-service_container-memory-usage-bytes,0.6937878787878788,22,22,0.9045454545454545,0.48303030303030303,22,22,22,0.8995133819951339,baseline-v2-20260723,cd270e7871bd358937d83d9a49829637fa80007d2964084ef229f578e3733bd3,ba75425861a059dafcc477474fc3e4ed1eafdc2b47d6fdd0557337035d29a960,1439127ce16610ef83f984e8a0fcd9fdef4bed0aaa17c9fabdbf4de9db43c85e,12679022,1693272514000000000,300
TT/ts-train-service_cpu/3,TT,ts-train-service,cpu,3,300,300,incident,0.3,0,0.3,baro,28,0.03571428571428571,0.0,0.391304347826087,0,0,0,70,507.1585000259802,192-168-29-237-9100|ts-order-other-service|ts-food-map-service|ts-security-service|ts-price-service,192-168-29-237-9100_node-memory-active-bytes,0.5481818181818182,22,22,0.6916666666666667,0.4046969696969697,22,22,22,0.6996215193295485,baseline-v2-20260723,cd270e7871bd358937d83d9a49829637fa80007d2964084ef229f578e3733bd3,ba75425861a059dafcc477474fc3e4ed1eafdc2b47d6fdd0557337035d29a960,1439127ce16610ef83f984e8a0fcd9fdef4bed0aaa17c9fabdbf4de9db43c85e,12679022,1693272514000000000,300
TT/ts-train-service_cpu/3,TT,ts-train-service,cpu,3,300,300,incident,0.3,0,0.3,median_shift,50,0.02,0.0,0.7101449275362319,0,0,0,70,153.68909999961033,ts-food-map-mongo|ts-travel2-mongo|ts-inside-payment-mongo|ts-route-service|ts-consign-price-mongo,ts-food-map-mongo_container-memory-working-set-bytes,0.5481818181818182,22,22,0.6916666666666667,0.4046969696969697,22,22,22,0.6996215193295485,baseline-v2-20260723,cd270e7871bd358937d83d9a49829637fa80007d2964084ef229f578e3733bd3,ba75425861a059dafcc477474fc3e4ed1eafdc2b47d6fdd0557337035d29a960,1439127ce16610ef83f984e8a0fcd9fdef4bed0aaa17c9fabdbf4de9db43c85e,12679022,1693272514000000000,300
TT/ts-train-service_cpu/3,TT,ts-train-service,cpu,3,300,300,incident,0.3,0,0.3,nsigma,58,0.017241379310344827,0.0,0.8260869565217391,0,0,0,70,421.5320000075735,ts-basic-service|ts-food-map-service|ts-security-mongo|ts-admin-order-service|ts-execute-service,ts-basic-service_container-memory-rss,0.5481818181818182,22,22,0.6916666666666667,0.4046969696969697,22,22,22,0.6996215193295485,baseline-v2-20260723,cd270e7871bd358937d83d9a49829637fa80007d2964084ef229f578e3733bd3,ba75425861a059dafcc477474fc3e4ed1eafdc2b47d6fdd0557337035d29a960,1439127ce16610ef83f984e8a0fcd9fdef4bed0aaa17c9fabdbf4de9db43c85e,12679022,1693272514000000000,300
TT/ts-train-service_cpu/3,TT,ts-train-service,cpu,3,300,300,incident,0.3,1,0.3,baro,30,0.03333333333333333,0.0,0.42028985507246375,0,0,0,70,507.41990003734827,ts-consign-service|192-168-29-237-9100|ts-order-other-service|ts-food-map-service|ts-security-service,ts-consign-service_istio-latency-99,0.548409090909091,22,22,0.691969696969697,0.40484848484848485,22,22,22,0.6996215193295485,baseline-v2-20260723,cd270e7871bd358937d83d9a49829637fa80007d2964084ef229f578e3733bd3,ba75425861a059dafcc477474fc3e4ed1eafdc2b47d6fdd0557337035d29a960,1439127ce16610ef83f984e8a0fcd9fdef4bed0aaa17c9fabdbf4de9db43c85e,12679022,1693272514000000000,300
TT/ts-train-service_cpu/3,TT,ts-train-service,cpu,3,300,300,incident,0.3,1,0.3,median_shift,39,0.02564102564102564,0.0,0.5507246376811594,0,0,0,70,152.18919998733327,ts-travel2-mongo|ts-payment-mongo|ts-consign-price-mongo|ts-train-mongo|ts-ticket-office-service,ts-travel2-mongo_container-memory-usage-bytes,0.548409090909091,22,22,0.691969696969697,0.40484848484848485,22,22,22,0.6996215193295485,baseline-v2-20260723,cd270e7871bd358937d83d9a49829637fa80007d2964084ef229f578e3733bd3,ba75425861a059dafcc477474fc3e4ed1eafdc2b47d6fdd0557337035d29a960,1439127ce16610ef83f984e8a0fcd9fdef4bed0aaa17c9fabdbf4de9db43c85e,12679022,1693272514000000000,300
TT/ts-train-service_cpu/3,TT,ts-train-service,cpu,3,300,300,incident,0.3,1,0.3,nsigma,61,0.01639344262295082,0.0,0.8695652173913043,0,0,0,70,463.0407000076957,ts-basic-service|ts-notification-service|ts-food-map-service|ts-order-other-service|ts-security-mongo,ts-basic-service_container-memory-rss,0.548409090909091,22,22,0.691969696969697,0.40484848484848485,22,22,22,0.6996215193295485,baseline-v2-20260723,cd270e7871bd358937d83d9a49829637fa80007d2964084ef229f578e3733bd3,ba75425861a059dafcc477474fc3e4ed1eafdc2b47d6fdd0557337035d29a960,1439127ce16610ef83f984e8a0fcd9fdef4bed0aaa17c9fabdbf4de9db43c85e,12679022,1693272514000000000,300
TT/ts-train-service_cpu/3,TT,ts-train-service,cpu,3,300,300,incident,0.3,2,0.3,baro,44,0.022727272727272728,0.0,0.6231884057971014,0,0,0,70,544.409700029064,192-168-29-237-9100|ts-order-other-service|ts-food-map-service|ts-order-service|ts-security-service,192-168-29-237-9100_node-memory-active-bytes,0.5514393939393939,22,22,0.6971212121212121,0.40575757575757576,22,22,22,0.6996215193295485,baseline-v2-20260723,cd270e7871bd358937d83d9a49829637fa80007d2964084ef229f578e3733bd3,ba75425861a059dafcc477474fc3e4ed1eafdc2b47d6fdd0557337035d29a960,1439127ce16610ef83f984e8a0fcd9fdef4bed0aaa17c9fabdbf4de9db43c85e,12679022,1693272514000000000,300
TT/ts-train-service_cpu/3,TT,ts-train-service,cpu,3,300,300,incident,0.3,2,0.3,median_shift,42,0.023809523809523808,0.0,0.5942028985507246,0,0,0,70,156.65590000571683,ts-admin-order-service|ts-food-map-mongo|ts-payment-mongo|ts-travel-mongo|ts-consign-price-mongo,ts-admin-order-service_container-memory-usage-bytes,0.5514393939393939,22,22,0.6971212121212121,0.40575757575757576,22,22,22,0.6996215193295485,baseline-v2-20260723,cd270e7871bd358937d83d9a49829637fa80007d2964084ef229f578e3733bd3,ba75425861a059dafcc477474fc3e4ed1eafdc2b47d6fdd0557337035d29a960,1439127ce16610ef83f984e8a0fcd9fdef4bed0aaa17c9fabdbf4de9db43c85e,12679022,1693272514000000000,300
TT/ts-train-service_cpu/3,TT,ts-train-service,cpu,3,300,300,incident,0.3,2,0.3,nsigma,65,0.015384615384615385,0.0,0.927536231884058,0,0,0,70,417.43919998407364,ts-inside-payment-service|ts-basic-service|ts-order-other-service|ts-food-map-service|192-168-76-138-9100,ts-inside-payment-service_istio-request-total,0.5514393939393939,22,22,0.6971212121212121,0.40575757575757576,22,22,22,0.6996215193295485,baseline-v2-20260723,cd270e7871bd358937d83d9a49829637fa80007d2964084ef229f578e3733bd3,ba75425861a059dafcc477474fc3e4ed1eafdc2b47d6fdd0557337035d29a960,1439127ce16610ef83f984e8a0fcd9fdef4bed0aaa17c9fabdbf4de9db43c85e,12679022,1693272514000000000,300
TT/ts-train-service_cpu/3,TT,ts-train-service,cpu,3,300,300,incident,0.3,3,0.3,baro,36,0.027777777777777776,0.0,0.5072463768115942,0,0,0,70,501.28620001487434,ts-food-map-mongo|ts-avatar-service|192-168-29-237-9100|ts-order-other-service|ts-food-map-service,ts-food-map-mongo_container-memory-cache,0.5567424242424243,22,22,0.708030303030303,0.40545454545454546,22,22,22,0.6996215193295485,baseline-v2-20260723,cd270e7871bd358937d83d9a49829637fa80007d2964084ef229f578e3733bd3,ba75425861a059dafcc477474fc3e4ed1eafdc2b47d6fdd0557337035d29a960,1439127ce16610ef83f984e8a0fcd9fdef4bed0aaa17c9fabdbf4de9db43c85e,12679022,1693272514000000000,300
TT/ts-train-service_cpu/3,TT,ts-train-service,cpu,3,300,300,incident,0.3,3,0.3,median_shift,41,0.024390243902439025,0.0,0.5797101449275363,0,0,0,70,151.00940002594143,ts-consign-price-mongo|ts-payment-mongo|ts-travel-mongo|ts-ticket-office-service|ts-admin-basic-info-service,ts-consign-price-mongo_container-memory-working-set-bytes,0.5567424242424243,22,22,0.708030303030303,0.40545454545454546,22,22,22,0.6996215193295485,baseline-v2-20260723,cd270e7871bd358937d83d9a49829637fa80007d2964084ef229f578e3733bd3,ba75425861a059dafcc477474fc3e4ed1eafdc2b47d6fdd0557337035d29a960,1439127ce16610ef83f984e8a0fcd9fdef4bed0aaa17c9fabdbf4de9db43c85e,12679022,1693272514000000000,300
TT/ts-train-service_cpu/3,TT,ts-train-service,cpu,3,300,300,incident,0.3,3,0.3,nsigma,66,0.015151515151515152,0.0,0.9420289855072463,0,0,0,70,420.1935000019148,ts-inside-payment-service|ts-food-map-service|ts-user-service|ts-ticket-office-mongo|192-168-76-138-9100,ts-inside-payment-service_istio-request-total,0.5567424242424243,22,22,0.708030303030303,0.40545454545454546,22,22,22,0.6996215193295485,baseline-v2-20260723,cd270e7871bd358937d83d9a49829637fa80007d2964084ef229f578e3733bd3,ba75425861a059dafcc477474fc3e4ed1eafdc2b47d6fdd0557337035d29a960,1439127ce16610ef83f984e8a0fcd9fdef4bed0aaa17c9fabdbf4de9db43c85e,12679022,1693272514000000000,300
TT/ts-train-service_cpu/3,TT,ts-train-service,cpu,3,300,300,incident,0.3,4,0.3,baro,21,0.047619047619047616,0.0,0.2898550724637681,0,0,0,70,509.38449997920543,ts-consign-price-service|192-168-29-237-9100|ts-order-other-service|ts-food-map-service|ts-security-service,ts-consign-price-service_istio-latency-99,0.5521212121212121,22,22,0.6983333333333334,0.4059090909090909,22,22,22,0.6996215193295485,baseline-v2-20260723,cd270e7871bd358937d83d9a49829637fa80007d2964084ef229f578e3733bd3,ba75425861a059dafcc477474fc3e4ed1eafdc2b47d6fdd0557337035d29a960,1439127ce16610ef83f984e8a0fcd9fdef4bed0aaa17c9fabdbf4de9db43c85e,12679022,1693272514000000000,300
TT/ts-train-service_cpu/3,TT,ts-train-service,cpu,3,300,300,incident,0.3,4,0.3,median_shift,42,0.023809523809523808,0.0,0.5942028985507246,0,0,0,70,158.130900003016,ts-food-map-mongo|ts-travel2-mongo|ts-payment-mongo|ts-assurance-mongo|ts-travel-mongo,ts-food-map-mongo_container-memory-working-set-bytes,0.5521212121212121,22,22,0.6983333333333334,0.4059090909090909,22,22,22,0.6996215193295485,baseline-v2-20260723,cd270e7871bd358937d83d9a49829637fa80007d2964084ef229f578e3733bd3,ba75425861a059dafcc477474fc3e4ed1eafdc2b47d6fdd0557337035d29a960,1439127ce16610ef83f984e8a0fcd9fdef4bed0aaa17c9fabdbf4de9db43c85e,12679022,1693272514000000000,300
TT/ts-train-service_cpu/3,TT,ts-train-service,cpu,3,300,300,incident,0.3,4,0.3,nsigma,56,0.017857142857142856,0.0,0.7971014492753623,0,0,0,70,452.9371000244282,ts-inside-payment-service|ts-basic-service|ts-order-other-service|ts-food-map-service|192-168-76-138-9100,ts-inside-payment-service_istio-request-total,0.5521212121212121,22,22,0.6983333333333334,0.4059090909090909,22,22,22,0.6996215193295485,baseline-v2-20260723,cd270e7871bd358937d83d9a49829637fa80007d2964084ef229f578e3733bd3,ba75425861a059dafcc477474fc3e4ed1eafdc2b47d6fdd0557337035d29a960,1439127ce16610ef83f984e8a0fcd9fdef4bed0aaa17c9fabdbf4de9db43c85e,12679022,1693272514000000000,300
TT/ts-train-service_cpu/3,TT,ts-train-service,cpu,3,300,300,incident,0.3,5,0.3,baro,31,0.03225806451612903,0.0,0.43478260869565216,0,0,0,70,504.5300999772735,192-168-29-237-9100|ts-order-service|ts-order-other-service|ts-food-map-service|ts-security-service,192-168-29-237-9100_node-memory-active-bytes,0.5464393939393939,22,22,0.6898484848484848,0.403030303030303,22,22,22,0.6996215193295485,baseline-v2-20260723,cd270e7871bd358937d83d9a49829637fa80007d2964084ef229f578e3733bd3,ba75425861a059dafcc477474fc3e4ed1eafdc2b47d6fdd0557337035d29a960,1439127ce16610ef83f984e8a0fcd9fdef4bed0aaa17c9fabdbf4de9db43c85e,12679022,1693272514000000000,300
TT/ts-train-service_cpu/3,TT,ts-train-service,cpu,3,300,300,incident,0.3,5,0.3,median_shift,48,0.020833333333333332,0.0,0.6811594202898551,0,0,0,70,157.1550999651663,ts-admin-order-service|ts-travel-mongo|ts-assurance-mongo|ts-payment-mongo|ts-consign-price-mongo,ts-admin-order-service_container-memory-working-set-bytes,0.5464393939393939,22,22,0.6898484848484848,0.403030303030303,22,22,22,0.6996215193295485,baseline-v2-20260723,cd270e7871bd358937d83d9a49829637fa80007d2964084ef229f578e3733bd3,ba75425861a059dafcc477474fc3e4ed1eafdc2b47d6fdd0557337035d29a960,1439127ce16610ef83f984e8a0fcd9fdef4bed0aaa17c9fabdbf4de9db43c85e,12679022,1693272514000000000,300
TT/ts-train-service_cpu/3,TT,ts-train-service,cpu,3,300,300,incident,0.3,5,0.3,nsigma,61,0.01639344262295082,0.0,0.8695652173913043,0,0,0,70,471.23050002846867,ts-inside-payment-service|ts-basic-service|ts-food-map-service|ts-security-mongo|ts-admin-order-service,ts-inside-payment-service_istio-request-total,0.5464393939393939,22,22,0.6898484848484848,0.403030303030303,22,22,22,0.6996215193295485,baseline-v2-20260723,cd270e7871bd358937d83d9a49829637fa80007d2964084ef229f578e3733bd3,ba75425861a059dafcc477474fc3e4ed1eafdc2b47d6fdd0557337035d29a960,1439127ce16610ef83f984e8a0fcd9fdef4bed0aaa17c9fabdbf4de9db43c85e,12679022,1693272514000000000,300
TT/ts-train-service_cpu/3,TT,ts-train-service,cpu,3,300,300,incident,0.3,6,0.3,baro,29,0.034482758620689655,0.0,0.4057971014492754,0,0,0,70,538.749800005462,192-168-29-237-9100|ts-order-other-service|ts-food-map-service|ts-order-service|ts-security-service,192-168-29-237-9100_node-memory-active-bytes,0.550530303030303,22,22,0.6956060606060606,0.40545454545454546,22,22,22,0.6996215193295485,baseline-v2-20260723,cd270e7871bd358937d83d9a49829637fa80007d2964084ef229f578e3733bd3,ba75425861a059dafcc477474fc3e4ed1eafdc2b47d6fdd0557337035d29a960,1439127ce16610ef83f984e8a0fcd9fdef4bed0aaa17c9fabdbf4de9db43c85e,12679022,1693272514000000000,300
TT/ts-train-service_cpu/3,TT,ts-train-service,cpu,3,300,300,incident,0.3,6,0.3,median_shift,41,0.024390243902439025,0.0,0.5797101449275363,0,0,0,70,154.3748999829404,ts-travel2-mongo|ts-payment-mongo|ts-assurance-mongo|ts-ticket-office-service|ts-ticketinfo-service,ts-travel2-mongo_container-memory-usage-bytes,0.550530303030303,22,22,0.6956060606060606,0.40545454545454546,22,22,22,0.6996215193295485,baseline-v2-20260723,cd270e7871bd358937d83d9a49829637fa80007d2964084ef229f578e3733bd3,ba75425861a059dafcc477474fc3e4ed1eafdc2b47d6fdd0557337035d29a960,1439127ce16610ef83f984e8a0fcd9fdef4bed0aaa17c9fabdbf4de9db43c85e,12679022,1693272514000000000,300
TT/ts-train-service_cpu/3,TT,ts-train-service,cpu,3,300,300,incident,0.3,6,0.3,nsigma,57,0.017543859649122806,0.0,0.8115942028985508,0,0,0,70,424.3430999922566,ts-inside-payment-service|ts-order-other-service|ts-order-service|ts-basic-service|192-168-76-138-9100,ts-inside-payment-service_istio-request-total,0.550530303030303,22,22,0.6956060606060606,0.40545454545454546,22,22,22,0.6996215193295485,baseline-v2-20260723,cd270e7871bd358937d83d9a49829637fa80007d2964084ef229f578e3733bd3,ba75425861a059dafcc477474fc3e4ed1eafdc2b47d6fdd0557337035d29a960,1439127ce16610ef83f984e8a0fcd9fdef4bed0aaa17c9fabdbf4de9db43c85e,12679022,1693272514000000000,300
TT/ts-train-service_cpu/3,TT,ts-train-service,cpu,3,300,300,incident,0.3,7,0.3,baro,30,0.03333333333333333,0.0,0.42028985507246375,0,0,0,70,508.1503000110388,ts-avatar-service|192-168-29-237-9100|ts-order-other-service|ts-food-map-service|ts-security-service,ts-avatar-service_container-memory-working-set-bytes,0.5485606060606061,22,22,0.6937878787878788,0.4033333333333333,22,22,22,0.6996215193295485,baseline-v2-20260723,cd270e7871bd358937d83d9a49829637fa80007d2964084ef229f578e3733bd3,ba75425861a059dafcc477474fc3e4ed1eafdc2b47d6fdd0557337035d29a960,1439127ce16610ef83f984e8a0fcd9fdef4bed0aaa17c9fabdbf4de9db43c85e,12679022,1693272514000000000,300
TT/ts-train-service_cpu/3,TT,ts-train-service,cpu,3,300,300,incident,0.3,7,0.3,median_shift,43,0.023255813953488372,0.0,0.6086956521739131,0,0,0,70,153.69160001864657,ts-food-map-mongo|ts-consign-price-mongo|ts-travel-mongo|ts-assurance-mongo|ts-payment-mongo,ts-food-map-mongo_container-memory-working-set-bytes,0.5485606060606061,22,22,0.6937878787878788,0.4033333333333333,22,22,22,0.6996215193295485,baseline-v2-20260723,cd270e7871bd358937d83d9a49829637fa80007d2964084ef229f578e3733bd3,ba75425861a059dafcc477474fc3e4ed1eafdc2b47d6fdd0557337035d29a960,1439127ce16610ef83f984e8a0fcd9fdef4bed0aaa17c9fabdbf4de9db43c85e,12679022,1693272514000000000,300
TT/ts-train-service_cpu/3,TT,ts-train-service,cpu,3,300,300,incident,0.3,7,0.3,nsigma,39,0.02564102564102564,0.0,0.5507246376811594,0,0,0,70,423.8459000480361,ts-inside-payment-service|ts-basic-service|ts-food-map-service|192-168-76-138-9100|ts-security-mongo,ts-inside-payment-service_istio-request-total,0.5485606060606061,22,22,0.6937878787878788,0.4033333333333333,22,22,22,0.6996215193295485,baseline-v2-20260723,cd270e7871bd358937d83d9a49829637fa80007d2964084ef229f578e3733bd3,ba75425861a059dafcc477474fc3e4ed1eafdc2b47d6fdd0557337035d29a960,1439127ce16610ef83f984e8a0fcd9fdef4bed0aaa17c9fabdbf4de9db43c85e,12679022,1693272514000000000,300
TT/ts-train-service_cpu/3,TT,ts-train-service,cpu,3,300,300,incident,0.3,8,0.3,baro,49,0.02040816326530612,0.0,0.6956521739130435,0,0,0,70,514.82640003087,ts-avatar-service|192-168-29-237-9100|ts-order-other-service|ts-food-map-service|ts-travel2-mongo,ts-avatar-service_container-memory-working-set-bytes,0.5615909090909091,22,22,0.7136363636363636,0.40954545454545455,22,22,22,0.6996215193295485,baseline-v2-20260723,cd270e7871bd358937d83d9a49829637fa80007d2964084ef229f578e3733bd3,ba75425861a059dafcc477474fc3e4ed1eafdc2b47d6fdd0557337035d29a960,1439127ce16610ef83f984e8a0fcd9fdef4bed0aaa17c9fabdbf4de9db43c85e,12679022,1693272514000000000,300
TT/ts-train-service_cpu/3,TT,ts-train-service,cpu,3,300,300,incident,0.3,8,0.3,median_shift,47,0.02127659574468085,0.0,0.6666666666666666,0,0,0,70,152.21259999088943,ts-consign-price-mongo|ts-route-service|ts-ticket-office-service|ts-travel-service|ts-travel-mongo,ts-consign-price-mongo_container-memory-usage-bytes,0.5615909090909091,22,22,0.7136363636363636,0.40954545454545455,22,22,22,0.6996215193295485,baseline-v2-20260723,cd270e7871bd358937d83d9a49829637fa80007d2964084ef229f578e3733bd3,ba75425861a059dafcc477474fc3e4ed1eafdc2b47d6fdd0557337035d29a960,1439127ce16610ef83f984e8a0fcd9fdef4bed0aaa17c9fabdbf4de9db43c85e,12679022,1693272514000000000,300
TT/ts-train-service_cpu/3,TT,ts-train-service,cpu,3,300,300,incident,0.3,8,0.3,nsigma,66,0.015151515151515152,0.0,0.9420289855072463,0,0,0,70,455.7588999741711,ts-inside-payment-service|ts-order-other-service|ts-basic-service|ts-food-map-service|ts-user-service,ts-inside-payment-service_istio-request-total,0.5615909090909091,22,22,0.7136363636363636,0.40954545454545455,22,22,22,0.6996215193295485,baseline-v2-20260723,cd270e7871bd358937d83d9a49829637fa80007d2964084ef229f578e3733bd3,ba75425861a059dafcc477474fc3e4ed1eafdc2b47d6fdd0557337035d29a960,1439127ce16610ef83f984e8a0fcd9fdef4bed0aaa17c9fabdbf4de9db43c85e,12679022,1693272514000000000,300
TT/ts-train-service_cpu/3,TT,ts-train-service,cpu,3,300,300,incident,0.3,9,0.3,baro,56,0.017857142857142856,0.0,0.7971014492753623,0,0,0,70,552.2829999681562,ts-contacts-service|192-168-29-237-9100|ts-order-other-service|ts-food-map-service|ts-security-service,ts-contacts-service_istio-bytes-99,0.5556060606060607,22,22,0.7066666666666667,0.40454545454545454,22,22,22,0.6996215193295485,baseline-v2-20260723,cd270e7871bd358937d83d9a49829637fa80007d2964084ef229f578e3733bd3,ba75425861a059dafcc477474fc3e4ed1eafdc2b47d6fdd0557337035d29a960,1439127ce16610ef83f984e8a0fcd9fdef4bed0aaa17c9fabdbf4de9db43c85e,12679022,1693272514000000000,300
TT/ts-train-service_cpu/3,TT,ts-train-service,cpu,3,300,300,incident,0.3,9,0.3,median_shift,48,0.020833333333333332,0.0,0.6811594202898551,0,0,0,70,155.02340003149584,ts-food-service|ts-payment-mongo|ts-consign-price-mongo|ts-ticket-office-service|ts-travel-mongo,ts-food-service_container-memory-working-set-bytes,0.5556060606060607,22,22,0.7066666666666667,0.40454545454545454,22,22,22,0.6996215193295485,baseline-v2-20260723,cd270e7871bd358937d83d9a49829637fa80007d2964084ef229f578e3733bd3,ba75425861a059dafcc477474fc3e4ed1eafdc2b47d6fdd0557337035d29a960,1439127ce16610ef83f984e8a0fcd9fdef4bed0aaa17c9fabdbf4de9db43c85e,12679022,1693272514000000000,300
TT/ts-train-service_cpu/3,TT,ts-train-service,cpu,3,300,300,incident,0.3,9,0.3,nsigma,66,0.015151515151515152,0.0,0.9420289855072463,0,0,0,70,424.67340000439435,ts-inside-payment-service|ts-order-other-service|ts-basic-service|ts-food-map-service|ts-user-service,ts-inside-payment-service_istio-request-total,0.5556060606060607,22,22,0.7066666666666667,0.40454545454545454,22,22,22,0.6996215193295485,baseline-v2-20260723,cd270e7871bd358937d83d9a49829637fa80007d2964084ef229f578e3733bd3,ba75425861a059dafcc477474fc3e4ed1eafdc2b47d6fdd0557337035d29a960,1439127ce16610ef83f984e8a0fcd9fdef4bed0aaa17c9fabdbf4de9db43c85e,12679022,1693272514000000000,300
TT/ts-train-service_cpu/3,TT,ts-train-service,cpu,3,300,300,incident,0.5,0,0.5,baro,61,0.01639344262295082,0.0,0.8695652173913043,0,0,0,70,503.32620000699535,192-168-29-237-9100|ts-order-service|ts-order-other-service|ts-food-map-service|ts-security-service,192-168-29-237-9100_node-memory-active-bytes,0.4099242424242424,22,22,0.5046969696969696,0.3151515151515151,22,22,20,0.49972965666396324,baseline-v2-20260723,cd270e7871bd358937d83d9a49829637fa80007d2964084ef229f578e3733bd3,ba75425861a059dafcc477474fc3e4ed1eafdc2b47d6fdd0557337035d29a960,1439127ce16610ef83f984e8a0fcd9fdef4bed0aaa17c9fabdbf4de9db43c85e,12679022,1693272514000000000,300
TT/ts-train-service_cpu/3,TT,ts-train-service,cpu,3,300,300,incident,0.5,0,0.5,median_shift,51,0.0196078431372549,0.0,0.7246376811594203,0,0,0,70,152.143299987074,ts-food-map-mongo|ts-admin-order-service|ts-auth-mongo|ts-inside-payment-service|ts-admin-user-service,ts-food-map-mongo_container-memory-working-set-bytes,0.4099242424242424,22,22,0.5046969696969696,0.3151515151515151,22,22,20,0.49972965666396324,baseline-v2-20260723,cd270e7871bd358937d83d9a49829637fa80007d2964084ef229f578e3733bd3,ba75425861a059dafcc477474fc3e4ed1eafdc2b47d6fdd0557337035d29a960,1439127ce16610ef83f984e8a0fcd9fdef4bed0aaa17c9fabdbf4de9db43c85e,12679022,1693272514000000000,300
TT/ts-train-service_cpu/3,TT,ts-train-service,cpu,3,300,300,incident,0.5,0,0.5,nsigma,64,0.015625,0.0,0.9130434782608695,0,0,0,70,422.6751999813132,ts-order-other-service|ts-food-map-service|192-168-76-138-9100|ts-food-map-mongo|ts-execute-service,ts-order-other-service_istio-latency-50,0.4099242424242424,22,22,0.5046969696969696,0.3151515151515151,22,22,20,0.49972965666396324,baseline-v2-20260723,cd270e7871bd358937d83d9a49829637fa80007d2964084ef229f578e3733bd3,ba75425861a059dafcc477474fc3e4ed1eafdc2b47d6fdd0557337035d29a960,1439127ce16610ef83f984e8a0fcd9fdef4bed0aaa17c9fabdbf4de9db43c85e,12679022,1693272514000000000,300
TT/ts-train-service_cpu/3,TT,ts-train-service,cpu,3,300,300,incident,0.5,1,0.5,baro,40,0.025,0.0,0.5652173913043478,0,0,0,70,494.377400027588,ts-avatar-service|ts-consign-price-service|192-168-29-237-9100|ts-order-other-service|ts-food-map-service,ts-avatar-service_container-memory-working-set-bytes,0.4078030303030303,22,22,0.49757575757575756,0.31803030303030305,22,22,20,0.49972965666396324,baseline-v2-20260723,cd270e7871bd358937d83d9a49829637fa80007d2964084ef229f578e3733bd3,ba75425861a059dafcc477474fc3e4ed1eafdc2b47d6fdd0557337035d29a960,1439127ce16610ef83f984e8a0fcd9fdef4bed0aaa17c9fabdbf4de9db43c85e,12679022,1693272514000000000,300
TT/ts-train-service_cpu/3,TT,ts-train-service,cpu,3,300,300,incident,0.5,1,0.5,median_shift,35,0.02857142857142857,0.0,0.4927536231884058,0,0,0,70,151.99449995998293,ts-seat-service|ts-inside-payment-service|ts-admin-order-service|ts-admin-user-service|ts-auth-mongo,ts-seat-service_container-memory-working-set-bytes,0.4078030303030303,22,22,0.49757575757575756,0.31803030303030305,22,22,20,0.49972965666396324,baseline-v2-20260723,cd270e7871bd358937d83d9a49829637fa80007d2964084ef229f578e3733bd3,ba75425861a059dafcc477474fc3e4ed1eafdc2b47d6fdd0557337035d29a960,1439127ce16610ef83f984e8a0fcd9fdef4bed0aaa17c9fabdbf4de9db43c85e,12679022,1693272514000000000,300
TT/ts-train-service_cpu/3,TT,ts-train-service,cpu,3,300,300,incident,0.5,1,0.5,nsigma,65,0.015384615384615385,0.0,0.927536231884058,0,0,0,70,453.7311000167392,ts-notification-service|ts-inside-payment-service|ts-food-map-service|192-168-76-138-9100|ts-order-other-service,ts-notification-service_istio-request-total,0.4078030303030303,22,22,0.49757575757575756,0.31803030303030305,22,22,20,0.49972965666396324,baseline-v2-20260723,cd270e7871bd358937d83d9a49829637fa80007d2964084ef229f578e3733bd3,ba75425861a059dafcc477474fc3e4ed1eafdc2b47d6fdd0557337035d29a960,1439127ce16610ef83f984e8a0fcd9fdef4bed0aaa17c9fabdbf4de9db43c85e,12679022,1693272514000000000,300
TT/ts-train-service_cpu/3,TT,ts-train-service,cpu,3,300,300,incident,0.5,2,0.5,baro,20,0.05,0.0,0.2753623188405797,0,0,0,70,530.313000024762,192-168-29-237-9100|ts-order-other-service|ts-food-map-service|ts-security-service|ts-price-service,192-168-29-237-9100_node-memory-active-bytes,0.3974242424242424,22,22,0.486969696969697,0.30787878787878786,22,22,21,0.49972965666396324,baseline-v2-20260723,cd270e7871bd358937d83d9a49829637fa80007d2964084ef229f578e3733bd3,ba75425861a059dafcc477474fc3e4ed1eafdc2b47d6fdd0557337035d29a960,1439127ce16610ef83f984e8a0fcd9fdef4bed0aaa17c9fabdbf4de9db43c85e,12679022,1693272514000000000,300
TT/ts-train-service_cpu/3,TT,ts-train-service,cpu,3,300,300,incident,0.5,2,0.5,median_shift,20,0.05,0.0,0.2753623188405797,0,0,0,70,154.07769999001175,ts-route-plan-service|ts-price-mongo|ts-seat-service|ts-consign-mongo|ts-food-mongo,ts-route-plan-service_container-memory-working-set-bytes,0.3974242424242424,22,22,0.486969696969697,0.30787878787878786,22,22,21,0.49972965666396324,baseline-v2-20260723,cd270e7871bd358937d83d9a49829637fa80007d2964084ef229f578e3733bd3,ba75425861a059dafcc477474fc3e4ed1eafdc2b47d6fdd0557337035d29a960,1439127ce16610ef83f984e8a0fcd9fdef4bed0aaa17c9fabdbf4de9db43c85e,12679022,1693272514000000000,300
TT/ts-train-service_cpu/3,TT,ts-train-service,cpu,3,300,300,incident,0.5,2,0.5,nsigma,65,0.015384615384615385,0.0,0.927536231884058,0,0,0,70,414.7458000225015,192-168-76-138-9100|ts-food-map-service|ts-order-other-service|ts-execute-service|ts-food-map-mongo,192-168-76-138-9100_node-disk-writes-completed-total,0.3974242424242424,22,22,0.486969696969697,0.30787878787878786,22,22,21,0.49972965666396324,baseline-v2-20260723,cd270e7871bd358937d83d9a49829637fa80007d2964084ef229f578e3733bd3,ba75425861a059dafcc477474fc3e4ed1eafdc2b47d6fdd0557337035d29a960,1439127ce16610ef83f984e8a0fcd9fdef4bed0aaa17c9fabdbf4de9db43c85e,12679022,1693272514000000000,300
TT/ts-train-service_cpu/3,TT,ts-train-service,cpu,3,300,300,incident,0.5,3,0.5,baro,48,0.020833333333333332,0.0,0.6811594202898551,0,0,0,70,526.9542000023648,192-168-29-237-9100|ts-order-other-service|ts-food-map-service|ts-security-service|ts-price-service,192-168-29-237-9100_node-memory-active-bytes,0.4031060606060606,22,22,0.4946969696969697,0.3115151515151515,22,22,22,0.49972965666396324,baseline-v2-20260723,cd270e7871bd358937d83d9a49829637fa80007d2964084ef229f578e3733bd3,ba75425861a059dafcc477474fc3e4ed1eafdc2b47d6fdd0557337035d29a960,1439127ce16610ef83f984e8a0fcd9fdef4bed0aaa17c9fabdbf4de9db43c85e,12679022,1693272514000000000,300
TT/ts-train-service_cpu/3,TT,ts-train-service,cpu,3,300,300,incident,0.5,3,0.5,median_shift,19,0.05263157894736842,0.0,0.2608695652173913,0,0,0,70,149.83619999838993,ts-admin-order-service|ts-config-service|ts-food-map-service|ts-admin-user-service|ts-auth-service,ts-admin-order-service_container-memory-working-set-bytes,0.4031060606060606,22,22,0.4946969696969697,0.3115151515151515,22,22,22,0.49972965666396324,baseline-v2-20260723,cd270e7871bd358937d83d9a49829637fa80007d2964084ef229f578e3733bd3,ba75425861a059dafcc477474fc3e4ed1eafdc2b47d6fdd0557337035d29a960,1439127ce16610ef83f984e8a0fcd9fdef4bed0aaa17c9fabdbf4de9db43c85e,12679022,1693272514000000000,300
TT/ts-train-service_cpu/3,TT,ts-train-service,cpu,3,300,300,incident,0.5,3,0.5,nsigma,66,0.015151515151515152,0.0,0.9420289855072463,0,0,0,70,410.67509999265894,ts-food-map-service|ts-inside-payment-service|192-168-76-138-9100|ts-order-other-service|ts-food-map-mongo,ts-food-map-service_istio-latency-99,0.4031060606060606,22,22,0.4946969696969697,0.3115151515151515,22,22,22,0.49972965666396324,baseline-v2-20260723,cd270e7871bd358937d83d9a49829637fa80007d2964084ef229f578e3733bd3,ba75425861a059dafcc477474fc3e4ed1eafdc2b47d6fdd0557337035d29a960,1439127ce16610ef83f984e8a0fcd9fdef4bed0aaa17c9fabdbf4de9db43c85e,12679022,1693272514000000000,300
TT/ts-train-service_cpu/3,TT,ts-train-service,cpu,3,300,300,incident,0.5,4,0.5,baro,54,0.018518518518518517,0.0,0.7681159420289855,0,0,0,70,489.3199000507593,192-168-29-237-9100|ts-order-other-service|ts-food-map-service|ts-security-service|ts-price-service,192-168-29-237-9100_node-memory-active-bytes,0.4049242424242424,22,22,0.4956060606060606,0.31424242424242427,22,22,20,0.49972965666396324,baseline-v2-20260723,cd270e7871bd358937d83d9a49829637fa80007d2964084ef229f578e3733bd3,ba75425861a059dafcc477474fc3e4ed1eafdc2b47d6fdd0557337035d29a960,1439127ce16610ef83f984e8a0fcd9fdef4bed0aaa17c9fabdbf4de9db43c85e,12679022,1693272514000000000,300
TT/ts-train-service_cpu/3,TT,ts-train-service,cpu,3,300,300,incident,0.5,4,0.5,median_shift,42,0.023809523809523808,0.0,0.5942028985507246,0,0,0,70,153.36840000236407,ts-admin-user-service|ts-food-map-service|ts-ticketinfo-service|ts-food-mongo|ts-admin-order-service,ts-admin-user-service_container-memory-working-set-bytes,0.4049242424242424,22,22,0.4956060606060606,0.31424242424242427,22,22,20,0.49972965666396324,baseline-v2-20260723,cd270e7871bd358937d83d9a49829637fa80007d2964084ef229f578e3733bd3,ba75425861a059dafcc477474fc3e4ed1eafdc2b47d6fdd0557337035d29a960,1439127ce16610ef83f984e8a0fcd9fdef4bed0aaa17c9fabdbf4de9db43c85e,12679022,1693272514000000000,300
TT/ts-train-service_cpu/3,TT,ts-train-service,cpu,3,300,300,incident,0.5,4,0.5,nsigma,67,0.014925373134328358,0.0,0.9565217391304348,0,0,0,70,415.69469997193664,ts-food-map-service|192-168-76-138-9100|ts-order-other-service|ts-food-map-mongo|ts-execute-service,ts-food-map-service_istio-latency-99,0.4049242424242424,22,22,0.4956060606060606,0.31424242424242427,22,22,20,0.49972965666396324,baseline-v2-20260723,cd270e7871bd358937d83d9a49829637fa80007d2964084ef229f578e3733bd3,ba75425861a059dafcc477474fc3e4ed1eafdc2b47d6fdd0557337035d29a960,1439127ce16610ef83f984e8a0fcd9fdef4bed0aaa17c9fabdbf4de9db43c85e,12679022,1693272514000000000,300
TT/ts-train-service_cpu/3,TT,ts-train-service,cpu,3,300,300,incident,0.5,5,0.5,baro,48,0.020833333333333332,0.0,0.6811594202898551,0,0,0,70,491.9751000124961,ts-contacts-service|192-168-29-237-9100|ts-order-other-service|ts-food-map-service|ts-security-service,ts-contacts-service_istio-bytes-95,0.40545454545454546,22,22,0.4959090909090909,0.315,22,22,22,0.49972965666396324,baseline-v2-20260723,cd270e7871bd358937d83d9a49829637fa80007d2964084ef229f578e3733bd3,ba75425861a059dafcc477474fc3e4ed1eafdc2b47d6fdd0557337035d29a960,1439127ce16610ef83f984e8a0fcd9fdef4bed0aaa17c9fabdbf4de9db43c85e,12679022,1693272514000000000,300
TT/ts-train-service_cpu/3,TT,ts-train-service,cpu,3,300,300,incident,0.5,5,0.5,median_shift,30,0.03333333333333333,0.0,0.42028985507246375,0,0,0,70,153.44139997614548,ts-food-map-mongo|ts-seat-service|ts-food-map-service|ts-ticketinfo-service|ts-inside-payment-service,ts-food-map-mongo_container-memory-working-set-bytes,0.40545454545454546,22,22,0.4959090909090909,0.315,22,22,22,0.49972965666396324,baseline-v2-20260723,cd270e7871bd358937d83d9a49829637fa80007d2964084ef229f578e3733bd3,ba75425861a059dafcc477474fc3e4ed1eafdc2b47d6fdd0557337035d29a960,1439127ce16610ef83f984e8a0fcd9fdef4bed0aaa17c9fabdbf4de9db43c85e,12679022,1693272514000000000,300
TT/ts-train-service_cpu/3,TT,ts-train-service,cpu,3,300,300,incident,0.5,5,0.5,nsigma,66,0.015151515151515152,0.0,0.9420289855072463,0,0,0,70,443.7873000279069,ts-order-other-service|ts-food-map-service|ts-execute-service|192-168-76-138-9100|ts-security-service,ts-order-other-service_istio-request-total,0.40545454545454546,22,22,0.4959090909090909,0.315,22,22,22,0.49972965666396324,baseline-v2-20260723,cd270e7871bd358937d83d9a49829637fa80007d2964084ef229f578e3733bd3,ba75425861a059dafcc477474fc3e4ed1eafdc2b47d6fdd0557337035d29a960,1439127ce16610ef83f984e8a0fcd9fdef4bed0aaa17c9fabdbf4de9db43c85e,12679022,1693272514000000000,300
TT/ts-train-service_cpu/3,TT,ts-train-service,cpu,3,300,300,incident,0.5,6,0.5,baro,49,0.02040816326530612,0.0,0.6956521739130435,0,0,0,70,529.6483000274748,192-168-29-237-9100|ts-order-other-service|ts-food-map-service|ts-security-service|ts-price-service,192-168-29-237-9100_node-memory-active-bytes,0.4128787878787879,22,22,0.5089393939393939,0.31681818181818183,22,22,20,0.49972965666396324,baseline-v2-20260723,cd270e7871bd358937d83d9a49829637fa80007d2964084ef229f578e3733bd3,ba75425861a059dafcc477474fc3e4ed1eafdc2b47d6fdd0557337035d29a960,1439127ce16610ef83f984e8a0fcd9fdef4bed0aaa17c9fabdbf4de9db43c85e,12679022,1693272514000000000,300
TT/ts-train-service_cpu/3,TT,ts-train-service,cpu,3,300,300,incident,0.5,6,0.5,median_shift,46,0.021739130434782608,0.0,0.6521739130434783,0,0,0,70,155.07969999453053,ts-route-plan-service|ts-travel-service|ts-seat-service|ts-price-mongo|ts-consign-mongo,ts-route-plan-service_container-memory-usage-bytes,0.4128787878787879,22,22,0.5089393939393939,0.31681818181818183,22,22,20,0.49972965666396324,baseline-v2-20260723,cd270e7871bd358937d83d9a49829637fa80007d2964084ef229f578e3733bd3,ba75425861a059dafcc477474fc3e4ed1eafdc2b47d6fdd0557337035d29a960,1439127ce16610ef83f984e8a0fcd9fdef4bed0aaa17c9fabdbf4de9db43c85e,12679022,1693272514000000000,300
TT/ts-train-service_cpu/3,TT,ts-train-service,cpu,3,300,300,incident,0.5,6,0.5,nsigma,68,0.014705882352941176,0.0,0.9710144927536232,0,0,0,70,409.4498999766074,192-168-76-138-9100|ts-food-map-service|ts-execute-service|ts-inside-payment-service|ts-order-other-service,192-168-76-138-9100_node-disk-writes-completed-total,0.4128787878787879,22,22,0.5089393939393939,0.31681818181818183,22,22,20,0.49972965666396324,baseline-v2-20260723,cd270e7871bd358937d83d9a49829637fa80007d2964084ef229f578e3733bd3,ba75425861a059dafcc477474fc3e4ed1eafdc2b47d6fdd0557337035d29a960,1439127ce16610ef83f984e8a0fcd9fdef4bed0aaa17c9fabdbf4de9db43c85e,12679022,1693272514000000000,300
TT/ts-train-service_cpu/3,TT,ts-train-service,cpu,3,300,300,incident,0.5,7,0.5,baro,61,0.01639344262295082,0.0,0.8695652173913043,0,0,0,70,489.7032000008039,ts-avatar-service|192-168-29-237-9100|ts-order-other-service|ts-food-map-service|ts-security-service,ts-avatar-service_container-memory-usage-bytes,0.4028787878787879,22,22,0.4943939393939394,0.31136363636363634,22,22,19,0.49972965666396324,baseline-v2-20260723,cd270e7871bd358937d83d9a49829637fa80007d2964084ef229f578e3733bd3,ba75425861a059dafcc477474fc3e4ed1eafdc2b47d6fdd0557337035d29a960,1439127ce16610ef83f984e8a0fcd9fdef4bed0aaa17c9fabdbf4de9db43c85e,12679022,1693272514000000000,300
TT/ts-train-service_cpu/3,TT,ts-train-service,cpu,3,300,300,incident,0.5,7,0.5,median_shift,55,0.01818181818181818,0.0,0.782608695652174,0,0,0,70,151.1125999968499,ts-ticketinfo-service|ts-admin-order-service|ts-admin-travel-service|ts-admin-user-service|ts-auth-service,ts-ticketinfo-service_container-memory-usage-bytes,0.4028787878787879,22,22,0.4943939393939394,0.31136363636363634,22,22,19,0.49972965666396324,baseline-v2-20260723,cd270e7871bd358937d83d9a49829637fa80007d2964084ef229f578e3733bd3,ba75425861a059dafcc477474fc3e4ed1eafdc2b47d6fdd0557337035d29a960,1439127ce16610ef83f984e8a0fcd9fdef4bed0aaa17c9fabdbf4de9db43c85e,12679022,1693272514000000000,300
TT/ts-train-service_cpu/3,TT,ts-train-service,cpu,3,300,300,incident,0.5,7,0.5,nsigma,67,0.014925373134328358,0.0,0.9565217391304348,0,0,0,70,416.7473000125028,ts-food-map-service|ts-order-other-service|ts-food-map-mongo|192-168-76-138-9100|ts-admin-route-service,ts-food-map-service_istio-latency-99,0.4028787878787879,22,22,0.4943939393939394,0.31136363636363634,22,22,19,0.49972965666396324,baseline-v2-20260723,cd270e7871bd358937d83d9a49829637fa80007d2964084ef229f578e3733bd3,ba75425861a059dafcc477474fc3e4ed1eafdc2b47d6fdd0557337035d29a960,1439127ce16610ef83f984e8a0fcd9fdef4bed0aaa17c9fabdbf4de9db43c85e,12679022,1693272514000000000,300
TT/ts-train-service_cpu/3,TT,ts-train-service,cpu,3,300,300,incident,0.5,8,0.5,baro,45,0.022222222222222223,0.0,0.6376811594202898,0,0,0,70,488.32939995918423,ts-avatar-service|ts-consign-price-service|192-168-29-237-9100|ts-order-other-service|ts-security-service,ts-avatar-service_container-memory-usage-bytes,0.4062121212121212,22,22,0.49666666666666665,0.31575757575757574,22,22,21,0.49972965666396324,baseline-v2-20260723,cd270e7871bd358937d83d9a49829637fa80007d2964084ef229f578e3733bd3,ba75425861a059dafcc477474fc3e4ed1eafdc2b47d6fdd0557337035d29a960,1439127ce16610ef83f984e8a0fcd9fdef4bed0aaa17c9fabdbf4de9db43c85e,12679022,1693272514000000000,300
TT/ts-train-service_cpu/3,TT,ts-train-service,cpu,3,300,300,incident,0.5,8,0.5,median_shift,41,0.024390243902439025,0.0,0.5797101449275363,0,0,0,70,155.29270004481077,ts-food-map-mongo|ts-admin-basic-info-service|ts-food-map-service|ts-seat-service|ts-config-service,ts-food-map-mongo_container-memory-working-set-bytes,0.4062121212121212,22,22,0.49666666666666665,0.31575757575757574,22,22,21,0.49972965666396324,baseline-v2-20260723,cd270e7871bd358937d83d9a49829637fa80007d2964084ef229f578e3733bd3,ba75425861a059dafcc477474fc3e4ed1eafdc2b47d6fdd0557337035d29a960,1439127ce16610ef83f984e8a0fcd9fdef4bed0aaa17c9fabdbf4de9db43c85e,12679022,1693272514000000000,300
TT/ts-train-service_cpu/3,TT,ts-train-service,cpu,3,300,300,incident,0.5,8,0.5,nsigma,66,0.015151515151515152,0.0,0.9420289855072463,0,0,0,70,450.97349997377023,ts-security-service|ts-food-map-service|ts-order-other-service|192-168-76-138-9100|ts-execute-service,ts-security-service_istio-latency-50,0.4062121212121212,22,22,0.49666666666666665,0.31575757575757574,22,22,21,0.49972965666396324,baseline-v2-20260723,cd270e7871bd358937d83d9a49829637fa80007d2964084ef229f578e3733bd3,ba75425861a059dafcc477474fc3e4ed1eafdc2b47d6fdd0557337035d29a960,1439127ce16610ef83f984e8a0fcd9fdef4bed0aaa17c9fabdbf4de9db43c85e,12679022,1693272514000000000,300
TT/ts-train-service_cpu/3,TT,ts-train-service,cpu,3,300,300,incident,0.5,9,0.5,baro,56,0.017857142857142856,0.0,0.7971014492753623,0,0,0,70,527.1326000220142,ts-consign-service|ts-order-service|ts-order-other-service|ts-food-map-service|ts-security-service,ts-consign-service_istio-latency-99,0.4000757575757576,22,22,0.48772727272727273,0.31242424242424244,22,22,20,0.49972965666396324,baseline-v2-20260723,cd270e7871bd358937d83d9a49829637fa80007d2964084ef229f578e3733bd3,ba75425861a059dafcc477474fc3e4ed1eafdc2b47d6fdd0557337035d29a960,1439127ce16610ef83f984e8a0fcd9fdef4bed0aaa17c9fabdbf4de9db43c85e,12679022,1693272514000000000,300
TT/ts-train-service_cpu/3,TT,ts-train-service,cpu,3,300,300,incident,0.5,9,0.5,median_shift,52,0.019230769230769232,0.0,0.7391304347826086,0,0,0,70,150.86090000113472,ts-route-plan-service|ts-ticketinfo-service|ts-price-mongo|ts-config-service|ts-seat-service,ts-route-plan-service_container-memory-usage-bytes,0.4000757575757576,22,22,0.48772727272727273,0.31242424242424244,22,22,20,0.49972965666396324,baseline-v2-20260723,cd270e7871bd358937d83d9a49829637fa80007d2964084ef229f578e3733bd3,ba75425861a059dafcc477474fc3e4ed1eafdc2b47d6fdd0557337035d29a960,1439127ce16610ef83f984e8a0fcd9fdef4bed0aaa17c9fabdbf4de9db43c85e,12679022,1693272514000000000,300
TT/ts-train-service_cpu/3,TT,ts-train-service,cpu,3,300,300,incident,0.5,9,0.5,nsigma,63,0.015873015873015872,0.0,0.8985507246376812,0,0,0,70,407.0458000060171,ts-order-other-service|ts-food-map-service|192-168-76-138-9100|ts-food-map-mongo|ts-notification-service,ts-order-other-service_istio-latency-50,0.4000757575757576,22,22,0.48772727272727273,0.31242424242424244,22,22,20,0.49972965666396324,baseline-v2-20260723,cd270e7871bd358937d83d9a49829637fa80007d2964084ef229f578e3733bd3,ba75425861a059dafcc477474fc3e4ed1eafdc2b47d6fdd0557337035d29a960,1439127ce16610ef83f984e8a0fcd9fdef4bed0aaa17c9fabdbf4de9db43c85e,12679022,1693272514000000000,300
TT/ts-train-service_cpu/3,TT,ts-train-service,cpu,3,300,300,none,0.0,0,0.0,baro,10,0.1,0.0,0.13043478260869565,0,0,0,70,612.7011000062339,192-168-29-237-9100|ts-travel-service|ts-ticket-office-service|ts-station-mongo|ts-travel2-service,192-168-29-237-9100_node-memory-active-bytes,1.0,22,22,1.0,1.0,22,22,22,0.9994593133279265,baseline-v2-20260723,cd270e7871bd358937d83d9a49829637fa80007d2964084ef229f578e3733bd3,ba75425861a059dafcc477474fc3e4ed1eafdc2b47d6fdd0557337035d29a960,1439127ce16610ef83f984e8a0fcd9fdef4bed0aaa17c9fabdbf4de9db43c85e,12679022,1693272514000000000,300
TT/ts-train-service_cpu/3,TT,ts-train-service,cpu,3,300,300,none,0.0,0,0.0,median_shift,8,0.125,0.0,0.10144927536231885,0,0,0,70,160.97989998525009,ts-assurance-mongo|ts-config-mongo|ts-consign-mongo|ts-inside-payment-mongo|ts-news-service,ts-assurance-mongo_container-memory-cache,1.0,22,22,1.0,1.0,22,22,22,0.9994593133279265,baseline-v2-20260723,cd270e7871bd358937d83d9a49829637fa80007d2964084ef229f578e3733bd3,ba75425861a059dafcc477474fc3e4ed1eafdc2b47d6fdd0557337035d29a960,1439127ce16610ef83f984e8a0fcd9fdef4bed0aaa17c9fabdbf4de9db43c85e,12679022,1693272514000000000,300
TT/ts-train-service_cpu/3,TT,ts-train-service,cpu,3,300,300,none,0.0,0,0.0,nsigma,2,0.5,0.8,0.014492753623188406,0,1,1,70,523.8237999728881,ts-user-service|ts-train-service|ts|ts-admin-travel-service|ts-seat-service,ts-user-service_istio-latency-99,1.0,22,22,1.0,1.0,22,22,22,0.9994593133279265,baseline-v2-20260723,cd270e7871bd358937d83d9a49829637fa80007d2964084ef229f578e3733bd3,ba75425861a059dafcc477474fc3e4ed1eafdc2b47d6fdd0557337035d29a960,1439127ce16610ef83f984e8a0fcd9fdef4bed0aaa17c9fabdbf4de9db43c85e,12679022,1693272514000000000,300
TT/ts-train-service_cpu/3,TT,ts-train-service,cpu,3,300,300,point,0.1,0,0.1,baro,10,0.1,0.0,0.13043478260869565,0,0,0,70,575.9837999939919,192-168-29-237-9100|ts-travel-service|ts-ticket-office-service|ts-station-mongo|ts-travel2-service,192-168-29-237-9100_node-memory-active-bytes,0.9016666666666666,22,22,0.9030303030303031,0.9003030303030303,22,22,22,0.8995133819951339,baseline-v2-20260723,cd270e7871bd358937d83d9a49829637fa80007d2964084ef229f578e3733bd3,ba75425861a059dafcc477474fc3e4ed1eafdc2b47d6fdd0557337035d29a960,1439127ce16610ef83f984e8a0fcd9fdef4bed0aaa17c9fabdbf4de9db43c85e,12679022,1693272514000000000,300
TT/ts-train-service_cpu/3,TT,ts-train-service,cpu,3,300,300,point,0.1,0,0.1,median_shift,9,0.1111111111111111,0.0,0.11594202898550725,0,0,0,70,151.48110000882298,ts-assurance-mongo|ts-config-mongo|ts-consign-mongo|ts-inside-payment-mongo|ts-news-service,ts-assurance-mongo_container-memory-cache,0.9016666666666666,22,22,0.9030303030303031,0.9003030303030303,22,22,22,0.8995133819951339,baseline-v2-20260723,cd270e7871bd358937d83d9a49829637fa80007d2964084ef229f578e3733bd3,ba75425861a059dafcc477474fc3e4ed1eafdc2b47d6fdd0557337035d29a960,1439127ce16610ef83f984e8a0fcd9fdef4bed0aaa17c9fabdbf4de9db43c85e,12679022,1693272514000000000,300
TT/ts-train-service_cpu/3,TT,ts-train-service,cpu,3,300,300,point,0.1,0,0.1,nsigma,2,0.5,0.8,0.014492753623188406,0,1,1,70,454.1194000048563,ts-user-service|ts-train-service|ts|ts-admin-travel-service|ts-seat-service,ts-user-service_istio-latency-99,0.9016666666666666,22,22,0.9030303030303031,0.9003030303030303,22,22,22,0.8995133819951339,baseline-v2-20260723,cd270e7871bd358937d83d9a49829637fa80007d2964084ef229f578e3733bd3,ba75425861a059dafcc477474fc3e4ed1eafdc2b47d6fdd0557337035d29a960,1439127ce16610ef83f984e8a0fcd9fdef4bed0aaa17c9fabdbf4de9db43c85e,12679022,1693272514000000000,300
TT/ts-train-service_cpu/3,TT,ts-train-service,cpu,3,300,300,point,0.1,1,0.1,baro,11,0.09090909090909091,0.0,0.14492753623188406,0,0,0,70,537.8573999623768,192-168-29-237-9100|ts-travel-service|ts-ticket-office-service|ts-station-mongo|ts-travel2-service,192-168-29-237-9100_node-memory-active-bytes,0.8993181818181818,22,22,0.9006060606060606,0.8980303030303031,22,22,22,0.8995133819951339,baseline-v2-20260723,cd270e7871bd358937d83d9a49829637fa80007d2964084ef229f578e3733bd3,ba75425861a059dafcc477474fc3e4ed1eafdc2b47d6fdd0557337035d29a960,1439127ce16610ef83f984e8a0fcd9fdef4bed0aaa17c9fabdbf4de9db43c85e,12679022,1693272514000000000,300
TT/ts-train-service_cpu/3,TT,ts-train-service,cpu,3,300,300,point,0.1,1,0.1,median_shift,8,0.125,0.0,0.10144927536231885,0,0,0,70,156.88850003061816,ts-assurance-mongo|ts-config-mongo|ts-consign-mongo|ts-inside-payment-mongo|ts-news-service,ts-assurance-mongo_container-memory-cache,0.8993181818181818,22,22,0.9006060606060606,0.8980303030303031,22,22,22,0.8995133819951339,baseline-v2-20260723,cd270e7871bd358937d83d9a49829637fa80007d2964084ef229f578e3733bd3,ba75425861a059dafcc477474fc3e4ed1eafdc2b47d6fdd0557337035d29a960,1439127ce16610ef83f984e8a0fcd9fdef4bed0aaa17c9fabdbf4de9db43c85e,12679022,1693272514000000000,300
TT/ts-train-service_cpu/3,TT,ts-train-service,cpu,3,300,300,point,0.1,1,0.1,nsigma,2,0.5,0.8,0.014492753623188406,0,1,1,70,437.17350001679733,ts-user-service|ts-train-service|ts|ts-admin-travel-service|ts-seat-service,ts-user-service_istio-latency-99,0.8993181818181818,22,22,0.9006060606060606,0.8980303030303031,22,22,22,0.8995133819951339,baseline-v2-20260723,cd270e7871bd358937d83d9a49829637fa80007d2964084ef229f578e3733bd3,ba75425861a059dafcc477474fc3e4ed1eafdc2b47d6fdd0557337035d29a960,1439127ce16610ef83f984e8a0fcd9fdef4bed0aaa17c9fabdbf4de9db43c85e,12679022,1693272514000000000,300
TT/ts-train-service_cpu/3,TT,ts-train-service,cpu,3,300,300,point,0.1,2,0.1,baro,10,0.1,0.0,0.13043478260869565,0,0,0,70,540.6697999569587,192-168-29-237-9100|ts-travel-service|ts-ticket-office-service|ts-station-mongo|ts-travel2-service,192-168-29-237-9100_node-memory-active-bytes,0.9029545454545455,22,22,0.9031818181818182,0.9027272727272727,22,22,22,0.8995133819951339,baseline-v2-20260723,cd270e7871bd358937d83d9a49829637fa80007d2964084ef229f578e3733bd3,ba75425861a059dafcc477474fc3e4ed1eafdc2b47d6fdd0557337035d29a960,1439127ce16610ef83f984e8a0fcd9fdef4bed0aaa17c9fabdbf4de9db43c85e,12679022,1693272514000000000,300
TT/ts-train-service_cpu/3,TT,ts-train-service,cpu,3,300,300,point,0.1,2,0.1,median_shift,8,0.125,0.0,0.10144927536231885,0,0,0,70,157.0569000323303,ts-assurance-mongo|ts-config-mongo|ts-consign-mongo|ts-inside-payment-mongo|ts-news-service,ts-assurance-mongo_container-memory-cache,0.9029545454545455,22,22,0.9031818181818182,0.9027272727272727,22,22,22,0.8995133819951339,baseline-v2-20260723,cd270e7871bd358937d83d9a49829637fa80007d2964084ef229f578e3733bd3,ba75425861a059dafcc477474fc3e4ed1eafdc2b47d6fdd0557337035d29a960,1439127ce16610ef83f984e8a0fcd9fdef4bed0aaa17c9fabdbf4de9db43c85e,12679022,1693272514000000000,300
TT/ts-train-service_cpu/3,TT,ts-train-service,cpu,3,300,300,point,0.1,2,0.1,nsigma,2,0.5,0.8,0.014492753623188406,0,1,1,70,482.10099997231737,ts-user-service|ts-train-service|ts|ts-admin-travel-service|ts-seat-service,ts-user-service_istio-latency-99,0.9029545454545455,22,22,0.9031818181818182,0.9027272727272727,22,22,22,0.8995133819951339,baseline-v2-20260723,cd270e7871bd358937d83d9a49829637fa80007d2964084ef229f578e3733bd3,ba75425861a059dafcc477474fc3e4ed1eafdc2b47d6fdd0557337035d29a960,1439127ce16610ef83f984e8a0fcd9fdef4bed0aaa17c9fabdbf4de9db43c85e,12679022,1693272514000000000,300
TT/ts-train-service_cpu/3,TT,ts-train-service,cpu,3,300,300,point,0.1,3,0.1,baro,10,0.1,0.0,0.13043478260869565,0,0,0,70,574.5809000218287,192-168-29-237-9100|ts-travel-service|ts-ticket-office-service|ts-station-mongo|ts-travel2-service,192-168-29-237-9100_node-memory-active-bytes,0.9003787878787879,22,22,0.8983333333333333,0.9024242424242425,22,22,22,0.8995133819951339,baseline-v2-20260723,cd270e7871bd358937d83d9a49829637fa80007d2964084ef229f578e3733bd3,ba75425861a059dafcc477474fc3e4ed1eafdc2b47d6fdd0557337035d29a960,1439127ce16610ef83f984e8a0fcd9fdef4bed0aaa17c9fabdbf4de9db43c85e,12679022,1693272514000000000,300
TT/ts-train-service_cpu/3,TT,ts-train-service,cpu,3,300,300,point,0.1,3,0.1,median_shift,7,0.14285714285714285,0.0,0.08695652173913043,0,0,0,70,156.22320002876222,ts-assurance-mongo|ts-config-mongo|ts-consign-mongo|ts-inside-payment-mongo|ts-news-service,ts-assurance-mongo_container-memory-cache,0.9003787878787879,22,22,0.8983333333333333,0.9024242424242425,22,22,22,0.8995133819951339,baseline-v2-20260723,cd270e7871bd358937d83d9a49829637fa80007d2964084ef229f578e3733bd3,ba75425861a059dafcc477474fc3e4ed1eafdc2b47d6fdd0557337035d29a960,1439127ce16610ef83f984e8a0fcd9fdef4bed0aaa17c9fabdbf4de9db43c85e,12679022,1693272514000000000,300
TT/ts-train-service_cpu/3,TT,ts-train-service,cpu,3,300,300,point,0.1,3,0.1,nsigma,2,0.5,0.8,0.014492753623188406,0,1,1,70,434.6075999783352,ts-user-service|ts-train-service|ts|ts-admin-travel-service|ts-seat-service,ts-user-service_istio-latency-99,0.9003787878787879,22,22,0.8983333333333333,0.9024242424242425,22,22,22,0.8995133819951339,baseline-v2-20260723,cd270e7871bd358937d83d9a49829637fa80007d2964084ef229f578e3733bd3,ba75425861a059dafcc477474fc3e4ed1eafdc2b47d6fdd0557337035d29a960,1439127ce16610ef83f984e8a0fcd9fdef4bed0aaa17c9fabdbf4de9db43c85e,12679022,1693272514000000000,300
TT/ts-train-service_cpu/3,TT,ts-train-service,cpu,3,300,300,point,0.1,4,0.1,baro,10,0.1,0.0,0.13043478260869565,0,0,0,70,540.0461999815889,192-168-29-237-9100|ts-travel-service|ts-ticket-office-service|ts-station-mongo|ts-travel2-service,192-168-29-237-9100_node-memory-active-bytes,0.9027272727272727,22,22,0.9028787878787878,0.9025757575757576,22,22,22,0.8995133819951339,baseline-v2-20260723,cd270e7871bd358937d83d9a49829637fa80007d2964084ef229f578e3733bd3,ba75425861a059dafcc477474fc3e4ed1eafdc2b47d6fdd0557337035d29a960,1439127ce16610ef83f984e8a0fcd9fdef4bed0aaa17c9fabdbf4de9db43c85e,12679022,1693272514000000000,300
TT/ts-train-service_cpu/3,TT,ts-train-service,cpu,3,300,300,point,0.1,4,0.1,median_shift,9,0.1111111111111111,0.0,0.11594202898550725,0,0,0,70,157.00869995635003,ts-admin-user-service|ts-assurance-mongo|ts-config-mongo|ts-consign-mongo|ts-inside-payment-mongo,ts-admin-user-service_container-memory-failures-total,0.9027272727272727,22,22,0.9028787878787878,0.9025757575757576,22,22,22,0.8995133819951339,baseline-v2-20260723,cd270e7871bd358937d83d9a49829637fa80007d2964084ef229f578e3733bd3,ba75425861a059dafcc477474fc3e4ed1eafdc2b47d6fdd0557337035d29a960,1439127ce16610ef83f984e8a0fcd9fdef4bed0aaa17c9fabdbf4de9db43c85e,12679022,1693272514000000000,300
TT/ts-train-service_cpu/3,TT,ts-train-service,cpu,3,300,300,point,0.1,4,0.1,nsigma,2,0.5,0.8,0.014492753623188406,0,1,1,70,447.10470002610236,ts-user-service|ts-train-service|ts|ts-admin-travel-service|ts-seat-service,ts-user-service_istio-latency-99,0.9027272727272727,22,22,0.9028787878787878,0.9025757575757576,22,22,22,0.8995133819951339,baseline-v2-20260723,cd270e7871bd358937d83d9a49829637fa80007d2964084ef229f578e3733bd3,ba75425861a059dafcc477474fc3e4ed1eafdc2b47d6fdd0557337035d29a960,1439127ce16610ef83f984e8a0fcd9fdef4bed0aaa17c9fabdbf4de9db43c85e,12679022,1693272514000000000,300
TT/ts-train-service_cpu/3,TT,ts-train-service,cpu,3,300,300,point,0.1,5,0.1,baro,10,0.1,0.0,0.13043478260869565,0,0,0,70,544.4600000046194,192-168-29-237-9100|ts-travel-service|ts-ticket-office-service|ts-station-mongo|ts-travel2-service,192-168-29-237-9100_node-memory-active-bytes,0.9028787878787878,22,22,0.9046969696969697,0.901060606060606,22,22,22,0.8995133819951339,baseline-v2-20260723,cd270e7871bd358937d83d9a49829637fa80007d2964084ef229f578e3733bd3,ba75425861a059dafcc477474fc3e4ed1eafdc2b47d6fdd0557337035d29a960,1439127ce16610ef83f984e8a0fcd9fdef4bed0aaa17c9fabdbf4de9db43c85e,12679022,1693272514000000000,300
TT/ts-train-service_cpu/3,TT,ts-train-service,cpu,3,300,300,point,0.1,5,0.1,median_shift,8,0.125,0.0,0.10144927536231885,0,0,0,70,154.75210000295192,ts-assurance-mongo|ts-config-mongo|ts-consign-mongo|ts-inside-payment-mongo|ts-news-service,ts-assurance-mongo_container-memory-cache,0.9028787878787878,22,22,0.9046969696969697,0.901060606060606,22,22,22,0.8995133819951339,baseline-v2-20260723,cd270e7871bd358937d83d9a49829637fa80007d2964084ef229f578e3733bd3,ba75425861a059dafcc477474fc3e4ed1eafdc2b47d6fdd0557337035d29a960,1439127ce16610ef83f984e8a0fcd9fdef4bed0aaa17c9fabdbf4de9db43c85e,12679022,1693272514000000000,300
TT/ts-train-service_cpu/3,TT,ts-train-service,cpu,3,300,300,point,0.1,5,0.1,nsigma,2,0.5,0.8,0.014492753623188406,0,1,1,70,464.1834999783896,ts-user-service|ts-train-service|ts|ts-admin-travel-service|ts-seat-service,ts-user-service_istio-latency-99,0.9028787878787878,22,22,0.9046969696969697,0.901060606060606,22,22,22,0.8995133819951339,baseline-v2-20260723,cd270e7871bd358937d83d9a49829637fa80007d2964084ef229f578e3733bd3,ba75425861a059dafcc477474fc3e4ed1eafdc2b47d6fdd0557337035d29a960,1439127ce16610ef83f984e8a0fcd9fdef4bed0aaa17c9fabdbf4de9db43c85e,12679022,1693272514000000000,300
TT/ts-train-service_cpu/3,TT,ts-train-service,cpu,3,300,300,point,0.1,6,0.1,baro,10,0.1,0.0,0.13043478260869565,0,0,0,70,539.7710999823175,192-168-29-237-9100|ts-travel-service|ts-ticket-office-service|ts-station-mongo|ts-travel2-service,192-168-29-237-9100_node-memory-active-bytes,0.8975757575757576,22,22,0.8930303030303031,0.9021212121212121,22,22,22,0.8995133819951339,baseline-v2-20260723,cd270e7871bd358937d83d9a49829637fa80007d2964084ef229f578e3733bd3,ba75425861a059dafcc477474fc3e4ed1eafdc2b47d6fdd0557337035d29a960,1439127ce16610ef83f984e8a0fcd9fdef4bed0aaa17c9fabdbf4de9db43c85e,12679022,1693272514000000000,300
TT/ts-train-service_cpu/3,TT,ts-train-service,cpu,3,300,300,point,0.1,6,0.1,median_shift,9,0.1111111111111111,0.0,0.11594202898550725,0,0,0,70,159.189099969808,ts-admin-user-service|ts-assurance-mongo|ts-config-mongo|ts-consign-mongo|ts-inside-payment-mongo,ts-admin-user-service_container-memory-failures-total,0.8975757575757576,22,22,0.8930303030303031,0.9021212121212121,22,22,22,0.8995133819951339,baseline-v2-20260723,cd270e7871bd358937d83d9a49829637fa80007d2964084ef229f578e3733bd3,ba75425861a059dafcc477474fc3e4ed1eafdc2b47d6fdd0557337035d29a960,1439127ce16610ef83f984e8a0fcd9fdef4bed0aaa17c9fabdbf4de9db43c85e,12679022,1693272514000000000,300
TT/ts-train-service_cpu/3,TT,ts-train-service,cpu,3,300,300,point,0.1,6,0.1,nsigma,2,0.5,0.8,0.014492753623188406,0,1,1,70,470.17079999204725,ts-user-service|ts-train-service|ts|ts-admin-travel-service|ts-seat-service,ts-user-service_istio-latency-99,0.8975757575757576,22,22,0.8930303030303031,0.9021212121212121,22,22,22,0.8995133819951339,baseline-v2-20260723,cd270e7871bd358937d83d9a49829637fa80007d2964084ef229f578e3733bd3,ba75425861a059dafcc477474fc3e4ed1eafdc2b47d6fdd0557337035d29a960,1439127ce16610ef83f984e8a0fcd9fdef4bed0aaa17c9fabdbf4de9db43c85e,12679022,1693272514000000000,300
TT/ts-train-service_cpu/3,TT,ts-train-service,cpu,3,300,300,point,0.1,7,0.1,baro,10,0.1,0.0,0.13043478260869565,0,0,0,70,580.243700009305,192-168-29-237-9100|ts-travel-service|ts-ticket-office-service|ts-station-mongo|ts-travel2-service,192-168-29-237-9100_node-memory-active-bytes,0.8975757575757576,22,22,0.8963636363636364,0.8987878787878788,22,22,22,0.8995133819951339,baseline-v2-20260723,cd270e7871bd358937d83d9a49829637fa80007d2964084ef229f578e3733bd3,ba75425861a059dafcc477474fc3e4ed1eafdc2b47d6fdd0557337035d29a960,1439127ce16610ef83f984e8a0fcd9fdef4bed0aaa17c9fabdbf4de9db43c85e,12679022,1693272514000000000,300
TT/ts-train-service_cpu/3,TT,ts-train-service,cpu,3,300,300,point,0.1,7,0.1,median_shift,8,0.125,0.0,0.10144927536231885,0,0,0,70,156.32609999738634,ts-assurance-mongo|ts-config-mongo|ts-consign-mongo|ts-inside-payment-mongo|ts-news-service,ts-assurance-mongo_container-memory-cache,0.8975757575757576,22,22,0.8963636363636364,0.8987878787878788,22,22,22,0.8995133819951339,baseline-v2-20260723,cd270e7871bd358937d83d9a49829637fa80007d2964084ef229f578e3733bd3,ba75425861a059dafcc477474fc3e4ed1eafdc2b47d6fdd0557337035d29a960,1439127ce16610ef83f984e8a0fcd9fdef4bed0aaa17c9fabdbf4de9db43c85e,12679022,1693272514000000000,300
TT/ts-train-service_cpu/3,TT,ts-train-service,cpu,3,300,300,point,0.1,7,0.1,nsigma,2,0.5,0.8,0.014492753623188406,0,1,1,70,446.5240999707021,ts-user-service|ts-train-service|ts|ts-admin-travel-service|ts-seat-service,ts-user-service_istio-latency-99,0.8975757575757576,22,22,0.8963636363636364,0.8987878787878788,22,22,22,0.8995133819951339,baseline-v2-20260723,cd270e7871bd358937d83d9a49829637fa80007d2964084ef229f578e3733bd3,ba75425861a059dafcc477474fc3e4ed1eafdc2b47d6fdd0557337035d29a960,1439127ce16610ef83f984e8a0fcd9fdef4bed0aaa17c9fabdbf4de9db43c85e,12679022,1693272514000000000,300
TT/ts-train-service_cpu/3,TT,ts-train-service,cpu,3,300,300,point,0.1,8,0.1,baro,10,0.1,0.0,0.13043478260869565,0,0,0,70,532.6857999898493,192-168-29-237-9100|ts-travel-service|ts-ticket-office-service|ts-station-mongo|ts-travel2-service,192-168-29-237-9100_node-memory-active-bytes,0.8981060606060606,22,22,0.8957575757575758,0.9004545454545455,22,22,22,0.8995133819951339,baseline-v2-20260723,cd270e7871bd358937d83d9a49829637fa80007d2964084ef229f578e3733bd3,ba75425861a059dafcc477474fc3e4ed1eafdc2b47d6fdd0557337035d29a960,1439127ce16610ef83f984e8a0fcd9fdef4bed0aaa17c9fabdbf4de9db43c85e,12679022,1693272514000000000,300
TT/ts-train-service_cpu/3,TT,ts-train-service,cpu,3,300,300,point,0.1,8,0.1,median_shift,8,0.125,0.0,0.10144927536231885,0,0,0,70,154.95519997784868,ts-assurance-mongo|ts-config-mongo|ts-consign-mongo|ts-inside-payment-mongo|ts-news-service,ts-assurance-mongo_container-memory-cache,0.8981060606060606,22,22,0.8957575757575758,0.9004545454545455,22,22,22,0.8995133819951339,baseline-v2-20260723,cd270e7871bd358937d83d9a49829637fa80007d2964084ef229f578e3733bd3,ba75425861a059dafcc477474fc3e4ed1eafdc2b47d6fdd0557337035d29a960,1439127ce16610ef83f984e8a0fcd9fdef4bed0aaa17c9fabdbf4de9db43c85e,12679022,1693272514000000000,300
TT/ts-train-service_cpu/3,TT,ts-train-service,cpu,3,300,300,point,0.1,8,0.1,nsigma,2,0.5,0.8,0.014492753623188406,0,1,1,70,440.6544000376016,ts-user-service|ts-train-service|ts|ts-admin-travel-service|ts-seat-service,ts-user-service_istio-latency-99,0.8981060606060606,22,22,0.8957575757575758,0.9004545454545455,22,22,22,0.8995133819951339,baseline-v2-20260723,cd270e7871bd358937d83d9a49829637fa80007d2964084ef229f578e3733bd3,ba75425861a059dafcc477474fc3e4ed1eafdc2b47d6fdd0557337035d29a960,1439127ce16610ef83f984e8a0fcd9fdef4bed0aaa17c9fabdbf4de9db43c85e,12679022,1693272514000000000,300
TT/ts-train-service_cpu/3,TT,ts-train-service,cpu,3,300,300,point,0.1,9,0.1,baro,11,0.09090909090909091,0.0,0.14492753623188406,0,0,0,70,534.2842999962159,192-168-29-237-9100|ts-travel-service|ts-ticket-office-service|ts-station-mongo|ts-travel2-service,192-168-29-237-9100_node-memory-active-bytes,0.8991666666666667,22,22,0.9003030303030303,0.8980303030303031,22,22,22,0.8995133819951339,baseline-v2-20260723,cd270e7871bd358937d83d9a49829637fa80007d2964084ef229f578e3733bd3,ba75425861a059dafcc477474fc3e4ed1eafdc2b47d6fdd0557337035d29a960,1439127ce16610ef83f984e8a0fcd9fdef4bed0aaa17c9fabdbf4de9db43c85e,12679022,1693272514000000000,300
TT/ts-train-service_cpu/3,TT,ts-train-service,cpu,3,300,300,point,0.1,9,0.1,median_shift,9,0.1111111111111111,0.0,0.11594202898550725,0,0,0,70,159.08529999433085,ts-admin-user-service|ts-assurance-mongo|ts-config-mongo|ts-consign-mongo|ts-inside-payment-mongo,ts-admin-user-service_container-memory-failures-total,0.8991666666666667,22,22,0.9003030303030303,0.8980303030303031,22,22,22,0.8995133819951339,baseline-v2-20260723,cd270e7871bd358937d83d9a49829637fa80007d2964084ef229f578e3733bd3,ba75425861a059dafcc477474fc3e4ed1eafdc2b47d6fdd0557337035d29a960,1439127ce16610ef83f984e8a0fcd9fdef4bed0aaa17c9fabdbf4de9db43c85e,12679022,1693272514000000000,300
TT/ts-train-service_cpu/3,TT,ts-train-service,cpu,3,300,300,point,0.1,9,0.1,nsigma,2,0.5,0.8,0.014492753623188406,0,1,1,70,471.00469999713823,ts-user-service|ts-train-service|ts|ts-admin-travel-service|ts-seat-service,ts-user-service_istio-latency-99,0.8991666666666667,22,22,0.9003030303030303,0.8980303030303031,22,22,22,0.8995133819951339,baseline-v2-20260723,cd270e7871bd358937d83d9a49829637fa80007d2964084ef229f578e3733bd3,ba75425861a059dafcc477474fc3e4ed1eafdc2b47d6fdd0557337035d29a960,1439127ce16610ef83f984e8a0fcd9fdef4bed0aaa17c9fabdbf4de9db43c85e,12679022,1693272514000000000,300
TT/ts-train-service_cpu/3,TT,ts-train-service,cpu,3,300,300,point,0.3,0,0.3,baro,10,0.1,0.0,0.13043478260869565,0,0,0,70,574.156699993182,192-168-29-237-9100|ts-travel-service|ts-ticket-office-service|ts-station-mongo|ts-travel2-service,192-168-29-237-9100_node-memory-active-bytes,0.6990909090909091,22,22,0.6948484848484848,0.7033333333333334,22,22,22,0.6996215193295485,baseline-v2-20260723,cd270e7871bd358937d83d9a49829637fa80007d2964084ef229f578e3733bd3,ba75425861a059dafcc477474fc3e4ed1eafdc2b47d6fdd0557337035d29a960,1439127ce16610ef83f984e8a0fcd9fdef4bed0aaa17c9fabdbf4de9db43c85e,12679022,1693272514000000000,300
TT/ts-train-service_cpu/3,TT,ts-train-service,cpu,3,300,300,point,0.3,0,0.3,median_shift,7,0.14285714285714285,0.0,0.08695652173913043,0,0,0,70,160.24320002179593,ts-assurance-mongo|ts-config-mongo|ts-consign-mongo|ts-inside-payment-mongo|ts-news-service,ts-assurance-mongo_container-memory-cache,0.6990909090909091,22,22,0.6948484848484848,0.7033333333333334,22,22,22,0.6996215193295485,baseline-v2-20260723,cd270e7871bd358937d83d9a49829637fa80007d2964084ef229f578e3733bd3,ba75425861a059dafcc477474fc3e4ed1eafdc2b47d6fdd0557337035d29a960,1439127ce16610ef83f984e8a0fcd9fdef4bed0aaa17c9fabdbf4de9db43c85e,12679022,1693272514000000000,300
TT/ts-train-service_cpu/3,TT,ts-train-service,cpu,3,300,300,point,0.3,0,0.3,nsigma,2,0.5,0.8,0.014492753623188406,0,1,1,70,436.28179997904226,ts-user-service|ts-train-service|ts|ts-admin-travel-service|ts-seat-service,ts-user-service_istio-latency-99,0.6990909090909091,22,22,0.6948484848484848,0.7033333333333334,22,22,22,0.6996215193295485,baseline-v2-20260723,cd270e7871bd358937d83d9a49829637fa80007d2964084ef229f578e3733bd3,ba75425861a059dafcc477474fc3e4ed1eafdc2b47d6fdd0557337035d29a960,1439127ce16610ef83f984e8a0fcd9fdef4bed0aaa17c9fabdbf4de9db43c85e,12679022,1693272514000000000,300
TT/ts-train-service_cpu/3,TT,ts-train-service,cpu,3,300,300,point,0.3,1,0.3,baro,11,0.09090909090909091,0.0,0.14492753623188406,0,0,0,70,532.7986999764107,192-168-29-237-9100|ts-travel-service|ts-ticket-office-service|ts-station-mongo|ts-travel2-service,192-168-29-237-9100_node-memory-active-bytes,0.6991666666666667,22,22,0.6998484848484848,0.6984848484848485,22,22,22,0.6996215193295485,baseline-v2-20260723,cd270e7871bd358937d83d9a49829637fa80007d2964084ef229f578e3733bd3,ba75425861a059dafcc477474fc3e4ed1eafdc2b47d6fdd0557337035d29a960,1439127ce16610ef83f984e8a0fcd9fdef4bed0aaa17c9fabdbf4de9db43c85e,12679022,1693272514000000000,300
TT/ts-train-service_cpu/3,TT,ts-train-service,cpu,3,300,300,point,0.3,1,0.3,median_shift,8,0.125,0.0,0.10144927536231885,0,0,0,70,156.3443000195548,ts-admin-user-service|ts-assurance-mongo|ts-config-mongo|ts-consign-mongo|ts-news-service,ts-admin-user-service_container-memory-failures-total,0.6991666666666667,22,22,0.6998484848484848,0.6984848484848485,22,22,22,0.6996215193295485,baseline-v2-20260723,cd270e7871bd358937d83d9a49829637fa80007d2964084ef229f578e3733bd3,ba75425861a059dafcc477474fc3e4ed1eafdc2b47d6fdd0557337035d29a960,1439127ce16610ef83f984e8a0fcd9fdef4bed0aaa17c9fabdbf4de9db43c85e,12679022,1693272514000000000,300
TT/ts-train-service_cpu/3,TT,ts-train-service,cpu,3,300,300,point,0.3,1,0.3,nsigma,2,0.5,0.8,0.014492753623188406,0,1,1,70,439.6451000357047,ts-user-service|ts-train-service|ts|ts-admin-travel-service|ts-seat-service,ts-user-service_istio-latency-99,0.6991666666666667,22,22,0.6998484848484848,0.6984848484848485,22,22,22,0.6996215193295485,baseline-v2-20260723,cd270e7871bd358937d83d9a49829637fa80007d2964084ef229f578e3733bd3,ba75425861a059dafcc477474fc3e4ed1eafdc2b47d6fdd0557337035d29a960,1439127ce16610ef83f984e8a0fcd9fdef4bed0aaa17c9fabdbf4de9db43c85e,12679022,1693272514000000000,300
TT/ts-train-service_cpu/3,TT,ts-train-service,cpu,3,300,300,point,0.3,2,0.3,baro,10,0.1,0.0,0.13043478260869565,0,0,0,70,541.4863000041805,192-168-29-237-9100|ts-travel-service|ts-ticket-office-service|ts-station-mongo|ts-travel2-service,192-168-29-237-9100_node-memory-active-bytes,0.6993939393939393,22,22,0.7009090909090909,0.6978787878787879,22,22,22,0.6996215193295485,baseline-v2-20260723,cd270e7871bd358937d83d9a49829637fa80007d2964084ef229f578e3733bd3,ba75425861a059dafcc477474fc3e4ed1eafdc2b47d6fdd0557337035d29a960,1439127ce16610ef83f984e8a0fcd9fdef4bed0aaa17c9fabdbf4de9db43c85e,12679022,1693272514000000000,300
TT/ts-train-service_cpu/3,TT,ts-train-service,cpu,3,300,300,point,0.3,2,0.3,median_shift,8,0.125,0.0,0.10144927536231885,0,0,0,70,155.4821000318043,ts-assurance-mongo|ts-config-mongo|ts-consign-mongo|ts-inside-payment-mongo|ts-news-service,ts-assurance-mongo_container-memory-cache,0.6993939393939393,22,22,0.7009090909090909,0.6978787878787879,22,22,22,0.6996215193295485,baseline-v2-20260723,cd270e7871bd358937d83d9a49829637fa80007d2964084ef229f578e3733bd3,ba75425861a059dafcc477474fc3e4ed1eafdc2b47d6fdd0557337035d29a960,1439127ce16610ef83f984e8a0fcd9fdef4bed0aaa17c9fabdbf4de9db43c85e,12679022,1693272514000000000,300
TT/ts-train-service_cpu/3,TT,ts-train-service,cpu,3,300,300,point,0.3,2,0.3,nsigma,2,0.5,0.8,0.014492753623188406,0,1,1,70,473.62640005303547,ts-user-service|ts-train-service|ts|ts-admin-travel-service|ts-seat-service,ts-user-service_istio-latency-99,0.6993939393939393,22,22,0.7009090909090909,0.6978787878787879,22,22,22,0.6996215193295485,baseline-v2-20260723,cd270e7871bd358937d83d9a49829637fa80007d2964084ef229f578e3733bd3,ba75425861a059dafcc477474fc3e4ed1eafdc2b47d6fdd0557337035d29a960,1439127ce16610ef83f984e8a0fcd9fdef4bed0aaa17c9fabdbf4de9db43c85e,12679022,1693272514000000000,300
TT/ts-train-service_cpu/3,TT,ts-train-service,cpu,3,300,300,point,0.3,3,0.3,baro,11,0.09090909090909091,0.0,0.14492753623188406,0,0,0,70,541.6591999819502,192-168-29-237-9100|ts-travel-service|ts-ticket-office-service|ts-station-mongo|ts-travel2-service,192-168-29-237-9100_node-memory-active-bytes,0.7054545454545454,22,22,0.7054545454545454,0.7054545454545454,22,22,22,0.6996215193295485,baseline-v2-20260723,cd270e7871bd358937d83d9a49829637fa80007d2964084ef229f578e3733bd3,ba75425861a059dafcc477474fc3e4ed1eafdc2b47d6fdd0557337035d29a960,1439127ce16610ef83f984e8a0fcd9fdef4bed0aaa17c9fabdbf4de9db43c85e,12679022,1693272514000000000,300
TT/ts-train-service_cpu/3,TT,ts-train-service,cpu,3,300,300,point,0.3,3,0.3,median_shift,7,0.14285714285714285,0.0,0.08695652173913043,0,0,0,70,158.87199999997392,ts-assurance-mongo|ts-config-mongo|ts-consign-mongo|ts-news-service|ts-price-mongo,ts-assurance-mongo_container-memory-cache,0.7054545454545454,22,22,0.7054545454545454,0.7054545454545454,22,22,22,0.6996215193295485,baseline-v2-20260723,cd270e7871bd358937d83d9a49829637fa80007d2964084ef229f578e3733bd3,ba75425861a059dafcc477474fc3e4ed1eafdc2b47d6fdd0557337035d29a960,1439127ce16610ef83f984e8a0fcd9fdef4bed0aaa17c9fabdbf4de9db43c85e,12679022,1693272514000000000,300
TT/ts-train-service_cpu/3,TT,ts-train-service,cpu,3,300,300,point,0.3,3,0.3,nsigma,2,0.5,0.8,0.014492753623188406,0,1,1,70,472.2431999980472,ts-user-service|ts-train-service|ts|ts-admin-travel-service|ts-seat-service,ts-user-service_istio-latency-99,0.7054545454545454,22,22,0.7054545454545454,0.7054545454545454,22,22,22,0.6996215193295485,baseline-v2-20260723,cd270e7871bd358937d83d9a49829637fa80007d2964084ef229f578e3733bd3,ba75425861a059dafcc477474fc3e4ed1eafdc2b47d6fdd0557337035d29a960,1439127ce16610ef83f984e8a0fcd9fdef4bed0aaa17c9fabdbf4de9db43c85e,12679022,1693272514000000000,300
TT/ts-train-service_cpu/3,TT,ts-train-service,cpu,3,300,300,point,0.3,4,0.3,baro,10,0.1,0.0,0.13043478260869565,0,0,0,70,573.5698000062257,ts-contacts-service|192-168-29-237-9100|ts-travel-service|ts-ticket-office-service|ts-station-mongo,ts-contacts-service_istio-bytes-95,0.6927272727272727,22,22,0.693030303030303,0.6924242424242424,22,22,22,0.6996215193295485,baseline-v2-20260723,cd270e7871bd358937d83d9a49829637fa80007d2964084ef229f578e3733bd3,ba75425861a059dafcc477474fc3e4ed1eafdc2b47d6fdd0557337035d29a960,1439127ce16610ef83f984e8a0fcd9fdef4bed0aaa17c9fabdbf4de9db43c85e,12679022,1693272514000000000,300
TT/ts-train-service_cpu/3,TT,ts-train-service,cpu,3,300,300,point,0.3,4,0.3,median_shift,9,0.1111111111111111,0.0,0.11594202898550725,0,0,0,70,157.12369995890185,ts-admin-user-service|ts-assurance-mongo|ts-config-mongo|ts-consign-mongo|ts-inside-payment-mongo,ts-admin-user-service_container-memory-failures-total,0.6927272727272727,22,22,0.693030303030303,0.6924242424242424,22,22,22,0.6996215193295485,baseline-v2-20260723,cd270e7871bd358937d83d9a49829637fa80007d2964084ef229f578e3733bd3,ba75425861a059dafcc477474fc3e4ed1eafdc2b47d6fdd0557337035d29a960,1439127ce16610ef83f984e8a0fcd9fdef4bed0aaa17c9fabdbf4de9db43c85e,12679022,1693272514000000000,300
TT/ts-train-service_cpu/3,TT,ts-train-service,cpu,3,300,300,point,0.3,4,0.3,nsigma,2,0.5,0.8,0.014492753623188406,0,1,1,70,436.56090000877157,ts-user-service|ts-train-service|ts|ts-admin-travel-service|ts-seat-service,ts-user-service_istio-latency-99,0.6927272727272727,22,22,0.693030303030303,0.6924242424242424,22,22,22,0.6996215193295485,baseline-v2-20260723,cd270e7871bd358937d83d9a49829637fa80007d2964084ef229f578e3733bd3,ba75425861a059dafcc477474fc3e4ed1eafdc2b47d6fdd0557337035d29a960,1439127ce16610ef83f984e8a0fcd9fdef4bed0aaa17c9fabdbf4de9db43c85e,12679022,1693272514000000000,300
TT/ts-train-service_cpu/3,TT,ts-train-service,cpu,3,300,300,point,0.3,5,0.3,baro,10,0.1,0.0,0.13043478260869565,0,0,0,70,536.8836999987252,192-168-29-237-9100|ts-travel-service|ts-ticket-office-service|ts-station-mongo|ts-travel2-service,192-168-29-237-9100_node-memory-active-bytes,0.6950757575757576,22,22,0.6996969696969697,0.6904545454545454,22,22,22,0.6996215193295485,baseline-v2-20260723,cd270e7871bd358937d83d9a49829637fa80007d2964084ef229f578e3733bd3,ba75425861a059dafcc477474fc3e4ed1eafdc2b47d6fdd0557337035d29a960,1439127ce16610ef83f984e8a0fcd9fdef4bed0aaa17c9fabdbf4de9db43c85e,12679022,1693272514000000000,300
TT/ts-train-service_cpu/3,TT,ts-train-service,cpu,3,300,300,point,0.3,5,0.3,median_shift,9,0.1111111111111111,0.0,0.11594202898550725,0,0,0,70,157.71969995694235,ts-admin-user-service|ts-assurance-mongo|ts-config-mongo|ts-consign-mongo|ts-inside-payment-mongo,ts-admin-user-service_container-memory-failures-total,0.6950757575757576,22,22,0.6996969696969697,0.6904545454545454,22,22,22,0.6996215193295485,baseline-v2-20260723,cd270e7871bd358937d83d9a49829637fa80007d2964084ef229f578e3733bd3,ba75425861a059dafcc477474fc3e4ed1eafdc2b47d6fdd0557337035d29a960,1439127ce16610ef83f984e8a0fcd9fdef4bed0aaa17c9fabdbf4de9db43c85e,12679022,1693272514000000000,300
TT/ts-train-service_cpu/3,TT,ts-train-service,cpu,3,300,300,point,0.3,5,0.3,nsigma,2,0.5,0.8,0.014492753623188406,0,1,1,70,436.3069999963045,ts-user-service|ts-train-service|ts|ts-admin-travel-service|ts-seat-service,ts-user-service_istio-latency-99,0.6950757575757576,22,22,0.6996969696969697,0.6904545454545454,22,22,22,0.6996215193295485,baseline-v2-20260723,cd270e7871bd358937d83d9a49829637fa80007d2964084ef229f578e3733bd3,ba75425861a059dafcc477474fc3e4ed1eafdc2b47d6fdd0557337035d29a960,1439127ce16610ef83f984e8a0fcd9fdef4bed0aaa17c9fabdbf4de9db43c85e,12679022,1693272514000000000,300
TT/ts-train-service_cpu/3,TT,ts-train-service,cpu,3,300,300,point,0.3,6,0.3,baro,11,0.09090909090909091,0.0,0.14492753623188406,0,0,0,70,544.8156000347808,192-168-29-237-9100|ts-travel-service|ts-ticket-office-service|ts-station-mongo|ts-travel2-service,192-168-29-237-9100_node-memory-active-bytes,0.6957575757575758,22,22,0.6981818181818182,0.6933333333333334,22,22,22,0.6996215193295485,baseline-v2-20260723,cd270e7871bd358937d83d9a49829637fa80007d2964084ef229f578e3733bd3,ba75425861a059dafcc477474fc3e4ed1eafdc2b47d6fdd0557337035d29a960,1439127ce16610ef83f984e8a0fcd9fdef4bed0aaa17c9fabdbf4de9db43c85e,12679022,1693272514000000000,300
TT/ts-train-service_cpu/3,TT,ts-train-service,cpu,3,300,300,point,0.3,6,0.3,median_shift,8,0.125,0.0,0.10144927536231885,0,0,0,70,154.6927000163123,ts-assurance-mongo|ts-config-mongo|ts-consign-mongo|ts-inside-payment-mongo|ts-news-service,ts-assurance-mongo_container-memory-cache,0.6957575757575758,22,22,0.6981818181818182,0.6933333333333334,22,22,22,0.6996215193295485,baseline-v2-20260723,cd270e7871bd358937d83d9a49829637fa80007d2964084ef229f578e3733bd3,ba75425861a059dafcc477474fc3e4ed1eafdc2b47d6fdd0557337035d29a960,1439127ce16610ef83f984e8a0fcd9fdef4bed0aaa17c9fabdbf4de9db43c85e,12679022,1693272514000000000,300
TT/ts-train-service_cpu/3,TT,ts-train-service,cpu,3,300,300,point,0.3,6,0.3,nsigma,2,0.5,0.8,0.014492753623188406,0,1,1,70,471.6587000293657,ts-user-service|ts-train-service|ts|ts-admin-travel-service|ts-seat-service,ts-user-service_istio-latency-99,0.6957575757575758,22,22,0.6981818181818182,0.6933333333333334,22,22,22,0.6996215193295485,baseline-v2-20260723,cd270e7871bd358937d83d9a49829637fa80007d2964084ef229f578e3733bd3,ba75425861a059dafcc477474fc3e4ed1eafdc2b47d6fdd0557337035d29a960,1439127ce16610ef83f984e8a0fcd9fdef4bed0aaa17c9fabdbf4de9db43c85e,12679022,1693272514000000000,300
TT/ts-train-service_cpu/3,TT,ts-train-service,cpu,3,300,300,point,0.3,7,0.3,baro,11,0.09090909090909091,0.0,0.14492753623188406,0,0,0,70,569.4728000089526,192-168-29-237-9100|ts-travel-service|ts-ticket-office-service|ts-station-mongo|ts-travel2-service,192-168-29-237-9100_node-memory-active-bytes,0.7,22,22,0.7004545454545454,0.6995454545454546,22,22,22,0.6996215193295485,baseline-v2-20260723,cd270e7871bd358937d83d9a49829637fa80007d2964084ef229f578e3733bd3,ba75425861a059dafcc477474fc3e4ed1eafdc2b47d6fdd0557337035d29a960,1439127ce16610ef83f984e8a0fcd9fdef4bed0aaa17c9fabdbf4de9db43c85e,12679022,1693272514000000000,300
TT/ts-train-service_cpu/3,TT,ts-train-service,cpu,3,300,300,point,0.3,7,0.3,median_shift,8,0.125,0.0,0.10144927536231885,0,0,0,70,158.13479997450486,ts-assurance-mongo|ts-config-mongo|ts-consign-mongo|ts-inside-payment-mongo|ts-news-service,ts-assurance-mongo_container-memory-cache,0.7,22,22,0.7004545454545454,0.6995454545454546,22,22,22,0.6996215193295485,baseline-v2-20260723,cd270e7871bd358937d83d9a49829637fa80007d2964084ef229f578e3733bd3,ba75425861a059dafcc477474fc3e4ed1eafdc2b47d6fdd0557337035d29a960,1439127ce16610ef83f984e8a0fcd9fdef4bed0aaa17c9fabdbf4de9db43c85e,12679022,1693272514000000000,300
TT/ts-train-service_cpu/3,TT,ts-train-service,cpu,3,300,300,point,0.3,7,0.3,nsigma,2,0.5,0.8,0.014492753623188406,0,1,1,70,444.55670000752434,ts-user-service|ts-train-service|ts|ts-admin-travel-service|ts-seat-service,ts-user-service_istio-latency-99,0.7,22,22,0.7004545454545454,0.6995454545454546,22,22,22,0.6996215193295485,baseline-v2-20260723,cd270e7871bd358937d83d9a49829637fa80007d2964084ef229f578e3733bd3,ba75425861a059dafcc477474fc3e4ed1eafdc2b47d6fdd0557337035d29a960,1439127ce16610ef83f984e8a0fcd9fdef4bed0aaa17c9fabdbf4de9db43c85e,12679022,1693272514000000000,300
TT/ts-train-service_cpu/3,TT,ts-train-service,cpu,3,300,300,point,0.3,8,0.3,baro,10,0.1,0.0,0.13043478260869565,0,0,0,70,572.6874999818392,192-168-29-237-9100|ts-travel-service|ts-ticket-office-service|ts-station-mongo|ts-travel2-service,192-168-29-237-9100_node-memory-active-bytes,0.6958333333333333,22,22,0.693939393939394,0.6977272727272728,22,22,22,0.6996215193295485,baseline-v2-20260723,cd270e7871bd358937d83d9a49829637fa80007d2964084ef229f578e3733bd3,ba75425861a059dafcc477474fc3e4ed1eafdc2b47d6fdd0557337035d29a960,1439127ce16610ef83f984e8a0fcd9fdef4bed0aaa17c9fabdbf4de9db43c85e,12679022,1693272514000000000,300
TT/ts-train-service_cpu/3,TT,ts-train-service,cpu,3,300,300,point,0.3,8,0.3,median_shift,8,0.125,0.0,0.10144927536231885,0,0,0,70,158.31919998163357,ts-assurance-mongo|ts-config-mongo|ts-consign-mongo|ts-inside-payment-mongo|ts-news-service,ts-assurance-mongo_container-memory-cache,0.6958333333333333,22,22,0.693939393939394,0.6977272727272728,22,22,22,0.6996215193295485,baseline-v2-20260723,cd270e7871bd358937d83d9a49829637fa80007d2964084ef229f578e3733bd3,ba75425861a059dafcc477474fc3e4ed1eafdc2b47d6fdd0557337035d29a960,1439127ce16610ef83f984e8a0fcd9fdef4bed0aaa17c9fabdbf4de9db43c85e,12679022,1693272514000000000,300
TT/ts-train-service_cpu/3,TT,ts-train-service,cpu,3,300,300,point,0.3,8,0.3,nsigma,2,0.5,0.8,0.014492753623188406,0,1,1,70,447.1862000063993,ts-user-service|ts-train-service|ts|ts-admin-travel-service|ts-seat-service,ts-user-service_istio-latency-99,0.6958333333333333,22,22,0.693939393939394,0.6977272727272728,22,22,22,0.6996215193295485,baseline-v2-20260723,cd270e7871bd358937d83d9a49829637fa80007d2964084ef229f578e3733bd3,ba75425861a059dafcc477474fc3e4ed1eafdc2b47d6fdd0557337035d29a960,1439127ce16610ef83f984e8a0fcd9fdef4bed0aaa17c9fabdbf4de9db43c85e,12679022,1693272514000000000,300
TT/ts-train-service_cpu/3,TT,ts-train-service,cpu,3,300,300,point,0.3,9,0.3,baro,9,0.1111111111111111,0.0,0.11594202898550725,0,0,0,70,543.5537000303157,192-168-29-237-9100|ts-travel-service|ts-ticket-office-service|ts-station-mongo|ts-travel2-service,192-168-29-237-9100_node-memory-active-bytes,0.7028787878787879,22,22,0.7072727272727273,0.6984848484848485,22,22,22,0.6996215193295485,baseline-v2-20260723,cd270e7871bd358937d83d9a49829637fa80007d2964084ef229f578e3733bd3,ba75425861a059dafcc477474fc3e4ed1eafdc2b47d6fdd0557337035d29a960,1439127ce16610ef83f984e8a0fcd9fdef4bed0aaa17c9fabdbf4de9db43c85e,12679022,1693272514000000000,300
TT/ts-train-service_cpu/3,TT,ts-train-service,cpu,3,300,300,point,0.3,9,0.3,median_shift,8,0.125,0.0,0.10144927536231885,0,0,0,70,151.25489997444674,ts-assurance-mongo|ts-config-mongo|ts-consign-mongo|ts-inside-payment-mongo|ts-news-service,ts-assurance-mongo_container-memory-cache,0.7028787878787879,22,22,0.7072727272727273,0.6984848484848485,22,22,22,0.6996215193295485,baseline-v2-20260723,cd270e7871bd358937d83d9a49829637fa80007d2964084ef229f578e3733bd3,ba75425861a059dafcc477474fc3e4ed1eafdc2b47d6fdd0557337035d29a960,1439127ce16610ef83f984e8a0fcd9fdef4bed0aaa17c9fabdbf4de9db43c85e,12679022,1693272514000000000,300
TT/ts-train-service_cpu/3,TT,ts-train-service,cpu,3,300,300,point,0.3,9,0.3,nsigma,2,0.5,0.8,0.014492753623188406,0,1,1,70,447.31770001817495,ts-user-service|ts-train-service|ts|ts-admin-travel-service|ts-seat-service,ts-user-service_istio-latency-99,0.7028787878787879,22,22,0.7072727272727273,0.6984848484848485,22,22,22,0.6996215193295485,baseline-v2-20260723,cd270e7871bd358937d83d9a49829637fa80007d2964084ef229f578e3733bd3,ba75425861a059dafcc477474fc3e4ed1eafdc2b47d6fdd0557337035d29a960,1439127ce16610ef83f984e8a0fcd9fdef4bed0aaa17c9fabdbf4de9db43c85e,12679022,1693272514000000000,300
TT/ts-train-service_cpu/3,TT,ts-train-service,cpu,3,300,300,point,0.5,0,0.5,baro,11,0.09090909090909091,0.0,0.14492753623188406,0,0,0,70,537.8306999919005,192-168-29-237-9100|ts-travel-service|ts-ticket-office-service|ts-station-mongo|ts-travel2-service,192-168-29-237-9100_node-memory-active-bytes,0.5028030303030303,22,22,0.5048484848484849,0.5007575757575757,22,22,22,0.49972965666396324,baseline-v2-20260723,cd270e7871bd358937d83d9a49829637fa80007d2964084ef229f578e3733bd3,ba75425861a059dafcc477474fc3e4ed1eafdc2b47d6fdd0557337035d29a960,1439127ce16610ef83f984e8a0fcd9fdef4bed0aaa17c9fabdbf4de9db43c85e,12679022,1693272514000000000,300
TT/ts-train-service_cpu/3,TT,ts-train-service,cpu,3,300,300,point,0.5,0,0.5,median_shift,8,0.125,0.0,0.10144927536231885,0,0,0,70,152.0866999635473,ts-assurance-mongo|ts-config-mongo|ts-consign-mongo|ts-inside-payment-mongo|ts-news-service,ts-assurance-mongo_container-memory-cache,0.5028030303030303,22,22,0.5048484848484849,0.5007575757575757,22,22,22,0.49972965666396324,baseline-v2-20260723,cd270e7871bd358937d83d9a49829637fa80007d2964084ef229f578e3733bd3,ba75425861a059dafcc477474fc3e4ed1eafdc2b47d6fdd0557337035d29a960,1439127ce16610ef83f984e8a0fcd9fdef4bed0aaa17c9fabdbf4de9db43c85e,12679022,1693272514000000000,300
TT/ts-train-service_cpu/3,TT,ts-train-service,cpu,3,300,300,point,0.5,0,0.5,nsigma,2,0.5,0.8,0.014492753623188406,0,1,1,70,479.7508000046946,ts-user-service|ts-train-service|ts|ts-admin-travel-service|ts-seat-service,ts-user-service_istio-latency-99,0.5028030303030303,22,22,0.5048484848484849,0.5007575757575757,22,22,22,0.49972965666396324,baseline-v2-20260723,cd270e7871bd358937d83d9a49829637fa80007d2964084ef229f578e3733bd3,ba75425861a059dafcc477474fc3e4ed1eafdc2b47d6fdd0557337035d29a960,1439127ce16610ef83f984e8a0fcd9fdef4bed0aaa17c9fabdbf4de9db43c85e,12679022,1693272514000000000,300
TT/ts-train-service_cpu/3,TT,ts-train-service,cpu,3,300,300,point,0.5,1,0.5,baro,10,0.1,0.0,0.13043478260869565,0,0,0,70,575.5176999955438,ts-contacts-service|192-168-29-237-9100|ts-travel-service|ts-ticket-office-service|ts-station-mongo,ts-contacts-service_istio-bytes-99,0.5025,22,22,0.4965151515151515,0.5084848484848485,22,22,22,0.49972965666396324,baseline-v2-20260723,cd270e7871bd358937d83d9a49829637fa80007d2964084ef229f578e3733bd3,ba75425861a059dafcc477474fc3e4ed1eafdc2b47d6fdd0557337035d29a960,1439127ce16610ef83f984e8a0fcd9fdef4bed0aaa17c9fabdbf4de9db43c85e,12679022,1693272514000000000,300
TT/ts-train-service_cpu/3,TT,ts-train-service,cpu,3,300,300,point,0.5,1,0.5,median_shift,9,0.1111111111111111,0.0,0.11594202898550725,0,0,0,70,154.0965000167489,ts-admin-user-service|ts-assurance-mongo|ts-config-mongo|ts-consign-mongo|ts-inside-payment-mongo,ts-admin-user-service_container-memory-failures-total,0.5025,22,22,0.4965151515151515,0.5084848484848485,22,22,22,0.49972965666396324,baseline-v2-20260723,cd270e7871bd358937d83d9a49829637fa80007d2964084ef229f578e3733bd3,ba75425861a059dafcc477474fc3e4ed1eafdc2b47d6fdd0557337035d29a960,1439127ce16610ef83f984e8a0fcd9fdef4bed0aaa17c9fabdbf4de9db43c85e,12679022,1693272514000000000,300
TT/ts-train-service_cpu/3,TT,ts-train-service,cpu,3,300,300,point,0.5,1,0.5,nsigma,2,0.5,0.8,0.014492753623188406,0,1,1,70,443.99539998266846,ts-user-service|ts-train-service|ts|ts-admin-travel-service|ts-seat-service,ts-user-service_istio-latency-99,0.5025,22,22,0.4965151515151515,0.5084848484848485,22,22,22,0.49972965666396324,baseline-v2-20260723,cd270e7871bd358937d83d9a49829637fa80007d2964084ef229f578e3733bd3,ba75425861a059dafcc477474fc3e4ed1eafdc2b47d6fdd0557337035d29a960,1439127ce16610ef83f984e8a0fcd9fdef4bed0aaa17c9fabdbf4de9db43c85e,12679022,1693272514000000000,300
TT/ts-train-service_cpu/3,TT,ts-train-service,cpu,3,300,300,point,0.5,2,0.5,baro,10,0.1,0.0,0.13043478260869565,0,0,0,70,541.8184000300243,192-168-29-237-9100|ts-travel-service|ts-ticket-office-service|ts-station-mongo|ts-travel2-service,192-168-29-237-9100_node-memory-active-bytes,0.5033333333333333,22,22,0.5104545454545455,0.4962121212121212,22,22,22,0.49972965666396324,baseline-v2-20260723,cd270e7871bd358937d83d9a49829637fa80007d2964084ef229f578e3733bd3,ba75425861a059dafcc477474fc3e4ed1eafdc2b47d6fdd0557337035d29a960,1439127ce16610ef83f984e8a0fcd9fdef4bed0aaa17c9fabdbf4de9db43c85e,12679022,1693272514000000000,300
TT/ts-train-service_cpu/3,TT,ts-train-service,cpu,3,300,300,point,0.5,2,0.5,median_shift,9,0.1111111111111111,0.0,0.11594202898550725,0,0,0,70,153.62170001026243,ts-admin-user-service|ts-assurance-mongo|ts-config-mongo|ts-consign-mongo|ts-inside-payment-mongo,ts-admin-user-service_container-memory-failures-total,0.5033333333333333,22,22,0.5104545454545455,0.4962121212121212,22,22,22,0.49972965666396324,baseline-v2-20260723,cd270e7871bd358937d83d9a49829637fa80007d2964084ef229f578e3733bd3,ba75425861a059dafcc477474fc3e4ed1eafdc2b47d6fdd0557337035d29a960,1439127ce16610ef83f984e8a0fcd9fdef4bed0aaa17c9fabdbf4de9db43c85e,12679022,1693272514000000000,300
TT/ts-train-service_cpu/3,TT,ts-train-service,cpu,3,300,300,point,0.5,2,0.5,nsigma,3,0.3333333333333333,0.6,0.028985507246376812,0,1,1,70,449.82399995205924,ts-user-service|ts|ts-train-service|ts-admin-travel-service|ts-seat-service,ts-user-service_istio-latency-99,0.5033333333333333,22,22,0.5104545454545455,0.4962121212121212,22,22,22,0.49972965666396324,baseline-v2-20260723,cd270e7871bd358937d83d9a49829637fa80007d2964084ef229f578e3733bd3,ba75425861a059dafcc477474fc3e4ed1eafdc2b47d6fdd0557337035d29a960,1439127ce16610ef83f984e8a0fcd9fdef4bed0aaa17c9fabdbf4de9db43c85e,12679022,1693272514000000000,300
TT/ts-train-service_cpu/3,TT,ts-train-service,cpu,3,300,300,point,0.5,3,0.5,baro,11,0.09090909090909091,0.0,0.14492753623188406,0,0,0,70,538.3315999642946,192-168-29-237-9100|ts-travel-service|ts-ticket-office-service|ts-station-mongo|ts-travel2-service,192-168-29-237-9100_node-memory-active-bytes,0.5059090909090909,22,22,0.5116666666666667,0.5001515151515151,22,22,22,0.49972965666396324,baseline-v2-20260723,cd270e7871bd358937d83d9a49829637fa80007d2964084ef229f578e3733bd3,ba75425861a059dafcc477474fc3e4ed1eafdc2b47d6fdd0557337035d29a960,1439127ce16610ef83f984e8a0fcd9fdef4bed0aaa17c9fabdbf4de9db43c85e,12679022,1693272514000000000,300
TT/ts-train-service_cpu/3,TT,ts-train-service,cpu,3,300,300,point,0.5,3,0.5,median_shift,9,0.1111111111111111,0.0,0.11594202898550725,0,0,0,70,156.37070004595444,ts-admin-user-service|ts-assurance-mongo|ts-config-mongo|ts-consign-mongo|ts-inside-payment-mongo,ts-admin-user-service_container-memory-failures-total,0.5059090909090909,22,22,0.5116666666666667,0.5001515151515151,22,22,22,0.49972965666396324,baseline-v2-20260723,cd270e7871bd358937d83d9a49829637fa80007d2964084ef229f578e3733bd3,ba75425861a059dafcc477474fc3e4ed1eafdc2b47d6fdd0557337035d29a960,1439127ce16610ef83f984e8a0fcd9fdef4bed0aaa17c9fabdbf4de9db43c85e,12679022,1693272514000000000,300
TT/ts-train-service_cpu/3,TT,ts-train-service,cpu,3,300,300,point,0.5,3,0.5,nsigma,2,0.5,0.8,0.014492753623188406,0,1,1,70,487.065099994652,ts-user-service|ts-train-service|ts|ts-admin-travel-service|ts-seat-service,ts-user-service_istio-latency-99,0.5059090909090909,22,22,0.5116666666666667,0.5001515151515151,22,22,22,0.49972965666396324,baseline-v2-20260723,cd270e7871bd358937d83d9a49829637fa80007d2964084ef229f578e3733bd3,ba75425861a059dafcc477474fc3e4ed1eafdc2b47d6fdd0557337035d29a960,1439127ce16610ef83f984e8a0fcd9fdef4bed0aaa17c9fabdbf4de9db43c85e,12679022,1693272514000000000,300
TT/ts-train-service_cpu/3,TT,ts-train-service,cpu,3,300,300,point,0.5,4,0.5,baro,11,0.09090909090909091,0.0,0.14492753623188406,0,0,0,70,547.4909999757074,192-168-29-237-9100|ts-travel-service|ts-ticket-office-service|ts-food-map-mongo|ts-station-mongo,192-168-29-237-9100_node-memory-active-bytes,0.5031060606060606,22,22,0.5039393939393939,0.5022727272727273,22,22,22,0.49972965666396324,baseline-v2-20260723,cd270e7871bd358937d83d9a49829637fa80007d2964084ef229f578e3733bd3,ba75425861a059dafcc477474fc3e4ed1eafdc2b47d6fdd0557337035d29a960,1439127ce16610ef83f984e8a0fcd9fdef4bed0aaa17c9fabdbf4de9db43c85e,12679022,1693272514000000000,300
TT/ts-train-service_cpu/3,TT,ts-train-service,cpu,3,300,300,point,0.5,4,0.5,median_shift,8,0.125,0.0,0.10144927536231885,0,0,0,70,153.39779999339953,ts-admin-user-service|ts-assurance-mongo|ts-config-mongo|ts-consign-mongo|ts-inside-payment-mongo,ts-admin-user-service_container-memory-failures-total,0.5031060606060606,22,22,0.5039393939393939,0.5022727272727273,22,22,22,0.49972965666396324,baseline-v2-20260723,cd270e7871bd358937d83d9a49829637fa80007d2964084ef229f578e3733bd3,ba75425861a059dafcc477474fc3e4ed1eafdc2b47d6fdd0557337035d29a960,1439127ce16610ef83f984e8a0fcd9fdef4bed0aaa17c9fabdbf4de9db43c85e,12679022,1693272514000000000,300
TT/ts-train-service_cpu/3,TT,ts-train-service,cpu,3,300,300,point,0.5,4,0.5,nsigma,2,0.5,0.8,0.014492753623188406,0,1,1,70,480.28670001076534,ts-user-service|ts-train-service|ts|ts-admin-travel-service|ts-seat-service,ts-user-service_istio-latency-99,0.5031060606060606,22,22,0.5039393939393939,0.5022727272727273,22,22,22,0.49972965666396324,baseline-v2-20260723,cd270e7871bd358937d83d9a49829637fa80007d2964084ef229f578e3733bd3,ba75425861a059dafcc477474fc3e4ed1eafdc2b47d6fdd0557337035d29a960,1439127ce16610ef83f984e8a0fcd9fdef4bed0aaa17c9fabdbf4de9db43c85e,12679022,1693272514000000000,300
TT/ts-train-service_cpu/3,TT,ts-train-service,cpu,3,300,300,point,0.5,5,0.5,baro,11,0.09090909090909091,0.0,0.14492753623188406,0,0,0,70,579.0405999869108,192-168-29-237-9100|ts-travel-service|ts-ticket-office-service|ts-food-map-mongo|ts-station-mongo,192-168-29-237-9100_node-memory-active-bytes,0.49477272727272725,22,22,0.4912121212121212,0.49833333333333335,22,22,22,0.49972965666396324,baseline-v2-20260723,cd270e7871bd358937d83d9a49829637fa80007d2964084ef229f578e3733bd3,ba75425861a059dafcc477474fc3e4ed1eafdc2b47d6fdd0557337035d29a960,1439127ce16610ef83f984e8a0fcd9fdef4bed0aaa17c9fabdbf4de9db43c85e,12679022,1693272514000000000,300
TT/ts-train-service_cpu/3,TT,ts-train-service,cpu,3,300,300,point,0.5,5,0.5,median_shift,9,0.1111111111111111,0.0,0.11594202898550725,0,0,0,70,154.7238999628462,ts-admin-user-service|ts-assurance-mongo|ts-config-mongo|ts-consign-mongo|ts-inside-payment-mongo,ts-admin-user-service_container-memory-failures-total,0.49477272727272725,22,22,0.4912121212121212,0.49833333333333335,22,22,22,0.49972965666396324,baseline-v2-20260723,cd270e7871bd358937d83d9a49829637fa80007d2964084ef229f578e3733bd3,ba75425861a059dafcc477474fc3e4ed1eafdc2b47d6fdd0557337035d29a960,1439127ce16610ef83f984e8a0fcd9fdef4bed0aaa17c9fabdbf4de9db43c85e,12679022,1693272514000000000,300
TT/ts-train-service_cpu/3,TT,ts-train-service,cpu,3,300,300,point,0.5,5,0.5,nsigma,3,0.3333333333333333,0.6,0.028985507246376812,0,1,1,70,454.53759998781607,ts-user-service|ts|ts-train-service|ts-admin-travel-service|ts-seat-service,ts-user-service_istio-latency-99,0.49477272727272725,22,22,0.4912121212121212,0.49833333333333335,22,22,22,0.49972965666396324,baseline-v2-20260723,cd270e7871bd358937d83d9a49829637fa80007d2964084ef229f578e3733bd3,ba75425861a059dafcc477474fc3e4ed1eafdc2b47d6fdd0557337035d29a960,1439127ce16610ef83f984e8a0fcd9fdef4bed0aaa17c9fabdbf4de9db43c85e,12679022,1693272514000000000,300
TT/ts-train-service_cpu/3,TT,ts-train-service,cpu,3,300,300,point,0.5,6,0.5,baro,11,0.09090909090909091,0.0,0.14492753623188406,0,0,0,70,579.0050000068732,ts-contacts-service|192-168-29-237-9100|ts-travel-service|ts-ticket-office-service|ts-station-mongo,ts-contacts-service_istio-bytes-99,0.49886363636363634,22,22,0.505,0.49272727272727274,22,22,22,0.49972965666396324,baseline-v2-20260723,cd270e7871bd358937d83d9a49829637fa80007d2964084ef229f578e3733bd3,ba75425861a059dafcc477474fc3e4ed1eafdc2b47d6fdd0557337035d29a960,1439127ce16610ef83f984e8a0fcd9fdef4bed0aaa17c9fabdbf4de9db43c85e,12679022,1693272514000000000,300
TT/ts-train-service_cpu/3,TT,ts-train-service,cpu,3,300,300,point,0.5,6,0.5,median_shift,9,0.1111111111111111,0.0,0.11594202898550725,0,0,0,70,157.91760000865906,ts-admin-user-service|ts-assurance-mongo|ts-config-mongo|ts-consign-mongo|ts-inside-payment-mongo,ts-admin-user-service_container-memory-failures-total,0.49886363636363634,22,22,0.505,0.49272727272727274,22,22,22,0.49972965666396324,baseline-v2-20260723,cd270e7871bd358937d83d9a49829637fa80007d2964084ef229f578e3733bd3,ba75425861a059dafcc477474fc3e4ed1eafdc2b47d6fdd0557337035d29a960,1439127ce16610ef83f984e8a0fcd9fdef4bed0aaa17c9fabdbf4de9db43c85e,12679022,1693272514000000000,300
TT/ts-train-service_cpu/3,TT,ts-train-service,cpu,3,300,300,point,0.5,6,0.5,nsigma,2,0.5,0.8,0.014492753623188406,0,1,1,70,448.4906000434421,ts-user-service|ts-train-service|ts|ts-admin-travel-service|ts-seat-service,ts-user-service_istio-latency-99,0.49886363636363634,22,22,0.505,0.49272727272727274,22,22,22,0.49972965666396324,baseline-v2-20260723,cd270e7871bd358937d83d9a49829637fa80007d2964084ef229f578e3733bd3,ba75425861a059dafcc477474fc3e4ed1eafdc2b47d6fdd0557337035d29a960,1439127ce16610ef83f984e8a0fcd9fdef4bed0aaa17c9fabdbf4de9db43c85e,12679022,1693272514000000000,300
TT/ts-train-service_cpu/3,TT,ts-train-service,cpu,3,300,300,point,0.5,7,0.5,baro,11,0.09090909090909091,0.0,0.14492753623188406,0,0,0,70,545.3243999509141,192-168-29-237-9100|ts-travel-service|ts-ticket-office-service|ts-station-mongo|ts-travel2-service,192-168-29-237-9100_node-memory-active-bytes,0.5052272727272727,22,22,0.505,0.5054545454545455,22,22,22,0.49972965666396324,baseline-v2-20260723,cd270e7871bd358937d83d9a49829637fa80007d2964084ef229f578e3733bd3,ba75425861a059dafcc477474fc3e4ed1eafdc2b47d6fdd0557337035d29a960,1439127ce16610ef83f984e8a0fcd9fdef4bed0aaa17c9fabdbf4de9db43c85e,12679022,1693272514000000000,300
TT/ts-train-service_cpu/3,TT,ts-train-service,cpu,3,300,300,point,0.5,7,0.5,median_shift,7,0.14285714285714285,0.0,0.08695652173913043,0,0,0,70,154.44919996662065,ts-assurance-mongo|ts-config-mongo|ts-consign-mongo|ts-inside-payment-mongo|ts-news-service,ts-assurance-mongo_container-memory-cache,0.5052272727272727,22,22,0.505,0.5054545454545455,22,22,22,0.49972965666396324,baseline-v2-20260723,cd270e7871bd358937d83d9a49829637fa80007d2964084ef229f578e3733bd3,ba75425861a059dafcc477474fc3e4ed1eafdc2b47d6fdd0557337035d29a960,1439127ce16610ef83f984e8a0fcd9fdef4bed0aaa17c9fabdbf4de9db43c85e,12679022,1693272514000000000,300
TT/ts-train-service_cpu/3,TT,ts-train-service,cpu,3,300,300,point,0.5,7,0.5,nsigma,2,0.5,0.8,0.014492753623188406,0,1,1,70,446.2749999947846,ts-user-service|ts-train-service|ts|ts-admin-travel-service|ts-seat-service,ts-user-service_istio-latency-99,0.5052272727272727,22,22,0.505,0.5054545454545455,22,22,22,0.49972965666396324,baseline-v2-20260723,cd270e7871bd358937d83d9a49829637fa80007d2964084ef229f578e3733bd3,ba75425861a059dafcc477474fc3e4ed1eafdc2b47d6fdd0557337035d29a960,1439127ce16610ef83f984e8a0fcd9fdef4bed0aaa17c9fabdbf4de9db43c85e,12679022,1693272514000000000,300
TT/ts-train-service_cpu/3,TT,ts-train-service,cpu,3,300,300,point,0.5,8,0.5,baro,11,0.09090909090909091,0.0,0.14492753623188406,0,0,0,70,548.0958000407554,192-168-29-237-9100|ts-travel-service|ts-ticket-office-service|ts-station-mongo|ts-travel2-service,192-168-29-237-9100_node-memory-active-bytes,0.5059848484848485,22,22,0.5081818181818182,0.5037878787878788,22,22,22,0.49972965666396324,baseline-v2-20260723,cd270e7871bd358937d83d9a49829637fa80007d2964084ef229f578e3733bd3,ba75425861a059dafcc477474fc3e4ed1eafdc2b47d6fdd0557337035d29a960,1439127ce16610ef83f984e8a0fcd9fdef4bed0aaa17c9fabdbf4de9db43c85e,12679022,1693272514000000000,300
TT/ts-train-service_cpu/3,TT,ts-train-service,cpu,3,300,300,point,0.5,8,0.5,median_shift,7,0.14285714285714285,0.0,0.08695652173913043,0,0,0,70,157.61669998755679,ts-assurance-mongo|ts-config-mongo|ts-consign-mongo|ts-inside-payment-mongo|ts-news-service,ts-assurance-mongo_container-memory-cache,0.5059848484848485,22,22,0.5081818181818182,0.5037878787878788,22,22,22,0.49972965666396324,baseline-v2-20260723,cd270e7871bd358937d83d9a49829637fa80007d2964084ef229f578e3733bd3,ba75425861a059dafcc477474fc3e4ed1eafdc2b47d6fdd0557337035d29a960,1439127ce16610ef83f984e8a0fcd9fdef4bed0aaa17c9fabdbf4de9db43c85e,12679022,1693272514000000000,300
TT/ts-train-service_cpu/3,TT,ts-train-service,cpu,3,300,300,point,0.5,8,0.5,nsigma,2,0.5,0.8,0.014492753623188406,0,1,1,70,483.18610002752393,ts-user-service|ts-train-service|ts|ts-admin-travel-service|ts-seat-service,ts-user-service_istio-latency-99,0.5059848484848485,22,22,0.5081818181818182,0.5037878787878788,22,22,22,0.49972965666396324,baseline-v2-20260723,cd270e7871bd358937d83d9a49829637fa80007d2964084ef229f578e3733bd3,ba75425861a059dafcc477474fc3e4ed1eafdc2b47d6fdd0557337035d29a960,1439127ce16610ef83f984e8a0fcd9fdef4bed0aaa17c9fabdbf4de9db43c85e,12679022,1693272514000000000,300
TT/ts-train-service_cpu/3,TT,ts-train-service,cpu,3,300,300,point,0.5,9,0.5,baro,10,0.1,0.0,0.13043478260869565,0,0,0,70,602.1245999727398,192-168-29-237-9100|ts-travel-service|ts-ticket-office-service|ts-station-mongo|ts-travel2-service,192-168-29-237-9100_node-memory-active-bytes,0.49704545454545457,22,22,0.5003030303030302,0.4937878787878788,22,22,22,0.49972965666396324,baseline-v2-20260723,cd270e7871bd358937d83d9a49829637fa80007d2964084ef229f578e3733bd3,ba75425861a059dafcc477474fc3e4ed1eafdc2b47d6fdd0557337035d29a960,1439127ce16610ef83f984e8a0fcd9fdef4bed0aaa17c9fabdbf4de9db43c85e,12679022,1693272514000000000,300
TT/ts-train-service_cpu/3,TT,ts-train-service,cpu,3,300,300,point,0.5,9,0.5,median_shift,7,0.14285714285714285,0.0,0.08695652173913043,0,0,0,70,158.67370000341907,ts-assurance-mongo|ts-config-mongo|ts-consign-mongo|ts-news-service|ts-price-mongo,ts-assurance-mongo_container-memory-cache,0.49704545454545457,22,22,0.5003030303030302,0.4937878787878788,22,22,22,0.49972965666396324,baseline-v2-20260723,cd270e7871bd358937d83d9a49829637fa80007d2964084ef229f578e3733bd3,ba75425861a059dafcc477474fc3e4ed1eafdc2b47d6fdd0557337035d29a960,1439127ce16610ef83f984e8a0fcd9fdef4bed0aaa17c9fabdbf4de9db43c85e,12679022,1693272514000000000,300
TT/ts-train-service_cpu/3,TT,ts-train-service,cpu,3,300,300,point,0.5,9,0.5,nsigma,2,0.5,0.8,0.014492753623188406,0,1,1,70,447.4754999973811,ts-user-service|ts-train-service|ts|ts-admin-travel-service|ts-seat-service,ts-user-service_istio-latency-99,0.49704545454545457,22,22,0.5003030303030302,0.4937878787878788,22,22,22,0.49972965666396324,baseline-v2-20260723,cd270e7871bd358937d83d9a49829637fa80007d2964084ef229f578e3733bd3,ba75425861a059dafcc477474fc3e4ed1eafdc2b47d6fdd0557337035d29a960,1439127ce16610ef83f984e8a0fcd9fdef4bed0aaa17c9fabdbf4de9db43c85e,12679022,1693272514000000000,300
TT/ts-train-service_cpu/3,TT,ts-train-service,cpu,3,300,300,stream,0.1,0,0.09981065728969435,baro,11,0.09090909090909091,0.0,0.14492753623188406,0,0,0,70,526.0630000266246,192-168-29-237-9100|ts-travel-service|ts-ticket-office-service|ts-travel2-service|ts-contacts-service,192-168-29-237-9100_node-memory-active-bytes,0.7727272727272727,17,22,0.7727272727272727,0.7727272727272727,17,17,17,0.8997026223303596,baseline-v2-20260723,cd270e7871bd358937d83d9a49829637fa80007d2964084ef229f578e3733bd3,ba75425861a059dafcc477474fc3e4ed1eafdc2b47d6fdd0557337035d29a960,1439127ce16610ef83f984e8a0fcd9fdef4bed0aaa17c9fabdbf4de9db43c85e,12679022,1693272514000000000,300
TT/ts-train-service_cpu/3,TT,ts-train-service,cpu,3,300,300,stream,0.1,0,0.09981065728969435,median_shift,8,0.125,0.0,0.10144927536231885,0,0,0,70,144.04330000979826,ts-assurance-mongo|ts-config-mongo|ts-consign-mongo|ts-inside-payment-mongo|ts-news-service,ts-assurance-mongo_container-memory-cache,0.7727272727272727,17,22,0.7727272727272727,0.7727272727272727,17,17,17,0.8997026223303596,baseline-v2-20260723,cd270e7871bd358937d83d9a49829637fa80007d2964084ef229f578e3733bd3,ba75425861a059dafcc477474fc3e4ed1eafdc2b47d6fdd0557337035d29a960,1439127ce16610ef83f984e8a0fcd9fdef4bed0aaa17c9fabdbf4de9db43c85e,12679022,1693272514000000000,300
TT/ts-train-service_cpu/3,TT,ts-train-service,cpu,3,300,300,stream,0.1,0,0.09981065728969435,nsigma,2,0.5,0.8,0.014492753623188406,0,1,1,70,413.7256999965757,ts-user-service|ts-train-service|ts|ts-admin-travel-service|ts-seat-service,ts-user-service_istio-latency-99,0.7727272727272727,17,22,0.7727272727272727,0.7727272727272727,17,17,17,0.8997026223303596,baseline-v2-20260723,cd270e7871bd358937d83d9a49829637fa80007d2964084ef229f578e3733bd3,ba75425861a059dafcc477474fc3e4ed1eafdc2b47d6fdd0557337035d29a960,1439127ce16610ef83f984e8a0fcd9fdef4bed0aaa17c9fabdbf4de9db43c85e,12679022,1693272514000000000,300
TT/ts-train-service_cpu/3,TT,ts-train-service,cpu,3,300,300,stream,0.1,1,0.09981065728969435,baro,10,0.1,0.0,0.13043478260869565,0,0,0,70,524.0624999860302,192-168-29-237-9100|ts-travel-service|ts-ticket-office-service|ts-station-mongo|ts-travel2-service,192-168-29-237-9100_node-memory-active-bytes,0.9545454545454546,21,22,0.9545454545454546,0.9545454545454546,21,21,21,0.8997026223303596,baseline-v2-20260723,cd270e7871bd358937d83d9a49829637fa80007d2964084ef229f578e3733bd3,ba75425861a059dafcc477474fc3e4ed1eafdc2b47d6fdd0557337035d29a960,1439127ce16610ef83f984e8a0fcd9fdef4bed0aaa17c9fabdbf4de9db43c85e,12679022,1693272514000000000,300
TT/ts-train-service_cpu/3,TT,ts-train-service,cpu,3,300,300,stream,0.1,1,0.09981065728969435,median_shift,8,0.125,0.0,0.10144927536231885,0,0,0,70,140.86949999909848,ts-assurance-mongo|ts-config-mongo|ts-consign-mongo|ts-inside-payment-mongo|ts-news-service,ts-assurance-mongo_container-memory-cache,0.9545454545454546,21,22,0.9545454545454546,0.9545454545454546,21,21,21,0.8997026223303596,baseline-v2-20260723,cd270e7871bd358937d83d9a49829637fa80007d2964084ef229f578e3733bd3,ba75425861a059dafcc477474fc3e4ed1eafdc2b47d6fdd0557337035d29a960,1439127ce16610ef83f984e8a0fcd9fdef4bed0aaa17c9fabdbf4de9db43c85e,12679022,1693272514000000000,300
TT/ts-train-service_cpu/3,TT,ts-train-service,cpu,3,300,300,stream,0.1,1,0.09981065728969435,nsigma,2,0.5,0.8,0.014492753623188406,0,1,1,70,413.29950001090765,ts-user-service|ts-train-service|ts|ts-admin-travel-service|ts-seat-service,ts-user-service_istio-latency-99,0.9545454545454546,21,22,0.9545454545454546,0.9545454545454546,21,21,21,0.8997026223303596,baseline-v2-20260723,cd270e7871bd358937d83d9a49829637fa80007d2964084ef229f578e3733bd3,ba75425861a059dafcc477474fc3e4ed1eafdc2b47d6fdd0557337035d29a960,1439127ce16610ef83f984e8a0fcd9fdef4bed0aaa17c9fabdbf4de9db43c85e,12679022,1693272514000000000,300
TT/ts-train-service_cpu/3,TT,ts-train-service,cpu,3,300,300,stream,0.1,2,0.09981065728969435,baro,10,0.1,0.0,0.13043478260869565,0,0,0,70,494.7231000405736,192-168-29-237-9100|ts-travel-service|ts-ticket-office-service|ts-station-mongo|ts-travel2-service,192-168-29-237-9100_node-memory-active-bytes,0.8181818181818182,18,22,0.8181818181818182,0.8181818181818182,18,18,18,0.8997026223303596,baseline-v2-20260723,cd270e7871bd358937d83d9a49829637fa80007d2964084ef229f578e3733bd3,ba75425861a059dafcc477474fc3e4ed1eafdc2b47d6fdd0557337035d29a960,1439127ce16610ef83f984e8a0fcd9fdef4bed0aaa17c9fabdbf4de9db43c85e,12679022,1693272514000000000,300
TT/ts-train-service_cpu/3,TT,ts-train-service,cpu,3,300,300,stream,0.1,2,0.09981065728969435,median_shift,7,0.14285714285714285,0.0,0.08695652173913043,0,0,0,70,141.82499999878928,ts-assurance-mongo|ts-config-mongo|ts-inside-payment-mongo|ts-news-service|ts-price-mongo,ts-assurance-mongo_container-memory-cache,0.8181818181818182,18,22,0.8181818181818182,0.8181818181818182,18,18,18,0.8997026223303596,baseline-v2-20260723,cd270e7871bd358937d83d9a49829637fa80007d2964084ef229f578e3733bd3,ba75425861a059dafcc477474fc3e4ed1eafdc2b47d6fdd0557337035d29a960,1439127ce16610ef83f984e8a0fcd9fdef4bed0aaa17c9fabdbf4de9db43c85e,12679022,1693272514000000000,300
TT/ts-train-service_cpu/3,TT,ts-train-service,cpu,3,300,300,stream,0.1,2,0.09981065728969435,nsigma,2,0.5,0.8,0.014492753623188406,0,1,1,70,446.46130001638085,ts-user-service|ts-train-service|ts|ts-admin-travel-service|ts-seat-service,ts-user-service_istio-latency-99,0.8181818181818182,18,22,0.8181818181818182,0.8181818181818182,18,18,18,0.8997026223303596,baseline-v2-20260723,cd270e7871bd358937d83d9a49829637fa80007d2964084ef229f578e3733bd3,ba75425861a059dafcc477474fc3e4ed1eafdc2b47d6fdd0557337035d29a960,1439127ce16610ef83f984e8a0fcd9fdef4bed0aaa17c9fabdbf4de9db43c85e,12679022,1693272514000000000,300
TT/ts-train-service_cpu/3,TT,ts-train-service,cpu,3,300,300,stream,0.1,3,0.09974303489315661,baro,10,0.1,0.0,0.13043478260869565,0,0,0,70,539.9233000352979,192-168-29-237-9100|ts-travel-service|ts-ticket-office-service|ts-station-mongo|ts-travel2-service,192-168-29-237-9100_node-memory-active-bytes,0.8181818181818182,18,22,0.8181818181818182,0.8181818181818182,18,18,18,0.8997702081643687,baseline-v2-20260723,cd270e7871bd358937d83d9a49829637fa80007d2964084ef229f578e3733bd3,ba75425861a059dafcc477474fc3e4ed1eafdc2b47d6fdd0557337035d29a960,1439127ce16610ef83f984e8a0fcd9fdef4bed0aaa17c9fabdbf4de9db43c85e,12679022,1693272514000000000,300
TT/ts-train-service_cpu/3,TT,ts-train-service,cpu,3,300,300,stream,0.1,3,0.09974303489315661,median_shift,7,0.14285714285714285,0.0,0.08695652173913043,0,0,0,70,141.29230001708493,ts-assurance-mongo|ts-config-mongo|ts-consign-mongo|ts-inside-payment-mongo|ts-news-service,ts-assurance-mongo_container-memory-cache,0.8181818181818182,18,22,0.8181818181818182,0.8181818181818182,18,18,18,0.8997702081643687,baseline-v2-20260723,cd270e7871bd358937d83d9a49829637fa80007d2964084ef229f578e3733bd3,ba75425861a059dafcc477474fc3e4ed1eafdc2b47d6fdd0557337035d29a960,1439127ce16610ef83f984e8a0fcd9fdef4bed0aaa17c9fabdbf4de9db43c85e,12679022,1693272514000000000,300
TT/ts-train-service_cpu/3,TT,ts-train-service,cpu,3,300,300,stream,0.1,3,0.09974303489315661,nsigma,2,0.5,0.8,0.014492753623188406,0,1,1,70,416.51410004124045,ts-user-service|ts-train-service|ts|ts-admin-travel-service|ts-seat-service,ts-user-service_istio-latency-99,0.8181818181818182,18,22,0.8181818181818182,0.8181818181818182,18,18,18,0.8997702081643687,baseline-v2-20260723,cd270e7871bd358937d83d9a49829637fa80007d2964084ef229f578e3733bd3,ba75425861a059dafcc477474fc3e4ed1eafdc2b47d6fdd0557337035d29a960,1439127ce16610ef83f984e8a0fcd9fdef4bed0aaa17c9fabdbf4de9db43c85e,12679022,1693272514000000000,300
TT/ts-train-service_cpu/3,TT,ts-train-service,cpu,3,300,300,stream,0.1,4,0.09981065728969435,baro,10,0.1,0.0,0.13043478260869565,0,0,0,70,500.9639000054449,192-168-29-237-9100|ts-travel-service|ts-ticket-office-service|ts-station-mongo|ts-travel2-service,192-168-29-237-9100_node-memory-active-bytes,0.9545454545454546,21,22,0.9545454545454546,0.9545454545454546,21,21,21,0.8997026223303596,baseline-v2-20260723,cd270e7871bd358937d83d9a49829637fa80007d2964084ef229f578e3733bd3,ba75425861a059dafcc477474fc3e4ed1eafdc2b47d6fdd0557337035d29a960,1439127ce16610ef83f984e8a0fcd9fdef4bed0aaa17c9fabdbf4de9db43c85e,12679022,1693272514000000000,300
TT/ts-train-service_cpu/3,TT,ts-train-service,cpu,3,300,300,stream,0.1,4,0.09981065728969435,median_shift,8,0.125,0.0,0.10144927536231885,0,0,0,70,140.02190000610426,ts-assurance-mongo|ts-config-mongo|ts-consign-mongo|ts-inside-payment-mongo|ts-news-service,ts-assurance-mongo_container-memory-rss,0.9545454545454546,21,22,0.9545454545454546,0.9545454545454546,21,21,21,0.8997026223303596,baseline-v2-20260723,cd270e7871bd358937d83d9a49829637fa80007d2964084ef229f578e3733bd3,ba75425861a059dafcc477474fc3e4ed1eafdc2b47d6fdd0557337035d29a960,1439127ce16610ef83f984e8a0fcd9fdef4bed0aaa17c9fabdbf4de9db43c85e,12679022,1693272514000000000,300
TT/ts-train-service_cpu/3,TT,ts-train-service,cpu,3,300,300,stream,0.1,4,0.09981065728969435,nsigma,1,1.0,1.0,0.0,1,1,1,70,413.52319996804,ts-train-service|ts|ts-admin-travel-service|ts-seat-service|ts-user-service,ts-train-service_istio-latency-95,0.9545454545454546,21,22,0.9545454545454546,0.9545454545454546,21,21,21,0.8997026223303596,baseline-v2-20260723,cd270e7871bd358937d83d9a49829637fa80007d2964084ef229f578e3733bd3,ba75425861a059dafcc477474fc3e4ed1eafdc2b47d6fdd0557337035d29a960,1439127ce16610ef83f984e8a0fcd9fdef4bed0aaa17c9fabdbf4de9db43c85e,12679022,1693272514000000000,300
TT/ts-train-service_cpu/3,TT,ts-train-service,cpu,3,300,300,stream,0.1,5,0.09981065728969435,baro,10,0.1,0.0,0.13043478260869565,0,0,0,70,525.5841999896802,192-168-29-237-9100|ts-travel-service|ts-ticket-office-service|ts-station-mongo|ts-travel2-service,192-168-29-237-9100_node-memory-active-bytes,0.9545454545454546,21,22,0.9545454545454546,0.9545454545454546,21,21,21,0.8997026223303596,baseline-v2-20260723,cd270e7871bd358937d83d9a49829637fa80007d2964084ef229f578e3733bd3,ba75425861a059dafcc477474fc3e4ed1eafdc2b47d6fdd0557337035d29a960,1439127ce16610ef83f984e8a0fcd9fdef4bed0aaa17c9fabdbf4de9db43c85e,12679022,1693272514000000000,300
TT/ts-train-service_cpu/3,TT,ts-train-service,cpu,3,300,300,stream,0.1,5,0.09981065728969435,median_shift,7,0.14285714285714285,0.0,0.08695652173913043,0,0,0,70,140.595700009726,ts-assurance-mongo|ts-config-mongo|ts-consign-mongo|ts-inside-payment-mongo|ts-price-mongo,ts-assurance-mongo_container-memory-cache,0.9545454545454546,21,22,0.9545454545454546,0.9545454545454546,21,21,21,0.8997026223303596,baseline-v2-20260723,cd270e7871bd358937d83d9a49829637fa80007d2964084ef229f578e3733bd3,ba75425861a059dafcc477474fc3e4ed1eafdc2b47d6fdd0557337035d29a960,1439127ce16610ef83f984e8a0fcd9fdef4bed0aaa17c9fabdbf4de9db43c85e,12679022,1693272514000000000,300
TT/ts-train-service_cpu/3,TT,ts-train-service,cpu,3,300,300,stream,0.1,5,0.09981065728969435,nsigma,2,0.5,0.8,0.014492753623188406,0,1,1,70,413.05769997416064,ts-user-service|ts-train-service|ts|ts-admin-travel-service|ts-seat-service,ts-user-service_istio-latency-99,0.9545454545454546,21,22,0.9545454545454546,0.9545454545454546,21,21,21,0.8997026223303596,baseline-v2-20260723,cd270e7871bd358937d83d9a49829637fa80007d2964084ef229f578e3733bd3,ba75425861a059dafcc477474fc3e4ed1eafdc2b47d6fdd0557337035d29a960,1439127ce16610ef83f984e8a0fcd9fdef4bed0aaa17c9fabdbf4de9db43c85e,12679022,1693272514000000000,300
TT/ts-train-service_cpu/3,TT,ts-train-service,cpu,3,300,300,stream,0.1,6,0.09974303489315661,baro,10,0.1,0.0,0.13043478260869565,0,0,0,70,490.47439999412745,192-168-29-237-9100|ts-travel-service|ts-ticket-office-service|ts-station-mongo|ts-travel2-service,192-168-29-237-9100_node-memory-active-bytes,0.9090909090909091,20,22,0.9090909090909091,0.9090909090909091,20,20,20,0.8997702081643687,baseline-v2-20260723,cd270e7871bd358937d83d9a49829637fa80007d2964084ef229f578e3733bd3,ba75425861a059dafcc477474fc3e4ed1eafdc2b47d6fdd0557337035d29a960,1439127ce16610ef83f984e8a0fcd9fdef4bed0aaa17c9fabdbf4de9db43c85e,12679022,1693272514000000000,300
TT/ts-train-service_cpu/3,TT,ts-train-service,cpu,3,300,300,stream,0.1,6,0.09974303489315661,median_shift,8,0.125,0.0,0.10144927536231885,0,0,0,70,142.83069997327402,ts-assurance-mongo|ts-config-mongo|ts-consign-mongo|ts-inside-payment-mongo|ts-news-service,ts-assurance-mongo_container-memory-cache,0.9090909090909091,20,22,0.9090909090909091,0.9090909090909091,20,20,20,0.8997702081643687,baseline-v2-20260723,cd270e7871bd358937d83d9a49829637fa80007d2964084ef229f578e3733bd3,ba75425861a059dafcc477474fc3e4ed1eafdc2b47d6fdd0557337035d29a960,1439127ce16610ef83f984e8a0fcd9fdef4bed0aaa17c9fabdbf4de9db43c85e,12679022,1693272514000000000,300
TT/ts-train-service_cpu/3,TT,ts-train-service,cpu,3,300,300,stream,0.1,6,0.09974303489315661,nsigma,2,0.5,0.8,0.014492753623188406,0,1,1,70,413.7520000222139,ts-user-service|ts-train-service|ts|ts-admin-travel-service|ts-seat-service,ts-user-service_istio-latency-99,0.9090909090909091,20,22,0.9090909090909091,0.9090909090909091,20,20,20,0.8997702081643687,baseline-v2-20260723,cd270e7871bd358937d83d9a49829637fa80007d2964084ef229f578e3733bd3,ba75425861a059dafcc477474fc3e4ed1eafdc2b47d6fdd0557337035d29a960,1439127ce16610ef83f984e8a0fcd9fdef4bed0aaa17c9fabdbf4de9db43c85e,12679022,1693272514000000000,300
TT/ts-train-service_cpu/3,TT,ts-train-service,cpu,3,300,300,stream,0.1,7,0.09981065728969435,baro,10,0.1,0.0,0.13043478260869565,0,0,0,70,498.01510001998395,192-168-29-237-9100|ts-travel-service|ts-ticket-office-service|ts-station-mongo|ts-travel2-service,192-168-29-237-9100_node-memory-active-bytes,0.8636363636363636,19,22,0.8636363636363636,0.8636363636363636,19,19,19,0.8997026223303596,baseline-v2-20260723,cd270e7871bd358937d83d9a49829637fa80007d2964084ef229f578e3733bd3,ba75425861a059dafcc477474fc3e4ed1eafdc2b47d6fdd0557337035d29a960,1439127ce16610ef83f984e8a0fcd9fdef4bed0aaa17c9fabdbf4de9db43c85e,12679022,1693272514000000000,300
TT/ts-train-service_cpu/3,TT,ts-train-service,cpu,3,300,300,stream,0.1,7,0.09981065728969435,median_shift,8,0.125,0.0,0.10144927536231885,0,0,0,70,142.4422999843955,ts-assurance-mongo|ts-config-mongo|ts-consign-mongo|ts-inside-payment-mongo|ts-news-service,ts-assurance-mongo_container-memory-cache,0.8636363636363636,19,22,0.8636363636363636,0.8636363636363636,19,19,19,0.8997026223303596,baseline-v2-20260723,cd270e7871bd358937d83d9a49829637fa80007d2964084ef229f578e3733bd3,ba75425861a059dafcc477474fc3e4ed1eafdc2b47d6fdd0557337035d29a960,1439127ce16610ef83f984e8a0fcd9fdef4bed0aaa17c9fabdbf4de9db43c85e,12679022,1693272514000000000,300
TT/ts-train-service_cpu/3,TT,ts-train-service,cpu,3,300,300,stream,0.1,7,0.09981065728969435,nsigma,2,0.5,0.8,0.014492753623188406,0,1,1,70,449.0541000268422,ts-user-service|ts-train-service|ts|ts-admin-travel-service|ts-seat-service,ts-user-service_istio-latency-99,0.8636363636363636,19,22,0.8636363636363636,0.8636363636363636,19,19,19,0.8997026223303596,baseline-v2-20260723,cd270e7871bd358937d83d9a49829637fa80007d2964084ef229f578e3733bd3,ba75425861a059dafcc477474fc3e4ed1eafdc2b47d6fdd0557337035d29a960,1439127ce16610ef83f984e8a0fcd9fdef4bed0aaa17c9fabdbf4de9db43c85e,12679022,1693272514000000000,300
TT/ts-train-service_cpu/3,TT,ts-train-service,cpu,3,300,300,stream,0.1,8,0.09981065728969435,baro,10,0.1,0.0,0.13043478260869565,0,0,0,70,496.588799986057,192-168-29-237-9100|ts-travel-service|ts-ticket-office-service|ts-station-mongo|ts-travel2-service,192-168-29-237-9100_node-memory-active-bytes,1.0,22,22,1.0,1.0,22,22,22,0.8997026223303596,baseline-v2-20260723,cd270e7871bd358937d83d9a49829637fa80007d2964084ef229f578e3733bd3,ba75425861a059dafcc477474fc3e4ed1eafdc2b47d6fdd0557337035d29a960,1439127ce16610ef83f984e8a0fcd9fdef4bed0aaa17c9fabdbf4de9db43c85e,12679022,1693272514000000000,300
TT/ts-train-service_cpu/3,TT,ts-train-service,cpu,3,300,300,stream,0.1,8,0.09981065728969435,median_shift,8,0.125,0.0,0.10144927536231885,0,0,0,70,144.0831000218168,ts-assurance-mongo|ts-config-mongo|ts-consign-mongo|ts-inside-payment-mongo|ts-news-service,ts-assurance-mongo_container-memory-cache,1.0,22,22,1.0,1.0,22,22,22,0.8997026223303596,baseline-v2-20260723,cd270e7871bd358937d83d9a49829637fa80007d2964084ef229f578e3733bd3,ba75425861a059dafcc477474fc3e4ed1eafdc2b47d6fdd0557337035d29a960,1439127ce16610ef83f984e8a0fcd9fdef4bed0aaa17c9fabdbf4de9db43c85e,12679022,1693272514000000000,300
TT/ts-train-service_cpu/3,TT,ts-train-service,cpu,3,300,300,stream,0.1,8,0.09981065728969435,nsigma,2,0.5,0.8,0.014492753623188406,0,1,1,70,445.4772000317462,ts-user-service|ts-train-service|ts|ts-admin-travel-service|ts-travel-service,ts-user-service_istio-latency-99,1.0,22,22,1.0,1.0,22,22,22,0.8997026223303596,baseline-v2-20260723,cd270e7871bd358937d83d9a49829637fa80007d2964084ef229f578e3733bd3,ba75425861a059dafcc477474fc3e4ed1eafdc2b47d6fdd0557337035d29a960,1439127ce16610ef83f984e8a0fcd9fdef4bed0aaa17c9fabdbf4de9db43c85e,12679022,1693272514000000000,300
TT/ts-train-service_cpu/3,TT,ts-train-service,cpu,3,300,300,stream,0.1,9,0.09974303489315661,baro,10,0.1,0.0,0.13043478260869565,0,0,0,70,496.9068000209518,192-168-29-237-9100|ts-travel-service|ts-ticket-office-service|ts-station-mongo|ts-travel2-service,192-168-29-237-9100_node-memory-active-bytes,0.8181818181818182,18,22,0.8181818181818182,0.8181818181818182,18,18,18,0.8997702081643687,baseline-v2-20260723,cd270e7871bd358937d83d9a49829637fa80007d2964084ef229f578e3733bd3,ba75425861a059dafcc477474fc3e4ed1eafdc2b47d6fdd0557337035d29a960,1439127ce16610ef83f984e8a0fcd9fdef4bed0aaa17c9fabdbf4de9db43c85e,12679022,1693272514000000000,300
TT/ts-train-service_cpu/3,TT,ts-train-service,cpu,3,300,300,stream,0.1,9,0.09974303489315661,median_shift,8,0.125,0.0,0.10144927536231885,0,0,0,70,146.28889999585226,ts-assurance-mongo|ts-config-mongo|ts-consign-mongo|ts-inside-payment-mongo|ts-news-service,ts-assurance-mongo_container-memory-cache,0.8181818181818182,18,22,0.8181818181818182,0.8181818181818182,18,18,18,0.8997702081643687,baseline-v2-20260723,cd270e7871bd358937d83d9a49829637fa80007d2964084ef229f578e3733bd3,ba75425861a059dafcc477474fc3e4ed1eafdc2b47d6fdd0557337035d29a960,1439127ce16610ef83f984e8a0fcd9fdef4bed0aaa17c9fabdbf4de9db43c85e,12679022,1693272514000000000,300
TT/ts-train-service_cpu/3,TT,ts-train-service,cpu,3,300,300,stream,0.1,9,0.09974303489315661,nsigma,2,0.5,0.8,0.014492753623188406,0,1,1,70,413.49019994959235,ts-user-service|ts-train-service|ts|ts-admin-travel-service|ts-seat-service,ts-user-service_istio-latency-99,0.8181818181818182,18,22,0.8181818181818182,0.8181818181818182,18,18,18,0.8997702081643687,baseline-v2-20260723,cd270e7871bd358937d83d9a49829637fa80007d2964084ef229f578e3733bd3,ba75425861a059dafcc477474fc3e4ed1eafdc2b47d6fdd0557337035d29a960,1439127ce16610ef83f984e8a0fcd9fdef4bed0aaa17c9fabdbf4de9db43c85e,12679022,1693272514000000000,300
TT/ts-train-service_cpu/3,TT,ts-train-service,cpu,3,300,300,stream,0.3,0,0.30010819583446036,baro,9,0.1111111111111111,0.0,0.11594202898550725,0,0,0,70,432.76640004478395,192-168-29-237-9100|ts-ticket-office-service|ts-station-mongo|ts-travel2-service|ts-contacts-service,192-168-29-237-9100_node-memory-active-bytes,0.7272727272727273,16,22,0.7272727272727273,0.7272727272727273,16,16,16,0.6995133819951338,baseline-v2-20260723,cd270e7871bd358937d83d9a49829637fa80007d2964084ef229f578e3733bd3,ba75425861a059dafcc477474fc3e4ed1eafdc2b47d6fdd0557337035d29a960,1439127ce16610ef83f984e8a0fcd9fdef4bed0aaa17c9fabdbf4de9db43c85e,12679022,1693272514000000000,300
TT/ts-train-service_cpu/3,TT,ts-train-service,cpu,3,300,300,stream,0.3,0,0.30010819583446036,median_shift,7,0.14285714285714285,0.0,0.08695652173913043,0,0,0,70,121.73210002947599,ts-assurance-mongo|ts-config-mongo|ts-consign-mongo|ts-news-service|ts-price-mongo,ts-assurance-mongo_container-memory-cache,0.7272727272727273,16,22,0.7272727272727273,0.7272727272727273,16,16,16,0.6995133819951338,baseline-v2-20260723,cd270e7871bd358937d83d9a49829637fa80007d2964084ef229f578e3733bd3,ba75425861a059dafcc477474fc3e4ed1eafdc2b47d6fdd0557337035d29a960,1439127ce16610ef83f984e8a0fcd9fdef4bed0aaa17c9fabdbf4de9db43c85e,12679022,1693272514000000000,300
TT/ts-train-service_cpu/3,TT,ts-train-service,cpu,3,300,300,stream,0.3,0,0.30010819583446036,nsigma,1,1.0,1.0,0.0,1,1,1,70,407.16709999833256,ts-train-service|ts|ts-admin-travel-service|ts-seat-service|ts-order-other-mongo,ts-train-service_container-cpu-usage-seconds-total,0.7272727272727273,16,22,0.7272727272727273,0.7272727272727273,16,16,16,0.6995133819951338,baseline-v2-20260723,cd270e7871bd358937d83d9a49829637fa80007d2964084ef229f578e3733bd3,ba75425861a059dafcc477474fc3e4ed1eafdc2b47d6fdd0557337035d29a960,1439127ce16610ef83f984e8a0fcd9fdef4bed0aaa17c9fabdbf4de9db43c85e,12679022,1693272514000000000,300
TT/ts-train-service_cpu/3,TT,ts-train-service,cpu,3,300,300,stream,0.3,1,0.3001758182309981,baro,9,0.1111111111111111,0.0,0.11594202898550725,0,0,0,70,462.4986000126228,192-168-29-237-9100|ts-travel-service|ts-station-mongo|ts-travel2-service|ts-contacts-service,192-168-29-237-9100_node-memory-active-bytes,0.5454545454545454,12,22,0.5454545454545454,0.5454545454545454,12,12,12,0.6994457961611247,baseline-v2-20260723,cd270e7871bd358937d83d9a49829637fa80007d2964084ef229f578e3733bd3,ba75425861a059dafcc477474fc3e4ed1eafdc2b47d6fdd0557337035d29a960,1439127ce16610ef83f984e8a0fcd9fdef4bed0aaa17c9fabdbf4de9db43c85e,12679022,1693272514000000000,300
TT/ts-train-service_cpu/3,TT,ts-train-service,cpu,3,300,300,stream,0.3,1,0.3001758182309981,median_shift,8,0.125,0.0,0.10144927536231885,0,0,0,70,126.15959998220205,ts-assurance-mongo|ts-config-mongo|ts-inside-payment-mongo|ts-news-service|ts-travel-service,ts-assurance-mongo_container-memory-cache,0.5454545454545454,12,22,0.5454545454545454,0.5454545454545454,12,12,12,0.6994457961611247,baseline-v2-20260723,cd270e7871bd358937d83d9a49829637fa80007d2964084ef229f578e3733bd3,ba75425861a059dafcc477474fc3e4ed1eafdc2b47d6fdd0557337035d29a960,1439127ce16610ef83f984e8a0fcd9fdef4bed0aaa17c9fabdbf4de9db43c85e,12679022,1693272514000000000,300
TT/ts-train-service_cpu/3,TT,ts-train-service,cpu,3,300,300,stream,0.3,1,0.3001758182309981,nsigma,1,1.0,1.0,0.0,1,1,1,70,368.0074999574572,ts-train-service|ts|ts-admin-travel-service|ts-seat-service|ts-user-service,ts-train-service_container-cpu-usage-seconds-total,0.5454545454545454,12,22,0.5454545454545454,0.5454545454545454,12,12,12,0.6994457961611247,baseline-v2-20260723,cd270e7871bd358937d83d9a49829637fa80007d2964084ef229f578e3733bd3,ba75425861a059dafcc477474fc3e4ed1eafdc2b47d6fdd0557337035d29a960,1439127ce16610ef83f984e8a0fcd9fdef4bed0aaa17c9fabdbf4de9db43c85e,12679022,1693272514000000000,300
TT/ts-train-service_cpu/3,TT,ts-train-service,cpu,3,300,300,stream,0.3,2,0.3001758182309981,baro,7,0.14285714285714285,0.0,0.08695652173913043,0,0,0,70,437.56069999653846,192-168-29-237-9100|ts-travel-service|ts-ticket-office-service|ts-contacts-service|ts-inside-payment-service,192-168-29-237-9100_node-memory-active-bytes,0.6818181818181818,15,22,0.6818181818181818,0.6818181818181818,15,15,15,0.6994457961611247,baseline-v2-20260723,cd270e7871bd358937d83d9a49829637fa80007d2964084ef229f578e3733bd3,ba75425861a059dafcc477474fc3e4ed1eafdc2b47d6fdd0557337035d29a960,1439127ce16610ef83f984e8a0fcd9fdef4bed0aaa17c9fabdbf4de9db43c85e,12679022,1693272514000000000,300
TT/ts-train-service_cpu/3,TT,ts-train-service,cpu,3,300,300,stream,0.3,2,0.3001758182309981,median_shift,6,0.16666666666666666,0.0,0.07246376811594203,0,0,0,70,124.69520000740886,ts-assurance-mongo|ts-config-mongo|ts-consign-mongo|ts-price-mongo|ts-route-mongo,ts-assurance-mongo_container-memory-cache,0.6818181818181818,15,22,0.6818181818181818,0.6818181818181818,15,15,15,0.6994457961611247,baseline-v2-20260723,cd270e7871bd358937d83d9a49829637fa80007d2964084ef229f578e3733bd3,ba75425861a059dafcc477474fc3e4ed1eafdc2b47d6fdd0557337035d29a960,1439127ce16610ef83f984e8a0fcd9fdef4bed0aaa17c9fabdbf4de9db43c85e,12679022,1693272514000000000,300
TT/ts-train-service_cpu/3,TT,ts-train-service,cpu,3,300,300,stream,0.3,2,0.3001758182309981,nsigma,1,1.0,1.0,0.0,1,1,1,70,364.4815000006929,ts-train-service|ts-admin-travel-service|ts-seat-service|ts-user-service|ts-travel-service,ts-train-service_istio-latency-95,0.6818181818181818,15,22,0.6818181818181818,0.6818181818181818,15,15,15,0.6994457961611247,baseline-v2-20260723,cd270e7871bd358937d83d9a49829637fa80007d2964084ef229f578e3733bd3,ba75425861a059dafcc477474fc3e4ed1eafdc2b47d6fdd0557337035d29a960,1439127ce16610ef83f984e8a0fcd9fdef4bed0aaa17c9fabdbf4de9db43c85e,12679022,1693272514000000000,300
TT/ts-train-service_cpu/3,TT,ts-train-service,cpu,3,300,300,stream,0.3,3,0.3001758182309981,baro,8,0.125,0.0,0.10144927536231885,0,0,0,70,451.19919994613156,192-168-29-237-9100|ts-station-mongo|ts-travel2-service|ts-contacts-service|ts-execute-service,192-168-29-237-9100_node-memory-active-bytes,0.6818181818181818,15,22,0.6818181818181818,0.6818181818181818,15,15,15,0.6994457961611247,baseline-v2-20260723,cd270e7871bd358937d83d9a49829637fa80007d2964084ef229f578e3733bd3,ba75425861a059dafcc477474fc3e4ed1eafdc2b47d6fdd0557337035d29a960,1439127ce16610ef83f984e8a0fcd9fdef4bed0aaa17c9fabdbf4de9db43c85e,12679022,1693272514000000000,300
TT/ts-train-service_cpu/3,TT,ts-train-service,cpu,3,300,300,stream,0.3,3,0.3001758182309981,median_shift,7,0.14285714285714285,0.0,0.08695652173913043,0,0,0,70,125.08349999552593,ts-assurance-mongo|ts-config-mongo|ts-consign-mongo|ts-inside-payment-mongo|ts-price-mongo,ts-assurance-mongo_container-memory-rss,0.6818181818181818,15,22,0.6818181818181818,0.6818181818181818,15,15,15,0.6994457961611247,baseline-v2-20260723,cd270e7871bd358937d83d9a49829637fa80007d2964084ef229f578e3733bd3,ba75425861a059dafcc477474fc3e4ed1eafdc2b47d6fdd0557337035d29a960,1439127ce16610ef83f984e8a0fcd9fdef4bed0aaa17c9fabdbf4de9db43c85e,12679022,1693272514000000000,300
TT/ts-train-service_cpu/3,TT,ts-train-service,cpu,3,300,300,stream,0.3,3,0.3001758182309981,nsigma,1,1.0,1.0,0.0,1,1,1,70,360.4283999884501,ts-train-service|ts|ts-admin-travel-service|ts-seat-service|ts-user-service,ts-train-service_istio-latency-95,0.6818181818181818,15,22,0.6818181818181818,0.6818181818181818,15,15,15,0.6994457961611247,baseline-v2-20260723,cd270e7871bd358937d83d9a49829637fa80007d2964084ef229f578e3733bd3,ba75425861a059dafcc477474fc3e4ed1eafdc2b47d6fdd0557337035d29a960,1439127ce16610ef83f984e8a0fcd9fdef4bed0aaa17c9fabdbf4de9db43c85e,12679022,1693272514000000000,300
TT/ts-train-service_cpu/3,TT,ts-train-service,cpu,3,300,300,stream,0.3,4,0.30010819583446036,baro,8,0.125,0.0,0.10144927536231885,0,0,0,70,421.8849000171758,192-168-29-237-9100|ts-travel-service|ts-station-mongo|ts-travel2-service|ts-contacts-service,192-168-29-237-9100_node-memory-active-bytes,0.6363636363636364,14,22,0.6363636363636364,0.6363636363636364,14,14,14,0.6995133819951338,baseline-v2-20260723,cd270e7871bd358937d83d9a49829637fa80007d2964084ef229f578e3733bd3,ba75425861a059dafcc477474fc3e4ed1eafdc2b47d6fdd0557337035d29a960,1439127ce16610ef83f984e8a0fcd9fdef4bed0aaa17c9fabdbf4de9db43c85e,12679022,1693272514000000000,300
TT/ts-train-service_cpu/3,TT,ts-train-service,cpu,3,300,300,stream,0.3,4,0.30010819583446036,median_shift,3,0.3333333333333333,0.6,0.028985507246376812,0,1,1,70,126.14260002737865,ts-assurance-mongo|ts-price-mongo|ts-train-service|ts-travel-service|ts-execute-service,ts-assurance-mongo_container-memory-cache,0.6363636363636364,14,22,0.6363636363636364,0.6363636363636364,14,14,14,0.6995133819951338,baseline-v2-20260723,cd270e7871bd358937d83d9a49829637fa80007d2964084ef229f578e3733bd3,ba75425861a059dafcc477474fc3e4ed1eafdc2b47d6fdd0557337035d29a960,1439127ce16610ef83f984e8a0fcd9fdef4bed0aaa17c9fabdbf4de9db43c85e,12679022,1693272514000000000,300
TT/ts-train-service_cpu/3,TT,ts-train-service,cpu,3,300,300,stream,0.3,4,0.30010819583446036,nsigma,2,0.5,0.8,0.014492753623188406,0,1,1,70,359.6220000181347,ts-user-service|ts-train-service|ts|ts-travel-service|ts-admin-travel-service,ts-user-service_istio-latency-99,0.6363636363636364,14,22,0.6363636363636364,0.6363636363636364,14,14,14,0.6995133819951338,baseline-v2-20260723,cd270e7871bd358937d83d9a49829637fa80007d2964084ef229f578e3733bd3,ba75425861a059dafcc477474fc3e4ed1eafdc2b47d6fdd0557337035d29a960,1439127ce16610ef83f984e8a0fcd9fdef4bed0aaa17c9fabdbf4de9db43c85e,12679022,1693272514000000000,300
TT/ts-train-service_cpu/3,TT,ts-train-service,cpu,3,300,300,stream,0.3,5,0.3001758182309981,baro,7,0.14285714285714285,0.0,0.08695652173913043,0,0,0,70,428.9188000257127,ts-ticket-office-service|ts-station-mongo|ts-travel2-service|ts-contacts-service|ts-inside-payment-service,ts-ticket-office-service_container-memory-rss,0.6363636363636364,14,22,0.6363636363636364,0.6363636363636364,14,14,14,0.6994457961611247,baseline-v2-20260723,cd270e7871bd358937d83d9a49829637fa80007d2964084ef229f578e3733bd3,ba75425861a059dafcc477474fc3e4ed1eafdc2b47d6fdd0557337035d29a960,1439127ce16610ef83f984e8a0fcd9fdef4bed0aaa17c9fabdbf4de9db43c85e,12679022,1693272514000000000,300
TT/ts-train-service_cpu/3,TT,ts-train-service,cpu,3,300,300,stream,0.3,5,0.3001758182309981,median_shift,7,0.14285714285714285,0.0,0.08695652173913043,0,0,0,70,122.53310001688078,ts-assurance-mongo|ts-config-mongo|ts-consign-mongo|ts-inside-payment-mongo|ts-news-service,ts-assurance-mongo_container-memory-cache,0.6363636363636364,14,22,0.6363636363636364,0.6363636363636364,14,14,14,0.6994457961611247,baseline-v2-20260723,cd270e7871bd358937d83d9a49829637fa80007d2964084ef229f578e3733bd3,ba75425861a059dafcc477474fc3e4ed1eafdc2b47d6fdd0557337035d29a960,1439127ce16610ef83f984e8a0fcd9fdef4bed0aaa17c9fabdbf4de9db43c85e,12679022,1693272514000000000,300
TT/ts-train-service_cpu/3,TT,ts-train-service,cpu,3,300,300,stream,0.3,5,0.3001758182309981,nsigma,2,0.5,0.8,0.014492753623188406,0,1,1,70,393.2314999983646,ts-user-service|ts-train-service|ts|ts-admin-travel-service|ts-seat-service,ts-user-service_istio-latency-99,0.6363636363636364,14,22,0.6363636363636364,0.6363636363636364,14,14,14,0.6994457961611247,baseline-v2-20260723,cd270e7871bd358937d83d9a49829637fa80007d2964084ef229f578e3733bd3,ba75425861a059dafcc477474fc3e4ed1eafdc2b47d6fdd0557337035d29a960,1439127ce16610ef83f984e8a0fcd9fdef4bed0aaa17c9fabdbf4de9db43c85e,12679022,1693272514000000000,300
TT/ts-train-service_cpu/3,TT,ts-train-service,cpu,3,300,300,stream,0.3,6,0.29983770624830947,baro,6,0.16666666666666666,0.0,0.07246376811594203,0,0,0,70,414.4836000050418,192-168-29-237-9100|ts-travel2-service|ts-contacts-service|ts-execute-service|ts-inside-payment-service,192-168-29-237-9100_node-memory-active-bytes,0.6363636363636364,14,22,0.6363636363636364,0.6363636363636364,14,14,14,0.6997837253311706,baseline-v2-20260723,cd270e7871bd358937d83d9a49829637fa80007d2964084ef229f578e3733bd3,ba75425861a059dafcc477474fc3e4ed1eafdc2b47d6fdd0557337035d29a960,1439127ce16610ef83f984e8a0fcd9fdef4bed0aaa17c9fabdbf4de9db43c85e,12679022,1693272514000000000,300
TT/ts-train-service_cpu/3,TT,ts-train-service,cpu,3,300,300,stream,0.3,6,0.29983770624830947,median_shift,5,0.2,0.2,0.057971014492753624,0,0,1,70,123.07719996897504,ts-assurance-mongo|ts-consign-mongo|ts-news-service|ts-route-mongo|ts-train-service,ts-assurance-mongo_container-memory-cache,0.6363636363636364,14,22,0.6363636363636364,0.6363636363636364,14,14,14,0.6997837253311706,baseline-v2-20260723,cd270e7871bd358937d83d9a49829637fa80007d2964084ef229f578e3733bd3,ba75425861a059dafcc477474fc3e4ed1eafdc2b47d6fdd0557337035d29a960,1439127ce16610ef83f984e8a0fcd9fdef4bed0aaa17c9fabdbf4de9db43c85e,12679022,1693272514000000000,300
TT/ts-train-service_cpu/3,TT,ts-train-service,cpu,3,300,300,stream,0.3,6,0.29983770624830947,nsigma,2,0.5,0.8,0.014492753623188406,0,1,1,70,359.3906000023708,ts-user-service|ts-train-service|ts|ts-admin-travel-service|ts-seat-service,ts-user-service_istio-latency-99,0.6363636363636364,14,22,0.6363636363636364,0.6363636363636364,14,14,14,0.6997837253311706,baseline-v2-20260723,cd270e7871bd358937d83d9a49829637fa80007d2964084ef229f578e3733bd3,ba75425861a059dafcc477474fc3e4ed1eafdc2b47d6fdd0557337035d29a960,1439127ce16610ef83f984e8a0fcd9fdef4bed0aaa17c9fabdbf4de9db43c85e,12679022,1693272514000000000,300
TT/ts-train-service_cpu/3,TT,ts-train-service,cpu,3,300,300,stream,0.3,7,0.3001758182309981,baro,7,0.14285714285714285,0.0,0.08695652173913043,0,0,0,70,483.61900000600144,192-168-29-237-9100|ts-travel2-service|ts-contacts-service|ts-execute-service|ts-inside-payment-service,192-168-29-237-9100_node-memory-active-bytes,0.7727272727272727,17,22,0.7727272727272727,0.7727272727272727,17,17,17,0.6994457961611247,baseline-v2-20260723,cd270e7871bd358937d83d9a49829637fa80007d2964084ef229f578e3733bd3,ba75425861a059dafcc477474fc3e4ed1eafdc2b47d6fdd0557337035d29a960,1439127ce16610ef83f984e8a0fcd9fdef4bed0aaa17c9fabdbf4de9db43c85e,12679022,1693272514000000000,300
TT/ts-train-service_cpu/3,TT,ts-train-service,cpu,3,300,300,stream,0.3,7,0.3001758182309981,median_shift,4,0.25,0.4,0.043478260869565216,0,0,1,70,122.07739998120815,ts-assurance-mongo|ts-config-mongo|ts-inside-payment-mongo|ts-train-service|ts-execute-service,ts-assurance-mongo_container-memory-cache,0.7727272727272727,17,22,0.7727272727272727,0.7727272727272727,17,17,17,0.6994457961611247,baseline-v2-20260723,cd270e7871bd358937d83d9a49829637fa80007d2964084ef229f578e3733bd3,ba75425861a059dafcc477474fc3e4ed1eafdc2b47d6fdd0557337035d29a960,1439127ce16610ef83f984e8a0fcd9fdef4bed0aaa17c9fabdbf4de9db43c85e,12679022,1693272514000000000,300
TT/ts-train-service_cpu/3,TT,ts-train-service,cpu,3,300,300,stream,0.3,7,0.3001758182309981,nsigma,2,0.5,0.8,0.014492753623188406,0,1,1,70,366.2717000115663,ts-user-service|ts-train-service|ts-admin-travel-service|ts-order-other-mongo|ts-travel-service,ts-user-service_istio-latency-99,0.7727272727272727,17,22,0.7727272727272727,0.7727272727272727,17,17,17,0.6994457961611247,baseline-v2-20260723,cd270e7871bd358937d83d9a49829637fa80007d2964084ef229f578e3733bd3,ba75425861a059dafcc477474fc3e4ed1eafdc2b47d6fdd0557337035d29a960,1439127ce16610ef83f984e8a0fcd9fdef4bed0aaa17c9fabdbf4de9db43c85e,12679022,1693272514000000000,300
TT/ts-train-service_cpu/3,TT,ts-train-service,cpu,3,300,300,stream,0.3,8,0.3000405734379226,baro,6,0.16666666666666666,0.0,0.07246376811594203,0,0,0,70,429.1700999601744,192-168-29-237-9100|ts-contacts-service|ts-execute-service|ts-inside-payment-service|ts-admin-travel-service,192-168-29-237-9100_node-memory-active-bytes,0.7272727272727273,16,22,0.7272727272727273,0.7272727272727273,16,16,16,0.699580967829143,baseline-v2-20260723,cd270e7871bd358937d83d9a49829637fa80007d2964084ef229f578e3733bd3,ba75425861a059dafcc477474fc3e4ed1eafdc2b47d6fdd0557337035d29a960,1439127ce16610ef83f984e8a0fcd9fdef4bed0aaa17c9fabdbf4de9db43c85e,12679022,1693272514000000000,300
TT/ts-train-service_cpu/3,TT,ts-train-service,cpu,3,300,300,stream,0.3,8,0.3000405734379226,median_shift,7,0.14285714285714285,0.0,0.08695652173913043,0,0,0,70,124.1248999722302,ts-assurance-mongo|ts-config-mongo|ts-consign-mongo|ts-inside-payment-mongo|ts-news-service,ts-assurance-mongo_container-memory-cache,0.7272727272727273,16,22,0.7272727272727273,0.7272727272727273,16,16,16,0.699580967829143,baseline-v2-20260723,cd270e7871bd358937d83d9a49829637fa80007d2964084ef229f578e3733bd3,ba75425861a059dafcc477474fc3e4ed1eafdc2b47d6fdd0557337035d29a960,1439127ce16610ef83f984e8a0fcd9fdef4bed0aaa17c9fabdbf4de9db43c85e,12679022,1693272514000000000,300
TT/ts-train-service_cpu/3,TT,ts-train-service,cpu,3,300,300,stream,0.3,8,0.3000405734379226,nsigma,2,0.5,0.8,0.014492753623188406,0,1,1,70,360.3552000131458,ts-user-service|ts-train-service|ts|ts-admin-travel-service|ts-order-other-mongo,ts-user-service_istio-latency-99,0.7272727272727273,16,22,0.7272727272727273,0.7272727272727273,16,16,16,0.699580967829143,baseline-v2-20260723,cd270e7871bd358937d83d9a49829637fa80007d2964084ef229f578e3733bd3,ba75425861a059dafcc477474fc3e4ed1eafdc2b47d6fdd0557337035d29a960,1439127ce16610ef83f984e8a0fcd9fdef4bed0aaa17c9fabdbf4de9db43c85e,12679022,1693272514000000000,300
TT/ts-train-service_cpu/3,TT,ts-train-service,cpu,3,300,300,stream,0.3,9,0.30010819583446036,baro,9,0.1111111111111111,0.0,0.11594202898550725,0,0,0,70,413.5975000099279,ts-travel-service|ts-ticket-office-service|ts-station-mongo|ts-travel2-service|ts-contacts-service,ts-travel-service_container-memory-rss,0.8181818181818182,18,22,0.8181818181818182,0.8181818181818182,18,18,18,0.6995133819951338,baseline-v2-20260723,cd270e7871bd358937d83d9a49829637fa80007d2964084ef229f578e3733bd3,ba75425861a059dafcc477474fc3e4ed1eafdc2b47d6fdd0557337035d29a960,1439127ce16610ef83f984e8a0fcd9fdef4bed0aaa17c9fabdbf4de9db43c85e,12679022,1693272514000000000,300
TT/ts-train-service_cpu/3,TT,ts-train-service,cpu,3,300,300,stream,0.3,9,0.30010819583446036,median_shift,8,0.125,0.0,0.10144927536231885,0,0,0,70,122.16010002885014,ts-assurance-mongo|ts-config-mongo|ts-consign-mongo|ts-inside-payment-mongo|ts-news-service,ts-assurance-mongo_container-memory-cache,0.8181818181818182,18,22,0.8181818181818182,0.8181818181818182,18,18,18,0.6995133819951338,baseline-v2-20260723,cd270e7871bd358937d83d9a49829637fa80007d2964084ef229f578e3733bd3,ba75425861a059dafcc477474fc3e4ed1eafdc2b47d6fdd0557337035d29a960,1439127ce16610ef83f984e8a0fcd9fdef4bed0aaa17c9fabdbf4de9db43c85e,12679022,1693272514000000000,300
TT/ts-train-service_cpu/3,TT,ts-train-service,cpu,3,300,300,stream,0.3,9,0.30010819583446036,nsigma,2,0.5,0.8,0.014492753623188406,0,1,1,70,390.34579996950924,ts-user-service|ts-train-service|ts-admin-travel-service|ts-seat-service|ts-travel-service,ts-user-service_istio-latency-99,0.8181818181818182,18,22,0.8181818181818182,0.8181818181818182,18,18,18,0.6995133819951338,baseline-v2-20260723,cd270e7871bd358937d83d9a49829637fa80007d2964084ef229f578e3733bd3,ba75425861a059dafcc477474fc3e4ed1eafdc2b47d6fdd0557337035d29a960,1439127ce16610ef83f984e8a0fcd9fdef4bed0aaa17c9fabdbf4de9db43c85e,12679022,1693272514000000000,300
TT/ts-train-service_cpu/3,TT,ts-train-service,cpu,3,300,300,stream,0.5,0,0.4995942656207736,baro,7,0.14285714285714285,0.0,0.08695652173913043,0,0,0,70,353.1428000424057,ts-ticket-office-service|ts-station-mongo|ts-travel2-service|ts-contacts-service|ts-execute-service,ts-ticket-office-service_container-memory-rss,0.45454545454545453,10,22,0.45454545454545453,0.45454545454545453,10,10,10,0.5001351716680184,baseline-v2-20260723,cd270e7871bd358937d83d9a49829637fa80007d2964084ef229f578e3733bd3,ba75425861a059dafcc477474fc3e4ed1eafdc2b47d6fdd0557337035d29a960,1439127ce16610ef83f984e8a0fcd9fdef4bed0aaa17c9fabdbf4de9db43c85e,12679022,1693272514000000000,300
TT/ts-train-service_cpu/3,TT,ts-train-service,cpu,3,300,300,stream,0.5,0,0.4995942656207736,median_shift,6,0.16666666666666666,0.0,0.07246376811594203,0,0,0,70,102.0960999885574,ts-assurance-mongo|ts-consign-mongo|ts-news-service|ts-price-mongo|ts-route-mongo,ts-assurance-mongo_container-memory-cache,0.45454545454545453,10,22,0.45454545454545453,0.45454545454545453,10,10,10,0.5001351716680184,baseline-v2-20260723,cd270e7871bd358937d83d9a49829637fa80007d2964084ef229f578e3733bd3,ba75425861a059dafcc477474fc3e4ed1eafdc2b47d6fdd0557337035d29a960,1439127ce16610ef83f984e8a0fcd9fdef4bed0aaa17c9fabdbf4de9db43c85e,12679022,1693272514000000000,300
TT/ts-train-service_cpu/3,TT,ts-train-service,cpu,3,300,300,stream,0.5,0,0.4995942656207736,nsigma,1,1.0,1.0,0.0,1,1,1,70,299.0008000051603,ts-train-service|ts-admin-travel-service|ts-user-service|ts-travel-service|ts-admin-basic-info-service,ts-train-service_container-cpu-usage-seconds-total,0.45454545454545453,10,22,0.45454545454545453,0.45454545454545453,10,10,10,0.5001351716680184,baseline-v2-20260723,cd270e7871bd358937d83d9a49829637fa80007d2964084ef229f578e3733bd3,ba75425861a059dafcc477474fc3e4ed1eafdc2b47d6fdd0557337035d29a960,1439127ce16610ef83f984e8a0fcd9fdef4bed0aaa17c9fabdbf4de9db43c85e,12679022,1693272514000000000,300
TT/ts-train-service_cpu/3,TT,ts-train-service,cpu,3,300,300,stream,0.5,1,0.49952664322423584,baro,7,0.14285714285714285,0.0,0.08695652173913043,0,0,0,70,356.71779996482655,192-168-29-237-9100|ts-travel-service|ts-station-mongo|ts-contacts-service|ts-inside-payment-service,192-168-29-237-9100_node-memory-active-bytes,0.5454545454545454,12,22,0.5454545454545454,0.5454545454545454,12,12,12,0.5002027575020276,baseline-v2-20260723,cd270e7871bd358937d83d9a49829637fa80007d2964084ef229f578e3733bd3,ba75425861a059dafcc477474fc3e4ed1eafdc2b47d6fdd0557337035d29a960,1439127ce16610ef83f984e8a0fcd9fdef4bed0aaa17c9fabdbf4de9db43c85e,12679022,1693272514000000000,300
TT/ts-train-service_cpu/3,TT,ts-train-service,cpu,3,300,300,stream,0.5,1,0.49952664322423584,median_shift,11,0.09090909090909091,0.0,0.14492753623188406,0,0,0,70,102.28679998544976,ts-assurance-mongo|ts-config-mongo|ts-consign-mongo|ts-inside-payment-mongo|ts-news-service,ts-assurance-mongo_container-memory-cache,0.5454545454545454,12,22,0.5454545454545454,0.5454545454545454,12,12,12,0.5002027575020276,baseline-v2-20260723,cd270e7871bd358937d83d9a49829637fa80007d2964084ef229f578e3733bd3,ba75425861a059dafcc477474fc3e4ed1eafdc2b47d6fdd0557337035d29a960,1439127ce16610ef83f984e8a0fcd9fdef4bed0aaa17c9fabdbf4de9db43c85e,12679022,1693272514000000000,300
TT/ts-train-service_cpu/3,TT,ts-train-service,cpu,3,300,300,stream,0.5,1,0.49952664322423584,nsigma,1,1.0,1.0,0.0,1,1,1,70,339.30779999354854,ts-train-service|ts|ts-seat-service|ts-user-service|ts-travel-service,ts-train-service_container-cpu-user-seconds-total,0.5454545454545454,12,22,0.5454545454545454,0.5454545454545454,12,12,12,0.5002027575020276,baseline-v2-20260723,cd270e7871bd358937d83d9a49829637fa80007d2964084ef229f578e3733bd3,ba75425861a059dafcc477474fc3e4ed1eafdc2b47d6fdd0557337035d29a960,1439127ce16610ef83f984e8a0fcd9fdef4bed0aaa17c9fabdbf4de9db43c85e,12679022,1693272514000000000,300
TT/ts-train-service_cpu/3,TT,ts-train-service,cpu,3,300,300,stream,0.5,2,0.4995942656207736,baro,6,0.16666666666666666,0.0,0.07246376811594203,0,0,0,70,349.0381999872625,ts-travel2-service|ts-contacts-service|ts-execute-service|ts-inside-payment-service|ts-admin-travel-service,ts-travel2-service_container-memory-rss,0.3181818181818182,7,22,0.3181818181818182,0.3181818181818182,7,7,7,0.5001351716680184,baseline-v2-20260723,cd270e7871bd358937d83d9a49829637fa80007d2964084ef229f578e3733bd3,ba75425861a059dafcc477474fc3e4ed1eafdc2b47d6fdd0557337035d29a960,1439127ce16610ef83f984e8a0fcd9fdef4bed0aaa17c9fabdbf4de9db43c85e,12679022,1693272514000000000,300
TT/ts-train-service_cpu/3,TT,ts-train-service,cpu,3,300,300,stream,0.5,2,0.4995942656207736,median_shift,5,0.2,0.2,0.057971014492753624,0,0,1,70,101.77690000273287,ts-assurance-mongo|ts-config-mongo|ts-consign-mongo|ts-news-service|ts-train-service,ts-assurance-mongo_container-memory-rss,0.3181818181818182,7,22,0.3181818181818182,0.3181818181818182,7,7,7,0.5001351716680184,baseline-v2-20260723,cd270e7871bd358937d83d9a49829637fa80007d2964084ef229f578e3733bd3,ba75425861a059dafcc477474fc3e4ed1eafdc2b47d6fdd0557337035d29a960,1439127ce16610ef83f984e8a0fcd9fdef4bed0aaa17c9fabdbf4de9db43c85e,12679022,1693272514000000000,300
TT/ts-train-service_cpu/3,TT,ts-train-service,cpu,3,300,300,stream,0.5,2,0.4995942656207736,nsigma,1,1.0,1.0,0.0,1,1,1,70,303.4870999981649,ts-train-service|ts-admin-travel-service|ts-order-other-mongo|ts-travel-service|ts-assurance-mongo,ts-train-service_container-cpu-usage-seconds-total,0.3181818181818182,7,22,0.3181818181818182,0.3181818181818182,7,7,7,0.5001351716680184,baseline-v2-20260723,cd270e7871bd358937d83d9a49829637fa80007d2964084ef229f578e3733bd3,ba75425861a059dafcc477474fc3e4ed1eafdc2b47d6fdd0557337035d29a960,1439127ce16610ef83f984e8a0fcd9fdef4bed0aaa17c9fabdbf4de9db43c85e,12679022,1693272514000000000,300
TT/ts-train-service_cpu/3,TT,ts-train-service,cpu,3,300,300,stream,0.5,3,0.4995942656207736,baro,7,0.14285714285714285,0.0,0.08695652173913043,0,0,0,70,350.8648000424728,192-168-29-237-9100|ts-ticket-office-service|ts-contacts-service|ts-execute-service|ts-inside-payment-service,192-168-29-237-9100_node-memory-active-bytes,0.7272727272727273,16,22,0.7272727272727273,0.7272727272727273,16,16,16,0.5001351716680184,baseline-v2-20260723,cd270e7871bd358937d83d9a49829637fa80007d2964084ef229f578e3733bd3,ba75425861a059dafcc477474fc3e4ed1eafdc2b47d6fdd0557337035d29a960,1439127ce16610ef83f984e8a0fcd9fdef4bed0aaa17c9fabdbf4de9db43c85e,12679022,1693272514000000000,300
TT/ts-train-service_cpu/3,TT,ts-train-service,cpu,3,300,300,stream,0.5,3,0.4995942656207736,median_shift,5,0.2,0.2,0.057971014492753624,0,0,1,70,105.0122000160627,ts-assurance-mongo|ts-config-mongo|ts-news-service|ts-route-mongo|ts-train-service,ts-assurance-mongo_container-memory-cache,0.7272727272727273,16,22,0.7272727272727273,0.7272727272727273,16,16,16,0.5001351716680184,baseline-v2-20260723,cd270e7871bd358937d83d9a49829637fa80007d2964084ef229f578e3733bd3,ba75425861a059dafcc477474fc3e4ed1eafdc2b47d6fdd0557337035d29a960,1439127ce16610ef83f984e8a0fcd9fdef4bed0aaa17c9fabdbf4de9db43c85e,12679022,1693272514000000000,300
TT/ts-train-service_cpu/3,TT,ts-train-service,cpu,3,300,300,stream,0.5,3,0.4995942656207736,nsigma,1,1.0,1.0,0.0,1,1,1,70,345.13649996370077,ts-train-service|ts-admin-travel-service|ts-seat-service|ts-travel-service|ts-admin-basic-info-service,ts-train-service_container-cpu-usage-seconds-total,0.7272727272727273,16,22,0.7272727272727273,0.7272727272727273,16,16,16,0.5001351716680184,baseline-v2-20260723,cd270e7871bd358937d83d9a49829637fa80007d2964084ef229f578e3733bd3,ba75425861a059dafcc477474fc3e4ed1eafdc2b47d6fdd0557337035d29a960,1439127ce16610ef83f984e8a0fcd9fdef4bed0aaa17c9fabdbf4de9db43c85e,12679022,1693272514000000000,300
TT/ts-train-service_cpu/3,TT,ts-train-service,cpu,3,300,300,stream,0.5,4,0.4995942656207736,baro,9,0.1111111111111111,0.0,0.11594202898550725,0,0,0,70,361.3873000140302,192-168-29-237-9100|ts-travel-service|ts-ticket-office-service|ts-station-mongo|ts-travel2-service,192-168-29-237-9100_node-memory-active-bytes,0.45454545454545453,10,22,0.45454545454545453,0.45454545454545453,10,10,10,0.5001351716680184,baseline-v2-20260723,cd270e7871bd358937d83d9a49829637fa80007d2964084ef229f578e3733bd3,ba75425861a059dafcc477474fc3e4ed1eafdc2b47d6fdd0557337035d29a960,1439127ce16610ef83f984e8a0fcd9fdef4bed0aaa17c9fabdbf4de9db43c85e,12679022,1693272514000000000,300
TT/ts-train-service_cpu/3,TT,ts-train-service,cpu,3,300,300,stream,0.5,4,0.4995942656207736,median_shift,5,0.2,0.2,0.057971014492753624,0,0,1,70,100.15820001717657,ts-config-mongo|ts-consign-mongo|ts-inside-payment-mongo|ts-price-mongo|ts-train-service,ts-config-mongo_container-memory-rss,0.45454545454545453,10,22,0.45454545454545453,0.45454545454545453,10,10,10,0.5001351716680184,baseline-v2-20260723,cd270e7871bd358937d83d9a49829637fa80007d2964084ef229f578e3733bd3,ba75425861a059dafcc477474fc3e4ed1eafdc2b47d6fdd0557337035d29a960,1439127ce16610ef83f984e8a0fcd9fdef4bed0aaa17c9fabdbf4de9db43c85e,12679022,1693272514000000000,300
TT/ts-train-service_cpu/3,TT,ts-train-service,cpu,3,300,300,stream,0.5,4,0.4995942656207736,nsigma,2,0.5,0.8,0.014492753623188406,0,1,1,70,309.9155999952927,ts-user-service|ts-train-service|ts|ts-admin-travel-service|ts-seat-service,ts-user-service_istio-latency-99,0.45454545454545453,10,22,0.45454545454545453,0.45454545454545453,10,10,10,0.5001351716680184,baseline-v2-20260723,cd270e7871bd358937d83d9a49829637fa80007d2964084ef229f578e3733bd3,ba75425861a059dafcc477474fc3e4ed1eafdc2b47d6fdd0557337035d29a960,1439127ce16610ef83f984e8a0fcd9fdef4bed0aaa17c9fabdbf4de9db43c85e,12679022,1693272514000000000,300
TT/ts-train-service_cpu/3,TT,ts-train-service,cpu,3,300,300,stream,0.5,5,0.4994590208276981,baro,9,0.1111111111111111,0.0,0.11594202898550725,0,0,0,70,353.57089998433366,ts-station-mongo|ts-travel2-service|ts-contacts-service|ts-execute-service|ts-inside-payment-service,ts-station-mongo_container-memory-rss,0.13636363636363635,3,22,0.13636363636363635,0.13636363636363635,3,3,3,0.5002703433360368,baseline-v2-20260723,cd270e7871bd358937d83d9a49829637fa80007d2964084ef229f578e3733bd3,ba75425861a059dafcc477474fc3e4ed1eafdc2b47d6fdd0557337035d29a960,1439127ce16610ef83f984e8a0fcd9fdef4bed0aaa17c9fabdbf4de9db43c85e,12679022,1693272514000000000,300
TT/ts-train-service_cpu/3,TT,ts-train-service,cpu,3,300,300,stream,0.5,5,0.4994590208276981,median_shift,7,0.14285714285714285,0.0,0.08695652173913043,0,0,0,70,102.0892999949865,ts-assurance-mongo|ts-config-mongo|ts-news-service|ts-price-mongo|ts-execute-service,ts-assurance-mongo_container-memory-rss,0.13636363636363635,3,22,0.13636363636363635,0.13636363636363635,3,3,3,0.5002703433360368,baseline-v2-20260723,cd270e7871bd358937d83d9a49829637fa80007d2964084ef229f578e3733bd3,ba75425861a059dafcc477474fc3e4ed1eafdc2b47d6fdd0557337035d29a960,1439127ce16610ef83f984e8a0fcd9fdef4bed0aaa17c9fabdbf4de9db43c85e,12679022,1693272514000000000,300
TT/ts-train-service_cpu/3,TT,ts-train-service,cpu,3,300,300,stream,0.5,5,0.4994590208276981,nsigma,2,0.5,0.8,0.014492753623188406,0,1,1,70,343.77660002792254,ts-user-service|ts-train-service|ts|ts-admin-travel-service|ts-seat-service,ts-user-service_istio-latency-99,0.13636363636363635,3,22,0.13636363636363635,0.13636363636363635,3,3,3,0.5002703433360368,baseline-v2-20260723,cd270e7871bd358937d83d9a49829637fa80007d2964084ef229f578e3733bd3,ba75425861a059dafcc477474fc3e4ed1eafdc2b47d6fdd0557337035d29a960,1439127ce16610ef83f984e8a0fcd9fdef4bed0aaa17c9fabdbf4de9db43c85e,12679022,1693272514000000000,300
TT/ts-train-service_cpu/3,TT,ts-train-service,cpu,3,300,300,stream,0.5,6,0.49952664322423584,baro,6,0.16666666666666666,0.0,0.07246376811594203,0,0,0,70,355.86150002200156,ts-travel2-service|ts-contacts-service|ts-execute-service|ts-inside-payment-service|ts-admin-travel-service,ts-travel2-service_container-memory-rss,0.45454545454545453,10,22,0.45454545454545453,0.45454545454545453,10,10,10,0.5002027575020276,baseline-v2-20260723,cd270e7871bd358937d83d9a49829637fa80007d2964084ef229f578e3733bd3,ba75425861a059dafcc477474fc3e4ed1eafdc2b47d6fdd0557337035d29a960,1439127ce16610ef83f984e8a0fcd9fdef4bed0aaa17c9fabdbf4de9db43c85e,12679022,1693272514000000000,300
TT/ts-train-service_cpu/3,TT,ts-train-service,cpu,3,300,300,stream,0.5,6,0.49952664322423584,median_shift,6,0.16666666666666666,0.0,0.07246376811594203,0,0,0,70,100.85899999830872,ts-assurance-mongo|ts-inside-payment-mongo|ts-news-service|ts-price-mongo|ts-route-mongo,ts-assurance-mongo_container-memory-rss,0.45454545454545453,10,22,0.45454545454545453,0.45454545454545453,10,10,10,0.5002027575020276,baseline-v2-20260723,cd270e7871bd358937d83d9a49829637fa80007d2964084ef229f578e3733bd3,ba75425861a059dafcc477474fc3e4ed1eafdc2b47d6fdd0557337035d29a960,1439127ce16610ef83f984e8a0fcd9fdef4bed0aaa17c9fabdbf4de9db43c85e,12679022,1693272514000000000,300
TT/ts-train-service_cpu/3,TT,ts-train-service,cpu,3,300,300,stream,0.5,6,0.49952664322423584,nsigma,2,0.5,0.8,0.014492753623188406,0,1,1,70,302.3162999888882,ts-user-service|ts-train-service|ts|ts-admin-travel-service|ts-seat-service,ts-user-service_istio-latency-99,0.45454545454545453,10,22,0.45454545454545453,0.45454545454545453,10,10,10,0.5002027575020276,baseline-v2-20260723,cd270e7871bd358937d83d9a49829637fa80007d2964084ef229f578e3733bd3,ba75425861a059dafcc477474fc3e4ed1eafdc2b47d6fdd0557337035d29a960,1439127ce16610ef83f984e8a0fcd9fdef4bed0aaa17c9fabdbf4de9db43c85e,12679022,1693272514000000000,300
TT/ts-train-service_cpu/3,TT,ts-train-service,cpu,3,300,300,stream,0.5,7,0.4996618880173113,baro,6,0.16666666666666666,0.0,0.07246376811594203,0,0,0,70,356.38230002950877,ts-travel-service|ts-station-mongo|ts-contacts-service|ts-execute-service|ts-inside-payment-service,ts-travel-service_container-memory-rss,0.45454545454545453,10,22,0.45454545454545453,0.45454545454545453,10,10,10,0.5000675858340092,baseline-v2-20260723,cd270e7871bd358937d83d9a49829637fa80007d2964084ef229f578e3733bd3,ba75425861a059dafcc477474fc3e4ed1eafdc2b47d6fdd0557337035d29a960,1439127ce16610ef83f984e8a0fcd9fdef4bed0aaa17c9fabdbf4de9db43c85e,12679022,1693272514000000000,300
TT/ts-train-service_cpu/3,TT,ts-train-service,cpu,3,300,300,stream,0.5,7,0.4996618880173113,median_shift,7,0.14285714285714285,0.0,0.08695652173913043,0,0,0,70,103.96799998125061,ts-assurance-mongo|ts-news-service|ts-route-mongo|ts-travel-service|ts-execute-service,ts-assurance-mongo_container-memory-cache,0.45454545454545453,10,22,0.45454545454545453,0.45454545454545453,10,10,10,0.5000675858340092,baseline-v2-20260723,cd270e7871bd358937d83d9a49829637fa80007d2964084ef229f578e3733bd3,ba75425861a059dafcc477474fc3e4ed1eafdc2b47d6fdd0557337035d29a960,1439127ce16610ef83f984e8a0fcd9fdef4bed0aaa17c9fabdbf4de9db43c85e,12679022,1693272514000000000,300
TT/ts-train-service_cpu/3,TT,ts-train-service,cpu,3,300,300,stream,0.5,7,0.4996618880173113,nsigma,2,0.5,0.8,0.014492753623188406,0,1,1,70,347.4207000108436,ts-user-service|ts-train-service|ts-admin-travel-service|ts-seat-service|ts-travel-service,ts-user-service_istio-latency-99,0.45454545454545453,10,22,0.45454545454545453,0.45454545454545453,10,10,10,0.5000675858340092,baseline-v2-20260723,cd270e7871bd358937d83d9a49829637fa80007d2964084ef229f578e3733bd3,ba75425861a059dafcc477474fc3e4ed1eafdc2b47d6fdd0557337035d29a960,1439127ce16610ef83f984e8a0fcd9fdef4bed0aaa17c9fabdbf4de9db43c85e,12679022,1693272514000000000,300
TT/ts-train-service_cpu/3,TT,ts-train-service,cpu,3,300,300,stream,0.5,8,0.4994590208276981,baro,6,0.16666666666666666,0.0,0.07246376811594203,0,0,0,70,351.21629998320714,ts-ticket-office-service|ts-contacts-service|ts-execute-service|ts-inside-payment-service|ts-admin-travel-service,ts-ticket-office-service_container-memory-rss,0.6363636363636364,14,22,0.6363636363636364,0.6363636363636364,14,14,14,0.5002703433360368,baseline-v2-20260723,cd270e7871bd358937d83d9a49829637fa80007d2964084ef229f578e3733bd3,ba75425861a059dafcc477474fc3e4ed1eafdc2b47d6fdd0557337035d29a960,1439127ce16610ef83f984e8a0fcd9fdef4bed0aaa17c9fabdbf4de9db43c85e,12679022,1693272514000000000,300
TT/ts-train-service_cpu/3,TT,ts-train-service,cpu,3,300,300,stream,0.5,8,0.4994590208276981,median_shift,6,0.16666666666666666,0.0,0.07246376811594203,0,0,0,70,101.45600000396371,ts-config-mongo|ts-consign-mongo|ts-news-service|ts-price-mongo|ts-route-mongo,ts-config-mongo_container-memory-rss,0.6363636363636364,14,22,0.6363636363636364,0.6363636363636364,14,14,14,0.5002703433360368,baseline-v2-20260723,cd270e7871bd358937d83d9a49829637fa80007d2964084ef229f578e3733bd3,ba75425861a059dafcc477474fc3e4ed1eafdc2b47d6fdd0557337035d29a960,1439127ce16610ef83f984e8a0fcd9fdef4bed0aaa17c9fabdbf4de9db43c85e,12679022,1693272514000000000,300
TT/ts-train-service_cpu/3,TT,ts-train-service,cpu,3,300,300,stream,0.5,8,0.4994590208276981,nsigma,2,0.5,0.8,0.014492753623188406,0,1,1,70,308.48289997084066,ts-user-service|ts-train-service|ts|ts-admin-travel-service|ts-order-other-mongo,ts-user-service_istio-latency-99,0.6363636363636364,14,22,0.6363636363636364,0.6363636363636364,14,14,14,0.5002703433360368,baseline-v2-20260723,cd270e7871bd358937d83d9a49829637fa80007d2964084ef229f578e3733bd3,ba75425861a059dafcc477474fc3e4ed1eafdc2b47d6fdd0557337035d29a960,1439127ce16610ef83f984e8a0fcd9fdef4bed0aaa17c9fabdbf4de9db43c85e,12679022,1693272514000000000,300
TT/ts-train-service_cpu/3,TT,ts-train-service,cpu,3,300,300,stream,0.5,9,0.4994590208276981,baro,9,0.1111111111111111,0.0,0.11594202898550725,0,0,0,70,364.98050001682714,192-168-29-237-9100|ts-travel-service|ts-ticket-office-service|ts-travel2-service|ts-contacts-service,192-168-29-237-9100_node-memory-active-bytes,0.5454545454545454,12,22,0.5454545454545454,0.5454545454545454,12,12,12,0.5002703433360368,baseline-v2-20260723,cd270e7871bd358937d83d9a49829637fa80007d2964084ef229f578e3733bd3,ba75425861a059dafcc477474fc3e4ed1eafdc2b47d6fdd0557337035d29a960,1439127ce16610ef83f984e8a0fcd9fdef4bed0aaa17c9fabdbf4de9db43c85e,12679022,1693272514000000000,300
TT/ts-train-service_cpu/3,TT,ts-train-service,cpu,3,300,300,stream,0.5,9,0.4994590208276981,median_shift,3,0.3333333333333333,0.6,0.028985507246376812,0,1,1,70,100.43360001873225,ts-assurance-mongo|ts-news-service|ts-train-service|ts-travel-service|ts-execute-service,ts-assurance-mongo_container-memory-cache,0.5454545454545454,12,22,0.5454545454545454,0.5454545454545454,12,12,12,0.5002703433360368,baseline-v2-20260723,cd270e7871bd358937d83d9a49829637fa80007d2964084ef229f578e3733bd3,ba75425861a059dafcc477474fc3e4ed1eafdc2b47d6fdd0557337035d29a960,1439127ce16610ef83f984e8a0fcd9fdef4bed0aaa17c9fabdbf4de9db43c85e,12679022,1693272514000000000,300
TT/ts-train-service_cpu/3,TT,ts-train-service,cpu,3,300,300,stream,0.5,9,0.4994590208276981,nsigma,2,0.5,0.8,0.014492753623188406,0,1,1,70,345.46989999944344,ts-user-service|ts-train-service|ts-admin-travel-service|ts-seat-service|ts-travel-service,ts-user-service_istio-latency-99,0.5454545454545454,12,22,0.5454545454545454,0.5454545454545454,12,12,12,0.5002703433360368,baseline-v2-20260723,cd270e7871bd358937d83d9a49829637fa80007d2964084ef229f578e3733bd3,ba75425861a059dafcc477474fc3e4ed1eafdc2b47d6fdd0557337035d29a960,1439127ce16610ef83f984e8a0fcd9fdef4bed0aaa17c9fabdbf4de9db43c85e,12679022,1693272514000000000,300
