case_id,system,root_service,fault,repetition,n_pre,n_post,mechanism,rate,replicate,realized_rate,method,rank,reciprocal_rank,avg_at_5,normalized_rank,hit_at_1,hit_at_3,hit_at_5,candidate_count,elapsed_ms,top_5,top_evidence_metric,root_observed_fraction,root_streams_available,root_streams_total,root_pre_observed_fraction,root_post_observed_fraction,root_streams_pre_available,root_streams_post_available,root_streams_scorable,observed_fraction,runner_version,code_hash,config_fingerprint,source_fingerprint,source_size,source_mtime_ns,window
TT/ts-auth-service_loss/5,TT,ts-auth-service,loss,5,300,300,burst,0.1,0,0.1,baro,25,0.04,0.0,0.34782608695652173,0,0,0,70,1225.3854000009596,ts-food-map-service|ts-food-mongo|ts-user-mongo|ts-assurance-mongo|ts-contacts-mongo,ts-food-map-service_container-memory-rss,0.9,23,23,0.9104347826086957,0.8895652173913043,23,23,23,0.8938931297709923,baseline-v2-20260723,cd270e7871bd358937d83d9a49829637fa80007d2964084ef229f578e3733bd3,ba75425861a059dafcc477474fc3e4ed1eafdc2b47d6fdd0557337035d29a960,8256e3f6db4b7e0d1d35a9753b04f65aa7e909da8c5eb9076235b69acb1d791f,12008022,1693316462000000000,300
TT/ts-auth-service_loss/5,TT,ts-auth-service,loss,5,300,300,burst,0.1,0,0.1,median_shift,28,0.03571428571428571,0.0,0.391304347826087,0,0,0,70,318.0131000117399,ts-assurance-mongo|ts-auth-mongo|ts-config-mongo|ts-consign-mongo|ts-consign-price-mongo,ts-assurance-mongo_container-memory-rss,0.9,23,23,0.9104347826086957,0.8895652173913043,23,23,23,0.8938931297709923,baseline-v2-20260723,cd270e7871bd358937d83d9a49829637fa80007d2964084ef229f578e3733bd3,ba75425861a059dafcc477474fc3e4ed1eafdc2b47d6fdd0557337035d29a960,8256e3f6db4b7e0d1d35a9753b04f65aa7e909da8c5eb9076235b69acb1d791f,12008022,1693316462000000000,300
TT/ts-auth-service_loss/5,TT,ts-auth-service,loss,5,300,300,burst,0.1,0,0.1,nsigma,7,0.14285714285714285,0.0,0.08695652173913043,0,0,0,70,826.0327999596484,ts-order-other-service|ts|ts-rebook-service|ts-contacts-service|ts-travel2-service,ts-order-other-service_istio-latency-99,0.9,23,23,0.9104347826086957,0.8895652173913043,23,23,23,0.8938931297709923,baseline-v2-20260723,cd270e7871bd358937d83d9a49829637fa80007d2964084ef229f578e3733bd3,ba75425861a059dafcc477474fc3e4ed1eafdc2b47d6fdd0557337035d29a960,8256e3f6db4b7e0d1d35a9753b04f65aa7e909da8c5eb9076235b69acb1d791f,12008022,1693316462000000000,300
TT/ts-auth-service_loss/5,TT,ts-auth-service,loss,5,300,300,burst,0.1,1,0.1,baro,22,0.045454545454545456,0.0,0.30434782608695654,0,0,0,70,1259.9669999908656,ts-food-map-service|ts-food-mongo|ts-user-mongo|ts-assurance-mongo|ts-payment-mongo,ts-food-map-service_container-memory-rss,0.9,23,23,0.9036231884057971,0.8963768115942029,23,23,23,0.8938931297709923,baseline-v2-20260723,cd270e7871bd358937d83d9a49829637fa80007d2964084ef229f578e3733bd3,ba75425861a059dafcc477474fc3e4ed1eafdc2b47d6fdd0557337035d29a960,8256e3f6db4b7e0d1d35a9753b04f65aa7e909da8c5eb9076235b69acb1d791f,12008022,1693316462000000000,300
TT/ts-auth-service_loss/5,TT,ts-auth-service,loss,5,300,300,burst,0.1,1,0.1,median_shift,29,0.034482758620689655,0.0,0.4057971014492754,0,0,0,70,370.8829000242986,ts-assurance-mongo|ts-auth-mongo|ts-config-mongo|ts-consign-mongo|ts-consign-price-mongo,ts-assurance-mongo_container-memory-rss,0.9,23,23,0.9036231884057971,0.8963768115942029,23,23,23,0.8938931297709923,baseline-v2-20260723,cd270e7871bd358937d83d9a49829637fa80007d2964084ef229f578e3733bd3,ba75425861a059dafcc477474fc3e4ed1eafdc2b47d6fdd0557337035d29a960,8256e3f6db4b7e0d1d35a9753b04f65aa7e909da8c5eb9076235b69acb1d791f,12008022,1693316462000000000,300
TT/ts-auth-service_loss/5,TT,ts-auth-service,loss,5,300,300,burst,0.1,1,0.1,nsigma,7,0.14285714285714285,0.0,0.08695652173913043,0,0,0,70,1049.4184999843128,ts-order-other-service|ts|ts-rebook-service|ts-contacts-service|ts-preserve-service,ts-order-other-service_istio-latency-99,0.9,23,23,0.9036231884057971,0.8963768115942029,23,23,23,0.8938931297709923,baseline-v2-20260723,cd270e7871bd358937d83d9a49829637fa80007d2964084ef229f578e3733bd3,ba75425861a059dafcc477474fc3e4ed1eafdc2b47d6fdd0557337035d29a960,8256e3f6db4b7e0d1d35a9753b04f65aa7e909da8c5eb9076235b69acb1d791f,12008022,1693316462000000000,300
TT/ts-auth-service_loss/5,TT,ts-auth-service,loss,5,300,300,burst,0.1,2,0.1,baro,23,0.043478260869565216,0.0,0.3188405797101449,0,0,0,70,1211.7944000056013,ts-food-map-service|ts-food-mongo|ts-user-mongo|ts-assurance-mongo|ts-route-mongo,ts-food-map-service_container-memory-rss,0.9,23,23,0.8924637681159421,0.907536231884058,23,23,23,0.8938931297709923,baseline-v2-20260723,cd270e7871bd358937d83d9a49829637fa80007d2964084ef229f578e3733bd3,ba75425861a059dafcc477474fc3e4ed1eafdc2b47d6fdd0557337035d29a960,8256e3f6db4b7e0d1d35a9753b04f65aa7e909da8c5eb9076235b69acb1d791f,12008022,1693316462000000000,300
TT/ts-auth-service_loss/5,TT,ts-auth-service,loss,5,300,300,burst,0.1,2,0.1,median_shift,30,0.03333333333333333,0.0,0.42028985507246375,0,0,0,70,245.80229999264702,ts-assurance-mongo|ts-auth-mongo|ts-cancel-service|ts-config-mongo|ts-consign-mongo,ts-assurance-mongo_container-memory-rss,0.9,23,23,0.8924637681159421,0.907536231884058,23,23,23,0.8938931297709923,baseline-v2-20260723,cd270e7871bd358937d83d9a49829637fa80007d2964084ef229f578e3733bd3,ba75425861a059dafcc477474fc3e4ed1eafdc2b47d6fdd0557337035d29a960,8256e3f6db4b7e0d1d35a9753b04f65aa7e909da8c5eb9076235b69acb1d791f,12008022,1693316462000000000,300
TT/ts-auth-service_loss/5,TT,ts-auth-service,loss,5,300,300,burst,0.1,2,0.1,nsigma,6,0.16666666666666666,0.0,0.07246376811594203,0,0,0,70,929.3285000021569,ts-order-other-service|ts|ts-rebook-service|ts-admin-travel-service|ts-contacts-service,ts-order-other-service_istio-latency-99,0.9,23,23,0.8924637681159421,0.907536231884058,23,23,23,0.8938931297709923,baseline-v2-20260723,cd270e7871bd358937d83d9a49829637fa80007d2964084ef229f578e3733bd3,ba75425861a059dafcc477474fc3e4ed1eafdc2b47d6fdd0557337035d29a960,8256e3f6db4b7e0d1d35a9753b04f65aa7e909da8c5eb9076235b69acb1d791f,12008022,1693316462000000000,300
TT/ts-auth-service_loss/5,TT,ts-auth-service,loss,5,300,300,burst,0.1,3,0.1,baro,23,0.043478260869565216,0.0,0.3188405797101449,0,0,0,70,1193.7780000152998,ts-food-map-service|ts-food-mongo|ts-user-mongo|ts-assurance-mongo|ts-contacts-mongo,ts-food-map-service_container-memory-rss,0.9,23,23,0.8981159420289855,0.9018840579710145,23,23,23,0.8938931297709923,baseline-v2-20260723,cd270e7871bd358937d83d9a49829637fa80007d2964084ef229f578e3733bd3,ba75425861a059dafcc477474fc3e4ed1eafdc2b47d6fdd0557337035d29a960,8256e3f6db4b7e0d1d35a9753b04f65aa7e909da8c5eb9076235b69acb1d791f,12008022,1693316462000000000,300
TT/ts-auth-service_loss/5,TT,ts-auth-service,loss,5,300,300,burst,0.1,3,0.1,median_shift,28,0.03571428571428571,0.0,0.391304347826087,0,0,0,70,290.5122999800369,ts-assurance-mongo|ts-auth-mongo|ts-config-mongo|ts-consign-mongo|ts-contacts-mongo,ts-assurance-mongo_container-memory-rss,0.9,23,23,0.8981159420289855,0.9018840579710145,23,23,23,0.8938931297709923,baseline-v2-20260723,cd270e7871bd358937d83d9a49829637fa80007d2964084ef229f578e3733bd3,ba75425861a059dafcc477474fc3e4ed1eafdc2b47d6fdd0557337035d29a960,8256e3f6db4b7e0d1d35a9753b04f65aa7e909da8c5eb9076235b69acb1d791f,12008022,1693316462000000000,300
TT/ts-auth-service_loss/5,TT,ts-auth-service,loss,5,300,300,burst,0.1,3,0.1,nsigma,6,0.16666666666666666,0.0,0.07246376811594203,0,0,0,70,997.9915000149049,ts-order-other-service|ts|ts-rebook-service|ts-contacts-service|ts-travel2-service,ts-order-other-service_istio-latency-99,0.9,23,23,0.8981159420289855,0.9018840579710145,23,23,23,0.8938931297709923,baseline-v2-20260723,cd270e7871bd358937d83d9a49829637fa80007d2964084ef229f578e3733bd3,ba75425861a059dafcc477474fc3e4ed1eafdc2b47d6fdd0557337035d29a960,8256e3f6db4b7e0d1d35a9753b04f65aa7e909da8c5eb9076235b69acb1d791f,12008022,1693316462000000000,300
TT/ts-auth-service_loss/5,TT,ts-auth-service,loss,5,300,300,burst,0.1,4,0.1,baro,24,0.041666666666666664,0.0,0.3333333333333333,0,0,0,70,949.8287999886088,ts-food-map-service|ts-user-mongo|ts-assurance-mongo|ts-contacts-mongo|ts-payment-mongo,ts-food-map-service_container-memory-rss,0.9,23,23,0.9055072463768116,0.8944927536231884,23,23,23,0.8938931297709923,baseline-v2-20260723,cd270e7871bd358937d83d9a49829637fa80007d2964084ef229f578e3733bd3,ba75425861a059dafcc477474fc3e4ed1eafdc2b47d6fdd0557337035d29a960,8256e3f6db4b7e0d1d35a9753b04f65aa7e909da8c5eb9076235b69acb1d791f,12008022,1693316462000000000,300
TT/ts-auth-service_loss/5,TT,ts-auth-service,loss,5,300,300,burst,0.1,4,0.1,median_shift,30,0.03333333333333333,0.0,0.42028985507246375,0,0,0,70,387.4618000118062,ts-assurance-mongo|ts-auth-mongo|ts-config-mongo|ts-consign-mongo|ts-consign-price-mongo,ts-assurance-mongo_container-memory-rss,0.9,23,23,0.9055072463768116,0.8944927536231884,23,23,23,0.8938931297709923,baseline-v2-20260723,cd270e7871bd358937d83d9a49829637fa80007d2964084ef229f578e3733bd3,ba75425861a059dafcc477474fc3e4ed1eafdc2b47d6fdd0557337035d29a960,8256e3f6db4b7e0d1d35a9753b04f65aa7e909da8c5eb9076235b69acb1d791f,12008022,1693316462000000000,300
TT/ts-auth-service_loss/5,TT,ts-auth-service,loss,5,300,300,burst,0.1,4,0.1,nsigma,5,0.2,0.2,0.057971014492753624,0,0,1,70,836.3523000152782,ts-order-other-service|ts|ts-rebook-service|ts-contacts-service|ts-auth-service,ts-order-other-service_istio-latency-99,0.9,23,23,0.9055072463768116,0.8944927536231884,23,23,23,0.8938931297709923,baseline-v2-20260723,cd270e7871bd358937d83d9a49829637fa80007d2964084ef229f578e3733bd3,ba75425861a059dafcc477474fc3e4ed1eafdc2b47d6fdd0557337035d29a960,8256e3f6db4b7e0d1d35a9753b04f65aa7e909da8c5eb9076235b69acb1d791f,12008022,1693316462000000000,300
TT/ts-auth-service_loss/5,TT,ts-auth-service,loss,5,300,300,burst,0.1,5,0.1,baro,26,0.038461538461538464,0.0,0.36231884057971014,0,0,0,70,1133.4186000167392,ts-food-map-service|ts-food-mongo|ts-assurance-mongo|ts-contacts-mongo|ts-payment-mongo,ts-food-map-service_container-memory-rss,0.9,23,23,0.8821739130434783,0.9178260869565218,23,23,23,0.8938931297709923,baseline-v2-20260723,cd270e7871bd358937d83d9a49829637fa80007d2964084ef229f578e3733bd3,ba75425861a059dafcc477474fc3e4ed1eafdc2b47d6fdd0557337035d29a960,8256e3f6db4b7e0d1d35a9753b04f65aa7e909da8c5eb9076235b69acb1d791f,12008022,1693316462000000000,300
TT/ts-auth-service_loss/5,TT,ts-auth-service,loss,5,300,300,burst,0.1,5,0.1,median_shift,30,0.03333333333333333,0.0,0.42028985507246375,0,0,0,70,300.55650003487244,ts-assurance-mongo|ts-auth-mongo|ts-cancel-service|ts-config-mongo|ts-consign-mongo,ts-assurance-mongo_container-memory-rss,0.9,23,23,0.8821739130434783,0.9178260869565218,23,23,23,0.8938931297709923,baseline-v2-20260723,cd270e7871bd358937d83d9a49829637fa80007d2964084ef229f578e3733bd3,ba75425861a059dafcc477474fc3e4ed1eafdc2b47d6fdd0557337035d29a960,8256e3f6db4b7e0d1d35a9753b04f65aa7e909da8c5eb9076235b69acb1d791f,12008022,1693316462000000000,300
TT/ts-auth-service_loss/5,TT,ts-auth-service,loss,5,300,300,burst,0.1,5,0.1,nsigma,6,0.16666666666666666,0.0,0.07246376811594203,0,0,0,70,955.9718999662437,ts-order-other-service|ts-rebook-service|ts|ts-contacts-service|ts-cancel-service,ts-order-other-service_istio-latency-99,0.9,23,23,0.8821739130434783,0.9178260869565218,23,23,23,0.8938931297709923,baseline-v2-20260723,cd270e7871bd358937d83d9a49829637fa80007d2964084ef229f578e3733bd3,ba75425861a059dafcc477474fc3e4ed1eafdc2b47d6fdd0557337035d29a960,8256e3f6db4b7e0d1d35a9753b04f65aa7e909da8c5eb9076235b69acb1d791f,12008022,1693316462000000000,300
TT/ts-auth-service_loss/5,TT,ts-auth-service,loss,5,300,300,burst,0.1,6,0.1,baro,22,0.045454545454545456,0.0,0.30434782608695654,0,0,0,70,1268.4325000154786,ts-food-map-service|ts-user-mongo|ts-assurance-mongo|ts-contacts-mongo|ts-route-mongo,ts-food-map-service_container-memory-rss,0.9,23,23,0.8889855072463768,0.9110144927536232,23,23,23,0.8938931297709923,baseline-v2-20260723,cd270e7871bd358937d83d9a49829637fa80007d2964084ef229f578e3733bd3,ba75425861a059dafcc477474fc3e4ed1eafdc2b47d6fdd0557337035d29a960,8256e3f6db4b7e0d1d35a9753b04f65aa7e909da8c5eb9076235b69acb1d791f,12008022,1693316462000000000,300
TT/ts-auth-service_loss/5,TT,ts-auth-service,loss,5,300,300,burst,0.1,6,0.1,median_shift,34,0.029411764705882353,0.0,0.4782608695652174,0,0,0,70,297.6773999980651,ts-assurance-mongo|ts-auth-mongo|ts-config-mongo|ts-consign-mongo|ts-contacts-mongo,ts-assurance-mongo_container-memory-rss,0.9,23,23,0.8889855072463768,0.9110144927536232,23,23,23,0.8938931297709923,baseline-v2-20260723,cd270e7871bd358937d83d9a49829637fa80007d2964084ef229f578e3733bd3,ba75425861a059dafcc477474fc3e4ed1eafdc2b47d6fdd0557337035d29a960,8256e3f6db4b7e0d1d35a9753b04f65aa7e909da8c5eb9076235b69acb1d791f,12008022,1693316462000000000,300
TT/ts-auth-service_loss/5,TT,ts-auth-service,loss,5,300,300,burst,0.1,6,0.1,nsigma,7,0.14285714285714285,0.0,0.08695652173913043,0,0,0,70,1027.6566999964416,ts-order-other-service|ts|ts-contacts-service|ts-rebook-service|ts-travel2-service,ts-order-other-service_istio-latency-99,0.9,23,23,0.8889855072463768,0.9110144927536232,23,23,23,0.8938931297709923,baseline-v2-20260723,cd270e7871bd358937d83d9a49829637fa80007d2964084ef229f578e3733bd3,ba75425861a059dafcc477474fc3e4ed1eafdc2b47d6fdd0557337035d29a960,8256e3f6db4b7e0d1d35a9753b04f65aa7e909da8c5eb9076235b69acb1d791f,12008022,1693316462000000000,300
TT/ts-auth-service_loss/5,TT,ts-auth-service,loss,5,300,300,burst,0.1,7,0.1,baro,22,0.045454545454545456,0.0,0.30434782608695654,0,0,0,70,3039.6853999700397,ts-food-map-service|ts-food-mongo|ts-user-mongo|ts-assurance-mongo|ts-contacts-mongo,ts-food-map-service_container-memory-rss,0.9,23,23,0.883768115942029,0.9162318840579711,23,23,23,0.8938931297709923,baseline-v2-20260723,cd270e7871bd358937d83d9a49829637fa80007d2964084ef229f578e3733bd3,ba75425861a059dafcc477474fc3e4ed1eafdc2b47d6fdd0557337035d29a960,8256e3f6db4b7e0d1d35a9753b04f65aa7e909da8c5eb9076235b69acb1d791f,12008022,1693316462000000000,300
TT/ts-auth-service_loss/5,TT,ts-auth-service,loss,5,300,300,burst,0.1,7,0.1,median_shift,31,0.03225806451612903,0.0,0.43478260869565216,0,0,0,70,959.1275999555364,ts-assurance-mongo|ts-auth-mongo|ts-config-mongo|ts-consign-mongo|ts-consign-price-mongo,ts-assurance-mongo_container-memory-rss,0.9,23,23,0.883768115942029,0.9162318840579711,23,23,23,0.8938931297709923,baseline-v2-20260723,cd270e7871bd358937d83d9a49829637fa80007d2964084ef229f578e3733bd3,ba75425861a059dafcc477474fc3e4ed1eafdc2b47d6fdd0557337035d29a960,8256e3f6db4b7e0d1d35a9753b04f65aa7e909da8c5eb9076235b69acb1d791f,12008022,1693316462000000000,300
TT/ts-auth-service_loss/5,TT,ts-auth-service,loss,5,300,300,burst,0.1,7,0.1,nsigma,5,0.2,0.2,0.057971014492753624,0,0,1,70,1050.6504999939352,ts-order-other-service|ts|ts-contacts-service|ts-rebook-service|ts-auth-service,ts-order-other-service_istio-latency-99,0.9,23,23,0.883768115942029,0.9162318840579711,23,23,23,0.8938931297709923,baseline-v2-20260723,cd270e7871bd358937d83d9a49829637fa80007d2964084ef229f578e3733bd3,ba75425861a059dafcc477474fc3e4ed1eafdc2b47d6fdd0557337035d29a960,8256e3f6db4b7e0d1d35a9753b04f65aa7e909da8c5eb9076235b69acb1d791f,12008022,1693316462000000000,300
TT/ts-auth-service_loss/5,TT,ts-auth-service,loss,5,300,300,burst,0.1,8,0.1,baro,23,0.043478260869565216,0.0,0.3188405797101449,0,0,0,70,2541.850699984934,ts-food-map-service|ts-food-mongo|ts-user-mongo|ts-assurance-mongo|ts-contacts-mongo,ts-food-map-service_container-memory-rss,0.9,23,23,0.861159420289855,0.9388405797101449,23,23,23,0.8938931297709923,baseline-v2-20260723,cd270e7871bd358937d83d9a49829637fa80007d2964084ef229f578e3733bd3,ba75425861a059dafcc477474fc3e4ed1eafdc2b47d6fdd0557337035d29a960,8256e3f6db4b7e0d1d35a9753b04f65aa7e909da8c5eb9076235b69acb1d791f,12008022,1693316462000000000,300
TT/ts-auth-service_loss/5,TT,ts-auth-service,loss,5,300,300,burst,0.1,8,0.1,median_shift,30,0.03333333333333333,0.0,0.42028985507246375,0,0,0,70,808.9354999829084,ts-assurance-mongo|ts-auth-mongo|ts-config-mongo|ts-consign-mongo|ts-consign-price-mongo,ts-assurance-mongo_container-memory-rss,0.9,23,23,0.861159420289855,0.9388405797101449,23,23,23,0.8938931297709923,baseline-v2-20260723,cd270e7871bd358937d83d9a49829637fa80007d2964084ef229f578e3733bd3,ba75425861a059dafcc477474fc3e4ed1eafdc2b47d6fdd0557337035d29a960,8256e3f6db4b7e0d1d35a9753b04f65aa7e909da8c5eb9076235b69acb1d791f,12008022,1693316462000000000,300
TT/ts-auth-service_loss/5,TT,ts-auth-service,loss,5,300,300,burst,0.1,8,0.1,nsigma,6,0.16666666666666666,0.0,0.07246376811594203,0,0,0,70,2150.0770999700762,ts-order-other-service|ts|ts-rebook-service|ts-contacts-service|ts-travel2-service,ts-order-other-service_istio-latency-99,0.9,23,23,0.861159420289855,0.9388405797101449,23,23,23,0.8938931297709923,baseline-v2-20260723,cd270e7871bd358937d83d9a49829637fa80007d2964084ef229f578e3733bd3,ba75425861a059dafcc477474fc3e4ed1eafdc2b47d6fdd0557337035d29a960,8256e3f6db4b7e0d1d35a9753b04f65aa7e909da8c5eb9076235b69acb1d791f,12008022,1693316462000000000,300
TT/ts-auth-service_loss/5,TT,ts-auth-service,loss,5,300,300,burst,0.1,9,0.1,baro,20,0.05,0.0,0.2753623188405797,0,0,0,70,2090.64769995166,ts-food-map-service|ts-food-mongo|ts-payment-mongo|ts-route-mongo|ts-consign-mongo,ts-food-map-service_container-memory-rss,0.9,23,23,0.8843478260869565,0.9156521739130434,23,23,23,0.8938931297709923,baseline-v2-20260723,cd270e7871bd358937d83d9a49829637fa80007d2964084ef229f578e3733bd3,ba75425861a059dafcc477474fc3e4ed1eafdc2b47d6fdd0557337035d29a960,8256e3f6db4b7e0d1d35a9753b04f65aa7e909da8c5eb9076235b69acb1d791f,12008022,1693316462000000000,300
TT/ts-auth-service_loss/5,TT,ts-auth-service,loss,5,300,300,burst,0.1,9,0.1,median_shift,31,0.03225806451612903,0.0,0.43478260869565216,0,0,0,70,633.3260000101291,ts-assurance-mongo|ts-auth-mongo|ts-config-mongo|ts-consign-mongo|ts-consign-price-mongo,ts-assurance-mongo_container-memory-rss,0.9,23,23,0.8843478260869565,0.9156521739130434,23,23,23,0.8938931297709923,baseline-v2-20260723,cd270e7871bd358937d83d9a49829637fa80007d2964084ef229f578e3733bd3,ba75425861a059dafcc477474fc3e4ed1eafdc2b47d6fdd0557337035d29a960,8256e3f6db4b7e0d1d35a9753b04f65aa7e909da8c5eb9076235b69acb1d791f,12008022,1693316462000000000,300
TT/ts-auth-service_loss/5,TT,ts-auth-service,loss,5,300,300,burst,0.1,9,0.1,nsigma,2,0.5,0.8,0.014492753623188406,0,1,1,70,1797.6464999956079,ts-order-other-service|ts-auth-service|ts|ts-rebook-service|ts-contacts-service,ts-order-other-service_istio-latency-99,0.9,23,23,0.8843478260869565,0.9156521739130434,23,23,23,0.8938931297709923,baseline-v2-20260723,cd270e7871bd358937d83d9a49829637fa80007d2964084ef229f578e3733bd3,ba75425861a059dafcc477474fc3e4ed1eafdc2b47d6fdd0557337035d29a960,8256e3f6db4b7e0d1d35a9753b04f65aa7e909da8c5eb9076235b69acb1d791f,12008022,1693316462000000000,300
TT/ts-auth-service_loss/5,TT,ts-auth-service,loss,5,300,300,burst,0.3,0,0.3,baro,35,0.02857142857142857,0.0,0.4927536231884058,0,0,0,70,2058.9799000299536,192-168-93-129-9100|ts-order-other-service|ts-admin-travel-service|ts-consign-price-service|ts-ticket-office-mongo,192-168-93-129-9100_node-memory-inactive-bytes,0.7,23,23,0.7578260869565218,0.6421739130434783,23,23,23,0.6952502120441052,baseline-v2-20260723,cd270e7871bd358937d83d9a49829637fa80007d2964084ef229f578e3733bd3,ba75425861a059dafcc477474fc3e4ed1eafdc2b47d6fdd0557337035d29a960,8256e3f6db4b7e0d1d35a9753b04f65aa7e909da8c5eb9076235b69acb1d791f,12008022,1693316462000000000,300
TT/ts-auth-service_loss/5,TT,ts-auth-service,loss,5,300,300,burst,0.3,0,0.3,median_shift,32,0.03125,0.0,0.4492753623188406,0,0,0,70,640.198299952317,ts-assurance-mongo|ts-auth-mongo|ts-cancel-service|ts-config-mongo|ts-config-service,ts-assurance-mongo_container-memory-rss,0.7,23,23,0.7578260869565218,0.6421739130434783,23,23,23,0.6952502120441052,baseline-v2-20260723,cd270e7871bd358937d83d9a49829637fa80007d2964084ef229f578e3733bd3,ba75425861a059dafcc477474fc3e4ed1eafdc2b47d6fdd0557337035d29a960,8256e3f6db4b7e0d1d35a9753b04f65aa7e909da8c5eb9076235b69acb1d791f,12008022,1693316462000000000,300
TT/ts-auth-service_loss/5,TT,ts-auth-service,loss,5,300,300,burst,0.3,0,0.3,nsigma,6,0.16666666666666666,0.0,0.07246376811594203,0,0,0,70,1737.672399962321,ts-order-service|ts-order-other-service|ts|ts-rebook-service|ts-travel2-service,ts-order-service_istio-latency-99,0.7,23,23,0.7578260869565218,0.6421739130434783,23,23,23,0.6952502120441052,baseline-v2-20260723,cd270e7871bd358937d83d9a49829637fa80007d2964084ef229f578e3733bd3,ba75425861a059dafcc477474fc3e4ed1eafdc2b47d6fdd0557337035d29a960,8256e3f6db4b7e0d1d35a9753b04f65aa7e909da8c5eb9076235b69acb1d791f,12008022,1693316462000000000,300
TT/ts-auth-service_loss/5,TT,ts-auth-service,loss,5,300,300,burst,0.3,1,0.3,baro,1,1.0,1.0,0.0,1,1,1,70,1849.9240999808535,ts-auth-service|ts-order-service|ts-admin-travel-service|ts-ticket-office-mongo|ts-security-mongo,ts-auth-service_container-memory-usage-bytes,0.7,23,23,0.7071014492753623,0.6928985507246377,23,23,23,0.6952502120441052,baseline-v2-20260723,cd270e7871bd358937d83d9a49829637fa80007d2964084ef229f578e3733bd3,ba75425861a059dafcc477474fc3e4ed1eafdc2b47d6fdd0557337035d29a960,8256e3f6db4b7e0d1d35a9753b04f65aa7e909da8c5eb9076235b69acb1d791f,12008022,1693316462000000000,300
TT/ts-auth-service_loss/5,TT,ts-auth-service,loss,5,300,300,burst,0.3,1,0.3,median_shift,31,0.03225806451612903,0.0,0.43478260869565216,0,0,0,70,284.10900000017136,ts-auth-mongo|ts-config-mongo|ts-consign-mongo|ts-contacts-mongo|ts-food-map-service,ts-auth-mongo_container-memory-cache,0.7,23,23,0.7071014492753623,0.6928985507246377,23,23,23,0.6952502120441052,baseline-v2-20260723,cd270e7871bd358937d83d9a49829637fa80007d2964084ef229f578e3733bd3,ba75425861a059dafcc477474fc3e4ed1eafdc2b47d6fdd0557337035d29a960,8256e3f6db4b7e0d1d35a9753b04f65aa7e909da8c5eb9076235b69acb1d791f,12008022,1693316462000000000,300
TT/ts-auth-service_loss/5,TT,ts-auth-service,loss,5,300,300,burst,0.3,1,0.3,nsigma,1,1.0,1.0,0.0,1,1,1,70,1805.4504999890924,ts-auth-service|ts-order-other-service|ts|ts-consign-service|ts-notification-service,ts-auth-service_istio-latency-99,0.7,23,23,0.7071014492753623,0.6928985507246377,23,23,23,0.6952502120441052,baseline-v2-20260723,cd270e7871bd358937d83d9a49829637fa80007d2964084ef229f578e3733bd3,ba75425861a059dafcc477474fc3e4ed1eafdc2b47d6fdd0557337035d29a960,8256e3f6db4b7e0d1d35a9753b04f65aa7e909da8c5eb9076235b69acb1d791f,12008022,1693316462000000000,300
TT/ts-auth-service_loss/5,TT,ts-auth-service,loss,5,300,300,burst,0.3,2,0.3,baro,38,0.02631578947368421,0.0,0.5362318840579711,0,0,0,70,1188.828599988483,ts-admin-travel-service|ts-consign-service|ts-payment-mongo|ts-food-map-service|ts-food-mongo,ts-admin-travel-service_container-memory-working-set-bytes,0.7,23,23,0.6694202898550725,0.7305797101449275,23,23,23,0.6952502120441052,baseline-v2-20260723,cd270e7871bd358937d83d9a49829637fa80007d2964084ef229f578e3733bd3,ba75425861a059dafcc477474fc3e4ed1eafdc2b47d6fdd0557337035d29a960,8256e3f6db4b7e0d1d35a9753b04f65aa7e909da8c5eb9076235b69acb1d791f,12008022,1693316462000000000,300
TT/ts-auth-service_loss/5,TT,ts-auth-service,loss,5,300,300,burst,0.3,2,0.3,median_shift,29,0.034482758620689655,0.0,0.4057971014492754,0,0,0,70,311.1808000248857,ts-assurance-mongo|ts-auth-mongo|ts-config-service|ts-consign-mongo|ts-food-map-service,ts-assurance-mongo_container-memory-rss,0.7,23,23,0.6694202898550725,0.7305797101449275,23,23,23,0.6952502120441052,baseline-v2-20260723,cd270e7871bd358937d83d9a49829637fa80007d2964084ef229f578e3733bd3,ba75425861a059dafcc477474fc3e4ed1eafdc2b47d6fdd0557337035d29a960,8256e3f6db4b7e0d1d35a9753b04f65aa7e909da8c5eb9076235b69acb1d791f,12008022,1693316462000000000,300
TT/ts-auth-service_loss/5,TT,ts-auth-service,loss,5,300,300,burst,0.3,2,0.3,nsigma,6,0.16666666666666666,0.0,0.07246376811594203,0,0,0,70,874.4794999947771,ts-order-other-service|ts|ts-rebook-service|ts-contacts-service|ts-preserve-service,ts-order-other-service_istio-latency-99,0.7,23,23,0.6694202898550725,0.7305797101449275,23,23,23,0.6952502120441052,baseline-v2-20260723,cd270e7871bd358937d83d9a49829637fa80007d2964084ef229f578e3733bd3,ba75425861a059dafcc477474fc3e4ed1eafdc2b47d6fdd0557337035d29a960,8256e3f6db4b7e0d1d35a9753b04f65aa7e909da8c5eb9076235b69acb1d791f,12008022,1693316462000000000,300
TT/ts-auth-service_loss/5,TT,ts-auth-service,loss,5,300,300,burst,0.3,3,0.3,baro,1,1.0,1.0,0.0,1,1,1,70,1026.5207999618724,ts-auth-service|ts-order-other-service|ts-consign-price-service|ts-assurance-service|ts-contacts-mongo,ts-auth-service_container-memory-rss,0.7,23,23,0.6966666666666667,0.7033333333333334,23,23,23,0.6952502120441052,baseline-v2-20260723,cd270e7871bd358937d83d9a49829637fa80007d2964084ef229f578e3733bd3,ba75425861a059dafcc477474fc3e4ed1eafdc2b47d6fdd0557337035d29a960,8256e3f6db4b7e0d1d35a9753b04f65aa7e909da8c5eb9076235b69acb1d791f,12008022,1693316462000000000,300
TT/ts-auth-service_loss/5,TT,ts-auth-service,loss,5,300,300,burst,0.3,3,0.3,median_shift,34,0.029411764705882353,0.0,0.4782608695652174,0,0,0,70,287.58549998747185,ts-assurance-mongo|ts-auth-mongo|ts-config-mongo|ts-consign-mongo|ts-contacts-mongo,ts-assurance-mongo_container-memory-rss,0.7,23,23,0.6966666666666667,0.7033333333333334,23,23,23,0.6952502120441052,baseline-v2-20260723,cd270e7871bd358937d83d9a49829637fa80007d2964084ef229f578e3733bd3,ba75425861a059dafcc477474fc3e4ed1eafdc2b47d6fdd0557337035d29a960,8256e3f6db4b7e0d1d35a9753b04f65aa7e909da8c5eb9076235b69acb1d791f,12008022,1693316462000000000,300
TT/ts-auth-service_loss/5,TT,ts-auth-service,loss,5,300,300,burst,0.3,3,0.3,nsigma,8,0.125,0.0,0.10144927536231885,0,0,0,70,1068.042799946852,ts-consign-service|ts-order-other-service|ts|ts-notification-service|ts-preserve-service,ts-consign-service_istio-latency-99,0.7,23,23,0.6966666666666667,0.7033333333333334,23,23,23,0.6952502120441052,baseline-v2-20260723,cd270e7871bd358937d83d9a49829637fa80007d2964084ef229f578e3733bd3,ba75425861a059dafcc477474fc3e4ed1eafdc2b47d6fdd0557337035d29a960,8256e3f6db4b7e0d1d35a9753b04f65aa7e909da8c5eb9076235b69acb1d791f,12008022,1693316462000000000,300
TT/ts-auth-service_loss/5,TT,ts-auth-service,loss,5,300,300,burst,0.3,4,0.3,baro,39,0.02564102564102564,0.0,0.5507246376811594,0,0,0,70,1049.1581999813206,192-168-93-129-9100|ts-admin-travel-service|ts-ticket-office-mongo|ts-inside-payment-mongo|ts-food-map-service,192-168-93-129-9100_node-memory-inactive-bytes,0.7,23,23,0.6631884057971015,0.7368115942028985,23,23,23,0.6952502120441052,baseline-v2-20260723,cd270e7871bd358937d83d9a49829637fa80007d2964084ef229f578e3733bd3,ba75425861a059dafcc477474fc3e4ed1eafdc2b47d6fdd0557337035d29a960,8256e3f6db4b7e0d1d35a9753b04f65aa7e909da8c5eb9076235b69acb1d791f,12008022,1693316462000000000,300
TT/ts-auth-service_loss/5,TT,ts-auth-service,loss,5,300,300,burst,0.3,4,0.3,median_shift,34,0.029411764705882353,0.0,0.4782608695652174,0,0,0,70,295.9885000018403,ts-assurance-mongo|ts-auth-mongo|ts-config-mongo|ts-consign-mongo|ts-consign-price-mongo,ts-assurance-mongo_container-memory-rss,0.7,23,23,0.6631884057971015,0.7368115942028985,23,23,23,0.6952502120441052,baseline-v2-20260723,cd270e7871bd358937d83d9a49829637fa80007d2964084ef229f578e3733bd3,ba75425861a059dafcc477474fc3e4ed1eafdc2b47d6fdd0557337035d29a960,8256e3f6db4b7e0d1d35a9753b04f65aa7e909da8c5eb9076235b69acb1d791f,12008022,1693316462000000000,300
TT/ts-auth-service_loss/5,TT,ts-auth-service,loss,5,300,300,burst,0.3,4,0.3,nsigma,6,0.16666666666666666,0.0,0.07246376811594203,0,0,0,70,952.3601999972016,ts-order-other-service|ts-preserve-service|ts-contacts-service|ts-cancel-service|ts-travel2-service,ts-order-other-service_istio-latency-99,0.7,23,23,0.6631884057971015,0.7368115942028985,23,23,23,0.6952502120441052,baseline-v2-20260723,cd270e7871bd358937d83d9a49829637fa80007d2964084ef229f578e3733bd3,ba75425861a059dafcc477474fc3e4ed1eafdc2b47d6fdd0557337035d29a960,8256e3f6db4b7e0d1d35a9753b04f65aa7e909da8c5eb9076235b69acb1d791f,12008022,1693316462000000000,300
TT/ts-auth-service_loss/5,TT,ts-auth-service,loss,5,300,300,burst,0.3,5,0.3,baro,34,0.029411764705882353,0.0,0.4782608695652174,0,0,0,70,1179.197399993427,192-168-29-237-9100|ts-order-service|ts-food-map-service|ts-train-mongo|ts-food-mongo,192-168-29-237-9100_node-memory-inactive-bytes,0.7,23,23,0.6802898550724638,0.7197101449275363,23,23,23,0.6952502120441052,baseline-v2-20260723,cd270e7871bd358937d83d9a49829637fa80007d2964084ef229f578e3733bd3,ba75425861a059dafcc477474fc3e4ed1eafdc2b47d6fdd0557337035d29a960,8256e3f6db4b7e0d1d35a9753b04f65aa7e909da8c5eb9076235b69acb1d791f,12008022,1693316462000000000,300
TT/ts-auth-service_loss/5,TT,ts-auth-service,loss,5,300,300,burst,0.3,5,0.3,median_shift,31,0.03225806451612903,0.0,0.43478260869565216,0,0,0,70,358.95379999419674,ts-auth-mongo|ts-cancel-service|ts-consign-mongo|ts-contacts-mongo|ts-food-map-service,ts-auth-mongo_container-memory-cache,0.7,23,23,0.6802898550724638,0.7197101449275363,23,23,23,0.6952502120441052,baseline-v2-20260723,cd270e7871bd358937d83d9a49829637fa80007d2964084ef229f578e3733bd3,ba75425861a059dafcc477474fc3e4ed1eafdc2b47d6fdd0557337035d29a960,8256e3f6db4b7e0d1d35a9753b04f65aa7e909da8c5eb9076235b69acb1d791f,12008022,1693316462000000000,300
TT/ts-auth-service_loss/5,TT,ts-auth-service,loss,5,300,300,burst,0.3,5,0.3,nsigma,7,0.14285714285714285,0.0,0.08695652173913043,0,0,0,70,979.3753999983892,ts|ts-cancel-service|ts-preserve-service|ts-rebook-service|ts-contacts-service,ts_container-network-receive-bytes-total,0.7,23,23,0.6802898550724638,0.7197101449275363,23,23,23,0.6952502120441052,baseline-v2-20260723,cd270e7871bd358937d83d9a49829637fa80007d2964084ef229f578e3733bd3,ba75425861a059dafcc477474fc3e4ed1eafdc2b47d6fdd0557337035d29a960,8256e3f6db4b7e0d1d35a9753b04f65aa7e909da8c5eb9076235b69acb1d791f,12008022,1693316462000000000,300
TT/ts-auth-service_loss/5,TT,ts-auth-service,loss,5,300,300,burst,0.3,6,0.3,baro,33,0.030303030303030304,0.0,0.463768115942029,0,0,0,70,1011.163100018166,192-168-45-158-9100|ts-price-service|ts-order-other-service|ts-assurance-service|ts-food-map-service,192-168-45-158-9100_node-memory-inactive-bytes,0.7,23,23,0.6511594202898551,0.748840579710145,23,23,23,0.6952502120441052,baseline-v2-20260723,cd270e7871bd358937d83d9a49829637fa80007d2964084ef229f578e3733bd3,ba75425861a059dafcc477474fc3e4ed1eafdc2b47d6fdd0557337035d29a960,8256e3f6db4b7e0d1d35a9753b04f65aa7e909da8c5eb9076235b69acb1d791f,12008022,1693316462000000000,300
TT/ts-auth-service_loss/5,TT,ts-auth-service,loss,5,300,300,burst,0.3,6,0.3,median_shift,33,0.030303030303030304,0.0,0.463768115942029,0,0,0,70,392.47840002644807,ts-assurance-mongo|ts-auth-mongo|ts-config-mongo|ts-consign-price-mongo|ts-contacts-mongo,ts-assurance-mongo_container-memory-rss,0.7,23,23,0.6511594202898551,0.748840579710145,23,23,23,0.6952502120441052,baseline-v2-20260723,cd270e7871bd358937d83d9a49829637fa80007d2964084ef229f578e3733bd3,ba75425861a059dafcc477474fc3e4ed1eafdc2b47d6fdd0557337035d29a960,8256e3f6db4b7e0d1d35a9753b04f65aa7e909da8c5eb9076235b69acb1d791f,12008022,1693316462000000000,300
TT/ts-auth-service_loss/5,TT,ts-auth-service,loss,5,300,300,burst,0.3,6,0.3,nsigma,3,0.3333333333333333,0.6,0.028985507246376812,0,1,1,70,1196.9850999885239,ts-consign-price-service|ts-order-other-service|ts-auth-service|ts-notification-service|ts-preserve-service,ts-consign-price-service_istio-latency-95,0.7,23,23,0.6511594202898551,0.748840579710145,23,23,23,0.6952502120441052,baseline-v2-20260723,cd270e7871bd358937d83d9a49829637fa80007d2964084ef229f578e3733bd3,ba75425861a059dafcc477474fc3e4ed1eafdc2b47d6fdd0557337035d29a960,8256e3f6db4b7e0d1d35a9753b04f65aa7e909da8c5eb9076235b69acb1d791f,12008022,1693316462000000000,300
TT/ts-auth-service_loss/5,TT,ts-auth-service,loss,5,300,300,burst,0.3,7,0.3,baro,28,0.03571428571428571,0.0,0.391304347826087,0,0,0,70,1050.311699975282,192-168-93-129-9100|ts-order-service|ts-order-other-service|ts-inside-payment-service|ts-consign-service,192-168-93-129-9100_node-memory-active-bytes,0.7,23,23,0.6528985507246376,0.7471014492753624,23,23,23,0.6952502120441052,baseline-v2-20260723,cd270e7871bd358937d83d9a49829637fa80007d2964084ef229f578e3733bd3,ba75425861a059dafcc477474fc3e4ed1eafdc2b47d6fdd0557337035d29a960,8256e3f6db4b7e0d1d35a9753b04f65aa7e909da8c5eb9076235b69acb1d791f,12008022,1693316462000000000,300
TT/ts-auth-service_loss/5,TT,ts-auth-service,loss,5,300,300,burst,0.3,7,0.3,median_shift,34,0.029411764705882353,0.0,0.4782608695652174,0,0,0,70,247.63390002772212,ts-assurance-mongo|ts-auth-mongo|ts-cancel-service|ts-config-mongo|ts-config-service,ts-assurance-mongo_container-memory-rss,0.7,23,23,0.6528985507246376,0.7471014492753624,23,23,23,0.6952502120441052,baseline-v2-20260723,cd270e7871bd358937d83d9a49829637fa80007d2964084ef229f578e3733bd3,ba75425861a059dafcc477474fc3e4ed1eafdc2b47d6fdd0557337035d29a960,8256e3f6db4b7e0d1d35a9753b04f65aa7e909da8c5eb9076235b69acb1d791f,12008022,1693316462000000000,300
TT/ts-auth-service_loss/5,TT,ts-auth-service,loss,5,300,300,burst,0.3,7,0.3,nsigma,7,0.14285714285714285,0.0,0.08695652173913043,0,0,0,70,1192.7123999921605,ts-order-service|ts-order-other-service|ts-rebook-service|ts-consign-service|ts,ts-order-service_istio-latency-99,0.7,23,23,0.6528985507246376,0.7471014492753624,23,23,23,0.6952502120441052,baseline-v2-20260723,cd270e7871bd358937d83d9a49829637fa80007d2964084ef229f578e3733bd3,ba75425861a059dafcc477474fc3e4ed1eafdc2b47d6fdd0557337035d29a960,8256e3f6db4b7e0d1d35a9753b04f65aa7e909da8c5eb9076235b69acb1d791f,12008022,1693316462000000000,300
TT/ts-auth-service_loss/5,TT,ts-auth-service,loss,5,300,300,burst,0.3,8,0.3,baro,33,0.030303030303030304,0.0,0.463768115942029,0,0,0,70,1025.6282999762334,ts-consign-service|ts-ticket-office-mongo|ts-contacts-mongo|ts-food-map-service|ts-payment-mongo,ts-consign-service_container-memory-rss,0.7,23,23,0.74,0.66,23,23,23,0.6952502120441052,baseline-v2-20260723,cd270e7871bd358937d83d9a49829637fa80007d2964084ef229f578e3733bd3,ba75425861a059dafcc477474fc3e4ed1eafdc2b47d6fdd0557337035d29a960,8256e3f6db4b7e0d1d35a9753b04f65aa7e909da8c5eb9076235b69acb1d791f,12008022,1693316462000000000,300
TT/ts-auth-service_loss/5,TT,ts-auth-service,loss,5,300,300,burst,0.3,8,0.3,median_shift,29,0.034482758620689655,0.0,0.4057971014492754,0,0,0,70,329.1876000002958,ts-assurance-mongo|ts-auth-mongo|ts-cancel-service|ts-config-mongo|ts-consign-mongo,ts-assurance-mongo_container-memory-rss,0.7,23,23,0.74,0.66,23,23,23,0.6952502120441052,baseline-v2-20260723,cd270e7871bd358937d83d9a49829637fa80007d2964084ef229f578e3733bd3,ba75425861a059dafcc477474fc3e4ed1eafdc2b47d6fdd0557337035d29a960,8256e3f6db4b7e0d1d35a9753b04f65aa7e909da8c5eb9076235b69acb1d791f,12008022,1693316462000000000,300
TT/ts-auth-service_loss/5,TT,ts-auth-service,loss,5,300,300,burst,0.3,8,0.3,nsigma,7,0.14285714285714285,0.0,0.08695652173913043,0,0,0,70,1014.3602999742143,ts-order-other-service|ts|ts-contacts-service|ts-rebook-service|ts-preserve-service,ts-order-other-service_istio-latency-99,0.7,23,23,0.74,0.66,23,23,23,0.6952502120441052,baseline-v2-20260723,cd270e7871bd358937d83d9a49829637fa80007d2964084ef229f578e3733bd3,ba75425861a059dafcc477474fc3e4ed1eafdc2b47d6fdd0557337035d29a960,8256e3f6db4b7e0d1d35a9753b04f65aa7e909da8c5eb9076235b69acb1d791f,12008022,1693316462000000000,300
TT/ts-auth-service_loss/5,TT,ts-auth-service,loss,5,300,300,burst,0.3,9,0.3,baro,1,1.0,1.0,0.0,1,1,1,70,1132.3930999496952,ts-auth-service|ts-consign-price-service|ts-admin-travel-service|ts-consign-service|ts-food-map-service,ts-auth-service_container-memory-usage-bytes,0.7,23,23,0.8344927536231884,0.5655072463768116,23,23,23,0.6952502120441052,baseline-v2-20260723,cd270e7871bd358937d83d9a49829637fa80007d2964084ef229f578e3733bd3,ba75425861a059dafcc477474fc3e4ed1eafdc2b47d6fdd0557337035d29a960,8256e3f6db4b7e0d1d35a9753b04f65aa7e909da8c5eb9076235b69acb1d791f,12008022,1693316462000000000,300
TT/ts-auth-service_loss/5,TT,ts-auth-service,loss,5,300,300,burst,0.3,9,0.3,median_shift,32,0.03125,0.0,0.4492753623188406,0,0,0,70,668.4756999602541,ts-auth-mongo|ts-cancel-service|ts-config-mongo|ts-consign-mongo|ts-consign-price-mongo,ts-auth-mongo_container-memory-cache,0.7,23,23,0.8344927536231884,0.5655072463768116,23,23,23,0.6952502120441052,baseline-v2-20260723,cd270e7871bd358937d83d9a49829637fa80007d2964084ef229f578e3733bd3,ba75425861a059dafcc477474fc3e4ed1eafdc2b47d6fdd0557337035d29a960,8256e3f6db4b7e0d1d35a9753b04f65aa7e909da8c5eb9076235b69acb1d791f,12008022,1693316462000000000,300
TT/ts-auth-service_loss/5,TT,ts-auth-service,loss,5,300,300,burst,0.3,9,0.3,nsigma,8,0.125,0.0,0.10144927536231885,0,0,0,70,902.3478000308387,ts-order-other-service|ts-cancel-service|ts|ts-contacts-service|ts-travel2-service,ts-order-other-service_istio-latency-99,0.7,23,23,0.8344927536231884,0.5655072463768116,23,23,23,0.6952502120441052,baseline-v2-20260723,cd270e7871bd358937d83d9a49829637fa80007d2964084ef229f578e3733bd3,ba75425861a059dafcc477474fc3e4ed1eafdc2b47d6fdd0557337035d29a960,8256e3f6db4b7e0d1d35a9753b04f65aa7e909da8c5eb9076235b69acb1d791f,12008022,1693316462000000000,300
TT/ts-auth-service_loss/5,TT,ts-auth-service,loss,5,300,300,burst,0.5,0,0.5,baro,5,0.2,0.2,0.057971014492753624,0,0,1,70,1910.3323999443091,192-168-29-237-9100|192-168-76-138-9100|ts-consign-price-service|ts-order-service|ts-auth-service,192-168-29-237-9100_node-memory-inactive-bytes,0.5,23,23,0.5852173913043478,0.4147826086956522,23,23,22,0.496607294317218,baseline-v2-20260723,cd270e7871bd358937d83d9a49829637fa80007d2964084ef229f578e3733bd3,ba75425861a059dafcc477474fc3e4ed1eafdc2b47d6fdd0557337035d29a960,8256e3f6db4b7e0d1d35a9753b04f65aa7e909da8c5eb9076235b69acb1d791f,12008022,1693316462000000000,300
TT/ts-auth-service_loss/5,TT,ts-auth-service,loss,5,300,300,burst,0.5,0,0.5,median_shift,48,0.020833333333333332,0.0,0.6811594202898551,0,0,0,70,663.2539999554865,192-168-29-237-9100|ts-assurance-mongo|ts-auth-mongo|ts-config-mongo|ts-consign-mongo,192-168-29-237-9100_node-memory-active-bytes,0.5,23,23,0.5852173913043478,0.4147826086956522,23,23,22,0.496607294317218,baseline-v2-20260723,cd270e7871bd358937d83d9a49829637fa80007d2964084ef229f578e3733bd3,ba75425861a059dafcc477474fc3e4ed1eafdc2b47d6fdd0557337035d29a960,8256e3f6db4b7e0d1d35a9753b04f65aa7e909da8c5eb9076235b69acb1d791f,12008022,1693316462000000000,300
TT/ts-auth-service_loss/5,TT,ts-auth-service,loss,5,300,300,burst,0.5,0,0.5,nsigma,1,1.0,1.0,0.0,1,1,1,70,1661.2527000252157,ts-auth-service|ts-route-plan-service|ts-admin-travel-service|ts-order-other-service|ts-ticket-office-service,ts-auth-service_istio-latency-99,0.5,23,23,0.5852173913043478,0.4147826086956522,23,23,22,0.496607294317218,baseline-v2-20260723,cd270e7871bd358937d83d9a49829637fa80007d2964084ef229f578e3733bd3,ba75425861a059dafcc477474fc3e4ed1eafdc2b47d6fdd0557337035d29a960,8256e3f6db4b7e0d1d35a9753b04f65aa7e909da8c5eb9076235b69acb1d791f,12008022,1693316462000000000,300
TT/ts-auth-service_loss/5,TT,ts-auth-service,loss,5,300,300,burst,0.5,1,0.5,baro,6,0.16666666666666666,0.0,0.07246376811594203,0,0,0,70,1951.6332999919541,192-168-51-251-9100|192-168-93-129-9100|ts-order-other-service|192-168-76-138-9100|ts-order-service,192-168-51-251-9100_node-memory-active-bytes,0.5,23,23,0.4265217391304348,0.5734782608695652,23,23,23,0.496607294317218,baseline-v2-20260723,cd270e7871bd358937d83d9a49829637fa80007d2964084ef229f578e3733bd3,ba75425861a059dafcc477474fc3e4ed1eafdc2b47d6fdd0557337035d29a960,8256e3f6db4b7e0d1d35a9753b04f65aa7e909da8c5eb9076235b69acb1d791f,12008022,1693316462000000000,300
TT/ts-auth-service_loss/5,TT,ts-auth-service,loss,5,300,300,burst,0.5,1,0.5,median_shift,52,0.019230769230769232,0.0,0.7391304347826086,0,0,0,70,662.5519000226632,ts-admin-travel-service|ts-assurance-mongo|ts-assurance-service|ts-auth-mongo|ts-config-mongo,ts-admin-travel-service_container-memory-working-set-bytes,0.5,23,23,0.4265217391304348,0.5734782608695652,23,23,23,0.496607294317218,baseline-v2-20260723,cd270e7871bd358937d83d9a49829637fa80007d2964084ef229f578e3733bd3,ba75425861a059dafcc477474fc3e4ed1eafdc2b47d6fdd0557337035d29a960,8256e3f6db4b7e0d1d35a9753b04f65aa7e909da8c5eb9076235b69acb1d791f,12008022,1693316462000000000,300
TT/ts-auth-service_loss/5,TT,ts-auth-service,loss,5,300,300,burst,0.5,1,0.5,nsigma,3,0.3333333333333333,0.6,0.028985507246376812,0,1,1,70,1554.52529998729,ts-consign-price-service|ts-contacts-service|ts-auth-service|192-168-93-129-9100|ts-admin-travel-service,ts-consign-price-service_istio-latency-90,0.5,23,23,0.4265217391304348,0.5734782608695652,23,23,23,0.496607294317218,baseline-v2-20260723,cd270e7871bd358937d83d9a49829637fa80007d2964084ef229f578e3733bd3,ba75425861a059dafcc477474fc3e4ed1eafdc2b47d6fdd0557337035d29a960,8256e3f6db4b7e0d1d35a9753b04f65aa7e909da8c5eb9076235b69acb1d791f,12008022,1693316462000000000,300
TT/ts-auth-service_loss/5,TT,ts-auth-service,loss,5,300,300,burst,0.5,2,0.5,baro,5,0.2,0.2,0.057971014492753624,0,0,1,70,2117.97210003715,192-168-76-138-9100|192-168-45-158-9100|ts-consign-price-service|ts-order-service|ts-auth-service,192-168-76-138-9100_node-memory-active-bytes,0.5,23,23,0.518840579710145,0.4811594202898551,23,23,22,0.496607294317218,baseline-v2-20260723,cd270e7871bd358937d83d9a49829637fa80007d2964084ef229f578e3733bd3,ba75425861a059dafcc477474fc3e4ed1eafdc2b47d6fdd0557337035d29a960,8256e3f6db4b7e0d1d35a9753b04f65aa7e909da8c5eb9076235b69acb1d791f,12008022,1693316462000000000,300
TT/ts-auth-service_loss/5,TT,ts-auth-service,loss,5,300,300,burst,0.5,2,0.5,median_shift,49,0.02040816326530612,0.0,0.6956521739130435,0,0,0,70,645.86310001323,ts-admin-basic-info-service|ts-auth-mongo|ts-basic-service|ts-config-mongo|ts-config-service,ts-admin-basic-info-service_container-cpu-usage-seconds-total,0.5,23,23,0.518840579710145,0.4811594202898551,23,23,22,0.496607294317218,baseline-v2-20260723,cd270e7871bd358937d83d9a49829637fa80007d2964084ef229f578e3733bd3,ba75425861a059dafcc477474fc3e4ed1eafdc2b47d6fdd0557337035d29a960,8256e3f6db4b7e0d1d35a9753b04f65aa7e909da8c5eb9076235b69acb1d791f,12008022,1693316462000000000,300
TT/ts-auth-service_loss/5,TT,ts-auth-service,loss,5,300,300,burst,0.5,2,0.5,nsigma,6,0.16666666666666666,0.0,0.07246376811594203,0,0,0,70,1706.367400009185,ts-order-service|192-168-76-138-9100|ts-consign-service|ts-consign-price-service|ts-order-other-service,ts-order-service_istio-bytes-90,0.5,23,23,0.518840579710145,0.4811594202898551,23,23,22,0.496607294317218,baseline-v2-20260723,cd270e7871bd358937d83d9a49829637fa80007d2964084ef229f578e3733bd3,ba75425861a059dafcc477474fc3e4ed1eafdc2b47d6fdd0557337035d29a960,8256e3f6db4b7e0d1d35a9753b04f65aa7e909da8c5eb9076235b69acb1d791f,12008022,1693316462000000000,300
TT/ts-auth-service_loss/5,TT,ts-auth-service,loss,5,300,300,burst,0.5,3,0.5,baro,3,0.3333333333333333,0.6,0.028985507246376812,0,1,1,70,1907.6058000209741,192-168-51-251-9100|192-168-76-138-9100|ts-auth-service|ts-consign-price-service|ts-admin-travel-service,192-168-51-251-9100_node-memory-inactive-bytes,0.5,23,23,0.4882608695652174,0.5117391304347826,23,23,23,0.496607294317218,baseline-v2-20260723,cd270e7871bd358937d83d9a49829637fa80007d2964084ef229f578e3733bd3,ba75425861a059dafcc477474fc3e4ed1eafdc2b47d6fdd0557337035d29a960,8256e3f6db4b7e0d1d35a9753b04f65aa7e909da8c5eb9076235b69acb1d791f,12008022,1693316462000000000,300
TT/ts-auth-service_loss/5,TT,ts-auth-service,loss,5,300,300,burst,0.5,3,0.5,median_shift,49,0.02040816326530612,0.0,0.6956521739130435,0,0,0,70,663.3467999636196,ts-admin-route-service|ts-admin-travel-service|ts-assurance-mongo|ts-assurance-service|ts-auth-mongo,ts-admin-route-service_container-cpu-usage-seconds-total,0.5,23,23,0.4882608695652174,0.5117391304347826,23,23,23,0.496607294317218,baseline-v2-20260723,cd270e7871bd358937d83d9a49829637fa80007d2964084ef229f578e3733bd3,ba75425861a059dafcc477474fc3e4ed1eafdc2b47d6fdd0557337035d29a960,8256e3f6db4b7e0d1d35a9753b04f65aa7e909da8c5eb9076235b69acb1d791f,12008022,1693316462000000000,300
TT/ts-auth-service_loss/5,TT,ts-auth-service,loss,5,300,300,burst,0.5,3,0.5,nsigma,3,0.3333333333333333,0.6,0.028985507246376812,0,1,1,70,1752.529899997171,ts-admin-route-service|ts-consign-price-service|ts-auth-service|ts-rebook-service|ts-order-other-service,ts-admin-route-service_container-cpu-usage-seconds-total,0.5,23,23,0.4882608695652174,0.5117391304347826,23,23,23,0.496607294317218,baseline-v2-20260723,cd270e7871bd358937d83d9a49829637fa80007d2964084ef229f578e3733bd3,ba75425861a059dafcc477474fc3e4ed1eafdc2b47d6fdd0557337035d29a960,8256e3f6db4b7e0d1d35a9753b04f65aa7e909da8c5eb9076235b69acb1d791f,12008022,1693316462000000000,300
TT/ts-auth-service_loss/5,TT,ts-auth-service,loss,5,300,300,burst,0.5,4,0.5,baro,7,0.14285714285714285,0.0,0.08695652173913043,0,0,0,70,931.5170000190847,192-168-93-129-9100|192-168-29-237-9100|ts-consign-price-service|ts-order-service|ts-admin-travel-service,192-168-93-129-9100_node-memory-inactive-bytes,0.5,23,23,0.5208695652173913,0.4791304347826087,23,23,23,0.496607294317218,baseline-v2-20260723,cd270e7871bd358937d83d9a49829637fa80007d2964084ef229f578e3733bd3,ba75425861a059dafcc477474fc3e4ed1eafdc2b47d6fdd0557337035d29a960,8256e3f6db4b7e0d1d35a9753b04f65aa7e909da8c5eb9076235b69acb1d791f,12008022,1693316462000000000,300
TT/ts-auth-service_loss/5,TT,ts-auth-service,loss,5,300,300,burst,0.5,4,0.5,median_shift,49,0.02040816326530612,0.0,0.6956521739130435,0,0,0,70,224.4594999938272,192-168-29-237-9100|ts-assurance-mongo|ts-assurance-service|ts-auth-mongo|ts-basic-service,192-168-29-237-9100_node-memory-active-bytes,0.5,23,23,0.5208695652173913,0.4791304347826087,23,23,23,0.496607294317218,baseline-v2-20260723,cd270e7871bd358937d83d9a49829637fa80007d2964084ef229f578e3733bd3,ba75425861a059dafcc477474fc3e4ed1eafdc2b47d6fdd0557337035d29a960,8256e3f6db4b7e0d1d35a9753b04f65aa7e909da8c5eb9076235b69acb1d791f,12008022,1693316462000000000,300
TT/ts-auth-service_loss/5,TT,ts-auth-service,loss,5,300,300,burst,0.5,4,0.5,nsigma,6,0.16666666666666666,0.0,0.07246376811594203,0,0,0,70,1110.164200013969,192-168-93-129-9100|ts-basic-service|ts-ticket-office-service|ts-order-other-service|ts-consign-price-service,192-168-93-129-9100_node-disk-written-bytes-total,0.5,23,23,0.5208695652173913,0.4791304347826087,23,23,23,0.496607294317218,baseline-v2-20260723,cd270e7871bd358937d83d9a49829637fa80007d2964084ef229f578e3733bd3,ba75425861a059dafcc477474fc3e4ed1eafdc2b47d6fdd0557337035d29a960,8256e3f6db4b7e0d1d35a9753b04f65aa7e909da8c5eb9076235b69acb1d791f,12008022,1693316462000000000,300
TT/ts-auth-service_loss/5,TT,ts-auth-service,loss,5,300,300,burst,0.5,5,0.5,baro,4,0.25,0.4,0.043478260869565216,0,0,1,70,945.5088000395335,192-168-51-251-9100|192-168-93-129-9100|192-168-76-138-9100|ts-auth-service|ts-consign-price-service,192-168-51-251-9100_node-memory-inactive-bytes,0.5,23,23,0.45565217391304347,0.5443478260869565,23,23,23,0.496607294317218,baseline-v2-20260723,cd270e7871bd358937d83d9a49829637fa80007d2964084ef229f578e3733bd3,ba75425861a059dafcc477474fc3e4ed1eafdc2b47d6fdd0557337035d29a960,8256e3f6db4b7e0d1d35a9753b04f65aa7e909da8c5eb9076235b69acb1d791f,12008022,1693316462000000000,300
TT/ts-auth-service_loss/5,TT,ts-auth-service,loss,5,300,300,burst,0.5,5,0.5,median_shift,45,0.022222222222222223,0.0,0.6376811594202898,0,0,0,70,357.58510004961863,ts-assurance-service|ts-auth-mongo|ts-cancel-service|ts-config-mongo|ts-config-service,ts-assurance-service_container-memory-rss,0.5,23,23,0.45565217391304347,0.5443478260869565,23,23,23,0.496607294317218,baseline-v2-20260723,cd270e7871bd358937d83d9a49829637fa80007d2964084ef229f578e3733bd3,ba75425861a059dafcc477474fc3e4ed1eafdc2b47d6fdd0557337035d29a960,8256e3f6db4b7e0d1d35a9753b04f65aa7e909da8c5eb9076235b69acb1d791f,12008022,1693316462000000000,300
TT/ts-auth-service_loss/5,TT,ts-auth-service,loss,5,300,300,burst,0.5,5,0.5,nsigma,5,0.2,0.2,0.057971014492753624,0,0,1,70,653.2989999977872,ts-consign-service|ts-order-other-service|ts-consign-price-service|ts-rebook-service|ts-auth-service,ts-consign-service_istio-latency-99,0.5,23,23,0.45565217391304347,0.5443478260869565,23,23,23,0.496607294317218,baseline-v2-20260723,cd270e7871bd358937d83d9a49829637fa80007d2964084ef229f578e3733bd3,ba75425861a059dafcc477474fc3e4ed1eafdc2b47d6fdd0557337035d29a960,8256e3f6db4b7e0d1d35a9753b04f65aa7e909da8c5eb9076235b69acb1d791f,12008022,1693316462000000000,300
TT/ts-auth-service_loss/5,TT,ts-auth-service,loss,5,300,300,burst,0.5,6,0.5,baro,6,0.16666666666666666,0.0,0.07246376811594203,0,0,0,70,1214.5756999962032,192-168-93-129-9100|192-168-45-158-9100|192-168-51-251-9100|192-168-29-237-9100|192-168-76-138-9100,192-168-93-129-9100_node-memory-inactive-bytes,0.5,23,23,0.5159420289855072,0.48405797101449277,23,23,23,0.496607294317218,baseline-v2-20260723,cd270e7871bd358937d83d9a49829637fa80007d2964084ef229f578e3733bd3,ba75425861a059dafcc477474fc3e4ed1eafdc2b47d6fdd0557337035d29a960,8256e3f6db4b7e0d1d35a9753b04f65aa7e909da8c5eb9076235b69acb1d791f,12008022,1693316462000000000,300
TT/ts-auth-service_loss/5,TT,ts-auth-service,loss,5,300,300,burst,0.5,6,0.5,median_shift,46,0.021739130434782608,0.0,0.6521739130434783,0,0,0,70,244.8685000417754,ts-assurance-mongo|ts-auth-mongo|ts-cancel-service|ts-config-mongo|ts-consign-mongo,ts-assurance-mongo_container-memory-rss,0.5,23,23,0.5159420289855072,0.48405797101449277,23,23,23,0.496607294317218,baseline-v2-20260723,cd270e7871bd358937d83d9a49829637fa80007d2964084ef229f578e3733bd3,ba75425861a059dafcc477474fc3e4ed1eafdc2b47d6fdd0557337035d29a960,8256e3f6db4b7e0d1d35a9753b04f65aa7e909da8c5eb9076235b69acb1d791f,12008022,1693316462000000000,300
TT/ts-auth-service_loss/5,TT,ts-auth-service,loss,5,300,300,burst,0.5,6,0.5,nsigma,1,1.0,1.0,0.0,1,1,1,70,864.8798000067472,ts-auth-service|ts-travel-plan-service|ts-admin-travel-service|ts-food-map-mongo|ts-cancel-service,ts-auth-service_istio-latency-99,0.5,23,23,0.5159420289855072,0.48405797101449277,23,23,23,0.496607294317218,baseline-v2-20260723,cd270e7871bd358937d83d9a49829637fa80007d2964084ef229f578e3733bd3,ba75425861a059dafcc477474fc3e4ed1eafdc2b47d6fdd0557337035d29a960,8256e3f6db4b7e0d1d35a9753b04f65aa7e909da8c5eb9076235b69acb1d791f,12008022,1693316462000000000,300
TT/ts-auth-service_loss/5,TT,ts-auth-service,loss,5,300,300,burst,0.5,7,0.5,baro,7,0.14285714285714285,0.0,0.08695652173913043,0,0,0,70,1159.5477999653667,192-168-51-251-9100|192-168-76-138-9100|192-168-29-237-9100|192-168-93-129-9100|192-168-45-158-9100,192-168-51-251-9100_node-memory-inactive-bytes,0.5,23,23,0.466231884057971,0.533768115942029,23,23,23,0.496607294317218,baseline-v2-20260723,cd270e7871bd358937d83d9a49829637fa80007d2964084ef229f578e3733bd3,ba75425861a059dafcc477474fc3e4ed1eafdc2b47d6fdd0557337035d29a960,8256e3f6db4b7e0d1d35a9753b04f65aa7e909da8c5eb9076235b69acb1d791f,12008022,1693316462000000000,300
TT/ts-auth-service_loss/5,TT,ts-auth-service,loss,5,300,300,burst,0.5,7,0.5,median_shift,47,0.02127659574468085,0.0,0.6666666666666666,0,0,0,70,352.49830002430826,ts-admin-route-service|ts-assurance-mongo|ts-auth-mongo|ts-cancel-service|ts-config-mongo,ts-admin-route-service_container-cpu-usage-seconds-total,0.5,23,23,0.466231884057971,0.533768115942029,23,23,23,0.496607294317218,baseline-v2-20260723,cd270e7871bd358937d83d9a49829637fa80007d2964084ef229f578e3733bd3,ba75425861a059dafcc477474fc3e4ed1eafdc2b47d6fdd0557337035d29a960,8256e3f6db4b7e0d1d35a9753b04f65aa7e909da8c5eb9076235b69acb1d791f,12008022,1693316462000000000,300
TT/ts-auth-service_loss/5,TT,ts-auth-service,loss,5,300,300,burst,0.5,7,0.5,nsigma,7,0.14285714285714285,0.0,0.08695652173913043,0,0,0,70,856.9050999940373,ts-admin-route-service|ts-consign-price-service|ts-admin-travel-service|ts-order-other-service|ts-cancel-service,ts-admin-route-service_container-cpu-usage-seconds-total,0.5,23,23,0.466231884057971,0.533768115942029,23,23,23,0.496607294317218,baseline-v2-20260723,cd270e7871bd358937d83d9a49829637fa80007d2964084ef229f578e3733bd3,ba75425861a059dafcc477474fc3e4ed1eafdc2b47d6fdd0557337035d29a960,8256e3f6db4b7e0d1d35a9753b04f65aa7e909da8c5eb9076235b69acb1d791f,12008022,1693316462000000000,300
TT/ts-auth-service_loss/5,TT,ts-auth-service,loss,5,300,300,burst,0.5,8,0.5,baro,6,0.16666666666666666,0.0,0.07246376811594203,0,0,0,70,1199.8620999511331,192-168-45-158-9100|192-168-93-129-9100|192-168-29-237-9100|ts-consign-price-service|ts-order-service,192-168-45-158-9100_node-memory-inactive-bytes,0.5,23,23,0.5205797101449275,0.47942028985507246,23,23,23,0.496607294317218,baseline-v2-20260723,cd270e7871bd358937d83d9a49829637fa80007d2964084ef229f578e3733bd3,ba75425861a059dafcc477474fc3e4ed1eafdc2b47d6fdd0557337035d29a960,8256e3f6db4b7e0d1d35a9753b04f65aa7e909da8c5eb9076235b69acb1d791f,12008022,1693316462000000000,300
TT/ts-auth-service_loss/5,TT,ts-auth-service,loss,5,300,300,burst,0.5,8,0.5,median_shift,43,0.023255813953488372,0.0,0.6086956521739131,0,0,0,70,261.9362000259571,ts-admin-basic-info-service|ts-admin-user-service|ts-assurance-mongo|ts-auth-mongo|ts-basic-service,ts-admin-basic-info-service_container-memory-usage-bytes,0.5,23,23,0.5205797101449275,0.47942028985507246,23,23,23,0.496607294317218,baseline-v2-20260723,cd270e7871bd358937d83d9a49829637fa80007d2964084ef229f578e3733bd3,ba75425861a059dafcc477474fc3e4ed1eafdc2b47d6fdd0557337035d29a960,8256e3f6db4b7e0d1d35a9753b04f65aa7e909da8c5eb9076235b69acb1d791f,12008022,1693316462000000000,300
TT/ts-auth-service_loss/5,TT,ts-auth-service,loss,5,300,300,burst,0.5,8,0.5,nsigma,1,1.0,1.0,0.0,1,1,1,70,854.6809000545181,ts-auth-service|ts-consign-service|192-168-51-251-9100|ts-food-map-mongo|ts-order-other-service,ts-auth-service_istio-latency-99,0.5,23,23,0.5205797101449275,0.47942028985507246,23,23,23,0.496607294317218,baseline-v2-20260723,cd270e7871bd358937d83d9a49829637fa80007d2964084ef229f578e3733bd3,ba75425861a059dafcc477474fc3e4ed1eafdc2b47d6fdd0557337035d29a960,8256e3f6db4b7e0d1d35a9753b04f65aa7e909da8c5eb9076235b69acb1d791f,12008022,1693316462000000000,300
TT/ts-auth-service_loss/5,TT,ts-auth-service,loss,5,300,300,burst,0.5,9,0.5,baro,2,0.5,0.8,0.014492753623188406,0,1,1,70,1021.8927999958396,192-168-45-158-9100|ts-auth-service|ts-consign-price-service|ts-admin-travel-service|ts-order-other-service,192-168-45-158-9100_node-memory-active-bytes,0.5,23,23,0.4121739130434783,0.5878260869565217,23,23,23,0.496607294317218,baseline-v2-20260723,cd270e7871bd358937d83d9a49829637fa80007d2964084ef229f578e3733bd3,ba75425861a059dafcc477474fc3e4ed1eafdc2b47d6fdd0557337035d29a960,8256e3f6db4b7e0d1d35a9753b04f65aa7e909da8c5eb9076235b69acb1d791f,12008022,1693316462000000000,300
TT/ts-auth-service_loss/5,TT,ts-auth-service,loss,5,300,300,burst,0.5,9,0.5,median_shift,48,0.020833333333333332,0.0,0.6811594202898551,0,0,0,70,310.64630002947524,ts-admin-basic-info-service|ts-admin-travel-service|ts-assurance-mongo|ts-assurance-service|ts-auth-mongo,ts-admin-basic-info-service_container-cpu-usage-seconds-total,0.5,23,23,0.4121739130434783,0.5878260869565217,23,23,23,0.496607294317218,baseline-v2-20260723,cd270e7871bd358937d83d9a49829637fa80007d2964084ef229f578e3733bd3,ba75425861a059dafcc477474fc3e4ed1eafdc2b47d6fdd0557337035d29a960,8256e3f6db4b7e0d1d35a9753b04f65aa7e909da8c5eb9076235b69acb1d791f,12008022,1693316462000000000,300
TT/ts-auth-service_loss/5,TT,ts-auth-service,loss,5,300,300,burst,0.5,9,0.5,nsigma,4,0.25,0.4,0.043478260869565216,0,0,1,70,867.7853000117466,ts-consign-price-service|ts-consign-service|ts-admin-travel-service|ts-auth-service|ts-rebook-service,ts-consign-price-service_istio-latency-95,0.5,23,23,0.4121739130434783,0.5878260869565217,23,23,23,0.496607294317218,baseline-v2-20260723,cd270e7871bd358937d83d9a49829637fa80007d2964084ef229f578e3733bd3,ba75425861a059dafcc477474fc3e4ed1eafdc2b47d6fdd0557337035d29a960,8256e3f6db4b7e0d1d35a9753b04f65aa7e909da8c5eb9076235b69acb1d791f,12008022,1693316462000000000,300
TT/ts-auth-service_loss/5,TT,ts-auth-service,loss,5,300,300,incident,0.1,0,0.1,baro,20,0.05,0.0,0.2753623188405797,0,0,0,70,851.2296000262722,ts-user-mongo|ts-assurance-mongo|ts-food-mongo|ts-payment-mongo|ts-food-map-service,ts-user-mongo_container-memory-rss,0.8584057971014493,23,23,0.8940579710144928,0.8227536231884058,23,23,22,0.8938931297709923,baseline-v2-20260723,cd270e7871bd358937d83d9a49829637fa80007d2964084ef229f578e3733bd3,ba75425861a059dafcc477474fc3e4ed1eafdc2b47d6fdd0557337035d29a960,8256e3f6db4b7e0d1d35a9753b04f65aa7e909da8c5eb9076235b69acb1d791f,12008022,1693316462000000000,300
TT/ts-auth-service_loss/5,TT,ts-auth-service,loss,5,300,300,incident,0.1,0,0.1,median_shift,33,0.030303030303030304,0.0,0.463768115942029,0,0,0,70,293.38350001489744,ts-config-mongo|ts-order-service|ts-station-mongo|ts-station-service|ts-preserve-other-service,ts-config-mongo_container-memory-rss,0.8584057971014493,23,23,0.8940579710144928,0.8227536231884058,23,23,22,0.8938931297709923,baseline-v2-20260723,cd270e7871bd358937d83d9a49829637fa80007d2964084ef229f578e3733bd3,ba75425861a059dafcc477474fc3e4ed1eafdc2b47d6fdd0557337035d29a960,8256e3f6db4b7e0d1d35a9753b04f65aa7e909da8c5eb9076235b69acb1d791f,12008022,1693316462000000000,300
TT/ts-auth-service_loss/5,TT,ts-auth-service,loss,5,300,300,incident,0.1,0,0.1,nsigma,10,0.1,0.0,0.13043478260869565,0,0,0,70,909.1582000255585,ts-travel2-service|ts-rebook-service|ts-payment-service|ts-security-service|ts-preserve-service,ts-travel2-service_container-memory-failures-total,0.8584057971014493,23,23,0.8940579710144928,0.8227536231884058,23,23,22,0.8938931297709923,baseline-v2-20260723,cd270e7871bd358937d83d9a49829637fa80007d2964084ef229f578e3733bd3,ba75425861a059dafcc477474fc3e4ed1eafdc2b47d6fdd0557337035d29a960,8256e3f6db4b7e0d1d35a9753b04f65aa7e909da8c5eb9076235b69acb1d791f,12008022,1693316462000000000,300
TT/ts-auth-service_loss/5,TT,ts-auth-service,loss,5,300,300,incident,0.1,1,0.1,baro,21,0.047619047619047616,0.0,0.2898550724637681,0,0,0,70,1142.7036999957636,ts-food-map-service|ts-food-mongo|ts-contacts-mongo|ts-payment-mongo|ts-route-mongo,ts-food-map-service_container-memory-rss,0.8605072463768116,23,23,0.8979710144927536,0.8230434782608695,23,23,22,0.8938931297709923,baseline-v2-20260723,cd270e7871bd358937d83d9a49829637fa80007d2964084ef229f578e3733bd3,ba75425861a059dafcc477474fc3e4ed1eafdc2b47d6fdd0557337035d29a960,8256e3f6db4b7e0d1d35a9753b04f65aa7e909da8c5eb9076235b69acb1d791f,12008022,1693316462000000000,300
TT/ts-auth-service_loss/5,TT,ts-auth-service,loss,5,300,300,incident,0.1,1,0.1,median_shift,27,0.037037037037037035,0.0,0.37681159420289856,0,0,0,70,309.7796000074595,ts-order-service|ts-preserve-service|ts-preserve-other-service|ts-travel-plan-service|ts-consign-price-service,ts-order-service_container-memory-max-usage-bytes,0.8605072463768116,23,23,0.8979710144927536,0.8230434782608695,23,23,22,0.8938931297709923,baseline-v2-20260723,cd270e7871bd358937d83d9a49829637fa80007d2964084ef229f578e3733bd3,ba75425861a059dafcc477474fc3e4ed1eafdc2b47d6fdd0557337035d29a960,8256e3f6db4b7e0d1d35a9753b04f65aa7e909da8c5eb9076235b69acb1d791f,12008022,1693316462000000000,300
TT/ts-auth-service_loss/5,TT,ts-auth-service,loss,5,300,300,incident,0.1,1,0.1,nsigma,5,0.2,0.2,0.057971014492753624,0,0,1,70,825.780900020618,ts-rebook-service|ts-travel2-service|ts-preserve-service|ts-admin-travel-service|ts-auth-service,ts-rebook-service_container-cpu-usage-seconds-total,0.8605072463768116,23,23,0.8979710144927536,0.8230434782608695,23,23,22,0.8938931297709923,baseline-v2-20260723,cd270e7871bd358937d83d9a49829637fa80007d2964084ef229f578e3733bd3,ba75425861a059dafcc477474fc3e4ed1eafdc2b47d6fdd0557337035d29a960,8256e3f6db4b7e0d1d35a9753b04f65aa7e909da8c5eb9076235b69acb1d791f,12008022,1693316462000000000,300
TT/ts-auth-service_loss/5,TT,ts-auth-service,loss,5,300,300,incident,0.1,2,0.1,baro,18,0.05555555555555555,0.0,0.2463768115942029,0,0,0,70,983.3653999958187,ts-food-map-service|ts-food-mongo|ts-user-mongo|ts-assurance-mongo|ts-contacts-mongo,ts-food-map-service_container-memory-rss,0.8583333333333333,23,23,0.8930434782608696,0.8236231884057971,23,23,22,0.8938931297709923,baseline-v2-20260723,cd270e7871bd358937d83d9a49829637fa80007d2964084ef229f578e3733bd3,ba75425861a059dafcc477474fc3e4ed1eafdc2b47d6fdd0557337035d29a960,8256e3f6db4b7e0d1d35a9753b04f65aa7e909da8c5eb9076235b69acb1d791f,12008022,1693316462000000000,300
TT/ts-auth-service_loss/5,TT,ts-auth-service,loss,5,300,300,incident,0.1,2,0.1,median_shift,24,0.041666666666666664,0.0,0.3333333333333333,0,0,0,70,264.77389998035505,ts-consign-mongo|ts-station-mongo|ts-preserve-other-service|ts-travel-plan-service|ts-execute-service,ts-consign-mongo_container-memory-rss,0.8583333333333333,23,23,0.8930434782608696,0.8236231884057971,23,23,22,0.8938931297709923,baseline-v2-20260723,cd270e7871bd358937d83d9a49829637fa80007d2964084ef229f578e3733bd3,ba75425861a059dafcc477474fc3e4ed1eafdc2b47d6fdd0557337035d29a960,8256e3f6db4b7e0d1d35a9753b04f65aa7e909da8c5eb9076235b69acb1d791f,12008022,1693316462000000000,300
TT/ts-auth-service_loss/5,TT,ts-auth-service,loss,5,300,300,incident,0.1,2,0.1,nsigma,6,0.16666666666666666,0.0,0.07246376811594203,0,0,0,70,810.471500037238,ts-order-other-service|ts|ts-travel2-service|ts-preserve-service|ts-contacts-service,ts-order-other-service_istio-latency-99,0.8583333333333333,23,23,0.8930434782608696,0.8236231884057971,23,23,22,0.8938931297709923,baseline-v2-20260723,cd270e7871bd358937d83d9a49829637fa80007d2964084ef229f578e3733bd3,ba75425861a059dafcc477474fc3e4ed1eafdc2b47d6fdd0557337035d29a960,8256e3f6db4b7e0d1d35a9753b04f65aa7e909da8c5eb9076235b69acb1d791f,12008022,1693316462000000000,300
TT/ts-auth-service_loss/5,TT,ts-auth-service,loss,5,300,300,incident,0.1,3,0.1,baro,14,0.07142857142857142,0.0,0.18840579710144928,0,0,0,70,1019.2593000247143,ts-food-map-service|ts-food-mongo|ts-user-mongo|ts-assurance-mongo|ts-contacts-mongo,ts-food-map-service_container-memory-rss,0.8620289855072464,23,23,0.9004347826086957,0.8236231884057971,23,23,23,0.8938931297709923,baseline-v2-20260723,cd270e7871bd358937d83d9a49829637fa80007d2964084ef229f578e3733bd3,ba75425861a059dafcc477474fc3e4ed1eafdc2b47d6fdd0557337035d29a960,8256e3f6db4b7e0d1d35a9753b04f65aa7e909da8c5eb9076235b69acb1d791f,12008022,1693316462000000000,300
TT/ts-auth-service_loss/5,TT,ts-auth-service,loss,5,300,300,incident,0.1,3,0.1,median_shift,9,0.1111111111111111,0.0,0.11594202898550725,0,0,0,70,346.8134999857284,ts-food-mongo|ts-order-service|ts-station-mongo|ts-user-mongo|ts-travel-service,ts-food-mongo_container-memory-rss,0.8620289855072464,23,23,0.9004347826086957,0.8236231884057971,23,23,23,0.8938931297709923,baseline-v2-20260723,cd270e7871bd358937d83d9a49829637fa80007d2964084ef229f578e3733bd3,ba75425861a059dafcc477474fc3e4ed1eafdc2b47d6fdd0557337035d29a960,8256e3f6db4b7e0d1d35a9753b04f65aa7e909da8c5eb9076235b69acb1d791f,12008022,1693316462000000000,300
TT/ts-auth-service_loss/5,TT,ts-auth-service,loss,5,300,300,incident,0.1,3,0.1,nsigma,2,0.5,0.8,0.014492753623188406,0,1,1,70,813.9929999597371,ts-order-other-service|ts-auth-service|ts-notification-service|ts-preserve-service|ts-admin-order-service,ts-order-other-service_istio-latency-99,0.8620289855072464,23,23,0.9004347826086957,0.8236231884057971,23,23,23,0.8938931297709923,baseline-v2-20260723,cd270e7871bd358937d83d9a49829637fa80007d2964084ef229f578e3733bd3,ba75425861a059dafcc477474fc3e4ed1eafdc2b47d6fdd0557337035d29a960,8256e3f6db4b7e0d1d35a9753b04f65aa7e909da8c5eb9076235b69acb1d791f,12008022,1693316462000000000,300
TT/ts-auth-service_loss/5,TT,ts-auth-service,loss,5,300,300,incident,0.1,4,0.1,baro,11,0.09090909090909091,0.0,0.14492753623188406,0,0,0,70,1169.266199984122,ts-food-map-service|ts-food-mongo|ts-user-mongo|ts-payment-mongo|ts-route-mongo,ts-food-map-service_container-memory-rss,0.8609420289855072,23,23,0.897536231884058,0.8243478260869566,23,23,23,0.8938931297709923,baseline-v2-20260723,cd270e7871bd358937d83d9a49829637fa80007d2964084ef229f578e3733bd3,ba75425861a059dafcc477474fc3e4ed1eafdc2b47d6fdd0557337035d29a960,8256e3f6db4b7e0d1d35a9753b04f65aa7e909da8c5eb9076235b69acb1d791f,12008022,1693316462000000000,300
TT/ts-auth-service_loss/5,TT,ts-auth-service,loss,5,300,300,incident,0.1,4,0.1,median_shift,4,0.25,0.4,0.043478260869565216,0,0,1,70,283.696600003168,ts-food-mongo|ts-order-service|ts-preserve-other-service|ts-auth-service|ts-consign-mongo,ts-food-mongo_container-memory-rss,0.8609420289855072,23,23,0.897536231884058,0.8243478260869566,23,23,23,0.8938931297709923,baseline-v2-20260723,cd270e7871bd358937d83d9a49829637fa80007d2964084ef229f578e3733bd3,ba75425861a059dafcc477474fc3e4ed1eafdc2b47d6fdd0557337035d29a960,8256e3f6db4b7e0d1d35a9753b04f65aa7e909da8c5eb9076235b69acb1d791f,12008022,1693316462000000000,300
TT/ts-auth-service_loss/5,TT,ts-auth-service,loss,5,300,300,incident,0.1,4,0.1,nsigma,3,0.3333333333333333,0.6,0.028985507246376812,0,1,1,70,892.8730000043288,ts-travel2-service|ts-preserve-service|ts-auth-service|ts-order-other-service|ts-food-map-service,ts-travel2-service_container-memory-failures-total,0.8609420289855072,23,23,0.897536231884058,0.8243478260869566,23,23,23,0.8938931297709923,baseline-v2-20260723,cd270e7871bd358937d83d9a49829637fa80007d2964084ef229f578e3733bd3,ba75425861a059dafcc477474fc3e4ed1eafdc2b47d6fdd0557337035d29a960,8256e3f6db4b7e0d1d35a9753b04f65aa7e909da8c5eb9076235b69acb1d791f,12008022,1693316462000000000,300
TT/ts-auth-service_loss/5,TT,ts-auth-service,loss,5,300,300,incident,0.1,5,0.1,baro,25,0.04,0.0,0.34782608695652173,0,0,0,70,890.2579999994487,ts-food-map-service|ts-food-mongo|ts-assurance-mongo|ts-contacts-mongo|ts-payment-mongo,ts-food-map-service_container-memory-rss,0.8628260869565217,23,23,0.9011594202898551,0.8244927536231884,23,22,22,0.8938931297709923,baseline-v2-20260723,cd270e7871bd358937d83d9a49829637fa80007d2964084ef229f578e3733bd3,ba75425861a059dafcc477474fc3e4ed1eafdc2b47d6fdd0557337035d29a960,8256e3f6db4b7e0d1d35a9753b04f65aa7e909da8c5eb9076235b69acb1d791f,12008022,1693316462000000000,300
TT/ts-auth-service_loss/5,TT,ts-auth-service,loss,5,300,300,incident,0.1,5,0.1,median_shift,25,0.04,0.0,0.34782608695652173,0,0,0,70,319.153800024651,ts-consign-mongo|ts-food-mongo|ts-order-service|ts-user-mongo|ts-station-service,ts-consign-mongo_container-memory-rss,0.8628260869565217,23,23,0.9011594202898551,0.8244927536231884,23,22,22,0.8938931297709923,baseline-v2-20260723,cd270e7871bd358937d83d9a49829637fa80007d2964084ef229f578e3733bd3,ba75425861a059dafcc477474fc3e4ed1eafdc2b47d6fdd0557337035d29a960,8256e3f6db4b7e0d1d35a9753b04f65aa7e909da8c5eb9076235b69acb1d791f,12008022,1693316462000000000,300
TT/ts-auth-service_loss/5,TT,ts-auth-service,loss,5,300,300,incident,0.1,5,0.1,nsigma,9,0.1111111111111111,0.0,0.11594202898550725,0,0,0,70,878.1276000081562,ts|ts-travel2-service|ts-preserve-service|ts-notification-service|ts-admin-travel-service,ts_container-network-receive-bytes-total,0.8628260869565217,23,23,0.9011594202898551,0.8244927536231884,23,22,22,0.8938931297709923,baseline-v2-20260723,cd270e7871bd358937d83d9a49829637fa80007d2964084ef229f578e3733bd3,ba75425861a059dafcc477474fc3e4ed1eafdc2b47d6fdd0557337035d29a960,8256e3f6db4b7e0d1d35a9753b04f65aa7e909da8c5eb9076235b69acb1d791f,12008022,1693316462000000000,300
TT/ts-auth-service_loss/5,TT,ts-auth-service,loss,5,300,300,incident,0.1,6,0.1,baro,16,0.0625,0.0,0.21739130434782608,0,0,0,70,1060.352000000421,ts-food-map-service|ts-user-mongo|ts-assurance-mongo|ts-food-mongo|ts-payment-mongo,ts-food-map-service_container-memory-rss,0.8621014492753624,23,23,0.8997101449275362,0.8244927536231884,23,23,23,0.8938931297709923,baseline-v2-20260723,cd270e7871bd358937d83d9a49829637fa80007d2964084ef229f578e3733bd3,ba75425861a059dafcc477474fc3e4ed1eafdc2b47d6fdd0557337035d29a960,8256e3f6db4b7e0d1d35a9753b04f65aa7e909da8c5eb9076235b69acb1d791f,12008022,1693316462000000000,300
TT/ts-auth-service_loss/5,TT,ts-auth-service,loss,5,300,300,incident,0.1,6,0.1,median_shift,5,0.2,0.2,0.057971014492753624,0,0,1,70,300.8198999450542,ts-user-mongo|ts-travel-plan-service|ts-preserve-service|ts-preserve-other-service|ts-auth-service,ts-user-mongo_container-memory-rss,0.8621014492753624,23,23,0.8997101449275362,0.8244927536231884,23,23,23,0.8938931297709923,baseline-v2-20260723,cd270e7871bd358937d83d9a49829637fa80007d2964084ef229f578e3733bd3,ba75425861a059dafcc477474fc3e4ed1eafdc2b47d6fdd0557337035d29a960,8256e3f6db4b7e0d1d35a9753b04f65aa7e909da8c5eb9076235b69acb1d791f,12008022,1693316462000000000,300
TT/ts-auth-service_loss/5,TT,ts-auth-service,loss,5,300,300,incident,0.1,6,0.1,nsigma,6,0.16666666666666666,0.0,0.07246376811594203,0,0,0,70,905.3583000204526,ts-order-other-service|ts-travel2-service|ts-notification-service|ts-preserve-service|ts-security-service,ts-order-other-service_istio-latency-99,0.8621014492753624,23,23,0.8997101449275362,0.8244927536231884,23,23,23,0.8938931297709923,baseline-v2-20260723,cd270e7871bd358937d83d9a49829637fa80007d2964084ef229f578e3733bd3,ba75425861a059dafcc477474fc3e4ed1eafdc2b47d6fdd0557337035d29a960,8256e3f6db4b7e0d1d35a9753b04f65aa7e909da8c5eb9076235b69acb1d791f,12008022,1693316462000000000,300
TT/ts-auth-service_loss/5,TT,ts-auth-service,loss,5,300,300,incident,0.1,7,0.1,baro,21,0.047619047619047616,0.0,0.2898550724637681,0,0,0,70,1166.4513999712653,ts-food-map-service|ts-food-mongo|ts-user-mongo|ts-contacts-mongo|ts-payment-mongo,ts-food-map-service_container-memory-rss,0.8608695652173913,23,23,0.8976811594202898,0.8240579710144927,23,23,22,0.8938931297709923,baseline-v2-20260723,cd270e7871bd358937d83d9a49829637fa80007d2964084ef229f578e3733bd3,ba75425861a059dafcc477474fc3e4ed1eafdc2b47d6fdd0557337035d29a960,8256e3f6db4b7e0d1d35a9753b04f65aa7e909da8c5eb9076235b69acb1d791f,12008022,1693316462000000000,300
TT/ts-auth-service_loss/5,TT,ts-auth-service,loss,5,300,300,incident,0.1,7,0.1,median_shift,28,0.03571428571428571,0.0,0.391304347826087,0,0,0,70,294.7889000060968,ts-station-mongo|ts-station-service|ts-travel-plan-service|ts-preserve-other-service|ts-preserve-service,ts-station-mongo_container-memory-rss,0.8608695652173913,23,23,0.8976811594202898,0.8240579710144927,23,23,22,0.8938931297709923,baseline-v2-20260723,cd270e7871bd358937d83d9a49829637fa80007d2964084ef229f578e3733bd3,ba75425861a059dafcc477474fc3e4ed1eafdc2b47d6fdd0557337035d29a960,8256e3f6db4b7e0d1d35a9753b04f65aa7e909da8c5eb9076235b69acb1d791f,12008022,1693316462000000000,300
TT/ts-auth-service_loss/5,TT,ts-auth-service,loss,5,300,300,incident,0.1,7,0.1,nsigma,9,0.1111111111111111,0.0,0.11594202898550725,0,0,0,70,893.6047999886796,ts-order-other-service|ts-travel2-service|ts-preserve-service|ts-admin-travel-service|ts-rebook-service,ts-order-other-service_istio-latency-99,0.8608695652173913,23,23,0.8976811594202898,0.8240579710144927,23,23,22,0.8938931297709923,baseline-v2-20260723,cd270e7871bd358937d83d9a49829637fa80007d2964084ef229f578e3733bd3,ba75425861a059dafcc477474fc3e4ed1eafdc2b47d6fdd0557337035d29a960,8256e3f6db4b7e0d1d35a9753b04f65aa7e909da8c5eb9076235b69acb1d791f,12008022,1693316462000000000,300
TT/ts-auth-service_loss/5,TT,ts-auth-service,loss,5,300,300,incident,0.1,8,0.1,baro,18,0.05555555555555555,0.0,0.2463768115942029,0,0,0,70,949.0959999966435,ts-food-map-service|ts-food-mongo|ts-route-mongo|ts-preserve-other-service|ts-security-mongo,ts-food-map-service_container-memory-rss,0.8596376811594203,23,23,0.8950724637681159,0.8242028985507246,23,23,22,0.8938931297709923,baseline-v2-20260723,cd270e7871bd358937d83d9a49829637fa80007d2964084ef229f578e3733bd3,ba75425861a059dafcc477474fc3e4ed1eafdc2b47d6fdd0557337035d29a960,8256e3f6db4b7e0d1d35a9753b04f65aa7e909da8c5eb9076235b69acb1d791f,12008022,1693316462000000000,300
TT/ts-auth-service_loss/5,TT,ts-auth-service,loss,5,300,300,incident,0.1,8,0.1,median_shift,23,0.043478260869565216,0.0,0.3188405797101449,0,0,0,70,307.3232999886386,ts-food-mongo|ts-order-service|ts-route-mongo|ts-execute-service|ts-preserve-other-service,ts-food-mongo_container-memory-rss,0.8596376811594203,23,23,0.8950724637681159,0.8242028985507246,23,23,22,0.8938931297709923,baseline-v2-20260723,cd270e7871bd358937d83d9a49829637fa80007d2964084ef229f578e3733bd3,ba75425861a059dafcc477474fc3e4ed1eafdc2b47d6fdd0557337035d29a960,8256e3f6db4b7e0d1d35a9753b04f65aa7e909da8c5eb9076235b69acb1d791f,12008022,1693316462000000000,300
TT/ts-auth-service_loss/5,TT,ts-auth-service,loss,5,300,300,incident,0.1,8,0.1,nsigma,8,0.125,0.0,0.10144927536231885,0,0,0,70,760.9119000262581,ts|ts-travel2-service|ts-cancel-service|ts-preserve-service|ts-notification-service,ts_container-network-receive-bytes-total,0.8596376811594203,23,23,0.8950724637681159,0.8242028985507246,23,23,22,0.8938931297709923,baseline-v2-20260723,cd270e7871bd358937d83d9a49829637fa80007d2964084ef229f578e3733bd3,ba75425861a059dafcc477474fc3e4ed1eafdc2b47d6fdd0557337035d29a960,8256e3f6db4b7e0d1d35a9753b04f65aa7e909da8c5eb9076235b69acb1d791f,12008022,1693316462000000000,300
TT/ts-auth-service_loss/5,TT,ts-auth-service,loss,5,300,300,incident,0.1,9,0.1,baro,15,0.06666666666666667,0.0,0.2028985507246377,0,0,0,70,1075.0462000141852,ts-food-map-service|ts-food-mongo|ts-user-mongo|ts-assurance-mongo|ts-contacts-mongo,ts-food-map-service_container-memory-rss,0.8630434782608696,23,23,0.902463768115942,0.8236231884057971,23,23,22,0.8938931297709923,baseline-v2-20260723,cd270e7871bd358937d83d9a49829637fa80007d2964084ef229f578e3733bd3,ba75425861a059dafcc477474fc3e4ed1eafdc2b47d6fdd0557337035d29a960,8256e3f6db4b7e0d1d35a9753b04f65aa7e909da8c5eb9076235b69acb1d791f,12008022,1693316462000000000,300
TT/ts-auth-service_loss/5,TT,ts-auth-service,loss,5,300,300,incident,0.1,9,0.1,median_shift,32,0.03125,0.0,0.4492753623188406,0,0,0,70,293.39769994840026,ts-consign-mongo|ts-route-mongo|ts-station-mongo|ts-travel-plan-service|ts-preserve-other-service,ts-consign-mongo_container-memory-rss,0.8630434782608696,23,23,0.902463768115942,0.8236231884057971,23,23,22,0.8938931297709923,baseline-v2-20260723,cd270e7871bd358937d83d9a49829637fa80007d2964084ef229f578e3733bd3,ba75425861a059dafcc477474fc3e4ed1eafdc2b47d6fdd0557337035d29a960,8256e3f6db4b7e0d1d35a9753b04f65aa7e909da8c5eb9076235b69acb1d791f,12008022,1693316462000000000,300
TT/ts-auth-service_loss/5,TT,ts-auth-service,loss,5,300,300,incident,0.1,9,0.1,nsigma,3,0.3333333333333333,0.6,0.028985507246376812,0,1,1,70,1136.5894000045955,ts|ts-contacts-service|ts-auth-service|ts-preserve-service|ts-food-map-service,ts_container-network-receive-bytes-total,0.8630434782608696,23,23,0.902463768115942,0.8236231884057971,23,23,22,0.8938931297709923,baseline-v2-20260723,cd270e7871bd358937d83d9a49829637fa80007d2964084ef229f578e3733bd3,ba75425861a059dafcc477474fc3e4ed1eafdc2b47d6fdd0557337035d29a960,8256e3f6db4b7e0d1d35a9753b04f65aa7e909da8c5eb9076235b69acb1d791f,12008022,1693316462000000000,300
TT/ts-auth-service_loss/5,TT,ts-auth-service,loss,5,300,300,incident,0.3,0,0.3,baro,16,0.0625,0.0,0.21739130434782608,0,0,0,70,1091.6821000282653,ts-travel-plan-service|ts-preserve-other-service|ts-food-service|ts-price-service|ts-execute-service,ts-travel-plan-service_container-cpu-usage-seconds-total,0.6315217391304347,23,23,0.7039130434782609,0.5591304347826087,23,22,22,0.6952502120441052,baseline-v2-20260723,cd270e7871bd358937d83d9a49829637fa80007d2964084ef229f578e3733bd3,ba75425861a059dafcc477474fc3e4ed1eafdc2b47d6fdd0557337035d29a960,8256e3f6db4b7e0d1d35a9753b04f65aa7e909da8c5eb9076235b69acb1d791f,12008022,1693316462000000000,300
TT/ts-auth-service_loss/5,TT,ts-auth-service,loss,5,300,300,incident,0.3,0,0.3,median_shift,36,0.027777777777777776,0.0,0.5072463768115942,0,0,0,70,330.2204000065103,ts-price-mongo|ts-consign-price-service|ts-user-service|ts-ticketinfo-service|ts-travel-mongo,ts-price-mongo_container-memory-cache,0.6315217391304347,23,23,0.7039130434782609,0.5591304347826087,23,22,22,0.6952502120441052,baseline-v2-20260723,cd270e7871bd358937d83d9a49829637fa80007d2964084ef229f578e3733bd3,ba75425861a059dafcc477474fc3e4ed1eafdc2b47d6fdd0557337035d29a960,8256e3f6db4b7e0d1d35a9753b04f65aa7e909da8c5eb9076235b69acb1d791f,12008022,1693316462000000000,300
TT/ts-auth-service_loss/5,TT,ts-auth-service,loss,5,300,300,incident,0.3,0,0.3,nsigma,19,0.05263157894736842,0.0,0.2608695652173913,0,0,0,70,824.9992000055499,ts-preserve-other-service|ts-travel-plan-service|ts-assurance-service|ts-inside-payment-service|ts-execute-service,ts-preserve-other-service_container-cpu-usage-seconds-total,0.6315217391304347,23,23,0.7039130434782609,0.5591304347826087,23,22,22,0.6952502120441052,baseline-v2-20260723,cd270e7871bd358937d83d9a49829637fa80007d2964084ef229f578e3733bd3,ba75425861a059dafcc477474fc3e4ed1eafdc2b47d6fdd0557337035d29a960,8256e3f6db4b7e0d1d35a9753b04f65aa7e909da8c5eb9076235b69acb1d791f,12008022,1693316462000000000,300
TT/ts-auth-service_loss/5,TT,ts-auth-service,loss,5,300,300,incident,0.3,1,0.3,baro,14,0.07142857142857142,0.0,0.18840579710144928,0,0,0,70,1002.3264999617822,ts-inside-payment-service|ts-preserve-other-service|ts-food-service|ts-travel-plan-service|ts-execute-service,ts-inside-payment-service_istio-bytes-90,0.6336231884057971,23,23,0.6976811594202899,0.5695652173913044,23,22,22,0.6952502120441052,baseline-v2-20260723,cd270e7871bd358937d83d9a49829637fa80007d2964084ef229f578e3733bd3,ba75425861a059dafcc477474fc3e4ed1eafdc2b47d6fdd0557337035d29a960,8256e3f6db4b7e0d1d35a9753b04f65aa7e909da8c5eb9076235b69acb1d791f,12008022,1693316462000000000,300
TT/ts-auth-service_loss/5,TT,ts-auth-service,loss,5,300,300,incident,0.3,1,0.3,median_shift,35,0.02857142857142857,0.0,0.4927536231884058,0,0,0,70,301.900900027249,ts-consign-price-service|ts-user-service|ts-travel-mongo|ts-assurance-service|ts-travel2-service,ts-consign-price-service_container-memory-max-usage-bytes,0.6336231884057971,23,23,0.6976811594202899,0.5695652173913044,23,22,22,0.6952502120441052,baseline-v2-20260723,cd270e7871bd358937d83d9a49829637fa80007d2964084ef229f578e3733bd3,ba75425861a059dafcc477474fc3e4ed1eafdc2b47d6fdd0557337035d29a960,8256e3f6db4b7e0d1d35a9753b04f65aa7e909da8c5eb9076235b69acb1d791f,12008022,1693316462000000000,300
TT/ts-auth-service_loss/5,TT,ts-auth-service,loss,5,300,300,incident,0.3,1,0.3,nsigma,22,0.045454545454545456,0.0,0.30434782608695654,0,0,0,70,895.1500999974087,ts-preserve-other-service|ts-travel-plan-service|ts-route-plan-service|ts-food-map-mongo|ts-assurance-service,ts-preserve-other-service_container-cpu-usage-seconds-total,0.6336231884057971,23,23,0.6976811594202899,0.5695652173913044,23,22,22,0.6952502120441052,baseline-v2-20260723,cd270e7871bd358937d83d9a49829637fa80007d2964084ef229f578e3733bd3,ba75425861a059dafcc477474fc3e4ed1eafdc2b47d6fdd0557337035d29a960,8256e3f6db4b7e0d1d35a9753b04f65aa7e909da8c5eb9076235b69acb1d791f,12008022,1693316462000000000,300
TT/ts-auth-service_loss/5,TT,ts-auth-service,loss,5,300,300,incident,0.3,2,0.3,baro,13,0.07692307692307693,0.0,0.17391304347826086,0,0,0,70,1140.0128999957815,ts-inside-payment-service|ts-travel-plan-service|ts-preserve-other-service|ts-food-service|ts-price-service,ts-inside-payment-service_istio-bytes-50,0.633695652173913,23,23,0.6984057971014492,0.5689855072463769,23,22,22,0.6952502120441052,baseline-v2-20260723,cd270e7871bd358937d83d9a49829637fa80007d2964084ef229f578e3733bd3,ba75425861a059dafcc477474fc3e4ed1eafdc2b47d6fdd0557337035d29a960,8256e3f6db4b7e0d1d35a9753b04f65aa7e909da8c5eb9076235b69acb1d791f,12008022,1693316462000000000,300
TT/ts-auth-service_loss/5,TT,ts-auth-service,loss,5,300,300,incident,0.3,2,0.3,median_shift,35,0.02857142857142857,0.0,0.4927536231884058,0,0,0,70,402.50080003170297,ts-consign-price-service|ts-user-service|ts-food-service|ts-price-service|ts-basic-service,ts-consign-price-service_container-memory-max-usage-bytes,0.633695652173913,23,23,0.6984057971014492,0.5689855072463769,23,22,22,0.6952502120441052,baseline-v2-20260723,cd270e7871bd358937d83d9a49829637fa80007d2964084ef229f578e3733bd3,ba75425861a059dafcc477474fc3e4ed1eafdc2b47d6fdd0557337035d29a960,8256e3f6db4b7e0d1d35a9753b04f65aa7e909da8c5eb9076235b69acb1d791f,12008022,1693316462000000000,300
TT/ts-auth-service_loss/5,TT,ts-auth-service,loss,5,300,300,incident,0.3,2,0.3,nsigma,22,0.045454545454545456,0.0,0.30434782608695654,0,0,0,70,929.8424000153318,ts-travel-plan-service|ts-preserve-other-service|ts-route-plan-service|ts-assurance-service|ts-inside-payment-service,ts-travel-plan-service_container-cpu-usage-seconds-total,0.633695652173913,23,23,0.6984057971014492,0.5689855072463769,23,22,22,0.6952502120441052,baseline-v2-20260723,cd270e7871bd358937d83d9a49829637fa80007d2964084ef229f578e3733bd3,ba75425861a059dafcc477474fc3e4ed1eafdc2b47d6fdd0557337035d29a960,8256e3f6db4b7e0d1d35a9753b04f65aa7e909da8c5eb9076235b69acb1d791f,12008022,1693316462000000000,300
TT/ts-auth-service_loss/5,TT,ts-auth-service,loss,5,300,300,incident,0.3,3,0.3,baro,12,0.08333333333333333,0.0,0.15942028985507245,0,0,0,70,1137.5167000223882,ts-food-service|ts-travel-plan-service|ts-preserve-other-service|ts-price-service|ts-execute-service,ts-food-service_istio-latency-90,0.6339130434782608,23,23,0.7017391304347826,0.5660869565217391,23,22,22,0.6952502120441052,baseline-v2-20260723,cd270e7871bd358937d83d9a49829637fa80007d2964084ef229f578e3733bd3,ba75425861a059dafcc477474fc3e4ed1eafdc2b47d6fdd0557337035d29a960,8256e3f6db4b7e0d1d35a9753b04f65aa7e909da8c5eb9076235b69acb1d791f,12008022,1693316462000000000,300
TT/ts-auth-service_loss/5,TT,ts-auth-service,loss,5,300,300,incident,0.3,3,0.3,median_shift,35,0.02857142857142857,0.0,0.4927536231884058,0,0,0,70,382.1178000071086,ts-consign-price-service|ts-food-service|ts-price-service|ts-food-mongo|ts-travel-mongo,ts-consign-price-service_container-memory-max-usage-bytes,0.6339130434782608,23,23,0.7017391304347826,0.5660869565217391,23,22,22,0.6952502120441052,baseline-v2-20260723,cd270e7871bd358937d83d9a49829637fa80007d2964084ef229f578e3733bd3,ba75425861a059dafcc477474fc3e4ed1eafdc2b47d6fdd0557337035d29a960,8256e3f6db4b7e0d1d35a9753b04f65aa7e909da8c5eb9076235b69acb1d791f,12008022,1693316462000000000,300
TT/ts-auth-service_loss/5,TT,ts-auth-service,loss,5,300,300,incident,0.3,3,0.3,nsigma,23,0.043478260869565216,0.0,0.3188405797101449,0,0,0,70,931.1328000039794,ts-travel-plan-service|ts-preserve-other-service|ts-route-plan-service|ts-assurance-service|ts-inside-payment-service,ts-travel-plan-service_container-cpu-user-seconds-total,0.6339130434782608,23,23,0.7017391304347826,0.5660869565217391,23,22,22,0.6952502120441052,baseline-v2-20260723,cd270e7871bd358937d83d9a49829637fa80007d2964084ef229f578e3733bd3,ba75425861a059dafcc477474fc3e4ed1eafdc2b47d6fdd0557337035d29a960,8256e3f6db4b7e0d1d35a9753b04f65aa7e909da8c5eb9076235b69acb1d791f,12008022,1693316462000000000,300
TT/ts-auth-service_loss/5,TT,ts-auth-service,loss,5,300,300,incident,0.3,4,0.3,baro,14,0.07142857142857142,0.0,0.18840579710144928,0,0,0,70,1064.562100043986,ts-travel-plan-service|ts-preserve-other-service|ts-food-service|ts-price-service|ts-execute-service,ts-travel-plan-service_container-cpu-usage-seconds-total,0.6363768115942029,23,23,0.7050724637681159,0.5676811594202898,23,22,22,0.6952502120441052,baseline-v2-20260723,cd270e7871bd358937d83d9a49829637fa80007d2964084ef229f578e3733bd3,ba75425861a059dafcc477474fc3e4ed1eafdc2b47d6fdd0557337035d29a960,8256e3f6db4b7e0d1d35a9753b04f65aa7e909da8c5eb9076235b69acb1d791f,12008022,1693316462000000000,300
TT/ts-auth-service_loss/5,TT,ts-auth-service,loss,5,300,300,incident,0.3,4,0.3,median_shift,35,0.02857142857142857,0.0,0.4927536231884058,0,0,0,70,576.849700009916,ts-consign-price-service|ts-user-service|ts-ticketinfo-service|ts-travel2-service|ts-food-mongo,ts-consign-price-service_container-memory-usage-bytes,0.6363768115942029,23,23,0.7050724637681159,0.5676811594202898,23,22,22,0.6952502120441052,baseline-v2-20260723,cd270e7871bd358937d83d9a49829637fa80007d2964084ef229f578e3733bd3,ba75425861a059dafcc477474fc3e4ed1eafdc2b47d6fdd0557337035d29a960,8256e3f6db4b7e0d1d35a9753b04f65aa7e909da8c5eb9076235b69acb1d791f,12008022,1693316462000000000,300
TT/ts-auth-service_loss/5,TT,ts-auth-service,loss,5,300,300,incident,0.3,4,0.3,nsigma,22,0.045454545454545456,0.0,0.30434782608695654,0,0,0,70,875.9775999933481,ts-travel-plan-service|ts-preserve-other-service|ts-route-plan-service|ts-assurance-service|ts-inside-payment-service,ts-travel-plan-service_container-cpu-usage-seconds-total,0.6363768115942029,23,23,0.7050724637681159,0.5676811594202898,23,22,22,0.6952502120441052,baseline-v2-20260723,cd270e7871bd358937d83d9a49829637fa80007d2964084ef229f578e3733bd3,ba75425861a059dafcc477474fc3e4ed1eafdc2b47d6fdd0557337035d29a960,8256e3f6db4b7e0d1d35a9753b04f65aa7e909da8c5eb9076235b69acb1d791f,12008022,1693316462000000000,300
TT/ts-auth-service_loss/5,TT,ts-auth-service,loss,5,300,300,incident,0.3,5,0.3,baro,10,0.1,0.0,0.13043478260869565,0,0,0,70,2383.4568000165746,ts-inside-payment-service|ts-preserve-other-service|ts-food-service|ts-travel-plan-service|ts-price-service,ts-inside-payment-service_istio-bytes-99,0.6333333333333333,23,23,0.6981159420289855,0.5685507246376812,23,22,22,0.6952502120441052,baseline-v2-20260723,cd270e7871bd358937d83d9a49829637fa80007d2964084ef229f578e3733bd3,ba75425861a059dafcc477474fc3e4ed1eafdc2b47d6fdd0557337035d29a960,8256e3f6db4b7e0d1d35a9753b04f65aa7e909da8c5eb9076235b69acb1d791f,12008022,1693316462000000000,300
TT/ts-auth-service_loss/5,TT,ts-auth-service,loss,5,300,300,incident,0.3,5,0.3,median_shift,34,0.029411764705882353,0.0,0.4782608695652174,0,0,0,70,733.5699999821372,ts-consign-price-service|ts-user-service|ts-price-service|ts-travel-mongo|ts-ticket-office-service,ts-consign-price-service_container-memory-usage-bytes,0.6333333333333333,23,23,0.6981159420289855,0.5685507246376812,23,22,22,0.6952502120441052,baseline-v2-20260723,cd270e7871bd358937d83d9a49829637fa80007d2964084ef229f578e3733bd3,ba75425861a059dafcc477474fc3e4ed1eafdc2b47d6fdd0557337035d29a960,8256e3f6db4b7e0d1d35a9753b04f65aa7e909da8c5eb9076235b69acb1d791f,12008022,1693316462000000000,300
TT/ts-auth-service_loss/5,TT,ts-auth-service,loss,5,300,300,incident,0.3,5,0.3,nsigma,20,0.05,0.0,0.2753623188405797,0,0,0,70,2123.465100012254,ts-preserve-other-service|ts-travel-plan-service|ts-price-service|ts-food-service|ts-user-service,ts-preserve-other-service_container-cpu-usage-seconds-total,0.6333333333333333,23,23,0.6981159420289855,0.5685507246376812,23,22,22,0.6952502120441052,baseline-v2-20260723,cd270e7871bd358937d83d9a49829637fa80007d2964084ef229f578e3733bd3,ba75425861a059dafcc477474fc3e4ed1eafdc2b47d6fdd0557337035d29a960,8256e3f6db4b7e0d1d35a9753b04f65aa7e909da8c5eb9076235b69acb1d791f,12008022,1693316462000000000,300
TT/ts-auth-service_loss/5,TT,ts-auth-service,loss,5,300,300,incident,0.3,6,0.3,baro,12,0.08333333333333333,0.0,0.15942028985507245,0,0,0,70,1997.9262999841012,ts-inside-payment-service|ts-travel-plan-service|ts-food-service|ts-preserve-other-service|ts-price-service,ts-inside-payment-service_istio-bytes-90,0.6310144927536232,23,23,0.6966666666666667,0.5653623188405797,23,22,22,0.6952502120441052,baseline-v2-20260723,cd270e7871bd358937d83d9a49829637fa80007d2964084ef229f578e3733bd3,ba75425861a059dafcc477474fc3e4ed1eafdc2b47d6fdd0557337035d29a960,8256e3f6db4b7e0d1d35a9753b04f65aa7e909da8c5eb9076235b69acb1d791f,12008022,1693316462000000000,300
TT/ts-auth-service_loss/5,TT,ts-auth-service,loss,5,300,300,incident,0.3,6,0.3,median_shift,32,0.03125,0.0,0.4492753623188406,0,0,0,70,491.78120004944503,ts-food-service|ts-consign-price-service|ts-food-map-mongo|ts-travel2-service|ts-travel-mongo,ts-food-service_container-memory-usage-bytes,0.6310144927536232,23,23,0.6966666666666667,0.5653623188405797,23,22,22,0.6952502120441052,baseline-v2-20260723,cd270e7871bd358937d83d9a49829637fa80007d2964084ef229f578e3733bd3,ba75425861a059dafcc477474fc3e4ed1eafdc2b47d6fdd0557337035d29a960,8256e3f6db4b7e0d1d35a9753b04f65aa7e909da8c5eb9076235b69acb1d791f,12008022,1693316462000000000,300
TT/ts-auth-service_loss/5,TT,ts-auth-service,loss,5,300,300,incident,0.3,6,0.3,nsigma,16,0.0625,0.0,0.21739130434782608,0,0,0,70,1912.6459999824874,ts-travel-plan-service|ts-preserve-other-service|ts-route-plan-service|ts-inside-payment-service|ts-food-service,ts-travel-plan-service_container-cpu-usage-seconds-total,0.6310144927536232,23,23,0.6966666666666667,0.5653623188405797,23,22,22,0.6952502120441052,baseline-v2-20260723,cd270e7871bd358937d83d9a49829637fa80007d2964084ef229f578e3733bd3,ba75425861a059dafcc477474fc3e4ed1eafdc2b47d6fdd0557337035d29a960,8256e3f6db4b7e0d1d35a9753b04f65aa7e909da8c5eb9076235b69acb1d791f,12008022,1693316462000000000,300
TT/ts-auth-service_loss/5,TT,ts-auth-service,loss,5,300,300,incident,0.3,7,0.3,baro,11,0.09090909090909091,0.0,0.14492753623188406,0,0,0,70,1387.5852999626659,ts-preserve-other-service|ts-food-service|ts-travel-plan-service|ts-price-service|ts-execute-service,ts-preserve-other-service_container-cpu-usage-seconds-total,0.6355072463768116,23,23,0.7059420289855073,0.5650724637681159,23,22,22,0.6952502120441052,baseline-v2-20260723,cd270e7871bd358937d83d9a49829637fa80007d2964084ef229f578e3733bd3,ba75425861a059dafcc477474fc3e4ed1eafdc2b47d6fdd0557337035d29a960,8256e3f6db4b7e0d1d35a9753b04f65aa7e909da8c5eb9076235b69acb1d791f,12008022,1693316462000000000,300
TT/ts-auth-service_loss/5,TT,ts-auth-service,loss,5,300,300,incident,0.3,7,0.3,median_shift,37,0.02702702702702703,0.0,0.5217391304347826,0,0,0,70,291.1846000351943,ts-price-mongo|ts-food-service|ts-travel-mongo|ts-ticket-office-service|ts-travel2-service,ts-price-mongo_container-memory-cache,0.6355072463768116,23,23,0.7059420289855073,0.5650724637681159,23,22,22,0.6952502120441052,baseline-v2-20260723,cd270e7871bd358937d83d9a49829637fa80007d2964084ef229f578e3733bd3,ba75425861a059dafcc477474fc3e4ed1eafdc2b47d6fdd0557337035d29a960,8256e3f6db4b7e0d1d35a9753b04f65aa7e909da8c5eb9076235b69acb1d791f,12008022,1693316462000000000,300
TT/ts-auth-service_loss/5,TT,ts-auth-service,loss,5,300,300,incident,0.3,7,0.3,nsigma,21,0.047619047619047616,0.0,0.2898550724637681,0,0,0,70,1287.4247999861836,ts-preserve-other-service|ts-travel-plan-service|ts-route-plan-service|ts-assurance-service|ts-food-map-mongo,ts-preserve-other-service_container-cpu-usage-seconds-total,0.6355072463768116,23,23,0.7059420289855073,0.5650724637681159,23,22,22,0.6952502120441052,baseline-v2-20260723,cd270e7871bd358937d83d9a49829637fa80007d2964084ef229f578e3733bd3,ba75425861a059dafcc477474fc3e4ed1eafdc2b47d6fdd0557337035d29a960,8256e3f6db4b7e0d1d35a9753b04f65aa7e909da8c5eb9076235b69acb1d791f,12008022,1693316462000000000,300
TT/ts-auth-service_loss/5,TT,ts-auth-service,loss,5,300,300,incident,0.3,8,0.3,baro,11,0.09090909090909091,0.0,0.14492753623188406,0,0,0,70,981.1288999626413,ts-inside-payment-service|ts-travel-plan-service|ts-food-service|ts-preserve-other-service|ts-price-service,ts-inside-payment-service_istio-bytes-99,0.6281159420289855,23,23,0.6910144927536231,0.5652173913043478,23,22,22,0.6952502120441052,baseline-v2-20260723,cd270e7871bd358937d83d9a49829637fa80007d2964084ef229f578e3733bd3,ba75425861a059dafcc477474fc3e4ed1eafdc2b47d6fdd0557337035d29a960,8256e3f6db4b7e0d1d35a9753b04f65aa7e909da8c5eb9076235b69acb1d791f,12008022,1693316462000000000,300
TT/ts-auth-service_loss/5,TT,ts-auth-service,loss,5,300,300,incident,0.3,8,0.3,median_shift,36,0.027777777777777776,0.0,0.5072463768115942,0,0,0,70,294.90109998732805,ts-consign-price-service|ts-order-mongo|ts-user-service|ts-travel2-service|ts-inside-payment-service,ts-consign-price-service_container-memory-working-set-bytes,0.6281159420289855,23,23,0.6910144927536231,0.5652173913043478,23,22,22,0.6952502120441052,baseline-v2-20260723,cd270e7871bd358937d83d9a49829637fa80007d2964084ef229f578e3733bd3,ba75425861a059dafcc477474fc3e4ed1eafdc2b47d6fdd0557337035d29a960,8256e3f6db4b7e0d1d35a9753b04f65aa7e909da8c5eb9076235b69acb1d791f,12008022,1693316462000000000,300
TT/ts-auth-service_loss/5,TT,ts-auth-service,loss,5,300,300,incident,0.3,8,0.3,nsigma,18,0.05555555555555555,0.0,0.2463768115942029,0,0,0,70,873.3262000023387,ts-travel-plan-service|ts-preserve-other-service|ts-assurance-service|ts-inside-payment-service|ts-user-service,ts-travel-plan-service_container-cpu-usage-seconds-total,0.6281159420289855,23,23,0.6910144927536231,0.5652173913043478,23,22,22,0.6952502120441052,baseline-v2-20260723,cd270e7871bd358937d83d9a49829637fa80007d2964084ef229f578e3733bd3,ba75425861a059dafcc477474fc3e4ed1eafdc2b47d6fdd0557337035d29a960,8256e3f6db4b7e0d1d35a9753b04f65aa7e909da8c5eb9076235b69acb1d791f,12008022,1693316462000000000,300
TT/ts-auth-service_loss/5,TT,ts-auth-service,loss,5,300,300,incident,0.3,9,0.3,baro,12,0.08333333333333333,0.0,0.15942028985507245,0,0,0,70,944.4663000176661,ts-travel-plan-service|ts-food-service|ts-preserve-other-service|ts-execute-service|ts-inside-payment-service,ts-travel-plan-service_container-cpu-usage-seconds-total,0.6247101449275362,23,23,0.688695652173913,0.5607246376811594,23,22,22,0.6952502120441052,baseline-v2-20260723,cd270e7871bd358937d83d9a49829637fa80007d2964084ef229f578e3733bd3,ba75425861a059dafcc477474fc3e4ed1eafdc2b47d6fdd0557337035d29a960,8256e3f6db4b7e0d1d35a9753b04f65aa7e909da8c5eb9076235b69acb1d791f,12008022,1693316462000000000,300
TT/ts-auth-service_loss/5,TT,ts-auth-service,loss,5,300,300,incident,0.3,9,0.3,median_shift,36,0.027777777777777776,0.0,0.5072463768115942,0,0,0,70,262.23320001736283,ts-consign-price-service|ts-user-service|ts-basic-service|ts-route-mongo|ts-ticket-office-service,ts-consign-price-service_container-memory-max-usage-bytes,0.6247101449275362,23,23,0.688695652173913,0.5607246376811594,23,22,22,0.6952502120441052,baseline-v2-20260723,cd270e7871bd358937d83d9a49829637fa80007d2964084ef229f578e3733bd3,ba75425861a059dafcc477474fc3e4ed1eafdc2b47d6fdd0557337035d29a960,8256e3f6db4b7e0d1d35a9753b04f65aa7e909da8c5eb9076235b69acb1d791f,12008022,1693316462000000000,300
TT/ts-auth-service_loss/5,TT,ts-auth-service,loss,5,300,300,incident,0.3,9,0.3,nsigma,23,0.043478260869565216,0.0,0.3188405797101449,0,0,0,70,828.0521999695338,ts-travel-plan-service|ts-preserve-other-service|ts-route-plan-service|ts-execute-service|ts-assurance-service,ts-travel-plan-service_container-cpu-usage-seconds-total,0.6247101449275362,23,23,0.688695652173913,0.5607246376811594,23,22,22,0.6952502120441052,baseline-v2-20260723,cd270e7871bd358937d83d9a49829637fa80007d2964084ef229f578e3733bd3,ba75425861a059dafcc477474fc3e4ed1eafdc2b47d6fdd0557337035d29a960,8256e3f6db4b7e0d1d35a9753b04f65aa7e909da8c5eb9076235b69acb1d791f,12008022,1693316462000000000,300
TT/ts-auth-service_loss/5,TT,ts-auth-service,loss,5,300,300,incident,0.5,0,0.5,baro,9,0.1111111111111111,0.0,0.11594202898550725,0,0,0,70,910.7866000267677,ts-travel-plan-service|ts-food-service|ts-preserve-other-service|ts-inside-payment-service|ts-price-service,ts-travel-plan-service_container-cpu-usage-seconds-total,0.4320289855072464,23,23,0.49869565217391304,0.36536231884057974,23,22,22,0.496607294317218,baseline-v2-20260723,cd270e7871bd358937d83d9a49829637fa80007d2964084ef229f578e3733bd3,ba75425861a059dafcc477474fc3e4ed1eafdc2b47d6fdd0557337035d29a960,8256e3f6db4b7e0d1d35a9753b04f65aa7e909da8c5eb9076235b69acb1d791f,12008022,1693316462000000000,300
TT/ts-auth-service_loss/5,TT,ts-auth-service,loss,5,300,300,incident,0.5,0,0.5,median_shift,21,0.047619047619047616,0.0,0.2898550724637681,0,0,0,70,339.038000034634,ts-inside-payment-mongo|ts-consign-mongo|ts-price-mongo|ts-user-service|ts-admin-basic-info-service,ts-inside-payment-mongo_container-memory-usage-bytes,0.4320289855072464,23,23,0.49869565217391304,0.36536231884057974,23,22,22,0.496607294317218,baseline-v2-20260723,cd270e7871bd358937d83d9a49829637fa80007d2964084ef229f578e3733bd3,ba75425861a059dafcc477474fc3e4ed1eafdc2b47d6fdd0557337035d29a960,8256e3f6db4b7e0d1d35a9753b04f65aa7e909da8c5eb9076235b69acb1d791f,12008022,1693316462000000000,300
TT/ts-auth-service_loss/5,TT,ts-auth-service,loss,5,300,300,incident,0.5,0,0.5,nsigma,10,0.1,0.0,0.13043478260869565,0,0,0,70,652.6878000004217,ts-travel-plan-service|ts-preserve-other-service|ts-execute-service|ts-food-service|ts-user-service,ts-travel-plan-service_container-cpu-usage-seconds-total,0.4320289855072464,23,23,0.49869565217391304,0.36536231884057974,23,22,22,0.496607294317218,baseline-v2-20260723,cd270e7871bd358937d83d9a49829637fa80007d2964084ef229f578e3733bd3,ba75425861a059dafcc477474fc3e4ed1eafdc2b47d6fdd0557337035d29a960,8256e3f6db4b7e0d1d35a9753b04f65aa7e909da8c5eb9076235b69acb1d791f,12008022,1693316462000000000,300
TT/ts-auth-service_loss/5,TT,ts-auth-service,loss,5,300,300,incident,0.5,1,0.5,baro,13,0.07692307692307693,0.0,0.17391304347826086,0,0,0,70,826.5925000305288,ts-assurance-service|ts-inside-payment-service|ts-travel-plan-service|ts-preserve-other-service|ts-food-service,ts-assurance-service_istio-bytes-90,0.42978260869565216,23,23,0.49768115942028984,0.3618840579710145,23,22,22,0.496607294317218,baseline-v2-20260723,cd270e7871bd358937d83d9a49829637fa80007d2964084ef229f578e3733bd3,ba75425861a059dafcc477474fc3e4ed1eafdc2b47d6fdd0557337035d29a960,8256e3f6db4b7e0d1d35a9753b04f65aa7e909da8c5eb9076235b69acb1d791f,12008022,1693316462000000000,300
TT/ts-auth-service_loss/5,TT,ts-auth-service,loss,5,300,300,incident,0.5,1,0.5,median_shift,25,0.04,0.0,0.34782608695652173,0,0,0,70,337.7390000387095,ts-price-mongo|ts-admin-basic-info-service|ts-consign-mongo|ts-consign-service|ts-user-service,ts-price-mongo_container-memory-cache,0.42978260869565216,23,23,0.49768115942028984,0.3618840579710145,23,22,22,0.496607294317218,baseline-v2-20260723,cd270e7871bd358937d83d9a49829637fa80007d2964084ef229f578e3733bd3,ba75425861a059dafcc477474fc3e4ed1eafdc2b47d6fdd0557337035d29a960,8256e3f6db4b7e0d1d35a9753b04f65aa7e909da8c5eb9076235b69acb1d791f,12008022,1693316462000000000,300
TT/ts-auth-service_loss/5,TT,ts-auth-service,loss,5,300,300,incident,0.5,1,0.5,nsigma,12,0.08333333333333333,0.0,0.15942028985507245,0,0,0,70,1006.0939000104554,ts-travel-plan-service|ts-preserve-other-service|ts-route-plan-service|ts-food-service|ts-user-service,ts-travel-plan-service_container-cpu-usage-seconds-total,0.42978260869565216,23,23,0.49768115942028984,0.3618840579710145,23,22,22,0.496607294317218,baseline-v2-20260723,cd270e7871bd358937d83d9a49829637fa80007d2964084ef229f578e3733bd3,ba75425861a059dafcc477474fc3e4ed1eafdc2b47d6fdd0557337035d29a960,8256e3f6db4b7e0d1d35a9753b04f65aa7e909da8c5eb9076235b69acb1d791f,12008022,1693316462000000000,300
TT/ts-auth-service_loss/5,TT,ts-auth-service,loss,5,300,300,incident,0.5,2,0.5,baro,13,0.07692307692307693,0.0,0.17391304347826086,0,0,0,70,842.9811000241898,ts-assurance-service|ts-inside-payment-service|ts-preserve-other-service|ts-consign-price-service|ts-travel-plan-service,ts-assurance-service_istio-bytes-50,0.4258695652173913,23,23,0.4918840579710145,0.35985507246376813,23,22,22,0.496607294317218,baseline-v2-20260723,cd270e7871bd358937d83d9a49829637fa80007d2964084ef229f578e3733bd3,ba75425861a059dafcc477474fc3e4ed1eafdc2b47d6fdd0557337035d29a960,8256e3f6db4b7e0d1d35a9753b04f65aa7e909da8c5eb9076235b69acb1d791f,12008022,1693316462000000000,300
TT/ts-auth-service_loss/5,TT,ts-auth-service,loss,5,300,300,incident,0.5,2,0.5,median_shift,12,0.08333333333333333,0.0,0.15942028985507245,0,0,0,70,276.90500003518537,ts-food-service|ts-consign-price-service|ts-assurance-service|ts-basic-service|ts-consign-mongo,ts-food-service_container-memory-usage-bytes,0.4258695652173913,23,23,0.4918840579710145,0.35985507246376813,23,22,22,0.496607294317218,baseline-v2-20260723,cd270e7871bd358937d83d9a49829637fa80007d2964084ef229f578e3733bd3,ba75425861a059dafcc477474fc3e4ed1eafdc2b47d6fdd0557337035d29a960,8256e3f6db4b7e0d1d35a9753b04f65aa7e909da8c5eb9076235b69acb1d791f,12008022,1693316462000000000,300
TT/ts-auth-service_loss/5,TT,ts-auth-service,loss,5,300,300,incident,0.5,2,0.5,nsigma,16,0.0625,0.0,0.21739130434782608,0,0,0,70,790.5325999599881,ts-preserve-other-service|ts-travel-plan-service|ts-route-plan-service|ts-execute-service|ts-user-service,ts-preserve-other-service_container-cpu-usage-seconds-total,0.4258695652173913,23,23,0.4918840579710145,0.35985507246376813,23,22,22,0.496607294317218,baseline-v2-20260723,cd270e7871bd358937d83d9a49829637fa80007d2964084ef229f578e3733bd3,ba75425861a059dafcc477474fc3e4ed1eafdc2b47d6fdd0557337035d29a960,8256e3f6db4b7e0d1d35a9753b04f65aa7e909da8c5eb9076235b69acb1d791f,12008022,1693316462000000000,300
TT/ts-auth-service_loss/5,TT,ts-auth-service,loss,5,300,300,incident,0.5,3,0.5,baro,9,0.1111111111111111,0.0,0.11594202898550725,0,0,0,70,819.0672000055201,ts-inside-payment-service|ts-food-service|ts-travel-plan-service|ts-preserve-other-service|ts-price-service,ts-inside-payment-service_istio-bytes-99,0.42985507246376814,23,23,0.4998550724637681,0.35985507246376813,23,22,22,0.496607294317218,baseline-v2-20260723,cd270e7871bd358937d83d9a49829637fa80007d2964084ef229f578e3733bd3,ba75425861a059dafcc477474fc3e4ed1eafdc2b47d6fdd0557337035d29a960,8256e3f6db4b7e0d1d35a9753b04f65aa7e909da8c5eb9076235b69acb1d791f,12008022,1693316462000000000,300
TT/ts-auth-service_loss/5,TT,ts-auth-service,loss,5,300,300,incident,0.5,3,0.5,median_shift,13,0.07692307692307693,0.0,0.17391304347826086,0,0,0,70,259.65720001840964,ts-consign-price-service|ts-station-service|ts-admin-basic-info-service|ts-inside-payment-mongo|ts-consign-mongo,ts-consign-price-service_container-memory-max-usage-bytes,0.42985507246376814,23,23,0.4998550724637681,0.35985507246376813,23,22,22,0.496607294317218,baseline-v2-20260723,cd270e7871bd358937d83d9a49829637fa80007d2964084ef229f578e3733bd3,ba75425861a059dafcc477474fc3e4ed1eafdc2b47d6fdd0557337035d29a960,8256e3f6db4b7e0d1d35a9753b04f65aa7e909da8c5eb9076235b69acb1d791f,12008022,1693316462000000000,300
TT/ts-auth-service_loss/5,TT,ts-auth-service,loss,5,300,300,incident,0.5,3,0.5,nsigma,14,0.07142857142857142,0.0,0.18840579710144928,0,0,0,70,680.2284000441432,ts-preserve-other-service|ts-travel-plan-service|ts-route-plan-service|ts-execute-service|ts-food-service,ts-preserve-other-service_container-cpu-user-seconds-total,0.42985507246376814,23,23,0.4998550724637681,0.35985507246376813,23,22,22,0.496607294317218,baseline-v2-20260723,cd270e7871bd358937d83d9a49829637fa80007d2964084ef229f578e3733bd3,ba75425861a059dafcc477474fc3e4ed1eafdc2b47d6fdd0557337035d29a960,8256e3f6db4b7e0d1d35a9753b04f65aa7e909da8c5eb9076235b69acb1d791f,12008022,1693316462000000000,300
TT/ts-auth-service_loss/5,TT,ts-auth-service,loss,5,300,300,incident,0.5,4,0.5,baro,13,0.07692307692307693,0.0,0.17391304347826086,0,0,0,70,947.2200999734923,ts-assurance-service|ts-inside-payment-service|ts-travel-plan-service|ts-preserve-other-service|192-168-76-138-9100,ts-assurance-service_istio-bytes-95,0.43420289855072464,23,23,0.508840579710145,0.35956521739130437,23,22,21,0.496607294317218,baseline-v2-20260723,cd270e7871bd358937d83d9a49829637fa80007d2964084ef229f578e3733bd3,ba75425861a059dafcc477474fc3e4ed1eafdc2b47d6fdd0557337035d29a960,8256e3f6db4b7e0d1d35a9753b04f65aa7e909da8c5eb9076235b69acb1d791f,12008022,1693316462000000000,300
TT/ts-auth-service_loss/5,TT,ts-auth-service,loss,5,300,300,incident,0.5,4,0.5,median_shift,29,0.034482758620689655,0.0,0.4057971014492754,0,0,0,70,289.6357999998145,ts-admin-basic-info-service|ts-food-service|ts-consign-price-service|ts-inside-payment-mongo|ts-consign-mongo,ts-admin-basic-info-service_container-memory-rss,0.43420289855072464,23,23,0.508840579710145,0.35956521739130437,23,22,21,0.496607294317218,baseline-v2-20260723,cd270e7871bd358937d83d9a49829637fa80007d2964084ef229f578e3733bd3,ba75425861a059dafcc477474fc3e4ed1eafdc2b47d6fdd0557337035d29a960,8256e3f6db4b7e0d1d35a9753b04f65aa7e909da8c5eb9076235b69acb1d791f,12008022,1693316462000000000,300
TT/ts-auth-service_loss/5,TT,ts-auth-service,loss,5,300,300,incident,0.5,4,0.5,nsigma,14,0.07142857142857142,0.0,0.18840579710144928,0,0,0,70,778.1243000063114,ts-preserve-other-service|ts-travel-plan-service|ts-route-plan-service|ts-execute-service|ts-price-service,ts-preserve-other-service_container-cpu-usage-seconds-total,0.43420289855072464,23,23,0.508840579710145,0.35956521739130437,23,22,21,0.496607294317218,baseline-v2-20260723,cd270e7871bd358937d83d9a49829637fa80007d2964084ef229f578e3733bd3,ba75425861a059dafcc477474fc3e4ed1eafdc2b47d6fdd0557337035d29a960,8256e3f6db4b7e0d1d35a9753b04f65aa7e909da8c5eb9076235b69acb1d791f,12008022,1693316462000000000,300
TT/ts-auth-service_loss/5,TT,ts-auth-service,loss,5,300,300,incident,0.5,5,0.5,baro,7,0.14285714285714285,0.0,0.08695652173913043,0,0,0,70,1092.4077999661677,ts-travel-plan-service|ts-preserve-other-service|ts-food-service|ts-execute-service|ts-price-service,ts-travel-plan-service_container-cpu-usage-seconds-total,0.43094202898550726,23,23,0.5001449275362319,0.3617391304347826,23,22,22,0.496607294317218,baseline-v2-20260723,cd270e7871bd358937d83d9a49829637fa80007d2964084ef229f578e3733bd3,ba75425861a059dafcc477474fc3e4ed1eafdc2b47d6fdd0557337035d29a960,8256e3f6db4b7e0d1d35a9753b04f65aa7e909da8c5eb9076235b69acb1d791f,12008022,1693316462000000000,300
TT/ts-auth-service_loss/5,TT,ts-auth-service,loss,5,300,300,incident,0.5,5,0.5,median_shift,16,0.0625,0.0,0.21739130434782608,0,0,0,70,334.0695000370033,ts-food-service|ts-basic-service|ts-travel2-service|ts-consign-mongo|ts-price-mongo,ts-food-service_container-memory-rss,0.43094202898550726,23,23,0.5001449275362319,0.3617391304347826,23,22,22,0.496607294317218,baseline-v2-20260723,cd270e7871bd358937d83d9a49829637fa80007d2964084ef229f578e3733bd3,ba75425861a059dafcc477474fc3e4ed1eafdc2b47d6fdd0557337035d29a960,8256e3f6db4b7e0d1d35a9753b04f65aa7e909da8c5eb9076235b69acb1d791f,12008022,1693316462000000000,300
TT/ts-auth-service_loss/5,TT,ts-auth-service,loss,5,300,300,incident,0.5,5,0.5,nsigma,14,0.07142857142857142,0.0,0.18840579710144928,0,0,0,70,718.6134999501519,ts-preserve-other-service|ts-travel-plan-service|ts-execute-service|ts-user-service|ts-food-map-mongo,ts-preserve-other-service_container-cpu-usage-seconds-total,0.43094202898550726,23,23,0.5001449275362319,0.3617391304347826,23,22,22,0.496607294317218,baseline-v2-20260723,cd270e7871bd358937d83d9a49829637fa80007d2964084ef229f578e3733bd3,ba75425861a059dafcc477474fc3e4ed1eafdc2b47d6fdd0557337035d29a960,8256e3f6db4b7e0d1d35a9753b04f65aa7e909da8c5eb9076235b69acb1d791f,12008022,1693316462000000000,300
TT/ts-auth-service_loss/5,TT,ts-auth-service,loss,5,300,300,incident,0.5,6,0.5,baro,11,0.09090909090909091,0.0,0.14492753623188406,0,0,0,70,1153.4781999653205,ts-inside-payment-service|ts-food-service|ts-travel-plan-service|ts-preserve-other-service|ts-price-service,ts-inside-payment-service_istio-bytes-99,0.432536231884058,23,23,0.5002898550724638,0.36478260869565216,23,22,22,0.496607294317218,baseline-v2-20260723,cd270e7871bd358937d83d9a49829637fa80007d2964084ef229f578e3733bd3,ba75425861a059dafcc477474fc3e4ed1eafdc2b47d6fdd0557337035d29a960,8256e3f6db4b7e0d1d35a9753b04f65aa7e909da8c5eb9076235b69acb1d791f,12008022,1693316462000000000,300
TT/ts-auth-service_loss/5,TT,ts-auth-service,loss,5,300,300,incident,0.5,6,0.5,median_shift,25,0.04,0.0,0.34782608695652173,0,0,0,70,296.89160000998527,ts-ticketinfo-service|ts-consign-mongo|ts-inside-payment-mongo|ts-price-mongo|ts-user-service,ts-ticketinfo-service_container-memory-usage-bytes,0.432536231884058,23,23,0.5002898550724638,0.36478260869565216,23,22,22,0.496607294317218,baseline-v2-20260723,cd270e7871bd358937d83d9a49829637fa80007d2964084ef229f578e3733bd3,ba75425861a059dafcc477474fc3e4ed1eafdc2b47d6fdd0557337035d29a960,8256e3f6db4b7e0d1d35a9753b04f65aa7e909da8c5eb9076235b69acb1d791f,12008022,1693316462000000000,300
TT/ts-auth-service_loss/5,TT,ts-auth-service,loss,5,300,300,incident,0.5,6,0.5,nsigma,15,0.06666666666666667,0.0,0.2028985507246377,0,0,0,70,1055.6989000178874,ts-preserve-other-service|ts-travel-plan-service|ts-route-plan-service|ts-execute-service|ts-user-service,ts-preserve-other-service_container-cpu-user-seconds-total,0.432536231884058,23,23,0.5002898550724638,0.36478260869565216,23,22,22,0.496607294317218,baseline-v2-20260723,cd270e7871bd358937d83d9a49829637fa80007d2964084ef229f578e3733bd3,ba75425861a059dafcc477474fc3e4ed1eafdc2b47d6fdd0557337035d29a960,8256e3f6db4b7e0d1d35a9753b04f65aa7e909da8c5eb9076235b69acb1d791f,12008022,1693316462000000000,300
TT/ts-auth-service_loss/5,TT,ts-auth-service,loss,5,300,300,incident,0.5,7,0.5,baro,11,0.09090909090909091,0.0,0.14492753623188406,0,0,0,70,876.6028999816626,ts-inside-payment-service|ts-assurance-service|ts-food-service|ts-travel-plan-service|ts-preserve-other-service,ts-inside-payment-service_istio-bytes-90,0.43724637681159423,23,23,0.5075362318840579,0.36695652173913046,23,22,22,0.496607294317218,baseline-v2-20260723,cd270e7871bd358937d83d9a49829637fa80007d2964084ef229f578e3733bd3,ba75425861a059dafcc477474fc3e4ed1eafdc2b47d6fdd0557337035d29a960,8256e3f6db4b7e0d1d35a9753b04f65aa7e909da8c5eb9076235b69acb1d791f,12008022,1693316462000000000,300
TT/ts-auth-service_loss/5,TT,ts-auth-service,loss,5,300,300,incident,0.5,7,0.5,median_shift,22,0.045454545454545456,0.0,0.30434782608695654,0,0,0,70,304.89039997337386,ts-consign-price-service|ts-admin-basic-info-service|ts-ticketinfo-service|ts-config-mongo|ts-consign-mongo,ts-consign-price-service_container-memory-max-usage-bytes,0.43724637681159423,23,23,0.5075362318840579,0.36695652173913046,23,22,22,0.496607294317218,baseline-v2-20260723,cd270e7871bd358937d83d9a49829637fa80007d2964084ef229f578e3733bd3,ba75425861a059dafcc477474fc3e4ed1eafdc2b47d6fdd0557337035d29a960,8256e3f6db4b7e0d1d35a9753b04f65aa7e909da8c5eb9076235b69acb1d791f,12008022,1693316462000000000,300
TT/ts-auth-service_loss/5,TT,ts-auth-service,loss,5,300,300,incident,0.5,7,0.5,nsigma,14,0.07142857142857142,0.0,0.18840579710144928,0,0,0,70,668.377700028941,ts-travel-plan-service|ts-preserve-other-service|ts-execute-service|ts-price-service|ts-food-service,ts-travel-plan-service_container-cpu-user-seconds-total,0.43724637681159423,23,23,0.5075362318840579,0.36695652173913046,23,22,22,0.496607294317218,baseline-v2-20260723,cd270e7871bd358937d83d9a49829637fa80007d2964084ef229f578e3733bd3,ba75425861a059dafcc477474fc3e4ed1eafdc2b47d6fdd0557337035d29a960,8256e3f6db4b7e0d1d35a9753b04f65aa7e909da8c5eb9076235b69acb1d791f,12008022,1693316462000000000,300
TT/ts-auth-service_loss/5,TT,ts-auth-service,loss,5,300,300,incident,0.5,8,0.5,baro,8,0.125,0.0,0.10144927536231885,0,0,0,70,1023.7947999848984,ts-travel-plan-service|ts-preserve-other-service|ts-price-service|ts-execute-service|ts-food-service,ts-travel-plan-service_container-cpu-usage-seconds-total,0.4310144927536232,23,23,0.5002898550724638,0.3617391304347826,23,22,22,0.496607294317218,baseline-v2-20260723,cd270e7871bd358937d83d9a49829637fa80007d2964084ef229f578e3733bd3,ba75425861a059dafcc477474fc3e4ed1eafdc2b47d6fdd0557337035d29a960,8256e3f6db4b7e0d1d35a9753b04f65aa7e909da8c5eb9076235b69acb1d791f,12008022,1693316462000000000,300
TT/ts-auth-service_loss/5,TT,ts-auth-service,loss,5,300,300,incident,0.5,8,0.5,median_shift,22,0.045454545454545456,0.0,0.30434782608695654,0,0,0,70,326.25510002253577,ts-consign-price-service|ts-admin-basic-info-service|ts-consign-mongo|ts-food-map-mongo|ts-food-map-service,ts-consign-price-service_container-memory-usage-bytes,0.4310144927536232,23,23,0.5002898550724638,0.3617391304347826,23,22,22,0.496607294317218,baseline-v2-20260723,cd270e7871bd358937d83d9a49829637fa80007d2964084ef229f578e3733bd3,ba75425861a059dafcc477474fc3e4ed1eafdc2b47d6fdd0557337035d29a960,8256e3f6db4b7e0d1d35a9753b04f65aa7e909da8c5eb9076235b69acb1d791f,12008022,1693316462000000000,300
TT/ts-auth-service_loss/5,TT,ts-auth-service,loss,5,300,300,incident,0.5,8,0.5,nsigma,12,0.08333333333333333,0.0,0.15942028985507245,0,0,0,70,886.0025000176392,ts-preserve-other-service|ts-travel-plan-service|ts-price-service|ts-user-service|ts-execute-service,ts-preserve-other-service_container-cpu-user-seconds-total,0.4310144927536232,23,23,0.5002898550724638,0.3617391304347826,23,22,22,0.496607294317218,baseline-v2-20260723,cd270e7871bd358937d83d9a49829637fa80007d2964084ef229f578e3733bd3,ba75425861a059dafcc477474fc3e4ed1eafdc2b47d6fdd0557337035d29a960,8256e3f6db4b7e0d1d35a9753b04f65aa7e909da8c5eb9076235b69acb1d791f,12008022,1693316462000000000,300
TT/ts-auth-service_loss/5,TT,ts-auth-service,loss,5,300,300,incident,0.5,9,0.5,baro,10,0.1,0.0,0.13043478260869565,0,0,0,70,1160.5460999999195,ts-inside-payment-service|ts-travel-plan-service|ts-consign-price-service|ts-food-service|ts-preserve-other-service,ts-inside-payment-service_istio-bytes-90,0.4311594202898551,23,23,0.504927536231884,0.35739130434782607,23,22,22,0.496607294317218,baseline-v2-20260723,cd270e7871bd358937d83d9a49829637fa80007d2964084ef229f578e3733bd3,ba75425861a059dafcc477474fc3e4ed1eafdc2b47d6fdd0557337035d29a960,8256e3f6db4b7e0d1d35a9753b04f65aa7e909da8c5eb9076235b69acb1d791f,12008022,1693316462000000000,300
TT/ts-auth-service_loss/5,TT,ts-auth-service,loss,5,300,300,incident,0.5,9,0.5,median_shift,28,0.03571428571428571,0.0,0.391304347826087,0,0,0,70,442.6427999860607,ts-price-mongo|ts-consign-price-service|ts-order-mongo|ts-food-service|ts-ticketinfo-service,ts-price-mongo_container-memory-cache,0.4311594202898551,23,23,0.504927536231884,0.35739130434782607,23,22,22,0.496607294317218,baseline-v2-20260723,cd270e7871bd358937d83d9a49829637fa80007d2964084ef229f578e3733bd3,ba75425861a059dafcc477474fc3e4ed1eafdc2b47d6fdd0557337035d29a960,8256e3f6db4b7e0d1d35a9753b04f65aa7e909da8c5eb9076235b69acb1d791f,12008022,1693316462000000000,300
TT/ts-auth-service_loss/5,TT,ts-auth-service,loss,5,300,300,incident,0.5,9,0.5,nsigma,10,0.1,0.0,0.13043478260869565,0,0,0,70,732.6381999882869,ts-travel-plan-service|ts-preserve-other-service|ts-route-plan-service|ts-route-mongo|ts-user-service,ts-travel-plan-service_container-cpu-usage-seconds-total,0.4311594202898551,23,23,0.504927536231884,0.35739130434782607,23,22,22,0.496607294317218,baseline-v2-20260723,cd270e7871bd358937d83d9a49829637fa80007d2964084ef229f578e3733bd3,ba75425861a059dafcc477474fc3e4ed1eafdc2b47d6fdd0557337035d29a960,8256e3f6db4b7e0d1d35a9753b04f65aa7e909da8c5eb9076235b69acb1d791f,12008022,1693316462000000000,300
TT/ts-auth-service_loss/5,TT,ts-auth-service,loss,5,300,300,none,0.0,0,0.0,baro,24,0.041666666666666664,0.0,0.3333333333333333,0,0,0,70,1033.5394000285305,ts-food-map-service|ts-food-mongo|ts-user-mongo|ts-assurance-mongo|ts-contacts-mongo,ts-food-map-service_container-memory-rss,1.0,23,23,1.0,1.0,23,23,23,0.993214588634436,baseline-v2-20260723,cd270e7871bd358937d83d9a49829637fa80007d2964084ef229f578e3733bd3,ba75425861a059dafcc477474fc3e4ed1eafdc2b47d6fdd0557337035d29a960,8256e3f6db4b7e0d1d35a9753b04f65aa7e909da8c5eb9076235b69acb1d791f,12008022,1693316462000000000,300
TT/ts-auth-service_loss/5,TT,ts-auth-service,loss,5,300,300,none,0.0,0,0.0,median_shift,30,0.03333333333333333,0.0,0.42028985507246375,0,0,0,70,236.3041999633424,ts-assurance-mongo|ts-auth-mongo|ts-config-mongo|ts-consign-mongo|ts-consign-price-mongo,ts-assurance-mongo_container-memory-rss,1.0,23,23,1.0,1.0,23,23,23,0.993214588634436,baseline-v2-20260723,cd270e7871bd358937d83d9a49829637fa80007d2964084ef229f578e3733bd3,ba75425861a059dafcc477474fc3e4ed1eafdc2b47d6fdd0557337035d29a960,8256e3f6db4b7e0d1d35a9753b04f65aa7e909da8c5eb9076235b69acb1d791f,12008022,1693316462000000000,300
TT/ts-auth-service_loss/5,TT,ts-auth-service,loss,5,300,300,none,0.0,0,0.0,nsigma,6,0.16666666666666666,0.0,0.07246376811594203,0,0,0,70,1431.4111999701709,ts-order-other-service|ts|ts-rebook-service|ts-contacts-service|ts-travel2-service,ts-order-other-service_istio-latency-99,1.0,23,23,1.0,1.0,23,23,23,0.993214588634436,baseline-v2-20260723,cd270e7871bd358937d83d9a49829637fa80007d2964084ef229f578e3733bd3,ba75425861a059dafcc477474fc3e4ed1eafdc2b47d6fdd0557337035d29a960,8256e3f6db4b7e0d1d35a9753b04f65aa7e909da8c5eb9076235b69acb1d791f,12008022,1693316462000000000,300
TT/ts-auth-service_loss/5,TT,ts-auth-service,loss,5,300,300,point,0.1,0,0.1,baro,24,0.041666666666666664,0.0,0.3333333333333333,0,0,0,70,998.594900011085,ts-food-map-service|ts-food-mongo|ts-user-mongo|ts-assurance-mongo|ts-contacts-mongo,ts-food-map-service_container-memory-rss,0.8995652173913044,23,23,0.8982608695652174,0.9008695652173913,23,23,23,0.8938931297709923,baseline-v2-20260723,cd270e7871bd358937d83d9a49829637fa80007d2964084ef229f578e3733bd3,ba75425861a059dafcc477474fc3e4ed1eafdc2b47d6fdd0557337035d29a960,8256e3f6db4b7e0d1d35a9753b04f65aa7e909da8c5eb9076235b69acb1d791f,12008022,1693316462000000000,300
TT/ts-auth-service_loss/5,TT,ts-auth-service,loss,5,300,300,point,0.1,0,0.1,median_shift,28,0.03571428571428571,0.0,0.391304347826087,0,0,0,70,231.8325000233017,ts-assurance-mongo|ts-auth-mongo|ts-config-mongo|ts-consign-mongo|ts-contacts-mongo,ts-assurance-mongo_container-memory-rss,0.8995652173913044,23,23,0.8982608695652174,0.9008695652173913,23,23,23,0.8938931297709923,baseline-v2-20260723,cd270e7871bd358937d83d9a49829637fa80007d2964084ef229f578e3733bd3,ba75425861a059dafcc477474fc3e4ed1eafdc2b47d6fdd0557337035d29a960,8256e3f6db4b7e0d1d35a9753b04f65aa7e909da8c5eb9076235b69acb1d791f,12008022,1693316462000000000,300
TT/ts-auth-service_loss/5,TT,ts-auth-service,loss,5,300,300,point,0.1,0,0.1,nsigma,4,0.25,0.4,0.043478260869565216,0,0,1,70,877.3974000359885,ts-order-other-service|ts|ts-rebook-service|ts-auth-service|ts-contacts-service,ts-order-other-service_istio-latency-99,0.8995652173913044,23,23,0.8982608695652174,0.9008695652173913,23,23,23,0.8938931297709923,baseline-v2-20260723,cd270e7871bd358937d83d9a49829637fa80007d2964084ef229f578e3733bd3,ba75425861a059dafcc477474fc3e4ed1eafdc2b47d6fdd0557337035d29a960,8256e3f6db4b7e0d1d35a9753b04f65aa7e909da8c5eb9076235b69acb1d791f,12008022,1693316462000000000,300
TT/ts-auth-service_loss/5,TT,ts-auth-service,loss,5,300,300,point,0.1,1,0.1,baro,24,0.041666666666666664,0.0,0.3333333333333333,0,0,0,70,1020.8085999474861,ts-food-map-service|ts-food-mongo|ts-user-mongo|ts-assurance-mongo|ts-contacts-mongo,ts-food-map-service_container-memory-rss,0.8978985507246376,23,23,0.8989855072463768,0.8968115942028986,23,23,23,0.8938931297709923,baseline-v2-20260723,cd270e7871bd358937d83d9a49829637fa80007d2964084ef229f578e3733bd3,ba75425861a059dafcc477474fc3e4ed1eafdc2b47d6fdd0557337035d29a960,8256e3f6db4b7e0d1d35a9753b04f65aa7e909da8c5eb9076235b69acb1d791f,12008022,1693316462000000000,300
TT/ts-auth-service_loss/5,TT,ts-auth-service,loss,5,300,300,point,0.1,1,0.1,median_shift,29,0.034482758620689655,0.0,0.4057971014492754,0,0,0,70,270.22770000621676,ts-assurance-mongo|ts-auth-mongo|ts-config-mongo|ts-consign-mongo|ts-consign-price-mongo,ts-assurance-mongo_container-memory-rss,0.8978985507246376,23,23,0.8989855072463768,0.8968115942028986,23,23,23,0.8938931297709923,baseline-v2-20260723,cd270e7871bd358937d83d9a49829637fa80007d2964084ef229f578e3733bd3,ba75425861a059dafcc477474fc3e4ed1eafdc2b47d6fdd0557337035d29a960,8256e3f6db4b7e0d1d35a9753b04f65aa7e909da8c5eb9076235b69acb1d791f,12008022,1693316462000000000,300
TT/ts-auth-service_loss/5,TT,ts-auth-service,loss,5,300,300,point,0.1,1,0.1,nsigma,6,0.16666666666666666,0.0,0.07246376811594203,0,0,0,70,759.907600004226,ts-order-other-service|ts|ts-rebook-service|ts-contacts-service|ts-travel2-service,ts-order-other-service_istio-latency-99,0.8978985507246376,23,23,0.8989855072463768,0.8968115942028986,23,23,23,0.8938931297709923,baseline-v2-20260723,cd270e7871bd358937d83d9a49829637fa80007d2964084ef229f578e3733bd3,ba75425861a059dafcc477474fc3e4ed1eafdc2b47d6fdd0557337035d29a960,8256e3f6db4b7e0d1d35a9753b04f65aa7e909da8c5eb9076235b69acb1d791f,12008022,1693316462000000000,300
TT/ts-auth-service_loss/5,TT,ts-auth-service,loss,5,300,300,point,0.1,2,0.1,baro,24,0.041666666666666664,0.0,0.3333333333333333,0,0,0,70,948.32480000332,ts-food-map-service|ts-food-mongo|ts-user-mongo|ts-assurance-mongo|ts-contacts-mongo,ts-food-map-service_container-memory-rss,0.898768115942029,23,23,0.8989855072463768,0.8985507246376812,23,23,23,0.8938931297709923,baseline-v2-20260723,cd270e7871bd358937d83d9a49829637fa80007d2964084ef229f578e3733bd3,ba75425861a059dafcc477474fc3e4ed1eafdc2b47d6fdd0557337035d29a960,8256e3f6db4b7e0d1d35a9753b04f65aa7e909da8c5eb9076235b69acb1d791f,12008022,1693316462000000000,300
TT/ts-auth-service_loss/5,TT,ts-auth-service,loss,5,300,300,point,0.1,2,0.1,median_shift,30,0.03333333333333333,0.0,0.42028985507246375,0,0,0,70,277.1239000139758,ts-assurance-mongo|ts-auth-mongo|ts-config-mongo|ts-consign-mongo|ts-consign-price-mongo,ts-assurance-mongo_container-memory-rss,0.898768115942029,23,23,0.8989855072463768,0.8985507246376812,23,23,23,0.8938931297709923,baseline-v2-20260723,cd270e7871bd358937d83d9a49829637fa80007d2964084ef229f578e3733bd3,ba75425861a059dafcc477474fc3e4ed1eafdc2b47d6fdd0557337035d29a960,8256e3f6db4b7e0d1d35a9753b04f65aa7e909da8c5eb9076235b69acb1d791f,12008022,1693316462000000000,300
TT/ts-auth-service_loss/5,TT,ts-auth-service,loss,5,300,300,point,0.1,2,0.1,nsigma,6,0.16666666666666666,0.0,0.07246376811594203,0,0,0,70,811.5585999912582,ts-order-other-service|ts|ts-rebook-service|ts-contacts-service|ts-travel2-service,ts-order-other-service_istio-latency-99,0.898768115942029,23,23,0.8989855072463768,0.8985507246376812,23,23,23,0.8938931297709923,baseline-v2-20260723,cd270e7871bd358937d83d9a49829637fa80007d2964084ef229f578e3733bd3,ba75425861a059dafcc477474fc3e4ed1eafdc2b47d6fdd0557337035d29a960,8256e3f6db4b7e0d1d35a9753b04f65aa7e909da8c5eb9076235b69acb1d791f,12008022,1693316462000000000,300
TT/ts-auth-service_loss/5,TT,ts-auth-service,loss,5,300,300,point,0.1,3,0.1,baro,24,0.041666666666666664,0.0,0.3333333333333333,0,0,0,70,938.8478000182658,ts-food-map-service|ts-food-mongo|ts-user-mongo|ts-assurance-mongo|ts-contacts-mongo,ts-food-map-service_container-memory-rss,0.9019565217391304,23,23,0.9008695652173913,0.9030434782608696,23,23,23,0.8938931297709923,baseline-v2-20260723,cd270e7871bd358937d83d9a49829637fa80007d2964084ef229f578e3733bd3,ba75425861a059dafcc477474fc3e4ed1eafdc2b47d6fdd0557337035d29a960,8256e3f6db4b7e0d1d35a9753b04f65aa7e909da8c5eb9076235b69acb1d791f,12008022,1693316462000000000,300
TT/ts-auth-service_loss/5,TT,ts-auth-service,loss,5,300,300,point,0.1,3,0.1,median_shift,30,0.03333333333333333,0.0,0.42028985507246375,0,0,0,70,265.3791000484489,ts-assurance-mongo|ts-auth-mongo|ts-config-mongo|ts-consign-mongo|ts-consign-price-mongo,ts-assurance-mongo_container-memory-rss,0.9019565217391304,23,23,0.9008695652173913,0.9030434782608696,23,23,23,0.8938931297709923,baseline-v2-20260723,cd270e7871bd358937d83d9a49829637fa80007d2964084ef229f578e3733bd3,ba75425861a059dafcc477474fc3e4ed1eafdc2b47d6fdd0557337035d29a960,8256e3f6db4b7e0d1d35a9753b04f65aa7e909da8c5eb9076235b69acb1d791f,12008022,1693316462000000000,300
TT/ts-auth-service_loss/5,TT,ts-auth-service,loss,5,300,300,point,0.1,3,0.1,nsigma,6,0.16666666666666666,0.0,0.07246376811594203,0,0,0,70,917.908700008411,ts-order-other-service|ts|ts-rebook-service|ts-contacts-service|ts-travel2-service,ts-order-other-service_istio-latency-99,0.9019565217391304,23,23,0.9008695652173913,0.9030434782608696,23,23,23,0.8938931297709923,baseline-v2-20260723,cd270e7871bd358937d83d9a49829637fa80007d2964084ef229f578e3733bd3,ba75425861a059dafcc477474fc3e4ed1eafdc2b47d6fdd0557337035d29a960,8256e3f6db4b7e0d1d35a9753b04f65aa7e909da8c5eb9076235b69acb1d791f,12008022,1693316462000000000,300
TT/ts-auth-service_loss/5,TT,ts-auth-service,loss,5,300,300,point,0.1,4,0.1,baro,24,0.041666666666666664,0.0,0.3333333333333333,0,0,0,70,1173.286899982486,ts-food-map-service|ts-food-mongo|ts-user-mongo|ts-assurance-mongo|ts-contacts-mongo,ts-food-map-service_container-memory-rss,0.8991304347826087,23,23,0.902463768115942,0.8957971014492754,23,23,23,0.8938931297709923,baseline-v2-20260723,cd270e7871bd358937d83d9a49829637fa80007d2964084ef229f578e3733bd3,ba75425861a059dafcc477474fc3e4ed1eafdc2b47d6fdd0557337035d29a960,8256e3f6db4b7e0d1d35a9753b04f65aa7e909da8c5eb9076235b69acb1d791f,12008022,1693316462000000000,300
TT/ts-auth-service_loss/5,TT,ts-auth-service,loss,5,300,300,point,0.1,4,0.1,median_shift,29,0.034482758620689655,0.0,0.4057971014492754,0,0,0,70,234.09769998397678,ts-assurance-mongo|ts-auth-mongo|ts-config-mongo|ts-consign-mongo|ts-consign-price-mongo,ts-assurance-mongo_container-memory-rss,0.8991304347826087,23,23,0.902463768115942,0.8957971014492754,23,23,23,0.8938931297709923,baseline-v2-20260723,cd270e7871bd358937d83d9a49829637fa80007d2964084ef229f578e3733bd3,ba75425861a059dafcc477474fc3e4ed1eafdc2b47d6fdd0557337035d29a960,8256e3f6db4b7e0d1d35a9753b04f65aa7e909da8c5eb9076235b69acb1d791f,12008022,1693316462000000000,300
TT/ts-auth-service_loss/5,TT,ts-auth-service,loss,5,300,300,point,0.1,4,0.1,nsigma,4,0.25,0.4,0.043478260869565216,0,0,1,70,761.410299979616,ts-order-other-service|ts|ts-rebook-service|ts-auth-service|ts-contacts-service,ts-order-other-service_istio-latency-99,0.8991304347826087,23,23,0.902463768115942,0.8957971014492754,23,23,23,0.8938931297709923,baseline-v2-20260723,cd270e7871bd358937d83d9a49829637fa80007d2964084ef229f578e3733bd3,ba75425861a059dafcc477474fc3e4ed1eafdc2b47d6fdd0557337035d29a960,8256e3f6db4b7e0d1d35a9753b04f65aa7e909da8c5eb9076235b69acb1d791f,12008022,1693316462000000000,300
TT/ts-auth-service_loss/5,TT,ts-auth-service,loss,5,300,300,point,0.1,5,0.1,baro,23,0.043478260869565216,0.0,0.3188405797101449,0,0,0,70,942.7748000016436,ts-food-map-service|ts-food-mongo|ts-user-mongo|ts-assurance-mongo|ts-contacts-mongo,ts-food-map-service_container-memory-rss,0.9028985507246376,23,23,0.8995652173913044,0.9062318840579711,23,23,23,0.8938931297709923,baseline-v2-20260723,cd270e7871bd358937d83d9a49829637fa80007d2964084ef229f578e3733bd3,ba75425861a059dafcc477474fc3e4ed1eafdc2b47d6fdd0557337035d29a960,8256e3f6db4b7e0d1d35a9753b04f65aa7e909da8c5eb9076235b69acb1d791f,12008022,1693316462000000000,300
TT/ts-auth-service_loss/5,TT,ts-auth-service,loss,5,300,300,point,0.1,5,0.1,median_shift,29,0.034482758620689655,0.0,0.4057971014492754,0,0,0,70,262.85430003190413,ts-assurance-mongo|ts-auth-mongo|ts-config-mongo|ts-consign-mongo|ts-consign-price-mongo,ts-assurance-mongo_container-memory-rss,0.9028985507246376,23,23,0.8995652173913044,0.9062318840579711,23,23,23,0.8938931297709923,baseline-v2-20260723,cd270e7871bd358937d83d9a49829637fa80007d2964084ef229f578e3733bd3,ba75425861a059dafcc477474fc3e4ed1eafdc2b47d6fdd0557337035d29a960,8256e3f6db4b7e0d1d35a9753b04f65aa7e909da8c5eb9076235b69acb1d791f,12008022,1693316462000000000,300
TT/ts-auth-service_loss/5,TT,ts-auth-service,loss,5,300,300,point,0.1,5,0.1,nsigma,6,0.16666666666666666,0.0,0.07246376811594203,0,0,0,70,771.0891999886371,ts-order-other-service|ts|ts-rebook-service|ts-contacts-service|ts-travel2-service,ts-order-other-service_istio-latency-99,0.9028985507246376,23,23,0.8995652173913044,0.9062318840579711,23,23,23,0.8938931297709923,baseline-v2-20260723,cd270e7871bd358937d83d9a49829637fa80007d2964084ef229f578e3733bd3,ba75425861a059dafcc477474fc3e4ed1eafdc2b47d6fdd0557337035d29a960,8256e3f6db4b7e0d1d35a9753b04f65aa7e909da8c5eb9076235b69acb1d791f,12008022,1693316462000000000,300
TT/ts-auth-service_loss/5,TT,ts-auth-service,loss,5,300,300,point,0.1,6,0.1,baro,24,0.041666666666666664,0.0,0.3333333333333333,0,0,0,70,1845.0482000480406,ts-food-map-service|ts-food-mongo|ts-user-mongo|ts-assurance-mongo|ts-contacts-mongo,ts-food-map-service_container-memory-rss,0.9010869565217391,23,23,0.9011594202898551,0.9010144927536232,23,23,23,0.8938931297709923,baseline-v2-20260723,cd270e7871bd358937d83d9a49829637fa80007d2964084ef229f578e3733bd3,ba75425861a059dafcc477474fc3e4ed1eafdc2b47d6fdd0557337035d29a960,8256e3f6db4b7e0d1d35a9753b04f65aa7e909da8c5eb9076235b69acb1d791f,12008022,1693316462000000000,300
TT/ts-auth-service_loss/5,TT,ts-auth-service,loss,5,300,300,point,0.1,6,0.1,median_shift,28,0.03571428571428571,0.0,0.391304347826087,0,0,0,70,624.9332000152208,ts-assurance-mongo|ts-auth-mongo|ts-config-mongo|ts-consign-mongo|ts-consign-price-mongo,ts-assurance-mongo_container-memory-rss,0.9010869565217391,23,23,0.9011594202898551,0.9010144927536232,23,23,23,0.8938931297709923,baseline-v2-20260723,cd270e7871bd358937d83d9a49829637fa80007d2964084ef229f578e3733bd3,ba75425861a059dafcc477474fc3e4ed1eafdc2b47d6fdd0557337035d29a960,8256e3f6db4b7e0d1d35a9753b04f65aa7e909da8c5eb9076235b69acb1d791f,12008022,1693316462000000000,300
TT/ts-auth-service_loss/5,TT,ts-auth-service,loss,5,300,300,point,0.1,6,0.1,nsigma,6,0.16666666666666666,0.0,0.07246376811594203,0,0,0,70,1030.358400021214,ts-order-other-service|ts|ts-rebook-service|ts-contacts-service|ts-travel2-service,ts-order-other-service_istio-latency-99,0.9010869565217391,23,23,0.9011594202898551,0.9010144927536232,23,23,23,0.8938931297709923,baseline-v2-20260723,cd270e7871bd358937d83d9a49829637fa80007d2964084ef229f578e3733bd3,ba75425861a059dafcc477474fc3e4ed1eafdc2b47d6fdd0557337035d29a960,8256e3f6db4b7e0d1d35a9753b04f65aa7e909da8c5eb9076235b69acb1d791f,12008022,1693316462000000000,300
TT/ts-auth-service_loss/5,TT,ts-auth-service,loss,5,300,300,point,0.1,7,0.1,baro,24,0.041666666666666664,0.0,0.3333333333333333,0,0,0,70,1976.2664000154473,ts-food-map-service|ts-food-mongo|ts-user-mongo|ts-assurance-mongo|ts-contacts-mongo,ts-food-map-service_container-memory-rss,0.9042028985507247,23,23,0.9005797101449275,0.9078260869565218,23,23,23,0.8938931297709923,baseline-v2-20260723,cd270e7871bd358937d83d9a49829637fa80007d2964084ef229f578e3733bd3,ba75425861a059dafcc477474fc3e4ed1eafdc2b47d6fdd0557337035d29a960,8256e3f6db4b7e0d1d35a9753b04f65aa7e909da8c5eb9076235b69acb1d791f,12008022,1693316462000000000,300
TT/ts-auth-service_loss/5,TT,ts-auth-service,loss,5,300,300,point,0.1,7,0.1,median_shift,30,0.03333333333333333,0.0,0.42028985507246375,0,0,0,70,646.9194000237621,ts-assurance-mongo|ts-auth-mongo|ts-config-mongo|ts-consign-mongo|ts-consign-price-mongo,ts-assurance-mongo_container-memory-rss,0.9042028985507247,23,23,0.9005797101449275,0.9078260869565218,23,23,23,0.8938931297709923,baseline-v2-20260723,cd270e7871bd358937d83d9a49829637fa80007d2964084ef229f578e3733bd3,ba75425861a059dafcc477474fc3e4ed1eafdc2b47d6fdd0557337035d29a960,8256e3f6db4b7e0d1d35a9753b04f65aa7e909da8c5eb9076235b69acb1d791f,12008022,1693316462000000000,300
TT/ts-auth-service_loss/5,TT,ts-auth-service,loss,5,300,300,point,0.1,7,0.1,nsigma,6,0.16666666666666666,0.0,0.07246376811594203,0,0,0,70,1563.7669000425376,ts-order-other-service|ts|ts-rebook-service|ts-contacts-service|ts-travel2-service,ts-order-other-service_istio-latency-99,0.9042028985507247,23,23,0.9005797101449275,0.9078260869565218,23,23,23,0.8938931297709923,baseline-v2-20260723,cd270e7871bd358937d83d9a49829637fa80007d2964084ef229f578e3733bd3,ba75425861a059dafcc477474fc3e4ed1eafdc2b47d6fdd0557337035d29a960,8256e3f6db4b7e0d1d35a9753b04f65aa7e909da8c5eb9076235b69acb1d791f,12008022,1693316462000000000,300
TT/ts-auth-service_loss/5,TT,ts-auth-service,loss,5,300,300,point,0.1,8,0.1,baro,25,0.04,0.0,0.34782608695652173,0,0,0,70,1695.7185000064783,ts-food-map-service|ts-food-mongo|ts-user-mongo|ts-assurance-mongo|ts-contacts-mongo,ts-food-map-service_container-memory-rss,0.8989855072463768,23,23,0.9027536231884058,0.8952173913043479,23,23,23,0.8938931297709923,baseline-v2-20260723,cd270e7871bd358937d83d9a49829637fa80007d2964084ef229f578e3733bd3,ba75425861a059dafcc477474fc3e4ed1eafdc2b47d6fdd0557337035d29a960,8256e3f6db4b7e0d1d35a9753b04f65aa7e909da8c5eb9076235b69acb1d791f,12008022,1693316462000000000,300
TT/ts-auth-service_loss/5,TT,ts-auth-service,loss,5,300,300,point,0.1,8,0.1,median_shift,29,0.034482758620689655,0.0,0.4057971014492754,0,0,0,70,680.6749000097625,ts-assurance-mongo|ts-auth-mongo|ts-config-mongo|ts-consign-mongo|ts-consign-price-mongo,ts-assurance-mongo_container-memory-rss,0.8989855072463768,23,23,0.9027536231884058,0.8952173913043479,23,23,23,0.8938931297709923,baseline-v2-20260723,cd270e7871bd358937d83d9a49829637fa80007d2964084ef229f578e3733bd3,ba75425861a059dafcc477474fc3e4ed1eafdc2b47d6fdd0557337035d29a960,8256e3f6db4b7e0d1d35a9753b04f65aa7e909da8c5eb9076235b69acb1d791f,12008022,1693316462000000000,300
TT/ts-auth-service_loss/5,TT,ts-auth-service,loss,5,300,300,point,0.1,8,0.1,nsigma,4,0.25,0.4,0.043478260869565216,0,0,1,70,1638.9492000453174,ts-order-other-service|ts|ts-rebook-service|ts-auth-service|ts-contacts-service,ts-order-other-service_istio-latency-99,0.8989855072463768,23,23,0.9027536231884058,0.8952173913043479,23,23,23,0.8938931297709923,baseline-v2-20260723,cd270e7871bd358937d83d9a49829637fa80007d2964084ef229f578e3733bd3,ba75425861a059dafcc477474fc3e4ed1eafdc2b47d6fdd0557337035d29a960,8256e3f6db4b7e0d1d35a9753b04f65aa7e909da8c5eb9076235b69acb1d791f,12008022,1693316462000000000,300
TT/ts-auth-service_loss/5,TT,ts-auth-service,loss,5,300,300,point,0.1,9,0.1,baro,24,0.041666666666666664,0.0,0.3333333333333333,0,0,0,70,2117.961700016167,ts-food-map-service|ts-food-mongo|ts-user-mongo|ts-assurance-mongo|ts-contacts-mongo,ts-food-map-service_container-memory-rss,0.9014492753623189,23,23,0.9031884057971015,0.8997101449275362,23,23,23,0.8938931297709923,baseline-v2-20260723,cd270e7871bd358937d83d9a49829637fa80007d2964084ef229f578e3733bd3,ba75425861a059dafcc477474fc3e4ed1eafdc2b47d6fdd0557337035d29a960,8256e3f6db4b7e0d1d35a9753b04f65aa7e909da8c5eb9076235b69acb1d791f,12008022,1693316462000000000,300
TT/ts-auth-service_loss/5,TT,ts-auth-service,loss,5,300,300,point,0.1,9,0.1,median_shift,29,0.034482758620689655,0.0,0.4057971014492754,0,0,0,70,655.7866000221111,ts-assurance-mongo|ts-auth-mongo|ts-config-mongo|ts-consign-mongo|ts-consign-price-mongo,ts-assurance-mongo_container-memory-rss,0.9014492753623189,23,23,0.9031884057971015,0.8997101449275362,23,23,23,0.8938931297709923,baseline-v2-20260723,cd270e7871bd358937d83d9a49829637fa80007d2964084ef229f578e3733bd3,ba75425861a059dafcc477474fc3e4ed1eafdc2b47d6fdd0557337035d29a960,8256e3f6db4b7e0d1d35a9753b04f65aa7e909da8c5eb9076235b69acb1d791f,12008022,1693316462000000000,300
TT/ts-auth-service_loss/5,TT,ts-auth-service,loss,5,300,300,point,0.1,9,0.1,nsigma,6,0.16666666666666666,0.0,0.07246376811594203,0,0,0,70,1740.884399972856,ts-order-other-service|ts|ts-rebook-service|ts-contacts-service|ts-travel2-service,ts-order-other-service_istio-latency-99,0.9014492753623189,23,23,0.9031884057971015,0.8997101449275362,23,23,23,0.8938931297709923,baseline-v2-20260723,cd270e7871bd358937d83d9a49829637fa80007d2964084ef229f578e3733bd3,ba75425861a059dafcc477474fc3e4ed1eafdc2b47d6fdd0557337035d29a960,8256e3f6db4b7e0d1d35a9753b04f65aa7e909da8c5eb9076235b69acb1d791f,12008022,1693316462000000000,300
TT/ts-auth-service_loss/5,TT,ts-auth-service,loss,5,300,300,point,0.3,0,0.3,baro,23,0.043478260869565216,0.0,0.3188405797101449,0,0,0,70,2001.1046000290662,ts-food-map-service|ts-food-mongo|ts-assurance-mongo|ts-contacts-mongo|ts-payment-mongo,ts-food-map-service_container-memory-rss,0.7033333333333334,23,23,0.7007246376811594,0.7059420289855073,23,23,23,0.6952502120441052,baseline-v2-20260723,cd270e7871bd358937d83d9a49829637fa80007d2964084ef229f578e3733bd3,ba75425861a059dafcc477474fc3e4ed1eafdc2b47d6fdd0557337035d29a960,8256e3f6db4b7e0d1d35a9753b04f65aa7e909da8c5eb9076235b69acb1d791f,12008022,1693316462000000000,300
TT/ts-auth-service_loss/5,TT,ts-auth-service,loss,5,300,300,point,0.3,0,0.3,median_shift,30,0.03333333333333333,0.0,0.42028985507246375,0,0,0,70,649.2603999795392,ts-assurance-mongo|ts-auth-mongo|ts-config-mongo|ts-consign-mongo|ts-consign-price-mongo,ts-assurance-mongo_container-memory-rss,0.7033333333333334,23,23,0.7007246376811594,0.7059420289855073,23,23,23,0.6952502120441052,baseline-v2-20260723,cd270e7871bd358937d83d9a49829637fa80007d2964084ef229f578e3733bd3,ba75425861a059dafcc477474fc3e4ed1eafdc2b47d6fdd0557337035d29a960,8256e3f6db4b7e0d1d35a9753b04f65aa7e909da8c5eb9076235b69acb1d791f,12008022,1693316462000000000,300
TT/ts-auth-service_loss/5,TT,ts-auth-service,loss,5,300,300,point,0.3,0,0.3,nsigma,6,0.16666666666666666,0.0,0.07246376811594203,0,0,0,70,1680.1646999665536,ts-order-other-service|ts|ts-rebook-service|ts-contacts-service|ts-travel2-service,ts-order-other-service_istio-latency-99,0.7033333333333334,23,23,0.7007246376811594,0.7059420289855073,23,23,23,0.6952502120441052,baseline-v2-20260723,cd270e7871bd358937d83d9a49829637fa80007d2964084ef229f578e3733bd3,ba75425861a059dafcc477474fc3e4ed1eafdc2b47d6fdd0557337035d29a960,8256e3f6db4b7e0d1d35a9753b04f65aa7e909da8c5eb9076235b69acb1d791f,12008022,1693316462000000000,300
TT/ts-auth-service_loss/5,TT,ts-auth-service,loss,5,300,300,point,0.3,1,0.3,baro,23,0.043478260869565216,0.0,0.3188405797101449,0,0,0,70,2132.912100001704,ts-food-map-service|ts-food-mongo|ts-user-mongo|ts-assurance-mongo|ts-contacts-mongo,ts-food-map-service_container-memory-rss,0.696231884057971,23,23,0.696376811594203,0.6960869565217391,23,23,23,0.6952502120441052,baseline-v2-20260723,cd270e7871bd358937d83d9a49829637fa80007d2964084ef229f578e3733bd3,ba75425861a059dafcc477474fc3e4ed1eafdc2b47d6fdd0557337035d29a960,8256e3f6db4b7e0d1d35a9753b04f65aa7e909da8c5eb9076235b69acb1d791f,12008022,1693316462000000000,300
TT/ts-auth-service_loss/5,TT,ts-auth-service,loss,5,300,300,point,0.3,1,0.3,median_shift,30,0.03333333333333333,0.0,0.42028985507246375,0,0,0,70,679.693199985195,ts-assurance-mongo|ts-auth-mongo|ts-config-mongo|ts-consign-mongo|ts-consign-price-mongo,ts-assurance-mongo_container-memory-rss,0.696231884057971,23,23,0.696376811594203,0.6960869565217391,23,23,23,0.6952502120441052,baseline-v2-20260723,cd270e7871bd358937d83d9a49829637fa80007d2964084ef229f578e3733bd3,ba75425861a059dafcc477474fc3e4ed1eafdc2b47d6fdd0557337035d29a960,8256e3f6db4b7e0d1d35a9753b04f65aa7e909da8c5eb9076235b69acb1d791f,12008022,1693316462000000000,300
TT/ts-auth-service_loss/5,TT,ts-auth-service,loss,5,300,300,point,0.3,1,0.3,nsigma,5,0.2,0.2,0.057971014492753624,0,0,1,70,1699.7909999918193,ts-order-other-service|ts|ts-rebook-service|ts-travel2-service|ts-auth-service,ts-order-other-service_istio-latency-99,0.696231884057971,23,23,0.696376811594203,0.6960869565217391,23,23,23,0.6952502120441052,baseline-v2-20260723,cd270e7871bd358937d83d9a49829637fa80007d2964084ef229f578e3733bd3,ba75425861a059dafcc477474fc3e4ed1eafdc2b47d6fdd0557337035d29a960,8256e3f6db4b7e0d1d35a9753b04f65aa7e909da8c5eb9076235b69acb1d791f,12008022,1693316462000000000,300
TT/ts-auth-service_loss/5,TT,ts-auth-service,loss,5,300,300,point,0.3,2,0.3,baro,23,0.043478260869565216,0.0,0.3188405797101449,0,0,0,70,2082.673299999442,ts-food-map-service|ts-food-mongo|ts-user-mongo|ts-assurance-mongo|ts-contacts-mongo,ts-food-map-service_container-memory-rss,0.702391304347826,23,23,0.7020289855072464,0.7027536231884058,23,23,23,0.6952502120441052,baseline-v2-20260723,cd270e7871bd358937d83d9a49829637fa80007d2964084ef229f578e3733bd3,ba75425861a059dafcc477474fc3e4ed1eafdc2b47d6fdd0557337035d29a960,8256e3f6db4b7e0d1d35a9753b04f65aa7e909da8c5eb9076235b69acb1d791f,12008022,1693316462000000000,300
TT/ts-auth-service_loss/5,TT,ts-auth-service,loss,5,300,300,point,0.3,2,0.3,median_shift,29,0.034482758620689655,0.0,0.4057971014492754,0,0,0,70,665.8305000164546,ts-assurance-mongo|ts-auth-mongo|ts-config-mongo|ts-consign-mongo|ts-consign-price-mongo,ts-assurance-mongo_container-memory-rss,0.702391304347826,23,23,0.7020289855072464,0.7027536231884058,23,23,23,0.6952502120441052,baseline-v2-20260723,cd270e7871bd358937d83d9a49829637fa80007d2964084ef229f578e3733bd3,ba75425861a059dafcc477474fc3e4ed1eafdc2b47d6fdd0557337035d29a960,8256e3f6db4b7e0d1d35a9753b04f65aa7e909da8c5eb9076235b69acb1d791f,12008022,1693316462000000000,300
TT/ts-auth-service_loss/5,TT,ts-auth-service,loss,5,300,300,point,0.3,2,0.3,nsigma,3,0.3333333333333333,0.6,0.028985507246376812,0,1,1,70,1678.49349998869,ts-order-other-service|ts|ts-auth-service|ts-rebook-service|ts-cancel-service,ts-order-other-service_istio-latency-99,0.702391304347826,23,23,0.7020289855072464,0.7027536231884058,23,23,23,0.6952502120441052,baseline-v2-20260723,cd270e7871bd358937d83d9a49829637fa80007d2964084ef229f578e3733bd3,ba75425861a059dafcc477474fc3e4ed1eafdc2b47d6fdd0557337035d29a960,8256e3f6db4b7e0d1d35a9753b04f65aa7e909da8c5eb9076235b69acb1d791f,12008022,1693316462000000000,300
TT/ts-auth-service_loss/5,TT,ts-auth-service,loss,5,300,300,point,0.3,3,0.3,baro,24,0.041666666666666664,0.0,0.3333333333333333,0,0,0,70,2359.5746000064537,ts-food-map-service|ts-food-mongo|ts-user-mongo|ts-assurance-mongo|ts-contacts-mongo,ts-food-map-service_container-memory-rss,0.706231884057971,23,23,0.7076811594202899,0.7047826086956521,23,23,23,0.6952502120441052,baseline-v2-20260723,cd270e7871bd358937d83d9a49829637fa80007d2964084ef229f578e3733bd3,ba75425861a059dafcc477474fc3e4ed1eafdc2b47d6fdd0557337035d29a960,8256e3f6db4b7e0d1d35a9753b04f65aa7e909da8c5eb9076235b69acb1d791f,12008022,1693316462000000000,300
TT/ts-auth-service_loss/5,TT,ts-auth-service,loss,5,300,300,point,0.3,3,0.3,median_shift,29,0.034482758620689655,0.0,0.4057971014492754,0,0,0,70,619.66999998549,ts-assurance-mongo|ts-auth-mongo|ts-config-mongo|ts-consign-mongo|ts-contacts-mongo,ts-assurance-mongo_container-memory-rss,0.706231884057971,23,23,0.7076811594202899,0.7047826086956521,23,23,23,0.6952502120441052,baseline-v2-20260723,cd270e7871bd358937d83d9a49829637fa80007d2964084ef229f578e3733bd3,ba75425861a059dafcc477474fc3e4ed1eafdc2b47d6fdd0557337035d29a960,8256e3f6db4b7e0d1d35a9753b04f65aa7e909da8c5eb9076235b69acb1d791f,12008022,1693316462000000000,300
TT/ts-auth-service_loss/5,TT,ts-auth-service,loss,5,300,300,point,0.3,3,0.3,nsigma,4,0.25,0.4,0.043478260869565216,0,0,1,70,1893.479300022591,ts-order-other-service|ts|ts-rebook-service|ts-auth-service|ts-cancel-service,ts-order-other-service_istio-latency-99,0.706231884057971,23,23,0.7076811594202899,0.7047826086956521,23,23,23,0.6952502120441052,baseline-v2-20260723,cd270e7871bd358937d83d9a49829637fa80007d2964084ef229f578e3733bd3,ba75425861a059dafcc477474fc3e4ed1eafdc2b47d6fdd0557337035d29a960,8256e3f6db4b7e0d1d35a9753b04f65aa7e909da8c5eb9076235b69acb1d791f,12008022,1693316462000000000,300
TT/ts-auth-service_loss/5,TT,ts-auth-service,loss,5,300,300,point,0.3,4,0.3,baro,25,0.04,0.0,0.34782608695652173,0,0,0,70,1909.3783000134863,ts-food-map-service|ts-food-mongo|ts-user-mongo|ts-assurance-mongo|ts-contacts-mongo,ts-food-map-service_container-memory-rss,0.6978260869565217,23,23,0.6968115942028985,0.6988405797101449,23,23,23,0.6952502120441052,baseline-v2-20260723,cd270e7871bd358937d83d9a49829637fa80007d2964084ef229f578e3733bd3,ba75425861a059dafcc477474fc3e4ed1eafdc2b47d6fdd0557337035d29a960,8256e3f6db4b7e0d1d35a9753b04f65aa7e909da8c5eb9076235b69acb1d791f,12008022,1693316462000000000,300
TT/ts-auth-service_loss/5,TT,ts-auth-service,loss,5,300,300,point,0.3,4,0.3,median_shift,28,0.03571428571428571,0.0,0.391304347826087,0,0,0,70,657.9107000143267,ts-assurance-mongo|ts-auth-mongo|ts-config-mongo|ts-consign-mongo|ts-contacts-mongo,ts-assurance-mongo_container-memory-rss,0.6978260869565217,23,23,0.6968115942028985,0.6988405797101449,23,23,23,0.6952502120441052,baseline-v2-20260723,cd270e7871bd358937d83d9a49829637fa80007d2964084ef229f578e3733bd3,ba75425861a059dafcc477474fc3e4ed1eafdc2b47d6fdd0557337035d29a960,8256e3f6db4b7e0d1d35a9753b04f65aa7e909da8c5eb9076235b69acb1d791f,12008022,1693316462000000000,300
TT/ts-auth-service_loss/5,TT,ts-auth-service,loss,5,300,300,point,0.3,4,0.3,nsigma,5,0.2,0.2,0.057971014492753624,0,0,1,70,1577.8991999686696,ts-order-other-service|ts|ts-rebook-service|ts-contacts-service|ts-auth-service,ts-order-other-service_istio-latency-99,0.6978260869565217,23,23,0.6968115942028985,0.6988405797101449,23,23,23,0.6952502120441052,baseline-v2-20260723,cd270e7871bd358937d83d9a49829637fa80007d2964084ef229f578e3733bd3,ba75425861a059dafcc477474fc3e4ed1eafdc2b47d6fdd0557337035d29a960,8256e3f6db4b7e0d1d35a9753b04f65aa7e909da8c5eb9076235b69acb1d791f,12008022,1693316462000000000,300
TT/ts-auth-service_loss/5,TT,ts-auth-service,loss,5,300,300,point,0.3,5,0.3,baro,21,0.047619047619047616,0.0,0.2898550724637681,0,0,0,70,1983.8861000025645,ts-food-map-service|ts-food-mongo|ts-user-mongo|ts-assurance-mongo|ts-contacts-mongo,ts-food-map-service_container-memory-rss,0.698695652173913,23,23,0.7056521739130435,0.6917391304347826,23,23,23,0.6952502120441052,baseline-v2-20260723,cd270e7871bd358937d83d9a49829637fa80007d2964084ef229f578e3733bd3,ba75425861a059dafcc477474fc3e4ed1eafdc2b47d6fdd0557337035d29a960,8256e3f6db4b7e0d1d35a9753b04f65aa7e909da8c5eb9076235b69acb1d791f,12008022,1693316462000000000,300
TT/ts-auth-service_loss/5,TT,ts-auth-service,loss,5,300,300,point,0.3,5,0.3,median_shift,30,0.03333333333333333,0.0,0.42028985507246375,0,0,0,70,592.111699981615,ts-assurance-mongo|ts-auth-mongo|ts-config-mongo|ts-consign-mongo|ts-consign-price-mongo,ts-assurance-mongo_container-memory-rss,0.698695652173913,23,23,0.7056521739130435,0.6917391304347826,23,23,23,0.6952502120441052,baseline-v2-20260723,cd270e7871bd358937d83d9a49829637fa80007d2964084ef229f578e3733bd3,ba75425861a059dafcc477474fc3e4ed1eafdc2b47d6fdd0557337035d29a960,8256e3f6db4b7e0d1d35a9753b04f65aa7e909da8c5eb9076235b69acb1d791f,12008022,1693316462000000000,300
TT/ts-auth-service_loss/5,TT,ts-auth-service,loss,5,300,300,point,0.3,5,0.3,nsigma,4,0.25,0.4,0.043478260869565216,0,0,1,70,1633.7579999817535,ts-order-other-service|ts|ts-rebook-service|ts-auth-service|ts-travel2-service,ts-order-other-service_istio-latency-99,0.698695652173913,23,23,0.7056521739130435,0.6917391304347826,23,23,23,0.6952502120441052,baseline-v2-20260723,cd270e7871bd358937d83d9a49829637fa80007d2964084ef229f578e3733bd3,ba75425861a059dafcc477474fc3e4ed1eafdc2b47d6fdd0557337035d29a960,8256e3f6db4b7e0d1d35a9753b04f65aa7e909da8c5eb9076235b69acb1d791f,12008022,1693316462000000000,300
TT/ts-auth-service_loss/5,TT,ts-auth-service,loss,5,300,300,point,0.3,6,0.3,baro,25,0.04,0.0,0.34782608695652173,0,0,0,70,2038.68609998608,ts-food-map-service|ts-food-mongo|ts-user-mongo|ts-assurance-mongo|ts-contacts-mongo,ts-food-map-service_container-memory-rss,0.7035507246376812,23,23,0.7050724637681159,0.7020289855072464,23,23,23,0.6952502120441052,baseline-v2-20260723,cd270e7871bd358937d83d9a49829637fa80007d2964084ef229f578e3733bd3,ba75425861a059dafcc477474fc3e4ed1eafdc2b47d6fdd0557337035d29a960,8256e3f6db4b7e0d1d35a9753b04f65aa7e909da8c5eb9076235b69acb1d791f,12008022,1693316462000000000,300
TT/ts-auth-service_loss/5,TT,ts-auth-service,loss,5,300,300,point,0.3,6,0.3,median_shift,29,0.034482758620689655,0.0,0.4057971014492754,0,0,0,70,613.1046000518836,ts-assurance-mongo|ts-auth-mongo|ts-config-mongo|ts-consign-mongo|ts-consign-price-mongo,ts-assurance-mongo_container-memory-rss,0.7035507246376812,23,23,0.7050724637681159,0.7020289855072464,23,23,23,0.6952502120441052,baseline-v2-20260723,cd270e7871bd358937d83d9a49829637fa80007d2964084ef229f578e3733bd3,ba75425861a059dafcc477474fc3e4ed1eafdc2b47d6fdd0557337035d29a960,8256e3f6db4b7e0d1d35a9753b04f65aa7e909da8c5eb9076235b69acb1d791f,12008022,1693316462000000000,300
TT/ts-auth-service_loss/5,TT,ts-auth-service,loss,5,300,300,point,0.3,6,0.3,nsigma,3,0.3333333333333333,0.6,0.028985507246376812,0,1,1,70,1621.3694000034593,ts-order-other-service|ts|ts-auth-service|ts-rebook-service|ts-contacts-service,ts-order-other-service_istio-latency-99,0.7035507246376812,23,23,0.7050724637681159,0.7020289855072464,23,23,23,0.6952502120441052,baseline-v2-20260723,cd270e7871bd358937d83d9a49829637fa80007d2964084ef229f578e3733bd3,ba75425861a059dafcc477474fc3e4ed1eafdc2b47d6fdd0557337035d29a960,8256e3f6db4b7e0d1d35a9753b04f65aa7e909da8c5eb9076235b69acb1d791f,12008022,1693316462000000000,300
TT/ts-auth-service_loss/5,TT,ts-auth-service,loss,5,300,300,point,0.3,7,0.3,baro,23,0.043478260869565216,0.0,0.3188405797101449,0,0,0,70,2093.698200013023,ts-food-map-service|ts-food-mongo|ts-user-mongo|ts-assurance-mongo|ts-contacts-mongo,ts-food-map-service_container-memory-rss,0.6989855072463768,23,23,0.6928985507246377,0.7050724637681159,23,23,23,0.6952502120441052,baseline-v2-20260723,cd270e7871bd358937d83d9a49829637fa80007d2964084ef229f578e3733bd3,ba75425861a059dafcc477474fc3e4ed1eafdc2b47d6fdd0557337035d29a960,8256e3f6db4b7e0d1d35a9753b04f65aa7e909da8c5eb9076235b69acb1d791f,12008022,1693316462000000000,300
TT/ts-auth-service_loss/5,TT,ts-auth-service,loss,5,300,300,point,0.3,7,0.3,median_shift,29,0.034482758620689655,0.0,0.4057971014492754,0,0,0,70,756.8511000135913,ts-assurance-mongo|ts-auth-mongo|ts-config-mongo|ts-consign-mongo|ts-consign-price-mongo,ts-assurance-mongo_container-memory-rss,0.6989855072463768,23,23,0.6928985507246377,0.7050724637681159,23,23,23,0.6952502120441052,baseline-v2-20260723,cd270e7871bd358937d83d9a49829637fa80007d2964084ef229f578e3733bd3,ba75425861a059dafcc477474fc3e4ed1eafdc2b47d6fdd0557337035d29a960,8256e3f6db4b7e0d1d35a9753b04f65aa7e909da8c5eb9076235b69acb1d791f,12008022,1693316462000000000,300
TT/ts-auth-service_loss/5,TT,ts-auth-service,loss,5,300,300,point,0.3,7,0.3,nsigma,6,0.16666666666666666,0.0,0.07246376811594203,0,0,0,70,2472.9586000321433,ts-order-other-service|ts|ts-rebook-service|ts-contacts-service|ts-travel2-service,ts-order-other-service_istio-latency-99,0.6989855072463768,23,23,0.6928985507246377,0.7050724637681159,23,23,23,0.6952502120441052,baseline-v2-20260723,cd270e7871bd358937d83d9a49829637fa80007d2964084ef229f578e3733bd3,ba75425861a059dafcc477474fc3e4ed1eafdc2b47d6fdd0557337035d29a960,8256e3f6db4b7e0d1d35a9753b04f65aa7e909da8c5eb9076235b69acb1d791f,12008022,1693316462000000000,300
TT/ts-auth-service_loss/5,TT,ts-auth-service,loss,5,300,300,point,0.3,8,0.3,baro,22,0.045454545454545456,0.0,0.30434782608695654,0,0,0,70,2271.178599970881,ts-food-map-service|ts-food-mongo|ts-user-mongo|ts-assurance-mongo|ts-contacts-mongo,ts-food-map-service_container-memory-rss,0.6966666666666667,23,23,0.6988405797101449,0.6944927536231884,23,23,23,0.6952502120441052,baseline-v2-20260723,cd270e7871bd358937d83d9a49829637fa80007d2964084ef229f578e3733bd3,ba75425861a059dafcc477474fc3e4ed1eafdc2b47d6fdd0557337035d29a960,8256e3f6db4b7e0d1d35a9753b04f65aa7e909da8c5eb9076235b69acb1d791f,12008022,1693316462000000000,300
TT/ts-auth-service_loss/5,TT,ts-auth-service,loss,5,300,300,point,0.3,8,0.3,median_shift,30,0.03333333333333333,0.0,0.42028985507246375,0,0,0,70,822.4211999913678,ts-assurance-mongo|ts-auth-mongo|ts-config-mongo|ts-consign-mongo|ts-consign-price-mongo,ts-assurance-mongo_container-memory-rss,0.6966666666666667,23,23,0.6988405797101449,0.6944927536231884,23,23,23,0.6952502120441052,baseline-v2-20260723,cd270e7871bd358937d83d9a49829637fa80007d2964084ef229f578e3733bd3,ba75425861a059dafcc477474fc3e4ed1eafdc2b47d6fdd0557337035d29a960,8256e3f6db4b7e0d1d35a9753b04f65aa7e909da8c5eb9076235b69acb1d791f,12008022,1693316462000000000,300
TT/ts-auth-service_loss/5,TT,ts-auth-service,loss,5,300,300,point,0.3,8,0.3,nsigma,3,0.3333333333333333,0.6,0.028985507246376812,0,1,1,70,2159.525000024587,ts-order-other-service|ts|ts-auth-service|ts-rebook-service|ts-contacts-service,ts-order-other-service_istio-latency-99,0.6966666666666667,23,23,0.6988405797101449,0.6944927536231884,23,23,23,0.6952502120441052,baseline-v2-20260723,cd270e7871bd358937d83d9a49829637fa80007d2964084ef229f578e3733bd3,ba75425861a059dafcc477474fc3e4ed1eafdc2b47d6fdd0557337035d29a960,8256e3f6db4b7e0d1d35a9753b04f65aa7e909da8c5eb9076235b69acb1d791f,12008022,1693316462000000000,300
TT/ts-auth-service_loss/5,TT,ts-auth-service,loss,5,300,300,point,0.3,9,0.3,baro,25,0.04,0.0,0.34782608695652173,0,0,0,70,2117.1185999992304,ts-food-map-service|ts-food-mongo|ts-user-mongo|ts-assurance-mongo|ts-contacts-mongo,ts-food-map-service_container-memory-rss,0.703768115942029,23,23,0.6997101449275362,0.7078260869565217,23,23,23,0.6952502120441052,baseline-v2-20260723,cd270e7871bd358937d83d9a49829637fa80007d2964084ef229f578e3733bd3,ba75425861a059dafcc477474fc3e4ed1eafdc2b47d6fdd0557337035d29a960,8256e3f6db4b7e0d1d35a9753b04f65aa7e909da8c5eb9076235b69acb1d791f,12008022,1693316462000000000,300
TT/ts-auth-service_loss/5,TT,ts-auth-service,loss,5,300,300,point,0.3,9,0.3,median_shift,30,0.03333333333333333,0.0,0.42028985507246375,0,0,0,70,852.0433999947272,ts-assurance-mongo|ts-auth-mongo|ts-config-mongo|ts-consign-mongo|ts-consign-price-service,ts-assurance-mongo_container-memory-rss,0.703768115942029,23,23,0.6997101449275362,0.7078260869565217,23,23,23,0.6952502120441052,baseline-v2-20260723,cd270e7871bd358937d83d9a49829637fa80007d2964084ef229f578e3733bd3,ba75425861a059dafcc477474fc3e4ed1eafdc2b47d6fdd0557337035d29a960,8256e3f6db4b7e0d1d35a9753b04f65aa7e909da8c5eb9076235b69acb1d791f,12008022,1693316462000000000,300
TT/ts-auth-service_loss/5,TT,ts-auth-service,loss,5,300,300,point,0.3,9,0.3,nsigma,4,0.25,0.4,0.043478260869565216,0,0,1,70,1674.6591000119224,ts-order-other-service|ts|ts-rebook-service|ts-auth-service|ts-contacts-service,ts-order-other-service_istio-latency-99,0.703768115942029,23,23,0.6997101449275362,0.7078260869565217,23,23,23,0.6952502120441052,baseline-v2-20260723,cd270e7871bd358937d83d9a49829637fa80007d2964084ef229f578e3733bd3,ba75425861a059dafcc477474fc3e4ed1eafdc2b47d6fdd0557337035d29a960,8256e3f6db4b7e0d1d35a9753b04f65aa7e909da8c5eb9076235b69acb1d791f,12008022,1693316462000000000,300
TT/ts-auth-service_loss/5,TT,ts-auth-service,loss,5,300,300,point,0.5,0,0.5,baro,22,0.045454545454545456,0.0,0.30434782608695654,0,0,0,70,2216.932100011036,ts-food-map-service|ts-food-mongo|ts-user-mongo|ts-assurance-mongo|ts-contacts-mongo,ts-food-map-service_container-memory-rss,0.49528985507246376,23,23,0.5026086956521739,0.4879710144927536,23,23,23,0.496607294317218,baseline-v2-20260723,cd270e7871bd358937d83d9a49829637fa80007d2964084ef229f578e3733bd3,ba75425861a059dafcc477474fc3e4ed1eafdc2b47d6fdd0557337035d29a960,8256e3f6db4b7e0d1d35a9753b04f65aa7e909da8c5eb9076235b69acb1d791f,12008022,1693316462000000000,300
TT/ts-auth-service_loss/5,TT,ts-auth-service,loss,5,300,300,point,0.5,0,0.5,median_shift,31,0.03225806451612903,0.0,0.43478260869565216,0,0,0,70,464.1864000004716,ts-assurance-mongo|ts-auth-mongo|ts-config-mongo|ts-consign-mongo|ts-contacts-mongo,ts-assurance-mongo_container-memory-rss,0.49528985507246376,23,23,0.5026086956521739,0.4879710144927536,23,23,23,0.496607294317218,baseline-v2-20260723,cd270e7871bd358937d83d9a49829637fa80007d2964084ef229f578e3733bd3,ba75425861a059dafcc477474fc3e4ed1eafdc2b47d6fdd0557337035d29a960,8256e3f6db4b7e0d1d35a9753b04f65aa7e909da8c5eb9076235b69acb1d791f,12008022,1693316462000000000,300
TT/ts-auth-service_loss/5,TT,ts-auth-service,loss,5,300,300,point,0.5,0,0.5,nsigma,2,0.5,0.8,0.014492753623188406,0,1,1,70,1657.2027999791317,ts-order-other-service|ts-auth-service|ts|ts-contacts-service|ts-rebook-service,ts-order-other-service_istio-latency-99,0.49528985507246376,23,23,0.5026086956521739,0.4879710144927536,23,23,23,0.496607294317218,baseline-v2-20260723,cd270e7871bd358937d83d9a49829637fa80007d2964084ef229f578e3733bd3,ba75425861a059dafcc477474fc3e4ed1eafdc2b47d6fdd0557337035d29a960,8256e3f6db4b7e0d1d35a9753b04f65aa7e909da8c5eb9076235b69acb1d791f,12008022,1693316462000000000,300
TT/ts-auth-service_loss/5,TT,ts-auth-service,loss,5,300,300,point,0.5,1,0.5,baro,20,0.05,0.0,0.2753623188405797,0,0,0,70,2010.110999981407,ts-food-map-service|ts-food-mongo|ts-user-mongo|ts-assurance-mongo|ts-contacts-mongo,ts-food-map-service_container-memory-rss,0.5,23,23,0.4917391304347826,0.5082608695652174,23,23,23,0.496607294317218,baseline-v2-20260723,cd270e7871bd358937d83d9a49829637fa80007d2964084ef229f578e3733bd3,ba75425861a059dafcc477474fc3e4ed1eafdc2b47d6fdd0557337035d29a960,8256e3f6db4b7e0d1d35a9753b04f65aa7e909da8c5eb9076235b69acb1d791f,12008022,1693316462000000000,300
TT/ts-auth-service_loss/5,TT,ts-auth-service,loss,5,300,300,point,0.5,1,0.5,median_shift,30,0.03333333333333333,0.0,0.42028985507246375,0,0,0,70,457.89289998356253,ts-assurance-mongo|ts-auth-mongo|ts-config-mongo|ts-consign-mongo|ts-consign-price-mongo,ts-assurance-mongo_container-memory-rss,0.5,23,23,0.4917391304347826,0.5082608695652174,23,23,23,0.496607294317218,baseline-v2-20260723,cd270e7871bd358937d83d9a49829637fa80007d2964084ef229f578e3733bd3,ba75425861a059dafcc477474fc3e4ed1eafdc2b47d6fdd0557337035d29a960,8256e3f6db4b7e0d1d35a9753b04f65aa7e909da8c5eb9076235b69acb1d791f,12008022,1693316462000000000,300
TT/ts-auth-service_loss/5,TT,ts-auth-service,loss,5,300,300,point,0.5,1,0.5,nsigma,2,0.5,0.8,0.014492753623188406,0,1,1,70,1227.3677999619395,ts-order-other-service|ts-auth-service|ts|ts-rebook-service|ts-contacts-service,ts-order-other-service_istio-latency-99,0.5,23,23,0.4917391304347826,0.5082608695652174,23,23,23,0.496607294317218,baseline-v2-20260723,cd270e7871bd358937d83d9a49829637fa80007d2964084ef229f578e3733bd3,ba75425861a059dafcc477474fc3e4ed1eafdc2b47d6fdd0557337035d29a960,8256e3f6db4b7e0d1d35a9753b04f65aa7e909da8c5eb9076235b69acb1d791f,12008022,1693316462000000000,300
TT/ts-auth-service_loss/5,TT,ts-auth-service,loss,5,300,300,point,0.5,2,0.5,baro,22,0.045454545454545456,0.0,0.30434782608695654,0,0,0,70,1407.4709999840707,ts-food-map-service|ts-food-mongo|ts-user-mongo|ts-assurance-mongo|ts-contacts-mongo,ts-food-map-service_container-memory-rss,0.5028985507246376,23,23,0.5046376811594203,0.501159420289855,23,23,23,0.496607294317218,baseline-v2-20260723,cd270e7871bd358937d83d9a49829637fa80007d2964084ef229f578e3733bd3,ba75425861a059dafcc477474fc3e4ed1eafdc2b47d6fdd0557337035d29a960,8256e3f6db4b7e0d1d35a9753b04f65aa7e909da8c5eb9076235b69acb1d791f,12008022,1693316462000000000,300
TT/ts-auth-service_loss/5,TT,ts-auth-service,loss,5,300,300,point,0.5,2,0.5,median_shift,30,0.03333333333333333,0.0,0.42028985507246375,0,0,0,70,463.29769998556003,ts-assurance-mongo|ts-auth-mongo|ts-config-mongo|ts-consign-mongo|ts-contacts-mongo,ts-assurance-mongo_container-memory-rss,0.5028985507246376,23,23,0.5046376811594203,0.501159420289855,23,23,23,0.496607294317218,baseline-v2-20260723,cd270e7871bd358937d83d9a49829637fa80007d2964084ef229f578e3733bd3,ba75425861a059dafcc477474fc3e4ed1eafdc2b47d6fdd0557337035d29a960,8256e3f6db4b7e0d1d35a9753b04f65aa7e909da8c5eb9076235b69acb1d791f,12008022,1693316462000000000,300
TT/ts-auth-service_loss/5,TT,ts-auth-service,loss,5,300,300,point,0.5,2,0.5,nsigma,3,0.3333333333333333,0.6,0.028985507246376812,0,1,1,70,992.2559999977238,ts-order-other-service|ts|ts-auth-service|ts-rebook-service|ts-contacts-service,ts-order-other-service_istio-latency-99,0.5028985507246376,23,23,0.5046376811594203,0.501159420289855,23,23,23,0.496607294317218,baseline-v2-20260723,cd270e7871bd358937d83d9a49829637fa80007d2964084ef229f578e3733bd3,ba75425861a059dafcc477474fc3e4ed1eafdc2b47d6fdd0557337035d29a960,8256e3f6db4b7e0d1d35a9753b04f65aa7e909da8c5eb9076235b69acb1d791f,12008022,1693316462000000000,300
TT/ts-auth-service_loss/5,TT,ts-auth-service,loss,5,300,300,point,0.5,3,0.5,baro,25,0.04,0.0,0.34782608695652173,0,0,0,70,1478.9917999878526,ts-food-map-service|ts-food-mongo|ts-user-mongo|ts-assurance-mongo|ts-contacts-mongo,ts-food-map-service_container-memory-rss,0.4986231884057971,23,23,0.5,0.4972463768115942,23,23,23,0.496607294317218,baseline-v2-20260723,cd270e7871bd358937d83d9a49829637fa80007d2964084ef229f578e3733bd3,ba75425861a059dafcc477474fc3e4ed1eafdc2b47d6fdd0557337035d29a960,8256e3f6db4b7e0d1d35a9753b04f65aa7e909da8c5eb9076235b69acb1d791f,12008022,1693316462000000000,300
TT/ts-auth-service_loss/5,TT,ts-auth-service,loss,5,300,300,point,0.5,3,0.5,median_shift,31,0.03225806451612903,0.0,0.43478260869565216,0,0,0,70,282.9271999653429,ts-assurance-mongo|ts-auth-mongo|ts-config-mongo|ts-consign-mongo|ts-consign-price-mongo,ts-assurance-mongo_container-memory-rss,0.4986231884057971,23,23,0.5,0.4972463768115942,23,23,23,0.496607294317218,baseline-v2-20260723,cd270e7871bd358937d83d9a49829637fa80007d2964084ef229f578e3733bd3,ba75425861a059dafcc477474fc3e4ed1eafdc2b47d6fdd0557337035d29a960,8256e3f6db4b7e0d1d35a9753b04f65aa7e909da8c5eb9076235b69acb1d791f,12008022,1693316462000000000,300
TT/ts-auth-service_loss/5,TT,ts-auth-service,loss,5,300,300,point,0.5,3,0.5,nsigma,2,0.5,0.8,0.014492753623188406,0,1,1,70,1608.5086000384763,ts-order-other-service|ts-auth-service|ts|ts-rebook-service|ts-cancel-service,ts-order-other-service_istio-latency-99,0.4986231884057971,23,23,0.5,0.4972463768115942,23,23,23,0.496607294317218,baseline-v2-20260723,cd270e7871bd358937d83d9a49829637fa80007d2964084ef229f578e3733bd3,ba75425861a059dafcc477474fc3e4ed1eafdc2b47d6fdd0557337035d29a960,8256e3f6db4b7e0d1d35a9753b04f65aa7e909da8c5eb9076235b69acb1d791f,12008022,1693316462000000000,300
TT/ts-auth-service_loss/5,TT,ts-auth-service,loss,5,300,300,point,0.5,4,0.5,baro,24,0.041666666666666664,0.0,0.3333333333333333,0,0,0,70,943.9675000030547,ts-food-map-service|ts-food-mongo|ts-user-mongo|ts-assurance-mongo|ts-contacts-mongo,ts-food-map-service_container-memory-rss,0.4965217391304348,23,23,0.5020289855072464,0.4910144927536232,23,23,23,0.496607294317218,baseline-v2-20260723,cd270e7871bd358937d83d9a49829637fa80007d2964084ef229f578e3733bd3,ba75425861a059dafcc477474fc3e4ed1eafdc2b47d6fdd0557337035d29a960,8256e3f6db4b7e0d1d35a9753b04f65aa7e909da8c5eb9076235b69acb1d791f,12008022,1693316462000000000,300
TT/ts-auth-service_loss/5,TT,ts-auth-service,loss,5,300,300,point,0.5,4,0.5,median_shift,30,0.03333333333333333,0.0,0.42028985507246375,0,0,0,70,280.17719998024404,ts-assurance-mongo|ts-auth-mongo|ts-config-mongo|ts-consign-mongo|ts-contacts-mongo,ts-assurance-mongo_container-memory-rss,0.4965217391304348,23,23,0.5020289855072464,0.4910144927536232,23,23,23,0.496607294317218,baseline-v2-20260723,cd270e7871bd358937d83d9a49829637fa80007d2964084ef229f578e3733bd3,ba75425861a059dafcc477474fc3e4ed1eafdc2b47d6fdd0557337035d29a960,8256e3f6db4b7e0d1d35a9753b04f65aa7e909da8c5eb9076235b69acb1d791f,12008022,1693316462000000000,300
TT/ts-auth-service_loss/5,TT,ts-auth-service,loss,5,300,300,point,0.5,4,0.5,nsigma,3,0.3333333333333333,0.6,0.028985507246376812,0,1,1,70,1044.3550000200048,ts-order-other-service|ts|ts-auth-service|ts-rebook-service|ts-contacts-service,ts-order-other-service_istio-latency-99,0.4965217391304348,23,23,0.5020289855072464,0.4910144927536232,23,23,23,0.496607294317218,baseline-v2-20260723,cd270e7871bd358937d83d9a49829637fa80007d2964084ef229f578e3733bd3,ba75425861a059dafcc477474fc3e4ed1eafdc2b47d6fdd0557337035d29a960,8256e3f6db4b7e0d1d35a9753b04f65aa7e909da8c5eb9076235b69acb1d791f,12008022,1693316462000000000,300
TT/ts-auth-service_loss/5,TT,ts-auth-service,loss,5,300,300,point,0.5,5,0.5,baro,20,0.05,0.0,0.2753623188405797,0,0,0,70,1144.30409995839,ts-food-map-service|ts-food-mongo|ts-user-mongo|ts-assurance-mongo|ts-contacts-mongo,ts-food-map-service_container-memory-rss,0.4989130434782609,23,23,0.49666666666666665,0.501159420289855,23,23,23,0.496607294317218,baseline-v2-20260723,cd270e7871bd358937d83d9a49829637fa80007d2964084ef229f578e3733bd3,ba75425861a059dafcc477474fc3e4ed1eafdc2b47d6fdd0557337035d29a960,8256e3f6db4b7e0d1d35a9753b04f65aa7e909da8c5eb9076235b69acb1d791f,12008022,1693316462000000000,300
TT/ts-auth-service_loss/5,TT,ts-auth-service,loss,5,300,300,point,0.5,5,0.5,median_shift,31,0.03225806451612903,0.0,0.43478260869565216,0,0,0,70,272.04460004577413,ts-assurance-mongo|ts-auth-mongo|ts-config-mongo|ts-consign-mongo|ts-consign-price-mongo,ts-assurance-mongo_container-memory-rss,0.4989130434782609,23,23,0.49666666666666665,0.501159420289855,23,23,23,0.496607294317218,baseline-v2-20260723,cd270e7871bd358937d83d9a49829637fa80007d2964084ef229f578e3733bd3,ba75425861a059dafcc477474fc3e4ed1eafdc2b47d6fdd0557337035d29a960,8256e3f6db4b7e0d1d35a9753b04f65aa7e909da8c5eb9076235b69acb1d791f,12008022,1693316462000000000,300
TT/ts-auth-service_loss/5,TT,ts-auth-service,loss,5,300,300,point,0.5,5,0.5,nsigma,3,0.3333333333333333,0.6,0.028985507246376812,0,1,1,70,863.0077000125311,ts-order-other-service|ts|ts-auth-service|ts-rebook-service|ts-contacts-service,ts-order-other-service_istio-latency-99,0.4989130434782609,23,23,0.49666666666666665,0.501159420289855,23,23,23,0.496607294317218,baseline-v2-20260723,cd270e7871bd358937d83d9a49829637fa80007d2964084ef229f578e3733bd3,ba75425861a059dafcc477474fc3e4ed1eafdc2b47d6fdd0557337035d29a960,8256e3f6db4b7e0d1d35a9753b04f65aa7e909da8c5eb9076235b69acb1d791f,12008022,1693316462000000000,300
TT/ts-auth-service_loss/5,TT,ts-auth-service,loss,5,300,300,point,0.5,6,0.5,baro,23,0.043478260869565216,0.0,0.3188405797101449,0,0,0,70,881.8330999929458,ts-food-map-service|ts-food-mongo|ts-user-mongo|ts-assurance-mongo|ts-contacts-mongo,ts-food-map-service_container-memory-rss,0.4860869565217391,23,23,0.4863768115942029,0.48579710144927535,23,23,23,0.496607294317218,baseline-v2-20260723,cd270e7871bd358937d83d9a49829637fa80007d2964084ef229f578e3733bd3,ba75425861a059dafcc477474fc3e4ed1eafdc2b47d6fdd0557337035d29a960,8256e3f6db4b7e0d1d35a9753b04f65aa7e909da8c5eb9076235b69acb1d791f,12008022,1693316462000000000,300
TT/ts-auth-service_loss/5,TT,ts-auth-service,loss,5,300,300,point,0.5,6,0.5,median_shift,30,0.03333333333333333,0.0,0.42028985507246375,0,0,0,70,228.34380000131205,ts-assurance-mongo|ts-auth-mongo|ts-config-mongo|ts-consign-mongo|ts-consign-price-service,ts-assurance-mongo_container-memory-rss,0.4860869565217391,23,23,0.4863768115942029,0.48579710144927535,23,23,23,0.496607294317218,baseline-v2-20260723,cd270e7871bd358937d83d9a49829637fa80007d2964084ef229f578e3733bd3,ba75425861a059dafcc477474fc3e4ed1eafdc2b47d6fdd0557337035d29a960,8256e3f6db4b7e0d1d35a9753b04f65aa7e909da8c5eb9076235b69acb1d791f,12008022,1693316462000000000,300
TT/ts-auth-service_loss/5,TT,ts-auth-service,loss,5,300,300,point,0.5,6,0.5,nsigma,4,0.25,0.4,0.043478260869565216,0,0,1,70,829.1763000306673,ts-order-other-service|ts|ts-rebook-service|ts-auth-service|ts-contacts-service,ts-order-other-service_istio-latency-99,0.4860869565217391,23,23,0.4863768115942029,0.48579710144927535,23,23,23,0.496607294317218,baseline-v2-20260723,cd270e7871bd358937d83d9a49829637fa80007d2964084ef229f578e3733bd3,ba75425861a059dafcc477474fc3e4ed1eafdc2b47d6fdd0557337035d29a960,8256e3f6db4b7e0d1d35a9753b04f65aa7e909da8c5eb9076235b69acb1d791f,12008022,1693316462000000000,300
TT/ts-auth-service_loss/5,TT,ts-auth-service,loss,5,300,300,point,0.5,7,0.5,baro,22,0.045454545454545456,0.0,0.30434782608695654,0,0,0,70,1004.4780000462197,ts-food-map-service|ts-food-mongo|ts-assurance-mongo|ts-contacts-mongo|ts-payment-mongo,ts-food-map-service_container-memory-rss,0.5028260869565218,23,23,0.501159420289855,0.5044927536231885,23,23,23,0.496607294317218,baseline-v2-20260723,cd270e7871bd358937d83d9a49829637fa80007d2964084ef229f578e3733bd3,ba75425861a059dafcc477474fc3e4ed1eafdc2b47d6fdd0557337035d29a960,8256e3f6db4b7e0d1d35a9753b04f65aa7e909da8c5eb9076235b69acb1d791f,12008022,1693316462000000000,300
TT/ts-auth-service_loss/5,TT,ts-auth-service,loss,5,300,300,point,0.5,7,0.5,median_shift,26,0.038461538461538464,0.0,0.36231884057971014,0,0,0,70,274.9222000129521,ts-assurance-mongo|ts-auth-mongo|ts-config-mongo|ts-consign-mongo|ts-contacts-mongo,ts-assurance-mongo_container-memory-rss,0.5028260869565218,23,23,0.501159420289855,0.5044927536231885,23,23,23,0.496607294317218,baseline-v2-20260723,cd270e7871bd358937d83d9a49829637fa80007d2964084ef229f578e3733bd3,ba75425861a059dafcc477474fc3e4ed1eafdc2b47d6fdd0557337035d29a960,8256e3f6db4b7e0d1d35a9753b04f65aa7e909da8c5eb9076235b69acb1d791f,12008022,1693316462000000000,300
TT/ts-auth-service_loss/5,TT,ts-auth-service,loss,5,300,300,point,0.5,7,0.5,nsigma,4,0.25,0.4,0.043478260869565216,0,0,1,70,900.6282999762334,ts-order-other-service|ts|ts-rebook-service|ts-auth-service|ts-contacts-service,ts-order-other-service_istio-latency-99,0.5028260869565218,23,23,0.501159420289855,0.5044927536231885,23,23,23,0.496607294317218,baseline-v2-20260723,cd270e7871bd358937d83d9a49829637fa80007d2964084ef229f578e3733bd3,ba75425861a059dafcc477474fc3e4ed1eafdc2b47d6fdd0557337035d29a960,8256e3f6db4b7e0d1d35a9753b04f65aa7e909da8c5eb9076235b69acb1d791f,12008022,1693316462000000000,300
TT/ts-auth-service_loss/5,TT,ts-auth-service,loss,5,300,300,point,0.5,8,0.5,baro,25,0.04,0.0,0.34782608695652173,0,0,0,70,1137.5933000235818,ts-food-map-service|ts-food-mongo|ts-assurance-mongo|ts-contacts-mongo|ts-payment-mongo,ts-food-map-service_container-memory-rss,0.5030434782608696,23,23,0.5042028985507246,0.5018840579710145,23,23,23,0.496607294317218,baseline-v2-20260723,cd270e7871bd358937d83d9a49829637fa80007d2964084ef229f578e3733bd3,ba75425861a059dafcc477474fc3e4ed1eafdc2b47d6fdd0557337035d29a960,8256e3f6db4b7e0d1d35a9753b04f65aa7e909da8c5eb9076235b69acb1d791f,12008022,1693316462000000000,300
TT/ts-auth-service_loss/5,TT,ts-auth-service,loss,5,300,300,point,0.5,8,0.5,median_shift,29,0.034482758620689655,0.0,0.4057971014492754,0,0,0,70,249.8885999666527,ts-assurance-mongo|ts-auth-mongo|ts-config-mongo|ts-consign-mongo|ts-contacts-mongo,ts-assurance-mongo_container-memory-rss,0.5030434782608696,23,23,0.5042028985507246,0.5018840579710145,23,23,23,0.496607294317218,baseline-v2-20260723,cd270e7871bd358937d83d9a49829637fa80007d2964084ef229f578e3733bd3,ba75425861a059dafcc477474fc3e4ed1eafdc2b47d6fdd0557337035d29a960,8256e3f6db4b7e0d1d35a9753b04f65aa7e909da8c5eb9076235b69acb1d791f,12008022,1693316462000000000,300
TT/ts-auth-service_loss/5,TT,ts-auth-service,loss,5,300,300,point,0.5,8,0.5,nsigma,4,0.25,0.4,0.043478260869565216,0,0,1,70,841.2178999860771,ts-order-other-service|ts|ts-rebook-service|ts-auth-service|ts-cancel-service,ts-order-other-service_istio-latency-99,0.5030434782608696,23,23,0.5042028985507246,0.5018840579710145,23,23,23,0.496607294317218,baseline-v2-20260723,cd270e7871bd358937d83d9a49829637fa80007d2964084ef229f578e3733bd3,ba75425861a059dafcc477474fc3e4ed1eafdc2b47d6fdd0557337035d29a960,8256e3f6db4b7e0d1d35a9753b04f65aa7e909da8c5eb9076235b69acb1d791f,12008022,1693316462000000000,300
TT/ts-auth-service_loss/5,TT,ts-auth-service,loss,5,300,300,point,0.5,9,0.5,baro,21,0.047619047619047616,0.0,0.2898550724637681,0,0,0,70,1113.1977000040933,ts-food-map-service|ts-food-mongo|ts-assurance-mongo|ts-contacts-mongo|ts-payment-mongo,ts-food-map-service_container-memory-rss,0.5036231884057971,23,23,0.49623188405797103,0.5110144927536232,23,23,23,0.496607294317218,baseline-v2-20260723,cd270e7871bd358937d83d9a49829637fa80007d2964084ef229f578e3733bd3,ba75425861a059dafcc477474fc3e4ed1eafdc2b47d6fdd0557337035d29a960,8256e3f6db4b7e0d1d35a9753b04f65aa7e909da8c5eb9076235b69acb1d791f,12008022,1693316462000000000,300
TT/ts-auth-service_loss/5,TT,ts-auth-service,loss,5,300,300,point,0.5,9,0.5,median_shift,27,0.037037037037037035,0.0,0.37681159420289856,0,0,0,70,394.36179999029264,ts-assurance-mongo|ts-auth-mongo|ts-config-mongo|ts-consign-mongo|ts-contacts-mongo,ts-assurance-mongo_container-memory-rss,0.5036231884057971,23,23,0.49623188405797103,0.5110144927536232,23,23,23,0.496607294317218,baseline-v2-20260723,cd270e7871bd358937d83d9a49829637fa80007d2964084ef229f578e3733bd3,ba75425861a059dafcc477474fc3e4ed1eafdc2b47d6fdd0557337035d29a960,8256e3f6db4b7e0d1d35a9753b04f65aa7e909da8c5eb9076235b69acb1d791f,12008022,1693316462000000000,300
TT/ts-auth-service_loss/5,TT,ts-auth-service,loss,5,300,300,point,0.5,9,0.5,nsigma,5,0.2,0.2,0.057971014492753624,0,0,1,70,1002.1692999871448,ts-order-other-service|ts|ts-rebook-service|ts-contacts-service|ts-auth-service,ts-order-other-service_istio-latency-99,0.5036231884057971,23,23,0.49623188405797103,0.5110144927536232,23,23,23,0.496607294317218,baseline-v2-20260723,cd270e7871bd358937d83d9a49829637fa80007d2964084ef229f578e3733bd3,ba75425861a059dafcc477474fc3e4ed1eafdc2b47d6fdd0557337035d29a960,8256e3f6db4b7e0d1d35a9753b04f65aa7e909da8c5eb9076235b69acb1d791f,12008022,1693316462000000000,300
TT/ts-auth-service_loss/5,TT,ts-auth-service,loss,5,300,300,stream,0.1,0,0.09991460290350128,baro,24,0.041666666666666664,0.0,0.3333333333333333,0,0,0,70,1277.6572000002488,ts-food-map-service|ts-food-mongo|ts-user-mongo|ts-assurance-mongo|ts-contacts-mongo,ts-food-map-service_container-memory-rss,0.8695652173913043,20,23,0.8695652173913043,0.8695652173913043,20,20,20,0.8939779474130619,baseline-v2-20260723,cd270e7871bd358937d83d9a49829637fa80007d2964084ef229f578e3733bd3,ba75425861a059dafcc477474fc3e4ed1eafdc2b47d6fdd0557337035d29a960,8256e3f6db4b7e0d1d35a9753b04f65aa7e909da8c5eb9076235b69acb1d791f,12008022,1693316462000000000,300
TT/ts-auth-service_loss/5,TT,ts-auth-service,loss,5,300,300,stream,0.1,0,0.09991460290350128,median_shift,29,0.034482758620689655,0.0,0.4057971014492754,0,0,0,70,261.9606999796815,ts-assurance-mongo|ts-auth-mongo|ts-config-mongo|ts-consign-mongo|ts-consign-price-mongo,ts-assurance-mongo_container-memory-rss,0.8695652173913043,20,23,0.8695652173913043,0.8695652173913043,20,20,20,0.8939779474130619,baseline-v2-20260723,cd270e7871bd358937d83d9a49829637fa80007d2964084ef229f578e3733bd3,ba75425861a059dafcc477474fc3e4ed1eafdc2b47d6fdd0557337035d29a960,8256e3f6db4b7e0d1d35a9753b04f65aa7e909da8c5eb9076235b69acb1d791f,12008022,1693316462000000000,300
TT/ts-auth-service_loss/5,TT,ts-auth-service,loss,5,300,300,stream,0.1,0,0.09991460290350128,nsigma,6,0.16666666666666666,0.0,0.07246376811594203,0,0,0,70,815.7214999664575,ts-order-other-service|ts|ts-rebook-service|ts-contacts-service|ts-travel2-service,ts-order-other-service_istio-latency-99,0.8695652173913043,20,23,0.8695652173913043,0.8695652173913043,20,20,20,0.8939779474130619,baseline-v2-20260723,cd270e7871bd358937d83d9a49829637fa80007d2964084ef229f578e3733bd3,ba75425861a059dafcc477474fc3e4ed1eafdc2b47d6fdd0557337035d29a960,8256e3f6db4b7e0d1d35a9753b04f65aa7e909da8c5eb9076235b69acb1d791f,12008022,1693316462000000000,300
TT/ts-auth-service_loss/5,TT,ts-auth-service,loss,5,300,300,stream,0.1,1,0.09991460290350128,baro,24,0.041666666666666664,0.0,0.3333333333333333,0,0,0,70,985.7093000318855,ts-food-map-service|ts-food-mongo|ts-user-mongo|ts-assurance-mongo|ts-contacts-mongo,ts-food-map-service_container-memory-rss,0.9130434782608695,21,23,0.9130434782608695,0.9130434782608695,21,21,21,0.8939779474130619,baseline-v2-20260723,cd270e7871bd358937d83d9a49829637fa80007d2964084ef229f578e3733bd3,ba75425861a059dafcc477474fc3e4ed1eafdc2b47d6fdd0557337035d29a960,8256e3f6db4b7e0d1d35a9753b04f65aa7e909da8c5eb9076235b69acb1d791f,12008022,1693316462000000000,300
TT/ts-auth-service_loss/5,TT,ts-auth-service,loss,5,300,300,stream,0.1,1,0.09991460290350128,median_shift,30,0.03333333333333333,0.0,0.42028985507246375,0,0,0,70,313.2991999736987,ts-assurance-mongo|ts-auth-mongo|ts-config-mongo|ts-consign-mongo|ts-consign-price-mongo,ts-assurance-mongo_container-memory-rss,0.9130434782608695,21,23,0.9130434782608695,0.9130434782608695,21,21,21,0.8939779474130619,baseline-v2-20260723,cd270e7871bd358937d83d9a49829637fa80007d2964084ef229f578e3733bd3,ba75425861a059dafcc477474fc3e4ed1eafdc2b47d6fdd0557337035d29a960,8256e3f6db4b7e0d1d35a9753b04f65aa7e909da8c5eb9076235b69acb1d791f,12008022,1693316462000000000,300
TT/ts-auth-service_loss/5,TT,ts-auth-service,loss,5,300,300,stream,0.1,1,0.09991460290350128,nsigma,6,0.16666666666666666,0.0,0.07246376811594203,0,0,0,70,752.8076999587938,ts-order-other-service|ts|ts-rebook-service|ts-contacts-service|ts-travel2-service,ts-order-other-service_istio-latency-99,0.9130434782608695,21,23,0.9130434782608695,0.9130434782608695,21,21,21,0.8939779474130619,baseline-v2-20260723,cd270e7871bd358937d83d9a49829637fa80007d2964084ef229f578e3733bd3,ba75425861a059dafcc477474fc3e4ed1eafdc2b47d6fdd0557337035d29a960,8256e3f6db4b7e0d1d35a9753b04f65aa7e909da8c5eb9076235b69acb1d791f,12008022,1693316462000000000,300
TT/ts-auth-service_loss/5,TT,ts-auth-service,loss,5,300,300,stream,0.1,2,0.09991460290350128,baro,22,0.045454545454545456,0.0,0.30434782608695654,0,0,0,70,1122.4510000320151,ts-food-map-service|ts-food-mongo|ts-user-mongo|ts-assurance-mongo|ts-payment-mongo,ts-food-map-service_container-memory-rss,0.9130434782608695,21,23,0.9130434782608695,0.9130434782608695,21,21,21,0.8939779474130619,baseline-v2-20260723,cd270e7871bd358937d83d9a49829637fa80007d2964084ef229f578e3733bd3,ba75425861a059dafcc477474fc3e4ed1eafdc2b47d6fdd0557337035d29a960,8256e3f6db4b7e0d1d35a9753b04f65aa7e909da8c5eb9076235b69acb1d791f,12008022,1693316462000000000,300
TT/ts-auth-service_loss/5,TT,ts-auth-service,loss,5,300,300,stream,0.1,2,0.09991460290350128,median_shift,28,0.03571428571428571,0.0,0.391304347826087,0,0,0,70,278.075699985493,ts-assurance-mongo|ts-auth-mongo|ts-config-mongo|ts-consign-price-mongo|ts-food-map-service,ts-assurance-mongo_container-memory-rss,0.9130434782608695,21,23,0.9130434782608695,0.9130434782608695,21,21,21,0.8939779474130619,baseline-v2-20260723,cd270e7871bd358937d83d9a49829637fa80007d2964084ef229f578e3733bd3,ba75425861a059dafcc477474fc3e4ed1eafdc2b47d6fdd0557337035d29a960,8256e3f6db4b7e0d1d35a9753b04f65aa7e909da8c5eb9076235b69acb1d791f,12008022,1693316462000000000,300
TT/ts-auth-service_loss/5,TT,ts-auth-service,loss,5,300,300,stream,0.1,2,0.09991460290350128,nsigma,5,0.2,0.2,0.057971014492753624,0,0,1,70,869.1602000035346,ts|ts-rebook-service|ts-contacts-service|ts-travel2-service|ts-auth-service,ts_container-network-receive-bytes-total,0.9130434782608695,21,23,0.9130434782608695,0.9130434782608695,21,21,21,0.8939779474130619,baseline-v2-20260723,cd270e7871bd358937d83d9a49829637fa80007d2964084ef229f578e3733bd3,ba75425861a059dafcc477474fc3e4ed1eafdc2b47d6fdd0557337035d29a960,8256e3f6db4b7e0d1d35a9753b04f65aa7e909da8c5eb9076235b69acb1d791f,12008022,1693316462000000000,300
TT/ts-auth-service_loss/5,TT,ts-auth-service,loss,5,300,300,stream,0.1,3,0.09991460290350128,baro,21,0.047619047619047616,0.0,0.2898550724637681,0,0,0,70,1035.5704999528825,ts-food-map-service|ts-food-mongo|ts-user-mongo|ts-assurance-mongo|ts-contacts-mongo,ts-food-map-service_container-memory-rss,0.9565217391304348,22,23,0.9565217391304348,0.9565217391304348,22,22,22,0.8939779474130619,baseline-v2-20260723,cd270e7871bd358937d83d9a49829637fa80007d2964084ef229f578e3733bd3,ba75425861a059dafcc477474fc3e4ed1eafdc2b47d6fdd0557337035d29a960,8256e3f6db4b7e0d1d35a9753b04f65aa7e909da8c5eb9076235b69acb1d791f,12008022,1693316462000000000,300
TT/ts-auth-service_loss/5,TT,ts-auth-service,loss,5,300,300,stream,0.1,3,0.09991460290350128,median_shift,26,0.038461538461538464,0.0,0.36231884057971014,0,0,0,70,373.4822999686003,ts-assurance-mongo|ts-auth-mongo|ts-config-mongo|ts-consign-mongo|ts-contacts-mongo,ts-assurance-mongo_container-memory-rss,0.9565217391304348,22,23,0.9565217391304348,0.9565217391304348,22,22,22,0.8939779474130619,baseline-v2-20260723,cd270e7871bd358937d83d9a49829637fa80007d2964084ef229f578e3733bd3,ba75425861a059dafcc477474fc3e4ed1eafdc2b47d6fdd0557337035d29a960,8256e3f6db4b7e0d1d35a9753b04f65aa7e909da8c5eb9076235b69acb1d791f,12008022,1693316462000000000,300
TT/ts-auth-service_loss/5,TT,ts-auth-service,loss,5,300,300,stream,0.1,3,0.09991460290350128,nsigma,6,0.16666666666666666,0.0,0.07246376811594203,0,0,0,70,739.7593000205234,ts-order-other-service|ts|ts-rebook-service|ts-contacts-service|ts-travel2-service,ts-order-other-service_istio-latency-99,0.9565217391304348,22,23,0.9565217391304348,0.9565217391304348,22,22,22,0.8939779474130619,baseline-v2-20260723,cd270e7871bd358937d83d9a49829637fa80007d2964084ef229f578e3733bd3,ba75425861a059dafcc477474fc3e4ed1eafdc2b47d6fdd0557337035d29a960,8256e3f6db4b7e0d1d35a9753b04f65aa7e909da8c5eb9076235b69acb1d791f,12008022,1693316462000000000,300
TT/ts-auth-service_loss/5,TT,ts-auth-service,loss,5,300,300,stream,0.1,4,0.09991460290350128,baro,22,0.045454545454545456,0.0,0.30434782608695654,0,0,0,70,970.5403999541886,ts-food-map-service|ts-food-mongo|ts-user-mongo|ts-assurance-mongo|ts-contacts-mongo,ts-food-map-service_container-memory-rss,0.9130434782608695,21,23,0.9130434782608695,0.9130434782608695,21,21,21,0.8939779474130619,baseline-v2-20260723,cd270e7871bd358937d83d9a49829637fa80007d2964084ef229f578e3733bd3,ba75425861a059dafcc477474fc3e4ed1eafdc2b47d6fdd0557337035d29a960,8256e3f6db4b7e0d1d35a9753b04f65aa7e909da8c5eb9076235b69acb1d791f,12008022,1693316462000000000,300
TT/ts-auth-service_loss/5,TT,ts-auth-service,loss,5,300,300,stream,0.1,4,0.09991460290350128,median_shift,27,0.037037037037037035,0.0,0.37681159420289856,0,0,0,70,315.4375000158325,ts-assurance-mongo|ts-auth-mongo|ts-config-mongo|ts-consign-mongo|ts-consign-price-mongo,ts-assurance-mongo_container-memory-rss,0.9130434782608695,21,23,0.9130434782608695,0.9130434782608695,21,21,21,0.8939779474130619,baseline-v2-20260723,cd270e7871bd358937d83d9a49829637fa80007d2964084ef229f578e3733bd3,ba75425861a059dafcc477474fc3e4ed1eafdc2b47d6fdd0557337035d29a960,8256e3f6db4b7e0d1d35a9753b04f65aa7e909da8c5eb9076235b69acb1d791f,12008022,1693316462000000000,300
TT/ts-auth-service_loss/5,TT,ts-auth-service,loss,5,300,300,stream,0.1,4,0.09991460290350128,nsigma,6,0.16666666666666666,0.0,0.07246376811594203,0,0,0,70,1133.9811999932863,ts-order-other-service|ts|ts-rebook-service|ts-contacts-service|ts-travel2-service,ts-order-other-service_istio-latency-99,0.9130434782608695,21,23,0.9130434782608695,0.9130434782608695,21,21,21,0.8939779474130619,baseline-v2-20260723,cd270e7871bd358937d83d9a49829637fa80007d2964084ef229f578e3733bd3,ba75425861a059dafcc477474fc3e4ed1eafdc2b47d6fdd0557337035d29a960,8256e3f6db4b7e0d1d35a9753b04f65aa7e909da8c5eb9076235b69acb1d791f,12008022,1693316462000000000,300
TT/ts-auth-service_loss/5,TT,ts-auth-service,loss,5,300,300,stream,0.1,5,0.09991460290350128,baro,21,0.047619047619047616,0.0,0.2898550724637681,0,0,0,70,1064.8940000100993,ts-food-map-service|ts-user-mongo|ts-assurance-mongo|ts-payment-mongo|ts-route-mongo,ts-food-map-service_container-memory-rss,0.8260869565217391,19,23,0.8260869565217391,0.8260869565217391,19,19,19,0.8939779474130619,baseline-v2-20260723,cd270e7871bd358937d83d9a49829637fa80007d2964084ef229f578e3733bd3,ba75425861a059dafcc477474fc3e4ed1eafdc2b47d6fdd0557337035d29a960,8256e3f6db4b7e0d1d35a9753b04f65aa7e909da8c5eb9076235b69acb1d791f,12008022,1693316462000000000,300
TT/ts-auth-service_loss/5,TT,ts-auth-service,loss,5,300,300,stream,0.1,5,0.09991460290350128,median_shift,27,0.037037037037037035,0.0,0.37681159420289856,0,0,0,70,261.5238999715075,ts-assurance-mongo|ts-auth-mongo|ts-config-mongo|ts-consign-mongo|ts-consign-price-mongo,ts-assurance-mongo_container-memory-rss,0.8260869565217391,19,23,0.8260869565217391,0.8260869565217391,19,19,19,0.8939779474130619,baseline-v2-20260723,cd270e7871bd358937d83d9a49829637fa80007d2964084ef229f578e3733bd3,ba75425861a059dafcc477474fc3e4ed1eafdc2b47d6fdd0557337035d29a960,8256e3f6db4b7e0d1d35a9753b04f65aa7e909da8c5eb9076235b69acb1d791f,12008022,1693316462000000000,300
TT/ts-auth-service_loss/5,TT,ts-auth-service,loss,5,300,300,stream,0.1,5,0.09991460290350128,nsigma,5,0.2,0.2,0.057971014492753624,0,0,1,70,883.9882999891415,ts-order-other-service|ts|ts-rebook-service|ts-travel2-service|ts-auth-service,ts-order-other-service_istio-latency-99,0.8260869565217391,19,23,0.8260869565217391,0.8260869565217391,19,19,19,0.8939779474130619,baseline-v2-20260723,cd270e7871bd358937d83d9a49829637fa80007d2964084ef229f578e3733bd3,ba75425861a059dafcc477474fc3e4ed1eafdc2b47d6fdd0557337035d29a960,8256e3f6db4b7e0d1d35a9753b04f65aa7e909da8c5eb9076235b69acb1d791f,12008022,1693316462000000000,300
TT/ts-auth-service_loss/5,TT,ts-auth-service,loss,5,300,300,stream,0.1,6,0.09991460290350128,baro,23,0.043478260869565216,0.0,0.3188405797101449,0,0,0,70,1173.4140000189655,ts-food-map-service|ts-food-mongo|ts-user-mongo|ts-contacts-mongo|ts-payment-mongo,ts-food-map-service_container-memory-rss,0.9565217391304348,22,23,0.9565217391304348,0.9565217391304348,22,22,22,0.8939779474130619,baseline-v2-20260723,cd270e7871bd358937d83d9a49829637fa80007d2964084ef229f578e3733bd3,ba75425861a059dafcc477474fc3e4ed1eafdc2b47d6fdd0557337035d29a960,8256e3f6db4b7e0d1d35a9753b04f65aa7e909da8c5eb9076235b69acb1d791f,12008022,1693316462000000000,300
TT/ts-auth-service_loss/5,TT,ts-auth-service,loss,5,300,300,stream,0.1,6,0.09991460290350128,median_shift,29,0.034482758620689655,0.0,0.4057971014492754,0,0,0,70,276.810800016392,ts-auth-mongo|ts-config-mongo|ts-consign-mongo|ts-consign-price-mongo|ts-contacts-mongo,ts-auth-mongo_container-memory-cache,0.9565217391304348,22,23,0.9565217391304348,0.9565217391304348,22,22,22,0.8939779474130619,baseline-v2-20260723,cd270e7871bd358937d83d9a49829637fa80007d2964084ef229f578e3733bd3,ba75425861a059dafcc477474fc3e4ed1eafdc2b47d6fdd0557337035d29a960,8256e3f6db4b7e0d1d35a9753b04f65aa7e909da8c5eb9076235b69acb1d791f,12008022,1693316462000000000,300
TT/ts-auth-service_loss/5,TT,ts-auth-service,loss,5,300,300,stream,0.1,6,0.09991460290350128,nsigma,6,0.16666666666666666,0.0,0.07246376811594203,0,0,0,70,819.2461000289768,ts-order-other-service|ts|ts-rebook-service|ts-contacts-service|ts-travel2-service,ts-order-other-service_istio-latency-99,0.9565217391304348,22,23,0.9565217391304348,0.9565217391304348,22,22,22,0.8939779474130619,baseline-v2-20260723,cd270e7871bd358937d83d9a49829637fa80007d2964084ef229f578e3733bd3,ba75425861a059dafcc477474fc3e4ed1eafdc2b47d6fdd0557337035d29a960,8256e3f6db4b7e0d1d35a9753b04f65aa7e909da8c5eb9076235b69acb1d791f,12008022,1693316462000000000,300
TT/ts-auth-service_loss/5,TT,ts-auth-service,loss,5,300,300,stream,0.1,7,0.09991460290350128,baro,22,0.045454545454545456,0.0,0.30434782608695654,0,0,0,70,1673.893400002271,ts-food-map-service|ts-food-mongo|ts-user-mongo|ts-assurance-mongo|ts-contacts-mongo,ts-food-map-service_container-memory-rss,0.8260869565217391,19,23,0.8260869565217391,0.8260869565217391,19,19,19,0.8939779474130619,baseline-v2-20260723,cd270e7871bd358937d83d9a49829637fa80007d2964084ef229f578e3733bd3,ba75425861a059dafcc477474fc3e4ed1eafdc2b47d6fdd0557337035d29a960,8256e3f6db4b7e0d1d35a9753b04f65aa7e909da8c5eb9076235b69acb1d791f,12008022,1693316462000000000,300
TT/ts-auth-service_loss/5,TT,ts-auth-service,loss,5,300,300,stream,0.1,7,0.09991460290350128,median_shift,26,0.038461538461538464,0.0,0.36231884057971014,0,0,0,70,341.29390004090965,ts-assurance-mongo|ts-auth-mongo|ts-config-mongo|ts-consign-mongo|ts-contacts-mongo,ts-assurance-mongo_container-memory-rss,0.8260869565217391,19,23,0.8260869565217391,0.8260869565217391,19,19,19,0.8939779474130619,baseline-v2-20260723,cd270e7871bd358937d83d9a49829637fa80007d2964084ef229f578e3733bd3,ba75425861a059dafcc477474fc3e4ed1eafdc2b47d6fdd0557337035d29a960,8256e3f6db4b7e0d1d35a9753b04f65aa7e909da8c5eb9076235b69acb1d791f,12008022,1693316462000000000,300
TT/ts-auth-service_loss/5,TT,ts-auth-service,loss,5,300,300,stream,0.1,7,0.09991460290350128,nsigma,6,0.16666666666666666,0.0,0.07246376811594203,0,0,0,70,985.6334999785759,ts-order-other-service|ts|ts-rebook-service|ts-contacts-service|ts-travel2-service,ts-order-other-service_istio-latency-99,0.8260869565217391,19,23,0.8260869565217391,0.8260869565217391,19,19,19,0.8939779474130619,baseline-v2-20260723,cd270e7871bd358937d83d9a49829637fa80007d2964084ef229f578e3733bd3,ba75425861a059dafcc477474fc3e4ed1eafdc2b47d6fdd0557337035d29a960,8256e3f6db4b7e0d1d35a9753b04f65aa7e909da8c5eb9076235b69acb1d791f,12008022,1693316462000000000,300
TT/ts-auth-service_loss/5,TT,ts-auth-service,loss,5,300,300,stream,0.1,8,0.09991460290350128,baro,24,0.041666666666666664,0.0,0.3333333333333333,0,0,0,70,1263.9377000159584,ts-food-map-service|ts-food-mongo|ts-user-mongo|ts-assurance-mongo|ts-contacts-mongo,ts-food-map-service_container-memory-rss,0.782608695652174,18,23,0.782608695652174,0.782608695652174,18,18,18,0.8939779474130619,baseline-v2-20260723,cd270e7871bd358937d83d9a49829637fa80007d2964084ef229f578e3733bd3,ba75425861a059dafcc477474fc3e4ed1eafdc2b47d6fdd0557337035d29a960,8256e3f6db4b7e0d1d35a9753b04f65aa7e909da8c5eb9076235b69acb1d791f,12008022,1693316462000000000,300
TT/ts-auth-service_loss/5,TT,ts-auth-service,loss,5,300,300,stream,0.1,8,0.09991460290350128,median_shift,29,0.034482758620689655,0.0,0.4057971014492754,0,0,0,70,374.8607999878004,ts-assurance-mongo|ts-auth-mongo|ts-config-mongo|ts-consign-mongo|ts-consign-price-mongo,ts-assurance-mongo_container-memory-rss,0.782608695652174,18,23,0.782608695652174,0.782608695652174,18,18,18,0.8939779474130619,baseline-v2-20260723,cd270e7871bd358937d83d9a49829637fa80007d2964084ef229f578e3733bd3,ba75425861a059dafcc477474fc3e4ed1eafdc2b47d6fdd0557337035d29a960,8256e3f6db4b7e0d1d35a9753b04f65aa7e909da8c5eb9076235b69acb1d791f,12008022,1693316462000000000,300
TT/ts-auth-service_loss/5,TT,ts-auth-service,loss,5,300,300,stream,0.1,8,0.09991460290350128,nsigma,6,0.16666666666666666,0.0,0.07246376811594203,0,0,0,70,1580.1901000086218,ts-order-other-service|ts|ts-rebook-service|ts-contacts-service|ts-travel2-service,ts-order-other-service_istio-latency-99,0.782608695652174,18,23,0.782608695652174,0.782608695652174,18,18,18,0.8939779474130619,baseline-v2-20260723,cd270e7871bd358937d83d9a49829637fa80007d2964084ef229f578e3733bd3,ba75425861a059dafcc477474fc3e4ed1eafdc2b47d6fdd0557337035d29a960,8256e3f6db4b7e0d1d35a9753b04f65aa7e909da8c5eb9076235b69acb1d791f,12008022,1693316462000000000,300
TT/ts-auth-service_loss/5,TT,ts-auth-service,loss,5,300,300,stream,0.1,9,0.09991460290350128,baro,20,0.05,0.0,0.2753623188405797,0,0,0,70,1277.9655999620445,ts-food-map-service|ts-food-mongo|ts-assurance-mongo|ts-contacts-mongo|ts-payment-mongo,ts-food-map-service_container-memory-rss,0.9130434782608695,21,23,0.9130434782608695,0.9130434782608695,21,21,21,0.8939779474130619,baseline-v2-20260723,cd270e7871bd358937d83d9a49829637fa80007d2964084ef229f578e3733bd3,ba75425861a059dafcc477474fc3e4ed1eafdc2b47d6fdd0557337035d29a960,8256e3f6db4b7e0d1d35a9753b04f65aa7e909da8c5eb9076235b69acb1d791f,12008022,1693316462000000000,300
TT/ts-auth-service_loss/5,TT,ts-auth-service,loss,5,300,300,stream,0.1,9,0.09991460290350128,median_shift,26,0.038461538461538464,0.0,0.36231884057971014,0,0,0,70,332.98599999397993,ts-assurance-mongo|ts-auth-mongo|ts-config-mongo|ts-consign-mongo|ts-contacts-mongo,ts-assurance-mongo_container-memory-rss,0.9130434782608695,21,23,0.9130434782608695,0.9130434782608695,21,21,21,0.8939779474130619,baseline-v2-20260723,cd270e7871bd358937d83d9a49829637fa80007d2964084ef229f578e3733bd3,ba75425861a059dafcc477474fc3e4ed1eafdc2b47d6fdd0557337035d29a960,8256e3f6db4b7e0d1d35a9753b04f65aa7e909da8c5eb9076235b69acb1d791f,12008022,1693316462000000000,300
TT/ts-auth-service_loss/5,TT,ts-auth-service,loss,5,300,300,stream,0.1,9,0.09991460290350128,nsigma,5,0.2,0.2,0.057971014492753624,0,0,1,70,963.6772000230849,ts-order-other-service|ts|ts-contacts-service|ts-travel2-service|ts-auth-service,ts-order-other-service_istio-latency-99,0.9130434782608695,21,23,0.9130434782608695,0.9130434782608695,21,21,21,0.8939779474130619,baseline-v2-20260723,cd270e7871bd358937d83d9a49829637fa80007d2964084ef229f578e3733bd3,ba75425861a059dafcc477474fc3e4ed1eafdc2b47d6fdd0557337035d29a960,8256e3f6db4b7e0d1d35a9753b04f65aa7e909da8c5eb9076235b69acb1d791f,12008022,1693316462000000000,300
TT/ts-auth-service_loss/5,TT,ts-auth-service,loss,5,300,300,stream,0.3,0,0.2997438087105038,baro,19,0.05263157894736842,0.0,0.2608695652173913,0,0,0,70,912.7516999724321,ts-food-mongo|ts-user-mongo|ts-contacts-mongo|ts-payment-mongo|ts-route-mongo,ts-food-mongo_container-memory-rss,0.8695652173913043,20,23,0.8695652173913043,0.8695652173913043,20,20,20,0.6955046649703138,baseline-v2-20260723,cd270e7871bd358937d83d9a49829637fa80007d2964084ef229f578e3733bd3,ba75425861a059dafcc477474fc3e4ed1eafdc2b47d6fdd0557337035d29a960,8256e3f6db4b7e0d1d35a9753b04f65aa7e909da8c5eb9076235b69acb1d791f,12008022,1693316462000000000,300
TT/ts-auth-service_loss/5,TT,ts-auth-service,loss,5,300,300,stream,0.3,0,0.2997438087105038,median_shift,24,0.041666666666666664,0.0,0.3333333333333333,0,0,0,70,261.8689999799244,ts-auth-mongo|ts-consign-mongo|ts-contacts-mongo|ts-food-mongo|ts-inside-payment-mongo,ts-auth-mongo_container-memory-cache,0.8695652173913043,20,23,0.8695652173913043,0.8695652173913043,20,20,20,0.6955046649703138,baseline-v2-20260723,cd270e7871bd358937d83d9a49829637fa80007d2964084ef229f578e3733bd3,ba75425861a059dafcc477474fc3e4ed1eafdc2b47d6fdd0557337035d29a960,8256e3f6db4b7e0d1d35a9753b04f65aa7e909da8c5eb9076235b69acb1d791f,12008022,1693316462000000000,300
TT/ts-auth-service_loss/5,TT,ts-auth-service,loss,5,300,300,stream,0.3,0,0.2997438087105038,nsigma,3,0.3333333333333333,0.6,0.028985507246376812,0,1,1,70,827.9162999824621,ts|ts-rebook-service|ts-auth-service|ts-cancel-service|ts-preserve-service,ts_container-network-receive-bytes-total,0.8695652173913043,20,23,0.8695652173913043,0.8695652173913043,20,20,20,0.6955046649703138,baseline-v2-20260723,cd270e7871bd358937d83d9a49829637fa80007d2964084ef229f578e3733bd3,ba75425861a059dafcc477474fc3e4ed1eafdc2b47d6fdd0557337035d29a960,8256e3f6db4b7e0d1d35a9753b04f65aa7e909da8c5eb9076235b69acb1d791f,12008022,1693316462000000000,300
TT/ts-auth-service_loss/5,TT,ts-auth-service,loss,5,300,300,stream,0.3,1,0.2997438087105038,baro,22,0.045454545454545456,0.0,0.30434782608695654,0,0,0,70,1035.1224000332877,ts-food-mongo|ts-user-mongo|ts-assurance-mongo|ts-contacts-mongo|ts-payment-mongo,ts-food-mongo_container-memory-rss,0.7391304347826086,17,23,0.7391304347826086,0.7391304347826086,17,17,17,0.6955046649703138,baseline-v2-20260723,cd270e7871bd358937d83d9a49829637fa80007d2964084ef229f578e3733bd3,ba75425861a059dafcc477474fc3e4ed1eafdc2b47d6fdd0557337035d29a960,8256e3f6db4b7e0d1d35a9753b04f65aa7e909da8c5eb9076235b69acb1d791f,12008022,1693316462000000000,300
TT/ts-auth-service_loss/5,TT,ts-auth-service,loss,5,300,300,stream,0.3,1,0.2997438087105038,median_shift,25,0.04,0.0,0.34782608695652173,0,0,0,70,290.89920001570135,ts-assurance-mongo|ts-auth-mongo|ts-config-mongo|ts-consign-mongo|ts-consign-price-mongo,ts-assurance-mongo_container-memory-rss,0.7391304347826086,17,23,0.7391304347826086,0.7391304347826086,17,17,17,0.6955046649703138,baseline-v2-20260723,cd270e7871bd358937d83d9a49829637fa80007d2964084ef229f578e3733bd3,ba75425861a059dafcc477474fc3e4ed1eafdc2b47d6fdd0557337035d29a960,8256e3f6db4b7e0d1d35a9753b04f65aa7e909da8c5eb9076235b69acb1d791f,12008022,1693316462000000000,300
TT/ts-auth-service_loss/5,TT,ts-auth-service,loss,5,300,300,stream,0.3,1,0.2997438087105038,nsigma,4,0.25,0.4,0.043478260869565216,0,0,1,70,859.0997999999672,ts-order-other-service|ts|ts-contacts-service|ts-auth-service|ts-cancel-service,ts-order-other-service_istio-latency-99,0.7391304347826086,17,23,0.7391304347826086,0.7391304347826086,17,17,17,0.6955046649703138,baseline-v2-20260723,cd270e7871bd358937d83d9a49829637fa80007d2964084ef229f578e3733bd3,ba75425861a059dafcc477474fc3e4ed1eafdc2b47d6fdd0557337035d29a960,8256e3f6db4b7e0d1d35a9753b04f65aa7e909da8c5eb9076235b69acb1d791f,12008022,1693316462000000000,300
TT/ts-auth-service_loss/5,TT,ts-auth-service,loss,5,300,300,stream,0.3,2,0.2997438087105038,baro,16,0.0625,0.0,0.21739130434782608,0,0,0,70,1022.2451000008732,ts-food-map-service|ts-food-mongo|ts-assurance-mongo|ts-contacts-mongo|ts-route-mongo,ts-food-map-service_container-memory-rss,0.7391304347826086,17,23,0.7391304347826086,0.7391304347826086,17,17,17,0.6955046649703138,baseline-v2-20260723,cd270e7871bd358937d83d9a49829637fa80007d2964084ef229f578e3733bd3,ba75425861a059dafcc477474fc3e4ed1eafdc2b47d6fdd0557337035d29a960,8256e3f6db4b7e0d1d35a9753b04f65aa7e909da8c5eb9076235b69acb1d791f,12008022,1693316462000000000,300
TT/ts-auth-service_loss/5,TT,ts-auth-service,loss,5,300,300,stream,0.3,2,0.2997438087105038,median_shift,24,0.041666666666666664,0.0,0.3333333333333333,0,0,0,70,309.1969999950379,ts-assurance-mongo|ts-auth-mongo|ts-config-mongo|ts-consign-mongo|ts-contacts-mongo,ts-assurance-mongo_container-memory-rss,0.7391304347826086,17,23,0.7391304347826086,0.7391304347826086,17,17,17,0.6955046649703138,baseline-v2-20260723,cd270e7871bd358937d83d9a49829637fa80007d2964084ef229f578e3733bd3,ba75425861a059dafcc477474fc3e4ed1eafdc2b47d6fdd0557337035d29a960,8256e3f6db4b7e0d1d35a9753b04f65aa7e909da8c5eb9076235b69acb1d791f,12008022,1693316462000000000,300
TT/ts-auth-service_loss/5,TT,ts-auth-service,loss,5,300,300,stream,0.3,2,0.2997438087105038,nsigma,4,0.25,0.4,0.043478260869565216,0,0,1,70,951.6639999928884,ts|ts-rebook-service|ts-travel2-service|ts-auth-service|ts-cancel-service,ts_container-network-receive-bytes-total,0.7391304347826086,17,23,0.7391304347826086,0.7391304347826086,17,17,17,0.6955046649703138,baseline-v2-20260723,cd270e7871bd358937d83d9a49829637fa80007d2964084ef229f578e3733bd3,ba75425861a059dafcc477474fc3e4ed1eafdc2b47d6fdd0557337035d29a960,8256e3f6db4b7e0d1d35a9753b04f65aa7e909da8c5eb9076235b69acb1d791f,12008022,1693316462000000000,300
TT/ts-auth-service_loss/5,TT,ts-auth-service,loss,5,300,300,stream,0.3,3,0.2997438087105038,baro,17,0.058823529411764705,0.0,0.2318840579710145,0,0,0,70,831.0308000072837,ts-food-mongo|ts-assurance-mongo|ts-payment-mongo|ts-route-mongo|ts-preserve-other-service,ts-food-mongo_container-memory-rss,0.6521739130434783,15,23,0.6521739130434783,0.6521739130434783,15,15,15,0.6955046649703138,baseline-v2-20260723,cd270e7871bd358937d83d9a49829637fa80007d2964084ef229f578e3733bd3,ba75425861a059dafcc477474fc3e4ed1eafdc2b47d6fdd0557337035d29a960,8256e3f6db4b7e0d1d35a9753b04f65aa7e909da8c5eb9076235b69acb1d791f,12008022,1693316462000000000,300
TT/ts-auth-service_loss/5,TT,ts-auth-service,loss,5,300,300,stream,0.3,3,0.2997438087105038,median_shift,21,0.047619047619047616,0.0,0.2898550724637681,0,0,0,70,235.8445999561809,ts-assurance-mongo|ts-auth-mongo|ts-config-mongo|ts-consign-mongo|ts-food-mongo,ts-assurance-mongo_container-memory-rss,0.6521739130434783,15,23,0.6521739130434783,0.6521739130434783,15,15,15,0.6955046649703138,baseline-v2-20260723,cd270e7871bd358937d83d9a49829637fa80007d2964084ef229f578e3733bd3,ba75425861a059dafcc477474fc3e4ed1eafdc2b47d6fdd0557337035d29a960,8256e3f6db4b7e0d1d35a9753b04f65aa7e909da8c5eb9076235b69acb1d791f,12008022,1693316462000000000,300
TT/ts-auth-service_loss/5,TT,ts-auth-service,loss,5,300,300,stream,0.3,3,0.2997438087105038,nsigma,4,0.25,0.4,0.043478260869565216,0,0,1,70,751.5955999842845,ts|ts-contacts-service|ts-travel2-service|ts-auth-service|ts-cancel-service,ts_container-network-receive-bytes-total,0.6521739130434783,15,23,0.6521739130434783,0.6521739130434783,15,15,15,0.6955046649703138,baseline-v2-20260723,cd270e7871bd358937d83d9a49829637fa80007d2964084ef229f578e3733bd3,ba75425861a059dafcc477474fc3e4ed1eafdc2b47d6fdd0557337035d29a960,8256e3f6db4b7e0d1d35a9753b04f65aa7e909da8c5eb9076235b69acb1d791f,12008022,1693316462000000000,300
TT/ts-auth-service_loss/5,TT,ts-auth-service,loss,5,300,300,stream,0.3,4,0.2997438087105038,baro,21,0.047619047619047616,0.0,0.2898550724637681,0,0,0,70,848.4868999803439,ts-food-mongo|ts-user-mongo|ts-assurance-mongo|ts-contacts-mongo|ts-payment-mongo,ts-food-mongo_container-memory-rss,0.6521739130434783,15,23,0.6521739130434783,0.6521739130434783,15,15,15,0.6955046649703138,baseline-v2-20260723,cd270e7871bd358937d83d9a49829637fa80007d2964084ef229f578e3733bd3,ba75425861a059dafcc477474fc3e4ed1eafdc2b47d6fdd0557337035d29a960,8256e3f6db4b7e0d1d35a9753b04f65aa7e909da8c5eb9076235b69acb1d791f,12008022,1693316462000000000,300
TT/ts-auth-service_loss/5,TT,ts-auth-service,loss,5,300,300,stream,0.3,4,0.2997438087105038,median_shift,22,0.045454545454545456,0.0,0.30434782608695654,0,0,0,70,200.42050001211464,ts-assurance-mongo|ts-auth-mongo|ts-contacts-mongo|ts-food-mongo|ts-inside-payment-mongo,ts-assurance-mongo_container-memory-rss,0.6521739130434783,15,23,0.6521739130434783,0.6521739130434783,15,15,15,0.6955046649703138,baseline-v2-20260723,cd270e7871bd358937d83d9a49829637fa80007d2964084ef229f578e3733bd3,ba75425861a059dafcc477474fc3e4ed1eafdc2b47d6fdd0557337035d29a960,8256e3f6db4b7e0d1d35a9753b04f65aa7e909da8c5eb9076235b69acb1d791f,12008022,1693316462000000000,300
TT/ts-auth-service_loss/5,TT,ts-auth-service,loss,5,300,300,stream,0.3,4,0.2997438087105038,nsigma,6,0.16666666666666666,0.0,0.07246376811594203,0,0,0,70,634.67070000479,ts-order-other-service|ts|ts-rebook-service|ts-contacts-service|ts-travel2-service,ts-order-other-service_istio-latency-99,0.6521739130434783,15,23,0.6521739130434783,0.6521739130434783,15,15,15,0.6955046649703138,baseline-v2-20260723,cd270e7871bd358937d83d9a49829637fa80007d2964084ef229f578e3733bd3,ba75425861a059dafcc477474fc3e4ed1eafdc2b47d6fdd0557337035d29a960,8256e3f6db4b7e0d1d35a9753b04f65aa7e909da8c5eb9076235b69acb1d791f,12008022,1693316462000000000,300
TT/ts-auth-service_loss/5,TT,ts-auth-service,loss,5,300,300,stream,0.3,5,0.2997438087105038,baro,28,0.03571428571428571,0.0,0.391304347826087,0,0,0,70,738.1276999949478,ts-food-map-service|ts-food-mongo|ts-user-mongo|ts-assurance-mongo|ts-route-mongo,ts-food-map-service_container-memory-rss,0.782608695652174,18,23,0.782608695652174,0.782608695652174,18,18,18,0.6955046649703138,baseline-v2-20260723,cd270e7871bd358937d83d9a49829637fa80007d2964084ef229f578e3733bd3,ba75425861a059dafcc477474fc3e4ed1eafdc2b47d6fdd0557337035d29a960,8256e3f6db4b7e0d1d35a9753b04f65aa7e909da8c5eb9076235b69acb1d791f,12008022,1693316462000000000,300
TT/ts-auth-service_loss/5,TT,ts-auth-service,loss,5,300,300,stream,0.3,5,0.2997438087105038,median_shift,27,0.037037037037037035,0.0,0.37681159420289856,0,0,0,70,288.22539997054264,ts-assurance-mongo|ts-auth-mongo|ts-consign-mongo|ts-consign-price-mongo|ts-food-map-service,ts-assurance-mongo_container-memory-rss,0.782608695652174,18,23,0.782608695652174,0.782608695652174,18,18,18,0.6955046649703138,baseline-v2-20260723,cd270e7871bd358937d83d9a49829637fa80007d2964084ef229f578e3733bd3,ba75425861a059dafcc477474fc3e4ed1eafdc2b47d6fdd0557337035d29a960,8256e3f6db4b7e0d1d35a9753b04f65aa7e909da8c5eb9076235b69acb1d791f,12008022,1693316462000000000,300
TT/ts-auth-service_loss/5,TT,ts-auth-service,loss,5,300,300,stream,0.3,5,0.2997438087105038,nsigma,11,0.09090909090909091,0.0,0.14492753623188406,0,0,0,70,658.4792999783531,ts-order-other-service|ts|ts-rebook-service|ts-contacts-service|ts-preserve-service,ts-order-other-service_istio-latency-99,0.782608695652174,18,23,0.782608695652174,0.782608695652174,18,18,18,0.6955046649703138,baseline-v2-20260723,cd270e7871bd358937d83d9a49829637fa80007d2964084ef229f578e3733bd3,ba75425861a059dafcc477474fc3e4ed1eafdc2b47d6fdd0557337035d29a960,8256e3f6db4b7e0d1d35a9753b04f65aa7e909da8c5eb9076235b69acb1d791f,12008022,1693316462000000000,300
TT/ts-auth-service_loss/5,TT,ts-auth-service,loss,5,300,300,stream,0.3,6,0.2997438087105038,baro,30,0.03333333333333333,0.0,0.42028985507246375,0,0,0,70,717.15799998492,ts-food-map-service|ts-food-mongo|ts-contacts-mongo|ts-payment-mongo|ts-route-mongo,ts-food-map-service_container-memory-rss,0.6521739130434783,15,23,0.6521739130434783,0.6521739130434783,15,15,15,0.6955046649703138,baseline-v2-20260723,cd270e7871bd358937d83d9a49829637fa80007d2964084ef229f578e3733bd3,ba75425861a059dafcc477474fc3e4ed1eafdc2b47d6fdd0557337035d29a960,8256e3f6db4b7e0d1d35a9753b04f65aa7e909da8c5eb9076235b69acb1d791f,12008022,1693316462000000000,300
TT/ts-auth-service_loss/5,TT,ts-auth-service,loss,5,300,300,stream,0.3,6,0.2997438087105038,median_shift,21,0.047619047619047616,0.0,0.2898550724637681,0,0,0,70,194.20959998387843,ts-auth-mongo|ts-consign-price-mongo|ts-contacts-mongo|ts-food-map-service|ts-food-mongo,ts-auth-mongo_container-memory-cache,0.6521739130434783,15,23,0.6521739130434783,0.6521739130434783,15,15,15,0.6955046649703138,baseline-v2-20260723,cd270e7871bd358937d83d9a49829637fa80007d2964084ef229f578e3733bd3,ba75425861a059dafcc477474fc3e4ed1eafdc2b47d6fdd0557337035d29a960,8256e3f6db4b7e0d1d35a9753b04f65aa7e909da8c5eb9076235b69acb1d791f,12008022,1693316462000000000,300
TT/ts-auth-service_loss/5,TT,ts-auth-service,loss,5,300,300,stream,0.3,6,0.2997438087105038,nsigma,12,0.08333333333333333,0.0,0.15942028985507245,0,0,0,70,685.1833999971859,ts-order-other-service|ts-rebook-service|ts-travel2-service|ts-cancel-service|ts-preserve-service,ts-order-other-service_istio-latency-99,0.6521739130434783,15,23,0.6521739130434783,0.6521739130434783,15,15,15,0.6955046649703138,baseline-v2-20260723,cd270e7871bd358937d83d9a49829637fa80007d2964084ef229f578e3733bd3,ba75425861a059dafcc477474fc3e4ed1eafdc2b47d6fdd0557337035d29a960,8256e3f6db4b7e0d1d35a9753b04f65aa7e909da8c5eb9076235b69acb1d791f,12008022,1693316462000000000,300
TT/ts-auth-service_loss/5,TT,ts-auth-service,loss,5,300,300,stream,0.3,7,0.2997438087105038,baro,44,0.022727272727272728,0.0,0.6231884057971014,0,0,0,70,862.2527999687009,ts-food-map-service|ts-user-mongo|ts-assurance-mongo|ts-preserve-other-service|ts-security-mongo,ts-food-map-service_container-memory-rss,0.7391304347826086,17,23,0.7391304347826086,0.7391304347826086,17,17,17,0.6955046649703138,baseline-v2-20260723,cd270e7871bd358937d83d9a49829637fa80007d2964084ef229f578e3733bd3,ba75425861a059dafcc477474fc3e4ed1eafdc2b47d6fdd0557337035d29a960,8256e3f6db4b7e0d1d35a9753b04f65aa7e909da8c5eb9076235b69acb1d791f,12008022,1693316462000000000,300
TT/ts-auth-service_loss/5,TT,ts-auth-service,loss,5,300,300,stream,0.3,7,0.2997438087105038,median_shift,32,0.03125,0.0,0.4492753623188406,0,0,0,70,300.8269999991171,ts-assurance-mongo|ts-auth-mongo|ts-consign-mongo|ts-consign-price-mongo|ts-food-map-service,ts-assurance-mongo_container-memory-rss,0.7391304347826086,17,23,0.7391304347826086,0.7391304347826086,17,17,17,0.6955046649703138,baseline-v2-20260723,cd270e7871bd358937d83d9a49829637fa80007d2964084ef229f578e3733bd3,ba75425861a059dafcc477474fc3e4ed1eafdc2b47d6fdd0557337035d29a960,8256e3f6db4b7e0d1d35a9753b04f65aa7e909da8c5eb9076235b69acb1d791f,12008022,1693316462000000000,300
TT/ts-auth-service_loss/5,TT,ts-auth-service,loss,5,300,300,stream,0.3,7,0.2997438087105038,nsigma,26,0.038461538461538464,0.0,0.36231884057971014,0,0,0,70,648.5331000294536,ts-contacts-service|ts-travel2-service|ts-cancel-service|ts-preserve-service|ts-rebook-service,ts-contacts-service_container-cpu-usage-seconds-total,0.7391304347826086,17,23,0.7391304347826086,0.7391304347826086,17,17,17,0.6955046649703138,baseline-v2-20260723,cd270e7871bd358937d83d9a49829637fa80007d2964084ef229f578e3733bd3,ba75425861a059dafcc477474fc3e4ed1eafdc2b47d6fdd0557337035d29a960,8256e3f6db4b7e0d1d35a9753b04f65aa7e909da8c5eb9076235b69acb1d791f,12008022,1693316462000000000,300
TT/ts-auth-service_loss/5,TT,ts-auth-service,loss,5,300,300,stream,0.3,8,0.2997438087105038,baro,20,0.05,0.0,0.2753623188405797,0,0,0,70,918.4804999968037,ts-food-map-service|ts-food-mongo|ts-user-mongo|ts-assurance-mongo|ts-contacts-mongo,ts-food-map-service_container-memory-rss,0.8260869565217391,19,23,0.8260869565217391,0.8260869565217391,19,19,19,0.6955046649703138,baseline-v2-20260723,cd270e7871bd358937d83d9a49829637fa80007d2964084ef229f578e3733bd3,ba75425861a059dafcc477474fc3e4ed1eafdc2b47d6fdd0557337035d29a960,8256e3f6db4b7e0d1d35a9753b04f65aa7e909da8c5eb9076235b69acb1d791f,12008022,1693316462000000000,300
TT/ts-auth-service_loss/5,TT,ts-auth-service,loss,5,300,300,stream,0.3,8,0.2997438087105038,median_shift,27,0.037037037037037035,0.0,0.37681159420289856,0,0,0,70,292.1772000263445,ts-assurance-mongo|ts-auth-mongo|ts-consign-mongo|ts-contacts-mongo|ts-food-map-service,ts-assurance-mongo_container-memory-rss,0.8260869565217391,19,23,0.8260869565217391,0.8260869565217391,19,19,19,0.6955046649703138,baseline-v2-20260723,cd270e7871bd358937d83d9a49829637fa80007d2964084ef229f578e3733bd3,ba75425861a059dafcc477474fc3e4ed1eafdc2b47d6fdd0557337035d29a960,8256e3f6db4b7e0d1d35a9753b04f65aa7e909da8c5eb9076235b69acb1d791f,12008022,1693316462000000000,300
TT/ts-auth-service_loss/5,TT,ts-auth-service,loss,5,300,300,stream,0.3,8,0.2997438087105038,nsigma,3,0.3333333333333333,0.6,0.028985507246376812,0,1,1,70,694.562999997288,ts|ts-rebook-service|ts-auth-service|ts-cancel-service|ts-preserve-service,ts_container-network-receive-bytes-total,0.8260869565217391,19,23,0.8260869565217391,0.8260869565217391,19,19,19,0.6955046649703138,baseline-v2-20260723,cd270e7871bd358937d83d9a49829637fa80007d2964084ef229f578e3733bd3,ba75425861a059dafcc477474fc3e4ed1eafdc2b47d6fdd0557337035d29a960,8256e3f6db4b7e0d1d35a9753b04f65aa7e909da8c5eb9076235b69acb1d791f,12008022,1693316462000000000,300
TT/ts-auth-service_loss/5,TT,ts-auth-service,loss,5,300,300,stream,0.3,9,0.2997438087105038,baro,17,0.058823529411764705,0.0,0.2318840579710145,0,0,0,70,711.610300000757,ts-food-map-service|ts-food-mongo|ts-user-mongo|ts-payment-mongo|ts-route-mongo,ts-food-map-service_container-memory-rss,0.6086956521739131,14,23,0.6086956521739131,0.6086956521739131,14,14,14,0.6955046649703138,baseline-v2-20260723,cd270e7871bd358937d83d9a49829637fa80007d2964084ef229f578e3733bd3,ba75425861a059dafcc477474fc3e4ed1eafdc2b47d6fdd0557337035d29a960,8256e3f6db4b7e0d1d35a9753b04f65aa7e909da8c5eb9076235b69acb1d791f,12008022,1693316462000000000,300
TT/ts-auth-service_loss/5,TT,ts-auth-service,loss,5,300,300,stream,0.3,9,0.2997438087105038,median_shift,24,0.041666666666666664,0.0,0.3333333333333333,0,0,0,70,209.24519997788593,ts-auth-mongo|ts-config-mongo|ts-consign-mongo|ts-food-map-service|ts-food-mongo,ts-auth-mongo_container-memory-cache,0.6086956521739131,14,23,0.6086956521739131,0.6086956521739131,14,14,14,0.6955046649703138,baseline-v2-20260723,cd270e7871bd358937d83d9a49829637fa80007d2964084ef229f578e3733bd3,ba75425861a059dafcc477474fc3e4ed1eafdc2b47d6fdd0557337035d29a960,8256e3f6db4b7e0d1d35a9753b04f65aa7e909da8c5eb9076235b69acb1d791f,12008022,1693316462000000000,300
TT/ts-auth-service_loss/5,TT,ts-auth-service,loss,5,300,300,stream,0.3,9,0.2997438087105038,nsigma,5,0.2,0.2,0.057971014492753624,0,0,1,70,633.8233000133187,ts-order-other-service|ts|ts-rebook-service|ts-travel2-service|ts-auth-service,ts-order-other-service_istio-latency-99,0.6086956521739131,14,23,0.6086956521739131,0.6086956521739131,14,14,14,0.6955046649703138,baseline-v2-20260723,cd270e7871bd358937d83d9a49829637fa80007d2964084ef229f578e3733bd3,ba75425861a059dafcc477474fc3e4ed1eafdc2b47d6fdd0557337035d29a960,8256e3f6db4b7e0d1d35a9753b04f65aa7e909da8c5eb9076235b69acb1d791f,12008022,1693316462000000000,300
TT/ts-auth-service_loss/5,TT,ts-auth-service,loss,5,300,300,stream,0.5,0,0.5004269854824936,baro,14,0.07142857142857142,0.0,0.18840579710144928,0,0,0,70,847.7823999710381,ts-user-mongo|ts-contacts-mongo|ts-payment-mongo|ts-preserve-other-service|ts-consign-price-mongo,ts-user-mongo_container-memory-rss,0.4782608695652174,11,23,0.4782608695652174,0.4782608695652174,11,11,11,0.4961832061068702,baseline-v2-20260723,cd270e7871bd358937d83d9a49829637fa80007d2964084ef229f578e3733bd3,ba75425861a059dafcc477474fc3e4ed1eafdc2b47d6fdd0557337035d29a960,8256e3f6db4b7e0d1d35a9753b04f65aa7e909da8c5eb9076235b69acb1d791f,12008022,1693316462000000000,300
TT/ts-auth-service_loss/5,TT,ts-auth-service,loss,5,300,300,stream,0.5,0,0.5004269854824936,median_shift,19,0.05263157894736842,0.0,0.2608695652173913,0,0,0,70,262.5463000149466,ts-config-mongo|ts-consign-mongo|ts-consign-price-mongo|ts-contacts-mongo|ts-payment-mongo,ts-config-mongo_container-memory-rss,0.4782608695652174,11,23,0.4782608695652174,0.4782608695652174,11,11,11,0.4961832061068702,baseline-v2-20260723,cd270e7871bd358937d83d9a49829637fa80007d2964084ef229f578e3733bd3,ba75425861a059dafcc477474fc3e4ed1eafdc2b47d6fdd0557337035d29a960,8256e3f6db4b7e0d1d35a9753b04f65aa7e909da8c5eb9076235b69acb1d791f,12008022,1693316462000000000,300
TT/ts-auth-service_loss/5,TT,ts-auth-service,loss,5,300,300,stream,0.5,0,0.5004269854824936,nsigma,3,0.3333333333333333,0.6,0.028985507246376812,0,1,1,70,725.098800030537,ts|ts-rebook-service|ts-auth-service|ts-preserve-service|ts-notification-service,ts_container-network-receive-bytes-total,0.4782608695652174,11,23,0.4782608695652174,0.4782608695652174,11,11,11,0.4961832061068702,baseline-v2-20260723,cd270e7871bd358937d83d9a49829637fa80007d2964084ef229f578e3733bd3,ba75425861a059dafcc477474fc3e4ed1eafdc2b47d6fdd0557337035d29a960,8256e3f6db4b7e0d1d35a9753b04f65aa7e909da8c5eb9076235b69acb1d791f,12008022,1693316462000000000,300
TT/ts-auth-service_loss/5,TT,ts-auth-service,loss,5,300,300,stream,0.5,1,0.5004269854824936,baro,11,0.09090909090909091,0.0,0.14492753623188406,0,0,0,70,687.3860000050627,ts-food-map-service|ts-route-mongo|ts-security-mongo|ts-preserve-service|ts-assurance-service,ts-food-map-service_container-memory-rss,0.5652173913043478,13,23,0.5652173913043478,0.5652173913043478,13,13,13,0.4961832061068702,baseline-v2-20260723,cd270e7871bd358937d83d9a49829637fa80007d2964084ef229f578e3733bd3,ba75425861a059dafcc477474fc3e4ed1eafdc2b47d6fdd0557337035d29a960,8256e3f6db4b7e0d1d35a9753b04f65aa7e909da8c5eb9076235b69acb1d791f,12008022,1693316462000000000,300
TT/ts-auth-service_loss/5,TT,ts-auth-service,loss,5,300,300,stream,0.5,1,0.5004269854824936,median_shift,17,0.058823529411764705,0.0,0.2318840579710145,0,0,0,70,225.14009999576956,ts-config-mongo|ts-food-map-service|ts-inside-payment-mongo|ts-route-mongo|ts-security-mongo,ts-config-mongo_container-memory-rss,0.5652173913043478,13,23,0.5652173913043478,0.5652173913043478,13,13,13,0.4961832061068702,baseline-v2-20260723,cd270e7871bd358937d83d9a49829637fa80007d2964084ef229f578e3733bd3,ba75425861a059dafcc477474fc3e4ed1eafdc2b47d6fdd0557337035d29a960,8256e3f6db4b7e0d1d35a9753b04f65aa7e909da8c5eb9076235b69acb1d791f,12008022,1693316462000000000,300
TT/ts-auth-service_loss/5,TT,ts-auth-service,loss,5,300,300,stream,0.5,1,0.5004269854824936,nsigma,4,0.25,0.4,0.043478260869565216,0,0,1,70,708.1287000328302,ts|ts-contacts-service|ts-travel2-service|ts-auth-service|ts-notification-service,ts_container-network-receive-bytes-total,0.5652173913043478,13,23,0.5652173913043478,0.5652173913043478,13,13,13,0.4961832061068702,baseline-v2-20260723,cd270e7871bd358937d83d9a49829637fa80007d2964084ef229f578e3733bd3,ba75425861a059dafcc477474fc3e4ed1eafdc2b47d6fdd0557337035d29a960,8256e3f6db4b7e0d1d35a9753b04f65aa7e909da8c5eb9076235b69acb1d791f,12008022,1693316462000000000,300
TT/ts-auth-service_loss/5,TT,ts-auth-service,loss,5,300,300,stream,0.5,2,0.5004269854824936,baro,15,0.06666666666666667,0.0,0.2028985507246377,0,0,0,70,637.8625999786891,ts-food-map-service|ts-user-mongo|ts-assurance-mongo|ts-contacts-mongo|ts-payment-mongo,ts-food-map-service_container-memory-rss,0.43478260869565216,10,23,0.43478260869565216,0.43478260869565216,10,10,10,0.4961832061068702,baseline-v2-20260723,cd270e7871bd358937d83d9a49829637fa80007d2964084ef229f578e3733bd3,ba75425861a059dafcc477474fc3e4ed1eafdc2b47d6fdd0557337035d29a960,8256e3f6db4b7e0d1d35a9753b04f65aa7e909da8c5eb9076235b69acb1d791f,12008022,1693316462000000000,300
TT/ts-auth-service_loss/5,TT,ts-auth-service,loss,5,300,300,stream,0.5,2,0.5004269854824936,median_shift,22,0.045454545454545456,0.0,0.30434782608695654,0,0,0,70,208.6051999940537,ts-assurance-mongo|ts-auth-mongo|ts-config-mongo|ts-consign-price-mongo|ts-contacts-mongo,ts-assurance-mongo_container-memory-rss,0.43478260869565216,10,23,0.43478260869565216,0.43478260869565216,10,10,10,0.4961832061068702,baseline-v2-20260723,cd270e7871bd358937d83d9a49829637fa80007d2964084ef229f578e3733bd3,ba75425861a059dafcc477474fc3e4ed1eafdc2b47d6fdd0557337035d29a960,8256e3f6db4b7e0d1d35a9753b04f65aa7e909da8c5eb9076235b69acb1d791f,12008022,1693316462000000000,300
TT/ts-auth-service_loss/5,TT,ts-auth-service,loss,5,300,300,stream,0.5,2,0.5004269854824936,nsigma,3,0.3333333333333333,0.6,0.028985507246376812,0,1,1,70,906.4839000348002,ts-order-other-service|ts-travel2-service|ts-auth-service|ts-preserve-service|ts-notification-service,ts-order-other-service_istio-latency-99,0.43478260869565216,10,23,0.43478260869565216,0.43478260869565216,10,10,10,0.4961832061068702,baseline-v2-20260723,cd270e7871bd358937d83d9a49829637fa80007d2964084ef229f578e3733bd3,ba75425861a059dafcc477474fc3e4ed1eafdc2b47d6fdd0557337035d29a960,8256e3f6db4b7e0d1d35a9753b04f65aa7e909da8c5eb9076235b69acb1d791f,12008022,1693316462000000000,300
TT/ts-auth-service_loss/5,TT,ts-auth-service,loss,5,300,300,stream,0.5,3,0.5004269854824936,baro,14,0.07142857142857142,0.0,0.18840579710144928,0,0,0,70,575.667200027965,ts-food-mongo|ts-route-mongo|ts-preserve-other-service|ts-security-mongo|ts-consign-price-mongo,ts-food-mongo_container-memory-rss,0.43478260869565216,10,23,0.43478260869565216,0.43478260869565216,10,10,10,0.4961832061068702,baseline-v2-20260723,cd270e7871bd358937d83d9a49829637fa80007d2964084ef229f578e3733bd3,ba75425861a059dafcc477474fc3e4ed1eafdc2b47d6fdd0557337035d29a960,8256e3f6db4b7e0d1d35a9753b04f65aa7e909da8c5eb9076235b69acb1d791f,12008022,1693316462000000000,300
TT/ts-auth-service_loss/5,TT,ts-auth-service,loss,5,300,300,stream,0.5,3,0.5004269854824936,median_shift,18,0.05555555555555555,0.0,0.2463768115942029,0,0,0,70,201.75230002496392,ts-auth-mongo|ts-consign-price-mongo|ts-food-mongo|ts-route-mongo|ts-security-mongo,ts-auth-mongo_container-memory-rss,0.43478260869565216,10,23,0.43478260869565216,0.43478260869565216,10,10,10,0.4961832061068702,baseline-v2-20260723,cd270e7871bd358937d83d9a49829637fa80007d2964084ef229f578e3733bd3,ba75425861a059dafcc477474fc3e4ed1eafdc2b47d6fdd0557337035d29a960,8256e3f6db4b7e0d1d35a9753b04f65aa7e909da8c5eb9076235b69acb1d791f,12008022,1693316462000000000,300
TT/ts-auth-service_loss/5,TT,ts-auth-service,loss,5,300,300,stream,0.5,3,0.5004269854824936,nsigma,3,0.3333333333333333,0.6,0.028985507246376812,0,1,1,70,607.0629999740049,ts-order-other-service|ts-travel2-service|ts-auth-service|ts-cancel-service|ts-notification-service,ts-order-other-service_istio-latency-99,0.43478260869565216,10,23,0.43478260869565216,0.43478260869565216,10,10,10,0.4961832061068702,baseline-v2-20260723,cd270e7871bd358937d83d9a49829637fa80007d2964084ef229f578e3733bd3,ba75425861a059dafcc477474fc3e4ed1eafdc2b47d6fdd0557337035d29a960,8256e3f6db4b7e0d1d35a9753b04f65aa7e909da8c5eb9076235b69acb1d791f,12008022,1693316462000000000,300
TT/ts-auth-service_loss/5,TT,ts-auth-service,loss,5,300,300,stream,0.5,4,0.5004269854824936,baro,40,0.025,0.0,0.5652173913043478,0,0,0,70,739.525799988769,ts-food-map-service|ts-food-mongo|ts-user-mongo|ts-assurance-mongo|ts-route-mongo,ts-food-map-service_container-memory-rss,0.43478260869565216,10,23,0.43478260869565216,0.43478260869565216,10,10,10,0.4961832061068702,baseline-v2-20260723,cd270e7871bd358937d83d9a49829637fa80007d2964084ef229f578e3733bd3,ba75425861a059dafcc477474fc3e4ed1eafdc2b47d6fdd0557337035d29a960,8256e3f6db4b7e0d1d35a9753b04f65aa7e909da8c5eb9076235b69acb1d791f,12008022,1693316462000000000,300
TT/ts-auth-service_loss/5,TT,ts-auth-service,loss,5,300,300,stream,0.5,4,0.5004269854824936,median_shift,26,0.038461538461538464,0.0,0.36231884057971014,0,0,0,70,158.41799997724593,ts-assurance-mongo|ts-auth-mongo|ts-consign-mongo|ts-food-map-service|ts-food-mongo,ts-assurance-mongo_container-memory-rss,0.43478260869565216,10,23,0.43478260869565216,0.43478260869565216,10,10,10,0.4961832061068702,baseline-v2-20260723,cd270e7871bd358937d83d9a49829637fa80007d2964084ef229f578e3733bd3,ba75425861a059dafcc477474fc3e4ed1eafdc2b47d6fdd0557337035d29a960,8256e3f6db4b7e0d1d35a9753b04f65aa7e909da8c5eb9076235b69acb1d791f,12008022,1693316462000000000,300
TT/ts-auth-service_loss/5,TT,ts-auth-service,loss,5,300,300,stream,0.5,4,0.5004269854824936,nsigma,34,0.029411764705882353,0.0,0.4782608695652174,0,0,0,70,625.7362000178546,ts-order-other-service|ts-rebook-service|ts-contacts-service|ts-cancel-service|ts-preserve-service,ts-order-other-service_istio-latency-99,0.43478260869565216,10,23,0.43478260869565216,0.43478260869565216,10,10,10,0.4961832061068702,baseline-v2-20260723,cd270e7871bd358937d83d9a49829637fa80007d2964084ef229f578e3733bd3,ba75425861a059dafcc477474fc3e4ed1eafdc2b47d6fdd0557337035d29a960,8256e3f6db4b7e0d1d35a9753b04f65aa7e909da8c5eb9076235b69acb1d791f,12008022,1693316462000000000,300
TT/ts-auth-service_loss/5,TT,ts-auth-service,loss,5,300,300,stream,0.5,5,0.5004269854824936,baro,37,0.02702702702702703,0.0,0.5217391304347826,0,0,0,70,579.0070000221021,ts-food-mongo|ts-user-mongo|ts-assurance-mongo|ts-preserve-other-service|ts-preserve-service,ts-food-mongo_container-memory-rss,0.17391304347826086,4,23,0.17391304347826086,0.17391304347826086,4,4,4,0.4961832061068702,baseline-v2-20260723,cd270e7871bd358937d83d9a49829637fa80007d2964084ef229f578e3733bd3,ba75425861a059dafcc477474fc3e4ed1eafdc2b47d6fdd0557337035d29a960,8256e3f6db4b7e0d1d35a9753b04f65aa7e909da8c5eb9076235b69acb1d791f,12008022,1693316462000000000,300
TT/ts-auth-service_loss/5,TT,ts-auth-service,loss,5,300,300,stream,0.5,5,0.5004269854824936,median_shift,24,0.041666666666666664,0.0,0.3333333333333333,0,0,0,70,155.36059997975826,ts-assurance-mongo|ts-consign-mongo|ts-food-mongo|ts-inside-payment-mongo|ts-order-service,ts-assurance-mongo_container-memory-rss,0.17391304347826086,4,23,0.17391304347826086,0.17391304347826086,4,4,4,0.4961832061068702,baseline-v2-20260723,cd270e7871bd358937d83d9a49829637fa80007d2964084ef229f578e3733bd3,ba75425861a059dafcc477474fc3e4ed1eafdc2b47d6fdd0557337035d29a960,8256e3f6db4b7e0d1d35a9753b04f65aa7e909da8c5eb9076235b69acb1d791f,12008022,1693316462000000000,300
TT/ts-auth-service_loss/5,TT,ts-auth-service,loss,5,300,300,stream,0.5,5,0.5004269854824936,nsigma,35,0.02857142857142857,0.0,0.4927536231884058,0,0,0,70,670.7734999945387,ts-contacts-service|ts-cancel-service|ts-preserve-service|ts-notification-service|ts-admin-order-service,ts-contacts-service_container-cpu-usage-seconds-total,0.17391304347826086,4,23,0.17391304347826086,0.17391304347826086,4,4,4,0.4961832061068702,baseline-v2-20260723,cd270e7871bd358937d83d9a49829637fa80007d2964084ef229f578e3733bd3,ba75425861a059dafcc477474fc3e4ed1eafdc2b47d6fdd0557337035d29a960,8256e3f6db4b7e0d1d35a9753b04f65aa7e909da8c5eb9076235b69acb1d791f,12008022,1693316462000000000,300
TT/ts-auth-service_loss/5,TT,ts-auth-service,loss,5,300,300,stream,0.5,6,0.5004269854824936,baro,14,0.07142857142857142,0.0,0.18840579710144928,0,0,0,70,675.458499987144,ts-assurance-mongo|ts-route-mongo|ts-preserve-other-service|ts-security-mongo|ts-order-mongo,ts-assurance-mongo_container-memory-rss,0.6521739130434783,15,23,0.6521739130434783,0.6521739130434783,15,15,15,0.4961832061068702,baseline-v2-20260723,cd270e7871bd358937d83d9a49829637fa80007d2964084ef229f578e3733bd3,ba75425861a059dafcc477474fc3e4ed1eafdc2b47d6fdd0557337035d29a960,8256e3f6db4b7e0d1d35a9753b04f65aa7e909da8c5eb9076235b69acb1d791f,12008022,1693316462000000000,300
TT/ts-auth-service_loss/5,TT,ts-auth-service,loss,5,300,300,stream,0.5,6,0.5004269854824936,median_shift,18,0.05555555555555555,0.0,0.2463768115942029,0,0,0,70,208.46549997804686,ts-assurance-mongo|ts-auth-mongo|ts-consign-mongo|ts-order-mongo|ts-route-mongo,ts-assurance-mongo_container-memory-rss,0.6521739130434783,15,23,0.6521739130434783,0.6521739130434783,15,15,15,0.4961832061068702,baseline-v2-20260723,cd270e7871bd358937d83d9a49829637fa80007d2964084ef229f578e3733bd3,ba75425861a059dafcc477474fc3e4ed1eafdc2b47d6fdd0557337035d29a960,8256e3f6db4b7e0d1d35a9753b04f65aa7e909da8c5eb9076235b69acb1d791f,12008022,1693316462000000000,300
TT/ts-auth-service_loss/5,TT,ts-auth-service,loss,5,300,300,stream,0.5,6,0.5004269854824936,nsigma,4,0.25,0.4,0.043478260869565216,0,0,1,70,578.2846999936737,ts-order-other-service|ts|ts-contacts-service|ts-auth-service|ts-preserve-service,ts-order-other-service_istio-latency-99,0.6521739130434783,15,23,0.6521739130434783,0.6521739130434783,15,15,15,0.4961832061068702,baseline-v2-20260723,cd270e7871bd358937d83d9a49829637fa80007d2964084ef229f578e3733bd3,ba75425861a059dafcc477474fc3e4ed1eafdc2b47d6fdd0557337035d29a960,8256e3f6db4b7e0d1d35a9753b04f65aa7e909da8c5eb9076235b69acb1d791f,12008022,1693316462000000000,300
TT/ts-auth-service_loss/5,TT,ts-auth-service,loss,5,300,300,stream,0.5,7,0.5004269854824936,baro,26,0.038461538461538464,0.0,0.36231884057971014,0,0,0,70,873.220500012394,ts-food-map-service|ts-user-mongo|ts-route-mongo|ts-preserve-other-service|ts-security-mongo,ts-food-map-service_container-memory-rss,0.7391304347826086,17,23,0.7391304347826086,0.7391304347826086,17,17,17,0.4961832061068702,baseline-v2-20260723,cd270e7871bd358937d83d9a49829637fa80007d2964084ef229f578e3733bd3,ba75425861a059dafcc477474fc3e4ed1eafdc2b47d6fdd0557337035d29a960,8256e3f6db4b7e0d1d35a9753b04f65aa7e909da8c5eb9076235b69acb1d791f,12008022,1693316462000000000,300
TT/ts-auth-service_loss/5,TT,ts-auth-service,loss,5,300,300,stream,0.5,7,0.5004269854824936,median_shift,19,0.05263157894736842,0.0,0.2608695652173913,0,0,0,70,204.18230001814663,ts-auth-mongo|ts-consign-mongo|ts-consign-price-mongo|ts-food-map-service|ts-inside-payment-mongo,ts-auth-mongo_container-memory-cache,0.7391304347826086,17,23,0.7391304347826086,0.7391304347826086,17,17,17,0.4961832061068702,baseline-v2-20260723,cd270e7871bd358937d83d9a49829637fa80007d2964084ef229f578e3733bd3,ba75425861a059dafcc477474fc3e4ed1eafdc2b47d6fdd0557337035d29a960,8256e3f6db4b7e0d1d35a9753b04f65aa7e909da8c5eb9076235b69acb1d791f,12008022,1693316462000000000,300
TT/ts-auth-service_loss/5,TT,ts-auth-service,loss,5,300,300,stream,0.5,7,0.5004269854824936,nsigma,10,0.1,0.0,0.13043478260869565,0,0,0,70,539.4257000298239,ts-order-other-service|ts|ts-rebook-service|ts-travel2-service|ts-preserve-service,ts-order-other-service_istio-latency-99,0.7391304347826086,17,23,0.7391304347826086,0.7391304347826086,17,17,17,0.4961832061068702,baseline-v2-20260723,cd270e7871bd358937d83d9a49829637fa80007d2964084ef229f578e3733bd3,ba75425861a059dafcc477474fc3e4ed1eafdc2b47d6fdd0557337035d29a960,8256e3f6db4b7e0d1d35a9753b04f65aa7e909da8c5eb9076235b69acb1d791f,12008022,1693316462000000000,300
TT/ts-auth-service_loss/5,TT,ts-auth-service,loss,5,300,300,stream,0.5,8,0.5004269854824936,baro,15,0.06666666666666667,0.0,0.2028985507246377,0,0,0,70,816.2453999975696,ts-food-map-service|ts-assurance-mongo|ts-route-mongo|ts-security-mongo|ts-consign-price-mongo,ts-food-map-service_container-memory-rss,0.4782608695652174,11,23,0.4782608695652174,0.4782608695652174,11,11,11,0.4961832061068702,baseline-v2-20260723,cd270e7871bd358937d83d9a49829637fa80007d2964084ef229f578e3733bd3,ba75425861a059dafcc477474fc3e4ed1eafdc2b47d6fdd0557337035d29a960,8256e3f6db4b7e0d1d35a9753b04f65aa7e909da8c5eb9076235b69acb1d791f,12008022,1693316462000000000,300
TT/ts-auth-service_loss/5,TT,ts-auth-service,loss,5,300,300,stream,0.5,8,0.5004269854824936,median_shift,21,0.047619047619047616,0.0,0.2898550724637681,0,0,0,70,194.87459998345003,ts-assurance-mongo|ts-auth-mongo|ts-consign-mongo|ts-consign-price-mongo|ts-food-map-service,ts-assurance-mongo_container-memory-rss,0.4782608695652174,11,23,0.4782608695652174,0.4782608695652174,11,11,11,0.4961832061068702,baseline-v2-20260723,cd270e7871bd358937d83d9a49829637fa80007d2964084ef229f578e3733bd3,ba75425861a059dafcc477474fc3e4ed1eafdc2b47d6fdd0557337035d29a960,8256e3f6db4b7e0d1d35a9753b04f65aa7e909da8c5eb9076235b69acb1d791f,12008022,1693316462000000000,300
TT/ts-auth-service_loss/5,TT,ts-auth-service,loss,5,300,300,stream,0.5,8,0.5004269854824936,nsigma,4,0.25,0.4,0.043478260869565216,0,0,1,70,733.4085999755189,ts-order-other-service|ts-rebook-service|ts-travel2-service|ts-auth-service|ts-cancel-service,ts-order-other-service_istio-latency-99,0.4782608695652174,11,23,0.4782608695652174,0.4782608695652174,11,11,11,0.4961832061068702,baseline-v2-20260723,cd270e7871bd358937d83d9a49829637fa80007d2964084ef229f578e3733bd3,ba75425861a059dafcc477474fc3e4ed1eafdc2b47d6fdd0557337035d29a960,8256e3f6db4b7e0d1d35a9753b04f65aa7e909da8c5eb9076235b69acb1d791f,12008022,1693316462000000000,300
TT/ts-auth-service_loss/5,TT,ts-auth-service,loss,5,300,300,stream,0.5,9,0.5004269854824936,baro,14,0.07142857142857142,0.0,0.18840579710144928,0,0,0,70,651.487700000871,ts-food-mongo|ts-assurance-mongo|ts-preserve-other-service|ts-consign-price-mongo|ts-order-mongo,ts-food-mongo_container-memory-rss,0.6521739130434783,15,23,0.6521739130434783,0.6521739130434783,15,15,15,0.4961832061068702,baseline-v2-20260723,cd270e7871bd358937d83d9a49829637fa80007d2964084ef229f578e3733bd3,ba75425861a059dafcc477474fc3e4ed1eafdc2b47d6fdd0557337035d29a960,8256e3f6db4b7e0d1d35a9753b04f65aa7e909da8c5eb9076235b69acb1d791f,12008022,1693316462000000000,300
TT/ts-auth-service_loss/5,TT,ts-auth-service,loss,5,300,300,stream,0.5,9,0.5004269854824936,median_shift,22,0.045454545454545456,0.0,0.30434782608695654,0,0,0,70,237.2122000087984,ts-assurance-mongo|ts-auth-mongo|ts-consign-mongo|ts-consign-price-mongo|ts-food-mongo,ts-assurance-mongo_container-memory-rss,0.6521739130434783,15,23,0.6521739130434783,0.6521739130434783,15,15,15,0.4961832061068702,baseline-v2-20260723,cd270e7871bd358937d83d9a49829637fa80007d2964084ef229f578e3733bd3,ba75425861a059dafcc477474fc3e4ed1eafdc2b47d6fdd0557337035d29a960,8256e3f6db4b7e0d1d35a9753b04f65aa7e909da8c5eb9076235b69acb1d791f,12008022,1693316462000000000,300
TT/ts-auth-service_loss/5,TT,ts-auth-service,loss,5,300,300,stream,0.5,9,0.5004269854824936,nsigma,4,0.25,0.4,0.043478260869565216,0,0,1,70,584.5500000286847,ts-order-other-service|ts-contacts-service|ts-travel2-service|ts-auth-service|ts-preserve-service,ts-order-other-service_istio-latency-99,0.6521739130434783,15,23,0.6521739130434783,0.6521739130434783,15,15,15,0.4961832061068702,baseline-v2-20260723,cd270e7871bd358937d83d9a49829637fa80007d2964084ef229f578e3733bd3,ba75425861a059dafcc477474fc3e4ed1eafdc2b47d6fdd0557337035d29a960,8256e3f6db4b7e0d1d35a9753b04f65aa7e909da8c5eb9076235b69acb1d791f,12008022,1693316462000000000,300
