case_id,system,root_service,fault,repetition,n_pre,n_post,mechanism,rate,replicate,realized_rate,method,rank,reciprocal_rank,avg_at_5,normalized_rank,hit_at_1,hit_at_3,hit_at_5,candidate_count,elapsed_ms,top_5,top_evidence_metric,root_observed_fraction,root_streams_available,root_streams_total,root_pre_observed_fraction,root_post_observed_fraction,root_streams_pre_available,root_streams_post_available,root_streams_scorable,observed_fraction,runner_version,code_hash,config_fingerprint,source_fingerprint,source_size,source_mtime_ns,window
TT/ts-order-service_loss/1,TT,ts-order-service,loss,1,300,300,burst,0.1,0,0.10003994252565436,baro,15,0.06666666666666667,0.0,0.2028985507246377,0,0,0,70,540.6278000446036,192-168-29-237-9100|ts-preserve-other-service|ts-consign-mongo|ts-food-map-mongo|ts-preserve-service,192-168-29-237-9100_node-memory-active-bytes,0.9,23,23,0.897536231884058,0.902463768115942,23,23,23,0.8995645766345123,baseline-v2-20260723,cd270e7871bd358937d83d9a49829637fa80007d2964084ef229f578e3733bd3,ba75425861a059dafcc477474fc3e4ed1eafdc2b47d6fdd0557337035d29a960,f50c93d67ac3ef1043a97481e729b25f9aa26543f5cedbd6c75a479fee202fc5,12833329,1693222006000000000,300
TT/ts-order-service_loss/1,TT,ts-order-service,loss,1,300,300,burst,0.1,0,0.10003994252565436,median_shift,18,0.05555555555555555,0.0,0.2463768115942029,0,0,0,70,156.56979999039322,192-168-29-237-9100|ts-auth-mongo|ts-config-mongo|ts-consign-mongo|ts-consign-price-service,192-168-29-237-9100_node-memory-active-bytes,0.9,23,23,0.897536231884058,0.902463768115942,23,23,23,0.8995645766345123,baseline-v2-20260723,cd270e7871bd358937d83d9a49829637fa80007d2964084ef229f578e3733bd3,ba75425861a059dafcc477474fc3e4ed1eafdc2b47d6fdd0557337035d29a960,f50c93d67ac3ef1043a97481e729b25f9aa26543f5cedbd6c75a479fee202fc5,12833329,1693222006000000000,300
TT/ts-order-service_loss/1,TT,ts-order-service,loss,1,300,300,burst,0.1,0,0.10003994252565436,nsigma,4,0.25,0.4,0.043478260869565216,0,0,1,70,435.677100031171,ts-security-service|ts-seat-service|ts-inside-payment-service|ts-order-service|ts-payment-service,ts-security-service_istio-latency-99,0.9,23,23,0.897536231884058,0.902463768115942,23,23,23,0.8995645766345123,baseline-v2-20260723,cd270e7871bd358937d83d9a49829637fa80007d2964084ef229f578e3733bd3,ba75425861a059dafcc477474fc3e4ed1eafdc2b47d6fdd0557337035d29a960,f50c93d67ac3ef1043a97481e729b25f9aa26543f5cedbd6c75a479fee202fc5,12833329,1693222006000000000,300
TT/ts-order-service_loss/1,TT,ts-order-service,loss,1,300,300,burst,0.1,1,0.10004128287886424,baro,16,0.0625,0.0,0.21739130434782608,0,0,0,70,536.4464000449516,192-168-29-237-9100|ts-preserve-other-service|192-168-51-251-9100|ts-consign-mongo|ts-food-map-mongo,192-168-29-237-9100_node-memory-active-bytes,0.9,23,23,0.8779710144927536,0.9220289855072463,23,23,23,0.8995632368703108,baseline-v2-20260723,cd270e7871bd358937d83d9a49829637fa80007d2964084ef229f578e3733bd3,ba75425861a059dafcc477474fc3e4ed1eafdc2b47d6fdd0557337035d29a960,f50c93d67ac3ef1043a97481e729b25f9aa26543f5cedbd6c75a479fee202fc5,12833329,1693222006000000000,300
TT/ts-order-service_loss/1,TT,ts-order-service,loss,1,300,300,burst,0.1,1,0.10004128287886424,median_shift,17,0.058823529411764705,0.0,0.2318840579710145,0,0,0,70,155.90999997220933,192-168-29-237-9100|ts-config-mongo|ts-consign-mongo|ts-consign-price-service|ts-food-map-mongo,192-168-29-237-9100_node-memory-active-bytes,0.9,23,23,0.8779710144927536,0.9220289855072463,23,23,23,0.8995632368703108,baseline-v2-20260723,cd270e7871bd358937d83d9a49829637fa80007d2964084ef229f578e3733bd3,ba75425861a059dafcc477474fc3e4ed1eafdc2b47d6fdd0557337035d29a960,f50c93d67ac3ef1043a97481e729b25f9aa26543f5cedbd6c75a479fee202fc5,12833329,1693222006000000000,300
TT/ts-order-service_loss/1,TT,ts-order-service,loss,1,300,300,burst,0.1,1,0.10004128287886424,nsigma,4,0.25,0.4,0.043478260869565216,0,0,1,70,471.38219996122643,ts-security-service|ts-seat-service|ts-inside-payment-service|ts-order-service|ts-payment-service,ts-security-service_istio-latency-99,0.9,23,23,0.8779710144927536,0.9220289855072463,23,23,23,0.8995632368703108,baseline-v2-20260723,cd270e7871bd358937d83d9a49829637fa80007d2964084ef229f578e3733bd3,ba75425861a059dafcc477474fc3e4ed1eafdc2b47d6fdd0557337035d29a960,f50c93d67ac3ef1043a97481e729b25f9aa26543f5cedbd6c75a479fee202fc5,12833329,1693222006000000000,300
TT/ts-order-service_loss/1,TT,ts-order-service,loss,1,300,300,burst,0.1,2,0.10000241263577778,baro,16,0.0625,0.0,0.21739130434782608,0,0,0,70,566.3931999588385,192-168-29-237-9100|ts-preserve-other-service|ts-consign-mongo|ts-seat-service|ts-food-map-mongo,192-168-29-237-9100_node-memory-active-bytes,0.9,23,23,0.8669565217391304,0.9330434782608695,23,23,23,0.8996020900321543,baseline-v2-20260723,cd270e7871bd358937d83d9a49829637fa80007d2964084ef229f578e3733bd3,ba75425861a059dafcc477474fc3e4ed1eafdc2b47d6fdd0557337035d29a960,f50c93d67ac3ef1043a97481e729b25f9aa26543f5cedbd6c75a479fee202fc5,12833329,1693222006000000000,300
TT/ts-order-service_loss/1,TT,ts-order-service,loss,1,300,300,burst,0.1,2,0.10000241263577778,median_shift,20,0.05,0.0,0.2753623188405797,0,0,0,70,153.91270001418889,192-168-29-237-9100|ts-auth-mongo|ts-config-mongo|ts-consign-mongo|ts-consign-price-service,192-168-29-237-9100_node-memory-active-bytes,0.9,23,23,0.8669565217391304,0.9330434782608695,23,23,23,0.8996020900321543,baseline-v2-20260723,cd270e7871bd358937d83d9a49829637fa80007d2964084ef229f578e3733bd3,ba75425861a059dafcc477474fc3e4ed1eafdc2b47d6fdd0557337035d29a960,f50c93d67ac3ef1043a97481e729b25f9aa26543f5cedbd6c75a479fee202fc5,12833329,1693222006000000000,300
TT/ts-order-service_loss/1,TT,ts-order-service,loss,1,300,300,burst,0.1,2,0.10000241263577778,nsigma,6,0.16666666666666666,0.0,0.07246376811594203,0,0,0,70,438.3543000440113,ts-security-service|ts-seat-service|ts-inside-payment-service|ts-preserve-other-service|ts-payment-service,ts-security-service_istio-latency-99,0.9,23,23,0.8669565217391304,0.9330434782608695,23,23,23,0.8996020900321543,baseline-v2-20260723,cd270e7871bd358937d83d9a49829637fa80007d2964084ef229f578e3733bd3,ba75425861a059dafcc477474fc3e4ed1eafdc2b47d6fdd0557337035d29a960,f50c93d67ac3ef1043a97481e729b25f9aa26543f5cedbd6c75a479fee202fc5,12833329,1693222006000000000,300
TT/ts-order-service_loss/1,TT,ts-order-service,loss,1,300,300,burst,0.1,3,0.10004262323207412,baro,16,0.0625,0.0,0.21739130434782608,0,0,0,70,537.9601999884471,192-168-29-237-9100|ts-preserve-other-service|ts-consign-price-service|ts-consign-mongo|ts-food-map-mongo,192-168-29-237-9100_node-memory-active-bytes,0.9,23,23,0.9,0.9,23,23,23,0.8995618971061093,baseline-v2-20260723,cd270e7871bd358937d83d9a49829637fa80007d2964084ef229f578e3733bd3,ba75425861a059dafcc477474fc3e4ed1eafdc2b47d6fdd0557337035d29a960,f50c93d67ac3ef1043a97481e729b25f9aa26543f5cedbd6c75a479fee202fc5,12833329,1693222006000000000,300
TT/ts-order-service_loss/1,TT,ts-order-service,loss,1,300,300,burst,0.1,3,0.10004262323207412,median_shift,21,0.047619047619047616,0.0,0.2898550724637681,0,0,0,70,152.46690000640228,192-168-29-237-9100|ts-auth-mongo|ts-config-mongo|ts-consign-mongo|ts-consign-price-service,192-168-29-237-9100_node-memory-active-bytes,0.9,23,23,0.9,0.9,23,23,23,0.8995618971061093,baseline-v2-20260723,cd270e7871bd358937d83d9a49829637fa80007d2964084ef229f578e3733bd3,ba75425861a059dafcc477474fc3e4ed1eafdc2b47d6fdd0557337035d29a960,f50c93d67ac3ef1043a97481e729b25f9aa26543f5cedbd6c75a479fee202fc5,12833329,1693222006000000000,300
TT/ts-order-service_loss/1,TT,ts-order-service,loss,1,300,300,burst,0.1,3,0.10004262323207412,nsigma,4,0.25,0.4,0.043478260869565216,0,0,1,70,446.44079997669905,ts-security-service|ts-seat-service|ts-inside-payment-service|ts-order-service|ts-payment-service,ts-security-service_istio-latency-99,0.9,23,23,0.9,0.9,23,23,23,0.8995618971061093,baseline-v2-20260723,cd270e7871bd358937d83d9a49829637fa80007d2964084ef229f578e3733bd3,ba75425861a059dafcc477474fc3e4ed1eafdc2b47d6fdd0557337035d29a960,f50c93d67ac3ef1043a97481e729b25f9aa26543f5cedbd6c75a479fee202fc5,12833329,1693222006000000000,300
TT/ts-order-service_loss/1,TT,ts-order-service,loss,1,300,300,burst,0.1,4,0.10002921969997534,baro,16,0.0625,0.0,0.21739130434782608,0,0,0,70,537.478199985344,192-168-29-237-9100|ts-preserve-other-service|ts-consign-mongo|ts-food-map-mongo|ts-preserve-service,192-168-29-237-9100_node-memory-active-bytes,0.9,23,23,0.8789855072463768,0.9210144927536232,23,23,23,0.8995752947481244,baseline-v2-20260723,cd270e7871bd358937d83d9a49829637fa80007d2964084ef229f578e3733bd3,ba75425861a059dafcc477474fc3e4ed1eafdc2b47d6fdd0557337035d29a960,f50c93d67ac3ef1043a97481e729b25f9aa26543f5cedbd6c75a479fee202fc5,12833329,1693222006000000000,300
TT/ts-order-service_loss/1,TT,ts-order-service,loss,1,300,300,burst,0.1,4,0.10002921969997534,median_shift,19,0.05263157894736842,0.0,0.2608695652173913,0,0,0,70,154.885700030718,192-168-29-237-9100|ts-auth-mongo|ts-config-mongo|ts-consign-mongo|ts-consign-price-service,192-168-29-237-9100_node-memory-active-bytes,0.9,23,23,0.8789855072463768,0.9210144927536232,23,23,23,0.8995752947481244,baseline-v2-20260723,cd270e7871bd358937d83d9a49829637fa80007d2964084ef229f578e3733bd3,ba75425861a059dafcc477474fc3e4ed1eafdc2b47d6fdd0557337035d29a960,f50c93d67ac3ef1043a97481e729b25f9aa26543f5cedbd6c75a479fee202fc5,12833329,1693222006000000000,300
TT/ts-order-service_loss/1,TT,ts-order-service,loss,1,300,300,burst,0.1,4,0.10002921969997534,nsigma,5,0.2,0.2,0.057971014492753624,0,0,1,70,477.99600003054366,ts-security-service|ts-payment-service|ts-seat-service|ts-inside-payment-service|ts-order-service,ts-security-service_istio-latency-99,0.9,23,23,0.8789855072463768,0.9210144927536232,23,23,23,0.8995752947481244,baseline-v2-20260723,cd270e7871bd358937d83d9a49829637fa80007d2964084ef229f578e3733bd3,ba75425861a059dafcc477474fc3e4ed1eafdc2b47d6fdd0557337035d29a960,f50c93d67ac3ef1043a97481e729b25f9aa26543f5cedbd6c75a479fee202fc5,12833329,1693222006000000000,300
TT/ts-order-service_loss/1,TT,ts-order-service,loss,1,300,300,burst,0.1,5,0.09998364769083949,baro,15,0.06666666666666667,0.0,0.2028985507246377,0,0,0,70,533.5796999861486,192-168-29-237-9100|ts-preserve-other-service|ts-consign-mongo|ts-food-map-mongo|ts-preserve-service,192-168-29-237-9100_node-memory-active-bytes,0.9,23,23,0.8839130434782608,0.9160869565217391,23,23,23,0.8996208467309753,baseline-v2-20260723,cd270e7871bd358937d83d9a49829637fa80007d2964084ef229f578e3733bd3,ba75425861a059dafcc477474fc3e4ed1eafdc2b47d6fdd0557337035d29a960,f50c93d67ac3ef1043a97481e729b25f9aa26543f5cedbd6c75a479fee202fc5,12833329,1693222006000000000,300
TT/ts-order-service_loss/1,TT,ts-order-service,loss,1,300,300,burst,0.1,5,0.09998364769083949,median_shift,19,0.05263157894736842,0.0,0.2608695652173913,0,0,0,70,154.2881999630481,192-168-29-237-9100|ts-auth-mongo|ts-config-mongo|ts-consign-mongo|ts-consign-price-service,192-168-29-237-9100_node-memory-active-bytes,0.9,23,23,0.8839130434782608,0.9160869565217391,23,23,23,0.8996208467309753,baseline-v2-20260723,cd270e7871bd358937d83d9a49829637fa80007d2964084ef229f578e3733bd3,ba75425861a059dafcc477474fc3e4ed1eafdc2b47d6fdd0557337035d29a960,f50c93d67ac3ef1043a97481e729b25f9aa26543f5cedbd6c75a479fee202fc5,12833329,1693222006000000000,300
TT/ts-order-service_loss/1,TT,ts-order-service,loss,1,300,300,burst,0.1,5,0.09998364769083949,nsigma,5,0.2,0.2,0.057971014492753624,0,0,1,70,471.4100999990478,ts-security-service|ts-seat-service|ts-inside-payment-service|ts-payment-service|ts-order-service,ts-security-service_istio-latency-99,0.9,23,23,0.8839130434782608,0.9160869565217391,23,23,23,0.8996208467309753,baseline-v2-20260723,cd270e7871bd358937d83d9a49829637fa80007d2964084ef229f578e3733bd3,ba75425861a059dafcc477474fc3e4ed1eafdc2b47d6fdd0557337035d29a960,f50c93d67ac3ef1043a97481e729b25f9aa26543f5cedbd6c75a479fee202fc5,12833329,1693222006000000000,300
TT/ts-order-service_loss/1,TT,ts-order-service,loss,1,300,300,burst,0.1,6,0.09996756345232095,baro,16,0.0625,0.0,0.21739130434782608,0,0,0,70,569.4596999674104,192-168-29-237-9100|ts-preserve-other-service|ts-consign-price-service|ts-consign-mongo|ts-food-map-mongo,192-168-29-237-9100_node-memory-active-bytes,0.9,23,23,0.9130434782608695,0.8869565217391304,23,23,23,0.8996369239013934,baseline-v2-20260723,cd270e7871bd358937d83d9a49829637fa80007d2964084ef229f578e3733bd3,ba75425861a059dafcc477474fc3e4ed1eafdc2b47d6fdd0557337035d29a960,f50c93d67ac3ef1043a97481e729b25f9aa26543f5cedbd6c75a479fee202fc5,12833329,1693222006000000000,300
TT/ts-order-service_loss/1,TT,ts-order-service,loss,1,300,300,burst,0.1,6,0.09996756345232095,median_shift,18,0.05555555555555555,0.0,0.2463768115942029,0,0,0,70,156.66390000842512,192-168-29-237-9100|ts-config-mongo|ts-consign-mongo|ts-consign-price-service|ts-food-map-mongo,192-168-29-237-9100_node-memory-active-bytes,0.9,23,23,0.9130434782608695,0.8869565217391304,23,23,23,0.8996369239013934,baseline-v2-20260723,cd270e7871bd358937d83d9a49829637fa80007d2964084ef229f578e3733bd3,ba75425861a059dafcc477474fc3e4ed1eafdc2b47d6fdd0557337035d29a960,f50c93d67ac3ef1043a97481e729b25f9aa26543f5cedbd6c75a479fee202fc5,12833329,1693222006000000000,300
TT/ts-order-service_loss/1,TT,ts-order-service,loss,1,300,300,burst,0.1,6,0.09996756345232095,nsigma,4,0.25,0.4,0.043478260869565216,0,0,1,70,439.4293000223115,ts-security-service|ts-seat-service|ts-inside-payment-service|ts-order-service|ts-payment-service,ts-security-service_istio-latency-99,0.9,23,23,0.9130434782608695,0.8869565217391304,23,23,23,0.8996369239013934,baseline-v2-20260723,cd270e7871bd358937d83d9a49829637fa80007d2964084ef229f578e3733bd3,ba75425861a059dafcc477474fc3e4ed1eafdc2b47d6fdd0557337035d29a960,f50c93d67ac3ef1043a97481e729b25f9aa26543f5cedbd6c75a479fee202fc5,12833329,1693222006000000000,300
TT/ts-order-service_loss/1,TT,ts-order-service,loss,1,300,300,burst,0.1,7,0.09999571086972839,baro,14,0.07142857142857142,0.0,0.18840579710144928,0,0,0,70,545.1947000110522,192-168-29-237-9100|ts-preserve-other-service|ts-consign-mongo|ts-food-map-mongo|ts-preserve-service,192-168-29-237-9100_node-memory-active-bytes,0.9,23,23,0.8959420289855072,0.9040579710144927,23,23,23,0.8996087888531619,baseline-v2-20260723,cd270e7871bd358937d83d9a49829637fa80007d2964084ef229f578e3733bd3,ba75425861a059dafcc477474fc3e4ed1eafdc2b47d6fdd0557337035d29a960,f50c93d67ac3ef1043a97481e729b25f9aa26543f5cedbd6c75a479fee202fc5,12833329,1693222006000000000,300
TT/ts-order-service_loss/1,TT,ts-order-service,loss,1,300,300,burst,0.1,7,0.09999571086972839,median_shift,19,0.05263157894736842,0.0,0.2608695652173913,0,0,0,70,157.41179999895394,192-168-29-237-9100|ts-auth-mongo|ts-config-mongo|ts-consign-mongo|ts-consign-price-service,192-168-29-237-9100_node-memory-active-bytes,0.9,23,23,0.8959420289855072,0.9040579710144927,23,23,23,0.8996087888531619,baseline-v2-20260723,cd270e7871bd358937d83d9a49829637fa80007d2964084ef229f578e3733bd3,ba75425861a059dafcc477474fc3e4ed1eafdc2b47d6fdd0557337035d29a960,f50c93d67ac3ef1043a97481e729b25f9aa26543f5cedbd6c75a479fee202fc5,12833329,1693222006000000000,300
TT/ts-order-service_loss/1,TT,ts-order-service,loss,1,300,300,burst,0.1,7,0.09999571086972839,nsigma,5,0.2,0.2,0.057971014492753624,0,0,1,70,448.00000003306195,ts-security-service|ts-seat-service|ts-inside-payment-service|ts-payment-service|ts-order-service,ts-security-service_istio-latency-99,0.9,23,23,0.8959420289855072,0.9040579710144927,23,23,23,0.8996087888531619,baseline-v2-20260723,cd270e7871bd358937d83d9a49829637fa80007d2964084ef229f578e3733bd3,ba75425861a059dafcc477474fc3e4ed1eafdc2b47d6fdd0557337035d29a960,f50c93d67ac3ef1043a97481e729b25f9aa26543f5cedbd6c75a479fee202fc5,12833329,1693222006000000000,300
TT/ts-order-service_loss/1,TT,ts-order-service,loss,1,300,300,burst,0.1,8,0.10004262323207412,baro,16,0.0625,0.0,0.21739130434782608,0,0,0,70,541.4305000449531,192-168-29-237-9100|ts-preserve-other-service|ts-consign-mongo|ts-food-map-mongo|ts-preserve-service,192-168-29-237-9100_node-memory-active-bytes,0.9,23,23,0.9289855072463769,0.8710144927536232,23,23,23,0.8995618971061093,baseline-v2-20260723,cd270e7871bd358937d83d9a49829637fa80007d2964084ef229f578e3733bd3,ba75425861a059dafcc477474fc3e4ed1eafdc2b47d6fdd0557337035d29a960,f50c93d67ac3ef1043a97481e729b25f9aa26543f5cedbd6c75a479fee202fc5,12833329,1693222006000000000,300
TT/ts-order-service_loss/1,TT,ts-order-service,loss,1,300,300,burst,0.1,8,0.10004262323207412,median_shift,18,0.05555555555555555,0.0,0.2463768115942029,0,0,0,70,161.0462999669835,192-168-29-237-9100|ts-auth-mongo|ts-config-mongo|ts-consign-mongo|ts-consign-price-service,192-168-29-237-9100_node-memory-active-bytes,0.9,23,23,0.9289855072463769,0.8710144927536232,23,23,23,0.8995618971061093,baseline-v2-20260723,cd270e7871bd358937d83d9a49829637fa80007d2964084ef229f578e3733bd3,ba75425861a059dafcc477474fc3e4ed1eafdc2b47d6fdd0557337035d29a960,f50c93d67ac3ef1043a97481e729b25f9aa26543f5cedbd6c75a479fee202fc5,12833329,1693222006000000000,300
TT/ts-order-service_loss/1,TT,ts-order-service,loss,1,300,300,burst,0.1,8,0.10004262323207412,nsigma,5,0.2,0.2,0.057971014492753624,0,0,1,70,467.1447000000626,ts-security-service|ts-seat-service|ts-inside-payment-service|ts-payment-service|ts-order-service,ts-security-service_istio-latency-99,0.9,23,23,0.9289855072463769,0.8710144927536232,23,23,23,0.8995618971061093,baseline-v2-20260723,cd270e7871bd358937d83d9a49829637fa80007d2964084ef229f578e3733bd3,ba75425861a059dafcc477474fc3e4ed1eafdc2b47d6fdd0557337035d29a960,f50c93d67ac3ef1043a97481e729b25f9aa26543f5cedbd6c75a479fee202fc5,12833329,1693222006000000000,300
TT/ts-order-service_loss/1,TT,ts-order-service,loss,1,300,300,burst,0.1,9,0.10001045475503705,baro,15,0.06666666666666667,0.0,0.2028985507246377,0,0,0,70,572.1326000057161,192-168-29-237-9100|ts-preserve-other-service|192-168-51-251-9100|ts-consign-mongo|ts-preserve-service,192-168-29-237-9100_node-memory-active-bytes,0.9,23,23,0.9255072463768116,0.8744927536231885,23,23,23,0.8995940514469454,baseline-v2-20260723,cd270e7871bd358937d83d9a49829637fa80007d2964084ef229f578e3733bd3,ba75425861a059dafcc477474fc3e4ed1eafdc2b47d6fdd0557337035d29a960,f50c93d67ac3ef1043a97481e729b25f9aa26543f5cedbd6c75a479fee202fc5,12833329,1693222006000000000,300
TT/ts-order-service_loss/1,TT,ts-order-service,loss,1,300,300,burst,0.1,9,0.10001045475503705,median_shift,19,0.05263157894736842,0.0,0.2608695652173913,0,0,0,70,154.46849999716505,192-168-29-237-9100|ts-auth-mongo|ts-config-mongo|ts-consign-mongo|ts-consign-price-service,192-168-29-237-9100_node-memory-active-bytes,0.9,23,23,0.9255072463768116,0.8744927536231885,23,23,23,0.8995940514469454,baseline-v2-20260723,cd270e7871bd358937d83d9a49829637fa80007d2964084ef229f578e3733bd3,ba75425861a059dafcc477474fc3e4ed1eafdc2b47d6fdd0557337035d29a960,f50c93d67ac3ef1043a97481e729b25f9aa26543f5cedbd6c75a479fee202fc5,12833329,1693222006000000000,300
TT/ts-order-service_loss/1,TT,ts-order-service,loss,1,300,300,burst,0.1,9,0.10001045475503705,nsigma,4,0.25,0.4,0.043478260869565216,0,0,1,70,447.52210000297055,ts-security-service|ts-seat-service|ts-inside-payment-service|ts-order-service|ts-payment-service,ts-security-service_istio-latency-99,0.9,23,23,0.9255072463768116,0.8744927536231885,23,23,23,0.8995940514469454,baseline-v2-20260723,cd270e7871bd358937d83d9a49829637fa80007d2964084ef229f578e3733bd3,ba75425861a059dafcc477474fc3e4ed1eafdc2b47d6fdd0557337035d29a960,f50c93d67ac3ef1043a97481e729b25f9aa26543f5cedbd6c75a479fee202fc5,12833329,1693222006000000000,300
TT/ts-order-service_loss/1,TT,ts-order-service,loss,1,300,300,burst,0.3,0,0.3001077643980742,baro,20,0.05,0.0,0.2753623188405797,0,0,0,70,531.5791000030003,ts-payment-service|192-168-29-237-9100|ts-order-other-service|ts-order-mongo|ts-inside-payment-service,ts-payment-service_container-memory-usage-bytes,0.7,23,23,0.7060869565217391,0.6939130434782609,23,23,23,0.6995846730975348,baseline-v2-20260723,cd270e7871bd358937d83d9a49829637fa80007d2964084ef229f578e3733bd3,ba75425861a059dafcc477474fc3e4ed1eafdc2b47d6fdd0557337035d29a960,f50c93d67ac3ef1043a97481e729b25f9aa26543f5cedbd6c75a479fee202fc5,12833329,1693222006000000000,300
TT/ts-order-service_loss/1,TT,ts-order-service,loss,1,300,300,burst,0.3,0,0.3001077643980742,median_shift,19,0.05263157894736842,0.0,0.2608695652173913,0,0,0,70,152.27279998362064,ts-config-mongo|ts-consign-mongo|ts-consign-price-service|ts-food-map-mongo|ts-payment-service,ts-config-mongo_container-memory-cache,0.7,23,23,0.7060869565217391,0.6939130434782609,23,23,23,0.6995846730975348,baseline-v2-20260723,cd270e7871bd358937d83d9a49829637fa80007d2964084ef229f578e3733bd3,ba75425861a059dafcc477474fc3e4ed1eafdc2b47d6fdd0557337035d29a960,f50c93d67ac3ef1043a97481e729b25f9aa26543f5cedbd6c75a479fee202fc5,12833329,1693222006000000000,300
TT/ts-order-service_loss/1,TT,ts-order-service,loss,1,300,300,burst,0.3,0,0.3001077643980742,nsigma,7,0.14285714285714285,0.0,0.08695652173913043,0,0,0,70,435.8129000174813,ts-security-service|ts-station-service|ts-inside-payment-service|ts-seat-service|ts-payment-service,ts-security-service_istio-latency-99,0.7,23,23,0.7060869565217391,0.6939130434782609,23,23,23,0.6995846730975348,baseline-v2-20260723,cd270e7871bd358937d83d9a49829637fa80007d2964084ef229f578e3733bd3,ba75425861a059dafcc477474fc3e4ed1eafdc2b47d6fdd0557337035d29a960,f50c93d67ac3ef1043a97481e729b25f9aa26543f5cedbd6c75a479fee202fc5,12833329,1693222006000000000,300
TT/ts-order-service_loss/1,TT,ts-order-service,loss,1,300,300,burst,0.3,1,0.3000889994531359,baro,20,0.05,0.0,0.2753623188405797,0,0,0,70,537.4045000062324,192-168-51-251-9100|192-168-29-237-9100|ts-preserve-other-service|ts-travel2-service|ts-ticket-office-service,192-168-51-251-9100_node-memory-inactive-bytes,0.7,23,23,0.6159420289855072,0.7840579710144927,23,23,23,0.6996034297963558,baseline-v2-20260723,cd270e7871bd358937d83d9a49829637fa80007d2964084ef229f578e3733bd3,ba75425861a059dafcc477474fc3e4ed1eafdc2b47d6fdd0557337035d29a960,f50c93d67ac3ef1043a97481e729b25f9aa26543f5cedbd6c75a479fee202fc5,12833329,1693222006000000000,300
TT/ts-order-service_loss/1,TT,ts-order-service,loss,1,300,300,burst,0.3,1,0.3000889994531359,median_shift,21,0.047619047619047616,0.0,0.2898550724637681,0,0,0,70,150.8382000029087,192-168-29-237-9100|ts-auth-mongo|ts-config-mongo|ts-consign-mongo|ts-food-map-mongo,192-168-29-237-9100_node-memory-active-bytes,0.7,23,23,0.6159420289855072,0.7840579710144927,23,23,23,0.6996034297963558,baseline-v2-20260723,cd270e7871bd358937d83d9a49829637fa80007d2964084ef229f578e3733bd3,ba75425861a059dafcc477474fc3e4ed1eafdc2b47d6fdd0557337035d29a960,f50c93d67ac3ef1043a97481e729b25f9aa26543f5cedbd6c75a479fee202fc5,12833329,1693222006000000000,300
TT/ts-order-service_loss/1,TT,ts-order-service,loss,1,300,300,burst,0.3,1,0.3000889994531359,nsigma,6,0.16666666666666666,0.0,0.07246376811594203,0,0,0,70,474.85040000174195,ts-security-service|ts-station-service|ts-inside-payment-service|ts-seat-service|ts-payment-service,ts-security-service_istio-latency-99,0.7,23,23,0.6159420289855072,0.7840579710144927,23,23,23,0.6996034297963558,baseline-v2-20260723,cd270e7871bd358937d83d9a49829637fa80007d2964084ef229f578e3733bd3,ba75425861a059dafcc477474fc3e4ed1eafdc2b47d6fdd0557337035d29a960,f50c93d67ac3ef1043a97481e729b25f9aa26543f5cedbd6c75a479fee202fc5,12833329,1693222006000000000,300
TT/ts-order-service_loss/1,TT,ts-order-service,loss,1,300,300,burst,0.3,2,0.3000595116825186,baro,3,0.3333333333333333,0.6,0.028985507246376812,0,1,1,70,566.1618000012822,192-168-29-237-9100|ts-preserve-other-service|ts-order-service|ts-consign-price-service|ts-ticket-office-service,192-168-29-237-9100_node-memory-inactive-bytes,0.7,23,23,0.6918840579710145,0.7081159420289855,23,23,23,0.6996329046087889,baseline-v2-20260723,cd270e7871bd358937d83d9a49829637fa80007d2964084ef229f578e3733bd3,ba75425861a059dafcc477474fc3e4ed1eafdc2b47d6fdd0557337035d29a960,f50c93d67ac3ef1043a97481e729b25f9aa26543f5cedbd6c75a479fee202fc5,12833329,1693222006000000000,300
TT/ts-order-service_loss/1,TT,ts-order-service,loss,1,300,300,burst,0.3,2,0.3000595116825186,median_shift,23,0.043478260869565216,0.0,0.3188405797101449,0,0,0,70,155.2339000045322,192-168-29-237-9100|ts-auth-mongo|ts-consign-mongo|ts-consign-price-service|ts-food-map-mongo,192-168-29-237-9100_node-memory-active-bytes,0.7,23,23,0.6918840579710145,0.7081159420289855,23,23,23,0.6996329046087889,baseline-v2-20260723,cd270e7871bd358937d83d9a49829637fa80007d2964084ef229f578e3733bd3,ba75425861a059dafcc477474fc3e4ed1eafdc2b47d6fdd0557337035d29a960,f50c93d67ac3ef1043a97481e729b25f9aa26543f5cedbd6c75a479fee202fc5,12833329,1693222006000000000,300
TT/ts-order-service_loss/1,TT,ts-order-service,loss,1,300,300,burst,0.3,2,0.3000595116825186,nsigma,5,0.2,0.2,0.057971014492753624,0,0,1,70,427.65839997446164,ts-security-service|ts-payment-service|ts-inside-payment-service|ts-seat-service|ts-order-service,ts-security-service_istio-latency-99,0.7,23,23,0.6918840579710145,0.7081159420289855,23,23,23,0.6996329046087889,baseline-v2-20260723,cd270e7871bd358937d83d9a49829637fa80007d2964084ef229f578e3733bd3,ba75425861a059dafcc477474fc3e4ed1eafdc2b47d6fdd0557337035d29a960,f50c93d67ac3ef1043a97481e729b25f9aa26543f5cedbd6c75a479fee202fc5,12833329,1693222006000000000,300
TT/ts-order-service_loss/1,TT,ts-order-service,loss,1,300,300,burst,0.3,3,0.3000916801595557,baro,22,0.045454545454545456,0.0,0.30434782608695654,0,0,0,70,582.5169999734499,192-168-51-251-9100|192-168-45-158-9100|192-168-29-237-9100|192-168-76-138-9100|ts-payment-service,192-168-51-251-9100_node-memory-inactive-bytes,0.7,23,23,0.681304347826087,0.7186956521739131,23,23,23,0.6996007502679529,baseline-v2-20260723,cd270e7871bd358937d83d9a49829637fa80007d2964084ef229f578e3733bd3,ba75425861a059dafcc477474fc3e4ed1eafdc2b47d6fdd0557337035d29a960,f50c93d67ac3ef1043a97481e729b25f9aa26543f5cedbd6c75a479fee202fc5,12833329,1693222006000000000,300
TT/ts-order-service_loss/1,TT,ts-order-service,loss,1,300,300,burst,0.3,3,0.3000916801595557,median_shift,17,0.058823529411764705,0.0,0.2318840579710145,0,0,0,70,158.1231000018306,192-168-29-237-9100|ts-auth-mongo|ts-config-mongo|ts-consign-mongo|ts-food-map-mongo,192-168-29-237-9100_node-memory-active-bytes,0.7,23,23,0.681304347826087,0.7186956521739131,23,23,23,0.6996007502679529,baseline-v2-20260723,cd270e7871bd358937d83d9a49829637fa80007d2964084ef229f578e3733bd3,ba75425861a059dafcc477474fc3e4ed1eafdc2b47d6fdd0557337035d29a960,f50c93d67ac3ef1043a97481e729b25f9aa26543f5cedbd6c75a479fee202fc5,12833329,1693222006000000000,300
TT/ts-order-service_loss/1,TT,ts-order-service,loss,1,300,300,burst,0.3,3,0.3000916801595557,nsigma,6,0.16666666666666666,0.0,0.07246376811594203,0,0,0,70,436.64129998069257,ts-security-service|ts-payment-service|ts-station-service|ts-inside-payment-service|ts-seat-service,ts-security-service_istio-latency-99,0.7,23,23,0.681304347826087,0.7186956521739131,23,23,23,0.6996007502679529,baseline-v2-20260723,cd270e7871bd358937d83d9a49829637fa80007d2964084ef229f578e3733bd3,ba75425861a059dafcc477474fc3e4ed1eafdc2b47d6fdd0557337035d29a960,f50c93d67ac3ef1043a97481e729b25f9aa26543f5cedbd6c75a479fee202fc5,12833329,1693222006000000000,300
TT/ts-order-service_loss/1,TT,ts-order-service,loss,1,300,300,burst,0.3,4,0.3000501292100494,baro,4,0.25,0.4,0.043478260869565216,0,0,1,70,534.375999995973,192-168-29-237-9100|192-168-51-251-9100|ts-payment-service|ts-order-service|ts-security-service,192-168-29-237-9100_node-memory-active-bytes,0.7,23,23,0.7691304347826087,0.6308695652173913,23,23,23,0.6996422829581993,baseline-v2-20260723,cd270e7871bd358937d83d9a49829637fa80007d2964084ef229f578e3733bd3,ba75425861a059dafcc477474fc3e4ed1eafdc2b47d6fdd0557337035d29a960,f50c93d67ac3ef1043a97481e729b25f9aa26543f5cedbd6c75a479fee202fc5,12833329,1693222006000000000,300
TT/ts-order-service_loss/1,TT,ts-order-service,loss,1,300,300,burst,0.3,4,0.3000501292100494,median_shift,27,0.037037037037037035,0.0,0.37681159420289856,0,0,0,70,156.17089997977018,192-168-29-237-9100|ts-auth-mongo|ts-config-mongo|ts-consign-mongo|ts-consign-price-service,192-168-29-237-9100_node-memory-active-bytes,0.7,23,23,0.7691304347826087,0.6308695652173913,23,23,23,0.6996422829581993,baseline-v2-20260723,cd270e7871bd358937d83d9a49829637fa80007d2964084ef229f578e3733bd3,ba75425861a059dafcc477474fc3e4ed1eafdc2b47d6fdd0557337035d29a960,f50c93d67ac3ef1043a97481e729b25f9aa26543f5cedbd6c75a479fee202fc5,12833329,1693222006000000000,300
TT/ts-order-service_loss/1,TT,ts-order-service,loss,1,300,300,burst,0.3,4,0.3000501292100494,nsigma,5,0.2,0.2,0.057971014492753624,0,0,1,70,432.4010999989696,ts-security-service|ts-seat-service|ts-payment-service|ts-inside-payment-service|ts-order-service,ts-security-service_istio-latency-99,0.7,23,23,0.7691304347826087,0.6308695652173913,23,23,23,0.6996422829581993,baseline-v2-20260723,cd270e7871bd358937d83d9a49829637fa80007d2964084ef229f578e3733bd3,ba75425861a059dafcc477474fc3e4ed1eafdc2b47d6fdd0557337035d29a960,f50c93d67ac3ef1043a97481e729b25f9aa26543f5cedbd6c75a479fee202fc5,12833329,1693222006000000000,300
TT/ts-order-service_loss/1,TT,ts-order-service,loss,1,300,300,burst,0.3,5,0.300087659099926,baro,24,0.041666666666666664,0.0,0.3333333333333333,0,0,0,70,539.0626000007614,192-168-45-158-9100|192-168-29-237-9100|ts-consign-service|ts-assurance-service|ts-consign-mongo,192-168-45-158-9100_node-memory-inactive-bytes,0.7,23,23,0.711304347826087,0.688695652173913,23,23,23,0.6996047695605574,baseline-v2-20260723,cd270e7871bd358937d83d9a49829637fa80007d2964084ef229f578e3733bd3,ba75425861a059dafcc477474fc3e4ed1eafdc2b47d6fdd0557337035d29a960,f50c93d67ac3ef1043a97481e729b25f9aa26543f5cedbd6c75a479fee202fc5,12833329,1693222006000000000,300
TT/ts-order-service_loss/1,TT,ts-order-service,loss,1,300,300,burst,0.3,5,0.300087659099926,median_shift,24,0.041666666666666664,0.0,0.3333333333333333,0,0,0,70,150.28100000927225,192-168-29-237-9100|ts-admin-user-service|ts-auth-mongo|ts-config-mongo|ts-consign-mongo,192-168-29-237-9100_node-memory-active-bytes,0.7,23,23,0.711304347826087,0.688695652173913,23,23,23,0.6996047695605574,baseline-v2-20260723,cd270e7871bd358937d83d9a49829637fa80007d2964084ef229f578e3733bd3,ba75425861a059dafcc477474fc3e4ed1eafdc2b47d6fdd0557337035d29a960,f50c93d67ac3ef1043a97481e729b25f9aa26543f5cedbd6c75a479fee202fc5,12833329,1693222006000000000,300
TT/ts-order-service_loss/1,TT,ts-order-service,loss,1,300,300,burst,0.3,5,0.300087659099926,nsigma,5,0.2,0.2,0.057971014492753624,0,0,1,70,474.03889999259263,ts-security-service|ts-inside-payment-service|ts-seat-service|ts-payment-service|ts-order-service,ts-security-service_istio-latency-99,0.7,23,23,0.711304347826087,0.688695652173913,23,23,23,0.6996047695605574,baseline-v2-20260723,cd270e7871bd358937d83d9a49829637fa80007d2964084ef229f578e3733bd3,ba75425861a059dafcc477474fc3e4ed1eafdc2b47d6fdd0557337035d29a960,f50c93d67ac3ef1043a97481e729b25f9aa26543f5cedbd6c75a479fee202fc5,12833329,1693222006000000000,300
TT/ts-order-service_loss/1,TT,ts-order-service,loss,1,300,300,burst,0.3,6,0.300087659099926,baro,26,0.038461538461538464,0.0,0.36231884057971014,0,0,0,70,575.5132000194862,192-168-29-237-9100|ts-preserve-other-service|ts-consign-service|ts-consign-price-service|ts-order-other-service,192-168-29-237-9100_node-memory-active-bytes,0.7,23,23,0.7068115942028985,0.6931884057971015,23,23,23,0.6996047695605574,baseline-v2-20260723,cd270e7871bd358937d83d9a49829637fa80007d2964084ef229f578e3733bd3,ba75425861a059dafcc477474fc3e4ed1eafdc2b47d6fdd0557337035d29a960,f50c93d67ac3ef1043a97481e729b25f9aa26543f5cedbd6c75a479fee202fc5,12833329,1693222006000000000,300
TT/ts-order-service_loss/1,TT,ts-order-service,loss,1,300,300,burst,0.3,6,0.300087659099926,median_shift,24,0.041666666666666664,0.0,0.3333333333333333,0,0,0,70,154.40589998615906,192-168-29-237-9100|ts-auth-mongo|ts-config-mongo|ts-consign-mongo|ts-consign-price-service,192-168-29-237-9100_node-memory-active-bytes,0.7,23,23,0.7068115942028985,0.6931884057971015,23,23,23,0.6996047695605574,baseline-v2-20260723,cd270e7871bd358937d83d9a49829637fa80007d2964084ef229f578e3733bd3,ba75425861a059dafcc477474fc3e4ed1eafdc2b47d6fdd0557337035d29a960,f50c93d67ac3ef1043a97481e729b25f9aa26543f5cedbd6c75a479fee202fc5,12833329,1693222006000000000,300
TT/ts-order-service_loss/1,TT,ts-order-service,loss,1,300,300,burst,0.3,6,0.300087659099926,nsigma,6,0.16666666666666666,0.0,0.07246376811594203,0,0,0,70,445.6470999866724,ts-security-service|ts-seat-service|ts-inside-payment-service|ts-preserve-other-service|ts-food-service,ts-security-service_istio-latency-99,0.7,23,23,0.7068115942028985,0.6931884057971015,23,23,23,0.6996047695605574,baseline-v2-20260723,cd270e7871bd358937d83d9a49829637fa80007d2964084ef229f578e3733bd3,ba75425861a059dafcc477474fc3e4ed1eafdc2b47d6fdd0557337035d29a960,f50c93d67ac3ef1043a97481e729b25f9aa26543f5cedbd6c75a479fee202fc5,12833329,1693222006000000000,300
TT/ts-order-service_loss/1,TT,ts-order-service,loss,1,300,300,burst,0.3,7,0.3000957012191853,baro,5,0.2,0.2,0.057971014492753624,0,0,1,70,525.9959999821149,192-168-29-237-9100|192-168-45-158-9100|192-168-51-251-9100|ts-preserve-other-service|ts-order-service,192-168-29-237-9100_node-memory-inactive-bytes,0.7,23,23,0.7369565217391304,0.6630434782608695,23,23,23,0.6995967309753484,baseline-v2-20260723,cd270e7871bd358937d83d9a49829637fa80007d2964084ef229f578e3733bd3,ba75425861a059dafcc477474fc3e4ed1eafdc2b47d6fdd0557337035d29a960,f50c93d67ac3ef1043a97481e729b25f9aa26543f5cedbd6c75a479fee202fc5,12833329,1693222006000000000,300
TT/ts-order-service_loss/1,TT,ts-order-service,loss,1,300,300,burst,0.3,7,0.3000957012191853,median_shift,24,0.041666666666666664,0.0,0.3333333333333333,0,0,0,70,151.931100001093,192-168-29-237-9100|ts-config-mongo|ts-consign-mongo|ts-consign-price-service|ts-food-map-mongo,192-168-29-237-9100_node-memory-active-bytes,0.7,23,23,0.7369565217391304,0.6630434782608695,23,23,23,0.6995967309753484,baseline-v2-20260723,cd270e7871bd358937d83d9a49829637fa80007d2964084ef229f578e3733bd3,ba75425861a059dafcc477474fc3e4ed1eafdc2b47d6fdd0557337035d29a960,f50c93d67ac3ef1043a97481e729b25f9aa26543f5cedbd6c75a479fee202fc5,12833329,1693222006000000000,300
TT/ts-order-service_loss/1,TT,ts-order-service,loss,1,300,300,burst,0.3,7,0.3000957012191853,nsigma,4,0.25,0.4,0.043478260869565216,0,0,1,70,436.27060001017526,ts-security-service|ts-seat-service|ts-inside-payment-service|ts-order-service|ts-payment-service,ts-security-service_istio-latency-99,0.7,23,23,0.7369565217391304,0.6630434782608695,23,23,23,0.6995967309753484,baseline-v2-20260723,cd270e7871bd358937d83d9a49829637fa80007d2964084ef229f578e3733bd3,ba75425861a059dafcc477474fc3e4ed1eafdc2b47d6fdd0557337035d29a960,f50c93d67ac3ef1043a97481e729b25f9aa26543f5cedbd6c75a479fee202fc5,12833329,1693222006000000000,300
TT/ts-order-service_loss/1,TT,ts-order-service,loss,1,300,300,burst,0.3,8,0.30003002391190126,baro,29,0.034482758620689655,0.0,0.4057971014492754,0,0,0,70,525.1028999919072,ts-preserve-other-service|192-168-29-237-9100|ts-travel2-service|ts-consign-service|ts-ticket-office-service,ts-preserve-other-service_container-memory-max-usage-bytes,0.7,23,23,0.7143478260869566,0.6856521739130435,23,23,23,0.6996623794212219,baseline-v2-20260723,cd270e7871bd358937d83d9a49829637fa80007d2964084ef229f578e3733bd3,ba75425861a059dafcc477474fc3e4ed1eafdc2b47d6fdd0557337035d29a960,f50c93d67ac3ef1043a97481e729b25f9aa26543f5cedbd6c75a479fee202fc5,12833329,1693222006000000000,300
TT/ts-order-service_loss/1,TT,ts-order-service,loss,1,300,300,burst,0.3,8,0.30003002391190126,median_shift,20,0.05,0.0,0.2753623188405797,0,0,0,70,156.53380000730976,192-168-29-237-9100|ts-auth-mongo|ts-config-mongo|ts-consign-mongo|ts-consign-price-service,192-168-29-237-9100_node-memory-active-bytes,0.7,23,23,0.7143478260869566,0.6856521739130435,23,23,23,0.6996623794212219,baseline-v2-20260723,cd270e7871bd358937d83d9a49829637fa80007d2964084ef229f578e3733bd3,ba75425861a059dafcc477474fc3e4ed1eafdc2b47d6fdd0557337035d29a960,f50c93d67ac3ef1043a97481e729b25f9aa26543f5cedbd6c75a479fee202fc5,12833329,1693222006000000000,300
TT/ts-order-service_loss/1,TT,ts-order-service,loss,1,300,300,burst,0.3,8,0.30003002391190126,nsigma,6,0.16666666666666666,0.0,0.07246376811594203,0,0,0,70,479.62709999410436,ts-security-service|ts-seat-service|ts-inside-payment-service|ts-payment-service|ts-preserve-other-service,ts-security-service_istio-latency-99,0.7,23,23,0.7143478260869566,0.6856521739130435,23,23,23,0.6996623794212219,baseline-v2-20260723,cd270e7871bd358937d83d9a49829637fa80007d2964084ef229f578e3733bd3,ba75425861a059dafcc477474fc3e4ed1eafdc2b47d6fdd0557337035d29a960,f50c93d67ac3ef1043a97481e729b25f9aa26543f5cedbd6c75a479fee202fc5,12833329,1693222006000000000,300
TT/ts-order-service_loss/1,TT,ts-order-service,loss,1,300,300,burst,0.3,9,0.30001393967338275,baro,26,0.038461538461538464,0.0,0.36231884057971014,0,0,0,70,562.8917000140063,192-168-29-237-9100|ts-payment-service|ts-preserve-other-service|ts-travel2-service|ts-consign-price-service,192-168-29-237-9100_node-memory-active-bytes,0.7,23,23,0.7655072463768116,0.6344927536231884,23,23,23,0.6996784565916399,baseline-v2-20260723,cd270e7871bd358937d83d9a49829637fa80007d2964084ef229f578e3733bd3,ba75425861a059dafcc477474fc3e4ed1eafdc2b47d6fdd0557337035d29a960,f50c93d67ac3ef1043a97481e729b25f9aa26543f5cedbd6c75a479fee202fc5,12833329,1693222006000000000,300
TT/ts-order-service_loss/1,TT,ts-order-service,loss,1,300,300,burst,0.3,9,0.30001393967338275,median_shift,25,0.04,0.0,0.34782608695652173,0,0,0,70,154.77530000498518,192-168-29-237-9100|ts-auth-mongo|ts-config-mongo|ts-consign-mongo|ts-consign-price-service,192-168-29-237-9100_node-memory-active-bytes,0.7,23,23,0.7655072463768116,0.6344927536231884,23,23,23,0.6996784565916399,baseline-v2-20260723,cd270e7871bd358937d83d9a49829637fa80007d2964084ef229f578e3733bd3,ba75425861a059dafcc477474fc3e4ed1eafdc2b47d6fdd0557337035d29a960,f50c93d67ac3ef1043a97481e729b25f9aa26543f5cedbd6c75a479fee202fc5,12833329,1693222006000000000,300
TT/ts-order-service_loss/1,TT,ts-order-service,loss,1,300,300,burst,0.3,9,0.30001393967338275,nsigma,5,0.2,0.2,0.057971014492753624,0,0,1,70,438.3176999981515,ts-security-service|ts-inside-payment-service|ts-payment-service|ts-seat-service|ts-order-service,ts-security-service_istio-latency-99,0.7,23,23,0.7655072463768116,0.6344927536231884,23,23,23,0.6996784565916399,baseline-v2-20260723,cd270e7871bd358937d83d9a49829637fa80007d2964084ef229f578e3733bd3,ba75425861a059dafcc477474fc3e4ed1eafdc2b47d6fdd0557337035d29a960,f50c93d67ac3ef1043a97481e729b25f9aa26543f5cedbd6c75a479fee202fc5,12833329,1693222006000000000,300
TT/ts-order-service_loss/1,TT,ts-order-service,loss,1,300,300,burst,0.5,0,0.5000804211925927,baro,35,0.02857142857142857,0.0,0.4927536231884058,0,0,0,70,561.0201000235975,192-168-76-138-9100|192-168-51-251-9100|ts-preserve-other-service|192-168-29-237-9100|192-168-93-129-9100,192-168-76-138-9100_node-memory-active-bytes,0.5,23,23,0.5717391304347826,0.4282608695652174,23,23,23,0.4996998928188639,baseline-v2-20260723,cd270e7871bd358937d83d9a49829637fa80007d2964084ef229f578e3733bd3,ba75425861a059dafcc477474fc3e4ed1eafdc2b47d6fdd0557337035d29a960,f50c93d67ac3ef1043a97481e729b25f9aa26543f5cedbd6c75a479fee202fc5,12833329,1693222006000000000,300
TT/ts-order-service_loss/1,TT,ts-order-service,loss,1,300,300,burst,0.5,0,0.5000804211925927,median_shift,15,0.06666666666666667,0.0,0.2028985507246377,0,0,0,70,149.80090002063662,ts-assurance-mongo|ts-assurance-service|ts-auth-mongo|ts-avatar-service|ts-config-mongo,ts-assurance-mongo_container-cpu-user-seconds-total,0.5,23,23,0.5717391304347826,0.4282608695652174,23,23,23,0.4996998928188639,baseline-v2-20260723,cd270e7871bd358937d83d9a49829637fa80007d2964084ef229f578e3733bd3,ba75425861a059dafcc477474fc3e4ed1eafdc2b47d6fdd0557337035d29a960,f50c93d67ac3ef1043a97481e729b25f9aa26543f5cedbd6c75a479fee202fc5,12833329,1693222006000000000,300
TT/ts-order-service_loss/1,TT,ts-order-service,loss,1,300,300,burst,0.5,0,0.5000804211925927,nsigma,7,0.14285714285714285,0.0,0.08695652173913043,0,0,0,70,430.9462999808602,ts-security-service|ts-station-service|ts-inside-payment-service|ts-travel-service|ts-seat-service,ts-security-service_istio-latency-99,0.5,23,23,0.5717391304347826,0.4282608695652174,23,23,23,0.4996998928188639,baseline-v2-20260723,cd270e7871bd358937d83d9a49829637fa80007d2964084ef229f578e3733bd3,ba75425861a059dafcc477474fc3e4ed1eafdc2b47d6fdd0557337035d29a960,f50c93d67ac3ef1043a97481e729b25f9aa26543f5cedbd6c75a479fee202fc5,12833329,1693222006000000000,300
TT/ts-order-service_loss/1,TT,ts-order-service,loss,1,300,300,burst,0.5,1,0.5001930108622225,baro,41,0.024390243902439025,0.0,0.5797101449275363,0,0,0,70,517.6481999806128,192-168-29-237-9100|192-168-45-158-9100|192-168-51-251-9100|ts-payment-service|ts-consign-service,192-168-29-237-9100_node-memory-inactive-bytes,0.5,23,23,0.5144927536231884,0.4855072463768116,23,23,23,0.49958735262593784,baseline-v2-20260723,cd270e7871bd358937d83d9a49829637fa80007d2964084ef229f578e3733bd3,ba75425861a059dafcc477474fc3e4ed1eafdc2b47d6fdd0557337035d29a960,f50c93d67ac3ef1043a97481e729b25f9aa26543f5cedbd6c75a479fee202fc5,12833329,1693222006000000000,300
TT/ts-order-service_loss/1,TT,ts-order-service,loss,1,300,300,burst,0.5,1,0.5001930108622225,median_shift,13,0.07692307692307693,0.0,0.17391304347826086,0,0,0,70,151.71320002991706,192-168-29-237-9100|ts-cancel-service|ts-config-mongo|ts-consign-mongo|ts-consign-price-mongo,192-168-29-237-9100_node-disk-written-bytes-total,0.5,23,23,0.5144927536231884,0.4855072463768116,23,23,23,0.49958735262593784,baseline-v2-20260723,cd270e7871bd358937d83d9a49829637fa80007d2964084ef229f578e3733bd3,ba75425861a059dafcc477474fc3e4ed1eafdc2b47d6fdd0557337035d29a960,f50c93d67ac3ef1043a97481e729b25f9aa26543f5cedbd6c75a479fee202fc5,12833329,1693222006000000000,300
TT/ts-order-service_loss/1,TT,ts-order-service,loss,1,300,300,burst,0.5,1,0.5001930108622225,nsigma,8,0.125,0.0,0.10144927536231885,0,0,0,70,424.5684000197798,ts-security-service|ts-inside-payment-service|ts-seat-service|ts-food-service|ts-station-service,ts-security-service_istio-latency-99,0.5,23,23,0.5144927536231884,0.4855072463768116,23,23,23,0.49958735262593784,baseline-v2-20260723,cd270e7871bd358937d83d9a49829637fa80007d2964084ef229f578e3733bd3,ba75425861a059dafcc477474fc3e4ed1eafdc2b47d6fdd0557337035d29a960,f50c93d67ac3ef1043a97481e729b25f9aa26543f5cedbd6c75a479fee202fc5,12833329,1693222006000000000,300
TT/ts-order-service_loss/1,TT,ts-order-service,loss,1,300,300,burst,0.5,2,0.5001219721420989,baro,24,0.041666666666666664,0.0,0.3333333333333333,0,0,0,70,511.8825999670662,192-168-29-237-9100|192-168-45-158-9100|192-168-76-138-9100|ts-payment-service|ts-preserve-other-service,192-168-29-237-9100_node-memory-inactive-bytes,0.5,23,23,0.4646376811594203,0.5353623188405797,23,23,23,0.49965836012861736,baseline-v2-20260723,cd270e7871bd358937d83d9a49829637fa80007d2964084ef229f578e3733bd3,ba75425861a059dafcc477474fc3e4ed1eafdc2b47d6fdd0557337035d29a960,f50c93d67ac3ef1043a97481e729b25f9aa26543f5cedbd6c75a479fee202fc5,12833329,1693222006000000000,300
TT/ts-order-service_loss/1,TT,ts-order-service,loss,1,300,300,burst,0.5,2,0.5001219721420989,median_shift,37,0.02702702702702703,0.0,0.5217391304347826,0,0,0,70,150.533500011079,ts-assurance-service|ts-auth-mongo|ts-auth-service|ts-config-mongo|ts-consign-mongo,ts-assurance-service_container-memory-rss,0.5,23,23,0.4646376811594203,0.5353623188405797,23,23,23,0.49965836012861736,baseline-v2-20260723,cd270e7871bd358937d83d9a49829637fa80007d2964084ef229f578e3733bd3,ba75425861a059dafcc477474fc3e4ed1eafdc2b47d6fdd0557337035d29a960,f50c93d67ac3ef1043a97481e729b25f9aa26543f5cedbd6c75a479fee202fc5,12833329,1693222006000000000,300
TT/ts-order-service_loss/1,TT,ts-order-service,loss,1,300,300,burst,0.5,2,0.5001219721420989,nsigma,6,0.16666666666666666,0.0,0.07246376811594203,0,0,0,70,460.2493000566028,ts-security-service|ts-contacts-service|ts-seat-service|ts-inside-payment-service|ts-payment-service,ts-security-service_istio-latency-99,0.5,23,23,0.4646376811594203,0.5353623188405797,23,23,23,0.49965836012861736,baseline-v2-20260723,cd270e7871bd358937d83d9a49829637fa80007d2964084ef229f578e3733bd3,ba75425861a059dafcc477474fc3e4ed1eafdc2b47d6fdd0557337035d29a960,f50c93d67ac3ef1043a97481e729b25f9aa26543f5cedbd6c75a479fee202fc5,12833329,1693222006000000000,300
TT/ts-order-service_loss/1,TT,ts-order-service,loss,1,300,300,burst,0.5,3,0.5001367160274075,baro,33,0.030303030303030304,0.0,0.463768115942029,0,0,0,70,561.4274999825284,192-168-29-237-9100|192-168-76-138-9100|192-168-45-158-9100|ts-payment-service|ts-consign-service,192-168-29-237-9100_node-memory-inactive-bytes,0.5,23,23,0.40318840579710147,0.5968115942028985,23,23,23,0.49964362272240087,baseline-v2-20260723,cd270e7871bd358937d83d9a49829637fa80007d2964084ef229f578e3733bd3,ba75425861a059dafcc477474fc3e4ed1eafdc2b47d6fdd0557337035d29a960,f50c93d67ac3ef1043a97481e729b25f9aa26543f5cedbd6c75a479fee202fc5,12833329,1693222006000000000,300
TT/ts-order-service_loss/1,TT,ts-order-service,loss,1,300,300,burst,0.5,3,0.5001367160274075,median_shift,16,0.0625,0.0,0.21739130434782608,0,0,0,70,153.966500016395,192-168-29-237-9100|ts-auth-mongo|ts-avatar-service|ts-config-mongo|ts-config-service,192-168-29-237-9100_node-memory-active-bytes,0.5,23,23,0.40318840579710147,0.5968115942028985,23,23,23,0.49964362272240087,baseline-v2-20260723,cd270e7871bd358937d83d9a49829637fa80007d2964084ef229f578e3733bd3,ba75425861a059dafcc477474fc3e4ed1eafdc2b47d6fdd0557337035d29a960,f50c93d67ac3ef1043a97481e729b25f9aa26543f5cedbd6c75a479fee202fc5,12833329,1693222006000000000,300
TT/ts-order-service_loss/1,TT,ts-order-service,loss,1,300,300,burst,0.5,3,0.5001367160274075,nsigma,6,0.16666666666666666,0.0,0.07246376811594203,0,0,0,70,428.51870000595227,ts-security-service|ts-inside-payment-service|ts-seat-service|ts-payment-service|ts-station-service,ts-security-service_istio-latency-99,0.5,23,23,0.40318840579710147,0.5968115942028985,23,23,23,0.49964362272240087,baseline-v2-20260723,cd270e7871bd358937d83d9a49829637fa80007d2964084ef229f578e3733bd3,ba75425861a059dafcc477474fc3e4ed1eafdc2b47d6fdd0557337035d29a960,f50c93d67ac3ef1043a97481e729b25f9aa26543f5cedbd6c75a479fee202fc5,12833329,1693222006000000000,300
TT/ts-order-service_loss/1,TT,ts-order-service,loss,1,300,300,burst,0.5,4,0.500131354614568,baro,6,0.16666666666666666,0.0,0.07246376811594203,0,0,0,70,523.1024999520741,192-168-76-138-9100|192-168-51-251-9100|192-168-93-129-9100|ts-payment-service|192-168-29-237-9100,192-168-76-138-9100_node-memory-inactive-bytes,0.5,23,23,0.5001449275362319,0.4998550724637681,23,23,23,0.49964898177920686,baseline-v2-20260723,cd270e7871bd358937d83d9a49829637fa80007d2964084ef229f578e3733bd3,ba75425861a059dafcc477474fc3e4ed1eafdc2b47d6fdd0557337035d29a960,f50c93d67ac3ef1043a97481e729b25f9aa26543f5cedbd6c75a479fee202fc5,12833329,1693222006000000000,300
TT/ts-order-service_loss/1,TT,ts-order-service,loss,1,300,300,burst,0.5,4,0.500131354614568,median_shift,14,0.07142857142857142,0.0,0.18840579710144928,0,0,0,70,152.4961999966763,ts-assurance-mongo|ts-auth-mongo|ts-avatar-service|ts-basic-service|ts-config-mongo,ts-assurance-mongo_container-memory-usage-bytes,0.5,23,23,0.5001449275362319,0.4998550724637681,23,23,23,0.49964898177920686,baseline-v2-20260723,cd270e7871bd358937d83d9a49829637fa80007d2964084ef229f578e3733bd3,ba75425861a059dafcc477474fc3e4ed1eafdc2b47d6fdd0557337035d29a960,f50c93d67ac3ef1043a97481e729b25f9aa26543f5cedbd6c75a479fee202fc5,12833329,1693222006000000000,300
TT/ts-order-service_loss/1,TT,ts-order-service,loss,1,300,300,burst,0.5,4,0.500131354614568,nsigma,8,0.125,0.0,0.10144927536231885,0,0,0,70,422.87549999309704,ts-security-service|ts-station-service|ts-payment-service|ts-seat-service|ts-inside-payment-service,ts-security-service_istio-latency-99,0.5,23,23,0.5001449275362319,0.4998550724637681,23,23,23,0.49964898177920686,baseline-v2-20260723,cd270e7871bd358937d83d9a49829637fa80007d2964084ef229f578e3733bd3,ba75425861a059dafcc477474fc3e4ed1eafdc2b47d6fdd0557337035d29a960,f50c93d67ac3ef1043a97481e729b25f9aa26543f5cedbd6c75a479fee202fc5,12833329,1693222006000000000,300
TT/ts-order-service_loss/1,TT,ts-order-service,loss,1,300,300,burst,0.5,5,0.5001420774402471,baro,41,0.024390243902439025,0.0,0.5797101449275363,0,0,0,70,514.8585999850184,192-168-29-237-9100|ts-payment-service|ts-preserve-other-service|ts-consign-service|ts-consign-price-service,192-168-29-237-9100_node-memory-active-bytes,0.5,23,23,0.5498550724637681,0.45014492753623186,23,23,23,0.49963826366559483,baseline-v2-20260723,cd270e7871bd358937d83d9a49829637fa80007d2964084ef229f578e3733bd3,ba75425861a059dafcc477474fc3e4ed1eafdc2b47d6fdd0557337035d29a960,f50c93d67ac3ef1043a97481e729b25f9aa26543f5cedbd6c75a479fee202fc5,12833329,1693222006000000000,300
TT/ts-order-service_loss/1,TT,ts-order-service,loss,1,300,300,burst,0.5,5,0.5001420774402471,median_shift,42,0.023809523809523808,0.0,0.5942028985507246,0,0,0,70,151.4776999829337,192-168-29-237-9100|192-168-76-138-9100|ts-admin-basic-info-service|ts-assurance-mongo|ts-auth-mongo,192-168-29-237-9100_node-memory-active-bytes,0.5,23,23,0.5498550724637681,0.45014492753623186,23,23,23,0.49963826366559483,baseline-v2-20260723,cd270e7871bd358937d83d9a49829637fa80007d2964084ef229f578e3733bd3,ba75425861a059dafcc477474fc3e4ed1eafdc2b47d6fdd0557337035d29a960,f50c93d67ac3ef1043a97481e729b25f9aa26543f5cedbd6c75a479fee202fc5,12833329,1693222006000000000,300
TT/ts-order-service_loss/1,TT,ts-order-service,loss,1,300,300,burst,0.5,5,0.5001420774402471,nsigma,7,0.14285714285714285,0.0,0.08695652173913043,0,0,0,70,461.3008000305854,ts-security-service|ts-inside-payment-service|ts-seat-service|ts-station-service|ts-payment-service,ts-security-service_istio-latency-99,0.5,23,23,0.5498550724637681,0.45014492753623186,23,23,23,0.49963826366559483,baseline-v2-20260723,cd270e7871bd358937d83d9a49829637fa80007d2964084ef229f578e3733bd3,ba75425861a059dafcc477474fc3e4ed1eafdc2b47d6fdd0557337035d29a960,f50c93d67ac3ef1043a97481e729b25f9aa26543f5cedbd6c75a479fee202fc5,12833329,1693222006000000000,300
TT/ts-order-service_loss/1,TT,ts-order-service,loss,1,300,300,burst,0.5,6,0.5001273335549384,baro,4,0.25,0.4,0.043478260869565216,0,0,1,70,548.3353000017814,ts-security-service|192-168-76-138-9100|ts-payment-service|ts-order-service|ts-consign-price-service,ts-security-service_istio-latency-90,0.5,23,23,0.4808695652173913,0.5191304347826087,23,23,23,0.4996530010718114,baseline-v2-20260723,cd270e7871bd358937d83d9a49829637fa80007d2964084ef229f578e3733bd3,ba75425861a059dafcc477474fc3e4ed1eafdc2b47d6fdd0557337035d29a960,f50c93d67ac3ef1043a97481e729b25f9aa26543f5cedbd6c75a479fee202fc5,12833329,1693222006000000000,300
TT/ts-order-service_loss/1,TT,ts-order-service,loss,1,300,300,burst,0.5,6,0.5001273335549384,median_shift,15,0.06666666666666667,0.0,0.2028985507246377,0,0,0,70,154.35109997633845,192-168-45-158-9100|ts-auth-mongo|ts-cancel-service|ts-config-mongo|ts-consign-mongo,192-168-45-158-9100_node-memory-active-bytes,0.5,23,23,0.4808695652173913,0.5191304347826087,23,23,23,0.4996530010718114,baseline-v2-20260723,cd270e7871bd358937d83d9a49829637fa80007d2964084ef229f578e3733bd3,ba75425861a059dafcc477474fc3e4ed1eafdc2b47d6fdd0557337035d29a960,f50c93d67ac3ef1043a97481e729b25f9aa26543f5cedbd6c75a479fee202fc5,12833329,1693222006000000000,300
TT/ts-order-service_loss/1,TT,ts-order-service,loss,1,300,300,burst,0.5,6,0.5001273335549384,nsigma,6,0.16666666666666666,0.0,0.07246376811594203,0,0,0,70,437.66960001084954,ts-security-service|ts-station-service|ts-payment-service|ts-seat-service|ts-inside-payment-service,ts-security-service_istio-latency-99,0.5,23,23,0.4808695652173913,0.5191304347826087,23,23,23,0.4996530010718114,baseline-v2-20260723,cd270e7871bd358937d83d9a49829637fa80007d2964084ef229f578e3733bd3,ba75425861a059dafcc477474fc3e4ed1eafdc2b47d6fdd0557337035d29a960,f50c93d67ac3ef1043a97481e729b25f9aa26543f5cedbd6c75a479fee202fc5,12833329,1693222006000000000,300
TT/ts-order-service_loss/1,TT,ts-order-service,loss,1,300,300,burst,0.5,7,0.5001300142613582,baro,31,0.03225806451612903,0.0,0.43478260869565216,0,0,0,70,519.8102000285871,192-168-29-237-9100|192-168-51-251-9100|ts-travel2-service|ts-consign-service|ts-consign-price-service,192-168-29-237-9100_node-memory-inactive-bytes,0.5,23,23,0.4601449275362319,0.5398550724637681,23,23,23,0.4996503215434084,baseline-v2-20260723,cd270e7871bd358937d83d9a49829637fa80007d2964084ef229f578e3733bd3,ba75425861a059dafcc477474fc3e4ed1eafdc2b47d6fdd0557337035d29a960,f50c93d67ac3ef1043a97481e729b25f9aa26543f5cedbd6c75a479fee202fc5,12833329,1693222006000000000,300
TT/ts-order-service_loss/1,TT,ts-order-service,loss,1,300,300,burst,0.5,7,0.5001300142613582,median_shift,37,0.02702702702702703,0.0,0.5217391304347826,0,0,0,70,151.1554000317119,192-168-76-138-9100|ts-admin-order-service|ts-assurance-mongo|ts-auth-mongo|ts-avatar-service,192-168-76-138-9100_node-memory-active-bytes,0.5,23,23,0.4601449275362319,0.5398550724637681,23,23,23,0.4996503215434084,baseline-v2-20260723,cd270e7871bd358937d83d9a49829637fa80007d2964084ef229f578e3733bd3,ba75425861a059dafcc477474fc3e4ed1eafdc2b47d6fdd0557337035d29a960,f50c93d67ac3ef1043a97481e729b25f9aa26543f5cedbd6c75a479fee202fc5,12833329,1693222006000000000,300
TT/ts-order-service_loss/1,TT,ts-order-service,loss,1,300,300,burst,0.5,7,0.5001300142613582,nsigma,5,0.2,0.2,0.057971014492753624,0,0,1,70,427.69900005077943,ts-security-service|ts-food-service|ts-station-service|ts-seat-service|ts-order-service,ts-security-service_istio-latency-99,0.5,23,23,0.4601449275362319,0.5398550724637681,23,23,23,0.4996503215434084,baseline-v2-20260723,cd270e7871bd358937d83d9a49829637fa80007d2964084ef229f578e3733bd3,ba75425861a059dafcc477474fc3e4ed1eafdc2b47d6fdd0557337035d29a960,f50c93d67ac3ef1043a97481e729b25f9aa26543f5cedbd6c75a479fee202fc5,12833329,1693222006000000000,300
TT/ts-order-service_loss/1,TT,ts-order-service,loss,1,300,300,burst,0.5,8,0.5001139300228397,baro,6,0.16666666666666666,0.0,0.07246376811594203,0,0,0,70,511.42240001354367,192-168-76-138-9100|192-168-93-129-9100|192-168-51-251-9100|ts-payment-service|ts-preserve-other-service,192-168-76-138-9100_node-memory-inactive-bytes,0.5,23,23,0.4282608695652174,0.5717391304347826,23,23,23,0.49966639871382634,baseline-v2-20260723,cd270e7871bd358937d83d9a49829637fa80007d2964084ef229f578e3733bd3,ba75425861a059dafcc477474fc3e4ed1eafdc2b47d6fdd0557337035d29a960,f50c93d67ac3ef1043a97481e729b25f9aa26543f5cedbd6c75a479fee202fc5,12833329,1693222006000000000,300
TT/ts-order-service_loss/1,TT,ts-order-service,loss,1,300,300,burst,0.5,8,0.5001139300228397,median_shift,33,0.030303030303030304,0.0,0.463768115942029,0,0,0,70,152.02530001988634,ts-auth-mongo|ts-config-mongo|ts-consign-mongo|ts-consign-price-mongo|ts-consign-price-service,ts-auth-mongo_container-memory-rss,0.5,23,23,0.4282608695652174,0.5717391304347826,23,23,23,0.49966639871382634,baseline-v2-20260723,cd270e7871bd358937d83d9a49829637fa80007d2964084ef229f578e3733bd3,ba75425861a059dafcc477474fc3e4ed1eafdc2b47d6fdd0557337035d29a960,f50c93d67ac3ef1043a97481e729b25f9aa26543f5cedbd6c75a479fee202fc5,12833329,1693222006000000000,300
TT/ts-order-service_loss/1,TT,ts-order-service,loss,1,300,300,burst,0.5,8,0.5001139300228397,nsigma,6,0.16666666666666666,0.0,0.07246376811594203,0,0,0,70,464.74840003065765,192-168-51-251-9100|ts-inside-payment-service|ts-seat-service|ts-security-service|ts-food-service,192-168-51-251-9100_node-memory-active-bytes,0.5,23,23,0.4282608695652174,0.5717391304347826,23,23,23,0.49966639871382634,baseline-v2-20260723,cd270e7871bd358937d83d9a49829637fa80007d2964084ef229f578e3733bd3,ba75425861a059dafcc477474fc3e4ed1eafdc2b47d6fdd0557337035d29a960,f50c93d67ac3ef1043a97481e729b25f9aa26543f5cedbd6c75a479fee202fc5,12833329,1693222006000000000,300
TT/ts-order-service_loss/1,TT,ts-order-service,loss,1,300,300,burst,0.5,9,0.5000683580137038,baro,3,0.3333333333333333,0.6,0.028985507246376812,0,1,1,70,512.1487000142224,192-168-29-237-9100|ts-payment-service|ts-order-service|192-168-51-251-9100|ts-consign-service,192-168-29-237-9100_node-memory-active-bytes,0.5,23,23,0.5144927536231884,0.4855072463768116,23,23,23,0.4997119506966774,baseline-v2-20260723,cd270e7871bd358937d83d9a49829637fa80007d2964084ef229f578e3733bd3,ba75425861a059dafcc477474fc3e4ed1eafdc2b47d6fdd0557337035d29a960,f50c93d67ac3ef1043a97481e729b25f9aa26543f5cedbd6c75a479fee202fc5,12833329,1693222006000000000,300
TT/ts-order-service_loss/1,TT,ts-order-service,loss,1,300,300,burst,0.5,9,0.5000683580137038,median_shift,18,0.05555555555555555,0.0,0.2463768115942029,0,0,0,70,153.2848000060767,192-168-29-237-9100|ts-admin-order-service|ts-admin-travel-service|ts-assurance-service|ts-auth-mongo,192-168-29-237-9100_node-memory-active-bytes,0.5,23,23,0.5144927536231884,0.4855072463768116,23,23,23,0.4997119506966774,baseline-v2-20260723,cd270e7871bd358937d83d9a49829637fa80007d2964084ef229f578e3733bd3,ba75425861a059dafcc477474fc3e4ed1eafdc2b47d6fdd0557337035d29a960,f50c93d67ac3ef1043a97481e729b25f9aa26543f5cedbd6c75a479fee202fc5,12833329,1693222006000000000,300
TT/ts-order-service_loss/1,TT,ts-order-service,loss,1,300,300,burst,0.5,9,0.5000683580137038,nsigma,6,0.16666666666666666,0.0,0.07246376811594203,0,0,0,70,465.98749997792765,ts-security-service|ts-seat-service|ts-inside-payment-service|ts-station-service|ts-payment-service,ts-security-service_istio-latency-99,0.5,23,23,0.5144927536231884,0.4855072463768116,23,23,23,0.4997119506966774,baseline-v2-20260723,cd270e7871bd358937d83d9a49829637fa80007d2964084ef229f578e3733bd3,ba75425861a059dafcc477474fc3e4ed1eafdc2b47d6fdd0557337035d29a960,f50c93d67ac3ef1043a97481e729b25f9aa26543f5cedbd6c75a479fee202fc5,12833329,1693222006000000000,300
TT/ts-order-service_loss/1,TT,ts-order-service,loss,1,300,300,incident,0.1,0,0.09999973192935803,baro,5,0.2,0.2,0.057971014492753624,0,0,1,70,526.6140000312589,ts-avatar-service|ts-voucher-service|ts-contacts-service|ts-food-service|ts-order-service,ts-avatar-service_container-memory-usage-bytes,0.8083333333333333,23,23,0.8969565217391304,0.7197101449275363,23,23,23,0.8996047695605573,baseline-v2-20260723,cd270e7871bd358937d83d9a49829637fa80007d2964084ef229f578e3733bd3,ba75425861a059dafcc477474fc3e4ed1eafdc2b47d6fdd0557337035d29a960,f50c93d67ac3ef1043a97481e729b25f9aa26543f5cedbd6c75a479fee202fc5,12833329,1693222006000000000,300
TT/ts-order-service_loss/1,TT,ts-order-service,loss,1,300,300,incident,0.1,0,0.09999973192935803,median_shift,25,0.04,0.0,0.34782608695652173,0,0,0,70,157.43210003711283,ts-seat-service|ts-food-map-mongo|ts-payment-service|ts-security-service|ts-user-service,ts-seat-service_container-memory-rss,0.8083333333333333,23,23,0.8969565217391304,0.7197101449275363,23,23,23,0.8996047695605573,baseline-v2-20260723,cd270e7871bd358937d83d9a49829637fa80007d2964084ef229f578e3733bd3,ba75425861a059dafcc477474fc3e4ed1eafdc2b47d6fdd0557337035d29a960,f50c93d67ac3ef1043a97481e729b25f9aa26543f5cedbd6c75a479fee202fc5,12833329,1693222006000000000,300
TT/ts-order-service_loss/1,TT,ts-order-service,loss,1,300,300,incident,0.1,0,0.09999973192935803,nsigma,6,0.16666666666666666,0.0,0.07246376811594203,0,0,0,70,462.7286999602802,ts-voucher-service|ts-food-map-mongo|ts-order-other-service|ts-consign-mongo|ts-travel-service,ts-voucher-service_container-memory-usage-bytes,0.8083333333333333,23,23,0.8969565217391304,0.7197101449275363,23,23,23,0.8996047695605573,baseline-v2-20260723,cd270e7871bd358937d83d9a49829637fa80007d2964084ef229f578e3733bd3,ba75425861a059dafcc477474fc3e4ed1eafdc2b47d6fdd0557337035d29a960,f50c93d67ac3ef1043a97481e729b25f9aa26543f5cedbd6c75a479fee202fc5,12833329,1693222006000000000,300
TT/ts-order-service_loss/1,TT,ts-order-service,loss,1,300,300,incident,0.1,1,0.09999973192935803,baro,5,0.2,0.2,0.057971014492753624,0,0,1,70,565.0498999748379,ts-avatar-service|ts-voucher-service|ts-contacts-service|ts-food-service|ts-order-service,ts-avatar-service_container-memory-usage-bytes,0.8080434782608695,23,23,0.9001449275362319,0.7159420289855073,23,23,23,0.8996047695605573,baseline-v2-20260723,cd270e7871bd358937d83d9a49829637fa80007d2964084ef229f578e3733bd3,ba75425861a059dafcc477474fc3e4ed1eafdc2b47d6fdd0557337035d29a960,f50c93d67ac3ef1043a97481e729b25f9aa26543f5cedbd6c75a479fee202fc5,12833329,1693222006000000000,300
TT/ts-order-service_loss/1,TT,ts-order-service,loss,1,300,300,incident,0.1,1,0.09999973192935803,median_shift,22,0.045454545454545456,0.0,0.30434782608695654,0,0,0,70,155.86950001306832,ts-seat-service|ts-food-map-mongo|ts-payment-service|ts-security-service|ts-user-service,ts-seat-service_container-memory-rss,0.8080434782608695,23,23,0.9001449275362319,0.7159420289855073,23,23,23,0.8996047695605573,baseline-v2-20260723,cd270e7871bd358937d83d9a49829637fa80007d2964084ef229f578e3733bd3,ba75425861a059dafcc477474fc3e4ed1eafdc2b47d6fdd0557337035d29a960,f50c93d67ac3ef1043a97481e729b25f9aa26543f5cedbd6c75a479fee202fc5,12833329,1693222006000000000,300
TT/ts-order-service_loss/1,TT,ts-order-service,loss,1,300,300,incident,0.1,1,0.09999973192935803,nsigma,6,0.16666666666666666,0.0,0.07246376811594203,0,0,0,70,425.1552999485284,ts-voucher-service|ts-food-map-mongo|ts-order-other-service|ts-consign-mongo|ts-train-mongo,ts-voucher-service_container-memory-usage-bytes,0.8080434782608695,23,23,0.9001449275362319,0.7159420289855073,23,23,23,0.8996047695605573,baseline-v2-20260723,cd270e7871bd358937d83d9a49829637fa80007d2964084ef229f578e3733bd3,ba75425861a059dafcc477474fc3e4ed1eafdc2b47d6fdd0557337035d29a960,f50c93d67ac3ef1043a97481e729b25f9aa26543f5cedbd6c75a479fee202fc5,12833329,1693222006000000000,300
TT/ts-order-service_loss/1,TT,ts-order-service,loss,1,300,300,incident,0.1,2,0.09999973192935803,baro,5,0.2,0.2,0.057971014492753624,0,0,1,70,519.3052999675274,ts-avatar-service|ts-voucher-service|ts-contacts-service|ts-food-service|ts-order-service,ts-avatar-service_container-memory-usage-bytes,0.8084057971014493,23,23,0.8994202898550725,0.717391304347826,23,23,23,0.8996047695605573,baseline-v2-20260723,cd270e7871bd358937d83d9a49829637fa80007d2964084ef229f578e3733bd3,ba75425861a059dafcc477474fc3e4ed1eafdc2b47d6fdd0557337035d29a960,f50c93d67ac3ef1043a97481e729b25f9aa26543f5cedbd6c75a479fee202fc5,12833329,1693222006000000000,300
TT/ts-order-service_loss/1,TT,ts-order-service,loss,1,300,300,incident,0.1,2,0.09999973192935803,median_shift,21,0.047619047619047616,0.0,0.2898550724637681,0,0,0,70,153.32599997054785,ts-food-map-mongo|ts-payment-service|ts-security-service|ts-user-service|ts-contacts-mongo,ts-food-map-mongo_container-memory-usage-bytes,0.8084057971014493,23,23,0.8994202898550725,0.717391304347826,23,23,23,0.8996047695605573,baseline-v2-20260723,cd270e7871bd358937d83d9a49829637fa80007d2964084ef229f578e3733bd3,ba75425861a059dafcc477474fc3e4ed1eafdc2b47d6fdd0557337035d29a960,f50c93d67ac3ef1043a97481e729b25f9aa26543f5cedbd6c75a479fee202fc5,12833329,1693222006000000000,300
TT/ts-order-service_loss/1,TT,ts-order-service,loss,1,300,300,incident,0.1,2,0.09999973192935803,nsigma,6,0.16666666666666666,0.0,0.07246376811594203,0,0,0,70,434.1087000211701,ts-voucher-service|ts-food-map-mongo|ts-order-other-service|ts-consign-mongo|ts-train-mongo,ts-voucher-service_container-memory-usage-bytes,0.8084057971014493,23,23,0.8994202898550725,0.717391304347826,23,23,23,0.8996047695605573,baseline-v2-20260723,cd270e7871bd358937d83d9a49829637fa80007d2964084ef229f578e3733bd3,ba75425861a059dafcc477474fc3e4ed1eafdc2b47d6fdd0557337035d29a960,f50c93d67ac3ef1043a97481e729b25f9aa26543f5cedbd6c75a479fee202fc5,12833329,1693222006000000000,300
TT/ts-order-service_loss/1,TT,ts-order-service,loss,1,300,300,incident,0.1,3,0.09999973192935803,baro,5,0.2,0.2,0.057971014492753624,0,0,1,70,513.6619000113569,ts-avatar-service|ts-voucher-service|ts-contacts-service|ts-food-service|ts-order-service,ts-avatar-service_container-memory-usage-bytes,0.8090579710144927,23,23,0.8959420289855072,0.7221739130434782,23,23,23,0.8996047695605573,baseline-v2-20260723,cd270e7871bd358937d83d9a49829637fa80007d2964084ef229f578e3733bd3,ba75425861a059dafcc477474fc3e4ed1eafdc2b47d6fdd0557337035d29a960,f50c93d67ac3ef1043a97481e729b25f9aa26543f5cedbd6c75a479fee202fc5,12833329,1693222006000000000,300
TT/ts-order-service_loss/1,TT,ts-order-service,loss,1,300,300,incident,0.1,3,0.09999973192935803,median_shift,21,0.047619047619047616,0.0,0.2898550724637681,0,0,0,70,157.64300001319498,ts-food-map-mongo|ts-payment-service|ts-security-service|ts-user-service|ts-contacts-mongo,ts-food-map-mongo_container-memory-usage-bytes,0.8090579710144927,23,23,0.8959420289855072,0.7221739130434782,23,23,23,0.8996047695605573,baseline-v2-20260723,cd270e7871bd358937d83d9a49829637fa80007d2964084ef229f578e3733bd3,ba75425861a059dafcc477474fc3e4ed1eafdc2b47d6fdd0557337035d29a960,f50c93d67ac3ef1043a97481e729b25f9aa26543f5cedbd6c75a479fee202fc5,12833329,1693222006000000000,300
TT/ts-order-service_loss/1,TT,ts-order-service,loss,1,300,300,incident,0.1,3,0.09999973192935803,nsigma,6,0.16666666666666666,0.0,0.07246376811594203,0,0,0,70,466.5237999870442,ts-voucher-service|ts-food-map-mongo|ts-order-other-service|ts-consign-mongo|ts-train-mongo,ts-voucher-service_container-memory-usage-bytes,0.8090579710144927,23,23,0.8959420289855072,0.7221739130434782,23,23,23,0.8996047695605573,baseline-v2-20260723,cd270e7871bd358937d83d9a49829637fa80007d2964084ef229f578e3733bd3,ba75425861a059dafcc477474fc3e4ed1eafdc2b47d6fdd0557337035d29a960,f50c93d67ac3ef1043a97481e729b25f9aa26543f5cedbd6c75a479fee202fc5,12833329,1693222006000000000,300
TT/ts-order-service_loss/1,TT,ts-order-service,loss,1,300,300,incident,0.1,4,0.09999973192935803,baro,5,0.2,0.2,0.057971014492753624,0,0,1,70,559.6497000078671,ts-avatar-service|ts-voucher-service|ts-contacts-service|ts-food-service|ts-order-service,ts-avatar-service_container-memory-usage-bytes,0.8081884057971015,23,23,0.8950724637681159,0.721304347826087,23,23,23,0.8996047695605573,baseline-v2-20260723,cd270e7871bd358937d83d9a49829637fa80007d2964084ef229f578e3733bd3,ba75425861a059dafcc477474fc3e4ed1eafdc2b47d6fdd0557337035d29a960,f50c93d67ac3ef1043a97481e729b25f9aa26543f5cedbd6c75a479fee202fc5,12833329,1693222006000000000,300
TT/ts-order-service_loss/1,TT,ts-order-service,loss,1,300,300,incident,0.1,4,0.09999973192935803,median_shift,20,0.05,0.0,0.2753623188405797,0,0,0,70,160.68900004029274,ts-food-map-mongo|ts-payment-service|ts-security-service|ts-user-service|ts-food-service,ts-food-map-mongo_container-memory-usage-bytes,0.8081884057971015,23,23,0.8950724637681159,0.721304347826087,23,23,23,0.8996047695605573,baseline-v2-20260723,cd270e7871bd358937d83d9a49829637fa80007d2964084ef229f578e3733bd3,ba75425861a059dafcc477474fc3e4ed1eafdc2b47d6fdd0557337035d29a960,f50c93d67ac3ef1043a97481e729b25f9aa26543f5cedbd6c75a479fee202fc5,12833329,1693222006000000000,300
TT/ts-order-service_loss/1,TT,ts-order-service,loss,1,300,300,incident,0.1,4,0.09999973192935803,nsigma,5,0.2,0.2,0.057971014492753624,0,0,1,70,429.08729996997863,ts-voucher-service|ts-food-map-mongo|ts-order-other-service|ts-consign-mongo|ts-order-service,ts-voucher-service_container-memory-usage-bytes,0.8081884057971015,23,23,0.8950724637681159,0.721304347826087,23,23,23,0.8996047695605573,baseline-v2-20260723,cd270e7871bd358937d83d9a49829637fa80007d2964084ef229f578e3733bd3,ba75425861a059dafcc477474fc3e4ed1eafdc2b47d6fdd0557337035d29a960,f50c93d67ac3ef1043a97481e729b25f9aa26543f5cedbd6c75a479fee202fc5,12833329,1693222006000000000,300
TT/ts-order-service_loss/1,TT,ts-order-service,loss,1,300,300,incident,0.1,5,0.09999973192935803,baro,5,0.2,0.2,0.057971014492753624,0,0,1,70,516.1673999973573,ts-avatar-service|ts-voucher-service|ts-contacts-service|ts-food-service|ts-order-service,ts-avatar-service_container-memory-usage-bytes,0.8118840579710145,23,23,0.9026086956521739,0.721159420289855,23,23,23,0.8996047695605573,baseline-v2-20260723,cd270e7871bd358937d83d9a49829637fa80007d2964084ef229f578e3733bd3,ba75425861a059dafcc477474fc3e4ed1eafdc2b47d6fdd0557337035d29a960,f50c93d67ac3ef1043a97481e729b25f9aa26543f5cedbd6c75a479fee202fc5,12833329,1693222006000000000,300
TT/ts-order-service_loss/1,TT,ts-order-service,loss,1,300,300,incident,0.1,5,0.09999973192935803,median_shift,16,0.0625,0.0,0.21739130434782608,0,0,0,70,156.76029998576269,ts-payment-service|ts-contacts-mongo|ts-food-map-mongo|ts-security-service|ts-user-service,ts-payment-service_container-memory-usage-bytes,0.8118840579710145,23,23,0.9026086956521739,0.721159420289855,23,23,23,0.8996047695605573,baseline-v2-20260723,cd270e7871bd358937d83d9a49829637fa80007d2964084ef229f578e3733bd3,ba75425861a059dafcc477474fc3e4ed1eafdc2b47d6fdd0557337035d29a960,f50c93d67ac3ef1043a97481e729b25f9aa26543f5cedbd6c75a479fee202fc5,12833329,1693222006000000000,300
TT/ts-order-service_loss/1,TT,ts-order-service,loss,1,300,300,incident,0.1,5,0.09999973192935803,nsigma,7,0.14285714285714285,0.0,0.08695652173913043,0,0,0,70,431.1110000126064,ts-voucher-service|ts-food-map-mongo|ts-order-other-service|ts-ui-dashboard|ts-consign-mongo,ts-voucher-service_container-memory-usage-bytes,0.8118840579710145,23,23,0.9026086956521739,0.721159420289855,23,23,23,0.8996047695605573,baseline-v2-20260723,cd270e7871bd358937d83d9a49829637fa80007d2964084ef229f578e3733bd3,ba75425861a059dafcc477474fc3e4ed1eafdc2b47d6fdd0557337035d29a960,f50c93d67ac3ef1043a97481e729b25f9aa26543f5cedbd6c75a479fee202fc5,12833329,1693222006000000000,300
TT/ts-order-service_loss/1,TT,ts-order-service,loss,1,300,300,incident,0.1,6,0.09999973192935803,baro,5,0.2,0.2,0.057971014492753624,0,0,1,70,519.550800032448,ts-avatar-service|ts-voucher-service|ts-contacts-service|ts-food-service|ts-order-service,ts-avatar-service_container-memory-usage-bytes,0.808695652173913,23,23,0.8943478260869565,0.7230434782608696,23,23,23,0.8996047695605573,baseline-v2-20260723,cd270e7871bd358937d83d9a49829637fa80007d2964084ef229f578e3733bd3,ba75425861a059dafcc477474fc3e4ed1eafdc2b47d6fdd0557337035d29a960,f50c93d67ac3ef1043a97481e729b25f9aa26543f5cedbd6c75a479fee202fc5,12833329,1693222006000000000,300
TT/ts-order-service_loss/1,TT,ts-order-service,loss,1,300,300,incident,0.1,6,0.09999973192935803,median_shift,17,0.058823529411764705,0.0,0.2318840579710145,0,0,0,70,156.53249999741092,ts-route-service|ts-food-map-mongo|ts-payment-service|ts-security-service|ts-user-service,ts-route-service_container-memory-working-set-bytes,0.808695652173913,23,23,0.8943478260869565,0.7230434782608696,23,23,23,0.8996047695605573,baseline-v2-20260723,cd270e7871bd358937d83d9a49829637fa80007d2964084ef229f578e3733bd3,ba75425861a059dafcc477474fc3e4ed1eafdc2b47d6fdd0557337035d29a960,f50c93d67ac3ef1043a97481e729b25f9aa26543f5cedbd6c75a479fee202fc5,12833329,1693222006000000000,300
TT/ts-order-service_loss/1,TT,ts-order-service,loss,1,300,300,incident,0.1,6,0.09999973192935803,nsigma,6,0.16666666666666666,0.0,0.07246376811594203,0,0,0,70,471.8573999707587,ts-voucher-service|ts-food-map-mongo|ts-order-other-service|ts-travel-service|ts-consign-mongo,ts-voucher-service_container-memory-usage-bytes,0.808695652173913,23,23,0.8943478260869565,0.7230434782608696,23,23,23,0.8996047695605573,baseline-v2-20260723,cd270e7871bd358937d83d9a49829637fa80007d2964084ef229f578e3733bd3,ba75425861a059dafcc477474fc3e4ed1eafdc2b47d6fdd0557337035d29a960,f50c93d67ac3ef1043a97481e729b25f9aa26543f5cedbd6c75a479fee202fc5,12833329,1693222006000000000,300
TT/ts-order-service_loss/1,TT,ts-order-service,loss,1,300,300,incident,0.1,7,0.09999973192935803,baro,5,0.2,0.2,0.057971014492753624,0,0,1,70,515.027400047984,ts-avatar-service|ts-voucher-service|ts-contacts-service|ts-food-service|ts-order-service,ts-avatar-service_container-memory-usage-bytes,0.8058695652173913,23,23,0.8924637681159421,0.7192753623188406,23,23,23,0.8996047695605573,baseline-v2-20260723,cd270e7871bd358937d83d9a49829637fa80007d2964084ef229f578e3733bd3,ba75425861a059dafcc477474fc3e4ed1eafdc2b47d6fdd0557337035d29a960,f50c93d67ac3ef1043a97481e729b25f9aa26543f5cedbd6c75a479fee202fc5,12833329,1693222006000000000,300
TT/ts-order-service_loss/1,TT,ts-order-service,loss,1,300,300,incident,0.1,7,0.09999973192935803,median_shift,20,0.05,0.0,0.2753623188405797,0,0,0,70,156.63929999573156,ts-food-map-mongo|ts-payment-service|ts-security-service|ts-user-service|ts-contacts-mongo,ts-food-map-mongo_container-memory-usage-bytes,0.8058695652173913,23,23,0.8924637681159421,0.7192753623188406,23,23,23,0.8996047695605573,baseline-v2-20260723,cd270e7871bd358937d83d9a49829637fa80007d2964084ef229f578e3733bd3,ba75425861a059dafcc477474fc3e4ed1eafdc2b47d6fdd0557337035d29a960,f50c93d67ac3ef1043a97481e729b25f9aa26543f5cedbd6c75a479fee202fc5,12833329,1693222006000000000,300
TT/ts-order-service_loss/1,TT,ts-order-service,loss,1,300,300,incident,0.1,7,0.09999973192935803,nsigma,6,0.16666666666666666,0.0,0.07246376811594203,0,0,0,70,471.2057000142522,ts-voucher-service|ts-food-map-mongo|ts-order-other-service|ts-travel-service|ts-consign-mongo,ts-voucher-service_container-memory-usage-bytes,0.8058695652173913,23,23,0.8924637681159421,0.7192753623188406,23,23,23,0.8996047695605573,baseline-v2-20260723,cd270e7871bd358937d83d9a49829637fa80007d2964084ef229f578e3733bd3,ba75425861a059dafcc477474fc3e4ed1eafdc2b47d6fdd0557337035d29a960,f50c93d67ac3ef1043a97481e729b25f9aa26543f5cedbd6c75a479fee202fc5,12833329,1693222006000000000,300
TT/ts-order-service_loss/1,TT,ts-order-service,loss,1,300,300,incident,0.1,8,0.09999973192935803,baro,5,0.2,0.2,0.057971014492753624,0,0,1,70,563.4523999760859,ts-avatar-service|ts-voucher-service|ts-contacts-service|ts-food-service|ts-order-service,ts-avatar-service_container-memory-usage-bytes,0.8103623188405797,23,23,0.9014492753623189,0.7192753623188406,23,23,23,0.8996047695605573,baseline-v2-20260723,cd270e7871bd358937d83d9a49829637fa80007d2964084ef229f578e3733bd3,ba75425861a059dafcc477474fc3e4ed1eafdc2b47d6fdd0557337035d29a960,f50c93d67ac3ef1043a97481e729b25f9aa26543f5cedbd6c75a479fee202fc5,12833329,1693222006000000000,300
TT/ts-order-service_loss/1,TT,ts-order-service,loss,1,300,300,incident,0.1,8,0.09999973192935803,median_shift,22,0.045454545454545456,0.0,0.30434782608695654,0,0,0,70,160.45989998383448,ts-seat-service|ts-food-map-mongo|ts-security-service|ts-payment-service|ts-user-service,ts-seat-service_container-memory-rss,0.8103623188405797,23,23,0.9014492753623189,0.7192753623188406,23,23,23,0.8996047695605573,baseline-v2-20260723,cd270e7871bd358937d83d9a49829637fa80007d2964084ef229f578e3733bd3,ba75425861a059dafcc477474fc3e4ed1eafdc2b47d6fdd0557337035d29a960,f50c93d67ac3ef1043a97481e729b25f9aa26543f5cedbd6c75a479fee202fc5,12833329,1693222006000000000,300
TT/ts-order-service_loss/1,TT,ts-order-service,loss,1,300,300,incident,0.1,8,0.09999973192935803,nsigma,7,0.14285714285714285,0.0,0.08695652173913043,0,0,0,70,436.74799997825176,ts-voucher-service|ts-food-map-mongo|ts-order-other-service|ts-travel-service|ts-ui-dashboard,ts-voucher-service_container-memory-usage-bytes,0.8103623188405797,23,23,0.9014492753623189,0.7192753623188406,23,23,23,0.8996047695605573,baseline-v2-20260723,cd270e7871bd358937d83d9a49829637fa80007d2964084ef229f578e3733bd3,ba75425861a059dafcc477474fc3e4ed1eafdc2b47d6fdd0557337035d29a960,f50c93d67ac3ef1043a97481e729b25f9aa26543f5cedbd6c75a479fee202fc5,12833329,1693222006000000000,300
TT/ts-order-service_loss/1,TT,ts-order-service,loss,1,300,300,incident,0.1,9,0.09999973192935803,baro,5,0.2,0.2,0.057971014492753624,0,0,1,70,518.4023000183515,ts-avatar-service|ts-voucher-service|ts-contacts-service|ts-food-service|ts-order-service,ts-avatar-service_container-memory-usage-bytes,0.8094202898550724,23,23,0.8982608695652174,0.7205797101449275,23,23,23,0.8996047695605573,baseline-v2-20260723,cd270e7871bd358937d83d9a49829637fa80007d2964084ef229f578e3733bd3,ba75425861a059dafcc477474fc3e4ed1eafdc2b47d6fdd0557337035d29a960,f50c93d67ac3ef1043a97481e729b25f9aa26543f5cedbd6c75a479fee202fc5,12833329,1693222006000000000,300
TT/ts-order-service_loss/1,TT,ts-order-service,loss,1,300,300,incident,0.1,9,0.09999973192935803,median_shift,18,0.05555555555555555,0.0,0.2463768115942029,0,0,0,70,157.85929997218773,ts-food-map-mongo|ts-security-service|ts-payment-service|ts-user-service|ts-food-service,ts-food-map-mongo_container-memory-usage-bytes,0.8094202898550724,23,23,0.8982608695652174,0.7205797101449275,23,23,23,0.8996047695605573,baseline-v2-20260723,cd270e7871bd358937d83d9a49829637fa80007d2964084ef229f578e3733bd3,ba75425861a059dafcc477474fc3e4ed1eafdc2b47d6fdd0557337035d29a960,f50c93d67ac3ef1043a97481e729b25f9aa26543f5cedbd6c75a479fee202fc5,12833329,1693222006000000000,300
TT/ts-order-service_loss/1,TT,ts-order-service,loss,1,300,300,incident,0.1,9,0.09999973192935803,nsigma,6,0.16666666666666666,0.0,0.07246376811594203,0,0,0,70,436.8541000294499,ts-voucher-service|ts-food-map-mongo|ts-order-other-service|ts-consign-mongo|ts-train-mongo,ts-voucher-service_container-memory-usage-bytes,0.8094202898550724,23,23,0.8982608695652174,0.7205797101449275,23,23,23,0.8996047695605573,baseline-v2-20260723,cd270e7871bd358937d83d9a49829637fa80007d2964084ef229f578e3733bd3,ba75425861a059dafcc477474fc3e4ed1eafdc2b47d6fdd0557337035d29a960,f50c93d67ac3ef1043a97481e729b25f9aa26543f5cedbd6c75a479fee202fc5,12833329,1693222006000000000,300
TT/ts-order-service_loss/1,TT,ts-order-service,loss,1,300,300,incident,0.3,0,0.30000053614128397,baro,5,0.2,0.2,0.057971014492753624,0,0,1,70,516.3630000315607,ts-avatar-service|ts-voucher-service|ts-contacts-service|ts-food-service|ts-order-service,ts-avatar-service_container-memory-usage-bytes,0.577536231884058,23,23,0.6971014492753623,0.4579710144927536,23,23,23,0.6996918542336549,baseline-v2-20260723,cd270e7871bd358937d83d9a49829637fa80007d2964084ef229f578e3733bd3,ba75425861a059dafcc477474fc3e4ed1eafdc2b47d6fdd0557337035d29a960,f50c93d67ac3ef1043a97481e729b25f9aa26543f5cedbd6c75a479fee202fc5,12833329,1693222006000000000,300
TT/ts-order-service_loss/1,TT,ts-order-service,loss,1,300,300,incident,0.3,0,0.30000053614128397,median_shift,2,0.5,0.8,0.014492753623188406,0,1,1,70,157.634400005918,ts-news-service|ts-order-service|ts-food-map-service|ts-food-service|ts-price-service,ts-news-service_container-memory-working-set-bytes,0.577536231884058,23,23,0.6971014492753623,0.4579710144927536,23,23,23,0.6996918542336549,baseline-v2-20260723,cd270e7871bd358937d83d9a49829637fa80007d2964084ef229f578e3733bd3,ba75425861a059dafcc477474fc3e4ed1eafdc2b47d6fdd0557337035d29a960,f50c93d67ac3ef1043a97481e729b25f9aa26543f5cedbd6c75a479fee202fc5,12833329,1693222006000000000,300
TT/ts-order-service_loss/1,TT,ts-order-service,loss,1,300,300,incident,0.3,0,0.30000053614128397,nsigma,17,0.058823529411764705,0.0,0.2318840579710145,0,0,0,70,471.9533000024967,ts-voucher-service|ts-food-map-mongo|ts-train-mongo|ts-travel2-mongo|ts-order-mongo,ts-voucher-service_container-memory-usage-bytes,0.577536231884058,23,23,0.6971014492753623,0.4579710144927536,23,23,23,0.6996918542336549,baseline-v2-20260723,cd270e7871bd358937d83d9a49829637fa80007d2964084ef229f578e3733bd3,ba75425861a059dafcc477474fc3e4ed1eafdc2b47d6fdd0557337035d29a960,f50c93d67ac3ef1043a97481e729b25f9aa26543f5cedbd6c75a479fee202fc5,12833329,1693222006000000000,300
TT/ts-order-service_loss/1,TT,ts-order-service,loss,1,300,300,incident,0.3,1,0.30000053614128397,baro,5,0.2,0.2,0.057971014492753624,0,0,1,70,552.6656999718398,ts-avatar-service|ts-voucher-service|ts-contacts-service|ts-food-service|ts-order-service,ts-avatar-service_container-memory-usage-bytes,0.572391304347826,23,23,0.6905797101449276,0.45420289855072465,23,23,23,0.6996918542336549,baseline-v2-20260723,cd270e7871bd358937d83d9a49829637fa80007d2964084ef229f578e3733bd3,ba75425861a059dafcc477474fc3e4ed1eafdc2b47d6fdd0557337035d29a960,f50c93d67ac3ef1043a97481e729b25f9aa26543f5cedbd6c75a479fee202fc5,12833329,1693222006000000000,300
TT/ts-order-service_loss/1,TT,ts-order-service,loss,1,300,300,incident,0.3,1,0.30000053614128397,median_shift,5,0.2,0.2,0.057971014492753624,0,0,1,70,156.75799996824935,ts-news-service|ts-route-service|ts-user-service|ts-food-service|ts-order-service,ts-news-service_container-memory-usage-bytes,0.572391304347826,23,23,0.6905797101449276,0.45420289855072465,23,23,23,0.6996918542336549,baseline-v2-20260723,cd270e7871bd358937d83d9a49829637fa80007d2964084ef229f578e3733bd3,ba75425861a059dafcc477474fc3e4ed1eafdc2b47d6fdd0557337035d29a960,f50c93d67ac3ef1043a97481e729b25f9aa26543f5cedbd6c75a479fee202fc5,12833329,1693222006000000000,300
TT/ts-order-service_loss/1,TT,ts-order-service,loss,1,300,300,incident,0.3,1,0.30000053614128397,nsigma,23,0.043478260869565216,0.0,0.3188405797101449,0,0,0,70,437.1771000442095,ts-voucher-service|ts-food-map-mongo|ts-train-mongo|ts-travel2-mongo|ts-inside-payment-mongo,ts-voucher-service_container-memory-working-set-bytes,0.572391304347826,23,23,0.6905797101449276,0.45420289855072465,23,23,23,0.6996918542336549,baseline-v2-20260723,cd270e7871bd358937d83d9a49829637fa80007d2964084ef229f578e3733bd3,ba75425861a059dafcc477474fc3e4ed1eafdc2b47d6fdd0557337035d29a960,f50c93d67ac3ef1043a97481e729b25f9aa26543f5cedbd6c75a479fee202fc5,12833329,1693222006000000000,300
TT/ts-order-service_loss/1,TT,ts-order-service,loss,1,300,300,incident,0.3,2,0.30000053614128397,baro,5,0.2,0.2,0.057971014492753624,0,0,1,70,533.0416999640875,ts-avatar-service|ts-voucher-service|ts-contacts-service|ts-food-service|ts-order-service,ts-avatar-service_container-memory-usage-bytes,0.5752173913043478,23,23,0.697391304347826,0.45304347826086955,23,23,23,0.6996918542336549,baseline-v2-20260723,cd270e7871bd358937d83d9a49829637fa80007d2964084ef229f578e3733bd3,ba75425861a059dafcc477474fc3e4ed1eafdc2b47d6fdd0557337035d29a960,f50c93d67ac3ef1043a97481e729b25f9aa26543f5cedbd6c75a479fee202fc5,12833329,1693222006000000000,300
TT/ts-order-service_loss/1,TT,ts-order-service,loss,1,300,300,incident,0.3,2,0.30000053614128397,median_shift,5,0.2,0.2,0.057971014492753624,0,0,1,70,156.1371000134386,ts-price-service|ts-food-map-service|ts-admin-travel-service|ts-ui-dashboard|ts-order-service,ts-price-service_container-memory-rss,0.5752173913043478,23,23,0.697391304347826,0.45304347826086955,23,23,23,0.6996918542336549,baseline-v2-20260723,cd270e7871bd358937d83d9a49829637fa80007d2964084ef229f578e3733bd3,ba75425861a059dafcc477474fc3e4ed1eafdc2b47d6fdd0557337035d29a960,f50c93d67ac3ef1043a97481e729b25f9aa26543f5cedbd6c75a479fee202fc5,12833329,1693222006000000000,300
TT/ts-order-service_loss/1,TT,ts-order-service,loss,1,300,300,incident,0.3,2,0.30000053614128397,nsigma,23,0.043478260869565216,0.0,0.3188405797101449,0,0,0,70,441.3481999654323,ts-voucher-service|ts-food-map-mongo|ts-travel2-mongo|ts-train-mongo|ts-consign-price-mongo,ts-voucher-service_container-memory-usage-bytes,0.5752173913043478,23,23,0.697391304347826,0.45304347826086955,23,23,23,0.6996918542336549,baseline-v2-20260723,cd270e7871bd358937d83d9a49829637fa80007d2964084ef229f578e3733bd3,ba75425861a059dafcc477474fc3e4ed1eafdc2b47d6fdd0557337035d29a960,f50c93d67ac3ef1043a97481e729b25f9aa26543f5cedbd6c75a479fee202fc5,12833329,1693222006000000000,300
TT/ts-order-service_loss/1,TT,ts-order-service,loss,1,300,300,incident,0.3,3,0.30000053614128397,baro,6,0.16666666666666666,0.0,0.07246376811594203,0,0,0,70,513.8639999786392,ts-avatar-service|ts-voucher-service|ts-station-service|ts-contacts-service|ts-food-service,ts-avatar-service_container-memory-usage-bytes,0.5756521739130435,23,23,0.6902898550724638,0.46101449275362316,23,23,23,0.6996918542336549,baseline-v2-20260723,cd270e7871bd358937d83d9a49829637fa80007d2964084ef229f578e3733bd3,ba75425861a059dafcc477474fc3e4ed1eafdc2b47d6fdd0557337035d29a960,f50c93d67ac3ef1043a97481e729b25f9aa26543f5cedbd6c75a479fee202fc5,12833329,1693222006000000000,300
TT/ts-order-service_loss/1,TT,ts-order-service,loss,1,300,300,incident,0.3,3,0.30000053614128397,median_shift,2,0.5,0.8,0.014492753623188406,0,1,1,70,159.55149999354035,ts-seat-service|ts-order-service|ts-station-service|ts-ui-dashboard|ts-notification-service,ts-seat-service_container-memory-rss,0.5756521739130435,23,23,0.6902898550724638,0.46101449275362316,23,23,23,0.6996918542336549,baseline-v2-20260723,cd270e7871bd358937d83d9a49829637fa80007d2964084ef229f578e3733bd3,ba75425861a059dafcc477474fc3e4ed1eafdc2b47d6fdd0557337035d29a960,f50c93d67ac3ef1043a97481e729b25f9aa26543f5cedbd6c75a479fee202fc5,12833329,1693222006000000000,300
TT/ts-order-service_loss/1,TT,ts-order-service,loss,1,300,300,incident,0.3,3,0.30000053614128397,nsigma,18,0.05555555555555555,0.0,0.2463768115942029,0,0,0,70,464.34220002265647,ts-voucher-service|ts-food-map-mongo|ts-travel2-mongo|ts-train-mongo|ts-consign-price-mongo,ts-voucher-service_container-memory-usage-bytes,0.5756521739130435,23,23,0.6902898550724638,0.46101449275362316,23,23,23,0.6996918542336549,baseline-v2-20260723,cd270e7871bd358937d83d9a49829637fa80007d2964084ef229f578e3733bd3,ba75425861a059dafcc477474fc3e4ed1eafdc2b47d6fdd0557337035d29a960,f50c93d67ac3ef1043a97481e729b25f9aa26543f5cedbd6c75a479fee202fc5,12833329,1693222006000000000,300
TT/ts-order-service_loss/1,TT,ts-order-service,loss,1,300,300,incident,0.3,4,0.30000053614128397,baro,6,0.16666666666666666,0.0,0.07246376811594203,0,0,0,70,521.8194000190124,ts-avatar-service|ts-voucher-service|ts-station-service|ts-contacts-service|ts-food-service,ts-avatar-service_container-memory-usage-bytes,0.5835507246376812,23,23,0.7104347826086956,0.45666666666666667,23,23,23,0.6996918542336549,baseline-v2-20260723,cd270e7871bd358937d83d9a49829637fa80007d2964084ef229f578e3733bd3,ba75425861a059dafcc477474fc3e4ed1eafdc2b47d6fdd0557337035d29a960,f50c93d67ac3ef1043a97481e729b25f9aa26543f5cedbd6c75a479fee202fc5,12833329,1693222006000000000,300
TT/ts-order-service_loss/1,TT,ts-order-service,loss,1,300,300,incident,0.3,4,0.30000053614128397,median_shift,3,0.3333333333333333,0.6,0.028985507246376812,0,1,1,70,154.14269996108487,ts-news-service|ts-user-service|ts-order-service|ts-seat-service|ts-station-service,ts-news-service_container-memory-working-set-bytes,0.5835507246376812,23,23,0.7104347826086956,0.45666666666666667,23,23,23,0.6996918542336549,baseline-v2-20260723,cd270e7871bd358937d83d9a49829637fa80007d2964084ef229f578e3733bd3,ba75425861a059dafcc477474fc3e4ed1eafdc2b47d6fdd0557337035d29a960,f50c93d67ac3ef1043a97481e729b25f9aa26543f5cedbd6c75a479fee202fc5,12833329,1693222006000000000,300
TT/ts-order-service_loss/1,TT,ts-order-service,loss,1,300,300,incident,0.3,4,0.30000053614128397,nsigma,25,0.04,0.0,0.34782608695652173,0,0,0,70,467.85800001816824,ts-voucher-service|ts-food-map-mongo|ts-price-mongo|ts-travel2-mongo|ts-train-mongo,ts-voucher-service_container-memory-usage-bytes,0.5835507246376812,23,23,0.7104347826086956,0.45666666666666667,23,23,23,0.6996918542336549,baseline-v2-20260723,cd270e7871bd358937d83d9a49829637fa80007d2964084ef229f578e3733bd3,ba75425861a059dafcc477474fc3e4ed1eafdc2b47d6fdd0557337035d29a960,f50c93d67ac3ef1043a97481e729b25f9aa26543f5cedbd6c75a479fee202fc5,12833329,1693222006000000000,300
TT/ts-order-service_loss/1,TT,ts-order-service,loss,1,300,300,incident,0.3,5,0.30000053614128397,baro,5,0.2,0.2,0.057971014492753624,0,0,1,70,551.5932000125758,ts-avatar-service|ts-voucher-service|ts-contacts-service|ts-food-service|ts-order-service,ts-avatar-service_container-memory-usage-bytes,0.5794927536231884,23,23,0.6949275362318841,0.46405797101449275,23,23,23,0.6996918542336549,baseline-v2-20260723,cd270e7871bd358937d83d9a49829637fa80007d2964084ef229f578e3733bd3,ba75425861a059dafcc477474fc3e4ed1eafdc2b47d6fdd0557337035d29a960,f50c93d67ac3ef1043a97481e729b25f9aa26543f5cedbd6c75a479fee202fc5,12833329,1693222006000000000,300
TT/ts-order-service_loss/1,TT,ts-order-service,loss,1,300,300,incident,0.3,5,0.30000053614128397,median_shift,6,0.16666666666666666,0.0,0.07246376811594203,0,0,0,70,156.00660000927746,ts-seat-service|ts-price-service|ts-news-service|ts-food-service|ts-station-service,ts-seat-service_container-memory-rss,0.5794927536231884,23,23,0.6949275362318841,0.46405797101449275,23,23,23,0.6996918542336549,baseline-v2-20260723,cd270e7871bd358937d83d9a49829637fa80007d2964084ef229f578e3733bd3,ba75425861a059dafcc477474fc3e4ed1eafdc2b47d6fdd0557337035d29a960,f50c93d67ac3ef1043a97481e729b25f9aa26543f5cedbd6c75a479fee202fc5,12833329,1693222006000000000,300
TT/ts-order-service_loss/1,TT,ts-order-service,loss,1,300,300,incident,0.3,5,0.30000053614128397,nsigma,17,0.058823529411764705,0.0,0.2318840579710145,0,0,0,70,436.2070999923162,ts-voucher-service|ts-food-map-mongo|ts-price-mongo|ts-train-mongo|ts-travel2-mongo,ts-voucher-service_container-memory-working-set-bytes,0.5794927536231884,23,23,0.6949275362318841,0.46405797101449275,23,23,23,0.6996918542336549,baseline-v2-20260723,cd270e7871bd358937d83d9a49829637fa80007d2964084ef229f578e3733bd3,ba75425861a059dafcc477474fc3e4ed1eafdc2b47d6fdd0557337035d29a960,f50c93d67ac3ef1043a97481e729b25f9aa26543f5cedbd6c75a479fee202fc5,12833329,1693222006000000000,300
TT/ts-order-service_loss/1,TT,ts-order-service,loss,1,300,300,incident,0.3,6,0.30000053614128397,baro,5,0.2,0.2,0.057971014492753624,0,0,1,70,519.5336000178941,ts-avatar-service|ts-voucher-service|ts-contacts-service|ts-food-service|ts-order-service,ts-avatar-service_container-memory-usage-bytes,0.5797101449275363,23,23,0.7014492753623188,0.4579710144927536,23,23,23,0.6996918542336549,baseline-v2-20260723,cd270e7871bd358937d83d9a49829637fa80007d2964084ef229f578e3733bd3,ba75425861a059dafcc477474fc3e4ed1eafdc2b47d6fdd0557337035d29a960,f50c93d67ac3ef1043a97481e729b25f9aa26543f5cedbd6c75a479fee202fc5,12833329,1693222006000000000,300
TT/ts-order-service_loss/1,TT,ts-order-service,loss,1,300,300,incident,0.3,6,0.30000053614128397,median_shift,5,0.2,0.2,0.057971014492753624,0,0,1,70,155.7924000080675,ts-food-map-service|ts-food-service|ts-route-service|ts-station-service|ts-order-service,ts-food-map-service_container-memory-rss,0.5797101449275363,23,23,0.7014492753623188,0.4579710144927536,23,23,23,0.6996918542336549,baseline-v2-20260723,cd270e7871bd358937d83d9a49829637fa80007d2964084ef229f578e3733bd3,ba75425861a059dafcc477474fc3e4ed1eafdc2b47d6fdd0557337035d29a960,f50c93d67ac3ef1043a97481e729b25f9aa26543f5cedbd6c75a479fee202fc5,12833329,1693222006000000000,300
TT/ts-order-service_loss/1,TT,ts-order-service,loss,1,300,300,incident,0.3,6,0.30000053614128397,nsigma,19,0.05263157894736842,0.0,0.2608695652173913,0,0,0,70,439.83779998961836,ts-voucher-service|ts-food-map-mongo|ts-train-mongo|ts-travel2-mongo|ts-price-mongo,ts-voucher-service_container-memory-working-set-bytes,0.5797101449275363,23,23,0.7014492753623188,0.4579710144927536,23,23,23,0.6996918542336549,baseline-v2-20260723,cd270e7871bd358937d83d9a49829637fa80007d2964084ef229f578e3733bd3,ba75425861a059dafcc477474fc3e4ed1eafdc2b47d6fdd0557337035d29a960,f50c93d67ac3ef1043a97481e729b25f9aa26543f5cedbd6c75a479fee202fc5,12833329,1693222006000000000,300
TT/ts-order-service_loss/1,TT,ts-order-service,loss,1,300,300,incident,0.3,7,0.30000053614128397,baro,5,0.2,0.2,0.057971014492753624,0,0,1,70,518.4172000153922,ts-avatar-service|ts-voucher-service|ts-contacts-service|ts-food-service|ts-order-service,ts-avatar-service_container-memory-usage-bytes,0.5798550724637681,23,23,0.7011594202898551,0.45855072463768115,23,23,23,0.6996918542336549,baseline-v2-20260723,cd270e7871bd358937d83d9a49829637fa80007d2964084ef229f578e3733bd3,ba75425861a059dafcc477474fc3e4ed1eafdc2b47d6fdd0557337035d29a960,f50c93d67ac3ef1043a97481e729b25f9aa26543f5cedbd6c75a479fee202fc5,12833329,1693222006000000000,300
TT/ts-order-service_loss/1,TT,ts-order-service,loss,1,300,300,incident,0.3,7,0.30000053614128397,median_shift,5,0.2,0.2,0.057971014492753624,0,0,1,70,157.02290000626817,ts-seat-service|ts-admin-travel-service|ts-food-map-service|ts-food-service|ts-order-service,ts-seat-service_container-memory-rss,0.5798550724637681,23,23,0.7011594202898551,0.45855072463768115,23,23,23,0.6996918542336549,baseline-v2-20260723,cd270e7871bd358937d83d9a49829637fa80007d2964084ef229f578e3733bd3,ba75425861a059dafcc477474fc3e4ed1eafdc2b47d6fdd0557337035d29a960,f50c93d67ac3ef1043a97481e729b25f9aa26543f5cedbd6c75a479fee202fc5,12833329,1693222006000000000,300
TT/ts-order-service_loss/1,TT,ts-order-service,loss,1,300,300,incident,0.3,7,0.30000053614128397,nsigma,25,0.04,0.0,0.34782608695652173,0,0,0,70,463.61070004059,ts-voucher-service|ts-food-map-mongo|ts-train-mongo|ts-travel2-mongo|ts-user-mongo,ts-voucher-service_container-memory-usage-bytes,0.5798550724637681,23,23,0.7011594202898551,0.45855072463768115,23,23,23,0.6996918542336549,baseline-v2-20260723,cd270e7871bd358937d83d9a49829637fa80007d2964084ef229f578e3733bd3,ba75425861a059dafcc477474fc3e4ed1eafdc2b47d6fdd0557337035d29a960,f50c93d67ac3ef1043a97481e729b25f9aa26543f5cedbd6c75a479fee202fc5,12833329,1693222006000000000,300
TT/ts-order-service_loss/1,TT,ts-order-service,loss,1,300,300,incident,0.3,8,0.30000053614128397,baro,4,0.25,0.4,0.043478260869565216,0,0,1,70,561.736400006339,ts-avatar-service|ts-contacts-service|ts-food-service|ts-order-service|192-168-29-237-9100,ts-avatar-service_container-memory-usage-bytes,0.5794927536231884,23,23,0.7,0.4589855072463768,23,23,23,0.6996918542336549,baseline-v2-20260723,cd270e7871bd358937d83d9a49829637fa80007d2964084ef229f578e3733bd3,ba75425861a059dafcc477474fc3e4ed1eafdc2b47d6fdd0557337035d29a960,f50c93d67ac3ef1043a97481e729b25f9aa26543f5cedbd6c75a479fee202fc5,12833329,1693222006000000000,300
TT/ts-order-service_loss/1,TT,ts-order-service,loss,1,300,300,incident,0.3,8,0.30000053614128397,median_shift,10,0.1,0.0,0.13043478260869565,0,0,0,70,156.60129999741912,ts-seat-service|ts-food-service|ts-route-service|ts-notification-service|ts-user-service,ts-seat-service_container-memory-rss,0.5794927536231884,23,23,0.7,0.4589855072463768,23,23,23,0.6996918542336549,baseline-v2-20260723,cd270e7871bd358937d83d9a49829637fa80007d2964084ef229f578e3733bd3,ba75425861a059dafcc477474fc3e4ed1eafdc2b47d6fdd0557337035d29a960,f50c93d67ac3ef1043a97481e729b25f9aa26543f5cedbd6c75a479fee202fc5,12833329,1693222006000000000,300
TT/ts-order-service_loss/1,TT,ts-order-service,loss,1,300,300,incident,0.3,8,0.30000053614128397,nsigma,22,0.045454545454545456,0.0,0.30434782608695654,0,0,0,70,432.0341999991797,ts-food-map-mongo|ts-train-mongo|ts-travel2-mongo|ts-consign-price-mongo|ts-security-mongo,ts-food-map-mongo_container-memory-failures-total,0.5794927536231884,23,23,0.7,0.4589855072463768,23,23,23,0.6996918542336549,baseline-v2-20260723,cd270e7871bd358937d83d9a49829637fa80007d2964084ef229f578e3733bd3,ba75425861a059dafcc477474fc3e4ed1eafdc2b47d6fdd0557337035d29a960,f50c93d67ac3ef1043a97481e729b25f9aa26543f5cedbd6c75a479fee202fc5,12833329,1693222006000000000,300
TT/ts-order-service_loss/1,TT,ts-order-service,loss,1,300,300,incident,0.3,9,0.30000053614128397,baro,5,0.2,0.2,0.057971014492753624,0,0,1,70,522.6513000088744,ts-avatar-service|ts-voucher-service|ts-contacts-service|ts-food-service|ts-order-service,ts-avatar-service_container-memory-usage-bytes,0.58,23,23,0.7047826086956521,0.45521739130434785,23,23,23,0.6996918542336549,baseline-v2-20260723,cd270e7871bd358937d83d9a49829637fa80007d2964084ef229f578e3733bd3,ba75425861a059dafcc477474fc3e4ed1eafdc2b47d6fdd0557337035d29a960,f50c93d67ac3ef1043a97481e729b25f9aa26543f5cedbd6c75a479fee202fc5,12833329,1693222006000000000,300
TT/ts-order-service_loss/1,TT,ts-order-service,loss,1,300,300,incident,0.3,9,0.30000053614128397,median_shift,3,0.3333333333333333,0.6,0.028985507246376812,0,1,1,70,169.8098999913782,ts-seat-service|ts-price-service|ts-order-service|ts-news-service|ts-admin-travel-service,ts-seat-service_container-memory-rss,0.58,23,23,0.7047826086956521,0.45521739130434785,23,23,23,0.6996918542336549,baseline-v2-20260723,cd270e7871bd358937d83d9a49829637fa80007d2964084ef229f578e3733bd3,ba75425861a059dafcc477474fc3e4ed1eafdc2b47d6fdd0557337035d29a960,f50c93d67ac3ef1043a97481e729b25f9aa26543f5cedbd6c75a479fee202fc5,12833329,1693222006000000000,300
TT/ts-order-service_loss/1,TT,ts-order-service,loss,1,300,300,incident,0.3,9,0.30000053614128397,nsigma,21,0.047619047619047616,0.0,0.2898550724637681,0,0,0,70,434.1092000249773,ts-voucher-service|ts-food-map-mongo|ts-train-mongo|ts-travel2-mongo|ts-food-mongo,ts-voucher-service_container-memory-working-set-bytes,0.58,23,23,0.7047826086956521,0.45521739130434785,23,23,23,0.6996918542336549,baseline-v2-20260723,cd270e7871bd358937d83d9a49829637fa80007d2964084ef229f578e3733bd3,ba75425861a059dafcc477474fc3e4ed1eafdc2b47d6fdd0557337035d29a960,f50c93d67ac3ef1043a97481e729b25f9aa26543f5cedbd6c75a479fee202fc5,12833329,1693222006000000000,300
TT/ts-order-service_loss/1,TT,ts-order-service,loss,1,300,300,incident,0.5,0,0.5,baro,6,0.16666666666666666,0.0,0.07246376811594203,0,0,0,70,505.43080002535135,ts-avatar-service|ts-voucher-service|ts-station-service|ts-contacts-service|ts-food-service,ts-avatar-service_container-memory-usage-bytes,0.3977536231884058,23,23,0.4827536231884058,0.31275362318840577,23,21,19,0.4997802786709539,baseline-v2-20260723,cd270e7871bd358937d83d9a49829637fa80007d2964084ef229f578e3733bd3,ba75425861a059dafcc477474fc3e4ed1eafdc2b47d6fdd0557337035d29a960,f50c93d67ac3ef1043a97481e729b25f9aa26543f5cedbd6c75a479fee202fc5,12833329,1693222006000000000,300
TT/ts-order-service_loss/1,TT,ts-order-service,loss,1,300,300,incident,0.5,0,0.5,median_shift,44,0.022727272727272728,0.0,0.6231884057971014,0,0,0,70,157.68990002106875,ts-food-map-service|ts-config-service|ts-notification-service|ts-preserve-other-service|ts-contacts-mongo,ts-food-map-service_container-memory-working-set-bytes,0.3977536231884058,23,23,0.4827536231884058,0.31275362318840577,23,21,19,0.4997802786709539,baseline-v2-20260723,cd270e7871bd358937d83d9a49829637fa80007d2964084ef229f578e3733bd3,ba75425861a059dafcc477474fc3e4ed1eafdc2b47d6fdd0557337035d29a960,f50c93d67ac3ef1043a97481e729b25f9aa26543f5cedbd6c75a479fee202fc5,12833329,1693222006000000000,300
TT/ts-order-service_loss/1,TT,ts-order-service,loss,1,300,300,incident,0.5,0,0.5,nsigma,30,0.03333333333333333,0.0,0.42028985507246375,0,0,0,70,462.8538000397384,ts-voucher-service|ts-food-map-mongo|ts-train-mongo|ts-travel2-mongo|ts-travel-service,ts-voucher-service_container-memory-usage-bytes,0.3977536231884058,23,23,0.4827536231884058,0.31275362318840577,23,21,19,0.4997802786709539,baseline-v2-20260723,cd270e7871bd358937d83d9a49829637fa80007d2964084ef229f578e3733bd3,ba75425861a059dafcc477474fc3e4ed1eafdc2b47d6fdd0557337035d29a960,f50c93d67ac3ef1043a97481e729b25f9aa26543f5cedbd6c75a479fee202fc5,12833329,1693222006000000000,300
TT/ts-order-service_loss/1,TT,ts-order-service,loss,1,300,300,incident,0.5,1,0.5,baro,4,0.25,0.4,0.043478260869565216,0,0,1,70,555.3083999548107,ts-avatar-service|ts-contacts-service|ts-food-service|ts-order-service|192-168-29-237-9100,ts-avatar-service_container-memory-usage-bytes,0.396231884057971,23,23,0.48,0.312463768115942,23,20,19,0.4997802786709539,baseline-v2-20260723,cd270e7871bd358937d83d9a49829637fa80007d2964084ef229f578e3733bd3,ba75425861a059dafcc477474fc3e4ed1eafdc2b47d6fdd0557337035d29a960,f50c93d67ac3ef1043a97481e729b25f9aa26543f5cedbd6c75a479fee202fc5,12833329,1693222006000000000,300
TT/ts-order-service_loss/1,TT,ts-order-service,loss,1,300,300,incident,0.5,1,0.5,median_shift,38,0.02631578947368421,0.0,0.5362318840579711,0,0,0,70,153.56880001490936,ts-notification-service|ts-ticket-office-mongo|ts-ticket-office-service|ts-preserve-other-service|ts-food-map-service,ts-notification-service_container-memory-usage-bytes,0.396231884057971,23,23,0.48,0.312463768115942,23,20,19,0.4997802786709539,baseline-v2-20260723,cd270e7871bd358937d83d9a49829637fa80007d2964084ef229f578e3733bd3,ba75425861a059dafcc477474fc3e4ed1eafdc2b47d6fdd0557337035d29a960,f50c93d67ac3ef1043a97481e729b25f9aa26543f5cedbd6c75a479fee202fc5,12833329,1693222006000000000,300
TT/ts-order-service_loss/1,TT,ts-order-service,loss,1,300,300,incident,0.5,1,0.5,nsigma,18,0.05555555555555555,0.0,0.2463768115942029,0,0,0,70,427.06939997151494,ts-food-map-mongo|ts-train-mongo|ts-travel2-mongo|ts-admin-travel-service|ts-ticket-office-mongo,ts-food-map-mongo_container-memory-failures-total,0.396231884057971,23,23,0.48,0.312463768115942,23,20,19,0.4997802786709539,baseline-v2-20260723,cd270e7871bd358937d83d9a49829637fa80007d2964084ef229f578e3733bd3,ba75425861a059dafcc477474fc3e4ed1eafdc2b47d6fdd0557337035d29a960,f50c93d67ac3ef1043a97481e729b25f9aa26543f5cedbd6c75a479fee202fc5,12833329,1693222006000000000,300
TT/ts-order-service_loss/1,TT,ts-order-service,loss,1,300,300,incident,0.5,2,0.5,baro,6,0.16666666666666666,0.0,0.07246376811594203,0,0,0,70,543.8600999768823,ts-avatar-service|ts-voucher-service|ts-station-service|ts-contacts-service|ts-food-service,ts-avatar-service_container-memory-usage-bytes,0.40855072463768116,23,23,0.5033333333333333,0.31376811594202897,23,20,19,0.4997802786709539,baseline-v2-20260723,cd270e7871bd358937d83d9a49829637fa80007d2964084ef229f578e3733bd3,ba75425861a059dafcc477474fc3e4ed1eafdc2b47d6fdd0557337035d29a960,f50c93d67ac3ef1043a97481e729b25f9aa26543f5cedbd6c75a479fee202fc5,12833329,1693222006000000000,300
TT/ts-order-service_loss/1,TT,ts-order-service,loss,1,300,300,incident,0.5,2,0.5,median_shift,47,0.02127659574468085,0.0,0.6666666666666666,0,0,0,70,158.5596000077203,ts-route-service|ts-notification-service|ts-station-service|ts-payment-mongo|ts-food-map-service,ts-route-service_container-memory-working-set-bytes,0.40855072463768116,23,23,0.5033333333333333,0.31376811594202897,23,20,19,0.4997802786709539,baseline-v2-20260723,cd270e7871bd358937d83d9a49829637fa80007d2964084ef229f578e3733bd3,ba75425861a059dafcc477474fc3e4ed1eafdc2b47d6fdd0557337035d29a960,f50c93d67ac3ef1043a97481e729b25f9aa26543f5cedbd6c75a479fee202fc5,12833329,1693222006000000000,300
TT/ts-order-service_loss/1,TT,ts-order-service,loss,1,300,300,incident,0.5,2,0.5,nsigma,25,0.04,0.0,0.34782608695652173,0,0,0,70,428.5624999902211,ts-voucher-service|ts-food-map-mongo|ts-train-mongo|ts-travel2-mongo|ts-ticket-office-mongo,ts-voucher-service_container-memory-working-set-bytes,0.40855072463768116,23,23,0.5033333333333333,0.31376811594202897,23,20,19,0.4997802786709539,baseline-v2-20260723,cd270e7871bd358937d83d9a49829637fa80007d2964084ef229f578e3733bd3,ba75425861a059dafcc477474fc3e4ed1eafdc2b47d6fdd0557337035d29a960,f50c93d67ac3ef1043a97481e729b25f9aa26543f5cedbd6c75a479fee202fc5,12833329,1693222006000000000,300
TT/ts-order-service_loss/1,TT,ts-order-service,loss,1,300,300,incident,0.5,3,0.5,baro,6,0.16666666666666666,0.0,0.07246376811594203,0,0,0,70,507.58929998846725,ts-avatar-service|ts-voucher-service|ts-station-service|ts-contacts-service|ts-food-service,ts-avatar-service_container-memory-usage-bytes,0.41043478260869565,23,23,0.5118840579710144,0.3089855072463768,23,20,20,0.4997802786709539,baseline-v2-20260723,cd270e7871bd358937d83d9a49829637fa80007d2964084ef229f578e3733bd3,ba75425861a059dafcc477474fc3e4ed1eafdc2b47d6fdd0557337035d29a960,f50c93d67ac3ef1043a97481e729b25f9aa26543f5cedbd6c75a479fee202fc5,12833329,1693222006000000000,300
TT/ts-order-service_loss/1,TT,ts-order-service,loss,1,300,300,incident,0.5,3,0.5,median_shift,24,0.041666666666666664,0.0,0.3333333333333333,0,0,0,70,156.8836999940686,ts-seat-service|ts-contacts-mongo|ts-notification-service|ts-payment-mongo|ts-ticket-office-mongo,ts-seat-service_container-memory-rss,0.41043478260869565,23,23,0.5118840579710144,0.3089855072463768,23,20,20,0.4997802786709539,baseline-v2-20260723,cd270e7871bd358937d83d9a49829637fa80007d2964084ef229f578e3733bd3,ba75425861a059dafcc477474fc3e4ed1eafdc2b47d6fdd0557337035d29a960,f50c93d67ac3ef1043a97481e729b25f9aa26543f5cedbd6c75a479fee202fc5,12833329,1693222006000000000,300
TT/ts-order-service_loss/1,TT,ts-order-service,loss,1,300,300,incident,0.5,3,0.5,nsigma,26,0.038461538461538464,0.0,0.36231884057971014,0,0,0,70,433.56169998878613,ts-voucher-service|ts-food-map-mongo|ts-train-mongo|ts-admin-user-service|ts-travel2-mongo,ts-voucher-service_container-memory-usage-bytes,0.41043478260869565,23,23,0.5118840579710144,0.3089855072463768,23,20,20,0.4997802786709539,baseline-v2-20260723,cd270e7871bd358937d83d9a49829637fa80007d2964084ef229f578e3733bd3,ba75425861a059dafcc477474fc3e4ed1eafdc2b47d6fdd0557337035d29a960,f50c93d67ac3ef1043a97481e729b25f9aa26543f5cedbd6c75a479fee202fc5,12833329,1693222006000000000,300
TT/ts-order-service_loss/1,TT,ts-order-service,loss,1,300,300,incident,0.5,4,0.5,baro,6,0.16666666666666666,0.0,0.07246376811594203,0,0,0,70,515.4639999964274,ts-avatar-service|ts-voucher-service|ts-station-service|ts-contacts-service|ts-food-service,ts-avatar-service_container-memory-usage-bytes,0.4071739130434783,23,23,0.5005797101449275,0.31376811594202897,23,21,19,0.4997802786709539,baseline-v2-20260723,cd270e7871bd358937d83d9a49829637fa80007d2964084ef229f578e3733bd3,ba75425861a059dafcc477474fc3e4ed1eafdc2b47d6fdd0557337035d29a960,f50c93d67ac3ef1043a97481e729b25f9aa26543f5cedbd6c75a479fee202fc5,12833329,1693222006000000000,300
TT/ts-order-service_loss/1,TT,ts-order-service,loss,1,300,300,incident,0.5,4,0.5,median_shift,45,0.022222222222222223,0.0,0.6376811594202898,0,0,0,70,154.41499999724329,ts-seat-service|ts-food-map-service|ts-ticket-office-mongo|ts-station-service|ts-notification-service,ts-seat-service_container-memory-rss,0.4071739130434783,23,23,0.5005797101449275,0.31376811594202897,23,21,19,0.4997802786709539,baseline-v2-20260723,cd270e7871bd358937d83d9a49829637fa80007d2964084ef229f578e3733bd3,ba75425861a059dafcc477474fc3e4ed1eafdc2b47d6fdd0557337035d29a960,f50c93d67ac3ef1043a97481e729b25f9aa26543f5cedbd6c75a479fee202fc5,12833329,1693222006000000000,300
TT/ts-order-service_loss/1,TT,ts-order-service,loss,1,300,300,incident,0.5,4,0.5,nsigma,17,0.058823529411764705,0.0,0.2318840579710145,0,0,0,70,453.7186000379734,ts-voucher-service|ts-food-map-mongo|ts-train-mongo|ts-travel2-mongo|ts-ticket-office-mongo,ts-voucher-service_container-memory-working-set-bytes,0.4071739130434783,23,23,0.5005797101449275,0.31376811594202897,23,21,19,0.4997802786709539,baseline-v2-20260723,cd270e7871bd358937d83d9a49829637fa80007d2964084ef229f578e3733bd3,ba75425861a059dafcc477474fc3e4ed1eafdc2b47d6fdd0557337035d29a960,f50c93d67ac3ef1043a97481e729b25f9aa26543f5cedbd6c75a479fee202fc5,12833329,1693222006000000000,300
TT/ts-order-service_loss/1,TT,ts-order-service,loss,1,300,300,incident,0.5,5,0.5,baro,6,0.16666666666666666,0.0,0.07246376811594203,0,0,0,70,549.548999988474,ts-avatar-service|ts-voucher-service|ts-station-service|ts-contacts-service|ts-food-service,ts-avatar-service_container-memory-usage-bytes,0.4053623188405797,23,23,0.4984057971014493,0.31231884057971016,23,20,19,0.4997802786709539,baseline-v2-20260723,cd270e7871bd358937d83d9a49829637fa80007d2964084ef229f578e3733bd3,ba75425861a059dafcc477474fc3e4ed1eafdc2b47d6fdd0557337035d29a960,f50c93d67ac3ef1043a97481e729b25f9aa26543f5cedbd6c75a479fee202fc5,12833329,1693222006000000000,300
TT/ts-order-service_loss/1,TT,ts-order-service,loss,1,300,300,incident,0.5,5,0.5,median_shift,30,0.03333333333333333,0.0,0.42028985507246375,0,0,0,70,155.34420002950355,ts-price-service|ts-route-service|ts-notification-service|ts-food-map-service|ts-food-mongo,ts-price-service_container-memory-rss,0.4053623188405797,23,23,0.4984057971014493,0.31231884057971016,23,20,19,0.4997802786709539,baseline-v2-20260723,cd270e7871bd358937d83d9a49829637fa80007d2964084ef229f578e3733bd3,ba75425861a059dafcc477474fc3e4ed1eafdc2b47d6fdd0557337035d29a960,f50c93d67ac3ef1043a97481e729b25f9aa26543f5cedbd6c75a479fee202fc5,12833329,1693222006000000000,300
TT/ts-order-service_loss/1,TT,ts-order-service,loss,1,300,300,incident,0.5,5,0.5,nsigma,27,0.037037037037037035,0.0,0.37681159420289856,0,0,0,70,434.78830001549795,ts-voucher-service|ts-food-map-mongo|ts-travel2-mongo|ts-train-mongo|ts-admin-travel-service,ts-voucher-service_container-memory-usage-bytes,0.4053623188405797,23,23,0.4984057971014493,0.31231884057971016,23,20,19,0.4997802786709539,baseline-v2-20260723,cd270e7871bd358937d83d9a49829637fa80007d2964084ef229f578e3733bd3,ba75425861a059dafcc477474fc3e4ed1eafdc2b47d6fdd0557337035d29a960,f50c93d67ac3ef1043a97481e729b25f9aa26543f5cedbd6c75a479fee202fc5,12833329,1693222006000000000,300
TT/ts-order-service_loss/1,TT,ts-order-service,loss,1,300,300,incident,0.5,6,0.5,baro,6,0.16666666666666666,0.0,0.07246376811594203,0,0,0,70,556.0686999815516,ts-avatar-service|ts-voucher-service|ts-station-service|ts-contacts-service|ts-food-service,ts-avatar-service_container-memory-usage-bytes,0.40949275362318843,23,23,0.4998550724637681,0.3191304347826087,23,20,19,0.4997802786709539,baseline-v2-20260723,cd270e7871bd358937d83d9a49829637fa80007d2964084ef229f578e3733bd3,ba75425861a059dafcc477474fc3e4ed1eafdc2b47d6fdd0557337035d29a960,f50c93d67ac3ef1043a97481e729b25f9aa26543f5cedbd6c75a479fee202fc5,12833329,1693222006000000000,300
TT/ts-order-service_loss/1,TT,ts-order-service,loss,1,300,300,incident,0.5,6,0.5,median_shift,36,0.027777777777777776,0.0,0.5072463768115942,0,0,0,70,158.09019998414442,ts-seat-service|ts-notification-service|ts-ticket-office-mongo|ts-food-map-service|ts-station-service,ts-seat-service_container-memory-rss,0.40949275362318843,23,23,0.4998550724637681,0.3191304347826087,23,20,19,0.4997802786709539,baseline-v2-20260723,cd270e7871bd358937d83d9a49829637fa80007d2964084ef229f578e3733bd3,ba75425861a059dafcc477474fc3e4ed1eafdc2b47d6fdd0557337035d29a960,f50c93d67ac3ef1043a97481e729b25f9aa26543f5cedbd6c75a479fee202fc5,12833329,1693222006000000000,300
TT/ts-order-service_loss/1,TT,ts-order-service,loss,1,300,300,incident,0.5,6,0.5,nsigma,26,0.038461538461538464,0.0,0.36231884057971014,0,0,0,70,423.0354999890551,ts-voucher-service|ts-train-mongo|ts-food-map-mongo|ts-travel2-mongo|ts-ticket-office-mongo,ts-voucher-service_container-memory-usage-bytes,0.40949275362318843,23,23,0.4998550724637681,0.3191304347826087,23,20,19,0.4997802786709539,baseline-v2-20260723,cd270e7871bd358937d83d9a49829637fa80007d2964084ef229f578e3733bd3,ba75425861a059dafcc477474fc3e4ed1eafdc2b47d6fdd0557337035d29a960,f50c93d67ac3ef1043a97481e729b25f9aa26543f5cedbd6c75a479fee202fc5,12833329,1693222006000000000,300
TT/ts-order-service_loss/1,TT,ts-order-service,loss,1,300,300,incident,0.5,7,0.5,baro,5,0.2,0.2,0.057971014492753624,0,0,1,70,507.4220999958925,ts-avatar-service|ts-station-service|ts-contacts-service|ts-food-service|ts-order-service,ts-avatar-service_container-memory-usage-bytes,0.40217391304347827,23,23,0.48739130434782607,0.3169565217391304,23,20,19,0.4997802786709539,baseline-v2-20260723,cd270e7871bd358937d83d9a49829637fa80007d2964084ef229f578e3733bd3,ba75425861a059dafcc477474fc3e4ed1eafdc2b47d6fdd0557337035d29a960,f50c93d67ac3ef1043a97481e729b25f9aa26543f5cedbd6c75a479fee202fc5,12833329,1693222006000000000,300
TT/ts-order-service_loss/1,TT,ts-order-service,loss,1,300,300,incident,0.5,7,0.5,median_shift,25,0.04,0.0,0.34782608695652173,0,0,0,70,156.06690000277013,ts-travel-mongo|ts-admin-basic-info-service|ts-food-map-service|ts-notification-service|ts-price-service,ts-travel-mongo_container-memory-usage-bytes,0.40217391304347827,23,23,0.48739130434782607,0.3169565217391304,23,20,19,0.4997802786709539,baseline-v2-20260723,cd270e7871bd358937d83d9a49829637fa80007d2964084ef229f578e3733bd3,ba75425861a059dafcc477474fc3e4ed1eafdc2b47d6fdd0557337035d29a960,f50c93d67ac3ef1043a97481e729b25f9aa26543f5cedbd6c75a479fee202fc5,12833329,1693222006000000000,300
TT/ts-order-service_loss/1,TT,ts-order-service,loss,1,300,300,incident,0.5,7,0.5,nsigma,26,0.038461538461538464,0.0,0.36231884057971014,0,0,0,70,425.46920001041144,ts-food-map-mongo|ts-train-mongo|ts-travel2-mongo|ts-admin-travel-service|ts-ticket-office-mongo,ts-food-map-mongo_container-memory-failures-total,0.40217391304347827,23,23,0.48739130434782607,0.3169565217391304,23,20,19,0.4997802786709539,baseline-v2-20260723,cd270e7871bd358937d83d9a49829637fa80007d2964084ef229f578e3733bd3,ba75425861a059dafcc477474fc3e4ed1eafdc2b47d6fdd0557337035d29a960,f50c93d67ac3ef1043a97481e729b25f9aa26543f5cedbd6c75a479fee202fc5,12833329,1693222006000000000,300
TT/ts-order-service_loss/1,TT,ts-order-service,loss,1,300,300,incident,0.5,8,0.5,baro,6,0.16666666666666666,0.0,0.07246376811594203,0,0,0,70,512.0421000174247,ts-avatar-service|ts-voucher-service|ts-station-service|ts-contacts-service|ts-food-service,ts-avatar-service_container-memory-usage-bytes,0.40601449275362317,23,23,0.5023188405797101,0.30971014492753624,23,21,18,0.4997802786709539,baseline-v2-20260723,cd270e7871bd358937d83d9a49829637fa80007d2964084ef229f578e3733bd3,ba75425861a059dafcc477474fc3e4ed1eafdc2b47d6fdd0557337035d29a960,f50c93d67ac3ef1043a97481e729b25f9aa26543f5cedbd6c75a479fee202fc5,12833329,1693222006000000000,300
TT/ts-order-service_loss/1,TT,ts-order-service,loss,1,300,300,incident,0.5,8,0.5,median_shift,42,0.023809523809523808,0.0,0.5942028985507246,0,0,0,70,156.64570004446432,ts-seat-service|ts-preserve-other-service|ts-food-map-service|ts-ticket-office-mongo|ts-notification-service,ts-seat-service_container-memory-rss,0.40601449275362317,23,23,0.5023188405797101,0.30971014492753624,23,21,18,0.4997802786709539,baseline-v2-20260723,cd270e7871bd358937d83d9a49829637fa80007d2964084ef229f578e3733bd3,ba75425861a059dafcc477474fc3e4ed1eafdc2b47d6fdd0557337035d29a960,f50c93d67ac3ef1043a97481e729b25f9aa26543f5cedbd6c75a479fee202fc5,12833329,1693222006000000000,300
TT/ts-order-service_loss/1,TT,ts-order-service,loss,1,300,300,incident,0.5,8,0.5,nsigma,19,0.05263157894736842,0.0,0.2608695652173913,0,0,0,70,467.39260002505034,ts-voucher-service|ts-food-map-mongo|ts-train-mongo|ts-travel2-mongo|ts-admin-travel-service,ts-voucher-service_container-memory-working-set-bytes,0.40601449275362317,23,23,0.5023188405797101,0.30971014492753624,23,21,18,0.4997802786709539,baseline-v2-20260723,cd270e7871bd358937d83d9a49829637fa80007d2964084ef229f578e3733bd3,ba75425861a059dafcc477474fc3e4ed1eafdc2b47d6fdd0557337035d29a960,f50c93d67ac3ef1043a97481e729b25f9aa26543f5cedbd6c75a479fee202fc5,12833329,1693222006000000000,300
TT/ts-order-service_loss/1,TT,ts-order-service,loss,1,300,300,incident,0.5,9,0.5,baro,6,0.16666666666666666,0.0,0.07246376811594203,0,0,0,70,552.900199953001,ts-avatar-service|ts-voucher-service|ts-station-service|ts-contacts-service|ts-food-service,ts-avatar-service_container-memory-usage-bytes,0.4058695652173913,23,23,0.49956521739130433,0.31217391304347825,23,20,19,0.4997802786709539,baseline-v2-20260723,cd270e7871bd358937d83d9a49829637fa80007d2964084ef229f578e3733bd3,ba75425861a059dafcc477474fc3e4ed1eafdc2b47d6fdd0557337035d29a960,f50c93d67ac3ef1043a97481e729b25f9aa26543f5cedbd6c75a479fee202fc5,12833329,1693222006000000000,300
TT/ts-order-service_loss/1,TT,ts-order-service,loss,1,300,300,incident,0.5,9,0.5,median_shift,20,0.05,0.0,0.2753623188405797,0,0,0,70,158.9757000328973,ts-preserve-other-service|ts-contacts-mongo|ts-notification-service|ts-inside-payment-mongo|ts-ticket-office-mongo,ts-preserve-other-service_container-memory-rss,0.4058695652173913,23,23,0.49956521739130433,0.31217391304347825,23,20,19,0.4997802786709539,baseline-v2-20260723,cd270e7871bd358937d83d9a49829637fa80007d2964084ef229f578e3733bd3,ba75425861a059dafcc477474fc3e4ed1eafdc2b47d6fdd0557337035d29a960,f50c93d67ac3ef1043a97481e729b25f9aa26543f5cedbd6c75a479fee202fc5,12833329,1693222006000000000,300
TT/ts-order-service_loss/1,TT,ts-order-service,loss,1,300,300,incident,0.5,9,0.5,nsigma,23,0.043478260869565216,0.0,0.3188405797101449,0,0,0,70,434.42960001993924,ts-voucher-service|ts-food-map-mongo|ts-train-mongo|ts-admin-user-service|ts-travel2-mongo,ts-voucher-service_container-memory-usage-bytes,0.4058695652173913,23,23,0.49956521739130433,0.31217391304347825,23,20,19,0.4997802786709539,baseline-v2-20260723,cd270e7871bd358937d83d9a49829637fa80007d2964084ef229f578e3733bd3,ba75425861a059dafcc477474fc3e4ed1eafdc2b47d6fdd0557337035d29a960,f50c93d67ac3ef1043a97481e729b25f9aa26543f5cedbd6c75a479fee202fc5,12833329,1693222006000000000,300
TT/ts-order-service_loss/1,TT,ts-order-service,loss,1,300,300,none,0.0,0,0.0,baro,15,0.06666666666666667,0.0,0.2028985507246377,0,0,0,70,615.0720999576151,192-168-29-237-9100|ts-preserve-other-service|ts-consign-mongo|ts-food-map-mongo|ts-preserve-service,192-168-29-237-9100_node-memory-active-bytes,1.0,23,23,1.0,1.0,23,23,23,0.9995605573419079,baseline-v2-20260723,cd270e7871bd358937d83d9a49829637fa80007d2964084ef229f578e3733bd3,ba75425861a059dafcc477474fc3e4ed1eafdc2b47d6fdd0557337035d29a960,f50c93d67ac3ef1043a97481e729b25f9aa26543f5cedbd6c75a479fee202fc5,12833329,1693222006000000000,300
TT/ts-order-service_loss/1,TT,ts-order-service,loss,1,300,300,none,0.0,0,0.0,median_shift,19,0.05263157894736842,0.0,0.2608695652173913,0,0,0,70,151.8709000083618,192-168-29-237-9100|ts-auth-mongo|ts-config-mongo|ts-consign-mongo|ts-consign-price-service,192-168-29-237-9100_node-memory-active-bytes,1.0,23,23,1.0,1.0,23,23,23,0.9995605573419079,baseline-v2-20260723,cd270e7871bd358937d83d9a49829637fa80007d2964084ef229f578e3733bd3,ba75425861a059dafcc477474fc3e4ed1eafdc2b47d6fdd0557337035d29a960,f50c93d67ac3ef1043a97481e729b25f9aa26543f5cedbd6c75a479fee202fc5,12833329,1693222006000000000,300
TT/ts-order-service_loss/1,TT,ts-order-service,loss,1,300,300,none,0.0,0,0.0,nsigma,4,0.25,0.4,0.043478260869565216,0,0,1,70,500.7090999861248,ts-security-service|ts-seat-service|ts-inside-payment-service|ts-order-service|ts-payment-service,ts-security-service_istio-latency-99,1.0,23,23,1.0,1.0,23,23,23,0.9995605573419079,baseline-v2-20260723,cd270e7871bd358937d83d9a49829637fa80007d2964084ef229f578e3733bd3,ba75425861a059dafcc477474fc3e4ed1eafdc2b47d6fdd0557337035d29a960,f50c93d67ac3ef1043a97481e729b25f9aa26543f5cedbd6c75a479fee202fc5,12833329,1693222006000000000,300
TT/ts-order-service_loss/1,TT,ts-order-service,loss,1,300,300,point,0.1,0,0.09999973192935803,baro,15,0.06666666666666667,0.0,0.2028985507246377,0,0,0,70,552.5555000058375,192-168-29-237-9100|ts-preserve-other-service|ts-consign-mongo|ts-food-map-mongo|ts-preserve-service,192-168-29-237-9100_node-memory-active-bytes,0.8986231884057971,23,23,0.8984057971014493,0.898840579710145,23,23,23,0.8996047695605573,baseline-v2-20260723,cd270e7871bd358937d83d9a49829637fa80007d2964084ef229f578e3733bd3,ba75425861a059dafcc477474fc3e4ed1eafdc2b47d6fdd0557337035d29a960,f50c93d67ac3ef1043a97481e729b25f9aa26543f5cedbd6c75a479fee202fc5,12833329,1693222006000000000,300
TT/ts-order-service_loss/1,TT,ts-order-service,loss,1,300,300,point,0.1,0,0.09999973192935803,median_shift,19,0.05263157894736842,0.0,0.2608695652173913,0,0,0,70,157.98509999876842,192-168-29-237-9100|ts-auth-mongo|ts-config-mongo|ts-consign-mongo|ts-consign-price-service,192-168-29-237-9100_node-memory-active-bytes,0.8986231884057971,23,23,0.8984057971014493,0.898840579710145,23,23,23,0.8996047695605573,baseline-v2-20260723,cd270e7871bd358937d83d9a49829637fa80007d2964084ef229f578e3733bd3,ba75425861a059dafcc477474fc3e4ed1eafdc2b47d6fdd0557337035d29a960,f50c93d67ac3ef1043a97481e729b25f9aa26543f5cedbd6c75a479fee202fc5,12833329,1693222006000000000,300
TT/ts-order-service_loss/1,TT,ts-order-service,loss,1,300,300,point,0.1,0,0.09999973192935803,nsigma,4,0.25,0.4,0.043478260869565216,0,0,1,70,484.271599969361,ts-security-service|ts-seat-service|ts-inside-payment-service|ts-order-service|ts-payment-service,ts-security-service_istio-latency-99,0.8986231884057971,23,23,0.8984057971014493,0.898840579710145,23,23,23,0.8996047695605573,baseline-v2-20260723,cd270e7871bd358937d83d9a49829637fa80007d2964084ef229f578e3733bd3,ba75425861a059dafcc477474fc3e4ed1eafdc2b47d6fdd0557337035d29a960,f50c93d67ac3ef1043a97481e729b25f9aa26543f5cedbd6c75a479fee202fc5,12833329,1693222006000000000,300
TT/ts-order-service_loss/1,TT,ts-order-service,loss,1,300,300,point,0.1,1,0.09999973192935803,baro,15,0.06666666666666667,0.0,0.2028985507246377,0,0,0,70,571.0646000225097,192-168-29-237-9100|ts-preserve-other-service|ts-consign-mongo|ts-food-map-mongo|ts-preserve-service,192-168-29-237-9100_node-memory-active-bytes,0.8984057971014493,23,23,0.8992753623188405,0.897536231884058,23,23,23,0.8996047695605573,baseline-v2-20260723,cd270e7871bd358937d83d9a49829637fa80007d2964084ef229f578e3733bd3,ba75425861a059dafcc477474fc3e4ed1eafdc2b47d6fdd0557337035d29a960,f50c93d67ac3ef1043a97481e729b25f9aa26543f5cedbd6c75a479fee202fc5,12833329,1693222006000000000,300
TT/ts-order-service_loss/1,TT,ts-order-service,loss,1,300,300,point,0.1,1,0.09999973192935803,median_shift,19,0.05263157894736842,0.0,0.2608695652173913,0,0,0,70,154.13550002267584,192-168-29-237-9100|ts-auth-mongo|ts-config-mongo|ts-consign-mongo|ts-consign-price-service,192-168-29-237-9100_node-memory-active-bytes,0.8984057971014493,23,23,0.8992753623188405,0.897536231884058,23,23,23,0.8996047695605573,baseline-v2-20260723,cd270e7871bd358937d83d9a49829637fa80007d2964084ef229f578e3733bd3,ba75425861a059dafcc477474fc3e4ed1eafdc2b47d6fdd0557337035d29a960,f50c93d67ac3ef1043a97481e729b25f9aa26543f5cedbd6c75a479fee202fc5,12833329,1693222006000000000,300
TT/ts-order-service_loss/1,TT,ts-order-service,loss,1,300,300,point,0.1,1,0.09999973192935803,nsigma,4,0.25,0.4,0.043478260869565216,0,0,1,70,488.5980000253767,ts-security-service|ts-seat-service|ts-inside-payment-service|ts-order-service|ts-payment-service,ts-security-service_istio-latency-99,0.8984057971014493,23,23,0.8992753623188405,0.897536231884058,23,23,23,0.8996047695605573,baseline-v2-20260723,cd270e7871bd358937d83d9a49829637fa80007d2964084ef229f578e3733bd3,ba75425861a059dafcc477474fc3e4ed1eafdc2b47d6fdd0557337035d29a960,f50c93d67ac3ef1043a97481e729b25f9aa26543f5cedbd6c75a479fee202fc5,12833329,1693222006000000000,300
TT/ts-order-service_loss/1,TT,ts-order-service,loss,1,300,300,point,0.1,2,0.09999973192935803,baro,15,0.06666666666666667,0.0,0.2028985507246377,0,0,0,70,572.4840000038967,192-168-29-237-9100|ts-preserve-other-service|ts-consign-mongo|ts-food-map-mongo|ts-preserve-service,192-168-29-237-9100_node-memory-active-bytes,0.9039855072463768,23,23,0.9026086956521739,0.9053623188405797,23,23,23,0.8996047695605573,baseline-v2-20260723,cd270e7871bd358937d83d9a49829637fa80007d2964084ef229f578e3733bd3,ba75425861a059dafcc477474fc3e4ed1eafdc2b47d6fdd0557337035d29a960,f50c93d67ac3ef1043a97481e729b25f9aa26543f5cedbd6c75a479fee202fc5,12833329,1693222006000000000,300
TT/ts-order-service_loss/1,TT,ts-order-service,loss,1,300,300,point,0.1,2,0.09999973192935803,median_shift,19,0.05263157894736842,0.0,0.2608695652173913,0,0,0,70,164.76050001801923,192-168-29-237-9100|ts-auth-mongo|ts-config-mongo|ts-consign-mongo|ts-consign-price-service,192-168-29-237-9100_node-memory-active-bytes,0.9039855072463768,23,23,0.9026086956521739,0.9053623188405797,23,23,23,0.8996047695605573,baseline-v2-20260723,cd270e7871bd358937d83d9a49829637fa80007d2964084ef229f578e3733bd3,ba75425861a059dafcc477474fc3e4ed1eafdc2b47d6fdd0557337035d29a960,f50c93d67ac3ef1043a97481e729b25f9aa26543f5cedbd6c75a479fee202fc5,12833329,1693222006000000000,300
TT/ts-order-service_loss/1,TT,ts-order-service,loss,1,300,300,point,0.1,2,0.09999973192935803,nsigma,4,0.25,0.4,0.043478260869565216,0,0,1,70,455.3476999863051,ts-security-service|ts-seat-service|ts-inside-payment-service|ts-order-service|ts-payment-service,ts-security-service_istio-latency-99,0.9039855072463768,23,23,0.9026086956521739,0.9053623188405797,23,23,23,0.8996047695605573,baseline-v2-20260723,cd270e7871bd358937d83d9a49829637fa80007d2964084ef229f578e3733bd3,ba75425861a059dafcc477474fc3e4ed1eafdc2b47d6fdd0557337035d29a960,f50c93d67ac3ef1043a97481e729b25f9aa26543f5cedbd6c75a479fee202fc5,12833329,1693222006000000000,300
TT/ts-order-service_loss/1,TT,ts-order-service,loss,1,300,300,point,0.1,3,0.09999973192935803,baro,15,0.06666666666666667,0.0,0.2028985507246377,0,0,0,70,544.4171999697573,192-168-29-237-9100|ts-preserve-other-service|ts-consign-mongo|ts-food-map-mongo|ts-preserve-service,192-168-29-237-9100_node-memory-active-bytes,0.9035507246376812,23,23,0.9018840579710145,0.9052173913043479,23,23,23,0.8996047695605573,baseline-v2-20260723,cd270e7871bd358937d83d9a49829637fa80007d2964084ef229f578e3733bd3,ba75425861a059dafcc477474fc3e4ed1eafdc2b47d6fdd0557337035d29a960,f50c93d67ac3ef1043a97481e729b25f9aa26543f5cedbd6c75a479fee202fc5,12833329,1693222006000000000,300
TT/ts-order-service_loss/1,TT,ts-order-service,loss,1,300,300,point,0.1,3,0.09999973192935803,median_shift,19,0.05263157894736842,0.0,0.2608695652173913,0,0,0,70,158.6148000205867,192-168-29-237-9100|ts-auth-mongo|ts-config-mongo|ts-consign-mongo|ts-consign-price-service,192-168-29-237-9100_node-memory-active-bytes,0.9035507246376812,23,23,0.9018840579710145,0.9052173913043479,23,23,23,0.8996047695605573,baseline-v2-20260723,cd270e7871bd358937d83d9a49829637fa80007d2964084ef229f578e3733bd3,ba75425861a059dafcc477474fc3e4ed1eafdc2b47d6fdd0557337035d29a960,f50c93d67ac3ef1043a97481e729b25f9aa26543f5cedbd6c75a479fee202fc5,12833329,1693222006000000000,300
TT/ts-order-service_loss/1,TT,ts-order-service,loss,1,300,300,point,0.1,3,0.09999973192935803,nsigma,4,0.25,0.4,0.043478260869565216,0,0,1,70,443.3859999990091,ts-security-service|ts-seat-service|ts-inside-payment-service|ts-order-service|ts-payment-service,ts-security-service_istio-latency-99,0.9035507246376812,23,23,0.9018840579710145,0.9052173913043479,23,23,23,0.8996047695605573,baseline-v2-20260723,cd270e7871bd358937d83d9a49829637fa80007d2964084ef229f578e3733bd3,ba75425861a059dafcc477474fc3e4ed1eafdc2b47d6fdd0557337035d29a960,f50c93d67ac3ef1043a97481e729b25f9aa26543f5cedbd6c75a479fee202fc5,12833329,1693222006000000000,300
TT/ts-order-service_loss/1,TT,ts-order-service,loss,1,300,300,point,0.1,4,0.09999973192935803,baro,15,0.06666666666666667,0.0,0.2028985507246377,0,0,0,70,536.6366999805905,192-168-29-237-9100|ts-preserve-other-service|ts-consign-mongo|ts-food-map-mongo|ts-preserve-service,192-168-29-237-9100_node-memory-active-bytes,0.8966666666666666,23,23,0.8979710144927536,0.8953623188405797,23,23,23,0.8996047695605573,baseline-v2-20260723,cd270e7871bd358937d83d9a49829637fa80007d2964084ef229f578e3733bd3,ba75425861a059dafcc477474fc3e4ed1eafdc2b47d6fdd0557337035d29a960,f50c93d67ac3ef1043a97481e729b25f9aa26543f5cedbd6c75a479fee202fc5,12833329,1693222006000000000,300
TT/ts-order-service_loss/1,TT,ts-order-service,loss,1,300,300,point,0.1,4,0.09999973192935803,median_shift,19,0.05263157894736842,0.0,0.2608695652173913,0,0,0,70,155.45929997460917,192-168-29-237-9100|ts-auth-mongo|ts-config-mongo|ts-consign-mongo|ts-consign-price-service,192-168-29-237-9100_node-memory-active-bytes,0.8966666666666666,23,23,0.8979710144927536,0.8953623188405797,23,23,23,0.8996047695605573,baseline-v2-20260723,cd270e7871bd358937d83d9a49829637fa80007d2964084ef229f578e3733bd3,ba75425861a059dafcc477474fc3e4ed1eafdc2b47d6fdd0557337035d29a960,f50c93d67ac3ef1043a97481e729b25f9aa26543f5cedbd6c75a479fee202fc5,12833329,1693222006000000000,300
TT/ts-order-service_loss/1,TT,ts-order-service,loss,1,300,300,point,0.1,4,0.09999973192935803,nsigma,4,0.25,0.4,0.043478260869565216,0,0,1,70,476.269599981606,ts-security-service|ts-seat-service|ts-inside-payment-service|ts-order-service|ts-payment-service,ts-security-service_istio-latency-99,0.8966666666666666,23,23,0.8979710144927536,0.8953623188405797,23,23,23,0.8996047695605573,baseline-v2-20260723,cd270e7871bd358937d83d9a49829637fa80007d2964084ef229f578e3733bd3,ba75425861a059dafcc477474fc3e4ed1eafdc2b47d6fdd0557337035d29a960,f50c93d67ac3ef1043a97481e729b25f9aa26543f5cedbd6c75a479fee202fc5,12833329,1693222006000000000,300
TT/ts-order-service_loss/1,TT,ts-order-service,loss,1,300,300,point,0.1,5,0.09999973192935803,baro,15,0.06666666666666667,0.0,0.2028985507246377,0,0,0,70,575.4022999899462,192-168-29-237-9100|ts-preserve-other-service|ts-consign-mongo|ts-food-map-mongo|ts-preserve-service,192-168-29-237-9100_node-memory-active-bytes,0.9032608695652173,23,23,0.898695652173913,0.9078260869565218,23,23,23,0.8996047695605573,baseline-v2-20260723,cd270e7871bd358937d83d9a49829637fa80007d2964084ef229f578e3733bd3,ba75425861a059dafcc477474fc3e4ed1eafdc2b47d6fdd0557337035d29a960,f50c93d67ac3ef1043a97481e729b25f9aa26543f5cedbd6c75a479fee202fc5,12833329,1693222006000000000,300
TT/ts-order-service_loss/1,TT,ts-order-service,loss,1,300,300,point,0.1,5,0.09999973192935803,median_shift,19,0.05263157894736842,0.0,0.2608695652173913,0,0,0,70,151.99130005203187,192-168-29-237-9100|ts-auth-mongo|ts-config-mongo|ts-consign-mongo|ts-consign-price-service,192-168-29-237-9100_node-memory-active-bytes,0.9032608695652173,23,23,0.898695652173913,0.9078260869565218,23,23,23,0.8996047695605573,baseline-v2-20260723,cd270e7871bd358937d83d9a49829637fa80007d2964084ef229f578e3733bd3,ba75425861a059dafcc477474fc3e4ed1eafdc2b47d6fdd0557337035d29a960,f50c93d67ac3ef1043a97481e729b25f9aa26543f5cedbd6c75a479fee202fc5,12833329,1693222006000000000,300
TT/ts-order-service_loss/1,TT,ts-order-service,loss,1,300,300,point,0.1,5,0.09999973192935803,nsigma,4,0.25,0.4,0.043478260869565216,0,0,1,70,437.4186999630183,ts-security-service|ts-seat-service|ts-inside-payment-service|ts-order-service|ts-payment-service,ts-security-service_istio-latency-99,0.9032608695652173,23,23,0.898695652173913,0.9078260869565218,23,23,23,0.8996047695605573,baseline-v2-20260723,cd270e7871bd358937d83d9a49829637fa80007d2964084ef229f578e3733bd3,ba75425861a059dafcc477474fc3e4ed1eafdc2b47d6fdd0557337035d29a960,f50c93d67ac3ef1043a97481e729b25f9aa26543f5cedbd6c75a479fee202fc5,12833329,1693222006000000000,300
TT/ts-order-service_loss/1,TT,ts-order-service,loss,1,300,300,point,0.1,6,0.09999973192935803,baro,15,0.06666666666666667,0.0,0.2028985507246377,0,0,0,70,569.2398999817669,192-168-29-237-9100|ts-preserve-other-service|ts-consign-mongo|ts-food-map-mongo|ts-preserve-service,192-168-29-237-9100_node-memory-active-bytes,0.9015942028985507,23,23,0.9001449275362319,0.9030434782608696,23,23,23,0.8996047695605573,baseline-v2-20260723,cd270e7871bd358937d83d9a49829637fa80007d2964084ef229f578e3733bd3,ba75425861a059dafcc477474fc3e4ed1eafdc2b47d6fdd0557337035d29a960,f50c93d67ac3ef1043a97481e729b25f9aa26543f5cedbd6c75a479fee202fc5,12833329,1693222006000000000,300
TT/ts-order-service_loss/1,TT,ts-order-service,loss,1,300,300,point,0.1,6,0.09999973192935803,median_shift,19,0.05263157894736842,0.0,0.2608695652173913,0,0,0,70,154.48420000029728,192-168-29-237-9100|ts-auth-mongo|ts-config-mongo|ts-consign-mongo|ts-consign-price-service,192-168-29-237-9100_node-memory-active-bytes,0.9015942028985507,23,23,0.9001449275362319,0.9030434782608696,23,23,23,0.8996047695605573,baseline-v2-20260723,cd270e7871bd358937d83d9a49829637fa80007d2964084ef229f578e3733bd3,ba75425861a059dafcc477474fc3e4ed1eafdc2b47d6fdd0557337035d29a960,f50c93d67ac3ef1043a97481e729b25f9aa26543f5cedbd6c75a479fee202fc5,12833329,1693222006000000000,300
TT/ts-order-service_loss/1,TT,ts-order-service,loss,1,300,300,point,0.1,6,0.09999973192935803,nsigma,4,0.25,0.4,0.043478260869565216,0,0,1,70,449.8771000071429,ts-security-service|ts-seat-service|ts-inside-payment-service|ts-order-service|ts-payment-service,ts-security-service_istio-latency-99,0.9015942028985507,23,23,0.9001449275362319,0.9030434782608696,23,23,23,0.8996047695605573,baseline-v2-20260723,cd270e7871bd358937d83d9a49829637fa80007d2964084ef229f578e3733bd3,ba75425861a059dafcc477474fc3e4ed1eafdc2b47d6fdd0557337035d29a960,f50c93d67ac3ef1043a97481e729b25f9aa26543f5cedbd6c75a479fee202fc5,12833329,1693222006000000000,300
TT/ts-order-service_loss/1,TT,ts-order-service,loss,1,300,300,point,0.1,7,0.09999973192935803,baro,15,0.06666666666666667,0.0,0.2028985507246377,0,0,0,70,530.5935000069439,192-168-29-237-9100|ts-preserve-other-service|ts-consign-mongo|ts-food-map-mongo|ts-preserve-service,192-168-29-237-9100_node-memory-active-bytes,0.9015217391304348,23,23,0.8995652173913044,0.9034782608695652,23,23,23,0.8996047695605573,baseline-v2-20260723,cd270e7871bd358937d83d9a49829637fa80007d2964084ef229f578e3733bd3,ba75425861a059dafcc477474fc3e4ed1eafdc2b47d6fdd0557337035d29a960,f50c93d67ac3ef1043a97481e729b25f9aa26543f5cedbd6c75a479fee202fc5,12833329,1693222006000000000,300
TT/ts-order-service_loss/1,TT,ts-order-service,loss,1,300,300,point,0.1,7,0.09999973192935803,median_shift,19,0.05263157894736842,0.0,0.2608695652173913,0,0,0,70,153.88350002467632,192-168-29-237-9100|ts-auth-mongo|ts-config-mongo|ts-consign-mongo|ts-consign-price-service,192-168-29-237-9100_node-memory-active-bytes,0.9015217391304348,23,23,0.8995652173913044,0.9034782608695652,23,23,23,0.8996047695605573,baseline-v2-20260723,cd270e7871bd358937d83d9a49829637fa80007d2964084ef229f578e3733bd3,ba75425861a059dafcc477474fc3e4ed1eafdc2b47d6fdd0557337035d29a960,f50c93d67ac3ef1043a97481e729b25f9aa26543f5cedbd6c75a479fee202fc5,12833329,1693222006000000000,300
TT/ts-order-service_loss/1,TT,ts-order-service,loss,1,300,300,point,0.1,7,0.09999973192935803,nsigma,4,0.25,0.4,0.043478260869565216,0,0,1,70,443.8407000270672,ts-security-service|ts-seat-service|ts-inside-payment-service|ts-order-service|ts-payment-service,ts-security-service_istio-latency-99,0.9015217391304348,23,23,0.8995652173913044,0.9034782608695652,23,23,23,0.8996047695605573,baseline-v2-20260723,cd270e7871bd358937d83d9a49829637fa80007d2964084ef229f578e3733bd3,ba75425861a059dafcc477474fc3e4ed1eafdc2b47d6fdd0557337035d29a960,f50c93d67ac3ef1043a97481e729b25f9aa26543f5cedbd6c75a479fee202fc5,12833329,1693222006000000000,300
TT/ts-order-service_loss/1,TT,ts-order-service,loss,1,300,300,point,0.1,8,0.09999973192935803,baro,15,0.06666666666666667,0.0,0.2028985507246377,0,0,0,70,536.3471999880858,192-168-29-237-9100|ts-preserve-other-service|ts-consign-mongo|ts-food-map-mongo|ts-preserve-service,192-168-29-237-9100_node-memory-active-bytes,0.8983333333333333,23,23,0.9007246376811594,0.8959420289855072,23,23,23,0.8996047695605573,baseline-v2-20260723,cd270e7871bd358937d83d9a49829637fa80007d2964084ef229f578e3733bd3,ba75425861a059dafcc477474fc3e4ed1eafdc2b47d6fdd0557337035d29a960,f50c93d67ac3ef1043a97481e729b25f9aa26543f5cedbd6c75a479fee202fc5,12833329,1693222006000000000,300
TT/ts-order-service_loss/1,TT,ts-order-service,loss,1,300,300,point,0.1,8,0.09999973192935803,median_shift,19,0.05263157894736842,0.0,0.2608695652173913,0,0,0,70,154.5056999893859,192-168-29-237-9100|ts-auth-mongo|ts-config-mongo|ts-consign-mongo|ts-consign-price-service,192-168-29-237-9100_node-memory-active-bytes,0.8983333333333333,23,23,0.9007246376811594,0.8959420289855072,23,23,23,0.8996047695605573,baseline-v2-20260723,cd270e7871bd358937d83d9a49829637fa80007d2964084ef229f578e3733bd3,ba75425861a059dafcc477474fc3e4ed1eafdc2b47d6fdd0557337035d29a960,f50c93d67ac3ef1043a97481e729b25f9aa26543f5cedbd6c75a479fee202fc5,12833329,1693222006000000000,300
TT/ts-order-service_loss/1,TT,ts-order-service,loss,1,300,300,point,0.1,8,0.09999973192935803,nsigma,4,0.25,0.4,0.043478260869565216,0,0,1,70,476.8566000275314,ts-security-service|ts-seat-service|ts-inside-payment-service|ts-order-service|ts-payment-service,ts-security-service_istio-latency-99,0.8983333333333333,23,23,0.9007246376811594,0.8959420289855072,23,23,23,0.8996047695605573,baseline-v2-20260723,cd270e7871bd358937d83d9a49829637fa80007d2964084ef229f578e3733bd3,ba75425861a059dafcc477474fc3e4ed1eafdc2b47d6fdd0557337035d29a960,f50c93d67ac3ef1043a97481e729b25f9aa26543f5cedbd6c75a479fee202fc5,12833329,1693222006000000000,300
TT/ts-order-service_loss/1,TT,ts-order-service,loss,1,300,300,point,0.1,9,0.09999973192935803,baro,15,0.06666666666666667,0.0,0.2028985507246377,0,0,0,70,575.1698999665678,192-168-29-237-9100|ts-preserve-other-service|ts-consign-mongo|ts-food-map-mongo|ts-preserve-service,192-168-29-237-9100_node-memory-active-bytes,0.9018115942028986,23,23,0.9023188405797101,0.9013043478260869,23,23,23,0.8996047695605573,baseline-v2-20260723,cd270e7871bd358937d83d9a49829637fa80007d2964084ef229f578e3733bd3,ba75425861a059dafcc477474fc3e4ed1eafdc2b47d6fdd0557337035d29a960,f50c93d67ac3ef1043a97481e729b25f9aa26543f5cedbd6c75a479fee202fc5,12833329,1693222006000000000,300
TT/ts-order-service_loss/1,TT,ts-order-service,loss,1,300,300,point,0.1,9,0.09999973192935803,median_shift,19,0.05263157894736842,0.0,0.2608695652173913,0,0,0,70,151.87179995700717,192-168-29-237-9100|ts-auth-mongo|ts-config-mongo|ts-consign-mongo|ts-consign-price-service,192-168-29-237-9100_node-memory-active-bytes,0.9018115942028986,23,23,0.9023188405797101,0.9013043478260869,23,23,23,0.8996047695605573,baseline-v2-20260723,cd270e7871bd358937d83d9a49829637fa80007d2964084ef229f578e3733bd3,ba75425861a059dafcc477474fc3e4ed1eafdc2b47d6fdd0557337035d29a960,f50c93d67ac3ef1043a97481e729b25f9aa26543f5cedbd6c75a479fee202fc5,12833329,1693222006000000000,300
TT/ts-order-service_loss/1,TT,ts-order-service,loss,1,300,300,point,0.1,9,0.09999973192935803,nsigma,4,0.25,0.4,0.043478260869565216,0,0,1,70,445.6345000071451,ts-security-service|ts-seat-service|ts-inside-payment-service|ts-order-service|ts-payment-service,ts-security-service_istio-latency-99,0.9018115942028986,23,23,0.9023188405797101,0.9013043478260869,23,23,23,0.8996047695605573,baseline-v2-20260723,cd270e7871bd358937d83d9a49829637fa80007d2964084ef229f578e3733bd3,ba75425861a059dafcc477474fc3e4ed1eafdc2b47d6fdd0557337035d29a960,f50c93d67ac3ef1043a97481e729b25f9aa26543f5cedbd6c75a479fee202fc5,12833329,1693222006000000000,300
TT/ts-order-service_loss/1,TT,ts-order-service,loss,1,300,300,point,0.3,0,0.30000053614128397,baro,15,0.06666666666666667,0.0,0.2028985507246377,0,0,0,70,540.054599987343,192-168-29-237-9100|ts-preserve-other-service|ts-consign-mongo|ts-food-map-mongo|ts-preserve-service,192-168-29-237-9100_node-memory-active-bytes,0.7015217391304348,23,23,0.6921739130434783,0.7108695652173913,23,23,23,0.6996918542336549,baseline-v2-20260723,cd270e7871bd358937d83d9a49829637fa80007d2964084ef229f578e3733bd3,ba75425861a059dafcc477474fc3e4ed1eafdc2b47d6fdd0557337035d29a960,f50c93d67ac3ef1043a97481e729b25f9aa26543f5cedbd6c75a479fee202fc5,12833329,1693222006000000000,300
TT/ts-order-service_loss/1,TT,ts-order-service,loss,1,300,300,point,0.3,0,0.30000053614128397,median_shift,19,0.05263157894736842,0.0,0.2608695652173913,0,0,0,70,150.88859997922555,192-168-29-237-9100|ts-auth-mongo|ts-config-mongo|ts-consign-mongo|ts-consign-price-service,192-168-29-237-9100_node-memory-active-bytes,0.7015217391304348,23,23,0.6921739130434783,0.7108695652173913,23,23,23,0.6996918542336549,baseline-v2-20260723,cd270e7871bd358937d83d9a49829637fa80007d2964084ef229f578e3733bd3,ba75425861a059dafcc477474fc3e4ed1eafdc2b47d6fdd0557337035d29a960,f50c93d67ac3ef1043a97481e729b25f9aa26543f5cedbd6c75a479fee202fc5,12833329,1693222006000000000,300
TT/ts-order-service_loss/1,TT,ts-order-service,loss,1,300,300,point,0.3,0,0.30000053614128397,nsigma,5,0.2,0.2,0.057971014492753624,0,0,1,70,438.25020000804216,ts-security-service|ts-seat-service|ts-inside-payment-service|ts-payment-service|ts-order-service,ts-security-service_istio-latency-99,0.7015217391304348,23,23,0.6921739130434783,0.7108695652173913,23,23,23,0.6996918542336549,baseline-v2-20260723,cd270e7871bd358937d83d9a49829637fa80007d2964084ef229f578e3733bd3,ba75425861a059dafcc477474fc3e4ed1eafdc2b47d6fdd0557337035d29a960,f50c93d67ac3ef1043a97481e729b25f9aa26543f5cedbd6c75a479fee202fc5,12833329,1693222006000000000,300
TT/ts-order-service_loss/1,TT,ts-order-service,loss,1,300,300,point,0.3,1,0.30000053614128397,baro,15,0.06666666666666667,0.0,0.2028985507246377,0,0,0,70,543.1911000050604,192-168-29-237-9100|ts-preserve-other-service|ts-consign-mongo|ts-food-map-mongo|ts-preserve-service,192-168-29-237-9100_node-memory-active-bytes,0.6944927536231884,23,23,0.6914492753623188,0.697536231884058,23,23,23,0.6996918542336549,baseline-v2-20260723,cd270e7871bd358937d83d9a49829637fa80007d2964084ef229f578e3733bd3,ba75425861a059dafcc477474fc3e4ed1eafdc2b47d6fdd0557337035d29a960,f50c93d67ac3ef1043a97481e729b25f9aa26543f5cedbd6c75a479fee202fc5,12833329,1693222006000000000,300
TT/ts-order-service_loss/1,TT,ts-order-service,loss,1,300,300,point,0.3,1,0.30000053614128397,median_shift,19,0.05263157894736842,0.0,0.2608695652173913,0,0,0,70,157.20660000806674,192-168-29-237-9100|ts-auth-mongo|ts-config-mongo|ts-consign-mongo|ts-consign-price-service,192-168-29-237-9100_node-memory-active-bytes,0.6944927536231884,23,23,0.6914492753623188,0.697536231884058,23,23,23,0.6996918542336549,baseline-v2-20260723,cd270e7871bd358937d83d9a49829637fa80007d2964084ef229f578e3733bd3,ba75425861a059dafcc477474fc3e4ed1eafdc2b47d6fdd0557337035d29a960,f50c93d67ac3ef1043a97481e729b25f9aa26543f5cedbd6c75a479fee202fc5,12833329,1693222006000000000,300
TT/ts-order-service_loss/1,TT,ts-order-service,loss,1,300,300,point,0.3,1,0.30000053614128397,nsigma,4,0.25,0.4,0.043478260869565216,0,0,1,70,476.3171999948099,ts-security-service|ts-seat-service|ts-inside-payment-service|ts-order-service|ts-payment-service,ts-security-service_istio-latency-99,0.6944927536231884,23,23,0.6914492753623188,0.697536231884058,23,23,23,0.6996918542336549,baseline-v2-20260723,cd270e7871bd358937d83d9a49829637fa80007d2964084ef229f578e3733bd3,ba75425861a059dafcc477474fc3e4ed1eafdc2b47d6fdd0557337035d29a960,f50c93d67ac3ef1043a97481e729b25f9aa26543f5cedbd6c75a479fee202fc5,12833329,1693222006000000000,300
TT/ts-order-service_loss/1,TT,ts-order-service,loss,1,300,300,point,0.3,2,0.30000053614128397,baro,14,0.07142857142857142,0.0,0.18840579710144928,0,0,0,70,564.0127999940887,192-168-29-237-9100|ts-preserve-other-service|ts-consign-mongo|ts-food-map-mongo|ts-preserve-service,192-168-29-237-9100_node-memory-active-bytes,0.6931159420289855,23,23,0.6911594202898551,0.6950724637681159,23,23,23,0.6996918542336549,baseline-v2-20260723,cd270e7871bd358937d83d9a49829637fa80007d2964084ef229f578e3733bd3,ba75425861a059dafcc477474fc3e4ed1eafdc2b47d6fdd0557337035d29a960,f50c93d67ac3ef1043a97481e729b25f9aa26543f5cedbd6c75a479fee202fc5,12833329,1693222006000000000,300
TT/ts-order-service_loss/1,TT,ts-order-service,loss,1,300,300,point,0.3,2,0.30000053614128397,median_shift,19,0.05263157894736842,0.0,0.2608695652173913,0,0,0,70,154.47449998464435,192-168-29-237-9100|ts-auth-mongo|ts-config-mongo|ts-consign-mongo|ts-consign-price-service,192-168-29-237-9100_node-memory-active-bytes,0.6931159420289855,23,23,0.6911594202898551,0.6950724637681159,23,23,23,0.6996918542336549,baseline-v2-20260723,cd270e7871bd358937d83d9a49829637fa80007d2964084ef229f578e3733bd3,ba75425861a059dafcc477474fc3e4ed1eafdc2b47d6fdd0557337035d29a960,f50c93d67ac3ef1043a97481e729b25f9aa26543f5cedbd6c75a479fee202fc5,12833329,1693222006000000000,300
TT/ts-order-service_loss/1,TT,ts-order-service,loss,1,300,300,point,0.3,2,0.30000053614128397,nsigma,4,0.25,0.4,0.043478260869565216,0,0,1,70,481.789999990724,ts-security-service|ts-seat-service|ts-inside-payment-service|ts-order-service|ts-payment-service,ts-security-service_istio-latency-99,0.6931159420289855,23,23,0.6911594202898551,0.6950724637681159,23,23,23,0.6996918542336549,baseline-v2-20260723,cd270e7871bd358937d83d9a49829637fa80007d2964084ef229f578e3733bd3,ba75425861a059dafcc477474fc3e4ed1eafdc2b47d6fdd0557337035d29a960,f50c93d67ac3ef1043a97481e729b25f9aa26543f5cedbd6c75a479fee202fc5,12833329,1693222006000000000,300
TT/ts-order-service_loss/1,TT,ts-order-service,loss,1,300,300,point,0.3,3,0.30000053614128397,baro,15,0.06666666666666667,0.0,0.2028985507246377,0,0,0,70,577.8316999785602,192-168-29-237-9100|ts-preserve-other-service|ts-consign-mongo|ts-food-map-mongo|ts-preserve-service,192-168-29-237-9100_node-memory-active-bytes,0.7044202898550724,23,23,0.7056521739130435,0.7031884057971014,23,23,23,0.6996918542336549,baseline-v2-20260723,cd270e7871bd358937d83d9a49829637fa80007d2964084ef229f578e3733bd3,ba75425861a059dafcc477474fc3e4ed1eafdc2b47d6fdd0557337035d29a960,f50c93d67ac3ef1043a97481e729b25f9aa26543f5cedbd6c75a479fee202fc5,12833329,1693222006000000000,300
TT/ts-order-service_loss/1,TT,ts-order-service,loss,1,300,300,point,0.3,3,0.30000053614128397,median_shift,19,0.05263157894736842,0.0,0.2608695652173913,0,0,0,70,153.20729999803007,192-168-29-237-9100|ts-auth-mongo|ts-config-mongo|ts-consign-mongo|ts-consign-price-service,192-168-29-237-9100_node-memory-active-bytes,0.7044202898550724,23,23,0.7056521739130435,0.7031884057971014,23,23,23,0.6996918542336549,baseline-v2-20260723,cd270e7871bd358937d83d9a49829637fa80007d2964084ef229f578e3733bd3,ba75425861a059dafcc477474fc3e4ed1eafdc2b47d6fdd0557337035d29a960,f50c93d67ac3ef1043a97481e729b25f9aa26543f5cedbd6c75a479fee202fc5,12833329,1693222006000000000,300
TT/ts-order-service_loss/1,TT,ts-order-service,loss,1,300,300,point,0.3,3,0.30000053614128397,nsigma,4,0.25,0.4,0.043478260869565216,0,0,1,70,457.50620000762865,ts-security-service|ts-seat-service|ts-inside-payment-service|ts-order-service|ts-payment-service,ts-security-service_istio-latency-99,0.7044202898550724,23,23,0.7056521739130435,0.7031884057971014,23,23,23,0.6996918542336549,baseline-v2-20260723,cd270e7871bd358937d83d9a49829637fa80007d2964084ef229f578e3733bd3,ba75425861a059dafcc477474fc3e4ed1eafdc2b47d6fdd0557337035d29a960,f50c93d67ac3ef1043a97481e729b25f9aa26543f5cedbd6c75a479fee202fc5,12833329,1693222006000000000,300
TT/ts-order-service_loss/1,TT,ts-order-service,loss,1,300,300,point,0.3,4,0.30000053614128397,baro,15,0.06666666666666667,0.0,0.2028985507246377,0,0,0,70,547.2847999772057,192-168-29-237-9100|ts-preserve-other-service|ts-consign-mongo|ts-food-map-mongo|ts-preserve-service,192-168-29-237-9100_node-memory-active-bytes,0.6989855072463768,23,23,0.7056521739130435,0.6923188405797102,23,23,23,0.6996918542336549,baseline-v2-20260723,cd270e7871bd358937d83d9a49829637fa80007d2964084ef229f578e3733bd3,ba75425861a059dafcc477474fc3e4ed1eafdc2b47d6fdd0557337035d29a960,f50c93d67ac3ef1043a97481e729b25f9aa26543f5cedbd6c75a479fee202fc5,12833329,1693222006000000000,300
TT/ts-order-service_loss/1,TT,ts-order-service,loss,1,300,300,point,0.3,4,0.30000053614128397,median_shift,19,0.05263157894736842,0.0,0.2608695652173913,0,0,0,70,157.20339998370036,192-168-29-237-9100|ts-auth-mongo|ts-config-mongo|ts-consign-mongo|ts-consign-price-service,192-168-29-237-9100_node-memory-active-bytes,0.6989855072463768,23,23,0.7056521739130435,0.6923188405797102,23,23,23,0.6996918542336549,baseline-v2-20260723,cd270e7871bd358937d83d9a49829637fa80007d2964084ef229f578e3733bd3,ba75425861a059dafcc477474fc3e4ed1eafdc2b47d6fdd0557337035d29a960,f50c93d67ac3ef1043a97481e729b25f9aa26543f5cedbd6c75a479fee202fc5,12833329,1693222006000000000,300
TT/ts-order-service_loss/1,TT,ts-order-service,loss,1,300,300,point,0.3,4,0.30000053614128397,nsigma,4,0.25,0.4,0.043478260869565216,0,0,1,70,445.2612000168301,ts-security-service|ts-seat-service|ts-inside-payment-service|ts-order-service|ts-payment-service,ts-security-service_istio-latency-99,0.6989855072463768,23,23,0.7056521739130435,0.6923188405797102,23,23,23,0.6996918542336549,baseline-v2-20260723,cd270e7871bd358937d83d9a49829637fa80007d2964084ef229f578e3733bd3,ba75425861a059dafcc477474fc3e4ed1eafdc2b47d6fdd0557337035d29a960,f50c93d67ac3ef1043a97481e729b25f9aa26543f5cedbd6c75a479fee202fc5,12833329,1693222006000000000,300
TT/ts-order-service_loss/1,TT,ts-order-service,loss,1,300,300,point,0.3,5,0.30000053614128397,baro,15,0.06666666666666667,0.0,0.2028985507246377,0,0,0,70,539.5130999968387,192-168-29-237-9100|ts-preserve-other-service|ts-consign-mongo|ts-food-map-mongo|ts-preserve-service,192-168-29-237-9100_node-memory-active-bytes,0.6941304347826087,23,23,0.6981159420289855,0.6901449275362319,23,23,23,0.6996918542336549,baseline-v2-20260723,cd270e7871bd358937d83d9a49829637fa80007d2964084ef229f578e3733bd3,ba75425861a059dafcc477474fc3e4ed1eafdc2b47d6fdd0557337035d29a960,f50c93d67ac3ef1043a97481e729b25f9aa26543f5cedbd6c75a479fee202fc5,12833329,1693222006000000000,300
TT/ts-order-service_loss/1,TT,ts-order-service,loss,1,300,300,point,0.3,5,0.30000053614128397,median_shift,19,0.05263157894736842,0.0,0.2608695652173913,0,0,0,70,152.97009999630973,192-168-29-237-9100|ts-auth-mongo|ts-config-mongo|ts-consign-mongo|ts-consign-price-service,192-168-29-237-9100_node-memory-active-bytes,0.6941304347826087,23,23,0.6981159420289855,0.6901449275362319,23,23,23,0.6996918542336549,baseline-v2-20260723,cd270e7871bd358937d83d9a49829637fa80007d2964084ef229f578e3733bd3,ba75425861a059dafcc477474fc3e4ed1eafdc2b47d6fdd0557337035d29a960,f50c93d67ac3ef1043a97481e729b25f9aa26543f5cedbd6c75a479fee202fc5,12833329,1693222006000000000,300
TT/ts-order-service_loss/1,TT,ts-order-service,loss,1,300,300,point,0.3,5,0.30000053614128397,nsigma,4,0.25,0.4,0.043478260869565216,0,0,1,70,482.7164000016637,ts-security-service|ts-seat-service|ts-inside-payment-service|ts-order-service|ts-payment-service,ts-security-service_istio-latency-99,0.6941304347826087,23,23,0.6981159420289855,0.6901449275362319,23,23,23,0.6996918542336549,baseline-v2-20260723,cd270e7871bd358937d83d9a49829637fa80007d2964084ef229f578e3733bd3,ba75425861a059dafcc477474fc3e4ed1eafdc2b47d6fdd0557337035d29a960,f50c93d67ac3ef1043a97481e729b25f9aa26543f5cedbd6c75a479fee202fc5,12833329,1693222006000000000,300
TT/ts-order-service_loss/1,TT,ts-order-service,loss,1,300,300,point,0.3,6,0.30000053614128397,baro,15,0.06666666666666667,0.0,0.2028985507246377,0,0,0,70,576.1645000311546,192-168-29-237-9100|ts-preserve-other-service|ts-consign-mongo|ts-seat-service|ts-food-map-mongo,192-168-29-237-9100_node-memory-active-bytes,0.696376811594203,23,23,0.6995652173913044,0.6931884057971015,23,23,23,0.6996918542336549,baseline-v2-20260723,cd270e7871bd358937d83d9a49829637fa80007d2964084ef229f578e3733bd3,ba75425861a059dafcc477474fc3e4ed1eafdc2b47d6fdd0557337035d29a960,f50c93d67ac3ef1043a97481e729b25f9aa26543f5cedbd6c75a479fee202fc5,12833329,1693222006000000000,300
TT/ts-order-service_loss/1,TT,ts-order-service,loss,1,300,300,point,0.3,6,0.30000053614128397,median_shift,19,0.05263157894736842,0.0,0.2608695652173913,0,0,0,70,152.3725999868475,192-168-29-237-9100|ts-auth-mongo|ts-config-mongo|ts-consign-mongo|ts-consign-price-service,192-168-29-237-9100_node-memory-active-bytes,0.696376811594203,23,23,0.6995652173913044,0.6931884057971015,23,23,23,0.6996918542336549,baseline-v2-20260723,cd270e7871bd358937d83d9a49829637fa80007d2964084ef229f578e3733bd3,ba75425861a059dafcc477474fc3e4ed1eafdc2b47d6fdd0557337035d29a960,f50c93d67ac3ef1043a97481e729b25f9aa26543f5cedbd6c75a479fee202fc5,12833329,1693222006000000000,300
TT/ts-order-service_loss/1,TT,ts-order-service,loss,1,300,300,point,0.3,6,0.30000053614128397,nsigma,5,0.2,0.2,0.057971014492753624,0,0,1,70,446.6313000302762,ts-security-service|ts-seat-service|ts-inside-payment-service|ts-payment-service|ts-order-service,ts-security-service_istio-latency-99,0.696376811594203,23,23,0.6995652173913044,0.6931884057971015,23,23,23,0.6996918542336549,baseline-v2-20260723,cd270e7871bd358937d83d9a49829637fa80007d2964084ef229f578e3733bd3,ba75425861a059dafcc477474fc3e4ed1eafdc2b47d6fdd0557337035d29a960,f50c93d67ac3ef1043a97481e729b25f9aa26543f5cedbd6c75a479fee202fc5,12833329,1693222006000000000,300
TT/ts-order-service_loss/1,TT,ts-order-service,loss,1,300,300,point,0.3,7,0.30000053614128397,baro,15,0.06666666666666667,0.0,0.2028985507246377,0,0,0,70,573.9223000127822,192-168-29-237-9100|ts-preserve-other-service|ts-consign-mongo|ts-food-map-mongo|ts-preserve-service,192-168-29-237-9100_node-memory-active-bytes,0.7018840579710145,23,23,0.7046376811594203,0.6991304347826087,23,23,23,0.6996918542336549,baseline-v2-20260723,cd270e7871bd358937d83d9a49829637fa80007d2964084ef229f578e3733bd3,ba75425861a059dafcc477474fc3e4ed1eafdc2b47d6fdd0557337035d29a960,f50c93d67ac3ef1043a97481e729b25f9aa26543f5cedbd6c75a479fee202fc5,12833329,1693222006000000000,300
TT/ts-order-service_loss/1,TT,ts-order-service,loss,1,300,300,point,0.3,7,0.30000053614128397,median_shift,19,0.05263157894736842,0.0,0.2608695652173913,0,0,0,70,155.13620001729578,192-168-29-237-9100|ts-auth-mongo|ts-config-mongo|ts-consign-mongo|ts-consign-price-service,192-168-29-237-9100_node-memory-active-bytes,0.7018840579710145,23,23,0.7046376811594203,0.6991304347826087,23,23,23,0.6996918542336549,baseline-v2-20260723,cd270e7871bd358937d83d9a49829637fa80007d2964084ef229f578e3733bd3,ba75425861a059dafcc477474fc3e4ed1eafdc2b47d6fdd0557337035d29a960,f50c93d67ac3ef1043a97481e729b25f9aa26543f5cedbd6c75a479fee202fc5,12833329,1693222006000000000,300
TT/ts-order-service_loss/1,TT,ts-order-service,loss,1,300,300,point,0.3,7,0.30000053614128397,nsigma,4,0.25,0.4,0.043478260869565216,0,0,1,70,450.5464999820106,ts-security-service|ts-seat-service|ts-inside-payment-service|ts-order-service|ts-payment-service,ts-security-service_istio-latency-99,0.7018840579710145,23,23,0.7046376811594203,0.6991304347826087,23,23,23,0.6996918542336549,baseline-v2-20260723,cd270e7871bd358937d83d9a49829637fa80007d2964084ef229f578e3733bd3,ba75425861a059dafcc477474fc3e4ed1eafdc2b47d6fdd0557337035d29a960,f50c93d67ac3ef1043a97481e729b25f9aa26543f5cedbd6c75a479fee202fc5,12833329,1693222006000000000,300
TT/ts-order-service_loss/1,TT,ts-order-service,loss,1,300,300,point,0.3,8,0.30000053614128397,baro,15,0.06666666666666667,0.0,0.2028985507246377,0,0,0,70,549.3657999904826,192-168-29-237-9100|ts-preserve-other-service|ts-consign-mongo|ts-food-map-mongo|ts-preserve-service,192-168-29-237-9100_node-memory-active-bytes,0.6999275362318841,23,23,0.6910144927536231,0.7088405797101449,23,23,23,0.6996918542336549,baseline-v2-20260723,cd270e7871bd358937d83d9a49829637fa80007d2964084ef229f578e3733bd3,ba75425861a059dafcc477474fc3e4ed1eafdc2b47d6fdd0557337035d29a960,f50c93d67ac3ef1043a97481e729b25f9aa26543f5cedbd6c75a479fee202fc5,12833329,1693222006000000000,300
TT/ts-order-service_loss/1,TT,ts-order-service,loss,1,300,300,point,0.3,8,0.30000053614128397,median_shift,19,0.05263157894736842,0.0,0.2608695652173913,0,0,0,70,157.74370002327487,192-168-29-237-9100|ts-auth-mongo|ts-config-mongo|ts-consign-mongo|ts-consign-price-service,192-168-29-237-9100_node-memory-active-bytes,0.6999275362318841,23,23,0.6910144927536231,0.7088405797101449,23,23,23,0.6996918542336549,baseline-v2-20260723,cd270e7871bd358937d83d9a49829637fa80007d2964084ef229f578e3733bd3,ba75425861a059dafcc477474fc3e4ed1eafdc2b47d6fdd0557337035d29a960,f50c93d67ac3ef1043a97481e729b25f9aa26543f5cedbd6c75a479fee202fc5,12833329,1693222006000000000,300
TT/ts-order-service_loss/1,TT,ts-order-service,loss,1,300,300,point,0.3,8,0.30000053614128397,nsigma,4,0.25,0.4,0.043478260869565216,0,0,1,70,442.01599998632446,ts-security-service|ts-seat-service|ts-inside-payment-service|ts-order-service|ts-payment-service,ts-security-service_istio-latency-99,0.6999275362318841,23,23,0.6910144927536231,0.7088405797101449,23,23,23,0.6996918542336549,baseline-v2-20260723,cd270e7871bd358937d83d9a49829637fa80007d2964084ef229f578e3733bd3,ba75425861a059dafcc477474fc3e4ed1eafdc2b47d6fdd0557337035d29a960,f50c93d67ac3ef1043a97481e729b25f9aa26543f5cedbd6c75a479fee202fc5,12833329,1693222006000000000,300
TT/ts-order-service_loss/1,TT,ts-order-service,loss,1,300,300,point,0.3,9,0.30000053614128397,baro,15,0.06666666666666667,0.0,0.2028985507246377,0,0,0,70,545.3724000253715,192-168-29-237-9100|ts-preserve-other-service|ts-consign-mongo|ts-food-map-mongo|ts-preserve-service,192-168-29-237-9100_node-memory-active-bytes,0.7014492753623188,23,23,0.7042028985507246,0.698695652173913,23,23,23,0.6996918542336549,baseline-v2-20260723,cd270e7871bd358937d83d9a49829637fa80007d2964084ef229f578e3733bd3,ba75425861a059dafcc477474fc3e4ed1eafdc2b47d6fdd0557337035d29a960,f50c93d67ac3ef1043a97481e729b25f9aa26543f5cedbd6c75a479fee202fc5,12833329,1693222006000000000,300
TT/ts-order-service_loss/1,TT,ts-order-service,loss,1,300,300,point,0.3,9,0.30000053614128397,median_shift,19,0.05263157894736842,0.0,0.2608695652173913,0,0,0,70,159.26419995957986,192-168-29-237-9100|ts-auth-mongo|ts-config-mongo|ts-consign-mongo|ts-consign-price-service,192-168-29-237-9100_node-memory-active-bytes,0.7014492753623188,23,23,0.7042028985507246,0.698695652173913,23,23,23,0.6996918542336549,baseline-v2-20260723,cd270e7871bd358937d83d9a49829637fa80007d2964084ef229f578e3733bd3,ba75425861a059dafcc477474fc3e4ed1eafdc2b47d6fdd0557337035d29a960,f50c93d67ac3ef1043a97481e729b25f9aa26543f5cedbd6c75a479fee202fc5,12833329,1693222006000000000,300
TT/ts-order-service_loss/1,TT,ts-order-service,loss,1,300,300,point,0.3,9,0.30000053614128397,nsigma,4,0.25,0.4,0.043478260869565216,0,0,1,70,490.5105999787338,ts-security-service|ts-seat-service|ts-inside-payment-service|ts-order-service|ts-payment-service,ts-security-service_istio-latency-99,0.7014492753623188,23,23,0.7042028985507246,0.698695652173913,23,23,23,0.6996918542336549,baseline-v2-20260723,cd270e7871bd358937d83d9a49829637fa80007d2964084ef229f578e3733bd3,ba75425861a059dafcc477474fc3e4ed1eafdc2b47d6fdd0557337035d29a960,f50c93d67ac3ef1043a97481e729b25f9aa26543f5cedbd6c75a479fee202fc5,12833329,1693222006000000000,300
TT/ts-order-service_loss/1,TT,ts-order-service,loss,1,300,300,point,0.5,0,0.5,baro,15,0.06666666666666667,0.0,0.2028985507246377,0,0,0,70,584.2373999767005,192-168-29-237-9100|ts-preserve-other-service|ts-consign-mongo|ts-food-map-mongo|ts-preserve-service,192-168-29-237-9100_node-memory-active-bytes,0.504927536231884,23,23,0.5089855072463768,0.5008695652173913,23,23,23,0.4997802786709539,baseline-v2-20260723,cd270e7871bd358937d83d9a49829637fa80007d2964084ef229f578e3733bd3,ba75425861a059dafcc477474fc3e4ed1eafdc2b47d6fdd0557337035d29a960,f50c93d67ac3ef1043a97481e729b25f9aa26543f5cedbd6c75a479fee202fc5,12833329,1693222006000000000,300
TT/ts-order-service_loss/1,TT,ts-order-service,loss,1,300,300,point,0.5,0,0.5,median_shift,19,0.05263157894736842,0.0,0.2608695652173913,0,0,0,70,155.95919999759644,192-168-29-237-9100|ts-auth-mongo|ts-config-mongo|ts-consign-mongo|ts-consign-price-service,192-168-29-237-9100_node-memory-active-bytes,0.504927536231884,23,23,0.5089855072463768,0.5008695652173913,23,23,23,0.4997802786709539,baseline-v2-20260723,cd270e7871bd358937d83d9a49829637fa80007d2964084ef229f578e3733bd3,ba75425861a059dafcc477474fc3e4ed1eafdc2b47d6fdd0557337035d29a960,f50c93d67ac3ef1043a97481e729b25f9aa26543f5cedbd6c75a479fee202fc5,12833329,1693222006000000000,300
TT/ts-order-service_loss/1,TT,ts-order-service,loss,1,300,300,point,0.5,0,0.5,nsigma,5,0.2,0.2,0.057971014492753624,0,0,1,70,447.86789995850995,ts-security-service|ts-seat-service|ts-inside-payment-service|ts-payment-service|ts-order-service,ts-security-service_istio-latency-99,0.504927536231884,23,23,0.5089855072463768,0.5008695652173913,23,23,23,0.4997802786709539,baseline-v2-20260723,cd270e7871bd358937d83d9a49829637fa80007d2964084ef229f578e3733bd3,ba75425861a059dafcc477474fc3e4ed1eafdc2b47d6fdd0557337035d29a960,f50c93d67ac3ef1043a97481e729b25f9aa26543f5cedbd6c75a479fee202fc5,12833329,1693222006000000000,300
TT/ts-order-service_loss/1,TT,ts-order-service,loss,1,300,300,point,0.5,1,0.5,baro,15,0.06666666666666667,0.0,0.2028985507246377,0,0,0,70,588.6434999993071,192-168-29-237-9100|ts-preserve-other-service|ts-consign-mongo|ts-food-map-mongo|ts-preserve-service,192-168-29-237-9100_node-memory-active-bytes,0.5022463768115942,23,23,0.4955072463768116,0.5089855072463768,23,23,23,0.4997802786709539,baseline-v2-20260723,cd270e7871bd358937d83d9a49829637fa80007d2964084ef229f578e3733bd3,ba75425861a059dafcc477474fc3e4ed1eafdc2b47d6fdd0557337035d29a960,f50c93d67ac3ef1043a97481e729b25f9aa26543f5cedbd6c75a479fee202fc5,12833329,1693222006000000000,300
TT/ts-order-service_loss/1,TT,ts-order-service,loss,1,300,300,point,0.5,1,0.5,median_shift,19,0.05263157894736842,0.0,0.2608695652173913,0,0,0,70,161.94229997927323,192-168-29-237-9100|ts-auth-mongo|ts-config-mongo|ts-consign-mongo|ts-consign-price-service,192-168-29-237-9100_node-memory-active-bytes,0.5022463768115942,23,23,0.4955072463768116,0.5089855072463768,23,23,23,0.4997802786709539,baseline-v2-20260723,cd270e7871bd358937d83d9a49829637fa80007d2964084ef229f578e3733bd3,ba75425861a059dafcc477474fc3e4ed1eafdc2b47d6fdd0557337035d29a960,f50c93d67ac3ef1043a97481e729b25f9aa26543f5cedbd6c75a479fee202fc5,12833329,1693222006000000000,300
TT/ts-order-service_loss/1,TT,ts-order-service,loss,1,300,300,point,0.5,1,0.5,nsigma,4,0.25,0.4,0.043478260869565216,0,0,1,70,459.89959995495155,ts-security-service|ts-seat-service|ts-inside-payment-service|ts-order-service|ts-payment-service,ts-security-service_istio-latency-99,0.5022463768115942,23,23,0.4955072463768116,0.5089855072463768,23,23,23,0.4997802786709539,baseline-v2-20260723,cd270e7871bd358937d83d9a49829637fa80007d2964084ef229f578e3733bd3,ba75425861a059dafcc477474fc3e4ed1eafdc2b47d6fdd0557337035d29a960,f50c93d67ac3ef1043a97481e729b25f9aa26543f5cedbd6c75a479fee202fc5,12833329,1693222006000000000,300
TT/ts-order-service_loss/1,TT,ts-order-service,loss,1,300,300,point,0.5,2,0.5,baro,15,0.06666666666666667,0.0,0.2028985507246377,0,0,0,70,550.6416999851353,192-168-29-237-9100|ts-preserve-other-service|ts-consign-mongo|ts-seat-service|ts-food-map-mongo,192-168-29-237-9100_node-memory-active-bytes,0.4921014492753623,23,23,0.4963768115942029,0.48782608695652174,23,23,23,0.4997802786709539,baseline-v2-20260723,cd270e7871bd358937d83d9a49829637fa80007d2964084ef229f578e3733bd3,ba75425861a059dafcc477474fc3e4ed1eafdc2b47d6fdd0557337035d29a960,f50c93d67ac3ef1043a97481e729b25f9aa26543f5cedbd6c75a479fee202fc5,12833329,1693222006000000000,300
TT/ts-order-service_loss/1,TT,ts-order-service,loss,1,300,300,point,0.5,2,0.5,median_shift,19,0.05263157894736842,0.0,0.2608695652173913,0,0,0,70,157.9863000079058,192-168-29-237-9100|ts-auth-mongo|ts-config-mongo|ts-consign-mongo|ts-consign-price-service,192-168-29-237-9100_node-memory-active-bytes,0.4921014492753623,23,23,0.4963768115942029,0.48782608695652174,23,23,23,0.4997802786709539,baseline-v2-20260723,cd270e7871bd358937d83d9a49829637fa80007d2964084ef229f578e3733bd3,ba75425861a059dafcc477474fc3e4ed1eafdc2b47d6fdd0557337035d29a960,f50c93d67ac3ef1043a97481e729b25f9aa26543f5cedbd6c75a479fee202fc5,12833329,1693222006000000000,300
TT/ts-order-service_loss/1,TT,ts-order-service,loss,1,300,300,point,0.5,2,0.5,nsigma,5,0.2,0.2,0.057971014492753624,0,0,1,70,452.64199998928234,ts-security-service|ts-seat-service|ts-inside-payment-service|ts-payment-service|ts-order-service,ts-security-service_istio-latency-99,0.4921014492753623,23,23,0.4963768115942029,0.48782608695652174,23,23,23,0.4997802786709539,baseline-v2-20260723,cd270e7871bd358937d83d9a49829637fa80007d2964084ef229f578e3733bd3,ba75425861a059dafcc477474fc3e4ed1eafdc2b47d6fdd0557337035d29a960,f50c93d67ac3ef1043a97481e729b25f9aa26543f5cedbd6c75a479fee202fc5,12833329,1693222006000000000,300
TT/ts-order-service_loss/1,TT,ts-order-service,loss,1,300,300,point,0.5,3,0.5,baro,15,0.06666666666666667,0.0,0.2028985507246377,0,0,0,70,556.757899990771,192-168-29-237-9100|ts-preserve-other-service|ts-consign-mongo|ts-seat-service|ts-food-map-mongo,192-168-29-237-9100_node-memory-active-bytes,0.5020289855072464,23,23,0.5040579710144928,0.5,23,23,23,0.4997802786709539,baseline-v2-20260723,cd270e7871bd358937d83d9a49829637fa80007d2964084ef229f578e3733bd3,ba75425861a059dafcc477474fc3e4ed1eafdc2b47d6fdd0557337035d29a960,f50c93d67ac3ef1043a97481e729b25f9aa26543f5cedbd6c75a479fee202fc5,12833329,1693222006000000000,300
TT/ts-order-service_loss/1,TT,ts-order-service,loss,1,300,300,point,0.5,3,0.5,median_shift,19,0.05263157894736842,0.0,0.2608695652173913,0,0,0,70,156.55259997583926,192-168-29-237-9100|ts-auth-mongo|ts-config-mongo|ts-consign-mongo|ts-consign-price-service,192-168-29-237-9100_node-memory-active-bytes,0.5020289855072464,23,23,0.5040579710144928,0.5,23,23,23,0.4997802786709539,baseline-v2-20260723,cd270e7871bd358937d83d9a49829637fa80007d2964084ef229f578e3733bd3,ba75425861a059dafcc477474fc3e4ed1eafdc2b47d6fdd0557337035d29a960,f50c93d67ac3ef1043a97481e729b25f9aa26543f5cedbd6c75a479fee202fc5,12833329,1693222006000000000,300
TT/ts-order-service_loss/1,TT,ts-order-service,loss,1,300,300,point,0.5,3,0.5,nsigma,4,0.25,0.4,0.043478260869565216,0,0,1,70,486.48599995067343,ts-security-service|ts-seat-service|ts-inside-payment-service|ts-order-service|ts-payment-service,ts-security-service_istio-latency-99,0.5020289855072464,23,23,0.5040579710144928,0.5,23,23,23,0.4997802786709539,baseline-v2-20260723,cd270e7871bd358937d83d9a49829637fa80007d2964084ef229f578e3733bd3,ba75425861a059dafcc477474fc3e4ed1eafdc2b47d6fdd0557337035d29a960,f50c93d67ac3ef1043a97481e729b25f9aa26543f5cedbd6c75a479fee202fc5,12833329,1693222006000000000,300
TT/ts-order-service_loss/1,TT,ts-order-service,loss,1,300,300,point,0.5,4,0.5,baro,15,0.06666666666666667,0.0,0.2028985507246377,0,0,0,70,582.0590000366792,192-168-29-237-9100|ts-preserve-other-service|ts-consign-mongo|ts-food-map-mongo|ts-preserve-service,192-168-29-237-9100_node-memory-active-bytes,0.506231884057971,23,23,0.508840579710145,0.5036231884057971,23,23,23,0.4997802786709539,baseline-v2-20260723,cd270e7871bd358937d83d9a49829637fa80007d2964084ef229f578e3733bd3,ba75425861a059dafcc477474fc3e4ed1eafdc2b47d6fdd0557337035d29a960,f50c93d67ac3ef1043a97481e729b25f9aa26543f5cedbd6c75a479fee202fc5,12833329,1693222006000000000,300
TT/ts-order-service_loss/1,TT,ts-order-service,loss,1,300,300,point,0.5,4,0.5,median_shift,19,0.05263157894736842,0.0,0.2608695652173913,0,0,0,70,158.7516000145115,192-168-29-237-9100|ts-auth-mongo|ts-config-mongo|ts-consign-mongo|ts-consign-price-service,192-168-29-237-9100_node-memory-active-bytes,0.506231884057971,23,23,0.508840579710145,0.5036231884057971,23,23,23,0.4997802786709539,baseline-v2-20260723,cd270e7871bd358937d83d9a49829637fa80007d2964084ef229f578e3733bd3,ba75425861a059dafcc477474fc3e4ed1eafdc2b47d6fdd0557337035d29a960,f50c93d67ac3ef1043a97481e729b25f9aa26543f5cedbd6c75a479fee202fc5,12833329,1693222006000000000,300
TT/ts-order-service_loss/1,TT,ts-order-service,loss,1,300,300,point,0.5,4,0.5,nsigma,4,0.25,0.4,0.043478260869565216,0,0,1,70,450.77699999092147,ts-security-service|ts-seat-service|ts-inside-payment-service|ts-order-service|ts-payment-service,ts-security-service_istio-latency-99,0.506231884057971,23,23,0.508840579710145,0.5036231884057971,23,23,23,0.4997802786709539,baseline-v2-20260723,cd270e7871bd358937d83d9a49829637fa80007d2964084ef229f578e3733bd3,ba75425861a059dafcc477474fc3e4ed1eafdc2b47d6fdd0557337035d29a960,f50c93d67ac3ef1043a97481e729b25f9aa26543f5cedbd6c75a479fee202fc5,12833329,1693222006000000000,300
TT/ts-order-service_loss/1,TT,ts-order-service,loss,1,300,300,point,0.5,5,0.5,baro,15,0.06666666666666667,0.0,0.2028985507246377,0,0,0,70,583.0106000066735,192-168-29-237-9100|ts-preserve-other-service|ts-consign-mongo|ts-food-map-mongo|ts-preserve-service,192-168-29-237-9100_node-memory-active-bytes,0.4978985507246377,23,23,0.4979710144927536,0.49782608695652175,23,23,23,0.4997802786709539,baseline-v2-20260723,cd270e7871bd358937d83d9a49829637fa80007d2964084ef229f578e3733bd3,ba75425861a059dafcc477474fc3e4ed1eafdc2b47d6fdd0557337035d29a960,f50c93d67ac3ef1043a97481e729b25f9aa26543f5cedbd6c75a479fee202fc5,12833329,1693222006000000000,300
TT/ts-order-service_loss/1,TT,ts-order-service,loss,1,300,300,point,0.5,5,0.5,median_shift,18,0.05555555555555555,0.0,0.2463768115942029,0,0,0,70,154.4047999777831,192-168-29-237-9100|ts-config-mongo|ts-consign-mongo|ts-consign-price-service|ts-food-map-mongo,192-168-29-237-9100_node-memory-active-bytes,0.4978985507246377,23,23,0.4979710144927536,0.49782608695652175,23,23,23,0.4997802786709539,baseline-v2-20260723,cd270e7871bd358937d83d9a49829637fa80007d2964084ef229f578e3733bd3,ba75425861a059dafcc477474fc3e4ed1eafdc2b47d6fdd0557337035d29a960,f50c93d67ac3ef1043a97481e729b25f9aa26543f5cedbd6c75a479fee202fc5,12833329,1693222006000000000,300
TT/ts-order-service_loss/1,TT,ts-order-service,loss,1,300,300,point,0.5,5,0.5,nsigma,4,0.25,0.4,0.043478260869565216,0,0,1,70,458.0273000174202,ts-security-service|ts-seat-service|ts-inside-payment-service|ts-order-service|ts-payment-service,ts-security-service_istio-latency-99,0.4978985507246377,23,23,0.4979710144927536,0.49782608695652175,23,23,23,0.4997802786709539,baseline-v2-20260723,cd270e7871bd358937d83d9a49829637fa80007d2964084ef229f578e3733bd3,ba75425861a059dafcc477474fc3e4ed1eafdc2b47d6fdd0557337035d29a960,f50c93d67ac3ef1043a97481e729b25f9aa26543f5cedbd6c75a479fee202fc5,12833329,1693222006000000000,300
TT/ts-order-service_loss/1,TT,ts-order-service,loss,1,300,300,point,0.5,6,0.5,baro,15,0.06666666666666667,0.0,0.2028985507246377,0,0,0,70,547.7501000277698,192-168-29-237-9100|ts-preserve-other-service|ts-consign-mongo|ts-food-map-mongo|ts-preserve-service,192-168-29-237-9100_node-memory-active-bytes,0.49217391304347824,23,23,0.4908695652173913,0.4934782608695652,23,23,23,0.4997802786709539,baseline-v2-20260723,cd270e7871bd358937d83d9a49829637fa80007d2964084ef229f578e3733bd3,ba75425861a059dafcc477474fc3e4ed1eafdc2b47d6fdd0557337035d29a960,f50c93d67ac3ef1043a97481e729b25f9aa26543f5cedbd6c75a479fee202fc5,12833329,1693222006000000000,300
TT/ts-order-service_loss/1,TT,ts-order-service,loss,1,300,300,point,0.5,6,0.5,median_shift,19,0.05263157894736842,0.0,0.2608695652173913,0,0,0,70,154.76560004753992,192-168-29-237-9100|ts-auth-mongo|ts-config-mongo|ts-consign-mongo|ts-consign-price-service,192-168-29-237-9100_node-memory-active-bytes,0.49217391304347824,23,23,0.4908695652173913,0.4934782608695652,23,23,23,0.4997802786709539,baseline-v2-20260723,cd270e7871bd358937d83d9a49829637fa80007d2964084ef229f578e3733bd3,ba75425861a059dafcc477474fc3e4ed1eafdc2b47d6fdd0557337035d29a960,f50c93d67ac3ef1043a97481e729b25f9aa26543f5cedbd6c75a479fee202fc5,12833329,1693222006000000000,300
TT/ts-order-service_loss/1,TT,ts-order-service,loss,1,300,300,point,0.5,6,0.5,nsigma,4,0.25,0.4,0.043478260869565216,0,0,1,70,451.84240001253784,ts-security-service|ts-seat-service|ts-inside-payment-service|ts-order-service|ts-payment-service,ts-security-service_istio-latency-99,0.49217391304347824,23,23,0.4908695652173913,0.4934782608695652,23,23,23,0.4997802786709539,baseline-v2-20260723,cd270e7871bd358937d83d9a49829637fa80007d2964084ef229f578e3733bd3,ba75425861a059dafcc477474fc3e4ed1eafdc2b47d6fdd0557337035d29a960,f50c93d67ac3ef1043a97481e729b25f9aa26543f5cedbd6c75a479fee202fc5,12833329,1693222006000000000,300
TT/ts-order-service_loss/1,TT,ts-order-service,loss,1,300,300,point,0.5,7,0.5,baro,15,0.06666666666666667,0.0,0.2028985507246377,0,0,0,70,547.9793000267819,192-168-29-237-9100|ts-preserve-other-service|ts-consign-mongo|ts-food-map-mongo|ts-preserve-service,192-168-29-237-9100_node-memory-active-bytes,0.4929710144927536,23,23,0.49681159420289855,0.4891304347826087,23,23,23,0.4997802786709539,baseline-v2-20260723,cd270e7871bd358937d83d9a49829637fa80007d2964084ef229f578e3733bd3,ba75425861a059dafcc477474fc3e4ed1eafdc2b47d6fdd0557337035d29a960,f50c93d67ac3ef1043a97481e729b25f9aa26543f5cedbd6c75a479fee202fc5,12833329,1693222006000000000,300
TT/ts-order-service_loss/1,TT,ts-order-service,loss,1,300,300,point,0.5,7,0.5,median_shift,19,0.05263157894736842,0.0,0.2608695652173913,0,0,0,70,157.46369998669252,192-168-29-237-9100|ts-auth-mongo|ts-config-mongo|ts-consign-mongo|ts-consign-price-service,192-168-29-237-9100_node-memory-active-bytes,0.4929710144927536,23,23,0.49681159420289855,0.4891304347826087,23,23,23,0.4997802786709539,baseline-v2-20260723,cd270e7871bd358937d83d9a49829637fa80007d2964084ef229f578e3733bd3,ba75425861a059dafcc477474fc3e4ed1eafdc2b47d6fdd0557337035d29a960,f50c93d67ac3ef1043a97481e729b25f9aa26543f5cedbd6c75a479fee202fc5,12833329,1693222006000000000,300
TT/ts-order-service_loss/1,TT,ts-order-service,loss,1,300,300,point,0.5,7,0.5,nsigma,4,0.25,0.4,0.043478260869565216,0,0,1,70,479.9292999668978,ts-security-service|ts-seat-service|ts-inside-payment-service|ts-order-service|ts-payment-service,ts-security-service_istio-latency-99,0.4929710144927536,23,23,0.49681159420289855,0.4891304347826087,23,23,23,0.4997802786709539,baseline-v2-20260723,cd270e7871bd358937d83d9a49829637fa80007d2964084ef229f578e3733bd3,ba75425861a059dafcc477474fc3e4ed1eafdc2b47d6fdd0557337035d29a960,f50c93d67ac3ef1043a97481e729b25f9aa26543f5cedbd6c75a479fee202fc5,12833329,1693222006000000000,300
TT/ts-order-service_loss/1,TT,ts-order-service,loss,1,300,300,point,0.5,8,0.5,baro,15,0.06666666666666667,0.0,0.2028985507246377,0,0,0,70,589.3550000037067,192-168-29-237-9100|ts-preserve-other-service|ts-consign-mongo|ts-food-map-mongo|ts-preserve-service,192-168-29-237-9100_node-memory-active-bytes,0.49905797101449273,23,23,0.4930434782608696,0.505072463768116,23,23,23,0.4997802786709539,baseline-v2-20260723,cd270e7871bd358937d83d9a49829637fa80007d2964084ef229f578e3733bd3,ba75425861a059dafcc477474fc3e4ed1eafdc2b47d6fdd0557337035d29a960,f50c93d67ac3ef1043a97481e729b25f9aa26543f5cedbd6c75a479fee202fc5,12833329,1693222006000000000,300
TT/ts-order-service_loss/1,TT,ts-order-service,loss,1,300,300,point,0.5,8,0.5,median_shift,19,0.05263157894736842,0.0,0.2608695652173913,0,0,0,70,160.59719998156652,192-168-29-237-9100|ts-auth-mongo|ts-config-mongo|ts-consign-mongo|ts-consign-price-service,192-168-29-237-9100_node-memory-active-bytes,0.49905797101449273,23,23,0.4930434782608696,0.505072463768116,23,23,23,0.4997802786709539,baseline-v2-20260723,cd270e7871bd358937d83d9a49829637fa80007d2964084ef229f578e3733bd3,ba75425861a059dafcc477474fc3e4ed1eafdc2b47d6fdd0557337035d29a960,f50c93d67ac3ef1043a97481e729b25f9aa26543f5cedbd6c75a479fee202fc5,12833329,1693222006000000000,300
TT/ts-order-service_loss/1,TT,ts-order-service,loss,1,300,300,point,0.5,8,0.5,nsigma,4,0.25,0.4,0.043478260869565216,0,0,1,70,446.8597999657504,ts-security-service|ts-seat-service|ts-inside-payment-service|ts-order-service|ts-payment-service,ts-security-service_istio-latency-99,0.49905797101449273,23,23,0.4930434782608696,0.505072463768116,23,23,23,0.4997802786709539,baseline-v2-20260723,cd270e7871bd358937d83d9a49829637fa80007d2964084ef229f578e3733bd3,ba75425861a059dafcc477474fc3e4ed1eafdc2b47d6fdd0557337035d29a960,f50c93d67ac3ef1043a97481e729b25f9aa26543f5cedbd6c75a479fee202fc5,12833329,1693222006000000000,300
TT/ts-order-service_loss/1,TT,ts-order-service,loss,1,300,300,point,0.5,9,0.5,baro,15,0.06666666666666667,0.0,0.2028985507246377,0,0,0,70,584.9903000053018,192-168-29-237-9100|ts-preserve-other-service|ts-consign-mongo|ts-food-map-mongo|ts-preserve-service,192-168-29-237-9100_node-memory-active-bytes,0.5018115942028986,23,23,0.5056521739130435,0.4979710144927536,23,23,23,0.4997802786709539,baseline-v2-20260723,cd270e7871bd358937d83d9a49829637fa80007d2964084ef229f578e3733bd3,ba75425861a059dafcc477474fc3e4ed1eafdc2b47d6fdd0557337035d29a960,f50c93d67ac3ef1043a97481e729b25f9aa26543f5cedbd6c75a479fee202fc5,12833329,1693222006000000000,300
TT/ts-order-service_loss/1,TT,ts-order-service,loss,1,300,300,point,0.5,9,0.5,median_shift,18,0.05555555555555555,0.0,0.2463768115942029,0,0,0,70,156.26240003621206,192-168-29-237-9100|ts-config-mongo|ts-consign-mongo|ts-consign-price-service|ts-food-map-mongo,192-168-29-237-9100_node-memory-active-bytes,0.5018115942028986,23,23,0.5056521739130435,0.4979710144927536,23,23,23,0.4997802786709539,baseline-v2-20260723,cd270e7871bd358937d83d9a49829637fa80007d2964084ef229f578e3733bd3,ba75425861a059dafcc477474fc3e4ed1eafdc2b47d6fdd0557337035d29a960,f50c93d67ac3ef1043a97481e729b25f9aa26543f5cedbd6c75a479fee202fc5,12833329,1693222006000000000,300
TT/ts-order-service_loss/1,TT,ts-order-service,loss,1,300,300,point,0.5,9,0.5,nsigma,4,0.25,0.4,0.043478260869565216,0,0,1,70,457.8315999824554,ts-security-service|ts-seat-service|ts-inside-payment-service|ts-order-service|ts-payment-service,ts-security-service_istio-latency-99,0.5018115942028986,23,23,0.5056521739130435,0.4979710144927536,23,23,23,0.4997802786709539,baseline-v2-20260723,cd270e7871bd358937d83d9a49829637fa80007d2964084ef229f578e3733bd3,ba75425861a059dafcc477474fc3e4ed1eafdc2b47d6fdd0557337035d29a960,f50c93d67ac3ef1043a97481e729b25f9aa26543f5cedbd6c75a479fee202fc5,12833329,1693222006000000000,300
TT/ts-order-service_loss/1,TT,ts-order-service,loss,1,300,300,stream,0.1,0,0.09972093846170343,baro,15,0.06666666666666667,0.0,0.2028985507246377,0,0,0,70,533.2195999799296,192-168-29-237-9100|ts-preserve-other-service|ts-consign-mongo|ts-food-map-mongo|ts-preserve-service,192-168-29-237-9100_node-memory-active-bytes,0.9565217391304348,22,23,0.9565217391304348,0.9565217391304348,22,22,22,0.8998834405144694,baseline-v2-20260723,cd270e7871bd358937d83d9a49829637fa80007d2964084ef229f578e3733bd3,ba75425861a059dafcc477474fc3e4ed1eafdc2b47d6fdd0557337035d29a960,f50c93d67ac3ef1043a97481e729b25f9aa26543f5cedbd6c75a479fee202fc5,12833329,1693222006000000000,300
TT/ts-order-service_loss/1,TT,ts-order-service,loss,1,300,300,stream,0.1,0,0.09972093846170343,median_shift,18,0.05555555555555555,0.0,0.2463768115942029,0,0,0,70,143.58279999578372,192-168-29-237-9100|ts-auth-mongo|ts-config-mongo|ts-consign-mongo|ts-food-map-mongo,192-168-29-237-9100_node-memory-active-bytes,0.9565217391304348,22,23,0.9565217391304348,0.9565217391304348,22,22,22,0.8998834405144694,baseline-v2-20260723,cd270e7871bd358937d83d9a49829637fa80007d2964084ef229f578e3733bd3,ba75425861a059dafcc477474fc3e4ed1eafdc2b47d6fdd0557337035d29a960,f50c93d67ac3ef1043a97481e729b25f9aa26543f5cedbd6c75a479fee202fc5,12833329,1693222006000000000,300
TT/ts-order-service_loss/1,TT,ts-order-service,loss,1,300,300,stream,0.1,0,0.09972093846170343,nsigma,4,0.25,0.4,0.043478260869565216,0,0,1,70,414.449300034903,ts-security-service|ts-seat-service|ts-inside-payment-service|ts-order-service|ts-payment-service,ts-security-service_istio-latency-99,0.9565217391304348,22,23,0.9565217391304348,0.9565217391304348,22,22,22,0.8998834405144694,baseline-v2-20260723,cd270e7871bd358937d83d9a49829637fa80007d2964084ef229f578e3733bd3,ba75425861a059dafcc477474fc3e4ed1eafdc2b47d6fdd0557337035d29a960,f50c93d67ac3ef1043a97481e729b25f9aa26543f5cedbd6c75a479fee202fc5,12833329,1693222006000000000,300
TT/ts-order-service_loss/1,TT,ts-order-service,loss,1,300,300,stream,0.1,1,0.09961236985170333,baro,13,0.07692307692307693,0.0,0.17391304347826086,0,0,0,70,509.61159996222705,192-168-29-237-9100|ts-preserve-other-service|ts-consign-mongo|ts-food-map-mongo|ts-train-mongo,192-168-29-237-9100_node-memory-active-bytes,0.9565217391304348,22,23,0.9565217391304348,0.9565217391304348,22,22,22,0.899991961414791,baseline-v2-20260723,cd270e7871bd358937d83d9a49829637fa80007d2964084ef229f578e3733bd3,ba75425861a059dafcc477474fc3e4ed1eafdc2b47d6fdd0557337035d29a960,f50c93d67ac3ef1043a97481e729b25f9aa26543f5cedbd6c75a479fee202fc5,12833329,1693222006000000000,300
TT/ts-order-service_loss/1,TT,ts-order-service,loss,1,300,300,stream,0.1,1,0.09961236985170333,median_shift,18,0.05555555555555555,0.0,0.2463768115942029,0,0,0,70,143.68199999444187,192-168-29-237-9100|ts-auth-mongo|ts-config-mongo|ts-consign-mongo|ts-consign-price-service,192-168-29-237-9100_node-memory-active-bytes,0.9565217391304348,22,23,0.9565217391304348,0.9565217391304348,22,22,22,0.899991961414791,baseline-v2-20260723,cd270e7871bd358937d83d9a49829637fa80007d2964084ef229f578e3733bd3,ba75425861a059dafcc477474fc3e4ed1eafdc2b47d6fdd0557337035d29a960,f50c93d67ac3ef1043a97481e729b25f9aa26543f5cedbd6c75a479fee202fc5,12833329,1693222006000000000,300
TT/ts-order-service_loss/1,TT,ts-order-service,loss,1,300,300,stream,0.1,1,0.09961236985170333,nsigma,4,0.25,0.4,0.043478260869565216,0,0,1,70,424.62399997748435,ts-security-service|ts-seat-service|ts-inside-payment-service|ts-order-service|ts-payment-service,ts-security-service_istio-latency-99,0.9565217391304348,22,23,0.9565217391304348,0.9565217391304348,22,22,22,0.899991961414791,baseline-v2-20260723,cd270e7871bd358937d83d9a49829637fa80007d2964084ef229f578e3733bd3,ba75425861a059dafcc477474fc3e4ed1eafdc2b47d6fdd0557337035d29a960,f50c93d67ac3ef1043a97481e729b25f9aa26543f5cedbd6c75a479fee202fc5,12833329,1693222006000000000,300
TT/ts-order-service_loss/1,TT,ts-order-service,loss,1,300,300,stream,0.1,2,0.09966732433330831,baro,12,0.08333333333333333,0.0,0.15942028985507245,0,0,0,70,504.55520005198196,192-168-29-237-9100|ts-preserve-other-service|ts-preserve-service|ts-user-service|ts-avatar-service,192-168-29-237-9100_node-memory-active-bytes,0.9130434782608695,21,23,0.9130434782608695,0.9130434782608695,21,21,21,0.8999370310825294,baseline-v2-20260723,cd270e7871bd358937d83d9a49829637fa80007d2964084ef229f578e3733bd3,ba75425861a059dafcc477474fc3e4ed1eafdc2b47d6fdd0557337035d29a960,f50c93d67ac3ef1043a97481e729b25f9aa26543f5cedbd6c75a479fee202fc5,12833329,1693222006000000000,300
TT/ts-order-service_loss/1,TT,ts-order-service,loss,1,300,300,stream,0.1,2,0.09966732433330831,median_shift,17,0.058823529411764705,0.0,0.2318840579710145,0,0,0,70,144.55159998033196,192-168-29-237-9100|ts-auth-mongo|ts-config-mongo|ts-consign-price-service|ts-payment-service,192-168-29-237-9100_node-memory-active-bytes,0.9130434782608695,21,23,0.9130434782608695,0.9130434782608695,21,21,21,0.8999370310825294,baseline-v2-20260723,cd270e7871bd358937d83d9a49829637fa80007d2964084ef229f578e3733bd3,ba75425861a059dafcc477474fc3e4ed1eafdc2b47d6fdd0557337035d29a960,f50c93d67ac3ef1043a97481e729b25f9aa26543f5cedbd6c75a479fee202fc5,12833329,1693222006000000000,300
TT/ts-order-service_loss/1,TT,ts-order-service,loss,1,300,300,stream,0.1,2,0.09966732433330831,nsigma,4,0.25,0.4,0.043478260869565216,0,0,1,70,445.9844999946654,ts-security-service|ts-seat-service|ts-inside-payment-service|ts-order-service|ts-payment-service,ts-security-service_istio-latency-99,0.9130434782608695,21,23,0.9130434782608695,0.9130434782608695,21,21,21,0.8999370310825294,baseline-v2-20260723,cd270e7871bd358937d83d9a49829637fa80007d2964084ef229f578e3733bd3,ba75425861a059dafcc477474fc3e4ed1eafdc2b47d6fdd0557337035d29a960,f50c93d67ac3ef1043a97481e729b25f9aa26543f5cedbd6c75a479fee202fc5,12833329,1693222006000000000,300
TT/ts-order-service_loss/1,TT,ts-order-service,loss,1,300,300,stream,0.1,3,0.09966598398009843,baro,15,0.06666666666666667,0.0,0.2028985507246377,0,0,0,70,532.7379999798723,192-168-29-237-9100|ts-preserve-other-service|ts-consign-mongo|ts-food-map-mongo|ts-preserve-service,192-168-29-237-9100_node-memory-active-bytes,0.8695652173913043,20,23,0.8695652173913043,0.8695652173913043,20,20,20,0.899938370846731,baseline-v2-20260723,cd270e7871bd358937d83d9a49829637fa80007d2964084ef229f578e3733bd3,ba75425861a059dafcc477474fc3e4ed1eafdc2b47d6fdd0557337035d29a960,f50c93d67ac3ef1043a97481e729b25f9aa26543f5cedbd6c75a479fee202fc5,12833329,1693222006000000000,300
TT/ts-order-service_loss/1,TT,ts-order-service,loss,1,300,300,stream,0.1,3,0.09966598398009843,median_shift,19,0.05263157894736842,0.0,0.2608695652173913,0,0,0,70,146.67819999158382,192-168-29-237-9100|ts-auth-mongo|ts-config-mongo|ts-consign-mongo|ts-consign-price-service,192-168-29-237-9100_node-memory-active-bytes,0.8695652173913043,20,23,0.8695652173913043,0.8695652173913043,20,20,20,0.899938370846731,baseline-v2-20260723,cd270e7871bd358937d83d9a49829637fa80007d2964084ef229f578e3733bd3,ba75425861a059dafcc477474fc3e4ed1eafdc2b47d6fdd0557337035d29a960,f50c93d67ac3ef1043a97481e729b25f9aa26543f5cedbd6c75a479fee202fc5,12833329,1693222006000000000,300
TT/ts-order-service_loss/1,TT,ts-order-service,loss,1,300,300,stream,0.1,3,0.09966598398009843,nsigma,7,0.14285714285714285,0.0,0.08695652173913043,0,0,0,70,427.07510001491755,ts-security-service|ts-seat-service|ts-inside-payment-service|ts-payment-service|ts-preserve-other-service,ts-security-service_istio-latency-99,0.8695652173913043,20,23,0.8695652173913043,0.8695652173913043,20,20,20,0.899938370846731,baseline-v2-20260723,cd270e7871bd358937d83d9a49829637fa80007d2964084ef229f578e3733bd3,ba75425861a059dafcc477474fc3e4ed1eafdc2b47d6fdd0557337035d29a960,f50c93d67ac3ef1043a97481e729b25f9aa26543f5cedbd6c75a479fee202fc5,12833329,1693222006000000000,300
TT/ts-order-service_loss/1,TT,ts-order-service,loss,1,300,300,stream,0.1,4,0.09956009607651808,baro,15,0.06666666666666667,0.0,0.2028985507246377,0,0,0,70,497.38949997117743,192-168-29-237-9100|ts-preserve-other-service|ts-consign-mongo|ts-food-map-mongo|ts-preserve-service,192-168-29-237-9100_node-memory-active-bytes,0.8695652173913043,20,23,0.8695652173913043,0.8695652173913043,20,20,20,0.9000442122186495,baseline-v2-20260723,cd270e7871bd358937d83d9a49829637fa80007d2964084ef229f578e3733bd3,ba75425861a059dafcc477474fc3e4ed1eafdc2b47d6fdd0557337035d29a960,f50c93d67ac3ef1043a97481e729b25f9aa26543f5cedbd6c75a479fee202fc5,12833329,1693222006000000000,300
TT/ts-order-service_loss/1,TT,ts-order-service,loss,1,300,300,stream,0.1,4,0.09956009607651808,median_shift,19,0.05263157894736842,0.0,0.2608695652173913,0,0,0,70,145.63569996971637,192-168-29-237-9100|ts-auth-mongo|ts-config-mongo|ts-consign-mongo|ts-consign-price-service,192-168-29-237-9100_node-memory-active-bytes,0.8695652173913043,20,23,0.8695652173913043,0.8695652173913043,20,20,20,0.9000442122186495,baseline-v2-20260723,cd270e7871bd358937d83d9a49829637fa80007d2964084ef229f578e3733bd3,ba75425861a059dafcc477474fc3e4ed1eafdc2b47d6fdd0557337035d29a960,f50c93d67ac3ef1043a97481e729b25f9aa26543f5cedbd6c75a479fee202fc5,12833329,1693222006000000000,300
TT/ts-order-service_loss/1,TT,ts-order-service,loss,1,300,300,stream,0.1,4,0.09956009607651808,nsigma,13,0.07692307692307693,0.0,0.17391304347826086,0,0,0,70,422.90659999707714,ts-security-service|ts-seat-service|ts-inside-payment-service|ts-payment-service|ts-preserve-other-service,ts-security-service_istio-latency-99,0.8695652173913043,20,23,0.8695652173913043,0.8695652173913043,20,20,20,0.9000442122186495,baseline-v2-20260723,cd270e7871bd358937d83d9a49829637fa80007d2964084ef229f578e3733bd3,ba75425861a059dafcc477474fc3e4ed1eafdc2b47d6fdd0557337035d29a960,f50c93d67ac3ef1043a97481e729b25f9aa26543f5cedbd6c75a479fee202fc5,12833329,1693222006000000000,300
TT/ts-order-service_loss/1,TT,ts-order-service,loss,1,300,300,stream,0.1,5,0.0997222788149133,baro,13,0.07692307692307693,0.0,0.17391304347826086,0,0,0,70,501.01519998861477,192-168-29-237-9100|ts-preserve-other-service|ts-food-map-mongo|ts-preserve-service|ts-user-service,192-168-29-237-9100_node-memory-active-bytes,0.9565217391304348,22,23,0.9565217391304348,0.9565217391304348,22,22,22,0.899882100750268,baseline-v2-20260723,cd270e7871bd358937d83d9a49829637fa80007d2964084ef229f578e3733bd3,ba75425861a059dafcc477474fc3e4ed1eafdc2b47d6fdd0557337035d29a960,f50c93d67ac3ef1043a97481e729b25f9aa26543f5cedbd6c75a479fee202fc5,12833329,1693222006000000000,300
TT/ts-order-service_loss/1,TT,ts-order-service,loss,1,300,300,stream,0.1,5,0.0997222788149133,median_shift,15,0.06666666666666667,0.0,0.2028985507246377,0,0,0,70,143.36280000861734,192-168-29-237-9100|ts-auth-mongo|ts-consign-price-service|ts-food-map-mongo|ts-payment-service,192-168-29-237-9100_node-memory-active-bytes,0.9565217391304348,22,23,0.9565217391304348,0.9565217391304348,22,22,22,0.899882100750268,baseline-v2-20260723,cd270e7871bd358937d83d9a49829637fa80007d2964084ef229f578e3733bd3,ba75425861a059dafcc477474fc3e4ed1eafdc2b47d6fdd0557337035d29a960,f50c93d67ac3ef1043a97481e729b25f9aa26543f5cedbd6c75a479fee202fc5,12833329,1693222006000000000,300
TT/ts-order-service_loss/1,TT,ts-order-service,loss,1,300,300,stream,0.1,5,0.0997222788149133,nsigma,7,0.14285714285714285,0.0,0.08695652173913043,0,0,0,70,467.3618999659084,ts-security-service|ts-inside-payment-service|ts-seat-service|ts-payment-service|ts-preserve-other-service,ts-security-service_istio-latency-99,0.9565217391304348,22,23,0.9565217391304348,0.9565217391304348,22,22,22,0.899882100750268,baseline-v2-20260723,cd270e7871bd358937d83d9a49829637fa80007d2964084ef229f578e3733bd3,ba75425861a059dafcc477474fc3e4ed1eafdc2b47d6fdd0557337035d29a960,f50c93d67ac3ef1043a97481e729b25f9aa26543f5cedbd6c75a479fee202fc5,12833329,1693222006000000000,300
TT/ts-order-service_loss/1,TT,ts-order-service,loss,1,300,300,stream,0.1,6,0.09961505055812307,baro,15,0.06666666666666667,0.0,0.2028985507246377,0,0,0,70,556.8872999865562,192-168-29-237-9100|ts-preserve-other-service|ts-consign-mongo|ts-food-map-mongo|ts-preserve-service,192-168-29-237-9100_node-memory-active-bytes,0.9565217391304348,22,23,0.9565217391304348,0.9565217391304348,22,22,22,0.899989281886388,baseline-v2-20260723,cd270e7871bd358937d83d9a49829637fa80007d2964084ef229f578e3733bd3,ba75425861a059dafcc477474fc3e4ed1eafdc2b47d6fdd0557337035d29a960,f50c93d67ac3ef1043a97481e729b25f9aa26543f5cedbd6c75a479fee202fc5,12833329,1693222006000000000,300
TT/ts-order-service_loss/1,TT,ts-order-service,loss,1,300,300,stream,0.1,6,0.09961505055812307,median_shift,17,0.058823529411764705,0.0,0.2318840579710145,0,0,0,70,143.30440002959222,192-168-29-237-9100|ts-config-mongo|ts-consign-mongo|ts-consign-price-service|ts-food-map-mongo,192-168-29-237-9100_node-memory-active-bytes,0.9565217391304348,22,23,0.9565217391304348,0.9565217391304348,22,22,22,0.899989281886388,baseline-v2-20260723,cd270e7871bd358937d83d9a49829637fa80007d2964084ef229f578e3733bd3,ba75425861a059dafcc477474fc3e4ed1eafdc2b47d6fdd0557337035d29a960,f50c93d67ac3ef1043a97481e729b25f9aa26543f5cedbd6c75a479fee202fc5,12833329,1693222006000000000,300
TT/ts-order-service_loss/1,TT,ts-order-service,loss,1,300,300,stream,0.1,6,0.09961505055812307,nsigma,4,0.25,0.4,0.043478260869565216,0,0,1,70,411.3589000189677,ts-security-service|ts-seat-service|ts-inside-payment-service|ts-order-service|ts-payment-service,ts-security-service_istio-latency-99,0.9565217391304348,22,23,0.9565217391304348,0.9565217391304348,22,22,22,0.899989281886388,baseline-v2-20260723,cd270e7871bd358937d83d9a49829637fa80007d2964084ef229f578e3733bd3,ba75425861a059dafcc477474fc3e4ed1eafdc2b47d6fdd0557337035d29a960,f50c93d67ac3ef1043a97481e729b25f9aa26543f5cedbd6c75a479fee202fc5,12833329,1693222006000000000,300
TT/ts-order-service_loss/1,TT,ts-order-service,loss,1,300,300,stream,0.1,7,0.09972093846170343,baro,15,0.06666666666666667,0.0,0.2028985507246377,0,0,0,70,504.2985999607481,192-168-29-237-9100|ts-preserve-other-service|ts-consign-mongo|ts-food-map-mongo|ts-preserve-service,192-168-29-237-9100_node-memory-active-bytes,0.9130434782608695,21,23,0.9130434782608695,0.9130434782608695,21,21,21,0.8998834405144694,baseline-v2-20260723,cd270e7871bd358937d83d9a49829637fa80007d2964084ef229f578e3733bd3,ba75425861a059dafcc477474fc3e4ed1eafdc2b47d6fdd0557337035d29a960,f50c93d67ac3ef1043a97481e729b25f9aa26543f5cedbd6c75a479fee202fc5,12833329,1693222006000000000,300
TT/ts-order-service_loss/1,TT,ts-order-service,loss,1,300,300,stream,0.1,7,0.09972093846170343,median_shift,18,0.05555555555555555,0.0,0.2463768115942029,0,0,0,70,145.44110000133514,192-168-29-237-9100|ts-auth-mongo|ts-config-mongo|ts-consign-mongo|ts-consign-price-service,192-168-29-237-9100_node-memory-active-bytes,0.9130434782608695,21,23,0.9130434782608695,0.9130434782608695,21,21,21,0.8998834405144694,baseline-v2-20260723,cd270e7871bd358937d83d9a49829637fa80007d2964084ef229f578e3733bd3,ba75425861a059dafcc477474fc3e4ed1eafdc2b47d6fdd0557337035d29a960,f50c93d67ac3ef1043a97481e729b25f9aa26543f5cedbd6c75a479fee202fc5,12833329,1693222006000000000,300
TT/ts-order-service_loss/1,TT,ts-order-service,loss,1,300,300,stream,0.1,7,0.09972093846170343,nsigma,4,0.25,0.4,0.043478260869565216,0,0,1,70,419.78909994941205,ts-security-service|ts-seat-service|ts-inside-payment-service|ts-order-service|ts-payment-service,ts-security-service_istio-latency-99,0.9130434782608695,21,23,0.9130434782608695,0.9130434782608695,21,21,21,0.8998834405144694,baseline-v2-20260723,cd270e7871bd358937d83d9a49829637fa80007d2964084ef229f578e3733bd3,ba75425861a059dafcc477474fc3e4ed1eafdc2b47d6fdd0557337035d29a960,f50c93d67ac3ef1043a97481e729b25f9aa26543f5cedbd6c75a479fee202fc5,12833329,1693222006000000000,300
TT/ts-order-service_loss/1,TT,ts-order-service,loss,1,300,300,stream,0.1,8,0.09971959810849355,baro,15,0.06666666666666667,0.0,0.2028985507246377,0,0,0,70,499.8638000106439,192-168-29-237-9100|ts-preserve-other-service|ts-consign-mongo|ts-food-map-mongo|ts-preserve-service,192-168-29-237-9100_node-memory-active-bytes,0.8695652173913043,20,23,0.8695652173913043,0.8695652173913043,20,20,20,0.8998847802786709,baseline-v2-20260723,cd270e7871bd358937d83d9a49829637fa80007d2964084ef229f578e3733bd3,ba75425861a059dafcc477474fc3e4ed1eafdc2b47d6fdd0557337035d29a960,f50c93d67ac3ef1043a97481e729b25f9aa26543f5cedbd6c75a479fee202fc5,12833329,1693222006000000000,300
TT/ts-order-service_loss/1,TT,ts-order-service,loss,1,300,300,stream,0.1,8,0.09971959810849355,median_shift,19,0.05263157894736842,0.0,0.2608695652173913,0,0,0,70,146.5751000214368,192-168-29-237-9100|ts-auth-mongo|ts-config-mongo|ts-consign-mongo|ts-consign-price-service,192-168-29-237-9100_node-memory-active-bytes,0.8695652173913043,20,23,0.8695652173913043,0.8695652173913043,20,20,20,0.8998847802786709,baseline-v2-20260723,cd270e7871bd358937d83d9a49829637fa80007d2964084ef229f578e3733bd3,ba75425861a059dafcc477474fc3e4ed1eafdc2b47d6fdd0557337035d29a960,f50c93d67ac3ef1043a97481e729b25f9aa26543f5cedbd6c75a479fee202fc5,12833329,1693222006000000000,300
TT/ts-order-service_loss/1,TT,ts-order-service,loss,1,300,300,stream,0.1,8,0.09971959810849355,nsigma,4,0.25,0.4,0.043478260869565216,0,0,1,70,452.0157999941148,ts-security-service|ts-seat-service|ts-inside-payment-service|ts-order-service|ts-payment-service,ts-security-service_istio-latency-99,0.8695652173913043,20,23,0.8695652173913043,0.8695652173913043,20,20,20,0.8998847802786709,baseline-v2-20260723,cd270e7871bd358937d83d9a49829637fa80007d2964084ef229f578e3733bd3,ba75425861a059dafcc477474fc3e4ed1eafdc2b47d6fdd0557337035d29a960,f50c93d67ac3ef1043a97481e729b25f9aa26543f5cedbd6c75a479fee202fc5,12833329,1693222006000000000,300
TT/ts-order-service_loss/1,TT,ts-order-service,loss,1,300,300,stream,0.1,9,0.09961505055812307,baro,13,0.07692307692307693,0.0,0.17391304347826086,0,0,0,70,547.4624000489712,192-168-29-237-9100|ts-preserve-other-service|ts-consign-mongo|ts-food-map-mongo|ts-train-mongo,192-168-29-237-9100_node-memory-active-bytes,0.9565217391304348,22,23,0.9565217391304348,0.9565217391304348,22,22,22,0.899989281886388,baseline-v2-20260723,cd270e7871bd358937d83d9a49829637fa80007d2964084ef229f578e3733bd3,ba75425861a059dafcc477474fc3e4ed1eafdc2b47d6fdd0557337035d29a960,f50c93d67ac3ef1043a97481e729b25f9aa26543f5cedbd6c75a479fee202fc5,12833329,1693222006000000000,300
TT/ts-order-service_loss/1,TT,ts-order-service,loss,1,300,300,stream,0.1,9,0.09961505055812307,median_shift,17,0.058823529411764705,0.0,0.2318840579710145,0,0,0,70,146.77849999861792,192-168-29-237-9100|ts-auth-mongo|ts-config-mongo|ts-consign-mongo|ts-food-map-mongo,192-168-29-237-9100_node-memory-active-bytes,0.9565217391304348,22,23,0.9565217391304348,0.9565217391304348,22,22,22,0.899989281886388,baseline-v2-20260723,cd270e7871bd358937d83d9a49829637fa80007d2964084ef229f578e3733bd3,ba75425861a059dafcc477474fc3e4ed1eafdc2b47d6fdd0557337035d29a960,f50c93d67ac3ef1043a97481e729b25f9aa26543f5cedbd6c75a479fee202fc5,12833329,1693222006000000000,300
TT/ts-order-service_loss/1,TT,ts-order-service,loss,1,300,300,stream,0.1,9,0.09961505055812307,nsigma,4,0.25,0.4,0.043478260869565216,0,0,1,70,419.5283000008203,ts-security-service|ts-seat-service|ts-inside-payment-service|ts-order-service|ts-payment-service,ts-security-service_istio-latency-99,0.9565217391304348,22,23,0.9565217391304348,0.9565217391304348,22,22,22,0.899989281886388,baseline-v2-20260723,cd270e7871bd358937d83d9a49829637fa80007d2964084ef229f578e3733bd3,ba75425861a059dafcc477474fc3e4ed1eafdc2b47d6fdd0557337035d29a960,f50c93d67ac3ef1043a97481e729b25f9aa26543f5cedbd6c75a479fee202fc5,12833329,1693222006000000000,300
TT/ts-order-service_loss/1,TT,ts-order-service,loss,1,300,300,stream,0.3,0,0.29980618492585165,baro,10,0.1,0.0,0.13043478260869565,0,0,0,70,438.57420003041625,192-168-29-237-9100|ts-preserve-other-service|ts-consign-mongo|ts-preserve-service|ts-user-service,192-168-29-237-9100_node-memory-active-bytes,0.782608695652174,18,23,0.782608695652174,0.782608695652174,18,18,18,0.6998861200428724,baseline-v2-20260723,cd270e7871bd358937d83d9a49829637fa80007d2964084ef229f578e3733bd3,ba75425861a059dafcc477474fc3e4ed1eafdc2b47d6fdd0557337035d29a960,f50c93d67ac3ef1043a97481e729b25f9aa26543f5cedbd6c75a479fee202fc5,12833329,1693222006000000000,300
TT/ts-order-service_loss/1,TT,ts-order-service,loss,1,300,300,stream,0.3,0,0.29980618492585165,median_shift,14,0.07142857142857142,0.0,0.18840579710144928,0,0,0,70,127.75200000032783,192-168-29-237-9100|ts-auth-mongo|ts-config-mongo|ts-consign-mongo|ts-consign-price-service,192-168-29-237-9100_node-memory-active-bytes,0.782608695652174,18,23,0.782608695652174,0.782608695652174,18,18,18,0.6998861200428724,baseline-v2-20260723,cd270e7871bd358937d83d9a49829637fa80007d2964084ef229f578e3733bd3,ba75425861a059dafcc477474fc3e4ed1eafdc2b47d6fdd0557337035d29a960,f50c93d67ac3ef1043a97481e729b25f9aa26543f5cedbd6c75a479fee202fc5,12833329,1693222006000000000,300
TT/ts-order-service_loss/1,TT,ts-order-service,loss,1,300,300,stream,0.3,0,0.29980618492585165,nsigma,11,0.09090909090909091,0.0,0.14492753623188406,0,0,0,70,367.0471999794245,ts-inside-payment-service|ts-payment-service|ts-security-service|ts-preserve-other-service|ts-travel-service,ts-inside-payment-service_istio-bytes-90,0.782608695652174,18,23,0.782608695652174,0.782608695652174,18,18,18,0.6998861200428724,baseline-v2-20260723,cd270e7871bd358937d83d9a49829637fa80007d2964084ef229f578e3733bd3,ba75425861a059dafcc477474fc3e4ed1eafdc2b47d6fdd0557337035d29a960,f50c93d67ac3ef1043a97481e729b25f9aa26543f5cedbd6c75a479fee202fc5,12833329,1693222006000000000,300
TT/ts-order-service_loss/1,TT,ts-order-service,loss,1,300,300,stream,0.3,1,0.2997512304442467,baro,13,0.07692307692307693,0.0,0.17391304347826086,0,0,0,70,443.99639999028295,192-168-29-237-9100|ts-preserve-other-service|ts-consign-mongo|ts-preserve-service|ts-train-mongo,192-168-29-237-9100_node-memory-active-bytes,0.6956521739130435,16,23,0.6956521739130435,0.6956521739130435,16,16,16,0.699941050375134,baseline-v2-20260723,cd270e7871bd358937d83d9a49829637fa80007d2964084ef229f578e3733bd3,ba75425861a059dafcc477474fc3e4ed1eafdc2b47d6fdd0557337035d29a960,f50c93d67ac3ef1043a97481e729b25f9aa26543f5cedbd6c75a479fee202fc5,12833329,1693222006000000000,300
TT/ts-order-service_loss/1,TT,ts-order-service,loss,1,300,300,stream,0.3,1,0.2997512304442467,median_shift,15,0.06666666666666667,0.0,0.2028985507246377,0,0,0,70,125.11140003334731,192-168-29-237-9100|ts-auth-mongo|ts-config-mongo|ts-consign-mongo|ts-consign-price-service,192-168-29-237-9100_node-memory-active-bytes,0.6956521739130435,16,23,0.6956521739130435,0.6956521739130435,16,16,16,0.699941050375134,baseline-v2-20260723,cd270e7871bd358937d83d9a49829637fa80007d2964084ef229f578e3733bd3,ba75425861a059dafcc477474fc3e4ed1eafdc2b47d6fdd0557337035d29a960,f50c93d67ac3ef1043a97481e729b25f9aa26543f5cedbd6c75a479fee202fc5,12833329,1693222006000000000,300
TT/ts-order-service_loss/1,TT,ts-order-service,loss,1,300,300,stream,0.3,1,0.2997512304442467,nsigma,4,0.25,0.4,0.043478260869565216,0,0,1,70,406.5329000004567,ts-security-service|ts-inside-payment-service|ts-seat-service|ts-order-service|ts-payment-service,ts-security-service_istio-latency-99,0.6956521739130435,16,23,0.6956521739130435,0.6956521739130435,16,16,16,0.699941050375134,baseline-v2-20260723,cd270e7871bd358937d83d9a49829637fa80007d2964084ef229f578e3733bd3,ba75425861a059dafcc477474fc3e4ed1eafdc2b47d6fdd0557337035d29a960,f50c93d67ac3ef1043a97481e729b25f9aa26543f5cedbd6c75a479fee202fc5,12833329,1693222006000000000,300
TT/ts-order-service_loss/1,TT,ts-order-service,loss,1,300,300,stream,0.3,2,0.2998611394074567,baro,14,0.07142857142857142,0.0,0.18840579710144928,0,0,0,70,449.174800014589,192-168-29-237-9100|ts-consign-mongo|ts-food-map-mongo|ts-preserve-service|ts-train-mongo,192-168-29-237-9100_node-memory-active-bytes,0.8260869565217391,19,23,0.8260869565217391,0.8260869565217391,19,19,19,0.699831189710611,baseline-v2-20260723,cd270e7871bd358937d83d9a49829637fa80007d2964084ef229f578e3733bd3,ba75425861a059dafcc477474fc3e4ed1eafdc2b47d6fdd0557337035d29a960,f50c93d67ac3ef1043a97481e729b25f9aa26543f5cedbd6c75a479fee202fc5,12833329,1693222006000000000,300
TT/ts-order-service_loss/1,TT,ts-order-service,loss,1,300,300,stream,0.3,2,0.2998611394074567,median_shift,19,0.05263157894736842,0.0,0.2608695652173913,0,0,0,70,134.78099997155368,192-168-29-237-9100|ts-auth-mongo|ts-config-mongo|ts-consign-mongo|ts-consign-price-service,192-168-29-237-9100_node-memory-active-bytes,0.8260869565217391,19,23,0.8260869565217391,0.8260869565217391,19,19,19,0.699831189710611,baseline-v2-20260723,cd270e7871bd358937d83d9a49829637fa80007d2964084ef229f578e3733bd3,ba75425861a059dafcc477474fc3e4ed1eafdc2b47d6fdd0557337035d29a960,f50c93d67ac3ef1043a97481e729b25f9aa26543f5cedbd6c75a479fee202fc5,12833329,1693222006000000000,300
TT/ts-order-service_loss/1,TT,ts-order-service,loss,1,300,300,stream,0.3,2,0.2998611394074567,nsigma,4,0.25,0.4,0.043478260869565216,0,0,1,70,372.5655999733135,ts-security-service|ts-seat-service|ts-inside-payment-service|ts-order-service|ts-payment-service,ts-security-service_istio-latency-95,0.8260869565217391,19,23,0.8260869565217391,0.8260869565217391,19,19,19,0.699831189710611,baseline-v2-20260723,cd270e7871bd358937d83d9a49829637fa80007d2964084ef229f578e3733bd3,ba75425861a059dafcc477474fc3e4ed1eafdc2b47d6fdd0557337035d29a960,f50c93d67ac3ef1043a97481e729b25f9aa26543f5cedbd6c75a479fee202fc5,12833329,1693222006000000000,300
TT/ts-order-service_loss/1,TT,ts-order-service,loss,1,300,300,stream,0.3,3,0.2998584587010369,baro,15,0.06666666666666667,0.0,0.2028985507246377,0,0,0,70,431.3275000313297,192-168-29-237-9100|ts-preserve-other-service|ts-consign-mongo|ts-food-map-mongo|ts-preserve-service,192-168-29-237-9100_node-memory-active-bytes,0.6521739130434783,15,23,0.6521739130434783,0.6521739130434783,15,15,15,0.6998338692390139,baseline-v2-20260723,cd270e7871bd358937d83d9a49829637fa80007d2964084ef229f578e3733bd3,ba75425861a059dafcc477474fc3e4ed1eafdc2b47d6fdd0557337035d29a960,f50c93d67ac3ef1043a97481e729b25f9aa26543f5cedbd6c75a479fee202fc5,12833329,1693222006000000000,300
TT/ts-order-service_loss/1,TT,ts-order-service,loss,1,300,300,stream,0.3,3,0.2998584587010369,median_shift,18,0.05555555555555555,0.0,0.2463768115942029,0,0,0,70,126.0187000152655,192-168-29-237-9100|ts-auth-mongo|ts-config-mongo|ts-consign-mongo|ts-food-map-mongo,192-168-29-237-9100_node-memory-active-bytes,0.6521739130434783,15,23,0.6521739130434783,0.6521739130434783,15,15,15,0.6998338692390139,baseline-v2-20260723,cd270e7871bd358937d83d9a49829637fa80007d2964084ef229f578e3733bd3,ba75425861a059dafcc477474fc3e4ed1eafdc2b47d6fdd0557337035d29a960,f50c93d67ac3ef1043a97481e729b25f9aa26543f5cedbd6c75a479fee202fc5,12833329,1693222006000000000,300
TT/ts-order-service_loss/1,TT,ts-order-service,loss,1,300,300,stream,0.3,3,0.2998584587010369,nsigma,4,0.25,0.4,0.043478260869565216,0,0,1,70,409.14790000533685,ts-security-service|ts-seat-service|ts-inside-payment-service|ts-order-service|ts-preserve-other-service,ts-security-service_istio-latency-99,0.6521739130434783,15,23,0.6521739130434783,0.6521739130434783,15,15,15,0.6998338692390139,baseline-v2-20260723,cd270e7871bd358937d83d9a49829637fa80007d2964084ef229f578e3733bd3,ba75425861a059dafcc477474fc3e4ed1eafdc2b47d6fdd0557337035d29a960,f50c93d67ac3ef1043a97481e729b25f9aa26543f5cedbd6c75a479fee202fc5,12833329,1693222006000000000,300
TT/ts-order-service_loss/1,TT,ts-order-service,loss,1,300,300,stream,0.3,4,0.29986247976066654,baro,12,0.08333333333333333,0.0,0.15942028985507245,0,0,0,70,441.27700000535697,192-168-29-237-9100|ts-preserve-other-service|ts-preserve-service|ts-train-mongo|ts-user-service,192-168-29-237-9100_node-memory-active-bytes,0.7391304347826086,17,23,0.7391304347826086,0.7391304347826086,17,17,17,0.6998298499464094,baseline-v2-20260723,cd270e7871bd358937d83d9a49829637fa80007d2964084ef229f578e3733bd3,ba75425861a059dafcc477474fc3e4ed1eafdc2b47d6fdd0557337035d29a960,f50c93d67ac3ef1043a97481e729b25f9aa26543f5cedbd6c75a479fee202fc5,12833329,1693222006000000000,300
TT/ts-order-service_loss/1,TT,ts-order-service,loss,1,300,300,stream,0.3,4,0.29986247976066654,median_shift,16,0.0625,0.0,0.21739130434782608,0,0,0,70,122.41170002380386,192-168-29-237-9100|ts-auth-mongo|ts-consign-price-service|ts-payment-service|ts-preserve-other-service,192-168-29-237-9100_node-memory-active-bytes,0.7391304347826086,17,23,0.7391304347826086,0.7391304347826086,17,17,17,0.6998298499464094,baseline-v2-20260723,cd270e7871bd358937d83d9a49829637fa80007d2964084ef229f578e3733bd3,ba75425861a059dafcc477474fc3e4ed1eafdc2b47d6fdd0557337035d29a960,f50c93d67ac3ef1043a97481e729b25f9aa26543f5cedbd6c75a479fee202fc5,12833329,1693222006000000000,300
TT/ts-order-service_loss/1,TT,ts-order-service,loss,1,300,300,stream,0.3,4,0.29986247976066654,nsigma,4,0.25,0.4,0.043478260869565216,0,0,1,70,369.1347999847494,ts-security-service|ts-seat-service|ts-inside-payment-service|ts-order-service|ts-payment-service,ts-security-service_istio-latency-99,0.7391304347826086,17,23,0.7391304347826086,0.7391304347826086,17,17,17,0.6998298499464094,baseline-v2-20260723,cd270e7871bd358937d83d9a49829637fa80007d2964084ef229f578e3733bd3,ba75425861a059dafcc477474fc3e4ed1eafdc2b47d6fdd0557337035d29a960,f50c93d67ac3ef1043a97481e729b25f9aa26543f5cedbd6c75a479fee202fc5,12833329,1693222006000000000,300
TT/ts-order-service_loss/1,TT,ts-order-service,loss,1,300,300,stream,0.3,5,0.2999683676642469,baro,10,0.1,0.0,0.13043478260869565,0,0,0,70,431.814800016582,ts-food-map-mongo|ts-preserve-service|ts-train-mongo|ts-avatar-service|ts-voucher-service,ts-food-map-mongo_container-memory-rss,0.782608695652174,18,23,0.782608695652174,0.782608695652174,18,18,18,0.6997240085744909,baseline-v2-20260723,cd270e7871bd358937d83d9a49829637fa80007d2964084ef229f578e3733bd3,ba75425861a059dafcc477474fc3e4ed1eafdc2b47d6fdd0557337035d29a960,f50c93d67ac3ef1043a97481e729b25f9aa26543f5cedbd6c75a479fee202fc5,12833329,1693222006000000000,300
TT/ts-order-service_loss/1,TT,ts-order-service,loss,1,300,300,stream,0.3,5,0.2999683676642469,median_shift,14,0.07142857142857142,0.0,0.18840579710144928,0,0,0,70,124.0333000314422,ts-auth-mongo|ts-config-mongo|ts-food-map-mongo|ts-payment-service|ts-preserve-other-service,ts-auth-mongo_container-memory-rss,0.782608695652174,18,23,0.782608695652174,0.782608695652174,18,18,18,0.6997240085744909,baseline-v2-20260723,cd270e7871bd358937d83d9a49829637fa80007d2964084ef229f578e3733bd3,ba75425861a059dafcc477474fc3e4ed1eafdc2b47d6fdd0557337035d29a960,f50c93d67ac3ef1043a97481e729b25f9aa26543f5cedbd6c75a479fee202fc5,12833329,1693222006000000000,300
TT/ts-order-service_loss/1,TT,ts-order-service,loss,1,300,300,stream,0.3,5,0.2999683676642469,nsigma,4,0.25,0.4,0.043478260869565216,0,0,1,70,403.8396999821998,ts-security-service|ts-inside-payment-service|ts-seat-service|ts-order-service|ts-payment-service,ts-security-service_istio-latency-95,0.782608695652174,18,23,0.782608695652174,0.782608695652174,18,18,18,0.6997240085744909,baseline-v2-20260723,cd270e7871bd358937d83d9a49829637fa80007d2964084ef229f578e3733bd3,ba75425861a059dafcc477474fc3e4ed1eafdc2b47d6fdd0557337035d29a960,f50c93d67ac3ef1043a97481e729b25f9aa26543f5cedbd6c75a479fee202fc5,12833329,1693222006000000000,300
TT/ts-order-service_loss/1,TT,ts-order-service,loss,1,300,300,stream,0.3,6,0.2999174342422715,baro,11,0.09090909090909091,0.0,0.14492753623188406,0,0,0,70,434.2875999864191,192-168-29-237-9100|ts-preserve-other-service|ts-preserve-service|ts-user-service|ts-avatar-service,192-168-29-237-9100_node-memory-active-bytes,0.6956521739130435,16,23,0.6956521739130435,0.6956521739130435,16,16,16,0.699774919614148,baseline-v2-20260723,cd270e7871bd358937d83d9a49829637fa80007d2964084ef229f578e3733bd3,ba75425861a059dafcc477474fc3e4ed1eafdc2b47d6fdd0557337035d29a960,f50c93d67ac3ef1043a97481e729b25f9aa26543f5cedbd6c75a479fee202fc5,12833329,1693222006000000000,300
TT/ts-order-service_loss/1,TT,ts-order-service,loss,1,300,300,stream,0.3,6,0.2999174342422715,median_shift,13,0.07692307692307693,0.0,0.17391304347826086,0,0,0,70,122.06979998154566,192-168-29-237-9100|ts-auth-mongo|ts-config-mongo|ts-consign-price-service|ts-payment-service,192-168-29-237-9100_node-memory-active-bytes,0.6956521739130435,16,23,0.6956521739130435,0.6956521739130435,16,16,16,0.699774919614148,baseline-v2-20260723,cd270e7871bd358937d83d9a49829637fa80007d2964084ef229f578e3733bd3,ba75425861a059dafcc477474fc3e4ed1eafdc2b47d6fdd0557337035d29a960,f50c93d67ac3ef1043a97481e729b25f9aa26543f5cedbd6c75a479fee202fc5,12833329,1693222006000000000,300
TT/ts-order-service_loss/1,TT,ts-order-service,loss,1,300,300,stream,0.3,6,0.2999174342422715,nsigma,4,0.25,0.4,0.043478260869565216,0,0,1,70,367.6714000175707,ts-security-service|ts-inside-payment-service|ts-seat-service|ts-order-service|ts-payment-service,ts-security-service_istio-latency-99,0.6956521739130435,16,23,0.6956521739130435,0.6956521739130435,16,16,16,0.699774919614148,baseline-v2-20260723,cd270e7871bd358937d83d9a49829637fa80007d2964084ef229f578e3733bd3,ba75425861a059dafcc477474fc3e4ed1eafdc2b47d6fdd0557337035d29a960,f50c93d67ac3ef1043a97481e729b25f9aa26543f5cedbd6c75a479fee202fc5,12833329,1693222006000000000,300
TT/ts-order-service_loss/1,TT,ts-order-service,loss,1,300,300,stream,0.3,7,0.2998075252790615,baro,12,0.08333333333333333,0.0,0.15942028985507245,0,0,0,70,425.2070999937132,ts-preserve-other-service|ts-preserve-service|ts-train-mongo|ts-avatar-service|ts-security-service,ts-preserve-other-service_container-memory-max-usage-bytes,0.6956521739130435,16,23,0.6956521739130435,0.6956521739130435,16,16,16,0.699884780278671,baseline-v2-20260723,cd270e7871bd358937d83d9a49829637fa80007d2964084ef229f578e3733bd3,ba75425861a059dafcc477474fc3e4ed1eafdc2b47d6fdd0557337035d29a960,f50c93d67ac3ef1043a97481e729b25f9aa26543f5cedbd6c75a479fee202fc5,12833329,1693222006000000000,300
TT/ts-order-service_loss/1,TT,ts-order-service,loss,1,300,300,stream,0.3,7,0.2998075252790615,median_shift,12,0.08333333333333333,0.0,0.15942028985507245,0,0,0,70,124.66570001561195,ts-config-mongo|ts-payment-service|ts-preserve-other-service|ts-preserve-service|ts-price-mongo,ts-config-mongo_container-memory-cache,0.6956521739130435,16,23,0.6956521739130435,0.6956521739130435,16,16,16,0.699884780278671,baseline-v2-20260723,cd270e7871bd358937d83d9a49829637fa80007d2964084ef229f578e3733bd3,ba75425861a059dafcc477474fc3e4ed1eafdc2b47d6fdd0557337035d29a960,f50c93d67ac3ef1043a97481e729b25f9aa26543f5cedbd6c75a479fee202fc5,12833329,1693222006000000000,300
TT/ts-order-service_loss/1,TT,ts-order-service,loss,1,300,300,stream,0.3,7,0.2998075252790615,nsigma,4,0.25,0.4,0.043478260869565216,0,0,1,70,396.5343000018038,ts-security-service|ts-seat-service|ts-inside-payment-service|ts-order-service|ts-payment-service,ts-security-service_istio-latency-99,0.6956521739130435,16,23,0.6956521739130435,0.6956521739130435,16,16,16,0.699884780278671,baseline-v2-20260723,cd270e7871bd358937d83d9a49829637fa80007d2964084ef229f578e3733bd3,ba75425861a059dafcc477474fc3e4ed1eafdc2b47d6fdd0557337035d29a960,f50c93d67ac3ef1043a97481e729b25f9aa26543f5cedbd6c75a479fee202fc5,12833329,1693222006000000000,300
TT/ts-order-service_loss/1,TT,ts-order-service,loss,1,300,300,stream,0.3,8,0.2998075252790615,baro,14,0.07142857142857142,0.0,0.18840579710144928,0,0,0,70,478.1185000319965,192-168-29-237-9100|ts-preserve-other-service|ts-consign-mongo|ts-food-map-mongo|ts-preserve-service,192-168-29-237-9100_node-memory-active-bytes,0.782608695652174,18,23,0.782608695652174,0.782608695652174,18,18,18,0.699884780278671,baseline-v2-20260723,cd270e7871bd358937d83d9a49829637fa80007d2964084ef229f578e3733bd3,ba75425861a059dafcc477474fc3e4ed1eafdc2b47d6fdd0557337035d29a960,f50c93d67ac3ef1043a97481e729b25f9aa26543f5cedbd6c75a479fee202fc5,12833329,1693222006000000000,300
TT/ts-order-service_loss/1,TT,ts-order-service,loss,1,300,300,stream,0.3,8,0.2998075252790615,median_shift,16,0.0625,0.0,0.21739130434782608,0,0,0,70,123.32939996849746,192-168-29-237-9100|ts-auth-mongo|ts-consign-mongo|ts-food-map-mongo|ts-payment-service,192-168-29-237-9100_node-memory-active-bytes,0.782608695652174,18,23,0.782608695652174,0.782608695652174,18,18,18,0.699884780278671,baseline-v2-20260723,cd270e7871bd358937d83d9a49829637fa80007d2964084ef229f578e3733bd3,ba75425861a059dafcc477474fc3e4ed1eafdc2b47d6fdd0557337035d29a960,f50c93d67ac3ef1043a97481e729b25f9aa26543f5cedbd6c75a479fee202fc5,12833329,1693222006000000000,300
TT/ts-order-service_loss/1,TT,ts-order-service,loss,1,300,300,stream,0.3,8,0.2998075252790615,nsigma,4,0.25,0.4,0.043478260869565216,0,0,1,70,365.29019998852164,ts-security-service|ts-seat-service|ts-inside-payment-service|ts-order-service|ts-payment-service,ts-security-service_istio-latency-95,0.782608695652174,18,23,0.782608695652174,0.782608695652174,18,18,18,0.699884780278671,baseline-v2-20260723,cd270e7871bd358937d83d9a49829637fa80007d2964084ef229f578e3733bd3,ba75425861a059dafcc477474fc3e4ed1eafdc2b47d6fdd0557337035d29a960,f50c93d67ac3ef1043a97481e729b25f9aa26543f5cedbd6c75a479fee202fc5,12833329,1693222006000000000,300
TT/ts-order-service_loss/1,TT,ts-order-service,loss,1,300,300,stream,0.3,9,0.29970163737548117,baro,12,0.08333333333333333,0.0,0.15942028985507245,0,0,0,70,433.42720001237467,ts-preserve-other-service|ts-food-map-mongo|ts-preserve-service|ts-train-mongo|ts-user-service,ts-preserve-other-service_container-memory-max-usage-bytes,0.7391304347826086,17,23,0.7391304347826086,0.7391304347826086,17,17,17,0.6999906216505895,baseline-v2-20260723,cd270e7871bd358937d83d9a49829637fa80007d2964084ef229f578e3733bd3,ba75425861a059dafcc477474fc3e4ed1eafdc2b47d6fdd0557337035d29a960,f50c93d67ac3ef1043a97481e729b25f9aa26543f5cedbd6c75a479fee202fc5,12833329,1693222006000000000,300
TT/ts-order-service_loss/1,TT,ts-order-service,loss,1,300,300,stream,0.3,9,0.29970163737548117,median_shift,11,0.09090909090909091,0.0,0.14492753623188406,0,0,0,70,123.16830002237111,ts-auth-mongo|ts-food-map-mongo|ts-payment-service|ts-preserve-other-service|ts-preserve-service,ts-auth-mongo_container-memory-rss,0.7391304347826086,17,23,0.7391304347826086,0.7391304347826086,17,17,17,0.6999906216505895,baseline-v2-20260723,cd270e7871bd358937d83d9a49829637fa80007d2964084ef229f578e3733bd3,ba75425861a059dafcc477474fc3e4ed1eafdc2b47d6fdd0557337035d29a960,f50c93d67ac3ef1043a97481e729b25f9aa26543f5cedbd6c75a479fee202fc5,12833329,1693222006000000000,300
TT/ts-order-service_loss/1,TT,ts-order-service,loss,1,300,300,stream,0.3,9,0.29970163737548117,nsigma,7,0.14285714285714285,0.0,0.08695652173913043,0,0,0,70,373.05120000382885,ts-security-service|ts-seat-service|ts-inside-payment-service|ts-payment-service|ts-preserve-other-service,ts-security-service_istio-latency-99,0.7391304347826086,17,23,0.7391304347826086,0.7391304347826086,17,17,17,0.6999906216505895,baseline-v2-20260723,cd270e7871bd358937d83d9a49829637fa80007d2964084ef229f578e3733bd3,ba75425861a059dafcc477474fc3e4ed1eafdc2b47d6fdd0557337035d29a960,f50c93d67ac3ef1043a97481e729b25f9aa26543f5cedbd6c75a479fee202fc5,12833329,1693222006000000000,300
TT/ts-order-service_loss/1,TT,ts-order-service,loss,1,300,300,stream,0.5,0,0.49989411209641965,baro,10,0.1,0.0,0.13043478260869565,0,0,0,70,392.2586999833584,ts-preserve-other-service|ts-consign-mongo|ts-preserve-service|ts-user-service|ts-avatar-service,ts-preserve-other-service_container-memory-max-usage-bytes,0.5652173913043478,13,23,0.5652173913043478,0.5652173913043478,13,13,13,0.4998861200428725,baseline-v2-20260723,cd270e7871bd358937d83d9a49829637fa80007d2964084ef229f578e3733bd3,ba75425861a059dafcc477474fc3e4ed1eafdc2b47d6fdd0557337035d29a960,f50c93d67ac3ef1043a97481e729b25f9aa26543f5cedbd6c75a479fee202fc5,12833329,1693222006000000000,300
TT/ts-order-service_loss/1,TT,ts-order-service,loss,1,300,300,stream,0.5,0,0.49989411209641965,median_shift,9,0.1111111111111111,0.0,0.11594202898550725,0,0,0,70,105.09730002377182,ts-consign-mongo|ts-consign-price-service|ts-preserve-other-service|ts-preserve-service|ts-travel2-mongo,ts-consign-mongo_container-memory-cache,0.5652173913043478,13,23,0.5652173913043478,0.5652173913043478,13,13,13,0.4998861200428725,baseline-v2-20260723,cd270e7871bd358937d83d9a49829637fa80007d2964084ef229f578e3733bd3,ba75425861a059dafcc477474fc3e4ed1eafdc2b47d6fdd0557337035d29a960,f50c93d67ac3ef1043a97481e729b25f9aa26543f5cedbd6c75a479fee202fc5,12833329,1693222006000000000,300
TT/ts-order-service_loss/1,TT,ts-order-service,loss,1,300,300,stream,0.5,0,0.49989411209641965,nsigma,6,0.16666666666666666,0.0,0.07246376811594203,0,0,0,70,316.660399956163,ts-seat-service|ts-security-service|ts-inside-payment-service|ts-payment-service|ts-preserve-other-service,ts-seat-service_istio-latency-95,0.5652173913043478,13,23,0.5652173913043478,0.5652173913043478,13,13,13,0.4998861200428725,baseline-v2-20260723,cd270e7871bd358937d83d9a49829637fa80007d2964084ef229f578e3733bd3,ba75425861a059dafcc477474fc3e4ed1eafdc2b47d6fdd0557337035d29a960,f50c93d67ac3ef1043a97481e729b25f9aa26543f5cedbd6c75a479fee202fc5,12833329,1693222006000000000,300
TT/ts-order-service_loss/1,TT,ts-order-service,loss,1,300,300,stream,0.5,1,0.5000522737751852,baro,8,0.125,0.0,0.10144927536231885,0,0,0,70,355.5274000391364,192-168-29-237-9100|ts-preserve-other-service|ts-avatar-service|ts-inside-payment-service|ts-contacts-service,192-168-29-237-9100_node-memory-active-bytes,0.5217391304347826,12,23,0.5217391304347826,0.5217391304347826,12,12,12,0.4997280278670954,baseline-v2-20260723,cd270e7871bd358937d83d9a49829637fa80007d2964084ef229f578e3733bd3,ba75425861a059dafcc477474fc3e4ed1eafdc2b47d6fdd0557337035d29a960,f50c93d67ac3ef1043a97481e729b25f9aa26543f5cedbd6c75a479fee202fc5,12833329,1693222006000000000,300
TT/ts-order-service_loss/1,TT,ts-order-service,loss,1,300,300,stream,0.5,1,0.5000522737751852,median_shift,9,0.1111111111111111,0.0,0.11594202898550725,0,0,0,70,102.43510000873357,192-168-29-237-9100|ts-payment-service|ts-preserve-other-service|ts-preserve-service|ts-price-mongo,192-168-29-237-9100_node-memory-active-bytes,0.5217391304347826,12,23,0.5217391304347826,0.5217391304347826,12,12,12,0.4997280278670954,baseline-v2-20260723,cd270e7871bd358937d83d9a49829637fa80007d2964084ef229f578e3733bd3,ba75425861a059dafcc477474fc3e4ed1eafdc2b47d6fdd0557337035d29a960,f50c93d67ac3ef1043a97481e729b25f9aa26543f5cedbd6c75a479fee202fc5,12833329,1693222006000000000,300
TT/ts-order-service_loss/1,TT,ts-order-service,loss,1,300,300,stream,0.5,1,0.5000522737751852,nsigma,7,0.14285714285714285,0.0,0.08695652173913043,0,0,0,70,305.7575999991968,ts-inside-payment-service|ts-seat-service|ts-payment-service|ts-security-service|ts-preserve-other-service,ts-inside-payment-service_istio-bytes-50,0.5217391304347826,12,23,0.5217391304347826,0.5217391304347826,12,12,12,0.4997280278670954,baseline-v2-20260723,cd270e7871bd358937d83d9a49829637fa80007d2964084ef229f578e3733bd3,ba75425861a059dafcc477474fc3e4ed1eafdc2b47d6fdd0557337035d29a960,f50c93d67ac3ef1043a97481e729b25f9aa26543f5cedbd6c75a479fee202fc5,12833329,1693222006000000000,300
TT/ts-order-service_loss/1,TT,ts-order-service,loss,1,300,300,stream,0.5,2,0.49989411209641965,baro,10,0.1,0.0,0.13043478260869565,0,0,0,70,411.0045999987051,192-168-29-237-9100|ts-food-map-mongo|ts-preserve-service|ts-avatar-service|ts-security-service,192-168-29-237-9100_node-memory-active-bytes,0.5217391304347826,12,23,0.5217391304347826,0.5217391304347826,12,12,12,0.4998861200428725,baseline-v2-20260723,cd270e7871bd358937d83d9a49829637fa80007d2964084ef229f578e3733bd3,ba75425861a059dafcc477474fc3e4ed1eafdc2b47d6fdd0557337035d29a960,f50c93d67ac3ef1043a97481e729b25f9aa26543f5cedbd6c75a479fee202fc5,12833329,1693222006000000000,300
TT/ts-order-service_loss/1,TT,ts-order-service,loss,1,300,300,stream,0.5,2,0.49989411209641965,median_shift,15,0.06666666666666667,0.0,0.2028985507246377,0,0,0,70,101.21980000985786,192-168-29-237-9100|ts-auth-mongo|ts-food-map-mongo|ts-preserve-other-service|ts-preserve-service,192-168-29-237-9100_node-memory-active-bytes,0.5217391304347826,12,23,0.5217391304347826,0.5217391304347826,12,12,12,0.4998861200428725,baseline-v2-20260723,cd270e7871bd358937d83d9a49829637fa80007d2964084ef229f578e3733bd3,ba75425861a059dafcc477474fc3e4ed1eafdc2b47d6fdd0557337035d29a960,f50c93d67ac3ef1043a97481e729b25f9aa26543f5cedbd6c75a479fee202fc5,12833329,1693222006000000000,300
TT/ts-order-service_loss/1,TT,ts-order-service,loss,1,300,300,stream,0.5,2,0.49989411209641965,nsigma,5,0.2,0.2,0.057971014492753624,0,0,1,70,316.64370000362396,ts-security-service|ts-seat-service|ts-inside-payment-service|ts-payment-service|ts-order-service,ts-security-service_istio-latency-99,0.5217391304347826,12,23,0.5217391304347826,0.5217391304347826,12,12,12,0.4998861200428725,baseline-v2-20260723,cd270e7871bd358937d83d9a49829637fa80007d2964084ef229f578e3733bd3,ba75425861a059dafcc477474fc3e4ed1eafdc2b47d6fdd0557337035d29a960,f50c93d67ac3ef1043a97481e729b25f9aa26543f5cedbd6c75a479fee202fc5,12833329,1693222006000000000,300
TT/ts-order-service_loss/1,TT,ts-order-service,loss,1,300,300,stream,0.5,3,0.4998927717432098,baro,11,0.09090909090909091,0.0,0.14492753623188406,0,0,0,70,352.87800000514835,192-168-29-237-9100|ts-preserve-other-service|ts-food-map-mongo|ts-preserve-service|ts-train-mongo,192-168-29-237-9100_node-memory-active-bytes,0.43478260869565216,10,23,0.43478260869565216,0.43478260869565216,10,10,10,0.49988745980707394,baseline-v2-20260723,cd270e7871bd358937d83d9a49829637fa80007d2964084ef229f578e3733bd3,ba75425861a059dafcc477474fc3e4ed1eafdc2b47d6fdd0557337035d29a960,f50c93d67ac3ef1043a97481e729b25f9aa26543f5cedbd6c75a479fee202fc5,12833329,1693222006000000000,300
TT/ts-order-service_loss/1,TT,ts-order-service,loss,1,300,300,stream,0.5,3,0.4998927717432098,median_shift,11,0.09090909090909091,0.0,0.14492753623188406,0,0,0,70,104.12949998863041,192-168-29-237-9100|ts-auth-mongo|ts-consign-price-service|ts-food-map-mongo|ts-payment-service,192-168-29-237-9100_node-memory-active-bytes,0.43478260869565216,10,23,0.43478260869565216,0.43478260869565216,10,10,10,0.49988745980707394,baseline-v2-20260723,cd270e7871bd358937d83d9a49829637fa80007d2964084ef229f578e3733bd3,ba75425861a059dafcc477474fc3e4ed1eafdc2b47d6fdd0557337035d29a960,f50c93d67ac3ef1043a97481e729b25f9aa26543f5cedbd6c75a479fee202fc5,12833329,1693222006000000000,300
TT/ts-order-service_loss/1,TT,ts-order-service,loss,1,300,300,stream,0.5,3,0.4998927717432098,nsigma,2,0.5,0.8,0.014492753623188406,0,1,1,70,300.33060000278056,ts-inside-payment-service|ts-order-service|ts-payment-service|ts-security-service|ts-preserve-other-service,ts-inside-payment-service_istio-bytes-50,0.43478260869565216,10,23,0.43478260869565216,0.43478260869565216,10,10,10,0.49988745980707394,baseline-v2-20260723,cd270e7871bd358937d83d9a49829637fa80007d2964084ef229f578e3733bd3,ba75425861a059dafcc477474fc3e4ed1eafdc2b47d6fdd0557337035d29a960,f50c93d67ac3ef1043a97481e729b25f9aa26543f5cedbd6c75a479fee202fc5,12833329,1693222006000000000,300
TT/ts-order-service_loss/1,TT,ts-order-service,loss,1,300,300,stream,0.5,4,0.5000013403532099,baro,13,0.07692307692307693,0.0,0.17391304347826086,0,0,0,70,404.2151999892667,ts-preserve-other-service|ts-food-map-mongo|ts-preserve-service|ts-train-mongo|ts-user-service,ts-preserve-other-service_container-memory-max-usage-bytes,0.21739130434782608,5,23,0.21739130434782608,0.21739130434782608,5,5,5,0.4997789389067524,baseline-v2-20260723,cd270e7871bd358937d83d9a49829637fa80007d2964084ef229f578e3733bd3,ba75425861a059dafcc477474fc3e4ed1eafdc2b47d6fdd0557337035d29a960,f50c93d67ac3ef1043a97481e729b25f9aa26543f5cedbd6c75a479fee202fc5,12833329,1693222006000000000,300
TT/ts-order-service_loss/1,TT,ts-order-service,loss,1,300,300,stream,0.5,4,0.5000013403532099,median_shift,12,0.08333333333333333,0.0,0.15942028985507245,0,0,0,70,100.99349997472018,ts-auth-mongo|ts-food-map-mongo|ts-payment-service|ts-preserve-other-service|ts-train-mongo,ts-auth-mongo_container-memory-rss,0.21739130434782608,5,23,0.21739130434782608,0.21739130434782608,5,5,5,0.4997789389067524,baseline-v2-20260723,cd270e7871bd358937d83d9a49829637fa80007d2964084ef229f578e3733bd3,ba75425861a059dafcc477474fc3e4ed1eafdc2b47d6fdd0557337035d29a960,f50c93d67ac3ef1043a97481e729b25f9aa26543f5cedbd6c75a479fee202fc5,12833329,1693222006000000000,300
TT/ts-order-service_loss/1,TT,ts-order-service,loss,1,300,300,stream,0.5,4,0.5000013403532099,nsigma,14,0.07142857142857142,0.0,0.18840579710144928,0,0,0,70,319.22330002998933,ts-security-service|ts-seat-service|ts-payment-service|ts-preserve-other-service|ts-travel-service,ts-security-service_istio-latency-90,0.21739130434782608,5,23,0.21739130434782608,0.21739130434782608,5,5,5,0.4997789389067524,baseline-v2-20260723,cd270e7871bd358937d83d9a49829637fa80007d2964084ef229f578e3733bd3,ba75425861a059dafcc477474fc3e4ed1eafdc2b47d6fdd0557337035d29a960,f50c93d67ac3ef1043a97481e729b25f9aa26543f5cedbd6c75a479fee202fc5,12833329,1693222006000000000,300
TT/ts-order-service_loss/1,TT,ts-order-service,loss,1,300,300,stream,0.5,5,0.5000562948348148,baro,15,0.06666666666666667,0.0,0.2028985507246377,0,0,0,70,385.5512999580242,192-168-29-237-9100|ts-preserve-other-service|ts-consign-mongo|ts-food-map-mongo|ts-preserve-service,192-168-29-237-9100_node-memory-active-bytes,0.43478260869565216,10,23,0.43478260869565216,0.43478260869565216,10,10,10,0.4997240085744909,baseline-v2-20260723,cd270e7871bd358937d83d9a49829637fa80007d2964084ef229f578e3733bd3,ba75425861a059dafcc477474fc3e4ed1eafdc2b47d6fdd0557337035d29a960,f50c93d67ac3ef1043a97481e729b25f9aa26543f5cedbd6c75a479fee202fc5,12833329,1693222006000000000,300
TT/ts-order-service_loss/1,TT,ts-order-service,loss,1,300,300,stream,0.5,5,0.5000562948348148,median_shift,15,0.06666666666666667,0.0,0.2028985507246377,0,0,0,70,104.91850000107661,192-168-29-237-9100|ts-auth-mongo|ts-config-mongo|ts-consign-mongo|ts-consign-price-service,192-168-29-237-9100_node-memory-active-bytes,0.43478260869565216,10,23,0.43478260869565216,0.43478260869565216,10,10,10,0.4997240085744909,baseline-v2-20260723,cd270e7871bd358937d83d9a49829637fa80007d2964084ef229f578e3733bd3,ba75425861a059dafcc477474fc3e4ed1eafdc2b47d6fdd0557337035d29a960,f50c93d67ac3ef1043a97481e729b25f9aa26543f5cedbd6c75a479fee202fc5,12833329,1693222006000000000,300
TT/ts-order-service_loss/1,TT,ts-order-service,loss,1,300,300,stream,0.5,5,0.5000562948348148,nsigma,5,0.2,0.2,0.057971014492753624,0,0,1,70,317.7305999561213,ts-seat-service|ts-inside-payment-service|ts-preserve-other-service|ts-payment-service|ts-order-service,ts-seat-service_istio-latency-95,0.43478260869565216,10,23,0.43478260869565216,0.43478260869565216,10,10,10,0.4997240085744909,baseline-v2-20260723,cd270e7871bd358937d83d9a49829637fa80007d2964084ef229f578e3733bd3,ba75425861a059dafcc477474fc3e4ed1eafdc2b47d6fdd0557337035d29a960,f50c93d67ac3ef1043a97481e729b25f9aa26543f5cedbd6c75a479fee202fc5,12833329,1693222006000000000,300
TT/ts-order-service_loss/1,TT,ts-order-service,loss,1,300,300,stream,0.5,6,0.4999490665780246,baro,9,0.1111111111111111,0.0,0.11594202898550725,0,0,0,70,400.9684000047855,ts-preserve-other-service|ts-preserve-service|ts-train-mongo|ts-security-service|ts-voucher-service,ts-preserve-other-service_container-memory-max-usage-bytes,0.6086956521739131,14,23,0.6086956521739131,0.6086956521739131,14,14,14,0.4998311897106109,baseline-v2-20260723,cd270e7871bd358937d83d9a49829637fa80007d2964084ef229f578e3733bd3,ba75425861a059dafcc477474fc3e4ed1eafdc2b47d6fdd0557337035d29a960,f50c93d67ac3ef1043a97481e729b25f9aa26543f5cedbd6c75a479fee202fc5,12833329,1693222006000000000,300
TT/ts-order-service_loss/1,TT,ts-order-service,loss,1,300,300,stream,0.5,6,0.4999490665780246,median_shift,13,0.07692307692307693,0.0,0.17391304347826086,0,0,0,70,105.1436000270769,ts-config-mongo|ts-consign-price-service|ts-payment-service|ts-preserve-other-service|ts-preserve-service,ts-config-mongo_container-memory-cache,0.6086956521739131,14,23,0.6086956521739131,0.6086956521739131,14,14,14,0.4998311897106109,baseline-v2-20260723,cd270e7871bd358937d83d9a49829637fa80007d2964084ef229f578e3733bd3,ba75425861a059dafcc477474fc3e4ed1eafdc2b47d6fdd0557337035d29a960,f50c93d67ac3ef1043a97481e729b25f9aa26543f5cedbd6c75a479fee202fc5,12833329,1693222006000000000,300
TT/ts-order-service_loss/1,TT,ts-order-service,loss,1,300,300,stream,0.5,6,0.4999490665780246,nsigma,6,0.16666666666666666,0.0,0.07246376811594203,0,0,0,70,324.69089998630807,ts-security-service|ts-seat-service|ts-inside-payment-service|ts-payment-service|ts-preserve-other-service,ts-security-service_istio-latency-99,0.6086956521739131,14,23,0.6086956521739131,0.6086956521739131,14,14,14,0.4998311897106109,baseline-v2-20260723,cd270e7871bd358937d83d9a49829637fa80007d2964084ef229f578e3733bd3,ba75425861a059dafcc477474fc3e4ed1eafdc2b47d6fdd0557337035d29a960,f50c93d67ac3ef1043a97481e729b25f9aa26543f5cedbd6c75a479fee202fc5,12833329,1693222006000000000,300
TT/ts-order-service_loss/1,TT,ts-order-service,loss,1,300,300,stream,0.5,7,0.5001085686100001,baro,9,0.1111111111111111,0.0,0.11594202898550725,0,0,0,70,355.85419996641576,192-168-29-237-9100|ts-consign-mongo|ts-avatar-service|ts-security-service|ts-voucher-service,192-168-29-237-9100_node-memory-active-bytes,0.391304347826087,9,23,0.391304347826087,0.391304347826087,9,9,9,0.4996717577706324,baseline-v2-20260723,cd270e7871bd358937d83d9a49829637fa80007d2964084ef229f578e3733bd3,ba75425861a059dafcc477474fc3e4ed1eafdc2b47d6fdd0557337035d29a960,f50c93d67ac3ef1043a97481e729b25f9aa26543f5cedbd6c75a479fee202fc5,12833329,1693222006000000000,300
TT/ts-order-service_loss/1,TT,ts-order-service,loss,1,300,300,stream,0.5,7,0.5001085686100001,median_shift,11,0.09090909090909091,0.0,0.14492753623188406,0,0,0,70,103.85730001144111,192-168-29-237-9100|ts-auth-mongo|ts-config-mongo|ts-consign-mongo|ts-payment-service,192-168-29-237-9100_node-memory-active-bytes,0.391304347826087,9,23,0.391304347826087,0.391304347826087,9,9,9,0.4996717577706324,baseline-v2-20260723,cd270e7871bd358937d83d9a49829637fa80007d2964084ef229f578e3733bd3,ba75425861a059dafcc477474fc3e4ed1eafdc2b47d6fdd0557337035d29a960,f50c93d67ac3ef1043a97481e729b25f9aa26543f5cedbd6c75a479fee202fc5,12833329,1693222006000000000,300
TT/ts-order-service_loss/1,TT,ts-order-service,loss,1,300,300,stream,0.5,7,0.5001085686100001,nsigma,5,0.2,0.2,0.057971014492753624,0,0,1,70,311.0205000266433,ts-security-service|ts-inside-payment-service|ts-seat-service|ts-payment-service|ts-order-service,ts-security-service_istio-latency-99,0.391304347826087,9,23,0.391304347826087,0.391304347826087,9,9,9,0.4996717577706324,baseline-v2-20260723,cd270e7871bd358937d83d9a49829637fa80007d2964084ef229f578e3733bd3,ba75425861a059dafcc477474fc3e4ed1eafdc2b47d6fdd0557337035d29a960,f50c93d67ac3ef1043a97481e729b25f9aa26543f5cedbd6c75a479fee202fc5,12833329,1693222006000000000,300
TT/ts-order-service_loss/1,TT,ts-order-service,loss,1,300,300,stream,0.5,8,0.5001595020319755,baro,12,0.08333333333333333,0.0,0.15942028985507245,0,0,0,70,399.126400006935,ts-preserve-other-service|ts-consign-mongo|ts-food-map-mongo|ts-preserve-service|ts-user-service,ts-preserve-other-service_container-memory-max-usage-bytes,0.6086956521739131,14,23,0.6086956521739131,0.6086956521739131,14,14,14,0.49962084673097534,baseline-v2-20260723,cd270e7871bd358937d83d9a49829637fa80007d2964084ef229f578e3733bd3,ba75425861a059dafcc477474fc3e4ed1eafdc2b47d6fdd0557337035d29a960,f50c93d67ac3ef1043a97481e729b25f9aa26543f5cedbd6c75a479fee202fc5,12833329,1693222006000000000,300
TT/ts-order-service_loss/1,TT,ts-order-service,loss,1,300,300,stream,0.5,8,0.5001595020319755,median_shift,11,0.09090909090909091,0.0,0.14492753623188406,0,0,0,70,103.06439996929839,ts-config-mongo|ts-consign-mongo|ts-food-map-mongo|ts-payment-service|ts-preserve-other-service,ts-config-mongo_container-memory-cache,0.6086956521739131,14,23,0.6086956521739131,0.6086956521739131,14,14,14,0.49962084673097534,baseline-v2-20260723,cd270e7871bd358937d83d9a49829637fa80007d2964084ef229f578e3733bd3,ba75425861a059dafcc477474fc3e4ed1eafdc2b47d6fdd0557337035d29a960,f50c93d67ac3ef1043a97481e729b25f9aa26543f5cedbd6c75a479fee202fc5,12833329,1693222006000000000,300
TT/ts-order-service_loss/1,TT,ts-order-service,loss,1,300,300,stream,0.5,8,0.5001595020319755,nsigma,7,0.14285714285714285,0.0,0.08695652173913043,0,0,0,70,320.8411999512464,ts-security-service|ts-seat-service|ts-inside-payment-service|ts-payment-service|ts-preserve-other-service,ts-security-service_istio-latency-99,0.6086956521739131,14,23,0.6086956521739131,0.6086956521739131,14,14,14,0.49962084673097534,baseline-v2-20260723,cd270e7871bd358937d83d9a49829637fa80007d2964084ef229f578e3733bd3,ba75425861a059dafcc477474fc3e4ed1eafdc2b47d6fdd0557337035d29a960,f50c93d67ac3ef1043a97481e729b25f9aa26543f5cedbd6c75a479fee202fc5,12833329,1693222006000000000,300
TT/ts-order-service_loss/1,TT,ts-order-service,loss,1,300,300,stream,0.5,9,0.500054954481605,baro,10,0.1,0.0,0.13043478260869565,0,0,0,70,368.8714999589138,192-168-29-237-9100|ts-preserve-service|ts-train-mongo|ts-user-service|ts-avatar-service,192-168-29-237-9100_node-memory-active-bytes,0.5652173913043478,13,23,0.5652173913043478,0.5652173913043478,13,13,13,0.49972534833869237,baseline-v2-20260723,cd270e7871bd358937d83d9a49829637fa80007d2964084ef229f578e3733bd3,ba75425861a059dafcc477474fc3e4ed1eafdc2b47d6fdd0557337035d29a960,f50c93d67ac3ef1043a97481e729b25f9aa26543f5cedbd6c75a479fee202fc5,12833329,1693222006000000000,300
TT/ts-order-service_loss/1,TT,ts-order-service,loss,1,300,300,stream,0.5,9,0.500054954481605,median_shift,14,0.07142857142857142,0.0,0.18840579710144928,0,0,0,70,102.39909996744245,192-168-29-237-9100|ts-config-mongo|ts-consign-price-service|ts-payment-service|ts-preserve-other-service,192-168-29-237-9100_node-memory-active-bytes,0.5652173913043478,13,23,0.5652173913043478,0.5652173913043478,13,13,13,0.49972534833869237,baseline-v2-20260723,cd270e7871bd358937d83d9a49829637fa80007d2964084ef229f578e3733bd3,ba75425861a059dafcc477474fc3e4ed1eafdc2b47d6fdd0557337035d29a960,f50c93d67ac3ef1043a97481e729b25f9aa26543f5cedbd6c75a479fee202fc5,12833329,1693222006000000000,300
TT/ts-order-service_loss/1,TT,ts-order-service,loss,1,300,300,stream,0.5,9,0.500054954481605,nsigma,4,0.25,0.4,0.043478260869565216,0,0,1,70,316.2346999743022,ts-security-service|ts-seat-service|ts-inside-payment-service|ts-order-service|ts-payment-service,ts-security-service_istio-latency-95,0.5652173913043478,13,23,0.5652173913043478,0.5652173913043478,13,13,13,0.49972534833869237,baseline-v2-20260723,cd270e7871bd358937d83d9a49829637fa80007d2964084ef229f578e3733bd3,ba75425861a059dafcc477474fc3e4ed1eafdc2b47d6fdd0557337035d29a960,f50c93d67ac3ef1043a97481e729b25f9aa26543f5cedbd6c75a479fee202fc5,12833329,1693222006000000000,300
