case_id,system,root_service,fault,repetition,n_pre,n_post,mechanism,rate,replicate,realized_rate,method,rank,reciprocal_rank,avg_at_5,normalized_rank,hit_at_1,hit_at_3,hit_at_5,candidate_count,elapsed_ms,top_5,top_evidence_metric,root_observed_fraction,root_streams_available,root_streams_total,root_pre_observed_fraction,root_post_observed_fraction,root_streams_pre_available,root_streams_post_available,root_streams_scorable,observed_fraction,runner_version,code_hash,config_fingerprint,source_fingerprint,source_size,source_mtime_ns,window
TT/ts-auth-service_delay/4,TT,ts-auth-service,delay,4,300,300,burst,0.1,0,0.09995845734479834,baro,1,1.0,1.0,0.0,1,1,1,70,814.0344999847002,ts-auth-service|ts-travel-service|ts-auth-mongo|ts-travel2-service|ts-execute-service,ts-auth-service_container-memory-usage-bytes,0.8820289855072464,23,23,0.8659420289855072,0.8981159420289855,22,23,22,0.89354802259887,baseline-v2-20260723,cd270e7871bd358937d83d9a49829637fa80007d2964084ef229f578e3733bd3,ba75425861a059dafcc477474fc3e4ed1eafdc2b47d6fdd0557337035d29a960,b89e3e36a90c50dd6fddde011cb8734fe33d0fb645863deb044147c1e3c955fe,11894689,1693289154000000000,300
TT/ts-auth-service_delay/4,TT,ts-auth-service,delay,4,300,300,burst,0.1,0,0.09995845734479834,median_shift,3,0.3333333333333333,0.6,0.028985507246376812,0,1,1,70,225.22999998182058,ts-assurance-service|ts-auth-mongo|ts-auth-service|ts-config-mongo|ts-consign-mongo,ts-assurance-service_container-memory-failures-total,0.8820289855072464,23,23,0.8659420289855072,0.8981159420289855,22,23,22,0.89354802259887,baseline-v2-20260723,cd270e7871bd358937d83d9a49829637fa80007d2964084ef229f578e3733bd3,ba75425861a059dafcc477474fc3e4ed1eafdc2b47d6fdd0557337035d29a960,b89e3e36a90c50dd6fddde011cb8734fe33d0fb645863deb044147c1e3c955fe,11894689,1693289154000000000,300
TT/ts-auth-service_delay/4,TT,ts-auth-service,delay,4,300,300,burst,0.1,0,0.09995845734479834,nsigma,1,1.0,1.0,0.0,1,1,1,70,994.44629997015,ts-auth-service|ts-consign-service|ts-route-service|ts-station-service|ts-food-service,ts-auth-service_container-memory-failures-total,0.8820289855072464,23,23,0.8659420289855072,0.8981159420289855,22,23,22,0.89354802259887,baseline-v2-20260723,cd270e7871bd358937d83d9a49829637fa80007d2964084ef229f578e3733bd3,ba75425861a059dafcc477474fc3e4ed1eafdc2b47d6fdd0557337035d29a960,b89e3e36a90c50dd6fddde011cb8734fe33d0fb645863deb044147c1e3c955fe,11894689,1693289154000000000,300
TT/ts-auth-service_delay/4,TT,ts-auth-service,delay,4,300,300,burst,0.1,1,0.09995845734479834,baro,1,1.0,1.0,0.0,1,1,1,70,1060.5758000165224,ts-auth-service|ts-avatar-service|ts-auth-mongo|ts-travel2-service|ts-inside-payment-service,ts-auth-service_container-memory-usage-bytes,0.8820289855072464,23,23,0.8736231884057971,0.8904347826086957,22,23,22,0.89354802259887,baseline-v2-20260723,cd270e7871bd358937d83d9a49829637fa80007d2964084ef229f578e3733bd3,ba75425861a059dafcc477474fc3e4ed1eafdc2b47d6fdd0557337035d29a960,b89e3e36a90c50dd6fddde011cb8734fe33d0fb645863deb044147c1e3c955fe,11894689,1693289154000000000,300
TT/ts-auth-service_delay/4,TT,ts-auth-service,delay,4,300,300,burst,0.1,1,0.09995845734479834,median_shift,2,0.5,0.8,0.014492753623188406,0,1,1,70,321.90280000213534,ts-auth-mongo|ts-auth-service|ts-config-mongo|ts-consign-mongo|ts-contacts-mongo,ts-auth-mongo_container-memory-rss,0.8820289855072464,23,23,0.8736231884057971,0.8904347826086957,22,23,22,0.89354802259887,baseline-v2-20260723,cd270e7871bd358937d83d9a49829637fa80007d2964084ef229f578e3733bd3,ba75425861a059dafcc477474fc3e4ed1eafdc2b47d6fdd0557337035d29a960,b89e3e36a90c50dd6fddde011cb8734fe33d0fb645863deb044147c1e3c955fe,11894689,1693289154000000000,300
TT/ts-auth-service_delay/4,TT,ts-auth-service,delay,4,300,300,burst,0.1,1,0.09995845734479834,nsigma,1,1.0,1.0,0.0,1,1,1,70,869.8768999893218,ts-auth-service|ts-consign-service|ts-route-service|ts-station-service|ts-order-other-service,ts-auth-service_container-memory-failures-total,0.8820289855072464,23,23,0.8736231884057971,0.8904347826086957,22,23,22,0.89354802259887,baseline-v2-20260723,cd270e7871bd358937d83d9a49829637fa80007d2964084ef229f578e3733bd3,ba75425861a059dafcc477474fc3e4ed1eafdc2b47d6fdd0557337035d29a960,b89e3e36a90c50dd6fddde011cb8734fe33d0fb645863deb044147c1e3c955fe,11894689,1693289154000000000,300
TT/ts-auth-service_delay/4,TT,ts-auth-service,delay,4,300,300,burst,0.1,2,0.09995845734479834,baro,1,1.0,1.0,0.0,1,1,1,70,924.0661999792792,ts-auth-service|ts-assurance-service|ts-travel-service|ts-auth-mongo|ts-travel2-service,ts-auth-service_container-memory-usage-bytes,0.8820289855072464,23,23,0.8626086956521739,0.9014492753623189,22,23,22,0.89354802259887,baseline-v2-20260723,cd270e7871bd358937d83d9a49829637fa80007d2964084ef229f578e3733bd3,ba75425861a059dafcc477474fc3e4ed1eafdc2b47d6fdd0557337035d29a960,b89e3e36a90c50dd6fddde011cb8734fe33d0fb645863deb044147c1e3c955fe,11894689,1693289154000000000,300
TT/ts-auth-service_delay/4,TT,ts-auth-service,delay,4,300,300,burst,0.1,2,0.09995845734479834,median_shift,2,0.5,0.8,0.014492753623188406,0,1,1,70,290.24380003102124,ts-auth-mongo|ts-auth-service|ts-config-mongo|ts-consign-mongo|ts-contacts-mongo,ts-auth-mongo_container-memory-rss,0.8820289855072464,23,23,0.8626086956521739,0.9014492753623189,22,23,22,0.89354802259887,baseline-v2-20260723,cd270e7871bd358937d83d9a49829637fa80007d2964084ef229f578e3733bd3,ba75425861a059dafcc477474fc3e4ed1eafdc2b47d6fdd0557337035d29a960,b89e3e36a90c50dd6fddde011cb8734fe33d0fb645863deb044147c1e3c955fe,11894689,1693289154000000000,300
TT/ts-auth-service_delay/4,TT,ts-auth-service,delay,4,300,300,burst,0.1,2,0.09995845734479834,nsigma,1,1.0,1.0,0.0,1,1,1,70,774.7075000079349,ts-auth-service|ts-consign-service|ts-route-service|ts-station-service|ts-execute-service,ts-auth-service_container-memory-failures-total,0.8820289855072464,23,23,0.8626086956521739,0.9014492753623189,22,23,22,0.89354802259887,baseline-v2-20260723,cd270e7871bd358937d83d9a49829637fa80007d2964084ef229f578e3733bd3,ba75425861a059dafcc477474fc3e4ed1eafdc2b47d6fdd0557337035d29a960,b89e3e36a90c50dd6fddde011cb8734fe33d0fb645863deb044147c1e3c955fe,11894689,1693289154000000000,300
TT/ts-auth-service_delay/4,TT,ts-auth-service,delay,4,300,300,burst,0.1,3,0.1000324374157054,baro,1,1.0,1.0,0.0,1,1,1,70,776.9207999808714,ts-auth-service|ts-travel-service|ts-auth-mongo|ts-travel2-service|ts-cancel-service,ts-auth-service_container-memory-usage-bytes,0.8782608695652174,23,23,0.8604347826086957,0.8960869565217391,22,23,22,0.8934745762711864,baseline-v2-20260723,cd270e7871bd358937d83d9a49829637fa80007d2964084ef229f578e3733bd3,ba75425861a059dafcc477474fc3e4ed1eafdc2b47d6fdd0557337035d29a960,b89e3e36a90c50dd6fddde011cb8734fe33d0fb645863deb044147c1e3c955fe,11894689,1693289154000000000,300
TT/ts-auth-service_delay/4,TT,ts-auth-service,delay,4,300,300,burst,0.1,3,0.1000324374157054,median_shift,2,0.5,0.8,0.014492753623188406,0,1,1,70,262.72569998400286,ts-auth-mongo|ts-auth-service|ts-config-mongo|ts-consign-mongo|ts-contacts-mongo,ts-auth-mongo_container-memory-rss,0.8782608695652174,23,23,0.8604347826086957,0.8960869565217391,22,23,22,0.8934745762711864,baseline-v2-20260723,cd270e7871bd358937d83d9a49829637fa80007d2964084ef229f578e3733bd3,ba75425861a059dafcc477474fc3e4ed1eafdc2b47d6fdd0557337035d29a960,b89e3e36a90c50dd6fddde011cb8734fe33d0fb645863deb044147c1e3c955fe,11894689,1693289154000000000,300
TT/ts-auth-service_delay/4,TT,ts-auth-service,delay,4,300,300,burst,0.1,3,0.1000324374157054,nsigma,1,1.0,1.0,0.0,1,1,1,70,854.9802000052296,ts-auth-service|ts-consign-service|ts-route-service|ts-station-service|ts-execute-service,ts-auth-service_container-memory-failures-total,0.8782608695652174,23,23,0.8604347826086957,0.8960869565217391,22,23,22,0.8934745762711864,baseline-v2-20260723,cd270e7871bd358937d83d9a49829637fa80007d2964084ef229f578e3733bd3,ba75425861a059dafcc477474fc3e4ed1eafdc2b47d6fdd0557337035d29a960,b89e3e36a90c50dd6fddde011cb8734fe33d0fb645863deb044147c1e3c955fe,11894689,1693289154000000000,300
TT/ts-auth-service_delay/4,TT,ts-auth-service,delay,4,300,300,burst,0.1,4,0.09995845734479834,baro,1,1.0,1.0,0.0,1,1,1,70,1017.4696000176482,ts-auth-service|ts-auth-mongo|ts-travel2-service|ts-execute-service|ts-inside-payment-service,ts-auth-service_container-memory-usage-bytes,0.8820289855072464,23,23,0.8824637681159421,0.8815942028985507,22,23,22,0.89354802259887,baseline-v2-20260723,cd270e7871bd358937d83d9a49829637fa80007d2964084ef229f578e3733bd3,ba75425861a059dafcc477474fc3e4ed1eafdc2b47d6fdd0557337035d29a960,b89e3e36a90c50dd6fddde011cb8734fe33d0fb645863deb044147c1e3c955fe,11894689,1693289154000000000,300
TT/ts-auth-service_delay/4,TT,ts-auth-service,delay,4,300,300,burst,0.1,4,0.09995845734479834,median_shift,2,0.5,0.8,0.014492753623188406,0,1,1,70,373.1950999936089,ts-auth-mongo|ts-auth-service|ts-config-mongo|ts-config-service|ts-consign-mongo,ts-auth-mongo_container-memory-rss,0.8820289855072464,23,23,0.8824637681159421,0.8815942028985507,22,23,22,0.89354802259887,baseline-v2-20260723,cd270e7871bd358937d83d9a49829637fa80007d2964084ef229f578e3733bd3,ba75425861a059dafcc477474fc3e4ed1eafdc2b47d6fdd0557337035d29a960,b89e3e36a90c50dd6fddde011cb8734fe33d0fb645863deb044147c1e3c955fe,11894689,1693289154000000000,300
TT/ts-auth-service_delay/4,TT,ts-auth-service,delay,4,300,300,burst,0.1,4,0.09995845734479834,nsigma,1,1.0,1.0,0.0,1,1,1,70,769.3143000360578,ts-auth-service|ts-consign-service|ts-route-service|ts-station-service|ts-execute-service,ts-auth-service_container-memory-failures-total,0.8820289855072464,23,23,0.8824637681159421,0.8815942028985507,22,23,22,0.89354802259887,baseline-v2-20260723,cd270e7871bd358937d83d9a49829637fa80007d2964084ef229f578e3733bd3,ba75425861a059dafcc477474fc3e4ed1eafdc2b47d6fdd0557337035d29a960,b89e3e36a90c50dd6fddde011cb8734fe33d0fb645863deb044147c1e3c955fe,11894689,1693289154000000000,300
TT/ts-auth-service_delay/4,TT,ts-auth-service,delay,4,300,300,burst,0.1,5,0.09995845734479834,baro,1,1.0,1.0,0.0,1,1,1,70,946.0745999822393,ts-auth-service|ts-travel-service|ts-auth-mongo|ts-travel2-service|ts-execute-service,ts-auth-service_container-memory-usage-bytes,0.8820289855072464,23,23,0.8526086956521739,0.9114492753623188,22,23,22,0.89354802259887,baseline-v2-20260723,cd270e7871bd358937d83d9a49829637fa80007d2964084ef229f578e3733bd3,ba75425861a059dafcc477474fc3e4ed1eafdc2b47d6fdd0557337035d29a960,b89e3e36a90c50dd6fddde011cb8734fe33d0fb645863deb044147c1e3c955fe,11894689,1693289154000000000,300
TT/ts-auth-service_delay/4,TT,ts-auth-service,delay,4,300,300,burst,0.1,5,0.09995845734479834,median_shift,2,0.5,0.8,0.014492753623188406,0,1,1,70,285.8678000047803,ts-auth-mongo|ts-auth-service|ts-config-mongo|ts-consign-mongo|ts-food-mongo,ts-auth-mongo_container-memory-rss,0.8820289855072464,23,23,0.8526086956521739,0.9114492753623188,22,23,22,0.89354802259887,baseline-v2-20260723,cd270e7871bd358937d83d9a49829637fa80007d2964084ef229f578e3733bd3,ba75425861a059dafcc477474fc3e4ed1eafdc2b47d6fdd0557337035d29a960,b89e3e36a90c50dd6fddde011cb8734fe33d0fb645863deb044147c1e3c955fe,11894689,1693289154000000000,300
TT/ts-auth-service_delay/4,TT,ts-auth-service,delay,4,300,300,burst,0.1,5,0.09995845734479834,nsigma,1,1.0,1.0,0.0,1,1,1,70,858.3540000254288,ts-auth-service|ts-consign-service|ts-route-service|ts-station-service|ts-execute-service,ts-auth-service_container-memory-failures-total,0.8820289855072464,23,23,0.8526086956521739,0.9114492753623188,22,23,22,0.89354802259887,baseline-v2-20260723,cd270e7871bd358937d83d9a49829637fa80007d2964084ef229f578e3733bd3,ba75425861a059dafcc477474fc3e4ed1eafdc2b47d6fdd0557337035d29a960,b89e3e36a90c50dd6fddde011cb8734fe33d0fb645863deb044147c1e3c955fe,11894689,1693289154000000000,300
TT/ts-auth-service_delay/4,TT,ts-auth-service,delay,4,300,300,burst,0.1,6,0.09995845734479834,baro,1,1.0,1.0,0.0,1,1,1,70,942.2126000281423,ts-auth-service|ts-travel-service|ts-auth-mongo|ts-travel2-service|ts-cancel-service,ts-auth-service_container-memory-usage-bytes,0.8820289855072464,23,23,0.8478260869565217,0.9162318840579711,22,23,22,0.89354802259887,baseline-v2-20260723,cd270e7871bd358937d83d9a49829637fa80007d2964084ef229f578e3733bd3,ba75425861a059dafcc477474fc3e4ed1eafdc2b47d6fdd0557337035d29a960,b89e3e36a90c50dd6fddde011cb8734fe33d0fb645863deb044147c1e3c955fe,11894689,1693289154000000000,300
TT/ts-auth-service_delay/4,TT,ts-auth-service,delay,4,300,300,burst,0.1,6,0.09995845734479834,median_shift,2,0.5,0.8,0.014492753623188406,0,1,1,70,341.3523000199348,ts-auth-mongo|ts-auth-service|ts-config-mongo|ts-consign-mongo|ts-contacts-mongo,ts-auth-mongo_container-memory-rss,0.8820289855072464,23,23,0.8478260869565217,0.9162318840579711,22,23,22,0.89354802259887,baseline-v2-20260723,cd270e7871bd358937d83d9a49829637fa80007d2964084ef229f578e3733bd3,ba75425861a059dafcc477474fc3e4ed1eafdc2b47d6fdd0557337035d29a960,b89e3e36a90c50dd6fddde011cb8734fe33d0fb645863deb044147c1e3c955fe,11894689,1693289154000000000,300
TT/ts-auth-service_delay/4,TT,ts-auth-service,delay,4,300,300,burst,0.1,6,0.09995845734479834,nsigma,1,1.0,1.0,0.0,1,1,1,70,810.3666999959387,ts-auth-service|ts-consign-service|ts-route-service|ts-station-service|ts-order-other-service,ts-auth-service_container-memory-failures-total,0.8820289855072464,23,23,0.8478260869565217,0.9162318840579711,22,23,22,0.89354802259887,baseline-v2-20260723,cd270e7871bd358937d83d9a49829637fa80007d2964084ef229f578e3733bd3,ba75425861a059dafcc477474fc3e4ed1eafdc2b47d6fdd0557337035d29a960,b89e3e36a90c50dd6fddde011cb8734fe33d0fb645863deb044147c1e3c955fe,11894689,1693289154000000000,300
TT/ts-auth-service_delay/4,TT,ts-auth-service,delay,4,300,300,burst,0.1,7,0.10004097357773313,baro,1,1.0,1.0,0.0,1,1,1,70,1011.6677999612875,ts-auth-service|ts-travel-service|ts-auth-mongo|ts-travel2-service|ts-cancel-service,ts-auth-service_container-memory-usage-bytes,0.8778260869565218,23,23,0.861304347826087,0.8943478260869565,22,23,22,0.8934661016949152,baseline-v2-20260723,cd270e7871bd358937d83d9a49829637fa80007d2964084ef229f578e3733bd3,ba75425861a059dafcc477474fc3e4ed1eafdc2b47d6fdd0557337035d29a960,b89e3e36a90c50dd6fddde011cb8734fe33d0fb645863deb044147c1e3c955fe,11894689,1693289154000000000,300
TT/ts-auth-service_delay/4,TT,ts-auth-service,delay,4,300,300,burst,0.1,7,0.10004097357773313,median_shift,2,0.5,0.8,0.014492753623188406,0,1,1,70,288.8651000102982,ts-auth-mongo|ts-auth-service|ts-avatar-service|ts-config-mongo|ts-consign-mongo,ts-auth-mongo_container-memory-rss,0.8778260869565218,23,23,0.861304347826087,0.8943478260869565,22,23,22,0.8934661016949152,baseline-v2-20260723,cd270e7871bd358937d83d9a49829637fa80007d2964084ef229f578e3733bd3,ba75425861a059dafcc477474fc3e4ed1eafdc2b47d6fdd0557337035d29a960,b89e3e36a90c50dd6fddde011cb8734fe33d0fb645863deb044147c1e3c955fe,11894689,1693289154000000000,300
TT/ts-auth-service_delay/4,TT,ts-auth-service,delay,4,300,300,burst,0.1,7,0.10004097357773313,nsigma,1,1.0,1.0,0.0,1,1,1,70,773.6964999930933,ts-auth-service|ts-consign-service|ts-route-service|ts-station-service|ts-execute-service,ts-auth-service_container-memory-failures-total,0.8778260869565218,23,23,0.861304347826087,0.8943478260869565,22,23,22,0.8934661016949152,baseline-v2-20260723,cd270e7871bd358937d83d9a49829637fa80007d2964084ef229f578e3733bd3,ba75425861a059dafcc477474fc3e4ed1eafdc2b47d6fdd0557337035d29a960,b89e3e36a90c50dd6fddde011cb8734fe33d0fb645863deb044147c1e3c955fe,11894689,1693289154000000000,300
TT/ts-auth-service_delay/4,TT,ts-auth-service,delay,4,300,300,burst,0.1,8,0.09995845734479834,baro,1,1.0,1.0,0.0,1,1,1,70,1004.4926999835297,ts-auth-service|ts-travel-service|ts-auth-mongo|ts-travel2-service|ts-cancel-service,ts-auth-service_container-memory-usage-bytes,0.8820289855072464,23,23,0.8156521739130435,0.9484057971014492,22,23,22,0.89354802259887,baseline-v2-20260723,cd270e7871bd358937d83d9a49829637fa80007d2964084ef229f578e3733bd3,ba75425861a059dafcc477474fc3e4ed1eafdc2b47d6fdd0557337035d29a960,b89e3e36a90c50dd6fddde011cb8734fe33d0fb645863deb044147c1e3c955fe,11894689,1693289154000000000,300
TT/ts-auth-service_delay/4,TT,ts-auth-service,delay,4,300,300,burst,0.1,8,0.09995845734479834,median_shift,2,0.5,0.8,0.014492753623188406,0,1,1,70,345.0562999933027,ts-auth-mongo|ts-auth-service|ts-config-mongo|ts-config-service|ts-consign-mongo,ts-auth-mongo_container-memory-rss,0.8820289855072464,23,23,0.8156521739130435,0.9484057971014492,22,23,22,0.89354802259887,baseline-v2-20260723,cd270e7871bd358937d83d9a49829637fa80007d2964084ef229f578e3733bd3,ba75425861a059dafcc477474fc3e4ed1eafdc2b47d6fdd0557337035d29a960,b89e3e36a90c50dd6fddde011cb8734fe33d0fb645863deb044147c1e3c955fe,11894689,1693289154000000000,300
TT/ts-auth-service_delay/4,TT,ts-auth-service,delay,4,300,300,burst,0.1,8,0.09995845734479834,nsigma,1,1.0,1.0,0.0,1,1,1,70,768.298799986951,ts-auth-service|ts-consign-service|ts-route-service|ts-station-service|ts-food-service,ts-auth-service_container-memory-failures-total,0.8820289855072464,23,23,0.8156521739130435,0.9484057971014492,22,23,22,0.89354802259887,baseline-v2-20260723,cd270e7871bd358937d83d9a49829637fa80007d2964084ef229f578e3733bd3,ba75425861a059dafcc477474fc3e4ed1eafdc2b47d6fdd0557337035d29a960,b89e3e36a90c50dd6fddde011cb8734fe33d0fb645863deb044147c1e3c955fe,11894689,1693289154000000000,300
TT/ts-auth-service_delay/4,TT,ts-auth-service,delay,4,300,300,burst,0.1,9,0.09995845734479834,baro,1,1.0,1.0,0.0,1,1,1,70,1179.2585999937728,ts-auth-service|ts-travel-service|ts-auth-mongo|ts-travel2-service|ts-execute-service,ts-auth-service_container-memory-usage-bytes,0.8820289855072464,23,23,0.8388405797101449,0.9252173913043479,22,23,22,0.89354802259887,baseline-v2-20260723,cd270e7871bd358937d83d9a49829637fa80007d2964084ef229f578e3733bd3,ba75425861a059dafcc477474fc3e4ed1eafdc2b47d6fdd0557337035d29a960,b89e3e36a90c50dd6fddde011cb8734fe33d0fb645863deb044147c1e3c955fe,11894689,1693289154000000000,300
TT/ts-auth-service_delay/4,TT,ts-auth-service,delay,4,300,300,burst,0.1,9,0.09995845734479834,median_shift,2,0.5,0.8,0.014492753623188406,0,1,1,70,322.3118000314571,ts-auth-mongo|ts-auth-service|ts-config-mongo|ts-consign-mongo|ts-food-map-service,ts-auth-mongo_container-memory-rss,0.8820289855072464,23,23,0.8388405797101449,0.9252173913043479,22,23,22,0.89354802259887,baseline-v2-20260723,cd270e7871bd358937d83d9a49829637fa80007d2964084ef229f578e3733bd3,ba75425861a059dafcc477474fc3e4ed1eafdc2b47d6fdd0557337035d29a960,b89e3e36a90c50dd6fddde011cb8734fe33d0fb645863deb044147c1e3c955fe,11894689,1693289154000000000,300
TT/ts-auth-service_delay/4,TT,ts-auth-service,delay,4,300,300,burst,0.1,9,0.09995845734479834,nsigma,1,1.0,1.0,0.0,1,1,1,70,1296.8211999977939,ts-auth-service|ts-consign-service|ts-route-service|ts-station-service|ts-execute-service,ts-auth-service_container-memory-failures-total,0.8820289855072464,23,23,0.8388405797101449,0.9252173913043479,22,23,22,0.89354802259887,baseline-v2-20260723,cd270e7871bd358937d83d9a49829637fa80007d2964084ef229f578e3733bd3,ba75425861a059dafcc477474fc3e4ed1eafdc2b47d6fdd0557337035d29a960,b89e3e36a90c50dd6fddde011cb8734fe33d0fb645863deb044147c1e3c955fe,11894689,1693289154000000000,300
TT/ts-auth-service_delay/4,TT,ts-auth-service,delay,4,300,300,burst,0.3,0,0.2998952897457931,baro,1,1.0,1.0,0.0,1,1,1,70,1027.6874999981374,ts-auth-service|ts-order-service|ts-consign-service|ts-assurance-service|ts-order-other-service,ts-auth-service_container-memory-usage-bytes,0.6897101449275362,23,23,0.646231884057971,0.7331884057971014,22,23,22,0.6950536723163842,baseline-v2-20260723,cd270e7871bd358937d83d9a49829637fa80007d2964084ef229f578e3733bd3,ba75425861a059dafcc477474fc3e4ed1eafdc2b47d6fdd0557337035d29a960,b89e3e36a90c50dd6fddde011cb8734fe33d0fb645863deb044147c1e3c955fe,11894689,1693289154000000000,300
TT/ts-auth-service_delay/4,TT,ts-auth-service,delay,4,300,300,burst,0.3,0,0.2998952897457931,median_shift,3,0.3333333333333333,0.6,0.028985507246376812,0,1,1,70,292.16919996542856,ts-assurance-service|ts-auth-mongo|ts-auth-service|ts-contacts-mongo|ts-food-mongo,ts-assurance-service_container-memory-failures-total,0.6897101449275362,23,23,0.646231884057971,0.7331884057971014,22,23,22,0.6950536723163842,baseline-v2-20260723,cd270e7871bd358937d83d9a49829637fa80007d2964084ef229f578e3733bd3,ba75425861a059dafcc477474fc3e4ed1eafdc2b47d6fdd0557337035d29a960,b89e3e36a90c50dd6fddde011cb8734fe33d0fb645863deb044147c1e3c955fe,11894689,1693289154000000000,300
TT/ts-auth-service_delay/4,TT,ts-auth-service,delay,4,300,300,burst,0.3,0,0.2998952897457931,nsigma,1,1.0,1.0,0.0,1,1,1,70,796.6329000191763,ts-auth-service|ts-consign-service|ts-route-service|ts-station-service|ts-consign-price-service,ts-auth-service_container-memory-failures-total,0.6897101449275362,23,23,0.646231884057971,0.7331884057971014,22,23,22,0.6950536723163842,baseline-v2-20260723,cd270e7871bd358937d83d9a49829637fa80007d2964084ef229f578e3733bd3,ba75425861a059dafcc477474fc3e4ed1eafdc2b47d6fdd0557337035d29a960,b89e3e36a90c50dd6fddde011cb8734fe33d0fb645863deb044147c1e3c955fe,11894689,1693289154000000000,300
TT/ts-auth-service_delay/4,TT,ts-auth-service,delay,4,300,300,burst,0.3,1,0.3000973122471162,baro,2,0.5,0.8,0.014492753623188406,0,1,1,70,1091.956200019922,192-168-76-138-9100|ts-auth-service|ts-inside-payment-service|192-168-45-158-9100|ts-route-service,192-168-76-138-9100_node-memory-active-bytes,0.6794202898550724,23,23,0.683768115942029,0.6750724637681159,22,23,22,0.6948531073446328,baseline-v2-20260723,cd270e7871bd358937d83d9a49829637fa80007d2964084ef229f578e3733bd3,ba75425861a059dafcc477474fc3e4ed1eafdc2b47d6fdd0557337035d29a960,b89e3e36a90c50dd6fddde011cb8734fe33d0fb645863deb044147c1e3c955fe,11894689,1693289154000000000,300
TT/ts-auth-service_delay/4,TT,ts-auth-service,delay,4,300,300,burst,0.3,1,0.3000973122471162,median_shift,2,0.5,0.8,0.014492753623188406,0,1,1,70,279.70620000269264,ts-auth-mongo|ts-auth-service|ts-basic-service|ts-config-service|ts-consign-mongo,ts-auth-mongo_container-memory-cache,0.6794202898550724,23,23,0.683768115942029,0.6750724637681159,22,23,22,0.6948531073446328,baseline-v2-20260723,cd270e7871bd358937d83d9a49829637fa80007d2964084ef229f578e3733bd3,ba75425861a059dafcc477474fc3e4ed1eafdc2b47d6fdd0557337035d29a960,b89e3e36a90c50dd6fddde011cb8734fe33d0fb645863deb044147c1e3c955fe,11894689,1693289154000000000,300
TT/ts-auth-service_delay/4,TT,ts-auth-service,delay,4,300,300,burst,0.3,1,0.3000973122471162,nsigma,1,1.0,1.0,0.0,1,1,1,70,792.3461000318639,ts-auth-service|ts-consign-service|ts-route-service|ts-station-service|ts-food-service,ts-auth-service_container-memory-failures-total,0.6794202898550724,23,23,0.683768115942029,0.6750724637681159,22,23,22,0.6948531073446328,baseline-v2-20260723,cd270e7871bd358937d83d9a49829637fa80007d2964084ef229f578e3733bd3,ba75425861a059dafcc477474fc3e4ed1eafdc2b47d6fdd0557337035d29a960,b89e3e36a90c50dd6fddde011cb8734fe33d0fb645863deb044147c1e3c955fe,11894689,1693289154000000000,300
TT/ts-auth-service_delay/4,TT,ts-auth-service,delay,4,300,300,burst,0.3,2,0.30013145689522713,baro,1,1.0,1.0,0.0,1,1,1,70,1213.0942000076175,ts-auth-service|ts-assurance-service|ts-consign-service|ts-consign-price-service|ts-travel-service,ts-auth-service_container-memory-usage-bytes,0.6776811594202898,23,23,0.5914492753623188,0.7639130434782608,22,23,22,0.694819209039548,baseline-v2-20260723,cd270e7871bd358937d83d9a49829637fa80007d2964084ef229f578e3733bd3,ba75425861a059dafcc477474fc3e4ed1eafdc2b47d6fdd0557337035d29a960,b89e3e36a90c50dd6fddde011cb8734fe33d0fb645863deb044147c1e3c955fe,11894689,1693289154000000000,300
TT/ts-auth-service_delay/4,TT,ts-auth-service,delay,4,300,300,burst,0.3,2,0.30013145689522713,median_shift,2,0.5,0.8,0.014492753623188406,0,1,1,70,273.1795000145212,ts-auth-mongo|ts-auth-service|ts-config-mongo|ts-contacts-mongo|ts-food-map-service,ts-auth-mongo_container-memory-rss,0.6776811594202898,23,23,0.5914492753623188,0.7639130434782608,22,23,22,0.694819209039548,baseline-v2-20260723,cd270e7871bd358937d83d9a49829637fa80007d2964084ef229f578e3733bd3,ba75425861a059dafcc477474fc3e4ed1eafdc2b47d6fdd0557337035d29a960,b89e3e36a90c50dd6fddde011cb8734fe33d0fb645863deb044147c1e3c955fe,11894689,1693289154000000000,300
TT/ts-auth-service_delay/4,TT,ts-auth-service,delay,4,300,300,burst,0.3,2,0.30013145689522713,nsigma,1,1.0,1.0,0.0,1,1,1,70,853.0021000187844,ts-auth-service|ts-consign-service|ts-route-service|ts-station-service|ts-order-other-service,ts-auth-service_container-memory-failures-total,0.6776811594202898,23,23,0.5914492753623188,0.7639130434782608,22,23,22,0.694819209039548,baseline-v2-20260723,cd270e7871bd358937d83d9a49829637fa80007d2964084ef229f578e3733bd3,ba75425861a059dafcc477474fc3e4ed1eafdc2b47d6fdd0557337035d29a960,b89e3e36a90c50dd6fddde011cb8734fe33d0fb645863deb044147c1e3c955fe,11894689,1693289154000000000,300
TT/ts-auth-service_delay/4,TT,ts-auth-service,delay,4,300,300,burst,0.3,3,0.299875372034395,baro,2,0.5,0.8,0.014492753623188406,0,1,1,70,941.6505999979563,192-168-76-138-9100|ts-auth-service|ts-order-service|ts-assurance-service|ts-consign-service,192-168-76-138-9100_node-memory-active-bytes,0.6907246376811594,23,23,0.6234782608695653,0.7579710144927536,22,23,22,0.6950734463276836,baseline-v2-20260723,cd270e7871bd358937d83d9a49829637fa80007d2964084ef229f578e3733bd3,ba75425861a059dafcc477474fc3e4ed1eafdc2b47d6fdd0557337035d29a960,b89e3e36a90c50dd6fddde011cb8734fe33d0fb645863deb044147c1e3c955fe,11894689,1693289154000000000,300
TT/ts-auth-service_delay/4,TT,ts-auth-service,delay,4,300,300,burst,0.3,3,0.299875372034395,median_shift,2,0.5,0.8,0.014492753623188406,0,1,1,70,294.9938999954611,ts-auth-mongo|ts-auth-service|ts-config-mongo|ts-consign-mongo|ts-contacts-mongo,ts-auth-mongo_container-memory-cache,0.6907246376811594,23,23,0.6234782608695653,0.7579710144927536,22,23,22,0.6950734463276836,baseline-v2-20260723,cd270e7871bd358937d83d9a49829637fa80007d2964084ef229f578e3733bd3,ba75425861a059dafcc477474fc3e4ed1eafdc2b47d6fdd0557337035d29a960,b89e3e36a90c50dd6fddde011cb8734fe33d0fb645863deb044147c1e3c955fe,11894689,1693289154000000000,300
TT/ts-auth-service_delay/4,TT,ts-auth-service,delay,4,300,300,burst,0.3,3,0.299875372034395,nsigma,1,1.0,1.0,0.0,1,1,1,70,885.7616999885067,ts-auth-service|ts-consign-service|ts-route-service|ts-station-service|ts-food-service,ts-auth-service_container-memory-failures-total,0.6907246376811594,23,23,0.6234782608695653,0.7579710144927536,22,23,22,0.6950734463276836,baseline-v2-20260723,cd270e7871bd358937d83d9a49829637fa80007d2964084ef229f578e3733bd3,ba75425861a059dafcc477474fc3e4ed1eafdc2b47d6fdd0557337035d29a960,b89e3e36a90c50dd6fddde011cb8734fe33d0fb645863deb044147c1e3c955fe,11894689,1693289154000000000,300
TT/ts-auth-service_delay/4,TT,ts-auth-service,delay,4,300,300,burst,0.3,4,0.299875372034395,baro,1,1.0,1.0,0.0,1,1,1,70,935.7525000232272,ts-auth-service|ts-order-service|ts-assurance-service|ts-travel-service|ts-route-service,ts-auth-service_container-memory-usage-bytes,0.6907246376811594,23,23,0.6292753623188406,0.7521739130434782,22,23,22,0.6950734463276836,baseline-v2-20260723,cd270e7871bd358937d83d9a49829637fa80007d2964084ef229f578e3733bd3,ba75425861a059dafcc477474fc3e4ed1eafdc2b47d6fdd0557337035d29a960,b89e3e36a90c50dd6fddde011cb8734fe33d0fb645863deb044147c1e3c955fe,11894689,1693289154000000000,300
TT/ts-auth-service_delay/4,TT,ts-auth-service,delay,4,300,300,burst,0.3,4,0.299875372034395,median_shift,2,0.5,0.8,0.014492753623188406,0,1,1,70,261.31339999847114,ts-auth-mongo|ts-auth-service|ts-food-mongo|ts-route-mongo|ts-seat-service,ts-auth-mongo_container-memory-cache,0.6907246376811594,23,23,0.6292753623188406,0.7521739130434782,22,23,22,0.6950734463276836,baseline-v2-20260723,cd270e7871bd358937d83d9a49829637fa80007d2964084ef229f578e3733bd3,ba75425861a059dafcc477474fc3e4ed1eafdc2b47d6fdd0557337035d29a960,b89e3e36a90c50dd6fddde011cb8734fe33d0fb645863deb044147c1e3c955fe,11894689,1693289154000000000,300
TT/ts-auth-service_delay/4,TT,ts-auth-service,delay,4,300,300,burst,0.3,4,0.299875372034395,nsigma,1,1.0,1.0,0.0,1,1,1,70,895.3347999486141,ts-auth-service|ts-consign-service|ts-route-service|ts-station-service|ts-consign-price-service,ts-auth-service_container-memory-failures-total,0.6907246376811594,23,23,0.6292753623188406,0.7521739130434782,22,23,22,0.6950734463276836,baseline-v2-20260723,cd270e7871bd358937d83d9a49829637fa80007d2964084ef229f578e3733bd3,ba75425861a059dafcc477474fc3e4ed1eafdc2b47d6fdd0557337035d29a960,b89e3e36a90c50dd6fddde011cb8734fe33d0fb645863deb044147c1e3c955fe,11894689,1693289154000000000,300
TT/ts-auth-service_delay/4,TT,ts-auth-service,delay,4,300,300,burst,0.3,5,0.30013145689522713,baro,2,0.5,0.8,0.014492753623188406,0,1,1,70,1087.6390000339597,192-168-93-129-9100|ts-auth-service|ts-ticket-office-service|ts-assurance-service|ts-food-map-mongo,192-168-93-129-9100_node-memory-inactive-bytes,0.6776811594202898,23,23,0.6534782608695652,0.7018840579710145,22,23,22,0.694819209039548,baseline-v2-20260723,cd270e7871bd358937d83d9a49829637fa80007d2964084ef229f578e3733bd3,ba75425861a059dafcc477474fc3e4ed1eafdc2b47d6fdd0557337035d29a960,b89e3e36a90c50dd6fddde011cb8734fe33d0fb645863deb044147c1e3c955fe,11894689,1693289154000000000,300
TT/ts-auth-service_delay/4,TT,ts-auth-service,delay,4,300,300,burst,0.3,5,0.30013145689522713,median_shift,2,0.5,0.8,0.014492753623188406,0,1,1,70,364.08069997560233,ts-auth-mongo|ts-auth-service|ts-config-mongo|ts-consign-mongo|ts-food-map-mongo,ts-auth-mongo_container-memory-rss,0.6776811594202898,23,23,0.6534782608695652,0.7018840579710145,22,23,22,0.694819209039548,baseline-v2-20260723,cd270e7871bd358937d83d9a49829637fa80007d2964084ef229f578e3733bd3,ba75425861a059dafcc477474fc3e4ed1eafdc2b47d6fdd0557337035d29a960,b89e3e36a90c50dd6fddde011cb8734fe33d0fb645863deb044147c1e3c955fe,11894689,1693289154000000000,300
TT/ts-auth-service_delay/4,TT,ts-auth-service,delay,4,300,300,burst,0.3,5,0.30013145689522713,nsigma,2,0.5,0.8,0.014492753623188406,0,1,1,70,825.9595999843441,ts-consign-service|ts-auth-service|ts-route-service|ts-order-other-service|ts-station-service,ts-consign-service_istio-latency-99,0.6776811594202898,23,23,0.6534782608695652,0.7018840579710145,22,23,22,0.694819209039548,baseline-v2-20260723,cd270e7871bd358937d83d9a49829637fa80007d2964084ef229f578e3733bd3,ba75425861a059dafcc477474fc3e4ed1eafdc2b47d6fdd0557337035d29a960,b89e3e36a90c50dd6fddde011cb8734fe33d0fb645863deb044147c1e3c955fe,11894689,1693289154000000000,300
TT/ts-auth-service_delay/4,TT,ts-auth-service,delay,4,300,300,burst,0.3,6,0.299875372034395,baro,1,1.0,1.0,0.0,1,1,1,70,939.3937000422738,ts-auth-service|ts-order-other-service|ts-ticket-office-service|ts-route-service|ts-travel-service,ts-auth-service_container-memory-usage-bytes,0.6907246376811594,23,23,0.5998550724637681,0.7815942028985507,22,23,22,0.6950734463276836,baseline-v2-20260723,cd270e7871bd358937d83d9a49829637fa80007d2964084ef229f578e3733bd3,ba75425861a059dafcc477474fc3e4ed1eafdc2b47d6fdd0557337035d29a960,b89e3e36a90c50dd6fddde011cb8734fe33d0fb645863deb044147c1e3c955fe,11894689,1693289154000000000,300
TT/ts-auth-service_delay/4,TT,ts-auth-service,delay,4,300,300,burst,0.3,6,0.299875372034395,median_shift,3,0.3333333333333333,0.6,0.028985507246376812,0,1,1,70,312.37830000463873,ts-assurance-service|ts-auth-mongo|ts-auth-service|ts-contacts-mongo|ts-food-map-service,ts-assurance-service_container-memory-failures-total,0.6907246376811594,23,23,0.5998550724637681,0.7815942028985507,22,23,22,0.6950734463276836,baseline-v2-20260723,cd270e7871bd358937d83d9a49829637fa80007d2964084ef229f578e3733bd3,ba75425861a059dafcc477474fc3e4ed1eafdc2b47d6fdd0557337035d29a960,b89e3e36a90c50dd6fddde011cb8734fe33d0fb645863deb044147c1e3c955fe,11894689,1693289154000000000,300
TT/ts-auth-service_delay/4,TT,ts-auth-service,delay,4,300,300,burst,0.3,6,0.299875372034395,nsigma,1,1.0,1.0,0.0,1,1,1,70,801.4483000151813,ts-auth-service|ts-route-service|ts-consign-service|ts-food-service|ts-order-other-service,ts-auth-service_container-memory-usage-bytes,0.6907246376811594,23,23,0.5998550724637681,0.7815942028985507,22,23,22,0.6950734463276836,baseline-v2-20260723,cd270e7871bd358937d83d9a49829637fa80007d2964084ef229f578e3733bd3,ba75425861a059dafcc477474fc3e4ed1eafdc2b47d6fdd0557337035d29a960,b89e3e36a90c50dd6fddde011cb8734fe33d0fb645863deb044147c1e3c955fe,11894689,1693289154000000000,300
TT/ts-auth-service_delay/4,TT,ts-auth-service,delay,4,300,300,burst,0.3,7,0.30013145689522713,baro,2,0.5,0.8,0.014492753623188406,0,1,1,70,997.616900014691,192-168-29-237-9100|ts-auth-service|ts-route-service|ts-travel-service|ts-station-service,192-168-29-237-9100_node-memory-inactive-bytes,0.6776811594202898,23,23,0.7015942028985507,0.653768115942029,22,23,22,0.694819209039548,baseline-v2-20260723,cd270e7871bd358937d83d9a49829637fa80007d2964084ef229f578e3733bd3,ba75425861a059dafcc477474fc3e4ed1eafdc2b47d6fdd0557337035d29a960,b89e3e36a90c50dd6fddde011cb8734fe33d0fb645863deb044147c1e3c955fe,11894689,1693289154000000000,300
TT/ts-auth-service_delay/4,TT,ts-auth-service,delay,4,300,300,burst,0.3,7,0.30013145689522713,median_shift,2,0.5,0.8,0.014492753623188406,0,1,1,70,341.9717999640852,ts-auth-mongo|ts-auth-service|ts-config-mongo|ts-consign-mongo|ts-contacts-mongo,ts-auth-mongo_container-memory-rss,0.6776811594202898,23,23,0.7015942028985507,0.653768115942029,22,23,22,0.694819209039548,baseline-v2-20260723,cd270e7871bd358937d83d9a49829637fa80007d2964084ef229f578e3733bd3,ba75425861a059dafcc477474fc3e4ed1eafdc2b47d6fdd0557337035d29a960,b89e3e36a90c50dd6fddde011cb8734fe33d0fb645863deb044147c1e3c955fe,11894689,1693289154000000000,300
TT/ts-auth-service_delay/4,TT,ts-auth-service,delay,4,300,300,burst,0.3,7,0.30013145689522713,nsigma,1,1.0,1.0,0.0,1,1,1,70,914.1854000044987,ts-auth-service|ts-consign-service|ts-route-service|ts-station-service|ts-consign-price-service,ts-auth-service_container-memory-working-set-bytes,0.6776811594202898,23,23,0.7015942028985507,0.653768115942029,22,23,22,0.694819209039548,baseline-v2-20260723,cd270e7871bd358937d83d9a49829637fa80007d2964084ef229f578e3733bd3,ba75425861a059dafcc477474fc3e4ed1eafdc2b47d6fdd0557337035d29a960,b89e3e36a90c50dd6fddde011cb8734fe33d0fb645863deb044147c1e3c955fe,11894689,1693289154000000000,300
TT/ts-auth-service_delay/4,TT,ts-auth-service,delay,4,300,300,burst,0.3,8,0.299875372034395,baro,1,1.0,1.0,0.0,1,1,1,70,1093.8165999832563,ts-auth-service|ts-order-service|ts-consign-service|ts-assurance-service|192-168-29-237-9100,ts-auth-service_container-memory-usage-bytes,0.6907246376811594,23,23,0.5833333333333334,0.7981159420289855,22,23,22,0.6950734463276836,baseline-v2-20260723,cd270e7871bd358937d83d9a49829637fa80007d2964084ef229f578e3733bd3,ba75425861a059dafcc477474fc3e4ed1eafdc2b47d6fdd0557337035d29a960,b89e3e36a90c50dd6fddde011cb8734fe33d0fb645863deb044147c1e3c955fe,11894689,1693289154000000000,300
TT/ts-auth-service_delay/4,TT,ts-auth-service,delay,4,300,300,burst,0.3,8,0.299875372034395,median_shift,3,0.3333333333333333,0.6,0.028985507246376812,0,1,1,70,310.88020000606775,ts-assurance-service|ts-auth-mongo|ts-auth-service|ts-config-mongo|ts-consign-mongo,ts-assurance-service_container-memory-failures-total,0.6907246376811594,23,23,0.5833333333333334,0.7981159420289855,22,23,22,0.6950734463276836,baseline-v2-20260723,cd270e7871bd358937d83d9a49829637fa80007d2964084ef229f578e3733bd3,ba75425861a059dafcc477474fc3e4ed1eafdc2b47d6fdd0557337035d29a960,b89e3e36a90c50dd6fddde011cb8734fe33d0fb645863deb044147c1e3c955fe,11894689,1693289154000000000,300
TT/ts-auth-service_delay/4,TT,ts-auth-service,delay,4,300,300,burst,0.3,8,0.299875372034395,nsigma,1,1.0,1.0,0.0,1,1,1,70,920.6675000023097,ts-auth-service|ts-consign-service|ts-route-service|ts-station-service|ts-execute-service,ts-auth-service_container-memory-failures-total,0.6907246376811594,23,23,0.5833333333333334,0.7981159420289855,22,23,22,0.6950734463276836,baseline-v2-20260723,cd270e7871bd358937d83d9a49829637fa80007d2964084ef229f578e3733bd3,ba75425861a059dafcc477474fc3e4ed1eafdc2b47d6fdd0557337035d29a960,b89e3e36a90c50dd6fddde011cb8734fe33d0fb645863deb044147c1e3c955fe,11894689,1693289154000000000,300
TT/ts-auth-service_delay/4,TT,ts-auth-service,delay,4,300,300,burst,0.3,9,0.30013145689522713,baro,2,0.5,0.8,0.014492753623188406,0,1,1,70,1327.5818999973126,192-168-76-138-9100|ts-auth-service|ts-consign-service|ts-route-service|ts-travel-service,192-168-76-138-9100_node-memory-active-bytes,0.6776811594202898,23,23,0.6605797101449276,0.6947826086956522,22,23,22,0.694819209039548,baseline-v2-20260723,cd270e7871bd358937d83d9a49829637fa80007d2964084ef229f578e3733bd3,ba75425861a059dafcc477474fc3e4ed1eafdc2b47d6fdd0557337035d29a960,b89e3e36a90c50dd6fddde011cb8734fe33d0fb645863deb044147c1e3c955fe,11894689,1693289154000000000,300
TT/ts-auth-service_delay/4,TT,ts-auth-service,delay,4,300,300,burst,0.3,9,0.30013145689522713,median_shift,2,0.5,0.8,0.014492753623188406,0,1,1,70,317.96279997797683,ts-auth-mongo|ts-auth-service|ts-config-mongo|ts-contacts-mongo|ts-food-map-service,ts-auth-mongo_container-memory-rss,0.6776811594202898,23,23,0.6605797101449276,0.6947826086956522,22,23,22,0.694819209039548,baseline-v2-20260723,cd270e7871bd358937d83d9a49829637fa80007d2964084ef229f578e3733bd3,ba75425861a059dafcc477474fc3e4ed1eafdc2b47d6fdd0557337035d29a960,b89e3e36a90c50dd6fddde011cb8734fe33d0fb645863deb044147c1e3c955fe,11894689,1693289154000000000,300
TT/ts-auth-service_delay/4,TT,ts-auth-service,delay,4,300,300,burst,0.3,9,0.30013145689522713,nsigma,1,1.0,1.0,0.0,1,1,1,70,923.0865000281483,ts-auth-service|ts-route-service|ts-consign-service|ts-station-service|ts-food-service,ts-auth-service_container-memory-failures-total,0.6776811594202898,23,23,0.6605797101449276,0.6947826086956522,22,23,22,0.694819209039548,baseline-v2-20260723,cd270e7871bd358937d83d9a49829637fa80007d2964084ef229f578e3733bd3,ba75425861a059dafcc477474fc3e4ed1eafdc2b47d6fdd0557337035d29a960,b89e3e36a90c50dd6fddde011cb8734fe33d0fb645863deb044147c1e3c955fe,11894689,1693289154000000000,300
TT/ts-auth-service_delay/4,TT,ts-auth-service,delay,4,300,300,burst,0.5,0,0.5000554850531803,baro,42,0.023809523809523808,0.0,0.5942028985507246,0,0,0,70,1153.9697999833152,192-168-29-237-9100|192-168-76-138-9100|ts-inside-payment-service|ts-ticket-office-service|ts-consign-service,192-168-29-237-9100_node-memory-inactive-bytes,0.4860144927536232,23,23,0.4101449275362319,0.5618840579710145,21,23,21,0.49633757062146894,baseline-v2-20260723,cd270e7871bd358937d83d9a49829637fa80007d2964084ef229f578e3733bd3,ba75425861a059dafcc477474fc3e4ed1eafdc2b47d6fdd0557337035d29a960,b89e3e36a90c50dd6fddde011cb8734fe33d0fb645863deb044147c1e3c955fe,11894689,1693289154000000000,300
TT/ts-auth-service_delay/4,TT,ts-auth-service,delay,4,300,300,burst,0.5,0,0.5000554850531803,median_shift,5,0.2,0.2,0.057971014492753624,0,0,1,70,361.07350001111627,192-168-51-251-9100|ts-admin-route-service|ts-assurance-service|ts-auth-mongo|ts-auth-service,192-168-51-251-9100_node-disk-read-bytes-total,0.4860144927536232,23,23,0.4101449275362319,0.5618840579710145,21,23,21,0.49633757062146894,baseline-v2-20260723,cd270e7871bd358937d83d9a49829637fa80007d2964084ef229f578e3733bd3,ba75425861a059dafcc477474fc3e4ed1eafdc2b47d6fdd0557337035d29a960,b89e3e36a90c50dd6fddde011cb8734fe33d0fb645863deb044147c1e3c955fe,11894689,1693289154000000000,300
TT/ts-auth-service_delay/4,TT,ts-auth-service,delay,4,300,300,burst,0.5,0,0.5000554850531803,nsigma,2,0.5,0.8,0.014492753623188406,0,1,1,70,899.060100025963,ts-food-service|ts-auth-service|ts-route-service|ts-food-map-service|ts-consign-service,ts-food-service_istio-latency-99,0.4860144927536232,23,23,0.4101449275362319,0.5618840579710145,21,23,21,0.49633757062146894,baseline-v2-20260723,cd270e7871bd358937d83d9a49829637fa80007d2964084ef229f578e3733bd3,ba75425861a059dafcc477474fc3e4ed1eafdc2b47d6fdd0557337035d29a960,b89e3e36a90c50dd6fddde011cb8734fe33d0fb645863deb044147c1e3c955fe,11894689,1693289154000000000,300
TT/ts-auth-service_delay/4,TT,ts-auth-service,delay,4,300,300,burst,0.5,1,0.49979228672399173,baro,33,0.030303030303030304,0.0,0.463768115942029,0,0,0,70,1393.654500017874,192-168-29-237-9100|192-168-76-138-9100|ts-order-service|ts-consign-service|ts-ticket-office-service,192-168-29-237-9100_node-memory-inactive-bytes,0.4994202898550725,23,23,0.40797101449275364,0.5908695652173913,22,23,21,0.49659887005649717,baseline-v2-20260723,cd270e7871bd358937d83d9a49829637fa80007d2964084ef229f578e3733bd3,ba75425861a059dafcc477474fc3e4ed1eafdc2b47d6fdd0557337035d29a960,b89e3e36a90c50dd6fddde011cb8734fe33d0fb645863deb044147c1e3c955fe,11894689,1693289154000000000,300
TT/ts-auth-service_delay/4,TT,ts-auth-service,delay,4,300,300,burst,0.5,1,0.49979228672399173,median_shift,6,0.16666666666666666,0.0,0.07246376811594203,0,0,0,70,239.25889999372885,192-168-45-158-9100|192-168-51-251-9100|ts-admin-order-service|ts-admin-travel-service|ts-auth-mongo,192-168-45-158-9100_node-disk-written-bytes-total,0.4994202898550725,23,23,0.40797101449275364,0.5908695652173913,22,23,21,0.49659887005649717,baseline-v2-20260723,cd270e7871bd358937d83d9a49829637fa80007d2964084ef229f578e3733bd3,ba75425861a059dafcc477474fc3e4ed1eafdc2b47d6fdd0557337035d29a960,b89e3e36a90c50dd6fddde011cb8734fe33d0fb645863deb044147c1e3c955fe,11894689,1693289154000000000,300
TT/ts-auth-service_delay/4,TT,ts-auth-service,delay,4,300,300,burst,0.5,1,0.49979228672399173,nsigma,2,0.5,0.8,0.014492753623188406,0,1,1,70,866.4794000214897,ts-food-service|ts-auth-service|ts-consign-service|ts-food-map-mongo|ts-route-service,ts-food-service_istio-bytes-50,0.4994202898550725,23,23,0.40797101449275364,0.5908695652173913,22,23,21,0.49659887005649717,baseline-v2-20260723,cd270e7871bd358937d83d9a49829637fa80007d2964084ef229f578e3733bd3,ba75425861a059dafcc477474fc3e4ed1eafdc2b47d6fdd0557337035d29a960,b89e3e36a90c50dd6fddde011cb8734fe33d0fb645863deb044147c1e3c955fe,11894689,1693289154000000000,300
TT/ts-auth-service_delay/4,TT,ts-auth-service,delay,4,300,300,burst,0.5,2,0.500054062359509,baro,31,0.03225806451612903,0.0,0.43478260869565216,0,0,0,70,1025.3720000036992,192-168-29-237-9100|192-168-76-138-9100|ts-order-service|ts-consign-service|ts-ticket-office-service,192-168-29-237-9100_node-memory-inactive-bytes,0.4860869565217391,23,23,0.5059420289855072,0.466231884057971,21,23,21,0.49633898305084745,baseline-v2-20260723,cd270e7871bd358937d83d9a49829637fa80007d2964084ef229f578e3733bd3,ba75425861a059dafcc477474fc3e4ed1eafdc2b47d6fdd0557337035d29a960,b89e3e36a90c50dd6fddde011cb8734fe33d0fb645863deb044147c1e3c955fe,11894689,1693289154000000000,300
TT/ts-auth-service_delay/4,TT,ts-auth-service,delay,4,300,300,burst,0.5,2,0.500054062359509,median_shift,4,0.25,0.4,0.043478260869565216,0,0,1,70,277.8032000060193,ts-admin-basic-info-service|ts-assurance-service|ts-auth-mongo|ts-auth-service|ts-basic-service,ts-admin-basic-info-service_container-memory-failures-total,0.4860869565217391,23,23,0.5059420289855072,0.466231884057971,21,23,21,0.49633898305084745,baseline-v2-20260723,cd270e7871bd358937d83d9a49829637fa80007d2964084ef229f578e3733bd3,ba75425861a059dafcc477474fc3e4ed1eafdc2b47d6fdd0557337035d29a960,b89e3e36a90c50dd6fddde011cb8734fe33d0fb645863deb044147c1e3c955fe,11894689,1693289154000000000,300
TT/ts-auth-service_delay/4,TT,ts-auth-service,delay,4,300,300,burst,0.5,2,0.500054062359509,nsigma,2,0.5,0.8,0.014492753623188406,0,1,1,70,842.7521000267006,ts-food-service|ts-auth-service|ts-route-service|ts-consign-service|ts-assurance-service,ts-food-service_istio-latency-99,0.4860869565217391,23,23,0.5059420289855072,0.466231884057971,21,23,21,0.49633898305084745,baseline-v2-20260723,cd270e7871bd358937d83d9a49829637fa80007d2964084ef229f578e3733bd3,ba75425861a059dafcc477474fc3e4ed1eafdc2b47d6fdd0557337035d29a960,b89e3e36a90c50dd6fddde011cb8734fe33d0fb645863deb044147c1e3c955fe,11894689,1693289154000000000,300
TT/ts-auth-service_delay/4,TT,ts-auth-service,delay,4,300,300,burst,0.5,3,0.49990894760503746,baro,3,0.3333333333333333,0.6,0.028985507246376812,0,1,1,70,974.4303000043146,192-168-76-138-9100|ts-order-service|ts-auth-service|ts-consign-service|ts-food-map-mongo,192-168-76-138-9100_node-memory-inactive-bytes,0.4934782608695652,23,23,0.49376811594202896,0.49318840579710144,22,23,21,0.49648305084745764,baseline-v2-20260723,cd270e7871bd358937d83d9a49829637fa80007d2964084ef229f578e3733bd3,ba75425861a059dafcc477474fc3e4ed1eafdc2b47d6fdd0557337035d29a960,b89e3e36a90c50dd6fddde011cb8734fe33d0fb645863deb044147c1e3c955fe,11894689,1693289154000000000,300
TT/ts-auth-service_delay/4,TT,ts-auth-service,delay,4,300,300,burst,0.5,3,0.49990894760503746,median_shift,3,0.3333333333333333,0.6,0.028985507246376812,0,1,1,70,323.4402000089176,ts-admin-basic-info-service|ts-auth-mongo|ts-auth-service|ts-avatar-service|ts-consign-price-mongo,ts-admin-basic-info-service_container-cpu-user-seconds-total,0.4934782608695652,23,23,0.49376811594202896,0.49318840579710144,22,23,21,0.49648305084745764,baseline-v2-20260723,cd270e7871bd358937d83d9a49829637fa80007d2964084ef229f578e3733bd3,ba75425861a059dafcc477474fc3e4ed1eafdc2b47d6fdd0557337035d29a960,b89e3e36a90c50dd6fddde011cb8734fe33d0fb645863deb044147c1e3c955fe,11894689,1693289154000000000,300
TT/ts-auth-service_delay/4,TT,ts-auth-service,delay,4,300,300,burst,0.5,3,0.49990894760503746,nsigma,5,0.2,0.2,0.057971014492753624,0,0,1,70,836.6352000157349,ts-station-service|ts-order-other-service|ts-consign-service|ts-food-map-service|ts-auth-service,ts-station-service_istio-latency-99,0.4934782608695652,23,23,0.49376811594202896,0.49318840579710144,22,23,21,0.49648305084745764,baseline-v2-20260723,cd270e7871bd358937d83d9a49829637fa80007d2964084ef229f578e3733bd3,ba75425861a059dafcc477474fc3e4ed1eafdc2b47d6fdd0557337035d29a960,b89e3e36a90c50dd6fddde011cb8734fe33d0fb645863deb044147c1e3c955fe,11894689,1693289154000000000,300
TT/ts-auth-service_delay/4,TT,ts-auth-service,delay,4,300,300,burst,0.5,4,0.49988476181262553,baro,6,0.16666666666666666,0.0,0.07246376811594203,0,0,0,70,1004.5894999639131,192-168-51-251-9100|192-168-93-129-9100|192-168-29-237-9100|192-168-76-138-9100|ts-ticket-office-service,192-168-51-251-9100_node-memory-inactive-bytes,0.49471014492753623,23,23,0.5869565217391305,0.40246376811594203,22,22,19,0.49650706214689266,baseline-v2-20260723,cd270e7871bd358937d83d9a49829637fa80007d2964084ef229f578e3733bd3,ba75425861a059dafcc477474fc3e4ed1eafdc2b47d6fdd0557337035d29a960,b89e3e36a90c50dd6fddde011cb8734fe33d0fb645863deb044147c1e3c955fe,11894689,1693289154000000000,300
TT/ts-auth-service_delay/4,TT,ts-auth-service,delay,4,300,300,burst,0.5,4,0.49988476181262553,median_shift,4,0.25,0.4,0.043478260869565216,0,0,1,70,293.1626999634318,192-168-51-251-9100|ts-assurance-service|ts-auth-mongo|ts-auth-service|ts-basic-service,192-168-51-251-9100_node-disk-read-bytes-total,0.49471014492753623,23,23,0.5869565217391305,0.40246376811594203,22,22,19,0.49650706214689266,baseline-v2-20260723,cd270e7871bd358937d83d9a49829637fa80007d2964084ef229f578e3733bd3,ba75425861a059dafcc477474fc3e4ed1eafdc2b47d6fdd0557337035d29a960,b89e3e36a90c50dd6fddde011cb8734fe33d0fb645863deb044147c1e3c955fe,11894689,1693289154000000000,300
TT/ts-auth-service_delay/4,TT,ts-auth-service,delay,4,300,300,burst,0.5,4,0.49988476181262553,nsigma,7,0.14285714285714285,0.0,0.08695652173913043,0,0,0,70,871.0454000392929,ts-consign-price-service|ts-food-service|ts-route-service|ts-order-other-service|ts-food-map-service,ts-consign-price-service_istio-latency-90,0.49471014492753623,23,23,0.5869565217391305,0.40246376811594203,22,22,19,0.49650706214689266,baseline-v2-20260723,cd270e7871bd358937d83d9a49829637fa80007d2964084ef229f578e3733bd3,ba75425861a059dafcc477474fc3e4ed1eafdc2b47d6fdd0557337035d29a960,b89e3e36a90c50dd6fddde011cb8734fe33d0fb645863deb044147c1e3c955fe,11894689,1693289154000000000,300
TT/ts-auth-service_delay/4,TT,ts-auth-service,delay,4,300,300,burst,0.5,5,0.5001436920608002,baro,6,0.16666666666666666,0.0,0.07246376811594203,0,0,0,70,965.532100002747,192-168-51-251-9100|192-168-76-138-9100|ts-order-service|ts-inside-payment-service|ts-ticket-office-service,192-168-51-251-9100_node-memory-inactive-bytes,0.4815217391304348,23,23,0.5017391304347826,0.461304347826087,22,23,22,0.49625,baseline-v2-20260723,cd270e7871bd358937d83d9a49829637fa80007d2964084ef229f578e3733bd3,ba75425861a059dafcc477474fc3e4ed1eafdc2b47d6fdd0557337035d29a960,b89e3e36a90c50dd6fddde011cb8734fe33d0fb645863deb044147c1e3c955fe,11894689,1693289154000000000,300
TT/ts-auth-service_delay/4,TT,ts-auth-service,delay,4,300,300,burst,0.5,5,0.5001436920608002,median_shift,5,0.2,0.2,0.057971014492753624,0,0,1,70,323.7754000001587,192-168-51-251-9100|ts-admin-basic-info-service|ts-admin-user-service|ts-auth-mongo|ts-auth-service,192-168-51-251-9100_node-disk-read-bytes-total,0.4815217391304348,23,23,0.5017391304347826,0.461304347826087,22,23,22,0.49625,baseline-v2-20260723,cd270e7871bd358937d83d9a49829637fa80007d2964084ef229f578e3733bd3,ba75425861a059dafcc477474fc3e4ed1eafdc2b47d6fdd0557337035d29a960,b89e3e36a90c50dd6fddde011cb8734fe33d0fb645863deb044147c1e3c955fe,11894689,1693289154000000000,300
TT/ts-auth-service_delay/4,TT,ts-auth-service,delay,4,300,300,burst,0.5,5,0.5001436920608002,nsigma,4,0.25,0.4,0.043478260869565216,0,0,1,70,921.8137999996543,ts-route-service|ts-order-other-service|ts-consign-service|ts-auth-service|ts-travel-service,ts-route-service_container-memory-failures-total,0.4815217391304348,23,23,0.5017391304347826,0.461304347826087,22,23,22,0.49625,baseline-v2-20260723,cd270e7871bd358937d83d9a49829637fa80007d2964084ef229f578e3733bd3,ba75425861a059dafcc477474fc3e4ed1eafdc2b47d6fdd0557337035d29a960,b89e3e36a90c50dd6fddde011cb8734fe33d0fb645863deb044147c1e3c955fe,11894689,1693289154000000000,300
TT/ts-auth-service_delay/4,TT,ts-auth-service,delay,4,300,300,burst,0.5,6,0.49981931790374623,baro,3,0.3333333333333333,0.6,0.028985507246376812,0,1,1,70,1020.1266999938525,192-168-51-251-9100|ts-consign-service|ts-auth-service|ts-consign-price-service|ts-food-map-mongo,192-168-51-251-9100_node-memory-inactive-bytes,0.4980434782608696,23,23,0.5044927536231885,0.4915942028985507,22,23,21,0.49657203389830507,baseline-v2-20260723,cd270e7871bd358937d83d9a49829637fa80007d2964084ef229f578e3733bd3,ba75425861a059dafcc477474fc3e4ed1eafdc2b47d6fdd0557337035d29a960,b89e3e36a90c50dd6fddde011cb8734fe33d0fb645863deb044147c1e3c955fe,11894689,1693289154000000000,300
TT/ts-auth-service_delay/4,TT,ts-auth-service,delay,4,300,300,burst,0.5,6,0.49981931790374623,median_shift,3,0.3333333333333333,0.6,0.028985507246376812,0,1,1,70,284.4607000006363,192-168-51-251-9100|ts-auth-mongo|ts-auth-service|ts-basic-service|ts-config-mongo,192-168-51-251-9100_node-disk-read-bytes-total,0.4980434782608696,23,23,0.5044927536231885,0.4915942028985507,22,23,21,0.49657203389830507,baseline-v2-20260723,cd270e7871bd358937d83d9a49829637fa80007d2964084ef229f578e3733bd3,ba75425861a059dafcc477474fc3e4ed1eafdc2b47d6fdd0557337035d29a960,b89e3e36a90c50dd6fddde011cb8734fe33d0fb645863deb044147c1e3c955fe,11894689,1693289154000000000,300
TT/ts-auth-service_delay/4,TT,ts-auth-service,delay,4,300,300,burst,0.5,6,0.49981931790374623,nsigma,3,0.3333333333333333,0.6,0.028985507246376812,0,1,1,70,948.6122000380419,ts-food-service|ts-consign-service|ts-auth-service|ts-route-service|ts-verification-code-service,ts-food-service_istio-latency-95,0.4980434782608696,23,23,0.5044927536231885,0.4915942028985507,22,23,21,0.49657203389830507,baseline-v2-20260723,cd270e7871bd358937d83d9a49829637fa80007d2964084ef229f578e3733bd3,ba75425861a059dafcc477474fc3e4ed1eafdc2b47d6fdd0557337035d29a960,b89e3e36a90c50dd6fddde011cb8734fe33d0fb645863deb044147c1e3c955fe,11894689,1693289154000000000,300
TT/ts-auth-service_delay/4,TT,ts-auth-service,delay,4,300,300,burst,0.5,7,0.49990041144300973,baro,7,0.14285714285714285,0.0,0.08695652173913043,0,0,0,70,935.7319999835454,192-168-93-129-9100|192-168-29-237-9100|192-168-51-251-9100|192-168-76-138-9100|192-168-45-158-9100,192-168-93-129-9100_node-memory-inactive-bytes,0.49391304347826087,23,23,0.4365217391304348,0.551304347826087,22,23,22,0.4964915254237288,baseline-v2-20260723,cd270e7871bd358937d83d9a49829637fa80007d2964084ef229f578e3733bd3,ba75425861a059dafcc477474fc3e4ed1eafdc2b47d6fdd0557337035d29a960,b89e3e36a90c50dd6fddde011cb8734fe33d0fb645863deb044147c1e3c955fe,11894689,1693289154000000000,300
TT/ts-auth-service_delay/4,TT,ts-auth-service,delay,4,300,300,burst,0.5,7,0.49990041144300973,median_shift,4,0.25,0.4,0.043478260869565216,0,0,1,70,282.79760002624243,192-168-51-251-9100|ts-assurance-service|ts-auth-mongo|ts-auth-service|ts-config-mongo,192-168-51-251-9100_node-disk-reads-completed-total,0.49391304347826087,23,23,0.4365217391304348,0.551304347826087,22,23,22,0.4964915254237288,baseline-v2-20260723,cd270e7871bd358937d83d9a49829637fa80007d2964084ef229f578e3733bd3,ba75425861a059dafcc477474fc3e4ed1eafdc2b47d6fdd0557337035d29a960,b89e3e36a90c50dd6fddde011cb8734fe33d0fb645863deb044147c1e3c955fe,11894689,1693289154000000000,300
TT/ts-auth-service_delay/4,TT,ts-auth-service,delay,4,300,300,burst,0.5,7,0.49990041144300973,nsigma,3,0.3333333333333333,0.6,0.028985507246376812,0,1,1,70,752.3670000373386,ts-basic-service|ts-ticket-office-service|ts-auth-service|ts-route-service|192-168-29-237-9100,ts-basic-service_istio-latency-95,0.49391304347826087,23,23,0.4365217391304348,0.551304347826087,22,23,22,0.4964915254237288,baseline-v2-20260723,cd270e7871bd358937d83d9a49829637fa80007d2964084ef229f578e3733bd3,ba75425861a059dafcc477474fc3e4ed1eafdc2b47d6fdd0557337035d29a960,b89e3e36a90c50dd6fddde011cb8734fe33d0fb645863deb044147c1e3c955fe,11894689,1693289154000000000,300
TT/ts-auth-service_delay/4,TT,ts-auth-service,delay,4,300,300,burst,0.5,8,0.49981789521007497,baro,3,0.3333333333333333,0.6,0.028985507246376812,0,1,1,70,933.15930000972,192-168-51-251-9100|192-168-76-138-9100|ts-auth-service|ts-ticket-office-service|ts-consign-service,192-168-51-251-9100_node-memory-inactive-bytes,0.4981159420289855,23,23,0.40246376811594203,0.5937681159420289,22,23,22,0.49657344632768363,baseline-v2-20260723,cd270e7871bd358937d83d9a49829637fa80007d2964084ef229f578e3733bd3,ba75425861a059dafcc477474fc3e4ed1eafdc2b47d6fdd0557337035d29a960,b89e3e36a90c50dd6fddde011cb8734fe33d0fb645863deb044147c1e3c955fe,11894689,1693289154000000000,300
TT/ts-auth-service_delay/4,TT,ts-auth-service,delay,4,300,300,burst,0.5,8,0.49981789521007497,median_shift,5,0.2,0.2,0.057971014492753624,0,0,1,70,280.4953999584541,192-168-51-251-9100|ts-admin-travel-service|ts-assurance-service|ts-auth-mongo|ts-auth-service,192-168-51-251-9100_node-disk-reads-completed-total,0.4981159420289855,23,23,0.40246376811594203,0.5937681159420289,22,23,22,0.49657344632768363,baseline-v2-20260723,cd270e7871bd358937d83d9a49829637fa80007d2964084ef229f578e3733bd3,ba75425861a059dafcc477474fc3e4ed1eafdc2b47d6fdd0557337035d29a960,b89e3e36a90c50dd6fddde011cb8734fe33d0fb645863deb044147c1e3c955fe,11894689,1693289154000000000,300
TT/ts-auth-service_delay/4,TT,ts-auth-service,delay,4,300,300,burst,0.5,8,0.49981789521007497,nsigma,3,0.3333333333333333,0.6,0.028985507246376812,0,1,1,70,881.1503000324592,ts-food-service|ts-route-service|ts-auth-service|ts-ticket-office-service|ts-consign-service,ts-food-service_istio-latency-99,0.4981159420289855,23,23,0.40246376811594203,0.5937681159420289,22,23,22,0.49657344632768363,baseline-v2-20260723,cd270e7871bd358937d83d9a49829637fa80007d2964084ef229f578e3733bd3,ba75425861a059dafcc477474fc3e4ed1eafdc2b47d6fdd0557337035d29a960,b89e3e36a90c50dd6fddde011cb8734fe33d0fb645863deb044147c1e3c955fe,11894689,1693289154000000000,300
TT/ts-auth-service_delay/4,TT,ts-auth-service,delay,4,300,300,burst,0.5,9,0.5000184950177268,baro,27,0.037037037037037035,0.0,0.37681159420289856,0,0,0,70,928.6506000207737,192-168-51-251-9100|ts-food-map-mongo|ts-travel-service|ts-consign-price-service|ts-contacts-mongo,192-168-51-251-9100_node-memory-inactive-bytes,0.48789855072463767,23,23,0.43782608695652175,0.5379710144927536,22,23,22,0.4963742937853107,baseline-v2-20260723,cd270e7871bd358937d83d9a49829637fa80007d2964084ef229f578e3733bd3,ba75425861a059dafcc477474fc3e4ed1eafdc2b47d6fdd0557337035d29a960,b89e3e36a90c50dd6fddde011cb8734fe33d0fb645863deb044147c1e3c955fe,11894689,1693289154000000000,300
TT/ts-auth-service_delay/4,TT,ts-auth-service,delay,4,300,300,burst,0.5,9,0.5000184950177268,median_shift,3,0.3333333333333333,0.6,0.028985507246376812,0,1,1,70,358.5445999633521,ts-assurance-service|ts-auth-mongo|ts-auth-service|ts-basic-service|ts-config-mongo,ts-assurance-service_container-memory-rss,0.48789855072463767,23,23,0.43782608695652175,0.5379710144927536,22,23,22,0.4963742937853107,baseline-v2-20260723,cd270e7871bd358937d83d9a49829637fa80007d2964084ef229f578e3733bd3,ba75425861a059dafcc477474fc3e4ed1eafdc2b47d6fdd0557337035d29a960,b89e3e36a90c50dd6fddde011cb8734fe33d0fb645863deb044147c1e3c955fe,11894689,1693289154000000000,300
TT/ts-auth-service_delay/4,TT,ts-auth-service,delay,4,300,300,burst,0.5,9,0.5000184950177268,nsigma,5,0.2,0.2,0.057971014492753624,0,0,1,70,726.4162999927066,ts-food-service|ts-route-service|ts-ui-dashboard|ts-consign-service|ts-auth-service,ts-food-service_istio-latency-99,0.48789855072463767,23,23,0.43782608695652175,0.5379710144927536,22,23,22,0.4963742937853107,baseline-v2-20260723,cd270e7871bd358937d83d9a49829637fa80007d2964084ef229f578e3733bd3,ba75425861a059dafcc477474fc3e4ed1eafdc2b47d6fdd0557337035d29a960,b89e3e36a90c50dd6fddde011cb8734fe33d0fb645863deb044147c1e3c955fe,11894689,1693289154000000000,300
TT/ts-auth-service_delay/4,TT,ts-auth-service,delay,4,300,300,incident,0.1,0,0.09999971546126574,baro,21,0.047619047619047616,0.0,0.2898550724637681,0,0,0,70,900.3555999952368,ts-travel2-service|ts-seat-service|ts-travel-service|ts-ui-dashboard|ts-assurance-service,ts-travel2-service_container-memory-rss,0.7280434782608696,23,23,0.8584057971014493,0.5976811594202899,22,23,22,0.8935070621468927,baseline-v2-20260723,cd270e7871bd358937d83d9a49829637fa80007d2964084ef229f578e3733bd3,ba75425861a059dafcc477474fc3e4ed1eafdc2b47d6fdd0557337035d29a960,b89e3e36a90c50dd6fddde011cb8734fe33d0fb645863deb044147c1e3c955fe,11894689,1693289154000000000,300
TT/ts-auth-service_delay/4,TT,ts-auth-service,delay,4,300,300,incident,0.1,0,0.09999971546126574,median_shift,11,0.09090909090909091,0.0,0.14492753623188406,0,0,0,70,363.4421000024304,ts-inside-payment-service|ts-basic-service|ts-route-service|ts-food-service|ts-consign-price-service,ts-inside-payment-service_container-memory-working-set-bytes,0.7280434782608696,23,23,0.8584057971014493,0.5976811594202899,22,23,22,0.8935070621468927,baseline-v2-20260723,cd270e7871bd358937d83d9a49829637fa80007d2964084ef229f578e3733bd3,ba75425861a059dafcc477474fc3e4ed1eafdc2b47d6fdd0557337035d29a960,b89e3e36a90c50dd6fddde011cb8734fe33d0fb645863deb044147c1e3c955fe,11894689,1693289154000000000,300
TT/ts-auth-service_delay/4,TT,ts-auth-service,delay,4,300,300,incident,0.1,0,0.09999971546126574,nsigma,1,1.0,1.0,0.0,1,1,1,70,824.8712999629788,ts-auth-service|ts-news-service|ts-consign-price-service|ts-assurance-service|ts-consign-service,ts-auth-service_istio-latency-99,0.7280434782608696,23,23,0.8584057971014493,0.5976811594202899,22,23,22,0.8935070621468927,baseline-v2-20260723,cd270e7871bd358937d83d9a49829637fa80007d2964084ef229f578e3733bd3,ba75425861a059dafcc477474fc3e4ed1eafdc2b47d6fdd0557337035d29a960,b89e3e36a90c50dd6fddde011cb8734fe33d0fb645863deb044147c1e3c955fe,11894689,1693289154000000000,300
TT/ts-auth-service_delay/4,TT,ts-auth-service,delay,4,300,300,incident,0.1,1,0.09999971546126574,baro,15,0.06666666666666667,0.0,0.2028985507246377,0,0,0,70,993.2054000091739,ts-travel2-service|ts-seat-service|ts-travel-service|ts-ui-dashboard|ts-assurance-service,ts-travel2-service_container-memory-rss,0.7240579710144928,23,23,0.8553623188405797,0.5927536231884057,22,23,22,0.8935070621468927,baseline-v2-20260723,cd270e7871bd358937d83d9a49829637fa80007d2964084ef229f578e3733bd3,ba75425861a059dafcc477474fc3e4ed1eafdc2b47d6fdd0557337035d29a960,b89e3e36a90c50dd6fddde011cb8734fe33d0fb645863deb044147c1e3c955fe,11894689,1693289154000000000,300
TT/ts-auth-service_delay/4,TT,ts-auth-service,delay,4,300,300,incident,0.1,1,0.09999971546126574,median_shift,1,1.0,1.0,0.0,1,1,1,70,288.5069999611005,ts-auth-service|ts-basic-service|ts-route-service|ts-food-service|ts-travel2-service,ts-auth-service_istio-latency-95,0.7240579710144928,23,23,0.8553623188405797,0.5927536231884057,22,23,22,0.8935070621468927,baseline-v2-20260723,cd270e7871bd358937d83d9a49829637fa80007d2964084ef229f578e3733bd3,ba75425861a059dafcc477474fc3e4ed1eafdc2b47d6fdd0557337035d29a960,b89e3e36a90c50dd6fddde011cb8734fe33d0fb645863deb044147c1e3c955fe,11894689,1693289154000000000,300
TT/ts-auth-service_delay/4,TT,ts-auth-service,delay,4,300,300,incident,0.1,1,0.09999971546126574,nsigma,2,0.5,0.8,0.014492753623188406,0,1,1,70,1094.6263000369072,ts-consign-price-service|ts-auth-service|ts-news-service|ts-assurance-service|ts-consign-service,ts-consign-price-service_container-memory-working-set-bytes,0.7240579710144928,23,23,0.8553623188405797,0.5927536231884057,22,23,22,0.8935070621468927,baseline-v2-20260723,cd270e7871bd358937d83d9a49829637fa80007d2964084ef229f578e3733bd3,ba75425861a059dafcc477474fc3e4ed1eafdc2b47d6fdd0557337035d29a960,b89e3e36a90c50dd6fddde011cb8734fe33d0fb645863deb044147c1e3c955fe,11894689,1693289154000000000,300
TT/ts-auth-service_delay/4,TT,ts-auth-service,delay,4,300,300,incident,0.1,2,0.09999971546126574,baro,27,0.037037037037037035,0.0,0.37681159420289856,0,0,0,70,986.1053000204265,ts-travel2-service|ts-seat-service|ts-travel-service|ts-ui-dashboard|ts-consign-service,ts-travel2-service_container-memory-rss,0.726159420289855,23,23,0.8594202898550725,0.5928985507246377,22,23,22,0.8935070621468927,baseline-v2-20260723,cd270e7871bd358937d83d9a49829637fa80007d2964084ef229f578e3733bd3,ba75425861a059dafcc477474fc3e4ed1eafdc2b47d6fdd0557337035d29a960,b89e3e36a90c50dd6fddde011cb8734fe33d0fb645863deb044147c1e3c955fe,11894689,1693289154000000000,300
TT/ts-auth-service_delay/4,TT,ts-auth-service,delay,4,300,300,incident,0.1,2,0.09999971546126574,median_shift,9,0.1111111111111111,0.0,0.11594202898550725,0,0,0,70,304.161700012628,ts-inside-payment-service|ts-route-service|ts-travel2-service|ts-food-service|ts-order-other-mongo,ts-inside-payment-service_container-memory-working-set-bytes,0.726159420289855,23,23,0.8594202898550725,0.5928985507246377,22,23,22,0.8935070621468927,baseline-v2-20260723,cd270e7871bd358937d83d9a49829637fa80007d2964084ef229f578e3733bd3,ba75425861a059dafcc477474fc3e4ed1eafdc2b47d6fdd0557337035d29a960,b89e3e36a90c50dd6fddde011cb8734fe33d0fb645863deb044147c1e3c955fe,11894689,1693289154000000000,300
TT/ts-auth-service_delay/4,TT,ts-auth-service,delay,4,300,300,incident,0.1,2,0.09999971546126574,nsigma,1,1.0,1.0,0.0,1,1,1,70,719.2427000263706,ts-auth-service|ts-news-service|ts-consign-price-service|ts-assurance-service|ts-ticketinfo-service,ts-auth-service_istio-latency-99,0.726159420289855,23,23,0.8594202898550725,0.5928985507246377,22,23,22,0.8935070621468927,baseline-v2-20260723,cd270e7871bd358937d83d9a49829637fa80007d2964084ef229f578e3733bd3,ba75425861a059dafcc477474fc3e4ed1eafdc2b47d6fdd0557337035d29a960,b89e3e36a90c50dd6fddde011cb8734fe33d0fb645863deb044147c1e3c955fe,11894689,1693289154000000000,300
TT/ts-auth-service_delay/4,TT,ts-auth-service,delay,4,300,300,incident,0.1,3,0.09999971546126574,baro,18,0.05555555555555555,0.0,0.2463768115942029,0,0,0,70,855.3862000117078,ts-travel2-service|ts-seat-service|ts-travel-service|ts-ui-dashboard|ts-consign-service,ts-travel2-service_container-memory-rss,0.7222463768115942,23,23,0.8533333333333334,0.591159420289855,22,23,22,0.8935070621468927,baseline-v2-20260723,cd270e7871bd358937d83d9a49829637fa80007d2964084ef229f578e3733bd3,ba75425861a059dafcc477474fc3e4ed1eafdc2b47d6fdd0557337035d29a960,b89e3e36a90c50dd6fddde011cb8734fe33d0fb645863deb044147c1e3c955fe,11894689,1693289154000000000,300
TT/ts-auth-service_delay/4,TT,ts-auth-service,delay,4,300,300,incident,0.1,3,0.09999971546126574,median_shift,5,0.2,0.2,0.057971014492753624,0,0,1,70,283.0339999636635,ts-basic-service|ts-route-service|ts-food-mongo|ts-food-service|ts-auth-service,ts-basic-service_container-memory-working-set-bytes,0.7222463768115942,23,23,0.8533333333333334,0.591159420289855,22,23,22,0.8935070621468927,baseline-v2-20260723,cd270e7871bd358937d83d9a49829637fa80007d2964084ef229f578e3733bd3,ba75425861a059dafcc477474fc3e4ed1eafdc2b47d6fdd0557337035d29a960,b89e3e36a90c50dd6fddde011cb8734fe33d0fb645863deb044147c1e3c955fe,11894689,1693289154000000000,300
TT/ts-auth-service_delay/4,TT,ts-auth-service,delay,4,300,300,incident,0.1,3,0.09999971546126574,nsigma,1,1.0,1.0,0.0,1,1,1,70,800.9143000235781,ts-auth-service|ts-consign-price-service|ts-news-service|ts-assurance-service|ts-consign-service,ts-auth-service_istio-latency-99,0.7222463768115942,23,23,0.8533333333333334,0.591159420289855,22,23,22,0.8935070621468927,baseline-v2-20260723,cd270e7871bd358937d83d9a49829637fa80007d2964084ef229f578e3733bd3,ba75425861a059dafcc477474fc3e4ed1eafdc2b47d6fdd0557337035d29a960,b89e3e36a90c50dd6fddde011cb8734fe33d0fb645863deb044147c1e3c955fe,11894689,1693289154000000000,300
TT/ts-auth-service_delay/4,TT,ts-auth-service,delay,4,300,300,incident,0.1,4,0.09999971546126574,baro,18,0.05555555555555555,0.0,0.2463768115942029,0,0,0,70,1167.7159999962896,ts-travel2-service|ts-seat-service|ts-travel-service|ts-ui-dashboard|ts-consign-service,ts-travel2-service_container-memory-rss,0.7228985507246377,23,23,0.8552173913043478,0.5905797101449275,22,23,22,0.8935070621468927,baseline-v2-20260723,cd270e7871bd358937d83d9a49829637fa80007d2964084ef229f578e3733bd3,ba75425861a059dafcc477474fc3e4ed1eafdc2b47d6fdd0557337035d29a960,b89e3e36a90c50dd6fddde011cb8734fe33d0fb645863deb044147c1e3c955fe,11894689,1693289154000000000,300
TT/ts-auth-service_delay/4,TT,ts-auth-service,delay,4,300,300,incident,0.1,4,0.09999971546126574,median_shift,2,0.5,0.8,0.014492753623188406,0,1,1,70,302.96760000055656,ts-inside-payment-service|ts-auth-service|ts-basic-service|ts-route-service|ts-food-service,ts-inside-payment-service_container-memory-working-set-bytes,0.7228985507246377,23,23,0.8552173913043478,0.5905797101449275,22,23,22,0.8935070621468927,baseline-v2-20260723,cd270e7871bd358937d83d9a49829637fa80007d2964084ef229f578e3733bd3,ba75425861a059dafcc477474fc3e4ed1eafdc2b47d6fdd0557337035d29a960,b89e3e36a90c50dd6fddde011cb8734fe33d0fb645863deb044147c1e3c955fe,11894689,1693289154000000000,300
TT/ts-auth-service_delay/4,TT,ts-auth-service,delay,4,300,300,incident,0.1,4,0.09999971546126574,nsigma,1,1.0,1.0,0.0,1,1,1,70,870.5881999921985,ts-auth-service|ts-consign-price-service|ts-news-service|ts-assurance-service|ts-consign-service,ts-auth-service_istio-latency-99,0.7228985507246377,23,23,0.8552173913043478,0.5905797101449275,22,23,22,0.8935070621468927,baseline-v2-20260723,cd270e7871bd358937d83d9a49829637fa80007d2964084ef229f578e3733bd3,ba75425861a059dafcc477474fc3e4ed1eafdc2b47d6fdd0557337035d29a960,b89e3e36a90c50dd6fddde011cb8734fe33d0fb645863deb044147c1e3c955fe,11894689,1693289154000000000,300
TT/ts-auth-service_delay/4,TT,ts-auth-service,delay,4,300,300,incident,0.1,5,0.09999971546126574,baro,9,0.1111111111111111,0.0,0.11594202898550725,0,0,0,70,919.9536999803968,ts-travel2-service|ts-seat-service|ts-travel-service|ts-ui-dashboard|ts-assurance-service,ts-travel2-service_container-memory-rss,0.7258695652173913,23,23,0.8569565217391304,0.5947826086956521,22,23,22,0.8935070621468927,baseline-v2-20260723,cd270e7871bd358937d83d9a49829637fa80007d2964084ef229f578e3733bd3,ba75425861a059dafcc477474fc3e4ed1eafdc2b47d6fdd0557337035d29a960,b89e3e36a90c50dd6fddde011cb8734fe33d0fb645863deb044147c1e3c955fe,11894689,1693289154000000000,300
TT/ts-auth-service_delay/4,TT,ts-auth-service,delay,4,300,300,incident,0.1,5,0.09999971546126574,median_shift,21,0.047619047619047616,0.0,0.2898550724637681,0,0,0,70,298.40469994815066,ts-inside-payment-service|ts-basic-service|ts-route-service|ts-travel2-service|ts-food-service,ts-inside-payment-service_container-memory-usage-bytes,0.7258695652173913,23,23,0.8569565217391304,0.5947826086956521,22,23,22,0.8935070621468927,baseline-v2-20260723,cd270e7871bd358937d83d9a49829637fa80007d2964084ef229f578e3733bd3,ba75425861a059dafcc477474fc3e4ed1eafdc2b47d6fdd0557337035d29a960,b89e3e36a90c50dd6fddde011cb8734fe33d0fb645863deb044147c1e3c955fe,11894689,1693289154000000000,300
TT/ts-auth-service_delay/4,TT,ts-auth-service,delay,4,300,300,incident,0.1,5,0.09999971546126574,nsigma,3,0.3333333333333333,0.6,0.028985507246376812,0,1,1,70,819.9627000140026,ts-consign-price-service|ts-news-service|ts-auth-service|ts-assurance-service|ts-ticketinfo-service,ts-consign-price-service_container-memory-working-set-bytes,0.7258695652173913,23,23,0.8569565217391304,0.5947826086956521,22,23,22,0.8935070621468927,baseline-v2-20260723,cd270e7871bd358937d83d9a49829637fa80007d2964084ef229f578e3733bd3,ba75425861a059dafcc477474fc3e4ed1eafdc2b47d6fdd0557337035d29a960,b89e3e36a90c50dd6fddde011cb8734fe33d0fb645863deb044147c1e3c955fe,11894689,1693289154000000000,300
TT/ts-auth-service_delay/4,TT,ts-auth-service,delay,4,300,300,incident,0.1,6,0.09999971546126574,baro,19,0.05263157894736842,0.0,0.2608695652173913,0,0,0,70,927.9616000130773,ts-travel2-service|ts-seat-service|ts-travel-service|ts-ui-dashboard|ts-food-service,ts-travel2-service_container-memory-rss,0.7289130434782609,23,23,0.8626086956521739,0.5952173913043478,22,23,22,0.8935070621468927,baseline-v2-20260723,cd270e7871bd358937d83d9a49829637fa80007d2964084ef229f578e3733bd3,ba75425861a059dafcc477474fc3e4ed1eafdc2b47d6fdd0557337035d29a960,b89e3e36a90c50dd6fddde011cb8734fe33d0fb645863deb044147c1e3c955fe,11894689,1693289154000000000,300
TT/ts-auth-service_delay/4,TT,ts-auth-service,delay,4,300,300,incident,0.1,6,0.09999971546126574,median_shift,3,0.3333333333333333,0.6,0.028985507246376812,0,1,1,70,311.0402000020258,ts-inside-payment-service|ts-route-service|ts-auth-service|ts-basic-service|ts-food-service,ts-inside-payment-service_container-memory-usage-bytes,0.7289130434782609,23,23,0.8626086956521739,0.5952173913043478,22,23,22,0.8935070621468927,baseline-v2-20260723,cd270e7871bd358937d83d9a49829637fa80007d2964084ef229f578e3733bd3,ba75425861a059dafcc477474fc3e4ed1eafdc2b47d6fdd0557337035d29a960,b89e3e36a90c50dd6fddde011cb8734fe33d0fb645863deb044147c1e3c955fe,11894689,1693289154000000000,300
TT/ts-auth-service_delay/4,TT,ts-auth-service,delay,4,300,300,incident,0.1,6,0.09999971546126574,nsigma,1,1.0,1.0,0.0,1,1,1,70,756.9353999570012,ts-auth-service|ts-consign-price-service|ts-news-service|ts-assurance-service|ts-ticketinfo-service,ts-auth-service_istio-latency-99,0.7289130434782609,23,23,0.8626086956521739,0.5952173913043478,22,23,22,0.8935070621468927,baseline-v2-20260723,cd270e7871bd358937d83d9a49829637fa80007d2964084ef229f578e3733bd3,ba75425861a059dafcc477474fc3e4ed1eafdc2b47d6fdd0557337035d29a960,b89e3e36a90c50dd6fddde011cb8734fe33d0fb645863deb044147c1e3c955fe,11894689,1693289154000000000,300
TT/ts-auth-service_delay/4,TT,ts-auth-service,delay,4,300,300,incident,0.1,7,0.09999971546126574,baro,19,0.05263157894736842,0.0,0.2608695652173913,0,0,0,70,1028.2071999972686,ts-travel2-service|ts-seat-service|ts-travel-service|ts-ui-dashboard|ts-consign-service,ts-travel2-service_container-memory-rss,0.7279710144927536,23,23,0.86,0.5959420289855073,22,23,22,0.8935070621468927,baseline-v2-20260723,cd270e7871bd358937d83d9a49829637fa80007d2964084ef229f578e3733bd3,ba75425861a059dafcc477474fc3e4ed1eafdc2b47d6fdd0557337035d29a960,b89e3e36a90c50dd6fddde011cb8734fe33d0fb645863deb044147c1e3c955fe,11894689,1693289154000000000,300
TT/ts-auth-service_delay/4,TT,ts-auth-service,delay,4,300,300,incident,0.1,7,0.09999971546126574,median_shift,3,0.3333333333333333,0.6,0.028985507246376812,0,1,1,70,327.31949997833,ts-basic-service|ts-food-service|ts-auth-service|ts-route-service|ts-order-other-mongo,ts-basic-service_container-memory-working-set-bytes,0.7279710144927536,23,23,0.86,0.5959420289855073,22,23,22,0.8935070621468927,baseline-v2-20260723,cd270e7871bd358937d83d9a49829637fa80007d2964084ef229f578e3733bd3,ba75425861a059dafcc477474fc3e4ed1eafdc2b47d6fdd0557337035d29a960,b89e3e36a90c50dd6fddde011cb8734fe33d0fb645863deb044147c1e3c955fe,11894689,1693289154000000000,300
TT/ts-auth-service_delay/4,TT,ts-auth-service,delay,4,300,300,incident,0.1,7,0.09999971546126574,nsigma,1,1.0,1.0,0.0,1,1,1,70,786.2220000242814,ts-auth-service|ts-consign-price-service|ts-news-service|ts-assurance-service|ts-ticketinfo-service,ts-auth-service_istio-latency-99,0.7279710144927536,23,23,0.86,0.5959420289855073,22,23,22,0.8935070621468927,baseline-v2-20260723,cd270e7871bd358937d83d9a49829637fa80007d2964084ef229f578e3733bd3,ba75425861a059dafcc477474fc3e4ed1eafdc2b47d6fdd0557337035d29a960,b89e3e36a90c50dd6fddde011cb8734fe33d0fb645863deb044147c1e3c955fe,11894689,1693289154000000000,300
TT/ts-auth-service_delay/4,TT,ts-auth-service,delay,4,300,300,incident,0.1,8,0.09999971546126574,baro,16,0.0625,0.0,0.21739130434782608,0,0,0,70,879.598299972713,ts-travel2-service|ts-seat-service|ts-travel-service|ts-ui-dashboard|ts-consign-service,ts-travel2-service_container-memory-rss,0.7281159420289856,23,23,0.8605797101449275,0.5956521739130435,22,23,22,0.8935070621468927,baseline-v2-20260723,cd270e7871bd358937d83d9a49829637fa80007d2964084ef229f578e3733bd3,ba75425861a059dafcc477474fc3e4ed1eafdc2b47d6fdd0557337035d29a960,b89e3e36a90c50dd6fddde011cb8734fe33d0fb645863deb044147c1e3c955fe,11894689,1693289154000000000,300
TT/ts-auth-service_delay/4,TT,ts-auth-service,delay,4,300,300,incident,0.1,8,0.09999971546126574,median_shift,4,0.25,0.4,0.043478260869565216,0,0,1,70,305.91769999591634,ts-basic-service|ts-route-service|ts-food-service|ts-auth-service|ts-ticket-office-mongo,ts-basic-service_container-memory-working-set-bytes,0.7281159420289856,23,23,0.8605797101449275,0.5956521739130435,22,23,22,0.8935070621468927,baseline-v2-20260723,cd270e7871bd358937d83d9a49829637fa80007d2964084ef229f578e3733bd3,ba75425861a059dafcc477474fc3e4ed1eafdc2b47d6fdd0557337035d29a960,b89e3e36a90c50dd6fddde011cb8734fe33d0fb645863deb044147c1e3c955fe,11894689,1693289154000000000,300
TT/ts-auth-service_delay/4,TT,ts-auth-service,delay,4,300,300,incident,0.1,8,0.09999971546126574,nsigma,1,1.0,1.0,0.0,1,1,1,70,753.7202999810688,ts-auth-service|ts-news-service|ts-consign-price-service|ts-assurance-service|ts-consign-service,ts-auth-service_istio-latency-99,0.7281159420289856,23,23,0.8605797101449275,0.5956521739130435,22,23,22,0.8935070621468927,baseline-v2-20260723,cd270e7871bd358937d83d9a49829637fa80007d2964084ef229f578e3733bd3,ba75425861a059dafcc477474fc3e4ed1eafdc2b47d6fdd0557337035d29a960,b89e3e36a90c50dd6fddde011cb8734fe33d0fb645863deb044147c1e3c955fe,11894689,1693289154000000000,300
TT/ts-auth-service_delay/4,TT,ts-auth-service,delay,4,300,300,incident,0.1,9,0.09999971546126574,baro,9,0.1111111111111111,0.0,0.11594202898550725,0,0,0,70,1045.022499980405,ts-travel2-service|ts-seat-service|ts-travel-service|ts-ui-dashboard|ts-consign-service,ts-travel2-service_container-memory-rss,0.7308695652173913,23,23,0.8657971014492754,0.5959420289855073,22,23,22,0.8935070621468927,baseline-v2-20260723,cd270e7871bd358937d83d9a49829637fa80007d2964084ef229f578e3733bd3,ba75425861a059dafcc477474fc3e4ed1eafdc2b47d6fdd0557337035d29a960,b89e3e36a90c50dd6fddde011cb8734fe33d0fb645863deb044147c1e3c955fe,11894689,1693289154000000000,300
TT/ts-auth-service_delay/4,TT,ts-auth-service,delay,4,300,300,incident,0.1,9,0.09999971546126574,median_shift,12,0.08333333333333333,0.0,0.15942028985507245,0,0,0,70,310.8835000311956,ts-admin-travel-service|ts-basic-service|ts-route-service|ts-food-service|ts-ticket-office-mongo,ts-admin-travel-service_container-memory-rss,0.7308695652173913,23,23,0.8657971014492754,0.5959420289855073,22,23,22,0.8935070621468927,baseline-v2-20260723,cd270e7871bd358937d83d9a49829637fa80007d2964084ef229f578e3733bd3,ba75425861a059dafcc477474fc3e4ed1eafdc2b47d6fdd0557337035d29a960,b89e3e36a90c50dd6fddde011cb8734fe33d0fb645863deb044147c1e3c955fe,11894689,1693289154000000000,300
TT/ts-auth-service_delay/4,TT,ts-auth-service,delay,4,300,300,incident,0.1,9,0.09999971546126574,nsigma,1,1.0,1.0,0.0,1,1,1,70,921.8013000208884,ts-auth-service|ts-consign-price-service|ts-news-service|ts-assurance-service|ts-consign-service,ts-auth-service_istio-latency-99,0.7308695652173913,23,23,0.8657971014492754,0.5959420289855073,22,23,22,0.8935070621468927,baseline-v2-20260723,cd270e7871bd358937d83d9a49829637fa80007d2964084ef229f578e3733bd3,ba75425861a059dafcc477474fc3e4ed1eafdc2b47d6fdd0557337035d29a960,b89e3e36a90c50dd6fddde011cb8734fe33d0fb645863deb044147c1e3c955fe,11894689,1693289154000000000,300
TT/ts-auth-service_delay/4,TT,ts-auth-service,delay,4,300,300,incident,0.3,0,0.3000005690774685,baro,36,0.027777777777777776,0.0,0.5072463768115942,0,0,0,70,1150.283400027547,ts-travel2-service|ts-seat-service|ts-inside-payment-service|ts-travel-service|ts-ui-dashboard,ts-travel2-service_container-memory-rss,0.5571014492753623,23,23,0.6750724637681159,0.4391304347826087,22,23,21,0.6949491525423729,baseline-v2-20260723,cd270e7871bd358937d83d9a49829637fa80007d2964084ef229f578e3733bd3,ba75425861a059dafcc477474fc3e4ed1eafdc2b47d6fdd0557337035d29a960,b89e3e36a90c50dd6fddde011cb8734fe33d0fb645863deb044147c1e3c955fe,11894689,1693289154000000000,300
TT/ts-auth-service_delay/4,TT,ts-auth-service,delay,4,300,300,incident,0.3,0,0.3000005690774685,median_shift,35,0.02857142857142857,0.0,0.4927536231884058,0,0,0,70,349.10649998346344,ts-inside-payment-service|ts-security-mongo|ts-user-mongo|ts-consign-price-service|ts-consign-mongo,ts-inside-payment-service_container-memory-usage-bytes,0.5571014492753623,23,23,0.6750724637681159,0.4391304347826087,22,23,21,0.6949491525423729,baseline-v2-20260723,cd270e7871bd358937d83d9a49829637fa80007d2964084ef229f578e3733bd3,ba75425861a059dafcc477474fc3e4ed1eafdc2b47d6fdd0557337035d29a960,b89e3e36a90c50dd6fddde011cb8734fe33d0fb645863deb044147c1e3c955fe,11894689,1693289154000000000,300
TT/ts-auth-service_delay/4,TT,ts-auth-service,delay,4,300,300,incident,0.3,0,0.3000005690774685,nsigma,9,0.1111111111111111,0.0,0.11594202898550725,0,0,0,70,723.985199991148,ts-ui-dashboard|ts-consign-price-service|ts-contacts-mongo|ts-execute-service|ts-consign-service,ts-ui-dashboard_container-memory-working-set-bytes,0.5571014492753623,23,23,0.6750724637681159,0.4391304347826087,22,23,21,0.6949491525423729,baseline-v2-20260723,cd270e7871bd358937d83d9a49829637fa80007d2964084ef229f578e3733bd3,ba75425861a059dafcc477474fc3e4ed1eafdc2b47d6fdd0557337035d29a960,b89e3e36a90c50dd6fddde011cb8734fe33d0fb645863deb044147c1e3c955fe,11894689,1693289154000000000,300
TT/ts-auth-service_delay/4,TT,ts-auth-service,delay,4,300,300,incident,0.3,1,0.3000005690774685,baro,40,0.025,0.0,0.5652173913043478,0,0,0,70,926.1656000162475,ts-travel2-service|ts-seat-service|ts-travel-service|ts-ui-dashboard|ts-execute-service,ts-travel2-service_container-memory-rss,0.5597826086956522,23,23,0.6769565217391305,0.4426086956521739,22,23,22,0.6949491525423729,baseline-v2-20260723,cd270e7871bd358937d83d9a49829637fa80007d2964084ef229f578e3733bd3,ba75425861a059dafcc477474fc3e4ed1eafdc2b47d6fdd0557337035d29a960,b89e3e36a90c50dd6fddde011cb8734fe33d0fb645863deb044147c1e3c955fe,11894689,1693289154000000000,300
TT/ts-auth-service_delay/4,TT,ts-auth-service,delay,4,300,300,incident,0.3,1,0.3000005690774685,median_shift,20,0.05,0.0,0.2753623188405797,0,0,0,70,248.09409998124465,ts-inside-payment-service|ts-security-mongo|ts-user-mongo|ts-order-other-mongo|ts-consign-price-service,ts-inside-payment-service_container-memory-working-set-bytes,0.5597826086956522,23,23,0.6769565217391305,0.4426086956521739,22,23,22,0.6949491525423729,baseline-v2-20260723,cd270e7871bd358937d83d9a49829637fa80007d2964084ef229f578e3733bd3,ba75425861a059dafcc477474fc3e4ed1eafdc2b47d6fdd0557337035d29a960,b89e3e36a90c50dd6fddde011cb8734fe33d0fb645863deb044147c1e3c955fe,11894689,1693289154000000000,300
TT/ts-auth-service_delay/4,TT,ts-auth-service,delay,4,300,300,incident,0.3,1,0.3000005690774685,nsigma,16,0.0625,0.0,0.21739130434782608,0,0,0,70,907.3713999823667,ts-consign-price-service|ts-ui-dashboard|ts-execute-service|ts-consign-service|ts-news-service,ts-consign-price-service_container-memory-working-set-bytes,0.5597826086956522,23,23,0.6769565217391305,0.4426086956521739,22,23,22,0.6949491525423729,baseline-v2-20260723,cd270e7871bd358937d83d9a49829637fa80007d2964084ef229f578e3733bd3,ba75425861a059dafcc477474fc3e4ed1eafdc2b47d6fdd0557337035d29a960,b89e3e36a90c50dd6fddde011cb8734fe33d0fb645863deb044147c1e3c955fe,11894689,1693289154000000000,300
TT/ts-auth-service_delay/4,TT,ts-auth-service,delay,4,300,300,incident,0.3,2,0.3000005690774685,baro,46,0.021739130434782608,0.0,0.6521739130434783,0,0,0,70,857.1479000383988,ts-travel2-service|ts-seat-service|ts-travel-service|ts-ui-dashboard|ts-execute-service,ts-travel2-service_container-memory-rss,0.5540579710144927,23,23,0.6631884057971015,0.4449275362318841,22,23,22,0.6949491525423729,baseline-v2-20260723,cd270e7871bd358937d83d9a49829637fa80007d2964084ef229f578e3733bd3,ba75425861a059dafcc477474fc3e4ed1eafdc2b47d6fdd0557337035d29a960,b89e3e36a90c50dd6fddde011cb8734fe33d0fb645863deb044147c1e3c955fe,11894689,1693289154000000000,300
TT/ts-auth-service_delay/4,TT,ts-auth-service,delay,4,300,300,incident,0.3,2,0.3000005690774685,median_shift,25,0.04,0.0,0.34782608695652173,0,0,0,70,317.18589999945834,ts-inside-payment-service|ts-payment-mongo|ts-price-mongo|ts-consign-mongo|ts-basic-service,ts-inside-payment-service_container-memory-usage-bytes,0.5540579710144927,23,23,0.6631884057971015,0.4449275362318841,22,23,22,0.6949491525423729,baseline-v2-20260723,cd270e7871bd358937d83d9a49829637fa80007d2964084ef229f578e3733bd3,ba75425861a059dafcc477474fc3e4ed1eafdc2b47d6fdd0557337035d29a960,b89e3e36a90c50dd6fddde011cb8734fe33d0fb645863deb044147c1e3c955fe,11894689,1693289154000000000,300
TT/ts-auth-service_delay/4,TT,ts-auth-service,delay,4,300,300,incident,0.3,2,0.3000005690774685,nsigma,14,0.07142857142857142,0.0,0.18840579710144928,0,0,0,70,899.5190999703482,ts-ui-dashboard|ts-execute-service|ts-consign-service|ts-news-service|ts-auth-mongo,ts-ui-dashboard_container-memory-usage-bytes,0.5540579710144927,23,23,0.6631884057971015,0.4449275362318841,22,23,22,0.6949491525423729,baseline-v2-20260723,cd270e7871bd358937d83d9a49829637fa80007d2964084ef229f578e3733bd3,ba75425861a059dafcc477474fc3e4ed1eafdc2b47d6fdd0557337035d29a960,b89e3e36a90c50dd6fddde011cb8734fe33d0fb645863deb044147c1e3c955fe,11894689,1693289154000000000,300
TT/ts-auth-service_delay/4,TT,ts-auth-service,delay,4,300,300,incident,0.3,3,0.3000005690774685,baro,45,0.022222222222222223,0.0,0.6376811594202898,0,0,0,70,1018.6093000229448,ts-travel2-service|ts-seat-service|ts-travel-service|ts-ui-dashboard|ts-execute-service,ts-travel2-service_container-memory-rss,0.5605797101449276,23,23,0.6750724637681159,0.44608695652173913,22,23,22,0.6949491525423729,baseline-v2-20260723,cd270e7871bd358937d83d9a49829637fa80007d2964084ef229f578e3733bd3,ba75425861a059dafcc477474fc3e4ed1eafdc2b47d6fdd0557337035d29a960,b89e3e36a90c50dd6fddde011cb8734fe33d0fb645863deb044147c1e3c955fe,11894689,1693289154000000000,300
TT/ts-auth-service_delay/4,TT,ts-auth-service,delay,4,300,300,incident,0.3,3,0.3000005690774685,median_shift,20,0.05,0.0,0.2753623188405797,0,0,0,70,339.99349997611716,ts-inside-payment-service|ts-security-mongo|ts-consign-mongo|ts-order-other-mongo|ts-user-mongo,ts-inside-payment-service_container-memory-working-set-bytes,0.5605797101449276,23,23,0.6750724637681159,0.44608695652173913,22,23,22,0.6949491525423729,baseline-v2-20260723,cd270e7871bd358937d83d9a49829637fa80007d2964084ef229f578e3733bd3,ba75425861a059dafcc477474fc3e4ed1eafdc2b47d6fdd0557337035d29a960,b89e3e36a90c50dd6fddde011cb8734fe33d0fb645863deb044147c1e3c955fe,11894689,1693289154000000000,300
TT/ts-auth-service_delay/4,TT,ts-auth-service,delay,4,300,300,incident,0.3,3,0.3000005690774685,nsigma,11,0.09090909090909091,0.0,0.14492753623188406,0,0,0,70,755.5094999843277,ts-consign-price-service|ts-execute-service|ts-ui-dashboard|ts-auth-mongo|ts-order-mongo,ts-consign-price-service_container-memory-usage-bytes,0.5605797101449276,23,23,0.6750724637681159,0.44608695652173913,22,23,22,0.6949491525423729,baseline-v2-20260723,cd270e7871bd358937d83d9a49829637fa80007d2964084ef229f578e3733bd3,ba75425861a059dafcc477474fc3e4ed1eafdc2b47d6fdd0557337035d29a960,b89e3e36a90c50dd6fddde011cb8734fe33d0fb645863deb044147c1e3c955fe,11894689,1693289154000000000,300
TT/ts-auth-service_delay/4,TT,ts-auth-service,delay,4,300,300,incident,0.3,4,0.3000005690774685,baro,32,0.03125,0.0,0.4492753623188406,0,0,0,70,950.2742000040598,ts-travel2-service|ts-seat-service|ts-travel-service|ts-ui-dashboard|ts-execute-service,ts-travel2-service_container-memory-rss,0.5577536231884058,23,23,0.672463768115942,0.44304347826086954,22,23,22,0.6949491525423729,baseline-v2-20260723,cd270e7871bd358937d83d9a49829637fa80007d2964084ef229f578e3733bd3,ba75425861a059dafcc477474fc3e4ed1eafdc2b47d6fdd0557337035d29a960,b89e3e36a90c50dd6fddde011cb8734fe33d0fb645863deb044147c1e3c955fe,11894689,1693289154000000000,300
TT/ts-auth-service_delay/4,TT,ts-auth-service,delay,4,300,300,incident,0.3,4,0.3000005690774685,median_shift,18,0.05555555555555555,0.0,0.2463768115942029,0,0,0,70,329.7626999556087,ts-security-mongo|ts-consign-price-service|ts-consign-mongo|ts-order-other-mongo|ts-user-mongo,ts-security-mongo_container-memory-working-set-bytes,0.5577536231884058,23,23,0.672463768115942,0.44304347826086954,22,23,22,0.6949491525423729,baseline-v2-20260723,cd270e7871bd358937d83d9a49829637fa80007d2964084ef229f578e3733bd3,ba75425861a059dafcc477474fc3e4ed1eafdc2b47d6fdd0557337035d29a960,b89e3e36a90c50dd6fddde011cb8734fe33d0fb645863deb044147c1e3c955fe,11894689,1693289154000000000,300
TT/ts-auth-service_delay/4,TT,ts-auth-service,delay,4,300,300,incident,0.3,4,0.3000005690774685,nsigma,12,0.08333333333333333,0.0,0.15942028985507245,0,0,0,70,785.221400030423,ts-ui-dashboard|ts-execute-service|ts-news-service|ts-order-mongo|ts-auth-mongo,ts-ui-dashboard_container-memory-working-set-bytes,0.5577536231884058,23,23,0.672463768115942,0.44304347826086954,22,23,22,0.6949491525423729,baseline-v2-20260723,cd270e7871bd358937d83d9a49829637fa80007d2964084ef229f578e3733bd3,ba75425861a059dafcc477474fc3e4ed1eafdc2b47d6fdd0557337035d29a960,b89e3e36a90c50dd6fddde011cb8734fe33d0fb645863deb044147c1e3c955fe,11894689,1693289154000000000,300
TT/ts-auth-service_delay/4,TT,ts-auth-service,delay,4,300,300,incident,0.3,5,0.3000005690774685,baro,33,0.030303030303030304,0.0,0.463768115942029,0,0,0,70,994.031400012318,ts-travel2-service|ts-seat-service|ts-travel-service|ts-ui-dashboard|ts-execute-service,ts-travel2-service_container-memory-rss,0.5557246376811594,23,23,0.6685507246376812,0.4428985507246377,22,23,21,0.6949491525423729,baseline-v2-20260723,cd270e7871bd358937d83d9a49829637fa80007d2964084ef229f578e3733bd3,ba75425861a059dafcc477474fc3e4ed1eafdc2b47d6fdd0557337035d29a960,b89e3e36a90c50dd6fddde011cb8734fe33d0fb645863deb044147c1e3c955fe,11894689,1693289154000000000,300
TT/ts-auth-service_delay/4,TT,ts-auth-service,delay,4,300,300,incident,0.3,5,0.3000005690774685,median_shift,35,0.02857142857142857,0.0,0.4927536231884058,0,0,0,70,320.15029998729005,ts-order-other-mongo|ts-security-mongo|ts-price-mongo|ts-user-mongo|192-168-51-251-9100,ts-order-other-mongo_container-memory-usage-bytes,0.5557246376811594,23,23,0.6685507246376812,0.4428985507246377,22,23,21,0.6949491525423729,baseline-v2-20260723,cd270e7871bd358937d83d9a49829637fa80007d2964084ef229f578e3733bd3,ba75425861a059dafcc477474fc3e4ed1eafdc2b47d6fdd0557337035d29a960,b89e3e36a90c50dd6fddde011cb8734fe33d0fb645863deb044147c1e3c955fe,11894689,1693289154000000000,300
TT/ts-auth-service_delay/4,TT,ts-auth-service,delay,4,300,300,incident,0.3,5,0.3000005690774685,nsigma,28,0.03571428571428571,0.0,0.391304347826087,0,0,0,70,865.0172000052407,ts-ui-dashboard|ts-execute-service|ts-news-service|ts-order-mongo|ts-auth-mongo,ts-ui-dashboard_container-memory-working-set-bytes,0.5557246376811594,23,23,0.6685507246376812,0.4428985507246377,22,23,21,0.6949491525423729,baseline-v2-20260723,cd270e7871bd358937d83d9a49829637fa80007d2964084ef229f578e3733bd3,ba75425861a059dafcc477474fc3e4ed1eafdc2b47d6fdd0557337035d29a960,b89e3e36a90c50dd6fddde011cb8734fe33d0fb645863deb044147c1e3c955fe,11894689,1693289154000000000,300
TT/ts-auth-service_delay/4,TT,ts-auth-service,delay,4,300,300,incident,0.3,6,0.3000005690774685,baro,62,0.016129032258064516,0.0,0.8840579710144928,0,0,0,70,1013.5819999850355,ts-travel2-service|ts-seat-service|ts-travel-service|ts-ui-dashboard|ts-inside-payment-service,ts-travel2-service_container-memory-rss,0.5532608695652174,23,23,0.6660869565217391,0.4404347826086957,22,23,21,0.6949491525423729,baseline-v2-20260723,cd270e7871bd358937d83d9a49829637fa80007d2964084ef229f578e3733bd3,ba75425861a059dafcc477474fc3e4ed1eafdc2b47d6fdd0557337035d29a960,b89e3e36a90c50dd6fddde011cb8734fe33d0fb645863deb044147c1e3c955fe,11894689,1693289154000000000,300
TT/ts-auth-service_delay/4,TT,ts-auth-service,delay,4,300,300,incident,0.3,6,0.3000005690774685,median_shift,29,0.034482758620689655,0.0,0.4057971014492754,0,0,0,70,269.5708999526687,ts-config-service|ts-order-other-mongo|ts-security-mongo|ts-consign-mongo|ts-user-mongo,ts-config-service_container-memory-rss,0.5532608695652174,23,23,0.6660869565217391,0.4404347826086957,22,23,21,0.6949491525423729,baseline-v2-20260723,cd270e7871bd358937d83d9a49829637fa80007d2964084ef229f578e3733bd3,ba75425861a059dafcc477474fc3e4ed1eafdc2b47d6fdd0557337035d29a960,b89e3e36a90c50dd6fddde011cb8734fe33d0fb645863deb044147c1e3c955fe,11894689,1693289154000000000,300
TT/ts-auth-service_delay/4,TT,ts-auth-service,delay,4,300,300,incident,0.3,6,0.3000005690774685,nsigma,23,0.043478260869565216,0.0,0.3188405797101449,0,0,0,70,694.5115000125952,ts-consign-price-service|ts-ui-dashboard|ts-execute-service|ts-news-service|ts-auth-mongo,ts-consign-price-service_container-memory-usage-bytes,0.5532608695652174,23,23,0.6660869565217391,0.4404347826086957,22,23,21,0.6949491525423729,baseline-v2-20260723,cd270e7871bd358937d83d9a49829637fa80007d2964084ef229f578e3733bd3,ba75425861a059dafcc477474fc3e4ed1eafdc2b47d6fdd0557337035d29a960,b89e3e36a90c50dd6fddde011cb8734fe33d0fb645863deb044147c1e3c955fe,11894689,1693289154000000000,300
TT/ts-auth-service_delay/4,TT,ts-auth-service,delay,4,300,300,incident,0.3,7,0.3000005690774685,baro,28,0.03571428571428571,0.0,0.391304347826087,0,0,0,70,1144.8404000257142,ts-travel2-service|ts-seat-service|ts-assurance-service|ts-travel-service|ts-ui-dashboard,ts-travel2-service_container-memory-rss,0.5638405797101449,23,23,0.6817391304347826,0.4459420289855072,22,23,21,0.6949491525423729,baseline-v2-20260723,cd270e7871bd358937d83d9a49829637fa80007d2964084ef229f578e3733bd3,ba75425861a059dafcc477474fc3e4ed1eafdc2b47d6fdd0557337035d29a960,b89e3e36a90c50dd6fddde011cb8734fe33d0fb645863deb044147c1e3c955fe,11894689,1693289154000000000,300
TT/ts-auth-service_delay/4,TT,ts-auth-service,delay,4,300,300,incident,0.3,7,0.3000005690774685,median_shift,28,0.03571428571428571,0.0,0.391304347826087,0,0,0,70,378.1373000238091,ts-inside-payment-service|ts-consign-price-service|ts-config-mongo|192-168-51-251-9100|ts-security-mongo,ts-inside-payment-service_container-memory-working-set-bytes,0.5638405797101449,23,23,0.6817391304347826,0.4459420289855072,22,23,21,0.6949491525423729,baseline-v2-20260723,cd270e7871bd358937d83d9a49829637fa80007d2964084ef229f578e3733bd3,ba75425861a059dafcc477474fc3e4ed1eafdc2b47d6fdd0557337035d29a960,b89e3e36a90c50dd6fddde011cb8734fe33d0fb645863deb044147c1e3c955fe,11894689,1693289154000000000,300
TT/ts-auth-service_delay/4,TT,ts-auth-service,delay,4,300,300,incident,0.3,7,0.3000005690774685,nsigma,14,0.07142857142857142,0.0,0.18840579710144928,0,0,0,70,765.6491000088863,ts-ui-dashboard|ts-execute-service|ts-consign-service|ts-news-service|ts-auth-mongo,ts-ui-dashboard_container-memory-usage-bytes,0.5638405797101449,23,23,0.6817391304347826,0.4459420289855072,22,23,21,0.6949491525423729,baseline-v2-20260723,cd270e7871bd358937d83d9a49829637fa80007d2964084ef229f578e3733bd3,ba75425861a059dafcc477474fc3e4ed1eafdc2b47d6fdd0557337035d29a960,b89e3e36a90c50dd6fddde011cb8734fe33d0fb645863deb044147c1e3c955fe,11894689,1693289154000000000,300
TT/ts-auth-service_delay/4,TT,ts-auth-service,delay,4,300,300,incident,0.3,8,0.3000005690774685,baro,44,0.022727272727272728,0.0,0.6231884057971014,0,0,0,70,886.5736000007018,ts-travel2-service|ts-seat-service|ts-assurance-service|ts-travel-service|ts-ui-dashboard,ts-travel2-service_container-memory-rss,0.558695652173913,23,23,0.671304347826087,0.44608695652173913,22,23,22,0.6949491525423729,baseline-v2-20260723,cd270e7871bd358937d83d9a49829637fa80007d2964084ef229f578e3733bd3,ba75425861a059dafcc477474fc3e4ed1eafdc2b47d6fdd0557337035d29a960,b89e3e36a90c50dd6fddde011cb8734fe33d0fb645863deb044147c1e3c955fe,11894689,1693289154000000000,300
TT/ts-auth-service_delay/4,TT,ts-auth-service,delay,4,300,300,incident,0.3,8,0.3000005690774685,median_shift,22,0.045454545454545456,0.0,0.30434782608695654,0,0,0,70,236.44559999229386,ts-consign-price-service|ts-inside-payment-service|ts-user-mongo|192-168-51-251-9100|ts-order-other-mongo,ts-consign-price-service_container-memory-working-set-bytes,0.558695652173913,23,23,0.671304347826087,0.44608695652173913,22,23,22,0.6949491525423729,baseline-v2-20260723,cd270e7871bd358937d83d9a49829637fa80007d2964084ef229f578e3733bd3,ba75425861a059dafcc477474fc3e4ed1eafdc2b47d6fdd0557337035d29a960,b89e3e36a90c50dd6fddde011cb8734fe33d0fb645863deb044147c1e3c955fe,11894689,1693289154000000000,300
TT/ts-auth-service_delay/4,TT,ts-auth-service,delay,4,300,300,incident,0.3,8,0.3000005690774685,nsigma,13,0.07692307692307693,0.0,0.17391304347826086,0,0,0,70,857.5006000464782,ts-consign-price-service|ts-ui-dashboard|ts-execute-service|ts-consign-service|ts-news-service,ts-consign-price-service_container-memory-usage-bytes,0.558695652173913,23,23,0.671304347826087,0.44608695652173913,22,23,22,0.6949491525423729,baseline-v2-20260723,cd270e7871bd358937d83d9a49829637fa80007d2964084ef229f578e3733bd3,ba75425861a059dafcc477474fc3e4ed1eafdc2b47d6fdd0557337035d29a960,b89e3e36a90c50dd6fddde011cb8734fe33d0fb645863deb044147c1e3c955fe,11894689,1693289154000000000,300
TT/ts-auth-service_delay/4,TT,ts-auth-service,delay,4,300,300,incident,0.3,9,0.3000005690774685,baro,51,0.0196078431372549,0.0,0.7246376811594203,0,0,0,70,901.3984000193886,ts-travel2-service|ts-seat-service|ts-travel-service|ts-ui-dashboard|ts-inside-payment-service,ts-travel2-service_container-memory-rss,0.5591304347826087,23,23,0.6694202898550725,0.4488405797101449,22,23,21,0.6949491525423729,baseline-v2-20260723,cd270e7871bd358937d83d9a49829637fa80007d2964084ef229f578e3733bd3,ba75425861a059dafcc477474fc3e4ed1eafdc2b47d6fdd0557337035d29a960,b89e3e36a90c50dd6fddde011cb8734fe33d0fb645863deb044147c1e3c955fe,11894689,1693289154000000000,300
TT/ts-auth-service_delay/4,TT,ts-auth-service,delay,4,300,300,incident,0.3,9,0.3000005690774685,median_shift,33,0.030303030303030304,0.0,0.463768115942029,0,0,0,70,270.33899998059496,ts-inside-payment-service|ts-security-mongo|ts-consign-price-service|ts-order-other-mongo|ts-price-mongo,ts-inside-payment-service_container-memory-usage-bytes,0.5591304347826087,23,23,0.6694202898550725,0.4488405797101449,22,23,21,0.6949491525423729,baseline-v2-20260723,cd270e7871bd358937d83d9a49829637fa80007d2964084ef229f578e3733bd3,ba75425861a059dafcc477474fc3e4ed1eafdc2b47d6fdd0557337035d29a960,b89e3e36a90c50dd6fddde011cb8734fe33d0fb645863deb044147c1e3c955fe,11894689,1693289154000000000,300
TT/ts-auth-service_delay/4,TT,ts-auth-service,delay,4,300,300,incident,0.3,9,0.3000005690774685,nsigma,14,0.07142857142857142,0.0,0.18840579710144928,0,0,0,70,776.1386999627575,ts-consign-price-service|ts-ui-dashboard|ts-execute-service|ts-contacts-mongo|ts-consign-service,ts-consign-price-service_container-memory-usage-bytes,0.5591304347826087,23,23,0.6694202898550725,0.4488405797101449,22,23,21,0.6949491525423729,baseline-v2-20260723,cd270e7871bd358937d83d9a49829637fa80007d2964084ef229f578e3733bd3,ba75425861a059dafcc477474fc3e4ed1eafdc2b47d6fdd0557337035d29a960,b89e3e36a90c50dd6fddde011cb8734fe33d0fb645863deb044147c1e3c955fe,11894689,1693289154000000000,300
TT/ts-auth-service_delay/4,TT,ts-auth-service,delay,4,300,300,incident,0.5,0,0.5,baro,34,0.029411764705882353,0.0,0.4782608695652174,0,0,0,70,866.3494000211358,ts-travel2-service|ts-seat-service|ts-assurance-service|ts-travel-service|ts-ui-dashboard,ts-travel2-service_container-memory-rss,0.39992753623188404,23,23,0.4726086956521739,0.3272463768115942,22,22,21,0.49639265536723165,baseline-v2-20260723,cd270e7871bd358937d83d9a49829637fa80007d2964084ef229f578e3733bd3,ba75425861a059dafcc477474fc3e4ed1eafdc2b47d6fdd0557337035d29a960,b89e3e36a90c50dd6fddde011cb8734fe33d0fb645863deb044147c1e3c955fe,11894689,1693289154000000000,300
TT/ts-auth-service_delay/4,TT,ts-auth-service,delay,4,300,300,incident,0.5,0,0.5,median_shift,13,0.07692307692307693,0.0,0.17391304347826086,0,0,0,70,313.8545000110753,ts-inside-payment-service|ts-price-mongo|ts-inside-payment-mongo|ts-travel-mongo|ts-food-map-mongo,ts-inside-payment-service_container-memory-usage-bytes,0.39992753623188404,23,23,0.4726086956521739,0.3272463768115942,22,22,21,0.49639265536723165,baseline-v2-20260723,cd270e7871bd358937d83d9a49829637fa80007d2964084ef229f578e3733bd3,ba75425861a059dafcc477474fc3e4ed1eafdc2b47d6fdd0557337035d29a960,b89e3e36a90c50dd6fddde011cb8734fe33d0fb645863deb044147c1e3c955fe,11894689,1693289154000000000,300
TT/ts-auth-service_delay/4,TT,ts-auth-service,delay,4,300,300,incident,0.5,0,0.5,nsigma,12,0.08333333333333333,0.0,0.15942028985507245,0,0,0,70,978.9257999509573,ts-ui-dashboard|ts-execute-service|ts-auth-mongo|ts-seat-service|ts-travel-service,ts-ui-dashboard_container-memory-working-set-bytes,0.39992753623188404,23,23,0.4726086956521739,0.3272463768115942,22,22,21,0.49639265536723165,baseline-v2-20260723,cd270e7871bd358937d83d9a49829637fa80007d2964084ef229f578e3733bd3,ba75425861a059dafcc477474fc3e4ed1eafdc2b47d6fdd0557337035d29a960,b89e3e36a90c50dd6fddde011cb8734fe33d0fb645863deb044147c1e3c955fe,11894689,1693289154000000000,300
TT/ts-auth-service_delay/4,TT,ts-auth-service,delay,4,300,300,incident,0.5,1,0.5,baro,37,0.02702702702702703,0.0,0.5217391304347826,0,0,0,70,1189.8662999738008,ts-admin-travel-service|ts-travel2-service|ts-seat-service|ts-travel-service|ts-inside-payment-service,ts-admin-travel-service_container-memory-rss,0.39702898550724636,23,23,0.4771014492753623,0.3169565217391304,22,22,20,0.49639265536723165,baseline-v2-20260723,cd270e7871bd358937d83d9a49829637fa80007d2964084ef229f578e3733bd3,ba75425861a059dafcc477474fc3e4ed1eafdc2b47d6fdd0557337035d29a960,b89e3e36a90c50dd6fddde011cb8734fe33d0fb645863deb044147c1e3c955fe,11894689,1693289154000000000,300
TT/ts-auth-service_delay/4,TT,ts-auth-service,delay,4,300,300,incident,0.5,1,0.5,median_shift,20,0.05,0.0,0.2753623188405797,0,0,0,70,344.1867000074126,ts-inside-payment-service|ts-inside-payment-mongo|192-168-93-129-9100|ts-payment-mongo|ts-food-map-mongo,ts-inside-payment-service_container-memory-usage-bytes,0.39702898550724636,23,23,0.4771014492753623,0.3169565217391304,22,22,20,0.49639265536723165,baseline-v2-20260723,cd270e7871bd358937d83d9a49829637fa80007d2964084ef229f578e3733bd3,ba75425861a059dafcc477474fc3e4ed1eafdc2b47d6fdd0557337035d29a960,b89e3e36a90c50dd6fddde011cb8734fe33d0fb645863deb044147c1e3c955fe,11894689,1693289154000000000,300
TT/ts-auth-service_delay/4,TT,ts-auth-service,delay,4,300,300,incident,0.5,1,0.5,nsigma,15,0.06666666666666667,0.0,0.2028985507246377,0,0,0,70,785.7401000219397,ts-execute-service|ts-auth-mongo|ts-seat-service|ts-news-service|ts-consign-price-service,ts-execute-service_container-cpu-user-seconds-total,0.39702898550724636,23,23,0.4771014492753623,0.3169565217391304,22,22,20,0.49639265536723165,baseline-v2-20260723,cd270e7871bd358937d83d9a49829637fa80007d2964084ef229f578e3733bd3,ba75425861a059dafcc477474fc3e4ed1eafdc2b47d6fdd0557337035d29a960,b89e3e36a90c50dd6fddde011cb8734fe33d0fb645863deb044147c1e3c955fe,11894689,1693289154000000000,300
TT/ts-auth-service_delay/4,TT,ts-auth-service,delay,4,300,300,incident,0.5,2,0.5,baro,28,0.03571428571428571,0.0,0.391304347826087,0,0,0,70,911.095599993132,ts-travel2-service|ts-seat-service|ts-travel-service|ts-ui-dashboard|ts-execute-service,ts-travel2-service_container-memory-rss,0.39992753623188404,23,23,0.48507246376811597,0.31478260869565217,22,22,19,0.49639265536723165,baseline-v2-20260723,cd270e7871bd358937d83d9a49829637fa80007d2964084ef229f578e3733bd3,ba75425861a059dafcc477474fc3e4ed1eafdc2b47d6fdd0557337035d29a960,b89e3e36a90c50dd6fddde011cb8734fe33d0fb645863deb044147c1e3c955fe,11894689,1693289154000000000,300
TT/ts-auth-service_delay/4,TT,ts-auth-service,delay,4,300,300,incident,0.5,2,0.5,median_shift,42,0.023809523809523808,0.0,0.5942028985507246,0,0,0,70,345.03609995590523,ts-inside-payment-service|ts-price-service|ts-price-mongo|ts-config-mongo|ts-food-map-mongo,ts-inside-payment-service_container-memory-working-set-bytes,0.39992753623188404,23,23,0.48507246376811597,0.31478260869565217,22,22,19,0.49639265536723165,baseline-v2-20260723,cd270e7871bd358937d83d9a49829637fa80007d2964084ef229f578e3733bd3,ba75425861a059dafcc477474fc3e4ed1eafdc2b47d6fdd0557337035d29a960,b89e3e36a90c50dd6fddde011cb8734fe33d0fb645863deb044147c1e3c955fe,11894689,1693289154000000000,300
TT/ts-auth-service_delay/4,TT,ts-auth-service,delay,4,300,300,incident,0.5,2,0.5,nsigma,16,0.0625,0.0,0.21739130434782608,0,0,0,70,962.6888999482617,ts-ui-dashboard|ts-execute-service|ts-auth-mongo|ts-user-mongo|ts-seat-service,ts-ui-dashboard_container-memory-working-set-bytes,0.39992753623188404,23,23,0.48507246376811597,0.31478260869565217,22,22,19,0.49639265536723165,baseline-v2-20260723,cd270e7871bd358937d83d9a49829637fa80007d2964084ef229f578e3733bd3,ba75425861a059dafcc477474fc3e4ed1eafdc2b47d6fdd0557337035d29a960,b89e3e36a90c50dd6fddde011cb8734fe33d0fb645863deb044147c1e3c955fe,11894689,1693289154000000000,300
TT/ts-auth-service_delay/4,TT,ts-auth-service,delay,4,300,300,incident,0.5,3,0.5,baro,26,0.038461538461538464,0.0,0.36231884057971014,0,0,0,70,1030.5540999979712,ts-travel2-service|ts-seat-service|ts-travel-service|ts-ui-dashboard|ts-execute-service,ts-travel2-service_container-memory-rss,0.39760869565217394,23,23,0.46942028985507245,0.3257971014492754,22,22,19,0.49639265536723165,baseline-v2-20260723,cd270e7871bd358937d83d9a49829637fa80007d2964084ef229f578e3733bd3,ba75425861a059dafcc477474fc3e4ed1eafdc2b47d6fdd0557337035d29a960,b89e3e36a90c50dd6fddde011cb8734fe33d0fb645863deb044147c1e3c955fe,11894689,1693289154000000000,300
TT/ts-auth-service_delay/4,TT,ts-auth-service,delay,4,300,300,incident,0.5,3,0.5,median_shift,51,0.0196078431372549,0.0,0.7246376811594203,0,0,0,70,396.62710000993684,ts-inside-payment-service|ts-price-service|ts-config-mongo|ts-price-mongo|ts-admin-basic-info-service,ts-inside-payment-service_container-memory-usage-bytes,0.39760869565217394,23,23,0.46942028985507245,0.3257971014492754,22,22,19,0.49639265536723165,baseline-v2-20260723,cd270e7871bd358937d83d9a49829637fa80007d2964084ef229f578e3733bd3,ba75425861a059dafcc477474fc3e4ed1eafdc2b47d6fdd0557337035d29a960,b89e3e36a90c50dd6fddde011cb8734fe33d0fb645863deb044147c1e3c955fe,11894689,1693289154000000000,300
TT/ts-auth-service_delay/4,TT,ts-auth-service,delay,4,300,300,incident,0.5,3,0.5,nsigma,33,0.030303030303030304,0.0,0.463768115942029,0,0,0,70,806.6090000211261,ts-execute-service|ts-auth-mongo|ts-ui-dashboard|ts-user-mongo|ts-seat-service,ts-execute-service_container-cpu-user-seconds-total,0.39760869565217394,23,23,0.46942028985507245,0.3257971014492754,22,22,19,0.49639265536723165,baseline-v2-20260723,cd270e7871bd358937d83d9a49829637fa80007d2964084ef229f578e3733bd3,ba75425861a059dafcc477474fc3e4ed1eafdc2b47d6fdd0557337035d29a960,b89e3e36a90c50dd6fddde011cb8734fe33d0fb645863deb044147c1e3c955fe,11894689,1693289154000000000,300
TT/ts-auth-service_delay/4,TT,ts-auth-service,delay,4,300,300,incident,0.5,4,0.5,baro,30,0.03333333333333333,0.0,0.42028985507246375,0,0,0,70,1117.296400014311,ts-travel2-service|ts-seat-service|ts-inside-payment-service|ts-travel-service|ts-ui-dashboard,ts-travel2-service_container-memory-rss,0.3989855072463768,23,23,0.47695652173913045,0.3210144927536232,22,23,21,0.49639265536723165,baseline-v2-20260723,cd270e7871bd358937d83d9a49829637fa80007d2964084ef229f578e3733bd3,ba75425861a059dafcc477474fc3e4ed1eafdc2b47d6fdd0557337035d29a960,b89e3e36a90c50dd6fddde011cb8734fe33d0fb645863deb044147c1e3c955fe,11894689,1693289154000000000,300
TT/ts-auth-service_delay/4,TT,ts-auth-service,delay,4,300,300,incident,0.5,4,0.5,median_shift,11,0.09090909090909091,0.0,0.14492753623188406,0,0,0,70,286.77950002020225,ts-inside-payment-service|ts-inside-payment-mongo|ts-train-mongo|ts-config-service|ts-ticketinfo-service,ts-inside-payment-service_container-memory-usage-bytes,0.3989855072463768,23,23,0.47695652173913045,0.3210144927536232,22,23,21,0.49639265536723165,baseline-v2-20260723,cd270e7871bd358937d83d9a49829637fa80007d2964084ef229f578e3733bd3,ba75425861a059dafcc477474fc3e4ed1eafdc2b47d6fdd0557337035d29a960,b89e3e36a90c50dd6fddde011cb8734fe33d0fb645863deb044147c1e3c955fe,11894689,1693289154000000000,300
TT/ts-auth-service_delay/4,TT,ts-auth-service,delay,4,300,300,incident,0.5,4,0.5,nsigma,48,0.020833333333333332,0.0,0.6811594202898551,0,0,0,70,1300.0198000227101,ts-ui-dashboard|ts-execute-service|ts-auth-mongo|ts-seat-service|ts-food-service,ts-ui-dashboard_container-memory-usage-bytes,0.3989855072463768,23,23,0.47695652173913045,0.3210144927536232,22,23,21,0.49639265536723165,baseline-v2-20260723,cd270e7871bd358937d83d9a49829637fa80007d2964084ef229f578e3733bd3,ba75425861a059dafcc477474fc3e4ed1eafdc2b47d6fdd0557337035d29a960,b89e3e36a90c50dd6fddde011cb8734fe33d0fb645863deb044147c1e3c955fe,11894689,1693289154000000000,300
TT/ts-auth-service_delay/4,TT,ts-auth-service,delay,4,300,300,incident,0.5,5,0.5,baro,36,0.027777777777777776,0.0,0.5072463768115942,0,0,0,70,850.4742000368424,ts-travel2-service|ts-seat-service|ts-travel-service|ts-ui-dashboard|ts-auth-mongo,ts-travel2-service_container-memory-rss,0.3991304347826087,23,23,0.47797101449275364,0.32028985507246377,22,22,20,0.49639265536723165,baseline-v2-20260723,cd270e7871bd358937d83d9a49829637fa80007d2964084ef229f578e3733bd3,ba75425861a059dafcc477474fc3e4ed1eafdc2b47d6fdd0557337035d29a960,b89e3e36a90c50dd6fddde011cb8734fe33d0fb645863deb044147c1e3c955fe,11894689,1693289154000000000,300
TT/ts-auth-service_delay/4,TT,ts-auth-service,delay,4,300,300,incident,0.5,5,0.5,median_shift,28,0.03571428571428571,0.0,0.391304347826087,0,0,0,70,278.975699970033,ts-inside-payment-service|ts-inside-payment-mongo|ts-food-map-mongo|ts-auth-mongo|ts-payment-service,ts-inside-payment-service_container-memory-working-set-bytes,0.3991304347826087,23,23,0.47797101449275364,0.32028985507246377,22,22,20,0.49639265536723165,baseline-v2-20260723,cd270e7871bd358937d83d9a49829637fa80007d2964084ef229f578e3733bd3,ba75425861a059dafcc477474fc3e4ed1eafdc2b47d6fdd0557337035d29a960,b89e3e36a90c50dd6fddde011cb8734fe33d0fb645863deb044147c1e3c955fe,11894689,1693289154000000000,300
TT/ts-auth-service_delay/4,TT,ts-auth-service,delay,4,300,300,incident,0.5,5,0.5,nsigma,52,0.019230769230769232,0.0,0.7391304347826086,0,0,0,70,865.1736000319943,ts-ui-dashboard|ts-execute-service|ts-auth-mongo|ts-seat-service|ts-assurance-service,ts-ui-dashboard_container-memory-usage-bytes,0.3991304347826087,23,23,0.47797101449275364,0.32028985507246377,22,22,20,0.49639265536723165,baseline-v2-20260723,cd270e7871bd358937d83d9a49829637fa80007d2964084ef229f578e3733bd3,ba75425861a059dafcc477474fc3e4ed1eafdc2b47d6fdd0557337035d29a960,b89e3e36a90c50dd6fddde011cb8734fe33d0fb645863deb044147c1e3c955fe,11894689,1693289154000000000,300
TT/ts-auth-service_delay/4,TT,ts-auth-service,delay,4,300,300,incident,0.5,6,0.5,baro,19,0.05263157894736842,0.0,0.2608695652173913,0,0,0,70,836.1318000243045,ts-travel2-service|ts-seat-service|ts-travel-service|ts-ui-dashboard|ts-auth-mongo,ts-travel2-service_container-memory-rss,0.40550724637681157,23,23,0.48579710144927535,0.32521739130434785,22,22,20,0.49639265536723165,baseline-v2-20260723,cd270e7871bd358937d83d9a49829637fa80007d2964084ef229f578e3733bd3,ba75425861a059dafcc477474fc3e4ed1eafdc2b47d6fdd0557337035d29a960,b89e3e36a90c50dd6fddde011cb8734fe33d0fb645863deb044147c1e3c955fe,11894689,1693289154000000000,300
TT/ts-auth-service_delay/4,TT,ts-auth-service,delay,4,300,300,incident,0.5,6,0.5,median_shift,34,0.029411764705882353,0.0,0.4782608695652174,0,0,0,70,258.6208999855444,ts-inside-payment-service|ts-price-mongo|ts-config-mongo|ts-travel-mongo|ts-ticketinfo-service,ts-inside-payment-service_container-memory-usage-bytes,0.40550724637681157,23,23,0.48579710144927535,0.32521739130434785,22,22,20,0.49639265536723165,baseline-v2-20260723,cd270e7871bd358937d83d9a49829637fa80007d2964084ef229f578e3733bd3,ba75425861a059dafcc477474fc3e4ed1eafdc2b47d6fdd0557337035d29a960,b89e3e36a90c50dd6fddde011cb8734fe33d0fb645863deb044147c1e3c955fe,11894689,1693289154000000000,300
TT/ts-auth-service_delay/4,TT,ts-auth-service,delay,4,300,300,incident,0.5,6,0.5,nsigma,51,0.0196078431372549,0.0,0.7246376811594203,0,0,0,70,855.3592000389472,ts-ui-dashboard|ts-auth-mongo|ts-user-mongo|ts-seat-service|ts-travel-service,ts-ui-dashboard_container-memory-usage-bytes,0.40550724637681157,23,23,0.48579710144927535,0.32521739130434785,22,22,20,0.49639265536723165,baseline-v2-20260723,cd270e7871bd358937d83d9a49829637fa80007d2964084ef229f578e3733bd3,ba75425861a059dafcc477474fc3e4ed1eafdc2b47d6fdd0557337035d29a960,b89e3e36a90c50dd6fddde011cb8734fe33d0fb645863deb044147c1e3c955fe,11894689,1693289154000000000,300
TT/ts-auth-service_delay/4,TT,ts-auth-service,delay,4,300,300,incident,0.5,7,0.5,baro,43,0.023255813953488372,0.0,0.6086956521739131,0,0,0,70,948.7049999879673,ts-travel2-service|ts-seat-service|ts-inside-payment-service|ts-travel-service|ts-ui-dashboard,ts-travel2-service_container-memory-rss,0.40449275362318843,23,23,0.4844927536231884,0.3244927536231884,22,22,20,0.49639265536723165,baseline-v2-20260723,cd270e7871bd358937d83d9a49829637fa80007d2964084ef229f578e3733bd3,ba75425861a059dafcc477474fc3e4ed1eafdc2b47d6fdd0557337035d29a960,b89e3e36a90c50dd6fddde011cb8734fe33d0fb645863deb044147c1e3c955fe,11894689,1693289154000000000,300
TT/ts-auth-service_delay/4,TT,ts-auth-service,delay,4,300,300,incident,0.5,7,0.5,median_shift,20,0.05,0.0,0.2753623188405797,0,0,0,70,284.4630000181496,ts-inside-payment-service|ts-consign-service|ts-price-mongo|ts-travel-mongo|ts-config-service,ts-inside-payment-service_container-memory-working-set-bytes,0.40449275362318843,23,23,0.4844927536231884,0.3244927536231884,22,22,20,0.49639265536723165,baseline-v2-20260723,cd270e7871bd358937d83d9a49829637fa80007d2964084ef229f578e3733bd3,ba75425861a059dafcc477474fc3e4ed1eafdc2b47d6fdd0557337035d29a960,b89e3e36a90c50dd6fddde011cb8734fe33d0fb645863deb044147c1e3c955fe,11894689,1693289154000000000,300
TT/ts-auth-service_delay/4,TT,ts-auth-service,delay,4,300,300,incident,0.5,7,0.5,nsigma,18,0.05555555555555555,0.0,0.2463768115942029,0,0,0,70,736.8791000335477,ts-ui-dashboard|ts-execute-service|ts-auth-mongo|ts-user-mongo|ts-seat-service,ts-ui-dashboard_container-memory-working-set-bytes,0.40449275362318843,23,23,0.4844927536231884,0.3244927536231884,22,22,20,0.49639265536723165,baseline-v2-20260723,cd270e7871bd358937d83d9a49829637fa80007d2964084ef229f578e3733bd3,ba75425861a059dafcc477474fc3e4ed1eafdc2b47d6fdd0557337035d29a960,b89e3e36a90c50dd6fddde011cb8734fe33d0fb645863deb044147c1e3c955fe,11894689,1693289154000000000,300
TT/ts-auth-service_delay/4,TT,ts-auth-service,delay,4,300,300,incident,0.5,8,0.5,baro,41,0.024390243902439025,0.0,0.5797101449275363,0,0,0,70,884.83549997909,ts-travel2-service|ts-seat-service|ts-inside-payment-service|ts-travel-service|ts-ui-dashboard,ts-travel2-service_container-memory-rss,0.40681159420289853,23,23,0.4915942028985507,0.3220289855072464,22,21,20,0.49639265536723165,baseline-v2-20260723,cd270e7871bd358937d83d9a49829637fa80007d2964084ef229f578e3733bd3,ba75425861a059dafcc477474fc3e4ed1eafdc2b47d6fdd0557337035d29a960,b89e3e36a90c50dd6fddde011cb8734fe33d0fb645863deb044147c1e3c955fe,11894689,1693289154000000000,300
TT/ts-auth-service_delay/4,TT,ts-auth-service,delay,4,300,300,incident,0.5,8,0.5,median_shift,39,0.02564102564102564,0.0,0.5507246376811594,0,0,0,70,406.99920000042766,ts-inside-payment-service|ts-price-service|ts-price-mongo|ts-config-service|ts-food-map-mongo,ts-inside-payment-service_container-memory-usage-bytes,0.40681159420289853,23,23,0.4915942028985507,0.3220289855072464,22,21,20,0.49639265536723165,baseline-v2-20260723,cd270e7871bd358937d83d9a49829637fa80007d2964084ef229f578e3733bd3,ba75425861a059dafcc477474fc3e4ed1eafdc2b47d6fdd0557337035d29a960,b89e3e36a90c50dd6fddde011cb8734fe33d0fb645863deb044147c1e3c955fe,11894689,1693289154000000000,300
TT/ts-auth-service_delay/4,TT,ts-auth-service,delay,4,300,300,incident,0.5,8,0.5,nsigma,51,0.0196078431372549,0.0,0.7246376811594203,0,0,0,70,1053.1778000295162,ts-ui-dashboard|ts-execute-service|ts-auth-mongo|ts-user-mongo|ts-consign-price-mongo,ts-ui-dashboard_container-memory-usage-bytes,0.40681159420289853,23,23,0.4915942028985507,0.3220289855072464,22,21,20,0.49639265536723165,baseline-v2-20260723,cd270e7871bd358937d83d9a49829637fa80007d2964084ef229f578e3733bd3,ba75425861a059dafcc477474fc3e4ed1eafdc2b47d6fdd0557337035d29a960,b89e3e36a90c50dd6fddde011cb8734fe33d0fb645863deb044147c1e3c955fe,11894689,1693289154000000000,300
TT/ts-auth-service_delay/4,TT,ts-auth-service,delay,4,300,300,incident,0.5,9,0.5,baro,37,0.02702702702702703,0.0,0.5217391304347826,0,0,0,70,881.2261000275612,ts-travel2-service|ts-seat-service|ts-travel-service|ts-ui-dashboard|ts-preserve-service,ts-travel2-service_container-memory-rss,0.39710144927536234,23,23,0.4827536231884058,0.31144927536231887,22,21,19,0.49639265536723165,baseline-v2-20260723,cd270e7871bd358937d83d9a49829637fa80007d2964084ef229f578e3733bd3,ba75425861a059dafcc477474fc3e4ed1eafdc2b47d6fdd0557337035d29a960,b89e3e36a90c50dd6fddde011cb8734fe33d0fb645863deb044147c1e3c955fe,11894689,1693289154000000000,300
TT/ts-auth-service_delay/4,TT,ts-auth-service,delay,4,300,300,incident,0.5,9,0.5,median_shift,43,0.023255813953488372,0.0,0.6086956521739131,0,0,0,70,299.9618000467308,ts-inside-payment-service|ts-price-mongo|ts-inside-payment-mongo|ts-travel-mongo|ts-auth-mongo,ts-inside-payment-service_container-memory-working-set-bytes,0.39710144927536234,23,23,0.4827536231884058,0.31144927536231887,22,21,19,0.49639265536723165,baseline-v2-20260723,cd270e7871bd358937d83d9a49829637fa80007d2964084ef229f578e3733bd3,ba75425861a059dafcc477474fc3e4ed1eafdc2b47d6fdd0557337035d29a960,b89e3e36a90c50dd6fddde011cb8734fe33d0fb645863deb044147c1e3c955fe,11894689,1693289154000000000,300
TT/ts-auth-service_delay/4,TT,ts-auth-service,delay,4,300,300,incident,0.5,9,0.5,nsigma,33,0.030303030303030304,0.0,0.463768115942029,0,0,0,70,822.9327999870293,ts-ui-dashboard|ts-execute-service|ts-auth-mongo|ts-user-mongo|ts-seat-service,ts-ui-dashboard_container-memory-usage-bytes,0.39710144927536234,23,23,0.4827536231884058,0.31144927536231887,22,21,19,0.49639265536723165,baseline-v2-20260723,cd270e7871bd358937d83d9a49829637fa80007d2964084ef229f578e3733bd3,ba75425861a059dafcc477474fc3e4ed1eafdc2b47d6fdd0557337035d29a960,b89e3e36a90c50dd6fddde011cb8734fe33d0fb645863deb044147c1e3c955fe,11894689,1693289154000000000,300
TT/ts-auth-service_delay/4,TT,ts-auth-service,delay,4,300,300,none,0.0,0,0.0,baro,1,1.0,1.0,0.0,1,1,1,70,1398.2129000360146,ts-auth-service|ts-travel-service|ts-auth-mongo|ts-travel2-service|ts-cancel-service,ts-auth-service_container-memory-usage-bytes,0.9776811594202899,23,23,0.9565217391304348,0.998840579710145,22,23,22,0.9927853107344633,baseline-v2-20260723,cd270e7871bd358937d83d9a49829637fa80007d2964084ef229f578e3733bd3,ba75425861a059dafcc477474fc3e4ed1eafdc2b47d6fdd0557337035d29a960,b89e3e36a90c50dd6fddde011cb8734fe33d0fb645863deb044147c1e3c955fe,11894689,1693289154000000000,300
TT/ts-auth-service_delay/4,TT,ts-auth-service,delay,4,300,300,none,0.0,0,0.0,median_shift,2,0.5,0.8,0.014492753623188406,0,1,1,70,381.61420001415536,ts-auth-mongo|ts-auth-service|ts-config-mongo|ts-consign-mongo|ts-food-mongo,ts-auth-mongo_container-memory-rss,0.9776811594202899,23,23,0.9565217391304348,0.998840579710145,22,23,22,0.9927853107344633,baseline-v2-20260723,cd270e7871bd358937d83d9a49829637fa80007d2964084ef229f578e3733bd3,ba75425861a059dafcc477474fc3e4ed1eafdc2b47d6fdd0557337035d29a960,b89e3e36a90c50dd6fddde011cb8734fe33d0fb645863deb044147c1e3c955fe,11894689,1693289154000000000,300
TT/ts-auth-service_delay/4,TT,ts-auth-service,delay,4,300,300,none,0.0,0,0.0,nsigma,1,1.0,1.0,0.0,1,1,1,70,1282.1496999822557,ts-auth-service|ts-consign-service|ts-route-service|ts-station-service|ts-execute-service,ts-auth-service_container-memory-failures-total,0.9776811594202899,23,23,0.9565217391304348,0.998840579710145,22,23,22,0.9927853107344633,baseline-v2-20260723,cd270e7871bd358937d83d9a49829637fa80007d2964084ef229f578e3733bd3,ba75425861a059dafcc477474fc3e4ed1eafdc2b47d6fdd0557337035d29a960,b89e3e36a90c50dd6fddde011cb8734fe33d0fb645863deb044147c1e3c955fe,11894689,1693289154000000000,300
TT/ts-auth-service_delay/4,TT,ts-auth-service,delay,4,300,300,point,0.1,0,0.09999971546126574,baro,1,1.0,1.0,0.0,1,1,1,70,1201.7561999964528,ts-auth-service|ts-travel-service|ts-auth-mongo|ts-travel2-service|ts-inside-payment-service,ts-auth-service_container-memory-usage-bytes,0.8776086956521739,23,23,0.8588405797101449,0.8963768115942029,22,23,22,0.8935070621468927,baseline-v2-20260723,cd270e7871bd358937d83d9a49829637fa80007d2964084ef229f578e3733bd3,ba75425861a059dafcc477474fc3e4ed1eafdc2b47d6fdd0557337035d29a960,b89e3e36a90c50dd6fddde011cb8734fe33d0fb645863deb044147c1e3c955fe,11894689,1693289154000000000,300
TT/ts-auth-service_delay/4,TT,ts-auth-service,delay,4,300,300,point,0.1,0,0.09999971546126574,median_shift,2,0.5,0.8,0.014492753623188406,0,1,1,70,357.3156000347808,ts-auth-mongo|ts-auth-service|ts-config-mongo|ts-consign-mongo|ts-food-mongo,ts-auth-mongo_container-memory-rss,0.8776086956521739,23,23,0.8588405797101449,0.8963768115942029,22,23,22,0.8935070621468927,baseline-v2-20260723,cd270e7871bd358937d83d9a49829637fa80007d2964084ef229f578e3733bd3,ba75425861a059dafcc477474fc3e4ed1eafdc2b47d6fdd0557337035d29a960,b89e3e36a90c50dd6fddde011cb8734fe33d0fb645863deb044147c1e3c955fe,11894689,1693289154000000000,300
TT/ts-auth-service_delay/4,TT,ts-auth-service,delay,4,300,300,point,0.1,0,0.09999971546126574,nsigma,1,1.0,1.0,0.0,1,1,1,70,954.7925000078976,ts-auth-service|ts-consign-service|ts-route-service|ts-station-service|ts-execute-service,ts-auth-service_container-memory-failures-total,0.8776086956521739,23,23,0.8588405797101449,0.8963768115942029,22,23,22,0.8935070621468927,baseline-v2-20260723,cd270e7871bd358937d83d9a49829637fa80007d2964084ef229f578e3733bd3,ba75425861a059dafcc477474fc3e4ed1eafdc2b47d6fdd0557337035d29a960,b89e3e36a90c50dd6fddde011cb8734fe33d0fb645863deb044147c1e3c955fe,11894689,1693289154000000000,300
TT/ts-auth-service_delay/4,TT,ts-auth-service,delay,4,300,300,point,0.1,1,0.09999971546126574,baro,1,1.0,1.0,0.0,1,1,1,70,1176.6161000123248,ts-auth-service|ts-travel-service|ts-auth-mongo|ts-travel2-service|ts-cancel-service,ts-auth-service_container-memory-usage-bytes,0.8783333333333333,23,23,0.8586956521739131,0.8979710144927536,22,23,22,0.8935070621468927,baseline-v2-20260723,cd270e7871bd358937d83d9a49829637fa80007d2964084ef229f578e3733bd3,ba75425861a059dafcc477474fc3e4ed1eafdc2b47d6fdd0557337035d29a960,b89e3e36a90c50dd6fddde011cb8734fe33d0fb645863deb044147c1e3c955fe,11894689,1693289154000000000,300
TT/ts-auth-service_delay/4,TT,ts-auth-service,delay,4,300,300,point,0.1,1,0.09999971546126574,median_shift,2,0.5,0.8,0.014492753623188406,0,1,1,70,288.6860999860801,ts-auth-mongo|ts-auth-service|ts-config-mongo|ts-consign-mongo|ts-food-mongo,ts-auth-mongo_container-memory-rss,0.8783333333333333,23,23,0.8586956521739131,0.8979710144927536,22,23,22,0.8935070621468927,baseline-v2-20260723,cd270e7871bd358937d83d9a49829637fa80007d2964084ef229f578e3733bd3,ba75425861a059dafcc477474fc3e4ed1eafdc2b47d6fdd0557337035d29a960,b89e3e36a90c50dd6fddde011cb8734fe33d0fb645863deb044147c1e3c955fe,11894689,1693289154000000000,300
TT/ts-auth-service_delay/4,TT,ts-auth-service,delay,4,300,300,point,0.1,1,0.09999971546126574,nsigma,1,1.0,1.0,0.0,1,1,1,70,992.3206000239588,ts-auth-service|ts-consign-service|ts-route-service|ts-station-service|ts-execute-service,ts-auth-service_container-memory-failures-total,0.8783333333333333,23,23,0.8586956521739131,0.8979710144927536,22,23,22,0.8935070621468927,baseline-v2-20260723,cd270e7871bd358937d83d9a49829637fa80007d2964084ef229f578e3733bd3,ba75425861a059dafcc477474fc3e4ed1eafdc2b47d6fdd0557337035d29a960,b89e3e36a90c50dd6fddde011cb8734fe33d0fb645863deb044147c1e3c955fe,11894689,1693289154000000000,300
TT/ts-auth-service_delay/4,TT,ts-auth-service,delay,4,300,300,point,0.1,2,0.09999971546126574,baro,1,1.0,1.0,0.0,1,1,1,70,1069.3405999918468,ts-auth-service|ts-travel-service|ts-auth-mongo|ts-travel2-service|ts-cancel-service,ts-auth-service_container-memory-usage-bytes,0.8804347826086957,23,23,0.8604347826086957,0.9004347826086957,22,23,22,0.8935070621468927,baseline-v2-20260723,cd270e7871bd358937d83d9a49829637fa80007d2964084ef229f578e3733bd3,ba75425861a059dafcc477474fc3e4ed1eafdc2b47d6fdd0557337035d29a960,b89e3e36a90c50dd6fddde011cb8734fe33d0fb645863deb044147c1e3c955fe,11894689,1693289154000000000,300
TT/ts-auth-service_delay/4,TT,ts-auth-service,delay,4,300,300,point,0.1,2,0.09999971546126574,median_shift,2,0.5,0.8,0.014492753623188406,0,1,1,70,340.6729000271298,ts-auth-mongo|ts-auth-service|ts-config-mongo|ts-consign-mongo|ts-food-mongo,ts-auth-mongo_container-memory-rss,0.8804347826086957,23,23,0.8604347826086957,0.9004347826086957,22,23,22,0.8935070621468927,baseline-v2-20260723,cd270e7871bd358937d83d9a49829637fa80007d2964084ef229f578e3733bd3,ba75425861a059dafcc477474fc3e4ed1eafdc2b47d6fdd0557337035d29a960,b89e3e36a90c50dd6fddde011cb8734fe33d0fb645863deb044147c1e3c955fe,11894689,1693289154000000000,300
TT/ts-auth-service_delay/4,TT,ts-auth-service,delay,4,300,300,point,0.1,2,0.09999971546126574,nsigma,1,1.0,1.0,0.0,1,1,1,70,782.0984999998473,ts-auth-service|ts-consign-service|ts-route-service|ts-station-service|ts-execute-service,ts-auth-service_container-memory-failures-total,0.8804347826086957,23,23,0.8604347826086957,0.9004347826086957,22,23,22,0.8935070621468927,baseline-v2-20260723,cd270e7871bd358937d83d9a49829637fa80007d2964084ef229f578e3733bd3,ba75425861a059dafcc477474fc3e4ed1eafdc2b47d6fdd0557337035d29a960,b89e3e36a90c50dd6fddde011cb8734fe33d0fb645863deb044147c1e3c955fe,11894689,1693289154000000000,300
TT/ts-auth-service_delay/4,TT,ts-auth-service,delay,4,300,300,point,0.1,3,0.09999971546126574,baro,1,1.0,1.0,0.0,1,1,1,70,1052.0348999998532,ts-auth-service|ts-travel-service|ts-auth-mongo|ts-travel2-service|ts-cancel-service,ts-auth-service_container-memory-usage-bytes,0.8807971014492754,23,23,0.8602898550724638,0.9013043478260869,22,23,22,0.8935070621468927,baseline-v2-20260723,cd270e7871bd358937d83d9a49829637fa80007d2964084ef229f578e3733bd3,ba75425861a059dafcc477474fc3e4ed1eafdc2b47d6fdd0557337035d29a960,b89e3e36a90c50dd6fddde011cb8734fe33d0fb645863deb044147c1e3c955fe,11894689,1693289154000000000,300
TT/ts-auth-service_delay/4,TT,ts-auth-service,delay,4,300,300,point,0.1,3,0.09999971546126574,median_shift,2,0.5,0.8,0.014492753623188406,0,1,1,70,287.8846999956295,ts-auth-mongo|ts-auth-service|ts-config-mongo|ts-consign-mongo|ts-food-mongo,ts-auth-mongo_container-memory-rss,0.8807971014492754,23,23,0.8602898550724638,0.9013043478260869,22,23,22,0.8935070621468927,baseline-v2-20260723,cd270e7871bd358937d83d9a49829637fa80007d2964084ef229f578e3733bd3,ba75425861a059dafcc477474fc3e4ed1eafdc2b47d6fdd0557337035d29a960,b89e3e36a90c50dd6fddde011cb8734fe33d0fb645863deb044147c1e3c955fe,11894689,1693289154000000000,300
TT/ts-auth-service_delay/4,TT,ts-auth-service,delay,4,300,300,point,0.1,3,0.09999971546126574,nsigma,1,1.0,1.0,0.0,1,1,1,70,955.6229999870993,ts-auth-service|ts-consign-service|ts-route-service|ts-station-service|ts-execute-service,ts-auth-service_container-memory-failures-total,0.8807971014492754,23,23,0.8602898550724638,0.9013043478260869,22,23,22,0.8935070621468927,baseline-v2-20260723,cd270e7871bd358937d83d9a49829637fa80007d2964084ef229f578e3733bd3,ba75425861a059dafcc477474fc3e4ed1eafdc2b47d6fdd0557337035d29a960,b89e3e36a90c50dd6fddde011cb8734fe33d0fb645863deb044147c1e3c955fe,11894689,1693289154000000000,300
TT/ts-auth-service_delay/4,TT,ts-auth-service,delay,4,300,300,point,0.1,4,0.09999971546126574,baro,1,1.0,1.0,0.0,1,1,1,70,1172.154599975329,ts-auth-service|ts-travel-service|ts-auth-mongo|ts-travel2-service|ts-cancel-service,ts-auth-service_container-memory-usage-bytes,0.8806521739130435,23,23,0.8633333333333333,0.8979710144927536,22,23,22,0.8935070621468927,baseline-v2-20260723,cd270e7871bd358937d83d9a49829637fa80007d2964084ef229f578e3733bd3,ba75425861a059dafcc477474fc3e4ed1eafdc2b47d6fdd0557337035d29a960,b89e3e36a90c50dd6fddde011cb8734fe33d0fb645863deb044147c1e3c955fe,11894689,1693289154000000000,300
TT/ts-auth-service_delay/4,TT,ts-auth-service,delay,4,300,300,point,0.1,4,0.09999971546126574,median_shift,2,0.5,0.8,0.014492753623188406,0,1,1,70,317.93220003601164,ts-auth-mongo|ts-auth-service|ts-config-mongo|ts-consign-mongo|ts-food-mongo,ts-auth-mongo_container-memory-rss,0.8806521739130435,23,23,0.8633333333333333,0.8979710144927536,22,23,22,0.8935070621468927,baseline-v2-20260723,cd270e7871bd358937d83d9a49829637fa80007d2964084ef229f578e3733bd3,ba75425861a059dafcc477474fc3e4ed1eafdc2b47d6fdd0557337035d29a960,b89e3e36a90c50dd6fddde011cb8734fe33d0fb645863deb044147c1e3c955fe,11894689,1693289154000000000,300
TT/ts-auth-service_delay/4,TT,ts-auth-service,delay,4,300,300,point,0.1,4,0.09999971546126574,nsigma,1,1.0,1.0,0.0,1,1,1,70,867.498500039801,ts-auth-service|ts-consign-service|ts-route-service|ts-station-service|ts-execute-service,ts-auth-service_container-memory-failures-total,0.8806521739130435,23,23,0.8633333333333333,0.8979710144927536,22,23,22,0.8935070621468927,baseline-v2-20260723,cd270e7871bd358937d83d9a49829637fa80007d2964084ef229f578e3733bd3,ba75425861a059dafcc477474fc3e4ed1eafdc2b47d6fdd0557337035d29a960,b89e3e36a90c50dd6fddde011cb8734fe33d0fb645863deb044147c1e3c955fe,11894689,1693289154000000000,300
TT/ts-auth-service_delay/4,TT,ts-auth-service,delay,4,300,300,point,0.1,5,0.09999971546126574,baro,1,1.0,1.0,0.0,1,1,1,70,1014.8398000164889,ts-auth-service|ts-travel-service|ts-auth-mongo|ts-travel2-service|ts-cancel-service,ts-auth-service_container-memory-usage-bytes,0.8801449275362319,23,23,0.8586956521739131,0.9015942028985507,22,23,22,0.8935070621468927,baseline-v2-20260723,cd270e7871bd358937d83d9a49829637fa80007d2964084ef229f578e3733bd3,ba75425861a059dafcc477474fc3e4ed1eafdc2b47d6fdd0557337035d29a960,b89e3e36a90c50dd6fddde011cb8734fe33d0fb645863deb044147c1e3c955fe,11894689,1693289154000000000,300
TT/ts-auth-service_delay/4,TT,ts-auth-service,delay,4,300,300,point,0.1,5,0.09999971546126574,median_shift,2,0.5,0.8,0.014492753623188406,0,1,1,70,297.8713000193238,ts-auth-mongo|ts-auth-service|ts-config-mongo|ts-consign-mongo|ts-food-mongo,ts-auth-mongo_container-memory-rss,0.8801449275362319,23,23,0.8586956521739131,0.9015942028985507,22,23,22,0.8935070621468927,baseline-v2-20260723,cd270e7871bd358937d83d9a49829637fa80007d2964084ef229f578e3733bd3,ba75425861a059dafcc477474fc3e4ed1eafdc2b47d6fdd0557337035d29a960,b89e3e36a90c50dd6fddde011cb8734fe33d0fb645863deb044147c1e3c955fe,11894689,1693289154000000000,300
TT/ts-auth-service_delay/4,TT,ts-auth-service,delay,4,300,300,point,0.1,5,0.09999971546126574,nsigma,1,1.0,1.0,0.0,1,1,1,70,852.5401999941096,ts-auth-service|ts-consign-service|ts-route-service|ts-station-service|ts-execute-service,ts-auth-service_container-memory-failures-total,0.8801449275362319,23,23,0.8586956521739131,0.9015942028985507,22,23,22,0.8935070621468927,baseline-v2-20260723,cd270e7871bd358937d83d9a49829637fa80007d2964084ef229f578e3733bd3,ba75425861a059dafcc477474fc3e4ed1eafdc2b47d6fdd0557337035d29a960,b89e3e36a90c50dd6fddde011cb8734fe33d0fb645863deb044147c1e3c955fe,11894689,1693289154000000000,300
TT/ts-auth-service_delay/4,TT,ts-auth-service,delay,4,300,300,point,0.1,6,0.09999971546126574,baro,1,1.0,1.0,0.0,1,1,1,70,1044.4933999679051,ts-auth-service|ts-travel-service|ts-auth-mongo|ts-travel2-service|ts-cancel-service,ts-auth-service_container-memory-usage-bytes,0.8798550724637682,23,23,0.8582608695652174,0.9014492753623189,22,23,22,0.8935070621468927,baseline-v2-20260723,cd270e7871bd358937d83d9a49829637fa80007d2964084ef229f578e3733bd3,ba75425861a059dafcc477474fc3e4ed1eafdc2b47d6fdd0557337035d29a960,b89e3e36a90c50dd6fddde011cb8734fe33d0fb645863deb044147c1e3c955fe,11894689,1693289154000000000,300
TT/ts-auth-service_delay/4,TT,ts-auth-service,delay,4,300,300,point,0.1,6,0.09999971546126574,median_shift,2,0.5,0.8,0.014492753623188406,0,1,1,70,292.8580000298098,ts-auth-mongo|ts-auth-service|ts-config-mongo|ts-consign-mongo|ts-food-mongo,ts-auth-mongo_container-memory-rss,0.8798550724637682,23,23,0.8582608695652174,0.9014492753623189,22,23,22,0.8935070621468927,baseline-v2-20260723,cd270e7871bd358937d83d9a49829637fa80007d2964084ef229f578e3733bd3,ba75425861a059dafcc477474fc3e4ed1eafdc2b47d6fdd0557337035d29a960,b89e3e36a90c50dd6fddde011cb8734fe33d0fb645863deb044147c1e3c955fe,11894689,1693289154000000000,300
TT/ts-auth-service_delay/4,TT,ts-auth-service,delay,4,300,300,point,0.1,6,0.09999971546126574,nsigma,1,1.0,1.0,0.0,1,1,1,70,870.7229999708943,ts-auth-service|ts-consign-service|ts-route-service|ts-station-service|ts-execute-service,ts-auth-service_container-memory-failures-total,0.8798550724637682,23,23,0.8582608695652174,0.9014492753623189,22,23,22,0.8935070621468927,baseline-v2-20260723,cd270e7871bd358937d83d9a49829637fa80007d2964084ef229f578e3733bd3,ba75425861a059dafcc477474fc3e4ed1eafdc2b47d6fdd0557337035d29a960,b89e3e36a90c50dd6fddde011cb8734fe33d0fb645863deb044147c1e3c955fe,11894689,1693289154000000000,300
TT/ts-auth-service_delay/4,TT,ts-auth-service,delay,4,300,300,point,0.1,7,0.09999971546126574,baro,1,1.0,1.0,0.0,1,1,1,70,1133.451400033664,ts-auth-service|ts-travel-service|ts-auth-mongo|ts-travel2-service|ts-cancel-service,ts-auth-service_container-memory-usage-bytes,0.8834782608695653,23,23,0.8678260869565217,0.8991304347826087,22,23,22,0.8935070621468927,baseline-v2-20260723,cd270e7871bd358937d83d9a49829637fa80007d2964084ef229f578e3733bd3,ba75425861a059dafcc477474fc3e4ed1eafdc2b47d6fdd0557337035d29a960,b89e3e36a90c50dd6fddde011cb8734fe33d0fb645863deb044147c1e3c955fe,11894689,1693289154000000000,300
TT/ts-auth-service_delay/4,TT,ts-auth-service,delay,4,300,300,point,0.1,7,0.09999971546126574,median_shift,2,0.5,0.8,0.014492753623188406,0,1,1,70,290.55949999019504,ts-auth-mongo|ts-auth-service|ts-config-mongo|ts-consign-mongo|ts-food-mongo,ts-auth-mongo_container-memory-rss,0.8834782608695653,23,23,0.8678260869565217,0.8991304347826087,22,23,22,0.8935070621468927,baseline-v2-20260723,cd270e7871bd358937d83d9a49829637fa80007d2964084ef229f578e3733bd3,ba75425861a059dafcc477474fc3e4ed1eafdc2b47d6fdd0557337035d29a960,b89e3e36a90c50dd6fddde011cb8734fe33d0fb645863deb044147c1e3c955fe,11894689,1693289154000000000,300
TT/ts-auth-service_delay/4,TT,ts-auth-service,delay,4,300,300,point,0.1,7,0.09999971546126574,nsigma,1,1.0,1.0,0.0,1,1,1,70,822.2754999878816,ts-auth-service|ts-consign-service|ts-route-service|ts-station-service|ts-execute-service,ts-auth-service_container-memory-failures-total,0.8834782608695653,23,23,0.8678260869565217,0.8991304347826087,22,23,22,0.8935070621468927,baseline-v2-20260723,cd270e7871bd358937d83d9a49829637fa80007d2964084ef229f578e3733bd3,ba75425861a059dafcc477474fc3e4ed1eafdc2b47d6fdd0557337035d29a960,b89e3e36a90c50dd6fddde011cb8734fe33d0fb645863deb044147c1e3c955fe,11894689,1693289154000000000,300
TT/ts-auth-service_delay/4,TT,ts-auth-service,delay,4,300,300,point,0.1,8,0.09999971546126574,baro,1,1.0,1.0,0.0,1,1,1,70,1081.1544000171125,ts-auth-service|ts-travel-service|ts-auth-mongo|ts-travel2-service|ts-cancel-service,ts-auth-service_container-memory-usage-bytes,0.881159420289855,23,23,0.8598550724637681,0.902463768115942,22,23,22,0.8935070621468927,baseline-v2-20260723,cd270e7871bd358937d83d9a49829637fa80007d2964084ef229f578e3733bd3,ba75425861a059dafcc477474fc3e4ed1eafdc2b47d6fdd0557337035d29a960,b89e3e36a90c50dd6fddde011cb8734fe33d0fb645863deb044147c1e3c955fe,11894689,1693289154000000000,300
TT/ts-auth-service_delay/4,TT,ts-auth-service,delay,4,300,300,point,0.1,8,0.09999971546126574,median_shift,2,0.5,0.8,0.014492753623188406,0,1,1,70,388.6125000426546,ts-auth-mongo|ts-auth-service|ts-config-mongo|ts-consign-mongo|ts-food-mongo,ts-auth-mongo_container-memory-rss,0.881159420289855,23,23,0.8598550724637681,0.902463768115942,22,23,22,0.8935070621468927,baseline-v2-20260723,cd270e7871bd358937d83d9a49829637fa80007d2964084ef229f578e3733bd3,ba75425861a059dafcc477474fc3e4ed1eafdc2b47d6fdd0557337035d29a960,b89e3e36a90c50dd6fddde011cb8734fe33d0fb645863deb044147c1e3c955fe,11894689,1693289154000000000,300
TT/ts-auth-service_delay/4,TT,ts-auth-service,delay,4,300,300,point,0.1,8,0.09999971546126574,nsigma,1,1.0,1.0,0.0,1,1,1,70,910.6788999633864,ts-auth-service|ts-consign-service|ts-route-service|ts-station-service|ts-execute-service,ts-auth-service_container-memory-failures-total,0.881159420289855,23,23,0.8598550724637681,0.902463768115942,22,23,22,0.8935070621468927,baseline-v2-20260723,cd270e7871bd358937d83d9a49829637fa80007d2964084ef229f578e3733bd3,ba75425861a059dafcc477474fc3e4ed1eafdc2b47d6fdd0557337035d29a960,b89e3e36a90c50dd6fddde011cb8734fe33d0fb645863deb044147c1e3c955fe,11894689,1693289154000000000,300
TT/ts-auth-service_delay/4,TT,ts-auth-service,delay,4,300,300,point,0.1,9,0.09999971546126574,baro,1,1.0,1.0,0.0,1,1,1,70,1119.6596000227146,ts-auth-service|ts-travel-service|ts-auth-mongo|ts-travel2-service|ts-cancel-service,ts-auth-service_container-memory-usage-bytes,0.8808695652173913,23,23,0.8594202898550725,0.9023188405797101,22,23,22,0.8935070621468927,baseline-v2-20260723,cd270e7871bd358937d83d9a49829637fa80007d2964084ef229f578e3733bd3,ba75425861a059dafcc477474fc3e4ed1eafdc2b47d6fdd0557337035d29a960,b89e3e36a90c50dd6fddde011cb8734fe33d0fb645863deb044147c1e3c955fe,11894689,1693289154000000000,300
TT/ts-auth-service_delay/4,TT,ts-auth-service,delay,4,300,300,point,0.1,9,0.09999971546126574,median_shift,2,0.5,0.8,0.014492753623188406,0,1,1,70,349.4660999858752,ts-auth-mongo|ts-auth-service|ts-config-mongo|ts-consign-mongo|ts-food-mongo,ts-auth-mongo_container-memory-rss,0.8808695652173913,23,23,0.8594202898550725,0.9023188405797101,22,23,22,0.8935070621468927,baseline-v2-20260723,cd270e7871bd358937d83d9a49829637fa80007d2964084ef229f578e3733bd3,ba75425861a059dafcc477474fc3e4ed1eafdc2b47d6fdd0557337035d29a960,b89e3e36a90c50dd6fddde011cb8734fe33d0fb645863deb044147c1e3c955fe,11894689,1693289154000000000,300
TT/ts-auth-service_delay/4,TT,ts-auth-service,delay,4,300,300,point,0.1,9,0.09999971546126574,nsigma,1,1.0,1.0,0.0,1,1,1,70,1081.569399975706,ts-auth-service|ts-consign-service|ts-route-service|ts-station-service|ts-execute-service,ts-auth-service_container-memory-failures-total,0.8808695652173913,23,23,0.8594202898550725,0.9023188405797101,22,23,22,0.8935070621468927,baseline-v2-20260723,cd270e7871bd358937d83d9a49829637fa80007d2964084ef229f578e3733bd3,ba75425861a059dafcc477474fc3e4ed1eafdc2b47d6fdd0557337035d29a960,b89e3e36a90c50dd6fddde011cb8734fe33d0fb645863deb044147c1e3c955fe,11894689,1693289154000000000,300
TT/ts-auth-service_delay/4,TT,ts-auth-service,delay,4,300,300,point,0.3,0,0.3000005690774685,baro,1,1.0,1.0,0.0,1,1,1,70,1202.697500004433,ts-auth-service|ts-travel-service|ts-auth-mongo|ts-travel2-service|ts-cancel-service,ts-auth-service_container-memory-usage-bytes,0.6857246376811594,23,23,0.67,0.7014492753623188,22,23,22,0.6949491525423729,baseline-v2-20260723,cd270e7871bd358937d83d9a49829637fa80007d2964084ef229f578e3733bd3,ba75425861a059dafcc477474fc3e4ed1eafdc2b47d6fdd0557337035d29a960,b89e3e36a90c50dd6fddde011cb8734fe33d0fb645863deb044147c1e3c955fe,11894689,1693289154000000000,300
TT/ts-auth-service_delay/4,TT,ts-auth-service,delay,4,300,300,point,0.3,0,0.3000005690774685,median_shift,2,0.5,0.8,0.014492753623188406,0,1,1,70,377.12129997089505,ts-auth-mongo|ts-auth-service|ts-config-mongo|ts-consign-mongo|ts-food-mongo,ts-auth-mongo_container-memory-rss,0.6857246376811594,23,23,0.67,0.7014492753623188,22,23,22,0.6949491525423729,baseline-v2-20260723,cd270e7871bd358937d83d9a49829637fa80007d2964084ef229f578e3733bd3,ba75425861a059dafcc477474fc3e4ed1eafdc2b47d6fdd0557337035d29a960,b89e3e36a90c50dd6fddde011cb8734fe33d0fb645863deb044147c1e3c955fe,11894689,1693289154000000000,300
TT/ts-auth-service_delay/4,TT,ts-auth-service,delay,4,300,300,point,0.3,0,0.3000005690774685,nsigma,1,1.0,1.0,0.0,1,1,1,70,973.0447999900207,ts-auth-service|ts-consign-service|ts-route-service|ts-station-service|ts-execute-service,ts-auth-service_container-memory-failures-total,0.6857246376811594,23,23,0.67,0.7014492753623188,22,23,22,0.6949491525423729,baseline-v2-20260723,cd270e7871bd358937d83d9a49829637fa80007d2964084ef229f578e3733bd3,ba75425861a059dafcc477474fc3e4ed1eafdc2b47d6fdd0557337035d29a960,b89e3e36a90c50dd6fddde011cb8734fe33d0fb645863deb044147c1e3c955fe,11894689,1693289154000000000,300
TT/ts-auth-service_delay/4,TT,ts-auth-service,delay,4,300,300,point,0.3,1,0.3000005690774685,baro,1,1.0,1.0,0.0,1,1,1,70,1190.9772000508383,ts-auth-service|ts-travel-service|ts-auth-mongo|ts-travel2-service|ts-inside-payment-service,ts-auth-service_container-memory-usage-bytes,0.6753623188405797,23,23,0.6584057971014493,0.6923188405797102,22,23,22,0.6949491525423729,baseline-v2-20260723,cd270e7871bd358937d83d9a49829637fa80007d2964084ef229f578e3733bd3,ba75425861a059dafcc477474fc3e4ed1eafdc2b47d6fdd0557337035d29a960,b89e3e36a90c50dd6fddde011cb8734fe33d0fb645863deb044147c1e3c955fe,11894689,1693289154000000000,300
TT/ts-auth-service_delay/4,TT,ts-auth-service,delay,4,300,300,point,0.3,1,0.3000005690774685,median_shift,2,0.5,0.8,0.014492753623188406,0,1,1,70,302.60729999281466,ts-auth-mongo|ts-auth-service|ts-config-mongo|ts-consign-mongo|ts-food-mongo,ts-auth-mongo_container-memory-rss,0.6753623188405797,23,23,0.6584057971014493,0.6923188405797102,22,23,22,0.6949491525423729,baseline-v2-20260723,cd270e7871bd358937d83d9a49829637fa80007d2964084ef229f578e3733bd3,ba75425861a059dafcc477474fc3e4ed1eafdc2b47d6fdd0557337035d29a960,b89e3e36a90c50dd6fddde011cb8734fe33d0fb645863deb044147c1e3c955fe,11894689,1693289154000000000,300
TT/ts-auth-service_delay/4,TT,ts-auth-service,delay,4,300,300,point,0.3,1,0.3000005690774685,nsigma,1,1.0,1.0,0.0,1,1,1,70,1022.2957000369206,ts-auth-service|ts-consign-service|ts-route-service|ts-station-service|ts-execute-service,ts-auth-service_container-memory-failures-total,0.6753623188405797,23,23,0.6584057971014493,0.6923188405797102,22,23,22,0.6949491525423729,baseline-v2-20260723,cd270e7871bd358937d83d9a49829637fa80007d2964084ef229f578e3733bd3,ba75425861a059dafcc477474fc3e4ed1eafdc2b47d6fdd0557337035d29a960,b89e3e36a90c50dd6fddde011cb8734fe33d0fb645863deb044147c1e3c955fe,11894689,1693289154000000000,300
TT/ts-auth-service_delay/4,TT,ts-auth-service,delay,4,300,300,point,0.3,2,0.3000005690774685,baro,1,1.0,1.0,0.0,1,1,1,70,1183.9568000286818,ts-auth-service|ts-travel-service|ts-auth-mongo|ts-travel2-service|ts-inside-payment-service,ts-auth-service_container-memory-usage-bytes,0.6800724637681159,23,23,0.662463768115942,0.6976811594202899,22,23,22,0.6949491525423729,baseline-v2-20260723,cd270e7871bd358937d83d9a49829637fa80007d2964084ef229f578e3733bd3,ba75425861a059dafcc477474fc3e4ed1eafdc2b47d6fdd0557337035d29a960,b89e3e36a90c50dd6fddde011cb8734fe33d0fb645863deb044147c1e3c955fe,11894689,1693289154000000000,300
TT/ts-auth-service_delay/4,TT,ts-auth-service,delay,4,300,300,point,0.3,2,0.3000005690774685,median_shift,2,0.5,0.8,0.014492753623188406,0,1,1,70,266.2677000043914,ts-auth-mongo|ts-auth-service|ts-config-mongo|ts-consign-mongo|ts-food-mongo,ts-auth-mongo_container-memory-rss,0.6800724637681159,23,23,0.662463768115942,0.6976811594202899,22,23,22,0.6949491525423729,baseline-v2-20260723,cd270e7871bd358937d83d9a49829637fa80007d2964084ef229f578e3733bd3,ba75425861a059dafcc477474fc3e4ed1eafdc2b47d6fdd0557337035d29a960,b89e3e36a90c50dd6fddde011cb8734fe33d0fb645863deb044147c1e3c955fe,11894689,1693289154000000000,300
TT/ts-auth-service_delay/4,TT,ts-auth-service,delay,4,300,300,point,0.3,2,0.3000005690774685,nsigma,1,1.0,1.0,0.0,1,1,1,70,1283.2452000002377,ts-auth-service|ts-consign-service|ts-route-service|ts-station-service|ts-execute-service,ts-auth-service_container-memory-failures-total,0.6800724637681159,23,23,0.662463768115942,0.6976811594202899,22,23,22,0.6949491525423729,baseline-v2-20260723,cd270e7871bd358937d83d9a49829637fa80007d2964084ef229f578e3733bd3,ba75425861a059dafcc477474fc3e4ed1eafdc2b47d6fdd0557337035d29a960,b89e3e36a90c50dd6fddde011cb8734fe33d0fb645863deb044147c1e3c955fe,11894689,1693289154000000000,300
TT/ts-auth-service_delay/4,TT,ts-auth-service,delay,4,300,300,point,0.3,3,0.3000005690774685,baro,1,1.0,1.0,0.0,1,1,1,70,1118.24969999725,ts-auth-service|ts-travel-service|ts-auth-mongo|ts-travel2-service|ts-inside-payment-service,ts-auth-service_container-memory-usage-bytes,0.6916666666666667,23,23,0.6773913043478261,0.7059420289855073,22,23,22,0.6949491525423729,baseline-v2-20260723,cd270e7871bd358937d83d9a49829637fa80007d2964084ef229f578e3733bd3,ba75425861a059dafcc477474fc3e4ed1eafdc2b47d6fdd0557337035d29a960,b89e3e36a90c50dd6fddde011cb8734fe33d0fb645863deb044147c1e3c955fe,11894689,1693289154000000000,300
TT/ts-auth-service_delay/4,TT,ts-auth-service,delay,4,300,300,point,0.3,3,0.3000005690774685,median_shift,2,0.5,0.8,0.014492753623188406,0,1,1,70,293.14780002459884,ts-auth-mongo|ts-auth-service|ts-config-mongo|ts-consign-mongo|ts-food-mongo,ts-auth-mongo_container-memory-rss,0.6916666666666667,23,23,0.6773913043478261,0.7059420289855073,22,23,22,0.6949491525423729,baseline-v2-20260723,cd270e7871bd358937d83d9a49829637fa80007d2964084ef229f578e3733bd3,ba75425861a059dafcc477474fc3e4ed1eafdc2b47d6fdd0557337035d29a960,b89e3e36a90c50dd6fddde011cb8734fe33d0fb645863deb044147c1e3c955fe,11894689,1693289154000000000,300
TT/ts-auth-service_delay/4,TT,ts-auth-service,delay,4,300,300,point,0.3,3,0.3000005690774685,nsigma,1,1.0,1.0,0.0,1,1,1,70,880.4492999915965,ts-auth-service|ts-consign-service|ts-route-service|ts-station-service|ts-execute-service,ts-auth-service_container-memory-failures-total,0.6916666666666667,23,23,0.6773913043478261,0.7059420289855073,22,23,22,0.6949491525423729,baseline-v2-20260723,cd270e7871bd358937d83d9a49829637fa80007d2964084ef229f578e3733bd3,ba75425861a059dafcc477474fc3e4ed1eafdc2b47d6fdd0557337035d29a960,b89e3e36a90c50dd6fddde011cb8734fe33d0fb645863deb044147c1e3c955fe,11894689,1693289154000000000,300
TT/ts-auth-service_delay/4,TT,ts-auth-service,delay,4,300,300,point,0.3,4,0.3000005690774685,baro,1,1.0,1.0,0.0,1,1,1,70,1081.7241999902762,ts-auth-service|ts-travel-service|ts-auth-mongo|ts-travel2-service|ts-cancel-service,ts-auth-service_container-memory-usage-bytes,0.6821739130434783,23,23,0.6691304347826087,0.6952173913043478,22,23,22,0.6949491525423729,baseline-v2-20260723,cd270e7871bd358937d83d9a49829637fa80007d2964084ef229f578e3733bd3,ba75425861a059dafcc477474fc3e4ed1eafdc2b47d6fdd0557337035d29a960,b89e3e36a90c50dd6fddde011cb8734fe33d0fb645863deb044147c1e3c955fe,11894689,1693289154000000000,300
TT/ts-auth-service_delay/4,TT,ts-auth-service,delay,4,300,300,point,0.3,4,0.3000005690774685,median_shift,2,0.5,0.8,0.014492753623188406,0,1,1,70,322.50890001887456,ts-auth-mongo|ts-auth-service|ts-config-mongo|ts-consign-mongo|ts-food-mongo,ts-auth-mongo_container-memory-rss,0.6821739130434783,23,23,0.6691304347826087,0.6952173913043478,22,23,22,0.6949491525423729,baseline-v2-20260723,cd270e7871bd358937d83d9a49829637fa80007d2964084ef229f578e3733bd3,ba75425861a059dafcc477474fc3e4ed1eafdc2b47d6fdd0557337035d29a960,b89e3e36a90c50dd6fddde011cb8734fe33d0fb645863deb044147c1e3c955fe,11894689,1693289154000000000,300
TT/ts-auth-service_delay/4,TT,ts-auth-service,delay,4,300,300,point,0.3,4,0.3000005690774685,nsigma,1,1.0,1.0,0.0,1,1,1,70,846.7721000197344,ts-auth-service|ts-consign-service|ts-route-service|ts-station-service|ts-execute-service,ts-auth-service_container-memory-failures-total,0.6821739130434783,23,23,0.6691304347826087,0.6952173913043478,22,23,22,0.6949491525423729,baseline-v2-20260723,cd270e7871bd358937d83d9a49829637fa80007d2964084ef229f578e3733bd3,ba75425861a059dafcc477474fc3e4ed1eafdc2b47d6fdd0557337035d29a960,b89e3e36a90c50dd6fddde011cb8734fe33d0fb645863deb044147c1e3c955fe,11894689,1693289154000000000,300
TT/ts-auth-service_delay/4,TT,ts-auth-service,delay,4,300,300,point,0.3,5,0.3000005690774685,baro,1,1.0,1.0,0.0,1,1,1,70,1278.2248000148684,ts-auth-service|ts-travel-service|ts-auth-mongo|ts-travel2-service|ts-inside-payment-service,ts-auth-service_container-memory-usage-bytes,0.6855072463768116,23,23,0.6710144927536232,0.7,22,23,22,0.6949491525423729,baseline-v2-20260723,cd270e7871bd358937d83d9a49829637fa80007d2964084ef229f578e3733bd3,ba75425861a059dafcc477474fc3e4ed1eafdc2b47d6fdd0557337035d29a960,b89e3e36a90c50dd6fddde011cb8734fe33d0fb645863deb044147c1e3c955fe,11894689,1693289154000000000,300
TT/ts-auth-service_delay/4,TT,ts-auth-service,delay,4,300,300,point,0.3,5,0.3000005690774685,median_shift,2,0.5,0.8,0.014492753623188406,0,1,1,70,355.1601999788545,ts-auth-mongo|ts-auth-service|ts-config-mongo|ts-consign-mongo|ts-food-mongo,ts-auth-mongo_container-memory-rss,0.6855072463768116,23,23,0.6710144927536232,0.7,22,23,22,0.6949491525423729,baseline-v2-20260723,cd270e7871bd358937d83d9a49829637fa80007d2964084ef229f578e3733bd3,ba75425861a059dafcc477474fc3e4ed1eafdc2b47d6fdd0557337035d29a960,b89e3e36a90c50dd6fddde011cb8734fe33d0fb645863deb044147c1e3c955fe,11894689,1693289154000000000,300
TT/ts-auth-service_delay/4,TT,ts-auth-service,delay,4,300,300,point,0.3,5,0.3000005690774685,nsigma,1,1.0,1.0,0.0,1,1,1,70,1110.790500009898,ts-auth-service|ts-consign-service|ts-route-service|ts-station-service|ts-execute-service,ts-auth-service_container-memory-failures-total,0.6855072463768116,23,23,0.6710144927536232,0.7,22,23,22,0.6949491525423729,baseline-v2-20260723,cd270e7871bd358937d83d9a49829637fa80007d2964084ef229f578e3733bd3,ba75425861a059dafcc477474fc3e4ed1eafdc2b47d6fdd0557337035d29a960,b89e3e36a90c50dd6fddde011cb8734fe33d0fb645863deb044147c1e3c955fe,11894689,1693289154000000000,300
TT/ts-auth-service_delay/4,TT,ts-auth-service,delay,4,300,300,point,0.3,6,0.3000005690774685,baro,1,1.0,1.0,0.0,1,1,1,70,1260.568699974101,ts-auth-service|ts-travel-service|ts-auth-mongo|ts-travel2-service|ts-cancel-service,ts-auth-service_container-memory-usage-bytes,0.6876086956521739,23,23,0.6749275362318841,0.7002898550724638,22,23,22,0.6949491525423729,baseline-v2-20260723,cd270e7871bd358937d83d9a49829637fa80007d2964084ef229f578e3733bd3,ba75425861a059dafcc477474fc3e4ed1eafdc2b47d6fdd0557337035d29a960,b89e3e36a90c50dd6fddde011cb8734fe33d0fb645863deb044147c1e3c955fe,11894689,1693289154000000000,300
TT/ts-auth-service_delay/4,TT,ts-auth-service,delay,4,300,300,point,0.3,6,0.3000005690774685,median_shift,2,0.5,0.8,0.014492753623188406,0,1,1,70,367.10589996073395,ts-auth-mongo|ts-auth-service|ts-config-mongo|ts-consign-mongo|ts-food-mongo,ts-auth-mongo_container-memory-rss,0.6876086956521739,23,23,0.6749275362318841,0.7002898550724638,22,23,22,0.6949491525423729,baseline-v2-20260723,cd270e7871bd358937d83d9a49829637fa80007d2964084ef229f578e3733bd3,ba75425861a059dafcc477474fc3e4ed1eafdc2b47d6fdd0557337035d29a960,b89e3e36a90c50dd6fddde011cb8734fe33d0fb645863deb044147c1e3c955fe,11894689,1693289154000000000,300
TT/ts-auth-service_delay/4,TT,ts-auth-service,delay,4,300,300,point,0.3,6,0.3000005690774685,nsigma,1,1.0,1.0,0.0,1,1,1,70,918.5632999869995,ts-auth-service|ts-consign-service|ts-route-service|ts-station-service|ts-execute-service,ts-auth-service_container-memory-failures-total,0.6876086956521739,23,23,0.6749275362318841,0.7002898550724638,22,23,22,0.6949491525423729,baseline-v2-20260723,cd270e7871bd358937d83d9a49829637fa80007d2964084ef229f578e3733bd3,ba75425861a059dafcc477474fc3e4ed1eafdc2b47d6fdd0557337035d29a960,b89e3e36a90c50dd6fddde011cb8734fe33d0fb645863deb044147c1e3c955fe,11894689,1693289154000000000,300
TT/ts-auth-service_delay/4,TT,ts-auth-service,delay,4,300,300,point,0.3,7,0.3000005690774685,baro,1,1.0,1.0,0.0,1,1,1,70,1057.8470000182278,ts-auth-service|ts-travel-service|ts-auth-mongo|ts-travel2-service|ts-cancel-service,ts-auth-service_container-memory-usage-bytes,0.6847826086956522,23,23,0.667536231884058,0.7020289855072464,22,23,22,0.6949491525423729,baseline-v2-20260723,cd270e7871bd358937d83d9a49829637fa80007d2964084ef229f578e3733bd3,ba75425861a059dafcc477474fc3e4ed1eafdc2b47d6fdd0557337035d29a960,b89e3e36a90c50dd6fddde011cb8734fe33d0fb645863deb044147c1e3c955fe,11894689,1693289154000000000,300
TT/ts-auth-service_delay/4,TT,ts-auth-service,delay,4,300,300,point,0.3,7,0.3000005690774685,median_shift,2,0.5,0.8,0.014492753623188406,0,1,1,70,340.7764000003226,ts-auth-mongo|ts-auth-service|ts-config-mongo|ts-consign-mongo|ts-food-mongo,ts-auth-mongo_container-memory-rss,0.6847826086956522,23,23,0.667536231884058,0.7020289855072464,22,23,22,0.6949491525423729,baseline-v2-20260723,cd270e7871bd358937d83d9a49829637fa80007d2964084ef229f578e3733bd3,ba75425861a059dafcc477474fc3e4ed1eafdc2b47d6fdd0557337035d29a960,b89e3e36a90c50dd6fddde011cb8734fe33d0fb645863deb044147c1e3c955fe,11894689,1693289154000000000,300
TT/ts-auth-service_delay/4,TT,ts-auth-service,delay,4,300,300,point,0.3,7,0.3000005690774685,nsigma,1,1.0,1.0,0.0,1,1,1,70,940.6201000092551,ts-auth-service|ts-consign-service|ts-route-service|ts-station-service|ts-execute-service,ts-auth-service_container-memory-failures-total,0.6847826086956522,23,23,0.667536231884058,0.7020289855072464,22,23,22,0.6949491525423729,baseline-v2-20260723,cd270e7871bd358937d83d9a49829637fa80007d2964084ef229f578e3733bd3,ba75425861a059dafcc477474fc3e4ed1eafdc2b47d6fdd0557337035d29a960,b89e3e36a90c50dd6fddde011cb8734fe33d0fb645863deb044147c1e3c955fe,11894689,1693289154000000000,300
TT/ts-auth-service_delay/4,TT,ts-auth-service,delay,4,300,300,point,0.3,8,0.3000005690774685,baro,1,1.0,1.0,0.0,1,1,1,70,1116.3293000427075,ts-auth-service|ts-travel-service|ts-auth-mongo|ts-travel2-service|ts-cancel-service,ts-auth-service_container-memory-usage-bytes,0.6882608695652174,23,23,0.6714492753623188,0.7050724637681159,22,23,22,0.6949491525423729,baseline-v2-20260723,cd270e7871bd358937d83d9a49829637fa80007d2964084ef229f578e3733bd3,ba75425861a059dafcc477474fc3e4ed1eafdc2b47d6fdd0557337035d29a960,b89e3e36a90c50dd6fddde011cb8734fe33d0fb645863deb044147c1e3c955fe,11894689,1693289154000000000,300
TT/ts-auth-service_delay/4,TT,ts-auth-service,delay,4,300,300,point,0.3,8,0.3000005690774685,median_shift,2,0.5,0.8,0.014492753623188406,0,1,1,70,321.0360999801196,ts-auth-mongo|ts-auth-service|ts-config-mongo|ts-consign-mongo|ts-food-mongo,ts-auth-mongo_container-memory-rss,0.6882608695652174,23,23,0.6714492753623188,0.7050724637681159,22,23,22,0.6949491525423729,baseline-v2-20260723,cd270e7871bd358937d83d9a49829637fa80007d2964084ef229f578e3733bd3,ba75425861a059dafcc477474fc3e4ed1eafdc2b47d6fdd0557337035d29a960,b89e3e36a90c50dd6fddde011cb8734fe33d0fb645863deb044147c1e3c955fe,11894689,1693289154000000000,300
TT/ts-auth-service_delay/4,TT,ts-auth-service,delay,4,300,300,point,0.3,8,0.3000005690774685,nsigma,1,1.0,1.0,0.0,1,1,1,70,980.6937000248581,ts-auth-service|ts-consign-service|ts-route-service|ts-station-service|ts-execute-service,ts-auth-service_container-memory-failures-total,0.6882608695652174,23,23,0.6714492753623188,0.7050724637681159,22,23,22,0.6949491525423729,baseline-v2-20260723,cd270e7871bd358937d83d9a49829637fa80007d2964084ef229f578e3733bd3,ba75425861a059dafcc477474fc3e4ed1eafdc2b47d6fdd0557337035d29a960,b89e3e36a90c50dd6fddde011cb8734fe33d0fb645863deb044147c1e3c955fe,11894689,1693289154000000000,300
TT/ts-auth-service_delay/4,TT,ts-auth-service,delay,4,300,300,point,0.3,9,0.3000005690774685,baro,1,1.0,1.0,0.0,1,1,1,70,975.1408000010997,ts-auth-service|ts-travel-service|ts-auth-mongo|ts-travel2-service|ts-cancel-service,ts-auth-service_container-memory-usage-bytes,0.6858695652173913,23,23,0.6743478260869565,0.697391304347826,22,23,22,0.6949491525423729,baseline-v2-20260723,cd270e7871bd358937d83d9a49829637fa80007d2964084ef229f578e3733bd3,ba75425861a059dafcc477474fc3e4ed1eafdc2b47d6fdd0557337035d29a960,b89e3e36a90c50dd6fddde011cb8734fe33d0fb645863deb044147c1e3c955fe,11894689,1693289154000000000,300
TT/ts-auth-service_delay/4,TT,ts-auth-service,delay,4,300,300,point,0.3,9,0.3000005690774685,median_shift,2,0.5,0.8,0.014492753623188406,0,1,1,70,309.5673000207171,ts-auth-mongo|ts-auth-service|ts-config-mongo|ts-consign-mongo|ts-food-mongo,ts-auth-mongo_container-memory-rss,0.6858695652173913,23,23,0.6743478260869565,0.697391304347826,22,23,22,0.6949491525423729,baseline-v2-20260723,cd270e7871bd358937d83d9a49829637fa80007d2964084ef229f578e3733bd3,ba75425861a059dafcc477474fc3e4ed1eafdc2b47d6fdd0557337035d29a960,b89e3e36a90c50dd6fddde011cb8734fe33d0fb645863deb044147c1e3c955fe,11894689,1693289154000000000,300
TT/ts-auth-service_delay/4,TT,ts-auth-service,delay,4,300,300,point,0.3,9,0.3000005690774685,nsigma,1,1.0,1.0,0.0,1,1,1,70,842.8433999652043,ts-auth-service|ts-consign-service|ts-route-service|ts-station-service|ts-execute-service,ts-auth-service_container-memory-failures-total,0.6858695652173913,23,23,0.6743478260869565,0.697391304347826,22,23,22,0.6949491525423729,baseline-v2-20260723,cd270e7871bd358937d83d9a49829637fa80007d2964084ef229f578e3733bd3,ba75425861a059dafcc477474fc3e4ed1eafdc2b47d6fdd0557337035d29a960,b89e3e36a90c50dd6fddde011cb8734fe33d0fb645863deb044147c1e3c955fe,11894689,1693289154000000000,300
TT/ts-auth-service_delay/4,TT,ts-auth-service,delay,4,300,300,point,0.5,0,0.5,baro,1,1.0,1.0,0.0,1,1,1,70,937.1457999804989,ts-auth-service|ts-travel-service|ts-auth-mongo|ts-travel2-service|ts-cancel-service,ts-auth-service_container-memory-usage-bytes,0.4944927536231884,23,23,0.4860869565217391,0.5028985507246376,22,23,22,0.49639265536723165,baseline-v2-20260723,cd270e7871bd358937d83d9a49829637fa80007d2964084ef229f578e3733bd3,ba75425861a059dafcc477474fc3e4ed1eafdc2b47d6fdd0557337035d29a960,b89e3e36a90c50dd6fddde011cb8734fe33d0fb645863deb044147c1e3c955fe,11894689,1693289154000000000,300
TT/ts-auth-service_delay/4,TT,ts-auth-service,delay,4,300,300,point,0.5,0,0.5,median_shift,2,0.5,0.8,0.014492753623188406,0,1,1,70,280.17119999276474,ts-auth-mongo|ts-auth-service|ts-config-mongo|ts-consign-mongo|ts-food-mongo,ts-auth-mongo_container-memory-rss,0.4944927536231884,23,23,0.4860869565217391,0.5028985507246376,22,23,22,0.49639265536723165,baseline-v2-20260723,cd270e7871bd358937d83d9a49829637fa80007d2964084ef229f578e3733bd3,ba75425861a059dafcc477474fc3e4ed1eafdc2b47d6fdd0557337035d29a960,b89e3e36a90c50dd6fddde011cb8734fe33d0fb645863deb044147c1e3c955fe,11894689,1693289154000000000,300
TT/ts-auth-service_delay/4,TT,ts-auth-service,delay,4,300,300,point,0.5,0,0.5,nsigma,1,1.0,1.0,0.0,1,1,1,70,988.5304999770597,ts-auth-service|ts-consign-service|ts-route-service|ts-station-service|ts-execute-service,ts-auth-service_container-memory-failures-total,0.4944927536231884,23,23,0.4860869565217391,0.5028985507246376,22,23,22,0.49639265536723165,baseline-v2-20260723,cd270e7871bd358937d83d9a49829637fa80007d2964084ef229f578e3733bd3,ba75425861a059dafcc477474fc3e4ed1eafdc2b47d6fdd0557337035d29a960,b89e3e36a90c50dd6fddde011cb8734fe33d0fb645863deb044147c1e3c955fe,11894689,1693289154000000000,300
TT/ts-auth-service_delay/4,TT,ts-auth-service,delay,4,300,300,point,0.5,1,0.5,baro,1,1.0,1.0,0.0,1,1,1,70,1191.671899985522,ts-auth-service|ts-travel-service|ts-auth-mongo|ts-travel2-service|ts-cancel-service,ts-auth-service_container-memory-usage-bytes,0.4908695652173913,23,23,0.47594202898550725,0.5057971014492754,22,23,22,0.49639265536723165,baseline-v2-20260723,cd270e7871bd358937d83d9a49829637fa80007d2964084ef229f578e3733bd3,ba75425861a059dafcc477474fc3e4ed1eafdc2b47d6fdd0557337035d29a960,b89e3e36a90c50dd6fddde011cb8734fe33d0fb645863deb044147c1e3c955fe,11894689,1693289154000000000,300
TT/ts-auth-service_delay/4,TT,ts-auth-service,delay,4,300,300,point,0.5,1,0.5,median_shift,2,0.5,0.8,0.014492753623188406,0,1,1,70,379.8257000162266,ts-auth-mongo|ts-auth-service|ts-config-mongo|ts-consign-mongo|ts-food-mongo,ts-auth-mongo_container-memory-rss,0.4908695652173913,23,23,0.47594202898550725,0.5057971014492754,22,23,22,0.49639265536723165,baseline-v2-20260723,cd270e7871bd358937d83d9a49829637fa80007d2964084ef229f578e3733bd3,ba75425861a059dafcc477474fc3e4ed1eafdc2b47d6fdd0557337035d29a960,b89e3e36a90c50dd6fddde011cb8734fe33d0fb645863deb044147c1e3c955fe,11894689,1693289154000000000,300
TT/ts-auth-service_delay/4,TT,ts-auth-service,delay,4,300,300,point,0.5,1,0.5,nsigma,1,1.0,1.0,0.0,1,1,1,70,991.2334000109695,ts-auth-service|ts-consign-service|ts-route-service|ts-station-service|ts-execute-service,ts-auth-service_container-memory-failures-total,0.4908695652173913,23,23,0.47594202898550725,0.5057971014492754,22,23,22,0.49639265536723165,baseline-v2-20260723,cd270e7871bd358937d83d9a49829637fa80007d2964084ef229f578e3733bd3,ba75425861a059dafcc477474fc3e4ed1eafdc2b47d6fdd0557337035d29a960,b89e3e36a90c50dd6fddde011cb8734fe33d0fb645863deb044147c1e3c955fe,11894689,1693289154000000000,300
TT/ts-auth-service_delay/4,TT,ts-auth-service,delay,4,300,300,point,0.5,2,0.5,baro,1,1.0,1.0,0.0,1,1,1,70,1227.5406999979168,ts-auth-service|ts-travel-service|ts-auth-mongo|ts-travel2-service|ts-cancel-service,ts-auth-service_container-memory-usage-bytes,0.48985507246376814,23,23,0.4817391304347826,0.4979710144927536,22,23,22,0.49639265536723165,baseline-v2-20260723,cd270e7871bd358937d83d9a49829637fa80007d2964084ef229f578e3733bd3,ba75425861a059dafcc477474fc3e4ed1eafdc2b47d6fdd0557337035d29a960,b89e3e36a90c50dd6fddde011cb8734fe33d0fb645863deb044147c1e3c955fe,11894689,1693289154000000000,300
TT/ts-auth-service_delay/4,TT,ts-auth-service,delay,4,300,300,point,0.5,2,0.5,median_shift,2,0.5,0.8,0.014492753623188406,0,1,1,70,325.47099998919293,ts-auth-mongo|ts-auth-service|ts-config-mongo|ts-consign-mongo|ts-food-mongo,ts-auth-mongo_container-memory-rss,0.48985507246376814,23,23,0.4817391304347826,0.4979710144927536,22,23,22,0.49639265536723165,baseline-v2-20260723,cd270e7871bd358937d83d9a49829637fa80007d2964084ef229f578e3733bd3,ba75425861a059dafcc477474fc3e4ed1eafdc2b47d6fdd0557337035d29a960,b89e3e36a90c50dd6fddde011cb8734fe33d0fb645863deb044147c1e3c955fe,11894689,1693289154000000000,300
TT/ts-auth-service_delay/4,TT,ts-auth-service,delay,4,300,300,point,0.5,2,0.5,nsigma,1,1.0,1.0,0.0,1,1,1,70,942.585600016173,ts-auth-service|ts-consign-service|ts-route-service|ts-station-service|ts-execute-service,ts-auth-service_container-memory-failures-total,0.48985507246376814,23,23,0.4817391304347826,0.4979710144927536,22,23,22,0.49639265536723165,baseline-v2-20260723,cd270e7871bd358937d83d9a49829637fa80007d2964084ef229f578e3733bd3,ba75425861a059dafcc477474fc3e4ed1eafdc2b47d6fdd0557337035d29a960,b89e3e36a90c50dd6fddde011cb8734fe33d0fb645863deb044147c1e3c955fe,11894689,1693289154000000000,300
TT/ts-auth-service_delay/4,TT,ts-auth-service,delay,4,300,300,point,0.5,3,0.5,baro,1,1.0,1.0,0.0,1,1,1,70,1045.8601000136696,ts-auth-service|ts-travel-service|ts-auth-mongo|ts-travel2-service|ts-cancel-service,ts-auth-service_container-memory-usage-bytes,0.4879710144927536,23,23,0.48231884057971014,0.4936231884057971,22,23,22,0.49639265536723165,baseline-v2-20260723,cd270e7871bd358937d83d9a49829637fa80007d2964084ef229f578e3733bd3,ba75425861a059dafcc477474fc3e4ed1eafdc2b47d6fdd0557337035d29a960,b89e3e36a90c50dd6fddde011cb8734fe33d0fb645863deb044147c1e3c955fe,11894689,1693289154000000000,300
TT/ts-auth-service_delay/4,TT,ts-auth-service,delay,4,300,300,point,0.5,3,0.5,median_shift,2,0.5,0.8,0.014492753623188406,0,1,1,70,308.97419998655096,ts-auth-mongo|ts-auth-service|ts-config-mongo|ts-consign-mongo|ts-food-mongo,ts-auth-mongo_container-memory-rss,0.4879710144927536,23,23,0.48231884057971014,0.4936231884057971,22,23,22,0.49639265536723165,baseline-v2-20260723,cd270e7871bd358937d83d9a49829637fa80007d2964084ef229f578e3733bd3,ba75425861a059dafcc477474fc3e4ed1eafdc2b47d6fdd0557337035d29a960,b89e3e36a90c50dd6fddde011cb8734fe33d0fb645863deb044147c1e3c955fe,11894689,1693289154000000000,300
TT/ts-auth-service_delay/4,TT,ts-auth-service,delay,4,300,300,point,0.5,3,0.5,nsigma,1,1.0,1.0,0.0,1,1,1,70,946.0569000220858,ts-auth-service|ts-consign-service|ts-route-service|ts-station-service|ts-execute-service,ts-auth-service_container-memory-failures-total,0.4879710144927536,23,23,0.48231884057971014,0.4936231884057971,22,23,22,0.49639265536723165,baseline-v2-20260723,cd270e7871bd358937d83d9a49829637fa80007d2964084ef229f578e3733bd3,ba75425861a059dafcc477474fc3e4ed1eafdc2b47d6fdd0557337035d29a960,b89e3e36a90c50dd6fddde011cb8734fe33d0fb645863deb044147c1e3c955fe,11894689,1693289154000000000,300
TT/ts-auth-service_delay/4,TT,ts-auth-service,delay,4,300,300,point,0.5,4,0.5,baro,1,1.0,1.0,0.0,1,1,1,70,1066.285600012634,ts-auth-service|ts-travel-service|ts-auth-mongo|ts-travel2-service|ts-cancel-service,ts-auth-service_container-memory-usage-bytes,0.48876811594202896,23,23,0.4698550724637681,0.5076811594202899,22,23,22,0.49639265536723165,baseline-v2-20260723,cd270e7871bd358937d83d9a49829637fa80007d2964084ef229f578e3733bd3,ba75425861a059dafcc477474fc3e4ed1eafdc2b47d6fdd0557337035d29a960,b89e3e36a90c50dd6fddde011cb8734fe33d0fb645863deb044147c1e3c955fe,11894689,1693289154000000000,300
TT/ts-auth-service_delay/4,TT,ts-auth-service,delay,4,300,300,point,0.5,4,0.5,median_shift,2,0.5,0.8,0.014492753623188406,0,1,1,70,314.6411000052467,ts-auth-mongo|ts-auth-service|ts-config-mongo|ts-consign-mongo|ts-food-mongo,ts-auth-mongo_container-memory-rss,0.48876811594202896,23,23,0.4698550724637681,0.5076811594202899,22,23,22,0.49639265536723165,baseline-v2-20260723,cd270e7871bd358937d83d9a49829637fa80007d2964084ef229f578e3733bd3,ba75425861a059dafcc477474fc3e4ed1eafdc2b47d6fdd0557337035d29a960,b89e3e36a90c50dd6fddde011cb8734fe33d0fb645863deb044147c1e3c955fe,11894689,1693289154000000000,300
TT/ts-auth-service_delay/4,TT,ts-auth-service,delay,4,300,300,point,0.5,4,0.5,nsigma,1,1.0,1.0,0.0,1,1,1,70,859.6287000109442,ts-auth-service|ts-consign-service|ts-route-service|ts-station-service|ts-execute-service,ts-auth-service_container-memory-failures-total,0.48876811594202896,23,23,0.4698550724637681,0.5076811594202899,22,23,22,0.49639265536723165,baseline-v2-20260723,cd270e7871bd358937d83d9a49829637fa80007d2964084ef229f578e3733bd3,ba75425861a059dafcc477474fc3e4ed1eafdc2b47d6fdd0557337035d29a960,b89e3e36a90c50dd6fddde011cb8734fe33d0fb645863deb044147c1e3c955fe,11894689,1693289154000000000,300
TT/ts-auth-service_delay/4,TT,ts-auth-service,delay,4,300,300,point,0.5,5,0.5,baro,1,1.0,1.0,0.0,1,1,1,70,1128.2341000041924,ts-auth-service|ts-travel-service|ts-auth-mongo|ts-travel2-service|ts-cancel-service,ts-auth-service_container-memory-usage-bytes,0.49478260869565216,23,23,0.4855072463768116,0.5040579710144928,22,23,22,0.49639265536723165,baseline-v2-20260723,cd270e7871bd358937d83d9a49829637fa80007d2964084ef229f578e3733bd3,ba75425861a059dafcc477474fc3e4ed1eafdc2b47d6fdd0557337035d29a960,b89e3e36a90c50dd6fddde011cb8734fe33d0fb645863deb044147c1e3c955fe,11894689,1693289154000000000,300
TT/ts-auth-service_delay/4,TT,ts-auth-service,delay,4,300,300,point,0.5,5,0.5,median_shift,2,0.5,0.8,0.014492753623188406,0,1,1,70,322.37910002004355,ts-auth-mongo|ts-auth-service|ts-config-mongo|ts-consign-mongo|ts-food-mongo,ts-auth-mongo_container-memory-rss,0.49478260869565216,23,23,0.4855072463768116,0.5040579710144928,22,23,22,0.49639265536723165,baseline-v2-20260723,cd270e7871bd358937d83d9a49829637fa80007d2964084ef229f578e3733bd3,ba75425861a059dafcc477474fc3e4ed1eafdc2b47d6fdd0557337035d29a960,b89e3e36a90c50dd6fddde011cb8734fe33d0fb645863deb044147c1e3c955fe,11894689,1693289154000000000,300
TT/ts-auth-service_delay/4,TT,ts-auth-service,delay,4,300,300,point,0.5,5,0.5,nsigma,1,1.0,1.0,0.0,1,1,1,70,857.7340999618173,ts-auth-service|ts-consign-service|ts-route-service|ts-station-service|ts-execute-service,ts-auth-service_container-memory-failures-total,0.49478260869565216,23,23,0.4855072463768116,0.5040579710144928,22,23,22,0.49639265536723165,baseline-v2-20260723,cd270e7871bd358937d83d9a49829637fa80007d2964084ef229f578e3733bd3,ba75425861a059dafcc477474fc3e4ed1eafdc2b47d6fdd0557337035d29a960,b89e3e36a90c50dd6fddde011cb8734fe33d0fb645863deb044147c1e3c955fe,11894689,1693289154000000000,300
TT/ts-auth-service_delay/4,TT,ts-auth-service,delay,4,300,300,point,0.5,6,0.5,baro,1,1.0,1.0,0.0,1,1,1,70,914.0024000080302,ts-auth-service|ts-travel-service|ts-auth-mongo|ts-travel2-service|ts-cancel-service,ts-auth-service_container-memory-usage-bytes,0.4885507246376812,23,23,0.48,0.4971014492753623,22,23,22,0.49639265536723165,baseline-v2-20260723,cd270e7871bd358937d83d9a49829637fa80007d2964084ef229f578e3733bd3,ba75425861a059dafcc477474fc3e4ed1eafdc2b47d6fdd0557337035d29a960,b89e3e36a90c50dd6fddde011cb8734fe33d0fb645863deb044147c1e3c955fe,11894689,1693289154000000000,300
TT/ts-auth-service_delay/4,TT,ts-auth-service,delay,4,300,300,point,0.5,6,0.5,median_shift,2,0.5,0.8,0.014492753623188406,0,1,1,70,258.17270000698045,ts-auth-mongo|ts-auth-service|ts-config-mongo|ts-consign-mongo|ts-food-mongo,ts-auth-mongo_container-memory-rss,0.4885507246376812,23,23,0.48,0.4971014492753623,22,23,22,0.49639265536723165,baseline-v2-20260723,cd270e7871bd358937d83d9a49829637fa80007d2964084ef229f578e3733bd3,ba75425861a059dafcc477474fc3e4ed1eafdc2b47d6fdd0557337035d29a960,b89e3e36a90c50dd6fddde011cb8734fe33d0fb645863deb044147c1e3c955fe,11894689,1693289154000000000,300
TT/ts-auth-service_delay/4,TT,ts-auth-service,delay,4,300,300,point,0.5,6,0.5,nsigma,1,1.0,1.0,0.0,1,1,1,70,861.1035000067204,ts-auth-service|ts-consign-service|ts-route-service|ts-station-service|ts-execute-service,ts-auth-service_container-memory-failures-total,0.4885507246376812,23,23,0.48,0.4971014492753623,22,23,22,0.49639265536723165,baseline-v2-20260723,cd270e7871bd358937d83d9a49829637fa80007d2964084ef229f578e3733bd3,ba75425861a059dafcc477474fc3e4ed1eafdc2b47d6fdd0557337035d29a960,b89e3e36a90c50dd6fddde011cb8734fe33d0fb645863deb044147c1e3c955fe,11894689,1693289154000000000,300
TT/ts-auth-service_delay/4,TT,ts-auth-service,delay,4,300,300,point,0.5,7,0.5,baro,1,1.0,1.0,0.0,1,1,1,70,966.3389000343159,ts-auth-service|ts-travel-service|ts-auth-mongo|ts-travel2-service|ts-inside-payment-service,ts-auth-service_container-memory-usage-bytes,0.4895652173913044,23,23,0.4746376811594203,0.5044927536231885,22,23,22,0.49639265536723165,baseline-v2-20260723,cd270e7871bd358937d83d9a49829637fa80007d2964084ef229f578e3733bd3,ba75425861a059dafcc477474fc3e4ed1eafdc2b47d6fdd0557337035d29a960,b89e3e36a90c50dd6fddde011cb8734fe33d0fb645863deb044147c1e3c955fe,11894689,1693289154000000000,300
TT/ts-auth-service_delay/4,TT,ts-auth-service,delay,4,300,300,point,0.5,7,0.5,median_shift,2,0.5,0.8,0.014492753623188406,0,1,1,70,228.30300003988668,ts-auth-mongo|ts-auth-service|ts-config-mongo|ts-consign-mongo|ts-food-mongo,ts-auth-mongo_container-memory-rss,0.4895652173913044,23,23,0.4746376811594203,0.5044927536231885,22,23,22,0.49639265536723165,baseline-v2-20260723,cd270e7871bd358937d83d9a49829637fa80007d2964084ef229f578e3733bd3,ba75425861a059dafcc477474fc3e4ed1eafdc2b47d6fdd0557337035d29a960,b89e3e36a90c50dd6fddde011cb8734fe33d0fb645863deb044147c1e3c955fe,11894689,1693289154000000000,300
TT/ts-auth-service_delay/4,TT,ts-auth-service,delay,4,300,300,point,0.5,7,0.5,nsigma,1,1.0,1.0,0.0,1,1,1,70,904.3646000209264,ts-auth-service|ts-consign-service|ts-route-service|ts-station-service|ts-execute-service,ts-auth-service_container-memory-failures-total,0.4895652173913044,23,23,0.4746376811594203,0.5044927536231885,22,23,22,0.49639265536723165,baseline-v2-20260723,cd270e7871bd358937d83d9a49829637fa80007d2964084ef229f578e3733bd3,ba75425861a059dafcc477474fc3e4ed1eafdc2b47d6fdd0557337035d29a960,b89e3e36a90c50dd6fddde011cb8734fe33d0fb645863deb044147c1e3c955fe,11894689,1693289154000000000,300
TT/ts-auth-service_delay/4,TT,ts-auth-service,delay,4,300,300,point,0.5,8,0.5,baro,1,1.0,1.0,0.0,1,1,1,70,1141.070299956482,ts-auth-service|ts-travel-service|ts-auth-mongo|ts-travel2-service|ts-cancel-service,ts-auth-service_container-memory-usage-bytes,0.48891304347826087,23,23,0.4746376811594203,0.5031884057971014,22,23,22,0.49639265536723165,baseline-v2-20260723,cd270e7871bd358937d83d9a49829637fa80007d2964084ef229f578e3733bd3,ba75425861a059dafcc477474fc3e4ed1eafdc2b47d6fdd0557337035d29a960,b89e3e36a90c50dd6fddde011cb8734fe33d0fb645863deb044147c1e3c955fe,11894689,1693289154000000000,300
TT/ts-auth-service_delay/4,TT,ts-auth-service,delay,4,300,300,point,0.5,8,0.5,median_shift,2,0.5,0.8,0.014492753623188406,0,1,1,70,300.67480000434443,ts-auth-mongo|ts-auth-service|ts-config-mongo|ts-consign-mongo|ts-food-mongo,ts-auth-mongo_container-memory-rss,0.48891304347826087,23,23,0.4746376811594203,0.5031884057971014,22,23,22,0.49639265536723165,baseline-v2-20260723,cd270e7871bd358937d83d9a49829637fa80007d2964084ef229f578e3733bd3,ba75425861a059dafcc477474fc3e4ed1eafdc2b47d6fdd0557337035d29a960,b89e3e36a90c50dd6fddde011cb8734fe33d0fb645863deb044147c1e3c955fe,11894689,1693289154000000000,300
TT/ts-auth-service_delay/4,TT,ts-auth-service,delay,4,300,300,point,0.5,8,0.5,nsigma,1,1.0,1.0,0.0,1,1,1,70,775.1560000469908,ts-auth-service|ts-consign-service|ts-route-service|ts-station-service|ts-execute-service,ts-auth-service_container-memory-failures-total,0.48891304347826087,23,23,0.4746376811594203,0.5031884057971014,22,23,22,0.49639265536723165,baseline-v2-20260723,cd270e7871bd358937d83d9a49829637fa80007d2964084ef229f578e3733bd3,ba75425861a059dafcc477474fc3e4ed1eafdc2b47d6fdd0557337035d29a960,b89e3e36a90c50dd6fddde011cb8734fe33d0fb645863deb044147c1e3c955fe,11894689,1693289154000000000,300
TT/ts-auth-service_delay/4,TT,ts-auth-service,delay,4,300,300,point,0.5,9,0.5,baro,1,1.0,1.0,0.0,1,1,1,70,953.7790999747813,ts-auth-service|ts-travel-service|ts-auth-mongo|ts-travel2-service|ts-cancel-service,ts-auth-service_container-memory-usage-bytes,0.4891304347826087,23,23,0.48246376811594205,0.49579710144927536,22,23,22,0.49639265536723165,baseline-v2-20260723,cd270e7871bd358937d83d9a49829637fa80007d2964084ef229f578e3733bd3,ba75425861a059dafcc477474fc3e4ed1eafdc2b47d6fdd0557337035d29a960,b89e3e36a90c50dd6fddde011cb8734fe33d0fb645863deb044147c1e3c955fe,11894689,1693289154000000000,300
TT/ts-auth-service_delay/4,TT,ts-auth-service,delay,4,300,300,point,0.5,9,0.5,median_shift,2,0.5,0.8,0.014492753623188406,0,1,1,70,291.0468999762088,ts-auth-mongo|ts-auth-service|ts-config-mongo|ts-consign-mongo|ts-food-mongo,ts-auth-mongo_container-memory-rss,0.4891304347826087,23,23,0.48246376811594205,0.49579710144927536,22,23,22,0.49639265536723165,baseline-v2-20260723,cd270e7871bd358937d83d9a49829637fa80007d2964084ef229f578e3733bd3,ba75425861a059dafcc477474fc3e4ed1eafdc2b47d6fdd0557337035d29a960,b89e3e36a90c50dd6fddde011cb8734fe33d0fb645863deb044147c1e3c955fe,11894689,1693289154000000000,300
TT/ts-auth-service_delay/4,TT,ts-auth-service,delay,4,300,300,point,0.5,9,0.5,nsigma,1,1.0,1.0,0.0,1,1,1,70,758.0851000384428,ts-auth-service|ts-consign-service|ts-route-service|ts-station-service|ts-execute-service,ts-auth-service_container-memory-failures-total,0.4891304347826087,23,23,0.48246376811594205,0.49579710144927536,22,23,22,0.49639265536723165,baseline-v2-20260723,cd270e7871bd358937d83d9a49829637fa80007d2964084ef229f578e3733bd3,ba75425861a059dafcc477474fc3e4ed1eafdc2b47d6fdd0557337035d29a960,b89e3e36a90c50dd6fddde011cb8734fe33d0fb645863deb044147c1e3c955fe,11894689,1693289154000000000,300
TT/ts-auth-service_delay/4,TT,ts-auth-service,delay,4,300,300,stream,0.1,0,0.09987309572452098,baro,1,1.0,1.0,0.0,1,1,1,70,835.9569999738596,ts-auth-service|ts-travel-service|ts-auth-mongo|ts-travel2-service|ts-cancel-service,ts-auth-service_container-memory-usage-bytes,0.8472463768115942,20,23,0.8260869565217391,0.8684057971014493,19,20,19,0.8936327683615819,baseline-v2-20260723,cd270e7871bd358937d83d9a49829637fa80007d2964084ef229f578e3733bd3,ba75425861a059dafcc477474fc3e4ed1eafdc2b47d6fdd0557337035d29a960,b89e3e36a90c50dd6fddde011cb8734fe33d0fb645863deb044147c1e3c955fe,11894689,1693289154000000000,300
TT/ts-auth-service_delay/4,TT,ts-auth-service,delay,4,300,300,stream,0.1,0,0.09987309572452098,median_shift,2,0.5,0.8,0.014492753623188406,0,1,1,70,269.447400001809,ts-auth-mongo|ts-auth-service|ts-config-mongo|ts-consign-mongo|ts-food-mongo,ts-auth-mongo_container-memory-rss,0.8472463768115942,20,23,0.8260869565217391,0.8684057971014493,19,20,19,0.8936327683615819,baseline-v2-20260723,cd270e7871bd358937d83d9a49829637fa80007d2964084ef229f578e3733bd3,ba75425861a059dafcc477474fc3e4ed1eafdc2b47d6fdd0557337035d29a960,b89e3e36a90c50dd6fddde011cb8734fe33d0fb645863deb044147c1e3c955fe,11894689,1693289154000000000,300
TT/ts-auth-service_delay/4,TT,ts-auth-service,delay,4,300,300,stream,0.1,0,0.09987309572452098,nsigma,1,1.0,1.0,0.0,1,1,1,70,755.1918000099249,ts-auth-service|ts-route-service|ts-station-service|ts-execute-service|ts-food-service,ts-auth-service_container-memory-failures-total,0.8472463768115942,20,23,0.8260869565217391,0.8684057971014493,19,20,19,0.8936327683615819,baseline-v2-20260723,cd270e7871bd358937d83d9a49829637fa80007d2964084ef229f578e3733bd3,ba75425861a059dafcc477474fc3e4ed1eafdc2b47d6fdd0557337035d29a960,b89e3e36a90c50dd6fddde011cb8734fe33d0fb645863deb044147c1e3c955fe,11894689,1693289154000000000,300
TT/ts-auth-service_delay/4,TT,ts-auth-service,delay,4,300,300,stream,0.1,1,0.09987309572452098,baro,1,1.0,1.0,0.0,1,1,1,70,944.8476000106893,ts-auth-service|ts-travel-service|ts-auth-mongo|ts-travel2-service|ts-cancel-service,ts-auth-service_container-memory-usage-bytes,0.7602898550724637,18,23,0.7391304347826086,0.7814492753623189,17,18,17,0.8936327683615819,baseline-v2-20260723,cd270e7871bd358937d83d9a49829637fa80007d2964084ef229f578e3733bd3,ba75425861a059dafcc477474fc3e4ed1eafdc2b47d6fdd0557337035d29a960,b89e3e36a90c50dd6fddde011cb8734fe33d0fb645863deb044147c1e3c955fe,11894689,1693289154000000000,300
TT/ts-auth-service_delay/4,TT,ts-auth-service,delay,4,300,300,stream,0.1,1,0.09987309572452098,median_shift,2,0.5,0.8,0.014492753623188406,0,1,1,70,288.2157000130974,ts-auth-mongo|ts-auth-service|ts-config-mongo|ts-consign-mongo|ts-food-mongo,ts-auth-mongo_container-memory-rss,0.7602898550724637,18,23,0.7391304347826086,0.7814492753623189,17,18,17,0.8936327683615819,baseline-v2-20260723,cd270e7871bd358937d83d9a49829637fa80007d2964084ef229f578e3733bd3,ba75425861a059dafcc477474fc3e4ed1eafdc2b47d6fdd0557337035d29a960,b89e3e36a90c50dd6fddde011cb8734fe33d0fb645863deb044147c1e3c955fe,11894689,1693289154000000000,300
TT/ts-auth-service_delay/4,TT,ts-auth-service,delay,4,300,300,stream,0.1,1,0.09987309572452098,nsigma,1,1.0,1.0,0.0,1,1,1,70,858.5278000100516,ts-auth-service|ts-consign-service|ts-route-service|ts-station-service|ts-execute-service,ts-auth-service_container-memory-usage-bytes,0.7602898550724637,18,23,0.7391304347826086,0.7814492753623189,17,18,17,0.8936327683615819,baseline-v2-20260723,cd270e7871bd358937d83d9a49829637fa80007d2964084ef229f578e3733bd3,ba75425861a059dafcc477474fc3e4ed1eafdc2b47d6fdd0557337035d29a960,b89e3e36a90c50dd6fddde011cb8734fe33d0fb645863deb044147c1e3c955fe,11894689,1693289154000000000,300
TT/ts-auth-service_delay/4,TT,ts-auth-service,delay,4,300,300,stream,0.1,2,0.09987309572452098,baro,1,1.0,1.0,0.0,1,1,1,70,910.3714000084437,ts-auth-service|ts-auth-mongo|ts-cancel-service|ts-admin-route-service|ts-route-plan-service,ts-auth-service_container-memory-usage-bytes,0.9342028985507247,22,23,0.9130434782608695,0.9553623188405798,21,22,21,0.8936327683615819,baseline-v2-20260723,cd270e7871bd358937d83d9a49829637fa80007d2964084ef229f578e3733bd3,ba75425861a059dafcc477474fc3e4ed1eafdc2b47d6fdd0557337035d29a960,b89e3e36a90c50dd6fddde011cb8734fe33d0fb645863deb044147c1e3c955fe,11894689,1693289154000000000,300
TT/ts-auth-service_delay/4,TT,ts-auth-service,delay,4,300,300,stream,0.1,2,0.09987309572452098,median_shift,2,0.5,0.8,0.014492753623188406,0,1,1,70,296.5531999943778,ts-auth-mongo|ts-auth-service|ts-config-mongo|ts-consign-mongo|ts-food-mongo,ts-auth-mongo_container-memory-rss,0.9342028985507247,22,23,0.9130434782608695,0.9553623188405798,21,22,21,0.8936327683615819,baseline-v2-20260723,cd270e7871bd358937d83d9a49829637fa80007d2964084ef229f578e3733bd3,ba75425861a059dafcc477474fc3e4ed1eafdc2b47d6fdd0557337035d29a960,b89e3e36a90c50dd6fddde011cb8734fe33d0fb645863deb044147c1e3c955fe,11894689,1693289154000000000,300
TT/ts-auth-service_delay/4,TT,ts-auth-service,delay,4,300,300,stream,0.1,2,0.09987309572452098,nsigma,1,1.0,1.0,0.0,1,1,1,70,742.6381999976002,ts-auth-service|ts-consign-service|ts-route-service|ts-execute-service|ts-food-service,ts-auth-service_container-memory-failures-total,0.9342028985507247,22,23,0.9130434782608695,0.9553623188405798,21,22,21,0.8936327683615819,baseline-v2-20260723,cd270e7871bd358937d83d9a49829637fa80007d2964084ef229f578e3733bd3,ba75425861a059dafcc477474fc3e4ed1eafdc2b47d6fdd0557337035d29a960,b89e3e36a90c50dd6fddde011cb8734fe33d0fb645863deb044147c1e3c955fe,11894689,1693289154000000000,300
TT/ts-auth-service_delay/4,TT,ts-auth-service,delay,4,300,300,stream,0.1,3,0.09987309572452098,baro,1,1.0,1.0,0.0,1,1,1,70,935.3066000039689,ts-auth-service|ts-travel-service|ts-auth-mongo|ts-travel2-service|ts-cancel-service,ts-auth-service_container-memory-usage-bytes,0.9342028985507247,22,23,0.9130434782608695,0.9553623188405798,21,22,21,0.8936327683615819,baseline-v2-20260723,cd270e7871bd358937d83d9a49829637fa80007d2964084ef229f578e3733bd3,ba75425861a059dafcc477474fc3e4ed1eafdc2b47d6fdd0557337035d29a960,b89e3e36a90c50dd6fddde011cb8734fe33d0fb645863deb044147c1e3c955fe,11894689,1693289154000000000,300
TT/ts-auth-service_delay/4,TT,ts-auth-service,delay,4,300,300,stream,0.1,3,0.09987309572452098,median_shift,2,0.5,0.8,0.014492753623188406,0,1,1,70,281.3526000245474,ts-auth-mongo|ts-auth-service|ts-config-mongo|ts-consign-mongo|ts-food-mongo,ts-auth-mongo_container-memory-rss,0.9342028985507247,22,23,0.9130434782608695,0.9553623188405798,21,22,21,0.8936327683615819,baseline-v2-20260723,cd270e7871bd358937d83d9a49829637fa80007d2964084ef229f578e3733bd3,ba75425861a059dafcc477474fc3e4ed1eafdc2b47d6fdd0557337035d29a960,b89e3e36a90c50dd6fddde011cb8734fe33d0fb645863deb044147c1e3c955fe,11894689,1693289154000000000,300
TT/ts-auth-service_delay/4,TT,ts-auth-service,delay,4,300,300,stream,0.1,3,0.09987309572452098,nsigma,1,1.0,1.0,0.0,1,1,1,70,805.1100999582559,ts-auth-service|ts-consign-service|ts-route-service|ts-execute-service|ts-food-service,ts-auth-service_container-memory-failures-total,0.9342028985507247,22,23,0.9130434782608695,0.9553623188405798,21,22,21,0.8936327683615819,baseline-v2-20260723,cd270e7871bd358937d83d9a49829637fa80007d2964084ef229f578e3733bd3,ba75425861a059dafcc477474fc3e4ed1eafdc2b47d6fdd0557337035d29a960,b89e3e36a90c50dd6fddde011cb8734fe33d0fb645863deb044147c1e3c955fe,11894689,1693289154000000000,300
TT/ts-auth-service_delay/4,TT,ts-auth-service,delay,4,300,300,stream,0.1,4,0.09987309572452098,baro,1,1.0,1.0,0.0,1,1,1,70,951.9563999492675,ts-auth-service|ts-travel-service|ts-auth-mongo|ts-travel2-service|ts-cancel-service,ts-auth-service_container-memory-usage-bytes,0.8907246376811594,21,23,0.8695652173913043,0.9118840579710145,20,21,20,0.8936327683615819,baseline-v2-20260723,cd270e7871bd358937d83d9a49829637fa80007d2964084ef229f578e3733bd3,ba75425861a059dafcc477474fc3e4ed1eafdc2b47d6fdd0557337035d29a960,b89e3e36a90c50dd6fddde011cb8734fe33d0fb645863deb044147c1e3c955fe,11894689,1693289154000000000,300
TT/ts-auth-service_delay/4,TT,ts-auth-service,delay,4,300,300,stream,0.1,4,0.09987309572452098,median_shift,2,0.5,0.8,0.014492753623188406,0,1,1,70,266.05619996553287,ts-auth-mongo|ts-auth-service|ts-config-mongo|ts-consign-mongo|ts-food-mongo,ts-auth-mongo_container-memory-rss,0.8907246376811594,21,23,0.8695652173913043,0.9118840579710145,20,21,20,0.8936327683615819,baseline-v2-20260723,cd270e7871bd358937d83d9a49829637fa80007d2964084ef229f578e3733bd3,ba75425861a059dafcc477474fc3e4ed1eafdc2b47d6fdd0557337035d29a960,b89e3e36a90c50dd6fddde011cb8734fe33d0fb645863deb044147c1e3c955fe,11894689,1693289154000000000,300
TT/ts-auth-service_delay/4,TT,ts-auth-service,delay,4,300,300,stream,0.1,4,0.09987309572452098,nsigma,1,1.0,1.0,0.0,1,1,1,70,812.7221000031568,ts-auth-service|ts-route-service|ts-station-service|ts-execute-service|ts-food-service,ts-auth-service_container-memory-failures-total,0.8907246376811594,21,23,0.8695652173913043,0.9118840579710145,20,21,20,0.8936327683615819,baseline-v2-20260723,cd270e7871bd358937d83d9a49829637fa80007d2964084ef229f578e3733bd3,ba75425861a059dafcc477474fc3e4ed1eafdc2b47d6fdd0557337035d29a960,b89e3e36a90c50dd6fddde011cb8734fe33d0fb645863deb044147c1e3c955fe,11894689,1693289154000000000,300
TT/ts-auth-service_delay/4,TT,ts-auth-service,delay,4,300,300,stream,0.1,5,0.09987309572452098,baro,1,1.0,1.0,0.0,1,1,1,70,926.1575000127777,ts-auth-service|ts-travel-service|ts-auth-mongo|ts-travel2-service|ts-cancel-service,ts-auth-service_container-memory-usage-bytes,0.9776811594202899,23,23,0.9565217391304348,0.998840579710145,22,23,22,0.8936327683615819,baseline-v2-20260723,cd270e7871bd358937d83d9a49829637fa80007d2964084ef229f578e3733bd3,ba75425861a059dafcc477474fc3e4ed1eafdc2b47d6fdd0557337035d29a960,b89e3e36a90c50dd6fddde011cb8734fe33d0fb645863deb044147c1e3c955fe,11894689,1693289154000000000,300
TT/ts-auth-service_delay/4,TT,ts-auth-service,delay,4,300,300,stream,0.1,5,0.09987309572452098,median_shift,2,0.5,0.8,0.014492753623188406,0,1,1,70,291.9090000214055,ts-auth-mongo|ts-auth-service|ts-consign-mongo|ts-food-mongo|ts-route-mongo,ts-auth-mongo_container-memory-rss,0.9776811594202899,23,23,0.9565217391304348,0.998840579710145,22,23,22,0.8936327683615819,baseline-v2-20260723,cd270e7871bd358937d83d9a49829637fa80007d2964084ef229f578e3733bd3,ba75425861a059dafcc477474fc3e4ed1eafdc2b47d6fdd0557337035d29a960,b89e3e36a90c50dd6fddde011cb8734fe33d0fb645863deb044147c1e3c955fe,11894689,1693289154000000000,300
TT/ts-auth-service_delay/4,TT,ts-auth-service,delay,4,300,300,stream,0.1,5,0.09987309572452098,nsigma,1,1.0,1.0,0.0,1,1,1,70,764.5283999736421,ts-auth-service|ts-consign-service|ts-route-service|ts-station-service|ts-execute-service,ts-auth-service_container-memory-failures-total,0.9776811594202899,23,23,0.9565217391304348,0.998840579710145,22,23,22,0.8936327683615819,baseline-v2-20260723,cd270e7871bd358937d83d9a49829637fa80007d2964084ef229f578e3733bd3,ba75425861a059dafcc477474fc3e4ed1eafdc2b47d6fdd0557337035d29a960,b89e3e36a90c50dd6fddde011cb8734fe33d0fb645863deb044147c1e3c955fe,11894689,1693289154000000000,300
TT/ts-auth-service_delay/4,TT,ts-auth-service,delay,4,300,300,stream,0.1,6,0.09987309572452098,baro,1,1.0,1.0,0.0,1,1,1,70,890.4948999988846,ts-auth-service|ts-travel-service|ts-auth-mongo|ts-travel2-service|ts-cancel-service,ts-auth-service_container-memory-usage-bytes,0.9342028985507247,22,23,0.9130434782608695,0.9553623188405798,21,22,21,0.8936327683615819,baseline-v2-20260723,cd270e7871bd358937d83d9a49829637fa80007d2964084ef229f578e3733bd3,ba75425861a059dafcc477474fc3e4ed1eafdc2b47d6fdd0557337035d29a960,b89e3e36a90c50dd6fddde011cb8734fe33d0fb645863deb044147c1e3c955fe,11894689,1693289154000000000,300
TT/ts-auth-service_delay/4,TT,ts-auth-service,delay,4,300,300,stream,0.1,6,0.09987309572452098,median_shift,2,0.5,0.8,0.014492753623188406,0,1,1,70,260.9118999680504,ts-auth-mongo|ts-auth-service|ts-config-mongo|ts-consign-mongo|ts-food-mongo,ts-auth-mongo_container-memory-rss,0.9342028985507247,22,23,0.9130434782608695,0.9553623188405798,21,22,21,0.8936327683615819,baseline-v2-20260723,cd270e7871bd358937d83d9a49829637fa80007d2964084ef229f578e3733bd3,ba75425861a059dafcc477474fc3e4ed1eafdc2b47d6fdd0557337035d29a960,b89e3e36a90c50dd6fddde011cb8734fe33d0fb645863deb044147c1e3c955fe,11894689,1693289154000000000,300
TT/ts-auth-service_delay/4,TT,ts-auth-service,delay,4,300,300,stream,0.1,6,0.09987309572452098,nsigma,1,1.0,1.0,0.0,1,1,1,70,825.3554999828339,ts-auth-service|ts-consign-service|ts-route-service|ts-station-service|ts-execute-service,ts-auth-service_container-memory-failures-total,0.9342028985507247,22,23,0.9130434782608695,0.9553623188405798,21,22,21,0.8936327683615819,baseline-v2-20260723,cd270e7871bd358937d83d9a49829637fa80007d2964084ef229f578e3733bd3,ba75425861a059dafcc477474fc3e4ed1eafdc2b47d6fdd0557337035d29a960,b89e3e36a90c50dd6fddde011cb8734fe33d0fb645863deb044147c1e3c955fe,11894689,1693289154000000000,300
TT/ts-auth-service_delay/4,TT,ts-auth-service,delay,4,300,300,stream,0.1,7,0.09987309572452098,baro,1,1.0,1.0,0.0,1,1,1,70,934.1021999716759,ts-auth-service|ts-travel-service|ts-auth-mongo|ts-travel2-service|ts-cancel-service,ts-auth-service_container-memory-usage-bytes,0.9342028985507247,22,23,0.9130434782608695,0.9553623188405798,21,22,21,0.8936327683615819,baseline-v2-20260723,cd270e7871bd358937d83d9a49829637fa80007d2964084ef229f578e3733bd3,ba75425861a059dafcc477474fc3e4ed1eafdc2b47d6fdd0557337035d29a960,b89e3e36a90c50dd6fddde011cb8734fe33d0fb645863deb044147c1e3c955fe,11894689,1693289154000000000,300
TT/ts-auth-service_delay/4,TT,ts-auth-service,delay,4,300,300,stream,0.1,7,0.09987309572452098,median_shift,2,0.5,0.8,0.014492753623188406,0,1,1,70,342.60719997109845,ts-auth-mongo|ts-auth-service|ts-consign-mongo|ts-food-mongo|ts-order-other-mongo,ts-auth-mongo_container-memory-rss,0.9342028985507247,22,23,0.9130434782608695,0.9553623188405798,21,22,21,0.8936327683615819,baseline-v2-20260723,cd270e7871bd358937d83d9a49829637fa80007d2964084ef229f578e3733bd3,ba75425861a059dafcc477474fc3e4ed1eafdc2b47d6fdd0557337035d29a960,b89e3e36a90c50dd6fddde011cb8734fe33d0fb645863deb044147c1e3c955fe,11894689,1693289154000000000,300
TT/ts-auth-service_delay/4,TT,ts-auth-service,delay,4,300,300,stream,0.1,7,0.09987309572452098,nsigma,1,1.0,1.0,0.0,1,1,1,70,711.2533000181429,ts-auth-service|ts-consign-service|ts-route-service|ts-station-service|ts-execute-service,ts-auth-service_container-memory-failures-total,0.9342028985507247,22,23,0.9130434782608695,0.9553623188405798,21,22,21,0.8936327683615819,baseline-v2-20260723,cd270e7871bd358937d83d9a49829637fa80007d2964084ef229f578e3733bd3,ba75425861a059dafcc477474fc3e4ed1eafdc2b47d6fdd0557337035d29a960,b89e3e36a90c50dd6fddde011cb8734fe33d0fb645863deb044147c1e3c955fe,11894689,1693289154000000000,300
TT/ts-auth-service_delay/4,TT,ts-auth-service,delay,4,300,300,stream,0.1,8,0.09987309572452098,baro,1,1.0,1.0,0.0,1,1,1,70,864.79949997738,ts-auth-service|ts-travel-service|ts-auth-mongo|ts-cancel-service|ts-admin-route-service,ts-auth-service_container-memory-usage-bytes,0.9776811594202899,23,23,0.9565217391304348,0.998840579710145,22,23,22,0.8936327683615819,baseline-v2-20260723,cd270e7871bd358937d83d9a49829637fa80007d2964084ef229f578e3733bd3,ba75425861a059dafcc477474fc3e4ed1eafdc2b47d6fdd0557337035d29a960,b89e3e36a90c50dd6fddde011cb8734fe33d0fb645863deb044147c1e3c955fe,11894689,1693289154000000000,300
TT/ts-auth-service_delay/4,TT,ts-auth-service,delay,4,300,300,stream,0.1,8,0.09987309572452098,median_shift,2,0.5,0.8,0.014492753623188406,0,1,1,70,307.54589999560267,ts-auth-mongo|ts-auth-service|ts-consign-mongo|ts-food-mongo|ts-route-mongo,ts-auth-mongo_container-memory-rss,0.9776811594202899,23,23,0.9565217391304348,0.998840579710145,22,23,22,0.8936327683615819,baseline-v2-20260723,cd270e7871bd358937d83d9a49829637fa80007d2964084ef229f578e3733bd3,ba75425861a059dafcc477474fc3e4ed1eafdc2b47d6fdd0557337035d29a960,b89e3e36a90c50dd6fddde011cb8734fe33d0fb645863deb044147c1e3c955fe,11894689,1693289154000000000,300
TT/ts-auth-service_delay/4,TT,ts-auth-service,delay,4,300,300,stream,0.1,8,0.09987309572452098,nsigma,1,1.0,1.0,0.0,1,1,1,70,745.484699960798,ts-auth-service|ts-consign-service|ts-route-service|ts-station-service|ts-execute-service,ts-auth-service_container-memory-failures-total,0.9776811594202899,23,23,0.9565217391304348,0.998840579710145,22,23,22,0.8936327683615819,baseline-v2-20260723,cd270e7871bd358937d83d9a49829637fa80007d2964084ef229f578e3733bd3,ba75425861a059dafcc477474fc3e4ed1eafdc2b47d6fdd0557337035d29a960,b89e3e36a90c50dd6fddde011cb8734fe33d0fb645863deb044147c1e3c955fe,11894689,1693289154000000000,300
TT/ts-auth-service_delay/4,TT,ts-auth-service,delay,4,300,300,stream,0.1,9,0.09987309572452098,baro,1,1.0,1.0,0.0,1,1,1,70,877.116699994076,ts-auth-service|ts-travel-service|ts-auth-mongo|ts-travel2-service|ts-cancel-service,ts-auth-service_container-memory-usage-bytes,0.8907246376811594,21,23,0.8695652173913043,0.9118840579710145,20,21,20,0.8936327683615819,baseline-v2-20260723,cd270e7871bd358937d83d9a49829637fa80007d2964084ef229f578e3733bd3,ba75425861a059dafcc477474fc3e4ed1eafdc2b47d6fdd0557337035d29a960,b89e3e36a90c50dd6fddde011cb8734fe33d0fb645863deb044147c1e3c955fe,11894689,1693289154000000000,300
TT/ts-auth-service_delay/4,TT,ts-auth-service,delay,4,300,300,stream,0.1,9,0.09987309572452098,median_shift,2,0.5,0.8,0.014492753623188406,0,1,1,70,298.0612000101246,ts-auth-mongo|ts-auth-service|ts-config-mongo|ts-consign-mongo|ts-food-mongo,ts-auth-mongo_container-memory-rss,0.8907246376811594,21,23,0.8695652173913043,0.9118840579710145,20,21,20,0.8936327683615819,baseline-v2-20260723,cd270e7871bd358937d83d9a49829637fa80007d2964084ef229f578e3733bd3,ba75425861a059dafcc477474fc3e4ed1eafdc2b47d6fdd0557337035d29a960,b89e3e36a90c50dd6fddde011cb8734fe33d0fb645863deb044147c1e3c955fe,11894689,1693289154000000000,300
TT/ts-auth-service_delay/4,TT,ts-auth-service,delay,4,300,300,stream,0.1,9,0.09987309572452098,nsigma,1,1.0,1.0,0.0,1,1,1,70,918.8248999998905,ts-auth-service|ts-consign-service|ts-route-service|ts-station-service|ts-execute-service,ts-auth-service_container-memory-failures-total,0.8907246376811594,21,23,0.8695652173913043,0.9118840579710145,20,21,20,0.8936327683615819,baseline-v2-20260723,cd270e7871bd358937d83d9a49829637fa80007d2964084ef229f578e3733bd3,ba75425861a059dafcc477474fc3e4ed1eafdc2b47d6fdd0557337035d29a960,b89e3e36a90c50dd6fddde011cb8734fe33d0fb645863deb044147c1e3c955fe,11894689,1693289154000000000,300
TT/ts-auth-service_delay/4,TT,ts-auth-service,delay,4,300,300,stream,0.3,0,0.30047290337633664,baro,1,1.0,1.0,0.0,1,1,1,70,663.1512999883853,ts-auth-service|ts-travel-service|ts-auth-mongo|ts-travel2-service|ts-cancel-service,ts-auth-service_container-memory-working-set-bytes,0.5863768115942029,14,23,0.5652173913043478,0.6075362318840579,13,14,13,0.6944802259887005,baseline-v2-20260723,cd270e7871bd358937d83d9a49829637fa80007d2964084ef229f578e3733bd3,ba75425861a059dafcc477474fc3e4ed1eafdc2b47d6fdd0557337035d29a960,b89e3e36a90c50dd6fddde011cb8734fe33d0fb645863deb044147c1e3c955fe,11894689,1693289154000000000,300
TT/ts-auth-service_delay/4,TT,ts-auth-service,delay,4,300,300,stream,0.3,0,0.30047290337633664,median_shift,2,0.5,0.8,0.014492753623188406,0,1,1,70,180.81119999988005,ts-auth-mongo|ts-auth-service|ts-config-mongo|ts-food-mongo|ts-order-other-mongo,ts-auth-mongo_container-memory-rss,0.5863768115942029,14,23,0.5652173913043478,0.6075362318840579,13,14,13,0.6944802259887005,baseline-v2-20260723,cd270e7871bd358937d83d9a49829637fa80007d2964084ef229f578e3733bd3,ba75425861a059dafcc477474fc3e4ed1eafdc2b47d6fdd0557337035d29a960,b89e3e36a90c50dd6fddde011cb8734fe33d0fb645863deb044147c1e3c955fe,11894689,1693289154000000000,300
TT/ts-auth-service_delay/4,TT,ts-auth-service,delay,4,300,300,stream,0.3,0,0.30047290337633664,nsigma,1,1.0,1.0,0.0,1,1,1,70,581.4114999957383,ts-auth-service|ts-station-service|ts-execute-service|ts-food-service|ts-order-other-service,ts-auth-service_container-memory-failures-total,0.5863768115942029,14,23,0.5652173913043478,0.6075362318840579,13,14,13,0.6944802259887005,baseline-v2-20260723,cd270e7871bd358937d83d9a49829637fa80007d2964084ef229f578e3733bd3,ba75425861a059dafcc477474fc3e4ed1eafdc2b47d6fdd0557337035d29a960,b89e3e36a90c50dd6fddde011cb8734fe33d0fb645863deb044147c1e3c955fe,11894689,1693289154000000000,300
TT/ts-auth-service_delay/4,TT,ts-auth-service,delay,4,300,300,stream,0.3,1,0.30047290337633664,baro,1,1.0,1.0,0.0,1,1,1,70,822.4121000384912,ts-auth-service|ts-travel-service|ts-auth-mongo|ts-cancel-service|ts-route-plan-service,ts-auth-service_container-memory-usage-bytes,0.6733333333333333,16,23,0.6521739130434783,0.6944927536231884,15,16,15,0.6944802259887005,baseline-v2-20260723,cd270e7871bd358937d83d9a49829637fa80007d2964084ef229f578e3733bd3,ba75425861a059dafcc477474fc3e4ed1eafdc2b47d6fdd0557337035d29a960,b89e3e36a90c50dd6fddde011cb8734fe33d0fb645863deb044147c1e3c955fe,11894689,1693289154000000000,300
TT/ts-auth-service_delay/4,TT,ts-auth-service,delay,4,300,300,stream,0.3,1,0.30047290337633664,median_shift,2,0.5,0.8,0.014492753623188406,0,1,1,70,296.8094000243582,ts-auth-mongo|ts-auth-service|ts-config-mongo|ts-consign-mongo|ts-order-other-mongo,ts-auth-mongo_container-memory-rss,0.6733333333333333,16,23,0.6521739130434783,0.6944927536231884,15,16,15,0.6944802259887005,baseline-v2-20260723,cd270e7871bd358937d83d9a49829637fa80007d2964084ef229f578e3733bd3,ba75425861a059dafcc477474fc3e4ed1eafdc2b47d6fdd0557337035d29a960,b89e3e36a90c50dd6fddde011cb8734fe33d0fb645863deb044147c1e3c955fe,11894689,1693289154000000000,300
TT/ts-auth-service_delay/4,TT,ts-auth-service,delay,4,300,300,stream,0.3,1,0.30047290337633664,nsigma,1,1.0,1.0,0.0,1,1,1,70,659.1373999835923,ts-auth-service|ts-consign-service|ts-route-service|ts-execute-service|ts-food-service,ts-auth-service_container-memory-failures-total,0.6733333333333333,16,23,0.6521739130434783,0.6944927536231884,15,16,15,0.6944802259887005,baseline-v2-20260723,cd270e7871bd358937d83d9a49829637fa80007d2964084ef229f578e3733bd3,ba75425861a059dafcc477474fc3e4ed1eafdc2b47d6fdd0557337035d29a960,b89e3e36a90c50dd6fddde011cb8734fe33d0fb645863deb044147c1e3c955fe,11894689,1693289154000000000,300
TT/ts-auth-service_delay/4,TT,ts-auth-service,delay,4,300,300,stream,0.3,2,0.30003471372557944,baro,1,1.0,1.0,0.0,1,1,1,70,830.4385000374168,ts-auth-service|ts-travel2-service|ts-cancel-service|ts-admin-route-service|ts-route-plan-service,ts-auth-service_container-memory-working-set-bytes,0.6956521739130435,16,23,0.6956521739130435,0.6956521739130435,16,16,16,0.6949152542372882,baseline-v2-20260723,cd270e7871bd358937d83d9a49829637fa80007d2964084ef229f578e3733bd3,ba75425861a059dafcc477474fc3e4ed1eafdc2b47d6fdd0557337035d29a960,b89e3e36a90c50dd6fddde011cb8734fe33d0fb645863deb044147c1e3c955fe,11894689,1693289154000000000,300
TT/ts-auth-service_delay/4,TT,ts-auth-service,delay,4,300,300,stream,0.3,2,0.30003471372557944,median_shift,1,1.0,1.0,0.0,1,1,1,70,262.1347999665886,ts-auth-service|ts-config-mongo|ts-consign-mongo|ts-food-mongo|ts-order-other-mongo,ts-auth-service_container-memory-rss,0.6956521739130435,16,23,0.6956521739130435,0.6956521739130435,16,16,16,0.6949152542372882,baseline-v2-20260723,cd270e7871bd358937d83d9a49829637fa80007d2964084ef229f578e3733bd3,ba75425861a059dafcc477474fc3e4ed1eafdc2b47d6fdd0557337035d29a960,b89e3e36a90c50dd6fddde011cb8734fe33d0fb645863deb044147c1e3c955fe,11894689,1693289154000000000,300
TT/ts-auth-service_delay/4,TT,ts-auth-service,delay,4,300,300,stream,0.3,2,0.30003471372557944,nsigma,1,1.0,1.0,0.0,1,1,1,70,663.6613000300713,ts-auth-service|ts-station-service|ts-food-service|ts-consign-service|ts-assurance-service,ts-auth-service_container-memory-failures-total,0.6956521739130435,16,23,0.6956521739130435,0.6956521739130435,16,16,16,0.6949152542372882,baseline-v2-20260723,cd270e7871bd358937d83d9a49829637fa80007d2964084ef229f578e3733bd3,ba75425861a059dafcc477474fc3e4ed1eafdc2b47d6fdd0557337035d29a960,b89e3e36a90c50dd6fddde011cb8734fe33d0fb645863deb044147c1e3c955fe,11894689,1693289154000000000,300
TT/ts-auth-service_delay/4,TT,ts-auth-service,delay,4,300,300,stream,0.3,3,0.30003471372557944,baro,1,1.0,1.0,0.0,1,1,1,70,849.6104000369087,ts-auth-service|ts-travel-service|ts-auth-mongo|ts-cancel-service|ts-admin-route-service,ts-auth-service_container-memory-working-set-bytes,0.6956521739130435,16,23,0.6956521739130435,0.6956521739130435,16,16,16,0.6949152542372882,baseline-v2-20260723,cd270e7871bd358937d83d9a49829637fa80007d2964084ef229f578e3733bd3,ba75425861a059dafcc477474fc3e4ed1eafdc2b47d6fdd0557337035d29a960,b89e3e36a90c50dd6fddde011cb8734fe33d0fb645863deb044147c1e3c955fe,11894689,1693289154000000000,300
TT/ts-auth-service_delay/4,TT,ts-auth-service,delay,4,300,300,stream,0.3,3,0.30003471372557944,median_shift,2,0.5,0.8,0.014492753623188406,0,1,1,70,248.7851000041701,ts-auth-mongo|ts-auth-service|ts-config-mongo|ts-order-other-mongo|ts-travel-service,ts-auth-mongo_container-memory-rss,0.6956521739130435,16,23,0.6956521739130435,0.6956521739130435,16,16,16,0.6949152542372882,baseline-v2-20260723,cd270e7871bd358937d83d9a49829637fa80007d2964084ef229f578e3733bd3,ba75425861a059dafcc477474fc3e4ed1eafdc2b47d6fdd0557337035d29a960,b89e3e36a90c50dd6fddde011cb8734fe33d0fb645863deb044147c1e3c955fe,11894689,1693289154000000000,300
TT/ts-auth-service_delay/4,TT,ts-auth-service,delay,4,300,300,stream,0.3,3,0.30003471372557944,nsigma,1,1.0,1.0,0.0,1,1,1,70,694.6466999943368,ts-auth-service|ts-execute-service|ts-food-service|ts-consign-service|ts-order-other-service,ts-auth-service_container-memory-working-set-bytes,0.6956521739130435,16,23,0.6956521739130435,0.6956521739130435,16,16,16,0.6949152542372882,baseline-v2-20260723,cd270e7871bd358937d83d9a49829637fa80007d2964084ef229f578e3733bd3,ba75425861a059dafcc477474fc3e4ed1eafdc2b47d6fdd0557337035d29a960,b89e3e36a90c50dd6fddde011cb8734fe33d0fb645863deb044147c1e3c955fe,11894689,1693289154000000000,300
TT/ts-auth-service_delay/4,TT,ts-auth-service,delay,4,300,300,stream,0.3,4,0.30047290337633664,baro,1,1.0,1.0,0.0,1,1,1,70,882.6168999657966,ts-auth-service|ts-travel-service|ts-auth-mongo|ts-travel2-service|ts-cancel-service,ts-auth-service_container-memory-usage-bytes,0.7602898550724637,18,23,0.7391304347826086,0.7814492753623189,17,18,17,0.6944802259887005,baseline-v2-20260723,cd270e7871bd358937d83d9a49829637fa80007d2964084ef229f578e3733bd3,ba75425861a059dafcc477474fc3e4ed1eafdc2b47d6fdd0557337035d29a960,b89e3e36a90c50dd6fddde011cb8734fe33d0fb645863deb044147c1e3c955fe,11894689,1693289154000000000,300
TT/ts-auth-service_delay/4,TT,ts-auth-service,delay,4,300,300,stream,0.3,4,0.30047290337633664,median_shift,2,0.5,0.8,0.014492753623188406,0,1,1,70,225.6959000369534,ts-auth-mongo|ts-auth-service|ts-config-mongo|ts-consign-mongo|ts-food-mongo,ts-auth-mongo_container-memory-rss,0.7602898550724637,18,23,0.7391304347826086,0.7814492753623189,17,18,17,0.6944802259887005,baseline-v2-20260723,cd270e7871bd358937d83d9a49829637fa80007d2964084ef229f578e3733bd3,ba75425861a059dafcc477474fc3e4ed1eafdc2b47d6fdd0557337035d29a960,b89e3e36a90c50dd6fddde011cb8734fe33d0fb645863deb044147c1e3c955fe,11894689,1693289154000000000,300
TT/ts-auth-service_delay/4,TT,ts-auth-service,delay,4,300,300,stream,0.3,4,0.30047290337633664,nsigma,1,1.0,1.0,0.0,1,1,1,70,636.3614000147209,ts-auth-service|ts-route-service|ts-station-service|ts-execute-service|ts-consign-service,ts-auth-service_container-memory-failures-total,0.7602898550724637,18,23,0.7391304347826086,0.7814492753623189,17,18,17,0.6944802259887005,baseline-v2-20260723,cd270e7871bd358937d83d9a49829637fa80007d2964084ef229f578e3733bd3,ba75425861a059dafcc477474fc3e4ed1eafdc2b47d6fdd0557337035d29a960,b89e3e36a90c50dd6fddde011cb8734fe33d0fb645863deb044147c1e3c955fe,11894689,1693289154000000000,300
TT/ts-auth-service_delay/4,TT,ts-auth-service,delay,4,300,300,stream,0.3,5,0.30047290337633664,baro,1,1.0,1.0,0.0,1,1,1,70,753.3498999546282,ts-auth-service|ts-auth-mongo|ts-travel2-service|ts-cancel-service|ts-route-plan-service,ts-auth-service_container-memory-usage-bytes,0.6733333333333333,16,23,0.6521739130434783,0.6944927536231884,15,16,15,0.6944802259887005,baseline-v2-20260723,cd270e7871bd358937d83d9a49829637fa80007d2964084ef229f578e3733bd3,ba75425861a059dafcc477474fc3e4ed1eafdc2b47d6fdd0557337035d29a960,b89e3e36a90c50dd6fddde011cb8734fe33d0fb645863deb044147c1e3c955fe,11894689,1693289154000000000,300
TT/ts-auth-service_delay/4,TT,ts-auth-service,delay,4,300,300,stream,0.3,5,0.30047290337633664,median_shift,2,0.5,0.8,0.014492753623188406,0,1,1,70,225.25670001050457,ts-auth-mongo|ts-auth-service|ts-consign-mongo|ts-food-mongo|ts-order-other-mongo,ts-auth-mongo_container-memory-rss,0.6733333333333333,16,23,0.6521739130434783,0.6944927536231884,15,16,15,0.6944802259887005,baseline-v2-20260723,cd270e7871bd358937d83d9a49829637fa80007d2964084ef229f578e3733bd3,ba75425861a059dafcc477474fc3e4ed1eafdc2b47d6fdd0557337035d29a960,b89e3e36a90c50dd6fddde011cb8734fe33d0fb645863deb044147c1e3c955fe,11894689,1693289154000000000,300
TT/ts-auth-service_delay/4,TT,ts-auth-service,delay,4,300,300,stream,0.3,5,0.30047290337633664,nsigma,1,1.0,1.0,0.0,1,1,1,70,656.1048000003211,ts-auth-service|ts-consign-service|ts-station-service|ts-execute-service|ts-food-service,ts-auth-service_container-memory-usage-bytes,0.6733333333333333,16,23,0.6521739130434783,0.6944927536231884,15,16,15,0.6944802259887005,baseline-v2-20260723,cd270e7871bd358937d83d9a49829637fa80007d2964084ef229f578e3733bd3,ba75425861a059dafcc477474fc3e4ed1eafdc2b47d6fdd0557337035d29a960,b89e3e36a90c50dd6fddde011cb8734fe33d0fb645863deb044147c1e3c955fe,11894689,1693289154000000000,300
TT/ts-auth-service_delay/4,TT,ts-auth-service,delay,4,300,300,stream,0.3,6,0.30003471372557944,baro,1,1.0,1.0,0.0,1,1,1,70,816.4799999794923,ts-auth-service|ts-travel-service|ts-auth-mongo|ts-cancel-service|ts-route-plan-service,ts-auth-service_container-memory-working-set-bytes,0.5217391304347826,12,23,0.5217391304347826,0.5217391304347826,12,12,12,0.6949152542372882,baseline-v2-20260723,cd270e7871bd358937d83d9a49829637fa80007d2964084ef229f578e3733bd3,ba75425861a059dafcc477474fc3e4ed1eafdc2b47d6fdd0557337035d29a960,b89e3e36a90c50dd6fddde011cb8734fe33d0fb645863deb044147c1e3c955fe,11894689,1693289154000000000,300
TT/ts-auth-service_delay/4,TT,ts-auth-service,delay,4,300,300,stream,0.3,6,0.30003471372557944,median_shift,2,0.5,0.8,0.014492753623188406,0,1,1,70,207.6043999986723,ts-auth-mongo|ts-auth-service|ts-config-mongo|ts-consign-mongo|ts-food-mongo,ts-auth-mongo_container-memory-rss,0.5217391304347826,12,23,0.5217391304347826,0.5217391304347826,12,12,12,0.6949152542372882,baseline-v2-20260723,cd270e7871bd358937d83d9a49829637fa80007d2964084ef229f578e3733bd3,ba75425861a059dafcc477474fc3e4ed1eafdc2b47d6fdd0557337035d29a960,b89e3e36a90c50dd6fddde011cb8734fe33d0fb645863deb044147c1e3c955fe,11894689,1693289154000000000,300
TT/ts-auth-service_delay/4,TT,ts-auth-service,delay,4,300,300,stream,0.3,6,0.30003471372557944,nsigma,1,1.0,1.0,0.0,1,1,1,70,668.2369000045583,ts-auth-service|ts-consign-service|ts-station-service|ts-execute-service|ts-food-service,ts-auth-service_container-memory-failures-total,0.5217391304347826,12,23,0.5217391304347826,0.5217391304347826,12,12,12,0.6949152542372882,baseline-v2-20260723,cd270e7871bd358937d83d9a49829637fa80007d2964084ef229f578e3733bd3,ba75425861a059dafcc477474fc3e4ed1eafdc2b47d6fdd0557337035d29a960,b89e3e36a90c50dd6fddde011cb8734fe33d0fb645863deb044147c1e3c955fe,11894689,1693289154000000000,300
TT/ts-auth-service_delay/4,TT,ts-auth-service,delay,4,300,300,stream,0.3,7,0.30003471372557944,baro,1,1.0,1.0,0.0,1,1,1,70,704.4731000205502,ts-auth-service|ts-travel-service|ts-auth-mongo|ts-travel2-service|ts-cancel-service,ts-auth-service_container-memory-usage-bytes,0.7391304347826086,17,23,0.7391304347826086,0.7391304347826086,17,17,17,0.6949152542372882,baseline-v2-20260723,cd270e7871bd358937d83d9a49829637fa80007d2964084ef229f578e3733bd3,ba75425861a059dafcc477474fc3e4ed1eafdc2b47d6fdd0557337035d29a960,b89e3e36a90c50dd6fddde011cb8734fe33d0fb645863deb044147c1e3c955fe,11894689,1693289154000000000,300
TT/ts-auth-service_delay/4,TT,ts-auth-service,delay,4,300,300,stream,0.3,7,0.30003471372557944,median_shift,2,0.5,0.8,0.014492753623188406,0,1,1,70,286.1828999593854,ts-auth-mongo|ts-auth-service|ts-config-mongo|ts-order-other-mongo|ts-route-mongo,ts-auth-mongo_container-memory-rss,0.7391304347826086,17,23,0.7391304347826086,0.7391304347826086,17,17,17,0.6949152542372882,baseline-v2-20260723,cd270e7871bd358937d83d9a49829637fa80007d2964084ef229f578e3733bd3,ba75425861a059dafcc477474fc3e4ed1eafdc2b47d6fdd0557337035d29a960,b89e3e36a90c50dd6fddde011cb8734fe33d0fb645863deb044147c1e3c955fe,11894689,1693289154000000000,300
TT/ts-auth-service_delay/4,TT,ts-auth-service,delay,4,300,300,stream,0.3,7,0.30003471372557944,nsigma,1,1.0,1.0,0.0,1,1,1,70,751.5176999731921,ts-auth-service|ts-route-service|ts-execute-service|ts-food-service|ts-consign-service,ts-auth-service_container-memory-failures-total,0.7391304347826086,17,23,0.7391304347826086,0.7391304347826086,17,17,17,0.6949152542372882,baseline-v2-20260723,cd270e7871bd358937d83d9a49829637fa80007d2964084ef229f578e3733bd3,ba75425861a059dafcc477474fc3e4ed1eafdc2b47d6fdd0557337035d29a960,b89e3e36a90c50dd6fddde011cb8734fe33d0fb645863deb044147c1e3c955fe,11894689,1693289154000000000,300
TT/ts-auth-service_delay/4,TT,ts-auth-service,delay,4,300,300,stream,0.3,8,0.30047290337633664,baro,1,1.0,1.0,0.0,1,1,1,70,908.3254999713972,ts-auth-service|ts-travel-service|ts-cancel-service|ts-admin-route-service|ts-seat-service,ts-auth-service_container-memory-usage-bytes,0.8472463768115942,20,23,0.8260869565217391,0.8684057971014493,19,20,19,0.6944802259887005,baseline-v2-20260723,cd270e7871bd358937d83d9a49829637fa80007d2964084ef229f578e3733bd3,ba75425861a059dafcc477474fc3e4ed1eafdc2b47d6fdd0557337035d29a960,b89e3e36a90c50dd6fddde011cb8734fe33d0fb645863deb044147c1e3c955fe,11894689,1693289154000000000,300
TT/ts-auth-service_delay/4,TT,ts-auth-service,delay,4,300,300,stream,0.3,8,0.30047290337633664,median_shift,1,1.0,1.0,0.0,1,1,1,70,245.7451000227593,ts-auth-service|ts-consign-mongo|ts-route-mongo|ts-station-service|ts-travel-service,ts-auth-service_container-memory-usage-bytes,0.8472463768115942,20,23,0.8260869565217391,0.8684057971014493,19,20,19,0.6944802259887005,baseline-v2-20260723,cd270e7871bd358937d83d9a49829637fa80007d2964084ef229f578e3733bd3,ba75425861a059dafcc477474fc3e4ed1eafdc2b47d6fdd0557337035d29a960,b89e3e36a90c50dd6fddde011cb8734fe33d0fb645863deb044147c1e3c955fe,11894689,1693289154000000000,300
TT/ts-auth-service_delay/4,TT,ts-auth-service,delay,4,300,300,stream,0.3,8,0.30047290337633664,nsigma,1,1.0,1.0,0.0,1,1,1,70,642.2103999648243,ts-auth-service|ts-station-service|ts-execute-service|ts-consign-service|ts-food-service,ts-auth-service_container-memory-failures-total,0.8472463768115942,20,23,0.8260869565217391,0.8684057971014493,19,20,19,0.6944802259887005,baseline-v2-20260723,cd270e7871bd358937d83d9a49829637fa80007d2964084ef229f578e3733bd3,ba75425861a059dafcc477474fc3e4ed1eafdc2b47d6fdd0557337035d29a960,b89e3e36a90c50dd6fddde011cb8734fe33d0fb645863deb044147c1e3c955fe,11894689,1693289154000000000,300
TT/ts-auth-service_delay/4,TT,ts-auth-service,delay,4,300,300,stream,0.3,9,0.30047290337633664,baro,1,1.0,1.0,0.0,1,1,1,70,831.9622999988496,ts-auth-service|ts-travel-service|ts-auth-mongo|ts-travel2-service|ts-cancel-service,ts-auth-service_container-memory-usage-bytes,0.7602898550724637,18,23,0.7391304347826086,0.7814492753623189,17,18,17,0.6944802259887005,baseline-v2-20260723,cd270e7871bd358937d83d9a49829637fa80007d2964084ef229f578e3733bd3,ba75425861a059dafcc477474fc3e4ed1eafdc2b47d6fdd0557337035d29a960,b89e3e36a90c50dd6fddde011cb8734fe33d0fb645863deb044147c1e3c955fe,11894689,1693289154000000000,300
TT/ts-auth-service_delay/4,TT,ts-auth-service,delay,4,300,300,stream,0.3,9,0.30047290337633664,median_shift,2,0.5,0.8,0.014492753623188406,0,1,1,70,203.7014000234194,ts-auth-mongo|ts-auth-service|ts-order-other-mongo|ts-station-service|ts-travel-service,ts-auth-mongo_container-memory-rss,0.7602898550724637,18,23,0.7391304347826086,0.7814492753623189,17,18,17,0.6944802259887005,baseline-v2-20260723,cd270e7871bd358937d83d9a49829637fa80007d2964084ef229f578e3733bd3,ba75425861a059dafcc477474fc3e4ed1eafdc2b47d6fdd0557337035d29a960,b89e3e36a90c50dd6fddde011cb8734fe33d0fb645863deb044147c1e3c955fe,11894689,1693289154000000000,300
TT/ts-auth-service_delay/4,TT,ts-auth-service,delay,4,300,300,stream,0.3,9,0.30047290337633664,nsigma,1,1.0,1.0,0.0,1,1,1,70,704.02499998454,ts-auth-service|ts-consign-service|ts-route-service|ts-station-service|ts-execute-service,ts-auth-service_container-memory-failures-total,0.7602898550724637,18,23,0.7391304347826086,0.7814492753623189,17,18,17,0.6944802259887005,baseline-v2-20260723,cd270e7871bd358937d83d9a49829637fa80007d2964084ef229f578e3733bd3,ba75425861a059dafcc477474fc3e4ed1eafdc2b47d6fdd0557337035d29a960,b89e3e36a90c50dd6fddde011cb8734fe33d0fb645863deb044147c1e3c955fe,11894689,1693289154000000000,300
TT/ts-auth-service_delay/4,TT,ts-auth-service,delay,4,300,300,stream,0.5,0,0.5002190948253786,baro,6,0.16666666666666666,0.0,0.07246376811594203,0,0,0,70,609.4612000160851,ts-cancel-service|ts-admin-route-service|ts-inside-payment-service|ts-route-service|ts-station-service,ts-cancel-service_container-memory-working-set-bytes,0.3689855072463768,9,23,0.34782608695652173,0.39014492753623187,8,9,8,0.4961751412429379,baseline-v2-20260723,cd270e7871bd358937d83d9a49829637fa80007d2964084ef229f578e3733bd3,ba75425861a059dafcc477474fc3e4ed1eafdc2b47d6fdd0557337035d29a960,b89e3e36a90c50dd6fddde011cb8734fe33d0fb645863deb044147c1e3c955fe,11894689,1693289154000000000,300
TT/ts-auth-service_delay/4,TT,ts-auth-service,delay,4,300,300,stream,0.5,0,0.5002190948253786,median_shift,1,1.0,1.0,0.0,1,1,1,70,230.32039997633547,ts-auth-service|ts-config-mongo|ts-consign-mongo|ts-food-mongo|ts-order-other-mongo,ts-auth-service_container-memory-rss,0.3689855072463768,9,23,0.34782608695652173,0.39014492753623187,8,9,8,0.4961751412429379,baseline-v2-20260723,cd270e7871bd358937d83d9a49829637fa80007d2964084ef229f578e3733bd3,ba75425861a059dafcc477474fc3e4ed1eafdc2b47d6fdd0557337035d29a960,b89e3e36a90c50dd6fddde011cb8734fe33d0fb645863deb044147c1e3c955fe,11894689,1693289154000000000,300
TT/ts-auth-service_delay/4,TT,ts-auth-service,delay,4,300,300,stream,0.5,0,0.5002190948253786,nsigma,4,0.25,0.4,0.043478260869565216,0,0,1,70,504.3603000231087,ts-route-service|ts-station-service|ts-execute-service|ts-auth-service|ts-assurance-service,ts-route-service_container-memory-failures-total,0.3689855072463768,9,23,0.34782608695652173,0.39014492753623187,8,9,8,0.4961751412429379,baseline-v2-20260723,cd270e7871bd358937d83d9a49829637fa80007d2964084ef229f578e3733bd3,ba75425861a059dafcc477474fc3e4ed1eafdc2b47d6fdd0557337035d29a960,b89e3e36a90c50dd6fddde011cb8734fe33d0fb645863deb044147c1e3c955fe,11894689,1693289154000000000,300
TT/ts-auth-service_delay/4,TT,ts-auth-service,delay,4,300,300,stream,0.5,1,0.4997809051746214,baro,1,1.0,1.0,0.0,1,1,1,70,674.2781000211835,ts-auth-service|ts-auth-mongo|ts-cancel-service|ts-admin-route-service|ts-seat-service,ts-auth-service_container-memory-working-set-bytes,0.4782608695652174,11,23,0.4782608695652174,0.4782608695652174,11,11,11,0.4966101694915254,baseline-v2-20260723,cd270e7871bd358937d83d9a49829637fa80007d2964084ef229f578e3733bd3,ba75425861a059dafcc477474fc3e4ed1eafdc2b47d6fdd0557337035d29a960,b89e3e36a90c50dd6fddde011cb8734fe33d0fb645863deb044147c1e3c955fe,11894689,1693289154000000000,300
TT/ts-auth-service_delay/4,TT,ts-auth-service,delay,4,300,300,stream,0.5,1,0.4997809051746214,median_shift,2,0.5,0.8,0.014492753623188406,0,1,1,70,262.32519996119663,ts-auth-mongo|ts-auth-service|ts-config-mongo|ts-consign-mongo|ts-food-mongo,ts-auth-mongo_container-memory-rss,0.4782608695652174,11,23,0.4782608695652174,0.4782608695652174,11,11,11,0.4966101694915254,baseline-v2-20260723,cd270e7871bd358937d83d9a49829637fa80007d2964084ef229f578e3733bd3,ba75425861a059dafcc477474fc3e4ed1eafdc2b47d6fdd0557337035d29a960,b89e3e36a90c50dd6fddde011cb8734fe33d0fb645863deb044147c1e3c955fe,11894689,1693289154000000000,300
TT/ts-auth-service_delay/4,TT,ts-auth-service,delay,4,300,300,stream,0.5,1,0.4997809051746214,nsigma,1,1.0,1.0,0.0,1,1,1,70,563.1532999686897,ts-auth-service|ts-route-service|ts-execute-service|ts-food-service|ts-assurance-service,ts-auth-service_container-memory-working-set-bytes,0.4782608695652174,11,23,0.4782608695652174,0.4782608695652174,11,11,11,0.4966101694915254,baseline-v2-20260723,cd270e7871bd358937d83d9a49829637fa80007d2964084ef229f578e3733bd3,ba75425861a059dafcc477474fc3e4ed1eafdc2b47d6fdd0557337035d29a960,b89e3e36a90c50dd6fddde011cb8734fe33d0fb645863deb044147c1e3c955fe,11894689,1693289154000000000,300
TT/ts-auth-service_delay/4,TT,ts-auth-service,delay,4,300,300,stream,0.5,2,0.4997809051746214,baro,1,1.0,1.0,0.0,1,1,1,70,608.1798999803141,ts-auth-service|ts-travel-service|ts-auth-mongo|ts-travel2-service|ts-cancel-service,ts-auth-service_container-memory-usage-bytes,0.391304347826087,9,23,0.391304347826087,0.391304347826087,9,9,9,0.4966101694915254,baseline-v2-20260723,cd270e7871bd358937d83d9a49829637fa80007d2964084ef229f578e3733bd3,ba75425861a059dafcc477474fc3e4ed1eafdc2b47d6fdd0557337035d29a960,b89e3e36a90c50dd6fddde011cb8734fe33d0fb645863deb044147c1e3c955fe,11894689,1693289154000000000,300
TT/ts-auth-service_delay/4,TT,ts-auth-service,delay,4,300,300,stream,0.5,2,0.4997809051746214,median_shift,2,0.5,0.8,0.014492753623188406,0,1,1,70,175.84180005360395,ts-auth-mongo|ts-auth-service|ts-consign-mongo|ts-route-mongo|ts-station-service,ts-auth-mongo_container-memory-rss,0.391304347826087,9,23,0.391304347826087,0.391304347826087,9,9,9,0.4966101694915254,baseline-v2-20260723,cd270e7871bd358937d83d9a49829637fa80007d2964084ef229f578e3733bd3,ba75425861a059dafcc477474fc3e4ed1eafdc2b47d6fdd0557337035d29a960,b89e3e36a90c50dd6fddde011cb8734fe33d0fb645863deb044147c1e3c955fe,11894689,1693289154000000000,300
TT/ts-auth-service_delay/4,TT,ts-auth-service,delay,4,300,300,stream,0.5,2,0.4997809051746214,nsigma,1,1.0,1.0,0.0,1,1,1,70,522.6548999780789,ts-auth-service|ts-execute-service|ts-consign-service|ts-order-other-service|ts-assurance-service,ts-auth-service_container-memory-usage-bytes,0.391304347826087,9,23,0.391304347826087,0.391304347826087,9,9,9,0.4966101694915254,baseline-v2-20260723,cd270e7871bd358937d83d9a49829637fa80007d2964084ef229f578e3733bd3,ba75425861a059dafcc477474fc3e4ed1eafdc2b47d6fdd0557337035d29a960,b89e3e36a90c50dd6fddde011cb8734fe33d0fb645863deb044147c1e3c955fe,11894689,1693289154000000000,300
TT/ts-auth-service_delay/4,TT,ts-auth-service,delay,4,300,300,stream,0.5,3,0.4997809051746214,baro,1,1.0,1.0,0.0,1,1,1,70,720.3237999929115,ts-auth-service|ts-travel-service|ts-travel2-service|ts-cancel-service|ts-route-plan-service,ts-auth-service_container-memory-working-set-bytes,0.43478260869565216,10,23,0.43478260869565216,0.43478260869565216,10,10,10,0.4966101694915254,baseline-v2-20260723,cd270e7871bd358937d83d9a49829637fa80007d2964084ef229f578e3733bd3,ba75425861a059dafcc477474fc3e4ed1eafdc2b47d6fdd0557337035d29a960,b89e3e36a90c50dd6fddde011cb8734fe33d0fb645863deb044147c1e3c955fe,11894689,1693289154000000000,300
TT/ts-auth-service_delay/4,TT,ts-auth-service,delay,4,300,300,stream,0.5,3,0.4997809051746214,median_shift,1,1.0,1.0,0.0,1,1,1,70,197.88530003279448,ts-auth-service|ts-config-mongo|ts-order-other-mongo|ts-route-mongo|ts-travel-service,ts-auth-service_container-memory-rss,0.43478260869565216,10,23,0.43478260869565216,0.43478260869565216,10,10,10,0.4966101694915254,baseline-v2-20260723,cd270e7871bd358937d83d9a49829637fa80007d2964084ef229f578e3733bd3,ba75425861a059dafcc477474fc3e4ed1eafdc2b47d6fdd0557337035d29a960,b89e3e36a90c50dd6fddde011cb8734fe33d0fb645863deb044147c1e3c955fe,11894689,1693289154000000000,300
TT/ts-auth-service_delay/4,TT,ts-auth-service,delay,4,300,300,stream,0.5,3,0.4997809051746214,nsigma,1,1.0,1.0,0.0,1,1,1,70,597.0130000496283,ts-auth-service|ts-route-service|ts-station-service|ts-execute-service|ts-food-service,ts-auth-service_container-memory-working-set-bytes,0.43478260869565216,10,23,0.43478260869565216,0.43478260869565216,10,10,10,0.4966101694915254,baseline-v2-20260723,cd270e7871bd358937d83d9a49829637fa80007d2964084ef229f578e3733bd3,ba75425861a059dafcc477474fc3e4ed1eafdc2b47d6fdd0557337035d29a960,b89e3e36a90c50dd6fddde011cb8734fe33d0fb645863deb044147c1e3c955fe,11894689,1693289154000000000,300
TT/ts-auth-service_delay/4,TT,ts-auth-service,delay,4,300,300,stream,0.5,4,0.5002190948253786,baro,16,0.0625,0.0,0.21739130434782608,0,0,0,70,630.5232999729924,ts-travel-service|ts-auth-mongo|ts-cancel-service|ts-admin-route-service|ts-route-plan-service,ts-travel-service_container-memory-rss,0.41246376811594204,10,23,0.391304347826087,0.4336231884057971,9,10,9,0.4961751412429379,baseline-v2-20260723,cd270e7871bd358937d83d9a49829637fa80007d2964084ef229f578e3733bd3,ba75425861a059dafcc477474fc3e4ed1eafdc2b47d6fdd0557337035d29a960,b89e3e36a90c50dd6fddde011cb8734fe33d0fb645863deb044147c1e3c955fe,11894689,1693289154000000000,300
TT/ts-auth-service_delay/4,TT,ts-auth-service,delay,4,300,300,stream,0.5,4,0.5002190948253786,median_shift,2,0.5,0.8,0.014492753623188406,0,1,1,70,162.68539999146014,ts-auth-mongo|ts-auth-service|ts-consign-mongo|ts-order-other-mongo|ts-travel-service,ts-auth-mongo_container-memory-rss,0.41246376811594204,10,23,0.391304347826087,0.4336231884057971,9,10,9,0.4961751412429379,baseline-v2-20260723,cd270e7871bd358937d83d9a49829637fa80007d2964084ef229f578e3733bd3,ba75425861a059dafcc477474fc3e4ed1eafdc2b47d6fdd0557337035d29a960,b89e3e36a90c50dd6fddde011cb8734fe33d0fb645863deb044147c1e3c955fe,11894689,1693289154000000000,300
TT/ts-auth-service_delay/4,TT,ts-auth-service,delay,4,300,300,stream,0.5,4,0.5002190948253786,nsigma,13,0.07692307692307693,0.0,0.17391304347826086,0,0,0,70,522.8951000026427,ts-execute-service|ts-consign-service|ts-food-service|ts-ui-dashboard|ts-assurance-service,ts-execute-service_container-memory-usage-bytes,0.41246376811594204,10,23,0.391304347826087,0.4336231884057971,9,10,9,0.4961751412429379,baseline-v2-20260723,cd270e7871bd358937d83d9a49829637fa80007d2964084ef229f578e3733bd3,ba75425861a059dafcc477474fc3e4ed1eafdc2b47d6fdd0557337035d29a960,b89e3e36a90c50dd6fddde011cb8734fe33d0fb645863deb044147c1e3c955fe,11894689,1693289154000000000,300
TT/ts-auth-service_delay/4,TT,ts-auth-service,delay,4,300,300,stream,0.5,5,0.4997809051746214,baro,1,1.0,1.0,0.0,1,1,1,70,609.1004000045359,ts-auth-service|ts-travel2-service|ts-cancel-service|ts-seat-service|ts-admin-route-service,ts-auth-service_container-memory-working-set-bytes,0.391304347826087,9,23,0.391304347826087,0.391304347826087,9,9,9,0.4966101694915254,baseline-v2-20260723,cd270e7871bd358937d83d9a49829637fa80007d2964084ef229f578e3733bd3,ba75425861a059dafcc477474fc3e4ed1eafdc2b47d6fdd0557337035d29a960,b89e3e36a90c50dd6fddde011cb8734fe33d0fb645863deb044147c1e3c955fe,11894689,1693289154000000000,300
TT/ts-auth-service_delay/4,TT,ts-auth-service,delay,4,300,300,stream,0.5,5,0.4997809051746214,median_shift,1,1.0,1.0,0.0,1,1,1,70,211.7576000164263,ts-auth-service|ts-consign-mongo|ts-route-mongo|ts-route-service|ts-travel2-service,ts-auth-service_container-memory-working-set-bytes,0.391304347826087,9,23,0.391304347826087,0.391304347826087,9,9,9,0.4966101694915254,baseline-v2-20260723,cd270e7871bd358937d83d9a49829637fa80007d2964084ef229f578e3733bd3,ba75425861a059dafcc477474fc3e4ed1eafdc2b47d6fdd0557337035d29a960,b89e3e36a90c50dd6fddde011cb8734fe33d0fb645863deb044147c1e3c955fe,11894689,1693289154000000000,300
TT/ts-auth-service_delay/4,TT,ts-auth-service,delay,4,300,300,stream,0.5,5,0.4997809051746214,nsigma,1,1.0,1.0,0.0,1,1,1,70,572.6886999909766,ts-auth-service|ts-consign-service|ts-execute-service|ts-food-service|ts-assurance-service,ts-auth-service_container-memory-working-set-bytes,0.391304347826087,9,23,0.391304347826087,0.391304347826087,9,9,9,0.4966101694915254,baseline-v2-20260723,cd270e7871bd358937d83d9a49829637fa80007d2964084ef229f578e3733bd3,ba75425861a059dafcc477474fc3e4ed1eafdc2b47d6fdd0557337035d29a960,b89e3e36a90c50dd6fddde011cb8734fe33d0fb645863deb044147c1e3c955fe,11894689,1693289154000000000,300
TT/ts-auth-service_delay/4,TT,ts-auth-service,delay,4,300,300,stream,0.5,6,0.5002190948253786,baro,5,0.2,0.2,0.057971014492753624,0,0,1,70,952.2981999907643,ts-auth-mongo|ts-travel2-service|ts-cancel-service|ts-order-other-service|ts-auth-service,ts-auth-mongo_container-memory-rss,0.41246376811594204,10,23,0.391304347826087,0.4336231884057971,9,10,9,0.4961751412429379,baseline-v2-20260723,cd270e7871bd358937d83d9a49829637fa80007d2964084ef229f578e3733bd3,ba75425861a059dafcc477474fc3e4ed1eafdc2b47d6fdd0557337035d29a960,b89e3e36a90c50dd6fddde011cb8734fe33d0fb645863deb044147c1e3c955fe,11894689,1693289154000000000,300
TT/ts-auth-service_delay/4,TT,ts-auth-service,delay,4,300,300,stream,0.5,6,0.5002190948253786,median_shift,2,0.5,0.8,0.014492753623188406,0,1,1,70,214.83880002051592,ts-auth-mongo|ts-auth-service|ts-consign-mongo|ts-station-service|ts-route-service,ts-auth-mongo_container-memory-rss,0.41246376811594204,10,23,0.391304347826087,0.4336231884057971,9,10,9,0.4961751412429379,baseline-v2-20260723,cd270e7871bd358937d83d9a49829637fa80007d2964084ef229f578e3733bd3,ba75425861a059dafcc477474fc3e4ed1eafdc2b47d6fdd0557337035d29a960,b89e3e36a90c50dd6fddde011cb8734fe33d0fb645863deb044147c1e3c955fe,11894689,1693289154000000000,300
TT/ts-auth-service_delay/4,TT,ts-auth-service,delay,4,300,300,stream,0.5,6,0.5002190948253786,nsigma,1,1.0,1.0,0.0,1,1,1,70,626.8247999832965,ts-auth-service|ts-food-service|ts-order-other-service|ts-assurance-service|ts-ui-dashboard,ts-auth-service_istio-latency-50,0.41246376811594204,10,23,0.391304347826087,0.4336231884057971,9,10,9,0.4961751412429379,baseline-v2-20260723,cd270e7871bd358937d83d9a49829637fa80007d2964084ef229f578e3733bd3,ba75425861a059dafcc477474fc3e4ed1eafdc2b47d6fdd0557337035d29a960,b89e3e36a90c50dd6fddde011cb8734fe33d0fb645863deb044147c1e3c955fe,11894689,1693289154000000000,300
TT/ts-auth-service_delay/4,TT,ts-auth-service,delay,4,300,300,stream,0.5,7,0.5002190948253786,baro,1,1.0,1.0,0.0,1,1,1,70,664.4988000043668,ts-auth-service|ts-auth-mongo|ts-cancel-service|ts-admin-route-service|ts-inside-payment-service,ts-auth-service_container-memory-working-set-bytes,0.3255072463768116,8,23,0.30434782608695654,0.3466666666666667,7,8,7,0.4961751412429379,baseline-v2-20260723,cd270e7871bd358937d83d9a49829637fa80007d2964084ef229f578e3733bd3,ba75425861a059dafcc477474fc3e4ed1eafdc2b47d6fdd0557337035d29a960,b89e3e36a90c50dd6fddde011cb8734fe33d0fb645863deb044147c1e3c955fe,11894689,1693289154000000000,300
TT/ts-auth-service_delay/4,TT,ts-auth-service,delay,4,300,300,stream,0.5,7,0.5002190948253786,median_shift,2,0.5,0.8,0.014492753623188406,0,1,1,70,245.72110001463443,ts-auth-mongo|ts-auth-service|ts-config-mongo|ts-consign-mongo|ts-food-mongo,ts-auth-mongo_container-memory-rss,0.3255072463768116,8,23,0.30434782608695654,0.3466666666666667,7,8,7,0.4961751412429379,baseline-v2-20260723,cd270e7871bd358937d83d9a49829637fa80007d2964084ef229f578e3733bd3,ba75425861a059dafcc477474fc3e4ed1eafdc2b47d6fdd0557337035d29a960,b89e3e36a90c50dd6fddde011cb8734fe33d0fb645863deb044147c1e3c955fe,11894689,1693289154000000000,300
TT/ts-auth-service_delay/4,TT,ts-auth-service,delay,4,300,300,stream,0.5,7,0.5002190948253786,nsigma,1,1.0,1.0,0.0,1,1,1,70,680.758899950888,ts-auth-service|ts-consign-service|ts-execute-service|ts-food-service|ts-assurance-service,ts-auth-service_container-memory-working-set-bytes,0.3255072463768116,8,23,0.30434782608695654,0.3466666666666667,7,8,7,0.4961751412429379,baseline-v2-20260723,cd270e7871bd358937d83d9a49829637fa80007d2964084ef229f578e3733bd3,ba75425861a059dafcc477474fc3e4ed1eafdc2b47d6fdd0557337035d29a960,b89e3e36a90c50dd6fddde011cb8734fe33d0fb645863deb044147c1e3c955fe,11894689,1693289154000000000,300
TT/ts-auth-service_delay/4,TT,ts-auth-service,delay,4,300,300,stream,0.5,8,0.4997809051746214,baro,1,1.0,1.0,0.0,1,1,1,70,659.5962999854237,ts-auth-service|ts-travel-service|ts-auth-mongo|ts-travel2-service|ts-cancel-service,ts-auth-service_container-memory-working-set-bytes,0.391304347826087,9,23,0.391304347826087,0.391304347826087,9,9,9,0.4966101694915254,baseline-v2-20260723,cd270e7871bd358937d83d9a49829637fa80007d2964084ef229f578e3733bd3,ba75425861a059dafcc477474fc3e4ed1eafdc2b47d6fdd0557337035d29a960,b89e3e36a90c50dd6fddde011cb8734fe33d0fb645863deb044147c1e3c955fe,11894689,1693289154000000000,300
TT/ts-auth-service_delay/4,TT,ts-auth-service,delay,4,300,300,stream,0.5,8,0.4997809051746214,median_shift,2,0.5,0.8,0.014492753623188406,0,1,1,70,170.01399997388944,ts-auth-mongo|ts-auth-service|ts-config-mongo|ts-order-other-mongo|ts-station-service,ts-auth-mongo_container-memory-rss,0.391304347826087,9,23,0.391304347826087,0.391304347826087,9,9,9,0.4966101694915254,baseline-v2-20260723,cd270e7871bd358937d83d9a49829637fa80007d2964084ef229f578e3733bd3,ba75425861a059dafcc477474fc3e4ed1eafdc2b47d6fdd0557337035d29a960,b89e3e36a90c50dd6fddde011cb8734fe33d0fb645863deb044147c1e3c955fe,11894689,1693289154000000000,300
TT/ts-auth-service_delay/4,TT,ts-auth-service,delay,4,300,300,stream,0.5,8,0.4997809051746214,nsigma,1,1.0,1.0,0.0,1,1,1,70,542.1793999848887,ts-auth-service|ts-consign-service|ts-route-service|ts-station-service|ts-execute-service,ts-auth-service_container-memory-failures-total,0.391304347826087,9,23,0.391304347826087,0.391304347826087,9,9,9,0.4966101694915254,baseline-v2-20260723,cd270e7871bd358937d83d9a49829637fa80007d2964084ef229f578e3733bd3,ba75425861a059dafcc477474fc3e4ed1eafdc2b47d6fdd0557337035d29a960,b89e3e36a90c50dd6fddde011cb8734fe33d0fb645863deb044147c1e3c955fe,11894689,1693289154000000000,300
TT/ts-auth-service_delay/4,TT,ts-auth-service,delay,4,300,300,stream,0.5,9,0.4997809051746214,baro,1,1.0,1.0,0.0,1,1,1,70,754.3294000206515,ts-auth-service|ts-auth-mongo|ts-travel2-service|ts-cancel-service|ts-admin-route-service,ts-auth-service_container-memory-usage-bytes,0.5652173913043478,13,23,0.5652173913043478,0.5652173913043478,13,13,13,0.4966101694915254,baseline-v2-20260723,cd270e7871bd358937d83d9a49829637fa80007d2964084ef229f578e3733bd3,ba75425861a059dafcc477474fc3e4ed1eafdc2b47d6fdd0557337035d29a960,b89e3e36a90c50dd6fddde011cb8734fe33d0fb645863deb044147c1e3c955fe,11894689,1693289154000000000,300
TT/ts-auth-service_delay/4,TT,ts-auth-service,delay,4,300,300,stream,0.5,9,0.4997809051746214,median_shift,2,0.5,0.8,0.014492753623188406,0,1,1,70,195.71330002509058,ts-auth-mongo|ts-auth-service|ts-order-other-mongo|ts-route-service|ts-travel2-service,ts-auth-mongo_container-memory-rss,0.5652173913043478,13,23,0.5652173913043478,0.5652173913043478,13,13,13,0.4966101694915254,baseline-v2-20260723,cd270e7871bd358937d83d9a49829637fa80007d2964084ef229f578e3733bd3,ba75425861a059dafcc477474fc3e4ed1eafdc2b47d6fdd0557337035d29a960,b89e3e36a90c50dd6fddde011cb8734fe33d0fb645863deb044147c1e3c955fe,11894689,1693289154000000000,300
TT/ts-auth-service_delay/4,TT,ts-auth-service,delay,4,300,300,stream,0.5,9,0.4997809051746214,nsigma,1,1.0,1.0,0.0,1,1,1,70,550.1445999834687,ts-auth-service|ts-consign-service|ts-route-service|ts-station-service|ts-execute-service,ts-auth-service_container-memory-usage-bytes,0.5652173913043478,13,23,0.5652173913043478,0.5652173913043478,13,13,13,0.4966101694915254,baseline-v2-20260723,cd270e7871bd358937d83d9a49829637fa80007d2964084ef229f578e3733bd3,ba75425861a059dafcc477474fc3e4ed1eafdc2b47d6fdd0557337035d29a960,b89e3e36a90c50dd6fddde011cb8734fe33d0fb645863deb044147c1e3c955fe,11894689,1693289154000000000,300
