case_id,system,root_service,fault,repetition,n_pre,n_post,mechanism,rate,replicate,realized_rate,method,rank,reciprocal_rank,avg_at_5,normalized_rank,hit_at_1,hit_at_3,hit_at_5,candidate_count,elapsed_ms,top_5,top_evidence_metric,root_observed_fraction,root_streams_available,root_streams_total,root_pre_observed_fraction,root_post_observed_fraction,root_streams_pre_available,root_streams_post_available,root_streams_scorable,observed_fraction,runner_version,code_hash,config_fingerprint,source_fingerprint,source_size,source_mtime_ns,window
TT/ts-train-service_mem/1,TT,ts-train-service,mem,1,300,300,burst,0.1,0,0.10009875430037408,baro,6,0.16666666666666666,0.0,0.07246376811594203,0,0,0,70,586.2979000085033,192-168-76-138-9100|ts-auth-service|ts-user-service|ts-assurance-mongo|ts-inside-payment-mongo,192-168-76-138-9100_node-memory-active-bytes,0.8205128205128205,26,26,0.7758974358974359,0.8651282051282051,22,26,22,0.8978340026773761,baseline-v2-20260723,cd270e7871bd358937d83d9a49829637fa80007d2964084ef229f578e3733bd3,ba75425861a059dafcc477474fc3e4ed1eafdc2b47d6fdd0557337035d29a960,759570c68da81ecc5e6614652ad4173ac290c812a95a9c1b0edd9667501bf155,12963938,1693230644000000000,300
TT/ts-train-service_mem/1,TT,ts-train-service,mem,1,300,300,burst,0.1,0,0.10009875430037408,median_shift,24,0.041666666666666664,0.0,0.3333333333333333,0,0,0,70,152.36330003244802,192-168-29-237-9100|192-168-76-138-9100|192-168-93-129-9100|ts-admin-route-service|ts-assurance-mongo,192-168-29-237-9100_node-memory-active-bytes,0.8205128205128205,26,26,0.7758974358974359,0.8651282051282051,22,26,22,0.8978340026773761,baseline-v2-20260723,cd270e7871bd358937d83d9a49829637fa80007d2964084ef229f578e3733bd3,ba75425861a059dafcc477474fc3e4ed1eafdc2b47d6fdd0557337035d29a960,759570c68da81ecc5e6614652ad4173ac290c812a95a9c1b0edd9667501bf155,12963938,1693230644000000000,300
TT/ts-train-service_mem/1,TT,ts-train-service,mem,1,300,300,burst,0.1,0,0.10009875430037408,nsigma,1,1.0,1.0,0.0,1,1,1,70,451.4109999872744,ts-train-service|ts-seat-service|ts-route-service|ts-admin-basic-info-service|ts-admin-travel-service,ts-train-service_container-memory-failures-total,0.8205128205128205,26,26,0.7758974358974359,0.8651282051282051,22,26,22,0.8978340026773761,baseline-v2-20260723,cd270e7871bd358937d83d9a49829637fa80007d2964084ef229f578e3733bd3,ba75425861a059dafcc477474fc3e4ed1eafdc2b47d6fdd0557337035d29a960,759570c68da81ecc5e6614652ad4173ac290c812a95a9c1b0edd9667501bf155,12963938,1693230644000000000,300
TT/ts-train-service_mem/1,TT,ts-train-service,mem,1,300,300,burst,0.1,1,0.09987467864599267,baro,8,0.125,0.0,0.10144927536231885,0,0,0,70,548.526500002481,192-168-29-237-9100|192-168-76-138-9100|ts-auth-service|ts-user-service|ts-assurance-mongo,192-168-29-237-9100_node-memory-active-bytes,0.8320512820512821,26,26,0.7626923076923077,0.9014102564102564,22,26,22,0.8980575635876841,baseline-v2-20260723,cd270e7871bd358937d83d9a49829637fa80007d2964084ef229f578e3733bd3,ba75425861a059dafcc477474fc3e4ed1eafdc2b47d6fdd0557337035d29a960,759570c68da81ecc5e6614652ad4173ac290c812a95a9c1b0edd9667501bf155,12963938,1693230644000000000,300
TT/ts-train-service_mem/1,TT,ts-train-service,mem,1,300,300,burst,0.1,1,0.09987467864599267,median_shift,24,0.041666666666666664,0.0,0.3333333333333333,0,0,0,70,153.58679997734725,192-168-29-237-9100|192-168-76-138-9100|192-168-93-129-9100|ts-admin-route-service|ts-assurance-mongo,192-168-29-237-9100_node-memory-active-bytes,0.8320512820512821,26,26,0.7626923076923077,0.9014102564102564,22,26,22,0.8980575635876841,baseline-v2-20260723,cd270e7871bd358937d83d9a49829637fa80007d2964084ef229f578e3733bd3,ba75425861a059dafcc477474fc3e4ed1eafdc2b47d6fdd0557337035d29a960,759570c68da81ecc5e6614652ad4173ac290c812a95a9c1b0edd9667501bf155,12963938,1693230644000000000,300
TT/ts-train-service_mem/1,TT,ts-train-service,mem,1,300,300,burst,0.1,1,0.09987467864599267,nsigma,1,1.0,1.0,0.0,1,1,1,70,452.2785999579355,ts-train-service|ts-route-service|ts-seat-service|ts-admin-basic-info-service|ts-admin-travel-service,ts-train-service_container-memory-failures-total,0.8320512820512821,26,26,0.7626923076923077,0.9014102564102564,22,26,22,0.8980575635876841,baseline-v2-20260723,cd270e7871bd358937d83d9a49829637fa80007d2964084ef229f578e3733bd3,ba75425861a059dafcc477474fc3e4ed1eafdc2b47d6fdd0557337035d29a960,759570c68da81ecc5e6614652ad4173ac290c812a95a9c1b0edd9667501bf155,12963938,1693230644000000000,300
TT/ts-train-service_mem/1,TT,ts-train-service,mem,1,300,300,burst,0.1,2,0.09992969123179889,baro,8,0.125,0.0,0.10144927536231885,0,0,0,70,549.0478000137955,192-168-29-237-9100|192-168-76-138-9100|ts-auth-service|ts-user-service|ts-assurance-mongo,192-168-29-237-9100_node-memory-active-bytes,0.8282051282051283,26,26,0.7725641025641026,0.8838461538461538,22,26,22,0.8980026773761713,baseline-v2-20260723,cd270e7871bd358937d83d9a49829637fa80007d2964084ef229f578e3733bd3,ba75425861a059dafcc477474fc3e4ed1eafdc2b47d6fdd0557337035d29a960,759570c68da81ecc5e6614652ad4173ac290c812a95a9c1b0edd9667501bf155,12963938,1693230644000000000,300
TT/ts-train-service_mem/1,TT,ts-train-service,mem,1,300,300,burst,0.1,2,0.09992969123179889,median_shift,22,0.045454545454545456,0.0,0.30434782608695654,0,0,0,70,162.58730000117794,192-168-76-138-9100|192-168-93-129-9100|ts-admin-route-service|ts-assurance-mongo|ts-auth-mongo,192-168-76-138-9100_node-memory-active-bytes,0.8282051282051283,26,26,0.7725641025641026,0.8838461538461538,22,26,22,0.8980026773761713,baseline-v2-20260723,cd270e7871bd358937d83d9a49829637fa80007d2964084ef229f578e3733bd3,ba75425861a059dafcc477474fc3e4ed1eafdc2b47d6fdd0557337035d29a960,759570c68da81ecc5e6614652ad4173ac290c812a95a9c1b0edd9667501bf155,12963938,1693230644000000000,300
TT/ts-train-service_mem/1,TT,ts-train-service,mem,1,300,300,burst,0.1,2,0.09992969123179889,nsigma,1,1.0,1.0,0.0,1,1,1,70,501.45120004890487,ts-train-service|ts-route-service|ts-seat-service|ts-admin-basic-info-service|ts-admin-travel-service,ts-train-service_container-memory-failures-total,0.8282051282051283,26,26,0.7725641025641026,0.8838461538461538,22,26,22,0.8980026773761713,baseline-v2-20260723,cd270e7871bd358937d83d9a49829637fa80007d2964084ef229f578e3733bd3,ba75425861a059dafcc477474fc3e4ed1eafdc2b47d6fdd0557337035d29a960,759570c68da81ecc5e6614652ad4173ac290c812a95a9c1b0edd9667501bf155,12963938,1693230644000000000,300
TT/ts-train-service_mem/1,TT,ts-train-service,mem,1,300,300,burst,0.1,3,0.09993371654295544,baro,6,0.16666666666666666,0.0,0.07246376811594203,0,0,0,70,549.0224999957718,192-168-29-237-9100|192-168-76-138-9100|ts-auth-service|ts-user-service|ts-assurance-mongo,192-168-29-237-9100_node-memory-active-bytes,0.8282051282051283,26,26,0.7683333333333333,0.8880769230769231,22,26,22,0.8979986613119143,baseline-v2-20260723,cd270e7871bd358937d83d9a49829637fa80007d2964084ef229f578e3733bd3,ba75425861a059dafcc477474fc3e4ed1eafdc2b47d6fdd0557337035d29a960,759570c68da81ecc5e6614652ad4173ac290c812a95a9c1b0edd9667501bf155,12963938,1693230644000000000,300
TT/ts-train-service_mem/1,TT,ts-train-service,mem,1,300,300,burst,0.1,3,0.09993371654295544,median_shift,23,0.043478260869565216,0.0,0.3188405797101449,0,0,0,70,153.65579997887835,192-168-76-138-9100|192-168-93-129-9100|ts-admin-route-service|ts-assurance-mongo|ts-auth-mongo,192-168-76-138-9100_node-memory-active-bytes,0.8282051282051283,26,26,0.7683333333333333,0.8880769230769231,22,26,22,0.8979986613119143,baseline-v2-20260723,cd270e7871bd358937d83d9a49829637fa80007d2964084ef229f578e3733bd3,ba75425861a059dafcc477474fc3e4ed1eafdc2b47d6fdd0557337035d29a960,759570c68da81ecc5e6614652ad4173ac290c812a95a9c1b0edd9667501bf155,12963938,1693230644000000000,300
TT/ts-train-service_mem/1,TT,ts-train-service,mem,1,300,300,burst,0.1,3,0.09993371654295544,nsigma,1,1.0,1.0,0.0,1,1,1,70,496.4629999594763,ts-train-service|ts-route-service|ts-seat-service|ts-admin-basic-info-service|ts-admin-travel-service,ts-train-service_container-memory-failures-total,0.8282051282051283,26,26,0.7683333333333333,0.8880769230769231,22,26,22,0.8979986613119143,baseline-v2-20260723,cd270e7871bd358937d83d9a49829637fa80007d2964084ef229f578e3733bd3,ba75425861a059dafcc477474fc3e4ed1eafdc2b47d6fdd0557337035d29a960,759570c68da81ecc5e6614652ad4173ac290c812a95a9c1b0edd9667501bf155,12963938,1693230644000000000,300
TT/ts-train-service_mem/1,TT,ts-train-service,mem,1,300,300,burst,0.1,4,0.09987467864599267,baro,6,0.16666666666666666,0.0,0.07246376811594203,0,0,0,70,589.6729999803938,192-168-76-138-9100|ts-auth-service|ts-user-service|ts-assurance-mongo|ts-inside-payment-mongo,192-168-76-138-9100_node-memory-active-bytes,0.8282051282051283,26,26,0.7616666666666667,0.8947435897435897,22,26,22,0.8980575635876841,baseline-v2-20260723,cd270e7871bd358937d83d9a49829637fa80007d2964084ef229f578e3733bd3,ba75425861a059dafcc477474fc3e4ed1eafdc2b47d6fdd0557337035d29a960,759570c68da81ecc5e6614652ad4173ac290c812a95a9c1b0edd9667501bf155,12963938,1693230644000000000,300
TT/ts-train-service_mem/1,TT,ts-train-service,mem,1,300,300,burst,0.1,4,0.09987467864599267,median_shift,21,0.047619047619047616,0.0,0.2898550724637681,0,0,0,70,156.29919996717945,192-168-29-237-9100|192-168-93-129-9100|ts-admin-route-service|ts-assurance-mongo|ts-auth-mongo,192-168-29-237-9100_node-memory-active-bytes,0.8282051282051283,26,26,0.7616666666666667,0.8947435897435897,22,26,22,0.8980575635876841,baseline-v2-20260723,cd270e7871bd358937d83d9a49829637fa80007d2964084ef229f578e3733bd3,ba75425861a059dafcc477474fc3e4ed1eafdc2b47d6fdd0557337035d29a960,759570c68da81ecc5e6614652ad4173ac290c812a95a9c1b0edd9667501bf155,12963938,1693230644000000000,300
TT/ts-train-service_mem/1,TT,ts-train-service,mem,1,300,300,burst,0.1,4,0.09987467864599267,nsigma,1,1.0,1.0,0.0,1,1,1,70,450.3404999850318,ts-train-service|ts-route-service|ts-seat-service|ts-admin-basic-info-service|ts-admin-travel-service,ts-train-service_container-memory-failures-total,0.8282051282051283,26,26,0.7616666666666667,0.8947435897435897,22,26,22,0.8980575635876841,baseline-v2-20260723,cd270e7871bd358937d83d9a49829637fa80007d2964084ef229f578e3733bd3,ba75425861a059dafcc477474fc3e4ed1eafdc2b47d6fdd0557337035d29a960,759570c68da81ecc5e6614652ad4173ac290c812a95a9c1b0edd9667501bf155,12963938,1693230644000000000,300
TT/ts-train-service_mem/1,TT,ts-train-service,mem,1,300,300,burst,0.1,5,0.09992834946141337,baro,8,0.125,0.0,0.10144927536231885,0,0,0,70,555.9346999507397,192-168-29-237-9100|192-168-76-138-9100|ts-auth-service|ts-user-service|ts-assurance-mongo,192-168-29-237-9100_node-memory-active-bytes,0.8282051282051283,26,26,0.7539743589743589,0.9024358974358975,22,26,22,0.8980040160642571,baseline-v2-20260723,cd270e7871bd358937d83d9a49829637fa80007d2964084ef229f578e3733bd3,ba75425861a059dafcc477474fc3e4ed1eafdc2b47d6fdd0557337035d29a960,759570c68da81ecc5e6614652ad4173ac290c812a95a9c1b0edd9667501bf155,12963938,1693230644000000000,300
TT/ts-train-service_mem/1,TT,ts-train-service,mem,1,300,300,burst,0.1,5,0.09992834946141337,median_shift,26,0.038461538461538464,0.0,0.36231884057971014,0,0,0,70,157.27979998337105,192-168-29-237-9100|192-168-76-138-9100|192-168-93-129-9100|ts-admin-order-service|ts-admin-route-service,192-168-29-237-9100_node-memory-active-bytes,0.8282051282051283,26,26,0.7539743589743589,0.9024358974358975,22,26,22,0.8980040160642571,baseline-v2-20260723,cd270e7871bd358937d83d9a49829637fa80007d2964084ef229f578e3733bd3,ba75425861a059dafcc477474fc3e4ed1eafdc2b47d6fdd0557337035d29a960,759570c68da81ecc5e6614652ad4173ac290c812a95a9c1b0edd9667501bf155,12963938,1693230644000000000,300
TT/ts-train-service_mem/1,TT,ts-train-service,mem,1,300,300,burst,0.1,5,0.09992834946141337,nsigma,1,1.0,1.0,0.0,1,1,1,70,448.98800004739314,ts-train-service|ts-route-service|ts-seat-service|ts-admin-basic-info-service|ts-admin-travel-service,ts-train-service_container-memory-failures-total,0.8282051282051283,26,26,0.7539743589743589,0.9024358974358975,22,26,22,0.8980040160642571,baseline-v2-20260723,cd270e7871bd358937d83d9a49829637fa80007d2964084ef229f578e3733bd3,ba75425861a059dafcc477474fc3e4ed1eafdc2b47d6fdd0557337035d29a960,759570c68da81ecc5e6614652ad4173ac290c812a95a9c1b0edd9667501bf155,12963938,1693230644000000000,300
TT/ts-train-service_mem/1,TT,ts-train-service,mem,1,300,300,burst,0.1,6,0.09992029883910027,baro,8,0.125,0.0,0.10144927536231885,0,0,0,70,553.164699987974,192-168-29-237-9100|192-168-76-138-9100|ts-auth-service|ts-user-service|ts-assurance-mongo,192-168-29-237-9100_node-memory-active-bytes,0.8243589743589743,26,26,0.7602564102564102,0.8884615384615384,22,26,22,0.8980120481927711,baseline-v2-20260723,cd270e7871bd358937d83d9a49829637fa80007d2964084ef229f578e3733bd3,ba75425861a059dafcc477474fc3e4ed1eafdc2b47d6fdd0557337035d29a960,759570c68da81ecc5e6614652ad4173ac290c812a95a9c1b0edd9667501bf155,12963938,1693230644000000000,300
TT/ts-train-service_mem/1,TT,ts-train-service,mem,1,300,300,burst,0.1,6,0.09992029883910027,median_shift,22,0.045454545454545456,0.0,0.30434782608695654,0,0,0,70,154.0714000002481,192-168-76-138-9100|192-168-93-129-9100|ts-admin-route-service|ts-assurance-mongo|ts-auth-mongo,192-168-76-138-9100_node-memory-active-bytes,0.8243589743589743,26,26,0.7602564102564102,0.8884615384615384,22,26,22,0.8980120481927711,baseline-v2-20260723,cd270e7871bd358937d83d9a49829637fa80007d2964084ef229f578e3733bd3,ba75425861a059dafcc477474fc3e4ed1eafdc2b47d6fdd0557337035d29a960,759570c68da81ecc5e6614652ad4173ac290c812a95a9c1b0edd9667501bf155,12963938,1693230644000000000,300
TT/ts-train-service_mem/1,TT,ts-train-service,mem,1,300,300,burst,0.1,6,0.09992029883910027,nsigma,1,1.0,1.0,0.0,1,1,1,70,492.6425999728963,ts-train-service|ts-seat-service|ts-route-service|ts-admin-basic-info-service|ts-admin-travel-service,ts-train-service_container-memory-working-set-bytes,0.8243589743589743,26,26,0.7602564102564102,0.8884615384615384,22,26,22,0.8980120481927711,baseline-v2-20260723,cd270e7871bd358937d83d9a49829637fa80007d2964084ef229f578e3733bd3,ba75425861a059dafcc477474fc3e4ed1eafdc2b47d6fdd0557337035d29a960,759570c68da81ecc5e6614652ad4173ac290c812a95a9c1b0edd9667501bf155,12963938,1693230644000000000,300
TT/ts-train-service_mem/1,TT,ts-train-service,mem,1,300,300,burst,0.1,7,0.09996457726182234,baro,8,0.125,0.0,0.10144927536231885,0,0,0,70,552.7194000314921,192-168-29-237-9100|192-168-76-138-9100|ts-auth-service|ts-user-service|ts-assurance-mongo,192-168-29-237-9100_node-memory-active-bytes,0.8243589743589743,26,26,0.7873076923076923,0.8614102564102564,22,26,22,0.8979678714859438,baseline-v2-20260723,cd270e7871bd358937d83d9a49829637fa80007d2964084ef229f578e3733bd3,ba75425861a059dafcc477474fc3e4ed1eafdc2b47d6fdd0557337035d29a960,759570c68da81ecc5e6614652ad4173ac290c812a95a9c1b0edd9667501bf155,12963938,1693230644000000000,300
TT/ts-train-service_mem/1,TT,ts-train-service,mem,1,300,300,burst,0.1,7,0.09996457726182234,median_shift,24,0.041666666666666664,0.0,0.3333333333333333,0,0,0,70,155.1381999743171,192-168-29-237-9100|192-168-93-129-9100|ts-admin-route-service|ts-assurance-mongo|ts-auth-mongo,192-168-29-237-9100_node-memory-active-bytes,0.8243589743589743,26,26,0.7873076923076923,0.8614102564102564,22,26,22,0.8979678714859438,baseline-v2-20260723,cd270e7871bd358937d83d9a49829637fa80007d2964084ef229f578e3733bd3,ba75425861a059dafcc477474fc3e4ed1eafdc2b47d6fdd0557337035d29a960,759570c68da81ecc5e6614652ad4173ac290c812a95a9c1b0edd9667501bf155,12963938,1693230644000000000,300
TT/ts-train-service_mem/1,TT,ts-train-service,mem,1,300,300,burst,0.1,7,0.09996457726182234,nsigma,2,0.5,0.8,0.014492753623188406,0,1,1,70,491.9518000097014,192-168-76-138-9100|ts-train-service|ts-seat-service|ts-route-service|ts-admin-basic-info-service,192-168-76-138-9100_node-memory-active-bytes,0.8243589743589743,26,26,0.7873076923076923,0.8614102564102564,22,26,22,0.8979678714859438,baseline-v2-20260723,cd270e7871bd358937d83d9a49829637fa80007d2964084ef229f578e3733bd3,ba75425861a059dafcc477474fc3e4ed1eafdc2b47d6fdd0557337035d29a960,759570c68da81ecc5e6614652ad4173ac290c812a95a9c1b0edd9667501bf155,12963938,1693230644000000000,300
TT/ts-train-service_mem/1,TT,ts-train-service,mem,1,300,300,burst,0.1,8,0.09995115955796717,baro,6,0.16666666666666666,0.0,0.07246376811594203,0,0,0,70,596.3390999822877,192-168-76-138-9100|ts-auth-service|ts-user-service|ts-assurance-mongo|ts-inside-payment-mongo,192-168-76-138-9100_node-memory-active-bytes,0.8281410256410257,26,26,0.782051282051282,0.8742307692307693,22,26,22,0.8979812583668005,baseline-v2-20260723,cd270e7871bd358937d83d9a49829637fa80007d2964084ef229f578e3733bd3,ba75425861a059dafcc477474fc3e4ed1eafdc2b47d6fdd0557337035d29a960,759570c68da81ecc5e6614652ad4173ac290c812a95a9c1b0edd9667501bf155,12963938,1693230644000000000,300
TT/ts-train-service_mem/1,TT,ts-train-service,mem,1,300,300,burst,0.1,8,0.09995115955796717,median_shift,22,0.045454545454545456,0.0,0.30434782608695654,0,0,0,70,156.20399999897927,192-168-29-237-9100|192-168-76-138-9100|192-168-93-129-9100|ts-admin-route-service|ts-assurance-mongo,192-168-29-237-9100_node-memory-active-bytes,0.8281410256410257,26,26,0.782051282051282,0.8742307692307693,22,26,22,0.8979812583668005,baseline-v2-20260723,cd270e7871bd358937d83d9a49829637fa80007d2964084ef229f578e3733bd3,ba75425861a059dafcc477474fc3e4ed1eafdc2b47d6fdd0557337035d29a960,759570c68da81ecc5e6614652ad4173ac290c812a95a9c1b0edd9667501bf155,12963938,1693230644000000000,300
TT/ts-train-service_mem/1,TT,ts-train-service,mem,1,300,300,burst,0.1,8,0.09995115955796717,nsigma,1,1.0,1.0,0.0,1,1,1,70,449.9317999579944,ts-train-service|ts-route-service|ts-seat-service|ts-admin-basic-info-service|ts-admin-travel-service,ts-train-service_container-memory-failures-total,0.8281410256410257,26,26,0.782051282051282,0.8742307692307693,22,26,22,0.8979812583668005,baseline-v2-20260723,cd270e7871bd358937d83d9a49829637fa80007d2964084ef229f578e3733bd3,ba75425861a059dafcc477474fc3e4ed1eafdc2b47d6fdd0557337035d29a960,759570c68da81ecc5e6614652ad4173ac290c812a95a9c1b0edd9667501bf155,12963938,1693230644000000000,300
TT/ts-train-service_mem/1,TT,ts-train-service,mem,1,300,300,burst,0.1,9,0.10000348860300234,baro,8,0.125,0.0,0.10144927536231885,0,0,0,70,553.6873000091873,192-168-29-237-9100|192-168-76-138-9100|ts-auth-service|ts-user-service|ts-assurance-mongo,192-168-29-237-9100_node-memory-active-bytes,0.8257692307692308,26,26,0.7373076923076923,0.9142307692307692,22,26,22,0.8979290495314591,baseline-v2-20260723,cd270e7871bd358937d83d9a49829637fa80007d2964084ef229f578e3733bd3,ba75425861a059dafcc477474fc3e4ed1eafdc2b47d6fdd0557337035d29a960,759570c68da81ecc5e6614652ad4173ac290c812a95a9c1b0edd9667501bf155,12963938,1693230644000000000,300
TT/ts-train-service_mem/1,TT,ts-train-service,mem,1,300,300,burst,0.1,9,0.10000348860300234,median_shift,22,0.045454545454545456,0.0,0.30434782608695654,0,0,0,70,154.61089997552335,192-168-29-237-9100|192-168-93-129-9100|ts-admin-route-service|ts-assurance-mongo|ts-auth-mongo,192-168-29-237-9100_node-memory-active-bytes,0.8257692307692308,26,26,0.7373076923076923,0.9142307692307692,22,26,22,0.8979290495314591,baseline-v2-20260723,cd270e7871bd358937d83d9a49829637fa80007d2964084ef229f578e3733bd3,ba75425861a059dafcc477474fc3e4ed1eafdc2b47d6fdd0557337035d29a960,759570c68da81ecc5e6614652ad4173ac290c812a95a9c1b0edd9667501bf155,12963938,1693230644000000000,300
TT/ts-train-service_mem/1,TT,ts-train-service,mem,1,300,300,burst,0.1,9,0.10000348860300234,nsigma,1,1.0,1.0,0.0,1,1,1,70,458.51719996426255,ts-train-service|ts-route-service|ts-seat-service|ts-admin-basic-info-service|ts-admin-travel-service,ts-train-service_container-memory-failures-total,0.8257692307692308,26,26,0.7373076923076923,0.9142307692307692,22,26,22,0.8979290495314591,baseline-v2-20260723,cd270e7871bd358937d83d9a49829637fa80007d2964084ef229f578e3733bd3,ba75425861a059dafcc477474fc3e4ed1eafdc2b47d6fdd0557337035d29a960,759570c68da81ecc5e6614652ad4173ac290c812a95a9c1b0edd9667501bf155,12963938,1693230644000000000,300
TT/ts-train-service_mem/1,TT,ts-train-service,mem,1,300,300,burst,0.3,0,0.2998990988670091,baro,15,0.06666666666666667,0.0,0.2028985507246377,0,0,0,70,550.2915999968536,192-168-93-129-9100|ts-inside-payment-service|192-168-76-138-9100|ts-auth-service|ts-food-map-service,192-168-93-129-9100_node-memory-inactive-bytes,0.6494230769230769,26,26,0.5803846153846154,0.7184615384615385,22,26,22,0.6984926372155288,baseline-v2-20260723,cd270e7871bd358937d83d9a49829637fa80007d2964084ef229f578e3733bd3,ba75425861a059dafcc477474fc3e4ed1eafdc2b47d6fdd0557337035d29a960,759570c68da81ecc5e6614652ad4173ac290c812a95a9c1b0edd9667501bf155,12963938,1693230644000000000,300
TT/ts-train-service_mem/1,TT,ts-train-service,mem,1,300,300,burst,0.3,0,0.2998990988670091,median_shift,23,0.043478260869565216,0.0,0.3188405797101449,0,0,0,70,153.76620000461116,192-168-29-237-9100|192-168-76-138-9100|192-168-93-129-9100|ts-assurance-mongo|ts-auth-mongo,192-168-29-237-9100_node-memory-active-bytes,0.6494230769230769,26,26,0.5803846153846154,0.7184615384615385,22,26,22,0.6984926372155288,baseline-v2-20260723,cd270e7871bd358937d83d9a49829637fa80007d2964084ef229f578e3733bd3,ba75425861a059dafcc477474fc3e4ed1eafdc2b47d6fdd0557337035d29a960,759570c68da81ecc5e6614652ad4173ac290c812a95a9c1b0edd9667501bf155,12963938,1693230644000000000,300
TT/ts-train-service_mem/1,TT,ts-train-service,mem,1,300,300,burst,0.3,0,0.2998990988670091,nsigma,1,1.0,1.0,0.0,1,1,1,70,489.5604000193998,ts-train-service|ts-seat-service|ts-basic-service|ts-route-service|ts-admin-travel-service,ts-train-service_container-memory-usage-bytes,0.6494230769230769,26,26,0.5803846153846154,0.7184615384615385,22,26,22,0.6984926372155288,baseline-v2-20260723,cd270e7871bd358937d83d9a49829637fa80007d2964084ef229f578e3733bd3,ba75425861a059dafcc477474fc3e4ed1eafdc2b47d6fdd0557337035d29a960,759570c68da81ecc5e6614652ad4173ac290c812a95a9c1b0edd9667501bf155,12963938,1693230644000000000,300
TT/ts-train-service_mem/1,TT,ts-train-service,mem,1,300,300,burst,0.3,1,0.30046532596969744,baro,21,0.047619047619047616,0.0,0.2898550724637681,0,0,0,70,580.5257000029087,192-168-76-138-9100|192-168-45-158-9100|ts-preserve-service|ts-inside-payment-service|ts-travel-service,192-168-76-138-9100_node-memory-inactive-bytes,0.6219230769230769,26,26,0.6014102564102564,0.6424358974358975,22,26,22,0.6979277108433735,baseline-v2-20260723,cd270e7871bd358937d83d9a49829637fa80007d2964084ef229f578e3733bd3,ba75425861a059dafcc477474fc3e4ed1eafdc2b47d6fdd0557337035d29a960,759570c68da81ecc5e6614652ad4173ac290c812a95a9c1b0edd9667501bf155,12963938,1693230644000000000,300
TT/ts-train-service_mem/1,TT,ts-train-service,mem,1,300,300,burst,0.3,1,0.30046532596969744,median_shift,25,0.04,0.0,0.34782608695652173,0,0,0,70,158.2353999838233,192-168-45-158-9100|192-168-76-138-9100|192-168-93-129-9100|ts-admin-route-service|ts-assurance-mongo,192-168-45-158-9100_node-memory-active-bytes,0.6219230769230769,26,26,0.6014102564102564,0.6424358974358975,22,26,22,0.6979277108433735,baseline-v2-20260723,cd270e7871bd358937d83d9a49829637fa80007d2964084ef229f578e3733bd3,ba75425861a059dafcc477474fc3e4ed1eafdc2b47d6fdd0557337035d29a960,759570c68da81ecc5e6614652ad4173ac290c812a95a9c1b0edd9667501bf155,12963938,1693230644000000000,300
TT/ts-train-service_mem/1,TT,ts-train-service,mem,1,300,300,burst,0.3,1,0.30046532596969744,nsigma,1,1.0,1.0,0.0,1,1,1,70,457.85000000614673,ts-train-service|ts-admin-basic-info-service|ts-basic-service|ts-route-service|ts-seat-service,ts-train-service_container-memory-working-set-bytes,0.6219230769230769,26,26,0.6014102564102564,0.6424358974358975,22,26,22,0.6979277108433735,baseline-v2-20260723,cd270e7871bd358937d83d9a49829637fa80007d2964084ef229f578e3733bd3,ba75425861a059dafcc477474fc3e4ed1eafdc2b47d6fdd0557337035d29a960,759570c68da81ecc5e6614652ad4173ac290c812a95a9c1b0edd9667501bf155,12963938,1693230644000000000,300
TT/ts-train-service_mem/1,TT,ts-train-service,mem,1,300,300,burst,0.3,2,0.2999380102081891,baro,16,0.0625,0.0,0.21739130434782608,0,0,0,70,584.7203999874182,192-168-93-129-9100|192-168-29-237-9100|ts-inside-payment-service|ts-payment-service|192-168-76-138-9100,192-168-93-129-9100_node-memory-inactive-bytes,0.6459615384615385,26,26,0.5165384615384615,0.7753846153846153,22,26,22,0.6984538152610442,baseline-v2-20260723,cd270e7871bd358937d83d9a49829637fa80007d2964084ef229f578e3733bd3,ba75425861a059dafcc477474fc3e4ed1eafdc2b47d6fdd0557337035d29a960,759570c68da81ecc5e6614652ad4173ac290c812a95a9c1b0edd9667501bf155,12963938,1693230644000000000,300
TT/ts-train-service_mem/1,TT,ts-train-service,mem,1,300,300,burst,0.3,2,0.2999380102081891,median_shift,24,0.041666666666666664,0.0,0.3333333333333333,0,0,0,70,153.32300000591204,192-168-29-237-9100|192-168-76-138-9100|192-168-93-129-9100|ts-admin-route-service|ts-assurance-mongo,192-168-29-237-9100_node-memory-active-bytes,0.6459615384615385,26,26,0.5165384615384615,0.7753846153846153,22,26,22,0.6984538152610442,baseline-v2-20260723,cd270e7871bd358937d83d9a49829637fa80007d2964084ef229f578e3733bd3,ba75425861a059dafcc477474fc3e4ed1eafdc2b47d6fdd0557337035d29a960,759570c68da81ecc5e6614652ad4173ac290c812a95a9c1b0edd9667501bf155,12963938,1693230644000000000,300
TT/ts-train-service_mem/1,TT,ts-train-service,mem,1,300,300,burst,0.3,2,0.2999380102081891,nsigma,1,1.0,1.0,0.0,1,1,1,70,452.87129998905584,ts-train-service|ts-route-service|ts-seat-service|ts-admin-travel-service|ts-travel2-service,ts-train-service_container-memory-failures-total,0.6459615384615385,26,26,0.5165384615384615,0.7753846153846153,22,26,22,0.6984538152610442,baseline-v2-20260723,cd270e7871bd358937d83d9a49829637fa80007d2964084ef229f578e3733bd3,ba75425861a059dafcc477474fc3e4ed1eafdc2b47d6fdd0557337035d29a960,759570c68da81ecc5e6614652ad4173ac290c812a95a9c1b0edd9667501bf155,12963938,1693230644000000000,300
TT/ts-train-service_mem/1,TT,ts-train-service,mem,1,300,300,burst,0.3,3,0.29983469388850426,baro,2,0.5,0.8,0.014492753623188406,0,1,1,70,557.1081000380218,192-168-51-251-9100|ts-train-service|192-168-29-237-9100|ts-inside-payment-service|ts-payment-service,192-168-51-251-9100_node-memory-inactive-bytes,0.6512820512820513,26,26,0.585,0.7175641025641025,22,26,22,0.6985568942436412,baseline-v2-20260723,cd270e7871bd358937d83d9a49829637fa80007d2964084ef229f578e3733bd3,ba75425861a059dafcc477474fc3e4ed1eafdc2b47d6fdd0557337035d29a960,759570c68da81ecc5e6614652ad4173ac290c812a95a9c1b0edd9667501bf155,12963938,1693230644000000000,300
TT/ts-train-service_mem/1,TT,ts-train-service,mem,1,300,300,burst,0.3,3,0.29983469388850426,median_shift,24,0.041666666666666664,0.0,0.3333333333333333,0,0,0,70,150.5409000092186,192-168-29-237-9100|192-168-93-129-9100|ts-admin-order-service|ts-admin-route-service|ts-assurance-mongo,192-168-29-237-9100_node-memory-active-bytes,0.6512820512820513,26,26,0.585,0.7175641025641025,22,26,22,0.6985568942436412,baseline-v2-20260723,cd270e7871bd358937d83d9a49829637fa80007d2964084ef229f578e3733bd3,ba75425861a059dafcc477474fc3e4ed1eafdc2b47d6fdd0557337035d29a960,759570c68da81ecc5e6614652ad4173ac290c812a95a9c1b0edd9667501bf155,12963938,1693230644000000000,300
TT/ts-train-service_mem/1,TT,ts-train-service,mem,1,300,300,burst,0.3,3,0.29983469388850426,nsigma,1,1.0,1.0,0.0,1,1,1,70,461.85780002269894,ts-train-service|ts-seat-service|ts-route-service|ts-admin-travel-service|ts-preserve-service,ts-train-service_container-memory-failures-total,0.6512820512820513,26,26,0.585,0.7175641025641025,22,26,22,0.6985568942436412,baseline-v2-20260723,cd270e7871bd358937d83d9a49829637fa80007d2964084ef229f578e3733bd3,ba75425861a059dafcc477474fc3e4ed1eafdc2b47d6fdd0557337035d29a960,759570c68da81ecc5e6614652ad4173ac290c812a95a9c1b0edd9667501bf155,12963938,1693230644000000000,300
TT/ts-train-service_mem/1,TT,ts-train-service,mem,1,300,300,burst,0.3,4,0.3002640604118698,baro,21,0.047619047619047616,0.0,0.2898550724637681,0,0,0,70,548.8798000151291,192-168-76-138-9100|192-168-29-237-9100|ts-preserve-service|ts-inside-payment-service|ts-payment-service,192-168-76-138-9100_node-memory-inactive-bytes,0.6301923076923077,26,26,0.6920512820512821,0.5683333333333334,22,26,22,0.6981285140562249,baseline-v2-20260723,cd270e7871bd358937d83d9a49829637fa80007d2964084ef229f578e3733bd3,ba75425861a059dafcc477474fc3e4ed1eafdc2b47d6fdd0557337035d29a960,759570c68da81ecc5e6614652ad4173ac290c812a95a9c1b0edd9667501bf155,12963938,1693230644000000000,300
TT/ts-train-service_mem/1,TT,ts-train-service,mem,1,300,300,burst,0.3,4,0.3002640604118698,median_shift,25,0.04,0.0,0.34782608695652173,0,0,0,70,151.96550003020093,192-168-93-129-9100|ts-admin-order-service|ts-admin-route-service|ts-assurance-mongo|ts-auth-mongo,192-168-93-129-9100_node-disk-read-bytes-total,0.6301923076923077,26,26,0.6920512820512821,0.5683333333333334,22,26,22,0.6981285140562249,baseline-v2-20260723,cd270e7871bd358937d83d9a49829637fa80007d2964084ef229f578e3733bd3,ba75425861a059dafcc477474fc3e4ed1eafdc2b47d6fdd0557337035d29a960,759570c68da81ecc5e6614652ad4173ac290c812a95a9c1b0edd9667501bf155,12963938,1693230644000000000,300
TT/ts-train-service_mem/1,TT,ts-train-service,mem,1,300,300,burst,0.3,4,0.3002640604118698,nsigma,1,1.0,1.0,0.0,1,1,1,70,520.6379999872297,ts-train-service|ts-basic-service|ts-seat-service|ts-admin-basic-info-service|ts-route-service,ts-train-service_container-memory-working-set-bytes,0.6301923076923077,26,26,0.6920512820512821,0.5683333333333334,22,26,22,0.6981285140562249,baseline-v2-20260723,cd270e7871bd358937d83d9a49829637fa80007d2964084ef229f578e3733bd3,ba75425861a059dafcc477474fc3e4ed1eafdc2b47d6fdd0557337035d29a960,759570c68da81ecc5e6614652ad4173ac290c812a95a9c1b0edd9667501bf155,12963938,1693230644000000000,300
TT/ts-train-service_mem/1,TT,ts-train-service,mem,1,300,300,burst,0.3,5,0.30019428835182294,baro,21,0.047619047619047616,0.0,0.2898550724637681,0,0,0,70,588.0036000162363,192-168-76-138-9100|192-168-29-237-9100|ts-inside-payment-service|ts-food-service|ts-user-service,192-168-76-138-9100_node-memory-inactive-bytes,0.6367948717948718,26,26,0.5856410256410256,0.6879487179487179,22,26,22,0.6981981258366801,baseline-v2-20260723,cd270e7871bd358937d83d9a49829637fa80007d2964084ef229f578e3733bd3,ba75425861a059dafcc477474fc3e4ed1eafdc2b47d6fdd0557337035d29a960,759570c68da81ecc5e6614652ad4173ac290c812a95a9c1b0edd9667501bf155,12963938,1693230644000000000,300
TT/ts-train-service_mem/1,TT,ts-train-service,mem,1,300,300,burst,0.3,5,0.30019428835182294,median_shift,26,0.038461538461538464,0.0,0.36231884057971014,0,0,0,70,151.9753000466153,192-168-29-237-9100|192-168-93-129-9100|ts-admin-route-service|ts-assurance-mongo|ts-auth-mongo,192-168-29-237-9100_node-memory-active-bytes,0.6367948717948718,26,26,0.5856410256410256,0.6879487179487179,22,26,22,0.6981981258366801,baseline-v2-20260723,cd270e7871bd358937d83d9a49829637fa80007d2964084ef229f578e3733bd3,ba75425861a059dafcc477474fc3e4ed1eafdc2b47d6fdd0557337035d29a960,759570c68da81ecc5e6614652ad4173ac290c812a95a9c1b0edd9667501bf155,12963938,1693230644000000000,300
TT/ts-train-service_mem/1,TT,ts-train-service,mem,1,300,300,burst,0.3,5,0.30019428835182294,nsigma,1,1.0,1.0,0.0,1,1,1,70,454.446799994912,ts-train-service|ts-seat-service|ts-route-service|ts-admin-travel-service|ts-admin-basic-info-service,ts-train-service_container-memory-working-set-bytes,0.6367948717948718,26,26,0.5856410256410256,0.6879487179487179,22,26,22,0.6981981258366801,baseline-v2-20260723,cd270e7871bd358937d83d9a49829637fa80007d2964084ef229f578e3733bd3,ba75425861a059dafcc477474fc3e4ed1eafdc2b47d6fdd0557337035d29a960,759570c68da81ecc5e6614652ad4173ac290c812a95a9c1b0edd9667501bf155,12963938,1693230644000000000,300
TT/ts-train-service_mem/1,TT,ts-train-service,mem,1,300,300,burst,0.3,6,0.2998481115923594,baro,16,0.0625,0.0,0.21739130434782608,0,0,0,70,544.6585000026971,192-168-93-129-9100|192-168-45-158-9100|ts-payment-service|ts-travel-service|ts-auth-service,192-168-93-129-9100_node-memory-inactive-bytes,0.6502564102564102,26,26,0.593974358974359,0.7065384615384616,22,26,22,0.6985435073627845,baseline-v2-20260723,cd270e7871bd358937d83d9a49829637fa80007d2964084ef229f578e3733bd3,ba75425861a059dafcc477474fc3e4ed1eafdc2b47d6fdd0557337035d29a960,759570c68da81ecc5e6614652ad4173ac290c812a95a9c1b0edd9667501bf155,12963938,1693230644000000000,300
TT/ts-train-service_mem/1,TT,ts-train-service,mem,1,300,300,burst,0.3,6,0.2998481115923594,median_shift,22,0.045454545454545456,0.0,0.30434782608695654,0,0,0,70,151.03329997509718,192-168-45-158-9100|192-168-93-129-9100|ts-admin-route-service|ts-assurance-mongo|ts-auth-mongo,192-168-45-158-9100_node-memory-active-bytes,0.6502564102564102,26,26,0.593974358974359,0.7065384615384616,22,26,22,0.6985435073627845,baseline-v2-20260723,cd270e7871bd358937d83d9a49829637fa80007d2964084ef229f578e3733bd3,ba75425861a059dafcc477474fc3e4ed1eafdc2b47d6fdd0557337035d29a960,759570c68da81ecc5e6614652ad4173ac290c812a95a9c1b0edd9667501bf155,12963938,1693230644000000000,300
TT/ts-train-service_mem/1,TT,ts-train-service,mem,1,300,300,burst,0.3,6,0.2998481115923594,nsigma,1,1.0,1.0,0.0,1,1,1,70,449.4134000269696,ts-train-service|ts-basic-service|ts-route-service|ts-seat-service|ts-config-service,ts-train-service_container-memory-rss,0.6502564102564102,26,26,0.593974358974359,0.7065384615384616,22,26,22,0.6985435073627845,baseline-v2-20260723,cd270e7871bd358937d83d9a49829637fa80007d2964084ef229f578e3733bd3,ba75425861a059dafcc477474fc3e4ed1eafdc2b47d6fdd0557337035d29a960,759570c68da81ecc5e6614652ad4173ac290c812a95a9c1b0edd9667501bf155,12963938,1693230644000000000,300
TT/ts-train-service_mem/1,TT,ts-train-service,mem,1,300,300,burst,0.3,7,0.3000211999720912,baro,7,0.14285714285714285,0.0,0.08695652173913043,0,0,0,70,553.0479999724776,192-168-29-237-9100|ts-preserve-service|ts-config-service|ts-auth-service|ts-notification-service,192-168-29-237-9100_node-memory-active-bytes,0.6382692307692308,26,26,0.6033333333333334,0.6732051282051282,22,26,22,0.6983708165997322,baseline-v2-20260723,cd270e7871bd358937d83d9a49829637fa80007d2964084ef229f578e3733bd3,ba75425861a059dafcc477474fc3e4ed1eafdc2b47d6fdd0557337035d29a960,759570c68da81ecc5e6614652ad4173ac290c812a95a9c1b0edd9667501bf155,12963938,1693230644000000000,300
TT/ts-train-service_mem/1,TT,ts-train-service,mem,1,300,300,burst,0.3,7,0.3000211999720912,median_shift,23,0.043478260869565216,0.0,0.3188405797101449,0,0,0,70,153.4389000153169,192-168-29-237-9100|192-168-93-129-9100|ts-assurance-mongo|ts-auth-mongo|ts-auth-service,192-168-29-237-9100_node-memory-active-bytes,0.6382692307692308,26,26,0.6033333333333334,0.6732051282051282,22,26,22,0.6983708165997322,baseline-v2-20260723,cd270e7871bd358937d83d9a49829637fa80007d2964084ef229f578e3733bd3,ba75425861a059dafcc477474fc3e4ed1eafdc2b47d6fdd0557337035d29a960,759570c68da81ecc5e6614652ad4173ac290c812a95a9c1b0edd9667501bf155,12963938,1693230644000000000,300
TT/ts-train-service_mem/1,TT,ts-train-service,mem,1,300,300,burst,0.3,7,0.3000211999720912,nsigma,1,1.0,1.0,0.0,1,1,1,70,488.9283999800682,ts-train-service|ts-route-service|ts-seat-service|ts-admin-basic-info-service|192-168-93-129-9100,ts-train-service_container-memory-failures-total,0.6382692307692308,26,26,0.6033333333333334,0.6732051282051282,22,26,22,0.6983708165997322,baseline-v2-20260723,cd270e7871bd358937d83d9a49829637fa80007d2964084ef229f578e3733bd3,ba75425861a059dafcc477474fc3e4ed1eafdc2b47d6fdd0557337035d29a960,759570c68da81ecc5e6614652ad4173ac290c812a95a9c1b0edd9667501bf155,12963938,1693230644000000000,300
TT/ts-train-service_mem/1,TT,ts-train-service,mem,1,300,300,burst,0.3,8,0.29984408628120285,baro,16,0.0625,0.0,0.21739130434782608,0,0,0,70,559.7413000068627,192-168-45-158-9100|192-168-29-237-9100|192-168-76-138-9100|ts-config-service|ts-food-map-service,192-168-45-158-9100_node-memory-active-bytes,0.6521794871794871,26,26,0.5667948717948718,0.7375641025641025,22,26,22,0.6985475234270415,baseline-v2-20260723,cd270e7871bd358937d83d9a49829637fa80007d2964084ef229f578e3733bd3,ba75425861a059dafcc477474fc3e4ed1eafdc2b47d6fdd0557337035d29a960,759570c68da81ecc5e6614652ad4173ac290c812a95a9c1b0edd9667501bf155,12963938,1693230644000000000,300
TT/ts-train-service_mem/1,TT,ts-train-service,mem,1,300,300,burst,0.3,8,0.29984408628120285,median_shift,24,0.041666666666666664,0.0,0.3333333333333333,0,0,0,70,151.3676000176929,192-168-29-237-9100|192-168-76-138-9100|192-168-93-129-9100|ts-admin-route-service|ts-assurance-mongo,192-168-29-237-9100_node-memory-active-bytes,0.6521794871794871,26,26,0.5667948717948718,0.7375641025641025,22,26,22,0.6985475234270415,baseline-v2-20260723,cd270e7871bd358937d83d9a49829637fa80007d2964084ef229f578e3733bd3,ba75425861a059dafcc477474fc3e4ed1eafdc2b47d6fdd0557337035d29a960,759570c68da81ecc5e6614652ad4173ac290c812a95a9c1b0edd9667501bf155,12963938,1693230644000000000,300
TT/ts-train-service_mem/1,TT,ts-train-service,mem,1,300,300,burst,0.3,8,0.29984408628120285,nsigma,1,1.0,1.0,0.0,1,1,1,70,485.9299000236206,ts-train-service|ts-route-service|ts-seat-service|ts-admin-basic-info-service|ts-admin-travel-service,ts-train-service_container-memory-failures-total,0.6521794871794871,26,26,0.5667948717948718,0.7375641025641025,22,26,22,0.6985475234270415,baseline-v2-20260723,cd270e7871bd358937d83d9a49829637fa80007d2964084ef229f578e3733bd3,ba75425861a059dafcc477474fc3e4ed1eafdc2b47d6fdd0557337035d29a960,759570c68da81ecc5e6614652ad4173ac290c812a95a9c1b0edd9667501bf155,12963938,1693230644000000000,300
TT/ts-train-service_mem/1,TT,ts-train-service,mem,1,300,300,burst,0.3,9,0.29979041546578217,baro,24,0.041666666666666664,0.0,0.3333333333333333,0,0,0,70,588.6356999981217,192-168-51-251-9100|192-168-29-237-9100|ts-inside-payment-service|ts-food-service|ts-user-service,192-168-51-251-9100_node-memory-inactive-bytes,0.6521794871794871,26,26,0.6398717948717949,0.6644871794871795,22,26,22,0.6986010709504685,baseline-v2-20260723,cd270e7871bd358937d83d9a49829637fa80007d2964084ef229f578e3733bd3,ba75425861a059dafcc477474fc3e4ed1eafdc2b47d6fdd0557337035d29a960,759570c68da81ecc5e6614652ad4173ac290c812a95a9c1b0edd9667501bf155,12963938,1693230644000000000,300
TT/ts-train-service_mem/1,TT,ts-train-service,mem,1,300,300,burst,0.3,9,0.29979041546578217,median_shift,27,0.037037037037037035,0.0,0.37681159420289856,0,0,0,70,153.76060002017766,192-168-29-237-9100|192-168-93-129-9100|ts-assurance-mongo|ts-auth-mongo|ts-auth-service,192-168-29-237-9100_node-memory-active-bytes,0.6521794871794871,26,26,0.6398717948717949,0.6644871794871795,22,26,22,0.6986010709504685,baseline-v2-20260723,cd270e7871bd358937d83d9a49829637fa80007d2964084ef229f578e3733bd3,ba75425861a059dafcc477474fc3e4ed1eafdc2b47d6fdd0557337035d29a960,759570c68da81ecc5e6614652ad4173ac290c812a95a9c1b0edd9667501bf155,12963938,1693230644000000000,300
TT/ts-train-service_mem/1,TT,ts-train-service,mem,1,300,300,burst,0.3,9,0.29979041546578217,nsigma,1,1.0,1.0,0.0,1,1,1,70,452.83339999150485,ts-train-service|ts-admin-basic-info-service|ts-route-service|ts-seat-service|ts-admin-travel-service,ts-train-service_container-memory-usage-bytes,0.6521794871794871,26,26,0.6398717948717949,0.6644871794871795,22,26,22,0.6986010709504685,baseline-v2-20260723,cd270e7871bd358937d83d9a49829637fa80007d2964084ef229f578e3733bd3,ba75425861a059dafcc477474fc3e4ed1eafdc2b47d6fdd0557337035d29a960,759570c68da81ecc5e6614652ad4173ac290c812a95a9c1b0edd9667501bf155,12963938,1693230644000000000,300
TT/ts-train-service_mem/1,TT,ts-train-service,mem,1,300,300,burst,0.5,0,0.49963638022552476,baro,2,0.5,0.8,0.014492753623188406,0,1,1,70,526.2379000196233,192-168-45-158-9100|ts-train-service|192-168-76-138-9100|192-168-29-237-9100|ts-preserve-service,192-168-45-158-9100_node-memory-inactive-bytes,0.47846153846153844,26,26,0.43128205128205127,0.5256410256410257,22,26,22,0.49921419009370815,baseline-v2-20260723,cd270e7871bd358937d83d9a49829637fa80007d2964084ef229f578e3733bd3,ba75425861a059dafcc477474fc3e4ed1eafdc2b47d6fdd0557337035d29a960,759570c68da81ecc5e6614652ad4173ac290c812a95a9c1b0edd9667501bf155,12963938,1693230644000000000,300
TT/ts-train-service_mem/1,TT,ts-train-service,mem,1,300,300,burst,0.5,0,0.49963638022552476,median_shift,38,0.02631578947368421,0.0,0.5362318840579711,0,0,0,70,151.58300002804026,192-168-29-237-9100|192-168-93-129-9100|ts-admin-order-service|ts-admin-route-service|ts-admin-user-service,192-168-29-237-9100_node-memory-active-bytes,0.47846153846153844,26,26,0.43128205128205127,0.5256410256410257,22,26,22,0.49921419009370815,baseline-v2-20260723,cd270e7871bd358937d83d9a49829637fa80007d2964084ef229f578e3733bd3,ba75425861a059dafcc477474fc3e4ed1eafdc2b47d6fdd0557337035d29a960,759570c68da81ecc5e6614652ad4173ac290c812a95a9c1b0edd9667501bf155,12963938,1693230644000000000,300
TT/ts-train-service_mem/1,TT,ts-train-service,mem,1,300,300,burst,0.5,0,0.49963638022552476,nsigma,1,1.0,1.0,0.0,1,1,1,70,433.38880001101643,ts-train-service|ts-seat-service|ts-admin-travel-service|ts-travel2-service|ts-consign-service,ts-train-service_container-memory-failures-total,0.47846153846153844,26,26,0.43128205128205127,0.5256410256410257,22,26,22,0.49921419009370815,baseline-v2-20260723,cd270e7871bd358937d83d9a49829637fa80007d2964084ef229f578e3733bd3,ba75425861a059dafcc477474fc3e4ed1eafdc2b47d6fdd0557337035d29a960,759570c68da81ecc5e6614652ad4173ac290c812a95a9c1b0edd9667501bf155,12963938,1693230644000000000,300
TT/ts-train-service_mem/1,TT,ts-train-service,mem,1,300,300,burst,0.5,1,0.49984972171682207,baro,2,0.5,0.8,0.014492753623188406,0,1,1,70,532.4664000072517,192-168-93-129-9100|ts-train-service|192-168-76-138-9100|192-168-51-251-9100|ts-payment-service,192-168-93-129-9100_node-memory-inactive-bytes,0.4684615384615385,26,26,0.44666666666666666,0.49025641025641026,22,26,22,0.49900133868808566,baseline-v2-20260723,cd270e7871bd358937d83d9a49829637fa80007d2964084ef229f578e3733bd3,ba75425861a059dafcc477474fc3e4ed1eafdc2b47d6fdd0557337035d29a960,759570c68da81ecc5e6614652ad4173ac290c812a95a9c1b0edd9667501bf155,12963938,1693230644000000000,300
TT/ts-train-service_mem/1,TT,ts-train-service,mem,1,300,300,burst,0.5,1,0.49984972171682207,median_shift,37,0.02702702702702703,0.0,0.5217391304347826,0,0,0,70,154.71990004880354,192-168-29-237-9100|192-168-93-129-9100|ts-admin-route-service|ts-assurance-mongo|ts-assurance-service,192-168-29-237-9100_node-memory-active-bytes,0.4684615384615385,26,26,0.44666666666666666,0.49025641025641026,22,26,22,0.49900133868808566,baseline-v2-20260723,cd270e7871bd358937d83d9a49829637fa80007d2964084ef229f578e3733bd3,ba75425861a059dafcc477474fc3e4ed1eafdc2b47d6fdd0557337035d29a960,759570c68da81ecc5e6614652ad4173ac290c812a95a9c1b0edd9667501bf155,12963938,1693230644000000000,300
TT/ts-train-service_mem/1,TT,ts-train-service,mem,1,300,300,burst,0.5,1,0.49984972171682207,nsigma,1,1.0,1.0,0.0,1,1,1,70,472.6302000344731,ts-train-service|ts-payment-service|ts-travel2-service|ts-basic-service|ts-route-service,ts-train-service_container-memory-failures-total,0.4684615384615385,26,26,0.44666666666666666,0.49025641025641026,22,26,22,0.49900133868808566,baseline-v2-20260723,cd270e7871bd358937d83d9a49829637fa80007d2964084ef229f578e3733bd3,ba75425861a059dafcc477474fc3e4ed1eafdc2b47d6fdd0557337035d29a960,759570c68da81ecc5e6614652ad4173ac290c812a95a9c1b0edd9667501bf155,12963938,1693230644000000000,300
TT/ts-train-service_mem/1,TT,ts-train-service,mem,1,300,300,burst,0.5,2,0.5000402531115655,baro,36,0.027777777777777776,0.0,0.5072463768115942,0,0,0,70,574.3535999790765,192-168-93-129-9100|192-168-45-158-9100|192-168-29-237-9100|ts-preserve-service|ts-food-service,192-168-93-129-9100_node-memory-inactive-bytes,0.46294871794871795,26,26,0.3598717948717949,0.566025641025641,22,26,22,0.4988112449799197,baseline-v2-20260723,cd270e7871bd358937d83d9a49829637fa80007d2964084ef229f578e3733bd3,ba75425861a059dafcc477474fc3e4ed1eafdc2b47d6fdd0557337035d29a960,759570c68da81ecc5e6614652ad4173ac290c812a95a9c1b0edd9667501bf155,12963938,1693230644000000000,300
TT/ts-train-service_mem/1,TT,ts-train-service,mem,1,300,300,burst,0.5,2,0.5000402531115655,median_shift,32,0.03125,0.0,0.4492753623188406,0,0,0,70,150.29499999945983,192-168-45-158-9100|192-168-93-129-9100|ts-admin-route-service|ts-assurance-mongo|ts-auth-mongo,192-168-45-158-9100_node-memory-active-bytes,0.46294871794871795,26,26,0.3598717948717949,0.566025641025641,22,26,22,0.4988112449799197,baseline-v2-20260723,cd270e7871bd358937d83d9a49829637fa80007d2964084ef229f578e3733bd3,ba75425861a059dafcc477474fc3e4ed1eafdc2b47d6fdd0557337035d29a960,759570c68da81ecc5e6614652ad4173ac290c812a95a9c1b0edd9667501bf155,12963938,1693230644000000000,300
TT/ts-train-service_mem/1,TT,ts-train-service,mem,1,300,300,burst,0.5,2,0.5000402531115655,nsigma,1,1.0,1.0,0.0,1,1,1,70,434.3122999998741,ts-train-service|ts-seat-service|ts-order-service|ts-config-service|ts-basic-service,ts-train-service_container-memory-working-set-bytes,0.46294871794871795,26,26,0.3598717948717949,0.566025641025641,22,26,22,0.4988112449799197,baseline-v2-20260723,cd270e7871bd358937d83d9a49829637fa80007d2964084ef229f578e3733bd3,ba75425861a059dafcc477474fc3e4ed1eafdc2b47d6fdd0557337035d29a960,759570c68da81ecc5e6614652ad4173ac290c812a95a9c1b0edd9667501bf155,12963938,1693230644000000000,300
TT/ts-train-service_mem/1,TT,ts-train-service,mem,1,300,300,burst,0.5,3,0.5000952656973717,baro,30,0.03333333333333333,0.0,0.42028985507246375,0,0,0,70,578.3029000158422,192-168-76-138-9100|ts-preserve-service|ts-inside-payment-service|ts-food-service|ts-travel-service,192-168-76-138-9100_node-memory-inactive-bytes,0.4571794871794872,26,26,0.4926923076923077,0.4216666666666667,21,25,20,0.49875635876840696,baseline-v2-20260723,cd270e7871bd358937d83d9a49829637fa80007d2964084ef229f578e3733bd3,ba75425861a059dafcc477474fc3e4ed1eafdc2b47d6fdd0557337035d29a960,759570c68da81ecc5e6614652ad4173ac290c812a95a9c1b0edd9667501bf155,12963938,1693230644000000000,300
TT/ts-train-service_mem/1,TT,ts-train-service,mem,1,300,300,burst,0.5,3,0.5000952656973717,median_shift,37,0.02702702702702703,0.0,0.5217391304347826,0,0,0,70,154.03780003543943,192-168-93-129-9100|ts-admin-route-service|ts-assurance-mongo|ts-assurance-service|ts-auth-mongo,192-168-93-129-9100_node-disk-read-bytes-total,0.4571794871794872,26,26,0.4926923076923077,0.4216666666666667,21,25,20,0.49875635876840696,baseline-v2-20260723,cd270e7871bd358937d83d9a49829637fa80007d2964084ef229f578e3733bd3,ba75425861a059dafcc477474fc3e4ed1eafdc2b47d6fdd0557337035d29a960,759570c68da81ecc5e6614652ad4173ac290c812a95a9c1b0edd9667501bf155,12963938,1693230644000000000,300
TT/ts-train-service_mem/1,TT,ts-train-service,mem,1,300,300,burst,0.5,3,0.5000952656973717,nsigma,1,1.0,1.0,0.0,1,1,1,70,439.4894000142813,ts-train-service|ts-admin-travel-service|ts-admin-basic-info-service|ts-seat-service|ts-travel-service,ts-train-service_container-memory-working-set-bytes,0.4571794871794872,26,26,0.4926923076923077,0.4216666666666667,21,25,20,0.49875635876840696,baseline-v2-20260723,cd270e7871bd358937d83d9a49829637fa80007d2964084ef229f578e3733bd3,ba75425861a059dafcc477474fc3e4ed1eafdc2b47d6fdd0557337035d29a960,759570c68da81ecc5e6614652ad4173ac290c812a95a9c1b0edd9667501bf155,12963938,1693230644000000000,300
TT/ts-train-service_mem/1,TT,ts-train-service,mem,1,300,300,burst,0.5,4,0.5001247846458531,baro,29,0.034482758620689655,0.0,0.4057971014492754,0,0,0,70,534.3491999665275,192-168-93-129-9100|192-168-76-138-9100|192-168-45-158-9100|ts-preserve-service|ts-inside-payment-service,192-168-93-129-9100_node-memory-inactive-bytes,0.45653846153846156,26,26,0.43974358974358974,0.47333333333333333,22,26,22,0.4987269076305221,baseline-v2-20260723,cd270e7871bd358937d83d9a49829637fa80007d2964084ef229f578e3733bd3,ba75425861a059dafcc477474fc3e4ed1eafdc2b47d6fdd0557337035d29a960,759570c68da81ecc5e6614652ad4173ac290c812a95a9c1b0edd9667501bf155,12963938,1693230644000000000,300
TT/ts-train-service_mem/1,TT,ts-train-service,mem,1,300,300,burst,0.5,4,0.5001247846458531,median_shift,36,0.027777777777777776,0.0,0.5072463768115942,0,0,0,70,152.90089999325573,192-168-93-129-9100|ts-admin-route-service|ts-admin-travel-service|ts-assurance-mongo|ts-auth-mongo,192-168-93-129-9100_node-disk-read-bytes-total,0.45653846153846156,26,26,0.43974358974358974,0.47333333333333333,22,26,22,0.4987269076305221,baseline-v2-20260723,cd270e7871bd358937d83d9a49829637fa80007d2964084ef229f578e3733bd3,ba75425861a059dafcc477474fc3e4ed1eafdc2b47d6fdd0557337035d29a960,759570c68da81ecc5e6614652ad4173ac290c812a95a9c1b0edd9667501bf155,12963938,1693230644000000000,300
TT/ts-train-service_mem/1,TT,ts-train-service,mem,1,300,300,burst,0.5,4,0.5001247846458531,nsigma,1,1.0,1.0,0.0,1,1,1,70,434.87920000916347,ts-train-service|ts-travel2-service|ts-admin-basic-info-service|ts-assurance-service|ts-route-mongo,ts-train-service_container-memory-working-set-bytes,0.45653846153846156,26,26,0.43974358974358974,0.47333333333333333,22,26,22,0.4987269076305221,baseline-v2-20260723,cd270e7871bd358937d83d9a49829637fa80007d2964084ef229f578e3733bd3,ba75425861a059dafcc477474fc3e4ed1eafdc2b47d6fdd0557337035d29a960,759570c68da81ecc5e6614652ad4173ac290c812a95a9c1b0edd9667501bf155,12963938,1693230644000000000,300
TT/ts-train-service_mem/1,TT,ts-train-service,mem,1,300,300,burst,0.5,5,0.49985106348720754,baro,24,0.041666666666666664,0.0,0.3333333333333333,0,0,0,70,535.6836999999359,192-168-93-129-9100|192-168-45-158-9100|ts-preserve-service|ts-inside-payment-service|ts-payment-service,192-168-93-129-9100_node-memory-inactive-bytes,0.47217948717948716,26,26,0.4482051282051282,0.49615384615384617,22,25,21,0.499,baseline-v2-20260723,cd270e7871bd358937d83d9a49829637fa80007d2964084ef229f578e3733bd3,ba75425861a059dafcc477474fc3e4ed1eafdc2b47d6fdd0557337035d29a960,759570c68da81ecc5e6614652ad4173ac290c812a95a9c1b0edd9667501bf155,12963938,1693230644000000000,300
TT/ts-train-service_mem/1,TT,ts-train-service,mem,1,300,300,burst,0.5,5,0.49985106348720754,median_shift,37,0.02702702702702703,0.0,0.5217391304347826,0,0,0,70,149.2959000170231,192-168-29-237-9100|192-168-93-129-9100|ts-admin-route-service|ts-assurance-mongo|ts-auth-mongo,192-168-29-237-9100_node-memory-active-bytes,0.47217948717948716,26,26,0.4482051282051282,0.49615384615384617,22,25,21,0.499,baseline-v2-20260723,cd270e7871bd358937d83d9a49829637fa80007d2964084ef229f578e3733bd3,ba75425861a059dafcc477474fc3e4ed1eafdc2b47d6fdd0557337035d29a960,759570c68da81ecc5e6614652ad4173ac290c812a95a9c1b0edd9667501bf155,12963938,1693230644000000000,300
TT/ts-train-service_mem/1,TT,ts-train-service,mem,1,300,300,burst,0.5,5,0.49985106348720754,nsigma,1,1.0,1.0,0.0,1,1,1,70,475.01230001216754,ts-train-service|ts-ticketinfo-service|ts-basic-service|ts-admin-travel-service|ts-admin-basic-info-service,ts-train-service_container-memory-failures-total,0.47217948717948716,26,26,0.4482051282051282,0.49615384615384617,22,25,21,0.499,baseline-v2-20260723,cd270e7871bd358937d83d9a49829637fa80007d2964084ef229f578e3733bd3,ba75425861a059dafcc477474fc3e4ed1eafdc2b47d6fdd0557337035d29a960,759570c68da81ecc5e6614652ad4173ac290c812a95a9c1b0edd9667501bf155,12963938,1693230644000000000,300
TT/ts-train-service_mem/1,TT,ts-train-service,mem,1,300,300,burst,0.5,6,0.49993022793995306,baro,2,0.5,0.8,0.014492753623188406,0,1,1,70,572.228399978485,192-168-45-158-9100|ts-train-service|192-168-29-237-9100|ts-preserve-service|ts-food-service,192-168-45-158-9100_node-memory-inactive-bytes,0.4642948717948718,26,26,0.5473076923076923,0.3812820512820513,22,26,22,0.4989210174029451,baseline-v2-20260723,cd270e7871bd358937d83d9a49829637fa80007d2964084ef229f578e3733bd3,ba75425861a059dafcc477474fc3e4ed1eafdc2b47d6fdd0557337035d29a960,759570c68da81ecc5e6614652ad4173ac290c812a95a9c1b0edd9667501bf155,12963938,1693230644000000000,300
TT/ts-train-service_mem/1,TT,ts-train-service,mem,1,300,300,burst,0.5,6,0.49993022793995306,median_shift,30,0.03333333333333333,0.0,0.42028985507246375,0,0,0,70,151.4403000473976,192-168-29-237-9100|192-168-93-129-9100|ts-admin-route-service|ts-admin-travel-service|ts-assurance-mongo,192-168-29-237-9100_node-memory-active-bytes,0.4642948717948718,26,26,0.5473076923076923,0.3812820512820513,22,26,22,0.4989210174029451,baseline-v2-20260723,cd270e7871bd358937d83d9a49829637fa80007d2964084ef229f578e3733bd3,ba75425861a059dafcc477474fc3e4ed1eafdc2b47d6fdd0557337035d29a960,759570c68da81ecc5e6614652ad4173ac290c812a95a9c1b0edd9667501bf155,12963938,1693230644000000000,300
TT/ts-train-service_mem/1,TT,ts-train-service,mem,1,300,300,burst,0.5,6,0.49993022793995306,nsigma,1,1.0,1.0,0.0,1,1,1,70,438.51760000688955,ts-train-service|ts-seat-service|ts-admin-travel-service|ts-preserve-service|ts-food-map-service,ts-train-service_container-memory-usage-bytes,0.4642948717948718,26,26,0.5473076923076923,0.3812820512820513,22,26,22,0.4989210174029451,baseline-v2-20260723,cd270e7871bd358937d83d9a49829637fa80007d2964084ef229f578e3733bd3,ba75425861a059dafcc477474fc3e4ed1eafdc2b47d6fdd0557337035d29a960,759570c68da81ecc5e6614652ad4173ac290c812a95a9c1b0edd9667501bf155,12963938,1693230644000000000,300
TT/ts-train-service_mem/1,TT,ts-train-service,mem,1,300,300,burst,0.5,7,0.49982020276834066,baro,3,0.3333333333333333,0.6,0.028985507246376812,0,1,1,70,527.9239999945275,192-168-45-158-9100|192-168-93-129-9100|ts-train-service|ts-preserve-service|ts-payment-service,192-168-45-158-9100_node-memory-inactive-bytes,0.46865384615384614,26,26,0.48717948717948717,0.4501282051282051,22,26,22,0.49903078982597054,baseline-v2-20260723,cd270e7871bd358937d83d9a49829637fa80007d2964084ef229f578e3733bd3,ba75425861a059dafcc477474fc3e4ed1eafdc2b47d6fdd0557337035d29a960,759570c68da81ecc5e6614652ad4173ac290c812a95a9c1b0edd9667501bf155,12963938,1693230644000000000,300
TT/ts-train-service_mem/1,TT,ts-train-service,mem,1,300,300,burst,0.5,7,0.49982020276834066,median_shift,32,0.03125,0.0,0.4492753623188406,0,0,0,70,151.43199998419732,192-168-93-129-9100|ts-admin-route-service|ts-assurance-mongo|ts-auth-mongo|ts-auth-service,192-168-93-129-9100_node-disk-read-bytes-total,0.46865384615384614,26,26,0.48717948717948717,0.4501282051282051,22,26,22,0.49903078982597054,baseline-v2-20260723,cd270e7871bd358937d83d9a49829637fa80007d2964084ef229f578e3733bd3,ba75425861a059dafcc477474fc3e4ed1eafdc2b47d6fdd0557337035d29a960,759570c68da81ecc5e6614652ad4173ac290c812a95a9c1b0edd9667501bf155,12963938,1693230644000000000,300
TT/ts-train-service_mem/1,TT,ts-train-service,mem,1,300,300,burst,0.5,7,0.49982020276834066,nsigma,1,1.0,1.0,0.0,1,1,1,70,440.0408999645151,ts-train-service|ts-seat-service|ts-admin-travel-service|ts-food-map-service|ts-travel2-service,ts-train-service_container-memory-usage-bytes,0.46865384615384614,26,26,0.48717948717948717,0.4501282051282051,22,26,22,0.49903078982597054,baseline-v2-20260723,cd270e7871bd358937d83d9a49829637fa80007d2964084ef229f578e3733bd3,ba75425861a059dafcc477474fc3e4ed1eafdc2b47d6fdd0557337035d29a960,759570c68da81ecc5e6614652ad4173ac290c812a95a9c1b0edd9667501bf155,12963938,1693230644000000000,300
TT/ts-train-service_mem/1,TT,ts-train-service,mem,1,300,300,burst,0.5,8,0.49972762061174,baro,23,0.043478260869565216,0.0,0.3188405797101449,0,0,0,70,527.8322999947704,192-168-45-158-9100|192-168-76-138-9100|ts-preserve-service|ts-inside-payment-service|ts-payment-service,192-168-45-158-9100_node-memory-inactive-bytes,0.4744871794871795,26,26,0.42794871794871797,0.521025641025641,22,26,22,0.4991231593038822,baseline-v2-20260723,cd270e7871bd358937d83d9a49829637fa80007d2964084ef229f578e3733bd3,ba75425861a059dafcc477474fc3e4ed1eafdc2b47d6fdd0557337035d29a960,759570c68da81ecc5e6614652ad4173ac290c812a95a9c1b0edd9667501bf155,12963938,1693230644000000000,300
TT/ts-train-service_mem/1,TT,ts-train-service,mem,1,300,300,burst,0.5,8,0.49972762061174,median_shift,34,0.029411764705882353,0.0,0.4782608695652174,0,0,0,70,151.03329997509718,192-168-93-129-9100|ts-admin-route-service|ts-assurance-mongo|ts-assurance-service|ts-auth-mongo,192-168-93-129-9100_node-disk-read-bytes-total,0.4744871794871795,26,26,0.42794871794871797,0.521025641025641,22,26,22,0.4991231593038822,baseline-v2-20260723,cd270e7871bd358937d83d9a49829637fa80007d2964084ef229f578e3733bd3,ba75425861a059dafcc477474fc3e4ed1eafdc2b47d6fdd0557337035d29a960,759570c68da81ecc5e6614652ad4173ac290c812a95a9c1b0edd9667501bf155,12963938,1693230644000000000,300
TT/ts-train-service_mem/1,TT,ts-train-service,mem,1,300,300,burst,0.5,8,0.49972762061174,nsigma,1,1.0,1.0,0.0,1,1,1,70,472.4729000008665,ts-train-service|ts-food-service|ts-order-other-service|ts-inside-payment-service|ts-admin-travel-service,ts-train-service_container-memory-failures-total,0.4744871794871795,26,26,0.42794871794871797,0.521025641025641,22,26,22,0.4991231593038822,baseline-v2-20260723,cd270e7871bd358937d83d9a49829637fa80007d2964084ef229f578e3733bd3,ba75425861a059dafcc477474fc3e4ed1eafdc2b47d6fdd0557337035d29a960,759570c68da81ecc5e6614652ad4173ac290c812a95a9c1b0edd9667501bf155,12963938,1693230644000000000,300
TT/ts-train-service_mem/1,TT,ts-train-service,mem,1,300,300,burst,0.5,9,0.49972091175981237,baro,1,1.0,1.0,0.0,1,1,1,70,523.9145000232384,ts-train-service|192-168-76-138-9100|ts-preserve-service|ts-inside-payment-service|ts-travel-service,ts-train-service_container-memory-usage-bytes,0.4732051282051282,26,26,0.4716666666666667,0.47474358974358977,22,26,21,0.4991298527443106,baseline-v2-20260723,cd270e7871bd358937d83d9a49829637fa80007d2964084ef229f578e3733bd3,ba75425861a059dafcc477474fc3e4ed1eafdc2b47d6fdd0557337035d29a960,759570c68da81ecc5e6614652ad4173ac290c812a95a9c1b0edd9667501bf155,12963938,1693230644000000000,300
TT/ts-train-service_mem/1,TT,ts-train-service,mem,1,300,300,burst,0.5,9,0.49972091175981237,median_shift,36,0.027777777777777776,0.0,0.5072463768115942,0,0,0,70,149.53840000089258,192-168-76-138-9100|192-168-93-129-9100|ts-admin-route-service|ts-assurance-mongo|ts-assurance-service,192-168-76-138-9100_node-memory-active-bytes,0.4732051282051282,26,26,0.4716666666666667,0.47474358974358977,22,26,21,0.4991298527443106,baseline-v2-20260723,cd270e7871bd358937d83d9a49829637fa80007d2964084ef229f578e3733bd3,ba75425861a059dafcc477474fc3e4ed1eafdc2b47d6fdd0557337035d29a960,759570c68da81ecc5e6614652ad4173ac290c812a95a9c1b0edd9667501bf155,12963938,1693230644000000000,300
TT/ts-train-service_mem/1,TT,ts-train-service,mem,1,300,300,burst,0.5,9,0.49972091175981237,nsigma,1,1.0,1.0,0.0,1,1,1,70,471.09590005129576,ts-train-service|ts-admin-travel-service|ts-admin-basic-info-service|ts-food-service|ts-consign-service,ts-train-service_container-memory-usage-bytes,0.4732051282051282,26,26,0.4716666666666667,0.47474358974358977,22,26,21,0.4991298527443106,baseline-v2-20260723,cd270e7871bd358937d83d9a49829637fa80007d2964084ef229f578e3733bd3,ba75425861a059dafcc477474fc3e4ed1eafdc2b47d6fdd0557337035d29a960,759570c68da81ecc5e6614652ad4173ac290c812a95a9c1b0edd9667501bf155,12963938,1693230644000000000,300
TT/ts-train-service_mem/1,TT,ts-train-service,mem,1,300,300,incident,0.1,0,0.0999994632918458,baro,8,0.125,0.0,0.10144927536231885,0,0,0,70,572.5947999744676,192-168-29-237-9100|192-168-76-138-9100|ts-auth-service|ts-user-service|ts-assurance-mongo,192-168-29-237-9100_node-memory-active-bytes,0.696602564102564,26,26,0.7594871794871795,0.6337179487179487,22,26,22,0.8979330655957162,baseline-v2-20260723,cd270e7871bd358937d83d9a49829637fa80007d2964084ef229f578e3733bd3,ba75425861a059dafcc477474fc3e4ed1eafdc2b47d6fdd0557337035d29a960,759570c68da81ecc5e6614652ad4173ac290c812a95a9c1b0edd9667501bf155,12963938,1693230644000000000,300
TT/ts-train-service_mem/1,TT,ts-train-service,mem,1,300,300,incident,0.1,0,0.0999994632918458,median_shift,18,0.05555555555555555,0.0,0.2463768115942029,0,0,0,70,153.45350001007318,192-168-29-237-9100|192-168-93-129-9100|ts-admin-route-service|ts-assurance-mongo|ts-auth-mongo,192-168-29-237-9100_node-memory-active-bytes,0.696602564102564,26,26,0.7594871794871795,0.6337179487179487,22,26,22,0.8979330655957162,baseline-v2-20260723,cd270e7871bd358937d83d9a49829637fa80007d2964084ef229f578e3733bd3,ba75425861a059dafcc477474fc3e4ed1eafdc2b47d6fdd0557337035d29a960,759570c68da81ecc5e6614652ad4173ac290c812a95a9c1b0edd9667501bf155,12963938,1693230644000000000,300
TT/ts-train-service_mem/1,TT,ts-train-service,mem,1,300,300,incident,0.1,0,0.0999994632918458,nsigma,1,1.0,1.0,0.0,1,1,1,70,494.47249999502674,ts-train-service|ts-route-service|ts-seat-service|ts-admin-basic-info-service|ts-admin-travel-service,ts-train-service_container-memory-failures-total,0.696602564102564,26,26,0.7594871794871795,0.6337179487179487,22,26,22,0.8979330655957162,baseline-v2-20260723,cd270e7871bd358937d83d9a49829637fa80007d2964084ef229f578e3733bd3,ba75425861a059dafcc477474fc3e4ed1eafdc2b47d6fdd0557337035d29a960,759570c68da81ecc5e6614652ad4173ac290c812a95a9c1b0edd9667501bf155,12963938,1693230644000000000,300
TT/ts-train-service_mem/1,TT,ts-train-service,mem,1,300,300,incident,0.1,1,0.0999994632918458,baro,8,0.125,0.0,0.10144927536231885,0,0,0,70,594.9603000190109,192-168-29-237-9100|192-168-76-138-9100|ts-auth-service|ts-user-service|ts-assurance-mongo,192-168-29-237-9100_node-memory-active-bytes,0.6955128205128205,26,26,0.7610256410256411,0.63,22,26,22,0.8979330655957162,baseline-v2-20260723,cd270e7871bd358937d83d9a49829637fa80007d2964084ef229f578e3733bd3,ba75425861a059dafcc477474fc3e4ed1eafdc2b47d6fdd0557337035d29a960,759570c68da81ecc5e6614652ad4173ac290c812a95a9c1b0edd9667501bf155,12963938,1693230644000000000,300
TT/ts-train-service_mem/1,TT,ts-train-service,mem,1,300,300,incident,0.1,1,0.0999994632918458,median_shift,17,0.058823529411764705,0.0,0.2318840579710145,0,0,0,70,154.7681000083685,192-168-93-129-9100|ts-admin-route-service|ts-assurance-mongo|ts-auth-mongo|ts-auth-service,192-168-93-129-9100_node-disk-read-bytes-total,0.6955128205128205,26,26,0.7610256410256411,0.63,22,26,22,0.8979330655957162,baseline-v2-20260723,cd270e7871bd358937d83d9a49829637fa80007d2964084ef229f578e3733bd3,ba75425861a059dafcc477474fc3e4ed1eafdc2b47d6fdd0557337035d29a960,759570c68da81ecc5e6614652ad4173ac290c812a95a9c1b0edd9667501bf155,12963938,1693230644000000000,300
TT/ts-train-service_mem/1,TT,ts-train-service,mem,1,300,300,incident,0.1,1,0.0999994632918458,nsigma,1,1.0,1.0,0.0,1,1,1,70,448.1112999492325,ts-train-service|ts-route-service|ts-seat-service|ts-admin-basic-info-service|ts-admin-travel-service,ts-train-service_container-memory-failures-total,0.6955128205128205,26,26,0.7610256410256411,0.63,22,26,22,0.8979330655957162,baseline-v2-20260723,cd270e7871bd358937d83d9a49829637fa80007d2964084ef229f578e3733bd3,ba75425861a059dafcc477474fc3e4ed1eafdc2b47d6fdd0557337035d29a960,759570c68da81ecc5e6614652ad4173ac290c812a95a9c1b0edd9667501bf155,12963938,1693230644000000000,300
TT/ts-train-service_mem/1,TT,ts-train-service,mem,1,300,300,incident,0.1,2,0.0999994632918458,baro,8,0.125,0.0,0.10144927536231885,0,0,0,70,554.4905999558978,192-168-29-237-9100|192-168-76-138-9100|ts-auth-service|ts-user-service|ts-assurance-mongo,192-168-29-237-9100_node-memory-active-bytes,0.6936538461538462,26,26,0.7576923076923077,0.6296153846153846,22,26,22,0.8979330655957162,baseline-v2-20260723,cd270e7871bd358937d83d9a49829637fa80007d2964084ef229f578e3733bd3,ba75425861a059dafcc477474fc3e4ed1eafdc2b47d6fdd0557337035d29a960,759570c68da81ecc5e6614652ad4173ac290c812a95a9c1b0edd9667501bf155,12963938,1693230644000000000,300
TT/ts-train-service_mem/1,TT,ts-train-service,mem,1,300,300,incident,0.1,2,0.0999994632918458,median_shift,17,0.058823529411764705,0.0,0.2318840579710145,0,0,0,70,154.6678000013344,192-168-93-129-9100|ts-admin-route-service|ts-assurance-mongo|ts-auth-mongo|ts-auth-service,192-168-93-129-9100_node-disk-read-bytes-total,0.6936538461538462,26,26,0.7576923076923077,0.6296153846153846,22,26,22,0.8979330655957162,baseline-v2-20260723,cd270e7871bd358937d83d9a49829637fa80007d2964084ef229f578e3733bd3,ba75425861a059dafcc477474fc3e4ed1eafdc2b47d6fdd0557337035d29a960,759570c68da81ecc5e6614652ad4173ac290c812a95a9c1b0edd9667501bf155,12963938,1693230644000000000,300
TT/ts-train-service_mem/1,TT,ts-train-service,mem,1,300,300,incident,0.1,2,0.0999994632918458,nsigma,1,1.0,1.0,0.0,1,1,1,70,469.4737999816425,ts-train-service|ts-route-service|ts-seat-service|ts-admin-basic-info-service|ts-admin-travel-service,ts-train-service_container-memory-failures-total,0.6936538461538462,26,26,0.7576923076923077,0.6296153846153846,22,26,22,0.8979330655957162,baseline-v2-20260723,cd270e7871bd358937d83d9a49829637fa80007d2964084ef229f578e3733bd3,ba75425861a059dafcc477474fc3e4ed1eafdc2b47d6fdd0557337035d29a960,759570c68da81ecc5e6614652ad4173ac290c812a95a9c1b0edd9667501bf155,12963938,1693230644000000000,300
TT/ts-train-service_mem/1,TT,ts-train-service,mem,1,300,300,incident,0.1,3,0.0999994632918458,baro,8,0.125,0.0,0.10144927536231885,0,0,0,70,558.01540001994,192-168-29-237-9100|192-168-76-138-9100|ts-auth-service|ts-user-service|ts-assurance-mongo,192-168-29-237-9100_node-memory-active-bytes,0.6925,26,26,0.757948717948718,0.627051282051282,22,26,22,0.8979330655957162,baseline-v2-20260723,cd270e7871bd358937d83d9a49829637fa80007d2964084ef229f578e3733bd3,ba75425861a059dafcc477474fc3e4ed1eafdc2b47d6fdd0557337035d29a960,759570c68da81ecc5e6614652ad4173ac290c812a95a9c1b0edd9667501bf155,12963938,1693230644000000000,300
TT/ts-train-service_mem/1,TT,ts-train-service,mem,1,300,300,incident,0.1,3,0.0999994632918458,median_shift,17,0.058823529411764705,0.0,0.2318840579710145,0,0,0,70,154.7318000230007,192-168-93-129-9100|ts-admin-route-service|ts-assurance-mongo|ts-auth-mongo|ts-auth-service,192-168-93-129-9100_node-disk-read-bytes-total,0.6925,26,26,0.757948717948718,0.627051282051282,22,26,22,0.8979330655957162,baseline-v2-20260723,cd270e7871bd358937d83d9a49829637fa80007d2964084ef229f578e3733bd3,ba75425861a059dafcc477474fc3e4ed1eafdc2b47d6fdd0557337035d29a960,759570c68da81ecc5e6614652ad4173ac290c812a95a9c1b0edd9667501bf155,12963938,1693230644000000000,300
TT/ts-train-service_mem/1,TT,ts-train-service,mem,1,300,300,incident,0.1,3,0.0999994632918458,nsigma,1,1.0,1.0,0.0,1,1,1,70,494.889100024011,ts-train-service|ts-route-service|ts-seat-service|ts-admin-basic-info-service|ts-admin-travel-service,ts-train-service_container-memory-failures-total,0.6925,26,26,0.757948717948718,0.627051282051282,22,26,22,0.8979330655957162,baseline-v2-20260723,cd270e7871bd358937d83d9a49829637fa80007d2964084ef229f578e3733bd3,ba75425861a059dafcc477474fc3e4ed1eafdc2b47d6fdd0557337035d29a960,759570c68da81ecc5e6614652ad4173ac290c812a95a9c1b0edd9667501bf155,12963938,1693230644000000000,300
TT/ts-train-service_mem/1,TT,ts-train-service,mem,1,300,300,incident,0.1,4,0.0999994632918458,baro,8,0.125,0.0,0.10144927536231885,0,0,0,70,556.2537999940105,192-168-29-237-9100|192-168-76-138-9100|ts-auth-service|ts-user-service|ts-assurance-mongo,192-168-29-237-9100_node-memory-active-bytes,0.6986538461538462,26,26,0.7621794871794871,0.6351282051282051,22,26,22,0.8979330655957162,baseline-v2-20260723,cd270e7871bd358937d83d9a49829637fa80007d2964084ef229f578e3733bd3,ba75425861a059dafcc477474fc3e4ed1eafdc2b47d6fdd0557337035d29a960,759570c68da81ecc5e6614652ad4173ac290c812a95a9c1b0edd9667501bf155,12963938,1693230644000000000,300
TT/ts-train-service_mem/1,TT,ts-train-service,mem,1,300,300,incident,0.1,4,0.0999994632918458,median_shift,17,0.058823529411764705,0.0,0.2318840579710145,0,0,0,70,158.0561000155285,192-168-93-129-9100|ts-admin-route-service|ts-assurance-mongo|ts-auth-mongo|ts-auth-service,192-168-93-129-9100_node-disk-read-bytes-total,0.6986538461538462,26,26,0.7621794871794871,0.6351282051282051,22,26,22,0.8979330655957162,baseline-v2-20260723,cd270e7871bd358937d83d9a49829637fa80007d2964084ef229f578e3733bd3,ba75425861a059dafcc477474fc3e4ed1eafdc2b47d6fdd0557337035d29a960,759570c68da81ecc5e6614652ad4173ac290c812a95a9c1b0edd9667501bf155,12963938,1693230644000000000,300
TT/ts-train-service_mem/1,TT,ts-train-service,mem,1,300,300,incident,0.1,4,0.0999994632918458,nsigma,1,1.0,1.0,0.0,1,1,1,70,499.07019996317104,ts-train-service|ts-route-service|ts-seat-service|ts-admin-basic-info-service|ts-admin-travel-service,ts-train-service_container-memory-failures-total,0.6986538461538462,26,26,0.7621794871794871,0.6351282051282051,22,26,22,0.8979330655957162,baseline-v2-20260723,cd270e7871bd358937d83d9a49829637fa80007d2964084ef229f578e3733bd3,ba75425861a059dafcc477474fc3e4ed1eafdc2b47d6fdd0557337035d29a960,759570c68da81ecc5e6614652ad4173ac290c812a95a9c1b0edd9667501bf155,12963938,1693230644000000000,300
TT/ts-train-service_mem/1,TT,ts-train-service,mem,1,300,300,incident,0.1,5,0.0999994632918458,baro,8,0.125,0.0,0.10144927536231885,0,0,0,70,586.2147999578156,192-168-29-237-9100|192-168-76-138-9100|ts-auth-service|ts-user-service|ts-assurance-mongo,192-168-29-237-9100_node-memory-active-bytes,0.6950641025641026,26,26,0.76,0.6301282051282051,22,26,22,0.8979330655957162,baseline-v2-20260723,cd270e7871bd358937d83d9a49829637fa80007d2964084ef229f578e3733bd3,ba75425861a059dafcc477474fc3e4ed1eafdc2b47d6fdd0557337035d29a960,759570c68da81ecc5e6614652ad4173ac290c812a95a9c1b0edd9667501bf155,12963938,1693230644000000000,300
TT/ts-train-service_mem/1,TT,ts-train-service,mem,1,300,300,incident,0.1,5,0.0999994632918458,median_shift,18,0.05555555555555555,0.0,0.2463768115942029,0,0,0,70,157.63730002800003,192-168-29-237-9100|192-168-93-129-9100|ts-admin-route-service|ts-assurance-mongo|ts-auth-mongo,192-168-29-237-9100_node-memory-active-bytes,0.6950641025641026,26,26,0.76,0.6301282051282051,22,26,22,0.8979330655957162,baseline-v2-20260723,cd270e7871bd358937d83d9a49829637fa80007d2964084ef229f578e3733bd3,ba75425861a059dafcc477474fc3e4ed1eafdc2b47d6fdd0557337035d29a960,759570c68da81ecc5e6614652ad4173ac290c812a95a9c1b0edd9667501bf155,12963938,1693230644000000000,300
TT/ts-train-service_mem/1,TT,ts-train-service,mem,1,300,300,incident,0.1,5,0.0999994632918458,nsigma,1,1.0,1.0,0.0,1,1,1,70,464.4092000089586,ts-train-service|ts-route-service|ts-seat-service|ts-admin-basic-info-service|ts-admin-travel-service,ts-train-service_container-memory-failures-total,0.6950641025641026,26,26,0.76,0.6301282051282051,22,26,22,0.8979330655957162,baseline-v2-20260723,cd270e7871bd358937d83d9a49829637fa80007d2964084ef229f578e3733bd3,ba75425861a059dafcc477474fc3e4ed1eafdc2b47d6fdd0557337035d29a960,759570c68da81ecc5e6614652ad4173ac290c812a95a9c1b0edd9667501bf155,12963938,1693230644000000000,300
TT/ts-train-service_mem/1,TT,ts-train-service,mem,1,300,300,incident,0.1,6,0.0999994632918458,baro,8,0.125,0.0,0.10144927536231885,0,0,0,70,547.6739999721758,192-168-29-237-9100|192-168-76-138-9100|ts-auth-service|ts-user-service|ts-assurance-mongo,192-168-29-237-9100_node-memory-active-bytes,0.6956410256410256,26,26,0.7592307692307693,0.632051282051282,22,26,22,0.8979330655957162,baseline-v2-20260723,cd270e7871bd358937d83d9a49829637fa80007d2964084ef229f578e3733bd3,ba75425861a059dafcc477474fc3e4ed1eafdc2b47d6fdd0557337035d29a960,759570c68da81ecc5e6614652ad4173ac290c812a95a9c1b0edd9667501bf155,12963938,1693230644000000000,300
TT/ts-train-service_mem/1,TT,ts-train-service,mem,1,300,300,incident,0.1,6,0.0999994632918458,median_shift,17,0.058823529411764705,0.0,0.2318840579710145,0,0,0,70,158.51759997894987,192-168-93-129-9100|ts-admin-route-service|ts-assurance-mongo|ts-auth-mongo|ts-auth-service,192-168-93-129-9100_node-disk-read-bytes-total,0.6956410256410256,26,26,0.7592307692307693,0.632051282051282,22,26,22,0.8979330655957162,baseline-v2-20260723,cd270e7871bd358937d83d9a49829637fa80007d2964084ef229f578e3733bd3,ba75425861a059dafcc477474fc3e4ed1eafdc2b47d6fdd0557337035d29a960,759570c68da81ecc5e6614652ad4173ac290c812a95a9c1b0edd9667501bf155,12963938,1693230644000000000,300
TT/ts-train-service_mem/1,TT,ts-train-service,mem,1,300,300,incident,0.1,6,0.0999994632918458,nsigma,1,1.0,1.0,0.0,1,1,1,70,460.85560001665726,ts-train-service|ts-route-service|ts-seat-service|ts-admin-basic-info-service|ts-admin-travel-service,ts-train-service_container-memory-failures-total,0.6956410256410256,26,26,0.7592307692307693,0.632051282051282,22,26,22,0.8979330655957162,baseline-v2-20260723,cd270e7871bd358937d83d9a49829637fa80007d2964084ef229f578e3733bd3,ba75425861a059dafcc477474fc3e4ed1eafdc2b47d6fdd0557337035d29a960,759570c68da81ecc5e6614652ad4173ac290c812a95a9c1b0edd9667501bf155,12963938,1693230644000000000,300
TT/ts-train-service_mem/1,TT,ts-train-service,mem,1,300,300,incident,0.1,7,0.0999994632918458,baro,8,0.125,0.0,0.10144927536231885,0,0,0,70,561.6436999989673,192-168-29-237-9100|192-168-76-138-9100|ts-auth-service|ts-user-service|ts-assurance-mongo,192-168-29-237-9100_node-memory-active-bytes,0.6975641025641026,26,26,0.7661538461538462,0.6289743589743589,22,26,22,0.8979330655957162,baseline-v2-20260723,cd270e7871bd358937d83d9a49829637fa80007d2964084ef229f578e3733bd3,ba75425861a059dafcc477474fc3e4ed1eafdc2b47d6fdd0557337035d29a960,759570c68da81ecc5e6614652ad4173ac290c812a95a9c1b0edd9667501bf155,12963938,1693230644000000000,300
TT/ts-train-service_mem/1,TT,ts-train-service,mem,1,300,300,incident,0.1,7,0.0999994632918458,median_shift,17,0.058823529411764705,0.0,0.2318840579710145,0,0,0,70,155.72609996888787,192-168-93-129-9100|ts-admin-route-service|ts-assurance-mongo|ts-auth-mongo|ts-auth-service,192-168-93-129-9100_node-disk-read-bytes-total,0.6975641025641026,26,26,0.7661538461538462,0.6289743589743589,22,26,22,0.8979330655957162,baseline-v2-20260723,cd270e7871bd358937d83d9a49829637fa80007d2964084ef229f578e3733bd3,ba75425861a059dafcc477474fc3e4ed1eafdc2b47d6fdd0557337035d29a960,759570c68da81ecc5e6614652ad4173ac290c812a95a9c1b0edd9667501bf155,12963938,1693230644000000000,300
TT/ts-train-service_mem/1,TT,ts-train-service,mem,1,300,300,incident,0.1,7,0.0999994632918458,nsigma,1,1.0,1.0,0.0,1,1,1,70,492.6219000481069,ts-train-service|ts-route-service|ts-seat-service|ts-admin-basic-info-service|ts-admin-travel-service,ts-train-service_container-memory-failures-total,0.6975641025641026,26,26,0.7661538461538462,0.6289743589743589,22,26,22,0.8979330655957162,baseline-v2-20260723,cd270e7871bd358937d83d9a49829637fa80007d2964084ef229f578e3733bd3,ba75425861a059dafcc477474fc3e4ed1eafdc2b47d6fdd0557337035d29a960,759570c68da81ecc5e6614652ad4173ac290c812a95a9c1b0edd9667501bf155,12963938,1693230644000000000,300
TT/ts-train-service_mem/1,TT,ts-train-service,mem,1,300,300,incident,0.1,8,0.0999994632918458,baro,8,0.125,0.0,0.10144927536231885,0,0,0,70,553.0259999795817,192-168-29-237-9100|192-168-76-138-9100|ts-auth-service|ts-user-service|ts-assurance-mongo,192-168-29-237-9100_node-memory-active-bytes,0.6917307692307693,26,26,0.7547435897435898,0.6287179487179487,22,26,22,0.8979330655957162,baseline-v2-20260723,cd270e7871bd358937d83d9a49829637fa80007d2964084ef229f578e3733bd3,ba75425861a059dafcc477474fc3e4ed1eafdc2b47d6fdd0557337035d29a960,759570c68da81ecc5e6614652ad4173ac290c812a95a9c1b0edd9667501bf155,12963938,1693230644000000000,300
TT/ts-train-service_mem/1,TT,ts-train-service,mem,1,300,300,incident,0.1,8,0.0999994632918458,median_shift,17,0.058823529411764705,0.0,0.2318840579710145,0,0,0,70,156.83809999609366,192-168-93-129-9100|ts-admin-route-service|ts-assurance-mongo|ts-auth-mongo|ts-auth-service,192-168-93-129-9100_node-disk-read-bytes-total,0.6917307692307693,26,26,0.7547435897435898,0.6287179487179487,22,26,22,0.8979330655957162,baseline-v2-20260723,cd270e7871bd358937d83d9a49829637fa80007d2964084ef229f578e3733bd3,ba75425861a059dafcc477474fc3e4ed1eafdc2b47d6fdd0557337035d29a960,759570c68da81ecc5e6614652ad4173ac290c812a95a9c1b0edd9667501bf155,12963938,1693230644000000000,300
TT/ts-train-service_mem/1,TT,ts-train-service,mem,1,300,300,incident,0.1,8,0.0999994632918458,nsigma,1,1.0,1.0,0.0,1,1,1,70,495.3040999826044,ts-train-service|ts-route-service|ts-seat-service|ts-admin-basic-info-service|ts-admin-travel-service,ts-train-service_container-memory-failures-total,0.6917307692307693,26,26,0.7547435897435898,0.6287179487179487,22,26,22,0.8979330655957162,baseline-v2-20260723,cd270e7871bd358937d83d9a49829637fa80007d2964084ef229f578e3733bd3,ba75425861a059dafcc477474fc3e4ed1eafdc2b47d6fdd0557337035d29a960,759570c68da81ecc5e6614652ad4173ac290c812a95a9c1b0edd9667501bf155,12963938,1693230644000000000,300
TT/ts-train-service_mem/1,TT,ts-train-service,mem,1,300,300,incident,0.1,9,0.0999994632918458,baro,8,0.125,0.0,0.10144927536231885,0,0,0,70,594.099499983713,192-168-29-237-9100|192-168-76-138-9100|ts-auth-service|ts-user-service|ts-assurance-mongo,192-168-29-237-9100_node-memory-active-bytes,0.6951282051282052,26,26,0.7598717948717949,0.6303846153846154,22,26,22,0.8979330655957162,baseline-v2-20260723,cd270e7871bd358937d83d9a49829637fa80007d2964084ef229f578e3733bd3,ba75425861a059dafcc477474fc3e4ed1eafdc2b47d6fdd0557337035d29a960,759570c68da81ecc5e6614652ad4173ac290c812a95a9c1b0edd9667501bf155,12963938,1693230644000000000,300
TT/ts-train-service_mem/1,TT,ts-train-service,mem,1,300,300,incident,0.1,9,0.0999994632918458,median_shift,17,0.058823529411764705,0.0,0.2318840579710145,0,0,0,70,159.30699999444187,192-168-93-129-9100|ts-admin-route-service|ts-assurance-mongo|ts-auth-mongo|ts-auth-service,192-168-93-129-9100_node-disk-read-bytes-total,0.6951282051282052,26,26,0.7598717948717949,0.6303846153846154,22,26,22,0.8979330655957162,baseline-v2-20260723,cd270e7871bd358937d83d9a49829637fa80007d2964084ef229f578e3733bd3,ba75425861a059dafcc477474fc3e4ed1eafdc2b47d6fdd0557337035d29a960,759570c68da81ecc5e6614652ad4173ac290c812a95a9c1b0edd9667501bf155,12963938,1693230644000000000,300
TT/ts-train-service_mem/1,TT,ts-train-service,mem,1,300,300,incident,0.1,9,0.0999994632918458,nsigma,1,1.0,1.0,0.0,1,1,1,70,449.6960999676958,ts-train-service|ts-route-service|ts-seat-service|ts-admin-basic-info-service|ts-admin-travel-service,ts-train-service_container-memory-working-set-bytes,0.6951282051282052,26,26,0.7598717948717949,0.6303846153846154,22,26,22,0.8979330655957162,baseline-v2-20260723,cd270e7871bd358937d83d9a49829637fa80007d2964084ef229f578e3733bd3,ba75425861a059dafcc477474fc3e4ed1eafdc2b47d6fdd0557337035d29a960,759570c68da81ecc5e6614652ad4173ac290c812a95a9c1b0edd9667501bf155,12963938,1693230644000000000,300
TT/ts-train-service_mem/1,TT,ts-train-service,mem,1,300,300,incident,0.3,0,0.2999997316459229,baro,69,0.014492753623188406,0.0,0.9855072463768116,0,0,0,70,509.1011999757029,192-168-29-237-9100|192-168-76-138-9100|ts-user-service|ts-assurance-service|ts-config-service,192-168-29-237-9100_node-memory-active-bytes,0.522948717948718,26,26,0.5969230769230769,0.448974358974359,22,26,22,0.6983922356091031,baseline-v2-20260723,cd270e7871bd358937d83d9a49829637fa80007d2964084ef229f578e3733bd3,ba75425861a059dafcc477474fc3e4ed1eafdc2b47d6fdd0557337035d29a960,759570c68da81ecc5e6614652ad4173ac290c812a95a9c1b0edd9667501bf155,12963938,1693230644000000000,300
TT/ts-train-service_mem/1,TT,ts-train-service,mem,1,300,300,incident,0.3,0,0.2999997316459229,median_shift,37,0.02702702702702703,0.0,0.5217391304347826,0,0,0,70,155.261599982623,ts-user-mongo|ts-security-service|ts-station-mongo|ts-contacts-mongo|ts-price-mongo,ts-user-mongo_container-memory-working-set-bytes,0.522948717948718,26,26,0.5969230769230769,0.448974358974359,22,26,22,0.6983922356091031,baseline-v2-20260723,cd270e7871bd358937d83d9a49829637fa80007d2964084ef229f578e3733bd3,ba75425861a059dafcc477474fc3e4ed1eafdc2b47d6fdd0557337035d29a960,759570c68da81ecc5e6614652ad4173ac290c812a95a9c1b0edd9667501bf155,12963938,1693230644000000000,300
TT/ts-train-service_mem/1,TT,ts-train-service,mem,1,300,300,incident,0.3,0,0.2999997316459229,nsigma,67,0.014925373134328358,0.0,0.9565217391304348,0,0,0,70,422.81320004258305,192-168-76-138-9100|ts-admin-user-service|ts-travel-mongo|ts-security-service|ts-rebook-service,192-168-76-138-9100_node-memory-active-bytes,0.522948717948718,26,26,0.5969230769230769,0.448974358974359,22,26,22,0.6983922356091031,baseline-v2-20260723,cd270e7871bd358937d83d9a49829637fa80007d2964084ef229f578e3733bd3,ba75425861a059dafcc477474fc3e4ed1eafdc2b47d6fdd0557337035d29a960,759570c68da81ecc5e6614652ad4173ac290c812a95a9c1b0edd9667501bf155,12963938,1693230644000000000,300
TT/ts-train-service_mem/1,TT,ts-train-service,mem,1,300,300,incident,0.3,1,0.2999997316459229,baro,70,0.014285714285714285,0.0,1.0,0,0,0,70,512.4217999982648,192-168-29-237-9100|192-168-76-138-9100|ts-user-service|ts-assurance-service|ts-config-service,192-168-29-237-9100_node-memory-active-bytes,0.5196794871794872,26,26,0.5908974358974359,0.44846153846153847,22,26,22,0.6983922356091031,baseline-v2-20260723,cd270e7871bd358937d83d9a49829637fa80007d2964084ef229f578e3733bd3,ba75425861a059dafcc477474fc3e4ed1eafdc2b47d6fdd0557337035d29a960,759570c68da81ecc5e6614652ad4173ac290c812a95a9c1b0edd9667501bf155,12963938,1693230644000000000,300
TT/ts-train-service_mem/1,TT,ts-train-service,mem,1,300,300,incident,0.3,1,0.2999997316459229,median_shift,30,0.03333333333333333,0.0,0.42028985507246375,0,0,0,70,153.05260004242882,ts-assurance-mongo|ts-security-service|ts-notification-service|ts-contacts-mongo|ts-price-mongo,ts-assurance-mongo_container-memory-usage-bytes,0.5196794871794872,26,26,0.5908974358974359,0.44846153846153847,22,26,22,0.6983922356091031,baseline-v2-20260723,cd270e7871bd358937d83d9a49829637fa80007d2964084ef229f578e3733bd3,ba75425861a059dafcc477474fc3e4ed1eafdc2b47d6fdd0557337035d29a960,759570c68da81ecc5e6614652ad4173ac290c812a95a9c1b0edd9667501bf155,12963938,1693230644000000000,300
TT/ts-train-service_mem/1,TT,ts-train-service,mem,1,300,300,incident,0.3,1,0.2999997316459229,nsigma,67,0.014925373134328358,0.0,0.9565217391304348,0,0,0,70,471.30010003456846,192-168-76-138-9100|ts-admin-user-service|ts-travel-mongo|ts-security-service|ts-food-service,192-168-76-138-9100_node-memory-active-bytes,0.5196794871794872,26,26,0.5908974358974359,0.44846153846153847,22,26,22,0.6983922356091031,baseline-v2-20260723,cd270e7871bd358937d83d9a49829637fa80007d2964084ef229f578e3733bd3,ba75425861a059dafcc477474fc3e4ed1eafdc2b47d6fdd0557337035d29a960,759570c68da81ecc5e6614652ad4173ac290c812a95a9c1b0edd9667501bf155,12963938,1693230644000000000,300
TT/ts-train-service_mem/1,TT,ts-train-service,mem,1,300,300,incident,0.3,2,0.2999997316459229,baro,65,0.015384615384615385,0.0,0.927536231884058,0,0,0,70,546.3803000166081,192-168-29-237-9100|192-168-76-138-9100|ts-user-service|ts-assurance-service|ts-config-service,192-168-29-237-9100_node-memory-active-bytes,0.5205128205128206,26,26,0.5917948717948718,0.4492307692307692,22,26,22,0.6983922356091031,baseline-v2-20260723,cd270e7871bd358937d83d9a49829637fa80007d2964084ef229f578e3733bd3,ba75425861a059dafcc477474fc3e4ed1eafdc2b47d6fdd0557337035d29a960,759570c68da81ecc5e6614652ad4173ac290c812a95a9c1b0edd9667501bf155,12963938,1693230644000000000,300
TT/ts-train-service_mem/1,TT,ts-train-service,mem,1,300,300,incident,0.3,2,0.2999997316459229,median_shift,37,0.02702702702702703,0.0,0.5217391304347826,0,0,0,70,155.44950001640245,ts-consign-price-mongo|ts-price-mongo|ts-notification-service|ts-order-service|ts-preserve-service,ts-consign-price-mongo_container-memory-usage-bytes,0.5205128205128206,26,26,0.5917948717948718,0.4492307692307692,22,26,22,0.6983922356091031,baseline-v2-20260723,cd270e7871bd358937d83d9a49829637fa80007d2964084ef229f578e3733bd3,ba75425861a059dafcc477474fc3e4ed1eafdc2b47d6fdd0557337035d29a960,759570c68da81ecc5e6614652ad4173ac290c812a95a9c1b0edd9667501bf155,12963938,1693230644000000000,300
TT/ts-train-service_mem/1,TT,ts-train-service,mem,1,300,300,incident,0.3,2,0.2999997316459229,nsigma,45,0.022222222222222223,0.0,0.6376811594202898,0,0,0,70,428.82660002214834,192-168-76-138-9100|ts-user-service|ts-admin-user-service|ts-travel-mongo|ts-ticket-office-service,192-168-76-138-9100_node-memory-active-bytes,0.5205128205128206,26,26,0.5917948717948718,0.4492307692307692,22,26,22,0.6983922356091031,baseline-v2-20260723,cd270e7871bd358937d83d9a49829637fa80007d2964084ef229f578e3733bd3,ba75425861a059dafcc477474fc3e4ed1eafdc2b47d6fdd0557337035d29a960,759570c68da81ecc5e6614652ad4173ac290c812a95a9c1b0edd9667501bf155,12963938,1693230644000000000,300
TT/ts-train-service_mem/1,TT,ts-train-service,mem,1,300,300,incident,0.3,3,0.2999997316459229,baro,60,0.016666666666666666,0.0,0.855072463768116,0,0,0,70,555.1492000231519,192-168-29-237-9100|192-168-76-138-9100|ts-user-service|ts-assurance-service|ts-config-service,192-168-29-237-9100_node-memory-active-bytes,0.5245512820512821,26,26,0.5987179487179487,0.4503846153846154,22,26,22,0.6983922356091031,baseline-v2-20260723,cd270e7871bd358937d83d9a49829637fa80007d2964084ef229f578e3733bd3,ba75425861a059dafcc477474fc3e4ed1eafdc2b47d6fdd0557337035d29a960,759570c68da81ecc5e6614652ad4173ac290c812a95a9c1b0edd9667501bf155,12963938,1693230644000000000,300
TT/ts-train-service_mem/1,TT,ts-train-service,mem,1,300,300,incident,0.3,3,0.2999997316459229,median_shift,35,0.02857142857142857,0.0,0.4927536231884058,0,0,0,70,152.56840002257377,ts-security-service|ts-assurance-mongo|ts-notification-service|ts-price-mongo|ts-contacts-mongo,ts-security-service_container-memory-working-set-bytes,0.5245512820512821,26,26,0.5987179487179487,0.4503846153846154,22,26,22,0.6983922356091031,baseline-v2-20260723,cd270e7871bd358937d83d9a49829637fa80007d2964084ef229f578e3733bd3,ba75425861a059dafcc477474fc3e4ed1eafdc2b47d6fdd0557337035d29a960,759570c68da81ecc5e6614652ad4173ac290c812a95a9c1b0edd9667501bf155,12963938,1693230644000000000,300
TT/ts-train-service_mem/1,TT,ts-train-service,mem,1,300,300,incident,0.3,3,0.2999997316459229,nsigma,45,0.022222222222222223,0.0,0.6376811594202898,0,0,0,70,421.3970999699086,192-168-76-138-9100|ts-admin-user-service|ts-security-service|ts-travel-mongo|ts-food-map-service,192-168-76-138-9100_node-memory-active-bytes,0.5245512820512821,26,26,0.5987179487179487,0.4503846153846154,22,26,22,0.6983922356091031,baseline-v2-20260723,cd270e7871bd358937d83d9a49829637fa80007d2964084ef229f578e3733bd3,ba75425861a059dafcc477474fc3e4ed1eafdc2b47d6fdd0557337035d29a960,759570c68da81ecc5e6614652ad4173ac290c812a95a9c1b0edd9667501bf155,12963938,1693230644000000000,300
TT/ts-train-service_mem/1,TT,ts-train-service,mem,1,300,300,incident,0.3,4,0.2999997316459229,baro,62,0.016129032258064516,0.0,0.8840579710144928,0,0,0,70,511.21260004583746,192-168-29-237-9100|192-168-76-138-9100|ts-user-service|ts-assurance-service|ts-config-service,192-168-29-237-9100_node-memory-active-bytes,0.522051282051282,26,26,0.5937179487179487,0.4503846153846154,22,26,21,0.6983922356091031,baseline-v2-20260723,cd270e7871bd358937d83d9a49829637fa80007d2964084ef229f578e3733bd3,ba75425861a059dafcc477474fc3e4ed1eafdc2b47d6fdd0557337035d29a960,759570c68da81ecc5e6614652ad4173ac290c812a95a9c1b0edd9667501bf155,12963938,1693230644000000000,300
TT/ts-train-service_mem/1,TT,ts-train-service,mem,1,300,300,incident,0.3,4,0.2999997316459229,median_shift,34,0.029411764705882353,0.0,0.4782608695652174,0,0,0,70,160.8247000258416,ts-config-service|ts-user-mongo|ts-notification-service|ts-security-service|ts-price-mongo,ts-config-service_container-memory-rss,0.522051282051282,26,26,0.5937179487179487,0.4503846153846154,22,26,21,0.6983922356091031,baseline-v2-20260723,cd270e7871bd358937d83d9a49829637fa80007d2964084ef229f578e3733bd3,ba75425861a059dafcc477474fc3e4ed1eafdc2b47d6fdd0557337035d29a960,759570c68da81ecc5e6614652ad4173ac290c812a95a9c1b0edd9667501bf155,12963938,1693230644000000000,300
TT/ts-train-service_mem/1,TT,ts-train-service,mem,1,300,300,incident,0.3,4,0.2999997316459229,nsigma,48,0.020833333333333332,0.0,0.6811594202898551,0,0,0,70,423.3175999834202,192-168-76-138-9100|ts-user-service|ts-admin-user-service|ts-travel-mongo|ts-security-service,192-168-76-138-9100_node-memory-active-bytes,0.522051282051282,26,26,0.5937179487179487,0.4503846153846154,22,26,21,0.6983922356091031,baseline-v2-20260723,cd270e7871bd358937d83d9a49829637fa80007d2964084ef229f578e3733bd3,ba75425861a059dafcc477474fc3e4ed1eafdc2b47d6fdd0557337035d29a960,759570c68da81ecc5e6614652ad4173ac290c812a95a9c1b0edd9667501bf155,12963938,1693230644000000000,300
TT/ts-train-service_mem/1,TT,ts-train-service,mem,1,300,300,incident,0.3,5,0.2999997316459229,baro,58,0.017241379310344827,0.0,0.8260869565217391,0,0,0,70,514.0321000362746,192-168-29-237-9100|192-168-76-138-9100|ts-payment-service|ts-user-service|ts-assurance-service,192-168-29-237-9100_node-memory-active-bytes,0.525,26,26,0.5985897435897436,0.4514102564102564,22,26,22,0.6983922356091031,baseline-v2-20260723,cd270e7871bd358937d83d9a49829637fa80007d2964084ef229f578e3733bd3,ba75425861a059dafcc477474fc3e4ed1eafdc2b47d6fdd0557337035d29a960,759570c68da81ecc5e6614652ad4173ac290c812a95a9c1b0edd9667501bf155,12963938,1693230644000000000,300
TT/ts-train-service_mem/1,TT,ts-train-service,mem,1,300,300,incident,0.3,5,0.2999997316459229,median_shift,38,0.02631578947368421,0.0,0.5362318840579711,0,0,0,70,155.5602999869734,ts-config-service|ts-preserve-other-service|ts-security-service|ts-order-service|ts-contacts-mongo,ts-config-service_container-memory-rss,0.525,26,26,0.5985897435897436,0.4514102564102564,22,26,22,0.6983922356091031,baseline-v2-20260723,cd270e7871bd358937d83d9a49829637fa80007d2964084ef229f578e3733bd3,ba75425861a059dafcc477474fc3e4ed1eafdc2b47d6fdd0557337035d29a960,759570c68da81ecc5e6614652ad4173ac290c812a95a9c1b0edd9667501bf155,12963938,1693230644000000000,300
TT/ts-train-service_mem/1,TT,ts-train-service,mem,1,300,300,incident,0.3,5,0.2999997316459229,nsigma,44,0.022727272727272728,0.0,0.6231884057971014,0,0,0,70,473.343699995894,192-168-76-138-9100|ts-user-service|ts-admin-user-service|ts-travel-mongo|ts-security-service,192-168-76-138-9100_node-memory-active-bytes,0.525,26,26,0.5985897435897436,0.4514102564102564,22,26,22,0.6983922356091031,baseline-v2-20260723,cd270e7871bd358937d83d9a49829637fa80007d2964084ef229f578e3733bd3,ba75425861a059dafcc477474fc3e4ed1eafdc2b47d6fdd0557337035d29a960,759570c68da81ecc5e6614652ad4173ac290c812a95a9c1b0edd9667501bf155,12963938,1693230644000000000,300
TT/ts-train-service_mem/1,TT,ts-train-service,mem,1,300,300,incident,0.3,6,0.2999997316459229,baro,60,0.016666666666666666,0.0,0.855072463768116,0,0,0,70,544.9829999706708,192-168-29-237-9100|192-168-76-138-9100|ts-user-service|ts-assurance-service|ts-config-service,192-168-29-237-9100_node-memory-active-bytes,0.5207692307692308,26,26,0.5901282051282051,0.4514102564102564,22,26,22,0.6983922356091031,baseline-v2-20260723,cd270e7871bd358937d83d9a49829637fa80007d2964084ef229f578e3733bd3,ba75425861a059dafcc477474fc3e4ed1eafdc2b47d6fdd0557337035d29a960,759570c68da81ecc5e6614652ad4173ac290c812a95a9c1b0edd9667501bf155,12963938,1693230644000000000,300
TT/ts-train-service_mem/1,TT,ts-train-service,mem,1,300,300,incident,0.3,6,0.2999997316459229,median_shift,3,0.3333333333333333,0.6,0.028985507246376812,0,1,1,70,156.7289999802597,ts-price-mongo|ts-notification-service|ts-train-service|ts-food-map-mongo|ts-contacts-mongo,ts-price-mongo_container-memory-usage-bytes,0.5207692307692308,26,26,0.5901282051282051,0.4514102564102564,22,26,22,0.6983922356091031,baseline-v2-20260723,cd270e7871bd358937d83d9a49829637fa80007d2964084ef229f578e3733bd3,ba75425861a059dafcc477474fc3e4ed1eafdc2b47d6fdd0557337035d29a960,759570c68da81ecc5e6614652ad4173ac290c812a95a9c1b0edd9667501bf155,12963938,1693230644000000000,300
TT/ts-train-service_mem/1,TT,ts-train-service,mem,1,300,300,incident,0.3,6,0.2999997316459229,nsigma,29,0.034482758620689655,0.0,0.4057971014492754,0,0,0,70,421.64379998575896,192-168-76-138-9100|ts-user-service|ts-admin-user-service|ts-travel-mongo|ts-security-service,192-168-76-138-9100_node-memory-active-bytes,0.5207692307692308,26,26,0.5901282051282051,0.4514102564102564,22,26,22,0.6983922356091031,baseline-v2-20260723,cd270e7871bd358937d83d9a49829637fa80007d2964084ef229f578e3733bd3,ba75425861a059dafcc477474fc3e4ed1eafdc2b47d6fdd0557337035d29a960,759570c68da81ecc5e6614652ad4173ac290c812a95a9c1b0edd9667501bf155,12963938,1693230644000000000,300
TT/ts-train-service_mem/1,TT,ts-train-service,mem,1,300,300,incident,0.3,7,0.2999997316459229,baro,58,0.017241379310344827,0.0,0.8260869565217391,0,0,0,70,516.0410999669693,192-168-29-237-9100|192-168-76-138-9100|ts-user-service|ts-assurance-service|ts-config-service,192-168-29-237-9100_node-memory-active-bytes,0.5211538461538462,26,26,0.5934615384615385,0.44884615384615384,22,26,22,0.6983922356091031,baseline-v2-20260723,cd270e7871bd358937d83d9a49829637fa80007d2964084ef229f578e3733bd3,ba75425861a059dafcc477474fc3e4ed1eafdc2b47d6fdd0557337035d29a960,759570c68da81ecc5e6614652ad4173ac290c812a95a9c1b0edd9667501bf155,12963938,1693230644000000000,300
TT/ts-train-service_mem/1,TT,ts-train-service,mem,1,300,300,incident,0.3,7,0.2999997316459229,median_shift,34,0.029411764705882353,0.0,0.4782608695652174,0,0,0,70,156.0785000328906,ts-notification-service|ts-security-service|ts-contacts-mongo|ts-price-mongo|ts-station-mongo,ts-notification-service_container-memory-usage-bytes,0.5211538461538462,26,26,0.5934615384615385,0.44884615384615384,22,26,22,0.6983922356091031,baseline-v2-20260723,cd270e7871bd358937d83d9a49829637fa80007d2964084ef229f578e3733bd3,ba75425861a059dafcc477474fc3e4ed1eafdc2b47d6fdd0557337035d29a960,759570c68da81ecc5e6614652ad4173ac290c812a95a9c1b0edd9667501bf155,12963938,1693230644000000000,300
TT/ts-train-service_mem/1,TT,ts-train-service,mem,1,300,300,incident,0.3,7,0.2999997316459229,nsigma,25,0.04,0.0,0.34782608695652173,0,0,0,70,425.7099999813363,192-168-76-138-9100|ts-travel-mongo|ts-security-service|ts-rebook-service|ts-travel-service,192-168-76-138-9100_node-memory-active-bytes,0.5211538461538462,26,26,0.5934615384615385,0.44884615384615384,22,26,22,0.6983922356091031,baseline-v2-20260723,cd270e7871bd358937d83d9a49829637fa80007d2964084ef229f578e3733bd3,ba75425861a059dafcc477474fc3e4ed1eafdc2b47d6fdd0557337035d29a960,759570c68da81ecc5e6614652ad4173ac290c812a95a9c1b0edd9667501bf155,12963938,1693230644000000000,300
TT/ts-train-service_mem/1,TT,ts-train-service,mem,1,300,300,incident,0.3,8,0.2999997316459229,baro,67,0.014925373134328358,0.0,0.9565217391304348,0,0,0,70,512.8578000003472,192-168-29-237-9100|192-168-76-138-9100|ts-user-service|ts-assurance-service|ts-config-service,192-168-29-237-9100_node-memory-active-bytes,0.5203846153846153,26,26,0.5934615384615385,0.4473076923076923,22,26,22,0.6983922356091031,baseline-v2-20260723,cd270e7871bd358937d83d9a49829637fa80007d2964084ef229f578e3733bd3,ba75425861a059dafcc477474fc3e4ed1eafdc2b47d6fdd0557337035d29a960,759570c68da81ecc5e6614652ad4173ac290c812a95a9c1b0edd9667501bf155,12963938,1693230644000000000,300
TT/ts-train-service_mem/1,TT,ts-train-service,mem,1,300,300,incident,0.3,8,0.2999997316459229,median_shift,38,0.02631578947368421,0.0,0.5362318840579711,0,0,0,70,161.27260000212118,ts-security-service|ts-consign-price-mongo|ts-notification-service|ts-price-mongo|ts-station-mongo,ts-security-service_container-memory-usage-bytes,0.5203846153846153,26,26,0.5934615384615385,0.4473076923076923,22,26,22,0.6983922356091031,baseline-v2-20260723,cd270e7871bd358937d83d9a49829637fa80007d2964084ef229f578e3733bd3,ba75425861a059dafcc477474fc3e4ed1eafdc2b47d6fdd0557337035d29a960,759570c68da81ecc5e6614652ad4173ac290c812a95a9c1b0edd9667501bf155,12963938,1693230644000000000,300
TT/ts-train-service_mem/1,TT,ts-train-service,mem,1,300,300,incident,0.3,8,0.2999997316459229,nsigma,48,0.020833333333333332,0.0,0.6811594202898551,0,0,0,70,458.6367000010796,192-168-76-138-9100|ts-admin-user-service|ts-travel-mongo|ts-security-service|ts-rebook-service,192-168-76-138-9100_node-memory-active-bytes,0.5203846153846153,26,26,0.5934615384615385,0.4473076923076923,22,26,22,0.6983922356091031,baseline-v2-20260723,cd270e7871bd358937d83d9a49829637fa80007d2964084ef229f578e3733bd3,ba75425861a059dafcc477474fc3e4ed1eafdc2b47d6fdd0557337035d29a960,759570c68da81ecc5e6614652ad4173ac290c812a95a9c1b0edd9667501bf155,12963938,1693230644000000000,300
TT/ts-train-service_mem/1,TT,ts-train-service,mem,1,300,300,incident,0.3,9,0.2999997316459229,baro,57,0.017543859649122806,0.0,0.8115942028985508,0,0,0,70,547.264399996493,192-168-29-237-9100|192-168-76-138-9100|ts-payment-service|ts-user-service|ts-assurance-service,192-168-29-237-9100_node-memory-active-bytes,0.5187820512820512,26,26,0.5873076923076923,0.4502564102564103,22,26,21,0.6983922356091031,baseline-v2-20260723,cd270e7871bd358937d83d9a49829637fa80007d2964084ef229f578e3733bd3,ba75425861a059dafcc477474fc3e4ed1eafdc2b47d6fdd0557337035d29a960,759570c68da81ecc5e6614652ad4173ac290c812a95a9c1b0edd9667501bf155,12963938,1693230644000000000,300
TT/ts-train-service_mem/1,TT,ts-train-service,mem,1,300,300,incident,0.3,9,0.2999997316459229,median_shift,34,0.029411764705882353,0.0,0.4782608695652174,0,0,0,70,155.5852000019513,ts-food-map-mongo|ts-security-service|ts-contacts-mongo|ts-station-mongo|ts-order-service,ts-food-map-mongo_container-memory-working-set-bytes,0.5187820512820512,26,26,0.5873076923076923,0.4502564102564103,22,26,21,0.6983922356091031,baseline-v2-20260723,cd270e7871bd358937d83d9a49829637fa80007d2964084ef229f578e3733bd3,ba75425861a059dafcc477474fc3e4ed1eafdc2b47d6fdd0557337035d29a960,759570c68da81ecc5e6614652ad4173ac290c812a95a9c1b0edd9667501bf155,12963938,1693230644000000000,300
TT/ts-train-service_mem/1,TT,ts-train-service,mem,1,300,300,incident,0.3,9,0.2999997316459229,nsigma,28,0.03571428571428571,0.0,0.391304347826087,0,0,0,70,419.0919999964535,ts-admin-user-service|ts-travel-mongo|ts-ticket-office-service|ts-security-service|ts-preserve-other-service,ts-admin-user-service_container-memory-failures-total,0.5187820512820512,26,26,0.5873076923076923,0.4502564102564103,22,26,21,0.6983922356091031,baseline-v2-20260723,cd270e7871bd358937d83d9a49829637fa80007d2964084ef229f578e3733bd3,ba75425861a059dafcc477474fc3e4ed1eafdc2b47d6fdd0557337035d29a960,759570c68da81ecc5e6614652ad4173ac290c812a95a9c1b0edd9667501bf155,12963938,1693230644000000000,300
TT/ts-train-service_mem/1,TT,ts-train-service,mem,1,300,300,incident,0.5,0,0.5,baro,45,0.022222222222222223,0.0,0.6376811594202898,0,0,0,70,524.6846999507397,192-168-76-138-9100|192-168-29-237-9100|ts-user-service|ts-assurance-service|ts-config-service,192-168-76-138-9100_node-memory-active-bytes,0.4016025641025641,26,26,0.4378205128205128,0.36538461538461536,22,25,18,0.49885140562249,baseline-v2-20260723,cd270e7871bd358937d83d9a49829637fa80007d2964084ef229f578e3733bd3,ba75425861a059dafcc477474fc3e4ed1eafdc2b47d6fdd0557337035d29a960,759570c68da81ecc5e6614652ad4173ac290c812a95a9c1b0edd9667501bf155,12963938,1693230644000000000,300
TT/ts-train-service_mem/1,TT,ts-train-service,mem,1,300,300,incident,0.5,0,0.5,median_shift,33,0.030303030303030304,0.0,0.463768115942029,0,0,0,70,164.50180002721027,ts-consign-service|ts-payment-service|ts-inside-payment-mongo|ts-basic-service|ts-config-mongo,ts-consign-service_container-memory-working-set-bytes,0.4016025641025641,26,26,0.4378205128205128,0.36538461538461536,22,25,18,0.49885140562249,baseline-v2-20260723,cd270e7871bd358937d83d9a49829637fa80007d2964084ef229f578e3733bd3,ba75425861a059dafcc477474fc3e4ed1eafdc2b47d6fdd0557337035d29a960,759570c68da81ecc5e6614652ad4173ac290c812a95a9c1b0edd9667501bf155,12963938,1693230644000000000,300
TT/ts-train-service_mem/1,TT,ts-train-service,mem,1,300,300,incident,0.5,0,0.5,nsigma,19,0.05263157894736842,0.0,0.2608695652173913,0,0,0,70,409.24479998648167,192-168-76-138-9100|ts-admin-user-service|ts-travel-mongo|ts-security-service|ts-ticket-office-service,192-168-76-138-9100_node-memory-active-bytes,0.4016025641025641,26,26,0.4378205128205128,0.36538461538461536,22,25,18,0.49885140562249,baseline-v2-20260723,cd270e7871bd358937d83d9a49829637fa80007d2964084ef229f578e3733bd3,ba75425861a059dafcc477474fc3e4ed1eafdc2b47d6fdd0557337035d29a960,759570c68da81ecc5e6614652ad4173ac290c812a95a9c1b0edd9667501bf155,12963938,1693230644000000000,300
TT/ts-train-service_mem/1,TT,ts-train-service,mem,1,300,300,incident,0.5,1,0.5,baro,69,0.014492753623188406,0.0,0.9855072463768116,0,0,0,70,491.2698999978602,192-168-29-237-9100|192-168-76-138-9100|ts-user-service|ts-assurance-service|ts-config-service,192-168-29-237-9100_node-memory-active-bytes,0.39403846153846156,26,26,0.4244871794871795,0.3635897435897436,22,26,19,0.49885140562249,baseline-v2-20260723,cd270e7871bd358937d83d9a49829637fa80007d2964084ef229f578e3733bd3,ba75425861a059dafcc477474fc3e4ed1eafdc2b47d6fdd0557337035d29a960,759570c68da81ecc5e6614652ad4173ac290c812a95a9c1b0edd9667501bf155,12963938,1693230644000000000,300
TT/ts-train-service_mem/1,TT,ts-train-service,mem,1,300,300,incident,0.5,1,0.5,median_shift,35,0.02857142857142857,0.0,0.4927536231884058,0,0,0,70,152.4018000345677,ts-preserve-other-service|ts-price-service|ts-consign-service|ts-food-mongo|ts-contacts-service,ts-preserve-other-service_container-memory-rss,0.39403846153846156,26,26,0.4244871794871795,0.3635897435897436,22,26,19,0.49885140562249,baseline-v2-20260723,cd270e7871bd358937d83d9a49829637fa80007d2964084ef229f578e3733bd3,ba75425861a059dafcc477474fc3e4ed1eafdc2b47d6fdd0557337035d29a960,759570c68da81ecc5e6614652ad4173ac290c812a95a9c1b0edd9667501bf155,12963938,1693230644000000000,300
TT/ts-train-service_mem/1,TT,ts-train-service,mem,1,300,300,incident,0.5,1,0.5,nsigma,58,0.017241379310344827,0.0,0.8260869565217391,0,0,0,70,418.72949997195974,192-168-76-138-9100|ts-admin-user-service|ts-travel-mongo|ts-ticket-office-service|ts-security-service,192-168-76-138-9100_node-memory-active-bytes,0.39403846153846156,26,26,0.4244871794871795,0.3635897435897436,22,26,19,0.49885140562249,baseline-v2-20260723,cd270e7871bd358937d83d9a49829637fa80007d2964084ef229f578e3733bd3,ba75425861a059dafcc477474fc3e4ed1eafdc2b47d6fdd0557337035d29a960,759570c68da81ecc5e6614652ad4173ac290c812a95a9c1b0edd9667501bf155,12963938,1693230644000000000,300
TT/ts-train-service_mem/1,TT,ts-train-service,mem,1,300,300,incident,0.5,2,0.5,baro,67,0.014925373134328358,0.0,0.9565217391304348,0,0,0,70,491.46819999441504,192-168-29-237-9100|192-168-76-138-9100|ts-payment-service|ts-user-service|ts-assurance-service,192-168-29-237-9100_node-memory-active-bytes,0.39429487179487177,26,26,0.4228205128205128,0.3657692307692308,22,24,20,0.49885140562249,baseline-v2-20260723,cd270e7871bd358937d83d9a49829637fa80007d2964084ef229f578e3733bd3,ba75425861a059dafcc477474fc3e4ed1eafdc2b47d6fdd0557337035d29a960,759570c68da81ecc5e6614652ad4173ac290c812a95a9c1b0edd9667501bf155,12963938,1693230644000000000,300
TT/ts-train-service_mem/1,TT,ts-train-service,mem,1,300,300,incident,0.5,2,0.5,median_shift,19,0.05263157894736842,0.0,0.2608695652173913,0,0,0,70,160.37260001758114,ts-payment-service|ts-food-map-mongo|ts-consign-service|ts-consign-price-service|ts-contacts-service,ts-payment-service_istio-latency-50,0.39429487179487177,26,26,0.4228205128205128,0.3657692307692308,22,24,20,0.49885140562249,baseline-v2-20260723,cd270e7871bd358937d83d9a49829637fa80007d2964084ef229f578e3733bd3,ba75425861a059dafcc477474fc3e4ed1eafdc2b47d6fdd0557337035d29a960,759570c68da81ecc5e6614652ad4173ac290c812a95a9c1b0edd9667501bf155,12963938,1693230644000000000,300
TT/ts-train-service_mem/1,TT,ts-train-service,mem,1,300,300,incident,0.5,2,0.5,nsigma,54,0.018518518518518517,0.0,0.7681159420289855,0,0,0,70,441.7898000101559,192-168-76-138-9100|ts-admin-user-service|ts-ticket-office-service|ts-travel-mongo|ts-security-service,192-168-76-138-9100_node-memory-active-bytes,0.39429487179487177,26,26,0.4228205128205128,0.3657692307692308,22,24,20,0.49885140562249,baseline-v2-20260723,cd270e7871bd358937d83d9a49829637fa80007d2964084ef229f578e3733bd3,ba75425861a059dafcc477474fc3e4ed1eafdc2b47d6fdd0557337035d29a960,759570c68da81ecc5e6614652ad4173ac290c812a95a9c1b0edd9667501bf155,12963938,1693230644000000000,300
TT/ts-train-service_mem/1,TT,ts-train-service,mem,1,300,300,incident,0.5,3,0.5,baro,70,0.014285714285714285,0.0,1.0,0,0,0,70,540.7698000199161,192-168-29-237-9100|192-168-76-138-9100|ts-user-service|ts-config-service|ts-notification-service,192-168-29-237-9100_node-memory-active-bytes,0.3942307692307692,26,26,0.4205128205128205,0.367948717948718,22,25,18,0.49885140562249,baseline-v2-20260723,cd270e7871bd358937d83d9a49829637fa80007d2964084ef229f578e3733bd3,ba75425861a059dafcc477474fc3e4ed1eafdc2b47d6fdd0557337035d29a960,759570c68da81ecc5e6614652ad4173ac290c812a95a9c1b0edd9667501bf155,12963938,1693230644000000000,300
TT/ts-train-service_mem/1,TT,ts-train-service,mem,1,300,300,incident,0.5,3,0.5,median_shift,23,0.043478260869565216,0.0,0.3188405797101449,0,0,0,70,162.58860001107678,ts-admin-basic-info-service|ts-preserve-other-service|ts-contacts-service|ts-consign-service|ts-food-mongo,ts-admin-basic-info-service_istio-latency-99,0.3942307692307692,26,26,0.4205128205128205,0.367948717948718,22,25,18,0.49885140562249,baseline-v2-20260723,cd270e7871bd358937d83d9a49829637fa80007d2964084ef229f578e3733bd3,ba75425861a059dafcc477474fc3e4ed1eafdc2b47d6fdd0557337035d29a960,759570c68da81ecc5e6614652ad4173ac290c812a95a9c1b0edd9667501bf155,12963938,1693230644000000000,300
TT/ts-train-service_mem/1,TT,ts-train-service,mem,1,300,300,incident,0.5,3,0.5,nsigma,68,0.014705882352941176,0.0,0.9710144927536232,0,0,0,70,407.3763000196777,192-168-76-138-9100|ts-admin-user-service|ts-security-service|ts-ticket-office-service|ts-travel-service,192-168-76-138-9100_node-memory-active-bytes,0.3942307692307692,26,26,0.4205128205128205,0.367948717948718,22,25,18,0.49885140562249,baseline-v2-20260723,cd270e7871bd358937d83d9a49829637fa80007d2964084ef229f578e3733bd3,ba75425861a059dafcc477474fc3e4ed1eafdc2b47d6fdd0557337035d29a960,759570c68da81ecc5e6614652ad4173ac290c812a95a9c1b0edd9667501bf155,12963938,1693230644000000000,300
TT/ts-train-service_mem/1,TT,ts-train-service,mem,1,300,300,incident,0.5,4,0.5,baro,66,0.015151515151515152,0.0,0.9420289855072463,0,0,0,70,491.0727000096813,192-168-29-237-9100|192-168-76-138-9100|ts-user-service|ts-assurance-service|ts-config-service,192-168-29-237-9100_node-memory-active-bytes,0.39647435897435895,26,26,0.42128205128205126,0.37166666666666665,22,25,19,0.49885140562249,baseline-v2-20260723,cd270e7871bd358937d83d9a49829637fa80007d2964084ef229f578e3733bd3,ba75425861a059dafcc477474fc3e4ed1eafdc2b47d6fdd0557337035d29a960,759570c68da81ecc5e6614652ad4173ac290c812a95a9c1b0edd9667501bf155,12963938,1693230644000000000,300
TT/ts-train-service_mem/1,TT,ts-train-service,mem,1,300,300,incident,0.5,4,0.5,median_shift,26,0.038461538461538464,0.0,0.36231884057971014,0,0,0,70,160.55660002166405,ts-config-mongo|ts-travel-plan-service|ts-preserve-other-service|ts-food-map-mongo|ts-route-mongo,ts-config-mongo_container-memory-cache,0.39647435897435895,26,26,0.42128205128205126,0.37166666666666665,22,25,19,0.49885140562249,baseline-v2-20260723,cd270e7871bd358937d83d9a49829637fa80007d2964084ef229f578e3733bd3,ba75425861a059dafcc477474fc3e4ed1eafdc2b47d6fdd0557337035d29a960,759570c68da81ecc5e6614652ad4173ac290c812a95a9c1b0edd9667501bf155,12963938,1693230644000000000,300
TT/ts-train-service_mem/1,TT,ts-train-service,mem,1,300,300,incident,0.5,4,0.5,nsigma,58,0.017241379310344827,0.0,0.8260869565217391,0,0,0,70,416.56079998938367,192-168-76-138-9100|ts-travel-mongo|ts-security-service|ts-admin-user-service|ts-ui-dashboard,192-168-76-138-9100_node-memory-active-bytes,0.39647435897435895,26,26,0.42128205128205126,0.37166666666666665,22,25,19,0.49885140562249,baseline-v2-20260723,cd270e7871bd358937d83d9a49829637fa80007d2964084ef229f578e3733bd3,ba75425861a059dafcc477474fc3e4ed1eafdc2b47d6fdd0557337035d29a960,759570c68da81ecc5e6614652ad4173ac290c812a95a9c1b0edd9667501bf155,12963938,1693230644000000000,300
TT/ts-train-service_mem/1,TT,ts-train-service,mem,1,300,300,incident,0.5,5,0.5,baro,69,0.014492753623188406,0.0,0.9855072463768116,0,0,0,70,483.7233999860473,192-168-29-237-9100|192-168-76-138-9100|ts-user-service|ts-assurance-service|ts-config-service,192-168-29-237-9100_node-memory-active-bytes,0.3967307692307692,26,26,0.43243589743589744,0.36102564102564105,22,26,19,0.49885140562249,baseline-v2-20260723,cd270e7871bd358937d83d9a49829637fa80007d2964084ef229f578e3733bd3,ba75425861a059dafcc477474fc3e4ed1eafdc2b47d6fdd0557337035d29a960,759570c68da81ecc5e6614652ad4173ac290c812a95a9c1b0edd9667501bf155,12963938,1693230644000000000,300
TT/ts-train-service_mem/1,TT,ts-train-service,mem,1,300,300,incident,0.5,5,0.5,median_shift,30,0.03333333333333333,0.0,0.42028985507246375,0,0,0,70,155.1216000225395,ts-route-service|ts-consign-service|ts-contacts-service|ts-config-mongo|ts-food-map-mongo,ts-route-service_container-memory-working-set-bytes,0.3967307692307692,26,26,0.43243589743589744,0.36102564102564105,22,26,19,0.49885140562249,baseline-v2-20260723,cd270e7871bd358937d83d9a49829637fa80007d2964084ef229f578e3733bd3,ba75425861a059dafcc477474fc3e4ed1eafdc2b47d6fdd0557337035d29a960,759570c68da81ecc5e6614652ad4173ac290c812a95a9c1b0edd9667501bf155,12963938,1693230644000000000,300
TT/ts-train-service_mem/1,TT,ts-train-service,mem,1,300,300,incident,0.5,5,0.5,nsigma,68,0.014705882352941176,0.0,0.9710144927536232,0,0,0,70,458.8683000183664,192-168-76-138-9100|ts-security-service|ts-travel-service|ts-ui-dashboard|ts-config-mongo,192-168-76-138-9100_node-memory-active-bytes,0.3967307692307692,26,26,0.43243589743589744,0.36102564102564105,22,26,19,0.49885140562249,baseline-v2-20260723,cd270e7871bd358937d83d9a49829637fa80007d2964084ef229f578e3733bd3,ba75425861a059dafcc477474fc3e4ed1eafdc2b47d6fdd0557337035d29a960,759570c68da81ecc5e6614652ad4173ac290c812a95a9c1b0edd9667501bf155,12963938,1693230644000000000,300
TT/ts-train-service_mem/1,TT,ts-train-service,mem,1,300,300,incident,0.5,6,0.5,baro,63,0.015873015873015872,0.0,0.8985507246376812,0,0,0,70,495.184600003995,192-168-29-237-9100|192-168-76-138-9100|ts-user-service|ts-assurance-service|ts-config-service,192-168-29-237-9100_node-memory-active-bytes,0.3933974358974359,26,26,0.42333333333333334,0.36346153846153845,22,24,18,0.49885140562249,baseline-v2-20260723,cd270e7871bd358937d83d9a49829637fa80007d2964084ef229f578e3733bd3,ba75425861a059dafcc477474fc3e4ed1eafdc2b47d6fdd0557337035d29a960,759570c68da81ecc5e6614652ad4173ac290c812a95a9c1b0edd9667501bf155,12963938,1693230644000000000,300
TT/ts-train-service_mem/1,TT,ts-train-service,mem,1,300,300,incident,0.5,6,0.5,median_shift,37,0.02702702702702703,0.0,0.5217391304347826,0,0,0,70,157.15189999900758,ts-food-map-mongo|ts-food-mongo|ts-consign-service|ts-config-mongo|ts-inside-payment-mongo,ts-food-map-mongo_container-memory-usage-bytes,0.3933974358974359,26,26,0.42333333333333334,0.36346153846153845,22,24,18,0.49885140562249,baseline-v2-20260723,cd270e7871bd358937d83d9a49829637fa80007d2964084ef229f578e3733bd3,ba75425861a059dafcc477474fc3e4ed1eafdc2b47d6fdd0557337035d29a960,759570c68da81ecc5e6614652ad4173ac290c812a95a9c1b0edd9667501bf155,12963938,1693230644000000000,300
TT/ts-train-service_mem/1,TT,ts-train-service,mem,1,300,300,incident,0.5,6,0.5,nsigma,67,0.014925373134328358,0.0,0.9565217391304348,0,0,0,70,438.5167000000365,192-168-76-138-9100|ts-admin-user-service|ts-travel-mongo|ts-security-service|ts-ui-dashboard,192-168-76-138-9100_node-memory-active-bytes,0.3933974358974359,26,26,0.42333333333333334,0.36346153846153845,22,24,18,0.49885140562249,baseline-v2-20260723,cd270e7871bd358937d83d9a49829637fa80007d2964084ef229f578e3733bd3,ba75425861a059dafcc477474fc3e4ed1eafdc2b47d6fdd0557337035d29a960,759570c68da81ecc5e6614652ad4173ac290c812a95a9c1b0edd9667501bf155,12963938,1693230644000000000,300
TT/ts-train-service_mem/1,TT,ts-train-service,mem,1,300,300,incident,0.5,7,0.5,baro,64,0.015625,0.0,0.9130434782608695,0,0,0,70,525.3926999866962,192-168-29-237-9100|192-168-76-138-9100|ts-inside-payment-service|ts-user-service|ts-assurance-service,192-168-29-237-9100_node-memory-active-bytes,0.39134615384615384,26,26,0.4173076923076923,0.36538461538461536,22,26,20,0.49885140562249,baseline-v2-20260723,cd270e7871bd358937d83d9a49829637fa80007d2964084ef229f578e3733bd3,ba75425861a059dafcc477474fc3e4ed1eafdc2b47d6fdd0557337035d29a960,759570c68da81ecc5e6614652ad4173ac290c812a95a9c1b0edd9667501bf155,12963938,1693230644000000000,300
TT/ts-train-service_mem/1,TT,ts-train-service,mem,1,300,300,incident,0.5,7,0.5,median_shift,28,0.03571428571428571,0.0,0.391304347826087,0,0,0,70,155.81760002532974,ts-consign-service|ts-config-mongo|ts-inside-payment-mongo|ts-food-mongo|ts-consign-price-service,ts-consign-service_container-memory-working-set-bytes,0.39134615384615384,26,26,0.4173076923076923,0.36538461538461536,22,26,20,0.49885140562249,baseline-v2-20260723,cd270e7871bd358937d83d9a49829637fa80007d2964084ef229f578e3733bd3,ba75425861a059dafcc477474fc3e4ed1eafdc2b47d6fdd0557337035d29a960,759570c68da81ecc5e6614652ad4173ac290c812a95a9c1b0edd9667501bf155,12963938,1693230644000000000,300
TT/ts-train-service_mem/1,TT,ts-train-service,mem,1,300,300,incident,0.5,7,0.5,nsigma,41,0.024390243902439025,0.0,0.5797101449275363,0,0,0,70,412.9313000012189,192-168-76-138-9100|ts-admin-user-service|ts-security-service|ts-travel-mongo|ts-travel-service,192-168-76-138-9100_node-memory-active-bytes,0.39134615384615384,26,26,0.4173076923076923,0.36538461538461536,22,26,20,0.49885140562249,baseline-v2-20260723,cd270e7871bd358937d83d9a49829637fa80007d2964084ef229f578e3733bd3,ba75425861a059dafcc477474fc3e4ed1eafdc2b47d6fdd0557337035d29a960,759570c68da81ecc5e6614652ad4173ac290c812a95a9c1b0edd9667501bf155,12963938,1693230644000000000,300
TT/ts-train-service_mem/1,TT,ts-train-service,mem,1,300,300,incident,0.5,8,0.5,baro,68,0.014705882352941176,0.0,0.9710144927536232,0,0,0,70,493.8362999819219,192-168-29-237-9100|192-168-76-138-9100|ts-inside-payment-service|ts-payment-service|ts-user-service,192-168-29-237-9100_node-memory-active-bytes,0.39147435897435895,26,26,0.4185897435897436,0.36435897435897435,22,25,18,0.49885140562249,baseline-v2-20260723,cd270e7871bd358937d83d9a49829637fa80007d2964084ef229f578e3733bd3,ba75425861a059dafcc477474fc3e4ed1eafdc2b47d6fdd0557337035d29a960,759570c68da81ecc5e6614652ad4173ac290c812a95a9c1b0edd9667501bf155,12963938,1693230644000000000,300
TT/ts-train-service_mem/1,TT,ts-train-service,mem,1,300,300,incident,0.5,8,0.5,median_shift,33,0.030303030303030304,0.0,0.463768115942029,0,0,0,70,158.39439997216687,ts-route-mongo|ts-preserve-other-service|ts-food-mongo|ts-config-mongo|ts-food-map-mongo,ts-route-mongo_container-memory-working-set-bytes,0.39147435897435895,26,26,0.4185897435897436,0.36435897435897435,22,25,18,0.49885140562249,baseline-v2-20260723,cd270e7871bd358937d83d9a49829637fa80007d2964084ef229f578e3733bd3,ba75425861a059dafcc477474fc3e4ed1eafdc2b47d6fdd0557337035d29a960,759570c68da81ecc5e6614652ad4173ac290c812a95a9c1b0edd9667501bf155,12963938,1693230644000000000,300
TT/ts-train-service_mem/1,TT,ts-train-service,mem,1,300,300,incident,0.5,8,0.5,nsigma,57,0.017543859649122806,0.0,0.8115942028985508,0,0,0,70,437.25109996739775,ts-admin-user-service|ts-travel-mongo|ts-ticket-office-service|ts-security-service|ts-travel-service,ts-admin-user-service_container-memory-failures-total,0.39147435897435895,26,26,0.4185897435897436,0.36435897435897435,22,25,18,0.49885140562249,baseline-v2-20260723,cd270e7871bd358937d83d9a49829637fa80007d2964084ef229f578e3733bd3,ba75425861a059dafcc477474fc3e4ed1eafdc2b47d6fdd0557337035d29a960,759570c68da81ecc5e6614652ad4173ac290c812a95a9c1b0edd9667501bf155,12963938,1693230644000000000,300
TT/ts-train-service_mem/1,TT,ts-train-service,mem,1,300,300,incident,0.5,9,0.5,baro,67,0.014925373134328358,0.0,0.9565217391304348,0,0,0,70,495.43150002136827,192-168-29-237-9100|192-168-76-138-9100|ts-assurance-service|ts-user-service|ts-config-service,192-168-29-237-9100_node-memory-active-bytes,0.3951282051282051,26,26,0.42243589743589743,0.3678205128205128,22,24,19,0.49885140562249,baseline-v2-20260723,cd270e7871bd358937d83d9a49829637fa80007d2964084ef229f578e3733bd3,ba75425861a059dafcc477474fc3e4ed1eafdc2b47d6fdd0557337035d29a960,759570c68da81ecc5e6614652ad4173ac290c812a95a9c1b0edd9667501bf155,12963938,1693230644000000000,300
TT/ts-train-service_mem/1,TT,ts-train-service,mem,1,300,300,incident,0.5,9,0.5,median_shift,36,0.027777777777777776,0.0,0.5072463768115942,0,0,0,70,155.06119997007772,ts-contacts-service|ts-config-mongo|ts-inside-payment-mongo|ts-payment-mongo|ts-execute-service,ts-contacts-service_container-memory-working-set-bytes,0.3951282051282051,26,26,0.42243589743589743,0.3678205128205128,22,24,19,0.49885140562249,baseline-v2-20260723,cd270e7871bd358937d83d9a49829637fa80007d2964084ef229f578e3733bd3,ba75425861a059dafcc477474fc3e4ed1eafdc2b47d6fdd0557337035d29a960,759570c68da81ecc5e6614652ad4173ac290c812a95a9c1b0edd9667501bf155,12963938,1693230644000000000,300
TT/ts-train-service_mem/1,TT,ts-train-service,mem,1,300,300,incident,0.5,9,0.5,nsigma,67,0.014925373134328358,0.0,0.9565217391304348,0,0,0,70,464.5194000331685,192-168-76-138-9100|ts-admin-user-service|ts-travel-mongo|ts-ticket-office-service|ts-inside-payment-mongo,192-168-76-138-9100_node-memory-active-bytes,0.3951282051282051,26,26,0.42243589743589743,0.3678205128205128,22,24,19,0.49885140562249,baseline-v2-20260723,cd270e7871bd358937d83d9a49829637fa80007d2964084ef229f578e3733bd3,ba75425861a059dafcc477474fc3e4ed1eafdc2b47d6fdd0557337035d29a960,759570c68da81ecc5e6614652ad4173ac290c812a95a9c1b0edd9667501bf155,12963938,1693230644000000000,300
TT/ts-train-service_mem/1,TT,ts-train-service,mem,1,300,300,none,0.0,0,0.0,baro,8,0.125,0.0,0.10144927536231885,0,0,0,70,647.2022000234574,192-168-29-237-9100|192-168-76-138-9100|ts-auth-service|ts-user-service|ts-assurance-mongo,192-168-29-237-9100_node-memory-active-bytes,0.9166666666666666,26,26,0.8461538461538461,0.9871794871794872,22,26,22,0.99770281124498,baseline-v2-20260723,cd270e7871bd358937d83d9a49829637fa80007d2964084ef229f578e3733bd3,ba75425861a059dafcc477474fc3e4ed1eafdc2b47d6fdd0557337035d29a960,759570c68da81ecc5e6614652ad4173ac290c812a95a9c1b0edd9667501bf155,12963938,1693230644000000000,300
TT/ts-train-service_mem/1,TT,ts-train-service,mem,1,300,300,none,0.0,0,0.0,median_shift,23,0.043478260869565216,0.0,0.3188405797101449,0,0,0,70,149.43900000071153,192-168-29-237-9100|192-168-76-138-9100|192-168-93-129-9100|ts-admin-route-service|ts-assurance-mongo,192-168-29-237-9100_node-memory-active-bytes,0.9166666666666666,26,26,0.8461538461538461,0.9871794871794872,22,26,22,0.99770281124498,baseline-v2-20260723,cd270e7871bd358937d83d9a49829637fa80007d2964084ef229f578e3733bd3,ba75425861a059dafcc477474fc3e4ed1eafdc2b47d6fdd0557337035d29a960,759570c68da81ecc5e6614652ad4173ac290c812a95a9c1b0edd9667501bf155,12963938,1693230644000000000,300
TT/ts-train-service_mem/1,TT,ts-train-service,mem,1,300,300,none,0.0,0,0.0,nsigma,1,1.0,1.0,0.0,1,1,1,70,535.9181000385433,ts-train-service|ts-route-service|ts-seat-service|ts-admin-basic-info-service|ts-admin-travel-service,ts-train-service_container-memory-failures-total,0.9166666666666666,26,26,0.8461538461538461,0.9871794871794872,22,26,22,0.99770281124498,baseline-v2-20260723,cd270e7871bd358937d83d9a49829637fa80007d2964084ef229f578e3733bd3,ba75425861a059dafcc477474fc3e4ed1eafdc2b47d6fdd0557337035d29a960,759570c68da81ecc5e6614652ad4173ac290c812a95a9c1b0edd9667501bf155,12963938,1693230644000000000,300
TT/ts-train-service_mem/1,TT,ts-train-service,mem,1,300,300,point,0.1,0,0.0999994632918458,baro,8,0.125,0.0,0.10144927536231885,0,0,0,70,554.0089000132866,192-168-29-237-9100|192-168-76-138-9100|ts-auth-service|ts-user-service|ts-assurance-mongo,192-168-29-237-9100_node-memory-active-bytes,0.8241025641025641,26,26,0.7585897435897436,0.8896153846153846,22,26,22,0.8979330655957162,baseline-v2-20260723,cd270e7871bd358937d83d9a49829637fa80007d2964084ef229f578e3733bd3,ba75425861a059dafcc477474fc3e4ed1eafdc2b47d6fdd0557337035d29a960,759570c68da81ecc5e6614652ad4173ac290c812a95a9c1b0edd9667501bf155,12963938,1693230644000000000,300
TT/ts-train-service_mem/1,TT,ts-train-service,mem,1,300,300,point,0.1,0,0.0999994632918458,median_shift,22,0.045454545454545456,0.0,0.30434782608695654,0,0,0,70,156.02410002611578,192-168-76-138-9100|192-168-93-129-9100|ts-admin-route-service|ts-assurance-mongo|ts-auth-mongo,192-168-76-138-9100_node-memory-active-bytes,0.8241025641025641,26,26,0.7585897435897436,0.8896153846153846,22,26,22,0.8979330655957162,baseline-v2-20260723,cd270e7871bd358937d83d9a49829637fa80007d2964084ef229f578e3733bd3,ba75425861a059dafcc477474fc3e4ed1eafdc2b47d6fdd0557337035d29a960,759570c68da81ecc5e6614652ad4173ac290c812a95a9c1b0edd9667501bf155,12963938,1693230644000000000,300
TT/ts-train-service_mem/1,TT,ts-train-service,mem,1,300,300,point,0.1,0,0.0999994632918458,nsigma,1,1.0,1.0,0.0,1,1,1,70,490.8194000017829,ts-train-service|ts-route-service|ts-seat-service|ts-admin-basic-info-service|ts-admin-travel-service,ts-train-service_container-memory-failures-total,0.8241025641025641,26,26,0.7585897435897436,0.8896153846153846,22,26,22,0.8979330655957162,baseline-v2-20260723,cd270e7871bd358937d83d9a49829637fa80007d2964084ef229f578e3733bd3,ba75425861a059dafcc477474fc3e4ed1eafdc2b47d6fdd0557337035d29a960,759570c68da81ecc5e6614652ad4173ac290c812a95a9c1b0edd9667501bf155,12963938,1693230644000000000,300
TT/ts-train-service_mem/1,TT,ts-train-service,mem,1,300,300,point,0.1,1,0.0999994632918458,baro,8,0.125,0.0,0.10144927536231885,0,0,0,70,577.9288999619894,192-168-29-237-9100|192-168-76-138-9100|ts-auth-service|ts-user-service|ts-assurance-mongo,192-168-29-237-9100_node-memory-active-bytes,0.8257051282051282,26,26,0.7589743589743589,0.8924358974358975,22,26,22,0.8979330655957162,baseline-v2-20260723,cd270e7871bd358937d83d9a49829637fa80007d2964084ef229f578e3733bd3,ba75425861a059dafcc477474fc3e4ed1eafdc2b47d6fdd0557337035d29a960,759570c68da81ecc5e6614652ad4173ac290c812a95a9c1b0edd9667501bf155,12963938,1693230644000000000,300
TT/ts-train-service_mem/1,TT,ts-train-service,mem,1,300,300,point,0.1,1,0.0999994632918458,median_shift,22,0.045454545454545456,0.0,0.30434782608695654,0,0,0,70,150.03250003792346,192-168-76-138-9100|192-168-93-129-9100|ts-admin-route-service|ts-assurance-mongo|ts-auth-mongo,192-168-76-138-9100_node-memory-active-bytes,0.8257051282051282,26,26,0.7589743589743589,0.8924358974358975,22,26,22,0.8979330655957162,baseline-v2-20260723,cd270e7871bd358937d83d9a49829637fa80007d2964084ef229f578e3733bd3,ba75425861a059dafcc477474fc3e4ed1eafdc2b47d6fdd0557337035d29a960,759570c68da81ecc5e6614652ad4173ac290c812a95a9c1b0edd9667501bf155,12963938,1693230644000000000,300
TT/ts-train-service_mem/1,TT,ts-train-service,mem,1,300,300,point,0.1,1,0.0999994632918458,nsigma,1,1.0,1.0,0.0,1,1,1,70,443.4262999566272,ts-train-service|ts-route-service|ts-seat-service|ts-admin-basic-info-service|ts-admin-travel-service,ts-train-service_container-memory-failures-total,0.8257051282051282,26,26,0.7589743589743589,0.8924358974358975,22,26,22,0.8979330655957162,baseline-v2-20260723,cd270e7871bd358937d83d9a49829637fa80007d2964084ef229f578e3733bd3,ba75425861a059dafcc477474fc3e4ed1eafdc2b47d6fdd0557337035d29a960,759570c68da81ecc5e6614652ad4173ac290c812a95a9c1b0edd9667501bf155,12963938,1693230644000000000,300
TT/ts-train-service_mem/1,TT,ts-train-service,mem,1,300,300,point,0.1,2,0.0999994632918458,baro,8,0.125,0.0,0.10144927536231885,0,0,0,70,554.2639999766834,192-168-29-237-9100|192-168-76-138-9100|ts-auth-service|ts-user-service|ts-assurance-mongo,192-168-29-237-9100_node-memory-active-bytes,0.8256410256410256,26,26,0.7616666666666667,0.8896153846153846,22,26,22,0.8979330655957162,baseline-v2-20260723,cd270e7871bd358937d83d9a49829637fa80007d2964084ef229f578e3733bd3,ba75425861a059dafcc477474fc3e4ed1eafdc2b47d6fdd0557337035d29a960,759570c68da81ecc5e6614652ad4173ac290c812a95a9c1b0edd9667501bf155,12963938,1693230644000000000,300
TT/ts-train-service_mem/1,TT,ts-train-service,mem,1,300,300,point,0.1,2,0.0999994632918458,median_shift,22,0.045454545454545456,0.0,0.30434782608695654,0,0,0,70,153.72060000663623,192-168-76-138-9100|192-168-93-129-9100|ts-admin-route-service|ts-assurance-mongo|ts-auth-mongo,192-168-76-138-9100_node-memory-active-bytes,0.8256410256410256,26,26,0.7616666666666667,0.8896153846153846,22,26,22,0.8979330655957162,baseline-v2-20260723,cd270e7871bd358937d83d9a49829637fa80007d2964084ef229f578e3733bd3,ba75425861a059dafcc477474fc3e4ed1eafdc2b47d6fdd0557337035d29a960,759570c68da81ecc5e6614652ad4173ac290c812a95a9c1b0edd9667501bf155,12963938,1693230644000000000,300
TT/ts-train-service_mem/1,TT,ts-train-service,mem,1,300,300,point,0.1,2,0.0999994632918458,nsigma,1,1.0,1.0,0.0,1,1,1,70,451.97550003649667,ts-train-service|ts-route-service|ts-seat-service|ts-admin-basic-info-service|ts-admin-travel-service,ts-train-service_container-memory-failures-total,0.8256410256410256,26,26,0.7616666666666667,0.8896153846153846,22,26,22,0.8979330655957162,baseline-v2-20260723,cd270e7871bd358937d83d9a49829637fa80007d2964084ef229f578e3733bd3,ba75425861a059dafcc477474fc3e4ed1eafdc2b47d6fdd0557337035d29a960,759570c68da81ecc5e6614652ad4173ac290c812a95a9c1b0edd9667501bf155,12963938,1693230644000000000,300
TT/ts-train-service_mem/1,TT,ts-train-service,mem,1,300,300,point,0.1,3,0.0999994632918458,baro,8,0.125,0.0,0.10144927536231885,0,0,0,70,544.6464999695309,192-168-29-237-9100|192-168-76-138-9100|ts-auth-service|ts-user-service|ts-assurance-mongo,192-168-29-237-9100_node-memory-active-bytes,0.826602564102564,26,26,0.7638461538461538,0.8893589743589744,22,26,22,0.8979330655957162,baseline-v2-20260723,cd270e7871bd358937d83d9a49829637fa80007d2964084ef229f578e3733bd3,ba75425861a059dafcc477474fc3e4ed1eafdc2b47d6fdd0557337035d29a960,759570c68da81ecc5e6614652ad4173ac290c812a95a9c1b0edd9667501bf155,12963938,1693230644000000000,300
TT/ts-train-service_mem/1,TT,ts-train-service,mem,1,300,300,point,0.1,3,0.0999994632918458,median_shift,24,0.041666666666666664,0.0,0.3333333333333333,0,0,0,70,155.67760000703856,192-168-29-237-9100|192-168-76-138-9100|192-168-93-129-9100|ts-admin-route-service|ts-assurance-mongo,192-168-29-237-9100_node-memory-active-bytes,0.826602564102564,26,26,0.7638461538461538,0.8893589743589744,22,26,22,0.8979330655957162,baseline-v2-20260723,cd270e7871bd358937d83d9a49829637fa80007d2964084ef229f578e3733bd3,ba75425861a059dafcc477474fc3e4ed1eafdc2b47d6fdd0557337035d29a960,759570c68da81ecc5e6614652ad4173ac290c812a95a9c1b0edd9667501bf155,12963938,1693230644000000000,300
TT/ts-train-service_mem/1,TT,ts-train-service,mem,1,300,300,point,0.1,3,0.0999994632918458,nsigma,1,1.0,1.0,0.0,1,1,1,70,486.2587000243366,ts-train-service|ts-route-service|ts-seat-service|ts-admin-basic-info-service|ts-admin-travel-service,ts-train-service_container-memory-failures-total,0.826602564102564,26,26,0.7638461538461538,0.8893589743589744,22,26,22,0.8979330655957162,baseline-v2-20260723,cd270e7871bd358937d83d9a49829637fa80007d2964084ef229f578e3733bd3,ba75425861a059dafcc477474fc3e4ed1eafdc2b47d6fdd0557337035d29a960,759570c68da81ecc5e6614652ad4173ac290c812a95a9c1b0edd9667501bf155,12963938,1693230644000000000,300
TT/ts-train-service_mem/1,TT,ts-train-service,mem,1,300,300,point,0.1,4,0.0999994632918458,baro,8,0.125,0.0,0.10144927536231885,0,0,0,70,548.0396000202745,192-168-29-237-9100|192-168-76-138-9100|ts-auth-service|ts-user-service|ts-assurance-mongo,192-168-29-237-9100_node-memory-active-bytes,0.8246794871794871,26,26,0.7571794871794871,0.8921794871794871,22,26,22,0.8979330655957162,baseline-v2-20260723,cd270e7871bd358937d83d9a49829637fa80007d2964084ef229f578e3733bd3,ba75425861a059dafcc477474fc3e4ed1eafdc2b47d6fdd0557337035d29a960,759570c68da81ecc5e6614652ad4173ac290c812a95a9c1b0edd9667501bf155,12963938,1693230644000000000,300
TT/ts-train-service_mem/1,TT,ts-train-service,mem,1,300,300,point,0.1,4,0.0999994632918458,median_shift,23,0.043478260869565216,0.0,0.3188405797101449,0,0,0,70,150.1756000216119,192-168-29-237-9100|192-168-76-138-9100|192-168-93-129-9100|ts-admin-route-service|ts-assurance-mongo,192-168-29-237-9100_node-memory-active-bytes,0.8246794871794871,26,26,0.7571794871794871,0.8921794871794871,22,26,22,0.8979330655957162,baseline-v2-20260723,cd270e7871bd358937d83d9a49829637fa80007d2964084ef229f578e3733bd3,ba75425861a059dafcc477474fc3e4ed1eafdc2b47d6fdd0557337035d29a960,759570c68da81ecc5e6614652ad4173ac290c812a95a9c1b0edd9667501bf155,12963938,1693230644000000000,300
TT/ts-train-service_mem/1,TT,ts-train-service,mem,1,300,300,point,0.1,4,0.0999994632918458,nsigma,1,1.0,1.0,0.0,1,1,1,70,487.4251000001095,ts-train-service|ts-route-service|ts-seat-service|ts-admin-basic-info-service|ts-admin-travel-service,ts-train-service_container-memory-failures-total,0.8246794871794871,26,26,0.7571794871794871,0.8921794871794871,22,26,22,0.8979330655957162,baseline-v2-20260723,cd270e7871bd358937d83d9a49829637fa80007d2964084ef229f578e3733bd3,ba75425861a059dafcc477474fc3e4ed1eafdc2b47d6fdd0557337035d29a960,759570c68da81ecc5e6614652ad4173ac290c812a95a9c1b0edd9667501bf155,12963938,1693230644000000000,300
TT/ts-train-service_mem/1,TT,ts-train-service,mem,1,300,300,point,0.1,5,0.0999994632918458,baro,8,0.125,0.0,0.10144927536231885,0,0,0,70,577.1441000397317,192-168-29-237-9100|192-168-76-138-9100|ts-auth-service|ts-user-service|ts-assurance-mongo,192-168-29-237-9100_node-memory-active-bytes,0.8299358974358975,26,26,0.7685897435897436,0.8912820512820513,22,26,22,0.8979330655957162,baseline-v2-20260723,cd270e7871bd358937d83d9a49829637fa80007d2964084ef229f578e3733bd3,ba75425861a059dafcc477474fc3e4ed1eafdc2b47d6fdd0557337035d29a960,759570c68da81ecc5e6614652ad4173ac290c812a95a9c1b0edd9667501bf155,12963938,1693230644000000000,300
TT/ts-train-service_mem/1,TT,ts-train-service,mem,1,300,300,point,0.1,5,0.0999994632918458,median_shift,23,0.043478260869565216,0.0,0.3188405797101449,0,0,0,70,151.88530000159517,192-168-29-237-9100|192-168-76-138-9100|192-168-93-129-9100|ts-admin-route-service|ts-assurance-mongo,192-168-29-237-9100_node-memory-active-bytes,0.8299358974358975,26,26,0.7685897435897436,0.8912820512820513,22,26,22,0.8979330655957162,baseline-v2-20260723,cd270e7871bd358937d83d9a49829637fa80007d2964084ef229f578e3733bd3,ba75425861a059dafcc477474fc3e4ed1eafdc2b47d6fdd0557337035d29a960,759570c68da81ecc5e6614652ad4173ac290c812a95a9c1b0edd9667501bf155,12963938,1693230644000000000,300
TT/ts-train-service_mem/1,TT,ts-train-service,mem,1,300,300,point,0.1,5,0.0999994632918458,nsigma,1,1.0,1.0,0.0,1,1,1,70,456.13339997362345,ts-train-service|ts-route-service|ts-seat-service|ts-admin-basic-info-service|ts-admin-travel-service,ts-train-service_container-memory-failures-total,0.8299358974358975,26,26,0.7685897435897436,0.8912820512820513,22,26,22,0.8979330655957162,baseline-v2-20260723,cd270e7871bd358937d83d9a49829637fa80007d2964084ef229f578e3733bd3,ba75425861a059dafcc477474fc3e4ed1eafdc2b47d6fdd0557337035d29a960,759570c68da81ecc5e6614652ad4173ac290c812a95a9c1b0edd9667501bf155,12963938,1693230644000000000,300
TT/ts-train-service_mem/1,TT,ts-train-service,mem,1,300,300,point,0.1,6,0.0999994632918458,baro,8,0.125,0.0,0.10144927536231885,0,0,0,70,546.6535000014119,192-168-29-237-9100|192-168-76-138-9100|ts-auth-service|ts-user-service|ts-assurance-mongo,192-168-29-237-9100_node-memory-active-bytes,0.8225,26,26,0.7548717948717949,0.8901282051282051,22,26,22,0.8979330655957162,baseline-v2-20260723,cd270e7871bd358937d83d9a49829637fa80007d2964084ef229f578e3733bd3,ba75425861a059dafcc477474fc3e4ed1eafdc2b47d6fdd0557337035d29a960,759570c68da81ecc5e6614652ad4173ac290c812a95a9c1b0edd9667501bf155,12963938,1693230644000000000,300
TT/ts-train-service_mem/1,TT,ts-train-service,mem,1,300,300,point,0.1,6,0.0999994632918458,median_shift,23,0.043478260869565216,0.0,0.3188405797101449,0,0,0,70,151.04090003296733,192-168-29-237-9100|192-168-76-138-9100|192-168-93-129-9100|ts-admin-route-service|ts-assurance-mongo,192-168-29-237-9100_node-memory-active-bytes,0.8225,26,26,0.7548717948717949,0.8901282051282051,22,26,22,0.8979330655957162,baseline-v2-20260723,cd270e7871bd358937d83d9a49829637fa80007d2964084ef229f578e3733bd3,ba75425861a059dafcc477474fc3e4ed1eafdc2b47d6fdd0557337035d29a960,759570c68da81ecc5e6614652ad4173ac290c812a95a9c1b0edd9667501bf155,12963938,1693230644000000000,300
TT/ts-train-service_mem/1,TT,ts-train-service,mem,1,300,300,point,0.1,6,0.0999994632918458,nsigma,1,1.0,1.0,0.0,1,1,1,70,446.2490000296384,ts-train-service|ts-route-service|ts-seat-service|ts-admin-basic-info-service|ts-admin-travel-service,ts-train-service_container-memory-working-set-bytes,0.8225,26,26,0.7548717948717949,0.8901282051282051,22,26,22,0.8979330655957162,baseline-v2-20260723,cd270e7871bd358937d83d9a49829637fa80007d2964084ef229f578e3733bd3,ba75425861a059dafcc477474fc3e4ed1eafdc2b47d6fdd0557337035d29a960,759570c68da81ecc5e6614652ad4173ac290c812a95a9c1b0edd9667501bf155,12963938,1693230644000000000,300
TT/ts-train-service_mem/1,TT,ts-train-service,mem,1,300,300,point,0.1,7,0.0999994632918458,baro,8,0.125,0.0,0.10144927536231885,0,0,0,70,549.1561999660917,192-168-29-237-9100|192-168-76-138-9100|ts-auth-service|ts-user-service|ts-assurance-mongo,192-168-29-237-9100_node-memory-active-bytes,0.8257692307692308,26,26,0.7643589743589744,0.8871794871794871,22,26,22,0.8979330655957162,baseline-v2-20260723,cd270e7871bd358937d83d9a49829637fa80007d2964084ef229f578e3733bd3,ba75425861a059dafcc477474fc3e4ed1eafdc2b47d6fdd0557337035d29a960,759570c68da81ecc5e6614652ad4173ac290c812a95a9c1b0edd9667501bf155,12963938,1693230644000000000,300
TT/ts-train-service_mem/1,TT,ts-train-service,mem,1,300,300,point,0.1,7,0.0999994632918458,median_shift,22,0.045454545454545456,0.0,0.30434782608695654,0,0,0,70,154.28539999993518,192-168-76-138-9100|192-168-93-129-9100|ts-admin-route-service|ts-assurance-mongo|ts-auth-mongo,192-168-76-138-9100_node-memory-active-bytes,0.8257692307692308,26,26,0.7643589743589744,0.8871794871794871,22,26,22,0.8979330655957162,baseline-v2-20260723,cd270e7871bd358937d83d9a49829637fa80007d2964084ef229f578e3733bd3,ba75425861a059dafcc477474fc3e4ed1eafdc2b47d6fdd0557337035d29a960,759570c68da81ecc5e6614652ad4173ac290c812a95a9c1b0edd9667501bf155,12963938,1693230644000000000,300
TT/ts-train-service_mem/1,TT,ts-train-service,mem,1,300,300,point,0.1,7,0.0999994632918458,nsigma,1,1.0,1.0,0.0,1,1,1,70,477.8194000246003,ts-train-service|ts-route-service|ts-seat-service|ts-admin-basic-info-service|ts-admin-travel-service,ts-train-service_container-memory-failures-total,0.8257692307692308,26,26,0.7643589743589744,0.8871794871794871,22,26,22,0.8979330655957162,baseline-v2-20260723,cd270e7871bd358937d83d9a49829637fa80007d2964084ef229f578e3733bd3,ba75425861a059dafcc477474fc3e4ed1eafdc2b47d6fdd0557337035d29a960,759570c68da81ecc5e6614652ad4173ac290c812a95a9c1b0edd9667501bf155,12963938,1693230644000000000,300
TT/ts-train-service_mem/1,TT,ts-train-service,mem,1,300,300,point,0.1,8,0.0999994632918458,baro,8,0.125,0.0,0.10144927536231885,0,0,0,70,549.5981000130996,192-168-29-237-9100|192-168-76-138-9100|ts-auth-service|ts-user-service|ts-assurance-mongo,192-168-29-237-9100_node-memory-active-bytes,0.826025641025641,26,26,0.763974358974359,0.8880769230769231,22,26,22,0.8979330655957162,baseline-v2-20260723,cd270e7871bd358937d83d9a49829637fa80007d2964084ef229f578e3733bd3,ba75425861a059dafcc477474fc3e4ed1eafdc2b47d6fdd0557337035d29a960,759570c68da81ecc5e6614652ad4173ac290c812a95a9c1b0edd9667501bf155,12963938,1693230644000000000,300
TT/ts-train-service_mem/1,TT,ts-train-service,mem,1,300,300,point,0.1,8,0.0999994632918458,median_shift,22,0.045454545454545456,0.0,0.30434782608695654,0,0,0,70,152.30650000739843,192-168-76-138-9100|192-168-93-129-9100|ts-admin-route-service|ts-assurance-mongo|ts-auth-mongo,192-168-76-138-9100_node-memory-active-bytes,0.826025641025641,26,26,0.763974358974359,0.8880769230769231,22,26,22,0.8979330655957162,baseline-v2-20260723,cd270e7871bd358937d83d9a49829637fa80007d2964084ef229f578e3733bd3,ba75425861a059dafcc477474fc3e4ed1eafdc2b47d6fdd0557337035d29a960,759570c68da81ecc5e6614652ad4173ac290c812a95a9c1b0edd9667501bf155,12963938,1693230644000000000,300
TT/ts-train-service_mem/1,TT,ts-train-service,mem,1,300,300,point,0.1,8,0.0999994632918458,nsigma,1,1.0,1.0,0.0,1,1,1,70,477.75660001207143,ts-train-service|ts-route-service|ts-seat-service|ts-admin-basic-info-service|ts-admin-travel-service,ts-train-service_container-memory-failures-total,0.826025641025641,26,26,0.763974358974359,0.8880769230769231,22,26,22,0.8979330655957162,baseline-v2-20260723,cd270e7871bd358937d83d9a49829637fa80007d2964084ef229f578e3733bd3,ba75425861a059dafcc477474fc3e4ed1eafdc2b47d6fdd0557337035d29a960,759570c68da81ecc5e6614652ad4173ac290c812a95a9c1b0edd9667501bf155,12963938,1693230644000000000,300
TT/ts-train-service_mem/1,TT,ts-train-service,mem,1,300,300,point,0.1,9,0.0999994632918458,baro,8,0.125,0.0,0.10144927536231885,0,0,0,70,590.9212999977171,192-168-29-237-9100|192-168-76-138-9100|ts-auth-service|ts-user-service|ts-assurance-mongo,192-168-29-237-9100_node-memory-active-bytes,0.8220512820512821,26,26,0.7530769230769231,0.8910256410256411,22,26,22,0.8979330655957162,baseline-v2-20260723,cd270e7871bd358937d83d9a49829637fa80007d2964084ef229f578e3733bd3,ba75425861a059dafcc477474fc3e4ed1eafdc2b47d6fdd0557337035d29a960,759570c68da81ecc5e6614652ad4173ac290c812a95a9c1b0edd9667501bf155,12963938,1693230644000000000,300
TT/ts-train-service_mem/1,TT,ts-train-service,mem,1,300,300,point,0.1,9,0.0999994632918458,median_shift,22,0.045454545454545456,0.0,0.30434782608695654,0,0,0,70,152.6649000006728,192-168-76-138-9100|192-168-93-129-9100|ts-admin-route-service|ts-assurance-mongo|ts-auth-mongo,192-168-76-138-9100_node-memory-active-bytes,0.8220512820512821,26,26,0.7530769230769231,0.8910256410256411,22,26,22,0.8979330655957162,baseline-v2-20260723,cd270e7871bd358937d83d9a49829637fa80007d2964084ef229f578e3733bd3,ba75425861a059dafcc477474fc3e4ed1eafdc2b47d6fdd0557337035d29a960,759570c68da81ecc5e6614652ad4173ac290c812a95a9c1b0edd9667501bf155,12963938,1693230644000000000,300
TT/ts-train-service_mem/1,TT,ts-train-service,mem,1,300,300,point,0.1,9,0.0999994632918458,nsigma,1,1.0,1.0,0.0,1,1,1,70,455.8682999922894,ts-train-service|ts-route-service|ts-seat-service|ts-admin-basic-info-service|ts-admin-travel-service,ts-train-service_container-memory-failures-total,0.8220512820512821,26,26,0.7530769230769231,0.8910256410256411,22,26,22,0.8979330655957162,baseline-v2-20260723,cd270e7871bd358937d83d9a49829637fa80007d2964084ef229f578e3733bd3,ba75425861a059dafcc477474fc3e4ed1eafdc2b47d6fdd0557337035d29a960,759570c68da81ecc5e6614652ad4173ac290c812a95a9c1b0edd9667501bf155,12963938,1693230644000000000,300
TT/ts-train-service_mem/1,TT,ts-train-service,mem,1,300,300,point,0.3,0,0.2999997316459229,baro,8,0.125,0.0,0.10144927536231885,0,0,0,70,557.942199986428,192-168-29-237-9100|192-168-76-138-9100|ts-auth-service|ts-user-service|ts-assurance-mongo,192-168-29-237-9100_node-memory-active-bytes,0.638974358974359,26,26,0.5951282051282051,0.6828205128205128,22,26,22,0.6983922356091031,baseline-v2-20260723,cd270e7871bd358937d83d9a49829637fa80007d2964084ef229f578e3733bd3,ba75425861a059dafcc477474fc3e4ed1eafdc2b47d6fdd0557337035d29a960,759570c68da81ecc5e6614652ad4173ac290c812a95a9c1b0edd9667501bf155,12963938,1693230644000000000,300
TT/ts-train-service_mem/1,TT,ts-train-service,mem,1,300,300,point,0.3,0,0.2999997316459229,median_shift,23,0.043478260869565216,0.0,0.3188405797101449,0,0,0,70,155.61359998537228,192-168-29-237-9100|192-168-76-138-9100|192-168-93-129-9100|ts-admin-route-service|ts-assurance-mongo,192-168-29-237-9100_node-memory-active-bytes,0.638974358974359,26,26,0.5951282051282051,0.6828205128205128,22,26,22,0.6983922356091031,baseline-v2-20260723,cd270e7871bd358937d83d9a49829637fa80007d2964084ef229f578e3733bd3,ba75425861a059dafcc477474fc3e4ed1eafdc2b47d6fdd0557337035d29a960,759570c68da81ecc5e6614652ad4173ac290c812a95a9c1b0edd9667501bf155,12963938,1693230644000000000,300
TT/ts-train-service_mem/1,TT,ts-train-service,mem,1,300,300,point,0.3,0,0.2999997316459229,nsigma,1,1.0,1.0,0.0,1,1,1,70,452.80989998718724,ts-train-service|ts-route-service|ts-seat-service|ts-admin-basic-info-service|ts-admin-travel-service,ts-train-service_container-memory-failures-total,0.638974358974359,26,26,0.5951282051282051,0.6828205128205128,22,26,22,0.6983922356091031,baseline-v2-20260723,cd270e7871bd358937d83d9a49829637fa80007d2964084ef229f578e3733bd3,ba75425861a059dafcc477474fc3e4ed1eafdc2b47d6fdd0557337035d29a960,759570c68da81ecc5e6614652ad4173ac290c812a95a9c1b0edd9667501bf155,12963938,1693230644000000000,300
TT/ts-train-service_mem/1,TT,ts-train-service,mem,1,300,300,point,0.3,1,0.2999997316459229,baro,8,0.125,0.0,0.10144927536231885,0,0,0,70,550.1553000067361,192-168-29-237-9100|192-168-76-138-9100|ts-auth-service|ts-user-service|ts-assurance-mongo,192-168-29-237-9100_node-memory-active-bytes,0.6369230769230769,26,26,0.5871794871794872,0.6866666666666666,22,26,22,0.6983922356091031,baseline-v2-20260723,cd270e7871bd358937d83d9a49829637fa80007d2964084ef229f578e3733bd3,ba75425861a059dafcc477474fc3e4ed1eafdc2b47d6fdd0557337035d29a960,759570c68da81ecc5e6614652ad4173ac290c812a95a9c1b0edd9667501bf155,12963938,1693230644000000000,300
TT/ts-train-service_mem/1,TT,ts-train-service,mem,1,300,300,point,0.3,1,0.2999997316459229,median_shift,23,0.043478260869565216,0.0,0.3188405797101449,0,0,0,70,153.10230001341552,192-168-29-237-9100|192-168-76-138-9100|192-168-93-129-9100|ts-admin-route-service|ts-assurance-mongo,192-168-29-237-9100_node-memory-active-bytes,0.6369230769230769,26,26,0.5871794871794872,0.6866666666666666,22,26,22,0.6983922356091031,baseline-v2-20260723,cd270e7871bd358937d83d9a49829637fa80007d2964084ef229f578e3733bd3,ba75425861a059dafcc477474fc3e4ed1eafdc2b47d6fdd0557337035d29a960,759570c68da81ecc5e6614652ad4173ac290c812a95a9c1b0edd9667501bf155,12963938,1693230644000000000,300
TT/ts-train-service_mem/1,TT,ts-train-service,mem,1,300,300,point,0.3,1,0.2999997316459229,nsigma,1,1.0,1.0,0.0,1,1,1,70,492.5546000013128,ts-train-service|ts-route-service|ts-seat-service|ts-admin-basic-info-service|ts-admin-travel-service,ts-train-service_container-memory-usage-bytes,0.6369230769230769,26,26,0.5871794871794872,0.6866666666666666,22,26,22,0.6983922356091031,baseline-v2-20260723,cd270e7871bd358937d83d9a49829637fa80007d2964084ef229f578e3733bd3,ba75425861a059dafcc477474fc3e4ed1eafdc2b47d6fdd0557337035d29a960,759570c68da81ecc5e6614652ad4173ac290c812a95a9c1b0edd9667501bf155,12963938,1693230644000000000,300
TT/ts-train-service_mem/1,TT,ts-train-service,mem,1,300,300,point,0.3,2,0.2999997316459229,baro,8,0.125,0.0,0.10144927536231885,0,0,0,70,558.6995999910869,192-168-29-237-9100|192-168-76-138-9100|ts-auth-service|ts-user-service|ts-assurance-mongo,192-168-29-237-9100_node-memory-active-bytes,0.6394230769230769,26,26,0.5901282051282051,0.6887179487179487,22,26,22,0.6983922356091031,baseline-v2-20260723,cd270e7871bd358937d83d9a49829637fa80007d2964084ef229f578e3733bd3,ba75425861a059dafcc477474fc3e4ed1eafdc2b47d6fdd0557337035d29a960,759570c68da81ecc5e6614652ad4173ac290c812a95a9c1b0edd9667501bf155,12963938,1693230644000000000,300
TT/ts-train-service_mem/1,TT,ts-train-service,mem,1,300,300,point,0.3,2,0.2999997316459229,median_shift,22,0.045454545454545456,0.0,0.30434782608695654,0,0,0,70,156.40380000695586,192-168-76-138-9100|192-168-93-129-9100|ts-admin-route-service|ts-assurance-mongo|ts-auth-mongo,192-168-76-138-9100_node-memory-active-bytes,0.6394230769230769,26,26,0.5901282051282051,0.6887179487179487,22,26,22,0.6983922356091031,baseline-v2-20260723,cd270e7871bd358937d83d9a49829637fa80007d2964084ef229f578e3733bd3,ba75425861a059dafcc477474fc3e4ed1eafdc2b47d6fdd0557337035d29a960,759570c68da81ecc5e6614652ad4173ac290c812a95a9c1b0edd9667501bf155,12963938,1693230644000000000,300
TT/ts-train-service_mem/1,TT,ts-train-service,mem,1,300,300,point,0.3,2,0.2999997316459229,nsigma,1,1.0,1.0,0.0,1,1,1,70,494.97290002182126,ts-train-service|ts-route-service|ts-seat-service|ts-admin-basic-info-service|ts-admin-travel-service,ts-train-service_container-memory-failures-total,0.6394230769230769,26,26,0.5901282051282051,0.6887179487179487,22,26,22,0.6983922356091031,baseline-v2-20260723,cd270e7871bd358937d83d9a49829637fa80007d2964084ef229f578e3733bd3,ba75425861a059dafcc477474fc3e4ed1eafdc2b47d6fdd0557337035d29a960,759570c68da81ecc5e6614652ad4173ac290c812a95a9c1b0edd9667501bf155,12963938,1693230644000000000,300
TT/ts-train-service_mem/1,TT,ts-train-service,mem,1,300,300,point,0.3,3,0.2999997316459229,baro,8,0.125,0.0,0.10144927536231885,0,0,0,70,608.8268999592401,192-168-29-237-9100|192-168-76-138-9100|ts-auth-service|ts-user-service|ts-assurance-mongo,192-168-29-237-9100_node-memory-active-bytes,0.6376282051282052,26,26,0.5908974358974359,0.6843589743589743,22,26,22,0.6983922356091031,baseline-v2-20260723,cd270e7871bd358937d83d9a49829637fa80007d2964084ef229f578e3733bd3,ba75425861a059dafcc477474fc3e4ed1eafdc2b47d6fdd0557337035d29a960,759570c68da81ecc5e6614652ad4173ac290c812a95a9c1b0edd9667501bf155,12963938,1693230644000000000,300
TT/ts-train-service_mem/1,TT,ts-train-service,mem,1,300,300,point,0.3,3,0.2999997316459229,median_shift,23,0.043478260869565216,0.0,0.3188405797101449,0,0,0,70,155.94580001197755,192-168-29-237-9100|192-168-76-138-9100|192-168-93-129-9100|ts-admin-route-service|ts-assurance-mongo,192-168-29-237-9100_node-memory-active-bytes,0.6376282051282052,26,26,0.5908974358974359,0.6843589743589743,22,26,22,0.6983922356091031,baseline-v2-20260723,cd270e7871bd358937d83d9a49829637fa80007d2964084ef229f578e3733bd3,ba75425861a059dafcc477474fc3e4ed1eafdc2b47d6fdd0557337035d29a960,759570c68da81ecc5e6614652ad4173ac290c812a95a9c1b0edd9667501bf155,12963938,1693230644000000000,300
TT/ts-train-service_mem/1,TT,ts-train-service,mem,1,300,300,point,0.3,3,0.2999997316459229,nsigma,1,1.0,1.0,0.0,1,1,1,70,460.57729999301955,ts-train-service|ts-route-service|ts-seat-service|ts-admin-basic-info-service|ts-admin-travel-service,ts-train-service_container-memory-working-set-bytes,0.6376282051282052,26,26,0.5908974358974359,0.6843589743589743,22,26,22,0.6983922356091031,baseline-v2-20260723,cd270e7871bd358937d83d9a49829637fa80007d2964084ef229f578e3733bd3,ba75425861a059dafcc477474fc3e4ed1eafdc2b47d6fdd0557337035d29a960,759570c68da81ecc5e6614652ad4173ac290c812a95a9c1b0edd9667501bf155,12963938,1693230644000000000,300
TT/ts-train-service_mem/1,TT,ts-train-service,mem,1,300,300,point,0.3,4,0.2999997316459229,baro,8,0.125,0.0,0.10144927536231885,0,0,0,70,555.638000019826,192-168-76-138-9100|ts-auth-service|ts-user-service|192-168-29-237-9100|ts-assurance-mongo,192-168-76-138-9100_node-memory-active-bytes,0.6396794871794872,26,26,0.5942307692307692,0.6851282051282052,22,26,22,0.6983922356091031,baseline-v2-20260723,cd270e7871bd358937d83d9a49829637fa80007d2964084ef229f578e3733bd3,ba75425861a059dafcc477474fc3e4ed1eafdc2b47d6fdd0557337035d29a960,759570c68da81ecc5e6614652ad4173ac290c812a95a9c1b0edd9667501bf155,12963938,1693230644000000000,300
TT/ts-train-service_mem/1,TT,ts-train-service,mem,1,300,300,point,0.3,4,0.2999997316459229,median_shift,23,0.043478260869565216,0.0,0.3188405797101449,0,0,0,70,151.3859999831766,192-168-29-237-9100|192-168-76-138-9100|192-168-93-129-9100|ts-admin-route-service|ts-assurance-mongo,192-168-29-237-9100_node-memory-active-bytes,0.6396794871794872,26,26,0.5942307692307692,0.6851282051282052,22,26,22,0.6983922356091031,baseline-v2-20260723,cd270e7871bd358937d83d9a49829637fa80007d2964084ef229f578e3733bd3,ba75425861a059dafcc477474fc3e4ed1eafdc2b47d6fdd0557337035d29a960,759570c68da81ecc5e6614652ad4173ac290c812a95a9c1b0edd9667501bf155,12963938,1693230644000000000,300
TT/ts-train-service_mem/1,TT,ts-train-service,mem,1,300,300,point,0.3,4,0.2999997316459229,nsigma,1,1.0,1.0,0.0,1,1,1,70,449.64160001836717,ts-train-service|ts-route-service|ts-seat-service|ts-admin-basic-info-service|ts-admin-travel-service,ts-train-service_container-memory-failures-total,0.6396794871794872,26,26,0.5942307692307692,0.6851282051282052,22,26,22,0.6983922356091031,baseline-v2-20260723,cd270e7871bd358937d83d9a49829637fa80007d2964084ef229f578e3733bd3,ba75425861a059dafcc477474fc3e4ed1eafdc2b47d6fdd0557337035d29a960,759570c68da81ecc5e6614652ad4173ac290c812a95a9c1b0edd9667501bf155,12963938,1693230644000000000,300
TT/ts-train-service_mem/1,TT,ts-train-service,mem,1,300,300,point,0.3,5,0.2999997316459229,baro,8,0.125,0.0,0.10144927536231885,0,0,0,70,554.6458999742754,192-168-29-237-9100|192-168-76-138-9100|ts-auth-service|ts-user-service|ts-assurance-mongo,192-168-29-237-9100_node-memory-active-bytes,0.6378846153846154,26,26,0.587948717948718,0.6878205128205128,22,26,22,0.6983922356091031,baseline-v2-20260723,cd270e7871bd358937d83d9a49829637fa80007d2964084ef229f578e3733bd3,ba75425861a059dafcc477474fc3e4ed1eafdc2b47d6fdd0557337035d29a960,759570c68da81ecc5e6614652ad4173ac290c812a95a9c1b0edd9667501bf155,12963938,1693230644000000000,300
TT/ts-train-service_mem/1,TT,ts-train-service,mem,1,300,300,point,0.3,5,0.2999997316459229,median_shift,23,0.043478260869565216,0.0,0.3188405797101449,0,0,0,70,153.88729999540374,192-168-29-237-9100|192-168-76-138-9100|192-168-93-129-9100|ts-admin-route-service|ts-assurance-mongo,192-168-29-237-9100_node-memory-active-bytes,0.6378846153846154,26,26,0.587948717948718,0.6878205128205128,22,26,22,0.6983922356091031,baseline-v2-20260723,cd270e7871bd358937d83d9a49829637fa80007d2964084ef229f578e3733bd3,ba75425861a059dafcc477474fc3e4ed1eafdc2b47d6fdd0557337035d29a960,759570c68da81ecc5e6614652ad4173ac290c812a95a9c1b0edd9667501bf155,12963938,1693230644000000000,300
TT/ts-train-service_mem/1,TT,ts-train-service,mem,1,300,300,point,0.3,5,0.2999997316459229,nsigma,1,1.0,1.0,0.0,1,1,1,70,482.4821000220254,ts-train-service|ts-route-service|ts-seat-service|ts-admin-basic-info-service|ts-admin-travel-service,ts-train-service_container-memory-failures-total,0.6378846153846154,26,26,0.587948717948718,0.6878205128205128,22,26,22,0.6983922356091031,baseline-v2-20260723,cd270e7871bd358937d83d9a49829637fa80007d2964084ef229f578e3733bd3,ba75425861a059dafcc477474fc3e4ed1eafdc2b47d6fdd0557337035d29a960,759570c68da81ecc5e6614652ad4173ac290c812a95a9c1b0edd9667501bf155,12963938,1693230644000000000,300
TT/ts-train-service_mem/1,TT,ts-train-service,mem,1,300,300,point,0.3,6,0.2999997316459229,baro,8,0.125,0.0,0.10144927536231885,0,0,0,70,551.3717000139877,192-168-29-237-9100|192-168-76-138-9100|ts-auth-service|ts-user-service|ts-assurance-mongo,192-168-29-237-9100_node-memory-active-bytes,0.6418589743589743,26,26,0.5907692307692308,0.6929487179487179,22,26,22,0.6983922356091031,baseline-v2-20260723,cd270e7871bd358937d83d9a49829637fa80007d2964084ef229f578e3733bd3,ba75425861a059dafcc477474fc3e4ed1eafdc2b47d6fdd0557337035d29a960,759570c68da81ecc5e6614652ad4173ac290c812a95a9c1b0edd9667501bf155,12963938,1693230644000000000,300
TT/ts-train-service_mem/1,TT,ts-train-service,mem,1,300,300,point,0.3,6,0.2999997316459229,median_shift,23,0.043478260869565216,0.0,0.3188405797101449,0,0,0,70,155.67620005458593,192-168-29-237-9100|192-168-76-138-9100|192-168-93-129-9100|ts-admin-route-service|ts-assurance-mongo,192-168-29-237-9100_node-memory-active-bytes,0.6418589743589743,26,26,0.5907692307692308,0.6929487179487179,22,26,22,0.6983922356091031,baseline-v2-20260723,cd270e7871bd358937d83d9a49829637fa80007d2964084ef229f578e3733bd3,ba75425861a059dafcc477474fc3e4ed1eafdc2b47d6fdd0557337035d29a960,759570c68da81ecc5e6614652ad4173ac290c812a95a9c1b0edd9667501bf155,12963938,1693230644000000000,300
TT/ts-train-service_mem/1,TT,ts-train-service,mem,1,300,300,point,0.3,6,0.2999997316459229,nsigma,1,1.0,1.0,0.0,1,1,1,70,493.6528000398539,ts-train-service|ts-route-service|ts-seat-service|ts-admin-basic-info-service|ts-admin-travel-service,ts-train-service_container-memory-working-set-bytes,0.6418589743589743,26,26,0.5907692307692308,0.6929487179487179,22,26,22,0.6983922356091031,baseline-v2-20260723,cd270e7871bd358937d83d9a49829637fa80007d2964084ef229f578e3733bd3,ba75425861a059dafcc477474fc3e4ed1eafdc2b47d6fdd0557337035d29a960,759570c68da81ecc5e6614652ad4173ac290c812a95a9c1b0edd9667501bf155,12963938,1693230644000000000,300
TT/ts-train-service_mem/1,TT,ts-train-service,mem,1,300,300,point,0.3,7,0.2999997316459229,baro,8,0.125,0.0,0.10144927536231885,0,0,0,70,587.5124000012875,192-168-29-237-9100|192-168-76-138-9100|ts-auth-service|ts-user-service|ts-assurance-mongo,192-168-29-237-9100_node-memory-active-bytes,0.6426923076923077,26,26,0.5934615384615385,0.691923076923077,22,26,22,0.6983922356091031,baseline-v2-20260723,cd270e7871bd358937d83d9a49829637fa80007d2964084ef229f578e3733bd3,ba75425861a059dafcc477474fc3e4ed1eafdc2b47d6fdd0557337035d29a960,759570c68da81ecc5e6614652ad4173ac290c812a95a9c1b0edd9667501bf155,12963938,1693230644000000000,300
TT/ts-train-service_mem/1,TT,ts-train-service,mem,1,300,300,point,0.3,7,0.2999997316459229,median_shift,23,0.043478260869565216,0.0,0.3188405797101449,0,0,0,70,153.77029997762293,192-168-29-237-9100|192-168-76-138-9100|192-168-93-129-9100|ts-admin-route-service|ts-assurance-mongo,192-168-29-237-9100_node-memory-active-bytes,0.6426923076923077,26,26,0.5934615384615385,0.691923076923077,22,26,22,0.6983922356091031,baseline-v2-20260723,cd270e7871bd358937d83d9a49829637fa80007d2964084ef229f578e3733bd3,ba75425861a059dafcc477474fc3e4ed1eafdc2b47d6fdd0557337035d29a960,759570c68da81ecc5e6614652ad4173ac290c812a95a9c1b0edd9667501bf155,12963938,1693230644000000000,300
TT/ts-train-service_mem/1,TT,ts-train-service,mem,1,300,300,point,0.3,7,0.2999997316459229,nsigma,1,1.0,1.0,0.0,1,1,1,70,451.2918000109494,ts-train-service|ts-route-service|ts-seat-service|ts-admin-basic-info-service|ts-admin-travel-service,ts-train-service_container-memory-failures-total,0.6426923076923077,26,26,0.5934615384615385,0.691923076923077,22,26,22,0.6983922356091031,baseline-v2-20260723,cd270e7871bd358937d83d9a49829637fa80007d2964084ef229f578e3733bd3,ba75425861a059dafcc477474fc3e4ed1eafdc2b47d6fdd0557337035d29a960,759570c68da81ecc5e6614652ad4173ac290c812a95a9c1b0edd9667501bf155,12963938,1693230644000000000,300
TT/ts-train-service_mem/1,TT,ts-train-service,mem,1,300,300,point,0.3,8,0.2999997316459229,baro,8,0.125,0.0,0.10144927536231885,0,0,0,70,550.2462000004016,192-168-29-237-9100|192-168-76-138-9100|ts-auth-service|ts-user-service|ts-assurance-mongo,192-168-29-237-9100_node-memory-active-bytes,0.6367307692307692,26,26,0.5874358974358974,0.686025641025641,22,26,22,0.6983922356091031,baseline-v2-20260723,cd270e7871bd358937d83d9a49829637fa80007d2964084ef229f578e3733bd3,ba75425861a059dafcc477474fc3e4ed1eafdc2b47d6fdd0557337035d29a960,759570c68da81ecc5e6614652ad4173ac290c812a95a9c1b0edd9667501bf155,12963938,1693230644000000000,300
TT/ts-train-service_mem/1,TT,ts-train-service,mem,1,300,300,point,0.3,8,0.2999997316459229,median_shift,22,0.045454545454545456,0.0,0.30434782608695654,0,0,0,70,153.2586000394076,192-168-76-138-9100|192-168-93-129-9100|ts-admin-route-service|ts-assurance-mongo|ts-auth-mongo,192-168-76-138-9100_node-memory-active-bytes,0.6367307692307692,26,26,0.5874358974358974,0.686025641025641,22,26,22,0.6983922356091031,baseline-v2-20260723,cd270e7871bd358937d83d9a49829637fa80007d2964084ef229f578e3733bd3,ba75425861a059dafcc477474fc3e4ed1eafdc2b47d6fdd0557337035d29a960,759570c68da81ecc5e6614652ad4173ac290c812a95a9c1b0edd9667501bf155,12963938,1693230644000000000,300
TT/ts-train-service_mem/1,TT,ts-train-service,mem,1,300,300,point,0.3,8,0.2999997316459229,nsigma,1,1.0,1.0,0.0,1,1,1,70,449.68570000492036,ts-train-service|ts-route-service|ts-seat-service|ts-admin-basic-info-service|ts-admin-travel-service,ts-train-service_container-memory-failures-total,0.6367307692307692,26,26,0.5874358974358974,0.686025641025641,22,26,22,0.6983922356091031,baseline-v2-20260723,cd270e7871bd358937d83d9a49829637fa80007d2964084ef229f578e3733bd3,ba75425861a059dafcc477474fc3e4ed1eafdc2b47d6fdd0557337035d29a960,759570c68da81ecc5e6614652ad4173ac290c812a95a9c1b0edd9667501bf155,12963938,1693230644000000000,300
TT/ts-train-service_mem/1,TT,ts-train-service,mem,1,300,300,point,0.3,9,0.2999997316459229,baro,8,0.125,0.0,0.10144927536231885,0,0,0,70,557.3971999692731,192-168-29-237-9100|192-168-76-138-9100|ts-auth-service|ts-user-service|ts-assurance-mongo,192-168-29-237-9100_node-memory-active-bytes,0.6422435897435897,26,26,0.5903846153846154,0.6941025641025641,22,26,22,0.6983922356091031,baseline-v2-20260723,cd270e7871bd358937d83d9a49829637fa80007d2964084ef229f578e3733bd3,ba75425861a059dafcc477474fc3e4ed1eafdc2b47d6fdd0557337035d29a960,759570c68da81ecc5e6614652ad4173ac290c812a95a9c1b0edd9667501bf155,12963938,1693230644000000000,300
TT/ts-train-service_mem/1,TT,ts-train-service,mem,1,300,300,point,0.3,9,0.2999997316459229,median_shift,23,0.043478260869565216,0.0,0.3188405797101449,0,0,0,70,154.50300002703443,192-168-29-237-9100|192-168-76-138-9100|192-168-93-129-9100|ts-admin-route-service|ts-assurance-mongo,192-168-29-237-9100_node-memory-active-bytes,0.6422435897435897,26,26,0.5903846153846154,0.6941025641025641,22,26,22,0.6983922356091031,baseline-v2-20260723,cd270e7871bd358937d83d9a49829637fa80007d2964084ef229f578e3733bd3,ba75425861a059dafcc477474fc3e4ed1eafdc2b47d6fdd0557337035d29a960,759570c68da81ecc5e6614652ad4173ac290c812a95a9c1b0edd9667501bf155,12963938,1693230644000000000,300
TT/ts-train-service_mem/1,TT,ts-train-service,mem,1,300,300,point,0.3,9,0.2999997316459229,nsigma,2,0.5,0.8,0.014492753623188406,0,1,1,70,490.2426000335254,192-168-76-138-9100|ts-train-service|ts-route-service|ts-seat-service|ts-admin-basic-info-service,192-168-76-138-9100_node-memory-active-bytes,0.6422435897435897,26,26,0.5903846153846154,0.6941025641025641,22,26,22,0.6983922356091031,baseline-v2-20260723,cd270e7871bd358937d83d9a49829637fa80007d2964084ef229f578e3733bd3,ba75425861a059dafcc477474fc3e4ed1eafdc2b47d6fdd0557337035d29a960,759570c68da81ecc5e6614652ad4173ac290c812a95a9c1b0edd9667501bf155,12963938,1693230644000000000,300
TT/ts-train-service_mem/1,TT,ts-train-service,mem,1,300,300,point,0.5,0,0.5,baro,8,0.125,0.0,0.10144927536231885,0,0,0,70,557.8530000057071,192-168-76-138-9100|ts-auth-service|ts-user-service|ts-assurance-mongo|ts-inside-payment-mongo,192-168-76-138-9100_node-memory-active-bytes,0.4523076923076923,26,26,0.4167948717948718,0.4878205128205128,22,26,22,0.49885140562249,baseline-v2-20260723,cd270e7871bd358937d83d9a49829637fa80007d2964084ef229f578e3733bd3,ba75425861a059dafcc477474fc3e4ed1eafdc2b47d6fdd0557337035d29a960,759570c68da81ecc5e6614652ad4173ac290c812a95a9c1b0edd9667501bf155,12963938,1693230644000000000,300
TT/ts-train-service_mem/1,TT,ts-train-service,mem,1,300,300,point,0.5,0,0.5,median_shift,23,0.043478260869565216,0.0,0.3188405797101449,0,0,0,70,158.25799998128787,192-168-29-237-9100|192-168-76-138-9100|192-168-93-129-9100|ts-admin-route-service|ts-assurance-mongo,192-168-29-237-9100_node-memory-active-bytes,0.4523076923076923,26,26,0.4167948717948718,0.4878205128205128,22,26,22,0.49885140562249,baseline-v2-20260723,cd270e7871bd358937d83d9a49829637fa80007d2964084ef229f578e3733bd3,ba75425861a059dafcc477474fc3e4ed1eafdc2b47d6fdd0557337035d29a960,759570c68da81ecc5e6614652ad4173ac290c812a95a9c1b0edd9667501bf155,12963938,1693230644000000000,300
TT/ts-train-service_mem/1,TT,ts-train-service,mem,1,300,300,point,0.5,0,0.5,nsigma,1,1.0,1.0,0.0,1,1,1,70,493.9852000097744,ts-train-service|ts-route-service|ts-seat-service|ts-admin-basic-info-service|ts-admin-travel-service,ts-train-service_container-memory-usage-bytes,0.4523076923076923,26,26,0.4167948717948718,0.4878205128205128,22,26,22,0.49885140562249,baseline-v2-20260723,cd270e7871bd358937d83d9a49829637fa80007d2964084ef229f578e3733bd3,ba75425861a059dafcc477474fc3e4ed1eafdc2b47d6fdd0557337035d29a960,759570c68da81ecc5e6614652ad4173ac290c812a95a9c1b0edd9667501bf155,12963938,1693230644000000000,300
TT/ts-train-service_mem/1,TT,ts-train-service,mem,1,300,300,point,0.5,1,0.5,baro,8,0.125,0.0,0.10144927536231885,0,0,0,70,590.8014999586158,192-168-29-237-9100|192-168-76-138-9100|ts-auth-service|ts-user-service|ts-assurance-mongo,192-168-29-237-9100_node-memory-active-bytes,0.46576923076923077,26,26,0.43,0.5015384615384615,22,26,22,0.49885140562249,baseline-v2-20260723,cd270e7871bd358937d83d9a49829637fa80007d2964084ef229f578e3733bd3,ba75425861a059dafcc477474fc3e4ed1eafdc2b47d6fdd0557337035d29a960,759570c68da81ecc5e6614652ad4173ac290c812a95a9c1b0edd9667501bf155,12963938,1693230644000000000,300
TT/ts-train-service_mem/1,TT,ts-train-service,mem,1,300,300,point,0.5,1,0.5,median_shift,22,0.045454545454545456,0.0,0.30434782608695654,0,0,0,70,155.05350002786145,192-168-76-138-9100|192-168-93-129-9100|ts-admin-route-service|ts-assurance-mongo|ts-auth-mongo,192-168-76-138-9100_node-memory-active-bytes,0.46576923076923077,26,26,0.43,0.5015384615384615,22,26,22,0.49885140562249,baseline-v2-20260723,cd270e7871bd358937d83d9a49829637fa80007d2964084ef229f578e3733bd3,ba75425861a059dafcc477474fc3e4ed1eafdc2b47d6fdd0557337035d29a960,759570c68da81ecc5e6614652ad4173ac290c812a95a9c1b0edd9667501bf155,12963938,1693230644000000000,300
TT/ts-train-service_mem/1,TT,ts-train-service,mem,1,300,300,point,0.5,1,0.5,nsigma,1,1.0,1.0,0.0,1,1,1,70,459.75939999334514,ts-train-service|ts-route-service|ts-seat-service|ts-admin-basic-info-service|ts-admin-travel-service,ts-train-service_container-memory-failures-total,0.46576923076923077,26,26,0.43,0.5015384615384615,22,26,22,0.49885140562249,baseline-v2-20260723,cd270e7871bd358937d83d9a49829637fa80007d2964084ef229f578e3733bd3,ba75425861a059dafcc477474fc3e4ed1eafdc2b47d6fdd0557337035d29a960,759570c68da81ecc5e6614652ad4173ac290c812a95a9c1b0edd9667501bf155,12963938,1693230644000000000,300
TT/ts-train-service_mem/1,TT,ts-train-service,mem,1,300,300,point,0.5,2,0.5,baro,8,0.125,0.0,0.10144927536231885,0,0,0,70,600.7433999911882,192-168-29-237-9100|192-168-76-138-9100|ts-auth-service|ts-user-service|ts-assurance-mongo,192-168-29-237-9100_node-memory-active-bytes,0.45474358974358975,26,26,0.4248717948717949,0.4846153846153846,22,26,22,0.49885140562249,baseline-v2-20260723,cd270e7871bd358937d83d9a49829637fa80007d2964084ef229f578e3733bd3,ba75425861a059dafcc477474fc3e4ed1eafdc2b47d6fdd0557337035d29a960,759570c68da81ecc5e6614652ad4173ac290c812a95a9c1b0edd9667501bf155,12963938,1693230644000000000,300
TT/ts-train-service_mem/1,TT,ts-train-service,mem,1,300,300,point,0.5,2,0.5,median_shift,23,0.043478260869565216,0.0,0.3188405797101449,0,0,0,70,154.319699970074,192-168-29-237-9100|192-168-76-138-9100|192-168-93-129-9100|ts-admin-route-service|ts-assurance-mongo,192-168-29-237-9100_node-memory-active-bytes,0.45474358974358975,26,26,0.4248717948717949,0.4846153846153846,22,26,22,0.49885140562249,baseline-v2-20260723,cd270e7871bd358937d83d9a49829637fa80007d2964084ef229f578e3733bd3,ba75425861a059dafcc477474fc3e4ed1eafdc2b47d6fdd0557337035d29a960,759570c68da81ecc5e6614652ad4173ac290c812a95a9c1b0edd9667501bf155,12963938,1693230644000000000,300
TT/ts-train-service_mem/1,TT,ts-train-service,mem,1,300,300,point,0.5,2,0.5,nsigma,1,1.0,1.0,0.0,1,1,1,70,454.2545000440441,ts-train-service|ts-route-service|ts-seat-service|ts-admin-basic-info-service|ts-admin-travel-service,ts-train-service_container-memory-usage-bytes,0.45474358974358975,26,26,0.4248717948717949,0.4846153846153846,22,26,22,0.49885140562249,baseline-v2-20260723,cd270e7871bd358937d83d9a49829637fa80007d2964084ef229f578e3733bd3,ba75425861a059dafcc477474fc3e4ed1eafdc2b47d6fdd0557337035d29a960,759570c68da81ecc5e6614652ad4173ac290c812a95a9c1b0edd9667501bf155,12963938,1693230644000000000,300
TT/ts-train-service_mem/1,TT,ts-train-service,mem,1,300,300,point,0.5,3,0.5,baro,8,0.125,0.0,0.10144927536231885,0,0,0,70,550.3061999916099,192-168-29-237-9100|192-168-76-138-9100|ts-auth-service|ts-user-service|ts-assurance-mongo,192-168-29-237-9100_node-memory-active-bytes,0.4669871794871795,26,26,0.4332051282051282,0.5007692307692307,22,26,22,0.49885140562249,baseline-v2-20260723,cd270e7871bd358937d83d9a49829637fa80007d2964084ef229f578e3733bd3,ba75425861a059dafcc477474fc3e4ed1eafdc2b47d6fdd0557337035d29a960,759570c68da81ecc5e6614652ad4173ac290c812a95a9c1b0edd9667501bf155,12963938,1693230644000000000,300
TT/ts-train-service_mem/1,TT,ts-train-service,mem,1,300,300,point,0.5,3,0.5,median_shift,23,0.043478260869565216,0.0,0.3188405797101449,0,0,0,70,152.94989995891228,192-168-76-138-9100|192-168-93-129-9100|ts-admin-route-service|ts-assurance-mongo|ts-auth-mongo,192-168-76-138-9100_node-memory-active-bytes,0.4669871794871795,26,26,0.4332051282051282,0.5007692307692307,22,26,22,0.49885140562249,baseline-v2-20260723,cd270e7871bd358937d83d9a49829637fa80007d2964084ef229f578e3733bd3,ba75425861a059dafcc477474fc3e4ed1eafdc2b47d6fdd0557337035d29a960,759570c68da81ecc5e6614652ad4173ac290c812a95a9c1b0edd9667501bf155,12963938,1693230644000000000,300
TT/ts-train-service_mem/1,TT,ts-train-service,mem,1,300,300,point,0.5,3,0.5,nsigma,2,0.5,0.8,0.014492753623188406,0,1,1,70,461.11740003107116,192-168-76-138-9100|ts-train-service|ts-route-service|ts-seat-service|ts-admin-basic-info-service,192-168-76-138-9100_node-memory-active-bytes,0.4669871794871795,26,26,0.4332051282051282,0.5007692307692307,22,26,22,0.49885140562249,baseline-v2-20260723,cd270e7871bd358937d83d9a49829637fa80007d2964084ef229f578e3733bd3,ba75425861a059dafcc477474fc3e4ed1eafdc2b47d6fdd0557337035d29a960,759570c68da81ecc5e6614652ad4173ac290c812a95a9c1b0edd9667501bf155,12963938,1693230644000000000,300
TT/ts-train-service_mem/1,TT,ts-train-service,mem,1,300,300,point,0.5,4,0.5,baro,8,0.125,0.0,0.10144927536231885,0,0,0,70,562.3920999933034,192-168-29-237-9100|192-168-76-138-9100|ts-auth-service|ts-user-service|ts-assurance-mongo,192-168-29-237-9100_node-memory-active-bytes,0.4626923076923077,26,26,0.43423076923076925,0.49115384615384616,22,26,22,0.49885140562249,baseline-v2-20260723,cd270e7871bd358937d83d9a49829637fa80007d2964084ef229f578e3733bd3,ba75425861a059dafcc477474fc3e4ed1eafdc2b47d6fdd0557337035d29a960,759570c68da81ecc5e6614652ad4173ac290c812a95a9c1b0edd9667501bf155,12963938,1693230644000000000,300
TT/ts-train-service_mem/1,TT,ts-train-service,mem,1,300,300,point,0.5,4,0.5,median_shift,22,0.045454545454545456,0.0,0.30434782608695654,0,0,0,70,152.38580002915114,192-168-76-138-9100|192-168-93-129-9100|ts-admin-route-service|ts-assurance-mongo|ts-auth-mongo,192-168-76-138-9100_node-memory-active-bytes,0.4626923076923077,26,26,0.43423076923076925,0.49115384615384616,22,26,22,0.49885140562249,baseline-v2-20260723,cd270e7871bd358937d83d9a49829637fa80007d2964084ef229f578e3733bd3,ba75425861a059dafcc477474fc3e4ed1eafdc2b47d6fdd0557337035d29a960,759570c68da81ecc5e6614652ad4173ac290c812a95a9c1b0edd9667501bf155,12963938,1693230644000000000,300
TT/ts-train-service_mem/1,TT,ts-train-service,mem,1,300,300,point,0.5,4,0.5,nsigma,2,0.5,0.8,0.014492753623188406,0,1,1,70,492.2630999935791,192-168-76-138-9100|ts-train-service|ts-route-service|ts-seat-service|ts-admin-basic-info-service,192-168-76-138-9100_node-memory-active-bytes,0.4626923076923077,26,26,0.43423076923076925,0.49115384615384616,22,26,22,0.49885140562249,baseline-v2-20260723,cd270e7871bd358937d83d9a49829637fa80007d2964084ef229f578e3733bd3,ba75425861a059dafcc477474fc3e4ed1eafdc2b47d6fdd0557337035d29a960,759570c68da81ecc5e6614652ad4173ac290c812a95a9c1b0edd9667501bf155,12963938,1693230644000000000,300
TT/ts-train-service_mem/1,TT,ts-train-service,mem,1,300,300,point,0.5,5,0.5,baro,8,0.125,0.0,0.10144927536231885,0,0,0,70,595.4478000057861,192-168-29-237-9100|192-168-76-138-9100|ts-auth-service|ts-user-service|ts-assurance-mongo,192-168-29-237-9100_node-memory-active-bytes,0.45506410256410257,26,26,0.41884615384615387,0.49128205128205127,22,26,22,0.49885140562249,baseline-v2-20260723,cd270e7871bd358937d83d9a49829637fa80007d2964084ef229f578e3733bd3,ba75425861a059dafcc477474fc3e4ed1eafdc2b47d6fdd0557337035d29a960,759570c68da81ecc5e6614652ad4173ac290c812a95a9c1b0edd9667501bf155,12963938,1693230644000000000,300
TT/ts-train-service_mem/1,TT,ts-train-service,mem,1,300,300,point,0.5,5,0.5,median_shift,23,0.043478260869565216,0.0,0.3188405797101449,0,0,0,70,153.38719997089356,192-168-76-138-9100|192-168-93-129-9100|ts-admin-route-service|ts-assurance-mongo|ts-auth-mongo,192-168-76-138-9100_node-memory-active-bytes,0.45506410256410257,26,26,0.41884615384615387,0.49128205128205127,22,26,22,0.49885140562249,baseline-v2-20260723,cd270e7871bd358937d83d9a49829637fa80007d2964084ef229f578e3733bd3,ba75425861a059dafcc477474fc3e4ed1eafdc2b47d6fdd0557337035d29a960,759570c68da81ecc5e6614652ad4173ac290c812a95a9c1b0edd9667501bf155,12963938,1693230644000000000,300
TT/ts-train-service_mem/1,TT,ts-train-service,mem,1,300,300,point,0.5,5,0.5,nsigma,1,1.0,1.0,0.0,1,1,1,70,462.98350003780797,ts-train-service|ts-route-service|ts-seat-service|ts-admin-basic-info-service|ts-admin-travel-service,ts-train-service_container-memory-failures-total,0.45506410256410257,26,26,0.41884615384615387,0.49128205128205127,22,26,22,0.49885140562249,baseline-v2-20260723,cd270e7871bd358937d83d9a49829637fa80007d2964084ef229f578e3733bd3,ba75425861a059dafcc477474fc3e4ed1eafdc2b47d6fdd0557337035d29a960,759570c68da81ecc5e6614652ad4173ac290c812a95a9c1b0edd9667501bf155,12963938,1693230644000000000,300
TT/ts-train-service_mem/1,TT,ts-train-service,mem,1,300,300,point,0.5,6,0.5,baro,8,0.125,0.0,0.10144927536231885,0,0,0,70,603.4627000335604,192-168-29-237-9100|192-168-76-138-9100|ts-auth-service|ts-user-service|ts-assurance-mongo,192-168-29-237-9100_node-memory-active-bytes,0.4503846153846154,26,26,0.4157692307692308,0.485,22,26,22,0.49885140562249,baseline-v2-20260723,cd270e7871bd358937d83d9a49829637fa80007d2964084ef229f578e3733bd3,ba75425861a059dafcc477474fc3e4ed1eafdc2b47d6fdd0557337035d29a960,759570c68da81ecc5e6614652ad4173ac290c812a95a9c1b0edd9667501bf155,12963938,1693230644000000000,300
TT/ts-train-service_mem/1,TT,ts-train-service,mem,1,300,300,point,0.5,6,0.5,median_shift,24,0.041666666666666664,0.0,0.3333333333333333,0,0,0,70,150.7580000325106,192-168-29-237-9100|192-168-76-138-9100|192-168-93-129-9100|ts-admin-route-service|ts-assurance-mongo,192-168-29-237-9100_node-memory-active-bytes,0.4503846153846154,26,26,0.4157692307692308,0.485,22,26,22,0.49885140562249,baseline-v2-20260723,cd270e7871bd358937d83d9a49829637fa80007d2964084ef229f578e3733bd3,ba75425861a059dafcc477474fc3e4ed1eafdc2b47d6fdd0557337035d29a960,759570c68da81ecc5e6614652ad4173ac290c812a95a9c1b0edd9667501bf155,12963938,1693230644000000000,300
TT/ts-train-service_mem/1,TT,ts-train-service,mem,1,300,300,point,0.5,6,0.5,nsigma,1,1.0,1.0,0.0,1,1,1,70,460.38790000602603,ts-train-service|ts-route-service|ts-seat-service|ts-admin-basic-info-service|ts-admin-travel-service,ts-train-service_container-memory-failures-total,0.4503846153846154,26,26,0.4157692307692308,0.485,22,26,22,0.49885140562249,baseline-v2-20260723,cd270e7871bd358937d83d9a49829637fa80007d2964084ef229f578e3733bd3,ba75425861a059dafcc477474fc3e4ed1eafdc2b47d6fdd0557337035d29a960,759570c68da81ecc5e6614652ad4173ac290c812a95a9c1b0edd9667501bf155,12963938,1693230644000000000,300
TT/ts-train-service_mem/1,TT,ts-train-service,mem,1,300,300,point,0.5,7,0.5,baro,8,0.125,0.0,0.10144927536231885,0,0,0,70,554.7219999716617,192-168-76-138-9100|ts-auth-service|ts-user-service|ts-assurance-mongo|ts-inside-payment-mongo,192-168-76-138-9100_node-memory-active-bytes,0.45666666666666667,26,26,0.42128205128205126,0.49205128205128207,22,26,22,0.49885140562249,baseline-v2-20260723,cd270e7871bd358937d83d9a49829637fa80007d2964084ef229f578e3733bd3,ba75425861a059dafcc477474fc3e4ed1eafdc2b47d6fdd0557337035d29a960,759570c68da81ecc5e6614652ad4173ac290c812a95a9c1b0edd9667501bf155,12963938,1693230644000000000,300
TT/ts-train-service_mem/1,TT,ts-train-service,mem,1,300,300,point,0.5,7,0.5,median_shift,23,0.043478260869565216,0.0,0.3188405797101449,0,0,0,70,150.65260004485026,192-168-29-237-9100|192-168-76-138-9100|192-168-93-129-9100|ts-admin-route-service|ts-assurance-mongo,192-168-29-237-9100_node-memory-active-bytes,0.45666666666666667,26,26,0.42128205128205126,0.49205128205128207,22,26,22,0.49885140562249,baseline-v2-20260723,cd270e7871bd358937d83d9a49829637fa80007d2964084ef229f578e3733bd3,ba75425861a059dafcc477474fc3e4ed1eafdc2b47d6fdd0557337035d29a960,759570c68da81ecc5e6614652ad4173ac290c812a95a9c1b0edd9667501bf155,12963938,1693230644000000000,300
TT/ts-train-service_mem/1,TT,ts-train-service,mem,1,300,300,point,0.5,7,0.5,nsigma,1,1.0,1.0,0.0,1,1,1,70,455.38369996938854,ts-train-service|ts-route-service|ts-seat-service|ts-admin-basic-info-service|ts-admin-travel-service,ts-train-service_container-memory-failures-total,0.45666666666666667,26,26,0.42128205128205126,0.49205128205128207,22,26,22,0.49885140562249,baseline-v2-20260723,cd270e7871bd358937d83d9a49829637fa80007d2964084ef229f578e3733bd3,ba75425861a059dafcc477474fc3e4ed1eafdc2b47d6fdd0557337035d29a960,759570c68da81ecc5e6614652ad4173ac290c812a95a9c1b0edd9667501bf155,12963938,1693230644000000000,300
TT/ts-train-service_mem/1,TT,ts-train-service,mem,1,300,300,point,0.5,8,0.5,baro,8,0.125,0.0,0.10144927536231885,0,0,0,70,557.6242000097409,192-168-29-237-9100|192-168-76-138-9100|ts-auth-service|ts-user-service|ts-assurance-mongo,192-168-29-237-9100_node-memory-active-bytes,0.46275641025641023,26,26,0.42756410256410254,0.4979487179487179,22,26,22,0.49885140562249,baseline-v2-20260723,cd270e7871bd358937d83d9a49829637fa80007d2964084ef229f578e3733bd3,ba75425861a059dafcc477474fc3e4ed1eafdc2b47d6fdd0557337035d29a960,759570c68da81ecc5e6614652ad4173ac290c812a95a9c1b0edd9667501bf155,12963938,1693230644000000000,300
TT/ts-train-service_mem/1,TT,ts-train-service,mem,1,300,300,point,0.5,8,0.5,median_shift,21,0.047619047619047616,0.0,0.2898550724637681,0,0,0,70,158.45099999569356,192-168-76-138-9100|192-168-93-129-9100|ts-admin-route-service|ts-assurance-mongo|ts-auth-mongo,192-168-76-138-9100_node-memory-active-bytes,0.46275641025641023,26,26,0.42756410256410254,0.4979487179487179,22,26,22,0.49885140562249,baseline-v2-20260723,cd270e7871bd358937d83d9a49829637fa80007d2964084ef229f578e3733bd3,ba75425861a059dafcc477474fc3e4ed1eafdc2b47d6fdd0557337035d29a960,759570c68da81ecc5e6614652ad4173ac290c812a95a9c1b0edd9667501bf155,12963938,1693230644000000000,300
TT/ts-train-service_mem/1,TT,ts-train-service,mem,1,300,300,point,0.5,8,0.5,nsigma,1,1.0,1.0,0.0,1,1,1,70,495.5644000438042,ts-train-service|ts-route-service|ts-seat-service|ts-admin-basic-info-service|ts-admin-travel-service,ts-train-service_container-memory-usage-bytes,0.46275641025641023,26,26,0.42756410256410254,0.4979487179487179,22,26,22,0.49885140562249,baseline-v2-20260723,cd270e7871bd358937d83d9a49829637fa80007d2964084ef229f578e3733bd3,ba75425861a059dafcc477474fc3e4ed1eafdc2b47d6fdd0557337035d29a960,759570c68da81ecc5e6614652ad4173ac290c812a95a9c1b0edd9667501bf155,12963938,1693230644000000000,300
TT/ts-train-service_mem/1,TT,ts-train-service,mem,1,300,300,point,0.5,9,0.5,baro,8,0.125,0.0,0.10144927536231885,0,0,0,70,565.5416999943554,192-168-29-237-9100|192-168-76-138-9100|ts-auth-service|ts-user-service|ts-assurance-mongo,192-168-29-237-9100_node-memory-active-bytes,0.45756410256410257,26,26,0.4216666666666667,0.49346153846153845,22,26,22,0.49885140562249,baseline-v2-20260723,cd270e7871bd358937d83d9a49829637fa80007d2964084ef229f578e3733bd3,ba75425861a059dafcc477474fc3e4ed1eafdc2b47d6fdd0557337035d29a960,759570c68da81ecc5e6614652ad4173ac290c812a95a9c1b0edd9667501bf155,12963938,1693230644000000000,300
TT/ts-train-service_mem/1,TT,ts-train-service,mem,1,300,300,point,0.5,9,0.5,median_shift,22,0.045454545454545456,0.0,0.30434782608695654,0,0,0,70,158.33880001446232,192-168-29-237-9100|192-168-93-129-9100|ts-admin-route-service|ts-assurance-mongo|ts-auth-mongo,192-168-29-237-9100_node-memory-active-bytes,0.45756410256410257,26,26,0.4216666666666667,0.49346153846153845,22,26,22,0.49885140562249,baseline-v2-20260723,cd270e7871bd358937d83d9a49829637fa80007d2964084ef229f578e3733bd3,ba75425861a059dafcc477474fc3e4ed1eafdc2b47d6fdd0557337035d29a960,759570c68da81ecc5e6614652ad4173ac290c812a95a9c1b0edd9667501bf155,12963938,1693230644000000000,300
TT/ts-train-service_mem/1,TT,ts-train-service,mem,1,300,300,point,0.5,9,0.5,nsigma,1,1.0,1.0,0.0,1,1,1,70,502.8022000333294,ts-train-service|ts-route-service|ts-seat-service|ts-admin-basic-info-service|ts-admin-travel-service,ts-train-service_container-memory-working-set-bytes,0.45756410256410257,26,26,0.4216666666666667,0.49346153846153845,22,26,22,0.49885140562249,baseline-v2-20260723,cd270e7871bd358937d83d9a49829637fa80007d2964084ef229f578e3733bd3,ba75425861a059dafcc477474fc3e4ed1eafdc2b47d6fdd0557337035d29a960,759570c68da81ecc5e6614652ad4173ac290c812a95a9c1b0edd9667501bf155,12963938,1693230644000000000,300
TT/ts-train-service_mem/1,TT,ts-train-service,mem,1,300,300,stream,0.1,0,0.09934199580294223,baro,8,0.125,0.0,0.10144927536231885,0,0,0,70,552.1362000145018,192-168-29-237-9100|192-168-76-138-9100|ts-auth-service|ts-user-service|ts-assurance-mongo,192-168-29-237-9100_node-memory-active-bytes,0.8221153846153846,23,26,0.7692307692307693,0.875,20,23,20,0.8985890227576975,baseline-v2-20260723,cd270e7871bd358937d83d9a49829637fa80007d2964084ef229f578e3733bd3,ba75425861a059dafcc477474fc3e4ed1eafdc2b47d6fdd0557337035d29a960,759570c68da81ecc5e6614652ad4173ac290c812a95a9c1b0edd9667501bf155,12963938,1693230644000000000,300
TT/ts-train-service_mem/1,TT,ts-train-service,mem,1,300,300,stream,0.1,0,0.09934199580294223,median_shift,22,0.045454545454545456,0.0,0.30434782608695654,0,0,0,70,147.16290001524612,192-168-29-237-9100|192-168-76-138-9100|192-168-93-129-9100|ts-admin-route-service|ts-assurance-mongo,192-168-29-237-9100_node-memory-active-bytes,0.8221153846153846,23,26,0.7692307692307693,0.875,20,23,20,0.8985890227576975,baseline-v2-20260723,cd270e7871bd358937d83d9a49829637fa80007d2964084ef229f578e3733bd3,ba75425861a059dafcc477474fc3e4ed1eafdc2b47d6fdd0557337035d29a960,759570c68da81ecc5e6614652ad4173ac290c812a95a9c1b0edd9667501bf155,12963938,1693230644000000000,300
TT/ts-train-service_mem/1,TT,ts-train-service,mem,1,300,300,stream,0.1,0,0.09934199580294223,nsigma,1,1.0,1.0,0.0,1,1,1,70,440.0562000228092,ts-train-service|ts-route-service|ts-seat-service|ts-admin-basic-info-service|ts-admin-travel-service,ts-train-service_container-memory-failures-total,0.8221153846153846,23,26,0.7692307692307693,0.875,20,23,20,0.8985890227576975,baseline-v2-20260723,cd270e7871bd358937d83d9a49829637fa80007d2964084ef229f578e3733bd3,ba75425861a059dafcc477474fc3e4ed1eafdc2b47d6fdd0557337035d29a960,759570c68da81ecc5e6614652ad4173ac290c812a95a9c1b0edd9667501bf155,12963938,1693230644000000000,300
TT/ts-train-service_mem/1,TT,ts-train-service,mem,1,300,300,stream,0.1,1,0.09976599524476576,baro,8,0.125,0.0,0.10144927536231885,0,0,0,70,510.5633999919519,192-168-29-237-9100|192-168-76-138-9100|ts-auth-service|ts-user-service|ts-assurance-mongo,192-168-29-237-9100_node-memory-active-bytes,0.8782051282051282,25,26,0.8076923076923077,0.9487179487179487,21,25,21,0.8981659973226238,baseline-v2-20260723,cd270e7871bd358937d83d9a49829637fa80007d2964084ef229f578e3733bd3,ba75425861a059dafcc477474fc3e4ed1eafdc2b47d6fdd0557337035d29a960,759570c68da81ecc5e6614652ad4173ac290c812a95a9c1b0edd9667501bf155,12963938,1693230644000000000,300
TT/ts-train-service_mem/1,TT,ts-train-service,mem,1,300,300,stream,0.1,1,0.09976599524476576,median_shift,23,0.043478260869565216,0.0,0.3188405797101449,0,0,0,70,141.56230003573,192-168-29-237-9100|192-168-76-138-9100|192-168-93-129-9100|ts-admin-route-service|ts-assurance-mongo,192-168-29-237-9100_node-memory-active-bytes,0.8782051282051282,25,26,0.8076923076923077,0.9487179487179487,21,25,21,0.8981659973226238,baseline-v2-20260723,cd270e7871bd358937d83d9a49829637fa80007d2964084ef229f578e3733bd3,ba75425861a059dafcc477474fc3e4ed1eafdc2b47d6fdd0557337035d29a960,759570c68da81ecc5e6614652ad4173ac290c812a95a9c1b0edd9667501bf155,12963938,1693230644000000000,300
TT/ts-train-service_mem/1,TT,ts-train-service,mem,1,300,300,stream,0.1,1,0.09976599524476576,nsigma,1,1.0,1.0,0.0,1,1,1,70,428.8976999814622,ts-train-service|ts-route-service|ts-seat-service|ts-admin-basic-info-service|ts-admin-travel-service,ts-train-service_container-memory-failures-total,0.8782051282051282,25,26,0.8076923076923077,0.9487179487179487,21,25,21,0.8981659973226238,baseline-v2-20260723,cd270e7871bd358937d83d9a49829637fa80007d2964084ef229f578e3733bd3,ba75425861a059dafcc477474fc3e4ed1eafdc2b47d6fdd0557337035d29a960,759570c68da81ecc5e6614652ad4173ac290c812a95a9c1b0edd9667501bf155,12963938,1693230644000000000,300
TT/ts-train-service_mem/1,TT,ts-train-service,mem,1,300,300,stream,0.1,2,0.09938359068489327,baro,7,0.14285714285714285,0.0,0.08695652173913043,0,0,0,70,507.47089996002614,192-168-29-237-9100|192-168-76-138-9100|ts-auth-service|ts-assurance-mongo|ts-inside-payment-mongo,192-168-29-237-9100_node-memory-active-bytes,0.8605769230769231,24,26,0.8076923076923077,0.9134615384615384,21,24,21,0.8985475234270415,baseline-v2-20260723,cd270e7871bd358937d83d9a49829637fa80007d2964084ef229f578e3733bd3,ba75425861a059dafcc477474fc3e4ed1eafdc2b47d6fdd0557337035d29a960,759570c68da81ecc5e6614652ad4173ac290c812a95a9c1b0edd9667501bf155,12963938,1693230644000000000,300
TT/ts-train-service_mem/1,TT,ts-train-service,mem,1,300,300,stream,0.1,2,0.09938359068489327,median_shift,22,0.045454545454545456,0.0,0.30434782608695654,0,0,0,70,141.62340003531426,192-168-29-237-9100|192-168-76-138-9100|192-168-93-129-9100|ts-admin-route-service|ts-assurance-mongo,192-168-29-237-9100_node-memory-active-bytes,0.8605769230769231,24,26,0.8076923076923077,0.9134615384615384,21,24,21,0.8985475234270415,baseline-v2-20260723,cd270e7871bd358937d83d9a49829637fa80007d2964084ef229f578e3733bd3,ba75425861a059dafcc477474fc3e4ed1eafdc2b47d6fdd0557337035d29a960,759570c68da81ecc5e6614652ad4173ac290c812a95a9c1b0edd9667501bf155,12963938,1693230644000000000,300
TT/ts-train-service_mem/1,TT,ts-train-service,mem,1,300,300,stream,0.1,2,0.09938359068489327,nsigma,1,1.0,1.0,0.0,1,1,1,70,461.0790999722667,ts-train-service|ts-route-service|ts-seat-service|ts-admin-basic-info-service|ts-admin-travel-service,ts-train-service_container-memory-failures-total,0.8605769230769231,24,26,0.8076923076923077,0.9134615384615384,21,24,21,0.8985475234270415,baseline-v2-20260723,cd270e7871bd358937d83d9a49829637fa80007d2964084ef229f578e3733bd3,ba75425861a059dafcc477474fc3e4ed1eafdc2b47d6fdd0557337035d29a960,759570c68da81ecc5e6614652ad4173ac290c812a95a9c1b0edd9667501bf155,12963938,1693230644000000000,300
TT/ts-train-service_mem/1,TT,ts-train-service,mem,1,300,300,stream,0.1,3,0.09977941294862093,baro,8,0.125,0.0,0.10144927536231885,0,0,0,70,548.2017999747768,192-168-29-237-9100|192-168-76-138-9100|ts-auth-service|ts-user-service|ts-assurance-mongo,192-168-29-237-9100_node-memory-active-bytes,0.8397435897435898,24,26,0.7692307692307693,0.9102564102564102,20,24,20,0.8981526104417671,baseline-v2-20260723,cd270e7871bd358937d83d9a49829637fa80007d2964084ef229f578e3733bd3,ba75425861a059dafcc477474fc3e4ed1eafdc2b47d6fdd0557337035d29a960,759570c68da81ecc5e6614652ad4173ac290c812a95a9c1b0edd9667501bf155,12963938,1693230644000000000,300
TT/ts-train-service_mem/1,TT,ts-train-service,mem,1,300,300,stream,0.1,3,0.09977941294862093,median_shift,22,0.045454545454545456,0.0,0.30434782608695654,0,0,0,70,143.48589995643124,192-168-29-237-9100|192-168-76-138-9100|192-168-93-129-9100|ts-admin-route-service|ts-assurance-mongo,192-168-29-237-9100_node-memory-active-bytes,0.8397435897435898,24,26,0.7692307692307693,0.9102564102564102,20,24,20,0.8981526104417671,baseline-v2-20260723,cd270e7871bd358937d83d9a49829637fa80007d2964084ef229f578e3733bd3,ba75425861a059dafcc477474fc3e4ed1eafdc2b47d6fdd0557337035d29a960,759570c68da81ecc5e6614652ad4173ac290c812a95a9c1b0edd9667501bf155,12963938,1693230644000000000,300
TT/ts-train-service_mem/1,TT,ts-train-service,mem,1,300,300,stream,0.1,3,0.09977941294862093,nsigma,1,1.0,1.0,0.0,1,1,1,70,424.15360000450164,ts-train-service|ts-route-service|ts-admin-basic-info-service|ts-admin-travel-service|192-168-93-129-9100,ts-train-service_container-memory-failures-total,0.8397435897435898,24,26,0.7692307692307693,0.9102564102564102,20,24,20,0.8981526104417671,baseline-v2-20260723,cd270e7871bd358937d83d9a49829637fa80007d2964084ef229f578e3733bd3,ba75425861a059dafcc477474fc3e4ed1eafdc2b47d6fdd0557337035d29a960,759570c68da81ecc5e6614652ad4173ac290c812a95a9c1b0edd9667501bf155,12963938,1693230644000000000,300
TT/ts-train-service_mem/1,TT,ts-train-service,mem,1,300,300,stream,0.1,4,0.09973647629628436,baro,7,0.14285714285714285,0.0,0.08695652173913043,0,0,0,70,513.8747000019066,192-168-29-237-9100|192-168-76-138-9100|ts-auth-service|ts-assurance-mongo|ts-inside-payment-mongo,192-168-29-237-9100_node-memory-active-bytes,0.8397435897435898,24,26,0.7692307692307693,0.9102564102564102,20,24,20,0.8981954484605087,baseline-v2-20260723,cd270e7871bd358937d83d9a49829637fa80007d2964084ef229f578e3733bd3,ba75425861a059dafcc477474fc3e4ed1eafdc2b47d6fdd0557337035d29a960,759570c68da81ecc5e6614652ad4173ac290c812a95a9c1b0edd9667501bf155,12963938,1693230644000000000,300
TT/ts-train-service_mem/1,TT,ts-train-service,mem,1,300,300,stream,0.1,4,0.09973647629628436,median_shift,23,0.043478260869565216,0.0,0.3188405797101449,0,0,0,70,145.45040001394227,192-168-29-237-9100|192-168-76-138-9100|192-168-93-129-9100|ts-admin-route-service|ts-assurance-mongo,192-168-29-237-9100_node-memory-active-bytes,0.8397435897435898,24,26,0.7692307692307693,0.9102564102564102,20,24,20,0.8981954484605087,baseline-v2-20260723,cd270e7871bd358937d83d9a49829637fa80007d2964084ef229f578e3733bd3,ba75425861a059dafcc477474fc3e4ed1eafdc2b47d6fdd0557337035d29a960,759570c68da81ecc5e6614652ad4173ac290c812a95a9c1b0edd9667501bf155,12963938,1693230644000000000,300
TT/ts-train-service_mem/1,TT,ts-train-service,mem,1,300,300,stream,0.1,4,0.09973647629628436,nsigma,1,1.0,1.0,0.0,1,1,1,70,429.12689998047426,ts-train-service|ts-route-service|ts-seat-service|ts-admin-basic-info-service|ts-admin-travel-service,ts-train-service_container-memory-failures-total,0.8397435897435898,24,26,0.7692307692307693,0.9102564102564102,20,24,20,0.8981954484605087,baseline-v2-20260723,cd270e7871bd358937d83d9a49829637fa80007d2964084ef229f578e3733bd3,ba75425861a059dafcc477474fc3e4ed1eafdc2b47d6fdd0557337035d29a960,759570c68da81ecc5e6614652ad4173ac290c812a95a9c1b0edd9667501bf155,12963938,1693230644000000000,300
TT/ts-train-service_mem/1,TT,ts-train-service,mem,1,300,300,stream,0.1,5,0.09977807117823541,baro,8,0.125,0.0,0.10144927536231885,0,0,0,70,518.3734000311233,192-168-29-237-9100|192-168-76-138-9100|ts-auth-service|ts-user-service|ts-assurance-mongo,192-168-29-237-9100_node-memory-active-bytes,0.8012820512820513,23,26,0.7307692307692307,0.8717948717948718,19,23,19,0.8981539491298527,baseline-v2-20260723,cd270e7871bd358937d83d9a49829637fa80007d2964084ef229f578e3733bd3,ba75425861a059dafcc477474fc3e4ed1eafdc2b47d6fdd0557337035d29a960,759570c68da81ecc5e6614652ad4173ac290c812a95a9c1b0edd9667501bf155,12963938,1693230644000000000,300
TT/ts-train-service_mem/1,TT,ts-train-service,mem,1,300,300,stream,0.1,5,0.09977807117823541,median_shift,20,0.05,0.0,0.2753623188405797,0,0,0,70,145.05760004976764,192-168-29-237-9100|192-168-76-138-9100|192-168-93-129-9100|ts-admin-route-service|ts-assurance-mongo,192-168-29-237-9100_node-memory-active-bytes,0.8012820512820513,23,26,0.7307692307692307,0.8717948717948718,19,23,19,0.8981539491298527,baseline-v2-20260723,cd270e7871bd358937d83d9a49829637fa80007d2964084ef229f578e3733bd3,ba75425861a059dafcc477474fc3e4ed1eafdc2b47d6fdd0557337035d29a960,759570c68da81ecc5e6614652ad4173ac290c812a95a9c1b0edd9667501bf155,12963938,1693230644000000000,300
TT/ts-train-service_mem/1,TT,ts-train-service,mem,1,300,300,stream,0.1,5,0.09977807117823541,nsigma,1,1.0,1.0,0.0,1,1,1,70,528.6935999756679,ts-train-service|ts-route-service|ts-admin-basic-info-service|ts-admin-travel-service|192-168-93-129-9100,ts-train-service_container-memory-failures-total,0.8012820512820513,23,26,0.7307692307692307,0.8717948717948718,19,23,19,0.8981539491298527,baseline-v2-20260723,cd270e7871bd358937d83d9a49829637fa80007d2964084ef229f578e3733bd3,ba75425861a059dafcc477474fc3e4ed1eafdc2b47d6fdd0557337035d29a960,759570c68da81ecc5e6614652ad4173ac290c812a95a9c1b0edd9667501bf155,12963938,1693230644000000000,300
TT/ts-train-service_mem/1,TT,ts-train-service,mem,1,300,300,stream,0.1,6,0.09977136232630783,baro,8,0.125,0.0,0.10144927536231885,0,0,0,70,546.6630000155419,192-168-29-237-9100|192-168-76-138-9100|ts-auth-service|ts-user-service|ts-assurance-mongo,192-168-29-237-9100_node-memory-active-bytes,0.8782051282051282,25,26,0.8076923076923077,0.9487179487179487,21,25,21,0.8981606425702812,baseline-v2-20260723,cd270e7871bd358937d83d9a49829637fa80007d2964084ef229f578e3733bd3,ba75425861a059dafcc477474fc3e4ed1eafdc2b47d6fdd0557337035d29a960,759570c68da81ecc5e6614652ad4173ac290c812a95a9c1b0edd9667501bf155,12963938,1693230644000000000,300
TT/ts-train-service_mem/1,TT,ts-train-service,mem,1,300,300,stream,0.1,6,0.09977136232630783,median_shift,21,0.047619047619047616,0.0,0.2898550724637681,0,0,0,70,146.36150002479553,192-168-29-237-9100|192-168-76-138-9100|192-168-93-129-9100|ts-admin-route-service|ts-assurance-mongo,192-168-29-237-9100_node-memory-active-bytes,0.8782051282051282,25,26,0.8076923076923077,0.9487179487179487,21,25,21,0.8981606425702812,baseline-v2-20260723,cd270e7871bd358937d83d9a49829637fa80007d2964084ef229f578e3733bd3,ba75425861a059dafcc477474fc3e4ed1eafdc2b47d6fdd0557337035d29a960,759570c68da81ecc5e6614652ad4173ac290c812a95a9c1b0edd9667501bf155,12963938,1693230644000000000,300
TT/ts-train-service_mem/1,TT,ts-train-service,mem,1,300,300,stream,0.1,6,0.09977136232630783,nsigma,1,1.0,1.0,0.0,1,1,1,70,434.87540003843606,ts-train-service|ts-route-service|ts-admin-basic-info-service|ts-admin-travel-service|192-168-93-129-9100,ts-train-service_container-memory-failures-total,0.8782051282051282,25,26,0.8076923076923077,0.9487179487179487,21,25,21,0.8981606425702812,baseline-v2-20260723,cd270e7871bd358937d83d9a49829637fa80007d2964084ef229f578e3733bd3,ba75425861a059dafcc477474fc3e4ed1eafdc2b47d6fdd0557337035d29a960,759570c68da81ecc5e6614652ad4173ac290c812a95a9c1b0edd9667501bf155,12963938,1693230644000000000,300
TT/ts-train-service_mem/1,TT,ts-train-service,mem,1,300,300,stream,0.1,7,0.09976599524476576,baro,7,0.14285714285714285,0.0,0.08695652173913043,0,0,0,70,557.1084000403062,192-168-76-138-9100|ts-auth-service|ts-user-service|ts-assurance-mongo|ts-inside-payment-mongo,192-168-76-138-9100_node-memory-active-bytes,0.8012820512820513,23,26,0.7307692307692307,0.8717948717948718,19,23,19,0.8981659973226238,baseline-v2-20260723,cd270e7871bd358937d83d9a49829637fa80007d2964084ef229f578e3733bd3,ba75425861a059dafcc477474fc3e4ed1eafdc2b47d6fdd0557337035d29a960,759570c68da81ecc5e6614652ad4173ac290c812a95a9c1b0edd9667501bf155,12963938,1693230644000000000,300
TT/ts-train-service_mem/1,TT,ts-train-service,mem,1,300,300,stream,0.1,7,0.09976599524476576,median_shift,21,0.047619047619047616,0.0,0.2898550724637681,0,0,0,70,140.81670000450686,192-168-76-138-9100|192-168-93-129-9100|ts-admin-route-service|ts-assurance-mongo|ts-auth-mongo,192-168-76-138-9100_node-memory-active-bytes,0.8012820512820513,23,26,0.7307692307692307,0.8717948717948718,19,23,19,0.8981659973226238,baseline-v2-20260723,cd270e7871bd358937d83d9a49829637fa80007d2964084ef229f578e3733bd3,ba75425861a059dafcc477474fc3e4ed1eafdc2b47d6fdd0557337035d29a960,759570c68da81ecc5e6614652ad4173ac290c812a95a9c1b0edd9667501bf155,12963938,1693230644000000000,300
TT/ts-train-service_mem/1,TT,ts-train-service,mem,1,300,300,stream,0.1,7,0.09976599524476576,nsigma,1,1.0,1.0,0.0,1,1,1,70,432.4499000213109,ts-train-service|ts-seat-service|ts-admin-basic-info-service|ts-admin-travel-service|192-168-93-129-9100,ts-train-service_container-memory-failures-total,0.8012820512820513,23,26,0.7307692307692307,0.8717948717948718,19,23,19,0.8981659973226238,baseline-v2-20260723,cd270e7871bd358937d83d9a49829637fa80007d2964084ef229f578e3733bd3,ba75425861a059dafcc477474fc3e4ed1eafdc2b47d6fdd0557337035d29a960,759570c68da81ecc5e6614652ad4173ac290c812a95a9c1b0edd9667501bf155,12963938,1693230644000000000,300
TT/ts-train-service_mem/1,TT,ts-train-service,mem,1,300,300,stream,0.1,8,0.09982771668249955,baro,9,0.1111111111111111,0.0,0.11594202898550725,0,0,0,70,512.6260999822989,192-168-29-237-9100|192-168-76-138-9100|ts-auth-service|ts-user-service|ts-assurance-mongo,192-168-29-237-9100_node-memory-active-bytes,0.8012820512820513,23,26,0.7307692307692307,0.8717948717948718,19,23,19,0.8981044176706827,baseline-v2-20260723,cd270e7871bd358937d83d9a49829637fa80007d2964084ef229f578e3733bd3,ba75425861a059dafcc477474fc3e4ed1eafdc2b47d6fdd0557337035d29a960,759570c68da81ecc5e6614652ad4173ac290c812a95a9c1b0edd9667501bf155,12963938,1693230644000000000,300
TT/ts-train-service_mem/1,TT,ts-train-service,mem,1,300,300,stream,0.1,8,0.09982771668249955,median_shift,22,0.045454545454545456,0.0,0.30434782608695654,0,0,0,70,145.68610000424087,192-168-29-237-9100|192-168-76-138-9100|192-168-93-129-9100|ts-assurance-mongo|ts-auth-mongo,192-168-29-237-9100_node-memory-active-bytes,0.8012820512820513,23,26,0.7307692307692307,0.8717948717948718,19,23,19,0.8981044176706827,baseline-v2-20260723,cd270e7871bd358937d83d9a49829637fa80007d2964084ef229f578e3733bd3,ba75425861a059dafcc477474fc3e4ed1eafdc2b47d6fdd0557337035d29a960,759570c68da81ecc5e6614652ad4173ac290c812a95a9c1b0edd9667501bf155,12963938,1693230644000000000,300
TT/ts-train-service_mem/1,TT,ts-train-service,mem,1,300,300,stream,0.1,8,0.09982771668249955,nsigma,1,1.0,1.0,0.0,1,1,1,70,419.8688000324182,ts-train-service|ts-seat-service|ts-admin-basic-info-service|ts-admin-travel-service|192-168-93-129-9100,ts-train-service_container-memory-working-set-bytes,0.8012820512820513,23,26,0.7307692307692307,0.8717948717948718,19,23,19,0.8981044176706827,baseline-v2-20260723,cd270e7871bd358937d83d9a49829637fa80007d2964084ef229f578e3733bd3,ba75425861a059dafcc477474fc3e4ed1eafdc2b47d6fdd0557337035d29a960,759570c68da81ecc5e6614652ad4173ac290c812a95a9c1b0edd9667501bf155,12963938,1693230644000000000,300
TT/ts-train-service_mem/1,TT,ts-train-service,mem,1,300,300,stream,0.1,9,0.09930979331368982,baro,8,0.125,0.0,0.10144927536231885,0,0,0,70,511.1775000113994,192-168-29-237-9100|192-168-76-138-9100|ts-auth-service|ts-user-service|ts-assurance-mongo,192-168-29-237-9100_node-memory-active-bytes,0.8605769230769231,24,26,0.8076923076923077,0.9134615384615384,21,24,21,0.8986211512717537,baseline-v2-20260723,cd270e7871bd358937d83d9a49829637fa80007d2964084ef229f578e3733bd3,ba75425861a059dafcc477474fc3e4ed1eafdc2b47d6fdd0557337035d29a960,759570c68da81ecc5e6614652ad4173ac290c812a95a9c1b0edd9667501bf155,12963938,1693230644000000000,300
TT/ts-train-service_mem/1,TT,ts-train-service,mem,1,300,300,stream,0.1,9,0.09930979331368982,median_shift,23,0.043478260869565216,0.0,0.3188405797101449,0,0,0,70,141.36349997716025,192-168-29-237-9100|192-168-76-138-9100|192-168-93-129-9100|ts-admin-route-service|ts-assurance-mongo,192-168-29-237-9100_node-memory-active-bytes,0.8605769230769231,24,26,0.8076923076923077,0.9134615384615384,21,24,21,0.8986211512717537,baseline-v2-20260723,cd270e7871bd358937d83d9a49829637fa80007d2964084ef229f578e3733bd3,ba75425861a059dafcc477474fc3e4ed1eafdc2b47d6fdd0557337035d29a960,759570c68da81ecc5e6614652ad4173ac290c812a95a9c1b0edd9667501bf155,12963938,1693230644000000000,300
TT/ts-train-service_mem/1,TT,ts-train-service,mem,1,300,300,stream,0.1,9,0.09930979331368982,nsigma,1,1.0,1.0,0.0,1,1,1,70,451.5158000285737,ts-train-service|ts-route-service|ts-seat-service|ts-admin-basic-info-service|ts-admin-travel-service,ts-train-service_container-memory-failures-total,0.8605769230769231,24,26,0.8076923076923077,0.9134615384615384,21,24,21,0.8986211512717537,baseline-v2-20260723,cd270e7871bd358937d83d9a49829637fa80007d2964084ef229f578e3733bd3,ba75425861a059dafcc477474fc3e4ed1eafdc2b47d6fdd0557337035d29a960,759570c68da81ecc5e6614652ad4173ac290c812a95a9c1b0edd9667501bf155,12963938,1693230644000000000,300
TT/ts-train-service_mem/1,TT,ts-train-service,mem,1,300,300,stream,0.3,0,0.3000373012167174,baro,5,0.2,0.2,0.057971014492753624,0,0,1,70,479.2479000170715,192-168-29-237-9100|ts-user-service|ts-avatar-service|ts-contacts-mongo|ts-train-service,192-168-29-237-9100_node-memory-active-bytes,0.5352564102564102,15,26,0.5,0.5705128205128205,13,15,13,0.6983547523427042,baseline-v2-20260723,cd270e7871bd358937d83d9a49829637fa80007d2964084ef229f578e3733bd3,ba75425861a059dafcc477474fc3e4ed1eafdc2b47d6fdd0557337035d29a960,759570c68da81ecc5e6614652ad4173ac290c812a95a9c1b0edd9667501bf155,12963938,1693230644000000000,300
TT/ts-train-service_mem/1,TT,ts-train-service,mem,1,300,300,stream,0.3,0,0.3000373012167174,median_shift,18,0.05555555555555555,0.0,0.2463768115942029,0,0,0,70,127.59730004472658,192-168-29-237-9100|192-168-93-129-9100|ts-admin-route-service|ts-assurance-mongo|ts-auth-service,192-168-29-237-9100_node-memory-active-bytes,0.5352564102564102,15,26,0.5,0.5705128205128205,13,15,13,0.6983547523427042,baseline-v2-20260723,cd270e7871bd358937d83d9a49829637fa80007d2964084ef229f578e3733bd3,ba75425861a059dafcc477474fc3e4ed1eafdc2b47d6fdd0557337035d29a960,759570c68da81ecc5e6614652ad4173ac290c812a95a9c1b0edd9667501bf155,12963938,1693230644000000000,300
TT/ts-train-service_mem/1,TT,ts-train-service,mem,1,300,300,stream,0.3,0,0.3000373012167174,nsigma,1,1.0,1.0,0.0,1,1,1,70,371.58869998529553,ts-train-service|ts-route-service|ts-admin-basic-info-service|192-168-93-129-9100|ts-seat-service,ts-train-service_container-memory-working-set-bytes,0.5352564102564102,15,26,0.5,0.5705128205128205,13,15,13,0.6983547523427042,baseline-v2-20260723,cd270e7871bd358937d83d9a49829637fa80007d2964084ef229f578e3733bd3,ba75425861a059dafcc477474fc3e4ed1eafdc2b47d6fdd0557337035d29a960,759570c68da81ecc5e6614652ad4173ac290c812a95a9c1b0edd9667501bf155,12963938,1693230644000000000,300
TT/ts-train-service_mem/1,TT,ts-train-service,mem,1,300,300,stream,0.3,1,0.3000534024613436,baro,5,0.2,0.2,0.057971014492753624,0,0,1,70,455.56169998599216,192-168-29-237-9100|192-168-76-138-9100|ts-user-service|ts-avatar-service|ts-train-service,192-168-29-237-9100_node-memory-active-bytes,0.5737179487179487,16,26,0.5384615384615384,0.6089743589743589,14,16,14,0.698338688085676,baseline-v2-20260723,cd270e7871bd358937d83d9a49829637fa80007d2964084ef229f578e3733bd3,ba75425861a059dafcc477474fc3e4ed1eafdc2b47d6fdd0557337035d29a960,759570c68da81ecc5e6614652ad4173ac290c812a95a9c1b0edd9667501bf155,12963938,1693230644000000000,300
TT/ts-train-service_mem/1,TT,ts-train-service,mem,1,300,300,stream,0.3,1,0.3000534024613436,median_shift,19,0.05263157894736842,0.0,0.2608695652173913,0,0,0,70,125.74460002360865,192-168-29-237-9100|192-168-76-138-9100|192-168-93-129-9100|ts-admin-route-service|ts-assurance-mongo,192-168-29-237-9100_node-memory-active-bytes,0.5737179487179487,16,26,0.5384615384615384,0.6089743589743589,14,16,14,0.698338688085676,baseline-v2-20260723,cd270e7871bd358937d83d9a49829637fa80007d2964084ef229f578e3733bd3,ba75425861a059dafcc477474fc3e4ed1eafdc2b47d6fdd0557337035d29a960,759570c68da81ecc5e6614652ad4173ac290c812a95a9c1b0edd9667501bf155,12963938,1693230644000000000,300
TT/ts-train-service_mem/1,TT,ts-train-service,mem,1,300,300,stream,0.3,1,0.3000534024613436,nsigma,1,1.0,1.0,0.0,1,1,1,70,379.629900038708,ts-train-service|ts-route-service|ts-seat-service|ts-admin-basic-info-service|ts-avatar-service,ts-train-service_container-memory-failures-total,0.5737179487179487,16,26,0.5384615384615384,0.6089743589743589,14,16,14,0.698338688085676,baseline-v2-20260723,cd270e7871bd358937d83d9a49829637fa80007d2964084ef229f578e3733bd3,ba75425861a059dafcc477474fc3e4ed1eafdc2b47d6fdd0557337035d29a960,759570c68da81ecc5e6614652ad4173ac290c812a95a9c1b0edd9667501bf155,12963938,1693230644000000000,300
TT/ts-train-service_mem/1,TT,ts-train-service,mem,1,300,300,stream,0.3,2,0.30093360383424306,baro,7,0.14285714285714285,0.0,0.08695652173913043,0,0,0,70,487.37750004511327,192-168-76-138-9100|ts-auth-service|ts-user-service|ts-assurance-mongo|ts-inside-payment-mongo,192-168-76-138-9100_node-memory-active-bytes,0.4935897435897436,15,26,0.4230769230769231,0.5641025641025641,11,15,11,0.6974605087014726,baseline-v2-20260723,cd270e7871bd358937d83d9a49829637fa80007d2964084ef229f578e3733bd3,ba75425861a059dafcc477474fc3e4ed1eafdc2b47d6fdd0557337035d29a960,759570c68da81ecc5e6614652ad4173ac290c812a95a9c1b0edd9667501bf155,12963938,1693230644000000000,300
TT/ts-train-service_mem/1,TT,ts-train-service,mem,1,300,300,stream,0.3,2,0.30093360383424306,median_shift,18,0.05555555555555555,0.0,0.2463768115942029,0,0,0,70,121.7678000102751,192-168-76-138-9100|192-168-93-129-9100|ts-assurance-mongo|ts-auth-mongo|ts-auth-service,192-168-76-138-9100_node-memory-active-bytes,0.4935897435897436,15,26,0.4230769230769231,0.5641025641025641,11,15,11,0.6974605087014726,baseline-v2-20260723,cd270e7871bd358937d83d9a49829637fa80007d2964084ef229f578e3733bd3,ba75425861a059dafcc477474fc3e4ed1eafdc2b47d6fdd0557337035d29a960,759570c68da81ecc5e6614652ad4173ac290c812a95a9c1b0edd9667501bf155,12963938,1693230644000000000,300
TT/ts-train-service_mem/1,TT,ts-train-service,mem,1,300,300,stream,0.3,2,0.30093360383424306,nsigma,1,1.0,1.0,0.0,1,1,1,70,374.87229995895177,ts-train-service|ts-route-service|ts-admin-basic-info-service|ts-admin-travel-service|ts-preserve-service,ts-train-service_container-memory-failures-total,0.4935897435897436,15,26,0.4230769230769231,0.5641025641025641,11,15,11,0.6974605087014726,baseline-v2-20260723,cd270e7871bd358937d83d9a49829637fa80007d2964084ef229f578e3733bd3,ba75425861a059dafcc477474fc3e4ed1eafdc2b47d6fdd0557337035d29a960,759570c68da81ecc5e6614652ad4173ac290c812a95a9c1b0edd9667501bf155,12963938,1693230644000000000,300
TT/ts-train-service_mem/1,TT,ts-train-service,mem,1,300,300,stream,0.3,3,0.30005742777250016,baro,6,0.16666666666666666,0.0,0.07246376811594203,0,0,0,70,445.94070001039654,192-168-29-237-9100|192-168-76-138-9100|ts-user-service|ts-inside-payment-mongo|ts-avatar-service,192-168-29-237-9100_node-memory-active-bytes,0.7660256410256411,21,26,0.7307692307692307,0.8012820512820513,19,21,19,0.698334672021419,baseline-v2-20260723,cd270e7871bd358937d83d9a49829637fa80007d2964084ef229f578e3733bd3,ba75425861a059dafcc477474fc3e4ed1eafdc2b47d6fdd0557337035d29a960,759570c68da81ecc5e6614652ad4173ac290c812a95a9c1b0edd9667501bf155,12963938,1693230644000000000,300
TT/ts-train-service_mem/1,TT,ts-train-service,mem,1,300,300,stream,0.3,3,0.30005742777250016,median_shift,20,0.05,0.0,0.2753623188405797,0,0,0,70,124.17439999990165,192-168-29-237-9100|192-168-76-138-9100|192-168-93-129-9100|ts-assurance-mongo|ts-auth-mongo,192-168-29-237-9100_node-memory-active-bytes,0.7660256410256411,21,26,0.7307692307692307,0.8012820512820513,19,21,19,0.698334672021419,baseline-v2-20260723,cd270e7871bd358937d83d9a49829637fa80007d2964084ef229f578e3733bd3,ba75425861a059dafcc477474fc3e4ed1eafdc2b47d6fdd0557337035d29a960,759570c68da81ecc5e6614652ad4173ac290c812a95a9c1b0edd9667501bf155,12963938,1693230644000000000,300
TT/ts-train-service_mem/1,TT,ts-train-service,mem,1,300,300,stream,0.3,3,0.30005742777250016,nsigma,1,1.0,1.0,0.0,1,1,1,70,376.3813999830745,ts-train-service|ts-route-service|ts-seat-service|192-168-93-129-9100|ts-preserve-service,ts-train-service_container-memory-failures-total,0.7660256410256411,21,26,0.7307692307692307,0.8012820512820513,19,21,19,0.698334672021419,baseline-v2-20260723,cd270e7871bd358937d83d9a49829637fa80007d2964084ef229f578e3733bd3,ba75425861a059dafcc477474fc3e4ed1eafdc2b47d6fdd0557337035d29a960,759570c68da81ecc5e6614652ad4173ac290c812a95a9c1b0edd9667501bf155,12963938,1693230644000000000,300
TT/ts-train-service_mem/1,TT,ts-train-service,mem,1,300,300,stream,0.3,4,0.3000695037059698,baro,5,0.2,0.2,0.057971014492753624,0,0,1,70,442.2222999855876,192-168-29-237-9100|192-168-76-138-9100|ts-assurance-mongo|ts-avatar-service|ts-train-service,192-168-29-237-9100_node-memory-active-bytes,0.7275641025641025,20,26,0.6923076923076923,0.7628205128205128,18,20,18,0.698322623828648,baseline-v2-20260723,cd270e7871bd358937d83d9a49829637fa80007d2964084ef229f578e3733bd3,ba75425861a059dafcc477474fc3e4ed1eafdc2b47d6fdd0557337035d29a960,759570c68da81ecc5e6614652ad4173ac290c812a95a9c1b0edd9667501bf155,12963938,1693230644000000000,300
TT/ts-train-service_mem/1,TT,ts-train-service,mem,1,300,300,stream,0.3,4,0.3000695037059698,median_shift,19,0.05263157894736842,0.0,0.2608695652173913,0,0,0,70,126.46330002462491,192-168-29-237-9100|192-168-76-138-9100|192-168-93-129-9100|ts-admin-route-service|ts-assurance-mongo,192-168-29-237-9100_node-memory-active-bytes,0.7275641025641025,20,26,0.6923076923076923,0.7628205128205128,18,20,18,0.698322623828648,baseline-v2-20260723,cd270e7871bd358937d83d9a49829637fa80007d2964084ef229f578e3733bd3,ba75425861a059dafcc477474fc3e4ed1eafdc2b47d6fdd0557337035d29a960,759570c68da81ecc5e6614652ad4173ac290c812a95a9c1b0edd9667501bf155,12963938,1693230644000000000,300
TT/ts-train-service_mem/1,TT,ts-train-service,mem,1,300,300,stream,0.3,4,0.3000695037059698,nsigma,1,1.0,1.0,0.0,1,1,1,70,398.81540002534166,ts-train-service|ts-route-service|ts-seat-service|192-168-93-129-9100|ts-avatar-service,ts-train-service_container-memory-failures-total,0.7275641025641025,20,26,0.6923076923076923,0.7628205128205128,18,20,18,0.698322623828648,baseline-v2-20260723,cd270e7871bd358937d83d9a49829637fa80007d2964084ef229f578e3733bd3,ba75425861a059dafcc477474fc3e4ed1eafdc2b47d6fdd0557337035d29a960,759570c68da81ecc5e6614652ad4173ac290c812a95a9c1b0edd9667501bf155,12963938,1693230644000000000,300
TT/ts-train-service_mem/1,TT,ts-train-service,mem,1,300,300,stream,0.3,5,0.2996548966568449,baro,5,0.2,0.2,0.057971014492753624,0,0,1,70,504.22210001852363,192-168-29-237-9100|192-168-76-138-9100|ts-assurance-mongo|ts-avatar-service|ts-train-service,192-168-29-237-9100_node-memory-active-bytes,0.594551282051282,16,26,0.5769230769230769,0.6121794871794872,15,16,15,0.6987362784471218,baseline-v2-20260723,cd270e7871bd358937d83d9a49829637fa80007d2964084ef229f578e3733bd3,ba75425861a059dafcc477474fc3e4ed1eafdc2b47d6fdd0557337035d29a960,759570c68da81ecc5e6614652ad4173ac290c812a95a9c1b0edd9667501bf155,12963938,1693230644000000000,300
TT/ts-train-service_mem/1,TT,ts-train-service,mem,1,300,300,stream,0.3,5,0.2996548966568449,median_shift,21,0.047619047619047616,0.0,0.2898550724637681,0,0,0,70,124.04709996189922,192-168-29-237-9100|192-168-76-138-9100|192-168-93-129-9100|ts-admin-route-service|ts-assurance-mongo,192-168-29-237-9100_node-memory-active-bytes,0.594551282051282,16,26,0.5769230769230769,0.6121794871794872,15,16,15,0.6987362784471218,baseline-v2-20260723,cd270e7871bd358937d83d9a49829637fa80007d2964084ef229f578e3733bd3,ba75425861a059dafcc477474fc3e4ed1eafdc2b47d6fdd0557337035d29a960,759570c68da81ecc5e6614652ad4173ac290c812a95a9c1b0edd9667501bf155,12963938,1693230644000000000,300
TT/ts-train-service_mem/1,TT,ts-train-service,mem,1,300,300,stream,0.3,5,0.2996548966568449,nsigma,1,1.0,1.0,0.0,1,1,1,70,405.98840004531667,ts-train-service|ts-route-service|ts-seat-service|ts-admin-basic-info-service|ts-avatar-service,ts-train-service_container-memory-failures-total,0.594551282051282,16,26,0.5769230769230769,0.6121794871794872,15,16,15,0.6987362784471218,baseline-v2-20260723,cd270e7871bd358937d83d9a49829637fa80007d2964084ef229f578e3733bd3,ba75425861a059dafcc477474fc3e4ed1eafdc2b47d6fdd0557337035d29a960,759570c68da81ecc5e6614652ad4173ac290c812a95a9c1b0edd9667501bf155,12963938,1693230644000000000,300
TT/ts-train-service_mem/1,TT,ts-train-service,mem,1,300,300,stream,0.3,6,0.30005608600211464,baro,5,0.2,0.2,0.057971014492753624,0,0,1,70,448.76270001986995,192-168-76-138-9100|ts-auth-service|ts-assurance-mongo|ts-inside-payment-mongo|ts-train-service,192-168-76-138-9100_node-memory-active-bytes,0.6506410256410257,18,26,0.6153846153846154,0.6858974358974359,16,18,16,0.6983360107095047,baseline-v2-20260723,cd270e7871bd358937d83d9a49829637fa80007d2964084ef229f578e3733bd3,ba75425861a059dafcc477474fc3e4ed1eafdc2b47d6fdd0557337035d29a960,759570c68da81ecc5e6614652ad4173ac290c812a95a9c1b0edd9667501bf155,12963938,1693230644000000000,300
TT/ts-train-service_mem/1,TT,ts-train-service,mem,1,300,300,stream,0.3,6,0.30005608600211464,median_shift,18,0.05555555555555555,0.0,0.2463768115942029,0,0,0,70,123.8199999788776,192-168-76-138-9100|192-168-93-129-9100|ts-admin-route-service|ts-assurance-mongo|ts-auth-mongo,192-168-76-138-9100_node-memory-active-bytes,0.6506410256410257,18,26,0.6153846153846154,0.6858974358974359,16,18,16,0.6983360107095047,baseline-v2-20260723,cd270e7871bd358937d83d9a49829637fa80007d2964084ef229f578e3733bd3,ba75425861a059dafcc477474fc3e4ed1eafdc2b47d6fdd0557337035d29a960,759570c68da81ecc5e6614652ad4173ac290c812a95a9c1b0edd9667501bf155,12963938,1693230644000000000,300
TT/ts-train-service_mem/1,TT,ts-train-service,mem,1,300,300,stream,0.3,6,0.30005608600211464,nsigma,1,1.0,1.0,0.0,1,1,1,70,385.53050003247336,ts-train-service|ts-route-service|ts-seat-service|ts-admin-travel-service|192-168-93-129-9100,ts-train-service_container-memory-failures-total,0.6506410256410257,18,26,0.6153846153846154,0.6858974358974359,16,18,16,0.6983360107095047,baseline-v2-20260723,cd270e7871bd358937d83d9a49829637fa80007d2964084ef229f578e3733bd3,ba75425861a059dafcc477474fc3e4ed1eafdc2b47d6fdd0557337035d29a960,759570c68da81ecc5e6614652ad4173ac290c812a95a9c1b0edd9667501bf155,12963938,1693230644000000000,300
TT/ts-train-service_mem/1,TT,ts-train-service,mem,1,300,300,stream,0.3,7,0.3009832493385072,baro,8,0.125,0.0,0.10144927536231885,0,0,0,70,481.92539997398853,192-168-29-237-9100|192-168-76-138-9100|ts-user-service|ts-assurance-mongo|ts-inside-payment-mongo,192-168-29-237-9100_node-memory-active-bytes,0.6474358974358975,19,26,0.5769230769230769,0.717948717948718,15,19,15,0.6974109772423025,baseline-v2-20260723,cd270e7871bd358937d83d9a49829637fa80007d2964084ef229f578e3733bd3,ba75425861a059dafcc477474fc3e4ed1eafdc2b47d6fdd0557337035d29a960,759570c68da81ecc5e6614652ad4173ac290c812a95a9c1b0edd9667501bf155,12963938,1693230644000000000,300
TT/ts-train-service_mem/1,TT,ts-train-service,mem,1,300,300,stream,0.3,7,0.3009832493385072,median_shift,20,0.05,0.0,0.2753623188405797,0,0,0,70,124.01670002145693,192-168-29-237-9100|192-168-76-138-9100|192-168-93-129-9100|ts-admin-route-service|ts-assurance-mongo,192-168-29-237-9100_node-memory-active-bytes,0.6474358974358975,19,26,0.5769230769230769,0.717948717948718,15,19,15,0.6974109772423025,baseline-v2-20260723,cd270e7871bd358937d83d9a49829637fa80007d2964084ef229f578e3733bd3,ba75425861a059dafcc477474fc3e4ed1eafdc2b47d6fdd0557337035d29a960,759570c68da81ecc5e6614652ad4173ac290c812a95a9c1b0edd9667501bf155,12963938,1693230644000000000,300
TT/ts-train-service_mem/1,TT,ts-train-service,mem,1,300,300,stream,0.3,7,0.3009832493385072,nsigma,1,1.0,1.0,0.0,1,1,1,70,379.62140003219247,ts-train-service|ts-route-service|ts-seat-service|ts-admin-basic-info-service|ts-admin-travel-service,ts-train-service_container-memory-usage-bytes,0.6474358974358975,19,26,0.5769230769230769,0.717948717948718,15,19,15,0.6974109772423025,baseline-v2-20260723,cd270e7871bd358937d83d9a49829637fa80007d2964084ef229f578e3733bd3,ba75425861a059dafcc477474fc3e4ed1eafdc2b47d6fdd0557337035d29a960,759570c68da81ecc5e6614652ad4173ac290c812a95a9c1b0edd9667501bf155,12963938,1693230644000000000,300
TT/ts-train-service_mem/1,TT,ts-train-service,mem,1,300,300,stream,0.3,8,0.30051094616280505,baro,6,0.16666666666666666,0.0,0.07246376811594203,0,0,0,70,450.81219996791333,ts-auth-service|ts-user-service|ts-assurance-mongo|ts-avatar-service|ts-contacts-mongo,ts-auth-service_container-memory-rss,0.5913461538461539,17,26,0.5384615384615384,0.6442307692307693,14,17,14,0.6978821954484605,baseline-v2-20260723,cd270e7871bd358937d83d9a49829637fa80007d2964084ef229f578e3733bd3,ba75425861a059dafcc477474fc3e4ed1eafdc2b47d6fdd0557337035d29a960,759570c68da81ecc5e6614652ad4173ac290c812a95a9c1b0edd9667501bf155,12963938,1693230644000000000,300
TT/ts-train-service_mem/1,TT,ts-train-service,mem,1,300,300,stream,0.3,8,0.30051094616280505,median_shift,14,0.07142857142857142,0.0,0.18840579710144928,0,0,0,70,134.88230004440993,192-168-93-129-9100|ts-assurance-mongo|ts-auth-mongo|ts-auth-service|ts-config-mongo,192-168-93-129-9100_node-disk-read-bytes-total,0.5913461538461539,17,26,0.5384615384615384,0.6442307692307693,14,17,14,0.6978821954484605,baseline-v2-20260723,cd270e7871bd358937d83d9a49829637fa80007d2964084ef229f578e3733bd3,ba75425861a059dafcc477474fc3e4ed1eafdc2b47d6fdd0557337035d29a960,759570c68da81ecc5e6614652ad4173ac290c812a95a9c1b0edd9667501bf155,12963938,1693230644000000000,300
TT/ts-train-service_mem/1,TT,ts-train-service,mem,1,300,300,stream,0.3,8,0.30051094616280505,nsigma,1,1.0,1.0,0.0,1,1,1,70,371.6518000001088,ts-train-service|ts-route-service|ts-admin-travel-service|192-168-93-129-9100|ts-preserve-service,ts-train-service_istio-latency-90,0.5913461538461539,17,26,0.5384615384615384,0.6442307692307693,14,17,14,0.6978821954484605,baseline-v2-20260723,cd270e7871bd358937d83d9a49829637fa80007d2964084ef229f578e3733bd3,ba75425861a059dafcc477474fc3e4ed1eafdc2b47d6fdd0557337035d29a960,759570c68da81ecc5e6614652ad4173ac290c812a95a9c1b0edd9667501bf155,12963938,1693230644000000000,300
TT/ts-train-service_mem/1,TT,ts-train-service,mem,1,300,300,stream,0.3,9,0.3004626424289264,baro,6,0.16666666666666666,0.0,0.07246376811594203,0,0,0,70,446.0983000462875,192-168-29-237-9100|192-168-76-138-9100|ts-assurance-mongo|ts-avatar-service|ts-contacts-mongo,192-168-29-237-9100_node-memory-active-bytes,0.47596153846153844,14,26,0.4230769230769231,0.5288461538461539,11,14,11,0.6979303882195449,baseline-v2-20260723,cd270e7871bd358937d83d9a49829637fa80007d2964084ef229f578e3733bd3,ba75425861a059dafcc477474fc3e4ed1eafdc2b47d6fdd0557337035d29a960,759570c68da81ecc5e6614652ad4173ac290c812a95a9c1b0edd9667501bf155,12963938,1693230644000000000,300
TT/ts-train-service_mem/1,TT,ts-train-service,mem,1,300,300,stream,0.3,9,0.3004626424289264,median_shift,18,0.05555555555555555,0.0,0.2463768115942029,0,0,0,70,120.09870004840195,192-168-29-237-9100|192-168-76-138-9100|192-168-93-129-9100|ts-assurance-mongo|ts-auth-mongo,192-168-29-237-9100_node-memory-active-bytes,0.47596153846153844,14,26,0.4230769230769231,0.5288461538461539,11,14,11,0.6979303882195449,baseline-v2-20260723,cd270e7871bd358937d83d9a49829637fa80007d2964084ef229f578e3733bd3,ba75425861a059dafcc477474fc3e4ed1eafdc2b47d6fdd0557337035d29a960,759570c68da81ecc5e6614652ad4173ac290c812a95a9c1b0edd9667501bf155,12963938,1693230644000000000,300
TT/ts-train-service_mem/1,TT,ts-train-service,mem,1,300,300,stream,0.3,9,0.3004626424289264,nsigma,1,1.0,1.0,0.0,1,1,1,70,402.692100033164,ts-train-service|ts-admin-basic-info-service|ts-admin-travel-service|ts-preserve-service|ts-avatar-service,ts-train-service_container-memory-working-set-bytes,0.47596153846153844,14,26,0.4230769230769231,0.5288461538461539,11,14,11,0.6979303882195449,baseline-v2-20260723,cd270e7871bd358937d83d9a49829637fa80007d2964084ef229f578e3733bd3,ba75425861a059dafcc477474fc3e4ed1eafdc2b47d6fdd0557337035d29a960,759570c68da81ecc5e6614652ad4173ac290c812a95a9c1b0edd9667501bf155,12963938,1693230644000000000,300
TT/ts-train-service_mem/1,TT,ts-train-service,mem,1,300,300,stream,0.5,0,0.49960954481781444,baro,2,0.5,0.8,0.014492753623188406,0,1,1,70,373.0622999719344,ts-avatar-service|ts-train-service|ts-seat-service|ts-route-service|ts-basic-service,ts-avatar-service_container-memory-usage-bytes,0.4583333333333333,13,26,0.4230769230769231,0.4935897435897436,11,13,11,0.49924096385542166,baseline-v2-20260723,cd270e7871bd358937d83d9a49829637fa80007d2964084ef229f578e3733bd3,ba75425861a059dafcc477474fc3e4ed1eafdc2b47d6fdd0557337035d29a960,759570c68da81ecc5e6614652ad4173ac290c812a95a9c1b0edd9667501bf155,12963938,1693230644000000000,300
TT/ts-train-service_mem/1,TT,ts-train-service,mem,1,300,300,stream,0.5,0,0.49960954481781444,median_shift,19,0.05263157894736842,0.0,0.2608695652173913,0,0,0,70,105.87760002817959,192-168-93-129-9100|ts-admin-route-service|ts-assurance-mongo|ts-auth-service|ts-config-mongo,192-168-93-129-9100_node-disk-read-bytes-total,0.4583333333333333,13,26,0.4230769230769231,0.4935897435897436,11,13,11,0.49924096385542166,baseline-v2-20260723,cd270e7871bd358937d83d9a49829637fa80007d2964084ef229f578e3733bd3,ba75425861a059dafcc477474fc3e4ed1eafdc2b47d6fdd0557337035d29a960,759570c68da81ecc5e6614652ad4173ac290c812a95a9c1b0edd9667501bf155,12963938,1693230644000000000,300
TT/ts-train-service_mem/1,TT,ts-train-service,mem,1,300,300,stream,0.5,0,0.49960954481781444,nsigma,1,1.0,1.0,0.0,1,1,1,70,323.577800008934,ts-train-service|ts-route-service|ts-seat-service|ts-admin-basic-info-service|192-168-93-129-9100,ts-train-service_container-memory-failures-total,0.4583333333333333,13,26,0.4230769230769231,0.4935897435897436,11,13,11,0.49924096385542166,baseline-v2-20260723,cd270e7871bd358937d83d9a49829637fa80007d2964084ef229f578e3733bd3,ba75425861a059dafcc477474fc3e4ed1eafdc2b47d6fdd0557337035d29a960,759570c68da81ecc5e6614652ad4173ac290c812a95a9c1b0edd9667501bf155,12963938,1693230644000000000,300
TT/ts-train-service_mem/1,TT,ts-train-service,mem,1,300,300,stream,0.5,1,0.4999114431545558,baro,7,0.14285714285714285,0.0,0.08695652173913043,0,0,0,70,378.677400003653,192-168-29-237-9100|192-168-76-138-9100|ts-user-service|ts-assurance-mongo|ts-inside-payment-mongo,192-168-29-237-9100_node-memory-active-bytes,0.32211538461538464,10,26,0.2692307692307692,0.375,7,10,7,0.49893975903614457,baseline-v2-20260723,cd270e7871bd358937d83d9a49829637fa80007d2964084ef229f578e3733bd3,ba75425861a059dafcc477474fc3e4ed1eafdc2b47d6fdd0557337035d29a960,759570c68da81ecc5e6614652ad4173ac290c812a95a9c1b0edd9667501bf155,12963938,1693230644000000000,300
TT/ts-train-service_mem/1,TT,ts-train-service,mem,1,300,300,stream,0.5,1,0.4999114431545558,median_shift,15,0.06666666666666667,0.0,0.2028985507246377,0,0,0,70,103.65480004111305,192-168-29-237-9100|192-168-76-138-9100|192-168-93-129-9100|ts-admin-route-service|ts-assurance-mongo,192-168-29-237-9100_node-memory-active-bytes,0.32211538461538464,10,26,0.2692307692307692,0.375,7,10,7,0.49893975903614457,baseline-v2-20260723,cd270e7871bd358937d83d9a49829637fa80007d2964084ef229f578e3733bd3,ba75425861a059dafcc477474fc3e4ed1eafdc2b47d6fdd0557337035d29a960,759570c68da81ecc5e6614652ad4173ac290c812a95a9c1b0edd9667501bf155,12963938,1693230644000000000,300
TT/ts-train-service_mem/1,TT,ts-train-service,mem,1,300,300,stream,0.5,1,0.4999114431545558,nsigma,1,1.0,1.0,0.0,1,1,1,70,358.7297999765724,ts-train-service|ts-route-service|ts-seat-service|ts-admin-basic-info-service|192-168-93-129-9100,ts-train-service_container-memory-rss,0.32211538461538464,10,26,0.2692307692307692,0.375,7,10,7,0.49893975903614457,baseline-v2-20260723,cd270e7871bd358937d83d9a49829637fa80007d2964084ef229f578e3733bd3,ba75425861a059dafcc477474fc3e4ed1eafdc2b47d6fdd0557337035d29a960,759570c68da81ecc5e6614652ad4173ac290c812a95a9c1b0edd9667501bf155,12963938,1693230644000000000,300
TT/ts-train-service_mem/1,TT,ts-train-service,mem,1,300,300,stream,0.5,2,0.4996296713735972,baro,6,0.16666666666666666,0.0,0.07246376811594203,0,0,0,70,371.913900016807,192-168-76-138-9100|ts-assurance-mongo|ts-inside-payment-mongo|ts-avatar-service|ts-contacts-mongo,192-168-76-138-9100_node-memory-active-bytes,0.5352564102564102,15,26,0.5,0.5705128205128205,13,15,13,0.4992208835341366,baseline-v2-20260723,cd270e7871bd358937d83d9a49829637fa80007d2964084ef229f578e3733bd3,ba75425861a059dafcc477474fc3e4ed1eafdc2b47d6fdd0557337035d29a960,759570c68da81ecc5e6614652ad4173ac290c812a95a9c1b0edd9667501bf155,12963938,1693230644000000000,300
TT/ts-train-service_mem/1,TT,ts-train-service,mem,1,300,300,stream,0.5,2,0.4996296713735972,median_shift,15,0.06666666666666667,0.0,0.2028985507246377,0,0,0,70,103.72360004112124,192-168-76-138-9100|ts-admin-route-service|ts-assurance-mongo|ts-config-mongo|ts-consign-price-mongo,192-168-76-138-9100_node-memory-active-bytes,0.5352564102564102,15,26,0.5,0.5705128205128205,13,15,13,0.4992208835341366,baseline-v2-20260723,cd270e7871bd358937d83d9a49829637fa80007d2964084ef229f578e3733bd3,ba75425861a059dafcc477474fc3e4ed1eafdc2b47d6fdd0557337035d29a960,759570c68da81ecc5e6614652ad4173ac290c812a95a9c1b0edd9667501bf155,12963938,1693230644000000000,300
TT/ts-train-service_mem/1,TT,ts-train-service,mem,1,300,300,stream,0.5,2,0.4996296713735972,nsigma,1,1.0,1.0,0.0,1,1,1,70,315.436199947726,ts-train-service|ts-route-service|ts-admin-basic-info-service|ts-admin-travel-service|192-168-93-129-9100,ts-train-service_container-memory-usage-bytes,0.5352564102564102,15,26,0.5,0.5705128205128205,13,15,13,0.4992208835341366,baseline-v2-20260723,cd270e7871bd358937d83d9a49829637fa80007d2964084ef229f578e3733bd3,ba75425861a059dafcc477474fc3e4ed1eafdc2b47d6fdd0557337035d29a960,759570c68da81ecc5e6614652ad4173ac290c812a95a9c1b0edd9667501bf155,12963938,1693230644000000000,300
TT/ts-train-service_mem/1,TT,ts-train-service,mem,1,300,300,stream,0.5,3,0.500041594881951,baro,5,0.2,0.2,0.057971014492753624,0,0,1,70,376.90559995826334,192-168-29-237-9100|ts-auth-service|ts-avatar-service|ts-contacts-mongo|ts-train-service,192-168-29-237-9100_node-memory-active-bytes,0.47596153846153844,14,26,0.4230769230769231,0.5288461538461539,11,14,11,0.498809906291834,baseline-v2-20260723,cd270e7871bd358937d83d9a49829637fa80007d2964084ef229f578e3733bd3,ba75425861a059dafcc477474fc3e4ed1eafdc2b47d6fdd0557337035d29a960,759570c68da81ecc5e6614652ad4173ac290c812a95a9c1b0edd9667501bf155,12963938,1693230644000000000,300
TT/ts-train-service_mem/1,TT,ts-train-service,mem,1,300,300,stream,0.5,3,0.500041594881951,median_shift,15,0.06666666666666667,0.0,0.2028985507246377,0,0,0,70,103.969199990388,192-168-29-237-9100|192-168-93-129-9100|ts-admin-route-service|ts-auth-service|ts-contacts-mongo,192-168-29-237-9100_node-memory-active-bytes,0.47596153846153844,14,26,0.4230769230769231,0.5288461538461539,11,14,11,0.498809906291834,baseline-v2-20260723,cd270e7871bd358937d83d9a49829637fa80007d2964084ef229f578e3733bd3,ba75425861a059dafcc477474fc3e4ed1eafdc2b47d6fdd0557337035d29a960,759570c68da81ecc5e6614652ad4173ac290c812a95a9c1b0edd9667501bf155,12963938,1693230644000000000,300
TT/ts-train-service_mem/1,TT,ts-train-service,mem,1,300,300,stream,0.5,3,0.500041594881951,nsigma,1,1.0,1.0,0.0,1,1,1,70,363.25310001848266,ts-train-service|ts-route-service|ts-seat-service|ts-admin-basic-info-service|192-168-93-129-9100,ts-train-service_container-memory-working-set-bytes,0.47596153846153844,14,26,0.4230769230769231,0.5288461538461539,11,14,11,0.498809906291834,baseline-v2-20260723,cd270e7871bd358937d83d9a49829637fa80007d2964084ef229f578e3733bd3,ba75425861a059dafcc477474fc3e4ed1eafdc2b47d6fdd0557337035d29a960,759570c68da81ecc5e6614652ad4173ac290c812a95a9c1b0edd9667501bf155,12963938,1693230644000000000,300
TT/ts-train-service_mem/1,TT,ts-train-service,mem,1,300,300,stream,0.5,4,0.4992056719317737,baro,7,0.14285714285714285,0.0,0.08695652173913043,0,0,0,70,398.7244999734685,192-168-29-237-9100|ts-auth-service|ts-assurance-mongo|ts-inside-payment-mongo|ts-avatar-service,192-168-29-237-9100_node-memory-active-bytes,0.36378205128205127,10,26,0.34615384615384615,0.3814102564102564,9,10,9,0.4996439089692102,baseline-v2-20260723,cd270e7871bd358937d83d9a49829637fa80007d2964084ef229f578e3733bd3,ba75425861a059dafcc477474fc3e4ed1eafdc2b47d6fdd0557337035d29a960,759570c68da81ecc5e6614652ad4173ac290c812a95a9c1b0edd9667501bf155,12963938,1693230644000000000,300
TT/ts-train-service_mem/1,TT,ts-train-service,mem,1,300,300,stream,0.5,4,0.4992056719317737,median_shift,15,0.06666666666666667,0.0,0.2028985507246377,0,0,0,70,103.57520001707599,192-168-29-237-9100|192-168-93-129-9100|ts-assurance-mongo|ts-auth-service|ts-config-mongo,192-168-29-237-9100_node-memory-active-bytes,0.36378205128205127,10,26,0.34615384615384615,0.3814102564102564,9,10,9,0.4996439089692102,baseline-v2-20260723,cd270e7871bd358937d83d9a49829637fa80007d2964084ef229f578e3733bd3,ba75425861a059dafcc477474fc3e4ed1eafdc2b47d6fdd0557337035d29a960,759570c68da81ecc5e6614652ad4173ac290c812a95a9c1b0edd9667501bf155,12963938,1693230644000000000,300
TT/ts-train-service_mem/1,TT,ts-train-service,mem,1,300,300,stream,0.5,4,0.4992056719317737,nsigma,1,1.0,1.0,0.0,1,1,1,70,324.40019998466596,ts-train-service|ts-route-service|ts-seat-service|ts-admin-travel-service|192-168-93-129-9100,ts-train-service_istio-latency-90,0.36378205128205127,10,26,0.34615384615384615,0.3814102564102564,9,10,9,0.4996439089692102,baseline-v2-20260723,cd270e7871bd358937d83d9a49829637fa80007d2964084ef229f578e3733bd3,ba75425861a059dafcc477474fc3e4ed1eafdc2b47d6fdd0557337035d29a960,759570c68da81ecc5e6614652ad4173ac290c812a95a9c1b0edd9667501bf155,12963938,1693230644000000000,300
TT/ts-train-service_mem/1,TT,ts-train-service,mem,1,300,300,stream,0.5,5,0.4999597468884345,baro,5,0.2,0.2,0.057971014492753624,0,0,1,70,385.8893000287935,192-168-76-138-9100|ts-auth-service|ts-user-service|ts-avatar-service|ts-train-service,192-168-76-138-9100_node-memory-active-bytes,0.3605769230769231,11,26,0.3076923076923077,0.41346153846153844,8,11,8,0.49889156626506026,baseline-v2-20260723,cd270e7871bd358937d83d9a49829637fa80007d2964084ef229f578e3733bd3,ba75425861a059dafcc477474fc3e4ed1eafdc2b47d6fdd0557337035d29a960,759570c68da81ecc5e6614652ad4173ac290c812a95a9c1b0edd9667501bf155,12963938,1693230644000000000,300
TT/ts-train-service_mem/1,TT,ts-train-service,mem,1,300,300,stream,0.5,5,0.4999597468884345,median_shift,9,0.1111111111111111,0.0,0.11594202898550725,0,0,0,70,101.76290001254529,192-168-76-138-9100|ts-assurance-mongo|ts-auth-service|ts-config-mongo|ts-consign-price-mongo,192-168-76-138-9100_node-memory-active-bytes,0.3605769230769231,11,26,0.3076923076923077,0.41346153846153844,8,11,8,0.49889156626506026,baseline-v2-20260723,cd270e7871bd358937d83d9a49829637fa80007d2964084ef229f578e3733bd3,ba75425861a059dafcc477474fc3e4ed1eafdc2b47d6fdd0557337035d29a960,759570c68da81ecc5e6614652ad4173ac290c812a95a9c1b0edd9667501bf155,12963938,1693230644000000000,300
TT/ts-train-service_mem/1,TT,ts-train-service,mem,1,300,300,stream,0.5,5,0.4999597468884345,nsigma,1,1.0,1.0,0.0,1,1,1,70,326.23229996534064,ts-train-service|ts-seat-service|ts-admin-basic-info-service|ts-admin-travel-service|ts-avatar-service,ts-train-service_container-memory-failures-total,0.3605769230769231,11,26,0.3076923076923077,0.41346153846153844,8,11,8,0.49889156626506026,baseline-v2-20260723,cd270e7871bd358937d83d9a49829637fa80007d2964084ef229f578e3733bd3,ba75425861a059dafcc477474fc3e4ed1eafdc2b47d6fdd0557337035d29a960,759570c68da81ecc5e6614652ad4173ac290c812a95a9c1b0edd9667501bf155,12963938,1693230644000000000,300
TT/ts-train-service_mem/1,TT,ts-train-service,mem,1,300,300,stream,0.5,6,0.500080506223131,baro,6,0.16666666666666666,0.0,0.07246376811594203,0,0,0,70,400.96689999336377,192-168-29-237-9100|ts-user-service|ts-inside-payment-mongo|ts-avatar-service|ts-contacts-mongo,192-168-29-237-9100_node-memory-active-bytes,0.3605769230769231,11,26,0.3076923076923077,0.41346153846153844,8,11,8,0.4987710843373494,baseline-v2-20260723,cd270e7871bd358937d83d9a49829637fa80007d2964084ef229f578e3733bd3,ba75425861a059dafcc477474fc3e4ed1eafdc2b47d6fdd0557337035d29a960,759570c68da81ecc5e6614652ad4173ac290c812a95a9c1b0edd9667501bf155,12963938,1693230644000000000,300
TT/ts-train-service_mem/1,TT,ts-train-service,mem,1,300,300,stream,0.5,6,0.500080506223131,median_shift,15,0.06666666666666667,0.0,0.2028985507246377,0,0,0,70,102.73919999599457,192-168-29-237-9100|192-168-93-129-9100|ts-config-mongo|ts-consign-price-mongo|ts-contacts-mongo,192-168-29-237-9100_node-memory-active-bytes,0.3605769230769231,11,26,0.3076923076923077,0.41346153846153844,8,11,8,0.4987710843373494,baseline-v2-20260723,cd270e7871bd358937d83d9a49829637fa80007d2964084ef229f578e3733bd3,ba75425861a059dafcc477474fc3e4ed1eafdc2b47d6fdd0557337035d29a960,759570c68da81ecc5e6614652ad4173ac290c812a95a9c1b0edd9667501bf155,12963938,1693230644000000000,300
TT/ts-train-service_mem/1,TT,ts-train-service,mem,1,300,300,stream,0.5,6,0.500080506223131,nsigma,1,1.0,1.0,0.0,1,1,1,70,314.24349994631484,ts-train-service|ts-seat-service|ts-avatar-service|ts-station-service|192-168-93-129-9100,ts-train-service_container-memory-rss,0.3605769230769231,11,26,0.3076923076923077,0.41346153846153844,8,11,8,0.4987710843373494,baseline-v2-20260723,cd270e7871bd358937d83d9a49829637fa80007d2964084ef229f578e3733bd3,ba75425861a059dafcc477474fc3e4ed1eafdc2b47d6fdd0557337035d29a960,759570c68da81ecc5e6614652ad4173ac290c812a95a9c1b0edd9667501bf155,12963938,1693230644000000000,300
TT/ts-train-service_mem/1,TT,ts-train-service,mem,1,300,300,stream,0.5,7,0.4990956467601612,baro,7,0.14285714285714285,0.0,0.08695652173913043,0,0,0,70,383.4788999520242,192-168-29-237-9100|ts-auth-service|ts-user-service|ts-assurance-mongo|ts-inside-payment-mongo,192-168-29-237-9100_node-memory-active-bytes,0.40224358974358976,11,26,0.38461538461538464,0.4198717948717949,10,11,10,0.4997536813922356,baseline-v2-20260723,cd270e7871bd358937d83d9a49829637fa80007d2964084ef229f578e3733bd3,ba75425861a059dafcc477474fc3e4ed1eafdc2b47d6fdd0557337035d29a960,759570c68da81ecc5e6614652ad4173ac290c812a95a9c1b0edd9667501bf155,12963938,1693230644000000000,300
TT/ts-train-service_mem/1,TT,ts-train-service,mem,1,300,300,stream,0.5,7,0.4990956467601612,median_shift,14,0.07142857142857142,0.0,0.18840579710144928,0,0,0,70,103.89760002726689,192-168-29-237-9100|ts-assurance-mongo|ts-auth-service|ts-config-mongo|ts-contacts-mongo,192-168-29-237-9100_node-memory-active-bytes,0.40224358974358976,11,26,0.38461538461538464,0.4198717948717949,10,11,10,0.4997536813922356,baseline-v2-20260723,cd270e7871bd358937d83d9a49829637fa80007d2964084ef229f578e3733bd3,ba75425861a059dafcc477474fc3e4ed1eafdc2b47d6fdd0557337035d29a960,759570c68da81ecc5e6614652ad4173ac290c812a95a9c1b0edd9667501bf155,12963938,1693230644000000000,300
TT/ts-train-service_mem/1,TT,ts-train-service,mem,1,300,300,stream,0.5,7,0.4990956467601612,nsigma,1,1.0,1.0,0.0,1,1,1,70,328.7036999827251,ts-train-service|ts-seat-service|192-168-93-129-9100|ts-preserve-service|ts-avatar-service,ts-train-service_istio-latency-90,0.40224358974358976,11,26,0.38461538461538464,0.4198717948717949,10,11,10,0.4997536813922356,baseline-v2-20260723,cd270e7871bd358937d83d9a49829637fa80007d2964084ef229f578e3733bd3,ba75425861a059dafcc477474fc3e4ed1eafdc2b47d6fdd0557337035d29a960,759570c68da81ecc5e6614652ad4173ac290c812a95a9c1b0edd9667501bf155,12963938,1693230644000000000,300
TT/ts-train-service_mem/1,TT,ts-train-service,mem,1,300,300,stream,0.5,8,0.4996471143886089,baro,4,0.25,0.4,0.043478260869565216,0,0,1,70,403.241700027138,192-168-76-138-9100|ts-auth-service|ts-avatar-service|ts-train-service|ts-assurance-service,192-168-76-138-9100_node-memory-active-bytes,0.34294871794871795,10,26,0.3076923076923077,0.3782051282051282,8,10,8,0.49920348058902275,baseline-v2-20260723,cd270e7871bd358937d83d9a49829637fa80007d2964084ef229f578e3733bd3,ba75425861a059dafcc477474fc3e4ed1eafdc2b47d6fdd0557337035d29a960,759570c68da81ecc5e6614652ad4173ac290c812a95a9c1b0edd9667501bf155,12963938,1693230644000000000,300
TT/ts-train-service_mem/1,TT,ts-train-service,mem,1,300,300,stream,0.5,8,0.4996471143886089,median_shift,16,0.0625,0.0,0.21739130434782608,0,0,0,70,100.24399997200817,192-168-76-138-9100|192-168-93-129-9100|ts-assurance-mongo|ts-auth-mongo|ts-auth-service,192-168-76-138-9100_node-memory-active-bytes,0.34294871794871795,10,26,0.3076923076923077,0.3782051282051282,8,10,8,0.49920348058902275,baseline-v2-20260723,cd270e7871bd358937d83d9a49829637fa80007d2964084ef229f578e3733bd3,ba75425861a059dafcc477474fc3e4ed1eafdc2b47d6fdd0557337035d29a960,759570c68da81ecc5e6614652ad4173ac290c812a95a9c1b0edd9667501bf155,12963938,1693230644000000000,300
TT/ts-train-service_mem/1,TT,ts-train-service,mem,1,300,300,stream,0.5,8,0.4996471143886089,nsigma,1,1.0,1.0,0.0,1,1,1,70,323.21760000195354,ts-train-service|ts-seat-service|ts-preserve-service|ts-avatar-service|ts-station-service,ts-train-service_container-memory-failures-total,0.34294871794871795,10,26,0.3076923076923077,0.3782051282051282,8,10,8,0.49920348058902275,baseline-v2-20260723,cd270e7871bd358937d83d9a49829637fa80007d2964084ef229f578e3733bd3,ba75425861a059dafcc477474fc3e4ed1eafdc2b47d6fdd0557337035d29a960,759570c68da81ecc5e6614652ad4173ac290c812a95a9c1b0edd9667501bf155,12963938,1693230644000000000,300
TT/ts-train-service_mem/1,TT,ts-train-service,mem,1,300,300,stream,0.5,9,0.4991627352794371,baro,4,0.25,0.4,0.043478260869565216,0,0,1,70,366.9749000109732,ts-auth-service|ts-user-service|ts-avatar-service|ts-train-service|ts-assurance-service,ts-auth-service_container-memory-rss,0.4407051282051282,12,26,0.4230769230769231,0.4583333333333333,11,12,11,0.4996867469879518,baseline-v2-20260723,cd270e7871bd358937d83d9a49829637fa80007d2964084ef229f578e3733bd3,ba75425861a059dafcc477474fc3e4ed1eafdc2b47d6fdd0557337035d29a960,759570c68da81ecc5e6614652ad4173ac290c812a95a9c1b0edd9667501bf155,12963938,1693230644000000000,300
TT/ts-train-service_mem/1,TT,ts-train-service,mem,1,300,300,stream,0.5,9,0.4991627352794371,median_shift,16,0.0625,0.0,0.21739130434782608,0,0,0,70,103.02680003223941,192-168-93-129-9100|ts-assurance-mongo|ts-auth-service|ts-config-mongo|ts-consign-price-mongo,192-168-93-129-9100_node-disk-reads-completed-total,0.4407051282051282,12,26,0.4230769230769231,0.4583333333333333,11,12,11,0.4996867469879518,baseline-v2-20260723,cd270e7871bd358937d83d9a49829637fa80007d2964084ef229f578e3733bd3,ba75425861a059dafcc477474fc3e4ed1eafdc2b47d6fdd0557337035d29a960,759570c68da81ecc5e6614652ad4173ac290c812a95a9c1b0edd9667501bf155,12963938,1693230644000000000,300
TT/ts-train-service_mem/1,TT,ts-train-service,mem,1,300,300,stream,0.5,9,0.4991627352794371,nsigma,1,1.0,1.0,0.0,1,1,1,70,316.9458999764174,ts-train-service|ts-route-service|ts-seat-service|ts-admin-basic-info-service|192-168-93-129-9100,ts-train-service_container-memory-working-set-bytes,0.4407051282051282,12,26,0.4230769230769231,0.4583333333333333,11,12,11,0.4996867469879518,baseline-v2-20260723,cd270e7871bd358937d83d9a49829637fa80007d2964084ef229f578e3733bd3,ba75425861a059dafcc477474fc3e4ed1eafdc2b47d6fdd0557337035d29a960,759570c68da81ecc5e6614652ad4173ac290c812a95a9c1b0edd9667501bf155,12963938,1693230644000000000,300
