case_id,system,root_service,fault,repetition,n_pre,n_post,mechanism,rate,replicate,realized_rate,method,rank,reciprocal_rank,avg_at_5,normalized_rank,hit_at_1,hit_at_3,hit_at_5,candidate_count,elapsed_ms,top_5,top_evidence_metric,root_observed_fraction,root_streams_available,root_streams_total,root_pre_observed_fraction,root_post_observed_fraction,root_streams_pre_available,root_streams_post_available,root_streams_scorable,observed_fraction,runner_version,code_hash,config_fingerprint,source_fingerprint,source_size,source_mtime_ns,window
TT/ts-auth-service_delay/3,TT,ts-auth-service,delay,3,300,300,burst,0.1,0,0.1000579920653847,baro,16,0.0625,0.0,0.21739130434782608,0,0,0,70,1129.6781999990344,192-168-45-158-9100|ts-order-mongo|192-168-51-251-9100|ts-travel-service|ts-train-service,192-168-45-158-9100_node-memory-active-bytes,0.9,22,22,0.8828787878787879,0.9171212121212121,22,22,22,0.8985200216450216,baseline-v2-20260723,cd270e7871bd358937d83d9a49829637fa80007d2964084ef229f578e3733bd3,ba75425861a059dafcc477474fc3e4ed1eafdc2b47d6fdd0557337035d29a960,8749b33299f170c222e17d70c10790b5e7b83074c44a94ea59e0226d9a7320f2,12589889,1693262184000000000,300
TT/ts-auth-service_delay/3,TT,ts-auth-service,delay,3,300,300,burst,0.1,0,0.1000579920653847,median_shift,14,0.07142857142857142,0.0,0.18840579710144928,0,0,0,70,352.24599996581674,ts-assurance-mongo|ts-auth-mongo|ts-food-map-service|ts-order-mongo|ts-route-mongo,ts-assurance-mongo_container-memory-rss,0.9,22,22,0.8828787878787879,0.9171212121212121,22,22,22,0.8985200216450216,baseline-v2-20260723,cd270e7871bd358937d83d9a49829637fa80007d2964084ef229f578e3733bd3,ba75425861a059dafcc477474fc3e4ed1eafdc2b47d6fdd0557337035d29a960,8749b33299f170c222e17d70c10790b5e7b83074c44a94ea59e0226d9a7320f2,12589889,1693262184000000000,300
TT/ts-auth-service_delay/3,TT,ts-auth-service,delay,3,300,300,burst,0.1,0,0.1000579920653847,nsigma,3,0.3333333333333333,0.6,0.028985507246376812,0,1,1,70,1036.3385999808088,ts-payment-service|ts-admin-travel-service|ts-auth-service|ts-auth-mongo|ts-consign-price-service,ts-payment-service_istio-latency-90,0.9,22,22,0.8828787878787879,0.9171212121212121,22,22,22,0.8985200216450216,baseline-v2-20260723,cd270e7871bd358937d83d9a49829637fa80007d2964084ef229f578e3733bd3,ba75425861a059dafcc477474fc3e4ed1eafdc2b47d6fdd0557337035d29a960,8749b33299f170c222e17d70c10790b5e7b83074c44a94ea59e0226d9a7320f2,12589889,1693262184000000000,300
TT/ts-auth-service_delay/3,TT,ts-auth-service,delay,3,300,300,burst,0.1,1,0.09990217226353329,baro,15,0.06666666666666667,0.0,0.2028985507246377,0,0,0,70,1080.0875999848358,192-168-51-251-9100|192-168-45-158-9100|ts-order-mongo|ts-travel-service|ts-train-service,192-168-51-251-9100_node-memory-active-bytes,0.9,22,22,0.8909090909090909,0.9090909090909091,22,22,22,0.8986755952380953,baseline-v2-20260723,cd270e7871bd358937d83d9a49829637fa80007d2964084ef229f578e3733bd3,ba75425861a059dafcc477474fc3e4ed1eafdc2b47d6fdd0557337035d29a960,8749b33299f170c222e17d70c10790b5e7b83074c44a94ea59e0226d9a7320f2,12589889,1693262184000000000,300
TT/ts-auth-service_delay/3,TT,ts-auth-service,delay,3,300,300,burst,0.1,1,0.09990217226353329,median_shift,16,0.0625,0.0,0.21739130434782608,0,0,0,70,293.59100002329797,192-168-51-251-9100|ts-auth-mongo|ts-food-map-service|ts-price-service|ts-route-mongo,192-168-51-251-9100_node-memory-active-bytes,0.9,22,22,0.8909090909090909,0.9090909090909091,22,22,22,0.8986755952380953,baseline-v2-20260723,cd270e7871bd358937d83d9a49829637fa80007d2964084ef229f578e3733bd3,ba75425861a059dafcc477474fc3e4ed1eafdc2b47d6fdd0557337035d29a960,8749b33299f170c222e17d70c10790b5e7b83074c44a94ea59e0226d9a7320f2,12589889,1693262184000000000,300
TT/ts-auth-service_delay/3,TT,ts-auth-service,delay,3,300,300,burst,0.1,1,0.09990217226353329,nsigma,3,0.3333333333333333,0.6,0.028985507246376812,0,1,1,70,834.2591999680735,192-168-51-251-9100|ts-payment-service|ts-auth-service|ts-admin-travel-service|ts-auth-mongo,192-168-51-251-9100_node-memory-active-bytes,0.9,22,22,0.8909090909090909,0.9090909090909091,22,22,22,0.8986755952380953,baseline-v2-20260723,cd270e7871bd358937d83d9a49829637fa80007d2964084ef229f578e3733bd3,ba75425861a059dafcc477474fc3e4ed1eafdc2b47d6fdd0557337035d29a960,8749b33299f170c222e17d70c10790b5e7b83074c44a94ea59e0226d9a7320f2,12589889,1693262184000000000,300
TT/ts-auth-service_delay/3,TT,ts-auth-service,delay,3,300,300,burst,0.1,2,0.09998346955145576,baro,15,0.06666666666666667,0.0,0.2028985507246377,0,0,0,70,1018.6408999725245,192-168-45-158-9100|ts-order-mongo|192-168-51-251-9100|ts-travel-service|ts-train-service,192-168-45-158-9100_node-memory-active-bytes,0.9,22,22,0.8896969696969697,0.9103030303030303,22,22,22,0.8985944264069264,baseline-v2-20260723,cd270e7871bd358937d83d9a49829637fa80007d2964084ef229f578e3733bd3,ba75425861a059dafcc477474fc3e4ed1eafdc2b47d6fdd0557337035d29a960,8749b33299f170c222e17d70c10790b5e7b83074c44a94ea59e0226d9a7320f2,12589889,1693262184000000000,300
TT/ts-auth-service_delay/3,TT,ts-auth-service,delay,3,300,300,burst,0.1,2,0.09998346955145576,median_shift,16,0.0625,0.0,0.21739130434782608,0,0,0,70,283.623399969656,ts-auth-mongo|ts-config-mongo|ts-food-map-service|ts-order-mongo|ts-price-service,ts-auth-mongo_container-memory-cache,0.9,22,22,0.8896969696969697,0.9103030303030303,22,22,22,0.8985944264069264,baseline-v2-20260723,cd270e7871bd358937d83d9a49829637fa80007d2964084ef229f578e3733bd3,ba75425861a059dafcc477474fc3e4ed1eafdc2b47d6fdd0557337035d29a960,8749b33299f170c222e17d70c10790b5e7b83074c44a94ea59e0226d9a7320f2,12589889,1693262184000000000,300
TT/ts-auth-service_delay/3,TT,ts-auth-service,delay,3,300,300,burst,0.1,2,0.09998346955145576,nsigma,2,0.5,0.8,0.014492753623188406,0,1,1,70,900.0559000414796,ts-payment-service|ts-auth-service|ts-admin-travel-service|ts-auth-mongo|ts-food-service,ts-payment-service_istio-latency-99,0.9,22,22,0.8896969696969697,0.9103030303030303,22,22,22,0.8985944264069264,baseline-v2-20260723,cd270e7871bd358937d83d9a49829637fa80007d2964084ef229f578e3733bd3,ba75425861a059dafcc477474fc3e4ed1eafdc2b47d6fdd0557337035d29a960,8749b33299f170c222e17d70c10790b5e7b83074c44a94ea59e0226d9a7320f2,12589889,1693262184000000000,300
TT/ts-auth-service_delay/3,TT,ts-auth-service,delay,3,300,300,burst,0.1,3,0.1000756064777679,baro,13,0.07692307692307693,0.0,0.17391304347826086,0,0,0,70,932.56799998926,192-168-45-158-9100|ts-order-mongo|192-168-51-251-9100|ts-travel-service|ts-ticket-office-mongo,192-168-45-158-9100_node-memory-active-bytes,0.9,22,22,0.8904545454545455,0.9095454545454545,22,22,22,0.8985024350649351,baseline-v2-20260723,cd270e7871bd358937d83d9a49829637fa80007d2964084ef229f578e3733bd3,ba75425861a059dafcc477474fc3e4ed1eafdc2b47d6fdd0557337035d29a960,8749b33299f170c222e17d70c10790b5e7b83074c44a94ea59e0226d9a7320f2,12589889,1693262184000000000,300
TT/ts-auth-service_delay/3,TT,ts-auth-service,delay,3,300,300,burst,0.1,3,0.1000756064777679,median_shift,13,0.07692307692307693,0.0,0.17391304347826086,0,0,0,70,232.24370001116768,ts-auth-mongo|ts-food-map-service|ts-route-mongo|ts-station-mongo|ts-ticket-office-service,ts-auth-mongo_container-memory-cache,0.9,22,22,0.8904545454545455,0.9095454545454545,22,22,22,0.8985024350649351,baseline-v2-20260723,cd270e7871bd358937d83d9a49829637fa80007d2964084ef229f578e3733bd3,ba75425861a059dafcc477474fc3e4ed1eafdc2b47d6fdd0557337035d29a960,8749b33299f170c222e17d70c10790b5e7b83074c44a94ea59e0226d9a7320f2,12589889,1693262184000000000,300
TT/ts-auth-service_delay/3,TT,ts-auth-service,delay,3,300,300,burst,0.1,3,0.1000756064777679,nsigma,2,0.5,0.8,0.014492753623188406,0,1,1,70,885.3726999950595,ts-payment-service|ts-auth-service|ts-admin-travel-service|ts-auth-mongo|ts-assurance-mongo,ts-payment-service_istio-latency-99,0.9,22,22,0.8904545454545455,0.9095454545454545,22,22,22,0.8985024350649351,baseline-v2-20260723,cd270e7871bd358937d83d9a49829637fa80007d2964084ef229f578e3733bd3,ba75425861a059dafcc477474fc3e4ed1eafdc2b47d6fdd0557337035d29a960,8749b33299f170c222e17d70c10790b5e7b83074c44a94ea59e0226d9a7320f2,12589889,1693262184000000000,300
TT/ts-auth-service_delay/3,TT,ts-auth-service,delay,3,300,300,burst,0.1,4,0.10011219025733302,baro,16,0.0625,0.0,0.21739130434782608,0,0,0,70,1039.4360999925993,192-168-45-158-9100|ts-order-mongo|192-168-51-251-9100|ts-travel-service|ts-ticket-office-mongo,192-168-45-158-9100_node-memory-active-bytes,0.9,22,22,0.8945454545454545,0.9054545454545454,22,22,22,0.8984659090909091,baseline-v2-20260723,cd270e7871bd358937d83d9a49829637fa80007d2964084ef229f578e3733bd3,ba75425861a059dafcc477474fc3e4ed1eafdc2b47d6fdd0557337035d29a960,8749b33299f170c222e17d70c10790b5e7b83074c44a94ea59e0226d9a7320f2,12589889,1693262184000000000,300
TT/ts-auth-service_delay/3,TT,ts-auth-service,delay,3,300,300,burst,0.1,4,0.10011219025733302,median_shift,9,0.1111111111111111,0.0,0.11594202898550725,0,0,0,70,307.8802000381984,ts-assurance-mongo|ts-auth-mongo|ts-config-mongo|ts-food-map-service|ts-route-mongo,ts-assurance-mongo_container-memory-rss,0.9,22,22,0.8945454545454545,0.9054545454545454,22,22,22,0.8984659090909091,baseline-v2-20260723,cd270e7871bd358937d83d9a49829637fa80007d2964084ef229f578e3733bd3,ba75425861a059dafcc477474fc3e4ed1eafdc2b47d6fdd0557337035d29a960,8749b33299f170c222e17d70c10790b5e7b83074c44a94ea59e0226d9a7320f2,12589889,1693262184000000000,300
TT/ts-auth-service_delay/3,TT,ts-auth-service,delay,3,300,300,burst,0.1,4,0.10011219025733302,nsigma,2,0.5,0.8,0.014492753623188406,0,1,1,70,860.2521999855526,ts-payment-service|ts-auth-service|ts-admin-travel-service|ts-assurance-mongo|ts-auth-mongo,ts-payment-service_istio-latency-90,0.9,22,22,0.8945454545454545,0.9054545454545454,22,22,22,0.8984659090909091,baseline-v2-20260723,cd270e7871bd358937d83d9a49829637fa80007d2964084ef229f578e3733bd3,ba75425861a059dafcc477474fc3e4ed1eafdc2b47d6fdd0557337035d29a960,8749b33299f170c222e17d70c10790b5e7b83074c44a94ea59e0226d9a7320f2,12589889,1693262184000000000,300
TT/ts-auth-service_delay/3,TT,ts-auth-service,delay,3,300,300,burst,0.1,5,0.10007289656817049,baro,15,0.06666666666666667,0.0,0.2028985507246377,0,0,0,70,1024.422099988442,192-168-45-158-9100|192-168-51-251-9100|ts-travel-service|ts-ticket-office-mongo|ts-route-mongo,192-168-45-158-9100_node-memory-active-bytes,0.9,22,22,0.9093939393939394,0.8906060606060606,22,22,22,0.8985051406926406,baseline-v2-20260723,cd270e7871bd358937d83d9a49829637fa80007d2964084ef229f578e3733bd3,ba75425861a059dafcc477474fc3e4ed1eafdc2b47d6fdd0557337035d29a960,8749b33299f170c222e17d70c10790b5e7b83074c44a94ea59e0226d9a7320f2,12589889,1693262184000000000,300
TT/ts-auth-service_delay/3,TT,ts-auth-service,delay,3,300,300,burst,0.1,5,0.10007289656817049,median_shift,15,0.06666666666666667,0.0,0.2028985507246377,0,0,0,70,304.9423000193201,ts-auth-mongo|ts-food-map-service|ts-route-mongo|ts-station-mongo|ts-ticket-office-service,ts-auth-mongo_container-memory-cache,0.9,22,22,0.9093939393939394,0.8906060606060606,22,22,22,0.8985051406926406,baseline-v2-20260723,cd270e7871bd358937d83d9a49829637fa80007d2964084ef229f578e3733bd3,ba75425861a059dafcc477474fc3e4ed1eafdc2b47d6fdd0557337035d29a960,8749b33299f170c222e17d70c10790b5e7b83074c44a94ea59e0226d9a7320f2,12589889,1693262184000000000,300
TT/ts-auth-service_delay/3,TT,ts-auth-service,delay,3,300,300,burst,0.1,5,0.10007289656817049,nsigma,3,0.3333333333333333,0.6,0.028985507246376812,0,1,1,70,806.6074000089429,ts-payment-service|ts-admin-travel-service|ts-auth-service|ts-auth-mongo|ts-assurance-mongo,ts-payment-service_istio-latency-99,0.9,22,22,0.9093939393939394,0.8906060606060606,22,22,22,0.8985051406926406,baseline-v2-20260723,cd270e7871bd358937d83d9a49829637fa80007d2964084ef229f578e3733bd3,ba75425861a059dafcc477474fc3e4ed1eafdc2b47d6fdd0557337035d29a960,8749b33299f170c222e17d70c10790b5e7b83074c44a94ea59e0226d9a7320f2,12589889,1693262184000000000,300
TT/ts-auth-service_delay/3,TT,ts-auth-service,delay,3,300,300,burst,0.1,6,0.10007967134216403,baro,15,0.06666666666666667,0.0,0.2028985507246377,0,0,0,70,970.0861999881454,192-168-45-158-9100|ts-order-mongo|ts-travel-service|192-168-51-251-9100|ts-ticket-office-mongo,192-168-45-158-9100_node-memory-active-bytes,0.9,22,22,0.8816666666666667,0.9183333333333333,22,22,22,0.8984983766233766,baseline-v2-20260723,cd270e7871bd358937d83d9a49829637fa80007d2964084ef229f578e3733bd3,ba75425861a059dafcc477474fc3e4ed1eafdc2b47d6fdd0557337035d29a960,8749b33299f170c222e17d70c10790b5e7b83074c44a94ea59e0226d9a7320f2,12589889,1693262184000000000,300
TT/ts-auth-service_delay/3,TT,ts-auth-service,delay,3,300,300,burst,0.1,6,0.10007967134216403,median_shift,17,0.058823529411764705,0.0,0.2318840579710145,0,0,0,70,250.720200012438,192-168-51-251-9100|ts-assurance-mongo|ts-auth-mongo|ts-config-mongo|ts-food-map-service,192-168-51-251-9100_node-memory-active-bytes,0.9,22,22,0.8816666666666667,0.9183333333333333,22,22,22,0.8984983766233766,baseline-v2-20260723,cd270e7871bd358937d83d9a49829637fa80007d2964084ef229f578e3733bd3,ba75425861a059dafcc477474fc3e4ed1eafdc2b47d6fdd0557337035d29a960,8749b33299f170c222e17d70c10790b5e7b83074c44a94ea59e0226d9a7320f2,12589889,1693262184000000000,300
TT/ts-auth-service_delay/3,TT,ts-auth-service,delay,3,300,300,burst,0.1,6,0.10007967134216403,nsigma,2,0.5,0.8,0.014492753623188406,0,1,1,70,831.0808999813162,ts-payment-service|ts-auth-service|ts-admin-travel-service|ts-auth-mongo|ts-food-service,ts-payment-service_istio-latency-99,0.9,22,22,0.8816666666666667,0.9183333333333333,22,22,22,0.8984983766233766,baseline-v2-20260723,cd270e7871bd358937d83d9a49829637fa80007d2964084ef229f578e3733bd3,ba75425861a059dafcc477474fc3e4ed1eafdc2b47d6fdd0557337035d29a960,8749b33299f170c222e17d70c10790b5e7b83074c44a94ea59e0226d9a7320f2,12589889,1693262184000000000,300
TT/ts-auth-service_delay/3,TT,ts-auth-service,delay,3,300,300,burst,0.1,7,0.1001270947601188,baro,16,0.0625,0.0,0.21739130434782608,0,0,0,70,992.1360000153072,192-168-45-158-9100|ts-admin-travel-service|192-168-51-251-9100|ts-travel-service|ts-ticket-office-mongo,192-168-45-158-9100_node-memory-active-bytes,0.9,22,22,0.8804545454545455,0.9195454545454546,22,22,22,0.8984510281385282,baseline-v2-20260723,cd270e7871bd358937d83d9a49829637fa80007d2964084ef229f578e3733bd3,ba75425861a059dafcc477474fc3e4ed1eafdc2b47d6fdd0557337035d29a960,8749b33299f170c222e17d70c10790b5e7b83074c44a94ea59e0226d9a7320f2,12589889,1693262184000000000,300
TT/ts-auth-service_delay/3,TT,ts-auth-service,delay,3,300,300,burst,0.1,7,0.1001270947601188,median_shift,17,0.058823529411764705,0.0,0.2318840579710145,0,0,0,70,268.96239997586235,ts-assurance-mongo|ts-auth-mongo|ts-config-mongo|ts-food-map-service|ts-route-mongo,ts-assurance-mongo_container-memory-rss,0.9,22,22,0.8804545454545455,0.9195454545454546,22,22,22,0.8984510281385282,baseline-v2-20260723,cd270e7871bd358937d83d9a49829637fa80007d2964084ef229f578e3733bd3,ba75425861a059dafcc477474fc3e4ed1eafdc2b47d6fdd0557337035d29a960,8749b33299f170c222e17d70c10790b5e7b83074c44a94ea59e0226d9a7320f2,12589889,1693262184000000000,300
TT/ts-auth-service_delay/3,TT,ts-auth-service,delay,3,300,300,burst,0.1,7,0.1001270947601188,nsigma,3,0.3333333333333333,0.6,0.028985507246376812,0,1,1,70,925.8780999807641,ts-payment-service|ts-admin-travel-service|ts-auth-service|ts-auth-mongo|ts-food-service,ts-payment-service_istio-latency-99,0.9,22,22,0.8804545454545455,0.9195454545454546,22,22,22,0.8984510281385282,baseline-v2-20260723,cd270e7871bd358937d83d9a49829637fa80007d2964084ef229f578e3733bd3,ba75425861a059dafcc477474fc3e4ed1eafdc2b47d6fdd0557337035d29a960,8749b33299f170c222e17d70c10790b5e7b83074c44a94ea59e0226d9a7320f2,12589889,1693262184000000000,300
TT/ts-auth-service_delay/3,TT,ts-auth-service,delay,3,300,300,burst,0.1,8,0.10012167494092397,baro,16,0.0625,0.0,0.21739130434782608,0,0,0,70,1065.898000029847,192-168-45-158-9100|ts-order-mongo|192-168-51-251-9100|ts-travel-service|ts-ticket-office-mongo,192-168-45-158-9100_node-memory-active-bytes,0.9,22,22,0.9262121212121213,0.8737878787878788,22,22,22,0.8984564393939394,baseline-v2-20260723,cd270e7871bd358937d83d9a49829637fa80007d2964084ef229f578e3733bd3,ba75425861a059dafcc477474fc3e4ed1eafdc2b47d6fdd0557337035d29a960,8749b33299f170c222e17d70c10790b5e7b83074c44a94ea59e0226d9a7320f2,12589889,1693262184000000000,300
TT/ts-auth-service_delay/3,TT,ts-auth-service,delay,3,300,300,burst,0.1,8,0.10012167494092397,median_shift,17,0.058823529411764705,0.0,0.2318840579710145,0,0,0,70,369.0267999772914,ts-auth-mongo|ts-config-mongo|ts-food-map-service|ts-order-mongo|ts-route-mongo,ts-auth-mongo_container-memory-cache,0.9,22,22,0.9262121212121213,0.8737878787878788,22,22,22,0.8984564393939394,baseline-v2-20260723,cd270e7871bd358937d83d9a49829637fa80007d2964084ef229f578e3733bd3,ba75425861a059dafcc477474fc3e4ed1eafdc2b47d6fdd0557337035d29a960,8749b33299f170c222e17d70c10790b5e7b83074c44a94ea59e0226d9a7320f2,12589889,1693262184000000000,300
TT/ts-auth-service_delay/3,TT,ts-auth-service,delay,3,300,300,burst,0.1,8,0.10012167494092397,nsigma,2,0.5,0.8,0.014492753623188406,0,1,1,70,779.5434999861754,ts-payment-service|ts-auth-service|ts-admin-travel-service|ts-auth-mongo|ts-food-service,ts-payment-service_istio-latency-99,0.9,22,22,0.9262121212121213,0.8737878787878788,22,22,22,0.8984564393939394,baseline-v2-20260723,cd270e7871bd358937d83d9a49829637fa80007d2964084ef229f578e3733bd3,ba75425861a059dafcc477474fc3e4ed1eafdc2b47d6fdd0557337035d29a960,8749b33299f170c222e17d70c10790b5e7b83074c44a94ea59e0226d9a7320f2,12589889,1693262184000000000,300
TT/ts-auth-service_delay/3,TT,ts-auth-service,delay,3,300,300,burst,0.1,9,0.099991599280248,baro,13,0.07692307692307693,0.0,0.17391304347826086,0,0,0,70,1054.8688999842852,192-168-45-158-9100|ts-order-mongo|ts-travel-service|ts-ticket-office-mongo|ts-station-mongo,192-168-45-158-9100_node-memory-active-bytes,0.9,22,22,0.8907575757575757,0.9092424242424243,22,22,22,0.8985863095238096,baseline-v2-20260723,cd270e7871bd358937d83d9a49829637fa80007d2964084ef229f578e3733bd3,ba75425861a059dafcc477474fc3e4ed1eafdc2b47d6fdd0557337035d29a960,8749b33299f170c222e17d70c10790b5e7b83074c44a94ea59e0226d9a7320f2,12589889,1693262184000000000,300
TT/ts-auth-service_delay/3,TT,ts-auth-service,delay,3,300,300,burst,0.1,9,0.099991599280248,median_shift,16,0.0625,0.0,0.21739130434782608,0,0,0,70,343.50929997162893,192-168-51-251-9100|ts-auth-mongo|ts-config-mongo|ts-food-map-service|ts-route-mongo,192-168-51-251-9100_node-memory-active-bytes,0.9,22,22,0.8907575757575757,0.9092424242424243,22,22,22,0.8985863095238096,baseline-v2-20260723,cd270e7871bd358937d83d9a49829637fa80007d2964084ef229f578e3733bd3,ba75425861a059dafcc477474fc3e4ed1eafdc2b47d6fdd0557337035d29a960,8749b33299f170c222e17d70c10790b5e7b83074c44a94ea59e0226d9a7320f2,12589889,1693262184000000000,300
TT/ts-auth-service_delay/3,TT,ts-auth-service,delay,3,300,300,burst,0.1,9,0.099991599280248,nsigma,2,0.5,0.8,0.014492753623188406,0,1,1,70,846.368899976369,ts-payment-service|ts-auth-service|ts-admin-travel-service|ts-consign-price-service|ts-auth-mongo,ts-payment-service_istio-latency-99,0.9,22,22,0.8907575757575757,0.9092424242424243,22,22,22,0.8985863095238096,baseline-v2-20260723,cd270e7871bd358937d83d9a49829637fa80007d2964084ef229f578e3733bd3,ba75425861a059dafcc477474fc3e4ed1eafdc2b47d6fdd0557337035d29a960,8749b33299f170c222e17d70c10790b5e7b83074c44a94ea59e0226d9a7320f2,12589889,1693262184000000000,300
TT/ts-auth-service_delay/3,TT,ts-auth-service,delay,3,300,300,burst,0.3,0,0.2999273744227893,baro,30,0.03333333333333333,0.0,0.42028985507246375,0,0,0,70,1129.425099992659,192-168-76-138-9100|192-168-29-237-9100|192-168-45-158-9100|ts-admin-travel-service|ts-consign-price-service,192-168-76-138-9100_node-memory-active-bytes,0.7,22,22,0.7545454545454545,0.6454545454545455,22,22,22,0.6989664502164502,baseline-v2-20260723,cd270e7871bd358937d83d9a49829637fa80007d2964084ef229f578e3733bd3,ba75425861a059dafcc477474fc3e4ed1eafdc2b47d6fdd0557337035d29a960,8749b33299f170c222e17d70c10790b5e7b83074c44a94ea59e0226d9a7320f2,12589889,1693262184000000000,300
TT/ts-auth-service_delay/3,TT,ts-auth-service,delay,3,300,300,burst,0.3,0,0.2999273744227893,median_shift,28,0.03571428571428571,0.0,0.391304347826087,0,0,0,70,311.6030999808572,192-168-76-138-9100|ts-admin-travel-service|ts-assurance-mongo|ts-auth-mongo|ts-config-mongo,192-168-76-138-9100_node-memory-active-bytes,0.7,22,22,0.7545454545454545,0.6454545454545455,22,22,22,0.6989664502164502,baseline-v2-20260723,cd270e7871bd358937d83d9a49829637fa80007d2964084ef229f578e3733bd3,ba75425861a059dafcc477474fc3e4ed1eafdc2b47d6fdd0557337035d29a960,8749b33299f170c222e17d70c10790b5e7b83074c44a94ea59e0226d9a7320f2,12589889,1693262184000000000,300
TT/ts-auth-service_delay/3,TT,ts-auth-service,delay,3,300,300,burst,0.3,0,0.2999273744227893,nsigma,4,0.25,0.4,0.043478260869565216,0,0,1,70,910.7401000219397,ts-admin-travel-service|ts-payment-service|ts-travel-service|ts-auth-service|ts-consign-price-service,ts-admin-travel-service_container-memory-usage-bytes,0.7,22,22,0.7545454545454545,0.6454545454545455,22,22,22,0.6989664502164502,baseline-v2-20260723,cd270e7871bd358937d83d9a49829637fa80007d2964084ef229f578e3733bd3,ba75425861a059dafcc477474fc3e4ed1eafdc2b47d6fdd0557337035d29a960,8749b33299f170c222e17d70c10790b5e7b83074c44a94ea59e0226d9a7320f2,12589889,1693262184000000000,300
TT/ts-auth-service_delay/3,TT,ts-auth-service,delay,3,300,300,burst,0.3,1,0.29985420686365905,baro,42,0.023809523809523808,0.0,0.5942028985507246,0,0,0,70,914.5842000143602,192-168-29-237-9100|192-168-45-158-9100|ts-order-service|ts-payment-service|ts-inside-payment-service,192-168-29-237-9100_node-memory-active-bytes,0.7,22,22,0.7137878787878787,0.6862121212121212,22,22,22,0.6990395021645022,baseline-v2-20260723,cd270e7871bd358937d83d9a49829637fa80007d2964084ef229f578e3733bd3,ba75425861a059dafcc477474fc3e4ed1eafdc2b47d6fdd0557337035d29a960,8749b33299f170c222e17d70c10790b5e7b83074c44a94ea59e0226d9a7320f2,12589889,1693262184000000000,300
TT/ts-auth-service_delay/3,TT,ts-auth-service,delay,3,300,300,burst,0.3,1,0.29985420686365905,median_shift,16,0.0625,0.0,0.21739130434782608,0,0,0,70,235.9520000172779,ts-assurance-mongo|ts-auth-mongo|ts-consign-price-mongo|ts-food-map-service|ts-order-service,ts-assurance-mongo_container-memory-rss,0.7,22,22,0.7137878787878787,0.6862121212121212,22,22,22,0.6990395021645022,baseline-v2-20260723,cd270e7871bd358937d83d9a49829637fa80007d2964084ef229f578e3733bd3,ba75425861a059dafcc477474fc3e4ed1eafdc2b47d6fdd0557337035d29a960,8749b33299f170c222e17d70c10790b5e7b83074c44a94ea59e0226d9a7320f2,12589889,1693262184000000000,300
TT/ts-auth-service_delay/3,TT,ts-auth-service,delay,3,300,300,burst,0.3,1,0.29985420686365905,nsigma,4,0.25,0.4,0.043478260869565216,0,0,1,70,888.2680999813601,ts-admin-travel-service|ts-consign-price-service|ts-food-service|ts-auth-service|ts-assurance-mongo,ts-admin-travel-service_container-memory-usage-bytes,0.7,22,22,0.7137878787878787,0.6862121212121212,22,22,22,0.6990395021645022,baseline-v2-20260723,cd270e7871bd358937d83d9a49829637fa80007d2964084ef229f578e3733bd3,ba75425861a059dafcc477474fc3e4ed1eafdc2b47d6fdd0557337035d29a960,8749b33299f170c222e17d70c10790b5e7b83074c44a94ea59e0226d9a7320f2,12589889,1693262184000000000,300
TT/ts-auth-service_delay/3,TT,ts-auth-service,delay,3,300,300,burst,0.3,2,0.30001138162030916,baro,33,0.030303030303030304,0.0,0.463768115942029,0,0,0,70,1100.608500011731,192-168-76-138-9100|192-168-51-251-9100|192-168-45-158-9100|ts-consign-price-service|ts-payment-service,192-168-76-138-9100_node-memory-inactive-bytes,0.7,22,22,0.698030303030303,0.701969696969697,22,22,22,0.6988825757575757,baseline-v2-20260723,cd270e7871bd358937d83d9a49829637fa80007d2964084ef229f578e3733bd3,ba75425861a059dafcc477474fc3e4ed1eafdc2b47d6fdd0557337035d29a960,8749b33299f170c222e17d70c10790b5e7b83074c44a94ea59e0226d9a7320f2,12589889,1693262184000000000,300
TT/ts-auth-service_delay/3,TT,ts-auth-service,delay,3,300,300,burst,0.3,2,0.30001138162030916,median_shift,21,0.047619047619047616,0.0,0.2898550724637681,0,0,0,70,290.2074999874458,ts-assurance-mongo|ts-auth-mongo|ts-config-mongo|ts-consign-mongo|ts-food-map-mongo,ts-assurance-mongo_container-memory-rss,0.7,22,22,0.698030303030303,0.701969696969697,22,22,22,0.6988825757575757,baseline-v2-20260723,cd270e7871bd358937d83d9a49829637fa80007d2964084ef229f578e3733bd3,ba75425861a059dafcc477474fc3e4ed1eafdc2b47d6fdd0557337035d29a960,8749b33299f170c222e17d70c10790b5e7b83074c44a94ea59e0226d9a7320f2,12589889,1693262184000000000,300
TT/ts-auth-service_delay/3,TT,ts-auth-service,delay,3,300,300,burst,0.3,2,0.30001138162030916,nsigma,3,0.3333333333333333,0.6,0.028985507246376812,0,1,1,70,844.1344000166282,ts-payment-service|ts-admin-travel-service|ts-auth-service|ts-order-other-service|ts-consign-price-service,ts-payment-service_istio-latency-99,0.7,22,22,0.698030303030303,0.701969696969697,22,22,22,0.6988825757575757,baseline-v2-20260723,cd270e7871bd358937d83d9a49829637fa80007d2964084ef229f578e3733bd3,ba75425861a059dafcc477474fc3e4ed1eafdc2b47d6fdd0557337035d29a960,8749b33299f170c222e17d70c10790b5e7b83074c44a94ea59e0226d9a7320f2,12589889,1693262184000000000,300
TT/ts-auth-service_delay/3,TT,ts-auth-service,delay,3,300,300,burst,0.3,3,0.3000195113491014,baro,33,0.030303030303030304,0.0,0.463768115942029,0,0,0,70,1121.088600018993,192-168-76-138-9100|192-168-51-251-9100|192-168-45-158-9100|ts-admin-travel-service|ts-security-service,192-168-76-138-9100_node-memory-active-bytes,0.7,22,22,0.6877272727272727,0.7122727272727273,22,22,22,0.6988744588744589,baseline-v2-20260723,cd270e7871bd358937d83d9a49829637fa80007d2964084ef229f578e3733bd3,ba75425861a059dafcc477474fc3e4ed1eafdc2b47d6fdd0557337035d29a960,8749b33299f170c222e17d70c10790b5e7b83074c44a94ea59e0226d9a7320f2,12589889,1693262184000000000,300
TT/ts-auth-service_delay/3,TT,ts-auth-service,delay,3,300,300,burst,0.3,3,0.3000195113491014,median_shift,26,0.038461538461538464,0.0,0.36231884057971014,0,0,0,70,299.2952999775298,192-168-76-138-9100|ts-admin-travel-service|ts-assurance-mongo|ts-auth-mongo|ts-config-mongo,192-168-76-138-9100_node-memory-active-bytes,0.7,22,22,0.6877272727272727,0.7122727272727273,22,22,22,0.6988744588744589,baseline-v2-20260723,cd270e7871bd358937d83d9a49829637fa80007d2964084ef229f578e3733bd3,ba75425861a059dafcc477474fc3e4ed1eafdc2b47d6fdd0557337035d29a960,8749b33299f170c222e17d70c10790b5e7b83074c44a94ea59e0226d9a7320f2,12589889,1693262184000000000,300
TT/ts-auth-service_delay/3,TT,ts-auth-service,delay,3,300,300,burst,0.3,3,0.3000195113491014,nsigma,3,0.3333333333333333,0.6,0.028985507246376812,0,1,1,70,823.1739000184461,ts-payment-service|ts-admin-travel-service|ts-auth-service|ts-auth-mongo|ts-payment-mongo,ts-payment-service_istio-latency-99,0.7,22,22,0.6877272727272727,0.7122727272727273,22,22,22,0.6988744588744589,baseline-v2-20260723,cd270e7871bd358937d83d9a49829637fa80007d2964084ef229f578e3733bd3,ba75425861a059dafcc477474fc3e4ed1eafdc2b47d6fdd0557337035d29a960,8749b33299f170c222e17d70c10790b5e7b83074c44a94ea59e0226d9a7320f2,12589889,1693262184000000000,300
TT/ts-auth-service_delay/3,TT,ts-auth-service,delay,3,300,300,burst,0.3,4,0.29989485550762024,baro,35,0.02857142857142857,0.0,0.4927536231884058,0,0,0,70,1042.1638000407256,192-168-45-158-9100|ts-payment-service|ts-ticketinfo-service|192-168-51-251-9100|ts-travel-service,192-168-45-158-9100_node-memory-active-bytes,0.7,22,22,0.7554545454545455,0.6445454545454545,22,22,22,0.6989989177489178,baseline-v2-20260723,cd270e7871bd358937d83d9a49829637fa80007d2964084ef229f578e3733bd3,ba75425861a059dafcc477474fc3e4ed1eafdc2b47d6fdd0557337035d29a960,8749b33299f170c222e17d70c10790b5e7b83074c44a94ea59e0226d9a7320f2,12589889,1693262184000000000,300
TT/ts-auth-service_delay/3,TT,ts-auth-service,delay,3,300,300,burst,0.3,4,0.29989485550762024,median_shift,3,0.3333333333333333,0.6,0.028985507246376812,0,1,1,70,319.2229999694973,ts-assurance-mongo|ts-auth-mongo|ts-auth-service|ts-config-mongo|ts-food-map-service,ts-assurance-mongo_container-memory-rss,0.7,22,22,0.7554545454545455,0.6445454545454545,22,22,22,0.6989989177489178,baseline-v2-20260723,cd270e7871bd358937d83d9a49829637fa80007d2964084ef229f578e3733bd3,ba75425861a059dafcc477474fc3e4ed1eafdc2b47d6fdd0557337035d29a960,8749b33299f170c222e17d70c10790b5e7b83074c44a94ea59e0226d9a7320f2,12589889,1693262184000000000,300
TT/ts-auth-service_delay/3,TT,ts-auth-service,delay,3,300,300,burst,0.3,4,0.29989485550762024,nsigma,3,0.3333333333333333,0.6,0.028985507246376812,0,1,1,70,921.1193000082858,ts-admin-travel-service|ts-consign-price-service|ts-auth-service|ts-auth-mongo|ts-consign-service,ts-admin-travel-service_container-memory-working-set-bytes,0.7,22,22,0.7554545454545455,0.6445454545454545,22,22,22,0.6989989177489178,baseline-v2-20260723,cd270e7871bd358937d83d9a49829637fa80007d2964084ef229f578e3733bd3,ba75425861a059dafcc477474fc3e4ed1eafdc2b47d6fdd0557337035d29a960,8749b33299f170c222e17d70c10790b5e7b83074c44a94ea59e0226d9a7320f2,12589889,1693262184000000000,300
TT/ts-auth-service_delay/3,TT,ts-auth-service,delay,3,300,300,burst,0.3,5,0.2999002753268151,baro,34,0.029411764705882353,0.0,0.4782608695652174,0,0,0,70,963.6933000292629,192-168-29-237-9100|192-168-45-158-9100|ts-admin-travel-service|ts-payment-service|ts-user-service,192-168-29-237-9100_node-memory-active-bytes,0.7,22,22,0.7601515151515151,0.6398484848484849,22,22,22,0.6989935064935064,baseline-v2-20260723,cd270e7871bd358937d83d9a49829637fa80007d2964084ef229f578e3733bd3,ba75425861a059dafcc477474fc3e4ed1eafdc2b47d6fdd0557337035d29a960,8749b33299f170c222e17d70c10790b5e7b83074c44a94ea59e0226d9a7320f2,12589889,1693262184000000000,300
TT/ts-auth-service_delay/3,TT,ts-auth-service,delay,3,300,300,burst,0.3,5,0.2999002753268151,median_shift,25,0.04,0.0,0.34782608695652173,0,0,0,70,256.7708000424318,ts-assurance-mongo|ts-auth-mongo|ts-config-mongo|ts-consign-mongo|ts-food-map-mongo,ts-assurance-mongo_container-memory-rss,0.7,22,22,0.7601515151515151,0.6398484848484849,22,22,22,0.6989935064935064,baseline-v2-20260723,cd270e7871bd358937d83d9a49829637fa80007d2964084ef229f578e3733bd3,ba75425861a059dafcc477474fc3e4ed1eafdc2b47d6fdd0557337035d29a960,8749b33299f170c222e17d70c10790b5e7b83074c44a94ea59e0226d9a7320f2,12589889,1693262184000000000,300
TT/ts-auth-service_delay/3,TT,ts-auth-service,delay,3,300,300,burst,0.3,5,0.2999002753268151,nsigma,2,0.5,0.8,0.014492753623188406,0,1,1,70,842.8013999946415,ts-admin-travel-service|ts-auth-service|ts-consign-price-service|ts-assurance-mongo|ts-food-service,ts-admin-travel-service_container-memory-working-set-bytes,0.7,22,22,0.7601515151515151,0.6398484848484849,22,22,22,0.6989935064935064,baseline-v2-20260723,cd270e7871bd358937d83d9a49829637fa80007d2964084ef229f578e3733bd3,ba75425861a059dafcc477474fc3e4ed1eafdc2b47d6fdd0557337035d29a960,8749b33299f170c222e17d70c10790b5e7b83074c44a94ea59e0226d9a7320f2,12589889,1693262184000000000,300
TT/ts-auth-service_delay/3,TT,ts-auth-service,delay,3,300,300,burst,0.3,6,0.2997512302989572,baro,34,0.029411764705882353,0.0,0.4782608695652174,0,0,0,70,922.6530999876559,ts-admin-travel-service|ts-contacts-service|ts-preserve-service|ts-inside-payment-service|ts-order-mongo,ts-admin-travel-service_container-memory-rss,0.7,22,22,0.686060606060606,0.713939393939394,22,22,22,0.699142316017316,baseline-v2-20260723,cd270e7871bd358937d83d9a49829637fa80007d2964084ef229f578e3733bd3,ba75425861a059dafcc477474fc3e4ed1eafdc2b47d6fdd0557337035d29a960,8749b33299f170c222e17d70c10790b5e7b83074c44a94ea59e0226d9a7320f2,12589889,1693262184000000000,300
TT/ts-auth-service_delay/3,TT,ts-auth-service,delay,3,300,300,burst,0.3,6,0.2997512302989572,median_shift,18,0.05555555555555555,0.0,0.2463768115942029,0,0,0,70,270.080299989786,ts-auth-mongo|ts-consign-price-mongo|ts-food-map-service|ts-payment-service|ts-route-mongo,ts-auth-mongo_container-memory-cache,0.7,22,22,0.686060606060606,0.713939393939394,22,22,22,0.699142316017316,baseline-v2-20260723,cd270e7871bd358937d83d9a49829637fa80007d2964084ef229f578e3733bd3,ba75425861a059dafcc477474fc3e4ed1eafdc2b47d6fdd0557337035d29a960,8749b33299f170c222e17d70c10790b5e7b83074c44a94ea59e0226d9a7320f2,12589889,1693262184000000000,300
TT/ts-auth-service_delay/3,TT,ts-auth-service,delay,3,300,300,burst,0.3,6,0.2997512302989572,nsigma,1,1.0,1.0,0.0,1,1,1,70,821.6597999562509,ts-auth-service|ts-admin-travel-service|ts-consign-price-service|ts-order-other-service|ts-food-mongo,ts-auth-service_istio-latency-50,0.7,22,22,0.686060606060606,0.713939393939394,22,22,22,0.699142316017316,baseline-v2-20260723,cd270e7871bd358937d83d9a49829637fa80007d2964084ef229f578e3733bd3,ba75425861a059dafcc477474fc3e4ed1eafdc2b47d6fdd0557337035d29a960,8749b33299f170c222e17d70c10790b5e7b83074c44a94ea59e0226d9a7320f2,12589889,1693262184000000000,300
TT/ts-auth-service_delay/3,TT,ts-auth-service,delay,3,300,300,burst,0.3,7,0.29987588614043836,baro,41,0.024390243902439025,0.0,0.5797101449275363,0,0,0,70,950.3015999798663,192-168-93-129-9100|ts-admin-travel-service|ts-contacts-service|ts-preserve-service|ts-order-mongo,192-168-93-129-9100_node-memory-inactive-bytes,0.7,22,22,0.6871212121212121,0.7128787878787879,22,22,22,0.6990178571428571,baseline-v2-20260723,cd270e7871bd358937d83d9a49829637fa80007d2964084ef229f578e3733bd3,ba75425861a059dafcc477474fc3e4ed1eafdc2b47d6fdd0557337035d29a960,8749b33299f170c222e17d70c10790b5e7b83074c44a94ea59e0226d9a7320f2,12589889,1693262184000000000,300
TT/ts-auth-service_delay/3,TT,ts-auth-service,delay,3,300,300,burst,0.3,7,0.29987588614043836,median_shift,18,0.05555555555555555,0.0,0.2463768115942029,0,0,0,70,230.25959997903556,ts-auth-mongo|ts-config-mongo|ts-food-map-service|ts-station-mongo|ts-ticket-office-service,ts-auth-mongo_container-memory-cache,0.7,22,22,0.6871212121212121,0.7128787878787879,22,22,22,0.6990178571428571,baseline-v2-20260723,cd270e7871bd358937d83d9a49829637fa80007d2964084ef229f578e3733bd3,ba75425861a059dafcc477474fc3e4ed1eafdc2b47d6fdd0557337035d29a960,8749b33299f170c222e17d70c10790b5e7b83074c44a94ea59e0226d9a7320f2,12589889,1693262184000000000,300
TT/ts-auth-service_delay/3,TT,ts-auth-service,delay,3,300,300,burst,0.3,7,0.29987588614043836,nsigma,2,0.5,0.8,0.014492753623188406,0,1,1,70,900.7090000086464,ts-admin-travel-service|ts-auth-service|ts-order-other-service|ts-payment-service|ts-contacts-mongo,ts-admin-travel-service_container-memory-working-set-bytes,0.7,22,22,0.6871212121212121,0.7128787878787879,22,22,22,0.6990178571428571,baseline-v2-20260723,cd270e7871bd358937d83d9a49829637fa80007d2964084ef229f578e3733bd3,ba75425861a059dafcc477474fc3e4ed1eafdc2b47d6fdd0557337035d29a960,8749b33299f170c222e17d70c10790b5e7b83074c44a94ea59e0226d9a7320f2,12589889,1693262184000000000,300
TT/ts-auth-service_delay/3,TT,ts-auth-service,delay,3,300,300,burst,0.3,8,0.300016801439504,baro,26,0.038461538461538464,0.0,0.36231884057971014,0,0,0,70,1204.4295000378042,192-168-45-158-9100|ts-admin-travel-service|ts-order-mongo|ts-ticketinfo-service|ts-train-mongo,192-168-45-158-9100_node-memory-active-bytes,0.7,22,22,0.7119696969696969,0.688030303030303,22,22,22,0.6988771645021645,baseline-v2-20260723,cd270e7871bd358937d83d9a49829637fa80007d2964084ef229f578e3733bd3,ba75425861a059dafcc477474fc3e4ed1eafdc2b47d6fdd0557337035d29a960,8749b33299f170c222e17d70c10790b5e7b83074c44a94ea59e0226d9a7320f2,12589889,1693262184000000000,300
TT/ts-auth-service_delay/3,TT,ts-auth-service,delay,3,300,300,burst,0.3,8,0.300016801439504,median_shift,18,0.05555555555555555,0.0,0.2463768115942029,0,0,0,70,359.9582000169903,ts-admin-travel-service|ts-auth-mongo|ts-config-mongo|ts-consign-mongo|ts-food-map-service,ts-admin-travel-service_container-memory-rss,0.7,22,22,0.7119696969696969,0.688030303030303,22,22,22,0.6988771645021645,baseline-v2-20260723,cd270e7871bd358937d83d9a49829637fa80007d2964084ef229f578e3733bd3,ba75425861a059dafcc477474fc3e4ed1eafdc2b47d6fdd0557337035d29a960,8749b33299f170c222e17d70c10790b5e7b83074c44a94ea59e0226d9a7320f2,12589889,1693262184000000000,300
TT/ts-auth-service_delay/3,TT,ts-auth-service,delay,3,300,300,burst,0.3,8,0.300016801439504,nsigma,2,0.5,0.8,0.014492753623188406,0,1,1,70,947.6616000174545,ts-train-service|ts-auth-service|ts-consign-price-service|ts-auth-mongo|ts-admin-travel-service,ts-train-service_container-memory-working-set-bytes,0.7,22,22,0.7119696969696969,0.688030303030303,22,22,22,0.6988771645021645,baseline-v2-20260723,cd270e7871bd358937d83d9a49829637fa80007d2964084ef229f578e3733bd3,ba75425861a059dafcc477474fc3e4ed1eafdc2b47d6fdd0557337035d29a960,8749b33299f170c222e17d70c10790b5e7b83074c44a94ea59e0226d9a7320f2,12589889,1693262184000000000,300
TT/ts-auth-service_delay/3,TT,ts-auth-service,delay,3,300,300,burst,0.3,9,0.30017939601534893,baro,32,0.03125,0.0,0.4492753623188406,0,0,0,70,1030.2131000207737,192-168-76-138-9100|ts-consign-service|ts-preserve-service|ts-order-mongo|ts-train-mongo,192-168-76-138-9100_node-memory-active-bytes,0.7,22,22,0.7112121212121212,0.6887878787878788,22,22,22,0.6987148268398269,baseline-v2-20260723,cd270e7871bd358937d83d9a49829637fa80007d2964084ef229f578e3733bd3,ba75425861a059dafcc477474fc3e4ed1eafdc2b47d6fdd0557337035d29a960,8749b33299f170c222e17d70c10790b5e7b83074c44a94ea59e0226d9a7320f2,12589889,1693262184000000000,300
TT/ts-auth-service_delay/3,TT,ts-auth-service,delay,3,300,300,burst,0.3,9,0.30017939601534893,median_shift,24,0.041666666666666664,0.0,0.3333333333333333,0,0,0,70,340.591799991671,192-168-76-138-9100|ts-admin-travel-service|ts-auth-mongo|ts-config-mongo|ts-consign-mongo,192-168-76-138-9100_node-memory-active-bytes,0.7,22,22,0.7112121212121212,0.6887878787878788,22,22,22,0.6987148268398269,baseline-v2-20260723,cd270e7871bd358937d83d9a49829637fa80007d2964084ef229f578e3733bd3,ba75425861a059dafcc477474fc3e4ed1eafdc2b47d6fdd0557337035d29a960,8749b33299f170c222e17d70c10790b5e7b83074c44a94ea59e0226d9a7320f2,12589889,1693262184000000000,300
TT/ts-auth-service_delay/3,TT,ts-auth-service,delay,3,300,300,burst,0.3,9,0.30017939601534893,nsigma,3,0.3333333333333333,0.6,0.028985507246376812,0,1,1,70,831.987300014589,ts-payment-service|ts-admin-travel-service|ts-auth-service|ts-consign-price-service|ts-assurance-mongo,ts-payment-service_istio-latency-99,0.7,22,22,0.7112121212121212,0.6887878787878788,22,22,22,0.6987148268398269,baseline-v2-20260723,cd270e7871bd358937d83d9a49829637fa80007d2964084ef229f578e3733bd3,ba75425861a059dafcc477474fc3e4ed1eafdc2b47d6fdd0557337035d29a960,8749b33299f170c222e17d70c10790b5e7b83074c44a94ea59e0226d9a7320f2,12589889,1693262184000000000,300
TT/ts-auth-service_delay/3,TT,ts-auth-service,delay,3,300,300,burst,0.5,0,0.4997777874130119,baro,47,0.02127659574468085,0.0,0.6666666666666666,0,0,0,70,929.8110000090674,192-168-76-138-9100|192-168-29-237-9100|ts-order-service|ts-admin-travel-service|ts-consign-service,192-168-76-138-9100_node-memory-active-bytes,0.5,22,22,0.4168181818181818,0.5831818181818181,22,22,22,0.4994318181818182,baseline-v2-20260723,cd270e7871bd358937d83d9a49829637fa80007d2964084ef229f578e3733bd3,ba75425861a059dafcc477474fc3e4ed1eafdc2b47d6fdd0557337035d29a960,8749b33299f170c222e17d70c10790b5e7b83074c44a94ea59e0226d9a7320f2,12589889,1693262184000000000,300
TT/ts-auth-service_delay/3,TT,ts-auth-service,delay,3,300,300,burst,0.5,0,0.4997777874130119,median_shift,5,0.2,0.2,0.057971014492753624,0,0,1,70,306.88210000516847,ts-admin-basic-info-service|ts-admin-travel-service|ts-assurance-mongo|ts-auth-mongo|ts-auth-service,ts-admin-basic-info-service_container-memory-rss,0.5,22,22,0.4168181818181818,0.5831818181818181,22,22,22,0.4994318181818182,baseline-v2-20260723,cd270e7871bd358937d83d9a49829637fa80007d2964084ef229f578e3733bd3,ba75425861a059dafcc477474fc3e4ed1eafdc2b47d6fdd0557337035d29a960,8749b33299f170c222e17d70c10790b5e7b83074c44a94ea59e0226d9a7320f2,12589889,1693262184000000000,300
TT/ts-auth-service_delay/3,TT,ts-auth-service,delay,3,300,300,burst,0.5,0,0.4997777874130119,nsigma,14,0.07142857142857142,0.0,0.18840579710144928,0,0,0,70,872.1304000355303,ts-contacts-service|192-168-29-237-9100|ts-order-service|ts-consign-service|ts-order-other-service,ts-contacts-service_istio-bytes-99,0.5,22,22,0.4168181818181818,0.5831818181818181,22,22,22,0.4994318181818182,baseline-v2-20260723,cd270e7871bd358937d83d9a49829637fa80007d2964084ef229f578e3733bd3,ba75425861a059dafcc477474fc3e4ed1eafdc2b47d6fdd0557337035d29a960,8749b33299f170c222e17d70c10790b5e7b83074c44a94ea59e0226d9a7320f2,12589889,1693262184000000000,300
TT/ts-auth-service_delay/3,TT,ts-auth-service,delay,3,300,300,burst,0.5,1,0.49980895137338216,baro,21,0.047619047619047616,0.0,0.2898550724637681,0,0,0,70,929.1276999865659,192-168-76-138-9100|192-168-93-129-9100|ts-order-service|ts-admin-travel-service|ts-consign-service,192-168-76-138-9100_node-memory-inactive-bytes,0.5,22,22,0.4571212121212121,0.5428787878787878,22,22,22,0.4994007034632035,baseline-v2-20260723,cd270e7871bd358937d83d9a49829637fa80007d2964084ef229f578e3733bd3,ba75425861a059dafcc477474fc3e4ed1eafdc2b47d6fdd0557337035d29a960,8749b33299f170c222e17d70c10790b5e7b83074c44a94ea59e0226d9a7320f2,12589889,1693262184000000000,300
TT/ts-auth-service_delay/3,TT,ts-auth-service,delay,3,300,300,burst,0.5,1,0.49980895137338216,median_shift,38,0.02631578947368421,0.0,0.5362318840579711,0,0,0,70,309.04419999569654,ts-admin-travel-service|ts-assurance-mongo|ts-auth-mongo|ts-cancel-service|ts-config-mongo,ts-admin-travel-service_container-memory-rss,0.5,22,22,0.4571212121212121,0.5428787878787878,22,22,22,0.4994007034632035,baseline-v2-20260723,cd270e7871bd358937d83d9a49829637fa80007d2964084ef229f578e3733bd3,ba75425861a059dafcc477474fc3e4ed1eafdc2b47d6fdd0557337035d29a960,8749b33299f170c222e17d70c10790b5e7b83074c44a94ea59e0226d9a7320f2,12589889,1693262184000000000,300
TT/ts-auth-service_delay/3,TT,ts-auth-service,delay,3,300,300,burst,0.5,1,0.49980895137338216,nsigma,7,0.14285714285714285,0.0,0.08695652173913043,0,0,0,70,842.5506000057794,ts-contacts-service|ts-seat-service|ts-order-other-service|ts-admin-travel-service|ts-travel-service,ts-contacts-service_istio-latency-50,0.5,22,22,0.4571212121212121,0.5428787878787878,22,22,22,0.4994007034632035,baseline-v2-20260723,cd270e7871bd358937d83d9a49829637fa80007d2964084ef229f578e3733bd3,ba75425861a059dafcc477474fc3e4ed1eafdc2b47d6fdd0557337035d29a960,8749b33299f170c222e17d70c10790b5e7b83074c44a94ea59e0226d9a7320f2,12589889,1693262184000000000,300
TT/ts-auth-service_delay/3,TT,ts-auth-service,delay,3,300,300,burst,0.5,2,0.49980895137338216,baro,16,0.0625,0.0,0.21739130434782608,0,0,0,70,1082.2755999979563,192-168-76-138-9100|192-168-29-237-9100|ts-order-service|ts-admin-travel-service|ts-consign-service,192-168-76-138-9100_node-memory-active-bytes,0.5,22,22,0.5028787878787879,0.49712121212121213,22,22,21,0.4994007034632035,baseline-v2-20260723,cd270e7871bd358937d83d9a49829637fa80007d2964084ef229f578e3733bd3,ba75425861a059dafcc477474fc3e4ed1eafdc2b47d6fdd0557337035d29a960,8749b33299f170c222e17d70c10790b5e7b83074c44a94ea59e0226d9a7320f2,12589889,1693262184000000000,300
TT/ts-auth-service_delay/3,TT,ts-auth-service,delay,3,300,300,burst,0.5,2,0.49980895137338216,median_shift,42,0.023809523809523808,0.0,0.5942028985507246,0,0,0,70,250.07770000956953,ts-admin-basic-info-service|ts-admin-travel-service|ts-admin-user-service|ts-assurance-mongo|ts-assurance-service,ts-admin-basic-info-service_container-memory-rss,0.5,22,22,0.5028787878787879,0.49712121212121213,22,22,21,0.4994007034632035,baseline-v2-20260723,cd270e7871bd358937d83d9a49829637fa80007d2964084ef229f578e3733bd3,ba75425861a059dafcc477474fc3e4ed1eafdc2b47d6fdd0557337035d29a960,8749b33299f170c222e17d70c10790b5e7b83074c44a94ea59e0226d9a7320f2,12589889,1693262184000000000,300
TT/ts-auth-service_delay/3,TT,ts-auth-service,delay,3,300,300,burst,0.5,2,0.49980895137338216,nsigma,11,0.09090909090909091,0.0,0.14492753623188406,0,0,0,70,755.2544000209309,ts-order-service|ts-admin-travel-service|ts-notification-service|ts-consign-price-service|192-168-76-138-9100,ts-order-service_container-memory-usage-bytes,0.5,22,22,0.5028787878787879,0.49712121212121213,22,22,21,0.4994007034632035,baseline-v2-20260723,cd270e7871bd358937d83d9a49829637fa80007d2964084ef229f578e3733bd3,ba75425861a059dafcc477474fc3e4ed1eafdc2b47d6fdd0557337035d29a960,8749b33299f170c222e17d70c10790b5e7b83074c44a94ea59e0226d9a7320f2,12589889,1693262184000000000,300
TT/ts-auth-service_delay/3,TT,ts-auth-service,delay,3,300,300,burst,0.5,3,0.4996585513907256,baro,16,0.0625,0.0,0.21739130434782608,0,0,0,70,1004.0957999881357,ts-order-service|ts-admin-travel-service|ts-security-service|ts-user-service|ts-preserve-service,ts-order-service_container-memory-usage-bytes,0.5,22,22,0.5418181818181819,0.4581818181818182,22,22,22,0.4995508658008658,baseline-v2-20260723,cd270e7871bd358937d83d9a49829637fa80007d2964084ef229f578e3733bd3,ba75425861a059dafcc477474fc3e4ed1eafdc2b47d6fdd0557337035d29a960,8749b33299f170c222e17d70c10790b5e7b83074c44a94ea59e0226d9a7320f2,12589889,1693262184000000000,300
TT/ts-auth-service_delay/3,TT,ts-auth-service,delay,3,300,300,burst,0.5,3,0.4996585513907256,median_shift,31,0.03225806451612903,0.0,0.43478260869565216,0,0,0,70,283.57049997430295,ts-admin-route-service|ts-admin-travel-service|ts-assurance-mongo|ts-auth-mongo|ts-config-mongo,ts-admin-route-service_container-cpu-usage-seconds-total,0.5,22,22,0.5418181818181819,0.4581818181818182,22,22,22,0.4995508658008658,baseline-v2-20260723,cd270e7871bd358937d83d9a49829637fa80007d2964084ef229f578e3733bd3,ba75425861a059dafcc477474fc3e4ed1eafdc2b47d6fdd0557337035d29a960,8749b33299f170c222e17d70c10790b5e7b83074c44a94ea59e0226d9a7320f2,12589889,1693262184000000000,300
TT/ts-auth-service_delay/3,TT,ts-auth-service,delay,3,300,300,burst,0.5,3,0.4996585513907256,nsigma,5,0.2,0.2,0.057971014492753624,0,0,1,70,722.0236000139266,ts-contacts-service|ts-travel-service|ts-price-service|ts-train-service|ts-auth-service,ts-contacts-service_istio-latency-50,0.5,22,22,0.5418181818181819,0.4581818181818182,22,22,22,0.4995508658008658,baseline-v2-20260723,cd270e7871bd358937d83d9a49829637fa80007d2964084ef229f578e3733bd3,ba75425861a059dafcc477474fc3e4ed1eafdc2b47d6fdd0557337035d29a960,8749b33299f170c222e17d70c10790b5e7b83074c44a94ea59e0226d9a7320f2,12589889,1693262184000000000,300
TT/ts-auth-service_delay/3,TT,ts-auth-service,delay,3,300,300,burst,0.5,4,0.49982385587616796,baro,46,0.021739130434782608,0.0,0.6521739130434783,0,0,0,70,894.0097999875434,192-168-45-158-9100|192-168-76-138-9100|192-168-93-129-9100|192-168-51-251-9100|ts-admin-travel-service,192-168-45-158-9100_node-memory-inactive-bytes,0.5,22,22,0.5409090909090909,0.4590909090909091,22,22,21,0.49938582251082253,baseline-v2-20260723,cd270e7871bd358937d83d9a49829637fa80007d2964084ef229f578e3733bd3,ba75425861a059dafcc477474fc3e4ed1eafdc2b47d6fdd0557337035d29a960,8749b33299f170c222e17d70c10790b5e7b83074c44a94ea59e0226d9a7320f2,12589889,1693262184000000000,300
TT/ts-auth-service_delay/3,TT,ts-auth-service,delay,3,300,300,burst,0.5,4,0.49982385587616796,median_shift,43,0.023255813953488372,0.0,0.6086956521739131,0,0,0,70,256.4875999814831,192-168-45-158-9100|ts-admin-travel-service|ts-assurance-mongo|ts-auth-mongo|ts-config-mongo,192-168-45-158-9100_node-memory-active-bytes,0.5,22,22,0.5409090909090909,0.4590909090909091,22,22,21,0.49938582251082253,baseline-v2-20260723,cd270e7871bd358937d83d9a49829637fa80007d2964084ef229f578e3733bd3,ba75425861a059dafcc477474fc3e4ed1eafdc2b47d6fdd0557337035d29a960,8749b33299f170c222e17d70c10790b5e7b83074c44a94ea59e0226d9a7320f2,12589889,1693262184000000000,300
TT/ts-auth-service_delay/3,TT,ts-auth-service,delay,3,300,300,burst,0.5,4,0.49982385587616796,nsigma,15,0.06666666666666667,0.0,0.2028985507246377,0,0,0,70,835.4938999982551,ts-contacts-service|192-168-76-138-9100|ts-security-service|ts-admin-travel-service|ts-order-other-service,ts-contacts-service_istio-bytes-99,0.5,22,22,0.5409090909090909,0.4590909090909091,22,22,21,0.49938582251082253,baseline-v2-20260723,cd270e7871bd358937d83d9a49829637fa80007d2964084ef229f578e3733bd3,ba75425861a059dafcc477474fc3e4ed1eafdc2b47d6fdd0557337035d29a960,8749b33299f170c222e17d70c10790b5e7b83074c44a94ea59e0226d9a7320f2,12589889,1693262184000000000,300
TT/ts-auth-service_delay/3,TT,ts-auth-service,delay,3,300,300,burst,0.5,5,0.499670745983914,baro,49,0.02040816326530612,0.0,0.6956521739130435,0,0,0,70,1043.7911999761127,ts-security-service|ts-consign-service|ts-notification-service|ts-contacts-service|ts-user-service,ts-security-service_container-memory-usage-bytes,0.5,22,22,0.5612121212121212,0.4387878787878788,22,22,22,0.4995386904761905,baseline-v2-20260723,cd270e7871bd358937d83d9a49829637fa80007d2964084ef229f578e3733bd3,ba75425861a059dafcc477474fc3e4ed1eafdc2b47d6fdd0557337035d29a960,8749b33299f170c222e17d70c10790b5e7b83074c44a94ea59e0226d9a7320f2,12589889,1693262184000000000,300
TT/ts-auth-service_delay/3,TT,ts-auth-service,delay,3,300,300,burst,0.5,5,0.499670745983914,median_shift,42,0.023809523809523808,0.0,0.5942028985507246,0,0,0,70,280.4683999856934,ts-admin-basic-info-service|ts-admin-travel-service|ts-assurance-mongo|ts-auth-mongo|ts-config-mongo,ts-admin-basic-info-service_container-memory-rss,0.5,22,22,0.5612121212121212,0.4387878787878788,22,22,22,0.4995386904761905,baseline-v2-20260723,cd270e7871bd358937d83d9a49829637fa80007d2964084ef229f578e3733bd3,ba75425861a059dafcc477474fc3e4ed1eafdc2b47d6fdd0557337035d29a960,8749b33299f170c222e17d70c10790b5e7b83074c44a94ea59e0226d9a7320f2,12589889,1693262184000000000,300
TT/ts-auth-service_delay/3,TT,ts-auth-service,delay,3,300,300,burst,0.5,5,0.499670745983914,nsigma,16,0.0625,0.0,0.21739130434782608,0,0,0,70,780.3094999981113,ts-notification-service|ts-inside-payment-mongo|ts-security-service|192-168-76-138-9100|ts-train-service,ts-notification-service_container-memory-working-set-bytes,0.5,22,22,0.5612121212121212,0.4387878787878788,22,22,22,0.4995386904761905,baseline-v2-20260723,cd270e7871bd358937d83d9a49829637fa80007d2964084ef229f578e3733bd3,ba75425861a059dafcc477474fc3e4ed1eafdc2b47d6fdd0557337035d29a960,8749b33299f170c222e17d70c10790b5e7b83074c44a94ea59e0226d9a7320f2,12589889,1693262184000000000,300
TT/ts-auth-service_delay/3,TT,ts-auth-service,delay,3,300,300,burst,0.5,6,0.4997059748086804,baro,41,0.024390243902439025,0.0,0.5797101449275363,0,0,0,70,977.1382000180893,192-168-76-138-9100|ts-order-service|ts-admin-travel-service|ts-consign-service|ts-contacts-service,192-168-76-138-9100_node-memory-active-bytes,0.5,22,22,0.4853030303030303,0.5146969696969697,22,22,22,0.49950351731601733,baseline-v2-20260723,cd270e7871bd358937d83d9a49829637fa80007d2964084ef229f578e3733bd3,ba75425861a059dafcc477474fc3e4ed1eafdc2b47d6fdd0557337035d29a960,8749b33299f170c222e17d70c10790b5e7b83074c44a94ea59e0226d9a7320f2,12589889,1693262184000000000,300
TT/ts-auth-service_delay/3,TT,ts-auth-service,delay,3,300,300,burst,0.5,6,0.4997059748086804,median_shift,3,0.3333333333333333,0.6,0.028985507246376812,0,1,1,70,271.6676000272855,ts-assurance-mongo|ts-auth-mongo|ts-auth-service|ts-cancel-service|ts-config-mongo,ts-assurance-mongo_container-memory-cache,0.5,22,22,0.4853030303030303,0.5146969696969697,22,22,22,0.49950351731601733,baseline-v2-20260723,cd270e7871bd358937d83d9a49829637fa80007d2964084ef229f578e3733bd3,ba75425861a059dafcc477474fc3e4ed1eafdc2b47d6fdd0557337035d29a960,8749b33299f170c222e17d70c10790b5e7b83074c44a94ea59e0226d9a7320f2,12589889,1693262184000000000,300
TT/ts-auth-service_delay/3,TT,ts-auth-service,delay,3,300,300,burst,0.5,6,0.4997059748086804,nsigma,16,0.0625,0.0,0.21739130434782608,0,0,0,70,754.2166999774054,ts-contacts-service|ts-order-service|ts-admin-travel-service|ts-inside-payment-mongo|ts-security-service,ts-contacts-service_istio-bytes-90,0.5,22,22,0.4853030303030303,0.5146969696969697,22,22,22,0.49950351731601733,baseline-v2-20260723,cd270e7871bd358937d83d9a49829637fa80007d2964084ef229f578e3733bd3,ba75425861a059dafcc477474fc3e4ed1eafdc2b47d6fdd0557337035d29a960,8749b33299f170c222e17d70c10790b5e7b83074c44a94ea59e0226d9a7320f2,12589889,1693262184000000000,300
TT/ts-auth-service_delay/3,TT,ts-auth-service,delay,3,300,300,burst,0.5,7,0.4997601730006287,baro,14,0.07142857142857142,0.0,0.18840579710144928,0,0,0,70,892.1885999734513,192-168-29-237-9100|192-168-45-158-9100|192-168-51-251-9100|ts-admin-travel-service|ts-consign-service,192-168-29-237-9100_node-memory-inactive-bytes,0.5,22,22,0.5918181818181818,0.4081818181818182,22,22,22,0.49944940476190475,baseline-v2-20260723,cd270e7871bd358937d83d9a49829637fa80007d2964084ef229f578e3733bd3,ba75425861a059dafcc477474fc3e4ed1eafdc2b47d6fdd0557337035d29a960,8749b33299f170c222e17d70c10790b5e7b83074c44a94ea59e0226d9a7320f2,12589889,1693262184000000000,300
TT/ts-auth-service_delay/3,TT,ts-auth-service,delay,3,300,300,burst,0.5,7,0.4997601730006287,median_shift,35,0.02857142857142857,0.0,0.4927536231884058,0,0,0,70,296.67230002814904,192-168-45-158-9100|ts-admin-travel-service|ts-auth-mongo|ts-config-mongo|ts-consign-mongo,192-168-45-158-9100_node-memory-active-bytes,0.5,22,22,0.5918181818181818,0.4081818181818182,22,22,22,0.49944940476190475,baseline-v2-20260723,cd270e7871bd358937d83d9a49829637fa80007d2964084ef229f578e3733bd3,ba75425861a059dafcc477474fc3e4ed1eafdc2b47d6fdd0557337035d29a960,8749b33299f170c222e17d70c10790b5e7b83074c44a94ea59e0226d9a7320f2,12589889,1693262184000000000,300
TT/ts-auth-service_delay/3,TT,ts-auth-service,delay,3,300,300,burst,0.5,7,0.4997601730006287,nsigma,8,0.125,0.0,0.10144927536231885,0,0,0,70,841.8794000172056,ts-contacts-service|ts-assurance-service|ts-consign-price-service|ts-user-service|ts-order-other-service,ts-contacts-service_istio-bytes-90,0.5,22,22,0.5918181818181818,0.4081818181818182,22,22,22,0.49944940476190475,baseline-v2-20260723,cd270e7871bd358937d83d9a49829637fa80007d2964084ef229f578e3733bd3,ba75425861a059dafcc477474fc3e4ed1eafdc2b47d6fdd0557337035d29a960,8749b33299f170c222e17d70c10790b5e7b83074c44a94ea59e0226d9a7320f2,12589889,1693262184000000000,300
TT/ts-auth-service_delay/3,TT,ts-auth-service,delay,3,300,300,burst,0.5,8,0.49974797840744034,baro,44,0.022727272727272728,0.0,0.6231884057971014,0,0,0,70,1072.2070999909192,192-168-51-251-9100|ts-order-service|ts-admin-travel-service|ts-security-service|ts-consign-service,192-168-51-251-9100_node-memory-inactive-bytes,0.5,22,22,0.618030303030303,0.38196969696969696,22,22,22,0.4994615800865801,baseline-v2-20260723,cd270e7871bd358937d83d9a49829637fa80007d2964084ef229f578e3733bd3,ba75425861a059dafcc477474fc3e4ed1eafdc2b47d6fdd0557337035d29a960,8749b33299f170c222e17d70c10790b5e7b83074c44a94ea59e0226d9a7320f2,12589889,1693262184000000000,300
TT/ts-auth-service_delay/3,TT,ts-auth-service,delay,3,300,300,burst,0.5,8,0.49974797840744034,median_shift,44,0.022727272727272728,0.0,0.6231884057971014,0,0,0,70,277.30489999521524,ts-admin-basic-info-service|ts-admin-travel-service|ts-assurance-mongo|ts-auth-mongo|ts-config-mongo,ts-admin-basic-info-service_container-memory-working-set-bytes,0.5,22,22,0.618030303030303,0.38196969696969696,22,22,22,0.4994615800865801,baseline-v2-20260723,cd270e7871bd358937d83d9a49829637fa80007d2964084ef229f578e3733bd3,ba75425861a059dafcc477474fc3e4ed1eafdc2b47d6fdd0557337035d29a960,8749b33299f170c222e17d70c10790b5e7b83074c44a94ea59e0226d9a7320f2,12589889,1693262184000000000,300
TT/ts-auth-service_delay/3,TT,ts-auth-service,delay,3,300,300,burst,0.5,8,0.49974797840744034,nsigma,10,0.1,0.0,0.13043478260869565,0,0,0,70,792.029200005345,ts-contacts-service|ts-notification-service|ts-consign-price-service|ts-admin-travel-service|ts-user-service,ts-contacts-service_istio-latency-50,0.5,22,22,0.618030303030303,0.38196969696969696,22,22,22,0.4994615800865801,baseline-v2-20260723,cd270e7871bd358937d83d9a49829637fa80007d2964084ef229f578e3733bd3,ba75425861a059dafcc477474fc3e4ed1eafdc2b47d6fdd0557337035d29a960,8749b33299f170c222e17d70c10790b5e7b83074c44a94ea59e0226d9a7320f2,12589889,1693262184000000000,300
TT/ts-auth-service_delay/3,TT,ts-auth-service,delay,3,300,300,burst,0.5,9,0.4996531315715308,baro,53,0.018867924528301886,0.0,0.7536231884057971,0,0,0,70,940.0391000090167,192-168-29-237-9100|192-168-76-138-9100|ts-admin-travel-service|ts-consign-service|ts-contacts-service,192-168-29-237-9100_node-memory-inactive-bytes,0.5,22,22,0.5393939393939394,0.46060606060606063,22,22,22,0.49955627705627703,baseline-v2-20260723,cd270e7871bd358937d83d9a49829637fa80007d2964084ef229f578e3733bd3,ba75425861a059dafcc477474fc3e4ed1eafdc2b47d6fdd0557337035d29a960,8749b33299f170c222e17d70c10790b5e7b83074c44a94ea59e0226d9a7320f2,12589889,1693262184000000000,300
TT/ts-auth-service_delay/3,TT,ts-auth-service,delay,3,300,300,burst,0.5,9,0.4996531315715308,median_shift,6,0.16666666666666666,0.0,0.07246376811594203,0,0,0,70,276.69949998380616,192-168-45-158-9100|192-168-93-129-9100|ts-admin-travel-service|ts-assurance-mongo|ts-auth-mongo,192-168-45-158-9100_node-memory-active-bytes,0.5,22,22,0.5393939393939394,0.46060606060606063,22,22,22,0.49955627705627703,baseline-v2-20260723,cd270e7871bd358937d83d9a49829637fa80007d2964084ef229f578e3733bd3,ba75425861a059dafcc477474fc3e4ed1eafdc2b47d6fdd0557337035d29a960,8749b33299f170c222e17d70c10790b5e7b83074c44a94ea59e0226d9a7320f2,12589889,1693262184000000000,300
TT/ts-auth-service_delay/3,TT,ts-auth-service,delay,3,300,300,burst,0.5,9,0.4996531315715308,nsigma,10,0.1,0.0,0.13043478260869565,0,0,0,70,759.9199000396766,ts-admin-travel-service|ts-consign-price-service|ts-security-service|ts-travel-service|192-168-45-158-9100,ts-admin-travel-service_container-memory-working-set-bytes,0.5,22,22,0.5393939393939394,0.46060606060606063,22,22,22,0.49955627705627703,baseline-v2-20260723,cd270e7871bd358937d83d9a49829637fa80007d2964084ef229f578e3733bd3,ba75425861a059dafcc477474fc3e4ed1eafdc2b47d6fdd0557337035d29a960,8749b33299f170c222e17d70c10790b5e7b83074c44a94ea59e0226d9a7320f2,12589889,1693262184000000000,300
TT/ts-auth-service_delay/3,TT,ts-auth-service,delay,3,300,300,incident,0.1,0,0.09999972900904026,baro,34,0.029411764705882353,0.0,0.4782608695652174,0,0,0,70,1064.9738000356592,192-168-45-158-9100|ts-user-service|ts-travel-service|ts-user-mongo|ts-price-service,192-168-45-158-9100_node-memory-active-bytes,0.8382575757575758,22,22,0.8984848484848484,0.7780303030303031,22,22,22,0.8985781926406926,baseline-v2-20260723,cd270e7871bd358937d83d9a49829637fa80007d2964084ef229f578e3733bd3,ba75425861a059dafcc477474fc3e4ed1eafdc2b47d6fdd0557337035d29a960,8749b33299f170c222e17d70c10790b5e7b83074c44a94ea59e0226d9a7320f2,12589889,1693262184000000000,300
TT/ts-auth-service_delay/3,TT,ts-auth-service,delay,3,300,300,incident,0.1,0,0.09999972900904026,median_shift,7,0.14285714285714285,0.0,0.08695652173913043,0,0,0,70,384.2350000049919,ts-travel-mongo|ts-price-service|ts-admin-travel-service|ts-config-mongo|ts-ui-dashboard,ts-travel-mongo_container-memory-working-set-bytes,0.8382575757575758,22,22,0.8984848484848484,0.7780303030303031,22,22,22,0.8985781926406926,baseline-v2-20260723,cd270e7871bd358937d83d9a49829637fa80007d2964084ef229f578e3733bd3,ba75425861a059dafcc477474fc3e4ed1eafdc2b47d6fdd0557337035d29a960,8749b33299f170c222e17d70c10790b5e7b83074c44a94ea59e0226d9a7320f2,12589889,1693262184000000000,300
TT/ts-auth-service_delay/3,TT,ts-auth-service,delay,3,300,300,incident,0.1,0,0.09999972900904026,nsigma,2,0.5,0.8,0.014492753623188406,0,1,1,70,833.6216000025161,ts-user-service|ts-auth-service|ts-assurance-service|ts-ticketinfo-service|ts-consign-price-service,ts-user-service_istio-latency-50,0.8382575757575758,22,22,0.8984848484848484,0.7780303030303031,22,22,22,0.8985781926406926,baseline-v2-20260723,cd270e7871bd358937d83d9a49829637fa80007d2964084ef229f578e3733bd3,ba75425861a059dafcc477474fc3e4ed1eafdc2b47d6fdd0557337035d29a960,8749b33299f170c222e17d70c10790b5e7b83074c44a94ea59e0226d9a7320f2,12589889,1693262184000000000,300
TT/ts-auth-service_delay/3,TT,ts-auth-service,delay,3,300,300,incident,0.1,1,0.09999972900904026,baro,32,0.03125,0.0,0.4492753623188406,0,0,0,70,1091.2132000084966,192-168-45-158-9100|ts-user-service|ts-travel-service|ts-user-mongo|ts-price-service,192-168-45-158-9100_node-memory-active-bytes,0.8427272727272728,22,22,0.9065151515151515,0.7789393939393939,22,22,22,0.8985781926406926,baseline-v2-20260723,cd270e7871bd358937d83d9a49829637fa80007d2964084ef229f578e3733bd3,ba75425861a059dafcc477474fc3e4ed1eafdc2b47d6fdd0557337035d29a960,8749b33299f170c222e17d70c10790b5e7b83074c44a94ea59e0226d9a7320f2,12589889,1693262184000000000,300
TT/ts-auth-service_delay/3,TT,ts-auth-service,delay,3,300,300,incident,0.1,1,0.09999972900904026,median_shift,9,0.1111111111111111,0.0,0.11594202898550725,0,0,0,70,327.2410000208765,ts-price-mongo|ts-travel-mongo|ts-station-mongo|ts-price-service|ts-admin-travel-service,ts-price-mongo_container-memory-working-set-bytes,0.8427272727272728,22,22,0.9065151515151515,0.7789393939393939,22,22,22,0.8985781926406926,baseline-v2-20260723,cd270e7871bd358937d83d9a49829637fa80007d2964084ef229f578e3733bd3,ba75425861a059dafcc477474fc3e4ed1eafdc2b47d6fdd0557337035d29a960,8749b33299f170c222e17d70c10790b5e7b83074c44a94ea59e0226d9a7320f2,12589889,1693262184000000000,300
TT/ts-auth-service_delay/3,TT,ts-auth-service,delay,3,300,300,incident,0.1,1,0.09999972900904026,nsigma,2,0.5,0.8,0.014492753623188406,0,1,1,70,848.5671000089496,ts-user-service|ts-auth-service|ts-assurance-service|ts-ticketinfo-service|ts-consign-price-service,ts-user-service_istio-latency-50,0.8427272727272728,22,22,0.9065151515151515,0.7789393939393939,22,22,22,0.8985781926406926,baseline-v2-20260723,cd270e7871bd358937d83d9a49829637fa80007d2964084ef229f578e3733bd3,ba75425861a059dafcc477474fc3e4ed1eafdc2b47d6fdd0557337035d29a960,8749b33299f170c222e17d70c10790b5e7b83074c44a94ea59e0226d9a7320f2,12589889,1693262184000000000,300
TT/ts-auth-service_delay/3,TT,ts-auth-service,delay,3,300,300,incident,0.1,2,0.09999972900904026,baro,21,0.047619047619047616,0.0,0.2898550724637681,0,0,0,70,1324.7772000031546,192-168-45-158-9100|ts-user-service|ts-travel-service|ts-user-mongo|ts-price-service,192-168-45-158-9100_node-memory-active-bytes,0.8350757575757576,22,22,0.8912121212121212,0.7789393939393939,22,22,22,0.8985781926406926,baseline-v2-20260723,cd270e7871bd358937d83d9a49829637fa80007d2964084ef229f578e3733bd3,ba75425861a059dafcc477474fc3e4ed1eafdc2b47d6fdd0557337035d29a960,8749b33299f170c222e17d70c10790b5e7b83074c44a94ea59e0226d9a7320f2,12589889,1693262184000000000,300
TT/ts-auth-service_delay/3,TT,ts-auth-service,delay,3,300,300,incident,0.1,2,0.09999972900904026,median_shift,4,0.25,0.4,0.043478260869565216,0,0,1,70,364.61480002617463,ts-travel-mongo|ts-price-service|ts-admin-travel-service|ts-auth-service|ts-config-mongo,ts-travel-mongo_container-memory-usage-bytes,0.8350757575757576,22,22,0.8912121212121212,0.7789393939393939,22,22,22,0.8985781926406926,baseline-v2-20260723,cd270e7871bd358937d83d9a49829637fa80007d2964084ef229f578e3733bd3,ba75425861a059dafcc477474fc3e4ed1eafdc2b47d6fdd0557337035d29a960,8749b33299f170c222e17d70c10790b5e7b83074c44a94ea59e0226d9a7320f2,12589889,1693262184000000000,300
TT/ts-auth-service_delay/3,TT,ts-auth-service,delay,3,300,300,incident,0.1,2,0.09999972900904026,nsigma,2,0.5,0.8,0.014492753623188406,0,1,1,70,998.1870000483468,ts-user-service|ts-auth-service|ts-assurance-service|ts-ticketinfo-service|ts-consign-price-service,ts-user-service_istio-latency-50,0.8350757575757576,22,22,0.8912121212121212,0.7789393939393939,22,22,22,0.8985781926406926,baseline-v2-20260723,cd270e7871bd358937d83d9a49829637fa80007d2964084ef229f578e3733bd3,ba75425861a059dafcc477474fc3e4ed1eafdc2b47d6fdd0557337035d29a960,8749b33299f170c222e17d70c10790b5e7b83074c44a94ea59e0226d9a7320f2,12589889,1693262184000000000,300
TT/ts-auth-service_delay/3,TT,ts-auth-service,delay,3,300,300,incident,0.1,3,0.09999972900904026,baro,20,0.05,0.0,0.2753623188405797,0,0,0,70,1244.357299990952,192-168-45-158-9100|ts-user-service|ts-travel-service|ts-user-mongo|ts-route-plan-service,192-168-45-158-9100_node-memory-active-bytes,0.8442424242424242,22,22,0.9046969696969697,0.7837878787878788,22,22,22,0.8985781926406926,baseline-v2-20260723,cd270e7871bd358937d83d9a49829637fa80007d2964084ef229f578e3733bd3,ba75425861a059dafcc477474fc3e4ed1eafdc2b47d6fdd0557337035d29a960,8749b33299f170c222e17d70c10790b5e7b83074c44a94ea59e0226d9a7320f2,12589889,1693262184000000000,300
TT/ts-auth-service_delay/3,TT,ts-auth-service,delay,3,300,300,incident,0.1,3,0.09999972900904026,median_shift,7,0.14285714285714285,0.0,0.08695652173913043,0,0,0,70,331.15410001482815,ts-travel-mongo|ts-price-service|ts-admin-travel-service|ts-config-mongo|ts-ui-dashboard,ts-travel-mongo_container-memory-working-set-bytes,0.8442424242424242,22,22,0.9046969696969697,0.7837878787878788,22,22,22,0.8985781926406926,baseline-v2-20260723,cd270e7871bd358937d83d9a49829637fa80007d2964084ef229f578e3733bd3,ba75425861a059dafcc477474fc3e4ed1eafdc2b47d6fdd0557337035d29a960,8749b33299f170c222e17d70c10790b5e7b83074c44a94ea59e0226d9a7320f2,12589889,1693262184000000000,300
TT/ts-auth-service_delay/3,TT,ts-auth-service,delay,3,300,300,incident,0.1,3,0.09999972900904026,nsigma,3,0.3333333333333333,0.6,0.028985507246376812,0,1,1,70,954.3330000014976,ts-user-service|ts-assurance-service|ts-auth-service|ts-ticketinfo-service|ts-consign-price-service,ts-user-service_istio-latency-50,0.8442424242424242,22,22,0.9046969696969697,0.7837878787878788,22,22,22,0.8985781926406926,baseline-v2-20260723,cd270e7871bd358937d83d9a49829637fa80007d2964084ef229f578e3733bd3,ba75425861a059dafcc477474fc3e4ed1eafdc2b47d6fdd0557337035d29a960,8749b33299f170c222e17d70c10790b5e7b83074c44a94ea59e0226d9a7320f2,12589889,1693262184000000000,300
TT/ts-auth-service_delay/3,TT,ts-auth-service,delay,3,300,300,incident,0.1,4,0.09999972900904026,baro,38,0.02631578947368421,0.0,0.5362318840579711,0,0,0,70,1085.565300018061,192-168-45-158-9100|ts-user-service|ts-travel-service|ts-user-mongo|ts-price-service,192-168-45-158-9100_node-memory-active-bytes,0.8368939393939394,22,22,0.8933333333333333,0.7804545454545454,22,22,22,0.8985781926406926,baseline-v2-20260723,cd270e7871bd358937d83d9a49829637fa80007d2964084ef229f578e3733bd3,ba75425861a059dafcc477474fc3e4ed1eafdc2b47d6fdd0557337035d29a960,8749b33299f170c222e17d70c10790b5e7b83074c44a94ea59e0226d9a7320f2,12589889,1693262184000000000,300
TT/ts-auth-service_delay/3,TT,ts-auth-service,delay,3,300,300,incident,0.1,4,0.09999972900904026,median_shift,4,0.25,0.4,0.043478260869565216,0,0,1,70,379.66989999404177,ts-price-mongo|ts-travel-mongo|ts-price-service|ts-auth-service|ts-admin-travel-service,ts-price-mongo_container-memory-working-set-bytes,0.8368939393939394,22,22,0.8933333333333333,0.7804545454545454,22,22,22,0.8985781926406926,baseline-v2-20260723,cd270e7871bd358937d83d9a49829637fa80007d2964084ef229f578e3733bd3,ba75425861a059dafcc477474fc3e4ed1eafdc2b47d6fdd0557337035d29a960,8749b33299f170c222e17d70c10790b5e7b83074c44a94ea59e0226d9a7320f2,12589889,1693262184000000000,300
TT/ts-auth-service_delay/3,TT,ts-auth-service,delay,3,300,300,incident,0.1,4,0.09999972900904026,nsigma,3,0.3333333333333333,0.6,0.028985507246376812,0,1,1,70,910.8569000381976,ts-user-service|ts-assurance-service|ts-auth-service|ts-ticketinfo-service|ts-consign-price-service,ts-user-service_istio-latency-50,0.8368939393939394,22,22,0.8933333333333333,0.7804545454545454,22,22,22,0.8985781926406926,baseline-v2-20260723,cd270e7871bd358937d83d9a49829637fa80007d2964084ef229f578e3733bd3,ba75425861a059dafcc477474fc3e4ed1eafdc2b47d6fdd0557337035d29a960,8749b33299f170c222e17d70c10790b5e7b83074c44a94ea59e0226d9a7320f2,12589889,1693262184000000000,300
TT/ts-auth-service_delay/3,TT,ts-auth-service,delay,3,300,300,incident,0.1,5,0.09999972900904026,baro,22,0.045454545454545456,0.0,0.30434782608695654,0,0,0,70,1186.596899991855,192-168-45-158-9100|ts-user-service|ts-travel-service|ts-user-mongo|ts-price-service,192-168-45-158-9100_node-memory-active-bytes,0.8356818181818182,22,22,0.8942424242424243,0.7771212121212121,22,22,22,0.8985781926406926,baseline-v2-20260723,cd270e7871bd358937d83d9a49829637fa80007d2964084ef229f578e3733bd3,ba75425861a059dafcc477474fc3e4ed1eafdc2b47d6fdd0557337035d29a960,8749b33299f170c222e17d70c10790b5e7b83074c44a94ea59e0226d9a7320f2,12589889,1693262184000000000,300
TT/ts-auth-service_delay/3,TT,ts-auth-service,delay,3,300,300,incident,0.1,5,0.09999972900904026,median_shift,8,0.125,0.0,0.10144927536231885,0,0,0,70,378.2327999942936,ts-travel-mongo|ts-price-mongo|ts-price-service|ts-admin-travel-service|ts-config-mongo,ts-travel-mongo_container-memory-working-set-bytes,0.8356818181818182,22,22,0.8942424242424243,0.7771212121212121,22,22,22,0.8985781926406926,baseline-v2-20260723,cd270e7871bd358937d83d9a49829637fa80007d2964084ef229f578e3733bd3,ba75425861a059dafcc477474fc3e4ed1eafdc2b47d6fdd0557337035d29a960,8749b33299f170c222e17d70c10790b5e7b83074c44a94ea59e0226d9a7320f2,12589889,1693262184000000000,300
TT/ts-auth-service_delay/3,TT,ts-auth-service,delay,3,300,300,incident,0.1,5,0.09999972900904026,nsigma,5,0.2,0.2,0.057971014492753624,0,0,1,70,1341.5673000272363,ts-user-service|ts-assurance-service|ts-ticketinfo-service|ts-consign-price-service|ts-auth-service,ts-user-service_istio-latency-50,0.8356818181818182,22,22,0.8942424242424243,0.7771212121212121,22,22,22,0.8985781926406926,baseline-v2-20260723,cd270e7871bd358937d83d9a49829637fa80007d2964084ef229f578e3733bd3,ba75425861a059dafcc477474fc3e4ed1eafdc2b47d6fdd0557337035d29a960,8749b33299f170c222e17d70c10790b5e7b83074c44a94ea59e0226d9a7320f2,12589889,1693262184000000000,300
TT/ts-auth-service_delay/3,TT,ts-auth-service,delay,3,300,300,incident,0.1,6,0.09999972900904026,baro,19,0.05263157894736842,0.0,0.2608695652173913,0,0,0,70,1187.4606999917887,192-168-45-158-9100|ts-user-service|ts-travel-service|ts-user-mongo|ts-price-service,192-168-45-158-9100_node-memory-active-bytes,0.8391666666666666,22,22,0.8998484848484849,0.7784848484848484,22,22,22,0.8985781926406926,baseline-v2-20260723,cd270e7871bd358937d83d9a49829637fa80007d2964084ef229f578e3733bd3,ba75425861a059dafcc477474fc3e4ed1eafdc2b47d6fdd0557337035d29a960,8749b33299f170c222e17d70c10790b5e7b83074c44a94ea59e0226d9a7320f2,12589889,1693262184000000000,300
TT/ts-auth-service_delay/3,TT,ts-auth-service,delay,3,300,300,incident,0.1,6,0.09999972900904026,median_shift,8,0.125,0.0,0.10144927536231885,0,0,0,70,368.05470002582297,ts-price-mongo|ts-price-service|ts-admin-travel-service|ts-travel-mongo|ts-config-mongo,ts-price-mongo_container-memory-usage-bytes,0.8391666666666666,22,22,0.8998484848484849,0.7784848484848484,22,22,22,0.8985781926406926,baseline-v2-20260723,cd270e7871bd358937d83d9a49829637fa80007d2964084ef229f578e3733bd3,ba75425861a059dafcc477474fc3e4ed1eafdc2b47d6fdd0557337035d29a960,8749b33299f170c222e17d70c10790b5e7b83074c44a94ea59e0226d9a7320f2,12589889,1693262184000000000,300
TT/ts-auth-service_delay/3,TT,ts-auth-service,delay,3,300,300,incident,0.1,6,0.09999972900904026,nsigma,2,0.5,0.8,0.014492753623188406,0,1,1,70,901.7478000023402,ts-user-service|ts-auth-service|ts-admin-travel-service|ts-assurance-service|ts-ticketinfo-service,ts-user-service_istio-latency-50,0.8391666666666666,22,22,0.8998484848484849,0.7784848484848484,22,22,22,0.8985781926406926,baseline-v2-20260723,cd270e7871bd358937d83d9a49829637fa80007d2964084ef229f578e3733bd3,ba75425861a059dafcc477474fc3e4ed1eafdc2b47d6fdd0557337035d29a960,8749b33299f170c222e17d70c10790b5e7b83074c44a94ea59e0226d9a7320f2,12589889,1693262184000000000,300
TT/ts-auth-service_delay/3,TT,ts-auth-service,delay,3,300,300,incident,0.1,7,0.09999972900904026,baro,42,0.023809523809523808,0.0,0.5942028985507246,0,0,0,70,1100.3218999831006,192-168-45-158-9100|ts-user-service|ts-travel-service|ts-user-mongo|ts-price-service,192-168-45-158-9100_node-memory-active-bytes,0.8409090909090909,22,22,0.9034848484848484,0.7783333333333333,22,22,22,0.8985781926406926,baseline-v2-20260723,cd270e7871bd358937d83d9a49829637fa80007d2964084ef229f578e3733bd3,ba75425861a059dafcc477474fc3e4ed1eafdc2b47d6fdd0557337035d29a960,8749b33299f170c222e17d70c10790b5e7b83074c44a94ea59e0226d9a7320f2,12589889,1693262184000000000,300
TT/ts-auth-service_delay/3,TT,ts-auth-service,delay,3,300,300,incident,0.1,7,0.09999972900904026,median_shift,3,0.3333333333333333,0.6,0.028985507246376812,0,1,1,70,358.71080000652,ts-travel-mongo|ts-price-service|ts-auth-service|ts-admin-travel-service|ts-config-mongo,ts-travel-mongo_container-memory-working-set-bytes,0.8409090909090909,22,22,0.9034848484848484,0.7783333333333333,22,22,22,0.8985781926406926,baseline-v2-20260723,cd270e7871bd358937d83d9a49829637fa80007d2964084ef229f578e3733bd3,ba75425861a059dafcc477474fc3e4ed1eafdc2b47d6fdd0557337035d29a960,8749b33299f170c222e17d70c10790b5e7b83074c44a94ea59e0226d9a7320f2,12589889,1693262184000000000,300
TT/ts-auth-service_delay/3,TT,ts-auth-service,delay,3,300,300,incident,0.1,7,0.09999972900904026,nsigma,6,0.16666666666666666,0.0,0.07246376811594203,0,0,0,70,894.849999982398,ts-user-service|ts-assurance-service|ts-payment-service|ts-ticketinfo-service|ts-consign-price-service,ts-user-service_istio-latency-50,0.8409090909090909,22,22,0.9034848484848484,0.7783333333333333,22,22,22,0.8985781926406926,baseline-v2-20260723,cd270e7871bd358937d83d9a49829637fa80007d2964084ef229f578e3733bd3,ba75425861a059dafcc477474fc3e4ed1eafdc2b47d6fdd0557337035d29a960,8749b33299f170c222e17d70c10790b5e7b83074c44a94ea59e0226d9a7320f2,12589889,1693262184000000000,300
TT/ts-auth-service_delay/3,TT,ts-auth-service,delay,3,300,300,incident,0.1,8,0.09999972900904026,baro,25,0.04,0.0,0.34782608695652173,0,0,0,70,1211.3281000056304,192-168-45-158-9100|ts-user-service|ts-travel-service|ts-user-mongo|ts-price-service,192-168-45-158-9100_node-memory-active-bytes,0.8438636363636364,22,22,0.9065151515151515,0.7812121212121212,22,22,22,0.8985781926406926,baseline-v2-20260723,cd270e7871bd358937d83d9a49829637fa80007d2964084ef229f578e3733bd3,ba75425861a059dafcc477474fc3e4ed1eafdc2b47d6fdd0557337035d29a960,8749b33299f170c222e17d70c10790b5e7b83074c44a94ea59e0226d9a7320f2,12589889,1693262184000000000,300
TT/ts-auth-service_delay/3,TT,ts-auth-service,delay,3,300,300,incident,0.1,8,0.09999972900904026,median_shift,5,0.2,0.2,0.057971014492753624,0,0,1,70,341.1929000285454,ts-price-service|ts-admin-travel-service|ts-config-mongo|ts-ui-dashboard|ts-auth-service,ts-price-service_container-memory-usage-bytes,0.8438636363636364,22,22,0.9065151515151515,0.7812121212121212,22,22,22,0.8985781926406926,baseline-v2-20260723,cd270e7871bd358937d83d9a49829637fa80007d2964084ef229f578e3733bd3,ba75425861a059dafcc477474fc3e4ed1eafdc2b47d6fdd0557337035d29a960,8749b33299f170c222e17d70c10790b5e7b83074c44a94ea59e0226d9a7320f2,12589889,1693262184000000000,300
TT/ts-auth-service_delay/3,TT,ts-auth-service,delay,3,300,300,incident,0.1,8,0.09999972900904026,nsigma,2,0.5,0.8,0.014492753623188406,0,1,1,70,1156.4051000168547,ts-user-service|ts-auth-service|ts-assurance-service|ts-admin-travel-service|ts-ticketinfo-service,ts-user-service_istio-latency-50,0.8438636363636364,22,22,0.9065151515151515,0.7812121212121212,22,22,22,0.8985781926406926,baseline-v2-20260723,cd270e7871bd358937d83d9a49829637fa80007d2964084ef229f578e3733bd3,ba75425861a059dafcc477474fc3e4ed1eafdc2b47d6fdd0557337035d29a960,8749b33299f170c222e17d70c10790b5e7b83074c44a94ea59e0226d9a7320f2,12589889,1693262184000000000,300
TT/ts-auth-service_delay/3,TT,ts-auth-service,delay,3,300,300,incident,0.1,9,0.09999972900904026,baro,25,0.04,0.0,0.34782608695652173,0,0,0,70,1276.1355999973603,192-168-45-158-9100|ts-user-service|ts-travel-service|ts-user-mongo|ts-price-service,192-168-45-158-9100_node-memory-active-bytes,0.839469696969697,22,22,0.901060606060606,0.7778787878787878,22,22,22,0.8985781926406926,baseline-v2-20260723,cd270e7871bd358937d83d9a49829637fa80007d2964084ef229f578e3733bd3,ba75425861a059dafcc477474fc3e4ed1eafdc2b47d6fdd0557337035d29a960,8749b33299f170c222e17d70c10790b5e7b83074c44a94ea59e0226d9a7320f2,12589889,1693262184000000000,300
TT/ts-auth-service_delay/3,TT,ts-auth-service,delay,3,300,300,incident,0.1,9,0.09999972900904026,median_shift,5,0.2,0.2,0.057971014492753624,0,0,1,70,293.67280000587925,ts-price-service|ts-admin-travel-service|ts-travel-mongo|ts-config-mongo|ts-auth-service,ts-price-service_container-memory-working-set-bytes,0.839469696969697,22,22,0.901060606060606,0.7778787878787878,22,22,22,0.8985781926406926,baseline-v2-20260723,cd270e7871bd358937d83d9a49829637fa80007d2964084ef229f578e3733bd3,ba75425861a059dafcc477474fc3e4ed1eafdc2b47d6fdd0557337035d29a960,8749b33299f170c222e17d70c10790b5e7b83074c44a94ea59e0226d9a7320f2,12589889,1693262184000000000,300
TT/ts-auth-service_delay/3,TT,ts-auth-service,delay,3,300,300,incident,0.1,9,0.09999972900904026,nsigma,3,0.3333333333333333,0.6,0.028985507246376812,0,1,1,70,1003.1223999685608,ts-user-service|ts-assurance-service|ts-auth-service|ts-ticketinfo-service|ts-consign-price-service,ts-user-service_istio-latency-50,0.839469696969697,22,22,0.901060606060606,0.7778787878787878,22,22,22,0.8985781926406926,baseline-v2-20260723,cd270e7871bd358937d83d9a49829637fa80007d2964084ef229f578e3733bd3,ba75425861a059dafcc477474fc3e4ed1eafdc2b47d6fdd0557337035d29a960,8749b33299f170c222e17d70c10790b5e7b83074c44a94ea59e0226d9a7320f2,12589889,1693262184000000000,300
TT/ts-auth-service_delay/3,TT,ts-auth-service,delay,3,300,300,incident,0.3,0,0.29999918702712075,baro,43,0.023255813953488372,0.0,0.6086956521739131,0,0,0,70,1114.025800023228,192-168-45-158-9100|ts-user-service|ts-travel-service|ts-price-service|ts-train-service,192-168-45-158-9100_node-memory-active-bytes,0.6081818181818182,22,22,0.7018181818181818,0.5145454545454545,22,22,22,0.6988947510822511,baseline-v2-20260723,cd270e7871bd358937d83d9a49829637fa80007d2964084ef229f578e3733bd3,ba75425861a059dafcc477474fc3e4ed1eafdc2b47d6fdd0557337035d29a960,8749b33299f170c222e17d70c10790b5e7b83074c44a94ea59e0226d9a7320f2,12589889,1693262184000000000,300
TT/ts-auth-service_delay/3,TT,ts-auth-service,delay,3,300,300,incident,0.3,0,0.29999918702712075,median_shift,6,0.16666666666666666,0.0,0.07246376811594203,0,0,0,70,337.0969000388868,ts-admin-basic-info-service|ts-ticketinfo-service|ts-order-service|ts-auth-mongo|ts-inside-payment-mongo,ts-admin-basic-info-service_container-memory-rss,0.6081818181818182,22,22,0.7018181818181818,0.5145454545454545,22,22,22,0.6988947510822511,baseline-v2-20260723,cd270e7871bd358937d83d9a49829637fa80007d2964084ef229f578e3733bd3,ba75425861a059dafcc477474fc3e4ed1eafdc2b47d6fdd0557337035d29a960,8749b33299f170c222e17d70c10790b5e7b83074c44a94ea59e0226d9a7320f2,12589889,1693262184000000000,300
TT/ts-auth-service_delay/3,TT,ts-auth-service,delay,3,300,300,incident,0.3,0,0.29999918702712075,nsigma,11,0.09090909090909091,0.0,0.14492753623188406,0,0,0,70,840.5848999973387,ts-user-service|ts-ticketinfo-service|ts-station-mongo|ts-admin-basic-info-service|ts-payment-service,ts-user-service_istio-latency-50,0.6081818181818182,22,22,0.7018181818181818,0.5145454545454545,22,22,22,0.6988947510822511,baseline-v2-20260723,cd270e7871bd358937d83d9a49829637fa80007d2964084ef229f578e3733bd3,ba75425861a059dafcc477474fc3e4ed1eafdc2b47d6fdd0557337035d29a960,8749b33299f170c222e17d70c10790b5e7b83074c44a94ea59e0226d9a7320f2,12589889,1693262184000000000,300
TT/ts-auth-service_delay/3,TT,ts-auth-service,delay,3,300,300,incident,0.3,1,0.29999918702712075,baro,58,0.017241379310344827,0.0,0.8260869565217391,0,0,0,70,919.7207000106573,192-168-45-158-9100|ts-user-service|ts-travel-service|ts-price-service|ts-train-service,192-168-45-158-9100_node-memory-active-bytes,0.6067424242424242,22,22,0.6977272727272728,0.5157575757575757,22,22,22,0.6988947510822511,baseline-v2-20260723,cd270e7871bd358937d83d9a49829637fa80007d2964084ef229f578e3733bd3,ba75425861a059dafcc477474fc3e4ed1eafdc2b47d6fdd0557337035d29a960,8749b33299f170c222e17d70c10790b5e7b83074c44a94ea59e0226d9a7320f2,12589889,1693262184000000000,300
TT/ts-auth-service_delay/3,TT,ts-auth-service,delay,3,300,300,incident,0.3,1,0.29999918702712075,median_shift,7,0.14285714285714285,0.0,0.08695652173913043,0,0,0,70,337.8339999471791,ts-config-service|ts-travel2-service|ts-inside-payment-mongo|ts-ticket-office-service|ts-admin-order-service,ts-config-service_container-memory-failures-total,0.6067424242424242,22,22,0.6977272727272728,0.5157575757575757,22,22,22,0.6988947510822511,baseline-v2-20260723,cd270e7871bd358937d83d9a49829637fa80007d2964084ef229f578e3733bd3,ba75425861a059dafcc477474fc3e4ed1eafdc2b47d6fdd0557337035d29a960,8749b33299f170c222e17d70c10790b5e7b83074c44a94ea59e0226d9a7320f2,12589889,1693262184000000000,300
TT/ts-auth-service_delay/3,TT,ts-auth-service,delay,3,300,300,incident,0.3,1,0.29999918702712075,nsigma,12,0.08333333333333333,0.0,0.15942028985507245,0,0,0,70,864.1746999928728,ts-user-service|ts-ticketinfo-service|ts-station-mongo|ts-news-service|ts-preserve-other-service,ts-user-service_istio-latency-50,0.6067424242424242,22,22,0.6977272727272728,0.5157575757575757,22,22,22,0.6988947510822511,baseline-v2-20260723,cd270e7871bd358937d83d9a49829637fa80007d2964084ef229f578e3733bd3,ba75425861a059dafcc477474fc3e4ed1eafdc2b47d6fdd0557337035d29a960,8749b33299f170c222e17d70c10790b5e7b83074c44a94ea59e0226d9a7320f2,12589889,1693262184000000000,300
TT/ts-auth-service_delay/3,TT,ts-auth-service,delay,3,300,300,incident,0.3,2,0.29999918702712075,baro,35,0.02857142857142857,0.0,0.4927536231884058,0,0,0,70,980.5145999998786,192-168-45-158-9100|ts-user-service|ts-travel-service|ts-price-service|ts-train-service,192-168-45-158-9100_node-memory-active-bytes,0.6028787878787879,22,22,0.6915151515151515,0.5142424242424243,22,22,22,0.6988947510822511,baseline-v2-20260723,cd270e7871bd358937d83d9a49829637fa80007d2964084ef229f578e3733bd3,ba75425861a059dafcc477474fc3e4ed1eafdc2b47d6fdd0557337035d29a960,8749b33299f170c222e17d70c10790b5e7b83074c44a94ea59e0226d9a7320f2,12589889,1693262184000000000,300
TT/ts-auth-service_delay/3,TT,ts-auth-service,delay,3,300,300,incident,0.3,2,0.29999918702712075,median_shift,7,0.14285714285714285,0.0,0.08695652173913043,0,0,0,70,270.5663999659009,ts-auth-mongo|ts-travel2-service|ts-security-mongo|ts-inside-payment-mongo|ts-order-other-mongo,ts-auth-mongo_container-memory-working-set-bytes,0.6028787878787879,22,22,0.6915151515151515,0.5142424242424243,22,22,22,0.6988947510822511,baseline-v2-20260723,cd270e7871bd358937d83d9a49829637fa80007d2964084ef229f578e3733bd3,ba75425861a059dafcc477474fc3e4ed1eafdc2b47d6fdd0557337035d29a960,8749b33299f170c222e17d70c10790b5e7b83074c44a94ea59e0226d9a7320f2,12589889,1693262184000000000,300
TT/ts-auth-service_delay/3,TT,ts-auth-service,delay,3,300,300,incident,0.3,2,0.29999918702712075,nsigma,9,0.1111111111111111,0.0,0.11594202898550725,0,0,0,70,845.4435000312515,ts-user-service|ts-ticketinfo-service|ts-station-mongo|ts-inside-payment-service|ts-payment-service,ts-user-service_istio-latency-50,0.6028787878787879,22,22,0.6915151515151515,0.5142424242424243,22,22,22,0.6988947510822511,baseline-v2-20260723,cd270e7871bd358937d83d9a49829637fa80007d2964084ef229f578e3733bd3,ba75425861a059dafcc477474fc3e4ed1eafdc2b47d6fdd0557337035d29a960,8749b33299f170c222e17d70c10790b5e7b83074c44a94ea59e0226d9a7320f2,12589889,1693262184000000000,300
TT/ts-auth-service_delay/3,TT,ts-auth-service,delay,3,300,300,incident,0.3,3,0.29999918702712075,baro,60,0.016666666666666666,0.0,0.855072463768116,0,0,0,70,1312.6066999975592,192-168-45-158-9100|ts-user-service|ts-travel-service|ts-price-service|ts-train-service,192-168-45-158-9100_node-memory-active-bytes,0.6028030303030303,22,22,0.6986363636363636,0.506969696969697,22,22,22,0.6988947510822511,baseline-v2-20260723,cd270e7871bd358937d83d9a49829637fa80007d2964084ef229f578e3733bd3,ba75425861a059dafcc477474fc3e4ed1eafdc2b47d6fdd0557337035d29a960,8749b33299f170c222e17d70c10790b5e7b83074c44a94ea59e0226d9a7320f2,12589889,1693262184000000000,300
TT/ts-auth-service_delay/3,TT,ts-auth-service,delay,3,300,300,incident,0.3,3,0.29999918702712075,median_shift,5,0.2,0.2,0.057971014492753624,0,0,1,70,339.5772000076249,ts-travel2-service|ts-route-service|ts-inside-payment-mongo|ts-order-service|ts-auth-service,ts-travel2-service_container-memory-usage-bytes,0.6028030303030303,22,22,0.6986363636363636,0.506969696969697,22,22,22,0.6988947510822511,baseline-v2-20260723,cd270e7871bd358937d83d9a49829637fa80007d2964084ef229f578e3733bd3,ba75425861a059dafcc477474fc3e4ed1eafdc2b47d6fdd0557337035d29a960,8749b33299f170c222e17d70c10790b5e7b83074c44a94ea59e0226d9a7320f2,12589889,1693262184000000000,300
TT/ts-auth-service_delay/3,TT,ts-auth-service,delay,3,300,300,incident,0.3,3,0.29999918702712075,nsigma,11,0.09090909090909091,0.0,0.14492753623188406,0,0,0,70,866.5446999948472,ts-user-service|ts-ticketinfo-service|ts-station-mongo|ts-payment-service|ts-news-service,ts-user-service_istio-latency-50,0.6028030303030303,22,22,0.6986363636363636,0.506969696969697,22,22,22,0.6988947510822511,baseline-v2-20260723,cd270e7871bd358937d83d9a49829637fa80007d2964084ef229f578e3733bd3,ba75425861a059dafcc477474fc3e4ed1eafdc2b47d6fdd0557337035d29a960,8749b33299f170c222e17d70c10790b5e7b83074c44a94ea59e0226d9a7320f2,12589889,1693262184000000000,300
TT/ts-auth-service_delay/3,TT,ts-auth-service,delay,3,300,300,incident,0.3,4,0.29999918702712075,baro,48,0.020833333333333332,0.0,0.6811594202898551,0,0,0,70,1016.2155000143684,192-168-45-158-9100|ts-user-service|ts-travel-service|ts-price-service|ts-train-service,192-168-45-158-9100_node-memory-active-bytes,0.6078787878787879,22,22,0.7069696969696969,0.5087878787878788,22,22,22,0.6988947510822511,baseline-v2-20260723,cd270e7871bd358937d83d9a49829637fa80007d2964084ef229f578e3733bd3,ba75425861a059dafcc477474fc3e4ed1eafdc2b47d6fdd0557337035d29a960,8749b33299f170c222e17d70c10790b5e7b83074c44a94ea59e0226d9a7320f2,12589889,1693262184000000000,300
TT/ts-auth-service_delay/3,TT,ts-auth-service,delay,3,300,300,incident,0.3,4,0.29999918702712075,median_shift,3,0.3333333333333333,0.6,0.028985507246376812,0,1,1,70,342.0541000086814,ts-order-service|ts-travel2-service|ts-auth-service|ts-ticket-office-service|ts-admin-route-service,ts-order-service_container-memory-max-usage-bytes,0.6078787878787879,22,22,0.7069696969696969,0.5087878787878788,22,22,22,0.6988947510822511,baseline-v2-20260723,cd270e7871bd358937d83d9a49829637fa80007d2964084ef229f578e3733bd3,ba75425861a059dafcc477474fc3e4ed1eafdc2b47d6fdd0557337035d29a960,8749b33299f170c222e17d70c10790b5e7b83074c44a94ea59e0226d9a7320f2,12589889,1693262184000000000,300
TT/ts-auth-service_delay/3,TT,ts-auth-service,delay,3,300,300,incident,0.3,4,0.29999918702712075,nsigma,9,0.1111111111111111,0.0,0.11594202898550725,0,0,0,70,970.6406000186689,ts-user-service|ts-ticketinfo-service|ts-station-mongo|ts-preserve-other-service|ts-payment-service,ts-user-service_istio-latency-50,0.6078787878787879,22,22,0.7069696969696969,0.5087878787878788,22,22,22,0.6988947510822511,baseline-v2-20260723,cd270e7871bd358937d83d9a49829637fa80007d2964084ef229f578e3733bd3,ba75425861a059dafcc477474fc3e4ed1eafdc2b47d6fdd0557337035d29a960,8749b33299f170c222e17d70c10790b5e7b83074c44a94ea59e0226d9a7320f2,12589889,1693262184000000000,300
TT/ts-auth-service_delay/3,TT,ts-auth-service,delay,3,300,300,incident,0.3,5,0.29999918702712075,baro,50,0.02,0.0,0.7101449275362319,0,0,0,70,1089.842099987436,192-168-45-158-9100|ts-verification-code-service|ts-user-service|ts-travel-service|ts-price-service,192-168-45-158-9100_node-memory-active-bytes,0.6143181818181818,22,22,0.7196969696969697,0.5089393939393939,22,22,22,0.6988947510822511,baseline-v2-20260723,cd270e7871bd358937d83d9a49829637fa80007d2964084ef229f578e3733bd3,ba75425861a059dafcc477474fc3e4ed1eafdc2b47d6fdd0557337035d29a960,8749b33299f170c222e17d70c10790b5e7b83074c44a94ea59e0226d9a7320f2,12589889,1693262184000000000,300
TT/ts-auth-service_delay/3,TT,ts-auth-service,delay,3,300,300,incident,0.3,5,0.29999918702712075,median_shift,4,0.25,0.4,0.043478260869565216,0,0,1,70,321.37759996112436,ts-inside-payment-mongo|ts-order-service|ts-ticket-office-service|ts-auth-service|ts-travel2-service,ts-inside-payment-mongo_container-memory-usage-bytes,0.6143181818181818,22,22,0.7196969696969697,0.5089393939393939,22,22,22,0.6988947510822511,baseline-v2-20260723,cd270e7871bd358937d83d9a49829637fa80007d2964084ef229f578e3733bd3,ba75425861a059dafcc477474fc3e4ed1eafdc2b47d6fdd0557337035d29a960,8749b33299f170c222e17d70c10790b5e7b83074c44a94ea59e0226d9a7320f2,12589889,1693262184000000000,300
TT/ts-auth-service_delay/3,TT,ts-auth-service,delay,3,300,300,incident,0.3,5,0.29999918702712075,nsigma,13,0.07692307692307693,0.0,0.17391304347826086,0,0,0,70,889.496500021778,ts-user-service|ts-ticketinfo-service|ts-station-mongo|ts-config-service|ts-travel-plan-service,ts-user-service_istio-latency-50,0.6143181818181818,22,22,0.7196969696969697,0.5089393939393939,22,22,22,0.6988947510822511,baseline-v2-20260723,cd270e7871bd358937d83d9a49829637fa80007d2964084ef229f578e3733bd3,ba75425861a059dafcc477474fc3e4ed1eafdc2b47d6fdd0557337035d29a960,8749b33299f170c222e17d70c10790b5e7b83074c44a94ea59e0226d9a7320f2,12589889,1693262184000000000,300
TT/ts-auth-service_delay/3,TT,ts-auth-service,delay,3,300,300,incident,0.3,6,0.29999918702712075,baro,46,0.021739130434782608,0.0,0.6521739130434783,0,0,0,70,1154.822900018189,192-168-45-158-9100|ts-user-service|ts-travel-service|ts-price-service|ts-train-service,192-168-45-158-9100_node-memory-active-bytes,0.6069696969696969,22,22,0.6981818181818182,0.5157575757575757,22,22,22,0.6988947510822511,baseline-v2-20260723,cd270e7871bd358937d83d9a49829637fa80007d2964084ef229f578e3733bd3,ba75425861a059dafcc477474fc3e4ed1eafdc2b47d6fdd0557337035d29a960,8749b33299f170c222e17d70c10790b5e7b83074c44a94ea59e0226d9a7320f2,12589889,1693262184000000000,300
TT/ts-auth-service_delay/3,TT,ts-auth-service,delay,3,300,300,incident,0.3,6,0.29999918702712075,median_shift,5,0.2,0.2,0.057971014492753624,0,0,1,70,321.44250004785135,ts-security-mongo|ts-ticketinfo-service|ts-ticket-office-service|ts-order-service|ts-auth-service,ts-security-mongo_container-memory-usage-bytes,0.6069696969696969,22,22,0.6981818181818182,0.5157575757575757,22,22,22,0.6988947510822511,baseline-v2-20260723,cd270e7871bd358937d83d9a49829637fa80007d2964084ef229f578e3733bd3,ba75425861a059dafcc477474fc3e4ed1eafdc2b47d6fdd0557337035d29a960,8749b33299f170c222e17d70c10790b5e7b83074c44a94ea59e0226d9a7320f2,12589889,1693262184000000000,300
TT/ts-auth-service_delay/3,TT,ts-auth-service,delay,3,300,300,incident,0.3,6,0.29999918702712075,nsigma,4,0.25,0.4,0.043478260869565216,0,0,1,70,868.984000000637,ts-user-service|ts-ticketinfo-service|ts-station-mongo|ts-auth-service|ts-payment-service,ts-user-service_istio-latency-50,0.6069696969696969,22,22,0.6981818181818182,0.5157575757575757,22,22,22,0.6988947510822511,baseline-v2-20260723,cd270e7871bd358937d83d9a49829637fa80007d2964084ef229f578e3733bd3,ba75425861a059dafcc477474fc3e4ed1eafdc2b47d6fdd0557337035d29a960,8749b33299f170c222e17d70c10790b5e7b83074c44a94ea59e0226d9a7320f2,12589889,1693262184000000000,300
TT/ts-auth-service_delay/3,TT,ts-auth-service,delay,3,300,300,incident,0.3,7,0.29999918702712075,baro,64,0.015625,0.0,0.9130434782608695,0,0,0,70,1063.834200031124,192-168-45-158-9100|ts-user-service|ts-travel-service|ts-price-service|ts-train-service,192-168-45-158-9100_node-memory-active-bytes,0.6062878787878788,22,22,0.7021212121212121,0.5104545454545455,22,22,22,0.6988947510822511,baseline-v2-20260723,cd270e7871bd358937d83d9a49829637fa80007d2964084ef229f578e3733bd3,ba75425861a059dafcc477474fc3e4ed1eafdc2b47d6fdd0557337035d29a960,8749b33299f170c222e17d70c10790b5e7b83074c44a94ea59e0226d9a7320f2,12589889,1693262184000000000,300
TT/ts-auth-service_delay/3,TT,ts-auth-service,delay,3,300,300,incident,0.3,7,0.29999918702712075,median_shift,4,0.25,0.4,0.043478260869565216,0,0,1,70,316.53709994861856,ts-order-service|ts-ticket-office-service|ts-contacts-mongo|ts-auth-service|ts-admin-route-service,ts-order-service_container-memory-max-usage-bytes,0.6062878787878788,22,22,0.7021212121212121,0.5104545454545455,22,22,22,0.6988947510822511,baseline-v2-20260723,cd270e7871bd358937d83d9a49829637fa80007d2964084ef229f578e3733bd3,ba75425861a059dafcc477474fc3e4ed1eafdc2b47d6fdd0557337035d29a960,8749b33299f170c222e17d70c10790b5e7b83074c44a94ea59e0226d9a7320f2,12589889,1693262184000000000,300
TT/ts-auth-service_delay/3,TT,ts-auth-service,delay,3,300,300,incident,0.3,7,0.29999918702712075,nsigma,14,0.07142857142857142,0.0,0.18840579710144928,0,0,0,70,903.5114000434987,ts-user-service|ts-ticketinfo-service|ts-station-mongo|ts-travel-plan-service|ts-news-service,ts-user-service_istio-latency-50,0.6062878787878788,22,22,0.7021212121212121,0.5104545454545455,22,22,22,0.6988947510822511,baseline-v2-20260723,cd270e7871bd358937d83d9a49829637fa80007d2964084ef229f578e3733bd3,ba75425861a059dafcc477474fc3e4ed1eafdc2b47d6fdd0557337035d29a960,8749b33299f170c222e17d70c10790b5e7b83074c44a94ea59e0226d9a7320f2,12589889,1693262184000000000,300
TT/ts-auth-service_delay/3,TT,ts-auth-service,delay,3,300,300,incident,0.3,8,0.29999918702712075,baro,62,0.016129032258064516,0.0,0.8840579710144928,0,0,0,70,968.4931999654509,192-168-45-158-9100|ts-verification-code-service|ts-user-service|ts-travel-service|ts-price-service,192-168-45-158-9100_node-memory-active-bytes,0.6056818181818182,22,22,0.698030303030303,0.5133333333333333,22,22,22,0.6988947510822511,baseline-v2-20260723,cd270e7871bd358937d83d9a49829637fa80007d2964084ef229f578e3733bd3,ba75425861a059dafcc477474fc3e4ed1eafdc2b47d6fdd0557337035d29a960,8749b33299f170c222e17d70c10790b5e7b83074c44a94ea59e0226d9a7320f2,12589889,1693262184000000000,300
TT/ts-auth-service_delay/3,TT,ts-auth-service,delay,3,300,300,incident,0.3,8,0.29999918702712075,median_shift,2,0.5,0.8,0.014492753623188406,0,1,1,70,273.54720002040267,ts-travel2-service|ts-auth-service|ts-inside-payment-mongo|ts-order-service|ts-ticket-office-service,ts-travel2-service_container-memory-usage-bytes,0.6056818181818182,22,22,0.698030303030303,0.5133333333333333,22,22,22,0.6988947510822511,baseline-v2-20260723,cd270e7871bd358937d83d9a49829637fa80007d2964084ef229f578e3733bd3,ba75425861a059dafcc477474fc3e4ed1eafdc2b47d6fdd0557337035d29a960,8749b33299f170c222e17d70c10790b5e7b83074c44a94ea59e0226d9a7320f2,12589889,1693262184000000000,300
TT/ts-auth-service_delay/3,TT,ts-auth-service,delay,3,300,300,incident,0.3,8,0.29999918702712075,nsigma,13,0.07692307692307693,0.0,0.17391304347826086,0,0,0,70,898.585999966599,ts-user-service|ts-ticketinfo-service|ts-cancel-service|ts-station-mongo|ts-travel-plan-service,ts-user-service_istio-latency-50,0.6056818181818182,22,22,0.698030303030303,0.5133333333333333,22,22,22,0.6988947510822511,baseline-v2-20260723,cd270e7871bd358937d83d9a49829637fa80007d2964084ef229f578e3733bd3,ba75425861a059dafcc477474fc3e4ed1eafdc2b47d6fdd0557337035d29a960,8749b33299f170c222e17d70c10790b5e7b83074c44a94ea59e0226d9a7320f2,12589889,1693262184000000000,300
TT/ts-auth-service_delay/3,TT,ts-auth-service,delay,3,300,300,incident,0.3,9,0.29999918702712075,baro,51,0.0196078431372549,0.0,0.7246376811594203,0,0,0,70,1003.5363999777474,192-168-45-158-9100|ts-user-service|ts-travel-service|ts-price-service|ts-train-service,192-168-45-158-9100_node-memory-active-bytes,0.6031060606060606,22,22,0.696060606060606,0.5101515151515151,22,22,22,0.6988947510822511,baseline-v2-20260723,cd270e7871bd358937d83d9a49829637fa80007d2964084ef229f578e3733bd3,ba75425861a059dafcc477474fc3e4ed1eafdc2b47d6fdd0557337035d29a960,8749b33299f170c222e17d70c10790b5e7b83074c44a94ea59e0226d9a7320f2,12589889,1693262184000000000,300
TT/ts-auth-service_delay/3,TT,ts-auth-service,delay,3,300,300,incident,0.3,9,0.29999918702712075,median_shift,8,0.125,0.0,0.10144927536231885,0,0,0,70,376.3788000214845,ts-security-service|ts-security-mongo|ts-travel2-service|ts-inside-payment-mongo|ts-order-other-mongo,ts-security-service_container-memory-max-usage-bytes,0.6031060606060606,22,22,0.696060606060606,0.5101515151515151,22,22,22,0.6988947510822511,baseline-v2-20260723,cd270e7871bd358937d83d9a49829637fa80007d2964084ef229f578e3733bd3,ba75425861a059dafcc477474fc3e4ed1eafdc2b47d6fdd0557337035d29a960,8749b33299f170c222e17d70c10790b5e7b83074c44a94ea59e0226d9a7320f2,12589889,1693262184000000000,300
TT/ts-auth-service_delay/3,TT,ts-auth-service,delay,3,300,300,incident,0.3,9,0.29999918702712075,nsigma,7,0.14285714285714285,0.0,0.08695652173913043,0,0,0,70,758.9964999933727,ts-user-service|ts-ticketinfo-service|ts-station-mongo|ts-preserve-other-service|ts-news-service,ts-user-service_istio-latency-50,0.6031060606060606,22,22,0.696060606060606,0.5101515151515151,22,22,22,0.6988947510822511,baseline-v2-20260723,cd270e7871bd358937d83d9a49829637fa80007d2964084ef229f578e3733bd3,ba75425861a059dafcc477474fc3e4ed1eafdc2b47d6fdd0557337035d29a960,8749b33299f170c222e17d70c10790b5e7b83074c44a94ea59e0226d9a7320f2,12589889,1693262184000000000,300
TT/ts-auth-service_delay/3,TT,ts-auth-service,delay,3,300,300,incident,0.5,0,0.5,baro,36,0.027777777777777776,0.0,0.5072463768115942,0,0,0,70,858.0464000115171,192-168-45-158-9100|ts-verification-code-service|ts-user-service|ts-travel-service|ts-price-service,192-168-45-158-9100_node-memory-active-bytes,0.4232575757575758,22,22,0.49803030303030305,0.3484848484848485,22,22,21,0.4992099567099567,baseline-v2-20260723,cd270e7871bd358937d83d9a49829637fa80007d2964084ef229f578e3733bd3,ba75425861a059dafcc477474fc3e4ed1eafdc2b47d6fdd0557337035d29a960,8749b33299f170c222e17d70c10790b5e7b83074c44a94ea59e0226d9a7320f2,12589889,1693262184000000000,300
TT/ts-auth-service_delay/3,TT,ts-auth-service,delay,3,300,300,incident,0.5,0,0.5,median_shift,16,0.0625,0.0,0.21739130434782608,0,0,0,70,232.73889999836683,ts-security-service|ts-consign-mongo|ts-consign-price-mongo|ts-food-map-mongo|ts-order-other-mongo,ts-security-service_container-memory-usage-bytes,0.4232575757575758,22,22,0.49803030303030305,0.3484848484848485,22,22,21,0.4992099567099567,baseline-v2-20260723,cd270e7871bd358937d83d9a49829637fa80007d2964084ef229f578e3733bd3,ba75425861a059dafcc477474fc3e4ed1eafdc2b47d6fdd0557337035d29a960,8749b33299f170c222e17d70c10790b5e7b83074c44a94ea59e0226d9a7320f2,12589889,1693262184000000000,300
TT/ts-auth-service_delay/3,TT,ts-auth-service,delay,3,300,300,incident,0.5,0,0.5,nsigma,65,0.015384615384615385,0.0,0.927536231884058,0,0,0,70,812.0658000116237,ts-user-service|ts-station-mongo|ts-voucher-service|ts-news-service|ts-price-service,ts-user-service_istio-latency-50,0.4232575757575758,22,22,0.49803030303030305,0.3484848484848485,22,22,21,0.4992099567099567,baseline-v2-20260723,cd270e7871bd358937d83d9a49829637fa80007d2964084ef229f578e3733bd3,ba75425861a059dafcc477474fc3e4ed1eafdc2b47d6fdd0557337035d29a960,8749b33299f170c222e17d70c10790b5e7b83074c44a94ea59e0226d9a7320f2,12589889,1693262184000000000,300
TT/ts-auth-service_delay/3,TT,ts-auth-service,delay,3,300,300,incident,0.5,1,0.5,baro,38,0.02631578947368421,0.0,0.5362318840579711,0,0,0,70,1062.0721000013873,192-168-45-158-9100|ts-user-service|ts-travel-service|ts-price-service|ts-train-service,192-168-45-158-9100_node-memory-active-bytes,0.4209090909090909,22,22,0.49454545454545457,0.3472727272727273,22,22,21,0.4992099567099567,baseline-v2-20260723,cd270e7871bd358937d83d9a49829637fa80007d2964084ef229f578e3733bd3,ba75425861a059dafcc477474fc3e4ed1eafdc2b47d6fdd0557337035d29a960,8749b33299f170c222e17d70c10790b5e7b83074c44a94ea59e0226d9a7320f2,12589889,1693262184000000000,300
TT/ts-auth-service_delay/3,TT,ts-auth-service,delay,3,300,300,incident,0.5,1,0.5,median_shift,33,0.030303030303030304,0.0,0.463768115942029,0,0,0,70,338.60630000708625,ts-order-other-mongo|ts-consign-price-mongo|ts-contacts-mongo|ts-food-map-mongo|ts-order-mongo,ts-order-other-mongo_container-memory-usage-bytes,0.4209090909090909,22,22,0.49454545454545457,0.3472727272727273,22,22,21,0.4992099567099567,baseline-v2-20260723,cd270e7871bd358937d83d9a49829637fa80007d2964084ef229f578e3733bd3,ba75425861a059dafcc477474fc3e4ed1eafdc2b47d6fdd0557337035d29a960,8749b33299f170c222e17d70c10790b5e7b83074c44a94ea59e0226d9a7320f2,12589889,1693262184000000000,300
TT/ts-auth-service_delay/3,TT,ts-auth-service,delay,3,300,300,incident,0.5,1,0.5,nsigma,22,0.045454545454545456,0.0,0.30434782608695654,0,0,0,70,958.2740000332706,ts-user-service|ts-ticketinfo-service|ts-station-mongo|ts-admin-basic-info-service|ts-consign-price-service,ts-user-service_istio-latency-50,0.4209090909090909,22,22,0.49454545454545457,0.3472727272727273,22,22,21,0.4992099567099567,baseline-v2-20260723,cd270e7871bd358937d83d9a49829637fa80007d2964084ef229f578e3733bd3,ba75425861a059dafcc477474fc3e4ed1eafdc2b47d6fdd0557337035d29a960,8749b33299f170c222e17d70c10790b5e7b83074c44a94ea59e0226d9a7320f2,12589889,1693262184000000000,300
TT/ts-auth-service_delay/3,TT,ts-auth-service,delay,3,300,300,incident,0.5,2,0.5,baro,50,0.02,0.0,0.7101449275362319,0,0,0,70,1092.5034999963827,192-168-45-158-9100|ts-user-service|ts-travel-service|ts-price-service|ts-train-service,192-168-45-158-9100_node-memory-active-bytes,0.43053030303030304,22,22,0.5039393939393939,0.3571212121212121,22,22,22,0.4992099567099567,baseline-v2-20260723,cd270e7871bd358937d83d9a49829637fa80007d2964084ef229f578e3733bd3,ba75425861a059dafcc477474fc3e4ed1eafdc2b47d6fdd0557337035d29a960,8749b33299f170c222e17d70c10790b5e7b83074c44a94ea59e0226d9a7320f2,12589889,1693262184000000000,300
TT/ts-auth-service_delay/3,TT,ts-auth-service,delay,3,300,300,incident,0.5,2,0.5,median_shift,18,0.05555555555555555,0.0,0.2463768115942029,0,0,0,70,333.70679995277897,ts-food-mongo|ts-consign-price-mongo|ts-contacts-mongo|ts-order-mongo|ts-admin-basic-info-service,ts-food-mongo_container-memory-working-set-bytes,0.43053030303030304,22,22,0.5039393939393939,0.3571212121212121,22,22,22,0.4992099567099567,baseline-v2-20260723,cd270e7871bd358937d83d9a49829637fa80007d2964084ef229f578e3733bd3,ba75425861a059dafcc477474fc3e4ed1eafdc2b47d6fdd0557337035d29a960,8749b33299f170c222e17d70c10790b5e7b83074c44a94ea59e0226d9a7320f2,12589889,1693262184000000000,300
TT/ts-auth-service_delay/3,TT,ts-auth-service,delay,3,300,300,incident,0.5,2,0.5,nsigma,54,0.018518518518518517,0.0,0.7681159420289855,0,0,0,70,741.2239999976009,ts-user-service|ts-station-mongo|ts-inside-payment-service|ts-news-service|192-168-76-138-9100,ts-user-service_istio-latency-50,0.43053030303030304,22,22,0.5039393939393939,0.3571212121212121,22,22,22,0.4992099567099567,baseline-v2-20260723,cd270e7871bd358937d83d9a49829637fa80007d2964084ef229f578e3733bd3,ba75425861a059dafcc477474fc3e4ed1eafdc2b47d6fdd0557337035d29a960,8749b33299f170c222e17d70c10790b5e7b83074c44a94ea59e0226d9a7320f2,12589889,1693262184000000000,300
TT/ts-auth-service_delay/3,TT,ts-auth-service,delay,3,300,300,incident,0.5,3,0.5,baro,50,0.02,0.0,0.7101449275362319,0,0,0,70,1057.6191000291146,192-168-45-158-9100|ts-inside-payment-service|ts-verification-code-service|ts-user-service|ts-travel-service,192-168-45-158-9100_node-memory-active-bytes,0.42037878787878785,22,22,0.4893939393939394,0.3513636363636364,22,22,22,0.4992099567099567,baseline-v2-20260723,cd270e7871bd358937d83d9a49829637fa80007d2964084ef229f578e3733bd3,ba75425861a059dafcc477474fc3e4ed1eafdc2b47d6fdd0557337035d29a960,8749b33299f170c222e17d70c10790b5e7b83074c44a94ea59e0226d9a7320f2,12589889,1693262184000000000,300
TT/ts-auth-service_delay/3,TT,ts-auth-service,delay,3,300,300,incident,0.5,3,0.5,median_shift,21,0.047619047619047616,0.0,0.2898550724637681,0,0,0,70,327.4095000233501,ts-ticketinfo-service|ts-admin-route-service|ts-consign-mongo|ts-consign-price-mongo|ts-consign-service,ts-ticketinfo-service_container-memory-usage-bytes,0.42037878787878785,22,22,0.4893939393939394,0.3513636363636364,22,22,22,0.4992099567099567,baseline-v2-20260723,cd270e7871bd358937d83d9a49829637fa80007d2964084ef229f578e3733bd3,ba75425861a059dafcc477474fc3e4ed1eafdc2b47d6fdd0557337035d29a960,8749b33299f170c222e17d70c10790b5e7b83074c44a94ea59e0226d9a7320f2,12589889,1693262184000000000,300
TT/ts-auth-service_delay/3,TT,ts-auth-service,delay,3,300,300,incident,0.5,3,0.5,nsigma,55,0.01818181818181818,0.0,0.782608695652174,0,0,0,70,846.6223999857903,ts-user-service|ts-inside-payment-service|ts-ticketinfo-service|ts-station-mongo|ts-travel2-mongo,ts-user-service_istio-latency-50,0.42037878787878785,22,22,0.4893939393939394,0.3513636363636364,22,22,22,0.4992099567099567,baseline-v2-20260723,cd270e7871bd358937d83d9a49829637fa80007d2964084ef229f578e3733bd3,ba75425861a059dafcc477474fc3e4ed1eafdc2b47d6fdd0557337035d29a960,8749b33299f170c222e17d70c10790b5e7b83074c44a94ea59e0226d9a7320f2,12589889,1693262184000000000,300
TT/ts-auth-service_delay/3,TT,ts-auth-service,delay,3,300,300,incident,0.5,4,0.5,baro,52,0.019230769230769232,0.0,0.7391304347826086,0,0,0,70,867.9204999934882,192-168-45-158-9100|ts-user-service|ts-travel-service|ts-price-service|ts-train-service,192-168-45-158-9100_node-memory-active-bytes,0.4199242424242424,22,22,0.49757575757575756,0.3422727272727273,22,22,22,0.4992099567099567,baseline-v2-20260723,cd270e7871bd358937d83d9a49829637fa80007d2964084ef229f578e3733bd3,ba75425861a059dafcc477474fc3e4ed1eafdc2b47d6fdd0557337035d29a960,8749b33299f170c222e17d70c10790b5e7b83074c44a94ea59e0226d9a7320f2,12589889,1693262184000000000,300
TT/ts-auth-service_delay/3,TT,ts-auth-service,delay,3,300,300,incident,0.5,4,0.5,median_shift,33,0.030303030303030304,0.0,0.463768115942029,0,0,0,70,352.8430000296794,ts-consign-price-mongo|ts-food-mongo|ts-consign-mongo|ts-consign-service|ts-contacts-mongo,ts-consign-price-mongo_container-memory-usage-bytes,0.4199242424242424,22,22,0.49757575757575756,0.3422727272727273,22,22,22,0.4992099567099567,baseline-v2-20260723,cd270e7871bd358937d83d9a49829637fa80007d2964084ef229f578e3733bd3,ba75425861a059dafcc477474fc3e4ed1eafdc2b47d6fdd0557337035d29a960,8749b33299f170c222e17d70c10790b5e7b83074c44a94ea59e0226d9a7320f2,12589889,1693262184000000000,300
TT/ts-auth-service_delay/3,TT,ts-auth-service,delay,3,300,300,incident,0.5,4,0.5,nsigma,56,0.017857142857142856,0.0,0.7971014492753623,0,0,0,70,827.5626000249758,ts-user-service|ts-station-mongo|ts-ticketinfo-service|ts-news-service|ts-admin-basic-info-service,ts-user-service_istio-latency-50,0.4199242424242424,22,22,0.49757575757575756,0.3422727272727273,22,22,22,0.4992099567099567,baseline-v2-20260723,cd270e7871bd358937d83d9a49829637fa80007d2964084ef229f578e3733bd3,ba75425861a059dafcc477474fc3e4ed1eafdc2b47d6fdd0557337035d29a960,8749b33299f170c222e17d70c10790b5e7b83074c44a94ea59e0226d9a7320f2,12589889,1693262184000000000,300
TT/ts-auth-service_delay/3,TT,ts-auth-service,delay,3,300,300,incident,0.5,5,0.5,baro,10,0.1,0.0,0.13043478260869565,0,0,0,70,863.1722999853082,192-168-45-158-9100|ts-user-service|ts-travel-service|ts-price-service|ts-train-service,192-168-45-158-9100_node-memory-active-bytes,0.42818181818181816,22,22,0.5015151515151515,0.35484848484848486,22,22,21,0.4992099567099567,baseline-v2-20260723,cd270e7871bd358937d83d9a49829637fa80007d2964084ef229f578e3733bd3,ba75425861a059dafcc477474fc3e4ed1eafdc2b47d6fdd0557337035d29a960,8749b33299f170c222e17d70c10790b5e7b83074c44a94ea59e0226d9a7320f2,12589889,1693262184000000000,300
TT/ts-auth-service_delay/3,TT,ts-auth-service,delay,3,300,300,incident,0.5,5,0.5,median_shift,17,0.058823529411764705,0.0,0.2318840579710145,0,0,0,70,340.19429999170825,ts-admin-route-service|ts-consign-mongo|ts-consign-price-mongo|ts-food-map-mongo|ts-order-other-mongo,ts-admin-route-service_container-memory-usage-bytes,0.42818181818181816,22,22,0.5015151515151515,0.35484848484848486,22,22,21,0.4992099567099567,baseline-v2-20260723,cd270e7871bd358937d83d9a49829637fa80007d2964084ef229f578e3733bd3,ba75425861a059dafcc477474fc3e4ed1eafdc2b47d6fdd0557337035d29a960,8749b33299f170c222e17d70c10790b5e7b83074c44a94ea59e0226d9a7320f2,12589889,1693262184000000000,300
TT/ts-auth-service_delay/3,TT,ts-auth-service,delay,3,300,300,incident,0.5,5,0.5,nsigma,18,0.05555555555555555,0.0,0.2463768115942029,0,0,0,70,928.800499998033,ts-user-service|ts-station-mongo|ts-ticketinfo-service|ts-news-service|ts-admin-basic-info-service,ts-user-service_istio-latency-50,0.42818181818181816,22,22,0.5015151515151515,0.35484848484848486,22,22,21,0.4992099567099567,baseline-v2-20260723,cd270e7871bd358937d83d9a49829637fa80007d2964084ef229f578e3733bd3,ba75425861a059dafcc477474fc3e4ed1eafdc2b47d6fdd0557337035d29a960,8749b33299f170c222e17d70c10790b5e7b83074c44a94ea59e0226d9a7320f2,12589889,1693262184000000000,300
TT/ts-auth-service_delay/3,TT,ts-auth-service,delay,3,300,300,incident,0.5,6,0.5,baro,22,0.045454545454545456,0.0,0.30434782608695654,0,0,0,70,977.42000001017,192-168-45-158-9100|ts-user-service|ts-travel-service|ts-price-service|ts-train-service,192-168-45-158-9100_node-memory-active-bytes,0.42583333333333334,22,22,0.5025757575757576,0.3490909090909091,22,22,22,0.4992099567099567,baseline-v2-20260723,cd270e7871bd358937d83d9a49829637fa80007d2964084ef229f578e3733bd3,ba75425861a059dafcc477474fc3e4ed1eafdc2b47d6fdd0557337035d29a960,8749b33299f170c222e17d70c10790b5e7b83074c44a94ea59e0226d9a7320f2,12589889,1693262184000000000,300
TT/ts-auth-service_delay/3,TT,ts-auth-service,delay,3,300,300,incident,0.5,6,0.5,median_shift,25,0.04,0.0,0.34782608695652173,0,0,0,70,279.79709999635816,ts-order-other-mongo|ts-consign-mongo|ts-food-map-mongo|ts-order-mongo|ts-admin-basic-info-service,ts-order-other-mongo_container-memory-usage-bytes,0.42583333333333334,22,22,0.5025757575757576,0.3490909090909091,22,22,22,0.4992099567099567,baseline-v2-20260723,cd270e7871bd358937d83d9a49829637fa80007d2964084ef229f578e3733bd3,ba75425861a059dafcc477474fc3e4ed1eafdc2b47d6fdd0557337035d29a960,8749b33299f170c222e17d70c10790b5e7b83074c44a94ea59e0226d9a7320f2,12589889,1693262184000000000,300
TT/ts-auth-service_delay/3,TT,ts-auth-service,delay,3,300,300,incident,0.5,6,0.5,nsigma,9,0.1111111111111111,0.0,0.11594202898550725,0,0,0,70,769.7896999889053,ts-user-service|ts-ticketinfo-service|ts-station-mongo|ts-admin-basic-info-service|ts-news-service,ts-user-service_istio-latency-50,0.42583333333333334,22,22,0.5025757575757576,0.3490909090909091,22,22,22,0.4992099567099567,baseline-v2-20260723,cd270e7871bd358937d83d9a49829637fa80007d2964084ef229f578e3733bd3,ba75425861a059dafcc477474fc3e4ed1eafdc2b47d6fdd0557337035d29a960,8749b33299f170c222e17d70c10790b5e7b83074c44a94ea59e0226d9a7320f2,12589889,1693262184000000000,300
TT/ts-auth-service_delay/3,TT,ts-auth-service,delay,3,300,300,incident,0.5,7,0.5,baro,18,0.05555555555555555,0.0,0.2463768115942029,0,0,0,70,994.7920999838971,192-168-45-158-9100|ts-user-service|ts-travel-service|ts-price-service|ts-train-service,192-168-45-158-9100_node-memory-active-bytes,0.43022727272727274,22,22,0.49863636363636366,0.3618181818181818,22,22,22,0.4992099567099567,baseline-v2-20260723,cd270e7871bd358937d83d9a49829637fa80007d2964084ef229f578e3733bd3,ba75425861a059dafcc477474fc3e4ed1eafdc2b47d6fdd0557337035d29a960,8749b33299f170c222e17d70c10790b5e7b83074c44a94ea59e0226d9a7320f2,12589889,1693262184000000000,300
TT/ts-auth-service_delay/3,TT,ts-auth-service,delay,3,300,300,incident,0.5,7,0.5,median_shift,24,0.041666666666666664,0.0,0.3333333333333333,0,0,0,70,268.0831999750808,ts-ticketinfo-service|ts-admin-route-service|ts-contacts-mongo|ts-food-map-mongo|ts-food-mongo,ts-ticketinfo-service_container-memory-usage-bytes,0.43022727272727274,22,22,0.49863636363636366,0.3618181818181818,22,22,22,0.4992099567099567,baseline-v2-20260723,cd270e7871bd358937d83d9a49829637fa80007d2964084ef229f578e3733bd3,ba75425861a059dafcc477474fc3e4ed1eafdc2b47d6fdd0557337035d29a960,8749b33299f170c222e17d70c10790b5e7b83074c44a94ea59e0226d9a7320f2,12589889,1693262184000000000,300
TT/ts-auth-service_delay/3,TT,ts-auth-service,delay,3,300,300,incident,0.5,7,0.5,nsigma,67,0.014925373134328358,0.0,0.9565217391304348,0,0,0,70,770.7209000363946,ts-user-service|ts-station-mongo|ts-news-service|ts-admin-basic-info-service|192-168-93-129-9100,ts-user-service_istio-latency-50,0.43022727272727274,22,22,0.49863636363636366,0.3618181818181818,22,22,22,0.4992099567099567,baseline-v2-20260723,cd270e7871bd358937d83d9a49829637fa80007d2964084ef229f578e3733bd3,ba75425861a059dafcc477474fc3e4ed1eafdc2b47d6fdd0557337035d29a960,8749b33299f170c222e17d70c10790b5e7b83074c44a94ea59e0226d9a7320f2,12589889,1693262184000000000,300
TT/ts-auth-service_delay/3,TT,ts-auth-service,delay,3,300,300,incident,0.5,8,0.5,baro,61,0.01639344262295082,0.0,0.8695652173913043,0,0,0,70,1251.6648999881,192-168-45-158-9100|ts-verification-code-service|ts-user-service|ts-travel-service|ts-price-service,192-168-45-158-9100_node-memory-active-bytes,0.4263636363636364,22,22,0.5051515151515151,0.3475757575757576,22,22,22,0.4992099567099567,baseline-v2-20260723,cd270e7871bd358937d83d9a49829637fa80007d2964084ef229f578e3733bd3,ba75425861a059dafcc477474fc3e4ed1eafdc2b47d6fdd0557337035d29a960,8749b33299f170c222e17d70c10790b5e7b83074c44a94ea59e0226d9a7320f2,12589889,1693262184000000000,300
TT/ts-auth-service_delay/3,TT,ts-auth-service,delay,3,300,300,incident,0.5,8,0.5,median_shift,27,0.037037037037037035,0.0,0.37681159420289856,0,0,0,70,541.3567999494262,ts-admin-route-service|ts-consign-mongo|ts-food-map-mongo|ts-order-other-mongo|ts-order-service,ts-admin-route-service_container-memory-usage-bytes,0.4263636363636364,22,22,0.5051515151515151,0.3475757575757576,22,22,22,0.4992099567099567,baseline-v2-20260723,cd270e7871bd358937d83d9a49829637fa80007d2964084ef229f578e3733bd3,ba75425861a059dafcc477474fc3e4ed1eafdc2b47d6fdd0557337035d29a960,8749b33299f170c222e17d70c10790b5e7b83074c44a94ea59e0226d9a7320f2,12589889,1693262184000000000,300
TT/ts-auth-service_delay/3,TT,ts-auth-service,delay,3,300,300,incident,0.5,8,0.5,nsigma,54,0.018518518518518517,0.0,0.7681159420289855,0,0,0,70,868.4205999597907,ts-user-service|ts-station-mongo|ts-price-service|ts-news-service|ts-admin-basic-info-service,ts-user-service_istio-latency-50,0.4263636363636364,22,22,0.5051515151515151,0.3475757575757576,22,22,22,0.4992099567099567,baseline-v2-20260723,cd270e7871bd358937d83d9a49829637fa80007d2964084ef229f578e3733bd3,ba75425861a059dafcc477474fc3e4ed1eafdc2b47d6fdd0557337035d29a960,8749b33299f170c222e17d70c10790b5e7b83074c44a94ea59e0226d9a7320f2,12589889,1693262184000000000,300
TT/ts-auth-service_delay/3,TT,ts-auth-service,delay,3,300,300,incident,0.5,9,0.5,baro,23,0.043478260869565216,0.0,0.3188405797101449,0,0,0,70,1121.4150000014342,192-168-45-158-9100|ts-user-service|ts-travel-service|ts-price-service|ts-train-service,192-168-45-158-9100_node-memory-active-bytes,0.42037878787878785,22,22,0.4998484848484849,0.3409090909090909,22,22,21,0.4992099567099567,baseline-v2-20260723,cd270e7871bd358937d83d9a49829637fa80007d2964084ef229f578e3733bd3,ba75425861a059dafcc477474fc3e4ed1eafdc2b47d6fdd0557337035d29a960,8749b33299f170c222e17d70c10790b5e7b83074c44a94ea59e0226d9a7320f2,12589889,1693262184000000000,300
TT/ts-auth-service_delay/3,TT,ts-auth-service,delay,3,300,300,incident,0.5,9,0.5,median_shift,22,0.045454545454545456,0.0,0.30434782608695654,0,0,0,70,283.7468999787234,ts-ticketinfo-service|ts-admin-route-service|ts-assurance-service|ts-consign-mongo|ts-consign-price-mongo,ts-ticketinfo-service_container-memory-working-set-bytes,0.42037878787878785,22,22,0.4998484848484849,0.3409090909090909,22,22,21,0.4992099567099567,baseline-v2-20260723,cd270e7871bd358937d83d9a49829637fa80007d2964084ef229f578e3733bd3,ba75425861a059dafcc477474fc3e4ed1eafdc2b47d6fdd0557337035d29a960,8749b33299f170c222e17d70c10790b5e7b83074c44a94ea59e0226d9a7320f2,12589889,1693262184000000000,300
TT/ts-auth-service_delay/3,TT,ts-auth-service,delay,3,300,300,incident,0.5,9,0.5,nsigma,56,0.017857142857142856,0.0,0.7971014492753623,0,0,0,70,1029.9147000187077,ts-user-service|ts-ticketinfo-service|ts-station-mongo|ts-admin-basic-info-service|ts-news-service,ts-user-service_istio-latency-50,0.42037878787878785,22,22,0.4998484848484849,0.3409090909090909,22,22,21,0.4992099567099567,baseline-v2-20260723,cd270e7871bd358937d83d9a49829637fa80007d2964084ef229f578e3733bd3,ba75425861a059dafcc477474fc3e4ed1eafdc2b47d6fdd0557337035d29a960,8749b33299f170c222e17d70c10790b5e7b83074c44a94ea59e0226d9a7320f2,12589889,1693262184000000000,300
TT/ts-auth-service_delay/3,TT,ts-auth-service,delay,3,300,300,none,0.0,0,0.0,baro,15,0.06666666666666667,0.0,0.2028985507246377,0,0,0,70,1199.543199967593,192-168-45-158-9100|ts-order-mongo|192-168-51-251-9100|ts-travel-service|ts-ticket-office-mongo,192-168-45-158-9100_node-memory-active-bytes,1.0,22,22,1.0,1.0,22,22,22,0.9984199134199134,baseline-v2-20260723,cd270e7871bd358937d83d9a49829637fa80007d2964084ef229f578e3733bd3,ba75425861a059dafcc477474fc3e4ed1eafdc2b47d6fdd0557337035d29a960,8749b33299f170c222e17d70c10790b5e7b83074c44a94ea59e0226d9a7320f2,12589889,1693262184000000000,300
TT/ts-auth-service_delay/3,TT,ts-auth-service,delay,3,300,300,none,0.0,0,0.0,median_shift,16,0.0625,0.0,0.21739130434782608,0,0,0,70,274.26869998453185,ts-auth-mongo|ts-config-mongo|ts-food-map-service|ts-price-service|ts-route-mongo,ts-auth-mongo_container-memory-cache,1.0,22,22,1.0,1.0,22,22,22,0.9984199134199134,baseline-v2-20260723,cd270e7871bd358937d83d9a49829637fa80007d2964084ef229f578e3733bd3,ba75425861a059dafcc477474fc3e4ed1eafdc2b47d6fdd0557337035d29a960,8749b33299f170c222e17d70c10790b5e7b83074c44a94ea59e0226d9a7320f2,12589889,1693262184000000000,300
TT/ts-auth-service_delay/3,TT,ts-auth-service,delay,3,300,300,none,0.0,0,0.0,nsigma,2,0.5,0.8,0.014492753623188406,0,1,1,70,914.3038000329398,ts-payment-service|ts-auth-service|ts-admin-travel-service|ts-auth-mongo|ts-food-service,ts-payment-service_istio-latency-99,1.0,22,22,1.0,1.0,22,22,22,0.9984199134199134,baseline-v2-20260723,cd270e7871bd358937d83d9a49829637fa80007d2964084ef229f578e3733bd3,ba75425861a059dafcc477474fc3e4ed1eafdc2b47d6fdd0557337035d29a960,8749b33299f170c222e17d70c10790b5e7b83074c44a94ea59e0226d9a7320f2,12589889,1693262184000000000,300
TT/ts-auth-service_delay/3,TT,ts-auth-service,delay,3,300,300,point,0.1,0,0.09999972900904026,baro,16,0.0625,0.0,0.21739130434782608,0,0,0,70,1018.4598000487313,192-168-45-158-9100|ts-order-mongo|192-168-51-251-9100|ts-travel-service|ts-ticket-office-mongo,192-168-45-158-9100_node-memory-active-bytes,0.9039393939393939,22,22,0.9042424242424243,0.9036363636363637,22,22,22,0.8985781926406926,baseline-v2-20260723,cd270e7871bd358937d83d9a49829637fa80007d2964084ef229f578e3733bd3,ba75425861a059dafcc477474fc3e4ed1eafdc2b47d6fdd0557337035d29a960,8749b33299f170c222e17d70c10790b5e7b83074c44a94ea59e0226d9a7320f2,12589889,1693262184000000000,300
TT/ts-auth-service_delay/3,TT,ts-auth-service,delay,3,300,300,point,0.1,0,0.09999972900904026,median_shift,15,0.06666666666666667,0.0,0.2028985507246377,0,0,0,70,350.0509000150487,ts-auth-mongo|ts-config-mongo|ts-food-map-service|ts-route-mongo|ts-station-mongo,ts-auth-mongo_container-memory-cache,0.9039393939393939,22,22,0.9042424242424243,0.9036363636363637,22,22,22,0.8985781926406926,baseline-v2-20260723,cd270e7871bd358937d83d9a49829637fa80007d2964084ef229f578e3733bd3,ba75425861a059dafcc477474fc3e4ed1eafdc2b47d6fdd0557337035d29a960,8749b33299f170c222e17d70c10790b5e7b83074c44a94ea59e0226d9a7320f2,12589889,1693262184000000000,300
TT/ts-auth-service_delay/3,TT,ts-auth-service,delay,3,300,300,point,0.1,0,0.09999972900904026,nsigma,2,0.5,0.8,0.014492753623188406,0,1,1,70,840.2003000373952,ts-payment-service|ts-auth-service|ts-admin-travel-service|ts-auth-mongo|ts-food-service,ts-payment-service_istio-latency-99,0.9039393939393939,22,22,0.9042424242424243,0.9036363636363637,22,22,22,0.8985781926406926,baseline-v2-20260723,cd270e7871bd358937d83d9a49829637fa80007d2964084ef229f578e3733bd3,ba75425861a059dafcc477474fc3e4ed1eafdc2b47d6fdd0557337035d29a960,8749b33299f170c222e17d70c10790b5e7b83074c44a94ea59e0226d9a7320f2,12589889,1693262184000000000,300
TT/ts-auth-service_delay/3,TT,ts-auth-service,delay,3,300,300,point,0.1,1,0.09999972900904026,baro,16,0.0625,0.0,0.21739130434782608,0,0,0,70,971.0154000204057,192-168-45-158-9100|ts-order-mongo|192-168-51-251-9100|ts-travel-service|ts-ticket-office-mongo,192-168-45-158-9100_node-memory-active-bytes,0.8975,22,22,0.8971212121212121,0.8978787878787878,22,22,22,0.8985781926406926,baseline-v2-20260723,cd270e7871bd358937d83d9a49829637fa80007d2964084ef229f578e3733bd3,ba75425861a059dafcc477474fc3e4ed1eafdc2b47d6fdd0557337035d29a960,8749b33299f170c222e17d70c10790b5e7b83074c44a94ea59e0226d9a7320f2,12589889,1693262184000000000,300
TT/ts-auth-service_delay/3,TT,ts-auth-service,delay,3,300,300,point,0.1,1,0.09999972900904026,median_shift,15,0.06666666666666667,0.0,0.2028985507246377,0,0,0,70,265.3486999915913,ts-auth-mongo|ts-config-mongo|ts-food-map-service|ts-price-service|ts-route-mongo,ts-auth-mongo_container-memory-cache,0.8975,22,22,0.8971212121212121,0.8978787878787878,22,22,22,0.8985781926406926,baseline-v2-20260723,cd270e7871bd358937d83d9a49829637fa80007d2964084ef229f578e3733bd3,ba75425861a059dafcc477474fc3e4ed1eafdc2b47d6fdd0557337035d29a960,8749b33299f170c222e17d70c10790b5e7b83074c44a94ea59e0226d9a7320f2,12589889,1693262184000000000,300
TT/ts-auth-service_delay/3,TT,ts-auth-service,delay,3,300,300,point,0.1,1,0.09999972900904026,nsigma,2,0.5,0.8,0.014492753623188406,0,1,1,70,937.8843000158668,ts-payment-service|ts-auth-service|ts-admin-travel-service|ts-auth-mongo|ts-food-service,ts-payment-service_istio-latency-99,0.8975,22,22,0.8971212121212121,0.8978787878787878,22,22,22,0.8985781926406926,baseline-v2-20260723,cd270e7871bd358937d83d9a49829637fa80007d2964084ef229f578e3733bd3,ba75425861a059dafcc477474fc3e4ed1eafdc2b47d6fdd0557337035d29a960,8749b33299f170c222e17d70c10790b5e7b83074c44a94ea59e0226d9a7320f2,12589889,1693262184000000000,300
TT/ts-auth-service_delay/3,TT,ts-auth-service,delay,3,300,300,point,0.1,2,0.09999972900904026,baro,15,0.06666666666666667,0.0,0.2028985507246377,0,0,0,70,1030.8342999778688,192-168-45-158-9100|ts-order-mongo|192-168-51-251-9100|ts-travel-service|ts-ticket-office-mongo,192-168-45-158-9100_node-memory-active-bytes,0.9018939393939394,22,22,0.9077272727272727,0.8960606060606061,22,22,22,0.8985781926406926,baseline-v2-20260723,cd270e7871bd358937d83d9a49829637fa80007d2964084ef229f578e3733bd3,ba75425861a059dafcc477474fc3e4ed1eafdc2b47d6fdd0557337035d29a960,8749b33299f170c222e17d70c10790b5e7b83074c44a94ea59e0226d9a7320f2,12589889,1693262184000000000,300
TT/ts-auth-service_delay/3,TT,ts-auth-service,delay,3,300,300,point,0.1,2,0.09999972900904026,median_shift,15,0.06666666666666667,0.0,0.2028985507246377,0,0,0,70,266.14090002840385,ts-auth-mongo|ts-config-mongo|ts-food-map-service|ts-route-mongo|ts-station-mongo,ts-auth-mongo_container-memory-cache,0.9018939393939394,22,22,0.9077272727272727,0.8960606060606061,22,22,22,0.8985781926406926,baseline-v2-20260723,cd270e7871bd358937d83d9a49829637fa80007d2964084ef229f578e3733bd3,ba75425861a059dafcc477474fc3e4ed1eafdc2b47d6fdd0557337035d29a960,8749b33299f170c222e17d70c10790b5e7b83074c44a94ea59e0226d9a7320f2,12589889,1693262184000000000,300
TT/ts-auth-service_delay/3,TT,ts-auth-service,delay,3,300,300,point,0.1,2,0.09999972900904026,nsigma,2,0.5,0.8,0.014492753623188406,0,1,1,70,826.1188000324182,ts-payment-service|ts-auth-service|ts-admin-travel-service|ts-auth-mongo|ts-food-service,ts-payment-service_istio-latency-99,0.9018939393939394,22,22,0.9077272727272727,0.8960606060606061,22,22,22,0.8985781926406926,baseline-v2-20260723,cd270e7871bd358937d83d9a49829637fa80007d2964084ef229f578e3733bd3,ba75425861a059dafcc477474fc3e4ed1eafdc2b47d6fdd0557337035d29a960,8749b33299f170c222e17d70c10790b5e7b83074c44a94ea59e0226d9a7320f2,12589889,1693262184000000000,300
TT/ts-auth-service_delay/3,TT,ts-auth-service,delay,3,300,300,point,0.1,3,0.09999972900904026,baro,15,0.06666666666666667,0.0,0.2028985507246377,0,0,0,70,1050.5511999945156,192-168-45-158-9100|ts-order-mongo|192-168-51-251-9100|ts-travel-service|ts-ticket-office-mongo,192-168-45-158-9100_node-memory-active-bytes,0.9015909090909091,22,22,0.9021212121212121,0.901060606060606,22,22,22,0.8985781926406926,baseline-v2-20260723,cd270e7871bd358937d83d9a49829637fa80007d2964084ef229f578e3733bd3,ba75425861a059dafcc477474fc3e4ed1eafdc2b47d6fdd0557337035d29a960,8749b33299f170c222e17d70c10790b5e7b83074c44a94ea59e0226d9a7320f2,12589889,1693262184000000000,300
TT/ts-auth-service_delay/3,TT,ts-auth-service,delay,3,300,300,point,0.1,3,0.09999972900904026,median_shift,15,0.06666666666666667,0.0,0.2028985507246377,0,0,0,70,350.06290004821494,ts-auth-mongo|ts-config-mongo|ts-food-map-service|ts-price-service|ts-route-mongo,ts-auth-mongo_container-memory-cache,0.9015909090909091,22,22,0.9021212121212121,0.901060606060606,22,22,22,0.8985781926406926,baseline-v2-20260723,cd270e7871bd358937d83d9a49829637fa80007d2964084ef229f578e3733bd3,ba75425861a059dafcc477474fc3e4ed1eafdc2b47d6fdd0557337035d29a960,8749b33299f170c222e17d70c10790b5e7b83074c44a94ea59e0226d9a7320f2,12589889,1693262184000000000,300
TT/ts-auth-service_delay/3,TT,ts-auth-service,delay,3,300,300,point,0.1,3,0.09999972900904026,nsigma,2,0.5,0.8,0.014492753623188406,0,1,1,70,867.320999968797,ts-payment-service|ts-auth-service|ts-admin-travel-service|ts-auth-mongo|ts-food-service,ts-payment-service_istio-latency-99,0.9015909090909091,22,22,0.9021212121212121,0.901060606060606,22,22,22,0.8985781926406926,baseline-v2-20260723,cd270e7871bd358937d83d9a49829637fa80007d2964084ef229f578e3733bd3,ba75425861a059dafcc477474fc3e4ed1eafdc2b47d6fdd0557337035d29a960,8749b33299f170c222e17d70c10790b5e7b83074c44a94ea59e0226d9a7320f2,12589889,1693262184000000000,300
TT/ts-auth-service_delay/3,TT,ts-auth-service,delay,3,300,300,point,0.1,4,0.09999972900904026,baro,15,0.06666666666666667,0.0,0.2028985507246377,0,0,0,70,941.5987000102177,192-168-45-158-9100|ts-order-mongo|192-168-51-251-9100|ts-travel-service|ts-ticket-office-mongo,192-168-45-158-9100_node-memory-active-bytes,0.9004545454545455,22,22,0.8993939393939394,0.9015151515151515,22,22,22,0.8985781926406926,baseline-v2-20260723,cd270e7871bd358937d83d9a49829637fa80007d2964084ef229f578e3733bd3,ba75425861a059dafcc477474fc3e4ed1eafdc2b47d6fdd0557337035d29a960,8749b33299f170c222e17d70c10790b5e7b83074c44a94ea59e0226d9a7320f2,12589889,1693262184000000000,300
TT/ts-auth-service_delay/3,TT,ts-auth-service,delay,3,300,300,point,0.1,4,0.09999972900904026,median_shift,16,0.0625,0.0,0.21739130434782608,0,0,0,70,280.2273000124842,ts-auth-mongo|ts-config-mongo|ts-food-map-service|ts-price-service|ts-route-mongo,ts-auth-mongo_container-memory-cache,0.9004545454545455,22,22,0.8993939393939394,0.9015151515151515,22,22,22,0.8985781926406926,baseline-v2-20260723,cd270e7871bd358937d83d9a49829637fa80007d2964084ef229f578e3733bd3,ba75425861a059dafcc477474fc3e4ed1eafdc2b47d6fdd0557337035d29a960,8749b33299f170c222e17d70c10790b5e7b83074c44a94ea59e0226d9a7320f2,12589889,1693262184000000000,300
TT/ts-auth-service_delay/3,TT,ts-auth-service,delay,3,300,300,point,0.1,4,0.09999972900904026,nsigma,2,0.5,0.8,0.014492753623188406,0,1,1,70,1059.7069000359625,ts-payment-service|ts-auth-service|ts-admin-travel-service|ts-auth-mongo|ts-food-service,ts-payment-service_istio-latency-99,0.9004545454545455,22,22,0.8993939393939394,0.9015151515151515,22,22,22,0.8985781926406926,baseline-v2-20260723,cd270e7871bd358937d83d9a49829637fa80007d2964084ef229f578e3733bd3,ba75425861a059dafcc477474fc3e4ed1eafdc2b47d6fdd0557337035d29a960,8749b33299f170c222e17d70c10790b5e7b83074c44a94ea59e0226d9a7320f2,12589889,1693262184000000000,300
TT/ts-auth-service_delay/3,TT,ts-auth-service,delay,3,300,300,point,0.1,5,0.09999972900904026,baro,16,0.0625,0.0,0.21739130434782608,0,0,0,70,1137.8813999472186,192-168-45-158-9100|ts-order-mongo|192-168-51-251-9100|ts-travel-service|ts-ticket-office-mongo,192-168-45-158-9100_node-memory-active-bytes,0.9027272727272727,22,22,0.8995454545454545,0.9059090909090909,22,22,22,0.8985781926406926,baseline-v2-20260723,cd270e7871bd358937d83d9a49829637fa80007d2964084ef229f578e3733bd3,ba75425861a059dafcc477474fc3e4ed1eafdc2b47d6fdd0557337035d29a960,8749b33299f170c222e17d70c10790b5e7b83074c44a94ea59e0226d9a7320f2,12589889,1693262184000000000,300
TT/ts-auth-service_delay/3,TT,ts-auth-service,delay,3,300,300,point,0.1,5,0.09999972900904026,median_shift,16,0.0625,0.0,0.21739130434782608,0,0,0,70,325.4962000064552,ts-assurance-mongo|ts-auth-mongo|ts-config-mongo|ts-food-map-service|ts-price-service,ts-assurance-mongo_container-memory-rss,0.9027272727272727,22,22,0.8995454545454545,0.9059090909090909,22,22,22,0.8985781926406926,baseline-v2-20260723,cd270e7871bd358937d83d9a49829637fa80007d2964084ef229f578e3733bd3,ba75425861a059dafcc477474fc3e4ed1eafdc2b47d6fdd0557337035d29a960,8749b33299f170c222e17d70c10790b5e7b83074c44a94ea59e0226d9a7320f2,12589889,1693262184000000000,300
TT/ts-auth-service_delay/3,TT,ts-auth-service,delay,3,300,300,point,0.1,5,0.09999972900904026,nsigma,2,0.5,0.8,0.014492753623188406,0,1,1,70,1002.8805999900214,ts-payment-service|ts-auth-service|ts-admin-travel-service|ts-auth-mongo|ts-food-service,ts-payment-service_istio-latency-99,0.9027272727272727,22,22,0.8995454545454545,0.9059090909090909,22,22,22,0.8985781926406926,baseline-v2-20260723,cd270e7871bd358937d83d9a49829637fa80007d2964084ef229f578e3733bd3,ba75425861a059dafcc477474fc3e4ed1eafdc2b47d6fdd0557337035d29a960,8749b33299f170c222e17d70c10790b5e7b83074c44a94ea59e0226d9a7320f2,12589889,1693262184000000000,300
TT/ts-auth-service_delay/3,TT,ts-auth-service,delay,3,300,300,point,0.1,6,0.09999972900904026,baro,16,0.0625,0.0,0.21739130434782608,0,0,0,70,1276.2772999703884,192-168-45-158-9100|ts-order-mongo|192-168-51-251-9100|ts-travel-service|ts-ticket-office-mongo,192-168-45-158-9100_node-memory-active-bytes,0.8961363636363636,22,22,0.8953030303030303,0.896969696969697,22,22,22,0.8985781926406926,baseline-v2-20260723,cd270e7871bd358937d83d9a49829637fa80007d2964084ef229f578e3733bd3,ba75425861a059dafcc477474fc3e4ed1eafdc2b47d6fdd0557337035d29a960,8749b33299f170c222e17d70c10790b5e7b83074c44a94ea59e0226d9a7320f2,12589889,1693262184000000000,300
TT/ts-auth-service_delay/3,TT,ts-auth-service,delay,3,300,300,point,0.1,6,0.09999972900904026,median_shift,17,0.058823529411764705,0.0,0.2318840579710145,0,0,0,70,376.93480000598356,ts-auth-mongo|ts-config-mongo|ts-food-map-service|ts-order-mongo|ts-price-service,ts-auth-mongo_container-memory-cache,0.8961363636363636,22,22,0.8953030303030303,0.896969696969697,22,22,22,0.8985781926406926,baseline-v2-20260723,cd270e7871bd358937d83d9a49829637fa80007d2964084ef229f578e3733bd3,ba75425861a059dafcc477474fc3e4ed1eafdc2b47d6fdd0557337035d29a960,8749b33299f170c222e17d70c10790b5e7b83074c44a94ea59e0226d9a7320f2,12589889,1693262184000000000,300
TT/ts-auth-service_delay/3,TT,ts-auth-service,delay,3,300,300,point,0.1,6,0.09999972900904026,nsigma,2,0.5,0.8,0.014492753623188406,0,1,1,70,847.3500999971293,ts-payment-service|ts-auth-service|ts-admin-travel-service|ts-auth-mongo|ts-food-service,ts-payment-service_istio-latency-99,0.8961363636363636,22,22,0.8953030303030303,0.896969696969697,22,22,22,0.8985781926406926,baseline-v2-20260723,cd270e7871bd358937d83d9a49829637fa80007d2964084ef229f578e3733bd3,ba75425861a059dafcc477474fc3e4ed1eafdc2b47d6fdd0557337035d29a960,8749b33299f170c222e17d70c10790b5e7b83074c44a94ea59e0226d9a7320f2,12589889,1693262184000000000,300
TT/ts-auth-service_delay/3,TT,ts-auth-service,delay,3,300,300,point,0.1,7,0.09999972900904026,baro,16,0.0625,0.0,0.21739130434782608,0,0,0,70,1077.9687000322156,192-168-45-158-9100|ts-order-mongo|192-168-51-251-9100|ts-travel-service|ts-ticket-office-mongo,192-168-45-158-9100_node-memory-active-bytes,0.9012878787878787,22,22,0.9012121212121212,0.9013636363636364,22,22,22,0.8985781926406926,baseline-v2-20260723,cd270e7871bd358937d83d9a49829637fa80007d2964084ef229f578e3733bd3,ba75425861a059dafcc477474fc3e4ed1eafdc2b47d6fdd0557337035d29a960,8749b33299f170c222e17d70c10790b5e7b83074c44a94ea59e0226d9a7320f2,12589889,1693262184000000000,300
TT/ts-auth-service_delay/3,TT,ts-auth-service,delay,3,300,300,point,0.1,7,0.09999972900904026,median_shift,16,0.0625,0.0,0.21739130434782608,0,0,0,70,310.84910000208765,ts-auth-mongo|ts-config-mongo|ts-food-map-service|ts-price-service|ts-route-mongo,ts-auth-mongo_container-memory-cache,0.9012878787878787,22,22,0.9012121212121212,0.9013636363636364,22,22,22,0.8985781926406926,baseline-v2-20260723,cd270e7871bd358937d83d9a49829637fa80007d2964084ef229f578e3733bd3,ba75425861a059dafcc477474fc3e4ed1eafdc2b47d6fdd0557337035d29a960,8749b33299f170c222e17d70c10790b5e7b83074c44a94ea59e0226d9a7320f2,12589889,1693262184000000000,300
TT/ts-auth-service_delay/3,TT,ts-auth-service,delay,3,300,300,point,0.1,7,0.09999972900904026,nsigma,2,0.5,0.8,0.014492753623188406,0,1,1,70,800.8119000005536,ts-payment-service|ts-auth-service|ts-admin-travel-service|ts-auth-mongo|ts-food-service,ts-payment-service_istio-latency-99,0.9012878787878787,22,22,0.9012121212121212,0.9013636363636364,22,22,22,0.8985781926406926,baseline-v2-20260723,cd270e7871bd358937d83d9a49829637fa80007d2964084ef229f578e3733bd3,ba75425861a059dafcc477474fc3e4ed1eafdc2b47d6fdd0557337035d29a960,8749b33299f170c222e17d70c10790b5e7b83074c44a94ea59e0226d9a7320f2,12589889,1693262184000000000,300
TT/ts-auth-service_delay/3,TT,ts-auth-service,delay,3,300,300,point,0.1,8,0.09999972900904026,baro,15,0.06666666666666667,0.0,0.2028985507246377,0,0,0,70,1057.5712999561802,192-168-45-158-9100|ts-order-mongo|192-168-51-251-9100|ts-travel-service|ts-ticket-office-mongo,192-168-45-158-9100_node-memory-active-bytes,0.8993181818181818,22,22,0.8983333333333333,0.9003030303030303,22,22,22,0.8985781926406926,baseline-v2-20260723,cd270e7871bd358937d83d9a49829637fa80007d2964084ef229f578e3733bd3,ba75425861a059dafcc477474fc3e4ed1eafdc2b47d6fdd0557337035d29a960,8749b33299f170c222e17d70c10790b5e7b83074c44a94ea59e0226d9a7320f2,12589889,1693262184000000000,300
TT/ts-auth-service_delay/3,TT,ts-auth-service,delay,3,300,300,point,0.1,8,0.09999972900904026,median_shift,16,0.0625,0.0,0.21739130434782608,0,0,0,70,304.1969999903813,ts-auth-mongo|ts-config-mongo|ts-food-map-service|ts-price-service|ts-route-mongo,ts-auth-mongo_container-memory-cache,0.8993181818181818,22,22,0.8983333333333333,0.9003030303030303,22,22,22,0.8985781926406926,baseline-v2-20260723,cd270e7871bd358937d83d9a49829637fa80007d2964084ef229f578e3733bd3,ba75425861a059dafcc477474fc3e4ed1eafdc2b47d6fdd0557337035d29a960,8749b33299f170c222e17d70c10790b5e7b83074c44a94ea59e0226d9a7320f2,12589889,1693262184000000000,300
TT/ts-auth-service_delay/3,TT,ts-auth-service,delay,3,300,300,point,0.1,8,0.09999972900904026,nsigma,2,0.5,0.8,0.014492753623188406,0,1,1,70,872.6393999531865,ts-payment-service|ts-auth-service|ts-admin-travel-service|ts-auth-mongo|ts-food-service,ts-payment-service_istio-latency-99,0.8993181818181818,22,22,0.8983333333333333,0.9003030303030303,22,22,22,0.8985781926406926,baseline-v2-20260723,cd270e7871bd358937d83d9a49829637fa80007d2964084ef229f578e3733bd3,ba75425861a059dafcc477474fc3e4ed1eafdc2b47d6fdd0557337035d29a960,8749b33299f170c222e17d70c10790b5e7b83074c44a94ea59e0226d9a7320f2,12589889,1693262184000000000,300
TT/ts-auth-service_delay/3,TT,ts-auth-service,delay,3,300,300,point,0.1,9,0.09999972900904026,baro,16,0.0625,0.0,0.21739130434782608,0,0,0,70,1244.0743999904953,192-168-45-158-9100|ts-order-mongo|192-168-51-251-9100|ts-travel-service|ts-ticket-office-mongo,192-168-45-158-9100_node-memory-active-bytes,0.8996969696969697,22,22,0.9003030303030303,0.899090909090909,22,22,22,0.8985781926406926,baseline-v2-20260723,cd270e7871bd358937d83d9a49829637fa80007d2964084ef229f578e3733bd3,ba75425861a059dafcc477474fc3e4ed1eafdc2b47d6fdd0557337035d29a960,8749b33299f170c222e17d70c10790b5e7b83074c44a94ea59e0226d9a7320f2,12589889,1693262184000000000,300
TT/ts-auth-service_delay/3,TT,ts-auth-service,delay,3,300,300,point,0.1,9,0.09999972900904026,median_shift,16,0.0625,0.0,0.21739130434782608,0,0,0,70,298.41400001896545,ts-auth-mongo|ts-config-mongo|ts-food-map-service|ts-price-service|ts-route-mongo,ts-auth-mongo_container-memory-cache,0.8996969696969697,22,22,0.9003030303030303,0.899090909090909,22,22,22,0.8985781926406926,baseline-v2-20260723,cd270e7871bd358937d83d9a49829637fa80007d2964084ef229f578e3733bd3,ba75425861a059dafcc477474fc3e4ed1eafdc2b47d6fdd0557337035d29a960,8749b33299f170c222e17d70c10790b5e7b83074c44a94ea59e0226d9a7320f2,12589889,1693262184000000000,300
TT/ts-auth-service_delay/3,TT,ts-auth-service,delay,3,300,300,point,0.1,9,0.09999972900904026,nsigma,2,0.5,0.8,0.014492753623188406,0,1,1,70,871.0984000354074,ts-payment-service|ts-auth-service|ts-admin-travel-service|ts-auth-mongo|ts-food-service,ts-payment-service_istio-latency-99,0.8996969696969697,22,22,0.9003030303030303,0.899090909090909,22,22,22,0.8985781926406926,baseline-v2-20260723,cd270e7871bd358937d83d9a49829637fa80007d2964084ef229f578e3733bd3,ba75425861a059dafcc477474fc3e4ed1eafdc2b47d6fdd0557337035d29a960,8749b33299f170c222e17d70c10790b5e7b83074c44a94ea59e0226d9a7320f2,12589889,1693262184000000000,300
TT/ts-auth-service_delay/3,TT,ts-auth-service,delay,3,300,300,point,0.3,0,0.29999918702712075,baro,15,0.06666666666666667,0.0,0.2028985507246377,0,0,0,70,1147.2606000024825,192-168-45-158-9100|ts-order-mongo|192-168-51-251-9100|ts-travel-service|ts-ticket-office-mongo,192-168-45-158-9100_node-memory-active-bytes,0.7017424242424243,22,22,0.7078787878787879,0.6956060606060606,22,22,22,0.6988947510822511,baseline-v2-20260723,cd270e7871bd358937d83d9a49829637fa80007d2964084ef229f578e3733bd3,ba75425861a059dafcc477474fc3e4ed1eafdc2b47d6fdd0557337035d29a960,8749b33299f170c222e17d70c10790b5e7b83074c44a94ea59e0226d9a7320f2,12589889,1693262184000000000,300
TT/ts-auth-service_delay/3,TT,ts-auth-service,delay,3,300,300,point,0.3,0,0.29999918702712075,median_shift,15,0.06666666666666667,0.0,0.2028985507246377,0,0,0,70,277.1196999819949,ts-auth-mongo|ts-food-map-service|ts-order-mongo|ts-price-service|ts-route-mongo,ts-auth-mongo_container-memory-cache,0.7017424242424243,22,22,0.7078787878787879,0.6956060606060606,22,22,22,0.6988947510822511,baseline-v2-20260723,cd270e7871bd358937d83d9a49829637fa80007d2964084ef229f578e3733bd3,ba75425861a059dafcc477474fc3e4ed1eafdc2b47d6fdd0557337035d29a960,8749b33299f170c222e17d70c10790b5e7b83074c44a94ea59e0226d9a7320f2,12589889,1693262184000000000,300
TT/ts-auth-service_delay/3,TT,ts-auth-service,delay,3,300,300,point,0.3,0,0.29999918702712075,nsigma,2,0.5,0.8,0.014492753623188406,0,1,1,70,823.9900999469683,ts-payment-service|ts-auth-service|ts-admin-travel-service|ts-auth-mongo|ts-food-service,ts-payment-service_istio-latency-99,0.7017424242424243,22,22,0.7078787878787879,0.6956060606060606,22,22,22,0.6988947510822511,baseline-v2-20260723,cd270e7871bd358937d83d9a49829637fa80007d2964084ef229f578e3733bd3,ba75425861a059dafcc477474fc3e4ed1eafdc2b47d6fdd0557337035d29a960,8749b33299f170c222e17d70c10790b5e7b83074c44a94ea59e0226d9a7320f2,12589889,1693262184000000000,300
TT/ts-auth-service_delay/3,TT,ts-auth-service,delay,3,300,300,point,0.3,1,0.29999918702712075,baro,16,0.0625,0.0,0.21739130434782608,0,0,0,70,1070.3001000219956,192-168-45-158-9100|ts-order-mongo|192-168-51-251-9100|ts-travel-service|ts-ticket-office-mongo,192-168-45-158-9100_node-memory-active-bytes,0.6956060606060606,22,22,0.6943939393939393,0.6968181818181818,22,22,22,0.6988947510822511,baseline-v2-20260723,cd270e7871bd358937d83d9a49829637fa80007d2964084ef229f578e3733bd3,ba75425861a059dafcc477474fc3e4ed1eafdc2b47d6fdd0557337035d29a960,8749b33299f170c222e17d70c10790b5e7b83074c44a94ea59e0226d9a7320f2,12589889,1693262184000000000,300
TT/ts-auth-service_delay/3,TT,ts-auth-service,delay,3,300,300,point,0.3,1,0.29999918702712075,median_shift,17,0.058823529411764705,0.0,0.2318840579710145,0,0,0,70,319.45920002181083,ts-assurance-mongo|ts-auth-mongo|ts-config-mongo|ts-food-map-service|ts-price-service,ts-assurance-mongo_container-memory-rss,0.6956060606060606,22,22,0.6943939393939393,0.6968181818181818,22,22,22,0.6988947510822511,baseline-v2-20260723,cd270e7871bd358937d83d9a49829637fa80007d2964084ef229f578e3733bd3,ba75425861a059dafcc477474fc3e4ed1eafdc2b47d6fdd0557337035d29a960,8749b33299f170c222e17d70c10790b5e7b83074c44a94ea59e0226d9a7320f2,12589889,1693262184000000000,300
TT/ts-auth-service_delay/3,TT,ts-auth-service,delay,3,300,300,point,0.3,1,0.29999918702712075,nsigma,2,0.5,0.8,0.014492753623188406,0,1,1,70,910.7888000435196,ts-payment-service|ts-auth-service|ts-admin-travel-service|ts-auth-mongo|ts-food-service,ts-payment-service_istio-latency-99,0.6956060606060606,22,22,0.6943939393939393,0.6968181818181818,22,22,22,0.6988947510822511,baseline-v2-20260723,cd270e7871bd358937d83d9a49829637fa80007d2964084ef229f578e3733bd3,ba75425861a059dafcc477474fc3e4ed1eafdc2b47d6fdd0557337035d29a960,8749b33299f170c222e17d70c10790b5e7b83074c44a94ea59e0226d9a7320f2,12589889,1693262184000000000,300
TT/ts-auth-service_delay/3,TT,ts-auth-service,delay,3,300,300,point,0.3,2,0.29999918702712075,baro,17,0.058823529411764705,0.0,0.2318840579710145,0,0,0,70,1138.9597000088543,192-168-45-158-9100|ts-order-mongo|192-168-51-251-9100|ts-travel-service|ts-ticket-office-mongo,192-168-45-158-9100_node-memory-active-bytes,0.7022727272727273,22,22,0.7037878787878787,0.7007575757575758,22,22,22,0.6988947510822511,baseline-v2-20260723,cd270e7871bd358937d83d9a49829637fa80007d2964084ef229f578e3733bd3,ba75425861a059dafcc477474fc3e4ed1eafdc2b47d6fdd0557337035d29a960,8749b33299f170c222e17d70c10790b5e7b83074c44a94ea59e0226d9a7320f2,12589889,1693262184000000000,300
TT/ts-auth-service_delay/3,TT,ts-auth-service,delay,3,300,300,point,0.3,2,0.29999918702712075,median_shift,15,0.06666666666666667,0.0,0.2028985507246377,0,0,0,70,331.50649996241555,ts-auth-mongo|ts-config-mongo|ts-food-map-service|ts-price-service|ts-route-mongo,ts-auth-mongo_container-memory-cache,0.7022727272727273,22,22,0.7037878787878787,0.7007575757575758,22,22,22,0.6988947510822511,baseline-v2-20260723,cd270e7871bd358937d83d9a49829637fa80007d2964084ef229f578e3733bd3,ba75425861a059dafcc477474fc3e4ed1eafdc2b47d6fdd0557337035d29a960,8749b33299f170c222e17d70c10790b5e7b83074c44a94ea59e0226d9a7320f2,12589889,1693262184000000000,300
TT/ts-auth-service_delay/3,TT,ts-auth-service,delay,3,300,300,point,0.3,2,0.29999918702712075,nsigma,2,0.5,0.8,0.014492753623188406,0,1,1,70,832.5380000169389,ts-payment-service|ts-auth-service|ts-admin-travel-service|ts-auth-mongo|ts-food-service,ts-payment-service_istio-latency-99,0.7022727272727273,22,22,0.7037878787878787,0.7007575757575758,22,22,22,0.6988947510822511,baseline-v2-20260723,cd270e7871bd358937d83d9a49829637fa80007d2964084ef229f578e3733bd3,ba75425861a059dafcc477474fc3e4ed1eafdc2b47d6fdd0557337035d29a960,8749b33299f170c222e17d70c10790b5e7b83074c44a94ea59e0226d9a7320f2,12589889,1693262184000000000,300
TT/ts-auth-service_delay/3,TT,ts-auth-service,delay,3,300,300,point,0.3,3,0.29999918702712075,baro,16,0.0625,0.0,0.21739130434782608,0,0,0,70,1105.9854000341147,192-168-45-158-9100|ts-order-mongo|192-168-51-251-9100|ts-travel-service|ts-ticket-office-mongo,192-168-45-158-9100_node-memory-active-bytes,0.7003030303030303,22,22,0.6933333333333334,0.7072727272727273,22,22,22,0.6988947510822511,baseline-v2-20260723,cd270e7871bd358937d83d9a49829637fa80007d2964084ef229f578e3733bd3,ba75425861a059dafcc477474fc3e4ed1eafdc2b47d6fdd0557337035d29a960,8749b33299f170c222e17d70c10790b5e7b83074c44a94ea59e0226d9a7320f2,12589889,1693262184000000000,300
TT/ts-auth-service_delay/3,TT,ts-auth-service,delay,3,300,300,point,0.3,3,0.29999918702712075,median_shift,14,0.07142857142857142,0.0,0.18840579710144928,0,0,0,70,321.2041999795474,ts-auth-mongo|ts-config-mongo|ts-food-map-service|ts-route-mongo|ts-station-mongo,ts-auth-mongo_container-memory-cache,0.7003030303030303,22,22,0.6933333333333334,0.7072727272727273,22,22,22,0.6988947510822511,baseline-v2-20260723,cd270e7871bd358937d83d9a49829637fa80007d2964084ef229f578e3733bd3,ba75425861a059dafcc477474fc3e4ed1eafdc2b47d6fdd0557337035d29a960,8749b33299f170c222e17d70c10790b5e7b83074c44a94ea59e0226d9a7320f2,12589889,1693262184000000000,300
TT/ts-auth-service_delay/3,TT,ts-auth-service,delay,3,300,300,point,0.3,3,0.29999918702712075,nsigma,2,0.5,0.8,0.014492753623188406,0,1,1,70,976.1111999978311,ts-payment-service|ts-auth-service|ts-admin-travel-service|ts-auth-mongo|ts-food-service,ts-payment-service_istio-latency-99,0.7003030303030303,22,22,0.6933333333333334,0.7072727272727273,22,22,22,0.6988947510822511,baseline-v2-20260723,cd270e7871bd358937d83d9a49829637fa80007d2964084ef229f578e3733bd3,ba75425861a059dafcc477474fc3e4ed1eafdc2b47d6fdd0557337035d29a960,8749b33299f170c222e17d70c10790b5e7b83074c44a94ea59e0226d9a7320f2,12589889,1693262184000000000,300
TT/ts-auth-service_delay/3,TT,ts-auth-service,delay,3,300,300,point,0.3,4,0.29999918702712075,baro,15,0.06666666666666667,0.0,0.2028985507246377,0,0,0,70,1050.628400000278,192-168-45-158-9100|ts-order-mongo|192-168-51-251-9100|ts-travel-service|ts-ticket-office-mongo,192-168-45-158-9100_node-memory-active-bytes,0.7085606060606061,22,22,0.7096969696969697,0.7074242424242424,22,22,22,0.6988947510822511,baseline-v2-20260723,cd270e7871bd358937d83d9a49829637fa80007d2964084ef229f578e3733bd3,ba75425861a059dafcc477474fc3e4ed1eafdc2b47d6fdd0557337035d29a960,8749b33299f170c222e17d70c10790b5e7b83074c44a94ea59e0226d9a7320f2,12589889,1693262184000000000,300
TT/ts-auth-service_delay/3,TT,ts-auth-service,delay,3,300,300,point,0.3,4,0.29999918702712075,median_shift,16,0.0625,0.0,0.21739130434782608,0,0,0,70,356.88540001865476,ts-auth-mongo|ts-config-mongo|ts-food-map-service|ts-price-service|ts-route-mongo,ts-auth-mongo_container-memory-cache,0.7085606060606061,22,22,0.7096969696969697,0.7074242424242424,22,22,22,0.6988947510822511,baseline-v2-20260723,cd270e7871bd358937d83d9a49829637fa80007d2964084ef229f578e3733bd3,ba75425861a059dafcc477474fc3e4ed1eafdc2b47d6fdd0557337035d29a960,8749b33299f170c222e17d70c10790b5e7b83074c44a94ea59e0226d9a7320f2,12589889,1693262184000000000,300
TT/ts-auth-service_delay/3,TT,ts-auth-service,delay,3,300,300,point,0.3,4,0.29999918702712075,nsigma,2,0.5,0.8,0.014492753623188406,0,1,1,70,848.1938000186346,ts-payment-service|ts-auth-service|ts-admin-travel-service|ts-auth-mongo|ts-food-service,ts-payment-service_istio-latency-99,0.7085606060606061,22,22,0.7096969696969697,0.7074242424242424,22,22,22,0.6988947510822511,baseline-v2-20260723,cd270e7871bd358937d83d9a49829637fa80007d2964084ef229f578e3733bd3,ba75425861a059dafcc477474fc3e4ed1eafdc2b47d6fdd0557337035d29a960,8749b33299f170c222e17d70c10790b5e7b83074c44a94ea59e0226d9a7320f2,12589889,1693262184000000000,300
TT/ts-auth-service_delay/3,TT,ts-auth-service,delay,3,300,300,point,0.3,5,0.29999918702712075,baro,16,0.0625,0.0,0.21739130434782608,0,0,0,70,973.4386999625713,192-168-45-158-9100|ts-order-mongo|192-168-51-251-9100|ts-travel-service|ts-ticket-office-mongo,192-168-45-158-9100_node-memory-active-bytes,0.6999242424242424,22,22,0.7059090909090909,0.693939393939394,22,22,22,0.6988947510822511,baseline-v2-20260723,cd270e7871bd358937d83d9a49829637fa80007d2964084ef229f578e3733bd3,ba75425861a059dafcc477474fc3e4ed1eafdc2b47d6fdd0557337035d29a960,8749b33299f170c222e17d70c10790b5e7b83074c44a94ea59e0226d9a7320f2,12589889,1693262184000000000,300
TT/ts-auth-service_delay/3,TT,ts-auth-service,delay,3,300,300,point,0.3,5,0.29999918702712075,median_shift,17,0.058823529411764705,0.0,0.2318840579710145,0,0,0,70,323.04669998120517,ts-auth-mongo|ts-config-mongo|ts-food-map-service|ts-order-mongo|ts-price-service,ts-auth-mongo_container-memory-cache,0.6999242424242424,22,22,0.7059090909090909,0.693939393939394,22,22,22,0.6988947510822511,baseline-v2-20260723,cd270e7871bd358937d83d9a49829637fa80007d2964084ef229f578e3733bd3,ba75425861a059dafcc477474fc3e4ed1eafdc2b47d6fdd0557337035d29a960,8749b33299f170c222e17d70c10790b5e7b83074c44a94ea59e0226d9a7320f2,12589889,1693262184000000000,300
TT/ts-auth-service_delay/3,TT,ts-auth-service,delay,3,300,300,point,0.3,5,0.29999918702712075,nsigma,2,0.5,0.8,0.014492753623188406,0,1,1,70,985.0654999609105,ts-payment-service|ts-auth-service|ts-admin-travel-service|ts-auth-mongo|ts-food-service,ts-payment-service_istio-latency-99,0.6999242424242424,22,22,0.7059090909090909,0.693939393939394,22,22,22,0.6988947510822511,baseline-v2-20260723,cd270e7871bd358937d83d9a49829637fa80007d2964084ef229f578e3733bd3,ba75425861a059dafcc477474fc3e4ed1eafdc2b47d6fdd0557337035d29a960,8749b33299f170c222e17d70c10790b5e7b83074c44a94ea59e0226d9a7320f2,12589889,1693262184000000000,300
TT/ts-auth-service_delay/3,TT,ts-auth-service,delay,3,300,300,point,0.3,6,0.29999918702712075,baro,16,0.0625,0.0,0.21739130434782608,0,0,0,70,1103.5721999942325,192-168-45-158-9100|ts-order-mongo|192-168-51-251-9100|ts-travel-service|ts-ticket-office-mongo,192-168-45-158-9100_node-memory-active-bytes,0.6990151515151515,22,22,0.701060606060606,0.696969696969697,22,22,22,0.6988947510822511,baseline-v2-20260723,cd270e7871bd358937d83d9a49829637fa80007d2964084ef229f578e3733bd3,ba75425861a059dafcc477474fc3e4ed1eafdc2b47d6fdd0557337035d29a960,8749b33299f170c222e17d70c10790b5e7b83074c44a94ea59e0226d9a7320f2,12589889,1693262184000000000,300
TT/ts-auth-service_delay/3,TT,ts-auth-service,delay,3,300,300,point,0.3,6,0.29999918702712075,median_shift,17,0.058823529411764705,0.0,0.2318840579710145,0,0,0,70,304.72130002453923,ts-assurance-mongo|ts-auth-mongo|ts-config-mongo|ts-food-map-service|ts-price-service,ts-assurance-mongo_container-memory-rss,0.6990151515151515,22,22,0.701060606060606,0.696969696969697,22,22,22,0.6988947510822511,baseline-v2-20260723,cd270e7871bd358937d83d9a49829637fa80007d2964084ef229f578e3733bd3,ba75425861a059dafcc477474fc3e4ed1eafdc2b47d6fdd0557337035d29a960,8749b33299f170c222e17d70c10790b5e7b83074c44a94ea59e0226d9a7320f2,12589889,1693262184000000000,300
TT/ts-auth-service_delay/3,TT,ts-auth-service,delay,3,300,300,point,0.3,6,0.29999918702712075,nsigma,2,0.5,0.8,0.014492753623188406,0,1,1,70,922.3044000100344,ts-payment-service|ts-auth-service|ts-admin-travel-service|ts-auth-mongo|ts-food-service,ts-payment-service_istio-latency-99,0.6990151515151515,22,22,0.701060606060606,0.696969696969697,22,22,22,0.6988947510822511,baseline-v2-20260723,cd270e7871bd358937d83d9a49829637fa80007d2964084ef229f578e3733bd3,ba75425861a059dafcc477474fc3e4ed1eafdc2b47d6fdd0557337035d29a960,8749b33299f170c222e17d70c10790b5e7b83074c44a94ea59e0226d9a7320f2,12589889,1693262184000000000,300
TT/ts-auth-service_delay/3,TT,ts-auth-service,delay,3,300,300,point,0.3,7,0.29999918702712075,baro,18,0.05555555555555555,0.0,0.2463768115942029,0,0,0,70,1113.0843000137247,192-168-45-158-9100|ts-order-mongo|192-168-51-251-9100|ts-travel-service|ts-ticket-office-mongo,192-168-45-158-9100_node-memory-active-bytes,0.6971212121212121,22,22,0.696060606060606,0.6981818181818182,22,22,22,0.6988947510822511,baseline-v2-20260723,cd270e7871bd358937d83d9a49829637fa80007d2964084ef229f578e3733bd3,ba75425861a059dafcc477474fc3e4ed1eafdc2b47d6fdd0557337035d29a960,8749b33299f170c222e17d70c10790b5e7b83074c44a94ea59e0226d9a7320f2,12589889,1693262184000000000,300
TT/ts-auth-service_delay/3,TT,ts-auth-service,delay,3,300,300,point,0.3,7,0.29999918702712075,median_shift,16,0.0625,0.0,0.21739130434782608,0,0,0,70,297.1226999652572,ts-assurance-mongo|ts-auth-mongo|ts-config-mongo|ts-food-map-service|ts-price-service,ts-assurance-mongo_container-memory-rss,0.6971212121212121,22,22,0.696060606060606,0.6981818181818182,22,22,22,0.6988947510822511,baseline-v2-20260723,cd270e7871bd358937d83d9a49829637fa80007d2964084ef229f578e3733bd3,ba75425861a059dafcc477474fc3e4ed1eafdc2b47d6fdd0557337035d29a960,8749b33299f170c222e17d70c10790b5e7b83074c44a94ea59e0226d9a7320f2,12589889,1693262184000000000,300
TT/ts-auth-service_delay/3,TT,ts-auth-service,delay,3,300,300,point,0.3,7,0.29999918702712075,nsigma,2,0.5,0.8,0.014492753623188406,0,1,1,70,1012.36739999149,ts-payment-service|ts-auth-service|ts-admin-travel-service|ts-auth-mongo|ts-food-service,ts-payment-service_istio-latency-99,0.6971212121212121,22,22,0.696060606060606,0.6981818181818182,22,22,22,0.6988947510822511,baseline-v2-20260723,cd270e7871bd358937d83d9a49829637fa80007d2964084ef229f578e3733bd3,ba75425861a059dafcc477474fc3e4ed1eafdc2b47d6fdd0557337035d29a960,8749b33299f170c222e17d70c10790b5e7b83074c44a94ea59e0226d9a7320f2,12589889,1693262184000000000,300
TT/ts-auth-service_delay/3,TT,ts-auth-service,delay,3,300,300,point,0.3,8,0.29999918702712075,baro,16,0.0625,0.0,0.21739130434782608,0,0,0,70,905.526100017596,192-168-45-158-9100|ts-order-mongo|192-168-51-251-9100|ts-travel-service|ts-ticket-office-mongo,192-168-45-158-9100_node-memory-active-bytes,0.6996969696969697,22,22,0.6998484848484848,0.6995454545454546,22,22,22,0.6988947510822511,baseline-v2-20260723,cd270e7871bd358937d83d9a49829637fa80007d2964084ef229f578e3733bd3,ba75425861a059dafcc477474fc3e4ed1eafdc2b47d6fdd0557337035d29a960,8749b33299f170c222e17d70c10790b5e7b83074c44a94ea59e0226d9a7320f2,12589889,1693262184000000000,300
TT/ts-auth-service_delay/3,TT,ts-auth-service,delay,3,300,300,point,0.3,8,0.29999918702712075,median_shift,16,0.0625,0.0,0.21739130434782608,0,0,0,70,336.6451000329107,ts-auth-mongo|ts-config-mongo|ts-food-map-service|ts-price-service|ts-route-mongo,ts-auth-mongo_container-memory-cache,0.6996969696969697,22,22,0.6998484848484848,0.6995454545454546,22,22,22,0.6988947510822511,baseline-v2-20260723,cd270e7871bd358937d83d9a49829637fa80007d2964084ef229f578e3733bd3,ba75425861a059dafcc477474fc3e4ed1eafdc2b47d6fdd0557337035d29a960,8749b33299f170c222e17d70c10790b5e7b83074c44a94ea59e0226d9a7320f2,12589889,1693262184000000000,300
TT/ts-auth-service_delay/3,TT,ts-auth-service,delay,3,300,300,point,0.3,8,0.29999918702712075,nsigma,2,0.5,0.8,0.014492753623188406,0,1,1,70,1050.9940000483766,ts-payment-service|ts-auth-service|ts-admin-travel-service|ts-auth-mongo|ts-food-service,ts-payment-service_istio-latency-99,0.6996969696969697,22,22,0.6998484848484848,0.6995454545454546,22,22,22,0.6988947510822511,baseline-v2-20260723,cd270e7871bd358937d83d9a49829637fa80007d2964084ef229f578e3733bd3,ba75425861a059dafcc477474fc3e4ed1eafdc2b47d6fdd0557337035d29a960,8749b33299f170c222e17d70c10790b5e7b83074c44a94ea59e0226d9a7320f2,12589889,1693262184000000000,300
TT/ts-auth-service_delay/3,TT,ts-auth-service,delay,3,300,300,point,0.3,9,0.29999918702712075,baro,16,0.0625,0.0,0.21739130434782608,0,0,0,70,1131.6096999798901,192-168-45-158-9100|ts-order-mongo|192-168-51-251-9100|ts-travel-service|ts-ticket-office-mongo,192-168-45-158-9100_node-memory-active-bytes,0.7031060606060606,22,22,0.7106060606060606,0.6956060606060606,22,22,22,0.6988947510822511,baseline-v2-20260723,cd270e7871bd358937d83d9a49829637fa80007d2964084ef229f578e3733bd3,ba75425861a059dafcc477474fc3e4ed1eafdc2b47d6fdd0557337035d29a960,8749b33299f170c222e17d70c10790b5e7b83074c44a94ea59e0226d9a7320f2,12589889,1693262184000000000,300
TT/ts-auth-service_delay/3,TT,ts-auth-service,delay,3,300,300,point,0.3,9,0.29999918702712075,median_shift,16,0.0625,0.0,0.21739130434782608,0,0,0,70,270.00029996270314,ts-assurance-mongo|ts-auth-mongo|ts-config-mongo|ts-food-map-service|ts-price-service,ts-assurance-mongo_container-memory-rss,0.7031060606060606,22,22,0.7106060606060606,0.6956060606060606,22,22,22,0.6988947510822511,baseline-v2-20260723,cd270e7871bd358937d83d9a49829637fa80007d2964084ef229f578e3733bd3,ba75425861a059dafcc477474fc3e4ed1eafdc2b47d6fdd0557337035d29a960,8749b33299f170c222e17d70c10790b5e7b83074c44a94ea59e0226d9a7320f2,12589889,1693262184000000000,300
TT/ts-auth-service_delay/3,TT,ts-auth-service,delay,3,300,300,point,0.3,9,0.29999918702712075,nsigma,2,0.5,0.8,0.014492753623188406,0,1,1,70,917.2911999630742,ts-payment-service|ts-auth-service|ts-admin-travel-service|ts-auth-mongo|ts-food-service,ts-payment-service_istio-latency-99,0.7031060606060606,22,22,0.7106060606060606,0.6956060606060606,22,22,22,0.6988947510822511,baseline-v2-20260723,cd270e7871bd358937d83d9a49829637fa80007d2964084ef229f578e3733bd3,ba75425861a059dafcc477474fc3e4ed1eafdc2b47d6fdd0557337035d29a960,8749b33299f170c222e17d70c10790b5e7b83074c44a94ea59e0226d9a7320f2,12589889,1693262184000000000,300
TT/ts-auth-service_delay/3,TT,ts-auth-service,delay,3,300,300,point,0.5,0,0.5,baro,19,0.05263157894736842,0.0,0.2608695652173913,0,0,0,70,1066.7778000351973,192-168-45-158-9100|ts-order-mongo|192-168-51-251-9100|ts-travel-service|ts-ticket-office-mongo,192-168-45-158-9100_node-memory-active-bytes,0.4912121212121212,22,22,0.48863636363636365,0.4937878787878788,22,22,22,0.4992099567099567,baseline-v2-20260723,cd270e7871bd358937d83d9a49829637fa80007d2964084ef229f578e3733bd3,ba75425861a059dafcc477474fc3e4ed1eafdc2b47d6fdd0557337035d29a960,8749b33299f170c222e17d70c10790b5e7b83074c44a94ea59e0226d9a7320f2,12589889,1693262184000000000,300
TT/ts-auth-service_delay/3,TT,ts-auth-service,delay,3,300,300,point,0.5,0,0.5,median_shift,16,0.0625,0.0,0.21739130434782608,0,0,0,70,290.1035000104457,ts-auth-mongo|ts-config-mongo|ts-food-map-service|ts-price-service|ts-route-mongo,ts-auth-mongo_container-memory-cache,0.4912121212121212,22,22,0.48863636363636365,0.4937878787878788,22,22,22,0.4992099567099567,baseline-v2-20260723,cd270e7871bd358937d83d9a49829637fa80007d2964084ef229f578e3733bd3,ba75425861a059dafcc477474fc3e4ed1eafdc2b47d6fdd0557337035d29a960,8749b33299f170c222e17d70c10790b5e7b83074c44a94ea59e0226d9a7320f2,12589889,1693262184000000000,300
TT/ts-auth-service_delay/3,TT,ts-auth-service,delay,3,300,300,point,0.5,0,0.5,nsigma,2,0.5,0.8,0.014492753623188406,0,1,1,70,924.9445999739692,ts-payment-service|ts-auth-service|ts-admin-travel-service|ts-auth-mongo|ts-food-service,ts-payment-service_istio-latency-99,0.4912121212121212,22,22,0.48863636363636365,0.4937878787878788,22,22,22,0.4992099567099567,baseline-v2-20260723,cd270e7871bd358937d83d9a49829637fa80007d2964084ef229f578e3733bd3,ba75425861a059dafcc477474fc3e4ed1eafdc2b47d6fdd0557337035d29a960,8749b33299f170c222e17d70c10790b5e7b83074c44a94ea59e0226d9a7320f2,12589889,1693262184000000000,300
TT/ts-auth-service_delay/3,TT,ts-auth-service,delay,3,300,300,point,0.5,1,0.5,baro,17,0.058823529411764705,0.0,0.2318840579710145,0,0,0,70,1092.1989000053145,192-168-45-158-9100|ts-order-mongo|192-168-51-251-9100|ts-travel-service|ts-ticket-office-mongo,192-168-45-158-9100_node-memory-active-bytes,0.4965151515151515,22,22,0.49727272727272726,0.49575757575757573,22,22,22,0.4992099567099567,baseline-v2-20260723,cd270e7871bd358937d83d9a49829637fa80007d2964084ef229f578e3733bd3,ba75425861a059dafcc477474fc3e4ed1eafdc2b47d6fdd0557337035d29a960,8749b33299f170c222e17d70c10790b5e7b83074c44a94ea59e0226d9a7320f2,12589889,1693262184000000000,300
TT/ts-auth-service_delay/3,TT,ts-auth-service,delay,3,300,300,point,0.5,1,0.5,median_shift,15,0.06666666666666667,0.0,0.2028985507246377,0,0,0,70,242.85269994288683,ts-auth-mongo|ts-config-mongo|ts-food-map-service|ts-price-service|ts-route-mongo,ts-auth-mongo_container-memory-cache,0.4965151515151515,22,22,0.49727272727272726,0.49575757575757573,22,22,22,0.4992099567099567,baseline-v2-20260723,cd270e7871bd358937d83d9a49829637fa80007d2964084ef229f578e3733bd3,ba75425861a059dafcc477474fc3e4ed1eafdc2b47d6fdd0557337035d29a960,8749b33299f170c222e17d70c10790b5e7b83074c44a94ea59e0226d9a7320f2,12589889,1693262184000000000,300
TT/ts-auth-service_delay/3,TT,ts-auth-service,delay,3,300,300,point,0.5,1,0.5,nsigma,2,0.5,0.8,0.014492753623188406,0,1,1,70,801.8502999912016,ts-payment-service|ts-auth-service|ts-admin-travel-service|ts-auth-mongo|ts-food-service,ts-payment-service_istio-latency-99,0.4965151515151515,22,22,0.49727272727272726,0.49575757575757573,22,22,22,0.4992099567099567,baseline-v2-20260723,cd270e7871bd358937d83d9a49829637fa80007d2964084ef229f578e3733bd3,ba75425861a059dafcc477474fc3e4ed1eafdc2b47d6fdd0557337035d29a960,8749b33299f170c222e17d70c10790b5e7b83074c44a94ea59e0226d9a7320f2,12589889,1693262184000000000,300
TT/ts-auth-service_delay/3,TT,ts-auth-service,delay,3,300,300,point,0.5,2,0.5,baro,17,0.058823529411764705,0.0,0.2318840579710145,0,0,0,70,947.6260000374168,192-168-45-158-9100|ts-order-mongo|192-168-51-251-9100|ts-travel-service|ts-ticket-office-mongo,192-168-45-158-9100_node-memory-active-bytes,0.4998484848484849,22,22,0.49727272727272726,0.5024242424242424,22,22,22,0.4992099567099567,baseline-v2-20260723,cd270e7871bd358937d83d9a49829637fa80007d2964084ef229f578e3733bd3,ba75425861a059dafcc477474fc3e4ed1eafdc2b47d6fdd0557337035d29a960,8749b33299f170c222e17d70c10790b5e7b83074c44a94ea59e0226d9a7320f2,12589889,1693262184000000000,300
TT/ts-auth-service_delay/3,TT,ts-auth-service,delay,3,300,300,point,0.5,2,0.5,median_shift,16,0.0625,0.0,0.21739130434782608,0,0,0,70,307.4885999667458,ts-auth-mongo|ts-config-mongo|ts-food-map-service|ts-price-service|ts-route-mongo,ts-auth-mongo_container-memory-cache,0.4998484848484849,22,22,0.49727272727272726,0.5024242424242424,22,22,22,0.4992099567099567,baseline-v2-20260723,cd270e7871bd358937d83d9a49829637fa80007d2964084ef229f578e3733bd3,ba75425861a059dafcc477474fc3e4ed1eafdc2b47d6fdd0557337035d29a960,8749b33299f170c222e17d70c10790b5e7b83074c44a94ea59e0226d9a7320f2,12589889,1693262184000000000,300
TT/ts-auth-service_delay/3,TT,ts-auth-service,delay,3,300,300,point,0.5,2,0.5,nsigma,2,0.5,0.8,0.014492753623188406,0,1,1,70,820.9278999711387,ts-payment-service|ts-auth-service|ts-admin-travel-service|ts-auth-mongo|ts-food-service,ts-payment-service_istio-latency-99,0.4998484848484849,22,22,0.49727272727272726,0.5024242424242424,22,22,22,0.4992099567099567,baseline-v2-20260723,cd270e7871bd358937d83d9a49829637fa80007d2964084ef229f578e3733bd3,ba75425861a059dafcc477474fc3e4ed1eafdc2b47d6fdd0557337035d29a960,8749b33299f170c222e17d70c10790b5e7b83074c44a94ea59e0226d9a7320f2,12589889,1693262184000000000,300
TT/ts-auth-service_delay/3,TT,ts-auth-service,delay,3,300,300,point,0.5,3,0.5,baro,16,0.0625,0.0,0.21739130434782608,0,0,0,70,1058.9795999694616,192-168-45-158-9100|ts-order-mongo|192-168-51-251-9100|ts-travel-service|ts-ticket-office-mongo,192-168-45-158-9100_node-memory-active-bytes,0.4968939393939394,22,22,0.5010606060606061,0.49272727272727274,22,22,22,0.4992099567099567,baseline-v2-20260723,cd270e7871bd358937d83d9a49829637fa80007d2964084ef229f578e3733bd3,ba75425861a059dafcc477474fc3e4ed1eafdc2b47d6fdd0557337035d29a960,8749b33299f170c222e17d70c10790b5e7b83074c44a94ea59e0226d9a7320f2,12589889,1693262184000000000,300
TT/ts-auth-service_delay/3,TT,ts-auth-service,delay,3,300,300,point,0.5,3,0.5,median_shift,17,0.058823529411764705,0.0,0.2318840579710145,0,0,0,70,332.1099999593571,ts-assurance-mongo|ts-auth-mongo|ts-config-mongo|ts-food-map-service|ts-price-service,ts-assurance-mongo_container-memory-rss,0.4968939393939394,22,22,0.5010606060606061,0.49272727272727274,22,22,22,0.4992099567099567,baseline-v2-20260723,cd270e7871bd358937d83d9a49829637fa80007d2964084ef229f578e3733bd3,ba75425861a059dafcc477474fc3e4ed1eafdc2b47d6fdd0557337035d29a960,8749b33299f170c222e17d70c10790b5e7b83074c44a94ea59e0226d9a7320f2,12589889,1693262184000000000,300
TT/ts-auth-service_delay/3,TT,ts-auth-service,delay,3,300,300,point,0.5,3,0.5,nsigma,2,0.5,0.8,0.014492753623188406,0,1,1,70,963.262599951122,ts-payment-service|ts-auth-service|ts-admin-travel-service|ts-auth-mongo|ts-food-service,ts-payment-service_istio-latency-99,0.4968939393939394,22,22,0.5010606060606061,0.49272727272727274,22,22,22,0.4992099567099567,baseline-v2-20260723,cd270e7871bd358937d83d9a49829637fa80007d2964084ef229f578e3733bd3,ba75425861a059dafcc477474fc3e4ed1eafdc2b47d6fdd0557337035d29a960,8749b33299f170c222e17d70c10790b5e7b83074c44a94ea59e0226d9a7320f2,12589889,1693262184000000000,300
TT/ts-auth-service_delay/3,TT,ts-auth-service,delay,3,300,300,point,0.5,4,0.5,baro,16,0.0625,0.0,0.21739130434782608,0,0,0,70,1069.3064999650232,192-168-45-158-9100|192-168-51-251-9100|ts-travel-service|ts-ticket-office-mongo|ts-route-mongo,192-168-45-158-9100_node-memory-active-bytes,0.49893939393939396,22,22,0.49712121212121213,0.5007575757575757,22,22,22,0.4992099567099567,baseline-v2-20260723,cd270e7871bd358937d83d9a49829637fa80007d2964084ef229f578e3733bd3,ba75425861a059dafcc477474fc3e4ed1eafdc2b47d6fdd0557337035d29a960,8749b33299f170c222e17d70c10790b5e7b83074c44a94ea59e0226d9a7320f2,12589889,1693262184000000000,300
TT/ts-auth-service_delay/3,TT,ts-auth-service,delay,3,300,300,point,0.5,4,0.5,median_shift,16,0.0625,0.0,0.21739130434782608,0,0,0,70,302.6100999559276,ts-auth-mongo|ts-config-mongo|ts-food-map-service|ts-order-mongo|ts-route-mongo,ts-auth-mongo_container-memory-cache,0.49893939393939396,22,22,0.49712121212121213,0.5007575757575757,22,22,22,0.4992099567099567,baseline-v2-20260723,cd270e7871bd358937d83d9a49829637fa80007d2964084ef229f578e3733bd3,ba75425861a059dafcc477474fc3e4ed1eafdc2b47d6fdd0557337035d29a960,8749b33299f170c222e17d70c10790b5e7b83074c44a94ea59e0226d9a7320f2,12589889,1693262184000000000,300
TT/ts-auth-service_delay/3,TT,ts-auth-service,delay,3,300,300,point,0.5,4,0.5,nsigma,2,0.5,0.8,0.014492753623188406,0,1,1,70,844.4629000150599,ts-payment-service|ts-auth-service|ts-admin-travel-service|ts-auth-mongo|ts-food-service,ts-payment-service_istio-latency-99,0.49893939393939396,22,22,0.49712121212121213,0.5007575757575757,22,22,22,0.4992099567099567,baseline-v2-20260723,cd270e7871bd358937d83d9a49829637fa80007d2964084ef229f578e3733bd3,ba75425861a059dafcc477474fc3e4ed1eafdc2b47d6fdd0557337035d29a960,8749b33299f170c222e17d70c10790b5e7b83074c44a94ea59e0226d9a7320f2,12589889,1693262184000000000,300
TT/ts-auth-service_delay/3,TT,ts-auth-service,delay,3,300,300,point,0.5,5,0.5,baro,17,0.058823529411764705,0.0,0.2318840579710145,0,0,0,70,1003.0638999887742,192-168-45-158-9100|ts-order-mongo|192-168-51-251-9100|ts-travel-service|ts-ticket-office-mongo,192-168-45-158-9100_node-memory-active-bytes,0.5003787878787879,22,22,0.5057575757575757,0.495,22,22,22,0.4992099567099567,baseline-v2-20260723,cd270e7871bd358937d83d9a49829637fa80007d2964084ef229f578e3733bd3,ba75425861a059dafcc477474fc3e4ed1eafdc2b47d6fdd0557337035d29a960,8749b33299f170c222e17d70c10790b5e7b83074c44a94ea59e0226d9a7320f2,12589889,1693262184000000000,300
TT/ts-auth-service_delay/3,TT,ts-auth-service,delay,3,300,300,point,0.5,5,0.5,median_shift,16,0.0625,0.0,0.21739130434782608,0,0,0,70,233.1156999571249,ts-auth-mongo|ts-config-mongo|ts-food-map-service|ts-order-mongo|ts-price-service,ts-auth-mongo_container-memory-cache,0.5003787878787879,22,22,0.5057575757575757,0.495,22,22,22,0.4992099567099567,baseline-v2-20260723,cd270e7871bd358937d83d9a49829637fa80007d2964084ef229f578e3733bd3,ba75425861a059dafcc477474fc3e4ed1eafdc2b47d6fdd0557337035d29a960,8749b33299f170c222e17d70c10790b5e7b83074c44a94ea59e0226d9a7320f2,12589889,1693262184000000000,300
TT/ts-auth-service_delay/3,TT,ts-auth-service,delay,3,300,300,point,0.5,5,0.5,nsigma,2,0.5,0.8,0.014492753623188406,0,1,1,70,833.6356999934651,ts-payment-service|ts-auth-service|ts-admin-travel-service|ts-auth-mongo|ts-food-service,ts-payment-service_istio-latency-99,0.5003787878787879,22,22,0.5057575757575757,0.495,22,22,22,0.4992099567099567,baseline-v2-20260723,cd270e7871bd358937d83d9a49829637fa80007d2964084ef229f578e3733bd3,ba75425861a059dafcc477474fc3e4ed1eafdc2b47d6fdd0557337035d29a960,8749b33299f170c222e17d70c10790b5e7b83074c44a94ea59e0226d9a7320f2,12589889,1693262184000000000,300
TT/ts-auth-service_delay/3,TT,ts-auth-service,delay,3,300,300,point,0.5,6,0.5,baro,17,0.058823529411764705,0.0,0.2318840579710145,0,0,0,70,960.3409999981523,192-168-45-158-9100|ts-order-mongo|192-168-51-251-9100|ts-travel-service|ts-ticket-office-mongo,192-168-45-158-9100_node-memory-active-bytes,0.500530303030303,22,22,0.49727272727272726,0.5037878787878788,22,22,22,0.4992099567099567,baseline-v2-20260723,cd270e7871bd358937d83d9a49829637fa80007d2964084ef229f578e3733bd3,ba75425861a059dafcc477474fc3e4ed1eafdc2b47d6fdd0557337035d29a960,8749b33299f170c222e17d70c10790b5e7b83074c44a94ea59e0226d9a7320f2,12589889,1693262184000000000,300
TT/ts-auth-service_delay/3,TT,ts-auth-service,delay,3,300,300,point,0.5,6,0.5,median_shift,16,0.0625,0.0,0.21739130434782608,0,0,0,70,278.3051999867894,ts-assurance-mongo|ts-auth-mongo|ts-config-mongo|ts-food-map-service|ts-price-service,ts-assurance-mongo_container-memory-rss,0.500530303030303,22,22,0.49727272727272726,0.5037878787878788,22,22,22,0.4992099567099567,baseline-v2-20260723,cd270e7871bd358937d83d9a49829637fa80007d2964084ef229f578e3733bd3,ba75425861a059dafcc477474fc3e4ed1eafdc2b47d6fdd0557337035d29a960,8749b33299f170c222e17d70c10790b5e7b83074c44a94ea59e0226d9a7320f2,12589889,1693262184000000000,300
TT/ts-auth-service_delay/3,TT,ts-auth-service,delay,3,300,300,point,0.5,6,0.5,nsigma,2,0.5,0.8,0.014492753623188406,0,1,1,70,856.7312000086531,ts-payment-service|ts-auth-service|ts-admin-travel-service|ts-auth-mongo|ts-food-service,ts-payment-service_istio-latency-99,0.500530303030303,22,22,0.49727272727272726,0.5037878787878788,22,22,22,0.4992099567099567,baseline-v2-20260723,cd270e7871bd358937d83d9a49829637fa80007d2964084ef229f578e3733bd3,ba75425861a059dafcc477474fc3e4ed1eafdc2b47d6fdd0557337035d29a960,8749b33299f170c222e17d70c10790b5e7b83074c44a94ea59e0226d9a7320f2,12589889,1693262184000000000,300
TT/ts-auth-service_delay/3,TT,ts-auth-service,delay,3,300,300,point,0.5,7,0.5,baro,16,0.0625,0.0,0.21739130434782608,0,0,0,70,1127.4119000299834,192-168-45-158-9100|ts-order-mongo|192-168-51-251-9100|ts-travel-service|ts-ticket-office-mongo,192-168-45-158-9100_node-memory-active-bytes,0.49674242424242426,22,22,0.49636363636363634,0.49712121212121213,22,22,22,0.4992099567099567,baseline-v2-20260723,cd270e7871bd358937d83d9a49829637fa80007d2964084ef229f578e3733bd3,ba75425861a059dafcc477474fc3e4ed1eafdc2b47d6fdd0557337035d29a960,8749b33299f170c222e17d70c10790b5e7b83074c44a94ea59e0226d9a7320f2,12589889,1693262184000000000,300
TT/ts-auth-service_delay/3,TT,ts-auth-service,delay,3,300,300,point,0.5,7,0.5,median_shift,15,0.06666666666666667,0.0,0.2028985507246377,0,0,0,70,281.77549998508766,ts-auth-mongo|ts-config-mongo|ts-food-map-service|ts-price-service|ts-route-mongo,ts-auth-mongo_container-memory-cache,0.49674242424242426,22,22,0.49636363636363634,0.49712121212121213,22,22,22,0.4992099567099567,baseline-v2-20260723,cd270e7871bd358937d83d9a49829637fa80007d2964084ef229f578e3733bd3,ba75425861a059dafcc477474fc3e4ed1eafdc2b47d6fdd0557337035d29a960,8749b33299f170c222e17d70c10790b5e7b83074c44a94ea59e0226d9a7320f2,12589889,1693262184000000000,300
TT/ts-auth-service_delay/3,TT,ts-auth-service,delay,3,300,300,point,0.5,7,0.5,nsigma,2,0.5,0.8,0.014492753623188406,0,1,1,70,815.6365000177175,ts-payment-service|ts-auth-service|ts-admin-travel-service|ts-auth-mongo|ts-food-service,ts-payment-service_istio-latency-99,0.49674242424242426,22,22,0.49636363636363634,0.49712121212121213,22,22,22,0.4992099567099567,baseline-v2-20260723,cd270e7871bd358937d83d9a49829637fa80007d2964084ef229f578e3733bd3,ba75425861a059dafcc477474fc3e4ed1eafdc2b47d6fdd0557337035d29a960,8749b33299f170c222e17d70c10790b5e7b83074c44a94ea59e0226d9a7320f2,12589889,1693262184000000000,300
TT/ts-auth-service_delay/3,TT,ts-auth-service,delay,3,300,300,point,0.5,8,0.5,baro,17,0.058823529411764705,0.0,0.2318840579710145,0,0,0,70,973.092700005509,192-168-45-158-9100|ts-order-mongo|192-168-51-251-9100|ts-travel-service|ts-ticket-office-mongo,192-168-45-158-9100_node-memory-active-bytes,0.4990909090909091,22,22,0.4987878787878788,0.4993939393939394,22,22,22,0.4992099567099567,baseline-v2-20260723,cd270e7871bd358937d83d9a49829637fa80007d2964084ef229f578e3733bd3,ba75425861a059dafcc477474fc3e4ed1eafdc2b47d6fdd0557337035d29a960,8749b33299f170c222e17d70c10790b5e7b83074c44a94ea59e0226d9a7320f2,12589889,1693262184000000000,300
TT/ts-auth-service_delay/3,TT,ts-auth-service,delay,3,300,300,point,0.5,8,0.5,median_shift,17,0.058823529411764705,0.0,0.2318840579710145,0,0,0,70,227.63539996230975,ts-assurance-mongo|ts-auth-mongo|ts-config-mongo|ts-food-map-service|ts-price-service,ts-assurance-mongo_container-memory-rss,0.4990909090909091,22,22,0.4987878787878788,0.4993939393939394,22,22,22,0.4992099567099567,baseline-v2-20260723,cd270e7871bd358937d83d9a49829637fa80007d2964084ef229f578e3733bd3,ba75425861a059dafcc477474fc3e4ed1eafdc2b47d6fdd0557337035d29a960,8749b33299f170c222e17d70c10790b5e7b83074c44a94ea59e0226d9a7320f2,12589889,1693262184000000000,300
TT/ts-auth-service_delay/3,TT,ts-auth-service,delay,3,300,300,point,0.5,8,0.5,nsigma,2,0.5,0.8,0.014492753623188406,0,1,1,70,885.2002000203356,ts-payment-service|ts-auth-service|ts-admin-travel-service|ts-auth-mongo|ts-food-service,ts-payment-service_istio-latency-99,0.4990909090909091,22,22,0.4987878787878788,0.4993939393939394,22,22,22,0.4992099567099567,baseline-v2-20260723,cd270e7871bd358937d83d9a49829637fa80007d2964084ef229f578e3733bd3,ba75425861a059dafcc477474fc3e4ed1eafdc2b47d6fdd0557337035d29a960,8749b33299f170c222e17d70c10790b5e7b83074c44a94ea59e0226d9a7320f2,12589889,1693262184000000000,300
TT/ts-auth-service_delay/3,TT,ts-auth-service,delay,3,300,300,point,0.5,9,0.5,baro,17,0.058823529411764705,0.0,0.2318840579710145,0,0,0,70,940.9069000394084,192-168-45-158-9100|ts-order-mongo|192-168-51-251-9100|ts-travel-service|ts-ticket-office-mongo,192-168-45-158-9100_node-memory-active-bytes,0.5015909090909091,22,22,0.501969696969697,0.5012121212121212,22,22,22,0.4992099567099567,baseline-v2-20260723,cd270e7871bd358937d83d9a49829637fa80007d2964084ef229f578e3733bd3,ba75425861a059dafcc477474fc3e4ed1eafdc2b47d6fdd0557337035d29a960,8749b33299f170c222e17d70c10790b5e7b83074c44a94ea59e0226d9a7320f2,12589889,1693262184000000000,300
TT/ts-auth-service_delay/3,TT,ts-auth-service,delay,3,300,300,point,0.5,9,0.5,median_shift,14,0.07142857142857142,0.0,0.18840579710144928,0,0,0,70,333.5563999717124,ts-auth-mongo|ts-config-mongo|ts-food-map-service|ts-route-mongo|ts-station-mongo,ts-auth-mongo_container-memory-cache,0.5015909090909091,22,22,0.501969696969697,0.5012121212121212,22,22,22,0.4992099567099567,baseline-v2-20260723,cd270e7871bd358937d83d9a49829637fa80007d2964084ef229f578e3733bd3,ba75425861a059dafcc477474fc3e4ed1eafdc2b47d6fdd0557337035d29a960,8749b33299f170c222e17d70c10790b5e7b83074c44a94ea59e0226d9a7320f2,12589889,1693262184000000000,300
TT/ts-auth-service_delay/3,TT,ts-auth-service,delay,3,300,300,point,0.5,9,0.5,nsigma,2,0.5,0.8,0.014492753623188406,0,1,1,70,902.1716000279412,ts-payment-service|ts-auth-service|ts-admin-travel-service|ts-auth-mongo|ts-food-service,ts-payment-service_istio-latency-99,0.5015909090909091,22,22,0.501969696969697,0.5012121212121212,22,22,22,0.4992099567099567,baseline-v2-20260723,cd270e7871bd358937d83d9a49829637fa80007d2964084ef229f578e3733bd3,ba75425861a059dafcc477474fc3e4ed1eafdc2b47d6fdd0557337035d29a960,8749b33299f170c222e17d70c10790b5e7b83074c44a94ea59e0226d9a7320f2,12589889,1693262184000000000,300
TT/ts-auth-service_delay/3,TT,ts-auth-service,delay,3,300,300,stream,0.1,0,0.09999566414464413,baro,15,0.06666666666666667,0.0,0.2028985507246377,0,0,0,70,923.983299988322,192-168-45-158-9100|ts-order-mongo|192-168-51-251-9100|ts-travel-service|ts-ticket-office-mongo,192-168-45-158-9100_node-memory-active-bytes,1.0,22,22,1.0,1.0,22,22,22,0.8985822510822511,baseline-v2-20260723,cd270e7871bd358937d83d9a49829637fa80007d2964084ef229f578e3733bd3,ba75425861a059dafcc477474fc3e4ed1eafdc2b47d6fdd0557337035d29a960,8749b33299f170c222e17d70c10790b5e7b83074c44a94ea59e0226d9a7320f2,12589889,1693262184000000000,300
TT/ts-auth-service_delay/3,TT,ts-auth-service,delay,3,300,300,stream,0.1,0,0.09999566414464413,median_shift,16,0.0625,0.0,0.21739130434782608,0,0,0,70,298.6420000088401,ts-auth-mongo|ts-config-mongo|ts-food-map-service|ts-price-service|ts-route-mongo,ts-auth-mongo_container-memory-rss,1.0,22,22,1.0,1.0,22,22,22,0.8985822510822511,baseline-v2-20260723,cd270e7871bd358937d83d9a49829637fa80007d2964084ef229f578e3733bd3,ba75425861a059dafcc477474fc3e4ed1eafdc2b47d6fdd0557337035d29a960,8749b33299f170c222e17d70c10790b5e7b83074c44a94ea59e0226d9a7320f2,12589889,1693262184000000000,300
TT/ts-auth-service_delay/3,TT,ts-auth-service,delay,3,300,300,stream,0.1,0,0.09999566414464413,nsigma,2,0.5,0.8,0.014492753623188406,0,1,1,70,875.9280000231229,ts-payment-service|ts-auth-service|ts-admin-travel-service|ts-auth-mongo|ts-food-service,ts-payment-service_istio-latency-99,1.0,22,22,1.0,1.0,22,22,22,0.8985822510822511,baseline-v2-20260723,cd270e7871bd358937d83d9a49829637fa80007d2964084ef229f578e3733bd3,ba75425861a059dafcc477474fc3e4ed1eafdc2b47d6fdd0557337035d29a960,8749b33299f170c222e17d70c10790b5e7b83074c44a94ea59e0226d9a7320f2,12589889,1693262184000000000,300
TT/ts-auth-service_delay/3,TT,ts-auth-service,delay,3,300,300,stream,0.1,1,0.09999566414464413,baro,15,0.06666666666666667,0.0,0.2028985507246377,0,0,0,70,1030.5929000023752,192-168-45-158-9100|ts-order-mongo|192-168-51-251-9100|ts-travel-service|ts-ticket-office-mongo,192-168-45-158-9100_node-memory-active-bytes,1.0,22,22,1.0,1.0,22,22,22,0.8985822510822511,baseline-v2-20260723,cd270e7871bd358937d83d9a49829637fa80007d2964084ef229f578e3733bd3,ba75425861a059dafcc477474fc3e4ed1eafdc2b47d6fdd0557337035d29a960,8749b33299f170c222e17d70c10790b5e7b83074c44a94ea59e0226d9a7320f2,12589889,1693262184000000000,300
TT/ts-auth-service_delay/3,TT,ts-auth-service,delay,3,300,300,stream,0.1,1,0.09999566414464413,median_shift,15,0.06666666666666667,0.0,0.2028985507246377,0,0,0,70,266.10669994261116,ts-auth-mongo|ts-config-mongo|ts-price-service|ts-route-mongo|ts-station-mongo,ts-auth-mongo_container-memory-cache,1.0,22,22,1.0,1.0,22,22,22,0.8985822510822511,baseline-v2-20260723,cd270e7871bd358937d83d9a49829637fa80007d2964084ef229f578e3733bd3,ba75425861a059dafcc477474fc3e4ed1eafdc2b47d6fdd0557337035d29a960,8749b33299f170c222e17d70c10790b5e7b83074c44a94ea59e0226d9a7320f2,12589889,1693262184000000000,300
TT/ts-auth-service_delay/3,TT,ts-auth-service,delay,3,300,300,stream,0.1,1,0.09999566414464413,nsigma,2,0.5,0.8,0.014492753623188406,0,1,1,70,771.7945000040345,ts-payment-service|ts-auth-service|ts-admin-travel-service|ts-auth-mongo|ts-food-service,ts-payment-service_istio-latency-99,1.0,22,22,1.0,1.0,22,22,22,0.8985822510822511,baseline-v2-20260723,cd270e7871bd358937d83d9a49829637fa80007d2964084ef229f578e3733bd3,ba75425861a059dafcc477474fc3e4ed1eafdc2b47d6fdd0557337035d29a960,8749b33299f170c222e17d70c10790b5e7b83074c44a94ea59e0226d9a7320f2,12589889,1693262184000000000,300
TT/ts-auth-service_delay/3,TT,ts-auth-service,delay,3,300,300,stream,0.1,2,0.09960001734342143,baro,13,0.07692307692307693,0.0,0.17391304347826086,0,0,0,70,1169.9109000037424,192-168-45-158-9100|ts-travel-service|ts-ticket-office-mongo|ts-route-mongo|ts-station-mongo,192-168-45-158-9100_node-memory-active-bytes,0.8636363636363636,19,22,0.8636363636363636,0.8636363636363636,19,19,19,0.8989772727272727,baseline-v2-20260723,cd270e7871bd358937d83d9a49829637fa80007d2964084ef229f578e3733bd3,ba75425861a059dafcc477474fc3e4ed1eafdc2b47d6fdd0557337035d29a960,8749b33299f170c222e17d70c10790b5e7b83074c44a94ea59e0226d9a7320f2,12589889,1693262184000000000,300
TT/ts-auth-service_delay/3,TT,ts-auth-service,delay,3,300,300,stream,0.1,2,0.09960001734342143,median_shift,14,0.07142857142857142,0.0,0.18840579710144928,0,0,0,70,363.63979999441653,ts-auth-mongo|ts-food-map-service|ts-price-service|ts-route-mongo|ts-station-mongo,ts-auth-mongo_container-memory-cache,0.8636363636363636,19,22,0.8636363636363636,0.8636363636363636,19,19,19,0.8989772727272727,baseline-v2-20260723,cd270e7871bd358937d83d9a49829637fa80007d2964084ef229f578e3733bd3,ba75425861a059dafcc477474fc3e4ed1eafdc2b47d6fdd0557337035d29a960,8749b33299f170c222e17d70c10790b5e7b83074c44a94ea59e0226d9a7320f2,12589889,1693262184000000000,300
TT/ts-auth-service_delay/3,TT,ts-auth-service,delay,3,300,300,stream,0.1,2,0.09960001734342143,nsigma,2,0.5,0.8,0.014492753623188406,0,1,1,70,901.559499965515,ts-payment-service|ts-auth-service|ts-admin-travel-service|ts-auth-mongo|ts-food-service,ts-payment-service_istio-latency-99,0.8636363636363636,19,22,0.8636363636363636,0.8636363636363636,19,19,19,0.8989772727272727,baseline-v2-20260723,cd270e7871bd358937d83d9a49829637fa80007d2964084ef229f578e3733bd3,ba75425861a059dafcc477474fc3e4ed1eafdc2b47d6fdd0557337035d29a960,8749b33299f170c222e17d70c10790b5e7b83074c44a94ea59e0226d9a7320f2,12589889,1693262184000000000,300
TT/ts-auth-service_delay/3,TT,ts-auth-service,delay,3,300,300,stream,0.1,3,0.09999566414464413,baro,14,0.07142857142857142,0.0,0.18840579710144928,0,0,0,70,957.0552000077441,192-168-45-158-9100|ts-order-mongo|ts-travel-service|ts-ticket-office-mongo|ts-route-mongo,192-168-45-158-9100_node-memory-active-bytes,0.8636363636363636,19,22,0.8636363636363636,0.8636363636363636,19,19,19,0.8985822510822511,baseline-v2-20260723,cd270e7871bd358937d83d9a49829637fa80007d2964084ef229f578e3733bd3,ba75425861a059dafcc477474fc3e4ed1eafdc2b47d6fdd0557337035d29a960,8749b33299f170c222e17d70c10790b5e7b83074c44a94ea59e0226d9a7320f2,12589889,1693262184000000000,300
TT/ts-auth-service_delay/3,TT,ts-auth-service,delay,3,300,300,stream,0.1,3,0.09999566414464413,median_shift,13,0.07692307692307693,0.0,0.17391304347826086,0,0,0,70,260.96009998582304,ts-auth-mongo|ts-food-map-service|ts-route-mongo|ts-station-mongo|ts-ticket-office-service,ts-auth-mongo_container-memory-cache,0.8636363636363636,19,22,0.8636363636363636,0.8636363636363636,19,19,19,0.8985822510822511,baseline-v2-20260723,cd270e7871bd358937d83d9a49829637fa80007d2964084ef229f578e3733bd3,ba75425861a059dafcc477474fc3e4ed1eafdc2b47d6fdd0557337035d29a960,8749b33299f170c222e17d70c10790b5e7b83074c44a94ea59e0226d9a7320f2,12589889,1693262184000000000,300
TT/ts-auth-service_delay/3,TT,ts-auth-service,delay,3,300,300,stream,0.1,3,0.09999566414464413,nsigma,2,0.5,0.8,0.014492753623188406,0,1,1,70,837.8610999789089,ts-payment-service|ts-auth-service|ts-admin-travel-service|ts-auth-mongo|ts-food-service,ts-payment-service_istio-latency-99,0.8636363636363636,19,22,0.8636363636363636,0.8636363636363636,19,19,19,0.8985822510822511,baseline-v2-20260723,cd270e7871bd358937d83d9a49829637fa80007d2964084ef229f578e3733bd3,ba75425861a059dafcc477474fc3e4ed1eafdc2b47d6fdd0557337035d29a960,8749b33299f170c222e17d70c10790b5e7b83074c44a94ea59e0226d9a7320f2,12589889,1693262184000000000,300
TT/ts-auth-service_delay/3,TT,ts-auth-service,delay,3,300,300,stream,0.1,4,0.09960001734342143,baro,13,0.07692307692307693,0.0,0.17391304347826086,0,0,0,70,1090.8926000120118,192-168-45-158-9100|ts-order-mongo|192-168-51-251-9100|ts-travel-service|ts-route-mongo,192-168-45-158-9100_node-memory-active-bytes,0.9545454545454546,21,22,0.9545454545454546,0.9545454545454546,21,21,21,0.8989772727272727,baseline-v2-20260723,cd270e7871bd358937d83d9a49829637fa80007d2964084ef229f578e3733bd3,ba75425861a059dafcc477474fc3e4ed1eafdc2b47d6fdd0557337035d29a960,8749b33299f170c222e17d70c10790b5e7b83074c44a94ea59e0226d9a7320f2,12589889,1693262184000000000,300
TT/ts-auth-service_delay/3,TT,ts-auth-service,delay,3,300,300,stream,0.1,4,0.09960001734342143,median_shift,16,0.0625,0.0,0.21739130434782608,0,0,0,70,273.9812000072561,ts-auth-mongo|ts-config-mongo|ts-food-map-service|ts-price-service|ts-route-mongo,ts-auth-mongo_container-memory-cache,0.9545454545454546,21,22,0.9545454545454546,0.9545454545454546,21,21,21,0.8989772727272727,baseline-v2-20260723,cd270e7871bd358937d83d9a49829637fa80007d2964084ef229f578e3733bd3,ba75425861a059dafcc477474fc3e4ed1eafdc2b47d6fdd0557337035d29a960,8749b33299f170c222e17d70c10790b5e7b83074c44a94ea59e0226d9a7320f2,12589889,1693262184000000000,300
TT/ts-auth-service_delay/3,TT,ts-auth-service,delay,3,300,300,stream,0.1,4,0.09960001734342143,nsigma,2,0.5,0.8,0.014492753623188406,0,1,1,70,825.0329999718815,ts-payment-service|ts-auth-service|ts-admin-travel-service|ts-auth-mongo|ts-food-service,ts-payment-service_istio-latency-99,0.9545454545454546,21,22,0.9545454545454546,0.9545454545454546,21,21,21,0.8989772727272727,baseline-v2-20260723,cd270e7871bd358937d83d9a49829637fa80007d2964084ef229f578e3733bd3,ba75425861a059dafcc477474fc3e4ed1eafdc2b47d6fdd0557337035d29a960,8749b33299f170c222e17d70c10790b5e7b83074c44a94ea59e0226d9a7320f2,12589889,1693262184000000000,300
TT/ts-auth-service_delay/3,TT,ts-auth-service,delay,3,300,300,stream,0.1,5,0.09999566414464413,baro,12,0.08333333333333333,0.0,0.15942028985507245,0,0,0,70,918.9844999928027,192-168-45-158-9100|192-168-51-251-9100|ts-travel-service|ts-ticket-office-mongo|ts-route-mongo,192-168-45-158-9100_node-memory-active-bytes,0.9545454545454546,21,22,0.9545454545454546,0.9545454545454546,21,21,21,0.8985822510822511,baseline-v2-20260723,cd270e7871bd358937d83d9a49829637fa80007d2964084ef229f578e3733bd3,ba75425861a059dafcc477474fc3e4ed1eafdc2b47d6fdd0557337035d29a960,8749b33299f170c222e17d70c10790b5e7b83074c44a94ea59e0226d9a7320f2,12589889,1693262184000000000,300
TT/ts-auth-service_delay/3,TT,ts-auth-service,delay,3,300,300,stream,0.1,5,0.09999566414464413,median_shift,15,0.06666666666666667,0.0,0.2028985507246377,0,0,0,70,216.42489999067038,ts-auth-mongo|ts-config-mongo|ts-food-map-service|ts-price-service|ts-route-mongo,ts-auth-mongo_container-memory-cache,0.9545454545454546,21,22,0.9545454545454546,0.9545454545454546,21,21,21,0.8985822510822511,baseline-v2-20260723,cd270e7871bd358937d83d9a49829637fa80007d2964084ef229f578e3733bd3,ba75425861a059dafcc477474fc3e4ed1eafdc2b47d6fdd0557337035d29a960,8749b33299f170c222e17d70c10790b5e7b83074c44a94ea59e0226d9a7320f2,12589889,1693262184000000000,300
TT/ts-auth-service_delay/3,TT,ts-auth-service,delay,3,300,300,stream,0.1,5,0.09999566414464413,nsigma,2,0.5,0.8,0.014492753623188406,0,1,1,70,798.9510000334121,ts-payment-service|ts-auth-service|ts-admin-travel-service|ts-auth-mongo|ts-food-service,ts-payment-service_istio-latency-99,0.9545454545454546,21,22,0.9545454545454546,0.9545454545454546,21,21,21,0.8985822510822511,baseline-v2-20260723,cd270e7871bd358937d83d9a49829637fa80007d2964084ef229f578e3733bd3,ba75425861a059dafcc477474fc3e4ed1eafdc2b47d6fdd0557337035d29a960,8749b33299f170c222e17d70c10790b5e7b83074c44a94ea59e0226d9a7320f2,12589889,1693262184000000000,300
TT/ts-auth-service_delay/3,TT,ts-auth-service,delay,3,300,300,stream,0.1,6,0.09999566414464413,baro,14,0.07142857142857142,0.0,0.18840579710144928,0,0,0,70,857.9890999826603,192-168-45-158-9100|192-168-51-251-9100|ts-travel-service|ts-ticket-office-mongo|ts-route-mongo,192-168-45-158-9100_node-memory-active-bytes,0.9545454545454546,21,22,0.9545454545454546,0.9545454545454546,21,21,21,0.8985822510822511,baseline-v2-20260723,cd270e7871bd358937d83d9a49829637fa80007d2964084ef229f578e3733bd3,ba75425861a059dafcc477474fc3e4ed1eafdc2b47d6fdd0557337035d29a960,8749b33299f170c222e17d70c10790b5e7b83074c44a94ea59e0226d9a7320f2,12589889,1693262184000000000,300
TT/ts-auth-service_delay/3,TT,ts-auth-service,delay,3,300,300,stream,0.1,6,0.09999566414464413,median_shift,15,0.06666666666666667,0.0,0.2028985507246377,0,0,0,70,258.5544000030495,ts-auth-mongo|ts-config-mongo|ts-food-map-service|ts-price-service|ts-route-mongo,ts-auth-mongo_container-memory-cache,0.9545454545454546,21,22,0.9545454545454546,0.9545454545454546,21,21,21,0.8985822510822511,baseline-v2-20260723,cd270e7871bd358937d83d9a49829637fa80007d2964084ef229f578e3733bd3,ba75425861a059dafcc477474fc3e4ed1eafdc2b47d6fdd0557337035d29a960,8749b33299f170c222e17d70c10790b5e7b83074c44a94ea59e0226d9a7320f2,12589889,1693262184000000000,300
TT/ts-auth-service_delay/3,TT,ts-auth-service,delay,3,300,300,stream,0.1,6,0.09999566414464413,nsigma,2,0.5,0.8,0.014492753623188406,0,1,1,70,934.4737000064924,ts-payment-service|ts-auth-service|ts-admin-travel-service|ts-auth-mongo|ts-food-service,ts-payment-service_istio-latency-99,0.9545454545454546,21,22,0.9545454545454546,0.9545454545454546,21,21,21,0.8985822510822511,baseline-v2-20260723,cd270e7871bd358937d83d9a49829637fa80007d2964084ef229f578e3733bd3,ba75425861a059dafcc477474fc3e4ed1eafdc2b47d6fdd0557337035d29a960,8749b33299f170c222e17d70c10790b5e7b83074c44a94ea59e0226d9a7320f2,12589889,1693262184000000000,300
TT/ts-auth-service_delay/3,TT,ts-auth-service,delay,3,300,300,stream,0.1,7,0.09979784074403278,baro,15,0.06666666666666667,0.0,0.2028985507246377,0,0,0,70,1078.6197000415996,192-168-45-158-9100|ts-order-mongo|192-168-51-251-9100|ts-travel-service|ts-ticket-office-mongo,192-168-45-158-9100_node-memory-active-bytes,0.9545454545454546,21,22,0.9545454545454546,0.9545454545454546,21,21,21,0.8987797619047619,baseline-v2-20260723,cd270e7871bd358937d83d9a49829637fa80007d2964084ef229f578e3733bd3,ba75425861a059dafcc477474fc3e4ed1eafdc2b47d6fdd0557337035d29a960,8749b33299f170c222e17d70c10790b5e7b83074c44a94ea59e0226d9a7320f2,12589889,1693262184000000000,300
TT/ts-auth-service_delay/3,TT,ts-auth-service,delay,3,300,300,stream,0.1,7,0.09979784074403278,median_shift,16,0.0625,0.0,0.21739130434782608,0,0,0,70,305.5108000407927,ts-auth-mongo|ts-config-mongo|ts-food-map-service|ts-price-service|ts-route-mongo,ts-auth-mongo_container-memory-cache,0.9545454545454546,21,22,0.9545454545454546,0.9545454545454546,21,21,21,0.8987797619047619,baseline-v2-20260723,cd270e7871bd358937d83d9a49829637fa80007d2964084ef229f578e3733bd3,ba75425861a059dafcc477474fc3e4ed1eafdc2b47d6fdd0557337035d29a960,8749b33299f170c222e17d70c10790b5e7b83074c44a94ea59e0226d9a7320f2,12589889,1693262184000000000,300
TT/ts-auth-service_delay/3,TT,ts-auth-service,delay,3,300,300,stream,0.1,7,0.09979784074403278,nsigma,2,0.5,0.8,0.014492753623188406,0,1,1,70,753.1478999881074,ts-payment-service|ts-auth-service|ts-admin-travel-service|ts-auth-mongo|ts-food-service,ts-payment-service_istio-latency-99,0.9545454545454546,21,22,0.9545454545454546,0.9545454545454546,21,21,21,0.8987797619047619,baseline-v2-20260723,cd270e7871bd358937d83d9a49829637fa80007d2964084ef229f578e3733bd3,ba75425861a059dafcc477474fc3e4ed1eafdc2b47d6fdd0557337035d29a960,8749b33299f170c222e17d70c10790b5e7b83074c44a94ea59e0226d9a7320f2,12589889,1693262184000000000,300
TT/ts-auth-service_delay/3,TT,ts-auth-service,delay,3,300,300,stream,0.1,8,0.09960001734342143,baro,15,0.06666666666666667,0.0,0.2028985507246377,0,0,0,70,957.1067999931984,192-168-45-158-9100|ts-order-mongo|192-168-51-251-9100|ts-travel-service|ts-ticket-office-mongo,192-168-45-158-9100_node-memory-active-bytes,0.7727272727272727,17,22,0.7727272727272727,0.7727272727272727,17,17,17,0.8989772727272727,baseline-v2-20260723,cd270e7871bd358937d83d9a49829637fa80007d2964084ef229f578e3733bd3,ba75425861a059dafcc477474fc3e4ed1eafdc2b47d6fdd0557337035d29a960,8749b33299f170c222e17d70c10790b5e7b83074c44a94ea59e0226d9a7320f2,12589889,1693262184000000000,300
TT/ts-auth-service_delay/3,TT,ts-auth-service,delay,3,300,300,stream,0.1,8,0.09960001734342143,median_shift,16,0.0625,0.0,0.21739130434782608,0,0,0,70,298.6775999888778,ts-auth-mongo|ts-config-mongo|ts-food-map-service|ts-price-service|ts-route-mongo,ts-auth-mongo_container-memory-cache,0.7727272727272727,17,22,0.7727272727272727,0.7727272727272727,17,17,17,0.8989772727272727,baseline-v2-20260723,cd270e7871bd358937d83d9a49829637fa80007d2964084ef229f578e3733bd3,ba75425861a059dafcc477474fc3e4ed1eafdc2b47d6fdd0557337035d29a960,8749b33299f170c222e17d70c10790b5e7b83074c44a94ea59e0226d9a7320f2,12589889,1693262184000000000,300
TT/ts-auth-service_delay/3,TT,ts-auth-service,delay,3,300,300,stream,0.1,8,0.09960001734342143,nsigma,2,0.5,0.8,0.014492753623188406,0,1,1,70,819.5958000142127,ts-payment-service|ts-auth-service|ts-admin-travel-service|ts-auth-mongo|ts-food-service,ts-payment-service_istio-latency-99,0.7727272727272727,17,22,0.7727272727272727,0.7727272727272727,17,17,17,0.8989772727272727,baseline-v2-20260723,cd270e7871bd358937d83d9a49829637fa80007d2964084ef229f578e3733bd3,ba75425861a059dafcc477474fc3e4ed1eafdc2b47d6fdd0557337035d29a960,8749b33299f170c222e17d70c10790b5e7b83074c44a94ea59e0226d9a7320f2,12589889,1693262184000000000,300
TT/ts-auth-service_delay/3,TT,ts-auth-service,delay,3,300,300,stream,0.1,9,0.09960001734342143,baro,15,0.06666666666666667,0.0,0.2028985507246377,0,0,0,70,890.5363999656402,192-168-45-158-9100|ts-order-mongo|192-168-51-251-9100|ts-travel-service|ts-ticket-office-mongo,192-168-45-158-9100_node-memory-active-bytes,0.9545454545454546,21,22,0.9545454545454546,0.9545454545454546,21,21,21,0.8989772727272727,baseline-v2-20260723,cd270e7871bd358937d83d9a49829637fa80007d2964084ef229f578e3733bd3,ba75425861a059dafcc477474fc3e4ed1eafdc2b47d6fdd0557337035d29a960,8749b33299f170c222e17d70c10790b5e7b83074c44a94ea59e0226d9a7320f2,12589889,1693262184000000000,300
TT/ts-auth-service_delay/3,TT,ts-auth-service,delay,3,300,300,stream,0.1,9,0.09960001734342143,median_shift,15,0.06666666666666667,0.0,0.2028985507246377,0,0,0,70,274.30140000069514,ts-auth-mongo|ts-food-map-service|ts-price-service|ts-route-mongo|ts-station-mongo,ts-auth-mongo_container-memory-cache,0.9545454545454546,21,22,0.9545454545454546,0.9545454545454546,21,21,21,0.8989772727272727,baseline-v2-20260723,cd270e7871bd358937d83d9a49829637fa80007d2964084ef229f578e3733bd3,ba75425861a059dafcc477474fc3e4ed1eafdc2b47d6fdd0557337035d29a960,8749b33299f170c222e17d70c10790b5e7b83074c44a94ea59e0226d9a7320f2,12589889,1693262184000000000,300
TT/ts-auth-service_delay/3,TT,ts-auth-service,delay,3,300,300,stream,0.1,9,0.09960001734342143,nsigma,2,0.5,0.8,0.014492753623188406,0,1,1,70,911.9140999973752,ts-payment-service|ts-auth-service|ts-admin-travel-service|ts-auth-mongo|ts-food-service,ts-payment-service_istio-latency-95,0.9545454545454546,21,22,0.9545454545454546,0.9545454545454546,21,21,21,0.8989772727272727,baseline-v2-20260723,cd270e7871bd358937d83d9a49829637fa80007d2964084ef229f578e3733bd3,ba75425861a059dafcc477474fc3e4ed1eafdc2b47d6fdd0557337035d29a960,8749b33299f170c222e17d70c10790b5e7b83074c44a94ea59e0226d9a7320f2,12589889,1693262184000000000,300
TT/ts-auth-service_delay/3,TT,ts-auth-service,delay,3,300,300,stream,0.3,0,0.3006021419125458,baro,28,0.03571428571428571,0.0,0.391304347826087,0,0,0,70,906.8135000416078,192-168-45-158-9100|ts-order-mongo|192-168-51-251-9100|ts-travel-service|ts-route-mongo,192-168-45-158-9100_node-memory-active-bytes,0.6363636363636364,14,22,0.6363636363636364,0.6363636363636364,14,14,14,0.698292748917749,baseline-v2-20260723,cd270e7871bd358937d83d9a49829637fa80007d2964084ef229f578e3733bd3,ba75425861a059dafcc477474fc3e4ed1eafdc2b47d6fdd0557337035d29a960,8749b33299f170c222e17d70c10790b5e7b83074c44a94ea59e0226d9a7320f2,12589889,1693262184000000000,300
TT/ts-auth-service_delay/3,TT,ts-auth-service,delay,3,300,300,stream,0.3,0,0.3006021419125458,median_shift,16,0.0625,0.0,0.21739130434782608,0,0,0,70,196.2749999947846,ts-auth-mongo|ts-config-mongo|ts-food-map-service|ts-route-mongo|ts-ticket-office-service,ts-auth-mongo_container-memory-cache,0.6363636363636364,14,22,0.6363636363636364,0.6363636363636364,14,14,14,0.698292748917749,baseline-v2-20260723,cd270e7871bd358937d83d9a49829637fa80007d2964084ef229f578e3733bd3,ba75425861a059dafcc477474fc3e4ed1eafdc2b47d6fdd0557337035d29a960,8749b33299f170c222e17d70c10790b5e7b83074c44a94ea59e0226d9a7320f2,12589889,1693262184000000000,300
TT/ts-auth-service_delay/3,TT,ts-auth-service,delay,3,300,300,stream,0.3,0,0.3006021419125458,nsigma,10,0.1,0.0,0.13043478260869565,0,0,0,70,713.1170000066049,ts-payment-service|ts-admin-travel-service|ts-auth-mongo|ts-food-service|ts-assurance-mongo,ts-payment-service_istio-latency-99,0.6363636363636364,14,22,0.6363636363636364,0.6363636363636364,14,14,14,0.698292748917749,baseline-v2-20260723,cd270e7871bd358937d83d9a49829637fa80007d2964084ef229f578e3733bd3,ba75425861a059dafcc477474fc3e4ed1eafdc2b47d6fdd0557337035d29a960,8749b33299f170c222e17d70c10790b5e7b83074c44a94ea59e0226d9a7320f2,12589889,1693262184000000000,300
TT/ts-auth-service_delay/3,TT,ts-auth-service,delay,3,300,300,stream,0.3,1,0.3002064951113231,baro,19,0.05263157894736842,0.0,0.2608695652173913,0,0,0,70,863.5552999912761,ts-order-mongo|192-168-51-251-9100|ts-travel-service|ts-ticket-office-mongo|ts-route-mongo,ts-order-mongo_container-memory-rss,0.5909090909090909,13,22,0.5909090909090909,0.5909090909090909,13,13,13,0.6986877705627705,baseline-v2-20260723,cd270e7871bd358937d83d9a49829637fa80007d2964084ef229f578e3733bd3,ba75425861a059dafcc477474fc3e4ed1eafdc2b47d6fdd0557337035d29a960,8749b33299f170c222e17d70c10790b5e7b83074c44a94ea59e0226d9a7320f2,12589889,1693262184000000000,300
TT/ts-auth-service_delay/3,TT,ts-auth-service,delay,3,300,300,stream,0.3,1,0.3002064951113231,median_shift,17,0.058823529411764705,0.0,0.2318840579710145,0,0,0,70,248.99169994750991,ts-auth-mongo|ts-config-mongo|ts-food-map-service|ts-price-service|ts-route-mongo,ts-auth-mongo_container-memory-cache,0.5909090909090909,13,22,0.5909090909090909,0.5909090909090909,13,13,13,0.6986877705627705,baseline-v2-20260723,cd270e7871bd358937d83d9a49829637fa80007d2964084ef229f578e3733bd3,ba75425861a059dafcc477474fc3e4ed1eafdc2b47d6fdd0557337035d29a960,8749b33299f170c222e17d70c10790b5e7b83074c44a94ea59e0226d9a7320f2,12589889,1693262184000000000,300
TT/ts-auth-service_delay/3,TT,ts-auth-service,delay,3,300,300,stream,0.3,1,0.3002064951113231,nsigma,11,0.09090909090909091,0.0,0.14492753623188406,0,0,0,70,703.70680000633,ts-payment-service|ts-admin-travel-service|ts-auth-mongo|ts-food-service|ts-assurance-mongo,ts-payment-service_istio-latency-99,0.5909090909090909,13,22,0.5909090909090909,0.5909090909090909,13,13,13,0.6986877705627705,baseline-v2-20260723,cd270e7871bd358937d83d9a49829637fa80007d2964084ef229f578e3733bd3,ba75425861a059dafcc477474fc3e4ed1eafdc2b47d6fdd0557337035d29a960,8749b33299f170c222e17d70c10790b5e7b83074c44a94ea59e0226d9a7320f2,12589889,1693262184000000000,300
TT/ts-auth-service_delay/3,TT,ts-auth-service,delay,3,300,300,stream,0.3,2,0.3002064951113231,baro,12,0.08333333333333333,0.0,0.15942028985507245,0,0,0,70,936.2194999703206,ts-order-mongo|192-168-51-251-9100|ts-ticket-office-mongo|ts-station-mongo|ts-execute-service,ts-order-mongo_container-memory-rss,0.7727272727272727,17,22,0.7727272727272727,0.7727272727272727,17,17,17,0.6986877705627705,baseline-v2-20260723,cd270e7871bd358937d83d9a49829637fa80007d2964084ef229f578e3733bd3,ba75425861a059dafcc477474fc3e4ed1eafdc2b47d6fdd0557337035d29a960,8749b33299f170c222e17d70c10790b5e7b83074c44a94ea59e0226d9a7320f2,12589889,1693262184000000000,300
TT/ts-auth-service_delay/3,TT,ts-auth-service,delay,3,300,300,stream,0.3,2,0.3002064951113231,median_shift,13,0.07692307692307693,0.0,0.17391304347826086,0,0,0,70,265.6637000036426,ts-auth-mongo|ts-config-mongo|ts-price-service|ts-station-mongo|ts-ticket-office-service,ts-auth-mongo_container-memory-cache,0.7727272727272727,17,22,0.7727272727272727,0.7727272727272727,17,17,17,0.6986877705627705,baseline-v2-20260723,cd270e7871bd358937d83d9a49829637fa80007d2964084ef229f578e3733bd3,ba75425861a059dafcc477474fc3e4ed1eafdc2b47d6fdd0557337035d29a960,8749b33299f170c222e17d70c10790b5e7b83074c44a94ea59e0226d9a7320f2,12589889,1693262184000000000,300
TT/ts-auth-service_delay/3,TT,ts-auth-service,delay,3,300,300,stream,0.3,2,0.3002064951113231,nsigma,2,0.5,0.8,0.014492753623188406,0,1,1,70,852.1445000078529,ts-payment-service|ts-auth-service|ts-admin-travel-service|ts-auth-mongo|ts-food-service,ts-payment-service_istio-latency-99,0.7727272727272727,17,22,0.7727272727272727,0.7727272727272727,17,17,17,0.6986877705627705,baseline-v2-20260723,cd270e7871bd358937d83d9a49829637fa80007d2964084ef229f578e3733bd3,ba75425861a059dafcc477474fc3e4ed1eafdc2b47d6fdd0557337035d29a960,8749b33299f170c222e17d70c10790b5e7b83074c44a94ea59e0226d9a7320f2,12589889,1693262184000000000,300
TT/ts-auth-service_delay/3,TT,ts-auth-service,delay,3,300,300,stream,0.3,3,0.30040431851193444,baro,12,0.08333333333333333,0.0,0.15942028985507245,0,0,0,70,871.4016000158153,192-168-45-158-9100|192-168-51-251-9100|ts-travel-service|ts-ticket-office-mongo|ts-route-mongo,192-168-45-158-9100_node-memory-active-bytes,0.6818181818181818,15,22,0.6818181818181818,0.6818181818181818,15,15,15,0.6984902597402597,baseline-v2-20260723,cd270e7871bd358937d83d9a49829637fa80007d2964084ef229f578e3733bd3,ba75425861a059dafcc477474fc3e4ed1eafdc2b47d6fdd0557337035d29a960,8749b33299f170c222e17d70c10790b5e7b83074c44a94ea59e0226d9a7320f2,12589889,1693262184000000000,300
TT/ts-auth-service_delay/3,TT,ts-auth-service,delay,3,300,300,stream,0.3,3,0.30040431851193444,median_shift,12,0.08333333333333333,0.0,0.15942028985507245,0,0,0,70,215.73880000505596,ts-auth-mongo|ts-food-map-service|ts-price-service|ts-route-mongo|ts-station-mongo,ts-auth-mongo_container-memory-rss,0.6818181818181818,15,22,0.6818181818181818,0.6818181818181818,15,15,15,0.6984902597402597,baseline-v2-20260723,cd270e7871bd358937d83d9a49829637fa80007d2964084ef229f578e3733bd3,ba75425861a059dafcc477474fc3e4ed1eafdc2b47d6fdd0557337035d29a960,8749b33299f170c222e17d70c10790b5e7b83074c44a94ea59e0226d9a7320f2,12589889,1693262184000000000,300
TT/ts-auth-service_delay/3,TT,ts-auth-service,delay,3,300,300,stream,0.3,3,0.30040431851193444,nsigma,2,0.5,0.8,0.014492753623188406,0,1,1,70,734.2058999929577,ts-payment-service|ts-auth-service|ts-admin-travel-service|ts-auth-mongo|ts-assurance-mongo,ts-payment-service_istio-latency-99,0.6818181818181818,15,22,0.6818181818181818,0.6818181818181818,15,15,15,0.6984902597402597,baseline-v2-20260723,cd270e7871bd358937d83d9a49829637fa80007d2964084ef229f578e3733bd3,ba75425861a059dafcc477474fc3e4ed1eafdc2b47d6fdd0557337035d29a960,8749b33299f170c222e17d70c10790b5e7b83074c44a94ea59e0226d9a7320f2,12589889,1693262184000000000,300
TT/ts-auth-service_delay/3,TT,ts-auth-service,delay,3,300,300,stream,0.3,4,0.3002064951113231,baro,13,0.07692307692307693,0.0,0.17391304347826086,0,0,0,70,924.2288999957964,192-168-45-158-9100|ts-order-mongo|192-168-51-251-9100|ts-ticket-office-mongo|ts-route-mongo,192-168-45-158-9100_node-memory-active-bytes,0.6363636363636364,14,22,0.6363636363636364,0.6363636363636364,14,14,14,0.6986877705627705,baseline-v2-20260723,cd270e7871bd358937d83d9a49829637fa80007d2964084ef229f578e3733bd3,ba75425861a059dafcc477474fc3e4ed1eafdc2b47d6fdd0557337035d29a960,8749b33299f170c222e17d70c10790b5e7b83074c44a94ea59e0226d9a7320f2,12589889,1693262184000000000,300
TT/ts-auth-service_delay/3,TT,ts-auth-service,delay,3,300,300,stream,0.3,4,0.3002064951113231,median_shift,13,0.07692307692307693,0.0,0.17391304347826086,0,0,0,70,240.66100001800805,ts-auth-mongo|ts-food-map-service|ts-route-mongo|ts-station-mongo|ts-ticket-office-service,ts-auth-mongo_container-memory-cache,0.6363636363636364,14,22,0.6363636363636364,0.6363636363636364,14,14,14,0.6986877705627705,baseline-v2-20260723,cd270e7871bd358937d83d9a49829637fa80007d2964084ef229f578e3733bd3,ba75425861a059dafcc477474fc3e4ed1eafdc2b47d6fdd0557337035d29a960,8749b33299f170c222e17d70c10790b5e7b83074c44a94ea59e0226d9a7320f2,12589889,1693262184000000000,300
TT/ts-auth-service_delay/3,TT,ts-auth-service,delay,3,300,300,stream,0.3,4,0.3002064951113231,nsigma,2,0.5,0.8,0.014492753623188406,0,1,1,70,663.6961000040174,ts-payment-service|ts-auth-service|ts-admin-travel-service|ts-auth-mongo|ts-assurance-mongo,ts-payment-service_istio-latency-99,0.6363636363636364,14,22,0.6363636363636364,0.6363636363636364,14,14,14,0.6986877705627705,baseline-v2-20260723,cd270e7871bd358937d83d9a49829637fa80007d2964084ef229f578e3733bd3,ba75425861a059dafcc477474fc3e4ed1eafdc2b47d6fdd0557337035d29a960,8749b33299f170c222e17d70c10790b5e7b83074c44a94ea59e0226d9a7320f2,12589889,1693262184000000000,300
TT/ts-auth-service_delay/3,TT,ts-auth-service,delay,3,300,300,stream,0.3,5,0.30040431851193444,baro,13,0.07692307692307693,0.0,0.17391304347826086,0,0,0,70,831.4636000432074,ts-order-mongo|192-168-51-251-9100|ts-travel-service|ts-ticket-office-mongo|ts-route-mongo,ts-order-mongo_container-memory-rss,0.7272727272727273,16,22,0.7272727272727273,0.7272727272727273,16,16,16,0.6984902597402597,baseline-v2-20260723,cd270e7871bd358937d83d9a49829637fa80007d2964084ef229f578e3733bd3,ba75425861a059dafcc477474fc3e4ed1eafdc2b47d6fdd0557337035d29a960,8749b33299f170c222e17d70c10790b5e7b83074c44a94ea59e0226d9a7320f2,12589889,1693262184000000000,300
TT/ts-auth-service_delay/3,TT,ts-auth-service,delay,3,300,300,stream,0.3,5,0.30040431851193444,median_shift,12,0.08333333333333333,0.0,0.15942028985507245,0,0,0,70,256.6988000180572,ts-price-service|ts-route-mongo|ts-station-mongo|ts-train-mongo|ts-travel-service,ts-price-service_container-memory-rss,0.7272727272727273,16,22,0.7272727272727273,0.7272727272727273,16,16,16,0.6984902597402597,baseline-v2-20260723,cd270e7871bd358937d83d9a49829637fa80007d2964084ef229f578e3733bd3,ba75425861a059dafcc477474fc3e4ed1eafdc2b47d6fdd0557337035d29a960,8749b33299f170c222e17d70c10790b5e7b83074c44a94ea59e0226d9a7320f2,12589889,1693262184000000000,300
TT/ts-auth-service_delay/3,TT,ts-auth-service,delay,3,300,300,stream,0.3,5,0.30040431851193444,nsigma,2,0.5,0.8,0.014492753623188406,0,1,1,70,744.8753999779001,ts-payment-service|ts-auth-service|ts-admin-travel-service|ts-auth-mongo|ts-food-service,ts-payment-service_istio-latency-99,0.7272727272727273,16,22,0.7272727272727273,0.7272727272727273,16,16,16,0.6984902597402597,baseline-v2-20260723,cd270e7871bd358937d83d9a49829637fa80007d2964084ef229f578e3733bd3,ba75425861a059dafcc477474fc3e4ed1eafdc2b47d6fdd0557337035d29a960,8749b33299f170c222e17d70c10790b5e7b83074c44a94ea59e0226d9a7320f2,12589889,1693262184000000000,300
TT/ts-auth-service_delay/3,TT,ts-auth-service,delay,3,300,300,stream,0.3,6,0.29981084831010035,baro,18,0.05555555555555555,0.0,0.2463768115942029,0,0,0,70,840.0340999942273,192-168-45-158-9100|ts-ticket-office-mongo|ts-route-mongo|ts-station-mongo|ts-execute-service,192-168-45-158-9100_node-memory-active-bytes,0.7272727272727273,16,22,0.7272727272727273,0.7272727272727273,16,16,16,0.6990827922077922,baseline-v2-20260723,cd270e7871bd358937d83d9a49829637fa80007d2964084ef229f578e3733bd3,ba75425861a059dafcc477474fc3e4ed1eafdc2b47d6fdd0557337035d29a960,8749b33299f170c222e17d70c10790b5e7b83074c44a94ea59e0226d9a7320f2,12589889,1693262184000000000,300
TT/ts-auth-service_delay/3,TT,ts-auth-service,delay,3,300,300,stream,0.3,6,0.29981084831010035,median_shift,13,0.07692307692307693,0.0,0.17391304347826086,0,0,0,70,209.59620003122836,ts-auth-mongo|ts-config-mongo|ts-price-service|ts-route-mongo|ts-station-mongo,ts-auth-mongo_container-memory-cache,0.7272727272727273,16,22,0.7272727272727273,0.7272727272727273,16,16,16,0.6990827922077922,baseline-v2-20260723,cd270e7871bd358937d83d9a49829637fa80007d2964084ef229f578e3733bd3,ba75425861a059dafcc477474fc3e4ed1eafdc2b47d6fdd0557337035d29a960,8749b33299f170c222e17d70c10790b5e7b83074c44a94ea59e0226d9a7320f2,12589889,1693262184000000000,300
TT/ts-auth-service_delay/3,TT,ts-auth-service,delay,3,300,300,stream,0.3,6,0.29981084831010035,nsigma,10,0.1,0.0,0.13043478260869565,0,0,0,70,764.4804000156,ts-payment-service|ts-admin-travel-service|ts-auth-mongo|ts-food-service|ts-assurance-mongo,ts-payment-service_istio-latency-99,0.7272727272727273,16,22,0.7272727272727273,0.7272727272727273,16,16,16,0.6990827922077922,baseline-v2-20260723,cd270e7871bd358937d83d9a49829637fa80007d2964084ef229f578e3733bd3,ba75425861a059dafcc477474fc3e4ed1eafdc2b47d6fdd0557337035d29a960,8749b33299f170c222e17d70c10790b5e7b83074c44a94ea59e0226d9a7320f2,12589889,1693262184000000000,300
TT/ts-auth-service_delay/3,TT,ts-auth-service,delay,3,300,300,stream,0.3,7,0.30040431851193444,baro,10,0.1,0.0,0.13043478260869565,0,0,0,70,818.926400039345,192-168-45-158-9100|ts-order-mongo|ts-ticket-office-mongo|ts-station-mongo|ts-execute-service,192-168-45-158-9100_node-memory-active-bytes,0.8181818181818182,18,22,0.8181818181818182,0.8181818181818182,18,18,18,0.6984902597402597,baseline-v2-20260723,cd270e7871bd358937d83d9a49829637fa80007d2964084ef229f578e3733bd3,ba75425861a059dafcc477474fc3e4ed1eafdc2b47d6fdd0557337035d29a960,8749b33299f170c222e17d70c10790b5e7b83074c44a94ea59e0226d9a7320f2,12589889,1693262184000000000,300
TT/ts-auth-service_delay/3,TT,ts-auth-service,delay,3,300,300,stream,0.3,7,0.30040431851193444,median_shift,10,0.1,0.0,0.13043478260869565,0,0,0,70,224.03569996822625,ts-food-map-service|ts-station-mongo|ts-ticket-office-service|ts-train-mongo|ts-execute-service,ts-food-map-service_container-memory-rss,0.8181818181818182,18,22,0.8181818181818182,0.8181818181818182,18,18,18,0.6984902597402597,baseline-v2-20260723,cd270e7871bd358937d83d9a49829637fa80007d2964084ef229f578e3733bd3,ba75425861a059dafcc477474fc3e4ed1eafdc2b47d6fdd0557337035d29a960,8749b33299f170c222e17d70c10790b5e7b83074c44a94ea59e0226d9a7320f2,12589889,1693262184000000000,300
TT/ts-auth-service_delay/3,TT,ts-auth-service,delay,3,300,300,stream,0.3,7,0.30040431851193444,nsigma,2,0.5,0.8,0.014492753623188406,0,1,1,70,630.4349999991246,ts-payment-service|ts-auth-service|ts-admin-travel-service|ts-auth-mongo|ts-assurance-mongo,ts-payment-service_istio-latency-99,0.8181818181818182,18,22,0.8181818181818182,0.8181818181818182,18,18,18,0.6984902597402597,baseline-v2-20260723,cd270e7871bd358937d83d9a49829637fa80007d2964084ef229f578e3733bd3,ba75425861a059dafcc477474fc3e4ed1eafdc2b47d6fdd0557337035d29a960,8749b33299f170c222e17d70c10790b5e7b83074c44a94ea59e0226d9a7320f2,12589889,1693262184000000000,300
TT/ts-auth-service_delay/3,TT,ts-auth-service,delay,3,300,300,stream,0.3,8,0.30040431851193444,baro,12,0.08333333333333333,0.0,0.15942028985507245,0,0,0,70,1049.7766999760643,192-168-45-158-9100|192-168-51-251-9100|ts-travel-service|ts-route-mongo|ts-station-mongo,192-168-45-158-9100_node-memory-active-bytes,0.5909090909090909,13,22,0.5909090909090909,0.5909090909090909,13,13,13,0.6984902597402597,baseline-v2-20260723,cd270e7871bd358937d83d9a49829637fa80007d2964084ef229f578e3733bd3,ba75425861a059dafcc477474fc3e4ed1eafdc2b47d6fdd0557337035d29a960,8749b33299f170c222e17d70c10790b5e7b83074c44a94ea59e0226d9a7320f2,12589889,1693262184000000000,300
TT/ts-auth-service_delay/3,TT,ts-auth-service,delay,3,300,300,stream,0.3,8,0.30040431851193444,median_shift,13,0.07692307692307693,0.0,0.17391304347826086,0,0,0,70,283.45879999687895,ts-auth-mongo|ts-config-mongo|ts-route-mongo|ts-station-mongo|ts-ticket-office-service,ts-auth-mongo_container-memory-cache,0.5909090909090909,13,22,0.5909090909090909,0.5909090909090909,13,13,13,0.6984902597402597,baseline-v2-20260723,cd270e7871bd358937d83d9a49829637fa80007d2964084ef229f578e3733bd3,ba75425861a059dafcc477474fc3e4ed1eafdc2b47d6fdd0557337035d29a960,8749b33299f170c222e17d70c10790b5e7b83074c44a94ea59e0226d9a7320f2,12589889,1693262184000000000,300
TT/ts-auth-service_delay/3,TT,ts-auth-service,delay,3,300,300,stream,0.3,8,0.30040431851193444,nsigma,2,0.5,0.8,0.014492753623188406,0,1,1,70,797.4583000177518,ts-payment-service|ts-auth-service|ts-admin-travel-service|ts-auth-mongo|ts-assurance-mongo,ts-payment-service_istio-latency-99,0.5909090909090909,13,22,0.5909090909090909,0.5909090909090909,13,13,13,0.6984902597402597,baseline-v2-20260723,cd270e7871bd358937d83d9a49829637fa80007d2964084ef229f578e3733bd3,ba75425861a059dafcc477474fc3e4ed1eafdc2b47d6fdd0557337035d29a960,8749b33299f170c222e17d70c10790b5e7b83074c44a94ea59e0226d9a7320f2,12589889,1693262184000000000,300
TT/ts-auth-service_delay/3,TT,ts-auth-service,delay,3,300,300,stream,0.3,9,0.3006021419125458,baro,12,0.08333333333333333,0.0,0.15942028985507245,0,0,0,70,1026.6379000386223,192-168-45-158-9100|ts-order-mongo|ts-travel-service|ts-station-mongo|ts-execute-service,192-168-45-158-9100_node-memory-active-bytes,0.8636363636363636,19,22,0.8636363636363636,0.8636363636363636,19,19,19,0.698292748917749,baseline-v2-20260723,cd270e7871bd358937d83d9a49829637fa80007d2964084ef229f578e3733bd3,ba75425861a059dafcc477474fc3e4ed1eafdc2b47d6fdd0557337035d29a960,8749b33299f170c222e17d70c10790b5e7b83074c44a94ea59e0226d9a7320f2,12589889,1693262184000000000,300
TT/ts-auth-service_delay/3,TT,ts-auth-service,delay,3,300,300,stream,0.3,9,0.3006021419125458,median_shift,13,0.07692307692307693,0.0,0.17391304347826086,0,0,0,70,298.0014000204392,ts-auth-mongo|ts-config-mongo|ts-food-map-service|ts-price-service|ts-station-mongo,ts-auth-mongo_container-memory-cache,0.8636363636363636,19,22,0.8636363636363636,0.8636363636363636,19,19,19,0.698292748917749,baseline-v2-20260723,cd270e7871bd358937d83d9a49829637fa80007d2964084ef229f578e3733bd3,ba75425861a059dafcc477474fc3e4ed1eafdc2b47d6fdd0557337035d29a960,8749b33299f170c222e17d70c10790b5e7b83074c44a94ea59e0226d9a7320f2,12589889,1693262184000000000,300
TT/ts-auth-service_delay/3,TT,ts-auth-service,delay,3,300,300,stream,0.3,9,0.3006021419125458,nsigma,2,0.5,0.8,0.014492753623188406,0,1,1,70,820.4425000003539,ts-payment-service|ts-auth-service|ts-admin-travel-service|ts-auth-mongo|ts-assurance-mongo,ts-payment-service_istio-latency-99,0.8636363636363636,19,22,0.8636363636363636,0.8636363636363636,19,19,19,0.698292748917749,baseline-v2-20260723,cd270e7871bd358937d83d9a49829637fa80007d2964084ef229f578e3733bd3,ba75425861a059dafcc477474fc3e4ed1eafdc2b47d6fdd0557337035d29a960,8749b33299f170c222e17d70c10790b5e7b83074c44a94ea59e0226d9a7320f2,12589889,1693262184000000000,300
TT/ts-auth-service_delay/3,TT,ts-auth-service,delay,3,300,300,stream,0.5,0,0.4996043531987773,baro,9,0.1111111111111111,0.0,0.11594202898550725,0,0,0,70,924.0542000043206,192-168-45-158-9100|192-168-51-251-9100|ts-rebook-service|ts-preserve-other-service|ts-route-service,192-168-45-158-9100_node-memory-active-bytes,0.5,11,22,0.5,0.5,11,11,11,0.49960497835497836,baseline-v2-20260723,cd270e7871bd358937d83d9a49829637fa80007d2964084ef229f578e3733bd3,ba75425861a059dafcc477474fc3e4ed1eafdc2b47d6fdd0557337035d29a960,8749b33299f170c222e17d70c10790b5e7b83074c44a94ea59e0226d9a7320f2,12589889,1693262184000000000,300
TT/ts-auth-service_delay/3,TT,ts-auth-service,delay,3,300,300,stream,0.5,0,0.4996043531987773,median_shift,8,0.125,0.0,0.10144927536231885,0,0,0,70,212.47490000678226,ts-price-service|ts-station-mongo|192-168-51-251-9100|ts-rebook-service|ts-route-plan-service,ts-price-service_container-memory-rss,0.5,11,22,0.5,0.5,11,11,11,0.49960497835497836,baseline-v2-20260723,cd270e7871bd358937d83d9a49829637fa80007d2964084ef229f578e3733bd3,ba75425861a059dafcc477474fc3e4ed1eafdc2b47d6fdd0557337035d29a960,8749b33299f170c222e17d70c10790b5e7b83074c44a94ea59e0226d9a7320f2,12589889,1693262184000000000,300
TT/ts-auth-service_delay/3,TT,ts-auth-service,delay,3,300,300,stream,0.5,0,0.4996043531987773,nsigma,11,0.09090909090909091,0.0,0.14492753623188406,0,0,0,70,665.0098999962211,ts-admin-travel-service|ts-auth-mongo|ts-food-service|ts-assurance-mongo|ts-assurance-service,ts-admin-travel-service_container-memory-rss,0.5,11,22,0.5,0.5,11,11,11,0.49960497835497836,baseline-v2-20260723,cd270e7871bd358937d83d9a49829637fa80007d2964084ef229f578e3733bd3,ba75425861a059dafcc477474fc3e4ed1eafdc2b47d6fdd0557337035d29a960,8749b33299f170c222e17d70c10790b5e7b83074c44a94ea59e0226d9a7320f2,12589889,1693262184000000000,300
TT/ts-auth-service_delay/3,TT,ts-auth-service,delay,3,300,300,stream,0.5,1,0.49980217659938864,baro,10,0.1,0.0,0.13043478260869565,0,0,0,70,862.5370999798179,192-168-51-251-9100|ts-travel-service|ts-route-mongo|ts-station-mongo|ts-rebook-service,192-168-51-251-9100_node-memory-active-bytes,0.5454545454545454,12,22,0.5454545454545454,0.5454545454545454,12,12,12,0.4994074675324675,baseline-v2-20260723,cd270e7871bd358937d83d9a49829637fa80007d2964084ef229f578e3733bd3,ba75425861a059dafcc477474fc3e4ed1eafdc2b47d6fdd0557337035d29a960,8749b33299f170c222e17d70c10790b5e7b83074c44a94ea59e0226d9a7320f2,12589889,1693262184000000000,300
TT/ts-auth-service_delay/3,TT,ts-auth-service,delay,3,300,300,stream,0.5,1,0.49980217659938864,median_shift,11,0.09090909090909091,0.0,0.14492753623188406,0,0,0,70,210.4733000160195,ts-auth-mongo|ts-food-map-service|ts-price-service|ts-route-mongo|ts-station-mongo,ts-auth-mongo_container-memory-rss,0.5454545454545454,12,22,0.5454545454545454,0.5454545454545454,12,12,12,0.4994074675324675,baseline-v2-20260723,cd270e7871bd358937d83d9a49829637fa80007d2964084ef229f578e3733bd3,ba75425861a059dafcc477474fc3e4ed1eafdc2b47d6fdd0557337035d29a960,8749b33299f170c222e17d70c10790b5e7b83074c44a94ea59e0226d9a7320f2,12589889,1693262184000000000,300
TT/ts-auth-service_delay/3,TT,ts-auth-service,delay,3,300,300,stream,0.5,1,0.49980217659938864,nsigma,2,0.5,0.8,0.014492753623188406,0,1,1,70,628.7263000267558,ts-payment-service|ts-auth-service|ts-admin-travel-service|ts-auth-mongo|ts-assurance-mongo,ts-payment-service_istio-latency-95,0.5454545454545454,12,22,0.5454545454545454,0.5454545454545454,12,12,12,0.4994074675324675,baseline-v2-20260723,cd270e7871bd358937d83d9a49829637fa80007d2964084ef229f578e3733bd3,ba75425861a059dafcc477474fc3e4ed1eafdc2b47d6fdd0557337035d29a960,8749b33299f170c222e17d70c10790b5e7b83074c44a94ea59e0226d9a7320f2,12589889,1693262184000000000,300
TT/ts-auth-service_delay/3,TT,ts-auth-service,delay,3,300,300,stream,0.5,2,0.5003956468012227,baro,11,0.09090909090909091,0.0,0.14492753623188406,0,0,0,70,953.9095999789424,192-168-45-158-9100|192-168-51-251-9100|ts-travel-service|ts-preserve-other-service|ts-user-service,192-168-45-158-9100_node-memory-active-bytes,0.5909090909090909,13,22,0.5909090909090909,0.5909090909090909,13,13,13,0.49881493506493507,baseline-v2-20260723,cd270e7871bd358937d83d9a49829637fa80007d2964084ef229f578e3733bd3,ba75425861a059dafcc477474fc3e4ed1eafdc2b47d6fdd0557337035d29a960,8749b33299f170c222e17d70c10790b5e7b83074c44a94ea59e0226d9a7320f2,12589889,1693262184000000000,300
TT/ts-auth-service_delay/3,TT,ts-auth-service,delay,3,300,300,stream,0.5,2,0.5003956468012227,median_shift,10,0.1,0.0,0.13043478260869565,0,0,0,70,244.78070001350716,ts-auth-mongo|ts-food-map-service|ts-ticket-office-service|ts-train-mongo|ts-travel-service,ts-auth-mongo_container-memory-cache,0.5909090909090909,13,22,0.5909090909090909,0.5909090909090909,13,13,13,0.49881493506493507,baseline-v2-20260723,cd270e7871bd358937d83d9a49829637fa80007d2964084ef229f578e3733bd3,ba75425861a059dafcc477474fc3e4ed1eafdc2b47d6fdd0557337035d29a960,8749b33299f170c222e17d70c10790b5e7b83074c44a94ea59e0226d9a7320f2,12589889,1693262184000000000,300
TT/ts-auth-service_delay/3,TT,ts-auth-service,delay,3,300,300,stream,0.5,2,0.5003956468012227,nsigma,7,0.14285714285714285,0.0,0.08695652173913043,0,0,0,70,775.6189999636263,ts-payment-service|ts-auth-mongo|ts-food-service|ts-assurance-mongo|ts-food-map-mongo,ts-payment-service_istio-latency-99,0.5909090909090909,13,22,0.5909090909090909,0.5909090909090909,13,13,13,0.49881493506493507,baseline-v2-20260723,cd270e7871bd358937d83d9a49829637fa80007d2964084ef229f578e3733bd3,ba75425861a059dafcc477474fc3e4ed1eafdc2b47d6fdd0557337035d29a960,8749b33299f170c222e17d70c10790b5e7b83074c44a94ea59e0226d9a7320f2,12589889,1693262184000000000,300
TT/ts-auth-service_delay/3,TT,ts-auth-service,delay,3,300,300,stream,0.5,3,0.4996043531987773,baro,19,0.05263157894736842,0.0,0.2608695652173913,0,0,0,70,766.56749995891,192-168-51-251-9100|ts-execute-service|ts-preserve-other-service|ts-train-service|ts-route-service,192-168-51-251-9100_node-memory-active-bytes,0.5454545454545454,12,22,0.5454545454545454,0.5454545454545454,12,12,12,0.49960497835497836,baseline-v2-20260723,cd270e7871bd358937d83d9a49829637fa80007d2964084ef229f578e3733bd3,ba75425861a059dafcc477474fc3e4ed1eafdc2b47d6fdd0557337035d29a960,8749b33299f170c222e17d70c10790b5e7b83074c44a94ea59e0226d9a7320f2,12589889,1693262184000000000,300
TT/ts-auth-service_delay/3,TT,ts-auth-service,delay,3,300,300,stream,0.5,3,0.4996043531987773,median_shift,11,0.09090909090909091,0.0,0.14492753623188406,0,0,0,70,222.51880000112578,ts-config-mongo|ts-station-mongo|192-168-51-251-9100|ts-execute-service|ts-route-plan-service,ts-config-mongo_container-memory-cache,0.5454545454545454,12,22,0.5454545454545454,0.5454545454545454,12,12,12,0.49960497835497836,baseline-v2-20260723,cd270e7871bd358937d83d9a49829637fa80007d2964084ef229f578e3733bd3,ba75425861a059dafcc477474fc3e4ed1eafdc2b47d6fdd0557337035d29a960,8749b33299f170c222e17d70c10790b5e7b83074c44a94ea59e0226d9a7320f2,12589889,1693262184000000000,300
TT/ts-auth-service_delay/3,TT,ts-auth-service,delay,3,300,300,stream,0.5,3,0.4996043531987773,nsigma,8,0.125,0.0,0.10144927536231885,0,0,0,70,660.4368000407703,ts-payment-service|ts-admin-travel-service|ts-auth-mongo|ts-assurance-mongo|ts-food-service,ts-payment-service_istio-latency-99,0.5454545454545454,12,22,0.5454545454545454,0.5454545454545454,12,12,12,0.49960497835497836,baseline-v2-20260723,cd270e7871bd358937d83d9a49829637fa80007d2964084ef229f578e3733bd3,ba75425861a059dafcc477474fc3e4ed1eafdc2b47d6fdd0557337035d29a960,8749b33299f170c222e17d70c10790b5e7b83074c44a94ea59e0226d9a7320f2,12589889,1693262184000000000,300
TT/ts-auth-service_delay/3,TT,ts-auth-service,delay,3,300,300,stream,0.5,4,0.49980217659938864,baro,11,0.09090909090909091,0.0,0.14492753623188406,0,0,0,70,779.5296999975108,ts-order-mongo|192-168-51-251-9100|ts-ticket-office-mongo|ts-station-mongo|ts-execute-service,ts-order-mongo_container-memory-rss,0.6363636363636364,14,22,0.6363636363636364,0.6363636363636364,14,14,14,0.4994074675324675,baseline-v2-20260723,cd270e7871bd358937d83d9a49829637fa80007d2964084ef229f578e3733bd3,ba75425861a059dafcc477474fc3e4ed1eafdc2b47d6fdd0557337035d29a960,8749b33299f170c222e17d70c10790b5e7b83074c44a94ea59e0226d9a7320f2,12589889,1693262184000000000,300
TT/ts-auth-service_delay/3,TT,ts-auth-service,delay,3,300,300,stream,0.5,4,0.49980217659938864,median_shift,8,0.125,0.0,0.10144927536231885,0,0,0,70,196.4935000287369,ts-price-service|ts-station-mongo|ts-ticket-office-service|192-168-51-251-9100|ts-execute-service,ts-price-service_container-memory-rss,0.6363636363636364,14,22,0.6363636363636364,0.6363636363636364,14,14,14,0.4994074675324675,baseline-v2-20260723,cd270e7871bd358937d83d9a49829637fa80007d2964084ef229f578e3733bd3,ba75425861a059dafcc477474fc3e4ed1eafdc2b47d6fdd0557337035d29a960,8749b33299f170c222e17d70c10790b5e7b83074c44a94ea59e0226d9a7320f2,12589889,1693262184000000000,300
TT/ts-auth-service_delay/3,TT,ts-auth-service,delay,3,300,300,stream,0.5,4,0.49980217659938864,nsigma,2,0.5,0.8,0.014492753623188406,0,1,1,70,582.740499987267,ts-payment-service|ts-auth-service|ts-admin-travel-service|ts-food-service|ts-assurance-mongo,ts-payment-service_istio-latency-99,0.6363636363636364,14,22,0.6363636363636364,0.6363636363636364,14,14,14,0.4994074675324675,baseline-v2-20260723,cd270e7871bd358937d83d9a49829637fa80007d2964084ef229f578e3733bd3,ba75425861a059dafcc477474fc3e4ed1eafdc2b47d6fdd0557337035d29a960,8749b33299f170c222e17d70c10790b5e7b83074c44a94ea59e0226d9a7320f2,12589889,1693262184000000000,300
TT/ts-auth-service_delay/3,TT,ts-auth-service,delay,3,300,300,stream,0.5,5,0.5003956468012227,baro,12,0.08333333333333333,0.0,0.15942028985507245,0,0,0,70,802.1712999907322,192-168-45-158-9100|ts-order-mongo|ts-travel-service|ts-ticket-office-mongo|ts-route-mongo,192-168-45-158-9100_node-memory-active-bytes,0.4090909090909091,9,22,0.4090909090909091,0.4090909090909091,9,9,9,0.49881493506493507,baseline-v2-20260723,cd270e7871bd358937d83d9a49829637fa80007d2964084ef229f578e3733bd3,ba75425861a059dafcc477474fc3e4ed1eafdc2b47d6fdd0557337035d29a960,8749b33299f170c222e17d70c10790b5e7b83074c44a94ea59e0226d9a7320f2,12589889,1693262184000000000,300
TT/ts-auth-service_delay/3,TT,ts-auth-service,delay,3,300,300,stream,0.5,5,0.5003956468012227,median_shift,10,0.1,0.0,0.13043478260869565,0,0,0,70,259.9183000274934,ts-auth-mongo|ts-food-map-service|ts-route-mongo|ts-station-mongo|ts-travel-service,ts-auth-mongo_container-memory-rss,0.4090909090909091,9,22,0.4090909090909091,0.4090909090909091,9,9,9,0.49881493506493507,baseline-v2-20260723,cd270e7871bd358937d83d9a49829637fa80007d2964084ef229f578e3733bd3,ba75425861a059dafcc477474fc3e4ed1eafdc2b47d6fdd0557337035d29a960,8749b33299f170c222e17d70c10790b5e7b83074c44a94ea59e0226d9a7320f2,12589889,1693262184000000000,300
TT/ts-auth-service_delay/3,TT,ts-auth-service,delay,3,300,300,stream,0.5,5,0.5003956468012227,nsigma,2,0.5,0.8,0.014492753623188406,0,1,1,70,673.903499962762,ts-payment-service|ts-auth-service|ts-admin-travel-service|ts-auth-mongo|ts-food-service,ts-payment-service_istio-latency-95,0.4090909090909091,9,22,0.4090909090909091,0.4090909090909091,9,9,9,0.49881493506493507,baseline-v2-20260723,cd270e7871bd358937d83d9a49829637fa80007d2964084ef229f578e3733bd3,ba75425861a059dafcc477474fc3e4ed1eafdc2b47d6fdd0557337035d29a960,8749b33299f170c222e17d70c10790b5e7b83074c44a94ea59e0226d9a7320f2,12589889,1693262184000000000,300
TT/ts-auth-service_delay/3,TT,ts-auth-service,delay,3,300,300,stream,0.5,6,0.4996043531987773,baro,25,0.04,0.0,0.34782608695652173,0,0,0,70,721.4176999987103,192-168-45-158-9100|ts-order-mongo|ts-travel-service|ts-route-mongo|ts-station-mongo,192-168-45-158-9100_node-memory-active-bytes,0.36363636363636365,8,22,0.36363636363636365,0.36363636363636365,8,8,8,0.49960497835497836,baseline-v2-20260723,cd270e7871bd358937d83d9a49829637fa80007d2964084ef229f578e3733bd3,ba75425861a059dafcc477474fc3e4ed1eafdc2b47d6fdd0557337035d29a960,8749b33299f170c222e17d70c10790b5e7b83074c44a94ea59e0226d9a7320f2,12589889,1693262184000000000,300
TT/ts-auth-service_delay/3,TT,ts-auth-service,delay,3,300,300,stream,0.5,6,0.4996043531987773,median_shift,23,0.043478260869565216,0.0,0.3188405797101449,0,0,0,70,239.41660003038123,ts-auth-mongo|ts-config-mongo|ts-food-map-service|ts-route-mongo|ts-station-mongo,ts-auth-mongo_container-memory-rss,0.36363636363636365,8,22,0.36363636363636365,0.36363636363636365,8,8,8,0.49960497835497836,baseline-v2-20260723,cd270e7871bd358937d83d9a49829637fa80007d2964084ef229f578e3733bd3,ba75425861a059dafcc477474fc3e4ed1eafdc2b47d6fdd0557337035d29a960,8749b33299f170c222e17d70c10790b5e7b83074c44a94ea59e0226d9a7320f2,12589889,1693262184000000000,300
TT/ts-auth-service_delay/3,TT,ts-auth-service,delay,3,300,300,stream,0.5,6,0.4996043531987773,nsigma,7,0.14285714285714285,0.0,0.08695652173913043,0,0,0,70,657.9745999770239,ts-admin-travel-service|ts-auth-mongo|ts-food-service|ts-consign-price-service|ts-station-service,ts-admin-travel-service_container-memory-usage-bytes,0.36363636363636365,8,22,0.36363636363636365,0.36363636363636365,8,8,8,0.49960497835497836,baseline-v2-20260723,cd270e7871bd358937d83d9a49829637fa80007d2964084ef229f578e3733bd3,ba75425861a059dafcc477474fc3e4ed1eafdc2b47d6fdd0557337035d29a960,8749b33299f170c222e17d70c10790b5e7b83074c44a94ea59e0226d9a7320f2,12589889,1693262184000000000,300
TT/ts-auth-service_delay/3,TT,ts-auth-service,delay,3,300,300,stream,0.5,7,0.5001978234006114,baro,24,0.041666666666666664,0.0,0.3333333333333333,0,0,0,70,709.6391000086442,192-168-51-251-9100|ts-ticket-office-mongo|ts-route-mongo|ts-rebook-service|ts-preserve-other-service,192-168-51-251-9100_node-memory-active-bytes,0.4090909090909091,9,22,0.4090909090909091,0.4090909090909091,9,9,9,0.49901244588744587,baseline-v2-20260723,cd270e7871bd358937d83d9a49829637fa80007d2964084ef229f578e3733bd3,ba75425861a059dafcc477474fc3e4ed1eafdc2b47d6fdd0557337035d29a960,8749b33299f170c222e17d70c10790b5e7b83074c44a94ea59e0226d9a7320f2,12589889,1693262184000000000,300
TT/ts-auth-service_delay/3,TT,ts-auth-service,delay,3,300,300,stream,0.5,7,0.5001978234006114,median_shift,16,0.0625,0.0,0.21739130434782608,0,0,0,70,194.2964000045322,ts-auth-mongo|ts-config-mongo|ts-food-map-service|ts-price-service|ts-route-mongo,ts-auth-mongo_container-memory-cache,0.4090909090909091,9,22,0.4090909090909091,0.4090909090909091,9,9,9,0.49901244588744587,baseline-v2-20260723,cd270e7871bd358937d83d9a49829637fa80007d2964084ef229f578e3733bd3,ba75425861a059dafcc477474fc3e4ed1eafdc2b47d6fdd0557337035d29a960,8749b33299f170c222e17d70c10790b5e7b83074c44a94ea59e0226d9a7320f2,12589889,1693262184000000000,300
TT/ts-auth-service_delay/3,TT,ts-auth-service,delay,3,300,300,stream,0.5,7,0.5001978234006114,nsigma,9,0.1111111111111111,0.0,0.11594202898550725,0,0,0,70,751.4057999942452,ts-payment-service|ts-auth-mongo|ts-admin-travel-service|ts-food-service|ts-assurance-mongo,ts-payment-service_istio-latency-99,0.4090909090909091,9,22,0.4090909090909091,0.4090909090909091,9,9,9,0.49901244588744587,baseline-v2-20260723,cd270e7871bd358937d83d9a49829637fa80007d2964084ef229f578e3733bd3,ba75425861a059dafcc477474fc3e4ed1eafdc2b47d6fdd0557337035d29a960,8749b33299f170c222e17d70c10790b5e7b83074c44a94ea59e0226d9a7320f2,12589889,1693262184000000000,300
TT/ts-auth-service_delay/3,TT,ts-auth-service,delay,3,300,300,stream,0.5,8,0.49980217659938864,baro,44,0.022727272727272728,0.0,0.6231884057971014,0,0,0,70,626.194599957671,ts-order-mongo|192-168-51-251-9100|ts-ticket-office-mongo|ts-route-mongo|ts-station-mongo,ts-order-mongo_container-memory-rss,0.3181818181818182,7,22,0.3181818181818182,0.3181818181818182,7,7,7,0.4994074675324675,baseline-v2-20260723,cd270e7871bd358937d83d9a49829637fa80007d2964084ef229f578e3733bd3,ba75425861a059dafcc477474fc3e4ed1eafdc2b47d6fdd0557337035d29a960,8749b33299f170c222e17d70c10790b5e7b83074c44a94ea59e0226d9a7320f2,12589889,1693262184000000000,300
TT/ts-auth-service_delay/3,TT,ts-auth-service,delay,3,300,300,stream,0.5,8,0.49980217659938864,median_shift,35,0.02857142857142857,0.0,0.4927536231884058,0,0,0,70,157.4842999689281,ts-food-map-service|ts-price-service|ts-route-mongo|ts-station-mongo|ts-train-mongo,ts-food-map-service_container-memory-rss,0.3181818181818182,7,22,0.3181818181818182,0.3181818181818182,7,7,7,0.4994074675324675,baseline-v2-20260723,cd270e7871bd358937d83d9a49829637fa80007d2964084ef229f578e3733bd3,ba75425861a059dafcc477474fc3e4ed1eafdc2b47d6fdd0557337035d29a960,8749b33299f170c222e17d70c10790b5e7b83074c44a94ea59e0226d9a7320f2,12589889,1693262184000000000,300
TT/ts-auth-service_delay/3,TT,ts-auth-service,delay,3,300,300,stream,0.5,8,0.49980217659938864,nsigma,21,0.047619047619047616,0.0,0.2898550724637681,0,0,0,70,653.5261999815702,ts-payment-service|ts-admin-travel-service|ts-auth-mongo|ts-assurance-mongo|ts-consign-price-service,ts-payment-service_istio-latency-95,0.3181818181818182,7,22,0.3181818181818182,0.3181818181818182,7,7,7,0.4994074675324675,baseline-v2-20260723,cd270e7871bd358937d83d9a49829637fa80007d2964084ef229f578e3733bd3,ba75425861a059dafcc477474fc3e4ed1eafdc2b47d6fdd0557337035d29a960,8749b33299f170c222e17d70c10790b5e7b83074c44a94ea59e0226d9a7320f2,12589889,1693262184000000000,300
TT/ts-auth-service_delay/3,TT,ts-auth-service,delay,3,300,300,stream,0.5,9,0.5003956468012227,baro,14,0.07142857142857142,0.0,0.18840579710144928,0,0,0,70,746.9870000495575,192-168-45-158-9100|ts-route-mongo|ts-execute-service|ts-rebook-service|ts-preserve-other-service,192-168-45-158-9100_node-memory-active-bytes,0.36363636363636365,8,22,0.36363636363636365,0.36363636363636365,8,8,8,0.49881493506493507,baseline-v2-20260723,cd270e7871bd358937d83d9a49829637fa80007d2964084ef229f578e3733bd3,ba75425861a059dafcc477474fc3e4ed1eafdc2b47d6fdd0557337035d29a960,8749b33299f170c222e17d70c10790b5e7b83074c44a94ea59e0226d9a7320f2,12589889,1693262184000000000,300
TT/ts-auth-service_delay/3,TT,ts-auth-service,delay,3,300,300,stream,0.5,9,0.5003956468012227,median_shift,10,0.1,0.0,0.13043478260869565,0,0,0,70,216.38629998778924,ts-route-mongo|ts-station-mongo|ts-ticket-office-service|ts-execute-service|ts-rebook-service,ts-route-mongo_container-memory-rss,0.36363636363636365,8,22,0.36363636363636365,0.36363636363636365,8,8,8,0.49881493506493507,baseline-v2-20260723,cd270e7871bd358937d83d9a49829637fa80007d2964084ef229f578e3733bd3,ba75425861a059dafcc477474fc3e4ed1eafdc2b47d6fdd0557337035d29a960,8749b33299f170c222e17d70c10790b5e7b83074c44a94ea59e0226d9a7320f2,12589889,1693262184000000000,300
TT/ts-auth-service_delay/3,TT,ts-auth-service,delay,3,300,300,stream,0.5,9,0.5003956468012227,nsigma,9,0.1111111111111111,0.0,0.11594202898550725,0,0,0,70,643.4792999643832,ts-payment-service|ts-admin-travel-service|ts-assurance-mongo|ts-consign-price-service|ts-food-map-mongo,ts-payment-service_istio-latency-99,0.36363636363636365,8,22,0.36363636363636365,0.36363636363636365,8,8,8,0.49881493506493507,baseline-v2-20260723,cd270e7871bd358937d83d9a49829637fa80007d2964084ef229f578e3733bd3,ba75425861a059dafcc477474fc3e4ed1eafdc2b47d6fdd0557337035d29a960,8749b33299f170c222e17d70c10790b5e7b83074c44a94ea59e0226d9a7320f2,12589889,1693262184000000000,300
