case_id,system,root_service,fault,repetition,n_pre,n_post,mechanism,rate,replicate,realized_rate,method,rank,reciprocal_rank,avg_at_5,normalized_rank,hit_at_1,hit_at_3,hit_at_5,candidate_count,elapsed_ms,top_5,top_evidence_metric,root_observed_fraction,root_streams_available,root_streams_total,root_pre_observed_fraction,root_post_observed_fraction,root_streams_pre_available,root_streams_post_available,root_streams_scorable,observed_fraction,runner_version,code_hash,config_fingerprint,source_fingerprint,source_size,source_mtime_ns,window
OB/adservice_loss/4,OB,adservice,loss,4,300,300,burst,0.1,0,0.1,baro,1,1.0,1.0,0.0,1,1,1,13,65.50670001888648,adservice|redis|paymentservice|productcatalogservice|cartservice,adservice_mem,0.9,5,5,0.96,0.84,5,5,5,0.9,baseline-v2-20260723,cd270e7871bd358937d83d9a49829637fa80007d2964084ef229f578e3733bd3,ba75425861a059dafcc477474fc3e4ed1eafdc2b47d6fdd0557337035d29a960,3cc0fc2493ae514ac3146aaee0429373cfd8a5c7181d7d9f1f91abd1e565791b,557961,1716143232000000000,300
OB/adservice_loss/4,OB,adservice,loss,4,300,300,burst,0.1,0,0.1,median_shift,2,0.5,0.8,0.08333333333333333,0,1,1,13,20.886500016786158,paymentservice|adservice|main|redis|currencyservice,paymentservice_mem,0.9,5,5,0.96,0.84,5,5,5,0.9,baseline-v2-20260723,cd270e7871bd358937d83d9a49829637fa80007d2964084ef229f578e3733bd3,ba75425861a059dafcc477474fc3e4ed1eafdc2b47d6fdd0557337035d29a960,3cc0fc2493ae514ac3146aaee0429373cfd8a5c7181d7d9f1f91abd1e565791b,557961,1716143232000000000,300
OB/adservice_loss/4,OB,adservice,loss,4,300,300,burst,0.1,0,0.1,nsigma,1,1.0,1.0,0.0,1,1,1,13,56.239600002299994,adservice|paymentservice|main|cartservice|checkoutservice,adservice_mem,0.9,5,5,0.96,0.84,5,5,5,0.9,baseline-v2-20260723,cd270e7871bd358937d83d9a49829637fa80007d2964084ef229f578e3733bd3,ba75425861a059dafcc477474fc3e4ed1eafdc2b47d6fdd0557337035d29a960,3cc0fc2493ae514ac3146aaee0429373cfd8a5c7181d7d9f1f91abd1e565791b,557961,1716143232000000000,300
OB/adservice_loss/4,OB,adservice,loss,4,300,300,burst,0.1,1,0.1,baro,1,1.0,1.0,0.0,1,1,1,13,91.42660000361502,adservice|redis|productcatalogservice|paymentservice|cartservice,adservice_mem,0.9,5,5,0.96,0.84,5,5,5,0.9,baseline-v2-20260723,cd270e7871bd358937d83d9a49829637fa80007d2964084ef229f578e3733bd3,ba75425861a059dafcc477474fc3e4ed1eafdc2b47d6fdd0557337035d29a960,3cc0fc2493ae514ac3146aaee0429373cfd8a5c7181d7d9f1f91abd1e565791b,557961,1716143232000000000,300
OB/adservice_loss/4,OB,adservice,loss,4,300,300,burst,0.1,1,0.1,median_shift,2,0.5,0.8,0.08333333333333333,0,1,1,13,15.69030003156513,paymentservice|adservice|main|redis|checkoutservice,paymentservice_mem,0.9,5,5,0.96,0.84,5,5,5,0.9,baseline-v2-20260723,cd270e7871bd358937d83d9a49829637fa80007d2964084ef229f578e3733bd3,ba75425861a059dafcc477474fc3e4ed1eafdc2b47d6fdd0557337035d29a960,3cc0fc2493ae514ac3146aaee0429373cfd8a5c7181d7d9f1f91abd1e565791b,557961,1716143232000000000,300
OB/adservice_loss/4,OB,adservice,loss,4,300,300,burst,0.1,1,0.1,nsigma,1,1.0,1.0,0.0,1,1,1,13,64.67340001836419,adservice|paymentservice|cartservice|main|checkoutservice,adservice_mem,0.9,5,5,0.96,0.84,5,5,5,0.9,baseline-v2-20260723,cd270e7871bd358937d83d9a49829637fa80007d2964084ef229f578e3733bd3,ba75425861a059dafcc477474fc3e4ed1eafdc2b47d6fdd0557337035d29a960,3cc0fc2493ae514ac3146aaee0429373cfd8a5c7181d7d9f1f91abd1e565791b,557961,1716143232000000000,300
OB/adservice_loss/4,OB,adservice,loss,4,300,300,burst,0.1,2,0.1,baro,1,1.0,1.0,0.0,1,1,1,13,57.590599986724555,adservice|redis|paymentservice|productcatalogservice|main,adservice_mem,0.9,5,5,0.92,0.88,5,5,5,0.9,baseline-v2-20260723,cd270e7871bd358937d83d9a49829637fa80007d2964084ef229f578e3733bd3,ba75425861a059dafcc477474fc3e4ed1eafdc2b47d6fdd0557337035d29a960,3cc0fc2493ae514ac3146aaee0429373cfd8a5c7181d7d9f1f91abd1e565791b,557961,1716143232000000000,300
OB/adservice_loss/4,OB,adservice,loss,4,300,300,burst,0.1,2,0.1,median_shift,1,1.0,1.0,0.0,1,1,1,13,10.434600000735372,adservice|main|paymentservice|recommendationservice|checkoutservice,adservice_latency-90,0.9,5,5,0.92,0.88,5,5,5,0.9,baseline-v2-20260723,cd270e7871bd358937d83d9a49829637fa80007d2964084ef229f578e3733bd3,ba75425861a059dafcc477474fc3e4ed1eafdc2b47d6fdd0557337035d29a960,3cc0fc2493ae514ac3146aaee0429373cfd8a5c7181d7d9f1f91abd1e565791b,557961,1716143232000000000,300
OB/adservice_loss/4,OB,adservice,loss,4,300,300,burst,0.1,2,0.1,nsigma,1,1.0,1.0,0.0,1,1,1,13,61.32789998082444,adservice|paymentservice|main|cartservice|checkoutservice,adservice_mem,0.9,5,5,0.92,0.88,5,5,5,0.9,baseline-v2-20260723,cd270e7871bd358937d83d9a49829637fa80007d2964084ef229f578e3733bd3,ba75425861a059dafcc477474fc3e4ed1eafdc2b47d6fdd0557337035d29a960,3cc0fc2493ae514ac3146aaee0429373cfd8a5c7181d7d9f1f91abd1e565791b,557961,1716143232000000000,300
OB/adservice_loss/4,OB,adservice,loss,4,300,300,burst,0.1,3,0.1,baro,1,1.0,1.0,0.0,1,1,1,13,79.33909998973832,adservice|redis|recommendationservice|paymentservice|productcatalogservice,adservice_mem,0.9,5,5,0.8406666666666667,0.9593333333333334,5,5,5,0.9,baseline-v2-20260723,cd270e7871bd358937d83d9a49829637fa80007d2964084ef229f578e3733bd3,ba75425861a059dafcc477474fc3e4ed1eafdc2b47d6fdd0557337035d29a960,3cc0fc2493ae514ac3146aaee0429373cfd8a5c7181d7d9f1f91abd1e565791b,557961,1716143232000000000,300
OB/adservice_loss/4,OB,adservice,loss,4,300,300,burst,0.1,3,0.1,median_shift,1,1.0,1.0,0.0,1,1,1,13,15.827800030820072,adservice|main|paymentservice|recommendationservice|currencyservice,adservice_latency-90,0.9,5,5,0.8406666666666667,0.9593333333333334,5,5,5,0.9,baseline-v2-20260723,cd270e7871bd358937d83d9a49829637fa80007d2964084ef229f578e3733bd3,ba75425861a059dafcc477474fc3e4ed1eafdc2b47d6fdd0557337035d29a960,3cc0fc2493ae514ac3146aaee0429373cfd8a5c7181d7d9f1f91abd1e565791b,557961,1716143232000000000,300
OB/adservice_loss/4,OB,adservice,loss,4,300,300,burst,0.1,3,0.1,nsigma,1,1.0,1.0,0.0,1,1,1,13,67.25759996334091,adservice|paymentservice|main|productcatalogservice|checkoutservice,adservice_mem,0.9,5,5,0.8406666666666667,0.9593333333333334,5,5,5,0.9,baseline-v2-20260723,cd270e7871bd358937d83d9a49829637fa80007d2964084ef229f578e3733bd3,ba75425861a059dafcc477474fc3e4ed1eafdc2b47d6fdd0557337035d29a960,3cc0fc2493ae514ac3146aaee0429373cfd8a5c7181d7d9f1f91abd1e565791b,557961,1716143232000000000,300
OB/adservice_loss/4,OB,adservice,loss,4,300,300,burst,0.1,4,0.1,baro,1,1.0,1.0,0.0,1,1,1,13,105.58710002806038,adservice|redis|paymentservice|productcatalogservice|main,adservice_mem,0.9,5,5,0.8566666666666667,0.9433333333333334,5,5,5,0.9,baseline-v2-20260723,cd270e7871bd358937d83d9a49829637fa80007d2964084ef229f578e3733bd3,ba75425861a059dafcc477474fc3e4ed1eafdc2b47d6fdd0557337035d29a960,3cc0fc2493ae514ac3146aaee0429373cfd8a5c7181d7d9f1f91abd1e565791b,557961,1716143232000000000,300
OB/adservice_loss/4,OB,adservice,loss,4,300,300,burst,0.1,4,0.1,median_shift,1,1.0,1.0,0.0,1,1,1,13,11.286200024187565,adservice|main|paymentservice|redis|productcatalogservice,adservice_latency-90,0.9,5,5,0.8566666666666667,0.9433333333333334,5,5,5,0.9,baseline-v2-20260723,cd270e7871bd358937d83d9a49829637fa80007d2964084ef229f578e3733bd3,ba75425861a059dafcc477474fc3e4ed1eafdc2b47d6fdd0557337035d29a960,3cc0fc2493ae514ac3146aaee0429373cfd8a5c7181d7d9f1f91abd1e565791b,557961,1716143232000000000,300
OB/adservice_loss/4,OB,adservice,loss,4,300,300,burst,0.1,4,0.1,nsigma,1,1.0,1.0,0.0,1,1,1,13,81.50239998940378,adservice|main|cartservice|checkoutservice|emailservice,adservice_mem,0.9,5,5,0.8566666666666667,0.9433333333333334,5,5,5,0.9,baseline-v2-20260723,cd270e7871bd358937d83d9a49829637fa80007d2964084ef229f578e3733bd3,ba75425861a059dafcc477474fc3e4ed1eafdc2b47d6fdd0557337035d29a960,3cc0fc2493ae514ac3146aaee0429373cfd8a5c7181d7d9f1f91abd1e565791b,557961,1716143232000000000,300
OB/adservice_loss/4,OB,adservice,loss,4,300,300,burst,0.1,5,0.1,baro,1,1.0,1.0,0.0,1,1,1,13,91.32040000986308,adservice|redis|recommendationservice|paymentservice|cartservice,adservice_mem,0.9,5,5,0.92,0.88,5,5,5,0.9,baseline-v2-20260723,cd270e7871bd358937d83d9a49829637fa80007d2964084ef229f578e3733bd3,ba75425861a059dafcc477474fc3e4ed1eafdc2b47d6fdd0557337035d29a960,3cc0fc2493ae514ac3146aaee0429373cfd8a5c7181d7d9f1f91abd1e565791b,557961,1716143232000000000,300
OB/adservice_loss/4,OB,adservice,loss,4,300,300,burst,0.1,5,0.1,median_shift,1,1.0,1.0,0.0,1,1,1,13,13.093899993691593,adservice|redis|main|paymentservice|productcatalogservice,adservice_latency-90,0.9,5,5,0.92,0.88,5,5,5,0.9,baseline-v2-20260723,cd270e7871bd358937d83d9a49829637fa80007d2964084ef229f578e3733bd3,ba75425861a059dafcc477474fc3e4ed1eafdc2b47d6fdd0557337035d29a960,3cc0fc2493ae514ac3146aaee0429373cfd8a5c7181d7d9f1f91abd1e565791b,557961,1716143232000000000,300
OB/adservice_loss/4,OB,adservice,loss,4,300,300,burst,0.1,5,0.1,nsigma,1,1.0,1.0,0.0,1,1,1,13,61.642900051083416,adservice|paymentservice|main|cartservice|productcatalogservice,adservice_mem,0.9,5,5,0.92,0.88,5,5,5,0.9,baseline-v2-20260723,cd270e7871bd358937d83d9a49829637fa80007d2964084ef229f578e3733bd3,ba75425861a059dafcc477474fc3e4ed1eafdc2b47d6fdd0557337035d29a960,3cc0fc2493ae514ac3146aaee0429373cfd8a5c7181d7d9f1f91abd1e565791b,557961,1716143232000000000,300
OB/adservice_loss/4,OB,adservice,loss,4,300,300,burst,0.1,6,0.1,baro,3,0.3333333333333333,0.6,0.16666666666666666,0,1,1,13,71.37810002313927,redis|paymentservice|adservice|productcatalogservice|main,redis_mem,0.9,5,5,0.9393333333333334,0.8606666666666667,5,5,5,0.9,baseline-v2-20260723,cd270e7871bd358937d83d9a49829637fa80007d2964084ef229f578e3733bd3,ba75425861a059dafcc477474fc3e4ed1eafdc2b47d6fdd0557337035d29a960,3cc0fc2493ae514ac3146aaee0429373cfd8a5c7181d7d9f1f91abd1e565791b,557961,1716143232000000000,300
OB/adservice_loss/4,OB,adservice,loss,4,300,300,burst,0.1,6,0.1,median_shift,1,1.0,1.0,0.0,1,1,1,13,11.616500036325306,adservice|main|redis|paymentservice|checkoutservice,adservice_latency-90,0.9,5,5,0.9393333333333334,0.8606666666666667,5,5,5,0.9,baseline-v2-20260723,cd270e7871bd358937d83d9a49829637fa80007d2964084ef229f578e3733bd3,ba75425861a059dafcc477474fc3e4ed1eafdc2b47d6fdd0557337035d29a960,3cc0fc2493ae514ac3146aaee0429373cfd8a5c7181d7d9f1f91abd1e565791b,557961,1716143232000000000,300
OB/adservice_loss/4,OB,adservice,loss,4,300,300,burst,0.1,6,0.1,nsigma,1,1.0,1.0,0.0,1,1,1,13,70.2881999895908,adservice|paymentservice|main|cartservice|productcatalogservice,adservice_cpu,0.9,5,5,0.9393333333333334,0.8606666666666667,5,5,5,0.9,baseline-v2-20260723,cd270e7871bd358937d83d9a49829637fa80007d2964084ef229f578e3733bd3,ba75425861a059dafcc477474fc3e4ed1eafdc2b47d6fdd0557337035d29a960,3cc0fc2493ae514ac3146aaee0429373cfd8a5c7181d7d9f1f91abd1e565791b,557961,1716143232000000000,300
OB/adservice_loss/4,OB,adservice,loss,4,300,300,burst,0.1,7,0.1,baro,1,1.0,1.0,0.0,1,1,1,13,91.87409997684881,adservice|redis|paymentservice|productcatalogservice|cartservice,adservice_mem,0.9,5,5,0.96,0.84,5,5,5,0.9,baseline-v2-20260723,cd270e7871bd358937d83d9a49829637fa80007d2964084ef229f578e3733bd3,ba75425861a059dafcc477474fc3e4ed1eafdc2b47d6fdd0557337035d29a960,3cc0fc2493ae514ac3146aaee0429373cfd8a5c7181d7d9f1f91abd1e565791b,557961,1716143232000000000,300
OB/adservice_loss/4,OB,adservice,loss,4,300,300,burst,0.1,7,0.1,median_shift,1,1.0,1.0,0.0,1,1,1,13,16.1153000080958,adservice|main|paymentservice|productcatalogservice|currencyservice,adservice_latency-90,0.9,5,5,0.96,0.84,5,5,5,0.9,baseline-v2-20260723,cd270e7871bd358937d83d9a49829637fa80007d2964084ef229f578e3733bd3,ba75425861a059dafcc477474fc3e4ed1eafdc2b47d6fdd0557337035d29a960,3cc0fc2493ae514ac3146aaee0429373cfd8a5c7181d7d9f1f91abd1e565791b,557961,1716143232000000000,300
OB/adservice_loss/4,OB,adservice,loss,4,300,300,burst,0.1,7,0.1,nsigma,1,1.0,1.0,0.0,1,1,1,13,59.39710000529885,adservice|paymentservice|cartservice|main|emailservice,adservice_mem,0.9,5,5,0.96,0.84,5,5,5,0.9,baseline-v2-20260723,cd270e7871bd358937d83d9a49829637fa80007d2964084ef229f578e3733bd3,ba75425861a059dafcc477474fc3e4ed1eafdc2b47d6fdd0557337035d29a960,3cc0fc2493ae514ac3146aaee0429373cfd8a5c7181d7d9f1f91abd1e565791b,557961,1716143232000000000,300
OB/adservice_loss/4,OB,adservice,loss,4,300,300,burst,0.1,8,0.1,baro,1,1.0,1.0,0.0,1,1,1,13,95.84870003163815,adservice|redis|productcatalogservice|paymentservice|main,adservice_mem,0.9,5,5,0.96,0.84,5,5,5,0.9,baseline-v2-20260723,cd270e7871bd358937d83d9a49829637fa80007d2964084ef229f578e3733bd3,ba75425861a059dafcc477474fc3e4ed1eafdc2b47d6fdd0557337035d29a960,3cc0fc2493ae514ac3146aaee0429373cfd8a5c7181d7d9f1f91abd1e565791b,557961,1716143232000000000,300
OB/adservice_loss/4,OB,adservice,loss,4,300,300,burst,0.1,8,0.1,median_shift,1,1.0,1.0,0.0,1,1,1,13,20.273800007998943,adservice|main|checkoutservice|paymentservice|productcatalogservice,adservice_latency-90,0.9,5,5,0.96,0.84,5,5,5,0.9,baseline-v2-20260723,cd270e7871bd358937d83d9a49829637fa80007d2964084ef229f578e3733bd3,ba75425861a059dafcc477474fc3e4ed1eafdc2b47d6fdd0557337035d29a960,3cc0fc2493ae514ac3146aaee0429373cfd8a5c7181d7d9f1f91abd1e565791b,557961,1716143232000000000,300
OB/adservice_loss/4,OB,adservice,loss,4,300,300,burst,0.1,8,0.1,nsigma,1,1.0,1.0,0.0,1,1,1,13,75.73380001122132,adservice|paymentservice|main|productcatalogservice|checkoutservice,adservice_mem,0.9,5,5,0.96,0.84,5,5,5,0.9,baseline-v2-20260723,cd270e7871bd358937d83d9a49829637fa80007d2964084ef229f578e3733bd3,ba75425861a059dafcc477474fc3e4ed1eafdc2b47d6fdd0557337035d29a960,3cc0fc2493ae514ac3146aaee0429373cfd8a5c7181d7d9f1f91abd1e565791b,557961,1716143232000000000,300
OB/adservice_loss/4,OB,adservice,loss,4,300,300,burst,0.1,9,0.1,baro,1,1.0,1.0,0.0,1,1,1,13,69.36550000682473,adservice|redis|paymentservice|productcatalogservice|checkoutservice,adservice_mem,0.9,5,5,0.88,0.92,5,5,5,0.9,baseline-v2-20260723,cd270e7871bd358937d83d9a49829637fa80007d2964084ef229f578e3733bd3,ba75425861a059dafcc477474fc3e4ed1eafdc2b47d6fdd0557337035d29a960,3cc0fc2493ae514ac3146aaee0429373cfd8a5c7181d7d9f1f91abd1e565791b,557961,1716143232000000000,300
OB/adservice_loss/4,OB,adservice,loss,4,300,300,burst,0.1,9,0.1,median_shift,1,1.0,1.0,0.0,1,1,1,13,10.7904999749735,adservice|main|checkoutservice|paymentservice|currencyservice,adservice_latency-90,0.9,5,5,0.88,0.92,5,5,5,0.9,baseline-v2-20260723,cd270e7871bd358937d83d9a49829637fa80007d2964084ef229f578e3733bd3,ba75425861a059dafcc477474fc3e4ed1eafdc2b47d6fdd0557337035d29a960,3cc0fc2493ae514ac3146aaee0429373cfd8a5c7181d7d9f1f91abd1e565791b,557961,1716143232000000000,300
OB/adservice_loss/4,OB,adservice,loss,4,300,300,burst,0.1,9,0.1,nsigma,1,1.0,1.0,0.0,1,1,1,13,62.38999997731298,adservice|paymentservice|checkoutservice|cartservice|main,adservice_mem,0.9,5,5,0.88,0.92,5,5,5,0.9,baseline-v2-20260723,cd270e7871bd358937d83d9a49829637fa80007d2964084ef229f578e3733bd3,ba75425861a059dafcc477474fc3e4ed1eafdc2b47d6fdd0557337035d29a960,3cc0fc2493ae514ac3146aaee0429373cfd8a5c7181d7d9f1f91abd1e565791b,557961,1716143232000000000,300
OB/adservice_loss/4,OB,adservice,loss,4,300,300,burst,0.3,0,0.3,baro,1,1.0,1.0,0.0,1,1,1,13,88.69309996953234,adservice|frontend|redis|checkoutservice|paymentservice,adservice_cpu,0.7,5,5,0.52,0.88,5,5,5,0.7,baseline-v2-20260723,cd270e7871bd358937d83d9a49829637fa80007d2964084ef229f578e3733bd3,ba75425861a059dafcc477474fc3e4ed1eafdc2b47d6fdd0557337035d29a960,3cc0fc2493ae514ac3146aaee0429373cfd8a5c7181d7d9f1f91abd1e565791b,557961,1716143232000000000,300
OB/adservice_loss/4,OB,adservice,loss,4,300,300,burst,0.3,0,0.3,median_shift,2,0.5,0.8,0.08333333333333333,0,1,1,13,14.219800010323524,paymentservice|adservice|cartservice|recommendationservice|main,paymentservice_mem,0.7,5,5,0.52,0.88,5,5,5,0.7,baseline-v2-20260723,cd270e7871bd358937d83d9a49829637fa80007d2964084ef229f578e3733bd3,ba75425861a059dafcc477474fc3e4ed1eafdc2b47d6fdd0557337035d29a960,3cc0fc2493ae514ac3146aaee0429373cfd8a5c7181d7d9f1f91abd1e565791b,557961,1716143232000000000,300
OB/adservice_loss/4,OB,adservice,loss,4,300,300,burst,0.3,0,0.3,nsigma,1,1.0,1.0,0.0,1,1,1,13,67.458399978932,adservice|paymentservice|checkoutservice|main|cartservice,adservice_mem,0.7,5,5,0.52,0.88,5,5,5,0.7,baseline-v2-20260723,cd270e7871bd358937d83d9a49829637fa80007d2964084ef229f578e3733bd3,ba75425861a059dafcc477474fc3e4ed1eafdc2b47d6fdd0557337035d29a960,3cc0fc2493ae514ac3146aaee0429373cfd8a5c7181d7d9f1f91abd1e565791b,557961,1716143232000000000,300
OB/adservice_loss/4,OB,adservice,loss,4,300,300,burst,0.3,1,0.3,baro,6,0.16666666666666666,0.0,0.4166666666666667,0,0,0,13,83.27339997049421,productcatalogservice|cartservice|redis|recommendationservice|paymentservice,productcatalogservice_latency-90,0.7,5,5,0.8646666666666667,0.5353333333333333,5,5,5,0.7,baseline-v2-20260723,cd270e7871bd358937d83d9a49829637fa80007d2964084ef229f578e3733bd3,ba75425861a059dafcc477474fc3e4ed1eafdc2b47d6fdd0557337035d29a960,3cc0fc2493ae514ac3146aaee0429373cfd8a5c7181d7d9f1f91abd1e565791b,557961,1716143232000000000,300
OB/adservice_loss/4,OB,adservice,loss,4,300,300,burst,0.3,1,0.3,median_shift,1,1.0,1.0,0.0,1,1,1,13,13.99369997670874,adservice|currencyservice|checkoutservice|main|productcatalogservice,adservice_latency-90,0.7,5,5,0.8646666666666667,0.5353333333333333,5,5,5,0.7,baseline-v2-20260723,cd270e7871bd358937d83d9a49829637fa80007d2964084ef229f578e3733bd3,ba75425861a059dafcc477474fc3e4ed1eafdc2b47d6fdd0557337035d29a960,3cc0fc2493ae514ac3146aaee0429373cfd8a5c7181d7d9f1f91abd1e565791b,557961,1716143232000000000,300
OB/adservice_loss/4,OB,adservice,loss,4,300,300,burst,0.3,1,0.3,nsigma,1,1.0,1.0,0.0,1,1,1,13,72.90069997543469,adservice|paymentservice|cartservice|checkoutservice|main,adservice_mem,0.7,5,5,0.8646666666666667,0.5353333333333333,5,5,5,0.7,baseline-v2-20260723,cd270e7871bd358937d83d9a49829637fa80007d2964084ef229f578e3733bd3,ba75425861a059dafcc477474fc3e4ed1eafdc2b47d6fdd0557337035d29a960,3cc0fc2493ae514ac3146aaee0429373cfd8a5c7181d7d9f1f91abd1e565791b,557961,1716143232000000000,300
OB/adservice_loss/4,OB,adservice,loss,4,300,300,burst,0.3,2,0.3,baro,4,0.25,0.4,0.25,0,0,1,13,75.05629997467622,productcatalogservice|redis|cartservice|adservice|frontend,productcatalogservice_workload,0.7,5,5,0.5913333333333334,0.8086666666666666,5,5,5,0.7,baseline-v2-20260723,cd270e7871bd358937d83d9a49829637fa80007d2964084ef229f578e3733bd3,ba75425861a059dafcc477474fc3e4ed1eafdc2b47d6fdd0557337035d29a960,3cc0fc2493ae514ac3146aaee0429373cfd8a5c7181d7d9f1f91abd1e565791b,557961,1716143232000000000,300
OB/adservice_loss/4,OB,adservice,loss,4,300,300,burst,0.3,2,0.3,median_shift,1,1.0,1.0,0.0,1,1,1,13,17.189100035466254,adservice|paymentservice|main|checkoutservice|productcatalogservice,adservice_latency-90,0.7,5,5,0.5913333333333334,0.8086666666666666,5,5,5,0.7,baseline-v2-20260723,cd270e7871bd358937d83d9a49829637fa80007d2964084ef229f578e3733bd3,ba75425861a059dafcc477474fc3e4ed1eafdc2b47d6fdd0557337035d29a960,3cc0fc2493ae514ac3146aaee0429373cfd8a5c7181d7d9f1f91abd1e565791b,557961,1716143232000000000,300
OB/adservice_loss/4,OB,adservice,loss,4,300,300,burst,0.3,2,0.3,nsigma,1,1.0,1.0,0.0,1,1,1,13,54.00989996269345,adservice|paymentservice|cartservice|productcatalogservice|main,adservice_latency-90,0.7,5,5,0.5913333333333334,0.8086666666666666,5,5,5,0.7,baseline-v2-20260723,cd270e7871bd358937d83d9a49829637fa80007d2964084ef229f578e3733bd3,ba75425861a059dafcc477474fc3e4ed1eafdc2b47d6fdd0557337035d29a960,3cc0fc2493ae514ac3146aaee0429373cfd8a5c7181d7d9f1f91abd1e565791b,557961,1716143232000000000,300
OB/adservice_loss/4,OB,adservice,loss,4,300,300,burst,0.3,3,0.3,baro,9,0.1111111111111111,0.0,0.6666666666666666,0,0,0,13,61.159800039604306,productcatalogservice|recommendationservice|frontend|redis|checkoutservice,productcatalogservice_workload,0.7,5,5,0.7353333333333333,0.6646666666666666,5,5,5,0.7,baseline-v2-20260723,cd270e7871bd358937d83d9a49829637fa80007d2964084ef229f578e3733bd3,ba75425861a059dafcc477474fc3e4ed1eafdc2b47d6fdd0557337035d29a960,3cc0fc2493ae514ac3146aaee0429373cfd8a5c7181d7d9f1f91abd1e565791b,557961,1716143232000000000,300
OB/adservice_loss/4,OB,adservice,loss,4,300,300,burst,0.3,3,0.3,median_shift,2,0.5,0.8,0.08333333333333333,0,1,1,13,13.651999994181097,paymentservice|adservice|main|checkoutservice|productcatalogservice,paymentservice_mem,0.7,5,5,0.7353333333333333,0.6646666666666666,5,5,5,0.7,baseline-v2-20260723,cd270e7871bd358937d83d9a49829637fa80007d2964084ef229f578e3733bd3,ba75425861a059dafcc477474fc3e4ed1eafdc2b47d6fdd0557337035d29a960,3cc0fc2493ae514ac3146aaee0429373cfd8a5c7181d7d9f1f91abd1e565791b,557961,1716143232000000000,300
OB/adservice_loss/4,OB,adservice,loss,4,300,300,burst,0.3,3,0.3,nsigma,1,1.0,1.0,0.0,1,1,1,13,50.7715999847278,adservice|paymentservice|productcatalogservice|checkoutservice|main,adservice_cpu,0.7,5,5,0.7353333333333333,0.6646666666666666,5,5,5,0.7,baseline-v2-20260723,cd270e7871bd358937d83d9a49829637fa80007d2964084ef229f578e3733bd3,ba75425861a059dafcc477474fc3e4ed1eafdc2b47d6fdd0557337035d29a960,3cc0fc2493ae514ac3146aaee0429373cfd8a5c7181d7d9f1f91abd1e565791b,557961,1716143232000000000,300
OB/adservice_loss/4,OB,adservice,loss,4,300,300,burst,0.3,4,0.3,baro,5,0.2,0.2,0.3333333333333333,0,0,1,13,77.6280999998562,cartservice|currencyservice|frontend-external|paymentservice|adservice,cartservice_workload,0.7,5,5,0.88,0.52,5,5,5,0.7,baseline-v2-20260723,cd270e7871bd358937d83d9a49829637fa80007d2964084ef229f578e3733bd3,ba75425861a059dafcc477474fc3e4ed1eafdc2b47d6fdd0557337035d29a960,3cc0fc2493ae514ac3146aaee0429373cfd8a5c7181d7d9f1f91abd1e565791b,557961,1716143232000000000,300
OB/adservice_loss/4,OB,adservice,loss,4,300,300,burst,0.3,4,0.3,median_shift,2,0.5,0.8,0.08333333333333333,0,1,1,13,10.5607999721542,paymentservice|adservice|checkoutservice|recommendationservice|frontend,paymentservice_mem,0.7,5,5,0.88,0.52,5,5,5,0.7,baseline-v2-20260723,cd270e7871bd358937d83d9a49829637fa80007d2964084ef229f578e3733bd3,ba75425861a059dafcc477474fc3e4ed1eafdc2b47d6fdd0557337035d29a960,3cc0fc2493ae514ac3146aaee0429373cfd8a5c7181d7d9f1f91abd1e565791b,557961,1716143232000000000,300
OB/adservice_loss/4,OB,adservice,loss,4,300,300,burst,0.3,4,0.3,nsigma,1,1.0,1.0,0.0,1,1,1,13,68.04109999211505,adservice|paymentservice|cartservice|productcatalogservice|emailservice,adservice_mem,0.7,5,5,0.88,0.52,5,5,5,0.7,baseline-v2-20260723,cd270e7871bd358937d83d9a49829637fa80007d2964084ef229f578e3733bd3,ba75425861a059dafcc477474fc3e4ed1eafdc2b47d6fdd0557337035d29a960,3cc0fc2493ae514ac3146aaee0429373cfd8a5c7181d7d9f1f91abd1e565791b,557961,1716143232000000000,300
OB/adservice_loss/4,OB,adservice,loss,4,300,300,burst,0.3,5,0.3,baro,6,0.16666666666666666,0.0,0.4166666666666667,0,0,0,13,89.98119999887422,productcatalogservice|frontend|redis|checkoutservice|shippingservice,productcatalogservice_latency-90,0.7,5,5,0.6873333333333334,0.7126666666666667,5,5,5,0.7,baseline-v2-20260723,cd270e7871bd358937d83d9a49829637fa80007d2964084ef229f578e3733bd3,ba75425861a059dafcc477474fc3e4ed1eafdc2b47d6fdd0557337035d29a960,3cc0fc2493ae514ac3146aaee0429373cfd8a5c7181d7d9f1f91abd1e565791b,557961,1716143232000000000,300
OB/adservice_loss/4,OB,adservice,loss,4,300,300,burst,0.3,5,0.3,median_shift,2,0.5,0.8,0.08333333333333333,0,1,1,13,24.096400011330843,main|adservice|redis|recommendationservice|checkoutservice,main_mem,0.7,5,5,0.6873333333333334,0.7126666666666667,5,5,5,0.7,baseline-v2-20260723,cd270e7871bd358937d83d9a49829637fa80007d2964084ef229f578e3733bd3,ba75425861a059dafcc477474fc3e4ed1eafdc2b47d6fdd0557337035d29a960,3cc0fc2493ae514ac3146aaee0429373cfd8a5c7181d7d9f1f91abd1e565791b,557961,1716143232000000000,300
OB/adservice_loss/4,OB,adservice,loss,4,300,300,burst,0.3,5,0.3,nsigma,1,1.0,1.0,0.0,1,1,1,13,64.75070002488792,adservice|main|paymentservice|checkoutservice|frontend,adservice_cpu,0.7,5,5,0.6873333333333334,0.7126666666666667,5,5,5,0.7,baseline-v2-20260723,cd270e7871bd358937d83d9a49829637fa80007d2964084ef229f578e3733bd3,ba75425861a059dafcc477474fc3e4ed1eafdc2b47d6fdd0557337035d29a960,3cc0fc2493ae514ac3146aaee0429373cfd8a5c7181d7d9f1f91abd1e565791b,557961,1716143232000000000,300
OB/adservice_loss/4,OB,adservice,loss,4,300,300,burst,0.3,6,0.3,baro,6,0.16666666666666666,0.0,0.4166666666666667,0,0,0,13,79.48339998256415,recommendationservice|redis|productcatalogservice|checkoutservice|paymentservice,recommendationservice_latency-90,0.7,5,5,0.7433333333333333,0.6566666666666666,5,5,5,0.7,baseline-v2-20260723,cd270e7871bd358937d83d9a49829637fa80007d2964084ef229f578e3733bd3,ba75425861a059dafcc477474fc3e4ed1eafdc2b47d6fdd0557337035d29a960,3cc0fc2493ae514ac3146aaee0429373cfd8a5c7181d7d9f1f91abd1e565791b,557961,1716143232000000000,300
OB/adservice_loss/4,OB,adservice,loss,4,300,300,burst,0.3,6,0.3,median_shift,2,0.5,0.8,0.08333333333333333,0,1,1,13,22.12199999485165,paymentservice|adservice|main|redis|currencyservice,paymentservice_mem,0.7,5,5,0.7433333333333333,0.6566666666666666,5,5,5,0.7,baseline-v2-20260723,cd270e7871bd358937d83d9a49829637fa80007d2964084ef229f578e3733bd3,ba75425861a059dafcc477474fc3e4ed1eafdc2b47d6fdd0557337035d29a960,3cc0fc2493ae514ac3146aaee0429373cfd8a5c7181d7d9f1f91abd1e565791b,557961,1716143232000000000,300
OB/adservice_loss/4,OB,adservice,loss,4,300,300,burst,0.3,6,0.3,nsigma,1,1.0,1.0,0.0,1,1,1,13,75.82060003187507,adservice|paymentservice|checkoutservice|main|emailservice,adservice_mem,0.7,5,5,0.7433333333333333,0.6566666666666666,5,5,5,0.7,baseline-v2-20260723,cd270e7871bd358937d83d9a49829637fa80007d2964084ef229f578e3733bd3,ba75425861a059dafcc477474fc3e4ed1eafdc2b47d6fdd0557337035d29a960,3cc0fc2493ae514ac3146aaee0429373cfd8a5c7181d7d9f1f91abd1e565791b,557961,1716143232000000000,300
OB/adservice_loss/4,OB,adservice,loss,4,300,300,burst,0.3,7,0.3,baro,1,1.0,1.0,0.0,1,1,1,13,90.94750002259389,adservice|productcatalogservice|frontend|redis|checkoutservice,adservice_mem,0.7,5,5,0.582,0.818,5,5,5,0.7,baseline-v2-20260723,cd270e7871bd358937d83d9a49829637fa80007d2964084ef229f578e3733bd3,ba75425861a059dafcc477474fc3e4ed1eafdc2b47d6fdd0557337035d29a960,3cc0fc2493ae514ac3146aaee0429373cfd8a5c7181d7d9f1f91abd1e565791b,557961,1716143232000000000,300
OB/adservice_loss/4,OB,adservice,loss,4,300,300,burst,0.3,7,0.3,median_shift,2,0.5,0.8,0.08333333333333333,0,1,1,13,19.15409998036921,paymentservice|adservice|main|checkoutservice|redis,paymentservice_mem,0.7,5,5,0.582,0.818,5,5,5,0.7,baseline-v2-20260723,cd270e7871bd358937d83d9a49829637fa80007d2964084ef229f578e3733bd3,ba75425861a059dafcc477474fc3e4ed1eafdc2b47d6fdd0557337035d29a960,3cc0fc2493ae514ac3146aaee0429373cfd8a5c7181d7d9f1f91abd1e565791b,557961,1716143232000000000,300
OB/adservice_loss/4,OB,adservice,loss,4,300,300,burst,0.3,7,0.3,nsigma,1,1.0,1.0,0.0,1,1,1,13,92.04489999683574,adservice|productcatalogservice|frontend|checkoutservice|main,adservice_mem,0.7,5,5,0.582,0.818,5,5,5,0.7,baseline-v2-20260723,cd270e7871bd358937d83d9a49829637fa80007d2964084ef229f578e3733bd3,ba75425861a059dafcc477474fc3e4ed1eafdc2b47d6fdd0557337035d29a960,3cc0fc2493ae514ac3146aaee0429373cfd8a5c7181d7d9f1f91abd1e565791b,557961,1716143232000000000,300
OB/adservice_loss/4,OB,adservice,loss,4,300,300,burst,0.3,8,0.3,baro,1,1.0,1.0,0.0,1,1,1,13,89.4430999760516,adservice|cartservice|checkoutservice|redis|paymentservice,adservice_latency-90,0.7,5,5,0.4706666666666667,0.9293333333333333,5,5,5,0.7,baseline-v2-20260723,cd270e7871bd358937d83d9a49829637fa80007d2964084ef229f578e3733bd3,ba75425861a059dafcc477474fc3e4ed1eafdc2b47d6fdd0557337035d29a960,3cc0fc2493ae514ac3146aaee0429373cfd8a5c7181d7d9f1f91abd1e565791b,557961,1716143232000000000,300
OB/adservice_loss/4,OB,adservice,loss,4,300,300,burst,0.3,8,0.3,median_shift,1,1.0,1.0,0.0,1,1,1,13,22.773100004997104,adservice|main|paymentservice|checkoutservice|redis,adservice_latency-90,0.7,5,5,0.4706666666666667,0.9293333333333333,5,5,5,0.7,baseline-v2-20260723,cd270e7871bd358937d83d9a49829637fa80007d2964084ef229f578e3733bd3,ba75425861a059dafcc477474fc3e4ed1eafdc2b47d6fdd0557337035d29a960,3cc0fc2493ae514ac3146aaee0429373cfd8a5c7181d7d9f1f91abd1e565791b,557961,1716143232000000000,300
OB/adservice_loss/4,OB,adservice,loss,4,300,300,burst,0.3,8,0.3,nsigma,1,1.0,1.0,0.0,1,1,1,13,69.08950000070035,adservice|main|paymentservice|checkoutservice|emailservice,adservice_mem,0.7,5,5,0.4706666666666667,0.9293333333333333,5,5,5,0.7,baseline-v2-20260723,cd270e7871bd358937d83d9a49829637fa80007d2964084ef229f578e3733bd3,ba75425861a059dafcc477474fc3e4ed1eafdc2b47d6fdd0557337035d29a960,3cc0fc2493ae514ac3146aaee0429373cfd8a5c7181d7d9f1f91abd1e565791b,557961,1716143232000000000,300
OB/adservice_loss/4,OB,adservice,loss,4,300,300,burst,0.3,9,0.3,baro,5,0.2,0.2,0.3333333333333333,0,0,1,13,73.87000002199784,productcatalogservice|paymentservice|frontend|recommendationservice|adservice,productcatalogservice_workload,0.7,5,5,0.7426666666666667,0.6573333333333333,5,5,5,0.7,baseline-v2-20260723,cd270e7871bd358937d83d9a49829637fa80007d2964084ef229f578e3733bd3,ba75425861a059dafcc477474fc3e4ed1eafdc2b47d6fdd0557337035d29a960,3cc0fc2493ae514ac3146aaee0429373cfd8a5c7181d7d9f1f91abd1e565791b,557961,1716143232000000000,300
OB/adservice_loss/4,OB,adservice,loss,4,300,300,burst,0.3,9,0.3,median_shift,3,0.3333333333333333,0.6,0.16666666666666666,0,1,1,13,14.45149997016415,paymentservice|main|adservice|checkoutservice|redis,paymentservice_mem,0.7,5,5,0.7426666666666667,0.6573333333333333,5,5,5,0.7,baseline-v2-20260723,cd270e7871bd358937d83d9a49829637fa80007d2964084ef229f578e3733bd3,ba75425861a059dafcc477474fc3e4ed1eafdc2b47d6fdd0557337035d29a960,3cc0fc2493ae514ac3146aaee0429373cfd8a5c7181d7d9f1f91abd1e565791b,557961,1716143232000000000,300
OB/adservice_loss/4,OB,adservice,loss,4,300,300,burst,0.3,9,0.3,nsigma,1,1.0,1.0,0.0,1,1,1,13,53.427500010002404,adservice|main|checkoutservice|cartservice|paymentservice,adservice_mem,0.7,5,5,0.7426666666666667,0.6573333333333333,5,5,5,0.7,baseline-v2-20260723,cd270e7871bd358937d83d9a49829637fa80007d2964084ef229f578e3733bd3,ba75425861a059dafcc477474fc3e4ed1eafdc2b47d6fdd0557337035d29a960,3cc0fc2493ae514ac3146aaee0429373cfd8a5c7181d7d9f1f91abd1e565791b,557961,1716143232000000000,300
OB/adservice_loss/4,OB,adservice,loss,4,300,300,burst,0.5,0,0.5,baro,9,0.1111111111111111,0.0,0.6666666666666666,0,0,0,13,77.06849998794496,productcatalogservice|currencyservice|cartservice|main|paymentservice,productcatalogservice_latency-50,0.5,5,5,0.5986666666666667,0.4013333333333333,5,5,5,0.5,baseline-v2-20260723,cd270e7871bd358937d83d9a49829637fa80007d2964084ef229f578e3733bd3,ba75425861a059dafcc477474fc3e4ed1eafdc2b47d6fdd0557337035d29a960,3cc0fc2493ae514ac3146aaee0429373cfd8a5c7181d7d9f1f91abd1e565791b,557961,1716143232000000000,300
OB/adservice_loss/4,OB,adservice,loss,4,300,300,burst,0.5,0,0.5,median_shift,5,0.2,0.2,0.3333333333333333,0,0,1,13,22.485499968752265,shippingservice|paymentservice|main|frontend|adservice,shippingservice_mem,0.5,5,5,0.5986666666666667,0.4013333333333333,5,5,5,0.5,baseline-v2-20260723,cd270e7871bd358937d83d9a49829637fa80007d2964084ef229f578e3733bd3,ba75425861a059dafcc477474fc3e4ed1eafdc2b47d6fdd0557337035d29a960,3cc0fc2493ae514ac3146aaee0429373cfd8a5c7181d7d9f1f91abd1e565791b,557961,1716143232000000000,300
OB/adservice_loss/4,OB,adservice,loss,4,300,300,burst,0.5,0,0.5,nsigma,6,0.16666666666666666,0.0,0.4166666666666667,0,0,0,13,66.70429999940097,paymentservice|cartservice|main|frontend|checkoutservice,paymentservice_mem,0.5,5,5,0.5986666666666667,0.4013333333333333,5,5,5,0.5,baseline-v2-20260723,cd270e7871bd358937d83d9a49829637fa80007d2964084ef229f578e3733bd3,ba75425861a059dafcc477474fc3e4ed1eafdc2b47d6fdd0557337035d29a960,3cc0fc2493ae514ac3146aaee0429373cfd8a5c7181d7d9f1f91abd1e565791b,557961,1716143232000000000,300
OB/adservice_loss/4,OB,adservice,loss,4,300,300,burst,0.5,1,0.5,baro,8,0.125,0.0,0.5833333333333334,0,0,0,13,76.49300002958626,productcatalogservice|currencyservice|recommendationservice|cartservice|frontend,productcatalogservice_workload,0.5,5,5,0.6173333333333333,0.38266666666666665,5,5,5,0.5,baseline-v2-20260723,cd270e7871bd358937d83d9a49829637fa80007d2964084ef229f578e3733bd3,ba75425861a059dafcc477474fc3e4ed1eafdc2b47d6fdd0557337035d29a960,3cc0fc2493ae514ac3146aaee0429373cfd8a5c7181d7d9f1f91abd1e565791b,557961,1716143232000000000,300
OB/adservice_loss/4,OB,adservice,loss,4,300,300,burst,0.5,1,0.5,median_shift,3,0.3333333333333333,0.6,0.16666666666666666,0,1,1,13,14.220300014130771,main|cartservice|adservice|paymentservice|recommendationservice,main_mem,0.5,5,5,0.6173333333333333,0.38266666666666665,5,5,5,0.5,baseline-v2-20260723,cd270e7871bd358937d83d9a49829637fa80007d2964084ef229f578e3733bd3,ba75425861a059dafcc477474fc3e4ed1eafdc2b47d6fdd0557337035d29a960,3cc0fc2493ae514ac3146aaee0429373cfd8a5c7181d7d9f1f91abd1e565791b,557961,1716143232000000000,300
OB/adservice_loss/4,OB,adservice,loss,4,300,300,burst,0.5,1,0.5,nsigma,2,0.5,0.8,0.08333333333333333,0,1,1,13,50.12729996815324,cartservice|adservice|main|paymentservice|emailservice,cartservice_latency-90,0.5,5,5,0.6173333333333333,0.38266666666666665,5,5,5,0.5,baseline-v2-20260723,cd270e7871bd358937d83d9a49829637fa80007d2964084ef229f578e3733bd3,ba75425861a059dafcc477474fc3e4ed1eafdc2b47d6fdd0557337035d29a960,3cc0fc2493ae514ac3146aaee0429373cfd8a5c7181d7d9f1f91abd1e565791b,557961,1716143232000000000,300
OB/adservice_loss/4,OB,adservice,loss,4,300,300,burst,0.5,2,0.5,baro,8,0.125,0.0,0.5833333333333334,0,0,0,13,73.55239999014884,currencyservice|cartservice|paymentservice|main|frontend-external,currencyservice_workload,0.5,5,5,0.48333333333333334,0.5166666666666667,5,5,5,0.5,baseline-v2-20260723,cd270e7871bd358937d83d9a49829637fa80007d2964084ef229f578e3733bd3,ba75425861a059dafcc477474fc3e4ed1eafdc2b47d6fdd0557337035d29a960,3cc0fc2493ae514ac3146aaee0429373cfd8a5c7181d7d9f1f91abd1e565791b,557961,1716143232000000000,300
OB/adservice_loss/4,OB,adservice,loss,4,300,300,burst,0.5,2,0.5,median_shift,1,1.0,1.0,0.0,1,1,1,13,10.69140003528446,adservice|redis|cartservice|main|paymentservice,adservice_cpu,0.5,5,5,0.48333333333333334,0.5166666666666667,5,5,5,0.5,baseline-v2-20260723,cd270e7871bd358937d83d9a49829637fa80007d2964084ef229f578e3733bd3,ba75425861a059dafcc477474fc3e4ed1eafdc2b47d6fdd0557337035d29a960,3cc0fc2493ae514ac3146aaee0429373cfd8a5c7181d7d9f1f91abd1e565791b,557961,1716143232000000000,300
OB/adservice_loss/4,OB,adservice,loss,4,300,300,burst,0.5,2,0.5,nsigma,3,0.3333333333333333,0.6,0.16666666666666666,0,1,1,13,69.91069996729493,cartservice|shippingservice|adservice|main|frontend,cartservice_latency-90,0.5,5,5,0.48333333333333334,0.5166666666666667,5,5,5,0.5,baseline-v2-20260723,cd270e7871bd358937d83d9a49829637fa80007d2964084ef229f578e3733bd3,ba75425861a059dafcc477474fc3e4ed1eafdc2b47d6fdd0557337035d29a960,3cc0fc2493ae514ac3146aaee0429373cfd8a5c7181d7d9f1f91abd1e565791b,557961,1716143232000000000,300
OB/adservice_loss/4,OB,adservice,loss,4,300,300,burst,0.5,3,0.5,baro,3,0.3333333333333333,0.6,0.16666666666666666,0,1,1,13,73.00109998323023,recommendationservice|paymentservice|adservice|cartservice|productcatalogservice,recommendationservice_latency-90,0.5,5,5,0.5246666666666666,0.47533333333333333,5,5,5,0.5,baseline-v2-20260723,cd270e7871bd358937d83d9a49829637fa80007d2964084ef229f578e3733bd3,ba75425861a059dafcc477474fc3e4ed1eafdc2b47d6fdd0557337035d29a960,3cc0fc2493ae514ac3146aaee0429373cfd8a5c7181d7d9f1f91abd1e565791b,557961,1716143232000000000,300
OB/adservice_loss/4,OB,adservice,loss,4,300,300,burst,0.5,3,0.5,median_shift,2,0.5,0.8,0.08333333333333333,0,1,1,13,11.27359998645261,paymentservice|adservice|main|checkoutservice|shippingservice,paymentservice_mem,0.5,5,5,0.5246666666666666,0.47533333333333333,5,5,5,0.5,baseline-v2-20260723,cd270e7871bd358937d83d9a49829637fa80007d2964084ef229f578e3733bd3,ba75425861a059dafcc477474fc3e4ed1eafdc2b47d6fdd0557337035d29a960,3cc0fc2493ae514ac3146aaee0429373cfd8a5c7181d7d9f1f91abd1e565791b,557961,1716143232000000000,300
OB/adservice_loss/4,OB,adservice,loss,4,300,300,burst,0.5,3,0.5,nsigma,3,0.3333333333333333,0.6,0.16666666666666666,0,1,1,13,61.564199975691736,frontend|shippingservice|adservice|checkoutservice|paymentservice,frontend_latency-50,0.5,5,5,0.5246666666666666,0.47533333333333333,5,5,5,0.5,baseline-v2-20260723,cd270e7871bd358937d83d9a49829637fa80007d2964084ef229f578e3733bd3,ba75425861a059dafcc477474fc3e4ed1eafdc2b47d6fdd0557337035d29a960,3cc0fc2493ae514ac3146aaee0429373cfd8a5c7181d7d9f1f91abd1e565791b,557961,1716143232000000000,300
OB/adservice_loss/4,OB,adservice,loss,4,300,300,burst,0.5,4,0.5,baro,6,0.16666666666666666,0.0,0.4166666666666667,0,0,0,13,60.1722999708727,cartservice|frontend-external|shippingservice|checkoutservice|paymentservice,cartservice_workload,0.5,5,5,0.548,0.452,5,5,5,0.5,baseline-v2-20260723,cd270e7871bd358937d83d9a49829637fa80007d2964084ef229f578e3733bd3,ba75425861a059dafcc477474fc3e4ed1eafdc2b47d6fdd0557337035d29a960,3cc0fc2493ae514ac3146aaee0429373cfd8a5c7181d7d9f1f91abd1e565791b,557961,1716143232000000000,300
OB/adservice_loss/4,OB,adservice,loss,4,300,300,burst,0.5,4,0.5,median_shift,6,0.16666666666666666,0.0,0.4166666666666667,0,0,0,13,11.323200014885515,currencyservice|productcatalogservice|cartservice|paymentservice|main,currencyservice_cpu,0.5,5,5,0.548,0.452,5,5,5,0.5,baseline-v2-20260723,cd270e7871bd358937d83d9a49829637fa80007d2964084ef229f578e3733bd3,ba75425861a059dafcc477474fc3e4ed1eafdc2b47d6fdd0557337035d29a960,3cc0fc2493ae514ac3146aaee0429373cfd8a5c7181d7d9f1f91abd1e565791b,557961,1716143232000000000,300
OB/adservice_loss/4,OB,adservice,loss,4,300,300,burst,0.5,4,0.5,nsigma,2,0.5,0.8,0.08333333333333333,0,1,1,13,72.22810003440827,cartservice|adservice|checkoutservice|frontend-external|shippingservice,cartservice_latency-90,0.5,5,5,0.548,0.452,5,5,5,0.5,baseline-v2-20260723,cd270e7871bd358937d83d9a49829637fa80007d2964084ef229f578e3733bd3,ba75425861a059dafcc477474fc3e4ed1eafdc2b47d6fdd0557337035d29a960,3cc0fc2493ae514ac3146aaee0429373cfd8a5c7181d7d9f1f91abd1e565791b,557961,1716143232000000000,300
OB/adservice_loss/4,OB,adservice,loss,4,300,300,burst,0.5,5,0.5,baro,5,0.2,0.2,0.3333333333333333,0,0,1,13,64.51080000260845,productcatalogservice|recommendationservice|redis|checkoutservice|adservice,productcatalogservice_latency-90,0.5,5,5,0.4246666666666667,0.5753333333333334,5,5,5,0.5,baseline-v2-20260723,cd270e7871bd358937d83d9a49829637fa80007d2964084ef229f578e3733bd3,ba75425861a059dafcc477474fc3e4ed1eafdc2b47d6fdd0557337035d29a960,3cc0fc2493ae514ac3146aaee0429373cfd8a5c7181d7d9f1f91abd1e565791b,557961,1716143232000000000,300
OB/adservice_loss/4,OB,adservice,loss,4,300,300,burst,0.5,5,0.5,median_shift,1,1.0,1.0,0.0,1,1,1,13,10.786400001961738,adservice|paymentservice|recommendationservice|main|shippingservice,adservice_latency-90,0.5,5,5,0.4246666666666667,0.5753333333333334,5,5,5,0.5,baseline-v2-20260723,cd270e7871bd358937d83d9a49829637fa80007d2964084ef229f578e3733bd3,ba75425861a059dafcc477474fc3e4ed1eafdc2b47d6fdd0557337035d29a960,3cc0fc2493ae514ac3146aaee0429373cfd8a5c7181d7d9f1f91abd1e565791b,557961,1716143232000000000,300
OB/adservice_loss/4,OB,adservice,loss,4,300,300,burst,0.5,5,0.5,nsigma,1,1.0,1.0,0.0,1,1,1,13,60.24039996555075,adservice|recommendationservice|cartservice|shippingservice|checkoutservice,adservice_latency-90,0.5,5,5,0.4246666666666667,0.5753333333333334,5,5,5,0.5,baseline-v2-20260723,cd270e7871bd358937d83d9a49829637fa80007d2964084ef229f578e3733bd3,ba75425861a059dafcc477474fc3e4ed1eafdc2b47d6fdd0557337035d29a960,3cc0fc2493ae514ac3146aaee0429373cfd8a5c7181d7d9f1f91abd1e565791b,557961,1716143232000000000,300
OB/adservice_loss/4,OB,adservice,loss,4,300,300,burst,0.5,6,0.5,baro,11,0.09090909090909091,0.0,0.8333333333333334,0,0,0,13,63.97740001557395,emailservice|productcatalogservice|currencyservice|shippingservice|paymentservice,emailservice_workload,0.5,5,5,0.7506666666666667,0.24933333333333332,5,5,5,0.5,baseline-v2-20260723,cd270e7871bd358937d83d9a49829637fa80007d2964084ef229f578e3733bd3,ba75425861a059dafcc477474fc3e4ed1eafdc2b47d6fdd0557337035d29a960,3cc0fc2493ae514ac3146aaee0429373cfd8a5c7181d7d9f1f91abd1e565791b,557961,1716143232000000000,300
OB/adservice_loss/4,OB,adservice,loss,4,300,300,burst,0.5,6,0.5,median_shift,6,0.16666666666666666,0.0,0.4166666666666667,0,0,0,13,22.974299965426326,checkoutservice|shippingservice|paymentservice|main|frontend,checkoutservice_mem,0.5,5,5,0.7506666666666667,0.24933333333333332,5,5,5,0.5,baseline-v2-20260723,cd270e7871bd358937d83d9a49829637fa80007d2964084ef229f578e3733bd3,ba75425861a059dafcc477474fc3e4ed1eafdc2b47d6fdd0557337035d29a960,3cc0fc2493ae514ac3146aaee0429373cfd8a5c7181d7d9f1f91abd1e565791b,557961,1716143232000000000,300
OB/adservice_loss/4,OB,adservice,loss,4,300,300,burst,0.5,6,0.5,nsigma,6,0.16666666666666666,0.0,0.4166666666666667,0,0,0,13,65.58160000713542,paymentservice|shippingservice|main|frontend|cartservice,paymentservice_mem,0.5,5,5,0.7506666666666667,0.24933333333333332,5,5,5,0.5,baseline-v2-20260723,cd270e7871bd358937d83d9a49829637fa80007d2964084ef229f578e3733bd3,ba75425861a059dafcc477474fc3e4ed1eafdc2b47d6fdd0557337035d29a960,3cc0fc2493ae514ac3146aaee0429373cfd8a5c7181d7d9f1f91abd1e565791b,557961,1716143232000000000,300
OB/adservice_loss/4,OB,adservice,loss,4,300,300,burst,0.5,7,0.5,baro,7,0.14285714285714285,0.0,0.5,0,0,0,13,73.56019999133423,currencyservice|paymentservice|shippingservice|main|checkoutservice,currencyservice_workload,0.5,5,5,0.71,0.29,5,5,5,0.5,baseline-v2-20260723,cd270e7871bd358937d83d9a49829637fa80007d2964084ef229f578e3733bd3,ba75425861a059dafcc477474fc3e4ed1eafdc2b47d6fdd0557337035d29a960,3cc0fc2493ae514ac3146aaee0429373cfd8a5c7181d7d9f1f91abd1e565791b,557961,1716143232000000000,300
OB/adservice_loss/4,OB,adservice,loss,4,300,300,burst,0.5,7,0.5,median_shift,5,0.2,0.2,0.3333333333333333,0,0,1,13,18.769700021948665,shippingservice|paymentservice|recommendationservice|main|adservice,shippingservice_mem,0.5,5,5,0.71,0.29,5,5,5,0.5,baseline-v2-20260723,cd270e7871bd358937d83d9a49829637fa80007d2964084ef229f578e3733bd3,ba75425861a059dafcc477474fc3e4ed1eafdc2b47d6fdd0557337035d29a960,3cc0fc2493ae514ac3146aaee0429373cfd8a5c7181d7d9f1f91abd1e565791b,557961,1716143232000000000,300
OB/adservice_loss/4,OB,adservice,loss,4,300,300,burst,0.5,7,0.5,nsigma,6,0.16666666666666666,0.0,0.4166666666666667,0,0,0,13,67.00889999046922,recommendationservice|cartservice|shippingservice|main|currencyservice,recommendationservice_latency-50,0.5,5,5,0.71,0.29,5,5,5,0.5,baseline-v2-20260723,cd270e7871bd358937d83d9a49829637fa80007d2964084ef229f578e3733bd3,ba75425861a059dafcc477474fc3e4ed1eafdc2b47d6fdd0557337035d29a960,3cc0fc2493ae514ac3146aaee0429373cfd8a5c7181d7d9f1f91abd1e565791b,557961,1716143232000000000,300
OB/adservice_loss/4,OB,adservice,loss,4,300,300,burst,0.5,8,0.5,baro,8,0.125,0.0,0.5833333333333334,0,0,0,13,76.3246999704279,currencyservice|paymentservice|main|recommendationservice|redis,currencyservice_workload,0.5,5,5,0.5013333333333333,0.49866666666666665,5,5,5,0.5,baseline-v2-20260723,cd270e7871bd358937d83d9a49829637fa80007d2964084ef229f578e3733bd3,ba75425861a059dafcc477474fc3e4ed1eafdc2b47d6fdd0557337035d29a960,3cc0fc2493ae514ac3146aaee0429373cfd8a5c7181d7d9f1f91abd1e565791b,557961,1716143232000000000,300
OB/adservice_loss/4,OB,adservice,loss,4,300,300,burst,0.5,8,0.5,median_shift,5,0.2,0.2,0.3333333333333333,0,0,1,13,10.472399997524917,shippingservice|main|paymentservice|frontend|adservice,shippingservice_mem,0.5,5,5,0.5013333333333333,0.49866666666666665,5,5,5,0.5,baseline-v2-20260723,cd270e7871bd358937d83d9a49829637fa80007d2964084ef229f578e3733bd3,ba75425861a059dafcc477474fc3e4ed1eafdc2b47d6fdd0557337035d29a960,3cc0fc2493ae514ac3146aaee0429373cfd8a5c7181d7d9f1f91abd1e565791b,557961,1716143232000000000,300
OB/adservice_loss/4,OB,adservice,loss,4,300,300,burst,0.5,8,0.5,nsigma,6,0.16666666666666666,0.0,0.4166666666666667,0,0,0,13,49.17569999815896,frontend|emailservice|recommendationservice|main|currencyservice,frontend_latency-50,0.5,5,5,0.5013333333333333,0.49866666666666665,5,5,5,0.5,baseline-v2-20260723,cd270e7871bd358937d83d9a49829637fa80007d2964084ef229f578e3733bd3,ba75425861a059dafcc477474fc3e4ed1eafdc2b47d6fdd0557337035d29a960,3cc0fc2493ae514ac3146aaee0429373cfd8a5c7181d7d9f1f91abd1e565791b,557961,1716143232000000000,300
OB/adservice_loss/4,OB,adservice,loss,4,300,300,burst,0.5,9,0.5,baro,11,0.09090909090909091,0.0,0.8333333333333334,0,0,0,13,69.96009999420494,cartservice|productcatalogservice|recommendationservice|shippingservice|paymentservice,cartservice_workload,0.5,5,5,0.4726666666666667,0.5273333333333333,5,4,4,0.5,baseline-v2-20260723,cd270e7871bd358937d83d9a49829637fa80007d2964084ef229f578e3733bd3,ba75425861a059dafcc477474fc3e4ed1eafdc2b47d6fdd0557337035d29a960,3cc0fc2493ae514ac3146aaee0429373cfd8a5c7181d7d9f1f91abd1e565791b,557961,1716143232000000000,300
OB/adservice_loss/4,OB,adservice,loss,4,300,300,burst,0.5,9,0.5,median_shift,1,1.0,1.0,0.0,1,1,1,13,10.335200000554323,adservice|paymentservice|recommendationservice|main|shippingservice,adservice_cpu,0.5,5,5,0.4726666666666667,0.5273333333333333,5,4,4,0.5,baseline-v2-20260723,cd270e7871bd358937d83d9a49829637fa80007d2964084ef229f578e3733bd3,ba75425861a059dafcc477474fc3e4ed1eafdc2b47d6fdd0557337035d29a960,3cc0fc2493ae514ac3146aaee0429373cfd8a5c7181d7d9f1f91abd1e565791b,557961,1716143232000000000,300
OB/adservice_loss/4,OB,adservice,loss,4,300,300,burst,0.5,9,0.5,nsigma,1,1.0,1.0,0.0,1,1,1,13,69.46400000015274,adservice|shippingservice|recommendationservice|currencyservice|cartservice,adservice_latency-90,0.5,5,5,0.4726666666666667,0.5273333333333333,5,4,4,0.5,baseline-v2-20260723,cd270e7871bd358937d83d9a49829637fa80007d2964084ef229f578e3733bd3,ba75425861a059dafcc477474fc3e4ed1eafdc2b47d6fdd0557337035d29a960,3cc0fc2493ae514ac3146aaee0429373cfd8a5c7181d7d9f1f91abd1e565791b,557961,1716143232000000000,300
OB/adservice_loss/4,OB,adservice,loss,4,300,300,incident,0.1,0,0.1,baro,2,0.5,0.8,0.08333333333333333,0,1,1,13,84.99699999811128,main|adservice|cartservice|checkoutservice|emailservice,main_mem,0.823,5,5,0.8966666666666666,0.7493333333333333,5,5,5,0.9,baseline-v2-20260723,cd270e7871bd358937d83d9a49829637fa80007d2964084ef229f578e3733bd3,ba75425861a059dafcc477474fc3e4ed1eafdc2b47d6fdd0557337035d29a960,3cc0fc2493ae514ac3146aaee0429373cfd8a5c7181d7d9f1f91abd1e565791b,557961,1716143232000000000,300
OB/adservice_loss/4,OB,adservice,loss,4,300,300,incident,0.1,0,0.1,median_shift,3,0.3333333333333333,0.6,0.16666666666666666,0,1,1,13,22.648999991361052,main|checkoutservice|adservice|recommendationservice|currencyservice,main_mem,0.823,5,5,0.8966666666666666,0.7493333333333333,5,5,5,0.9,baseline-v2-20260723,cd270e7871bd358937d83d9a49829637fa80007d2964084ef229f578e3733bd3,ba75425861a059dafcc477474fc3e4ed1eafdc2b47d6fdd0557337035d29a960,3cc0fc2493ae514ac3146aaee0429373cfd8a5c7181d7d9f1f91abd1e565791b,557961,1716143232000000000,300
OB/adservice_loss/4,OB,adservice,loss,4,300,300,incident,0.1,0,0.1,nsigma,2,0.5,0.8,0.08333333333333333,0,1,1,13,68.02629999583587,checkoutservice|adservice|main|frontend|emailservice,checkoutservice_latency-50,0.823,5,5,0.8966666666666666,0.7493333333333333,5,5,5,0.9,baseline-v2-20260723,cd270e7871bd358937d83d9a49829637fa80007d2964084ef229f578e3733bd3,ba75425861a059dafcc477474fc3e4ed1eafdc2b47d6fdd0557337035d29a960,3cc0fc2493ae514ac3146aaee0429373cfd8a5c7181d7d9f1f91abd1e565791b,557961,1716143232000000000,300
OB/adservice_loss/4,OB,adservice,loss,4,300,300,incident,0.1,1,0.1,baro,2,0.5,0.8,0.08333333333333333,0,1,1,13,76.7348000081256,main|adservice|cartservice|recommendationservice|checkoutservice,main_mem,0.8173333333333334,5,5,0.8853333333333333,0.7493333333333333,5,5,5,0.9,baseline-v2-20260723,cd270e7871bd358937d83d9a49829637fa80007d2964084ef229f578e3733bd3,ba75425861a059dafcc477474fc3e4ed1eafdc2b47d6fdd0557337035d29a960,3cc0fc2493ae514ac3146aaee0429373cfd8a5c7181d7d9f1f91abd1e565791b,557961,1716143232000000000,300
OB/adservice_loss/4,OB,adservice,loss,4,300,300,incident,0.1,1,0.1,median_shift,4,0.25,0.4,0.25,0,0,1,13,15.59249998535961,main|recommendationservice|checkoutservice|adservice|redis,main_mem,0.8173333333333334,5,5,0.8853333333333333,0.7493333333333333,5,5,5,0.9,baseline-v2-20260723,cd270e7871bd358937d83d9a49829637fa80007d2964084ef229f578e3733bd3,ba75425861a059dafcc477474fc3e4ed1eafdc2b47d6fdd0557337035d29a960,3cc0fc2493ae514ac3146aaee0429373cfd8a5c7181d7d9f1f91abd1e565791b,557961,1716143232000000000,300
OB/adservice_loss/4,OB,adservice,loss,4,300,300,incident,0.1,1,0.1,nsigma,2,0.5,0.8,0.08333333333333333,0,1,1,13,80.64840000588447,checkoutservice|adservice|main|frontend|shippingservice,checkoutservice_latency-50,0.8173333333333334,5,5,0.8853333333333333,0.7493333333333333,5,5,5,0.9,baseline-v2-20260723,cd270e7871bd358937d83d9a49829637fa80007d2964084ef229f578e3733bd3,ba75425861a059dafcc477474fc3e4ed1eafdc2b47d6fdd0557337035d29a960,3cc0fc2493ae514ac3146aaee0429373cfd8a5c7181d7d9f1f91abd1e565791b,557961,1716143232000000000,300
OB/adservice_loss/4,OB,adservice,loss,4,300,300,incident,0.1,2,0.1,baro,2,0.5,0.8,0.08333333333333333,0,1,1,13,76.41400001011789,main|adservice|checkoutservice|emailservice|frontend,main_mem,0.8233333333333334,5,5,0.9,0.7466666666666667,5,5,5,0.9,baseline-v2-20260723,cd270e7871bd358937d83d9a49829637fa80007d2964084ef229f578e3733bd3,ba75425861a059dafcc477474fc3e4ed1eafdc2b47d6fdd0557337035d29a960,3cc0fc2493ae514ac3146aaee0429373cfd8a5c7181d7d9f1f91abd1e565791b,557961,1716143232000000000,300
OB/adservice_loss/4,OB,adservice,loss,4,300,300,incident,0.1,2,0.1,median_shift,3,0.3333333333333333,0.6,0.16666666666666666,0,1,1,13,16.433299984782934,main|checkoutservice|adservice|recommendationservice|paymentservice,main_mem,0.8233333333333334,5,5,0.9,0.7466666666666667,5,5,5,0.9,baseline-v2-20260723,cd270e7871bd358937d83d9a49829637fa80007d2964084ef229f578e3733bd3,ba75425861a059dafcc477474fc3e4ed1eafdc2b47d6fdd0557337035d29a960,3cc0fc2493ae514ac3146aaee0429373cfd8a5c7181d7d9f1f91abd1e565791b,557961,1716143232000000000,300
OB/adservice_loss/4,OB,adservice,loss,4,300,300,incident,0.1,2,0.1,nsigma,2,0.5,0.8,0.08333333333333333,0,1,1,13,91.93449997110292,checkoutservice|adservice|main|frontend|shippingservice,checkoutservice_latency-50,0.8233333333333334,5,5,0.9,0.7466666666666667,5,5,5,0.9,baseline-v2-20260723,cd270e7871bd358937d83d9a49829637fa80007d2964084ef229f578e3733bd3,ba75425861a059dafcc477474fc3e4ed1eafdc2b47d6fdd0557337035d29a960,3cc0fc2493ae514ac3146aaee0429373cfd8a5c7181d7d9f1f91abd1e565791b,557961,1716143232000000000,300
OB/adservice_loss/4,OB,adservice,loss,4,300,300,incident,0.1,3,0.1,baro,4,0.25,0.4,0.25,0,0,1,13,113.77550003817305,main|checkoutservice|recommendationservice|adservice|frontend,main_mem,0.8246666666666667,5,5,0.9013333333333333,0.748,5,5,5,0.9,baseline-v2-20260723,cd270e7871bd358937d83d9a49829637fa80007d2964084ef229f578e3733bd3,ba75425861a059dafcc477474fc3e4ed1eafdc2b47d6fdd0557337035d29a960,3cc0fc2493ae514ac3146aaee0429373cfd8a5c7181d7d9f1f91abd1e565791b,557961,1716143232000000000,300
OB/adservice_loss/4,OB,adservice,loss,4,300,300,incident,0.1,3,0.1,median_shift,4,0.25,0.4,0.25,0,0,1,13,16.365499992389232,main|redis|checkoutservice|adservice|recommendationservice,main_mem,0.8246666666666667,5,5,0.9013333333333333,0.748,5,5,5,0.9,baseline-v2-20260723,cd270e7871bd358937d83d9a49829637fa80007d2964084ef229f578e3733bd3,ba75425861a059dafcc477474fc3e4ed1eafdc2b47d6fdd0557337035d29a960,3cc0fc2493ae514ac3146aaee0429373cfd8a5c7181d7d9f1f91abd1e565791b,557961,1716143232000000000,300
OB/adservice_loss/4,OB,adservice,loss,4,300,300,incident,0.1,3,0.1,nsigma,2,0.5,0.8,0.08333333333333333,0,1,1,13,71.28029997693375,checkoutservice|adservice|main|frontend|frontend-external,checkoutservice_latency-50,0.8246666666666667,5,5,0.9013333333333333,0.748,5,5,5,0.9,baseline-v2-20260723,cd270e7871bd358937d83d9a49829637fa80007d2964084ef229f578e3733bd3,ba75425861a059dafcc477474fc3e4ed1eafdc2b47d6fdd0557337035d29a960,3cc0fc2493ae514ac3146aaee0429373cfd8a5c7181d7d9f1f91abd1e565791b,557961,1716143232000000000,300
OB/adservice_loss/4,OB,adservice,loss,4,300,300,incident,0.1,4,0.1,baro,2,0.5,0.8,0.08333333333333333,0,1,1,13,86.58320002723485,main|adservice|paymentservice|productcatalogservice|emailservice,main_mem,0.8156666666666667,5,5,0.888,0.7433333333333333,5,5,5,0.9,baseline-v2-20260723,cd270e7871bd358937d83d9a49829637fa80007d2964084ef229f578e3733bd3,ba75425861a059dafcc477474fc3e4ed1eafdc2b47d6fdd0557337035d29a960,3cc0fc2493ae514ac3146aaee0429373cfd8a5c7181d7d9f1f91abd1e565791b,557961,1716143232000000000,300
OB/adservice_loss/4,OB,adservice,loss,4,300,300,incident,0.1,4,0.1,median_shift,3,0.3333333333333333,0.6,0.16666666666666666,0,1,1,13,23.901999986264855,main|checkoutservice|adservice|recommendationservice|frontend,main_mem,0.8156666666666667,5,5,0.888,0.7433333333333333,5,5,5,0.9,baseline-v2-20260723,cd270e7871bd358937d83d9a49829637fa80007d2964084ef229f578e3733bd3,ba75425861a059dafcc477474fc3e4ed1eafdc2b47d6fdd0557337035d29a960,3cc0fc2493ae514ac3146aaee0429373cfd8a5c7181d7d9f1f91abd1e565791b,557961,1716143232000000000,300
OB/adservice_loss/4,OB,adservice,loss,4,300,300,incident,0.1,4,0.1,nsigma,2,0.5,0.8,0.08333333333333333,0,1,1,13,74.16670001111925,checkoutservice|adservice|main|frontend|paymentservice,checkoutservice_latency-50,0.8156666666666667,5,5,0.888,0.7433333333333333,5,5,5,0.9,baseline-v2-20260723,cd270e7871bd358937d83d9a49829637fa80007d2964084ef229f578e3733bd3,ba75425861a059dafcc477474fc3e4ed1eafdc2b47d6fdd0557337035d29a960,3cc0fc2493ae514ac3146aaee0429373cfd8a5c7181d7d9f1f91abd1e565791b,557961,1716143232000000000,300
OB/adservice_loss/4,OB,adservice,loss,4,300,300,incident,0.1,5,0.1,baro,3,0.3333333333333333,0.6,0.16666666666666666,0,1,1,13,131.0632000095211,main|productcatalogservice|adservice|checkoutservice|frontend,main_mem,0.8243333333333334,5,5,0.8986666666666666,0.75,5,5,5,0.9,baseline-v2-20260723,cd270e7871bd358937d83d9a49829637fa80007d2964084ef229f578e3733bd3,ba75425861a059dafcc477474fc3e4ed1eafdc2b47d6fdd0557337035d29a960,3cc0fc2493ae514ac3146aaee0429373cfd8a5c7181d7d9f1f91abd1e565791b,557961,1716143232000000000,300
OB/adservice_loss/4,OB,adservice,loss,4,300,300,incident,0.1,5,0.1,median_shift,3,0.3333333333333333,0.6,0.16666666666666666,0,1,1,13,13.899999961722642,main|checkoutservice|adservice|redis|recommendationservice,main_mem,0.8243333333333334,5,5,0.8986666666666666,0.75,5,5,5,0.9,baseline-v2-20260723,cd270e7871bd358937d83d9a49829637fa80007d2964084ef229f578e3733bd3,ba75425861a059dafcc477474fc3e4ed1eafdc2b47d6fdd0557337035d29a960,3cc0fc2493ae514ac3146aaee0429373cfd8a5c7181d7d9f1f91abd1e565791b,557961,1716143232000000000,300
OB/adservice_loss/4,OB,adservice,loss,4,300,300,incident,0.1,5,0.1,nsigma,2,0.5,0.8,0.08333333333333333,0,1,1,13,80.88989998213947,checkoutservice|adservice|main|frontend|shippingservice,checkoutservice_latency-50,0.8243333333333334,5,5,0.8986666666666666,0.75,5,5,5,0.9,baseline-v2-20260723,cd270e7871bd358937d83d9a49829637fa80007d2964084ef229f578e3733bd3,ba75425861a059dafcc477474fc3e4ed1eafdc2b47d6fdd0557337035d29a960,3cc0fc2493ae514ac3146aaee0429373cfd8a5c7181d7d9f1f91abd1e565791b,557961,1716143232000000000,300
OB/adservice_loss/4,OB,adservice,loss,4,300,300,incident,0.1,6,0.1,baro,3,0.3333333333333333,0.6,0.16666666666666666,0,1,1,13,85.46839997870848,main|frontend|adservice|recommendationservice|productcatalogservice,main_mem,0.836,5,5,0.9246666666666666,0.7473333333333333,5,5,5,0.9,baseline-v2-20260723,cd270e7871bd358937d83d9a49829637fa80007d2964084ef229f578e3733bd3,ba75425861a059dafcc477474fc3e4ed1eafdc2b47d6fdd0557337035d29a960,3cc0fc2493ae514ac3146aaee0429373cfd8a5c7181d7d9f1f91abd1e565791b,557961,1716143232000000000,300
OB/adservice_loss/4,OB,adservice,loss,4,300,300,incident,0.1,6,0.1,median_shift,6,0.16666666666666666,0.0,0.4166666666666667,0,0,0,13,20.8194000297226,main|redis|checkoutservice|recommendationservice|frontend,main_mem,0.836,5,5,0.9246666666666666,0.7473333333333333,5,5,5,0.9,baseline-v2-20260723,cd270e7871bd358937d83d9a49829637fa80007d2964084ef229f578e3733bd3,ba75425861a059dafcc477474fc3e4ed1eafdc2b47d6fdd0557337035d29a960,3cc0fc2493ae514ac3146aaee0429373cfd8a5c7181d7d9f1f91abd1e565791b,557961,1716143232000000000,300
OB/adservice_loss/4,OB,adservice,loss,4,300,300,incident,0.1,6,0.1,nsigma,2,0.5,0.8,0.08333333333333333,0,1,1,13,63.69130004895851,checkoutservice|adservice|frontend|main|shippingservice,checkoutservice_latency-50,0.836,5,5,0.9246666666666666,0.7473333333333333,5,5,5,0.9,baseline-v2-20260723,cd270e7871bd358937d83d9a49829637fa80007d2964084ef229f578e3733bd3,ba75425861a059dafcc477474fc3e4ed1eafdc2b47d6fdd0557337035d29a960,3cc0fc2493ae514ac3146aaee0429373cfd8a5c7181d7d9f1f91abd1e565791b,557961,1716143232000000000,300
OB/adservice_loss/4,OB,adservice,loss,4,300,300,incident,0.1,7,0.1,baro,1,1.0,1.0,0.0,1,1,1,13,69.09420003648847,adservice|main|cartservice|checkoutservice|frontend,adservice_workload,0.8313333333333334,5,5,0.912,0.7506666666666667,5,5,5,0.9,baseline-v2-20260723,cd270e7871bd358937d83d9a49829637fa80007d2964084ef229f578e3733bd3,ba75425861a059dafcc477474fc3e4ed1eafdc2b47d6fdd0557337035d29a960,3cc0fc2493ae514ac3146aaee0429373cfd8a5c7181d7d9f1f91abd1e565791b,557961,1716143232000000000,300
OB/adservice_loss/4,OB,adservice,loss,4,300,300,incident,0.1,7,0.1,median_shift,4,0.25,0.4,0.25,0,0,1,13,23.772599990479648,main|redis|checkoutservice|adservice|frontend,main_mem,0.8313333333333334,5,5,0.912,0.7506666666666667,5,5,5,0.9,baseline-v2-20260723,cd270e7871bd358937d83d9a49829637fa80007d2964084ef229f578e3733bd3,ba75425861a059dafcc477474fc3e4ed1eafdc2b47d6fdd0557337035d29a960,3cc0fc2493ae514ac3146aaee0429373cfd8a5c7181d7d9f1f91abd1e565791b,557961,1716143232000000000,300
OB/adservice_loss/4,OB,adservice,loss,4,300,300,incident,0.1,7,0.1,nsigma,2,0.5,0.8,0.08333333333333333,0,1,1,13,57.54519999027252,checkoutservice|adservice|main|frontend|frontend-external,checkoutservice_latency-50,0.8313333333333334,5,5,0.912,0.7506666666666667,5,5,5,0.9,baseline-v2-20260723,cd270e7871bd358937d83d9a49829637fa80007d2964084ef229f578e3733bd3,ba75425861a059dafcc477474fc3e4ed1eafdc2b47d6fdd0557337035d29a960,3cc0fc2493ae514ac3146aaee0429373cfd8a5c7181d7d9f1f91abd1e565791b,557961,1716143232000000000,300
OB/adservice_loss/4,OB,adservice,loss,4,300,300,incident,0.1,8,0.1,baro,6,0.16666666666666666,0.0,0.4166666666666667,0,0,0,13,88.52679998381063,main|frontend|recommendationservice|productcatalogservice|checkoutservice,main_mem,0.8253333333333334,5,5,0.902,0.7486666666666667,5,5,5,0.9,baseline-v2-20260723,cd270e7871bd358937d83d9a49829637fa80007d2964084ef229f578e3733bd3,ba75425861a059dafcc477474fc3e4ed1eafdc2b47d6fdd0557337035d29a960,3cc0fc2493ae514ac3146aaee0429373cfd8a5c7181d7d9f1f91abd1e565791b,557961,1716143232000000000,300
OB/adservice_loss/4,OB,adservice,loss,4,300,300,incident,0.1,8,0.1,median_shift,4,0.25,0.4,0.25,0,0,1,13,13.627000036649406,main|checkoutservice|redis|adservice|recommendationservice,main_mem,0.8253333333333334,5,5,0.902,0.7486666666666667,5,5,5,0.9,baseline-v2-20260723,cd270e7871bd358937d83d9a49829637fa80007d2964084ef229f578e3733bd3,ba75425861a059dafcc477474fc3e4ed1eafdc2b47d6fdd0557337035d29a960,3cc0fc2493ae514ac3146aaee0429373cfd8a5c7181d7d9f1f91abd1e565791b,557961,1716143232000000000,300
OB/adservice_loss/4,OB,adservice,loss,4,300,300,incident,0.1,8,0.1,nsigma,2,0.5,0.8,0.08333333333333333,0,1,1,13,58.66030004108325,checkoutservice|adservice|main|frontend|frontend-external,checkoutservice_latency-50,0.8253333333333334,5,5,0.902,0.7486666666666667,5,5,5,0.9,baseline-v2-20260723,cd270e7871bd358937d83d9a49829637fa80007d2964084ef229f578e3733bd3,ba75425861a059dafcc477474fc3e4ed1eafdc2b47d6fdd0557337035d29a960,3cc0fc2493ae514ac3146aaee0429373cfd8a5c7181d7d9f1f91abd1e565791b,557961,1716143232000000000,300
OB/adservice_loss/4,OB,adservice,loss,4,300,300,incident,0.1,9,0.1,baro,1,1.0,1.0,0.0,1,1,1,13,95.51060001831502,adservice|main|checkoutservice|frontend|frontend-external,adservice_workload,0.828,5,5,0.9086666666666666,0.7473333333333333,5,5,5,0.9,baseline-v2-20260723,cd270e7871bd358937d83d9a49829637fa80007d2964084ef229f578e3733bd3,ba75425861a059dafcc477474fc3e4ed1eafdc2b47d6fdd0557337035d29a960,3cc0fc2493ae514ac3146aaee0429373cfd8a5c7181d7d9f1f91abd1e565791b,557961,1716143232000000000,300
OB/adservice_loss/4,OB,adservice,loss,4,300,300,incident,0.1,9,0.1,median_shift,4,0.25,0.4,0.25,0,0,1,13,11.334899987559766,main|checkoutservice|redis|adservice|recommendationservice,main_mem,0.828,5,5,0.9086666666666666,0.7473333333333333,5,5,5,0.9,baseline-v2-20260723,cd270e7871bd358937d83d9a49829637fa80007d2964084ef229f578e3733bd3,ba75425861a059dafcc477474fc3e4ed1eafdc2b47d6fdd0557337035d29a960,3cc0fc2493ae514ac3146aaee0429373cfd8a5c7181d7d9f1f91abd1e565791b,557961,1716143232000000000,300
OB/adservice_loss/4,OB,adservice,loss,4,300,300,incident,0.1,9,0.1,nsigma,2,0.5,0.8,0.08333333333333333,0,1,1,13,61.64169998373836,checkoutservice|adservice|main|frontend|shippingservice,checkoutservice_latency-50,0.828,5,5,0.9086666666666666,0.7473333333333333,5,5,5,0.9,baseline-v2-20260723,cd270e7871bd358937d83d9a49829637fa80007d2964084ef229f578e3733bd3,ba75425861a059dafcc477474fc3e4ed1eafdc2b47d6fdd0557337035d29a960,3cc0fc2493ae514ac3146aaee0429373cfd8a5c7181d7d9f1f91abd1e565791b,557961,1716143232000000000,300
OB/adservice_loss/4,OB,adservice,loss,4,300,300,incident,0.3,0,0.3,baro,1,1.0,1.0,0.0,1,1,1,13,85.60280001256615,adservice|recommendationservice|paymentservice|frontend-external|cartservice,adservice_workload,0.6306666666666667,5,5,0.708,0.5533333333333333,5,5,5,0.7,baseline-v2-20260723,cd270e7871bd358937d83d9a49829637fa80007d2964084ef229f578e3733bd3,ba75425861a059dafcc477474fc3e4ed1eafdc2b47d6fdd0557337035d29a960,3cc0fc2493ae514ac3146aaee0429373cfd8a5c7181d7d9f1f91abd1e565791b,557961,1716143232000000000,300
OB/adservice_loss/4,OB,adservice,loss,4,300,300,incident,0.3,0,0.3,median_shift,5,0.2,0.2,0.3333333333333333,0,0,1,13,16.77020004717633,checkoutservice|recommendationservice|emailservice|paymentservice|adservice,checkoutservice_latency-90,0.6306666666666667,5,5,0.708,0.5533333333333333,5,5,5,0.7,baseline-v2-20260723,cd270e7871bd358937d83d9a49829637fa80007d2964084ef229f578e3733bd3,ba75425861a059dafcc477474fc3e4ed1eafdc2b47d6fdd0557337035d29a960,3cc0fc2493ae514ac3146aaee0429373cfd8a5c7181d7d9f1f91abd1e565791b,557961,1716143232000000000,300
OB/adservice_loss/4,OB,adservice,loss,4,300,300,incident,0.3,0,0.3,nsigma,2,0.5,0.8,0.08333333333333333,0,1,1,13,79.26819997373968,checkoutservice|adservice|emailservice|cartservice|currencyservice,checkoutservice_latency-50,0.6306666666666667,5,5,0.708,0.5533333333333333,5,5,5,0.7,baseline-v2-20260723,cd270e7871bd358937d83d9a49829637fa80007d2964084ef229f578e3733bd3,ba75425861a059dafcc477474fc3e4ed1eafdc2b47d6fdd0557337035d29a960,3cc0fc2493ae514ac3146aaee0429373cfd8a5c7181d7d9f1f91abd1e565791b,557961,1716143232000000000,300
OB/adservice_loss/4,OB,adservice,loss,4,300,300,incident,0.3,1,0.3,baro,1,1.0,1.0,0.0,1,1,1,13,61.53130001621321,adservice|recommendationservice|paymentservice|redis|cartservice,adservice_workload,0.6283333333333333,5,5,0.6886666666666666,0.568,5,5,5,0.7,baseline-v2-20260723,cd270e7871bd358937d83d9a49829637fa80007d2964084ef229f578e3733bd3,ba75425861a059dafcc477474fc3e4ed1eafdc2b47d6fdd0557337035d29a960,3cc0fc2493ae514ac3146aaee0429373cfd8a5c7181d7d9f1f91abd1e565791b,557961,1716143232000000000,300
OB/adservice_loss/4,OB,adservice,loss,4,300,300,incident,0.3,1,0.3,median_shift,6,0.16666666666666666,0.0,0.4166666666666667,0,0,0,13,11.221099994145334,checkoutservice|recommendationservice|emailservice|paymentservice|frontend,checkoutservice_latency-90,0.6283333333333333,5,5,0.6886666666666666,0.568,5,5,5,0.7,baseline-v2-20260723,cd270e7871bd358937d83d9a49829637fa80007d2964084ef229f578e3733bd3,ba75425861a059dafcc477474fc3e4ed1eafdc2b47d6fdd0557337035d29a960,3cc0fc2493ae514ac3146aaee0429373cfd8a5c7181d7d9f1f91abd1e565791b,557961,1716143232000000000,300
OB/adservice_loss/4,OB,adservice,loss,4,300,300,incident,0.3,1,0.3,nsigma,1,1.0,1.0,0.0,1,1,1,13,55.71609997423366,adservice|checkoutservice|cartservice|emailservice|currencyservice,adservice_workload,0.6283333333333333,5,5,0.6886666666666666,0.568,5,5,5,0.7,baseline-v2-20260723,cd270e7871bd358937d83d9a49829637fa80007d2964084ef229f578e3733bd3,ba75425861a059dafcc477474fc3e4ed1eafdc2b47d6fdd0557337035d29a960,3cc0fc2493ae514ac3146aaee0429373cfd8a5c7181d7d9f1f91abd1e565791b,557961,1716143232000000000,300
OB/adservice_loss/4,OB,adservice,loss,4,300,300,incident,0.3,2,0.3,baro,9,0.1111111111111111,0.0,0.6666666666666666,0,0,0,13,61.37310003396124,recommendationservice|paymentservice|currencyservice|frontend|emailservice,recommendationservice_latency-90,0.6253333333333333,5,5,0.6973333333333334,0.5533333333333333,5,5,5,0.7,baseline-v2-20260723,cd270e7871bd358937d83d9a49829637fa80007d2964084ef229f578e3733bd3,ba75425861a059dafcc477474fc3e4ed1eafdc2b47d6fdd0557337035d29a960,3cc0fc2493ae514ac3146aaee0429373cfd8a5c7181d7d9f1f91abd1e565791b,557961,1716143232000000000,300
OB/adservice_loss/4,OB,adservice,loss,4,300,300,incident,0.3,2,0.3,median_shift,6,0.16666666666666666,0.0,0.4166666666666667,0,0,0,13,10.884499992243946,checkoutservice|recommendationservice|emailservice|paymentservice|frontend,checkoutservice_latency-90,0.6253333333333333,5,5,0.6973333333333334,0.5533333333333333,5,5,5,0.7,baseline-v2-20260723,cd270e7871bd358937d83d9a49829637fa80007d2964084ef229f578e3733bd3,ba75425861a059dafcc477474fc3e4ed1eafdc2b47d6fdd0557337035d29a960,3cc0fc2493ae514ac3146aaee0429373cfd8a5c7181d7d9f1f91abd1e565791b,557961,1716143232000000000,300
OB/adservice_loss/4,OB,adservice,loss,4,300,300,incident,0.3,2,0.3,nsigma,4,0.25,0.4,0.25,0,0,1,13,48.928999982308596,checkoutservice|emailservice|currencyservice|adservice|cartservice,checkoutservice_latency-50,0.6253333333333333,5,5,0.6973333333333334,0.5533333333333333,5,5,5,0.7,baseline-v2-20260723,cd270e7871bd358937d83d9a49829637fa80007d2964084ef229f578e3733bd3,ba75425861a059dafcc477474fc3e4ed1eafdc2b47d6fdd0557337035d29a960,3cc0fc2493ae514ac3146aaee0429373cfd8a5c7181d7d9f1f91abd1e565791b,557961,1716143232000000000,300
OB/adservice_loss/4,OB,adservice,loss,4,300,300,incident,0.3,3,0.3,baro,1,1.0,1.0,0.0,1,1,1,13,62.58319999324158,adservice|paymentservice|shippingservice|frontend|checkoutservice,adservice_workload,0.6256666666666667,5,5,0.7106666666666667,0.5406666666666666,5,5,5,0.7,baseline-v2-20260723,cd270e7871bd358937d83d9a49829637fa80007d2964084ef229f578e3733bd3,ba75425861a059dafcc477474fc3e4ed1eafdc2b47d6fdd0557337035d29a960,3cc0fc2493ae514ac3146aaee0429373cfd8a5c7181d7d9f1f91abd1e565791b,557961,1716143232000000000,300
OB/adservice_loss/4,OB,adservice,loss,4,300,300,incident,0.3,3,0.3,median_shift,7,0.14285714285714285,0.0,0.5,0,0,0,13,11.501399974804372,checkoutservice|frontend|recommendationservice|emailservice|paymentservice,checkoutservice_latency-90,0.6256666666666667,5,5,0.7106666666666667,0.5406666666666666,5,5,5,0.7,baseline-v2-20260723,cd270e7871bd358937d83d9a49829637fa80007d2964084ef229f578e3733bd3,ba75425861a059dafcc477474fc3e4ed1eafdc2b47d6fdd0557337035d29a960,3cc0fc2493ae514ac3146aaee0429373cfd8a5c7181d7d9f1f91abd1e565791b,557961,1716143232000000000,300
OB/adservice_loss/4,OB,adservice,loss,4,300,300,incident,0.3,3,0.3,nsigma,2,0.5,0.8,0.08333333333333333,0,1,1,13,49.883399973623455,checkoutservice|adservice|emailservice|cartservice|shippingservice,checkoutservice_latency-50,0.6256666666666667,5,5,0.7106666666666667,0.5406666666666666,5,5,5,0.7,baseline-v2-20260723,cd270e7871bd358937d83d9a49829637fa80007d2964084ef229f578e3733bd3,ba75425861a059dafcc477474fc3e4ed1eafdc2b47d6fdd0557337035d29a960,3cc0fc2493ae514ac3146aaee0429373cfd8a5c7181d7d9f1f91abd1e565791b,557961,1716143232000000000,300
OB/adservice_loss/4,OB,adservice,loss,4,300,300,incident,0.3,4,0.3,baro,1,1.0,1.0,0.0,1,1,1,13,92.34450000803918,adservice|paymentservice|recommendationservice|frontend|shippingservice,adservice_workload,0.6233333333333333,5,5,0.7033333333333334,0.5433333333333333,5,5,5,0.7,baseline-v2-20260723,cd270e7871bd358937d83d9a49829637fa80007d2964084ef229f578e3733bd3,ba75425861a059dafcc477474fc3e4ed1eafdc2b47d6fdd0557337035d29a960,3cc0fc2493ae514ac3146aaee0429373cfd8a5c7181d7d9f1f91abd1e565791b,557961,1716143232000000000,300
OB/adservice_loss/4,OB,adservice,loss,4,300,300,incident,0.3,4,0.3,median_shift,6,0.16666666666666666,0.0,0.4166666666666667,0,0,0,13,13.08389997575432,checkoutservice|frontend|emailservice|recommendationservice|paymentservice,checkoutservice_latency-90,0.6233333333333333,5,5,0.7033333333333334,0.5433333333333333,5,5,5,0.7,baseline-v2-20260723,cd270e7871bd358937d83d9a49829637fa80007d2964084ef229f578e3733bd3,ba75425861a059dafcc477474fc3e4ed1eafdc2b47d6fdd0557337035d29a960,3cc0fc2493ae514ac3146aaee0429373cfd8a5c7181d7d9f1f91abd1e565791b,557961,1716143232000000000,300
OB/adservice_loss/4,OB,adservice,loss,4,300,300,incident,0.3,4,0.3,nsigma,1,1.0,1.0,0.0,1,1,1,13,80.48349997261539,adservice|checkoutservice|emailservice|currencyservice|cartservice,adservice_workload,0.6233333333333333,5,5,0.7033333333333334,0.5433333333333333,5,5,5,0.7,baseline-v2-20260723,cd270e7871bd358937d83d9a49829637fa80007d2964084ef229f578e3733bd3,ba75425861a059dafcc477474fc3e4ed1eafdc2b47d6fdd0557337035d29a960,3cc0fc2493ae514ac3146aaee0429373cfd8a5c7181d7d9f1f91abd1e565791b,557961,1716143232000000000,300
OB/adservice_loss/4,OB,adservice,loss,4,300,300,incident,0.3,5,0.3,baro,1,1.0,1.0,0.0,1,1,1,13,64.56139998044819,adservice|paymentservice|frontend-external|emailservice|cartservice,adservice_workload,0.6293333333333333,5,5,0.7106666666666667,0.548,5,5,5,0.7,baseline-v2-20260723,cd270e7871bd358937d83d9a49829637fa80007d2964084ef229f578e3733bd3,ba75425861a059dafcc477474fc3e4ed1eafdc2b47d6fdd0557337035d29a960,3cc0fc2493ae514ac3146aaee0429373cfd8a5c7181d7d9f1f91abd1e565791b,557961,1716143232000000000,300
OB/adservice_loss/4,OB,adservice,loss,4,300,300,incident,0.3,5,0.3,median_shift,6,0.16666666666666666,0.0,0.4166666666666667,0,0,0,13,11.671499989461154,checkoutservice|emailservice|paymentservice|recommendationservice|shippingservice,checkoutservice_latency-90,0.6293333333333333,5,5,0.7106666666666667,0.548,5,5,5,0.7,baseline-v2-20260723,cd270e7871bd358937d83d9a49829637fa80007d2964084ef229f578e3733bd3,ba75425861a059dafcc477474fc3e4ed1eafdc2b47d6fdd0557337035d29a960,3cc0fc2493ae514ac3146aaee0429373cfd8a5c7181d7d9f1f91abd1e565791b,557961,1716143232000000000,300
OB/adservice_loss/4,OB,adservice,loss,4,300,300,incident,0.3,5,0.3,nsigma,1,1.0,1.0,0.0,1,1,1,13,54.10059995483607,adservice|checkoutservice|emailservice|cartservice|currencyservice,adservice_workload,0.6293333333333333,5,5,0.7106666666666667,0.548,5,5,5,0.7,baseline-v2-20260723,cd270e7871bd358937d83d9a49829637fa80007d2964084ef229f578e3733bd3,ba75425861a059dafcc477474fc3e4ed1eafdc2b47d6fdd0557337035d29a960,3cc0fc2493ae514ac3146aaee0429373cfd8a5c7181d7d9f1f91abd1e565791b,557961,1716143232000000000,300
OB/adservice_loss/4,OB,adservice,loss,4,300,300,incident,0.3,6,0.3,baro,2,0.5,0.8,0.08333333333333333,0,1,1,13,65.35329995676875,recommendationservice|adservice|paymentservice|checkoutservice|currencyservice,recommendationservice_latency-90,0.6346666666666667,5,5,0.71,0.5593333333333333,5,5,5,0.7,baseline-v2-20260723,cd270e7871bd358937d83d9a49829637fa80007d2964084ef229f578e3733bd3,ba75425861a059dafcc477474fc3e4ed1eafdc2b47d6fdd0557337035d29a960,3cc0fc2493ae514ac3146aaee0429373cfd8a5c7181d7d9f1f91abd1e565791b,557961,1716143232000000000,300
OB/adservice_loss/4,OB,adservice,loss,4,300,300,incident,0.3,6,0.3,median_shift,6,0.16666666666666666,0.0,0.4166666666666667,0,0,0,13,23.161299992352724,checkoutservice|emailservice|paymentservice|recommendationservice|main,checkoutservice_latency-90,0.6346666666666667,5,5,0.71,0.5593333333333333,5,5,5,0.7,baseline-v2-20260723,cd270e7871bd358937d83d9a49829637fa80007d2964084ef229f578e3733bd3,ba75425861a059dafcc477474fc3e4ed1eafdc2b47d6fdd0557337035d29a960,3cc0fc2493ae514ac3146aaee0429373cfd8a5c7181d7d9f1f91abd1e565791b,557961,1716143232000000000,300
OB/adservice_loss/4,OB,adservice,loss,4,300,300,incident,0.3,6,0.3,nsigma,2,0.5,0.8,0.08333333333333333,0,1,1,13,51.75390001386404,checkoutservice|adservice|emailservice|currencyservice|cartservice,checkoutservice_latency-50,0.6346666666666667,5,5,0.71,0.5593333333333333,5,5,5,0.7,baseline-v2-20260723,cd270e7871bd358937d83d9a49829637fa80007d2964084ef229f578e3733bd3,ba75425861a059dafcc477474fc3e4ed1eafdc2b47d6fdd0557337035d29a960,3cc0fc2493ae514ac3146aaee0429373cfd8a5c7181d7d9f1f91abd1e565791b,557961,1716143232000000000,300
OB/adservice_loss/4,OB,adservice,loss,4,300,300,incident,0.3,7,0.3,baro,5,0.2,0.2,0.3333333333333333,0,0,1,13,68.18070000736043,recommendationservice|paymentservice|frontend|productcatalogservice|adservice,recommendationservice_latency-90,0.633,5,5,0.7106666666666667,0.5553333333333333,5,5,5,0.7,baseline-v2-20260723,cd270e7871bd358937d83d9a49829637fa80007d2964084ef229f578e3733bd3,ba75425861a059dafcc477474fc3e4ed1eafdc2b47d6fdd0557337035d29a960,3cc0fc2493ae514ac3146aaee0429373cfd8a5c7181d7d9f1f91abd1e565791b,557961,1716143232000000000,300
OB/adservice_loss/4,OB,adservice,loss,4,300,300,incident,0.3,7,0.3,median_shift,6,0.16666666666666666,0.0,0.4166666666666667,0,0,0,13,21.762899996247143,checkoutservice|frontend|recommendationservice|emailservice|paymentservice,checkoutservice_latency-90,0.633,5,5,0.7106666666666667,0.5553333333333333,5,5,5,0.7,baseline-v2-20260723,cd270e7871bd358937d83d9a49829637fa80007d2964084ef229f578e3733bd3,ba75425861a059dafcc477474fc3e4ed1eafdc2b47d6fdd0557337035d29a960,3cc0fc2493ae514ac3146aaee0429373cfd8a5c7181d7d9f1f91abd1e565791b,557961,1716143232000000000,300
OB/adservice_loss/4,OB,adservice,loss,4,300,300,incident,0.3,7,0.3,nsigma,2,0.5,0.8,0.08333333333333333,0,1,1,13,54.56650000996888,checkoutservice|adservice|emailservice|cartservice|currencyservice,checkoutservice_latency-50,0.633,5,5,0.7106666666666667,0.5553333333333333,5,5,5,0.7,baseline-v2-20260723,cd270e7871bd358937d83d9a49829637fa80007d2964084ef229f578e3733bd3,ba75425861a059dafcc477474fc3e4ed1eafdc2b47d6fdd0557337035d29a960,3cc0fc2493ae514ac3146aaee0429373cfd8a5c7181d7d9f1f91abd1e565791b,557961,1716143232000000000,300
OB/adservice_loss/4,OB,adservice,loss,4,300,300,incident,0.3,8,0.3,baro,2,0.5,0.8,0.08333333333333333,0,1,1,13,62.911099987104535,recommendationservice|adservice|paymentservice|checkoutservice|emailservice,recommendationservice_latency-90,0.623,5,5,0.7093333333333334,0.5366666666666666,5,5,5,0.7,baseline-v2-20260723,cd270e7871bd358937d83d9a49829637fa80007d2964084ef229f578e3733bd3,ba75425861a059dafcc477474fc3e4ed1eafdc2b47d6fdd0557337035d29a960,3cc0fc2493ae514ac3146aaee0429373cfd8a5c7181d7d9f1f91abd1e565791b,557961,1716143232000000000,300
OB/adservice_loss/4,OB,adservice,loss,4,300,300,incident,0.3,8,0.3,median_shift,5,0.2,0.2,0.3333333333333333,0,0,1,13,11.16369996452704,checkoutservice|emailservice|paymentservice|recommendationservice|adservice,checkoutservice_latency-90,0.623,5,5,0.7093333333333334,0.5366666666666666,5,5,5,0.7,baseline-v2-20260723,cd270e7871bd358937d83d9a49829637fa80007d2964084ef229f578e3733bd3,ba75425861a059dafcc477474fc3e4ed1eafdc2b47d6fdd0557337035d29a960,3cc0fc2493ae514ac3146aaee0429373cfd8a5c7181d7d9f1f91abd1e565791b,557961,1716143232000000000,300
OB/adservice_loss/4,OB,adservice,loss,4,300,300,incident,0.3,8,0.3,nsigma,2,0.5,0.8,0.08333333333333333,0,1,1,13,63.01439995877445,checkoutservice|adservice|emailservice|currencyservice|cartservice,checkoutservice_latency-50,0.623,5,5,0.7093333333333334,0.5366666666666666,5,5,5,0.7,baseline-v2-20260723,cd270e7871bd358937d83d9a49829637fa80007d2964084ef229f578e3733bd3,ba75425861a059dafcc477474fc3e4ed1eafdc2b47d6fdd0557337035d29a960,3cc0fc2493ae514ac3146aaee0429373cfd8a5c7181d7d9f1f91abd1e565791b,557961,1716143232000000000,300
OB/adservice_loss/4,OB,adservice,loss,4,300,300,incident,0.3,9,0.3,baro,1,1.0,1.0,0.0,1,1,1,13,84.42560001276433,adservice|paymentservice|productcatalogservice|currencyservice|recommendationservice,adservice_workload,0.6243333333333333,5,5,0.6913333333333334,0.5573333333333333,5,5,5,0.7,baseline-v2-20260723,cd270e7871bd358937d83d9a49829637fa80007d2964084ef229f578e3733bd3,ba75425861a059dafcc477474fc3e4ed1eafdc2b47d6fdd0557337035d29a960,3cc0fc2493ae514ac3146aaee0429373cfd8a5c7181d7d9f1f91abd1e565791b,557961,1716143232000000000,300
OB/adservice_loss/4,OB,adservice,loss,4,300,300,incident,0.3,9,0.3,median_shift,5,0.2,0.2,0.3333333333333333,0,0,1,13,22.28050003759563,checkoutservice|emailservice|paymentservice|recommendationservice|adservice,checkoutservice_latency-90,0.6243333333333333,5,5,0.6913333333333334,0.5573333333333333,5,5,5,0.7,baseline-v2-20260723,cd270e7871bd358937d83d9a49829637fa80007d2964084ef229f578e3733bd3,ba75425861a059dafcc477474fc3e4ed1eafdc2b47d6fdd0557337035d29a960,3cc0fc2493ae514ac3146aaee0429373cfd8a5c7181d7d9f1f91abd1e565791b,557961,1716143232000000000,300
OB/adservice_loss/4,OB,adservice,loss,4,300,300,incident,0.3,9,0.3,nsigma,1,1.0,1.0,0.0,1,1,1,13,53.35530004231259,adservice|checkoutservice|currencyservice|shippingservice|emailservice,adservice_workload,0.6243333333333333,5,5,0.6913333333333334,0.5573333333333333,5,5,5,0.7,baseline-v2-20260723,cd270e7871bd358937d83d9a49829637fa80007d2964084ef229f578e3733bd3,ba75425861a059dafcc477474fc3e4ed1eafdc2b47d6fdd0557337035d29a960,3cc0fc2493ae514ac3146aaee0429373cfd8a5c7181d7d9f1f91abd1e565791b,557961,1716143232000000000,300
OB/adservice_loss/4,OB,adservice,loss,4,300,300,incident,0.5,0,0.5,baro,1,1.0,1.0,0.0,1,1,1,13,68.77149996580556,adservice|recommendationservice|productcatalogservice|paymentservice|checkoutservice,adservice_workload,0.43466666666666665,5,5,0.5013333333333333,0.368,5,5,5,0.5,baseline-v2-20260723,cd270e7871bd358937d83d9a49829637fa80007d2964084ef229f578e3733bd3,ba75425861a059dafcc477474fc3e4ed1eafdc2b47d6fdd0557337035d29a960,3cc0fc2493ae514ac3146aaee0429373cfd8a5c7181d7d9f1f91abd1e565791b,557961,1716143232000000000,300
OB/adservice_loss/4,OB,adservice,loss,4,300,300,incident,0.5,0,0.5,median_shift,3,0.3333333333333333,0.6,0.16666666666666666,0,1,1,13,14.87100002123043,emailservice|paymentservice|adservice|shippingservice|checkoutservice,emailservice_workload,0.43466666666666665,5,5,0.5013333333333333,0.368,5,5,5,0.5,baseline-v2-20260723,cd270e7871bd358937d83d9a49829637fa80007d2964084ef229f578e3733bd3,ba75425861a059dafcc477474fc3e4ed1eafdc2b47d6fdd0557337035d29a960,3cc0fc2493ae514ac3146aaee0429373cfd8a5c7181d7d9f1f91abd1e565791b,557961,1716143232000000000,300
OB/adservice_loss/4,OB,adservice,loss,4,300,300,incident,0.5,0,0.5,nsigma,1,1.0,1.0,0.0,1,1,1,13,67.4577999743633,adservice|checkoutservice|cartservice|currencyservice|recommendationservice,adservice_workload,0.43466666666666665,5,5,0.5013333333333333,0.368,5,5,5,0.5,baseline-v2-20260723,cd270e7871bd358937d83d9a49829637fa80007d2964084ef229f578e3733bd3,ba75425861a059dafcc477474fc3e4ed1eafdc2b47d6fdd0557337035d29a960,3cc0fc2493ae514ac3146aaee0429373cfd8a5c7181d7d9f1f91abd1e565791b,557961,1716143232000000000,300
OB/adservice_loss/4,OB,adservice,loss,4,300,300,incident,0.5,1,0.5,baro,2,0.5,0.8,0.08333333333333333,0,1,1,13,63.9460000093095,recommendationservice|adservice|paymentservice|emailservice|productcatalogservice,recommendationservice_latency-90,0.43866666666666665,5,5,0.5106666666666667,0.36666666666666664,5,5,5,0.5,baseline-v2-20260723,cd270e7871bd358937d83d9a49829637fa80007d2964084ef229f578e3733bd3,ba75425861a059dafcc477474fc3e4ed1eafdc2b47d6fdd0557337035d29a960,3cc0fc2493ae514ac3146aaee0429373cfd8a5c7181d7d9f1f91abd1e565791b,557961,1716143232000000000,300
OB/adservice_loss/4,OB,adservice,loss,4,300,300,incident,0.5,1,0.5,median_shift,4,0.25,0.4,0.25,0,0,1,13,11.155500018503517,checkoutservice|emailservice|paymentservice|adservice|recommendationservice,checkoutservice_workload,0.43866666666666665,5,5,0.5106666666666667,0.36666666666666664,5,5,5,0.5,baseline-v2-20260723,cd270e7871bd358937d83d9a49829637fa80007d2964084ef229f578e3733bd3,ba75425861a059dafcc477474fc3e4ed1eafdc2b47d6fdd0557337035d29a960,3cc0fc2493ae514ac3146aaee0429373cfd8a5c7181d7d9f1f91abd1e565791b,557961,1716143232000000000,300
OB/adservice_loss/4,OB,adservice,loss,4,300,300,incident,0.5,1,0.5,nsigma,8,0.125,0.0,0.5833333333333334,0,0,0,13,57.38999997265637,checkoutservice|emailservice|recommendationservice|frontend|currencyservice,checkoutservice_latency-50,0.43866666666666665,5,5,0.5106666666666667,0.36666666666666664,5,5,5,0.5,baseline-v2-20260723,cd270e7871bd358937d83d9a49829637fa80007d2964084ef229f578e3733bd3,ba75425861a059dafcc477474fc3e4ed1eafdc2b47d6fdd0557337035d29a960,3cc0fc2493ae514ac3146aaee0429373cfd8a5c7181d7d9f1f91abd1e565791b,557961,1716143232000000000,300
OB/adservice_loss/4,OB,adservice,loss,4,300,300,incident,0.5,2,0.5,baro,3,0.3333333333333333,0.6,0.16666666666666666,0,1,1,13,68.17290000617504,recommendationservice|paymentservice|adservice|emailservice|redis,recommendationservice_latency-90,0.43466666666666665,5,5,0.5,0.36933333333333335,5,5,5,0.5,baseline-v2-20260723,cd270e7871bd358937d83d9a49829637fa80007d2964084ef229f578e3733bd3,ba75425861a059dafcc477474fc3e4ed1eafdc2b47d6fdd0557337035d29a960,3cc0fc2493ae514ac3146aaee0429373cfd8a5c7181d7d9f1f91abd1e565791b,557961,1716143232000000000,300
OB/adservice_loss/4,OB,adservice,loss,4,300,300,incident,0.5,2,0.5,median_shift,4,0.25,0.4,0.25,0,0,1,13,17.06929999636486,checkoutservice|emailservice|paymentservice|adservice|frontend,checkoutservice_workload,0.43466666666666665,5,5,0.5,0.36933333333333335,5,5,5,0.5,baseline-v2-20260723,cd270e7871bd358937d83d9a49829637fa80007d2964084ef229f578e3733bd3,ba75425861a059dafcc477474fc3e4ed1eafdc2b47d6fdd0557337035d29a960,3cc0fc2493ae514ac3146aaee0429373cfd8a5c7181d7d9f1f91abd1e565791b,557961,1716143232000000000,300
OB/adservice_loss/4,OB,adservice,loss,4,300,300,incident,0.5,2,0.5,nsigma,2,0.5,0.8,0.08333333333333333,0,1,1,13,53.756400011479855,checkoutservice|adservice|recommendationservice|frontend|paymentservice,checkoutservice_latency-50,0.43466666666666665,5,5,0.5,0.36933333333333335,5,5,5,0.5,baseline-v2-20260723,cd270e7871bd358937d83d9a49829637fa80007d2964084ef229f578e3733bd3,ba75425861a059dafcc477474fc3e4ed1eafdc2b47d6fdd0557337035d29a960,3cc0fc2493ae514ac3146aaee0429373cfd8a5c7181d7d9f1f91abd1e565791b,557961,1716143232000000000,300
OB/adservice_loss/4,OB,adservice,loss,4,300,300,incident,0.5,3,0.5,baro,1,1.0,1.0,0.0,1,1,1,13,61.48509995546192,adservice|paymentservice|recommendationservice|frontend|checkoutservice,adservice_workload,0.43366666666666664,5,5,0.5026666666666667,0.36466666666666664,5,5,5,0.5,baseline-v2-20260723,cd270e7871bd358937d83d9a49829637fa80007d2964084ef229f578e3733bd3,ba75425861a059dafcc477474fc3e4ed1eafdc2b47d6fdd0557337035d29a960,3cc0fc2493ae514ac3146aaee0429373cfd8a5c7181d7d9f1f91abd1e565791b,557961,1716143232000000000,300
OB/adservice_loss/4,OB,adservice,loss,4,300,300,incident,0.5,3,0.5,median_shift,4,0.25,0.4,0.25,0,0,1,13,10.933400015346706,checkoutservice|emailservice|paymentservice|adservice|redis,checkoutservice_workload,0.43366666666666664,5,5,0.5026666666666667,0.36466666666666664,5,5,5,0.5,baseline-v2-20260723,cd270e7871bd358937d83d9a49829637fa80007d2964084ef229f578e3733bd3,ba75425861a059dafcc477474fc3e4ed1eafdc2b47d6fdd0557337035d29a960,3cc0fc2493ae514ac3146aaee0429373cfd8a5c7181d7d9f1f91abd1e565791b,557961,1716143232000000000,300
OB/adservice_loss/4,OB,adservice,loss,4,300,300,incident,0.5,3,0.5,nsigma,1,1.0,1.0,0.0,1,1,1,13,62.115699984133244,adservice|checkoutservice|currencyservice|frontend|frontend-external,adservice_workload,0.43366666666666664,5,5,0.5026666666666667,0.36466666666666664,5,5,5,0.5,baseline-v2-20260723,cd270e7871bd358937d83d9a49829637fa80007d2964084ef229f578e3733bd3,ba75425861a059dafcc477474fc3e4ed1eafdc2b47d6fdd0557337035d29a960,3cc0fc2493ae514ac3146aaee0429373cfd8a5c7181d7d9f1f91abd1e565791b,557961,1716143232000000000,300
OB/adservice_loss/4,OB,adservice,loss,4,300,300,incident,0.5,4,0.5,baro,9,0.1111111111111111,0.0,0.6666666666666666,0,0,0,13,73.50389997009188,recommendationservice|paymentservice|shippingservice|checkoutservice|productcatalogservice,recommendationservice_latency-90,0.43366666666666664,5,5,0.49666666666666665,0.37066666666666664,5,5,5,0.5,baseline-v2-20260723,cd270e7871bd358937d83d9a49829637fa80007d2964084ef229f578e3733bd3,ba75425861a059dafcc477474fc3e4ed1eafdc2b47d6fdd0557337035d29a960,3cc0fc2493ae514ac3146aaee0429373cfd8a5c7181d7d9f1f91abd1e565791b,557961,1716143232000000000,300
OB/adservice_loss/4,OB,adservice,loss,4,300,300,incident,0.5,4,0.5,median_shift,5,0.2,0.2,0.3333333333333333,0,0,1,13,10.437700024340302,recommendationservice|checkoutservice|emailservice|paymentservice|adservice,recommendationservice_cpu,0.43366666666666664,5,5,0.49666666666666665,0.37066666666666664,5,5,5,0.5,baseline-v2-20260723,cd270e7871bd358937d83d9a49829637fa80007d2964084ef229f578e3733bd3,ba75425861a059dafcc477474fc3e4ed1eafdc2b47d6fdd0557337035d29a960,3cc0fc2493ae514ac3146aaee0429373cfd8a5c7181d7d9f1f91abd1e565791b,557961,1716143232000000000,300
OB/adservice_loss/4,OB,adservice,loss,4,300,300,incident,0.5,4,0.5,nsigma,4,0.25,0.4,0.25,0,0,1,13,59.38910000259057,checkoutservice|emailservice|recommendationservice|adservice|currencyservice,checkoutservice_latency-90,0.43366666666666664,5,5,0.49666666666666665,0.37066666666666664,5,5,5,0.5,baseline-v2-20260723,cd270e7871bd358937d83d9a49829637fa80007d2964084ef229f578e3733bd3,ba75425861a059dafcc477474fc3e4ed1eafdc2b47d6fdd0557337035d29a960,3cc0fc2493ae514ac3146aaee0429373cfd8a5c7181d7d9f1f91abd1e565791b,557961,1716143232000000000,300
OB/adservice_loss/4,OB,adservice,loss,4,300,300,incident,0.5,5,0.5,baro,2,0.5,0.8,0.08333333333333333,0,1,1,13,76.65840000845492,recommendationservice|adservice|frontend|shippingservice|checkoutservice,recommendationservice_latency-90,0.43966666666666665,5,5,0.49866666666666665,0.38066666666666665,5,5,5,0.5,baseline-v2-20260723,cd270e7871bd358937d83d9a49829637fa80007d2964084ef229f578e3733bd3,ba75425861a059dafcc477474fc3e4ed1eafdc2b47d6fdd0557337035d29a960,3cc0fc2493ae514ac3146aaee0429373cfd8a5c7181d7d9f1f91abd1e565791b,557961,1716143232000000000,300
OB/adservice_loss/4,OB,adservice,loss,4,300,300,incident,0.5,5,0.5,median_shift,4,0.25,0.4,0.25,0,0,1,13,14.085999981034547,checkoutservice|paymentservice|recommendationservice|adservice|emailservice,checkoutservice_workload,0.43966666666666665,5,5,0.49866666666666665,0.38066666666666665,5,5,5,0.5,baseline-v2-20260723,cd270e7871bd358937d83d9a49829637fa80007d2964084ef229f578e3733bd3,ba75425861a059dafcc477474fc3e4ed1eafdc2b47d6fdd0557337035d29a960,3cc0fc2493ae514ac3146aaee0429373cfd8a5c7181d7d9f1f91abd1e565791b,557961,1716143232000000000,300
OB/adservice_loss/4,OB,adservice,loss,4,300,300,incident,0.5,5,0.5,nsigma,1,1.0,1.0,0.0,1,1,1,13,51.231699995696545,adservice|checkoutservice|recommendationservice|cartservice|frontend,adservice_workload,0.43966666666666665,5,5,0.49866666666666665,0.38066666666666665,5,5,5,0.5,baseline-v2-20260723,cd270e7871bd358937d83d9a49829637fa80007d2964084ef229f578e3733bd3,ba75425861a059dafcc477474fc3e4ed1eafdc2b47d6fdd0557337035d29a960,3cc0fc2493ae514ac3146aaee0429373cfd8a5c7181d7d9f1f91abd1e565791b,557961,1716143232000000000,300
OB/adservice_loss/4,OB,adservice,loss,4,300,300,incident,0.5,6,0.5,baro,12,0.08333333333333333,0.0,0.9166666666666666,0,0,0,13,81.45550003973767,paymentservice|recommendationservice|checkoutservice|frontend-external|cartservice,paymentservice_mem,0.44566666666666666,5,5,0.518,0.37333333333333335,5,5,5,0.5,baseline-v2-20260723,cd270e7871bd358937d83d9a49829637fa80007d2964084ef229f578e3733bd3,ba75425861a059dafcc477474fc3e4ed1eafdc2b47d6fdd0557337035d29a960,3cc0fc2493ae514ac3146aaee0429373cfd8a5c7181d7d9f1f91abd1e565791b,557961,1716143232000000000,300
OB/adservice_loss/4,OB,adservice,loss,4,300,300,incident,0.5,6,0.5,median_shift,4,0.25,0.4,0.25,0,0,1,13,13.446800003293902,checkoutservice|emailservice|paymentservice|adservice|recommendationservice,checkoutservice_workload,0.44566666666666666,5,5,0.518,0.37333333333333335,5,5,5,0.5,baseline-v2-20260723,cd270e7871bd358937d83d9a49829637fa80007d2964084ef229f578e3733bd3,ba75425861a059dafcc477474fc3e4ed1eafdc2b47d6fdd0557337035d29a960,3cc0fc2493ae514ac3146aaee0429373cfd8a5c7181d7d9f1f91abd1e565791b,557961,1716143232000000000,300
OB/adservice_loss/4,OB,adservice,loss,4,300,300,incident,0.5,6,0.5,nsigma,8,0.125,0.0,0.5833333333333334,0,0,0,13,72.2613999969326,checkoutservice|frontend|currencyservice|cartservice|shippingservice,checkoutservice_latency-50,0.44566666666666666,5,5,0.518,0.37333333333333335,5,5,5,0.5,baseline-v2-20260723,cd270e7871bd358937d83d9a49829637fa80007d2964084ef229f578e3733bd3,ba75425861a059dafcc477474fc3e4ed1eafdc2b47d6fdd0557337035d29a960,3cc0fc2493ae514ac3146aaee0429373cfd8a5c7181d7d9f1f91abd1e565791b,557961,1716143232000000000,300
OB/adservice_loss/4,OB,adservice,loss,4,300,300,incident,0.5,7,0.5,baro,1,1.0,1.0,0.0,1,1,1,13,70.61609998345375,adservice|recommendationservice|frontend|checkoutservice|shippingservice,adservice_workload,0.43733333333333335,5,5,0.494,0.38066666666666665,5,5,5,0.5,baseline-v2-20260723,cd270e7871bd358937d83d9a49829637fa80007d2964084ef229f578e3733bd3,ba75425861a059dafcc477474fc3e4ed1eafdc2b47d6fdd0557337035d29a960,3cc0fc2493ae514ac3146aaee0429373cfd8a5c7181d7d9f1f91abd1e565791b,557961,1716143232000000000,300
OB/adservice_loss/4,OB,adservice,loss,4,300,300,incident,0.5,7,0.5,median_shift,6,0.16666666666666666,0.0,0.4166666666666667,0,0,0,13,11.805100017227232,checkoutservice|emailservice|paymentservice|shippingservice|recommendationservice,checkoutservice_workload,0.43733333333333335,5,5,0.494,0.38066666666666665,5,5,5,0.5,baseline-v2-20260723,cd270e7871bd358937d83d9a49829637fa80007d2964084ef229f578e3733bd3,ba75425861a059dafcc477474fc3e4ed1eafdc2b47d6fdd0557337035d29a960,3cc0fc2493ae514ac3146aaee0429373cfd8a5c7181d7d9f1f91abd1e565791b,557961,1716143232000000000,300
OB/adservice_loss/4,OB,adservice,loss,4,300,300,incident,0.5,7,0.5,nsigma,1,1.0,1.0,0.0,1,1,1,13,48.98030002368614,adservice|checkoutservice|emailservice|cartservice|frontend,adservice_workload,0.43733333333333335,5,5,0.494,0.38066666666666665,5,5,5,0.5,baseline-v2-20260723,cd270e7871bd358937d83d9a49829637fa80007d2964084ef229f578e3733bd3,ba75425861a059dafcc477474fc3e4ed1eafdc2b47d6fdd0557337035d29a960,3cc0fc2493ae514ac3146aaee0429373cfd8a5c7181d7d9f1f91abd1e565791b,557961,1716143232000000000,300
OB/adservice_loss/4,OB,adservice,loss,4,300,300,incident,0.5,8,0.5,baro,10,0.1,0.0,0.75,0,0,0,13,72.89279997348785,paymentservice|frontend|recommendationservice|checkoutservice|emailservice,paymentservice_mem,0.444,5,5,0.512,0.376,5,5,5,0.5,baseline-v2-20260723,cd270e7871bd358937d83d9a49829637fa80007d2964084ef229f578e3733bd3,ba75425861a059dafcc477474fc3e4ed1eafdc2b47d6fdd0557337035d29a960,3cc0fc2493ae514ac3146aaee0429373cfd8a5c7181d7d9f1f91abd1e565791b,557961,1716143232000000000,300
OB/adservice_loss/4,OB,adservice,loss,4,300,300,incident,0.5,8,0.5,median_shift,6,0.16666666666666666,0.0,0.4166666666666667,0,0,0,13,17.981900018639863,checkoutservice|emailservice|paymentservice|redis|frontend,checkoutservice_workload,0.444,5,5,0.512,0.376,5,5,5,0.5,baseline-v2-20260723,cd270e7871bd358937d83d9a49829637fa80007d2964084ef229f578e3733bd3,ba75425861a059dafcc477474fc3e4ed1eafdc2b47d6fdd0557337035d29a960,3cc0fc2493ae514ac3146aaee0429373cfd8a5c7181d7d9f1f91abd1e565791b,557961,1716143232000000000,300
OB/adservice_loss/4,OB,adservice,loss,4,300,300,incident,0.5,8,0.5,nsigma,6,0.16666666666666666,0.0,0.4166666666666667,0,0,0,13,59.26430004183203,checkoutservice|emailservice|frontend|currencyservice|cartservice,checkoutservice_latency-90,0.444,5,5,0.512,0.376,5,5,5,0.5,baseline-v2-20260723,cd270e7871bd358937d83d9a49829637fa80007d2964084ef229f578e3733bd3,ba75425861a059dafcc477474fc3e4ed1eafdc2b47d6fdd0557337035d29a960,3cc0fc2493ae514ac3146aaee0429373cfd8a5c7181d7d9f1f91abd1e565791b,557961,1716143232000000000,300
OB/adservice_loss/4,OB,adservice,loss,4,300,300,incident,0.5,9,0.5,baro,1,1.0,1.0,0.0,1,1,1,13,86.86090004630387,adservice|recommendationservice|paymentservice|shippingservice|frontend,adservice_workload,0.42633333333333334,5,5,0.48,0.37266666666666665,5,5,5,0.5,baseline-v2-20260723,cd270e7871bd358937d83d9a49829637fa80007d2964084ef229f578e3733bd3,ba75425861a059dafcc477474fc3e4ed1eafdc2b47d6fdd0557337035d29a960,3cc0fc2493ae514ac3146aaee0429373cfd8a5c7181d7d9f1f91abd1e565791b,557961,1716143232000000000,300
OB/adservice_loss/4,OB,adservice,loss,4,300,300,incident,0.5,9,0.5,median_shift,3,0.3333333333333333,0.6,0.16666666666666666,0,1,1,13,20.87000000756234,emailservice|paymentservice|adservice|checkoutservice|recommendationservice,emailservice_workload,0.42633333333333334,5,5,0.48,0.37266666666666665,5,5,5,0.5,baseline-v2-20260723,cd270e7871bd358937d83d9a49829637fa80007d2964084ef229f578e3733bd3,ba75425861a059dafcc477474fc3e4ed1eafdc2b47d6fdd0557337035d29a960,3cc0fc2493ae514ac3146aaee0429373cfd8a5c7181d7d9f1f91abd1e565791b,557961,1716143232000000000,300
OB/adservice_loss/4,OB,adservice,loss,4,300,300,incident,0.5,9,0.5,nsigma,1,1.0,1.0,0.0,1,1,1,13,58.75430000014603,adservice|currencyservice|shippingservice|checkoutservice|paymentservice,adservice_workload,0.42633333333333334,5,5,0.48,0.37266666666666665,5,5,5,0.5,baseline-v2-20260723,cd270e7871bd358937d83d9a49829637fa80007d2964084ef229f578e3733bd3,ba75425861a059dafcc477474fc3e4ed1eafdc2b47d6fdd0557337035d29a960,3cc0fc2493ae514ac3146aaee0429373cfd8a5c7181d7d9f1f91abd1e565791b,557961,1716143232000000000,300
OB/adservice_loss/4,OB,adservice,loss,4,300,300,none,0.0,0,0.0,baro,1,1.0,1.0,0.0,1,1,1,13,72.72360002389178,adservice|redis|paymentservice|productcatalogservice|main,adservice_mem,1.0,5,5,1.0,1.0,5,5,5,1.0,baseline-v2-20260723,cd270e7871bd358937d83d9a49829637fa80007d2964084ef229f578e3733bd3,ba75425861a059dafcc477474fc3e4ed1eafdc2b47d6fdd0557337035d29a960,3cc0fc2493ae514ac3146aaee0429373cfd8a5c7181d7d9f1f91abd1e565791b,557961,1716143232000000000,300
OB/adservice_loss/4,OB,adservice,loss,4,300,300,none,0.0,0,0.0,median_shift,1,1.0,1.0,0.0,1,1,1,13,11.48540002759546,adservice|main|paymentservice|currencyservice|redis,adservice_latency-90,1.0,5,5,1.0,1.0,5,5,5,1.0,baseline-v2-20260723,cd270e7871bd358937d83d9a49829637fa80007d2964084ef229f578e3733bd3,ba75425861a059dafcc477474fc3e4ed1eafdc2b47d6fdd0557337035d29a960,3cc0fc2493ae514ac3146aaee0429373cfd8a5c7181d7d9f1f91abd1e565791b,557961,1716143232000000000,300
OB/adservice_loss/4,OB,adservice,loss,4,300,300,none,0.0,0,0.0,nsigma,1,1.0,1.0,0.0,1,1,1,13,79.874099988956,adservice|paymentservice|main|cartservice|productcatalogservice,adservice_mem,1.0,5,5,1.0,1.0,5,5,5,1.0,baseline-v2-20260723,cd270e7871bd358937d83d9a49829637fa80007d2964084ef229f578e3733bd3,ba75425861a059dafcc477474fc3e4ed1eafdc2b47d6fdd0557337035d29a960,3cc0fc2493ae514ac3146aaee0429373cfd8a5c7181d7d9f1f91abd1e565791b,557961,1716143232000000000,300
OB/adservice_loss/4,OB,adservice,loss,4,300,300,point,0.1,0,0.1,baro,1,1.0,1.0,0.0,1,1,1,13,65.18900004448369,adservice|redis|paymentservice|productcatalogservice|main,adservice_mem,0.895,5,5,0.8926666666666667,0.8973333333333333,5,5,5,0.9,baseline-v2-20260723,cd270e7871bd358937d83d9a49829637fa80007d2964084ef229f578e3733bd3,ba75425861a059dafcc477474fc3e4ed1eafdc2b47d6fdd0557337035d29a960,3cc0fc2493ae514ac3146aaee0429373cfd8a5c7181d7d9f1f91abd1e565791b,557961,1716143232000000000,300
OB/adservice_loss/4,OB,adservice,loss,4,300,300,point,0.1,0,0.1,median_shift,1,1.0,1.0,0.0,1,1,1,13,16.24299999093637,adservice|main|paymentservice|redis|productcatalogservice,adservice_latency-90,0.895,5,5,0.8926666666666667,0.8973333333333333,5,5,5,0.9,baseline-v2-20260723,cd270e7871bd358937d83d9a49829637fa80007d2964084ef229f578e3733bd3,ba75425861a059dafcc477474fc3e4ed1eafdc2b47d6fdd0557337035d29a960,3cc0fc2493ae514ac3146aaee0429373cfd8a5c7181d7d9f1f91abd1e565791b,557961,1716143232000000000,300
OB/adservice_loss/4,OB,adservice,loss,4,300,300,point,0.1,0,0.1,nsigma,1,1.0,1.0,0.0,1,1,1,13,74.5691999909468,adservice|paymentservice|main|cartservice|checkoutservice,adservice_mem,0.895,5,5,0.8926666666666667,0.8973333333333333,5,5,5,0.9,baseline-v2-20260723,cd270e7871bd358937d83d9a49829637fa80007d2964084ef229f578e3733bd3,ba75425861a059dafcc477474fc3e4ed1eafdc2b47d6fdd0557337035d29a960,3cc0fc2493ae514ac3146aaee0429373cfd8a5c7181d7d9f1f91abd1e565791b,557961,1716143232000000000,300
OB/adservice_loss/4,OB,adservice,loss,4,300,300,point,0.1,1,0.1,baro,1,1.0,1.0,0.0,1,1,1,13,61.19869998656213,adservice|redis|paymentservice|productcatalogservice|cartservice,adservice_mem,0.8996666666666666,5,5,0.892,0.9073333333333333,5,5,5,0.9,baseline-v2-20260723,cd270e7871bd358937d83d9a49829637fa80007d2964084ef229f578e3733bd3,ba75425861a059dafcc477474fc3e4ed1eafdc2b47d6fdd0557337035d29a960,3cc0fc2493ae514ac3146aaee0429373cfd8a5c7181d7d9f1f91abd1e565791b,557961,1716143232000000000,300
OB/adservice_loss/4,OB,adservice,loss,4,300,300,point,0.1,1,0.1,median_shift,1,1.0,1.0,0.0,1,1,1,13,11.276700010057539,adservice|main|paymentservice|redis|currencyservice,adservice_latency-90,0.8996666666666666,5,5,0.892,0.9073333333333333,5,5,5,0.9,baseline-v2-20260723,cd270e7871bd358937d83d9a49829637fa80007d2964084ef229f578e3733bd3,ba75425861a059dafcc477474fc3e4ed1eafdc2b47d6fdd0557337035d29a960,3cc0fc2493ae514ac3146aaee0429373cfd8a5c7181d7d9f1f91abd1e565791b,557961,1716143232000000000,300
OB/adservice_loss/4,OB,adservice,loss,4,300,300,point,0.1,1,0.1,nsigma,1,1.0,1.0,0.0,1,1,1,13,51.824199967086315,adservice|paymentservice|main|cartservice|checkoutservice,adservice_mem,0.8996666666666666,5,5,0.892,0.9073333333333333,5,5,5,0.9,baseline-v2-20260723,cd270e7871bd358937d83d9a49829637fa80007d2964084ef229f578e3733bd3,ba75425861a059dafcc477474fc3e4ed1eafdc2b47d6fdd0557337035d29a960,3cc0fc2493ae514ac3146aaee0429373cfd8a5c7181d7d9f1f91abd1e565791b,557961,1716143232000000000,300
OB/adservice_loss/4,OB,adservice,loss,4,300,300,point,0.1,2,0.1,baro,1,1.0,1.0,0.0,1,1,1,13,81.7063000285998,adservice|redis|paymentservice|productcatalogservice|main,adservice_mem,0.9033333333333333,5,5,0.8946666666666667,0.912,5,5,5,0.9,baseline-v2-20260723,cd270e7871bd358937d83d9a49829637fa80007d2964084ef229f578e3733bd3,ba75425861a059dafcc477474fc3e4ed1eafdc2b47d6fdd0557337035d29a960,3cc0fc2493ae514ac3146aaee0429373cfd8a5c7181d7d9f1f91abd1e565791b,557961,1716143232000000000,300
OB/adservice_loss/4,OB,adservice,loss,4,300,300,point,0.1,2,0.1,median_shift,1,1.0,1.0,0.0,1,1,1,13,11.247200018260628,adservice|main|paymentservice|redis|currencyservice,adservice_latency-90,0.9033333333333333,5,5,0.8946666666666667,0.912,5,5,5,0.9,baseline-v2-20260723,cd270e7871bd358937d83d9a49829637fa80007d2964084ef229f578e3733bd3,ba75425861a059dafcc477474fc3e4ed1eafdc2b47d6fdd0557337035d29a960,3cc0fc2493ae514ac3146aaee0429373cfd8a5c7181d7d9f1f91abd1e565791b,557961,1716143232000000000,300
OB/adservice_loss/4,OB,adservice,loss,4,300,300,point,0.1,2,0.1,nsigma,1,1.0,1.0,0.0,1,1,1,13,51.730999955907464,adservice|paymentservice|main|cartservice|productcatalogservice,adservice_mem,0.9033333333333333,5,5,0.8946666666666667,0.912,5,5,5,0.9,baseline-v2-20260723,cd270e7871bd358937d83d9a49829637fa80007d2964084ef229f578e3733bd3,ba75425861a059dafcc477474fc3e4ed1eafdc2b47d6fdd0557337035d29a960,3cc0fc2493ae514ac3146aaee0429373cfd8a5c7181d7d9f1f91abd1e565791b,557961,1716143232000000000,300
OB/adservice_loss/4,OB,adservice,loss,4,300,300,point,0.1,3,0.1,baro,1,1.0,1.0,0.0,1,1,1,13,87.67979999538511,adservice|redis|paymentservice|productcatalogservice|cartservice,adservice_mem,0.9046666666666666,5,5,0.9086666666666666,0.9006666666666666,5,5,5,0.9,baseline-v2-20260723,cd270e7871bd358937d83d9a49829637fa80007d2964084ef229f578e3733bd3,ba75425861a059dafcc477474fc3e4ed1eafdc2b47d6fdd0557337035d29a960,3cc0fc2493ae514ac3146aaee0429373cfd8a5c7181d7d9f1f91abd1e565791b,557961,1716143232000000000,300
OB/adservice_loss/4,OB,adservice,loss,4,300,300,point,0.1,3,0.1,median_shift,1,1.0,1.0,0.0,1,1,1,13,10.36529999691993,adservice|main|paymentservice|redis|currencyservice,adservice_latency-90,0.9046666666666666,5,5,0.9086666666666666,0.9006666666666666,5,5,5,0.9,baseline-v2-20260723,cd270e7871bd358937d83d9a49829637fa80007d2964084ef229f578e3733bd3,ba75425861a059dafcc477474fc3e4ed1eafdc2b47d6fdd0557337035d29a960,3cc0fc2493ae514ac3146aaee0429373cfd8a5c7181d7d9f1f91abd1e565791b,557961,1716143232000000000,300
OB/adservice_loss/4,OB,adservice,loss,4,300,300,point,0.1,3,0.1,nsigma,1,1.0,1.0,0.0,1,1,1,13,64.4901999621652,adservice|paymentservice|main|cartservice|productcatalogservice,adservice_mem,0.9046666666666666,5,5,0.9086666666666666,0.9006666666666666,5,5,5,0.9,baseline-v2-20260723,cd270e7871bd358937d83d9a49829637fa80007d2964084ef229f578e3733bd3,ba75425861a059dafcc477474fc3e4ed1eafdc2b47d6fdd0557337035d29a960,3cc0fc2493ae514ac3146aaee0429373cfd8a5c7181d7d9f1f91abd1e565791b,557961,1716143232000000000,300
OB/adservice_loss/4,OB,adservice,loss,4,300,300,point,0.1,4,0.1,baro,1,1.0,1.0,0.0,1,1,1,13,78.36159999715164,adservice|redis|paymentservice|productcatalogservice|main,adservice_mem,0.898,5,5,0.896,0.9,5,5,5,0.9,baseline-v2-20260723,cd270e7871bd358937d83d9a49829637fa80007d2964084ef229f578e3733bd3,ba75425861a059dafcc477474fc3e4ed1eafdc2b47d6fdd0557337035d29a960,3cc0fc2493ae514ac3146aaee0429373cfd8a5c7181d7d9f1f91abd1e565791b,557961,1716143232000000000,300
OB/adservice_loss/4,OB,adservice,loss,4,300,300,point,0.1,4,0.1,median_shift,1,1.0,1.0,0.0,1,1,1,13,11.274599994067103,adservice|main|paymentservice|productcatalogservice|redis,adservice_latency-90,0.898,5,5,0.896,0.9,5,5,5,0.9,baseline-v2-20260723,cd270e7871bd358937d83d9a49829637fa80007d2964084ef229f578e3733bd3,ba75425861a059dafcc477474fc3e4ed1eafdc2b47d6fdd0557337035d29a960,3cc0fc2493ae514ac3146aaee0429373cfd8a5c7181d7d9f1f91abd1e565791b,557961,1716143232000000000,300
OB/adservice_loss/4,OB,adservice,loss,4,300,300,point,0.1,4,0.1,nsigma,1,1.0,1.0,0.0,1,1,1,13,56.53679999522865,adservice|paymentservice|main|cartservice|checkoutservice,adservice_mem,0.898,5,5,0.896,0.9,5,5,5,0.9,baseline-v2-20260723,cd270e7871bd358937d83d9a49829637fa80007d2964084ef229f578e3733bd3,ba75425861a059dafcc477474fc3e4ed1eafdc2b47d6fdd0557337035d29a960,3cc0fc2493ae514ac3146aaee0429373cfd8a5c7181d7d9f1f91abd1e565791b,557961,1716143232000000000,300
OB/adservice_loss/4,OB,adservice,loss,4,300,300,point,0.1,5,0.1,baro,1,1.0,1.0,0.0,1,1,1,13,80.54840000113472,adservice|redis|paymentservice|productcatalogservice|main,adservice_mem,0.8896666666666667,5,5,0.8926666666666667,0.8866666666666667,5,5,5,0.9,baseline-v2-20260723,cd270e7871bd358937d83d9a49829637fa80007d2964084ef229f578e3733bd3,ba75425861a059dafcc477474fc3e4ed1eafdc2b47d6fdd0557337035d29a960,3cc0fc2493ae514ac3146aaee0429373cfd8a5c7181d7d9f1f91abd1e565791b,557961,1716143232000000000,300
OB/adservice_loss/4,OB,adservice,loss,4,300,300,point,0.1,5,0.1,median_shift,1,1.0,1.0,0.0,1,1,1,13,10.908800002653152,adservice|main|paymentservice|redis|currencyservice,adservice_latency-90,0.8896666666666667,5,5,0.8926666666666667,0.8866666666666667,5,5,5,0.9,baseline-v2-20260723,cd270e7871bd358937d83d9a49829637fa80007d2964084ef229f578e3733bd3,ba75425861a059dafcc477474fc3e4ed1eafdc2b47d6fdd0557337035d29a960,3cc0fc2493ae514ac3146aaee0429373cfd8a5c7181d7d9f1f91abd1e565791b,557961,1716143232000000000,300
OB/adservice_loss/4,OB,adservice,loss,4,300,300,point,0.1,5,0.1,nsigma,1,1.0,1.0,0.0,1,1,1,13,64.25639998633415,adservice|paymentservice|main|cartservice|productcatalogservice,adservice_mem,0.8896666666666667,5,5,0.8926666666666667,0.8866666666666667,5,5,5,0.9,baseline-v2-20260723,cd270e7871bd358937d83d9a49829637fa80007d2964084ef229f578e3733bd3,ba75425861a059dafcc477474fc3e4ed1eafdc2b47d6fdd0557337035d29a960,3cc0fc2493ae514ac3146aaee0429373cfd8a5c7181d7d9f1f91abd1e565791b,557961,1716143232000000000,300
OB/adservice_loss/4,OB,adservice,loss,4,300,300,point,0.1,6,0.1,baro,1,1.0,1.0,0.0,1,1,1,13,99.91589997662231,adservice|redis|paymentservice|productcatalogservice|main,adservice_mem,0.895,5,5,0.8953333333333333,0.8946666666666667,5,5,5,0.9,baseline-v2-20260723,cd270e7871bd358937d83d9a49829637fa80007d2964084ef229f578e3733bd3,ba75425861a059dafcc477474fc3e4ed1eafdc2b47d6fdd0557337035d29a960,3cc0fc2493ae514ac3146aaee0429373cfd8a5c7181d7d9f1f91abd1e565791b,557961,1716143232000000000,300
OB/adservice_loss/4,OB,adservice,loss,4,300,300,point,0.1,6,0.1,median_shift,1,1.0,1.0,0.0,1,1,1,13,14.736000041011721,adservice|main|paymentservice|redis|currencyservice,adservice_latency-90,0.895,5,5,0.8953333333333333,0.8946666666666667,5,5,5,0.9,baseline-v2-20260723,cd270e7871bd358937d83d9a49829637fa80007d2964084ef229f578e3733bd3,ba75425861a059dafcc477474fc3e4ed1eafdc2b47d6fdd0557337035d29a960,3cc0fc2493ae514ac3146aaee0429373cfd8a5c7181d7d9f1f91abd1e565791b,557961,1716143232000000000,300
OB/adservice_loss/4,OB,adservice,loss,4,300,300,point,0.1,6,0.1,nsigma,1,1.0,1.0,0.0,1,1,1,13,69.35010000597686,adservice|paymentservice|main|cartservice|productcatalogservice,adservice_mem,0.895,5,5,0.8953333333333333,0.8946666666666667,5,5,5,0.9,baseline-v2-20260723,cd270e7871bd358937d83d9a49829637fa80007d2964084ef229f578e3733bd3,ba75425861a059dafcc477474fc3e4ed1eafdc2b47d6fdd0557337035d29a960,3cc0fc2493ae514ac3146aaee0429373cfd8a5c7181d7d9f1f91abd1e565791b,557961,1716143232000000000,300
OB/adservice_loss/4,OB,adservice,loss,4,300,300,point,0.1,7,0.1,baro,1,1.0,1.0,0.0,1,1,1,13,61.4256999688223,adservice|redis|paymentservice|productcatalogservice|main,adservice_mem,0.91,5,5,0.9086666666666666,0.9113333333333333,5,5,5,0.9,baseline-v2-20260723,cd270e7871bd358937d83d9a49829637fa80007d2964084ef229f578e3733bd3,ba75425861a059dafcc477474fc3e4ed1eafdc2b47d6fdd0557337035d29a960,3cc0fc2493ae514ac3146aaee0429373cfd8a5c7181d7d9f1f91abd1e565791b,557961,1716143232000000000,300
OB/adservice_loss/4,OB,adservice,loss,4,300,300,point,0.1,7,0.1,median_shift,1,1.0,1.0,0.0,1,1,1,13,23.612999997567385,adservice|main|paymentservice|productcatalogservice|redis,adservice_latency-90,0.91,5,5,0.9086666666666666,0.9113333333333333,5,5,5,0.9,baseline-v2-20260723,cd270e7871bd358937d83d9a49829637fa80007d2964084ef229f578e3733bd3,ba75425861a059dafcc477474fc3e4ed1eafdc2b47d6fdd0557337035d29a960,3cc0fc2493ae514ac3146aaee0429373cfd8a5c7181d7d9f1f91abd1e565791b,557961,1716143232000000000,300
OB/adservice_loss/4,OB,adservice,loss,4,300,300,point,0.1,7,0.1,nsigma,1,1.0,1.0,0.0,1,1,1,13,79.12070001475513,adservice|paymentservice|main|cartservice|productcatalogservice,adservice_mem,0.91,5,5,0.9086666666666666,0.9113333333333333,5,5,5,0.9,baseline-v2-20260723,cd270e7871bd358937d83d9a49829637fa80007d2964084ef229f578e3733bd3,ba75425861a059dafcc477474fc3e4ed1eafdc2b47d6fdd0557337035d29a960,3cc0fc2493ae514ac3146aaee0429373cfd8a5c7181d7d9f1f91abd1e565791b,557961,1716143232000000000,300
OB/adservice_loss/4,OB,adservice,loss,4,300,300,point,0.1,8,0.1,baro,1,1.0,1.0,0.0,1,1,1,13,61.3030000240542,adservice|redis|paymentservice|productcatalogservice|main,adservice_mem,0.9073333333333333,5,5,0.9093333333333333,0.9053333333333333,5,5,5,0.9,baseline-v2-20260723,cd270e7871bd358937d83d9a49829637fa80007d2964084ef229f578e3733bd3,ba75425861a059dafcc477474fc3e4ed1eafdc2b47d6fdd0557337035d29a960,3cc0fc2493ae514ac3146aaee0429373cfd8a5c7181d7d9f1f91abd1e565791b,557961,1716143232000000000,300
OB/adservice_loss/4,OB,adservice,loss,4,300,300,point,0.1,8,0.1,median_shift,1,1.0,1.0,0.0,1,1,1,13,11.253500008024275,adservice|main|paymentservice|redis|productcatalogservice,adservice_latency-90,0.9073333333333333,5,5,0.9093333333333333,0.9053333333333333,5,5,5,0.9,baseline-v2-20260723,cd270e7871bd358937d83d9a49829637fa80007d2964084ef229f578e3733bd3,ba75425861a059dafcc477474fc3e4ed1eafdc2b47d6fdd0557337035d29a960,3cc0fc2493ae514ac3146aaee0429373cfd8a5c7181d7d9f1f91abd1e565791b,557961,1716143232000000000,300
OB/adservice_loss/4,OB,adservice,loss,4,300,300,point,0.1,8,0.1,nsigma,1,1.0,1.0,0.0,1,1,1,13,51.78190005244687,adservice|paymentservice|main|productcatalogservice|checkoutservice,adservice_mem,0.9073333333333333,5,5,0.9093333333333333,0.9053333333333333,5,5,5,0.9,baseline-v2-20260723,cd270e7871bd358937d83d9a49829637fa80007d2964084ef229f578e3733bd3,ba75425861a059dafcc477474fc3e4ed1eafdc2b47d6fdd0557337035d29a960,3cc0fc2493ae514ac3146aaee0429373cfd8a5c7181d7d9f1f91abd1e565791b,557961,1716143232000000000,300
OB/adservice_loss/4,OB,adservice,loss,4,300,300,point,0.1,9,0.1,baro,1,1.0,1.0,0.0,1,1,1,13,61.71790004009381,adservice|redis|paymentservice|productcatalogservice|cartservice,adservice_mem,0.902,5,5,0.8986666666666666,0.9053333333333333,5,5,5,0.9,baseline-v2-20260723,cd270e7871bd358937d83d9a49829637fa80007d2964084ef229f578e3733bd3,ba75425861a059dafcc477474fc3e4ed1eafdc2b47d6fdd0557337035d29a960,3cc0fc2493ae514ac3146aaee0429373cfd8a5c7181d7d9f1f91abd1e565791b,557961,1716143232000000000,300
OB/adservice_loss/4,OB,adservice,loss,4,300,300,point,0.1,9,0.1,median_shift,1,1.0,1.0,0.0,1,1,1,13,11.039300006814301,adservice|main|paymentservice|currencyservice|productcatalogservice,adservice_latency-90,0.902,5,5,0.8986666666666666,0.9053333333333333,5,5,5,0.9,baseline-v2-20260723,cd270e7871bd358937d83d9a49829637fa80007d2964084ef229f578e3733bd3,ba75425861a059dafcc477474fc3e4ed1eafdc2b47d6fdd0557337035d29a960,3cc0fc2493ae514ac3146aaee0429373cfd8a5c7181d7d9f1f91abd1e565791b,557961,1716143232000000000,300
OB/adservice_loss/4,OB,adservice,loss,4,300,300,point,0.1,9,0.1,nsigma,1,1.0,1.0,0.0,1,1,1,13,49.3582000490278,adservice|paymentservice|main|cartservice|productcatalogservice,adservice_mem,0.902,5,5,0.8986666666666666,0.9053333333333333,5,5,5,0.9,baseline-v2-20260723,cd270e7871bd358937d83d9a49829637fa80007d2964084ef229f578e3733bd3,ba75425861a059dafcc477474fc3e4ed1eafdc2b47d6fdd0557337035d29a960,3cc0fc2493ae514ac3146aaee0429373cfd8a5c7181d7d9f1f91abd1e565791b,557961,1716143232000000000,300
OB/adservice_loss/4,OB,adservice,loss,4,300,300,point,0.3,0,0.3,baro,1,1.0,1.0,0.0,1,1,1,13,81.98129996890202,adservice|redis|paymentservice|productcatalogservice|main,adservice_mem,0.691,5,5,0.692,0.69,5,5,5,0.7,baseline-v2-20260723,cd270e7871bd358937d83d9a49829637fa80007d2964084ef229f578e3733bd3,ba75425861a059dafcc477474fc3e4ed1eafdc2b47d6fdd0557337035d29a960,3cc0fc2493ae514ac3146aaee0429373cfd8a5c7181d7d9f1f91abd1e565791b,557961,1716143232000000000,300
OB/adservice_loss/4,OB,adservice,loss,4,300,300,point,0.3,0,0.3,median_shift,1,1.0,1.0,0.0,1,1,1,13,13.974800007417798,adservice|main|paymentservice|currencyservice|checkoutservice,adservice_latency-90,0.691,5,5,0.692,0.69,5,5,5,0.7,baseline-v2-20260723,cd270e7871bd358937d83d9a49829637fa80007d2964084ef229f578e3733bd3,ba75425861a059dafcc477474fc3e4ed1eafdc2b47d6fdd0557337035d29a960,3cc0fc2493ae514ac3146aaee0429373cfd8a5c7181d7d9f1f91abd1e565791b,557961,1716143232000000000,300
OB/adservice_loss/4,OB,adservice,loss,4,300,300,point,0.3,0,0.3,nsigma,1,1.0,1.0,0.0,1,1,1,13,50.954699981957674,adservice|paymentservice|main|cartservice|checkoutservice,adservice_mem,0.691,5,5,0.692,0.69,5,5,5,0.7,baseline-v2-20260723,cd270e7871bd358937d83d9a49829637fa80007d2964084ef229f578e3733bd3,ba75425861a059dafcc477474fc3e4ed1eafdc2b47d6fdd0557337035d29a960,3cc0fc2493ae514ac3146aaee0429373cfd8a5c7181d7d9f1f91abd1e565791b,557961,1716143232000000000,300
OB/adservice_loss/4,OB,adservice,loss,4,300,300,point,0.3,1,0.3,baro,1,1.0,1.0,0.0,1,1,1,13,79.67520004604012,adservice|redis|paymentservice|productcatalogservice|cartservice,adservice_mem,0.707,5,5,0.694,0.72,5,5,5,0.7,baseline-v2-20260723,cd270e7871bd358937d83d9a49829637fa80007d2964084ef229f578e3733bd3,ba75425861a059dafcc477474fc3e4ed1eafdc2b47d6fdd0557337035d29a960,3cc0fc2493ae514ac3146aaee0429373cfd8a5c7181d7d9f1f91abd1e565791b,557961,1716143232000000000,300
OB/adservice_loss/4,OB,adservice,loss,4,300,300,point,0.3,1,0.3,median_shift,1,1.0,1.0,0.0,1,1,1,13,11.600599973462522,adservice|main|paymentservice|redis|recommendationservice,adservice_latency-90,0.707,5,5,0.694,0.72,5,5,5,0.7,baseline-v2-20260723,cd270e7871bd358937d83d9a49829637fa80007d2964084ef229f578e3733bd3,ba75425861a059dafcc477474fc3e4ed1eafdc2b47d6fdd0557337035d29a960,3cc0fc2493ae514ac3146aaee0429373cfd8a5c7181d7d9f1f91abd1e565791b,557961,1716143232000000000,300
OB/adservice_loss/4,OB,adservice,loss,4,300,300,point,0.3,1,0.3,nsigma,1,1.0,1.0,0.0,1,1,1,13,81.43670001300052,adservice|paymentservice|main|cartservice|productcatalogservice,adservice_mem,0.707,5,5,0.694,0.72,5,5,5,0.7,baseline-v2-20260723,cd270e7871bd358937d83d9a49829637fa80007d2964084ef229f578e3733bd3,ba75425861a059dafcc477474fc3e4ed1eafdc2b47d6fdd0557337035d29a960,3cc0fc2493ae514ac3146aaee0429373cfd8a5c7181d7d9f1f91abd1e565791b,557961,1716143232000000000,300
OB/adservice_loss/4,OB,adservice,loss,4,300,300,point,0.3,2,0.3,baro,1,1.0,1.0,0.0,1,1,1,13,77.96530000632629,adservice|redis|paymentservice|productcatalogservice|main,adservice_mem,0.705,5,5,0.7073333333333334,0.7026666666666667,5,5,5,0.7,baseline-v2-20260723,cd270e7871bd358937d83d9a49829637fa80007d2964084ef229f578e3733bd3,ba75425861a059dafcc477474fc3e4ed1eafdc2b47d6fdd0557337035d29a960,3cc0fc2493ae514ac3146aaee0429373cfd8a5c7181d7d9f1f91abd1e565791b,557961,1716143232000000000,300
OB/adservice_loss/4,OB,adservice,loss,4,300,300,point,0.3,2,0.3,median_shift,1,1.0,1.0,0.0,1,1,1,13,18.87099997838959,adservice|main|paymentservice|productcatalogservice|checkoutservice,adservice_latency-90,0.705,5,5,0.7073333333333334,0.7026666666666667,5,5,5,0.7,baseline-v2-20260723,cd270e7871bd358937d83d9a49829637fa80007d2964084ef229f578e3733bd3,ba75425861a059dafcc477474fc3e4ed1eafdc2b47d6fdd0557337035d29a960,3cc0fc2493ae514ac3146aaee0429373cfd8a5c7181d7d9f1f91abd1e565791b,557961,1716143232000000000,300
OB/adservice_loss/4,OB,adservice,loss,4,300,300,point,0.3,2,0.3,nsigma,1,1.0,1.0,0.0,1,1,1,13,77.30689999880269,adservice|paymentservice|main|cartservice|checkoutservice,adservice_mem,0.705,5,5,0.7073333333333334,0.7026666666666667,5,5,5,0.7,baseline-v2-20260723,cd270e7871bd358937d83d9a49829637fa80007d2964084ef229f578e3733bd3,ba75425861a059dafcc477474fc3e4ed1eafdc2b47d6fdd0557337035d29a960,3cc0fc2493ae514ac3146aaee0429373cfd8a5c7181d7d9f1f91abd1e565791b,557961,1716143232000000000,300
OB/adservice_loss/4,OB,adservice,loss,4,300,300,point,0.3,3,0.3,baro,1,1.0,1.0,0.0,1,1,1,13,80.3345000022091,adservice|redis|paymentservice|productcatalogservice|cartservice,adservice_mem,0.6856666666666666,5,5,0.6986666666666667,0.6726666666666666,5,5,5,0.7,baseline-v2-20260723,cd270e7871bd358937d83d9a49829637fa80007d2964084ef229f578e3733bd3,ba75425861a059dafcc477474fc3e4ed1eafdc2b47d6fdd0557337035d29a960,3cc0fc2493ae514ac3146aaee0429373cfd8a5c7181d7d9f1f91abd1e565791b,557961,1716143232000000000,300
OB/adservice_loss/4,OB,adservice,loss,4,300,300,point,0.3,3,0.3,median_shift,1,1.0,1.0,0.0,1,1,1,13,11.90179999684915,adservice|main|paymentservice|currencyservice|productcatalogservice,adservice_latency-90,0.6856666666666666,5,5,0.6986666666666667,0.6726666666666666,5,5,5,0.7,baseline-v2-20260723,cd270e7871bd358937d83d9a49829637fa80007d2964084ef229f578e3733bd3,ba75425861a059dafcc477474fc3e4ed1eafdc2b47d6fdd0557337035d29a960,3cc0fc2493ae514ac3146aaee0429373cfd8a5c7181d7d9f1f91abd1e565791b,557961,1716143232000000000,300
OB/adservice_loss/4,OB,adservice,loss,4,300,300,point,0.3,3,0.3,nsigma,1,1.0,1.0,0.0,1,1,1,13,101.2157000368461,adservice|paymentservice|main|cartservice|productcatalogservice,adservice_mem,0.6856666666666666,5,5,0.6986666666666667,0.6726666666666666,5,5,5,0.7,baseline-v2-20260723,cd270e7871bd358937d83d9a49829637fa80007d2964084ef229f578e3733bd3,ba75425861a059dafcc477474fc3e4ed1eafdc2b47d6fdd0557337035d29a960,3cc0fc2493ae514ac3146aaee0429373cfd8a5c7181d7d9f1f91abd1e565791b,557961,1716143232000000000,300
OB/adservice_loss/4,OB,adservice,loss,4,300,300,point,0.3,4,0.3,baro,1,1.0,1.0,0.0,1,1,1,13,74.93440003599972,adservice|redis|paymentservice|productcatalogservice|cartservice,adservice_mem,0.7133333333333334,5,5,0.718,0.7086666666666667,5,5,5,0.7,baseline-v2-20260723,cd270e7871bd358937d83d9a49829637fa80007d2964084ef229f578e3733bd3,ba75425861a059dafcc477474fc3e4ed1eafdc2b47d6fdd0557337035d29a960,3cc0fc2493ae514ac3146aaee0429373cfd8a5c7181d7d9f1f91abd1e565791b,557961,1716143232000000000,300
OB/adservice_loss/4,OB,adservice,loss,4,300,300,point,0.3,4,0.3,median_shift,1,1.0,1.0,0.0,1,1,1,13,15.536500024609268,adservice|main|paymentservice|checkoutservice|currencyservice,adservice_latency-90,0.7133333333333334,5,5,0.718,0.7086666666666667,5,5,5,0.7,baseline-v2-20260723,cd270e7871bd358937d83d9a49829637fa80007d2964084ef229f578e3733bd3,ba75425861a059dafcc477474fc3e4ed1eafdc2b47d6fdd0557337035d29a960,3cc0fc2493ae514ac3146aaee0429373cfd8a5c7181d7d9f1f91abd1e565791b,557961,1716143232000000000,300
OB/adservice_loss/4,OB,adservice,loss,4,300,300,point,0.3,4,0.3,nsigma,1,1.0,1.0,0.0,1,1,1,13,52.11099999723956,adservice|paymentservice|main|cartservice|checkoutservice,adservice_mem,0.7133333333333334,5,5,0.718,0.7086666666666667,5,5,5,0.7,baseline-v2-20260723,cd270e7871bd358937d83d9a49829637fa80007d2964084ef229f578e3733bd3,ba75425861a059dafcc477474fc3e4ed1eafdc2b47d6fdd0557337035d29a960,3cc0fc2493ae514ac3146aaee0429373cfd8a5c7181d7d9f1f91abd1e565791b,557961,1716143232000000000,300
OB/adservice_loss/4,OB,adservice,loss,4,300,300,point,0.3,5,0.3,baro,1,1.0,1.0,0.0,1,1,1,13,73.02280003204942,adservice|redis|paymentservice|productcatalogservice|main,adservice_mem,0.7036666666666667,5,5,0.6886666666666666,0.7186666666666667,5,5,5,0.7,baseline-v2-20260723,cd270e7871bd358937d83d9a49829637fa80007d2964084ef229f578e3733bd3,ba75425861a059dafcc477474fc3e4ed1eafdc2b47d6fdd0557337035d29a960,3cc0fc2493ae514ac3146aaee0429373cfd8a5c7181d7d9f1f91abd1e565791b,557961,1716143232000000000,300
OB/adservice_loss/4,OB,adservice,loss,4,300,300,point,0.3,5,0.3,median_shift,1,1.0,1.0,0.0,1,1,1,13,22.639300033915788,adservice|main|paymentservice|productcatalogservice|checkoutservice,adservice_latency-90,0.7036666666666667,5,5,0.6886666666666666,0.7186666666666667,5,5,5,0.7,baseline-v2-20260723,cd270e7871bd358937d83d9a49829637fa80007d2964084ef229f578e3733bd3,ba75425861a059dafcc477474fc3e4ed1eafdc2b47d6fdd0557337035d29a960,3cc0fc2493ae514ac3146aaee0429373cfd8a5c7181d7d9f1f91abd1e565791b,557961,1716143232000000000,300
OB/adservice_loss/4,OB,adservice,loss,4,300,300,point,0.3,5,0.3,nsigma,1,1.0,1.0,0.0,1,1,1,13,81.27500000409782,adservice|paymentservice|main|cartservice|checkoutservice,adservice_mem,0.7036666666666667,5,5,0.6886666666666666,0.7186666666666667,5,5,5,0.7,baseline-v2-20260723,cd270e7871bd358937d83d9a49829637fa80007d2964084ef229f578e3733bd3,ba75425861a059dafcc477474fc3e4ed1eafdc2b47d6fdd0557337035d29a960,3cc0fc2493ae514ac3146aaee0429373cfd8a5c7181d7d9f1f91abd1e565791b,557961,1716143232000000000,300
OB/adservice_loss/4,OB,adservice,loss,4,300,300,point,0.3,6,0.3,baro,1,1.0,1.0,0.0,1,1,1,13,96.90360003151,adservice|redis|paymentservice|productcatalogservice|main,adservice_mem,0.6943333333333334,5,5,0.6953333333333334,0.6933333333333334,5,5,5,0.7,baseline-v2-20260723,cd270e7871bd358937d83d9a49829637fa80007d2964084ef229f578e3733bd3,ba75425861a059dafcc477474fc3e4ed1eafdc2b47d6fdd0557337035d29a960,3cc0fc2493ae514ac3146aaee0429373cfd8a5c7181d7d9f1f91abd1e565791b,557961,1716143232000000000,300
OB/adservice_loss/4,OB,adservice,loss,4,300,300,point,0.3,6,0.3,median_shift,1,1.0,1.0,0.0,1,1,1,13,25.483899982646108,adservice|main|paymentservice|redis|currencyservice,adservice_latency-90,0.6943333333333334,5,5,0.6953333333333334,0.6933333333333334,5,5,5,0.7,baseline-v2-20260723,cd270e7871bd358937d83d9a49829637fa80007d2964084ef229f578e3733bd3,ba75425861a059dafcc477474fc3e4ed1eafdc2b47d6fdd0557337035d29a960,3cc0fc2493ae514ac3146aaee0429373cfd8a5c7181d7d9f1f91abd1e565791b,557961,1716143232000000000,300
OB/adservice_loss/4,OB,adservice,loss,4,300,300,point,0.3,6,0.3,nsigma,1,1.0,1.0,0.0,1,1,1,13,65.36300003062934,adservice|paymentservice|main|productcatalogservice|checkoutservice,adservice_mem,0.6943333333333334,5,5,0.6953333333333334,0.6933333333333334,5,5,5,0.7,baseline-v2-20260723,cd270e7871bd358937d83d9a49829637fa80007d2964084ef229f578e3733bd3,ba75425861a059dafcc477474fc3e4ed1eafdc2b47d6fdd0557337035d29a960,3cc0fc2493ae514ac3146aaee0429373cfd8a5c7181d7d9f1f91abd1e565791b,557961,1716143232000000000,300
OB/adservice_loss/4,OB,adservice,loss,4,300,300,point,0.3,7,0.3,baro,1,1.0,1.0,0.0,1,1,1,13,100.88489996269345,adservice|redis|paymentservice|productcatalogservice|main,adservice_mem,0.7113333333333334,5,5,0.708,0.7146666666666667,5,5,5,0.7,baseline-v2-20260723,cd270e7871bd358937d83d9a49829637fa80007d2964084ef229f578e3733bd3,ba75425861a059dafcc477474fc3e4ed1eafdc2b47d6fdd0557337035d29a960,3cc0fc2493ae514ac3146aaee0429373cfd8a5c7181d7d9f1f91abd1e565791b,557961,1716143232000000000,300
OB/adservice_loss/4,OB,adservice,loss,4,300,300,point,0.3,7,0.3,median_shift,1,1.0,1.0,0.0,1,1,1,13,16.959500033408403,adservice|main|paymentservice|checkoutservice|redis,adservice_latency-90,0.7113333333333334,5,5,0.708,0.7146666666666667,5,5,5,0.7,baseline-v2-20260723,cd270e7871bd358937d83d9a49829637fa80007d2964084ef229f578e3733bd3,ba75425861a059dafcc477474fc3e4ed1eafdc2b47d6fdd0557337035d29a960,3cc0fc2493ae514ac3146aaee0429373cfd8a5c7181d7d9f1f91abd1e565791b,557961,1716143232000000000,300
OB/adservice_loss/4,OB,adservice,loss,4,300,300,point,0.3,7,0.3,nsigma,1,1.0,1.0,0.0,1,1,1,13,73.68430000497028,adservice|paymentservice|main|checkoutservice|productcatalogservice,adservice_mem,0.7113333333333334,5,5,0.708,0.7146666666666667,5,5,5,0.7,baseline-v2-20260723,cd270e7871bd358937d83d9a49829637fa80007d2964084ef229f578e3733bd3,ba75425861a059dafcc477474fc3e4ed1eafdc2b47d6fdd0557337035d29a960,3cc0fc2493ae514ac3146aaee0429373cfd8a5c7181d7d9f1f91abd1e565791b,557961,1716143232000000000,300
OB/adservice_loss/4,OB,adservice,loss,4,300,300,point,0.3,8,0.3,baro,1,1.0,1.0,0.0,1,1,1,13,71.35189999826252,adservice|redis|paymentservice|productcatalogservice|cartservice,adservice_mem,0.708,5,5,0.7213333333333334,0.6946666666666667,5,5,5,0.7,baseline-v2-20260723,cd270e7871bd358937d83d9a49829637fa80007d2964084ef229f578e3733bd3,ba75425861a059dafcc477474fc3e4ed1eafdc2b47d6fdd0557337035d29a960,3cc0fc2493ae514ac3146aaee0429373cfd8a5c7181d7d9f1f91abd1e565791b,557961,1716143232000000000,300
OB/adservice_loss/4,OB,adservice,loss,4,300,300,point,0.3,8,0.3,median_shift,2,0.5,0.8,0.08333333333333333,0,1,1,13,10.893600003328174,paymentservice|adservice|main|redis|recommendationservice,paymentservice_mem,0.708,5,5,0.7213333333333334,0.6946666666666667,5,5,5,0.7,baseline-v2-20260723,cd270e7871bd358937d83d9a49829637fa80007d2964084ef229f578e3733bd3,ba75425861a059dafcc477474fc3e4ed1eafdc2b47d6fdd0557337035d29a960,3cc0fc2493ae514ac3146aaee0429373cfd8a5c7181d7d9f1f91abd1e565791b,557961,1716143232000000000,300
OB/adservice_loss/4,OB,adservice,loss,4,300,300,point,0.3,8,0.3,nsigma,1,1.0,1.0,0.0,1,1,1,13,50.735500000882894,adservice|paymentservice|main|cartservice|checkoutservice,adservice_mem,0.708,5,5,0.7213333333333334,0.6946666666666667,5,5,5,0.7,baseline-v2-20260723,cd270e7871bd358937d83d9a49829637fa80007d2964084ef229f578e3733bd3,ba75425861a059dafcc477474fc3e4ed1eafdc2b47d6fdd0557337035d29a960,3cc0fc2493ae514ac3146aaee0429373cfd8a5c7181d7d9f1f91abd1e565791b,557961,1716143232000000000,300
OB/adservice_loss/4,OB,adservice,loss,4,300,300,point,0.3,9,0.3,baro,1,1.0,1.0,0.0,1,1,1,13,64.16539999190718,adservice|redis|paymentservice|productcatalogservice|main,adservice_mem,0.702,5,5,0.702,0.702,5,5,5,0.7,baseline-v2-20260723,cd270e7871bd358937d83d9a49829637fa80007d2964084ef229f578e3733bd3,ba75425861a059dafcc477474fc3e4ed1eafdc2b47d6fdd0557337035d29a960,3cc0fc2493ae514ac3146aaee0429373cfd8a5c7181d7d9f1f91abd1e565791b,557961,1716143232000000000,300
OB/adservice_loss/4,OB,adservice,loss,4,300,300,point,0.3,9,0.3,median_shift,2,0.5,0.8,0.08333333333333333,0,1,1,13,11.509499978274107,paymentservice|adservice|main|productcatalogservice|redis,paymentservice_mem,0.702,5,5,0.702,0.702,5,5,5,0.7,baseline-v2-20260723,cd270e7871bd358937d83d9a49829637fa80007d2964084ef229f578e3733bd3,ba75425861a059dafcc477474fc3e4ed1eafdc2b47d6fdd0557337035d29a960,3cc0fc2493ae514ac3146aaee0429373cfd8a5c7181d7d9f1f91abd1e565791b,557961,1716143232000000000,300
OB/adservice_loss/4,OB,adservice,loss,4,300,300,point,0.3,9,0.3,nsigma,1,1.0,1.0,0.0,1,1,1,13,51.30889994325116,adservice|paymentservice|main|cartservice|checkoutservice,adservice_mem,0.702,5,5,0.702,0.702,5,5,5,0.7,baseline-v2-20260723,cd270e7871bd358937d83d9a49829637fa80007d2964084ef229f578e3733bd3,ba75425861a059dafcc477474fc3e4ed1eafdc2b47d6fdd0557337035d29a960,3cc0fc2493ae514ac3146aaee0429373cfd8a5c7181d7d9f1f91abd1e565791b,557961,1716143232000000000,300
OB/adservice_loss/4,OB,adservice,loss,4,300,300,point,0.5,0,0.5,baro,1,1.0,1.0,0.0,1,1,1,13,88.5621000197716,adservice|redis|paymentservice|productcatalogservice|cartservice,adservice_mem,0.512,5,5,0.512,0.512,5,5,5,0.5,baseline-v2-20260723,cd270e7871bd358937d83d9a49829637fa80007d2964084ef229f578e3733bd3,ba75425861a059dafcc477474fc3e4ed1eafdc2b47d6fdd0557337035d29a960,3cc0fc2493ae514ac3146aaee0429373cfd8a5c7181d7d9f1f91abd1e565791b,557961,1716143232000000000,300
OB/adservice_loss/4,OB,adservice,loss,4,300,300,point,0.5,0,0.5,median_shift,1,1.0,1.0,0.0,1,1,1,13,19.08470003399998,adservice|main|paymentservice|redis|checkoutservice,adservice_latency-90,0.512,5,5,0.512,0.512,5,5,5,0.5,baseline-v2-20260723,cd270e7871bd358937d83d9a49829637fa80007d2964084ef229f578e3733bd3,ba75425861a059dafcc477474fc3e4ed1eafdc2b47d6fdd0557337035d29a960,3cc0fc2493ae514ac3146aaee0429373cfd8a5c7181d7d9f1f91abd1e565791b,557961,1716143232000000000,300
OB/adservice_loss/4,OB,adservice,loss,4,300,300,point,0.5,0,0.5,nsigma,1,1.0,1.0,0.0,1,1,1,13,67.98260001232848,adservice|paymentservice|cartservice|main|productcatalogservice,adservice_mem,0.512,5,5,0.512,0.512,5,5,5,0.5,baseline-v2-20260723,cd270e7871bd358937d83d9a49829637fa80007d2964084ef229f578e3733bd3,ba75425861a059dafcc477474fc3e4ed1eafdc2b47d6fdd0557337035d29a960,3cc0fc2493ae514ac3146aaee0429373cfd8a5c7181d7d9f1f91abd1e565791b,557961,1716143232000000000,300
OB/adservice_loss/4,OB,adservice,loss,4,300,300,point,0.5,1,0.5,baro,1,1.0,1.0,0.0,1,1,1,13,82.2829999960959,adservice|redis|paymentservice|productcatalogservice|main,adservice_mem,0.49566666666666664,5,5,0.5086666666666667,0.4826666666666667,5,5,5,0.5,baseline-v2-20260723,cd270e7871bd358937d83d9a49829637fa80007d2964084ef229f578e3733bd3,ba75425861a059dafcc477474fc3e4ed1eafdc2b47d6fdd0557337035d29a960,3cc0fc2493ae514ac3146aaee0429373cfd8a5c7181d7d9f1f91abd1e565791b,557961,1716143232000000000,300
OB/adservice_loss/4,OB,adservice,loss,4,300,300,point,0.5,1,0.5,median_shift,1,1.0,1.0,0.0,1,1,1,13,23.210000013932586,adservice|main|paymentservice|redis|checkoutservice,adservice_latency-90,0.49566666666666664,5,5,0.5086666666666667,0.4826666666666667,5,5,5,0.5,baseline-v2-20260723,cd270e7871bd358937d83d9a49829637fa80007d2964084ef229f578e3733bd3,ba75425861a059dafcc477474fc3e4ed1eafdc2b47d6fdd0557337035d29a960,3cc0fc2493ae514ac3146aaee0429373cfd8a5c7181d7d9f1f91abd1e565791b,557961,1716143232000000000,300
OB/adservice_loss/4,OB,adservice,loss,4,300,300,point,0.5,1,0.5,nsigma,1,1.0,1.0,0.0,1,1,1,13,71.11459999578074,adservice|paymentservice|main|productcatalogservice|checkoutservice,adservice_mem,0.49566666666666664,5,5,0.5086666666666667,0.4826666666666667,5,5,5,0.5,baseline-v2-20260723,cd270e7871bd358937d83d9a49829637fa80007d2964084ef229f578e3733bd3,ba75425861a059dafcc477474fc3e4ed1eafdc2b47d6fdd0557337035d29a960,3cc0fc2493ae514ac3146aaee0429373cfd8a5c7181d7d9f1f91abd1e565791b,557961,1716143232000000000,300
OB/adservice_loss/4,OB,adservice,loss,4,300,300,point,0.5,2,0.5,baro,1,1.0,1.0,0.0,1,1,1,13,105.02880002604797,adservice|redis|paymentservice|productcatalogservice|main,adservice_mem,0.49766666666666665,5,5,0.5013333333333333,0.494,5,5,5,0.5,baseline-v2-20260723,cd270e7871bd358937d83d9a49829637fa80007d2964084ef229f578e3733bd3,ba75425861a059dafcc477474fc3e4ed1eafdc2b47d6fdd0557337035d29a960,3cc0fc2493ae514ac3146aaee0429373cfd8a5c7181d7d9f1f91abd1e565791b,557961,1716143232000000000,300
OB/adservice_loss/4,OB,adservice,loss,4,300,300,point,0.5,2,0.5,median_shift,1,1.0,1.0,0.0,1,1,1,13,22.460700012743473,adservice|main|paymentservice|checkoutservice|redis,adservice_latency-90,0.49766666666666665,5,5,0.5013333333333333,0.494,5,5,5,0.5,baseline-v2-20260723,cd270e7871bd358937d83d9a49829637fa80007d2964084ef229f578e3733bd3,ba75425861a059dafcc477474fc3e4ed1eafdc2b47d6fdd0557337035d29a960,3cc0fc2493ae514ac3146aaee0429373cfd8a5c7181d7d9f1f91abd1e565791b,557961,1716143232000000000,300
OB/adservice_loss/4,OB,adservice,loss,4,300,300,point,0.5,2,0.5,nsigma,1,1.0,1.0,0.0,1,1,1,13,79.10109998192638,adservice|paymentservice|main|cartservice|productcatalogservice,adservice_mem,0.49766666666666665,5,5,0.5013333333333333,0.494,5,5,5,0.5,baseline-v2-20260723,cd270e7871bd358937d83d9a49829637fa80007d2964084ef229f578e3733bd3,ba75425861a059dafcc477474fc3e4ed1eafdc2b47d6fdd0557337035d29a960,3cc0fc2493ae514ac3146aaee0429373cfd8a5c7181d7d9f1f91abd1e565791b,557961,1716143232000000000,300
OB/adservice_loss/4,OB,adservice,loss,4,300,300,point,0.5,3,0.5,baro,1,1.0,1.0,0.0,1,1,1,13,94.37379997689277,adservice|redis|paymentservice|productcatalogservice|main,adservice_mem,0.49866666666666665,5,5,0.49266666666666664,0.5046666666666667,5,5,5,0.5,baseline-v2-20260723,cd270e7871bd358937d83d9a49829637fa80007d2964084ef229f578e3733bd3,ba75425861a059dafcc477474fc3e4ed1eafdc2b47d6fdd0557337035d29a960,3cc0fc2493ae514ac3146aaee0429373cfd8a5c7181d7d9f1f91abd1e565791b,557961,1716143232000000000,300
OB/adservice_loss/4,OB,adservice,loss,4,300,300,point,0.5,3,0.5,median_shift,1,1.0,1.0,0.0,1,1,1,13,23.577800020575523,adservice|main|paymentservice|currencyservice|recommendationservice,adservice_latency-90,0.49866666666666665,5,5,0.49266666666666664,0.5046666666666667,5,5,5,0.5,baseline-v2-20260723,cd270e7871bd358937d83d9a49829637fa80007d2964084ef229f578e3733bd3,ba75425861a059dafcc477474fc3e4ed1eafdc2b47d6fdd0557337035d29a960,3cc0fc2493ae514ac3146aaee0429373cfd8a5c7181d7d9f1f91abd1e565791b,557961,1716143232000000000,300
OB/adservice_loss/4,OB,adservice,loss,4,300,300,point,0.5,3,0.5,nsigma,1,1.0,1.0,0.0,1,1,1,13,86.88199997413903,adservice|paymentservice|main|checkoutservice|productcatalogservice,adservice_mem,0.49866666666666665,5,5,0.49266666666666664,0.5046666666666667,5,5,5,0.5,baseline-v2-20260723,cd270e7871bd358937d83d9a49829637fa80007d2964084ef229f578e3733bd3,ba75425861a059dafcc477474fc3e4ed1eafdc2b47d6fdd0557337035d29a960,3cc0fc2493ae514ac3146aaee0429373cfd8a5c7181d7d9f1f91abd1e565791b,557961,1716143232000000000,300
OB/adservice_loss/4,OB,adservice,loss,4,300,300,point,0.5,4,0.5,baro,1,1.0,1.0,0.0,1,1,1,13,105.30759999528527,adservice|redis|paymentservice|productcatalogservice|main,adservice_mem,0.5076666666666667,5,5,0.5086666666666667,0.5066666666666667,5,5,5,0.5,baseline-v2-20260723,cd270e7871bd358937d83d9a49829637fa80007d2964084ef229f578e3733bd3,ba75425861a059dafcc477474fc3e4ed1eafdc2b47d6fdd0557337035d29a960,3cc0fc2493ae514ac3146aaee0429373cfd8a5c7181d7d9f1f91abd1e565791b,557961,1716143232000000000,300
OB/adservice_loss/4,OB,adservice,loss,4,300,300,point,0.5,4,0.5,median_shift,2,0.5,0.8,0.08333333333333333,0,1,1,13,12.007999990601093,paymentservice|adservice|main|redis|currencyservice,paymentservice_mem,0.5076666666666667,5,5,0.5086666666666667,0.5066666666666667,5,5,5,0.5,baseline-v2-20260723,cd270e7871bd358937d83d9a49829637fa80007d2964084ef229f578e3733bd3,ba75425861a059dafcc477474fc3e4ed1eafdc2b47d6fdd0557337035d29a960,3cc0fc2493ae514ac3146aaee0429373cfd8a5c7181d7d9f1f91abd1e565791b,557961,1716143232000000000,300
OB/adservice_loss/4,OB,adservice,loss,4,300,300,point,0.5,4,0.5,nsigma,1,1.0,1.0,0.0,1,1,1,13,69.81800001813099,adservice|paymentservice|main|cartservice|checkoutservice,adservice_mem,0.5076666666666667,5,5,0.5086666666666667,0.5066666666666667,5,5,5,0.5,baseline-v2-20260723,cd270e7871bd358937d83d9a49829637fa80007d2964084ef229f578e3733bd3,ba75425861a059dafcc477474fc3e4ed1eafdc2b47d6fdd0557337035d29a960,3cc0fc2493ae514ac3146aaee0429373cfd8a5c7181d7d9f1f91abd1e565791b,557961,1716143232000000000,300
OB/adservice_loss/4,OB,adservice,loss,4,300,300,point,0.5,5,0.5,baro,1,1.0,1.0,0.0,1,1,1,13,68.44820000696927,adservice|redis|paymentservice|productcatalogservice|main,adservice_mem,0.505,5,5,0.516,0.494,5,5,5,0.5,baseline-v2-20260723,cd270e7871bd358937d83d9a49829637fa80007d2964084ef229f578e3733bd3,ba75425861a059dafcc477474fc3e4ed1eafdc2b47d6fdd0557337035d29a960,3cc0fc2493ae514ac3146aaee0429373cfd8a5c7181d7d9f1f91abd1e565791b,557961,1716143232000000000,300
OB/adservice_loss/4,OB,adservice,loss,4,300,300,point,0.5,5,0.5,median_shift,1,1.0,1.0,0.0,1,1,1,13,10.730599984526634,adservice|main|paymentservice|productcatalogservice|redis,adservice_latency-90,0.505,5,5,0.516,0.494,5,5,5,0.5,baseline-v2-20260723,cd270e7871bd358937d83d9a49829637fa80007d2964084ef229f578e3733bd3,ba75425861a059dafcc477474fc3e4ed1eafdc2b47d6fdd0557337035d29a960,3cc0fc2493ae514ac3146aaee0429373cfd8a5c7181d7d9f1f91abd1e565791b,557961,1716143232000000000,300
OB/adservice_loss/4,OB,adservice,loss,4,300,300,point,0.5,5,0.5,nsigma,1,1.0,1.0,0.0,1,1,1,13,56.29969999426976,adservice|paymentservice|main|productcatalogservice|checkoutservice,adservice_mem,0.505,5,5,0.516,0.494,5,5,5,0.5,baseline-v2-20260723,cd270e7871bd358937d83d9a49829637fa80007d2964084ef229f578e3733bd3,ba75425861a059dafcc477474fc3e4ed1eafdc2b47d6fdd0557337035d29a960,3cc0fc2493ae514ac3146aaee0429373cfd8a5c7181d7d9f1f91abd1e565791b,557961,1716143232000000000,300
OB/adservice_loss/4,OB,adservice,loss,4,300,300,point,0.5,6,0.5,baro,1,1.0,1.0,0.0,1,1,1,13,64.19950001873076,adservice|redis|paymentservice|productcatalogservice|cartservice,adservice_mem,0.502,5,5,0.49,0.514,5,5,5,0.5,baseline-v2-20260723,cd270e7871bd358937d83d9a49829637fa80007d2964084ef229f578e3733bd3,ba75425861a059dafcc477474fc3e4ed1eafdc2b47d6fdd0557337035d29a960,3cc0fc2493ae514ac3146aaee0429373cfd8a5c7181d7d9f1f91abd1e565791b,557961,1716143232000000000,300
OB/adservice_loss/4,OB,adservice,loss,4,300,300,point,0.5,6,0.5,median_shift,1,1.0,1.0,0.0,1,1,1,13,11.452000006102026,adservice|main|paymentservice|productcatalogservice|checkoutservice,adservice_latency-90,0.502,5,5,0.49,0.514,5,5,5,0.5,baseline-v2-20260723,cd270e7871bd358937d83d9a49829637fa80007d2964084ef229f578e3733bd3,ba75425861a059dafcc477474fc3e4ed1eafdc2b47d6fdd0557337035d29a960,3cc0fc2493ae514ac3146aaee0429373cfd8a5c7181d7d9f1f91abd1e565791b,557961,1716143232000000000,300
OB/adservice_loss/4,OB,adservice,loss,4,300,300,point,0.5,6,0.5,nsigma,1,1.0,1.0,0.0,1,1,1,13,53.874999983236194,adservice|paymentservice|main|cartservice|productcatalogservice,adservice_mem,0.502,5,5,0.49,0.514,5,5,5,0.5,baseline-v2-20260723,cd270e7871bd358937d83d9a49829637fa80007d2964084ef229f578e3733bd3,ba75425861a059dafcc477474fc3e4ed1eafdc2b47d6fdd0557337035d29a960,3cc0fc2493ae514ac3146aaee0429373cfd8a5c7181d7d9f1f91abd1e565791b,557961,1716143232000000000,300
OB/adservice_loss/4,OB,adservice,loss,4,300,300,point,0.5,7,0.5,baro,1,1.0,1.0,0.0,1,1,1,13,65.30080002266914,adservice|redis|paymentservice|productcatalogservice|main,adservice_mem,0.5053333333333333,5,5,0.49933333333333335,0.5113333333333333,5,5,5,0.5,baseline-v2-20260723,cd270e7871bd358937d83d9a49829637fa80007d2964084ef229f578e3733bd3,ba75425861a059dafcc477474fc3e4ed1eafdc2b47d6fdd0557337035d29a960,3cc0fc2493ae514ac3146aaee0429373cfd8a5c7181d7d9f1f91abd1e565791b,557961,1716143232000000000,300
OB/adservice_loss/4,OB,adservice,loss,4,300,300,point,0.5,7,0.5,median_shift,1,1.0,1.0,0.0,1,1,1,13,11.012299975845963,adservice|main|paymentservice|redis|currencyservice,adservice_latency-90,0.5053333333333333,5,5,0.49933333333333335,0.5113333333333333,5,5,5,0.5,baseline-v2-20260723,cd270e7871bd358937d83d9a49829637fa80007d2964084ef229f578e3733bd3,ba75425861a059dafcc477474fc3e4ed1eafdc2b47d6fdd0557337035d29a960,3cc0fc2493ae514ac3146aaee0429373cfd8a5c7181d7d9f1f91abd1e565791b,557961,1716143232000000000,300
OB/adservice_loss/4,OB,adservice,loss,4,300,300,point,0.5,7,0.5,nsigma,1,1.0,1.0,0.0,1,1,1,13,52.90079995756969,adservice|paymentservice|main|checkoutservice|frontend,adservice_mem,0.5053333333333333,5,5,0.49933333333333335,0.5113333333333333,5,5,5,0.5,baseline-v2-20260723,cd270e7871bd358937d83d9a49829637fa80007d2964084ef229f578e3733bd3,ba75425861a059dafcc477474fc3e4ed1eafdc2b47d6fdd0557337035d29a960,3cc0fc2493ae514ac3146aaee0429373cfd8a5c7181d7d9f1f91abd1e565791b,557961,1716143232000000000,300
OB/adservice_loss/4,OB,adservice,loss,4,300,300,point,0.5,8,0.5,baro,1,1.0,1.0,0.0,1,1,1,13,70.06830000318587,adservice|redis|paymentservice|productcatalogservice|main,adservice_mem,0.5103333333333333,5,5,0.5233333333333333,0.49733333333333335,5,5,5,0.5,baseline-v2-20260723,cd270e7871bd358937d83d9a49829637fa80007d2964084ef229f578e3733bd3,ba75425861a059dafcc477474fc3e4ed1eafdc2b47d6fdd0557337035d29a960,3cc0fc2493ae514ac3146aaee0429373cfd8a5c7181d7d9f1f91abd1e565791b,557961,1716143232000000000,300
OB/adservice_loss/4,OB,adservice,loss,4,300,300,point,0.5,8,0.5,median_shift,2,0.5,0.8,0.08333333333333333,0,1,1,13,11.855399992782623,paymentservice|adservice|main|currencyservice|recommendationservice,paymentservice_mem,0.5103333333333333,5,5,0.5233333333333333,0.49733333333333335,5,5,5,0.5,baseline-v2-20260723,cd270e7871bd358937d83d9a49829637fa80007d2964084ef229f578e3733bd3,ba75425861a059dafcc477474fc3e4ed1eafdc2b47d6fdd0557337035d29a960,3cc0fc2493ae514ac3146aaee0429373cfd8a5c7181d7d9f1f91abd1e565791b,557961,1716143232000000000,300
OB/adservice_loss/4,OB,adservice,loss,4,300,300,point,0.5,8,0.5,nsigma,1,1.0,1.0,0.0,1,1,1,13,53.00319998059422,adservice|paymentservice|main|cartservice|checkoutservice,adservice_mem,0.5103333333333333,5,5,0.5233333333333333,0.49733333333333335,5,5,5,0.5,baseline-v2-20260723,cd270e7871bd358937d83d9a49829637fa80007d2964084ef229f578e3733bd3,ba75425861a059dafcc477474fc3e4ed1eafdc2b47d6fdd0557337035d29a960,3cc0fc2493ae514ac3146aaee0429373cfd8a5c7181d7d9f1f91abd1e565791b,557961,1716143232000000000,300
OB/adservice_loss/4,OB,adservice,loss,4,300,300,point,0.5,9,0.5,baro,1,1.0,1.0,0.0,1,1,1,13,67.15089996578172,adservice|redis|paymentservice|productcatalogservice|cartservice,adservice_mem,0.509,5,5,0.5273333333333333,0.49066666666666664,5,5,5,0.5,baseline-v2-20260723,cd270e7871bd358937d83d9a49829637fa80007d2964084ef229f578e3733bd3,ba75425861a059dafcc477474fc3e4ed1eafdc2b47d6fdd0557337035d29a960,3cc0fc2493ae514ac3146aaee0429373cfd8a5c7181d7d9f1f91abd1e565791b,557961,1716143232000000000,300
OB/adservice_loss/4,OB,adservice,loss,4,300,300,point,0.5,9,0.5,median_shift,2,0.5,0.8,0.08333333333333333,0,1,1,13,11.335499992128462,paymentservice|adservice|main|currencyservice|checkoutservice,paymentservice_mem,0.509,5,5,0.5273333333333333,0.49066666666666664,5,5,5,0.5,baseline-v2-20260723,cd270e7871bd358937d83d9a49829637fa80007d2964084ef229f578e3733bd3,ba75425861a059dafcc477474fc3e4ed1eafdc2b47d6fdd0557337035d29a960,3cc0fc2493ae514ac3146aaee0429373cfd8a5c7181d7d9f1f91abd1e565791b,557961,1716143232000000000,300
OB/adservice_loss/4,OB,adservice,loss,4,300,300,point,0.5,9,0.5,nsigma,1,1.0,1.0,0.0,1,1,1,13,54.55290002282709,adservice|paymentservice|cartservice|main|productcatalogservice,adservice_mem,0.509,5,5,0.5273333333333333,0.49066666666666664,5,5,5,0.5,baseline-v2-20260723,cd270e7871bd358937d83d9a49829637fa80007d2964084ef229f578e3733bd3,ba75425861a059dafcc477474fc3e4ed1eafdc2b47d6fdd0557337035d29a960,3cc0fc2493ae514ac3146aaee0429373cfd8a5c7181d7d9f1f91abd1e565791b,557961,1716143232000000000,300
OB/adservice_loss/4,OB,adservice,loss,4,300,300,stream,0.1,0,0.1016949152542373,baro,1,1.0,1.0,0.0,1,1,1,13,77.55560002988204,adservice|redis|productcatalogservice|cartservice|checkoutservice,adservice_mem,0.8,4,5,0.8,0.8,4,4,4,0.8983050847457628,baseline-v2-20260723,cd270e7871bd358937d83d9a49829637fa80007d2964084ef229f578e3733bd3,ba75425861a059dafcc477474fc3e4ed1eafdc2b47d6fdd0557337035d29a960,3cc0fc2493ae514ac3146aaee0429373cfd8a5c7181d7d9f1f91abd1e565791b,557961,1716143232000000000,300
OB/adservice_loss/4,OB,adservice,loss,4,300,300,stream,0.1,0,0.1016949152542373,median_shift,1,1.0,1.0,0.0,1,1,1,13,21.069300011731684,adservice|currencyservice|redis|productcatalogservice|checkoutservice,adservice_latency-90,0.8,4,5,0.8,0.8,4,4,4,0.8983050847457628,baseline-v2-20260723,cd270e7871bd358937d83d9a49829637fa80007d2964084ef229f578e3733bd3,ba75425861a059dafcc477474fc3e4ed1eafdc2b47d6fdd0557337035d29a960,3cc0fc2493ae514ac3146aaee0429373cfd8a5c7181d7d9f1f91abd1e565791b,557961,1716143232000000000,300
OB/adservice_loss/4,OB,adservice,loss,4,300,300,stream,0.1,0,0.1016949152542373,nsigma,1,1.0,1.0,0.0,1,1,1,13,45.313899987377226,adservice|cartservice|productcatalogservice|checkoutservice|frontend,adservice_mem,0.8,4,5,0.8,0.8,4,4,4,0.8983050847457628,baseline-v2-20260723,cd270e7871bd358937d83d9a49829637fa80007d2964084ef229f578e3733bd3,ba75425861a059dafcc477474fc3e4ed1eafdc2b47d6fdd0557337035d29a960,3cc0fc2493ae514ac3146aaee0429373cfd8a5c7181d7d9f1f91abd1e565791b,557961,1716143232000000000,300
OB/adservice_loss/4,OB,adservice,loss,4,300,300,stream,0.1,1,0.1016949152542373,baro,1,1.0,1.0,0.0,1,1,1,13,56.509000016376376,adservice|redis|paymentservice|productcatalogservice|main,adservice_mem,1.0,5,5,1.0,1.0,5,5,5,0.8983050847457628,baseline-v2-20260723,cd270e7871bd358937d83d9a49829637fa80007d2964084ef229f578e3733bd3,ba75425861a059dafcc477474fc3e4ed1eafdc2b47d6fdd0557337035d29a960,3cc0fc2493ae514ac3146aaee0429373cfd8a5c7181d7d9f1f91abd1e565791b,557961,1716143232000000000,300
OB/adservice_loss/4,OB,adservice,loss,4,300,300,stream,0.1,1,0.1016949152542373,median_shift,1,1.0,1.0,0.0,1,1,1,13,10.344599955715239,adservice|main|paymentservice|currencyservice|redis,adservice_latency-90,1.0,5,5,1.0,1.0,5,5,5,0.8983050847457628,baseline-v2-20260723,cd270e7871bd358937d83d9a49829637fa80007d2964084ef229f578e3733bd3,ba75425861a059dafcc477474fc3e4ed1eafdc2b47d6fdd0557337035d29a960,3cc0fc2493ae514ac3146aaee0429373cfd8a5c7181d7d9f1f91abd1e565791b,557961,1716143232000000000,300
OB/adservice_loss/4,OB,adservice,loss,4,300,300,stream,0.1,1,0.1016949152542373,nsigma,1,1.0,1.0,0.0,1,1,1,13,48.590000020340085,adservice|paymentservice|main|cartservice|productcatalogservice,adservice_mem,1.0,5,5,1.0,1.0,5,5,5,0.8983050847457628,baseline-v2-20260723,cd270e7871bd358937d83d9a49829637fa80007d2964084ef229f578e3733bd3,ba75425861a059dafcc477474fc3e4ed1eafdc2b47d6fdd0557337035d29a960,3cc0fc2493ae514ac3146aaee0429373cfd8a5c7181d7d9f1f91abd1e565791b,557961,1716143232000000000,300
OB/adservice_loss/4,OB,adservice,loss,4,300,300,stream,0.1,2,0.1016949152542373,baro,1,1.0,1.0,0.0,1,1,1,13,66.78110000211746,adservice|redis|paymentservice|productcatalogservice|main,adservice_mem,1.0,5,5,1.0,1.0,5,5,5,0.8983050847457628,baseline-v2-20260723,cd270e7871bd358937d83d9a49829637fa80007d2964084ef229f578e3733bd3,ba75425861a059dafcc477474fc3e4ed1eafdc2b47d6fdd0557337035d29a960,3cc0fc2493ae514ac3146aaee0429373cfd8a5c7181d7d9f1f91abd1e565791b,557961,1716143232000000000,300
OB/adservice_loss/4,OB,adservice,loss,4,300,300,stream,0.1,2,0.1016949152542373,median_shift,1,1.0,1.0,0.0,1,1,1,13,19.627899979241192,adservice|main|paymentservice|currencyservice|redis,adservice_latency-90,1.0,5,5,1.0,1.0,5,5,5,0.8983050847457628,baseline-v2-20260723,cd270e7871bd358937d83d9a49829637fa80007d2964084ef229f578e3733bd3,ba75425861a059dafcc477474fc3e4ed1eafdc2b47d6fdd0557337035d29a960,3cc0fc2493ae514ac3146aaee0429373cfd8a5c7181d7d9f1f91abd1e565791b,557961,1716143232000000000,300
OB/adservice_loss/4,OB,adservice,loss,4,300,300,stream,0.1,2,0.1016949152542373,nsigma,1,1.0,1.0,0.0,1,1,1,13,48.0115000391379,adservice|paymentservice|main|cartservice|productcatalogservice,adservice_mem,1.0,5,5,1.0,1.0,5,5,5,0.8983050847457628,baseline-v2-20260723,cd270e7871bd358937d83d9a49829637fa80007d2964084ef229f578e3733bd3,ba75425861a059dafcc477474fc3e4ed1eafdc2b47d6fdd0557337035d29a960,3cc0fc2493ae514ac3146aaee0429373cfd8a5c7181d7d9f1f91abd1e565791b,557961,1716143232000000000,300
OB/adservice_loss/4,OB,adservice,loss,4,300,300,stream,0.1,3,0.1016949152542373,baro,1,1.0,1.0,0.0,1,1,1,13,67.51170003553852,adservice|redis|paymentservice|productcatalogservice|main,adservice_mem,1.0,5,5,1.0,1.0,5,5,5,0.8983050847457628,baseline-v2-20260723,cd270e7871bd358937d83d9a49829637fa80007d2964084ef229f578e3733bd3,ba75425861a059dafcc477474fc3e4ed1eafdc2b47d6fdd0557337035d29a960,3cc0fc2493ae514ac3146aaee0429373cfd8a5c7181d7d9f1f91abd1e565791b,557961,1716143232000000000,300
OB/adservice_loss/4,OB,adservice,loss,4,300,300,stream,0.1,3,0.1016949152542373,median_shift,1,1.0,1.0,0.0,1,1,1,13,20.947500015608966,adservice|main|paymentservice|redis|productcatalogservice,adservice_latency-90,1.0,5,5,1.0,1.0,5,5,5,0.8983050847457628,baseline-v2-20260723,cd270e7871bd358937d83d9a49829637fa80007d2964084ef229f578e3733bd3,ba75425861a059dafcc477474fc3e4ed1eafdc2b47d6fdd0557337035d29a960,3cc0fc2493ae514ac3146aaee0429373cfd8a5c7181d7d9f1f91abd1e565791b,557961,1716143232000000000,300
OB/adservice_loss/4,OB,adservice,loss,4,300,300,stream,0.1,3,0.1016949152542373,nsigma,1,1.0,1.0,0.0,1,1,1,13,47.20779997296631,adservice|paymentservice|main|cartservice|checkoutservice,adservice_mem,1.0,5,5,1.0,1.0,5,5,5,0.8983050847457628,baseline-v2-20260723,cd270e7871bd358937d83d9a49829637fa80007d2964084ef229f578e3733bd3,ba75425861a059dafcc477474fc3e4ed1eafdc2b47d6fdd0557337035d29a960,3cc0fc2493ae514ac3146aaee0429373cfd8a5c7181d7d9f1f91abd1e565791b,557961,1716143232000000000,300
OB/adservice_loss/4,OB,adservice,loss,4,300,300,stream,0.1,4,0.1016949152542373,baro,1,1.0,1.0,0.0,1,1,1,13,80.1921000238508,adservice|redis|paymentservice|productcatalogservice|main,adservice_mem,0.8,4,5,0.8,0.8,4,4,4,0.8983050847457628,baseline-v2-20260723,cd270e7871bd358937d83d9a49829637fa80007d2964084ef229f578e3733bd3,ba75425861a059dafcc477474fc3e4ed1eafdc2b47d6fdd0557337035d29a960,3cc0fc2493ae514ac3146aaee0429373cfd8a5c7181d7d9f1f91abd1e565791b,557961,1716143232000000000,300
OB/adservice_loss/4,OB,adservice,loss,4,300,300,stream,0.1,4,0.1016949152542373,median_shift,1,1.0,1.0,0.0,1,1,1,13,10.609899996779859,adservice|main|paymentservice|currencyservice|redis,adservice_latency-90,0.8,4,5,0.8,0.8,4,4,4,0.8983050847457628,baseline-v2-20260723,cd270e7871bd358937d83d9a49829637fa80007d2964084ef229f578e3733bd3,ba75425861a059dafcc477474fc3e4ed1eafdc2b47d6fdd0557337035d29a960,3cc0fc2493ae514ac3146aaee0429373cfd8a5c7181d7d9f1f91abd1e565791b,557961,1716143232000000000,300
OB/adservice_loss/4,OB,adservice,loss,4,300,300,stream,0.1,4,0.1016949152542373,nsigma,1,1.0,1.0,0.0,1,1,1,13,65.48809999367222,adservice|paymentservice|main|cartservice|productcatalogservice,adservice_mem,0.8,4,5,0.8,0.8,4,4,4,0.8983050847457628,baseline-v2-20260723,cd270e7871bd358937d83d9a49829637fa80007d2964084ef229f578e3733bd3,ba75425861a059dafcc477474fc3e4ed1eafdc2b47d6fdd0557337035d29a960,3cc0fc2493ae514ac3146aaee0429373cfd8a5c7181d7d9f1f91abd1e565791b,557961,1716143232000000000,300
OB/adservice_loss/4,OB,adservice,loss,4,300,300,stream,0.1,5,0.1016949152542373,baro,1,1.0,1.0,0.0,1,1,1,13,58.81350004347041,adservice|redis|paymentservice|productcatalogservice|main,adservice_mem,1.0,5,5,1.0,1.0,5,5,5,0.8983050847457628,baseline-v2-20260723,cd270e7871bd358937d83d9a49829637fa80007d2964084ef229f578e3733bd3,ba75425861a059dafcc477474fc3e4ed1eafdc2b47d6fdd0557337035d29a960,3cc0fc2493ae514ac3146aaee0429373cfd8a5c7181d7d9f1f91abd1e565791b,557961,1716143232000000000,300
OB/adservice_loss/4,OB,adservice,loss,4,300,300,stream,0.1,5,0.1016949152542373,median_shift,1,1.0,1.0,0.0,1,1,1,13,10.468900029081851,adservice|main|paymentservice|currencyservice|redis,adservice_latency-90,1.0,5,5,1.0,1.0,5,5,5,0.8983050847457628,baseline-v2-20260723,cd270e7871bd358937d83d9a49829637fa80007d2964084ef229f578e3733bd3,ba75425861a059dafcc477474fc3e4ed1eafdc2b47d6fdd0557337035d29a960,3cc0fc2493ae514ac3146aaee0429373cfd8a5c7181d7d9f1f91abd1e565791b,557961,1716143232000000000,300
OB/adservice_loss/4,OB,adservice,loss,4,300,300,stream,0.1,5,0.1016949152542373,nsigma,1,1.0,1.0,0.0,1,1,1,13,50.728000001981854,adservice|paymentservice|main|cartservice|productcatalogservice,adservice_mem,1.0,5,5,1.0,1.0,5,5,5,0.8983050847457628,baseline-v2-20260723,cd270e7871bd358937d83d9a49829637fa80007d2964084ef229f578e3733bd3,ba75425861a059dafcc477474fc3e4ed1eafdc2b47d6fdd0557337035d29a960,3cc0fc2493ae514ac3146aaee0429373cfd8a5c7181d7d9f1f91abd1e565791b,557961,1716143232000000000,300
OB/adservice_loss/4,OB,adservice,loss,4,300,300,stream,0.1,6,0.1016949152542373,baro,1,1.0,1.0,0.0,1,1,1,13,74.17680002981797,adservice|redis|paymentservice|productcatalogservice|main,adservice_mem,1.0,5,5,1.0,1.0,5,5,5,0.8983050847457628,baseline-v2-20260723,cd270e7871bd358937d83d9a49829637fa80007d2964084ef229f578e3733bd3,ba75425861a059dafcc477474fc3e4ed1eafdc2b47d6fdd0557337035d29a960,3cc0fc2493ae514ac3146aaee0429373cfd8a5c7181d7d9f1f91abd1e565791b,557961,1716143232000000000,300
OB/adservice_loss/4,OB,adservice,loss,4,300,300,stream,0.1,6,0.1016949152542373,median_shift,1,1.0,1.0,0.0,1,1,1,13,18.765299988444895,adservice|main|paymentservice|currencyservice|redis,adservice_latency-90,1.0,5,5,1.0,1.0,5,5,5,0.8983050847457628,baseline-v2-20260723,cd270e7871bd358937d83d9a49829637fa80007d2964084ef229f578e3733bd3,ba75425861a059dafcc477474fc3e4ed1eafdc2b47d6fdd0557337035d29a960,3cc0fc2493ae514ac3146aaee0429373cfd8a5c7181d7d9f1f91abd1e565791b,557961,1716143232000000000,300
OB/adservice_loss/4,OB,adservice,loss,4,300,300,stream,0.1,6,0.1016949152542373,nsigma,1,1.0,1.0,0.0,1,1,1,13,59.83919999562204,adservice|paymentservice|main|cartservice|productcatalogservice,adservice_mem,1.0,5,5,1.0,1.0,5,5,5,0.8983050847457628,baseline-v2-20260723,cd270e7871bd358937d83d9a49829637fa80007d2964084ef229f578e3733bd3,ba75425861a059dafcc477474fc3e4ed1eafdc2b47d6fdd0557337035d29a960,3cc0fc2493ae514ac3146aaee0429373cfd8a5c7181d7d9f1f91abd1e565791b,557961,1716143232000000000,300
OB/adservice_loss/4,OB,adservice,loss,4,300,300,stream,0.1,7,0.1016949152542373,baro,1,1.0,1.0,0.0,1,1,1,13,72.84510001773015,adservice|redis|paymentservice|productcatalogservice|main,adservice_mem,1.0,5,5,1.0,1.0,5,5,5,0.8983050847457628,baseline-v2-20260723,cd270e7871bd358937d83d9a49829637fa80007d2964084ef229f578e3733bd3,ba75425861a059dafcc477474fc3e4ed1eafdc2b47d6fdd0557337035d29a960,3cc0fc2493ae514ac3146aaee0429373cfd8a5c7181d7d9f1f91abd1e565791b,557961,1716143232000000000,300
OB/adservice_loss/4,OB,adservice,loss,4,300,300,stream,0.1,7,0.1016949152542373,median_shift,1,1.0,1.0,0.0,1,1,1,13,18.033700005616993,adservice|main|paymentservice|currencyservice|productcatalogservice,adservice_latency-90,1.0,5,5,1.0,1.0,5,5,5,0.8983050847457628,baseline-v2-20260723,cd270e7871bd358937d83d9a49829637fa80007d2964084ef229f578e3733bd3,ba75425861a059dafcc477474fc3e4ed1eafdc2b47d6fdd0557337035d29a960,3cc0fc2493ae514ac3146aaee0429373cfd8a5c7181d7d9f1f91abd1e565791b,557961,1716143232000000000,300
OB/adservice_loss/4,OB,adservice,loss,4,300,300,stream,0.1,7,0.1016949152542373,nsigma,1,1.0,1.0,0.0,1,1,1,13,49.14199997438118,adservice|paymentservice|main|cartservice|productcatalogservice,adservice_mem,1.0,5,5,1.0,1.0,5,5,5,0.8983050847457628,baseline-v2-20260723,cd270e7871bd358937d83d9a49829637fa80007d2964084ef229f578e3733bd3,ba75425861a059dafcc477474fc3e4ed1eafdc2b47d6fdd0557337035d29a960,3cc0fc2493ae514ac3146aaee0429373cfd8a5c7181d7d9f1f91abd1e565791b,557961,1716143232000000000,300
OB/adservice_loss/4,OB,adservice,loss,4,300,300,stream,0.1,8,0.1016949152542373,baro,3,0.3333333333333333,0.6,0.16666666666666666,0,1,1,13,58.5465999902226,redis|paymentservice|adservice|productcatalogservice|main,redis_mem,0.6,3,5,0.6,0.6,3,3,3,0.8983050847457628,baseline-v2-20260723,cd270e7871bd358937d83d9a49829637fa80007d2964084ef229f578e3733bd3,ba75425861a059dafcc477474fc3e4ed1eafdc2b47d6fdd0557337035d29a960,3cc0fc2493ae514ac3146aaee0429373cfd8a5c7181d7d9f1f91abd1e565791b,557961,1716143232000000000,300
OB/adservice_loss/4,OB,adservice,loss,4,300,300,stream,0.1,8,0.1016949152542373,median_shift,7,0.14285714285714285,0.0,0.5,0,0,0,13,22.431000019423664,main|paymentservice|currencyservice|redis|productcatalogservice,main_mem,0.6,3,5,0.6,0.6,3,3,3,0.8983050847457628,baseline-v2-20260723,cd270e7871bd358937d83d9a49829637fa80007d2964084ef229f578e3733bd3,ba75425861a059dafcc477474fc3e4ed1eafdc2b47d6fdd0557337035d29a960,3cc0fc2493ae514ac3146aaee0429373cfd8a5c7181d7d9f1f91abd1e565791b,557961,1716143232000000000,300
OB/adservice_loss/4,OB,adservice,loss,4,300,300,stream,0.1,8,0.1016949152542373,nsigma,1,1.0,1.0,0.0,1,1,1,13,49.070100008975714,adservice|paymentservice|main|productcatalogservice|checkoutservice,adservice_cpu,0.6,3,5,0.6,0.6,3,3,3,0.8983050847457628,baseline-v2-20260723,cd270e7871bd358937d83d9a49829637fa80007d2964084ef229f578e3733bd3,ba75425861a059dafcc477474fc3e4ed1eafdc2b47d6fdd0557337035d29a960,3cc0fc2493ae514ac3146aaee0429373cfd8a5c7181d7d9f1f91abd1e565791b,557961,1716143232000000000,300
OB/adservice_loss/4,OB,adservice,loss,4,300,300,stream,0.1,9,0.1016949152542373,baro,1,1.0,1.0,0.0,1,1,1,13,67.19880003947765,adservice|redis|paymentservice|productcatalogservice|main,adservice_mem,0.8,4,5,0.8,0.8,4,4,4,0.8983050847457628,baseline-v2-20260723,cd270e7871bd358937d83d9a49829637fa80007d2964084ef229f578e3733bd3,ba75425861a059dafcc477474fc3e4ed1eafdc2b47d6fdd0557337035d29a960,3cc0fc2493ae514ac3146aaee0429373cfd8a5c7181d7d9f1f91abd1e565791b,557961,1716143232000000000,300
OB/adservice_loss/4,OB,adservice,loss,4,300,300,stream,0.1,9,0.1016949152542373,median_shift,1,1.0,1.0,0.0,1,1,1,13,9.94739995803684,adservice|main|paymentservice|productcatalogservice|checkoutservice,adservice_latency-90,0.8,4,5,0.8,0.8,4,4,4,0.8983050847457628,baseline-v2-20260723,cd270e7871bd358937d83d9a49829637fa80007d2964084ef229f578e3733bd3,ba75425861a059dafcc477474fc3e4ed1eafdc2b47d6fdd0557337035d29a960,3cc0fc2493ae514ac3146aaee0429373cfd8a5c7181d7d9f1f91abd1e565791b,557961,1716143232000000000,300
OB/adservice_loss/4,OB,adservice,loss,4,300,300,stream,0.1,9,0.1016949152542373,nsigma,1,1.0,1.0,0.0,1,1,1,13,59.731399989686906,adservice|paymentservice|main|cartservice|productcatalogservice,adservice_mem,0.8,4,5,0.8,0.8,4,4,4,0.8983050847457628,baseline-v2-20260723,cd270e7871bd358937d83d9a49829637fa80007d2964084ef229f578e3733bd3,ba75425861a059dafcc477474fc3e4ed1eafdc2b47d6fdd0557337035d29a960,3cc0fc2493ae514ac3146aaee0429373cfd8a5c7181d7d9f1f91abd1e565791b,557961,1716143232000000000,300
OB/adservice_loss/4,OB,adservice,loss,4,300,300,stream,0.3,0,0.3050847457627119,baro,1,1.0,1.0,0.0,1,1,1,13,49.1714000236243,adservice|redis|productcatalogservice|main|checkoutservice,adservice_mem,0.8,4,5,0.8,0.8,4,4,4,0.6949152542372882,baseline-v2-20260723,cd270e7871bd358937d83d9a49829637fa80007d2964084ef229f578e3733bd3,ba75425861a059dafcc477474fc3e4ed1eafdc2b47d6fdd0557337035d29a960,3cc0fc2493ae514ac3146aaee0429373cfd8a5c7181d7d9f1f91abd1e565791b,557961,1716143232000000000,300
OB/adservice_loss/4,OB,adservice,loss,4,300,300,stream,0.3,0,0.3050847457627119,median_shift,1,1.0,1.0,0.0,1,1,1,13,8.965499990154058,adservice|main|productcatalogservice|checkoutservice|frontend,adservice_latency-90,0.8,4,5,0.8,0.8,4,4,4,0.6949152542372882,baseline-v2-20260723,cd270e7871bd358937d83d9a49829637fa80007d2964084ef229f578e3733bd3,ba75425861a059dafcc477474fc3e4ed1eafdc2b47d6fdd0557337035d29a960,3cc0fc2493ae514ac3146aaee0429373cfd8a5c7181d7d9f1f91abd1e565791b,557961,1716143232000000000,300
OB/adservice_loss/4,OB,adservice,loss,4,300,300,stream,0.3,0,0.3050847457627119,nsigma,1,1.0,1.0,0.0,1,1,1,13,57.21609998727217,adservice|main|checkoutservice|frontend|emailservice,adservice_mem,0.8,4,5,0.8,0.8,4,4,4,0.6949152542372882,baseline-v2-20260723,cd270e7871bd358937d83d9a49829637fa80007d2964084ef229f578e3733bd3,ba75425861a059dafcc477474fc3e4ed1eafdc2b47d6fdd0557337035d29a960,3cc0fc2493ae514ac3146aaee0429373cfd8a5c7181d7d9f1f91abd1e565791b,557961,1716143232000000000,300
OB/adservice_loss/4,OB,adservice,loss,4,300,300,stream,0.3,1,0.3050847457627119,baro,3,0.3333333333333333,0.6,0.16666666666666666,0,1,1,13,61.972199997399,redis|paymentservice|adservice|productcatalogservice|main,redis_mem,0.8,4,5,0.8,0.8,4,4,4,0.6949152542372882,baseline-v2-20260723,cd270e7871bd358937d83d9a49829637fa80007d2964084ef229f578e3733bd3,ba75425861a059dafcc477474fc3e4ed1eafdc2b47d6fdd0557337035d29a960,3cc0fc2493ae514ac3146aaee0429373cfd8a5c7181d7d9f1f91abd1e565791b,557961,1716143232000000000,300
OB/adservice_loss/4,OB,adservice,loss,4,300,300,stream,0.3,1,0.3050847457627119,median_shift,1,1.0,1.0,0.0,1,1,1,13,8.623799949418753,adservice|main|paymentservice|redis|productcatalogservice,adservice_latency-90,0.8,4,5,0.8,0.8,4,4,4,0.6949152542372882,baseline-v2-20260723,cd270e7871bd358937d83d9a49829637fa80007d2964084ef229f578e3733bd3,ba75425861a059dafcc477474fc3e4ed1eafdc2b47d6fdd0557337035d29a960,3cc0fc2493ae514ac3146aaee0429373cfd8a5c7181d7d9f1f91abd1e565791b,557961,1716143232000000000,300
OB/adservice_loss/4,OB,adservice,loss,4,300,300,stream,0.3,1,0.3050847457627119,nsigma,1,1.0,1.0,0.0,1,1,1,13,38.476499961689115,adservice|paymentservice|main|cartservice|productcatalogservice,adservice_cpu,0.8,4,5,0.8,0.8,4,4,4,0.6949152542372882,baseline-v2-20260723,cd270e7871bd358937d83d9a49829637fa80007d2964084ef229f578e3733bd3,ba75425861a059dafcc477474fc3e4ed1eafdc2b47d6fdd0557337035d29a960,3cc0fc2493ae514ac3146aaee0429373cfd8a5c7181d7d9f1f91abd1e565791b,557961,1716143232000000000,300
OB/adservice_loss/4,OB,adservice,loss,4,300,300,stream,0.3,2,0.3050847457627119,baro,2,0.5,0.8,0.08333333333333333,0,1,1,13,48.87080000480637,paymentservice|adservice|productcatalogservice|main|emailservice,paymentservice_mem,0.6,3,5,0.6,0.6,3,3,3,0.6949152542372882,baseline-v2-20260723,cd270e7871bd358937d83d9a49829637fa80007d2964084ef229f578e3733bd3,ba75425861a059dafcc477474fc3e4ed1eafdc2b47d6fdd0557337035d29a960,3cc0fc2493ae514ac3146aaee0429373cfd8a5c7181d7d9f1f91abd1e565791b,557961,1716143232000000000,300
OB/adservice_loss/4,OB,adservice,loss,4,300,300,stream,0.3,2,0.3050847457627119,median_shift,1,1.0,1.0,0.0,1,1,1,13,8.668099995702505,adservice|main|paymentservice|productcatalogservice|checkoutservice,adservice_latency-90,0.6,3,5,0.6,0.6,3,3,3,0.6949152542372882,baseline-v2-20260723,cd270e7871bd358937d83d9a49829637fa80007d2964084ef229f578e3733bd3,ba75425861a059dafcc477474fc3e4ed1eafdc2b47d6fdd0557337035d29a960,3cc0fc2493ae514ac3146aaee0429373cfd8a5c7181d7d9f1f91abd1e565791b,557961,1716143232000000000,300
OB/adservice_loss/4,OB,adservice,loss,4,300,300,stream,0.3,2,0.3050847457627119,nsigma,1,1.0,1.0,0.0,1,1,1,13,40.662100014742464,adservice|paymentservice|main|productcatalogservice|checkoutservice,adservice_cpu,0.6,3,5,0.6,0.6,3,3,3,0.6949152542372882,baseline-v2-20260723,cd270e7871bd358937d83d9a49829637fa80007d2964084ef229f578e3733bd3,ba75425861a059dafcc477474fc3e4ed1eafdc2b47d6fdd0557337035d29a960,3cc0fc2493ae514ac3146aaee0429373cfd8a5c7181d7d9f1f91abd1e565791b,557961,1716143232000000000,300
OB/adservice_loss/4,OB,adservice,loss,4,300,300,stream,0.3,3,0.3050847457627119,baro,1,1.0,1.0,0.0,1,1,1,13,68.04300000658259,adservice|redis|paymentservice|productcatalogservice|main,adservice_mem,1.0,5,5,1.0,1.0,5,5,5,0.6949152542372882,baseline-v2-20260723,cd270e7871bd358937d83d9a49829637fa80007d2964084ef229f578e3733bd3,ba75425861a059dafcc477474fc3e4ed1eafdc2b47d6fdd0557337035d29a960,3cc0fc2493ae514ac3146aaee0429373cfd8a5c7181d7d9f1f91abd1e565791b,557961,1716143232000000000,300
OB/adservice_loss/4,OB,adservice,loss,4,300,300,stream,0.3,3,0.3050847457627119,median_shift,1,1.0,1.0,0.0,1,1,1,13,15.58370003476739,adservice|main|paymentservice|currencyservice|redis,adservice_latency-90,1.0,5,5,1.0,1.0,5,5,5,0.6949152542372882,baseline-v2-20260723,cd270e7871bd358937d83d9a49829637fa80007d2964084ef229f578e3733bd3,ba75425861a059dafcc477474fc3e4ed1eafdc2b47d6fdd0557337035d29a960,3cc0fc2493ae514ac3146aaee0429373cfd8a5c7181d7d9f1f91abd1e565791b,557961,1716143232000000000,300
OB/adservice_loss/4,OB,adservice,loss,4,300,300,stream,0.3,3,0.3050847457627119,nsigma,1,1.0,1.0,0.0,1,1,1,13,40.1543999905698,adservice|paymentservice|main|cartservice|productcatalogservice,adservice_mem,1.0,5,5,1.0,1.0,5,5,5,0.6949152542372882,baseline-v2-20260723,cd270e7871bd358937d83d9a49829637fa80007d2964084ef229f578e3733bd3,ba75425861a059dafcc477474fc3e4ed1eafdc2b47d6fdd0557337035d29a960,3cc0fc2493ae514ac3146aaee0429373cfd8a5c7181d7d9f1f91abd1e565791b,557961,1716143232000000000,300
OB/adservice_loss/4,OB,adservice,loss,4,300,300,stream,0.3,4,0.3050847457627119,baro,3,0.3333333333333333,0.6,0.16666666666666666,0,1,1,13,62.21229996299371,redis|paymentservice|adservice|productcatalogservice|main,redis_mem,0.6,3,5,0.6,0.6,3,3,3,0.6949152542372882,baseline-v2-20260723,cd270e7871bd358937d83d9a49829637fa80007d2964084ef229f578e3733bd3,ba75425861a059dafcc477474fc3e4ed1eafdc2b47d6fdd0557337035d29a960,3cc0fc2493ae514ac3146aaee0429373cfd8a5c7181d7d9f1f91abd1e565791b,557961,1716143232000000000,300
OB/adservice_loss/4,OB,adservice,loss,4,300,300,stream,0.3,4,0.3050847457627119,median_shift,1,1.0,1.0,0.0,1,1,1,13,8.857299981173128,adservice|main|paymentservice|currencyservice|productcatalogservice,adservice_latency-90,0.6,3,5,0.6,0.6,3,3,3,0.6949152542372882,baseline-v2-20260723,cd270e7871bd358937d83d9a49829637fa80007d2964084ef229f578e3733bd3,ba75425861a059dafcc477474fc3e4ed1eafdc2b47d6fdd0557337035d29a960,3cc0fc2493ae514ac3146aaee0429373cfd8a5c7181d7d9f1f91abd1e565791b,557961,1716143232000000000,300
OB/adservice_loss/4,OB,adservice,loss,4,300,300,stream,0.3,4,0.3050847457627119,nsigma,1,1.0,1.0,0.0,1,1,1,13,66.34359998861328,adservice|paymentservice|main|cartservice|productcatalogservice,adservice_cpu,0.6,3,5,0.6,0.6,3,3,3,0.6949152542372882,baseline-v2-20260723,cd270e7871bd358937d83d9a49829637fa80007d2964084ef229f578e3733bd3,ba75425861a059dafcc477474fc3e4ed1eafdc2b47d6fdd0557337035d29a960,3cc0fc2493ae514ac3146aaee0429373cfd8a5c7181d7d9f1f91abd1e565791b,557961,1716143232000000000,300
OB/adservice_loss/4,OB,adservice,loss,4,300,300,stream,0.3,5,0.3050847457627119,baro,1,1.0,1.0,0.0,1,1,1,13,67.9606000194326,adservice|redis|productcatalogservice|cartservice|checkoutservice,adservice_mem,0.8,4,5,0.8,0.8,4,4,4,0.6949152542372882,baseline-v2-20260723,cd270e7871bd358937d83d9a49829637fa80007d2964084ef229f578e3733bd3,ba75425861a059dafcc477474fc3e4ed1eafdc2b47d6fdd0557337035d29a960,3cc0fc2493ae514ac3146aaee0429373cfd8a5c7181d7d9f1f91abd1e565791b,557961,1716143232000000000,300
OB/adservice_loss/4,OB,adservice,loss,4,300,300,stream,0.3,5,0.3050847457627119,median_shift,1,1.0,1.0,0.0,1,1,1,13,17.382999998517334,adservice|productcatalogservice|checkoutservice|main|recommendationservice,adservice_latency-90,0.8,4,5,0.8,0.8,4,4,4,0.6949152542372882,baseline-v2-20260723,cd270e7871bd358937d83d9a49829637fa80007d2964084ef229f578e3733bd3,ba75425861a059dafcc477474fc3e4ed1eafdc2b47d6fdd0557337035d29a960,3cc0fc2493ae514ac3146aaee0429373cfd8a5c7181d7d9f1f91abd1e565791b,557961,1716143232000000000,300
OB/adservice_loss/4,OB,adservice,loss,4,300,300,stream,0.3,5,0.3050847457627119,nsigma,1,1.0,1.0,0.0,1,1,1,13,41.16879997309297,adservice|cartservice|productcatalogservice|checkoutservice|frontend,adservice_mem,0.8,4,5,0.8,0.8,4,4,4,0.6949152542372882,baseline-v2-20260723,cd270e7871bd358937d83d9a49829637fa80007d2964084ef229f578e3733bd3,ba75425861a059dafcc477474fc3e4ed1eafdc2b47d6fdd0557337035d29a960,3cc0fc2493ae514ac3146aaee0429373cfd8a5c7181d7d9f1f91abd1e565791b,557961,1716143232000000000,300
OB/adservice_loss/4,OB,adservice,loss,4,300,300,stream,0.3,6,0.3050847457627119,baro,1,1.0,1.0,0.0,1,1,1,13,50.86679995292798,adservice|redis|productcatalogservice|main|cartservice,adservice_mem,1.0,5,5,1.0,1.0,5,5,5,0.6949152542372882,baseline-v2-20260723,cd270e7871bd358937d83d9a49829637fa80007d2964084ef229f578e3733bd3,ba75425861a059dafcc477474fc3e4ed1eafdc2b47d6fdd0557337035d29a960,3cc0fc2493ae514ac3146aaee0429373cfd8a5c7181d7d9f1f91abd1e565791b,557961,1716143232000000000,300
OB/adservice_loss/4,OB,adservice,loss,4,300,300,stream,0.3,6,0.3050847457627119,median_shift,1,1.0,1.0,0.0,1,1,1,13,19.191499974112958,adservice|main|currencyservice|redis|productcatalogservice,adservice_latency-90,1.0,5,5,1.0,1.0,5,5,5,0.6949152542372882,baseline-v2-20260723,cd270e7871bd358937d83d9a49829637fa80007d2964084ef229f578e3733bd3,ba75425861a059dafcc477474fc3e4ed1eafdc2b47d6fdd0557337035d29a960,3cc0fc2493ae514ac3146aaee0429373cfd8a5c7181d7d9f1f91abd1e565791b,557961,1716143232000000000,300
OB/adservice_loss/4,OB,adservice,loss,4,300,300,stream,0.3,6,0.3050847457627119,nsigma,1,1.0,1.0,0.0,1,1,1,13,49.917500000447035,adservice|main|cartservice|checkoutservice|frontend,adservice_mem,1.0,5,5,1.0,1.0,5,5,5,0.6949152542372882,baseline-v2-20260723,cd270e7871bd358937d83d9a49829637fa80007d2964084ef229f578e3733bd3,ba75425861a059dafcc477474fc3e4ed1eafdc2b47d6fdd0557337035d29a960,3cc0fc2493ae514ac3146aaee0429373cfd8a5c7181d7d9f1f91abd1e565791b,557961,1716143232000000000,300
OB/adservice_loss/4,OB,adservice,loss,4,300,300,stream,0.3,7,0.3050847457627119,baro,2,0.5,0.8,0.08333333333333333,0,1,1,13,59.890400036238134,paymentservice|adservice|productcatalogservice|cartservice|checkoutservice,paymentservice_mem,0.8,4,5,0.8,0.8,4,4,4,0.6949152542372882,baseline-v2-20260723,cd270e7871bd358937d83d9a49829637fa80007d2964084ef229f578e3733bd3,ba75425861a059dafcc477474fc3e4ed1eafdc2b47d6fdd0557337035d29a960,3cc0fc2493ae514ac3146aaee0429373cfd8a5c7181d7d9f1f91abd1e565791b,557961,1716143232000000000,300
OB/adservice_loss/4,OB,adservice,loss,4,300,300,stream,0.3,7,0.3050847457627119,median_shift,1,1.0,1.0,0.0,1,1,1,13,8.995100040920079,adservice|paymentservice|currencyservice|redis|productcatalogservice,adservice_latency-90,0.8,4,5,0.8,0.8,4,4,4,0.6949152542372882,baseline-v2-20260723,cd270e7871bd358937d83d9a49829637fa80007d2964084ef229f578e3733bd3,ba75425861a059dafcc477474fc3e4ed1eafdc2b47d6fdd0557337035d29a960,3cc0fc2493ae514ac3146aaee0429373cfd8a5c7181d7d9f1f91abd1e565791b,557961,1716143232000000000,300
OB/adservice_loss/4,OB,adservice,loss,4,300,300,stream,0.3,7,0.3050847457627119,nsigma,1,1.0,1.0,0.0,1,1,1,13,47.27050004294142,adservice|paymentservice|cartservice|productcatalogservice|checkoutservice,adservice_cpu,0.8,4,5,0.8,0.8,4,4,4,0.6949152542372882,baseline-v2-20260723,cd270e7871bd358937d83d9a49829637fa80007d2964084ef229f578e3733bd3,ba75425861a059dafcc477474fc3e4ed1eafdc2b47d6fdd0557337035d29a960,3cc0fc2493ae514ac3146aaee0429373cfd8a5c7181d7d9f1f91abd1e565791b,557961,1716143232000000000,300
OB/adservice_loss/4,OB,adservice,loss,4,300,300,stream,0.3,8,0.3050847457627119,baro,1,1.0,1.0,0.0,1,1,1,13,71.9270000117831,adservice|redis|paymentservice|productcatalogservice|main,adservice_mem,1.0,5,5,1.0,1.0,5,5,5,0.6949152542372882,baseline-v2-20260723,cd270e7871bd358937d83d9a49829637fa80007d2964084ef229f578e3733bd3,ba75425861a059dafcc477474fc3e4ed1eafdc2b47d6fdd0557337035d29a960,3cc0fc2493ae514ac3146aaee0429373cfd8a5c7181d7d9f1f91abd1e565791b,557961,1716143232000000000,300
OB/adservice_loss/4,OB,adservice,loss,4,300,300,stream,0.3,8,0.3050847457627119,median_shift,1,1.0,1.0,0.0,1,1,1,13,9.038700023666024,adservice|main|paymentservice|currencyservice|redis,adservice_latency-90,1.0,5,5,1.0,1.0,5,5,5,0.6949152542372882,baseline-v2-20260723,cd270e7871bd358937d83d9a49829637fa80007d2964084ef229f578e3733bd3,ba75425861a059dafcc477474fc3e4ed1eafdc2b47d6fdd0557337035d29a960,3cc0fc2493ae514ac3146aaee0429373cfd8a5c7181d7d9f1f91abd1e565791b,557961,1716143232000000000,300
OB/adservice_loss/4,OB,adservice,loss,4,300,300,stream,0.3,8,0.3050847457627119,nsigma,1,1.0,1.0,0.0,1,1,1,13,55.25550001766533,adservice|paymentservice|main|cartservice|productcatalogservice,adservice_mem,1.0,5,5,1.0,1.0,5,5,5,0.6949152542372882,baseline-v2-20260723,cd270e7871bd358937d83d9a49829637fa80007d2964084ef229f578e3733bd3,ba75425861a059dafcc477474fc3e4ed1eafdc2b47d6fdd0557337035d29a960,3cc0fc2493ae514ac3146aaee0429373cfd8a5c7181d7d9f1f91abd1e565791b,557961,1716143232000000000,300
OB/adservice_loss/4,OB,adservice,loss,4,300,300,stream,0.3,9,0.3050847457627119,baro,1,1.0,1.0,0.0,1,1,1,13,50.13289995258674,adservice|redis|paymentservice|productcatalogservice|checkoutservice,adservice_mem,1.0,5,5,1.0,1.0,5,5,5,0.6949152542372882,baseline-v2-20260723,cd270e7871bd358937d83d9a49829637fa80007d2964084ef229f578e3733bd3,ba75425861a059dafcc477474fc3e4ed1eafdc2b47d6fdd0557337035d29a960,3cc0fc2493ae514ac3146aaee0429373cfd8a5c7181d7d9f1f91abd1e565791b,557961,1716143232000000000,300
OB/adservice_loss/4,OB,adservice,loss,4,300,300,stream,0.3,9,0.3050847457627119,median_shift,1,1.0,1.0,0.0,1,1,1,13,9.246500034350902,adservice|paymentservice|currencyservice|redis|productcatalogservice,adservice_latency-90,1.0,5,5,1.0,1.0,5,5,5,0.6949152542372882,baseline-v2-20260723,cd270e7871bd358937d83d9a49829637fa80007d2964084ef229f578e3733bd3,ba75425861a059dafcc477474fc3e4ed1eafdc2b47d6fdd0557337035d29a960,3cc0fc2493ae514ac3146aaee0429373cfd8a5c7181d7d9f1f91abd1e565791b,557961,1716143232000000000,300
OB/adservice_loss/4,OB,adservice,loss,4,300,300,stream,0.3,9,0.3050847457627119,nsigma,1,1.0,1.0,0.0,1,1,1,13,41.98830004315823,adservice|paymentservice|productcatalogservice|checkoutservice|emailservice,adservice_mem,1.0,5,5,1.0,1.0,5,5,5,0.6949152542372882,baseline-v2-20260723,cd270e7871bd358937d83d9a49829637fa80007d2964084ef229f578e3733bd3,ba75425861a059dafcc477474fc3e4ed1eafdc2b47d6fdd0557337035d29a960,3cc0fc2493ae514ac3146aaee0429373cfd8a5c7181d7d9f1f91abd1e565791b,557961,1716143232000000000,300
OB/adservice_loss/4,OB,adservice,loss,4,300,300,stream,0.5,0,0.5084745762711864,baro,1,1.0,1.0,0.0,1,1,1,13,45.601499965414405,adservice|paymentservice|productcatalogservice|emailservice|frontend,adservice_mem,0.4,2,5,0.4,0.4,2,2,2,0.4915254237288136,baseline-v2-20260723,cd270e7871bd358937d83d9a49829637fa80007d2964084ef229f578e3733bd3,ba75425861a059dafcc477474fc3e4ed1eafdc2b47d6fdd0557337035d29a960,3cc0fc2493ae514ac3146aaee0429373cfd8a5c7181d7d9f1f91abd1e565791b,557961,1716143232000000000,300
OB/adservice_loss/4,OB,adservice,loss,4,300,300,stream,0.5,0,0.5084745762711864,median_shift,9,0.1111111111111111,0.0,0.6666666666666666,0,0,0,13,8.143899962306023,paymentservice|redis|productcatalogservice|recommendationservice|shippingservice,paymentservice_mem,0.4,2,5,0.4,0.4,2,2,2,0.4915254237288136,baseline-v2-20260723,cd270e7871bd358937d83d9a49829637fa80007d2964084ef229f578e3733bd3,ba75425861a059dafcc477474fc3e4ed1eafdc2b47d6fdd0557337035d29a960,3cc0fc2493ae514ac3146aaee0429373cfd8a5c7181d7d9f1f91abd1e565791b,557961,1716143232000000000,300
OB/adservice_loss/4,OB,adservice,loss,4,300,300,stream,0.5,0,0.5084745762711864,nsigma,1,1.0,1.0,0.0,1,1,1,13,49.58170000463724,adservice|paymentservice|frontend|emailservice|productcatalogservice,adservice_mem,0.4,2,5,0.4,0.4,2,2,2,0.4915254237288136,baseline-v2-20260723,cd270e7871bd358937d83d9a49829637fa80007d2964084ef229f578e3733bd3,ba75425861a059dafcc477474fc3e4ed1eafdc2b47d6fdd0557337035d29a960,3cc0fc2493ae514ac3146aaee0429373cfd8a5c7181d7d9f1f91abd1e565791b,557961,1716143232000000000,300
OB/adservice_loss/4,OB,adservice,loss,4,300,300,stream,0.5,1,0.5084745762711864,baro,4,0.25,0.4,0.25,0,0,1,13,53.90229995828122,redis|productcatalogservice|frontend|adservice|checkoutservice,redis_mem,0.4,2,5,0.4,0.4,2,2,2,0.4915254237288136,baseline-v2-20260723,cd270e7871bd358937d83d9a49829637fa80007d2964084ef229f578e3733bd3,ba75425861a059dafcc477474fc3e4ed1eafdc2b47d6fdd0557337035d29a960,3cc0fc2493ae514ac3146aaee0429373cfd8a5c7181d7d9f1f91abd1e565791b,557961,1716143232000000000,300
OB/adservice_loss/4,OB,adservice,loss,4,300,300,stream,0.5,1,0.5084745762711864,median_shift,3,0.3333333333333333,0.6,0.16666666666666666,0,1,1,13,11.864500003866851,productcatalogservice|checkoutservice|adservice|main|frontend,productcatalogservice_cpu,0.4,2,5,0.4,0.4,2,2,2,0.4915254237288136,baseline-v2-20260723,cd270e7871bd358937d83d9a49829637fa80007d2964084ef229f578e3733bd3,ba75425861a059dafcc477474fc3e4ed1eafdc2b47d6fdd0557337035d29a960,3cc0fc2493ae514ac3146aaee0429373cfd8a5c7181d7d9f1f91abd1e565791b,557961,1716143232000000000,300
OB/adservice_loss/4,OB,adservice,loss,4,300,300,stream,0.5,1,0.5084745762711864,nsigma,2,0.5,0.8,0.08333333333333333,0,1,1,13,35.86259996518493,checkoutservice|adservice|frontend|recommendationservice|shippingservice,checkoutservice_latency-50,0.4,2,5,0.4,0.4,2,2,2,0.4915254237288136,baseline-v2-20260723,cd270e7871bd358937d83d9a49829637fa80007d2964084ef229f578e3733bd3,ba75425861a059dafcc477474fc3e4ed1eafdc2b47d6fdd0557337035d29a960,3cc0fc2493ae514ac3146aaee0429373cfd8a5c7181d7d9f1f91abd1e565791b,557961,1716143232000000000,300
OB/adservice_loss/4,OB,adservice,loss,4,300,300,stream,0.5,2,0.5084745762711864,baro,2,0.5,0.8,0.08333333333333333,0,1,1,13,39.703600050415844,redis|adservice|productcatalogservice|cartservice|frontend,redis_mem,0.4,2,5,0.4,0.4,2,2,2,0.4915254237288136,baseline-v2-20260723,cd270e7871bd358937d83d9a49829637fa80007d2964084ef229f578e3733bd3,ba75425861a059dafcc477474fc3e4ed1eafdc2b47d6fdd0557337035d29a960,3cc0fc2493ae514ac3146aaee0429373cfd8a5c7181d7d9f1f91abd1e565791b,557961,1716143232000000000,300
OB/adservice_loss/4,OB,adservice,loss,4,300,300,stream,0.5,2,0.5084745762711864,median_shift,3,0.3333333333333333,0.6,0.16666666666666666,0,1,1,13,7.346900005359203,currencyservice|productcatalogservice|adservice|main|frontend,currencyservice_cpu,0.4,2,5,0.4,0.4,2,2,2,0.4915254237288136,baseline-v2-20260723,cd270e7871bd358937d83d9a49829637fa80007d2964084ef229f578e3733bd3,ba75425861a059dafcc477474fc3e4ed1eafdc2b47d6fdd0557337035d29a960,3cc0fc2493ae514ac3146aaee0429373cfd8a5c7181d7d9f1f91abd1e565791b,557961,1716143232000000000,300
OB/adservice_loss/4,OB,adservice,loss,4,300,300,stream,0.5,2,0.5084745762711864,nsigma,1,1.0,1.0,0.0,1,1,1,13,43.8579999608919,adservice|cartservice|productcatalogservice|frontend|shippingservice,adservice_cpu,0.4,2,5,0.4,0.4,2,2,2,0.4915254237288136,baseline-v2-20260723,cd270e7871bd358937d83d9a49829637fa80007d2964084ef229f578e3733bd3,ba75425861a059dafcc477474fc3e4ed1eafdc2b47d6fdd0557337035d29a960,3cc0fc2493ae514ac3146aaee0429373cfd8a5c7181d7d9f1f91abd1e565791b,557961,1716143232000000000,300
OB/adservice_loss/4,OB,adservice,loss,4,300,300,stream,0.5,3,0.5084745762711864,baro,2,0.5,0.8,0.08333333333333333,0,1,1,13,49.09260000567883,paymentservice|adservice|productcatalogservice|emailservice|checkoutservice,paymentservice_mem,0.6,3,5,0.6,0.6,3,3,3,0.4915254237288136,baseline-v2-20260723,cd270e7871bd358937d83d9a49829637fa80007d2964084ef229f578e3733bd3,ba75425861a059dafcc477474fc3e4ed1eafdc2b47d6fdd0557337035d29a960,3cc0fc2493ae514ac3146aaee0429373cfd8a5c7181d7d9f1f91abd1e565791b,557961,1716143232000000000,300
OB/adservice_loss/4,OB,adservice,loss,4,300,300,stream,0.5,3,0.5084745762711864,median_shift,1,1.0,1.0,0.0,1,1,1,13,9.16209997376427,adservice|paymentservice|redis|checkoutservice|frontend,adservice_latency-90,0.6,3,5,0.6,0.6,3,3,3,0.4915254237288136,baseline-v2-20260723,cd270e7871bd358937d83d9a49829637fa80007d2964084ef229f578e3733bd3,ba75425861a059dafcc477474fc3e4ed1eafdc2b47d6fdd0557337035d29a960,3cc0fc2493ae514ac3146aaee0429373cfd8a5c7181d7d9f1f91abd1e565791b,557961,1716143232000000000,300
OB/adservice_loss/4,OB,adservice,loss,4,300,300,stream,0.5,3,0.5084745762711864,nsigma,1,1.0,1.0,0.0,1,1,1,13,48.00409998279065,adservice|paymentservice|productcatalogservice|checkoutservice|emailservice,adservice_latency-90,0.6,3,5,0.6,0.6,3,3,3,0.4915254237288136,baseline-v2-20260723,cd270e7871bd358937d83d9a49829637fa80007d2964084ef229f578e3733bd3,ba75425861a059dafcc477474fc3e4ed1eafdc2b47d6fdd0557337035d29a960,3cc0fc2493ae514ac3146aaee0429373cfd8a5c7181d7d9f1f91abd1e565791b,557961,1716143232000000000,300
OB/adservice_loss/4,OB,adservice,loss,4,300,300,stream,0.5,4,0.5084745762711864,baro,1,1.0,1.0,0.0,1,1,1,13,46.10269999830052,adservice|paymentservice|main|emailservice|currencyservice,adservice_mem,0.8,4,5,0.8,0.8,4,4,4,0.4915254237288136,baseline-v2-20260723,cd270e7871bd358937d83d9a49829637fa80007d2964084ef229f578e3733bd3,ba75425861a059dafcc477474fc3e4ed1eafdc2b47d6fdd0557337035d29a960,3cc0fc2493ae514ac3146aaee0429373cfd8a5c7181d7d9f1f91abd1e565791b,557961,1716143232000000000,300
OB/adservice_loss/4,OB,adservice,loss,4,300,300,stream,0.5,4,0.5084745762711864,median_shift,1,1.0,1.0,0.0,1,1,1,13,7.09690002258867,adservice|main|paymentservice|currencyservice|redis,adservice_latency-90,0.8,4,5,0.8,0.8,4,4,4,0.4915254237288136,baseline-v2-20260723,cd270e7871bd358937d83d9a49829637fa80007d2964084ef229f578e3733bd3,ba75425861a059dafcc477474fc3e4ed1eafdc2b47d6fdd0557337035d29a960,3cc0fc2493ae514ac3146aaee0429373cfd8a5c7181d7d9f1f91abd1e565791b,557961,1716143232000000000,300
OB/adservice_loss/4,OB,adservice,loss,4,300,300,stream,0.5,4,0.5084745762711864,nsigma,1,1.0,1.0,0.0,1,1,1,13,41.2149999756366,adservice|paymentservice|main|emailservice|currencyservice,adservice_mem,0.8,4,5,0.8,0.8,4,4,4,0.4915254237288136,baseline-v2-20260723,cd270e7871bd358937d83d9a49829637fa80007d2964084ef229f578e3733bd3,ba75425861a059dafcc477474fc3e4ed1eafdc2b47d6fdd0557337035d29a960,3cc0fc2493ae514ac3146aaee0429373cfd8a5c7181d7d9f1f91abd1e565791b,557961,1716143232000000000,300
OB/adservice_loss/4,OB,adservice,loss,4,300,300,stream,0.5,5,0.5084745762711864,baro,1,1.0,1.0,0.0,1,1,1,13,45.87470000842586,adservice|paymentservice|productcatalogservice|cartservice|checkoutservice,adservice_mem,0.4,2,5,0.4,0.4,2,2,2,0.4915254237288136,baseline-v2-20260723,cd270e7871bd358937d83d9a49829637fa80007d2964084ef229f578e3733bd3,ba75425861a059dafcc477474fc3e4ed1eafdc2b47d6fdd0557337035d29a960,3cc0fc2493ae514ac3146aaee0429373cfd8a5c7181d7d9f1f91abd1e565791b,557961,1716143232000000000,300
OB/adservice_loss/4,OB,adservice,loss,4,300,300,stream,0.5,5,0.5084745762711864,median_shift,5,0.2,0.2,0.3333333333333333,0,0,1,13,8.175800030585378,paymentservice|redis|productcatalogservice|checkoutservice|adservice,paymentservice_mem,0.4,2,5,0.4,0.4,2,2,2,0.4915254237288136,baseline-v2-20260723,cd270e7871bd358937d83d9a49829637fa80007d2964084ef229f578e3733bd3,ba75425861a059dafcc477474fc3e4ed1eafdc2b47d6fdd0557337035d29a960,3cc0fc2493ae514ac3146aaee0429373cfd8a5c7181d7d9f1f91abd1e565791b,557961,1716143232000000000,300
OB/adservice_loss/4,OB,adservice,loss,4,300,300,stream,0.5,5,0.5084745762711864,nsigma,1,1.0,1.0,0.0,1,1,1,13,43.07429998880252,adservice|paymentservice|cartservice|productcatalogservice|checkoutservice,adservice_mem,0.4,2,5,0.4,0.4,2,2,2,0.4915254237288136,baseline-v2-20260723,cd270e7871bd358937d83d9a49829637fa80007d2964084ef229f578e3733bd3,ba75425861a059dafcc477474fc3e4ed1eafdc2b47d6fdd0557337035d29a960,3cc0fc2493ae514ac3146aaee0429373cfd8a5c7181d7d9f1f91abd1e565791b,557961,1716143232000000000,300
OB/adservice_loss/4,OB,adservice,loss,4,300,300,stream,0.5,6,0.5084745762711864,baro,1,1.0,1.0,0.0,1,1,1,13,38.550600002054125,adservice|redis|checkoutservice|emailservice|frontend,adservice_mem,0.4,2,5,0.4,0.4,2,2,2,0.4915254237288136,baseline-v2-20260723,cd270e7871bd358937d83d9a49829637fa80007d2964084ef229f578e3733bd3,ba75425861a059dafcc477474fc3e4ed1eafdc2b47d6fdd0557337035d29a960,3cc0fc2493ae514ac3146aaee0429373cfd8a5c7181d7d9f1f91abd1e565791b,557961,1716143232000000000,300
OB/adservice_loss/4,OB,adservice,loss,4,300,300,stream,0.5,6,0.5084745762711864,median_shift,6,0.16666666666666666,0.0,0.4166666666666667,0,0,0,13,7.042200013529509,redis|checkoutservice|main|shippingservice|frontend,redis_cpu,0.4,2,5,0.4,0.4,2,2,2,0.4915254237288136,baseline-v2-20260723,cd270e7871bd358937d83d9a49829637fa80007d2964084ef229f578e3733bd3,ba75425861a059dafcc477474fc3e4ed1eafdc2b47d6fdd0557337035d29a960,3cc0fc2493ae514ac3146aaee0429373cfd8a5c7181d7d9f1f91abd1e565791b,557961,1716143232000000000,300
OB/adservice_loss/4,OB,adservice,loss,4,300,300,stream,0.5,6,0.5084745762711864,nsigma,1,1.0,1.0,0.0,1,1,1,13,51.5033999690786,adservice|checkoutservice|frontend|emailservice|paymentservice,adservice_mem,0.4,2,5,0.4,0.4,2,2,2,0.4915254237288136,baseline-v2-20260723,cd270e7871bd358937d83d9a49829637fa80007d2964084ef229f578e3733bd3,ba75425861a059dafcc477474fc3e4ed1eafdc2b47d6fdd0557337035d29a960,3cc0fc2493ae514ac3146aaee0429373cfd8a5c7181d7d9f1f91abd1e565791b,557961,1716143232000000000,300
OB/adservice_loss/4,OB,adservice,loss,4,300,300,stream,0.5,7,0.5084745762711864,baro,3,0.3333333333333333,0.6,0.16666666666666666,0,1,1,13,52.513299975544214,redis|paymentservice|adservice|productcatalogservice|main,redis_mem,0.6,3,5,0.6,0.6,3,3,3,0.4915254237288136,baseline-v2-20260723,cd270e7871bd358937d83d9a49829637fa80007d2964084ef229f578e3733bd3,ba75425861a059dafcc477474fc3e4ed1eafdc2b47d6fdd0557337035d29a960,3cc0fc2493ae514ac3146aaee0429373cfd8a5c7181d7d9f1f91abd1e565791b,557961,1716143232000000000,300
OB/adservice_loss/4,OB,adservice,loss,4,300,300,stream,0.5,7,0.5084745762711864,median_shift,5,0.2,0.2,0.3333333333333333,0,0,1,13,11.136299988720566,main|paymentservice|redis|checkoutservice|adservice,main_mem,0.6,3,5,0.6,0.6,3,3,3,0.4915254237288136,baseline-v2-20260723,cd270e7871bd358937d83d9a49829637fa80007d2964084ef229f578e3733bd3,ba75425861a059dafcc477474fc3e4ed1eafdc2b47d6fdd0557337035d29a960,3cc0fc2493ae514ac3146aaee0429373cfd8a5c7181d7d9f1f91abd1e565791b,557961,1716143232000000000,300
OB/adservice_loss/4,OB,adservice,loss,4,300,300,stream,0.5,7,0.5084745762711864,nsigma,1,1.0,1.0,0.0,1,1,1,13,34.79810000862926,adservice|paymentservice|main|cartservice|productcatalogservice,adservice_cpu,0.6,3,5,0.6,0.6,3,3,3,0.4915254237288136,baseline-v2-20260723,cd270e7871bd358937d83d9a49829637fa80007d2964084ef229f578e3733bd3,ba75425861a059dafcc477474fc3e4ed1eafdc2b47d6fdd0557337035d29a960,3cc0fc2493ae514ac3146aaee0429373cfd8a5c7181d7d9f1f91abd1e565791b,557961,1716143232000000000,300
OB/adservice_loss/4,OB,adservice,loss,4,300,300,stream,0.5,8,0.5084745762711864,baro,2,0.5,0.8,0.08333333333333333,0,1,1,13,44.537700014188886,paymentservice|adservice|cartservice|emailservice|checkoutservice,paymentservice_mem,0.6,3,5,0.6,0.6,3,3,3,0.4915254237288136,baseline-v2-20260723,cd270e7871bd358937d83d9a49829637fa80007d2964084ef229f578e3733bd3,ba75425861a059dafcc477474fc3e4ed1eafdc2b47d6fdd0557337035d29a960,3cc0fc2493ae514ac3146aaee0429373cfd8a5c7181d7d9f1f91abd1e565791b,557961,1716143232000000000,300
OB/adservice_loss/4,OB,adservice,loss,4,300,300,stream,0.5,8,0.5084745762711864,median_shift,6,0.16666666666666666,0.0,0.4166666666666667,0,0,0,13,7.439400011207908,paymentservice|currencyservice|redis|productcatalogservice|checkoutservice,paymentservice_mem,0.6,3,5,0.6,0.6,3,3,3,0.4915254237288136,baseline-v2-20260723,cd270e7871bd358937d83d9a49829637fa80007d2964084ef229f578e3733bd3,ba75425861a059dafcc477474fc3e4ed1eafdc2b47d6fdd0557337035d29a960,3cc0fc2493ae514ac3146aaee0429373cfd8a5c7181d7d9f1f91abd1e565791b,557961,1716143232000000000,300
OB/adservice_loss/4,OB,adservice,loss,4,300,300,stream,0.5,8,0.5084745762711864,nsigma,1,1.0,1.0,0.0,1,1,1,13,40.6764000072144,adservice|paymentservice|cartservice|checkoutservice|emailservice,adservice_cpu,0.6,3,5,0.6,0.6,3,3,3,0.4915254237288136,baseline-v2-20260723,cd270e7871bd358937d83d9a49829637fa80007d2964084ef229f578e3733bd3,ba75425861a059dafcc477474fc3e4ed1eafdc2b47d6fdd0557337035d29a960,3cc0fc2493ae514ac3146aaee0429373cfd8a5c7181d7d9f1f91abd1e565791b,557961,1716143232000000000,300
OB/adservice_loss/4,OB,adservice,loss,4,300,300,stream,0.5,9,0.5084745762711864,baro,2,0.5,0.8,0.08333333333333333,0,1,1,13,69.79959999443963,redis|adservice|productcatalogservice|main|paymentservice,redis_mem,0.4,2,5,0.4,0.4,2,2,2,0.4915254237288136,baseline-v2-20260723,cd270e7871bd358937d83d9a49829637fa80007d2964084ef229f578e3733bd3,ba75425861a059dafcc477474fc3e4ed1eafdc2b47d6fdd0557337035d29a960,3cc0fc2493ae514ac3146aaee0429373cfd8a5c7181d7d9f1f91abd1e565791b,557961,1716143232000000000,300
OB/adservice_loss/4,OB,adservice,loss,4,300,300,stream,0.5,9,0.5084745762711864,median_shift,1,1.0,1.0,0.0,1,1,1,13,16.25470002181828,adservice|main|redis|checkoutservice|recommendationservice,adservice_latency-90,0.4,2,5,0.4,0.4,2,2,2,0.4915254237288136,baseline-v2-20260723,cd270e7871bd358937d83d9a49829637fa80007d2964084ef229f578e3733bd3,ba75425861a059dafcc477474fc3e4ed1eafdc2b47d6fdd0557337035d29a960,3cc0fc2493ae514ac3146aaee0429373cfd8a5c7181d7d9f1f91abd1e565791b,557961,1716143232000000000,300
OB/adservice_loss/4,OB,adservice,loss,4,300,300,stream,0.5,9,0.5084745762711864,nsigma,1,1.0,1.0,0.0,1,1,1,13,41.881099983584136,adservice|main|productcatalogservice|paymentservice|currencyservice,adservice_latency-90,0.4,2,5,0.4,0.4,2,2,2,0.4915254237288136,baseline-v2-20260723,cd270e7871bd358937d83d9a49829637fa80007d2964084ef229f578e3733bd3,ba75425861a059dafcc477474fc3e4ed1eafdc2b47d6fdd0557337035d29a960,3cc0fc2493ae514ac3146aaee0429373cfd8a5c7181d7d9f1f91abd1e565791b,557961,1716143232000000000,300
