case_id,system,root_service,fault,repetition,n_pre,n_post,mechanism,rate,replicate,realized_rate,method,rank,reciprocal_rank,avg_at_5,normalized_rank,hit_at_1,hit_at_3,hit_at_5,candidate_count,elapsed_ms,top_5,top_evidence_metric,root_observed_fraction,root_streams_available,root_streams_total,root_pre_observed_fraction,root_post_observed_fraction,root_streams_pre_available,root_streams_post_available,root_streams_scorable,observed_fraction,runner_version,code_hash,config_fingerprint,source_fingerprint,source_size,source_mtime_ns,window
OB/productcatalogservice_mem/1,OB,productcatalogservice,mem,1,300,300,burst,0.1,0,0.1,baro,1,1.0,1.0,0.0,1,1,1,13,68.18499998189509,productcatalogservice|recommendationservice|checkoutservice|shippingservice|emailservice,productcatalogservice_latency,0.9,4,4,0.9,0.9,4,4,4,0.9,baseline-v2-20260723,cd270e7871bd358937d83d9a49829637fa80007d2964084ef229f578e3733bd3,ba75425861a059dafcc477474fc3e4ed1eafdc2b47d6fdd0557337035d29a960,7e4a6dceaaa06989befadbc11eecfbdb6494e62ad368a7161cd07deea5f5dadc,2674275,1716143232000000000,300
OB/productcatalogservice_mem/1,OB,productcatalogservice,mem,1,300,300,burst,0.1,0,0.1,median_shift,2,0.5,0.8,0.08333333333333333,0,1,1,13,12.217500014230609,emailservice|productcatalogservice|checkoutservice|recommendationservice|shippingservice,emailservice_latency,0.9,4,4,0.9,0.9,4,4,4,0.9,baseline-v2-20260723,cd270e7871bd358937d83d9a49829637fa80007d2964084ef229f578e3733bd3,ba75425861a059dafcc477474fc3e4ed1eafdc2b47d6fdd0557337035d29a960,7e4a6dceaaa06989befadbc11eecfbdb6494e62ad368a7161cd07deea5f5dadc,2674275,1716143232000000000,300
OB/productcatalogservice_mem/1,OB,productcatalogservice,mem,1,300,300,burst,0.1,0,0.1,nsigma,1,1.0,1.0,0.0,1,1,1,13,56.55139998998493,productcatalogservice|recommendationservice|checkoutservice|emailservice|shippingservice,productcatalogservice_latency,0.9,4,4,0.9,0.9,4,4,4,0.9,baseline-v2-20260723,cd270e7871bd358937d83d9a49829637fa80007d2964084ef229f578e3733bd3,ba75425861a059dafcc477474fc3e4ed1eafdc2b47d6fdd0557337035d29a960,7e4a6dceaaa06989befadbc11eecfbdb6494e62ad368a7161cd07deea5f5dadc,2674275,1716143232000000000,300
OB/productcatalogservice_mem/1,OB,productcatalogservice,mem,1,300,300,burst,0.1,1,0.1,baro,1,1.0,1.0,0.0,1,1,1,13,55.06869999226183,productcatalogservice|recommendationservice|checkoutservice|shippingservice|emailservice,productcatalogservice_latency,0.9,4,4,0.8883333333333333,0.9116666666666666,4,4,4,0.9,baseline-v2-20260723,cd270e7871bd358937d83d9a49829637fa80007d2964084ef229f578e3733bd3,ba75425861a059dafcc477474fc3e4ed1eafdc2b47d6fdd0557337035d29a960,7e4a6dceaaa06989befadbc11eecfbdb6494e62ad368a7161cd07deea5f5dadc,2674275,1716143232000000000,300
OB/productcatalogservice_mem/1,OB,productcatalogservice,mem,1,300,300,burst,0.1,1,0.1,median_shift,2,0.5,0.8,0.08333333333333333,0,1,1,13,8.77249997574836,emailservice|productcatalogservice|recommendationservice|checkoutservice|shippingservice,emailservice_latency,0.9,4,4,0.8883333333333333,0.9116666666666666,4,4,4,0.9,baseline-v2-20260723,cd270e7871bd358937d83d9a49829637fa80007d2964084ef229f578e3733bd3,ba75425861a059dafcc477474fc3e4ed1eafdc2b47d6fdd0557337035d29a960,7e4a6dceaaa06989befadbc11eecfbdb6494e62ad368a7161cd07deea5f5dadc,2674275,1716143232000000000,300
OB/productcatalogservice_mem/1,OB,productcatalogservice,mem,1,300,300,burst,0.1,1,0.1,nsigma,1,1.0,1.0,0.0,1,1,1,13,66.42430002102628,productcatalogservice|recommendationservice|checkoutservice|emailservice|shippingservice,productcatalogservice_latency,0.9,4,4,0.8883333333333333,0.9116666666666666,4,4,4,0.9,baseline-v2-20260723,cd270e7871bd358937d83d9a49829637fa80007d2964084ef229f578e3733bd3,ba75425861a059dafcc477474fc3e4ed1eafdc2b47d6fdd0557337035d29a960,7e4a6dceaaa06989befadbc11eecfbdb6494e62ad368a7161cd07deea5f5dadc,2674275,1716143232000000000,300
OB/productcatalogservice_mem/1,OB,productcatalogservice,mem,1,300,300,burst,0.1,2,0.1,baro,1,1.0,1.0,0.0,1,1,1,13,68.97480000043288,productcatalogservice|recommendationservice|checkoutservice|shippingservice|emailservice,productcatalogservice_latency,0.9,4,4,0.9,0.9,4,4,4,0.9,baseline-v2-20260723,cd270e7871bd358937d83d9a49829637fa80007d2964084ef229f578e3733bd3,ba75425861a059dafcc477474fc3e4ed1eafdc2b47d6fdd0557337035d29a960,7e4a6dceaaa06989befadbc11eecfbdb6494e62ad368a7161cd07deea5f5dadc,2674275,1716143232000000000,300
OB/productcatalogservice_mem/1,OB,productcatalogservice,mem,1,300,300,burst,0.1,2,0.1,median_shift,2,0.5,0.8,0.08333333333333333,0,1,1,13,10.061400011181831,emailservice|productcatalogservice|recommendationservice|checkoutservice|shippingservice,emailservice_latency,0.9,4,4,0.9,0.9,4,4,4,0.9,baseline-v2-20260723,cd270e7871bd358937d83d9a49829637fa80007d2964084ef229f578e3733bd3,ba75425861a059dafcc477474fc3e4ed1eafdc2b47d6fdd0557337035d29a960,7e4a6dceaaa06989befadbc11eecfbdb6494e62ad368a7161cd07deea5f5dadc,2674275,1716143232000000000,300
OB/productcatalogservice_mem/1,OB,productcatalogservice,mem,1,300,300,burst,0.1,2,0.1,nsigma,1,1.0,1.0,0.0,1,1,1,13,54.5088000362739,productcatalogservice|recommendationservice|checkoutservice|emailservice|shippingservice,productcatalogservice_latency,0.9,4,4,0.9,0.9,4,4,4,0.9,baseline-v2-20260723,cd270e7871bd358937d83d9a49829637fa80007d2964084ef229f578e3733bd3,ba75425861a059dafcc477474fc3e4ed1eafdc2b47d6fdd0557337035d29a960,7e4a6dceaaa06989befadbc11eecfbdb6494e62ad368a7161cd07deea5f5dadc,2674275,1716143232000000000,300
OB/productcatalogservice_mem/1,OB,productcatalogservice,mem,1,300,300,burst,0.1,3,0.1,baro,1,1.0,1.0,0.0,1,1,1,13,60.23569998797029,productcatalogservice|recommendationservice|checkoutservice|shippingservice|emailservice,productcatalogservice_latency,0.9,4,4,0.8441666666666666,0.9558333333333333,4,4,4,0.9,baseline-v2-20260723,cd270e7871bd358937d83d9a49829637fa80007d2964084ef229f578e3733bd3,ba75425861a059dafcc477474fc3e4ed1eafdc2b47d6fdd0557337035d29a960,7e4a6dceaaa06989befadbc11eecfbdb6494e62ad368a7161cd07deea5f5dadc,2674275,1716143232000000000,300
OB/productcatalogservice_mem/1,OB,productcatalogservice,mem,1,300,300,burst,0.1,3,0.1,median_shift,2,0.5,0.8,0.08333333333333333,0,1,1,13,9.909600019454956,emailservice|productcatalogservice|recommendationservice|checkoutservice|shippingservice,emailservice_latency,0.9,4,4,0.8441666666666666,0.9558333333333333,4,4,4,0.9,baseline-v2-20260723,cd270e7871bd358937d83d9a49829637fa80007d2964084ef229f578e3733bd3,ba75425861a059dafcc477474fc3e4ed1eafdc2b47d6fdd0557337035d29a960,7e4a6dceaaa06989befadbc11eecfbdb6494e62ad368a7161cd07deea5f5dadc,2674275,1716143232000000000,300
OB/productcatalogservice_mem/1,OB,productcatalogservice,mem,1,300,300,burst,0.1,3,0.1,nsigma,1,1.0,1.0,0.0,1,1,1,13,45.613299997057766,productcatalogservice|recommendationservice|checkoutservice|emailservice|shippingservice,productcatalogservice_latency,0.9,4,4,0.8441666666666666,0.9558333333333333,4,4,4,0.9,baseline-v2-20260723,cd270e7871bd358937d83d9a49829637fa80007d2964084ef229f578e3733bd3,ba75425861a059dafcc477474fc3e4ed1eafdc2b47d6fdd0557337035d29a960,7e4a6dceaaa06989befadbc11eecfbdb6494e62ad368a7161cd07deea5f5dadc,2674275,1716143232000000000,300
OB/productcatalogservice_mem/1,OB,productcatalogservice,mem,1,300,300,burst,0.1,4,0.1,baro,1,1.0,1.0,0.0,1,1,1,13,56.340300012379885,productcatalogservice|recommendationservice|checkoutservice|shippingservice|emailservice,productcatalogservice_latency,0.9,4,4,0.8516666666666667,0.9483333333333334,4,4,4,0.9,baseline-v2-20260723,cd270e7871bd358937d83d9a49829637fa80007d2964084ef229f578e3733bd3,ba75425861a059dafcc477474fc3e4ed1eafdc2b47d6fdd0557337035d29a960,7e4a6dceaaa06989befadbc11eecfbdb6494e62ad368a7161cd07deea5f5dadc,2674275,1716143232000000000,300
OB/productcatalogservice_mem/1,OB,productcatalogservice,mem,1,300,300,burst,0.1,4,0.1,median_shift,2,0.5,0.8,0.08333333333333333,0,1,1,13,8.898800006136298,emailservice|productcatalogservice|recommendationservice|checkoutservice|shippingservice,emailservice_latency,0.9,4,4,0.8516666666666667,0.9483333333333334,4,4,4,0.9,baseline-v2-20260723,cd270e7871bd358937d83d9a49829637fa80007d2964084ef229f578e3733bd3,ba75425861a059dafcc477474fc3e4ed1eafdc2b47d6fdd0557337035d29a960,7e4a6dceaaa06989befadbc11eecfbdb6494e62ad368a7161cd07deea5f5dadc,2674275,1716143232000000000,300
OB/productcatalogservice_mem/1,OB,productcatalogservice,mem,1,300,300,burst,0.1,4,0.1,nsigma,1,1.0,1.0,0.0,1,1,1,13,59.10890002269298,productcatalogservice|recommendationservice|checkoutservice|emailservice|shippingservice,productcatalogservice_latency,0.9,4,4,0.8516666666666667,0.9483333333333334,4,4,4,0.9,baseline-v2-20260723,cd270e7871bd358937d83d9a49829637fa80007d2964084ef229f578e3733bd3,ba75425861a059dafcc477474fc3e4ed1eafdc2b47d6fdd0557337035d29a960,7e4a6dceaaa06989befadbc11eecfbdb6494e62ad368a7161cd07deea5f5dadc,2674275,1716143232000000000,300
OB/productcatalogservice_mem/1,OB,productcatalogservice,mem,1,300,300,burst,0.1,5,0.1,baro,1,1.0,1.0,0.0,1,1,1,13,64.41400002222508,productcatalogservice|recommendationservice|checkoutservice|shippingservice|frontend,productcatalogservice_latency,0.9,4,4,0.9,0.9,4,4,4,0.9,baseline-v2-20260723,cd270e7871bd358937d83d9a49829637fa80007d2964084ef229f578e3733bd3,ba75425861a059dafcc477474fc3e4ed1eafdc2b47d6fdd0557337035d29a960,7e4a6dceaaa06989befadbc11eecfbdb6494e62ad368a7161cd07deea5f5dadc,2674275,1716143232000000000,300
OB/productcatalogservice_mem/1,OB,productcatalogservice,mem,1,300,300,burst,0.1,5,0.1,median_shift,2,0.5,0.8,0.08333333333333333,0,1,1,13,17.808299977332354,emailservice|productcatalogservice|checkoutservice|recommendationservice|shippingservice,emailservice_latency,0.9,4,4,0.9,0.9,4,4,4,0.9,baseline-v2-20260723,cd270e7871bd358937d83d9a49829637fa80007d2964084ef229f578e3733bd3,ba75425861a059dafcc477474fc3e4ed1eafdc2b47d6fdd0557337035d29a960,7e4a6dceaaa06989befadbc11eecfbdb6494e62ad368a7161cd07deea5f5dadc,2674275,1716143232000000000,300
OB/productcatalogservice_mem/1,OB,productcatalogservice,mem,1,300,300,burst,0.1,5,0.1,nsigma,1,1.0,1.0,0.0,1,1,1,13,43.86839998187497,productcatalogservice|recommendationservice|checkoutservice|emailservice|shippingservice,productcatalogservice_latency,0.9,4,4,0.9,0.9,4,4,4,0.9,baseline-v2-20260723,cd270e7871bd358937d83d9a49829637fa80007d2964084ef229f578e3733bd3,ba75425861a059dafcc477474fc3e4ed1eafdc2b47d6fdd0557337035d29a960,7e4a6dceaaa06989befadbc11eecfbdb6494e62ad368a7161cd07deea5f5dadc,2674275,1716143232000000000,300
OB/productcatalogservice_mem/1,OB,productcatalogservice,mem,1,300,300,burst,0.1,6,0.1,baro,1,1.0,1.0,0.0,1,1,1,13,73.49939999403432,productcatalogservice|recommendationservice|checkoutservice|shippingservice|adservice,productcatalogservice_latency,0.9,4,4,0.8116666666666666,0.9883333333333333,4,4,4,0.9,baseline-v2-20260723,cd270e7871bd358937d83d9a49829637fa80007d2964084ef229f578e3733bd3,ba75425861a059dafcc477474fc3e4ed1eafdc2b47d6fdd0557337035d29a960,7e4a6dceaaa06989befadbc11eecfbdb6494e62ad368a7161cd07deea5f5dadc,2674275,1716143232000000000,300
OB/productcatalogservice_mem/1,OB,productcatalogservice,mem,1,300,300,burst,0.1,6,0.1,median_shift,2,0.5,0.8,0.08333333333333333,0,1,1,13,10.61730005312711,emailservice|productcatalogservice|recommendationservice|checkoutservice|shippingservice,emailservice_latency,0.9,4,4,0.8116666666666666,0.9883333333333333,4,4,4,0.9,baseline-v2-20260723,cd270e7871bd358937d83d9a49829637fa80007d2964084ef229f578e3733bd3,ba75425861a059dafcc477474fc3e4ed1eafdc2b47d6fdd0557337035d29a960,7e4a6dceaaa06989befadbc11eecfbdb6494e62ad368a7161cd07deea5f5dadc,2674275,1716143232000000000,300
OB/productcatalogservice_mem/1,OB,productcatalogservice,mem,1,300,300,burst,0.1,6,0.1,nsigma,1,1.0,1.0,0.0,1,1,1,13,42.27119998540729,productcatalogservice|recommendationservice|checkoutservice|shippingservice|adservice,productcatalogservice_latency,0.9,4,4,0.8116666666666666,0.9883333333333333,4,4,4,0.9,baseline-v2-20260723,cd270e7871bd358937d83d9a49829637fa80007d2964084ef229f578e3733bd3,ba75425861a059dafcc477474fc3e4ed1eafdc2b47d6fdd0557337035d29a960,7e4a6dceaaa06989befadbc11eecfbdb6494e62ad368a7161cd07deea5f5dadc,2674275,1716143232000000000,300
OB/productcatalogservice_mem/1,OB,productcatalogservice,mem,1,300,300,burst,0.1,7,0.1,baro,1,1.0,1.0,0.0,1,1,1,13,52.74969997117296,productcatalogservice|recommendationservice|checkoutservice|shippingservice|cartservice,productcatalogservice_latency,0.9,4,4,0.95,0.85,4,4,4,0.9,baseline-v2-20260723,cd270e7871bd358937d83d9a49829637fa80007d2964084ef229f578e3733bd3,ba75425861a059dafcc477474fc3e4ed1eafdc2b47d6fdd0557337035d29a960,7e4a6dceaaa06989befadbc11eecfbdb6494e62ad368a7161cd07deea5f5dadc,2674275,1716143232000000000,300
OB/productcatalogservice_mem/1,OB,productcatalogservice,mem,1,300,300,burst,0.1,7,0.1,median_shift,2,0.5,0.8,0.08333333333333333,0,1,1,13,8.912599994800985,emailservice|productcatalogservice|checkoutservice|recommendationservice|shippingservice,emailservice_latency,0.9,4,4,0.95,0.85,4,4,4,0.9,baseline-v2-20260723,cd270e7871bd358937d83d9a49829637fa80007d2964084ef229f578e3733bd3,ba75425861a059dafcc477474fc3e4ed1eafdc2b47d6fdd0557337035d29a960,7e4a6dceaaa06989befadbc11eecfbdb6494e62ad368a7161cd07deea5f5dadc,2674275,1716143232000000000,300
OB/productcatalogservice_mem/1,OB,productcatalogservice,mem,1,300,300,burst,0.1,7,0.1,nsigma,1,1.0,1.0,0.0,1,1,1,13,51.17270001210272,productcatalogservice|recommendationservice|checkoutservice|shippingservice|adservice,productcatalogservice_latency,0.9,4,4,0.95,0.85,4,4,4,0.9,baseline-v2-20260723,cd270e7871bd358937d83d9a49829637fa80007d2964084ef229f578e3733bd3,ba75425861a059dafcc477474fc3e4ed1eafdc2b47d6fdd0557337035d29a960,7e4a6dceaaa06989befadbc11eecfbdb6494e62ad368a7161cd07deea5f5dadc,2674275,1716143232000000000,300
OB/productcatalogservice_mem/1,OB,productcatalogservice,mem,1,300,300,burst,0.1,8,0.1,baro,1,1.0,1.0,0.0,1,1,1,13,60.980800015386194,productcatalogservice|recommendationservice|checkoutservice|frontend|shippingservice,productcatalogservice_latency,0.9,4,4,0.8833333333333333,0.9166666666666666,4,4,4,0.9,baseline-v2-20260723,cd270e7871bd358937d83d9a49829637fa80007d2964084ef229f578e3733bd3,ba75425861a059dafcc477474fc3e4ed1eafdc2b47d6fdd0557337035d29a960,7e4a6dceaaa06989befadbc11eecfbdb6494e62ad368a7161cd07deea5f5dadc,2674275,1716143232000000000,300
OB/productcatalogservice_mem/1,OB,productcatalogservice,mem,1,300,300,burst,0.1,8,0.1,median_shift,2,0.5,0.8,0.08333333333333333,0,1,1,13,19.40589997684583,emailservice|productcatalogservice|checkoutservice|recommendationservice|shippingservice,emailservice_latency,0.9,4,4,0.8833333333333333,0.9166666666666666,4,4,4,0.9,baseline-v2-20260723,cd270e7871bd358937d83d9a49829637fa80007d2964084ef229f578e3733bd3,ba75425861a059dafcc477474fc3e4ed1eafdc2b47d6fdd0557337035d29a960,7e4a6dceaaa06989befadbc11eecfbdb6494e62ad368a7161cd07deea5f5dadc,2674275,1716143232000000000,300
OB/productcatalogservice_mem/1,OB,productcatalogservice,mem,1,300,300,burst,0.1,8,0.1,nsigma,1,1.0,1.0,0.0,1,1,1,13,64.82319999486208,productcatalogservice|recommendationservice|checkoutservice|emailservice|shippingservice,productcatalogservice_latency,0.9,4,4,0.8833333333333333,0.9166666666666666,4,4,4,0.9,baseline-v2-20260723,cd270e7871bd358937d83d9a49829637fa80007d2964084ef229f578e3733bd3,ba75425861a059dafcc477474fc3e4ed1eafdc2b47d6fdd0557337035d29a960,7e4a6dceaaa06989befadbc11eecfbdb6494e62ad368a7161cd07deea5f5dadc,2674275,1716143232000000000,300
OB/productcatalogservice_mem/1,OB,productcatalogservice,mem,1,300,300,burst,0.1,9,0.1,baro,1,1.0,1.0,0.0,1,1,1,13,65.59589999960735,productcatalogservice|recommendationservice|checkoutservice|emailservice|shippingservice,productcatalogservice_latency,0.9,4,4,0.9,0.9,4,4,4,0.9,baseline-v2-20260723,cd270e7871bd358937d83d9a49829637fa80007d2964084ef229f578e3733bd3,ba75425861a059dafcc477474fc3e4ed1eafdc2b47d6fdd0557337035d29a960,7e4a6dceaaa06989befadbc11eecfbdb6494e62ad368a7161cd07deea5f5dadc,2674275,1716143232000000000,300
OB/productcatalogservice_mem/1,OB,productcatalogservice,mem,1,300,300,burst,0.1,9,0.1,median_shift,2,0.5,0.8,0.08333333333333333,0,1,1,13,11.56700000865385,emailservice|productcatalogservice|recommendationservice|checkoutservice|shippingservice,emailservice_latency,0.9,4,4,0.9,0.9,4,4,4,0.9,baseline-v2-20260723,cd270e7871bd358937d83d9a49829637fa80007d2964084ef229f578e3733bd3,ba75425861a059dafcc477474fc3e4ed1eafdc2b47d6fdd0557337035d29a960,7e4a6dceaaa06989befadbc11eecfbdb6494e62ad368a7161cd07deea5f5dadc,2674275,1716143232000000000,300
OB/productcatalogservice_mem/1,OB,productcatalogservice,mem,1,300,300,burst,0.1,9,0.1,nsigma,1,1.0,1.0,0.0,1,1,1,13,64.31639997754246,productcatalogservice|recommendationservice|checkoutservice|emailservice|shippingservice,productcatalogservice_latency,0.9,4,4,0.9,0.9,4,4,4,0.9,baseline-v2-20260723,cd270e7871bd358937d83d9a49829637fa80007d2964084ef229f578e3733bd3,ba75425861a059dafcc477474fc3e4ed1eafdc2b47d6fdd0557337035d29a960,7e4a6dceaaa06989befadbc11eecfbdb6494e62ad368a7161cd07deea5f5dadc,2674275,1716143232000000000,300
OB/productcatalogservice_mem/1,OB,productcatalogservice,mem,1,300,300,burst,0.3,0,0.3,baro,1,1.0,1.0,0.0,1,1,1,13,63.212100008968264,productcatalogservice|recommendationservice|checkoutservice|shippingservice|adservice,productcatalogservice_latency,0.7,4,4,0.4,1.0,4,4,4,0.7,baseline-v2-20260723,cd270e7871bd358937d83d9a49829637fa80007d2964084ef229f578e3733bd3,ba75425861a059dafcc477474fc3e4ed1eafdc2b47d6fdd0557337035d29a960,7e4a6dceaaa06989befadbc11eecfbdb6494e62ad368a7161cd07deea5f5dadc,2674275,1716143232000000000,300
OB/productcatalogservice_mem/1,OB,productcatalogservice,mem,1,300,300,burst,0.3,0,0.3,median_shift,3,0.3333333333333333,0.6,0.16666666666666666,0,1,1,13,9.577299992088228,adservice|emailservice|productcatalogservice|recommendationservice|checkoutservice,adservice_mem,0.7,4,4,0.4,1.0,4,4,4,0.7,baseline-v2-20260723,cd270e7871bd358937d83d9a49829637fa80007d2964084ef229f578e3733bd3,ba75425861a059dafcc477474fc3e4ed1eafdc2b47d6fdd0557337035d29a960,7e4a6dceaaa06989befadbc11eecfbdb6494e62ad368a7161cd07deea5f5dadc,2674275,1716143232000000000,300
OB/productcatalogservice_mem/1,OB,productcatalogservice,mem,1,300,300,burst,0.3,0,0.3,nsigma,1,1.0,1.0,0.0,1,1,1,13,48.71709999861196,productcatalogservice|recommendationservice|checkoutservice|shippingservice|adservice,productcatalogservice_latency,0.7,4,4,0.4,1.0,4,4,4,0.7,baseline-v2-20260723,cd270e7871bd358937d83d9a49829637fa80007d2964084ef229f578e3733bd3,ba75425861a059dafcc477474fc3e4ed1eafdc2b47d6fdd0557337035d29a960,7e4a6dceaaa06989befadbc11eecfbdb6494e62ad368a7161cd07deea5f5dadc,2674275,1716143232000000000,300
OB/productcatalogservice_mem/1,OB,productcatalogservice,mem,1,300,300,burst,0.3,1,0.3,baro,1,1.0,1.0,0.0,1,1,1,13,61.801399977412075,productcatalogservice|recommendationservice|frontend|shippingservice|adservice,productcatalogservice_latency,0.7,4,4,0.5991666666666666,0.8008333333333333,4,4,4,0.7,baseline-v2-20260723,cd270e7871bd358937d83d9a49829637fa80007d2964084ef229f578e3733bd3,ba75425861a059dafcc477474fc3e4ed1eafdc2b47d6fdd0557337035d29a960,7e4a6dceaaa06989befadbc11eecfbdb6494e62ad368a7161cd07deea5f5dadc,2674275,1716143232000000000,300
OB/productcatalogservice_mem/1,OB,productcatalogservice,mem,1,300,300,burst,0.3,1,0.3,median_shift,2,0.5,0.8,0.08333333333333333,0,1,1,13,9.608399996068329,emailservice|productcatalogservice|recommendationservice|checkoutservice|shippingservice,emailservice_mem,0.7,4,4,0.5991666666666666,0.8008333333333333,4,4,4,0.7,baseline-v2-20260723,cd270e7871bd358937d83d9a49829637fa80007d2964084ef229f578e3733bd3,ba75425861a059dafcc477474fc3e4ed1eafdc2b47d6fdd0557337035d29a960,7e4a6dceaaa06989befadbc11eecfbdb6494e62ad368a7161cd07deea5f5dadc,2674275,1716143232000000000,300
OB/productcatalogservice_mem/1,OB,productcatalogservice,mem,1,300,300,burst,0.3,1,0.3,nsigma,1,1.0,1.0,0.0,1,1,1,13,53.35140001261607,productcatalogservice|recommendationservice|checkoutservice|emailservice|shippingservice,productcatalogservice_latency,0.7,4,4,0.5991666666666666,0.8008333333333333,4,4,4,0.7,baseline-v2-20260723,cd270e7871bd358937d83d9a49829637fa80007d2964084ef229f578e3733bd3,ba75425861a059dafcc477474fc3e4ed1eafdc2b47d6fdd0557337035d29a960,7e4a6dceaaa06989befadbc11eecfbdb6494e62ad368a7161cd07deea5f5dadc,2674275,1716143232000000000,300
OB/productcatalogservice_mem/1,OB,productcatalogservice,mem,1,300,300,burst,0.3,2,0.3,baro,2,0.5,0.8,0.08333333333333333,0,1,1,13,74.1845000302419,recommendationservice|productcatalogservice|checkoutservice|shippingservice|adservice,recommendationservice_latency,0.7,4,4,0.6683333333333333,0.7316666666666667,4,4,4,0.7,baseline-v2-20260723,cd270e7871bd358937d83d9a49829637fa80007d2964084ef229f578e3733bd3,ba75425861a059dafcc477474fc3e4ed1eafdc2b47d6fdd0557337035d29a960,7e4a6dceaaa06989befadbc11eecfbdb6494e62ad368a7161cd07deea5f5dadc,2674275,1716143232000000000,300
OB/productcatalogservice_mem/1,OB,productcatalogservice,mem,1,300,300,burst,0.3,2,0.3,median_shift,2,0.5,0.8,0.08333333333333333,0,1,1,13,9.311100002378225,emailservice|productcatalogservice|recommendationservice|checkoutservice|frontend,emailservice_latency,0.7,4,4,0.6683333333333333,0.7316666666666667,4,4,4,0.7,baseline-v2-20260723,cd270e7871bd358937d83d9a49829637fa80007d2964084ef229f578e3733bd3,ba75425861a059dafcc477474fc3e4ed1eafdc2b47d6fdd0557337035d29a960,7e4a6dceaaa06989befadbc11eecfbdb6494e62ad368a7161cd07deea5f5dadc,2674275,1716143232000000000,300
OB/productcatalogservice_mem/1,OB,productcatalogservice,mem,1,300,300,burst,0.3,2,0.3,nsigma,1,1.0,1.0,0.0,1,1,1,13,41.798099991865456,productcatalogservice|recommendationservice|checkoutservice|shippingservice|adservice,productcatalogservice_latency,0.7,4,4,0.6683333333333333,0.7316666666666667,4,4,4,0.7,baseline-v2-20260723,cd270e7871bd358937d83d9a49829637fa80007d2964084ef229f578e3733bd3,ba75425861a059dafcc477474fc3e4ed1eafdc2b47d6fdd0557337035d29a960,7e4a6dceaaa06989befadbc11eecfbdb6494e62ad368a7161cd07deea5f5dadc,2674275,1716143232000000000,300
OB/productcatalogservice_mem/1,OB,productcatalogservice,mem,1,300,300,burst,0.3,3,0.3,baro,1,1.0,1.0,0.0,1,1,1,13,54.62640000041574,productcatalogservice|checkoutservice|recommendationservice|cartservice|adservice,productcatalogservice_latency,0.7,4,4,0.7683333333333333,0.6316666666666667,4,4,4,0.7,baseline-v2-20260723,cd270e7871bd358937d83d9a49829637fa80007d2964084ef229f578e3733bd3,ba75425861a059dafcc477474fc3e4ed1eafdc2b47d6fdd0557337035d29a960,7e4a6dceaaa06989befadbc11eecfbdb6494e62ad368a7161cd07deea5f5dadc,2674275,1716143232000000000,300
OB/productcatalogservice_mem/1,OB,productcatalogservice,mem,1,300,300,burst,0.3,3,0.3,median_shift,3,0.3333333333333333,0.6,0.16666666666666666,0,1,1,13,9.094799985177815,emailservice|paymentservice|productcatalogservice|recommendationservice|checkoutservice,emailservice_latency,0.7,4,4,0.7683333333333333,0.6316666666666667,4,4,4,0.7,baseline-v2-20260723,cd270e7871bd358937d83d9a49829637fa80007d2964084ef229f578e3733bd3,ba75425861a059dafcc477474fc3e4ed1eafdc2b47d6fdd0557337035d29a960,7e4a6dceaaa06989befadbc11eecfbdb6494e62ad368a7161cd07deea5f5dadc,2674275,1716143232000000000,300
OB/productcatalogservice_mem/1,OB,productcatalogservice,mem,1,300,300,burst,0.3,3,0.3,nsigma,1,1.0,1.0,0.0,1,1,1,13,53.119299991521984,productcatalogservice|recommendationservice|checkoutservice|emailservice|shippingservice,productcatalogservice_latency,0.7,4,4,0.7683333333333333,0.6316666666666667,4,4,4,0.7,baseline-v2-20260723,cd270e7871bd358937d83d9a49829637fa80007d2964084ef229f578e3733bd3,ba75425861a059dafcc477474fc3e4ed1eafdc2b47d6fdd0557337035d29a960,7e4a6dceaaa06989befadbc11eecfbdb6494e62ad368a7161cd07deea5f5dadc,2674275,1716143232000000000,300
OB/productcatalogservice_mem/1,OB,productcatalogservice,mem,1,300,300,burst,0.3,4,0.3,baro,1,1.0,1.0,0.0,1,1,1,13,53.50759997963905,productcatalogservice|recommendationservice|checkoutservice|shippingservice|frontend,productcatalogservice_latency,0.7,4,4,0.5966666666666667,0.8033333333333333,4,4,4,0.7,baseline-v2-20260723,cd270e7871bd358937d83d9a49829637fa80007d2964084ef229f578e3733bd3,ba75425861a059dafcc477474fc3e4ed1eafdc2b47d6fdd0557337035d29a960,7e4a6dceaaa06989befadbc11eecfbdb6494e62ad368a7161cd07deea5f5dadc,2674275,1716143232000000000,300
OB/productcatalogservice_mem/1,OB,productcatalogservice,mem,1,300,300,burst,0.3,4,0.3,median_shift,3,0.3333333333333333,0.6,0.16666666666666666,0,1,1,13,9.167399955913424,main|emailservice|productcatalogservice|recommendationservice|checkoutservice,main_mem,0.7,4,4,0.5966666666666667,0.8033333333333333,4,4,4,0.7,baseline-v2-20260723,cd270e7871bd358937d83d9a49829637fa80007d2964084ef229f578e3733bd3,ba75425861a059dafcc477474fc3e4ed1eafdc2b47d6fdd0557337035d29a960,7e4a6dceaaa06989befadbc11eecfbdb6494e62ad368a7161cd07deea5f5dadc,2674275,1716143232000000000,300
OB/productcatalogservice_mem/1,OB,productcatalogservice,mem,1,300,300,burst,0.3,4,0.3,nsigma,1,1.0,1.0,0.0,1,1,1,13,43.0023999651894,productcatalogservice|recommendationservice|checkoutservice|shippingservice|emailservice,productcatalogservice_latency,0.7,4,4,0.5966666666666667,0.8033333333333333,4,4,4,0.7,baseline-v2-20260723,cd270e7871bd358937d83d9a49829637fa80007d2964084ef229f578e3733bd3,ba75425861a059dafcc477474fc3e4ed1eafdc2b47d6fdd0557337035d29a960,7e4a6dceaaa06989befadbc11eecfbdb6494e62ad368a7161cd07deea5f5dadc,2674275,1716143232000000000,300
OB/productcatalogservice_mem/1,OB,productcatalogservice,mem,1,300,300,burst,0.3,5,0.3,baro,2,0.5,0.8,0.08333333333333333,0,1,1,13,52.52909997943789,checkoutservice|productcatalogservice|recommendationservice|frontend|shippingservice,checkoutservice_latency,0.7,4,4,0.71,0.69,4,4,4,0.7,baseline-v2-20260723,cd270e7871bd358937d83d9a49829637fa80007d2964084ef229f578e3733bd3,ba75425861a059dafcc477474fc3e4ed1eafdc2b47d6fdd0557337035d29a960,7e4a6dceaaa06989befadbc11eecfbdb6494e62ad368a7161cd07deea5f5dadc,2674275,1716143232000000000,300
OB/productcatalogservice_mem/1,OB,productcatalogservice,mem,1,300,300,burst,0.3,5,0.3,median_shift,2,0.5,0.8,0.08333333333333333,0,1,1,13,9.92100004805252,emailservice|productcatalogservice|checkoutservice|recommendationservice|shippingservice,emailservice_latency,0.7,4,4,0.71,0.69,4,4,4,0.7,baseline-v2-20260723,cd270e7871bd358937d83d9a49829637fa80007d2964084ef229f578e3733bd3,ba75425861a059dafcc477474fc3e4ed1eafdc2b47d6fdd0557337035d29a960,7e4a6dceaaa06989befadbc11eecfbdb6494e62ad368a7161cd07deea5f5dadc,2674275,1716143232000000000,300
OB/productcatalogservice_mem/1,OB,productcatalogservice,mem,1,300,300,burst,0.3,5,0.3,nsigma,1,1.0,1.0,0.0,1,1,1,13,43.37289999239147,productcatalogservice|recommendationservice|checkoutservice|shippingservice|adservice,productcatalogservice_latency,0.7,4,4,0.71,0.69,4,4,4,0.7,baseline-v2-20260723,cd270e7871bd358937d83d9a49829637fa80007d2964084ef229f578e3733bd3,ba75425861a059dafcc477474fc3e4ed1eafdc2b47d6fdd0557337035d29a960,7e4a6dceaaa06989befadbc11eecfbdb6494e62ad368a7161cd07deea5f5dadc,2674275,1716143232000000000,300
OB/productcatalogservice_mem/1,OB,productcatalogservice,mem,1,300,300,burst,0.3,6,0.3,baro,1,1.0,1.0,0.0,1,1,1,13,62.2019000002183,productcatalogservice|recommendationservice|checkoutservice|shippingservice|adservice,productcatalogservice_latency,0.7,4,4,0.5733333333333334,0.8266666666666667,4,4,4,0.7,baseline-v2-20260723,cd270e7871bd358937d83d9a49829637fa80007d2964084ef229f578e3733bd3,ba75425861a059dafcc477474fc3e4ed1eafdc2b47d6fdd0557337035d29a960,7e4a6dceaaa06989befadbc11eecfbdb6494e62ad368a7161cd07deea5f5dadc,2674275,1716143232000000000,300
OB/productcatalogservice_mem/1,OB,productcatalogservice,mem,1,300,300,burst,0.3,6,0.3,median_shift,2,0.5,0.8,0.08333333333333333,0,1,1,13,8.672700030729175,emailservice|productcatalogservice|recommendationservice|checkoutservice|shippingservice,emailservice_latency,0.7,4,4,0.5733333333333334,0.8266666666666667,4,4,4,0.7,baseline-v2-20260723,cd270e7871bd358937d83d9a49829637fa80007d2964084ef229f578e3733bd3,ba75425861a059dafcc477474fc3e4ed1eafdc2b47d6fdd0557337035d29a960,7e4a6dceaaa06989befadbc11eecfbdb6494e62ad368a7161cd07deea5f5dadc,2674275,1716143232000000000,300
OB/productcatalogservice_mem/1,OB,productcatalogservice,mem,1,300,300,burst,0.3,6,0.3,nsigma,1,1.0,1.0,0.0,1,1,1,13,64.77399996947497,productcatalogservice|recommendationservice|checkoutservice|shippingservice|adservice,productcatalogservice_latency,0.7,4,4,0.5733333333333334,0.8266666666666667,4,4,4,0.7,baseline-v2-20260723,cd270e7871bd358937d83d9a49829637fa80007d2964084ef229f578e3733bd3,ba75425861a059dafcc477474fc3e4ed1eafdc2b47d6fdd0557337035d29a960,7e4a6dceaaa06989befadbc11eecfbdb6494e62ad368a7161cd07deea5f5dadc,2674275,1716143232000000000,300
OB/productcatalogservice_mem/1,OB,productcatalogservice,mem,1,300,300,burst,0.3,7,0.3,baro,2,0.5,0.8,0.08333333333333333,0,1,1,13,67.97029997687787,recommendationservice|productcatalogservice|checkoutservice|shippingservice|emailservice,recommendationservice_latency,0.7,4,4,0.6891666666666667,0.7108333333333333,4,4,4,0.7,baseline-v2-20260723,cd270e7871bd358937d83d9a49829637fa80007d2964084ef229f578e3733bd3,ba75425861a059dafcc477474fc3e4ed1eafdc2b47d6fdd0557337035d29a960,7e4a6dceaaa06989befadbc11eecfbdb6494e62ad368a7161cd07deea5f5dadc,2674275,1716143232000000000,300
OB/productcatalogservice_mem/1,OB,productcatalogservice,mem,1,300,300,burst,0.3,7,0.3,median_shift,3,0.3333333333333333,0.6,0.16666666666666666,0,1,1,13,8.76659998903051,main|emailservice|productcatalogservice|recommendationservice|checkoutservice,main_mem,0.7,4,4,0.6891666666666667,0.7108333333333333,4,4,4,0.7,baseline-v2-20260723,cd270e7871bd358937d83d9a49829637fa80007d2964084ef229f578e3733bd3,ba75425861a059dafcc477474fc3e4ed1eafdc2b47d6fdd0557337035d29a960,7e4a6dceaaa06989befadbc11eecfbdb6494e62ad368a7161cd07deea5f5dadc,2674275,1716143232000000000,300
OB/productcatalogservice_mem/1,OB,productcatalogservice,mem,1,300,300,burst,0.3,7,0.3,nsigma,1,1.0,1.0,0.0,1,1,1,13,58.55989997508004,productcatalogservice|recommendationservice|checkoutservice|emailservice|shippingservice,productcatalogservice_latency,0.7,4,4,0.6891666666666667,0.7108333333333333,4,4,4,0.7,baseline-v2-20260723,cd270e7871bd358937d83d9a49829637fa80007d2964084ef229f578e3733bd3,ba75425861a059dafcc477474fc3e4ed1eafdc2b47d6fdd0557337035d29a960,7e4a6dceaaa06989befadbc11eecfbdb6494e62ad368a7161cd07deea5f5dadc,2674275,1716143232000000000,300
OB/productcatalogservice_mem/1,OB,productcatalogservice,mem,1,300,300,burst,0.3,8,0.3,baro,1,1.0,1.0,0.0,1,1,1,13,70.80450002104044,productcatalogservice|shippingservice|recommendationservice|checkoutservice|cartservice,productcatalogservice_latency,0.7,4,4,0.6108333333333333,0.7891666666666667,4,4,4,0.7,baseline-v2-20260723,cd270e7871bd358937d83d9a49829637fa80007d2964084ef229f578e3733bd3,ba75425861a059dafcc477474fc3e4ed1eafdc2b47d6fdd0557337035d29a960,7e4a6dceaaa06989befadbc11eecfbdb6494e62ad368a7161cd07deea5f5dadc,2674275,1716143232000000000,300
OB/productcatalogservice_mem/1,OB,productcatalogservice,mem,1,300,300,burst,0.3,8,0.3,median_shift,4,0.25,0.4,0.25,0,0,1,13,20.167100010439754,main|emailservice|paymentservice|productcatalogservice|recommendationservice,main_mem,0.7,4,4,0.6108333333333333,0.7891666666666667,4,4,4,0.7,baseline-v2-20260723,cd270e7871bd358937d83d9a49829637fa80007d2964084ef229f578e3733bd3,ba75425861a059dafcc477474fc3e4ed1eafdc2b47d6fdd0557337035d29a960,7e4a6dceaaa06989befadbc11eecfbdb6494e62ad368a7161cd07deea5f5dadc,2674275,1716143232000000000,300
OB/productcatalogservice_mem/1,OB,productcatalogservice,mem,1,300,300,burst,0.3,8,0.3,nsigma,1,1.0,1.0,0.0,1,1,1,13,51.71540001174435,productcatalogservice|recommendationservice|checkoutservice|shippingservice|adservice,productcatalogservice_latency,0.7,4,4,0.6108333333333333,0.7891666666666667,4,4,4,0.7,baseline-v2-20260723,cd270e7871bd358937d83d9a49829637fa80007d2964084ef229f578e3733bd3,ba75425861a059dafcc477474fc3e4ed1eafdc2b47d6fdd0557337035d29a960,7e4a6dceaaa06989befadbc11eecfbdb6494e62ad368a7161cd07deea5f5dadc,2674275,1716143232000000000,300
OB/productcatalogservice_mem/1,OB,productcatalogservice,mem,1,300,300,burst,0.3,9,0.3,baro,1,1.0,1.0,0.0,1,1,1,13,65.37840003147721,productcatalogservice|recommendationservice|cartservice|checkoutservice|shippingservice,productcatalogservice_latency,0.7,4,4,0.5491666666666667,0.8508333333333333,4,4,4,0.7,baseline-v2-20260723,cd270e7871bd358937d83d9a49829637fa80007d2964084ef229f578e3733bd3,ba75425861a059dafcc477474fc3e4ed1eafdc2b47d6fdd0557337035d29a960,7e4a6dceaaa06989befadbc11eecfbdb6494e62ad368a7161cd07deea5f5dadc,2674275,1716143232000000000,300
OB/productcatalogservice_mem/1,OB,productcatalogservice,mem,1,300,300,burst,0.3,9,0.3,median_shift,3,0.3333333333333333,0.6,0.16666666666666666,0,1,1,13,9.384100034367293,main|emailservice|productcatalogservice|recommendationservice|checkoutservice,main_mem,0.7,4,4,0.5491666666666667,0.8508333333333333,4,4,4,0.7,baseline-v2-20260723,cd270e7871bd358937d83d9a49829637fa80007d2964084ef229f578e3733bd3,ba75425861a059dafcc477474fc3e4ed1eafdc2b47d6fdd0557337035d29a960,7e4a6dceaaa06989befadbc11eecfbdb6494e62ad368a7161cd07deea5f5dadc,2674275,1716143232000000000,300
OB/productcatalogservice_mem/1,OB,productcatalogservice,mem,1,300,300,burst,0.3,9,0.3,nsigma,1,1.0,1.0,0.0,1,1,1,13,57.04290000721812,productcatalogservice|recommendationservice|checkoutservice|shippingservice|cartservice,productcatalogservice_latency,0.7,4,4,0.5491666666666667,0.8508333333333333,4,4,4,0.7,baseline-v2-20260723,cd270e7871bd358937d83d9a49829637fa80007d2964084ef229f578e3733bd3,ba75425861a059dafcc477474fc3e4ed1eafdc2b47d6fdd0557337035d29a960,7e4a6dceaaa06989befadbc11eecfbdb6494e62ad368a7161cd07deea5f5dadc,2674275,1716143232000000000,300
OB/productcatalogservice_mem/1,OB,productcatalogservice,mem,1,300,300,burst,0.5,0,0.5,baro,3,0.3333333333333333,0.6,0.16666666666666666,0,1,1,13,95.6486000213772,recommendationservice|adservice|productcatalogservice|shippingservice|frontend,recommendationservice_latency,0.5,4,4,0.5275,0.4725,4,4,4,0.5,baseline-v2-20260723,cd270e7871bd358937d83d9a49829637fa80007d2964084ef229f578e3733bd3,ba75425861a059dafcc477474fc3e4ed1eafdc2b47d6fdd0557337035d29a960,7e4a6dceaaa06989befadbc11eecfbdb6494e62ad368a7161cd07deea5f5dadc,2674275,1716143232000000000,300
OB/productcatalogservice_mem/1,OB,productcatalogservice,mem,1,300,300,burst,0.5,0,0.5,median_shift,6,0.16666666666666666,0.0,0.4166666666666667,0,0,0,13,18.818099983036518,adservice|shippingservice|currencyservice|emailservice|paymentservice,adservice_mem,0.5,4,4,0.5275,0.4725,4,4,4,0.5,baseline-v2-20260723,cd270e7871bd358937d83d9a49829637fa80007d2964084ef229f578e3733bd3,ba75425861a059dafcc477474fc3e4ed1eafdc2b47d6fdd0557337035d29a960,7e4a6dceaaa06989befadbc11eecfbdb6494e62ad368a7161cd07deea5f5dadc,2674275,1716143232000000000,300
OB/productcatalogservice_mem/1,OB,productcatalogservice,mem,1,300,300,burst,0.5,0,0.5,nsigma,1,1.0,1.0,0.0,1,1,1,13,42.140299978200346,productcatalogservice|checkoutservice|recommendationservice|shippingservice|adservice,productcatalogservice_latency,0.5,4,4,0.5275,0.4725,4,4,4,0.5,baseline-v2-20260723,cd270e7871bd358937d83d9a49829637fa80007d2964084ef229f578e3733bd3,ba75425861a059dafcc477474fc3e4ed1eafdc2b47d6fdd0557337035d29a960,7e4a6dceaaa06989befadbc11eecfbdb6494e62ad368a7161cd07deea5f5dadc,2674275,1716143232000000000,300
OB/productcatalogservice_mem/1,OB,productcatalogservice,mem,1,300,300,burst,0.5,1,0.5,baro,2,0.5,0.8,0.08333333333333333,0,1,1,13,71.72539999010041,recommendationservice|productcatalogservice|currencyservice|checkoutservice|shippingservice,recommendationservice_latency,0.5,4,4,0.6016666666666667,0.3983333333333333,4,4,4,0.5,baseline-v2-20260723,cd270e7871bd358937d83d9a49829637fa80007d2964084ef229f578e3733bd3,ba75425861a059dafcc477474fc3e4ed1eafdc2b47d6fdd0557337035d29a960,7e4a6dceaaa06989befadbc11eecfbdb6494e62ad368a7161cd07deea5f5dadc,2674275,1716143232000000000,300
OB/productcatalogservice_mem/1,OB,productcatalogservice,mem,1,300,300,burst,0.5,1,0.5,median_shift,5,0.2,0.2,0.3333333333333333,0,0,1,13,8.874599996488541,adservice|cartservice|emailservice|recommendationservice|productcatalogservice,adservice_mem,0.5,4,4,0.6016666666666667,0.3983333333333333,4,4,4,0.5,baseline-v2-20260723,cd270e7871bd358937d83d9a49829637fa80007d2964084ef229f578e3733bd3,ba75425861a059dafcc477474fc3e4ed1eafdc2b47d6fdd0557337035d29a960,7e4a6dceaaa06989befadbc11eecfbdb6494e62ad368a7161cd07deea5f5dadc,2674275,1716143232000000000,300
OB/productcatalogservice_mem/1,OB,productcatalogservice,mem,1,300,300,burst,0.5,1,0.5,nsigma,1,1.0,1.0,0.0,1,1,1,13,54.037900001276284,productcatalogservice|recommendationservice|checkoutservice|shippingservice|adservice,productcatalogservice_latency,0.5,4,4,0.6016666666666667,0.3983333333333333,4,4,4,0.5,baseline-v2-20260723,cd270e7871bd358937d83d9a49829637fa80007d2964084ef229f578e3733bd3,ba75425861a059dafcc477474fc3e4ed1eafdc2b47d6fdd0557337035d29a960,7e4a6dceaaa06989befadbc11eecfbdb6494e62ad368a7161cd07deea5f5dadc,2674275,1716143232000000000,300
OB/productcatalogservice_mem/1,OB,productcatalogservice,mem,1,300,300,burst,0.5,2,0.5,baro,1,1.0,1.0,0.0,1,1,1,13,51.14449997199699,productcatalogservice|recommendationservice|shippingservice|frontend-external|frontend,productcatalogservice_latency,0.5,4,4,0.3958333333333333,0.6041666666666666,4,4,4,0.5,baseline-v2-20260723,cd270e7871bd358937d83d9a49829637fa80007d2964084ef229f578e3733bd3,ba75425861a059dafcc477474fc3e4ed1eafdc2b47d6fdd0557337035d29a960,7e4a6dceaaa06989befadbc11eecfbdb6494e62ad368a7161cd07deea5f5dadc,2674275,1716143232000000000,300
OB/productcatalogservice_mem/1,OB,productcatalogservice,mem,1,300,300,burst,0.5,2,0.5,median_shift,4,0.25,0.4,0.25,0,0,1,13,9.158600005321205,recommendationservice|shippingservice|emailservice|productcatalogservice|checkoutservice,recommendationservice_mem,0.5,4,4,0.3958333333333333,0.6041666666666666,4,4,4,0.5,baseline-v2-20260723,cd270e7871bd358937d83d9a49829637fa80007d2964084ef229f578e3733bd3,ba75425861a059dafcc477474fc3e4ed1eafdc2b47d6fdd0557337035d29a960,7e4a6dceaaa06989befadbc11eecfbdb6494e62ad368a7161cd07deea5f5dadc,2674275,1716143232000000000,300
OB/productcatalogservice_mem/1,OB,productcatalogservice,mem,1,300,300,burst,0.5,2,0.5,nsigma,1,1.0,1.0,0.0,1,1,1,13,43.700799986254424,productcatalogservice|recommendationservice|checkoutservice|frontend|shippingservice,productcatalogservice_latency,0.5,4,4,0.3958333333333333,0.6041666666666666,4,4,4,0.5,baseline-v2-20260723,cd270e7871bd358937d83d9a49829637fa80007d2964084ef229f578e3733bd3,ba75425861a059dafcc477474fc3e4ed1eafdc2b47d6fdd0557337035d29a960,7e4a6dceaaa06989befadbc11eecfbdb6494e62ad368a7161cd07deea5f5dadc,2674275,1716143232000000000,300
OB/productcatalogservice_mem/1,OB,productcatalogservice,mem,1,300,300,burst,0.5,3,0.5,baro,2,0.5,0.8,0.08333333333333333,0,1,1,13,52.75510001229122,recommendationservice|productcatalogservice|checkoutservice|paymentservice|shippingservice,recommendationservice_latency,0.5,4,4,0.7725,0.2275,4,4,4,0.5,baseline-v2-20260723,cd270e7871bd358937d83d9a49829637fa80007d2964084ef229f578e3733bd3,ba75425861a059dafcc477474fc3e4ed1eafdc2b47d6fdd0557337035d29a960,7e4a6dceaaa06989befadbc11eecfbdb6494e62ad368a7161cd07deea5f5dadc,2674275,1716143232000000000,300
OB/productcatalogservice_mem/1,OB,productcatalogservice,mem,1,300,300,burst,0.5,3,0.5,median_shift,4,0.25,0.4,0.25,0,0,1,13,9.551600029226393,adservice|emailservice|recommendationservice|productcatalogservice|checkoutservice,adservice_mem,0.5,4,4,0.7725,0.2275,4,4,4,0.5,baseline-v2-20260723,cd270e7871bd358937d83d9a49829637fa80007d2964084ef229f578e3733bd3,ba75425861a059dafcc477474fc3e4ed1eafdc2b47d6fdd0557337035d29a960,7e4a6dceaaa06989befadbc11eecfbdb6494e62ad368a7161cd07deea5f5dadc,2674275,1716143232000000000,300
OB/productcatalogservice_mem/1,OB,productcatalogservice,mem,1,300,300,burst,0.5,3,0.5,nsigma,1,1.0,1.0,0.0,1,1,1,13,42.52399998949841,productcatalogservice|recommendationservice|frontend|checkoutservice|shippingservice,productcatalogservice_latency,0.5,4,4,0.7725,0.2275,4,4,4,0.5,baseline-v2-20260723,cd270e7871bd358937d83d9a49829637fa80007d2964084ef229f578e3733bd3,ba75425861a059dafcc477474fc3e4ed1eafdc2b47d6fdd0557337035d29a960,7e4a6dceaaa06989befadbc11eecfbdb6494e62ad368a7161cd07deea5f5dadc,2674275,1716143232000000000,300
OB/productcatalogservice_mem/1,OB,productcatalogservice,mem,1,300,300,burst,0.5,4,0.5,baro,3,0.3333333333333333,0.6,0.16666666666666666,0,1,1,13,54.03120000846684,recommendationservice|adservice|productcatalogservice|checkoutservice|shippingservice,recommendationservice_latency,0.5,4,4,0.6566666666666666,0.3433333333333333,4,4,4,0.5,baseline-v2-20260723,cd270e7871bd358937d83d9a49829637fa80007d2964084ef229f578e3733bd3,ba75425861a059dafcc477474fc3e4ed1eafdc2b47d6fdd0557337035d29a960,7e4a6dceaaa06989befadbc11eecfbdb6494e62ad368a7161cd07deea5f5dadc,2674275,1716143232000000000,300
OB/productcatalogservice_mem/1,OB,productcatalogservice,mem,1,300,300,burst,0.5,4,0.5,median_shift,7,0.14285714285714285,0.0,0.5,0,0,0,13,9.578400000464171,adservice|cartservice|emailservice|recommendationservice|shippingservice,adservice_cpu,0.5,4,4,0.6566666666666666,0.3433333333333333,4,4,4,0.5,baseline-v2-20260723,cd270e7871bd358937d83d9a49829637fa80007d2964084ef229f578e3733bd3,ba75425861a059dafcc477474fc3e4ed1eafdc2b47d6fdd0557337035d29a960,7e4a6dceaaa06989befadbc11eecfbdb6494e62ad368a7161cd07deea5f5dadc,2674275,1716143232000000000,300
OB/productcatalogservice_mem/1,OB,productcatalogservice,mem,1,300,300,burst,0.5,4,0.5,nsigma,1,1.0,1.0,0.0,1,1,1,13,42.3764000297524,productcatalogservice|recommendationservice|cartservice|checkoutservice|frontend,productcatalogservice_latency,0.5,4,4,0.6566666666666666,0.3433333333333333,4,4,4,0.5,baseline-v2-20260723,cd270e7871bd358937d83d9a49829637fa80007d2964084ef229f578e3733bd3,ba75425861a059dafcc477474fc3e4ed1eafdc2b47d6fdd0557337035d29a960,7e4a6dceaaa06989befadbc11eecfbdb6494e62ad368a7161cd07deea5f5dadc,2674275,1716143232000000000,300
OB/productcatalogservice_mem/1,OB,productcatalogservice,mem,1,300,300,burst,0.5,5,0.5,baro,2,0.5,0.8,0.08333333333333333,0,1,1,13,63.88070003595203,adservice|productcatalogservice|cartservice|checkoutservice|currencyservice,adservice_latency,0.5,4,4,0.5575,0.4425,4,4,4,0.5,baseline-v2-20260723,cd270e7871bd358937d83d9a49829637fa80007d2964084ef229f578e3733bd3,ba75425861a059dafcc477474fc3e4ed1eafdc2b47d6fdd0557337035d29a960,7e4a6dceaaa06989befadbc11eecfbdb6494e62ad368a7161cd07deea5f5dadc,2674275,1716143232000000000,300
OB/productcatalogservice_mem/1,OB,productcatalogservice,mem,1,300,300,burst,0.5,5,0.5,median_shift,5,0.2,0.2,0.3333333333333333,0,0,1,13,11.963600001763552,cartservice|currencyservice|emailservice|main|productcatalogservice,cartservice_mem,0.5,4,4,0.5575,0.4425,4,4,4,0.5,baseline-v2-20260723,cd270e7871bd358937d83d9a49829637fa80007d2964084ef229f578e3733bd3,ba75425861a059dafcc477474fc3e4ed1eafdc2b47d6fdd0557337035d29a960,7e4a6dceaaa06989befadbc11eecfbdb6494e62ad368a7161cd07deea5f5dadc,2674275,1716143232000000000,300
OB/productcatalogservice_mem/1,OB,productcatalogservice,mem,1,300,300,burst,0.5,5,0.5,nsigma,3,0.3333333333333333,0.6,0.16666666666666666,0,1,1,13,41.384699987247586,recommendationservice|shippingservice|productcatalogservice|checkoutservice|frontend,recommendationservice_mem,0.5,4,4,0.5575,0.4425,4,4,4,0.5,baseline-v2-20260723,cd270e7871bd358937d83d9a49829637fa80007d2964084ef229f578e3733bd3,ba75425861a059dafcc477474fc3e4ed1eafdc2b47d6fdd0557337035d29a960,7e4a6dceaaa06989befadbc11eecfbdb6494e62ad368a7161cd07deea5f5dadc,2674275,1716143232000000000,300
OB/productcatalogservice_mem/1,OB,productcatalogservice,mem,1,300,300,burst,0.5,6,0.5,baro,1,1.0,1.0,0.0,1,1,1,13,57.21989995799959,productcatalogservice|shippingservice|checkoutservice|adservice|frontend,productcatalogservice_latency,0.5,4,4,0.5166666666666667,0.48333333333333334,4,4,4,0.5,baseline-v2-20260723,cd270e7871bd358937d83d9a49829637fa80007d2964084ef229f578e3733bd3,ba75425861a059dafcc477474fc3e4ed1eafdc2b47d6fdd0557337035d29a960,7e4a6dceaaa06989befadbc11eecfbdb6494e62ad368a7161cd07deea5f5dadc,2674275,1716143232000000000,300
OB/productcatalogservice_mem/1,OB,productcatalogservice,mem,1,300,300,burst,0.5,6,0.5,median_shift,4,0.25,0.4,0.25,0,0,1,13,9.469899989198893,recommendationservice|emailservice|paymentservice|productcatalogservice|checkoutservice,recommendationservice_mem,0.5,4,4,0.5166666666666667,0.48333333333333334,4,4,4,0.5,baseline-v2-20260723,cd270e7871bd358937d83d9a49829637fa80007d2964084ef229f578e3733bd3,ba75425861a059dafcc477474fc3e4ed1eafdc2b47d6fdd0557337035d29a960,7e4a6dceaaa06989befadbc11eecfbdb6494e62ad368a7161cd07deea5f5dadc,2674275,1716143232000000000,300
OB/productcatalogservice_mem/1,OB,productcatalogservice,mem,1,300,300,burst,0.5,6,0.5,nsigma,2,0.5,0.8,0.08333333333333333,0,1,1,13,70.05680003203452,recommendationservice|productcatalogservice|checkoutservice|shippingservice|cartservice,recommendationservice_mem,0.5,4,4,0.5166666666666667,0.48333333333333334,4,4,4,0.5,baseline-v2-20260723,cd270e7871bd358937d83d9a49829637fa80007d2964084ef229f578e3733bd3,ba75425861a059dafcc477474fc3e4ed1eafdc2b47d6fdd0557337035d29a960,7e4a6dceaaa06989befadbc11eecfbdb6494e62ad368a7161cd07deea5f5dadc,2674275,1716143232000000000,300
OB/productcatalogservice_mem/1,OB,productcatalogservice,mem,1,300,300,burst,0.5,7,0.5,baro,1,1.0,1.0,0.0,1,1,1,13,73.0914999730885,productcatalogservice|recommendationservice|frontend|cartservice|frontend-external,productcatalogservice_mem,0.5,4,4,0.5441666666666667,0.4558333333333333,4,4,4,0.5,baseline-v2-20260723,cd270e7871bd358937d83d9a49829637fa80007d2964084ef229f578e3733bd3,ba75425861a059dafcc477474fc3e4ed1eafdc2b47d6fdd0557337035d29a960,7e4a6dceaaa06989befadbc11eecfbdb6494e62ad368a7161cd07deea5f5dadc,2674275,1716143232000000000,300
OB/productcatalogservice_mem/1,OB,productcatalogservice,mem,1,300,300,burst,0.5,7,0.5,median_shift,3,0.3333333333333333,0.6,0.16666666666666666,0,1,1,13,12.152000039350241,emailservice|paymentservice|productcatalogservice|checkoutservice|recommendationservice,emailservice_mem,0.5,4,4,0.5441666666666667,0.4558333333333333,4,4,4,0.5,baseline-v2-20260723,cd270e7871bd358937d83d9a49829637fa80007d2964084ef229f578e3733bd3,ba75425861a059dafcc477474fc3e4ed1eafdc2b47d6fdd0557337035d29a960,7e4a6dceaaa06989befadbc11eecfbdb6494e62ad368a7161cd07deea5f5dadc,2674275,1716143232000000000,300
OB/productcatalogservice_mem/1,OB,productcatalogservice,mem,1,300,300,burst,0.5,7,0.5,nsigma,1,1.0,1.0,0.0,1,1,1,13,57.59140005102381,productcatalogservice|shippingservice|checkoutservice|recommendationservice|adservice,productcatalogservice_latency,0.5,4,4,0.5441666666666667,0.4558333333333333,4,4,4,0.5,baseline-v2-20260723,cd270e7871bd358937d83d9a49829637fa80007d2964084ef229f578e3733bd3,ba75425861a059dafcc477474fc3e4ed1eafdc2b47d6fdd0557337035d29a960,7e4a6dceaaa06989befadbc11eecfbdb6494e62ad368a7161cd07deea5f5dadc,2674275,1716143232000000000,300
OB/productcatalogservice_mem/1,OB,productcatalogservice,mem,1,300,300,burst,0.5,8,0.5,baro,1,1.0,1.0,0.0,1,1,1,13,52.495700016152114,productcatalogservice|frontend|checkoutservice|currencyservice|shippingservice,productcatalogservice_latency,0.5,4,4,0.49833333333333335,0.5016666666666667,4,4,4,0.5,baseline-v2-20260723,cd270e7871bd358937d83d9a49829637fa80007d2964084ef229f578e3733bd3,ba75425861a059dafcc477474fc3e4ed1eafdc2b47d6fdd0557337035d29a960,7e4a6dceaaa06989befadbc11eecfbdb6494e62ad368a7161cd07deea5f5dadc,2674275,1716143232000000000,300
OB/productcatalogservice_mem/1,OB,productcatalogservice,mem,1,300,300,burst,0.5,8,0.5,median_shift,5,0.2,0.2,0.3333333333333333,0,0,1,13,9.233799995854497,adservice|emailservice|paymentservice|recommendationservice|productcatalogservice,adservice_mem,0.5,4,4,0.49833333333333335,0.5016666666666667,4,4,4,0.5,baseline-v2-20260723,cd270e7871bd358937d83d9a49829637fa80007d2964084ef229f578e3733bd3,ba75425861a059dafcc477474fc3e4ed1eafdc2b47d6fdd0557337035d29a960,7e4a6dceaaa06989befadbc11eecfbdb6494e62ad368a7161cd07deea5f5dadc,2674275,1716143232000000000,300
OB/productcatalogservice_mem/1,OB,productcatalogservice,mem,1,300,300,burst,0.5,8,0.5,nsigma,1,1.0,1.0,0.0,1,1,1,13,43.76169998431578,productcatalogservice|recommendationservice|adservice|checkoutservice|emailservice,productcatalogservice_latency,0.5,4,4,0.49833333333333335,0.5016666666666667,4,4,4,0.5,baseline-v2-20260723,cd270e7871bd358937d83d9a49829637fa80007d2964084ef229f578e3733bd3,ba75425861a059dafcc477474fc3e4ed1eafdc2b47d6fdd0557337035d29a960,7e4a6dceaaa06989befadbc11eecfbdb6494e62ad368a7161cd07deea5f5dadc,2674275,1716143232000000000,300
OB/productcatalogservice_mem/1,OB,productcatalogservice,mem,1,300,300,burst,0.5,9,0.5,baro,3,0.3333333333333333,0.6,0.16666666666666666,0,1,1,13,51.184399984776974,recommendationservice|currencyservice|productcatalogservice|shippingservice|adservice,recommendationservice_mem,0.5,4,4,0.2833333333333333,0.7166666666666667,4,4,4,0.5,baseline-v2-20260723,cd270e7871bd358937d83d9a49829637fa80007d2964084ef229f578e3733bd3,ba75425861a059dafcc477474fc3e4ed1eafdc2b47d6fdd0557337035d29a960,7e4a6dceaaa06989befadbc11eecfbdb6494e62ad368a7161cd07deea5f5dadc,2674275,1716143232000000000,300
OB/productcatalogservice_mem/1,OB,productcatalogservice,mem,1,300,300,burst,0.5,9,0.5,median_shift,5,0.2,0.2,0.3333333333333333,0,0,1,13,8.79790005274117,adservice|main|emailservice|paymentservice|productcatalogservice,adservice_mem,0.5,4,4,0.2833333333333333,0.7166666666666667,4,4,4,0.5,baseline-v2-20260723,cd270e7871bd358937d83d9a49829637fa80007d2964084ef229f578e3733bd3,ba75425861a059dafcc477474fc3e4ed1eafdc2b47d6fdd0557337035d29a960,7e4a6dceaaa06989befadbc11eecfbdb6494e62ad368a7161cd07deea5f5dadc,2674275,1716143232000000000,300
OB/productcatalogservice_mem/1,OB,productcatalogservice,mem,1,300,300,burst,0.5,9,0.5,nsigma,1,1.0,1.0,0.0,1,1,1,13,43.717000051401556,productcatalogservice|checkoutservice|recommendationservice|frontend|shippingservice,productcatalogservice_latency,0.5,4,4,0.2833333333333333,0.7166666666666667,4,4,4,0.5,baseline-v2-20260723,cd270e7871bd358937d83d9a49829637fa80007d2964084ef229f578e3733bd3,ba75425861a059dafcc477474fc3e4ed1eafdc2b47d6fdd0557337035d29a960,7e4a6dceaaa06989befadbc11eecfbdb6494e62ad368a7161cd07deea5f5dadc,2674275,1716143232000000000,300
OB/productcatalogservice_mem/1,OB,productcatalogservice,mem,1,300,300,incident,0.1,0,0.1,baro,1,1.0,1.0,0.0,1,1,1,13,72.91119999717921,productcatalogservice|recommendationservice|checkoutservice|shippingservice|emailservice,productcatalogservice_latency,0.8745833333333334,4,4,0.9058333333333334,0.8433333333333334,4,4,4,0.8982978723404256,baseline-v2-20260723,cd270e7871bd358937d83d9a49829637fa80007d2964084ef229f578e3733bd3,ba75425861a059dafcc477474fc3e4ed1eafdc2b47d6fdd0557337035d29a960,7e4a6dceaaa06989befadbc11eecfbdb6494e62ad368a7161cd07deea5f5dadc,2674275,1716143232000000000,300
OB/productcatalogservice_mem/1,OB,productcatalogservice,mem,1,300,300,incident,0.1,0,0.1,median_shift,2,0.5,0.8,0.08333333333333333,0,1,1,13,14.266600017435849,emailservice|productcatalogservice|recommendationservice|checkoutservice|shippingservice,emailservice_latency,0.8745833333333334,4,4,0.9058333333333334,0.8433333333333334,4,4,4,0.8982978723404256,baseline-v2-20260723,cd270e7871bd358937d83d9a49829637fa80007d2964084ef229f578e3733bd3,ba75425861a059dafcc477474fc3e4ed1eafdc2b47d6fdd0557337035d29a960,7e4a6dceaaa06989befadbc11eecfbdb6494e62ad368a7161cd07deea5f5dadc,2674275,1716143232000000000,300
OB/productcatalogservice_mem/1,OB,productcatalogservice,mem,1,300,300,incident,0.1,0,0.1,nsigma,1,1.0,1.0,0.0,1,1,1,13,46.10710003180429,productcatalogservice|recommendationservice|checkoutservice|emailservice|shippingservice,productcatalogservice_latency,0.8745833333333334,4,4,0.9058333333333334,0.8433333333333334,4,4,4,0.8982978723404256,baseline-v2-20260723,cd270e7871bd358937d83d9a49829637fa80007d2964084ef229f578e3733bd3,ba75425861a059dafcc477474fc3e4ed1eafdc2b47d6fdd0557337035d29a960,7e4a6dceaaa06989befadbc11eecfbdb6494e62ad368a7161cd07deea5f5dadc,2674275,1716143232000000000,300
OB/productcatalogservice_mem/1,OB,productcatalogservice,mem,1,300,300,incident,0.1,1,0.1,baro,1,1.0,1.0,0.0,1,1,1,13,74.617899954319,productcatalogservice|recommendationservice|checkoutservice|shippingservice|emailservice,productcatalogservice_latency,0.8570833333333333,4,4,0.8916666666666667,0.8225,4,4,4,0.8983333333333333,baseline-v2-20260723,cd270e7871bd358937d83d9a49829637fa80007d2964084ef229f578e3733bd3,ba75425861a059dafcc477474fc3e4ed1eafdc2b47d6fdd0557337035d29a960,7e4a6dceaaa06989befadbc11eecfbdb6494e62ad368a7161cd07deea5f5dadc,2674275,1716143232000000000,300
OB/productcatalogservice_mem/1,OB,productcatalogservice,mem,1,300,300,incident,0.1,1,0.1,median_shift,2,0.5,0.8,0.08333333333333333,0,1,1,13,11.102899967227131,emailservice|productcatalogservice|recommendationservice|checkoutservice|shippingservice,emailservice_latency,0.8570833333333333,4,4,0.8916666666666667,0.8225,4,4,4,0.8983333333333333,baseline-v2-20260723,cd270e7871bd358937d83d9a49829637fa80007d2964084ef229f578e3733bd3,ba75425861a059dafcc477474fc3e4ed1eafdc2b47d6fdd0557337035d29a960,7e4a6dceaaa06989befadbc11eecfbdb6494e62ad368a7161cd07deea5f5dadc,2674275,1716143232000000000,300
OB/productcatalogservice_mem/1,OB,productcatalogservice,mem,1,300,300,incident,0.1,1,0.1,nsigma,1,1.0,1.0,0.0,1,1,1,13,58.76390001503751,productcatalogservice|recommendationservice|checkoutservice|emailservice|shippingservice,productcatalogservice_latency,0.8570833333333333,4,4,0.8916666666666667,0.8225,4,4,4,0.8983333333333333,baseline-v2-20260723,cd270e7871bd358937d83d9a49829637fa80007d2964084ef229f578e3733bd3,ba75425861a059dafcc477474fc3e4ed1eafdc2b47d6fdd0557337035d29a960,7e4a6dceaaa06989befadbc11eecfbdb6494e62ad368a7161cd07deea5f5dadc,2674275,1716143232000000000,300
OB/productcatalogservice_mem/1,OB,productcatalogservice,mem,1,300,300,incident,0.1,2,0.1,baro,1,1.0,1.0,0.0,1,1,1,13,52.98219999531284,productcatalogservice|recommendationservice|checkoutservice|shippingservice|emailservice,productcatalogservice_latency,0.8579166666666667,4,4,0.9025,0.8133333333333334,4,4,4,0.8979432624113475,baseline-v2-20260723,cd270e7871bd358937d83d9a49829637fa80007d2964084ef229f578e3733bd3,ba75425861a059dafcc477474fc3e4ed1eafdc2b47d6fdd0557337035d29a960,7e4a6dceaaa06989befadbc11eecfbdb6494e62ad368a7161cd07deea5f5dadc,2674275,1716143232000000000,300
OB/productcatalogservice_mem/1,OB,productcatalogservice,mem,1,300,300,incident,0.1,2,0.1,median_shift,2,0.5,0.8,0.08333333333333333,0,1,1,13,9.219300001859665,emailservice|productcatalogservice|recommendationservice|checkoutservice|shippingservice,emailservice_latency,0.8579166666666667,4,4,0.9025,0.8133333333333334,4,4,4,0.8979432624113475,baseline-v2-20260723,cd270e7871bd358937d83d9a49829637fa80007d2964084ef229f578e3733bd3,ba75425861a059dafcc477474fc3e4ed1eafdc2b47d6fdd0557337035d29a960,7e4a6dceaaa06989befadbc11eecfbdb6494e62ad368a7161cd07deea5f5dadc,2674275,1716143232000000000,300
OB/productcatalogservice_mem/1,OB,productcatalogservice,mem,1,300,300,incident,0.1,2,0.1,nsigma,1,1.0,1.0,0.0,1,1,1,13,43.970400001853704,productcatalogservice|recommendationservice|checkoutservice|emailservice|shippingservice,productcatalogservice_latency,0.8579166666666667,4,4,0.9025,0.8133333333333334,4,4,4,0.8979432624113475,baseline-v2-20260723,cd270e7871bd358937d83d9a49829637fa80007d2964084ef229f578e3733bd3,ba75425861a059dafcc477474fc3e4ed1eafdc2b47d6fdd0557337035d29a960,7e4a6dceaaa06989befadbc11eecfbdb6494e62ad368a7161cd07deea5f5dadc,2674275,1716143232000000000,300
OB/productcatalogservice_mem/1,OB,productcatalogservice,mem,1,300,300,incident,0.1,3,0.1,baro,1,1.0,1.0,0.0,1,1,1,13,54.82970003504306,productcatalogservice|recommendationservice|checkoutservice|shippingservice|emailservice,productcatalogservice_latency,0.8545833333333334,4,4,0.905,0.8041666666666667,4,4,4,0.8979787234042553,baseline-v2-20260723,cd270e7871bd358937d83d9a49829637fa80007d2964084ef229f578e3733bd3,ba75425861a059dafcc477474fc3e4ed1eafdc2b47d6fdd0557337035d29a960,7e4a6dceaaa06989befadbc11eecfbdb6494e62ad368a7161cd07deea5f5dadc,2674275,1716143232000000000,300
OB/productcatalogservice_mem/1,OB,productcatalogservice,mem,1,300,300,incident,0.1,3,0.1,median_shift,2,0.5,0.8,0.08333333333333333,0,1,1,13,9.123300027567893,emailservice|productcatalogservice|recommendationservice|checkoutservice|shippingservice,emailservice_latency,0.8545833333333334,4,4,0.905,0.8041666666666667,4,4,4,0.8979787234042553,baseline-v2-20260723,cd270e7871bd358937d83d9a49829637fa80007d2964084ef229f578e3733bd3,ba75425861a059dafcc477474fc3e4ed1eafdc2b47d6fdd0557337035d29a960,7e4a6dceaaa06989befadbc11eecfbdb6494e62ad368a7161cd07deea5f5dadc,2674275,1716143232000000000,300
OB/productcatalogservice_mem/1,OB,productcatalogservice,mem,1,300,300,incident,0.1,3,0.1,nsigma,1,1.0,1.0,0.0,1,1,1,13,42.672500014305115,productcatalogservice|recommendationservice|checkoutservice|emailservice|shippingservice,productcatalogservice_latency,0.8545833333333334,4,4,0.905,0.8041666666666667,4,4,4,0.8979787234042553,baseline-v2-20260723,cd270e7871bd358937d83d9a49829637fa80007d2964084ef229f578e3733bd3,ba75425861a059dafcc477474fc3e4ed1eafdc2b47d6fdd0557337035d29a960,7e4a6dceaaa06989befadbc11eecfbdb6494e62ad368a7161cd07deea5f5dadc,2674275,1716143232000000000,300
OB/productcatalogservice_mem/1,OB,productcatalogservice,mem,1,300,300,incident,0.1,4,0.1,baro,1,1.0,1.0,0.0,1,1,1,13,69.30179998744279,productcatalogservice|recommendationservice|checkoutservice|shippingservice|emailservice,productcatalogservice_latency,0.86125,4,4,0.9041666666666667,0.8183333333333334,4,4,4,0.8979787234042553,baseline-v2-20260723,cd270e7871bd358937d83d9a49829637fa80007d2964084ef229f578e3733bd3,ba75425861a059dafcc477474fc3e4ed1eafdc2b47d6fdd0557337035d29a960,7e4a6dceaaa06989befadbc11eecfbdb6494e62ad368a7161cd07deea5f5dadc,2674275,1716143232000000000,300
OB/productcatalogservice_mem/1,OB,productcatalogservice,mem,1,300,300,incident,0.1,4,0.1,median_shift,2,0.5,0.8,0.08333333333333333,0,1,1,13,19.553699996322393,emailservice|productcatalogservice|recommendationservice|checkoutservice|shippingservice,emailservice_latency,0.86125,4,4,0.9041666666666667,0.8183333333333334,4,4,4,0.8979787234042553,baseline-v2-20260723,cd270e7871bd358937d83d9a49829637fa80007d2964084ef229f578e3733bd3,ba75425861a059dafcc477474fc3e4ed1eafdc2b47d6fdd0557337035d29a960,7e4a6dceaaa06989befadbc11eecfbdb6494e62ad368a7161cd07deea5f5dadc,2674275,1716143232000000000,300
OB/productcatalogservice_mem/1,OB,productcatalogservice,mem,1,300,300,incident,0.1,4,0.1,nsigma,1,1.0,1.0,0.0,1,1,1,13,47.102499986067414,productcatalogservice|recommendationservice|checkoutservice|emailservice|shippingservice,productcatalogservice_latency,0.86125,4,4,0.9041666666666667,0.8183333333333334,4,4,4,0.8979787234042553,baseline-v2-20260723,cd270e7871bd358937d83d9a49829637fa80007d2964084ef229f578e3733bd3,ba75425861a059dafcc477474fc3e4ed1eafdc2b47d6fdd0557337035d29a960,7e4a6dceaaa06989befadbc11eecfbdb6494e62ad368a7161cd07deea5f5dadc,2674275,1716143232000000000,300
OB/productcatalogservice_mem/1,OB,productcatalogservice,mem,1,300,300,incident,0.1,5,0.1,baro,1,1.0,1.0,0.0,1,1,1,13,71.99739996576682,productcatalogservice|recommendationservice|checkoutservice|shippingservice|emailservice,productcatalogservice_latency,0.8716666666666667,4,4,0.905,0.8383333333333334,4,4,4,0.8978368794326241,baseline-v2-20260723,cd270e7871bd358937d83d9a49829637fa80007d2964084ef229f578e3733bd3,ba75425861a059dafcc477474fc3e4ed1eafdc2b47d6fdd0557337035d29a960,7e4a6dceaaa06989befadbc11eecfbdb6494e62ad368a7161cd07deea5f5dadc,2674275,1716143232000000000,300
OB/productcatalogservice_mem/1,OB,productcatalogservice,mem,1,300,300,incident,0.1,5,0.1,median_shift,2,0.5,0.8,0.08333333333333333,0,1,1,13,10.61130000744015,emailservice|productcatalogservice|recommendationservice|checkoutservice|shippingservice,emailservice_latency,0.8716666666666667,4,4,0.905,0.8383333333333334,4,4,4,0.8978368794326241,baseline-v2-20260723,cd270e7871bd358937d83d9a49829637fa80007d2964084ef229f578e3733bd3,ba75425861a059dafcc477474fc3e4ed1eafdc2b47d6fdd0557337035d29a960,7e4a6dceaaa06989befadbc11eecfbdb6494e62ad368a7161cd07deea5f5dadc,2674275,1716143232000000000,300
OB/productcatalogservice_mem/1,OB,productcatalogservice,mem,1,300,300,incident,0.1,5,0.1,nsigma,1,1.0,1.0,0.0,1,1,1,13,51.93719995440915,productcatalogservice|recommendationservice|checkoutservice|emailservice|shippingservice,productcatalogservice_latency,0.8716666666666667,4,4,0.905,0.8383333333333334,4,4,4,0.8978368794326241,baseline-v2-20260723,cd270e7871bd358937d83d9a49829637fa80007d2964084ef229f578e3733bd3,ba75425861a059dafcc477474fc3e4ed1eafdc2b47d6fdd0557337035d29a960,7e4a6dceaaa06989befadbc11eecfbdb6494e62ad368a7161cd07deea5f5dadc,2674275,1716143232000000000,300
OB/productcatalogservice_mem/1,OB,productcatalogservice,mem,1,300,300,incident,0.1,6,0.1,baro,1,1.0,1.0,0.0,1,1,1,13,51.54339998262003,productcatalogservice|recommendationservice|checkoutservice|shippingservice|emailservice,productcatalogservice_latency,0.86375,4,4,0.8991666666666667,0.8283333333333334,4,4,4,0.8980851063829787,baseline-v2-20260723,cd270e7871bd358937d83d9a49829637fa80007d2964084ef229f578e3733bd3,ba75425861a059dafcc477474fc3e4ed1eafdc2b47d6fdd0557337035d29a960,7e4a6dceaaa06989befadbc11eecfbdb6494e62ad368a7161cd07deea5f5dadc,2674275,1716143232000000000,300
OB/productcatalogservice_mem/1,OB,productcatalogservice,mem,1,300,300,incident,0.1,6,0.1,median_shift,2,0.5,0.8,0.08333333333333333,0,1,1,13,9.402800002135336,emailservice|productcatalogservice|recommendationservice|checkoutservice|shippingservice,emailservice_latency,0.86375,4,4,0.8991666666666667,0.8283333333333334,4,4,4,0.8980851063829787,baseline-v2-20260723,cd270e7871bd358937d83d9a49829637fa80007d2964084ef229f578e3733bd3,ba75425861a059dafcc477474fc3e4ed1eafdc2b47d6fdd0557337035d29a960,7e4a6dceaaa06989befadbc11eecfbdb6494e62ad368a7161cd07deea5f5dadc,2674275,1716143232000000000,300
OB/productcatalogservice_mem/1,OB,productcatalogservice,mem,1,300,300,incident,0.1,6,0.1,nsigma,1,1.0,1.0,0.0,1,1,1,13,48.95710002165288,productcatalogservice|recommendationservice|checkoutservice|emailservice|shippingservice,productcatalogservice_latency,0.86375,4,4,0.8991666666666667,0.8283333333333334,4,4,4,0.8980851063829787,baseline-v2-20260723,cd270e7871bd358937d83d9a49829637fa80007d2964084ef229f578e3733bd3,ba75425861a059dafcc477474fc3e4ed1eafdc2b47d6fdd0557337035d29a960,7e4a6dceaaa06989befadbc11eecfbdb6494e62ad368a7161cd07deea5f5dadc,2674275,1716143232000000000,300
OB/productcatalogservice_mem/1,OB,productcatalogservice,mem,1,300,300,incident,0.1,7,0.1,baro,1,1.0,1.0,0.0,1,1,1,13,68.8916000071913,productcatalogservice|recommendationservice|checkoutservice|shippingservice|emailservice,productcatalogservice_latency,0.8583333333333333,4,4,0.8975,0.8191666666666667,4,4,4,0.8976950354609929,baseline-v2-20260723,cd270e7871bd358937d83d9a49829637fa80007d2964084ef229f578e3733bd3,ba75425861a059dafcc477474fc3e4ed1eafdc2b47d6fdd0557337035d29a960,7e4a6dceaaa06989befadbc11eecfbdb6494e62ad368a7161cd07deea5f5dadc,2674275,1716143232000000000,300
OB/productcatalogservice_mem/1,OB,productcatalogservice,mem,1,300,300,incident,0.1,7,0.1,median_shift,2,0.5,0.8,0.08333333333333333,0,1,1,13,9.086499980185181,emailservice|productcatalogservice|recommendationservice|checkoutservice|shippingservice,emailservice_latency,0.8583333333333333,4,4,0.8975,0.8191666666666667,4,4,4,0.8976950354609929,baseline-v2-20260723,cd270e7871bd358937d83d9a49829637fa80007d2964084ef229f578e3733bd3,ba75425861a059dafcc477474fc3e4ed1eafdc2b47d6fdd0557337035d29a960,7e4a6dceaaa06989befadbc11eecfbdb6494e62ad368a7161cd07deea5f5dadc,2674275,1716143232000000000,300
OB/productcatalogservice_mem/1,OB,productcatalogservice,mem,1,300,300,incident,0.1,7,0.1,nsigma,1,1.0,1.0,0.0,1,1,1,13,50.51329999696463,productcatalogservice|recommendationservice|checkoutservice|emailservice|shippingservice,productcatalogservice_latency,0.8583333333333333,4,4,0.8975,0.8191666666666667,4,4,4,0.8976950354609929,baseline-v2-20260723,cd270e7871bd358937d83d9a49829637fa80007d2964084ef229f578e3733bd3,ba75425861a059dafcc477474fc3e4ed1eafdc2b47d6fdd0557337035d29a960,7e4a6dceaaa06989befadbc11eecfbdb6494e62ad368a7161cd07deea5f5dadc,2674275,1716143232000000000,300
OB/productcatalogservice_mem/1,OB,productcatalogservice,mem,1,300,300,incident,0.1,8,0.1,baro,1,1.0,1.0,0.0,1,1,1,13,52.4586999672465,productcatalogservice|recommendationservice|checkoutservice|shippingservice|emailservice,productcatalogservice_latency,0.86375,4,4,0.9075,0.82,4,4,4,0.8976241134751773,baseline-v2-20260723,cd270e7871bd358937d83d9a49829637fa80007d2964084ef229f578e3733bd3,ba75425861a059dafcc477474fc3e4ed1eafdc2b47d6fdd0557337035d29a960,7e4a6dceaaa06989befadbc11eecfbdb6494e62ad368a7161cd07deea5f5dadc,2674275,1716143232000000000,300
OB/productcatalogservice_mem/1,OB,productcatalogservice,mem,1,300,300,incident,0.1,8,0.1,median_shift,2,0.5,0.8,0.08333333333333333,0,1,1,13,10.161100013647228,emailservice|productcatalogservice|recommendationservice|checkoutservice|shippingservice,emailservice_latency,0.86375,4,4,0.9075,0.82,4,4,4,0.8976241134751773,baseline-v2-20260723,cd270e7871bd358937d83d9a49829637fa80007d2964084ef229f578e3733bd3,ba75425861a059dafcc477474fc3e4ed1eafdc2b47d6fdd0557337035d29a960,7e4a6dceaaa06989befadbc11eecfbdb6494e62ad368a7161cd07deea5f5dadc,2674275,1716143232000000000,300
OB/productcatalogservice_mem/1,OB,productcatalogservice,mem,1,300,300,incident,0.1,8,0.1,nsigma,1,1.0,1.0,0.0,1,1,1,13,44.00520003400743,productcatalogservice|recommendationservice|checkoutservice|emailservice|shippingservice,productcatalogservice_latency,0.86375,4,4,0.9075,0.82,4,4,4,0.8976241134751773,baseline-v2-20260723,cd270e7871bd358937d83d9a49829637fa80007d2964084ef229f578e3733bd3,ba75425861a059dafcc477474fc3e4ed1eafdc2b47d6fdd0557337035d29a960,7e4a6dceaaa06989befadbc11eecfbdb6494e62ad368a7161cd07deea5f5dadc,2674275,1716143232000000000,300
OB/productcatalogservice_mem/1,OB,productcatalogservice,mem,1,300,300,incident,0.1,9,0.1,baro,1,1.0,1.0,0.0,1,1,1,13,81.220599997323,productcatalogservice|recommendationservice|checkoutservice|shippingservice|emailservice,productcatalogservice_latency,0.8558333333333333,4,4,0.8941666666666667,0.8175,4,4,4,0.8977659574468085,baseline-v2-20260723,cd270e7871bd358937d83d9a49829637fa80007d2964084ef229f578e3733bd3,ba75425861a059dafcc477474fc3e4ed1eafdc2b47d6fdd0557337035d29a960,7e4a6dceaaa06989befadbc11eecfbdb6494e62ad368a7161cd07deea5f5dadc,2674275,1716143232000000000,300
OB/productcatalogservice_mem/1,OB,productcatalogservice,mem,1,300,300,incident,0.1,9,0.1,median_shift,2,0.5,0.8,0.08333333333333333,0,1,1,13,9.708199999295175,emailservice|productcatalogservice|recommendationservice|checkoutservice|shippingservice,emailservice_latency,0.8558333333333333,4,4,0.8941666666666667,0.8175,4,4,4,0.8977659574468085,baseline-v2-20260723,cd270e7871bd358937d83d9a49829637fa80007d2964084ef229f578e3733bd3,ba75425861a059dafcc477474fc3e4ed1eafdc2b47d6fdd0557337035d29a960,7e4a6dceaaa06989befadbc11eecfbdb6494e62ad368a7161cd07deea5f5dadc,2674275,1716143232000000000,300
OB/productcatalogservice_mem/1,OB,productcatalogservice,mem,1,300,300,incident,0.1,9,0.1,nsigma,1,1.0,1.0,0.0,1,1,1,13,58.40639997040853,productcatalogservice|recommendationservice|checkoutservice|emailservice|shippingservice,productcatalogservice_latency,0.8558333333333333,4,4,0.8941666666666667,0.8175,4,4,4,0.8977659574468085,baseline-v2-20260723,cd270e7871bd358937d83d9a49829637fa80007d2964084ef229f578e3733bd3,ba75425861a059dafcc477474fc3e4ed1eafdc2b47d6fdd0557337035d29a960,7e4a6dceaaa06989befadbc11eecfbdb6494e62ad368a7161cd07deea5f5dadc,2674275,1716143232000000000,300
OB/productcatalogservice_mem/1,OB,productcatalogservice,mem,1,300,300,incident,0.3,0,0.3,baro,1,1.0,1.0,0.0,1,1,1,13,62.897700001485646,productcatalogservice|recommendationservice|checkoutservice|shippingservice|emailservice,productcatalogservice_latency,0.5945833333333334,4,4,0.7041666666666667,0.485,4,4,4,0.6935815602836879,baseline-v2-20260723,cd270e7871bd358937d83d9a49829637fa80007d2964084ef229f578e3733bd3,ba75425861a059dafcc477474fc3e4ed1eafdc2b47d6fdd0557337035d29a960,7e4a6dceaaa06989befadbc11eecfbdb6494e62ad368a7161cd07deea5f5dadc,2674275,1716143232000000000,300
OB/productcatalogservice_mem/1,OB,productcatalogservice,mem,1,300,300,incident,0.3,0,0.3,median_shift,2,0.5,0.8,0.08333333333333333,0,1,1,13,9.069899970199913,emailservice|productcatalogservice|recommendationservice|checkoutservice|shippingservice,emailservice_latency,0.5945833333333334,4,4,0.7041666666666667,0.485,4,4,4,0.6935815602836879,baseline-v2-20260723,cd270e7871bd358937d83d9a49829637fa80007d2964084ef229f578e3733bd3,ba75425861a059dafcc477474fc3e4ed1eafdc2b47d6fdd0557337035d29a960,7e4a6dceaaa06989befadbc11eecfbdb6494e62ad368a7161cd07deea5f5dadc,2674275,1716143232000000000,300
OB/productcatalogservice_mem/1,OB,productcatalogservice,mem,1,300,300,incident,0.3,0,0.3,nsigma,1,1.0,1.0,0.0,1,1,1,13,53.99699998088181,productcatalogservice|recommendationservice|checkoutservice|emailservice|shippingservice,productcatalogservice_latency,0.5945833333333334,4,4,0.7041666666666667,0.485,4,4,4,0.6935815602836879,baseline-v2-20260723,cd270e7871bd358937d83d9a49829637fa80007d2964084ef229f578e3733bd3,ba75425861a059dafcc477474fc3e4ed1eafdc2b47d6fdd0557337035d29a960,7e4a6dceaaa06989befadbc11eecfbdb6494e62ad368a7161cd07deea5f5dadc,2674275,1716143232000000000,300
OB/productcatalogservice_mem/1,OB,productcatalogservice,mem,1,300,300,incident,0.3,1,0.3,baro,1,1.0,1.0,0.0,1,1,1,13,52.178299985826015,productcatalogservice|recommendationservice|checkoutservice|shippingservice|emailservice,productcatalogservice_latency,0.5833333333333334,4,4,0.6916666666666667,0.475,4,4,4,0.6935106382978723,baseline-v2-20260723,cd270e7871bd358937d83d9a49829637fa80007d2964084ef229f578e3733bd3,ba75425861a059dafcc477474fc3e4ed1eafdc2b47d6fdd0557337035d29a960,7e4a6dceaaa06989befadbc11eecfbdb6494e62ad368a7161cd07deea5f5dadc,2674275,1716143232000000000,300
OB/productcatalogservice_mem/1,OB,productcatalogservice,mem,1,300,300,incident,0.3,1,0.3,median_shift,2,0.5,0.8,0.08333333333333333,0,1,1,13,9.512999968137592,emailservice|productcatalogservice|recommendationservice|checkoutservice|shippingservice,emailservice_latency,0.5833333333333334,4,4,0.6916666666666667,0.475,4,4,4,0.6935106382978723,baseline-v2-20260723,cd270e7871bd358937d83d9a49829637fa80007d2964084ef229f578e3733bd3,ba75425861a059dafcc477474fc3e4ed1eafdc2b47d6fdd0557337035d29a960,7e4a6dceaaa06989befadbc11eecfbdb6494e62ad368a7161cd07deea5f5dadc,2674275,1716143232000000000,300
OB/productcatalogservice_mem/1,OB,productcatalogservice,mem,1,300,300,incident,0.3,1,0.3,nsigma,1,1.0,1.0,0.0,1,1,1,13,43.900799995753914,productcatalogservice|recommendationservice|checkoutservice|emailservice|shippingservice,productcatalogservice_latency,0.5833333333333334,4,4,0.6916666666666667,0.475,4,4,4,0.6935106382978723,baseline-v2-20260723,cd270e7871bd358937d83d9a49829637fa80007d2964084ef229f578e3733bd3,ba75425861a059dafcc477474fc3e4ed1eafdc2b47d6fdd0557337035d29a960,7e4a6dceaaa06989befadbc11eecfbdb6494e62ad368a7161cd07deea5f5dadc,2674275,1716143232000000000,300
OB/productcatalogservice_mem/1,OB,productcatalogservice,mem,1,300,300,incident,0.3,2,0.3,baro,1,1.0,1.0,0.0,1,1,1,13,53.406500024721026,productcatalogservice|recommendationservice|checkoutservice|shippingservice|emailservice,productcatalogservice_latency,0.5920833333333333,4,4,0.7133333333333334,0.4708333333333333,4,4,4,0.6929078014184397,baseline-v2-20260723,cd270e7871bd358937d83d9a49829637fa80007d2964084ef229f578e3733bd3,ba75425861a059dafcc477474fc3e4ed1eafdc2b47d6fdd0557337035d29a960,7e4a6dceaaa06989befadbc11eecfbdb6494e62ad368a7161cd07deea5f5dadc,2674275,1716143232000000000,300
OB/productcatalogservice_mem/1,OB,productcatalogservice,mem,1,300,300,incident,0.3,2,0.3,median_shift,2,0.5,0.8,0.08333333333333333,0,1,1,13,9.46450000628829,emailservice|productcatalogservice|recommendationservice|checkoutservice|shippingservice,emailservice_latency,0.5920833333333333,4,4,0.7133333333333334,0.4708333333333333,4,4,4,0.6929078014184397,baseline-v2-20260723,cd270e7871bd358937d83d9a49829637fa80007d2964084ef229f578e3733bd3,ba75425861a059dafcc477474fc3e4ed1eafdc2b47d6fdd0557337035d29a960,7e4a6dceaaa06989befadbc11eecfbdb6494e62ad368a7161cd07deea5f5dadc,2674275,1716143232000000000,300
OB/productcatalogservice_mem/1,OB,productcatalogservice,mem,1,300,300,incident,0.3,2,0.3,nsigma,1,1.0,1.0,0.0,1,1,1,13,43.3811999973841,productcatalogservice|recommendationservice|checkoutservice|emailservice|shippingservice,productcatalogservice_latency,0.5920833333333333,4,4,0.7133333333333334,0.4708333333333333,4,4,4,0.6929078014184397,baseline-v2-20260723,cd270e7871bd358937d83d9a49829637fa80007d2964084ef229f578e3733bd3,ba75425861a059dafcc477474fc3e4ed1eafdc2b47d6fdd0557337035d29a960,7e4a6dceaaa06989befadbc11eecfbdb6494e62ad368a7161cd07deea5f5dadc,2674275,1716143232000000000,300
OB/productcatalogservice_mem/1,OB,productcatalogservice,mem,1,300,300,incident,0.3,3,0.3,baro,1,1.0,1.0,0.0,1,1,1,13,54.85050001880154,productcatalogservice|recommendationservice|checkoutservice|shippingservice|emailservice,productcatalogservice_latency,0.5983333333333334,4,4,0.7166666666666667,0.48,4,4,4,0.6935815602836879,baseline-v2-20260723,cd270e7871bd358937d83d9a49829637fa80007d2964084ef229f578e3733bd3,ba75425861a059dafcc477474fc3e4ed1eafdc2b47d6fdd0557337035d29a960,7e4a6dceaaa06989befadbc11eecfbdb6494e62ad368a7161cd07deea5f5dadc,2674275,1716143232000000000,300
OB/productcatalogservice_mem/1,OB,productcatalogservice,mem,1,300,300,incident,0.3,3,0.3,median_shift,2,0.5,0.8,0.08333333333333333,0,1,1,13,9.281800012104213,emailservice|productcatalogservice|recommendationservice|checkoutservice|shippingservice,emailservice_latency,0.5983333333333334,4,4,0.7166666666666667,0.48,4,4,4,0.6935815602836879,baseline-v2-20260723,cd270e7871bd358937d83d9a49829637fa80007d2964084ef229f578e3733bd3,ba75425861a059dafcc477474fc3e4ed1eafdc2b47d6fdd0557337035d29a960,7e4a6dceaaa06989befadbc11eecfbdb6494e62ad368a7161cd07deea5f5dadc,2674275,1716143232000000000,300
OB/productcatalogservice_mem/1,OB,productcatalogservice,mem,1,300,300,incident,0.3,3,0.3,nsigma,1,1.0,1.0,0.0,1,1,1,13,43.51190000306815,productcatalogservice|recommendationservice|checkoutservice|emailservice|shippingservice,productcatalogservice_latency,0.5983333333333334,4,4,0.7166666666666667,0.48,4,4,4,0.6935815602836879,baseline-v2-20260723,cd270e7871bd358937d83d9a49829637fa80007d2964084ef229f578e3733bd3,ba75425861a059dafcc477474fc3e4ed1eafdc2b47d6fdd0557337035d29a960,7e4a6dceaaa06989befadbc11eecfbdb6494e62ad368a7161cd07deea5f5dadc,2674275,1716143232000000000,300
OB/productcatalogservice_mem/1,OB,productcatalogservice,mem,1,300,300,incident,0.3,4,0.3,baro,1,1.0,1.0,0.0,1,1,1,13,54.237700009252876,productcatalogservice|recommendationservice|checkoutservice|shippingservice|emailservice,productcatalogservice_latency,0.5933333333333334,4,4,0.695,0.49166666666666664,4,4,4,0.6943262411347517,baseline-v2-20260723,cd270e7871bd358937d83d9a49829637fa80007d2964084ef229f578e3733bd3,ba75425861a059dafcc477474fc3e4ed1eafdc2b47d6fdd0557337035d29a960,7e4a6dceaaa06989befadbc11eecfbdb6494e62ad368a7161cd07deea5f5dadc,2674275,1716143232000000000,300
OB/productcatalogservice_mem/1,OB,productcatalogservice,mem,1,300,300,incident,0.3,4,0.3,median_shift,2,0.5,0.8,0.08333333333333333,0,1,1,13,9.529299975838512,emailservice|productcatalogservice|recommendationservice|checkoutservice|shippingservice,emailservice_latency,0.5933333333333334,4,4,0.695,0.49166666666666664,4,4,4,0.6943262411347517,baseline-v2-20260723,cd270e7871bd358937d83d9a49829637fa80007d2964084ef229f578e3733bd3,ba75425861a059dafcc477474fc3e4ed1eafdc2b47d6fdd0557337035d29a960,7e4a6dceaaa06989befadbc11eecfbdb6494e62ad368a7161cd07deea5f5dadc,2674275,1716143232000000000,300
OB/productcatalogservice_mem/1,OB,productcatalogservice,mem,1,300,300,incident,0.3,4,0.3,nsigma,1,1.0,1.0,0.0,1,1,1,13,50.874500011559576,productcatalogservice|recommendationservice|checkoutservice|emailservice|shippingservice,productcatalogservice_latency,0.5933333333333334,4,4,0.695,0.49166666666666664,4,4,4,0.6943262411347517,baseline-v2-20260723,cd270e7871bd358937d83d9a49829637fa80007d2964084ef229f578e3733bd3,ba75425861a059dafcc477474fc3e4ed1eafdc2b47d6fdd0557337035d29a960,7e4a6dceaaa06989befadbc11eecfbdb6494e62ad368a7161cd07deea5f5dadc,2674275,1716143232000000000,300
OB/productcatalogservice_mem/1,OB,productcatalogservice,mem,1,300,300,incident,0.3,5,0.3,baro,1,1.0,1.0,0.0,1,1,1,13,68.26929998351261,productcatalogservice|recommendationservice|checkoutservice|emailservice|shippingservice,productcatalogservice_latency,0.5741666666666667,4,4,0.6775,0.4708333333333333,4,4,4,0.6932978723404255,baseline-v2-20260723,cd270e7871bd358937d83d9a49829637fa80007d2964084ef229f578e3733bd3,ba75425861a059dafcc477474fc3e4ed1eafdc2b47d6fdd0557337035d29a960,7e4a6dceaaa06989befadbc11eecfbdb6494e62ad368a7161cd07deea5f5dadc,2674275,1716143232000000000,300
OB/productcatalogservice_mem/1,OB,productcatalogservice,mem,1,300,300,incident,0.3,5,0.3,median_shift,2,0.5,0.8,0.08333333333333333,0,1,1,13,9.385799989104271,emailservice|productcatalogservice|recommendationservice|checkoutservice|shippingservice,emailservice_latency,0.5741666666666667,4,4,0.6775,0.4708333333333333,4,4,4,0.6932978723404255,baseline-v2-20260723,cd270e7871bd358937d83d9a49829637fa80007d2964084ef229f578e3733bd3,ba75425861a059dafcc477474fc3e4ed1eafdc2b47d6fdd0557337035d29a960,7e4a6dceaaa06989befadbc11eecfbdb6494e62ad368a7161cd07deea5f5dadc,2674275,1716143232000000000,300
OB/productcatalogservice_mem/1,OB,productcatalogservice,mem,1,300,300,incident,0.3,5,0.3,nsigma,1,1.0,1.0,0.0,1,1,1,13,49.890800029970706,productcatalogservice|recommendationservice|checkoutservice|emailservice|shippingservice,productcatalogservice_latency,0.5741666666666667,4,4,0.6775,0.4708333333333333,4,4,4,0.6932978723404255,baseline-v2-20260723,cd270e7871bd358937d83d9a49829637fa80007d2964084ef229f578e3733bd3,ba75425861a059dafcc477474fc3e4ed1eafdc2b47d6fdd0557337035d29a960,7e4a6dceaaa06989befadbc11eecfbdb6494e62ad368a7161cd07deea5f5dadc,2674275,1716143232000000000,300
OB/productcatalogservice_mem/1,OB,productcatalogservice,mem,1,300,300,incident,0.3,6,0.3,baro,1,1.0,1.0,0.0,1,1,1,13,70.3440000070259,productcatalogservice|recommendationservice|checkoutservice|emailservice|shippingservice,productcatalogservice_latency,0.5883333333333334,4,4,0.6883333333333334,0.48833333333333334,4,4,4,0.6937234042553192,baseline-v2-20260723,cd270e7871bd358937d83d9a49829637fa80007d2964084ef229f578e3733bd3,ba75425861a059dafcc477474fc3e4ed1eafdc2b47d6fdd0557337035d29a960,7e4a6dceaaa06989befadbc11eecfbdb6494e62ad368a7161cd07deea5f5dadc,2674275,1716143232000000000,300
OB/productcatalogservice_mem/1,OB,productcatalogservice,mem,1,300,300,incident,0.3,6,0.3,median_shift,2,0.5,0.8,0.08333333333333333,0,1,1,13,8.859599998686463,emailservice|productcatalogservice|recommendationservice|checkoutservice|shippingservice,emailservice_latency,0.5883333333333334,4,4,0.6883333333333334,0.48833333333333334,4,4,4,0.6937234042553192,baseline-v2-20260723,cd270e7871bd358937d83d9a49829637fa80007d2964084ef229f578e3733bd3,ba75425861a059dafcc477474fc3e4ed1eafdc2b47d6fdd0557337035d29a960,7e4a6dceaaa06989befadbc11eecfbdb6494e62ad368a7161cd07deea5f5dadc,2674275,1716143232000000000,300
OB/productcatalogservice_mem/1,OB,productcatalogservice,mem,1,300,300,incident,0.3,6,0.3,nsigma,1,1.0,1.0,0.0,1,1,1,13,57.147499988786876,productcatalogservice|recommendationservice|checkoutservice|emailservice|shippingservice,productcatalogservice_latency,0.5883333333333334,4,4,0.6883333333333334,0.48833333333333334,4,4,4,0.6937234042553192,baseline-v2-20260723,cd270e7871bd358937d83d9a49829637fa80007d2964084ef229f578e3733bd3,ba75425861a059dafcc477474fc3e4ed1eafdc2b47d6fdd0557337035d29a960,7e4a6dceaaa06989befadbc11eecfbdb6494e62ad368a7161cd07deea5f5dadc,2674275,1716143232000000000,300
OB/productcatalogservice_mem/1,OB,productcatalogservice,mem,1,300,300,incident,0.3,7,0.3,baro,1,1.0,1.0,0.0,1,1,1,13,53.47250000340864,productcatalogservice|recommendationservice|checkoutservice|shippingservice|emailservice,productcatalogservice_latency,0.5841666666666666,4,4,0.6966666666666667,0.4716666666666667,4,4,4,0.6933687943262411,baseline-v2-20260723,cd270e7871bd358937d83d9a49829637fa80007d2964084ef229f578e3733bd3,ba75425861a059dafcc477474fc3e4ed1eafdc2b47d6fdd0557337035d29a960,7e4a6dceaaa06989befadbc11eecfbdb6494e62ad368a7161cd07deea5f5dadc,2674275,1716143232000000000,300
OB/productcatalogservice_mem/1,OB,productcatalogservice,mem,1,300,300,incident,0.3,7,0.3,median_shift,2,0.5,0.8,0.08333333333333333,0,1,1,13,10.123100015334785,emailservice|productcatalogservice|recommendationservice|checkoutservice|shippingservice,emailservice_latency,0.5841666666666666,4,4,0.6966666666666667,0.4716666666666667,4,4,4,0.6933687943262411,baseline-v2-20260723,cd270e7871bd358937d83d9a49829637fa80007d2964084ef229f578e3733bd3,ba75425861a059dafcc477474fc3e4ed1eafdc2b47d6fdd0557337035d29a960,7e4a6dceaaa06989befadbc11eecfbdb6494e62ad368a7161cd07deea5f5dadc,2674275,1716143232000000000,300
OB/productcatalogservice_mem/1,OB,productcatalogservice,mem,1,300,300,incident,0.3,7,0.3,nsigma,1,1.0,1.0,0.0,1,1,1,13,42.121200007386506,productcatalogservice|recommendationservice|checkoutservice|emailservice|shippingservice,productcatalogservice_latency,0.5841666666666666,4,4,0.6966666666666667,0.4716666666666667,4,4,4,0.6933687943262411,baseline-v2-20260723,cd270e7871bd358937d83d9a49829637fa80007d2964084ef229f578e3733bd3,ba75425861a059dafcc477474fc3e4ed1eafdc2b47d6fdd0557337035d29a960,7e4a6dceaaa06989befadbc11eecfbdb6494e62ad368a7161cd07deea5f5dadc,2674275,1716143232000000000,300
OB/productcatalogservice_mem/1,OB,productcatalogservice,mem,1,300,300,incident,0.3,8,0.3,baro,1,1.0,1.0,0.0,1,1,1,13,55.89550000149757,productcatalogservice|recommendationservice|checkoutservice|emailservice|shippingservice,productcatalogservice_latency,0.5979166666666667,4,4,0.7075,0.48833333333333334,4,4,4,0.6942553191489361,baseline-v2-20260723,cd270e7871bd358937d83d9a49829637fa80007d2964084ef229f578e3733bd3,ba75425861a059dafcc477474fc3e4ed1eafdc2b47d6fdd0557337035d29a960,7e4a6dceaaa06989befadbc11eecfbdb6494e62ad368a7161cd07deea5f5dadc,2674275,1716143232000000000,300
OB/productcatalogservice_mem/1,OB,productcatalogservice,mem,1,300,300,incident,0.3,8,0.3,median_shift,2,0.5,0.8,0.08333333333333333,0,1,1,13,9.097900008782744,emailservice|productcatalogservice|recommendationservice|checkoutservice|shippingservice,emailservice_latency,0.5979166666666667,4,4,0.7075,0.48833333333333334,4,4,4,0.6942553191489361,baseline-v2-20260723,cd270e7871bd358937d83d9a49829637fa80007d2964084ef229f578e3733bd3,ba75425861a059dafcc477474fc3e4ed1eafdc2b47d6fdd0557337035d29a960,7e4a6dceaaa06989befadbc11eecfbdb6494e62ad368a7161cd07deea5f5dadc,2674275,1716143232000000000,300
OB/productcatalogservice_mem/1,OB,productcatalogservice,mem,1,300,300,incident,0.3,8,0.3,nsigma,1,1.0,1.0,0.0,1,1,1,13,43.484600028023124,productcatalogservice|recommendationservice|checkoutservice|emailservice|shippingservice,productcatalogservice_latency,0.5979166666666667,4,4,0.7075,0.48833333333333334,4,4,4,0.6942553191489361,baseline-v2-20260723,cd270e7871bd358937d83d9a49829637fa80007d2964084ef229f578e3733bd3,ba75425861a059dafcc477474fc3e4ed1eafdc2b47d6fdd0557337035d29a960,7e4a6dceaaa06989befadbc11eecfbdb6494e62ad368a7161cd07deea5f5dadc,2674275,1716143232000000000,300
OB/productcatalogservice_mem/1,OB,productcatalogservice,mem,1,300,300,incident,0.3,9,0.3,baro,1,1.0,1.0,0.0,1,1,1,13,69.20830003218725,productcatalogservice|recommendationservice|checkoutservice|shippingservice|emailservice,productcatalogservice_latency,0.5845833333333333,4,4,0.705,0.46416666666666667,4,4,4,0.693404255319149,baseline-v2-20260723,cd270e7871bd358937d83d9a49829637fa80007d2964084ef229f578e3733bd3,ba75425861a059dafcc477474fc3e4ed1eafdc2b47d6fdd0557337035d29a960,7e4a6dceaaa06989befadbc11eecfbdb6494e62ad368a7161cd07deea5f5dadc,2674275,1716143232000000000,300
OB/productcatalogservice_mem/1,OB,productcatalogservice,mem,1,300,300,incident,0.3,9,0.3,median_shift,2,0.5,0.8,0.08333333333333333,0,1,1,13,14.333500002976507,emailservice|productcatalogservice|recommendationservice|checkoutservice|shippingservice,emailservice_latency,0.5845833333333333,4,4,0.705,0.46416666666666667,4,4,4,0.693404255319149,baseline-v2-20260723,cd270e7871bd358937d83d9a49829637fa80007d2964084ef229f578e3733bd3,ba75425861a059dafcc477474fc3e4ed1eafdc2b47d6fdd0557337035d29a960,7e4a6dceaaa06989befadbc11eecfbdb6494e62ad368a7161cd07deea5f5dadc,2674275,1716143232000000000,300
OB/productcatalogservice_mem/1,OB,productcatalogservice,mem,1,300,300,incident,0.3,9,0.3,nsigma,1,1.0,1.0,0.0,1,1,1,13,63.198299962095916,productcatalogservice|recommendationservice|checkoutservice|emailservice|shippingservice,productcatalogservice_latency,0.5845833333333333,4,4,0.705,0.46416666666666667,4,4,4,0.693404255319149,baseline-v2-20260723,cd270e7871bd358937d83d9a49829637fa80007d2964084ef229f578e3733bd3,ba75425861a059dafcc477474fc3e4ed1eafdc2b47d6fdd0557337035d29a960,7e4a6dceaaa06989befadbc11eecfbdb6494e62ad368a7161cd07deea5f5dadc,2674275,1716143232000000000,300
OB/productcatalogservice_mem/1,OB,productcatalogservice,mem,1,300,300,incident,0.5,0,0.5,baro,4,0.25,0.4,0.25,0,0,1,13,57.25219997111708,cartservice|checkoutservice|adservice|productcatalogservice|frontend-external,cartservice_mem,0.33625,4,4,0.49333333333333335,0.17916666666666667,4,3,3,0.49024822695035464,baseline-v2-20260723,cd270e7871bd358937d83d9a49829637fa80007d2964084ef229f578e3733bd3,ba75425861a059dafcc477474fc3e4ed1eafdc2b47d6fdd0557337035d29a960,7e4a6dceaaa06989befadbc11eecfbdb6494e62ad368a7161cd07deea5f5dadc,2674275,1716143232000000000,300
OB/productcatalogservice_mem/1,OB,productcatalogservice,mem,1,300,300,incident,0.5,0,0.5,median_shift,11,0.09090909090909091,0.0,0.8333333333333334,0,0,0,13,8.91179998870939,frontend|cartservice|shippingservice|adservice|redis,frontend_mem,0.33625,4,4,0.49333333333333335,0.17916666666666667,4,3,3,0.49024822695035464,baseline-v2-20260723,cd270e7871bd358937d83d9a49829637fa80007d2964084ef229f578e3733bd3,ba75425861a059dafcc477474fc3e4ed1eafdc2b47d6fdd0557337035d29a960,7e4a6dceaaa06989befadbc11eecfbdb6494e62ad368a7161cd07deea5f5dadc,2674275,1716143232000000000,300
OB/productcatalogservice_mem/1,OB,productcatalogservice,mem,1,300,300,incident,0.5,0,0.5,nsigma,8,0.125,0.0,0.5833333333333334,0,0,0,13,41.38119996059686,adservice|frontend|emailservice|checkoutservice|currencyservice,adservice_mem,0.33625,4,4,0.49333333333333335,0.17916666666666667,4,3,3,0.49024822695035464,baseline-v2-20260723,cd270e7871bd358937d83d9a49829637fa80007d2964084ef229f578e3733bd3,ba75425861a059dafcc477474fc3e4ed1eafdc2b47d6fdd0557337035d29a960,7e4a6dceaaa06989befadbc11eecfbdb6494e62ad368a7161cd07deea5f5dadc,2674275,1716143232000000000,300
OB/productcatalogservice_mem/1,OB,productcatalogservice,mem,1,300,300,incident,0.5,1,0.5,baro,8,0.125,0.0,0.5833333333333334,0,0,0,13,50.28020002646372,frontend|adservice|cartservice|emailservice|checkoutservice,frontend_mem,0.34125,4,4,0.5016666666666667,0.18083333333333335,4,3,3,0.49,baseline-v2-20260723,cd270e7871bd358937d83d9a49829637fa80007d2964084ef229f578e3733bd3,ba75425861a059dafcc477474fc3e4ed1eafdc2b47d6fdd0557337035d29a960,7e4a6dceaaa06989befadbc11eecfbdb6494e62ad368a7161cd07deea5f5dadc,2674275,1716143232000000000,300
OB/productcatalogservice_mem/1,OB,productcatalogservice,mem,1,300,300,incident,0.5,1,0.5,median_shift,11,0.09090909090909091,0.0,0.8333333333333334,0,0,0,13,18.731300020590425,cartservice|currencyservice|frontend|shippingservice|adservice,cartservice_latency,0.34125,4,4,0.5016666666666667,0.18083333333333335,4,3,3,0.49,baseline-v2-20260723,cd270e7871bd358937d83d9a49829637fa80007d2964084ef229f578e3733bd3,ba75425861a059dafcc477474fc3e4ed1eafdc2b47d6fdd0557337035d29a960,7e4a6dceaaa06989befadbc11eecfbdb6494e62ad368a7161cd07deea5f5dadc,2674275,1716143232000000000,300
OB/productcatalogservice_mem/1,OB,productcatalogservice,mem,1,300,300,incident,0.5,1,0.5,nsigma,9,0.1111111111111111,0.0,0.6666666666666666,0,0,0,13,39.99289998319,frontend|adservice|emailservice|currencyservice|checkoutservice,frontend_mem,0.34125,4,4,0.5016666666666667,0.18083333333333335,4,3,3,0.49,baseline-v2-20260723,cd270e7871bd358937d83d9a49829637fa80007d2964084ef229f578e3733bd3,ba75425861a059dafcc477474fc3e4ed1eafdc2b47d6fdd0557337035d29a960,7e4a6dceaaa06989befadbc11eecfbdb6494e62ad368a7161cd07deea5f5dadc,2674275,1716143232000000000,300
OB/productcatalogservice_mem/1,OB,productcatalogservice,mem,1,300,300,incident,0.5,2,0.5,baro,8,0.125,0.0,0.5833333333333334,0,0,0,13,56.36430002050474,checkoutservice|cartservice|frontend|adservice|frontend-external,checkoutservice_load,0.3425,4,4,0.5075,0.1775,4,3,3,0.48904255319148937,baseline-v2-20260723,cd270e7871bd358937d83d9a49829637fa80007d2964084ef229f578e3733bd3,ba75425861a059dafcc477474fc3e4ed1eafdc2b47d6fdd0557337035d29a960,7e4a6dceaaa06989befadbc11eecfbdb6494e62ad368a7161cd07deea5f5dadc,2674275,1716143232000000000,300
OB/productcatalogservice_mem/1,OB,productcatalogservice,mem,1,300,300,incident,0.5,2,0.5,median_shift,11,0.09090909090909091,0.0,0.8333333333333334,0,0,0,13,17.852200020570308,cartservice|frontend|shippingservice|adservice|redis,cartservice_latency,0.3425,4,4,0.5075,0.1775,4,3,3,0.48904255319148937,baseline-v2-20260723,cd270e7871bd358937d83d9a49829637fa80007d2964084ef229f578e3733bd3,ba75425861a059dafcc477474fc3e4ed1eafdc2b47d6fdd0557337035d29a960,7e4a6dceaaa06989befadbc11eecfbdb6494e62ad368a7161cd07deea5f5dadc,2674275,1716143232000000000,300
OB/productcatalogservice_mem/1,OB,productcatalogservice,mem,1,300,300,incident,0.5,2,0.5,nsigma,10,0.1,0.0,0.75,0,0,0,13,51.88749998342246,adservice|frontend|emailservice|checkoutservice|currencyservice,adservice_mem,0.3425,4,4,0.5075,0.1775,4,3,3,0.48904255319148937,baseline-v2-20260723,cd270e7871bd358937d83d9a49829637fa80007d2964084ef229f578e3733bd3,ba75425861a059dafcc477474fc3e4ed1eafdc2b47d6fdd0557337035d29a960,7e4a6dceaaa06989befadbc11eecfbdb6494e62ad368a7161cd07deea5f5dadc,2674275,1716143232000000000,300
OB/productcatalogservice_mem/1,OB,productcatalogservice,mem,1,300,300,incident,0.5,3,0.5,baro,1,1.0,1.0,0.0,1,1,1,13,63.86309996014461,productcatalogservice|emailservice|cartservice|recommendationservice|checkoutservice,productcatalogservice_cpu,0.34125,4,4,0.49333333333333335,0.18916666666666668,4,3,3,0.48925531914893616,baseline-v2-20260723,cd270e7871bd358937d83d9a49829637fa80007d2964084ef229f578e3733bd3,ba75425861a059dafcc477474fc3e4ed1eafdc2b47d6fdd0557337035d29a960,7e4a6dceaaa06989befadbc11eecfbdb6494e62ad368a7161cd07deea5f5dadc,2674275,1716143232000000000,300
OB/productcatalogservice_mem/1,OB,productcatalogservice,mem,1,300,300,incident,0.5,3,0.5,median_shift,11,0.09090909090909091,0.0,0.8333333333333334,0,0,0,13,8.964600041508675,cartservice|shippingservice|adservice|redis|main,cartservice_latency,0.34125,4,4,0.49333333333333335,0.18916666666666668,4,3,3,0.48925531914893616,baseline-v2-20260723,cd270e7871bd358937d83d9a49829637fa80007d2964084ef229f578e3733bd3,ba75425861a059dafcc477474fc3e4ed1eafdc2b47d6fdd0557337035d29a960,7e4a6dceaaa06989befadbc11eecfbdb6494e62ad368a7161cd07deea5f5dadc,2674275,1716143232000000000,300
OB/productcatalogservice_mem/1,OB,productcatalogservice,mem,1,300,300,incident,0.5,3,0.5,nsigma,1,1.0,1.0,0.0,1,1,1,13,36.65670001646504,productcatalogservice|frontend|adservice|currencyservice|checkoutservice,productcatalogservice_cpu,0.34125,4,4,0.49333333333333335,0.18916666666666668,4,3,3,0.48925531914893616,baseline-v2-20260723,cd270e7871bd358937d83d9a49829637fa80007d2964084ef229f578e3733bd3,ba75425861a059dafcc477474fc3e4ed1eafdc2b47d6fdd0557337035d29a960,7e4a6dceaaa06989befadbc11eecfbdb6494e62ad368a7161cd07deea5f5dadc,2674275,1716143232000000000,300
OB/productcatalogservice_mem/1,OB,productcatalogservice,mem,1,300,300,incident,0.5,4,0.5,baro,5,0.2,0.2,0.3333333333333333,0,0,1,13,46.97730002226308,redis|adservice|frontend|checkoutservice|productcatalogservice,redis_mem,0.3308333333333333,4,4,0.47833333333333333,0.18333333333333332,4,3,3,0.4896099290780142,baseline-v2-20260723,cd270e7871bd358937d83d9a49829637fa80007d2964084ef229f578e3733bd3,ba75425861a059dafcc477474fc3e4ed1eafdc2b47d6fdd0557337035d29a960,7e4a6dceaaa06989befadbc11eecfbdb6494e62ad368a7161cd07deea5f5dadc,2674275,1716143232000000000,300
OB/productcatalogservice_mem/1,OB,productcatalogservice,mem,1,300,300,incident,0.5,4,0.5,median_shift,11,0.09090909090909091,0.0,0.8333333333333334,0,0,0,13,18.076599983032793,frontend|main|cartservice|shippingservice|adservice,frontend_mem,0.3308333333333333,4,4,0.47833333333333333,0.18333333333333332,4,3,3,0.4896099290780142,baseline-v2-20260723,cd270e7871bd358937d83d9a49829637fa80007d2964084ef229f578e3733bd3,ba75425861a059dafcc477474fc3e4ed1eafdc2b47d6fdd0557337035d29a960,7e4a6dceaaa06989befadbc11eecfbdb6494e62ad368a7161cd07deea5f5dadc,2674275,1716143232000000000,300
OB/productcatalogservice_mem/1,OB,productcatalogservice,mem,1,300,300,incident,0.5,4,0.5,nsigma,8,0.125,0.0,0.5833333333333334,0,0,0,13,55.37339998409152,adservice|frontend|checkoutservice|paymentservice|emailservice,adservice_mem,0.3308333333333333,4,4,0.47833333333333333,0.18333333333333332,4,3,3,0.4896099290780142,baseline-v2-20260723,cd270e7871bd358937d83d9a49829637fa80007d2964084ef229f578e3733bd3,ba75425861a059dafcc477474fc3e4ed1eafdc2b47d6fdd0557337035d29a960,7e4a6dceaaa06989befadbc11eecfbdb6494e62ad368a7161cd07deea5f5dadc,2674275,1716143232000000000,300
OB/productcatalogservice_mem/1,OB,productcatalogservice,mem,1,300,300,incident,0.5,5,0.5,baro,13,0.07692307692307693,0.0,1.0,0,0,0,13,58.83300001733005,redis|paymentservice|cartservice|adservice|frontend-external,redis_mem,0.33791666666666664,4,4,0.49916666666666665,0.17666666666666667,4,3,3,0.48914893617021277,baseline-v2-20260723,cd270e7871bd358937d83d9a49829637fa80007d2964084ef229f578e3733bd3,ba75425861a059dafcc477474fc3e4ed1eafdc2b47d6fdd0557337035d29a960,7e4a6dceaaa06989befadbc11eecfbdb6494e62ad368a7161cd07deea5f5dadc,2674275,1716143232000000000,300
OB/productcatalogservice_mem/1,OB,productcatalogservice,mem,1,300,300,incident,0.5,5,0.5,median_shift,11,0.09090909090909091,0.0,0.8333333333333334,0,0,0,13,16.77769998786971,frontend|cartservice|shippingservice|adservice|redis,frontend_mem,0.33791666666666664,4,4,0.49916666666666665,0.17666666666666667,4,3,3,0.48914893617021277,baseline-v2-20260723,cd270e7871bd358937d83d9a49829637fa80007d2964084ef229f578e3733bd3,ba75425861a059dafcc477474fc3e4ed1eafdc2b47d6fdd0557337035d29a960,7e4a6dceaaa06989befadbc11eecfbdb6494e62ad368a7161cd07deea5f5dadc,2674275,1716143232000000000,300
OB/productcatalogservice_mem/1,OB,productcatalogservice,mem,1,300,300,incident,0.5,5,0.5,nsigma,11,0.09090909090909091,0.0,0.8333333333333334,0,0,0,13,49.64009998366237,adservice|frontend|checkoutservice|emailservice|paymentservice,adservice_mem,0.33791666666666664,4,4,0.49916666666666665,0.17666666666666667,4,3,3,0.48914893617021277,baseline-v2-20260723,cd270e7871bd358937d83d9a49829637fa80007d2964084ef229f578e3733bd3,ba75425861a059dafcc477474fc3e4ed1eafdc2b47d6fdd0557337035d29a960,7e4a6dceaaa06989befadbc11eecfbdb6494e62ad368a7161cd07deea5f5dadc,2674275,1716143232000000000,300
OB/productcatalogservice_mem/1,OB,productcatalogservice,mem,1,300,300,incident,0.5,6,0.5,baro,10,0.1,0.0,0.75,0,0,0,13,68.500800000038,main|recommendationservice|frontend-external|adservice|frontend,main_mem,0.34208333333333335,4,4,0.505,0.17916666666666667,4,3,3,0.48911347517730497,baseline-v2-20260723,cd270e7871bd358937d83d9a49829637fa80007d2964084ef229f578e3733bd3,ba75425861a059dafcc477474fc3e4ed1eafdc2b47d6fdd0557337035d29a960,7e4a6dceaaa06989befadbc11eecfbdb6494e62ad368a7161cd07deea5f5dadc,2674275,1716143232000000000,300
OB/productcatalogservice_mem/1,OB,productcatalogservice,mem,1,300,300,incident,0.5,6,0.5,median_shift,9,0.1111111111111111,0.0,0.6666666666666666,0,0,0,13,9.293399984017015,frontend|cartservice|shippingservice|adservice|redis,frontend_mem,0.34208333333333335,4,4,0.505,0.17916666666666667,4,3,3,0.48911347517730497,baseline-v2-20260723,cd270e7871bd358937d83d9a49829637fa80007d2964084ef229f578e3733bd3,ba75425861a059dafcc477474fc3e4ed1eafdc2b47d6fdd0557337035d29a960,7e4a6dceaaa06989befadbc11eecfbdb6494e62ad368a7161cd07deea5f5dadc,2674275,1716143232000000000,300
OB/productcatalogservice_mem/1,OB,productcatalogservice,mem,1,300,300,incident,0.5,6,0.5,nsigma,11,0.09090909090909091,0.0,0.8333333333333334,0,0,0,13,53.714999987278134,main|frontend|adservice|checkoutservice|emailservice,main_mem,0.34208333333333335,4,4,0.505,0.17916666666666667,4,3,3,0.48911347517730497,baseline-v2-20260723,cd270e7871bd358937d83d9a49829637fa80007d2964084ef229f578e3733bd3,ba75425861a059dafcc477474fc3e4ed1eafdc2b47d6fdd0557337035d29a960,7e4a6dceaaa06989befadbc11eecfbdb6494e62ad368a7161cd07deea5f5dadc,2674275,1716143232000000000,300
OB/productcatalogservice_mem/1,OB,productcatalogservice,mem,1,300,300,incident,0.5,7,0.5,baro,6,0.16666666666666666,0.0,0.4166666666666667,0,0,0,13,61.7175999796018,redis|checkoutservice|frontend-external|adservice|cartservice,redis_mem,0.33375,4,4,0.48833333333333334,0.17916666666666667,4,3,3,0.4897872340425532,baseline-v2-20260723,cd270e7871bd358937d83d9a49829637fa80007d2964084ef229f578e3733bd3,ba75425861a059dafcc477474fc3e4ed1eafdc2b47d6fdd0557337035d29a960,7e4a6dceaaa06989befadbc11eecfbdb6494e62ad368a7161cd07deea5f5dadc,2674275,1716143232000000000,300
OB/productcatalogservice_mem/1,OB,productcatalogservice,mem,1,300,300,incident,0.5,7,0.5,median_shift,12,0.08333333333333333,0.0,0.9166666666666666,0,0,0,13,16.48589997785166,frontend|cartservice|shippingservice|adservice|redis,frontend_mem,0.33375,4,4,0.48833333333333334,0.17916666666666667,4,3,3,0.4897872340425532,baseline-v2-20260723,cd270e7871bd358937d83d9a49829637fa80007d2964084ef229f578e3733bd3,ba75425861a059dafcc477474fc3e4ed1eafdc2b47d6fdd0557337035d29a960,7e4a6dceaaa06989befadbc11eecfbdb6494e62ad368a7161cd07deea5f5dadc,2674275,1716143232000000000,300
OB/productcatalogservice_mem/1,OB,productcatalogservice,mem,1,300,300,incident,0.5,7,0.5,nsigma,10,0.1,0.0,0.75,0,0,0,13,41.80379997706041,adservice|frontend|checkoutservice|paymentservice|shippingservice,adservice_mem,0.33375,4,4,0.48833333333333334,0.17916666666666667,4,3,3,0.4897872340425532,baseline-v2-20260723,cd270e7871bd358937d83d9a49829637fa80007d2964084ef229f578e3733bd3,ba75425861a059dafcc477474fc3e4ed1eafdc2b47d6fdd0557337035d29a960,7e4a6dceaaa06989befadbc11eecfbdb6494e62ad368a7161cd07deea5f5dadc,2674275,1716143232000000000,300
OB/productcatalogservice_mem/1,OB,productcatalogservice,mem,1,300,300,incident,0.5,8,0.5,baro,5,0.2,0.2,0.3333333333333333,0,0,1,13,48.36070002056658,frontend|paymentservice|adservice|checkoutservice|productcatalogservice,frontend_load,0.35,4,4,0.5191666666666667,0.18083333333333335,4,3,3,0.48925531914893616,baseline-v2-20260723,cd270e7871bd358937d83d9a49829637fa80007d2964084ef229f578e3733bd3,ba75425861a059dafcc477474fc3e4ed1eafdc2b47d6fdd0557337035d29a960,7e4a6dceaaa06989befadbc11eecfbdb6494e62ad368a7161cd07deea5f5dadc,2674275,1716143232000000000,300
OB/productcatalogservice_mem/1,OB,productcatalogservice,mem,1,300,300,incident,0.5,8,0.5,median_shift,11,0.09090909090909091,0.0,0.8333333333333334,0,0,0,13,9.875499992631376,cartservice|currencyservice|frontend|shippingservice|adservice,cartservice_latency,0.35,4,4,0.5191666666666667,0.18083333333333335,4,3,3,0.48925531914893616,baseline-v2-20260723,cd270e7871bd358937d83d9a49829637fa80007d2964084ef229f578e3733bd3,ba75425861a059dafcc477474fc3e4ed1eafdc2b47d6fdd0557337035d29a960,7e4a6dceaaa06989befadbc11eecfbdb6494e62ad368a7161cd07deea5f5dadc,2674275,1716143232000000000,300
OB/productcatalogservice_mem/1,OB,productcatalogservice,mem,1,300,300,incident,0.5,8,0.5,nsigma,10,0.1,0.0,0.75,0,0,0,13,46.30940000060946,adservice|frontend|emailservice|checkoutservice|shippingservice,adservice_mem,0.35,4,4,0.5191666666666667,0.18083333333333335,4,3,3,0.48925531914893616,baseline-v2-20260723,cd270e7871bd358937d83d9a49829637fa80007d2964084ef229f578e3733bd3,ba75425861a059dafcc477474fc3e4ed1eafdc2b47d6fdd0557337035d29a960,7e4a6dceaaa06989befadbc11eecfbdb6494e62ad368a7161cd07deea5f5dadc,2674275,1716143232000000000,300
OB/productcatalogservice_mem/1,OB,productcatalogservice,mem,1,300,300,incident,0.5,9,0.5,baro,11,0.09090909090909091,0.0,0.8333333333333334,0,0,0,13,46.157300006598234,checkoutservice|frontend|frontend-external|adservice|currencyservice,checkoutservice_load,0.34541666666666665,4,4,0.5091666666666667,0.18166666666666667,4,3,3,0.48914893617021277,baseline-v2-20260723,cd270e7871bd358937d83d9a49829637fa80007d2964084ef229f578e3733bd3,ba75425861a059dafcc477474fc3e4ed1eafdc2b47d6fdd0557337035d29a960,7e4a6dceaaa06989befadbc11eecfbdb6494e62ad368a7161cd07deea5f5dadc,2674275,1716143232000000000,300
OB/productcatalogservice_mem/1,OB,productcatalogservice,mem,1,300,300,incident,0.5,9,0.5,median_shift,11,0.09090909090909091,0.0,0.8333333333333334,0,0,0,13,9.72229999024421,cartservice|frontend|shippingservice|main|adservice,cartservice_latency,0.34541666666666665,4,4,0.5091666666666667,0.18166666666666667,4,3,3,0.48914893617021277,baseline-v2-20260723,cd270e7871bd358937d83d9a49829637fa80007d2964084ef229f578e3733bd3,ba75425861a059dafcc477474fc3e4ed1eafdc2b47d6fdd0557337035d29a960,7e4a6dceaaa06989befadbc11eecfbdb6494e62ad368a7161cd07deea5f5dadc,2674275,1716143232000000000,300
OB/productcatalogservice_mem/1,OB,productcatalogservice,mem,1,300,300,incident,0.5,9,0.5,nsigma,10,0.1,0.0,0.75,0,0,0,13,38.13529998296872,frontend|adservice|checkoutservice|shippingservice|currencyservice,frontend_mem,0.34541666666666665,4,4,0.5091666666666667,0.18166666666666667,4,3,3,0.48914893617021277,baseline-v2-20260723,cd270e7871bd358937d83d9a49829637fa80007d2964084ef229f578e3733bd3,ba75425861a059dafcc477474fc3e4ed1eafdc2b47d6fdd0557337035d29a960,7e4a6dceaaa06989befadbc11eecfbdb6494e62ad368a7161cd07deea5f5dadc,2674275,1716143232000000000,300
OB/productcatalogservice_mem/1,OB,productcatalogservice,mem,1,300,300,none,0.0,0,0.0,baro,1,1.0,1.0,0.0,1,1,1,13,82.55289995577186,productcatalogservice|recommendationservice|checkoutservice|shippingservice|emailservice,productcatalogservice_latency,1.0,4,4,1.0,1.0,4,4,4,1.0,baseline-v2-20260723,cd270e7871bd358937d83d9a49829637fa80007d2964084ef229f578e3733bd3,ba75425861a059dafcc477474fc3e4ed1eafdc2b47d6fdd0557337035d29a960,7e4a6dceaaa06989befadbc11eecfbdb6494e62ad368a7161cd07deea5f5dadc,2674275,1716143232000000000,300
OB/productcatalogservice_mem/1,OB,productcatalogservice,mem,1,300,300,none,0.0,0,0.0,median_shift,2,0.5,0.8,0.08333333333333333,0,1,1,13,9.014999959617853,emailservice|productcatalogservice|recommendationservice|checkoutservice|shippingservice,emailservice_latency,1.0,4,4,1.0,1.0,4,4,4,1.0,baseline-v2-20260723,cd270e7871bd358937d83d9a49829637fa80007d2964084ef229f578e3733bd3,ba75425861a059dafcc477474fc3e4ed1eafdc2b47d6fdd0557337035d29a960,7e4a6dceaaa06989befadbc11eecfbdb6494e62ad368a7161cd07deea5f5dadc,2674275,1716143232000000000,300
OB/productcatalogservice_mem/1,OB,productcatalogservice,mem,1,300,300,none,0.0,0,0.0,nsigma,1,1.0,1.0,0.0,1,1,1,13,45.03209999529645,productcatalogservice|recommendationservice|checkoutservice|emailservice|shippingservice,productcatalogservice_latency,1.0,4,4,1.0,1.0,4,4,4,1.0,baseline-v2-20260723,cd270e7871bd358937d83d9a49829637fa80007d2964084ef229f578e3733bd3,ba75425861a059dafcc477474fc3e4ed1eafdc2b47d6fdd0557337035d29a960,7e4a6dceaaa06989befadbc11eecfbdb6494e62ad368a7161cd07deea5f5dadc,2674275,1716143232000000000,300
OB/productcatalogservice_mem/1,OB,productcatalogservice,mem,1,300,300,point,0.1,0,0.1,baro,1,1.0,1.0,0.0,1,1,1,13,61.55280000530183,productcatalogservice|recommendationservice|checkoutservice|shippingservice|emailservice,productcatalogservice_latency,0.8995833333333333,4,4,0.8991666666666667,0.9,4,4,4,0.9002482269503546,baseline-v2-20260723,cd270e7871bd358937d83d9a49829637fa80007d2964084ef229f578e3733bd3,ba75425861a059dafcc477474fc3e4ed1eafdc2b47d6fdd0557337035d29a960,7e4a6dceaaa06989befadbc11eecfbdb6494e62ad368a7161cd07deea5f5dadc,2674275,1716143232000000000,300
OB/productcatalogservice_mem/1,OB,productcatalogservice,mem,1,300,300,point,0.1,0,0.1,median_shift,2,0.5,0.8,0.08333333333333333,0,1,1,13,9.206299961078912,emailservice|productcatalogservice|recommendationservice|checkoutservice|shippingservice,emailservice_latency,0.8995833333333333,4,4,0.8991666666666667,0.9,4,4,4,0.9002482269503546,baseline-v2-20260723,cd270e7871bd358937d83d9a49829637fa80007d2964084ef229f578e3733bd3,ba75425861a059dafcc477474fc3e4ed1eafdc2b47d6fdd0557337035d29a960,7e4a6dceaaa06989befadbc11eecfbdb6494e62ad368a7161cd07deea5f5dadc,2674275,1716143232000000000,300
OB/productcatalogservice_mem/1,OB,productcatalogservice,mem,1,300,300,point,0.1,0,0.1,nsigma,1,1.0,1.0,0.0,1,1,1,13,53.51070000324398,productcatalogservice|recommendationservice|checkoutservice|emailservice|shippingservice,productcatalogservice_latency,0.8995833333333333,4,4,0.8991666666666667,0.9,4,4,4,0.9002482269503546,baseline-v2-20260723,cd270e7871bd358937d83d9a49829637fa80007d2964084ef229f578e3733bd3,ba75425861a059dafcc477474fc3e4ed1eafdc2b47d6fdd0557337035d29a960,7e4a6dceaaa06989befadbc11eecfbdb6494e62ad368a7161cd07deea5f5dadc,2674275,1716143232000000000,300
OB/productcatalogservice_mem/1,OB,productcatalogservice,mem,1,300,300,point,0.1,1,0.1,baro,1,1.0,1.0,0.0,1,1,1,13,53.485299984458834,productcatalogservice|recommendationservice|checkoutservice|shippingservice|emailservice,productcatalogservice_latency,0.8954166666666666,4,4,0.9075,0.8833333333333333,4,4,4,0.9,baseline-v2-20260723,cd270e7871bd358937d83d9a49829637fa80007d2964084ef229f578e3733bd3,ba75425861a059dafcc477474fc3e4ed1eafdc2b47d6fdd0557337035d29a960,7e4a6dceaaa06989befadbc11eecfbdb6494e62ad368a7161cd07deea5f5dadc,2674275,1716143232000000000,300
OB/productcatalogservice_mem/1,OB,productcatalogservice,mem,1,300,300,point,0.1,1,0.1,median_shift,2,0.5,0.8,0.08333333333333333,0,1,1,13,9.053699963260442,emailservice|productcatalogservice|recommendationservice|checkoutservice|shippingservice,emailservice_latency,0.8954166666666666,4,4,0.9075,0.8833333333333333,4,4,4,0.9,baseline-v2-20260723,cd270e7871bd358937d83d9a49829637fa80007d2964084ef229f578e3733bd3,ba75425861a059dafcc477474fc3e4ed1eafdc2b47d6fdd0557337035d29a960,7e4a6dceaaa06989befadbc11eecfbdb6494e62ad368a7161cd07deea5f5dadc,2674275,1716143232000000000,300
OB/productcatalogservice_mem/1,OB,productcatalogservice,mem,1,300,300,point,0.1,1,0.1,nsigma,1,1.0,1.0,0.0,1,1,1,13,42.70419996464625,productcatalogservice|recommendationservice|checkoutservice|emailservice|shippingservice,productcatalogservice_latency,0.8954166666666666,4,4,0.9075,0.8833333333333333,4,4,4,0.9,baseline-v2-20260723,cd270e7871bd358937d83d9a49829637fa80007d2964084ef229f578e3733bd3,ba75425861a059dafcc477474fc3e4ed1eafdc2b47d6fdd0557337035d29a960,7e4a6dceaaa06989befadbc11eecfbdb6494e62ad368a7161cd07deea5f5dadc,2674275,1716143232000000000,300
OB/productcatalogservice_mem/1,OB,productcatalogservice,mem,1,300,300,point,0.1,2,0.1,baro,1,1.0,1.0,0.0,1,1,1,13,67.75579997338355,productcatalogservice|recommendationservice|checkoutservice|shippingservice|emailservice,productcatalogservice_latency,0.9075,4,4,0.915,0.9,4,4,4,0.9005319148936171,baseline-v2-20260723,cd270e7871bd358937d83d9a49829637fa80007d2964084ef229f578e3733bd3,ba75425861a059dafcc477474fc3e4ed1eafdc2b47d6fdd0557337035d29a960,7e4a6dceaaa06989befadbc11eecfbdb6494e62ad368a7161cd07deea5f5dadc,2674275,1716143232000000000,300
OB/productcatalogservice_mem/1,OB,productcatalogservice,mem,1,300,300,point,0.1,2,0.1,median_shift,2,0.5,0.8,0.08333333333333333,0,1,1,13,8.65689996862784,emailservice|productcatalogservice|recommendationservice|checkoutservice|shippingservice,emailservice_latency,0.9075,4,4,0.915,0.9,4,4,4,0.9005319148936171,baseline-v2-20260723,cd270e7871bd358937d83d9a49829637fa80007d2964084ef229f578e3733bd3,ba75425861a059dafcc477474fc3e4ed1eafdc2b47d6fdd0557337035d29a960,7e4a6dceaaa06989befadbc11eecfbdb6494e62ad368a7161cd07deea5f5dadc,2674275,1716143232000000000,300
OB/productcatalogservice_mem/1,OB,productcatalogservice,mem,1,300,300,point,0.1,2,0.1,nsigma,1,1.0,1.0,0.0,1,1,1,13,60.88630005251616,productcatalogservice|recommendationservice|checkoutservice|emailservice|shippingservice,productcatalogservice_latency,0.9075,4,4,0.915,0.9,4,4,4,0.9005319148936171,baseline-v2-20260723,cd270e7871bd358937d83d9a49829637fa80007d2964084ef229f578e3733bd3,ba75425861a059dafcc477474fc3e4ed1eafdc2b47d6fdd0557337035d29a960,7e4a6dceaaa06989befadbc11eecfbdb6494e62ad368a7161cd07deea5f5dadc,2674275,1716143232000000000,300
OB/productcatalogservice_mem/1,OB,productcatalogservice,mem,1,300,300,point,0.1,3,0.1,baro,1,1.0,1.0,0.0,1,1,1,13,56.63750000530854,productcatalogservice|recommendationservice|checkoutservice|shippingservice|emailservice,productcatalogservice_latency,0.9025,4,4,0.8975,0.9075,4,4,4,0.9002482269503546,baseline-v2-20260723,cd270e7871bd358937d83d9a49829637fa80007d2964084ef229f578e3733bd3,ba75425861a059dafcc477474fc3e4ed1eafdc2b47d6fdd0557337035d29a960,7e4a6dceaaa06989befadbc11eecfbdb6494e62ad368a7161cd07deea5f5dadc,2674275,1716143232000000000,300
OB/productcatalogservice_mem/1,OB,productcatalogservice,mem,1,300,300,point,0.1,3,0.1,median_shift,2,0.5,0.8,0.08333333333333333,0,1,1,13,9.289100009482354,emailservice|productcatalogservice|recommendationservice|checkoutservice|shippingservice,emailservice_latency,0.9025,4,4,0.8975,0.9075,4,4,4,0.9002482269503546,baseline-v2-20260723,cd270e7871bd358937d83d9a49829637fa80007d2964084ef229f578e3733bd3,ba75425861a059dafcc477474fc3e4ed1eafdc2b47d6fdd0557337035d29a960,7e4a6dceaaa06989befadbc11eecfbdb6494e62ad368a7161cd07deea5f5dadc,2674275,1716143232000000000,300
OB/productcatalogservice_mem/1,OB,productcatalogservice,mem,1,300,300,point,0.1,3,0.1,nsigma,1,1.0,1.0,0.0,1,1,1,13,58.7707000086084,productcatalogservice|recommendationservice|checkoutservice|emailservice|shippingservice,productcatalogservice_latency,0.9025,4,4,0.8975,0.9075,4,4,4,0.9002482269503546,baseline-v2-20260723,cd270e7871bd358937d83d9a49829637fa80007d2964084ef229f578e3733bd3,ba75425861a059dafcc477474fc3e4ed1eafdc2b47d6fdd0557337035d29a960,7e4a6dceaaa06989befadbc11eecfbdb6494e62ad368a7161cd07deea5f5dadc,2674275,1716143232000000000,300
OB/productcatalogservice_mem/1,OB,productcatalogservice,mem,1,300,300,point,0.1,4,0.1,baro,1,1.0,1.0,0.0,1,1,1,13,53.53370000375435,productcatalogservice|recommendationservice|checkoutservice|shippingservice|emailservice,productcatalogservice_latency,0.9008333333333334,4,4,0.9,0.9016666666666666,4,4,4,0.8995390070921986,baseline-v2-20260723,cd270e7871bd358937d83d9a49829637fa80007d2964084ef229f578e3733bd3,ba75425861a059dafcc477474fc3e4ed1eafdc2b47d6fdd0557337035d29a960,7e4a6dceaaa06989befadbc11eecfbdb6494e62ad368a7161cd07deea5f5dadc,2674275,1716143232000000000,300
OB/productcatalogservice_mem/1,OB,productcatalogservice,mem,1,300,300,point,0.1,4,0.1,median_shift,2,0.5,0.8,0.08333333333333333,0,1,1,13,9.354999987408519,emailservice|productcatalogservice|recommendationservice|checkoutservice|shippingservice,emailservice_latency,0.9008333333333334,4,4,0.9,0.9016666666666666,4,4,4,0.8995390070921986,baseline-v2-20260723,cd270e7871bd358937d83d9a49829637fa80007d2964084ef229f578e3733bd3,ba75425861a059dafcc477474fc3e4ed1eafdc2b47d6fdd0557337035d29a960,7e4a6dceaaa06989befadbc11eecfbdb6494e62ad368a7161cd07deea5f5dadc,2674275,1716143232000000000,300
OB/productcatalogservice_mem/1,OB,productcatalogservice,mem,1,300,300,point,0.1,4,0.1,nsigma,1,1.0,1.0,0.0,1,1,1,13,52.597699977923185,productcatalogservice|recommendationservice|checkoutservice|emailservice|shippingservice,productcatalogservice_latency,0.9008333333333334,4,4,0.9,0.9016666666666666,4,4,4,0.8995390070921986,baseline-v2-20260723,cd270e7871bd358937d83d9a49829637fa80007d2964084ef229f578e3733bd3,ba75425861a059dafcc477474fc3e4ed1eafdc2b47d6fdd0557337035d29a960,7e4a6dceaaa06989befadbc11eecfbdb6494e62ad368a7161cd07deea5f5dadc,2674275,1716143232000000000,300
OB/productcatalogservice_mem/1,OB,productcatalogservice,mem,1,300,300,point,0.1,5,0.1,baro,1,1.0,1.0,0.0,1,1,1,13,58.44669998623431,productcatalogservice|recommendationservice|checkoutservice|shippingservice|emailservice,productcatalogservice_latency,0.9020833333333333,4,4,0.9041666666666667,0.9,4,4,4,0.9003900709219859,baseline-v2-20260723,cd270e7871bd358937d83d9a49829637fa80007d2964084ef229f578e3733bd3,ba75425861a059dafcc477474fc3e4ed1eafdc2b47d6fdd0557337035d29a960,7e4a6dceaaa06989befadbc11eecfbdb6494e62ad368a7161cd07deea5f5dadc,2674275,1716143232000000000,300
OB/productcatalogservice_mem/1,OB,productcatalogservice,mem,1,300,300,point,0.1,5,0.1,median_shift,2,0.5,0.8,0.08333333333333333,0,1,1,13,15.619400015566498,emailservice|productcatalogservice|recommendationservice|checkoutservice|shippingservice,emailservice_latency,0.9020833333333333,4,4,0.9041666666666667,0.9,4,4,4,0.9003900709219859,baseline-v2-20260723,cd270e7871bd358937d83d9a49829637fa80007d2964084ef229f578e3733bd3,ba75425861a059dafcc477474fc3e4ed1eafdc2b47d6fdd0557337035d29a960,7e4a6dceaaa06989befadbc11eecfbdb6494e62ad368a7161cd07deea5f5dadc,2674275,1716143232000000000,300
OB/productcatalogservice_mem/1,OB,productcatalogservice,mem,1,300,300,point,0.1,5,0.1,nsigma,1,1.0,1.0,0.0,1,1,1,13,67.48540000990033,productcatalogservice|recommendationservice|checkoutservice|emailservice|shippingservice,productcatalogservice_latency,0.9020833333333333,4,4,0.9041666666666667,0.9,4,4,4,0.9003900709219859,baseline-v2-20260723,cd270e7871bd358937d83d9a49829637fa80007d2964084ef229f578e3733bd3,ba75425861a059dafcc477474fc3e4ed1eafdc2b47d6fdd0557337035d29a960,7e4a6dceaaa06989befadbc11eecfbdb6494e62ad368a7161cd07deea5f5dadc,2674275,1716143232000000000,300
OB/productcatalogservice_mem/1,OB,productcatalogservice,mem,1,300,300,point,0.1,6,0.1,baro,1,1.0,1.0,0.0,1,1,1,13,53.41599998064339,productcatalogservice|recommendationservice|checkoutservice|shippingservice|emailservice,productcatalogservice_latency,0.9020833333333333,4,4,0.8925,0.9116666666666666,4,4,4,0.8999290780141844,baseline-v2-20260723,cd270e7871bd358937d83d9a49829637fa80007d2964084ef229f578e3733bd3,ba75425861a059dafcc477474fc3e4ed1eafdc2b47d6fdd0557337035d29a960,7e4a6dceaaa06989befadbc11eecfbdb6494e62ad368a7161cd07deea5f5dadc,2674275,1716143232000000000,300
OB/productcatalogservice_mem/1,OB,productcatalogservice,mem,1,300,300,point,0.1,6,0.1,median_shift,2,0.5,0.8,0.08333333333333333,0,1,1,13,9.062399971298873,emailservice|productcatalogservice|recommendationservice|checkoutservice|shippingservice,emailservice_latency,0.9020833333333333,4,4,0.8925,0.9116666666666666,4,4,4,0.8999290780141844,baseline-v2-20260723,cd270e7871bd358937d83d9a49829637fa80007d2964084ef229f578e3733bd3,ba75425861a059dafcc477474fc3e4ed1eafdc2b47d6fdd0557337035d29a960,7e4a6dceaaa06989befadbc11eecfbdb6494e62ad368a7161cd07deea5f5dadc,2674275,1716143232000000000,300
OB/productcatalogservice_mem/1,OB,productcatalogservice,mem,1,300,300,point,0.1,6,0.1,nsigma,1,1.0,1.0,0.0,1,1,1,13,55.818699998781085,productcatalogservice|recommendationservice|checkoutservice|emailservice|shippingservice,productcatalogservice_latency,0.9020833333333333,4,4,0.8925,0.9116666666666666,4,4,4,0.8999290780141844,baseline-v2-20260723,cd270e7871bd358937d83d9a49829637fa80007d2964084ef229f578e3733bd3,ba75425861a059dafcc477474fc3e4ed1eafdc2b47d6fdd0557337035d29a960,7e4a6dceaaa06989befadbc11eecfbdb6494e62ad368a7161cd07deea5f5dadc,2674275,1716143232000000000,300
OB/productcatalogservice_mem/1,OB,productcatalogservice,mem,1,300,300,point,0.1,7,0.1,baro,1,1.0,1.0,0.0,1,1,1,13,53.32710000220686,productcatalogservice|recommendationservice|checkoutservice|shippingservice|emailservice,productcatalogservice_latency,0.8991666666666667,4,4,0.8933333333333333,0.905,4,4,4,0.8995390070921986,baseline-v2-20260723,cd270e7871bd358937d83d9a49829637fa80007d2964084ef229f578e3733bd3,ba75425861a059dafcc477474fc3e4ed1eafdc2b47d6fdd0557337035d29a960,7e4a6dceaaa06989befadbc11eecfbdb6494e62ad368a7161cd07deea5f5dadc,2674275,1716143232000000000,300
OB/productcatalogservice_mem/1,OB,productcatalogservice,mem,1,300,300,point,0.1,7,0.1,median_shift,2,0.5,0.8,0.08333333333333333,0,1,1,13,9.064000041689724,emailservice|productcatalogservice|recommendationservice|checkoutservice|shippingservice,emailservice_latency,0.8991666666666667,4,4,0.8933333333333333,0.905,4,4,4,0.8995390070921986,baseline-v2-20260723,cd270e7871bd358937d83d9a49829637fa80007d2964084ef229f578e3733bd3,ba75425861a059dafcc477474fc3e4ed1eafdc2b47d6fdd0557337035d29a960,7e4a6dceaaa06989befadbc11eecfbdb6494e62ad368a7161cd07deea5f5dadc,2674275,1716143232000000000,300
OB/productcatalogservice_mem/1,OB,productcatalogservice,mem,1,300,300,point,0.1,7,0.1,nsigma,1,1.0,1.0,0.0,1,1,1,13,44.019300024956465,productcatalogservice|recommendationservice|checkoutservice|emailservice|shippingservice,productcatalogservice_latency,0.8991666666666667,4,4,0.8933333333333333,0.905,4,4,4,0.8995390070921986,baseline-v2-20260723,cd270e7871bd358937d83d9a49829637fa80007d2964084ef229f578e3733bd3,ba75425861a059dafcc477474fc3e4ed1eafdc2b47d6fdd0557337035d29a960,7e4a6dceaaa06989befadbc11eecfbdb6494e62ad368a7161cd07deea5f5dadc,2674275,1716143232000000000,300
OB/productcatalogservice_mem/1,OB,productcatalogservice,mem,1,300,300,point,0.1,8,0.1,baro,1,1.0,1.0,0.0,1,1,1,13,52.901299961376935,productcatalogservice|recommendationservice|checkoutservice|shippingservice|emailservice,productcatalogservice_latency,0.905,4,4,0.9033333333333333,0.9066666666666666,4,4,4,0.9000709219858156,baseline-v2-20260723,cd270e7871bd358937d83d9a49829637fa80007d2964084ef229f578e3733bd3,ba75425861a059dafcc477474fc3e4ed1eafdc2b47d6fdd0557337035d29a960,7e4a6dceaaa06989befadbc11eecfbdb6494e62ad368a7161cd07deea5f5dadc,2674275,1716143232000000000,300
OB/productcatalogservice_mem/1,OB,productcatalogservice,mem,1,300,300,point,0.1,8,0.1,median_shift,2,0.5,0.8,0.08333333333333333,0,1,1,13,9.266500012017787,emailservice|productcatalogservice|recommendationservice|checkoutservice|shippingservice,emailservice_latency,0.905,4,4,0.9033333333333333,0.9066666666666666,4,4,4,0.9000709219858156,baseline-v2-20260723,cd270e7871bd358937d83d9a49829637fa80007d2964084ef229f578e3733bd3,ba75425861a059dafcc477474fc3e4ed1eafdc2b47d6fdd0557337035d29a960,7e4a6dceaaa06989befadbc11eecfbdb6494e62ad368a7161cd07deea5f5dadc,2674275,1716143232000000000,300
OB/productcatalogservice_mem/1,OB,productcatalogservice,mem,1,300,300,point,0.1,8,0.1,nsigma,1,1.0,1.0,0.0,1,1,1,13,42.89219999918714,productcatalogservice|recommendationservice|checkoutservice|emailservice|shippingservice,productcatalogservice_latency,0.905,4,4,0.9033333333333333,0.9066666666666666,4,4,4,0.9000709219858156,baseline-v2-20260723,cd270e7871bd358937d83d9a49829637fa80007d2964084ef229f578e3733bd3,ba75425861a059dafcc477474fc3e4ed1eafdc2b47d6fdd0557337035d29a960,7e4a6dceaaa06989befadbc11eecfbdb6494e62ad368a7161cd07deea5f5dadc,2674275,1716143232000000000,300
OB/productcatalogservice_mem/1,OB,productcatalogservice,mem,1,300,300,point,0.1,9,0.1,baro,1,1.0,1.0,0.0,1,1,1,13,52.05189995467663,productcatalogservice|recommendationservice|checkoutservice|shippingservice|emailservice,productcatalogservice_latency,0.9091666666666667,4,4,0.9108333333333334,0.9075,4,4,4,0.8998581560283688,baseline-v2-20260723,cd270e7871bd358937d83d9a49829637fa80007d2964084ef229f578e3733bd3,ba75425861a059dafcc477474fc3e4ed1eafdc2b47d6fdd0557337035d29a960,7e4a6dceaaa06989befadbc11eecfbdb6494e62ad368a7161cd07deea5f5dadc,2674275,1716143232000000000,300
OB/productcatalogservice_mem/1,OB,productcatalogservice,mem,1,300,300,point,0.1,9,0.1,median_shift,2,0.5,0.8,0.08333333333333333,0,1,1,13,9.515799989458174,emailservice|productcatalogservice|recommendationservice|checkoutservice|shippingservice,emailservice_latency,0.9091666666666667,4,4,0.9108333333333334,0.9075,4,4,4,0.8998581560283688,baseline-v2-20260723,cd270e7871bd358937d83d9a49829637fa80007d2964084ef229f578e3733bd3,ba75425861a059dafcc477474fc3e4ed1eafdc2b47d6fdd0557337035d29a960,7e4a6dceaaa06989befadbc11eecfbdb6494e62ad368a7161cd07deea5f5dadc,2674275,1716143232000000000,300
OB/productcatalogservice_mem/1,OB,productcatalogservice,mem,1,300,300,point,0.1,9,0.1,nsigma,1,1.0,1.0,0.0,1,1,1,13,43.34930004552007,productcatalogservice|recommendationservice|checkoutservice|emailservice|shippingservice,productcatalogservice_latency,0.9091666666666667,4,4,0.9108333333333334,0.9075,4,4,4,0.8998581560283688,baseline-v2-20260723,cd270e7871bd358937d83d9a49829637fa80007d2964084ef229f578e3733bd3,ba75425861a059dafcc477474fc3e4ed1eafdc2b47d6fdd0557337035d29a960,7e4a6dceaaa06989befadbc11eecfbdb6494e62ad368a7161cd07deea5f5dadc,2674275,1716143232000000000,300
OB/productcatalogservice_mem/1,OB,productcatalogservice,mem,1,300,300,point,0.3,0,0.3,baro,1,1.0,1.0,0.0,1,1,1,13,53.28279995592311,productcatalogservice|recommendationservice|checkoutservice|shippingservice|emailservice,productcatalogservice_latency,0.71625,4,4,0.6875,0.745,4,4,4,0.6995390070921986,baseline-v2-20260723,cd270e7871bd358937d83d9a49829637fa80007d2964084ef229f578e3733bd3,ba75425861a059dafcc477474fc3e4ed1eafdc2b47d6fdd0557337035d29a960,7e4a6dceaaa06989befadbc11eecfbdb6494e62ad368a7161cd07deea5f5dadc,2674275,1716143232000000000,300
OB/productcatalogservice_mem/1,OB,productcatalogservice,mem,1,300,300,point,0.3,0,0.3,median_shift,2,0.5,0.8,0.08333333333333333,0,1,1,13,9.116000030189753,emailservice|productcatalogservice|recommendationservice|checkoutservice|shippingservice,emailservice_latency,0.71625,4,4,0.6875,0.745,4,4,4,0.6995390070921986,baseline-v2-20260723,cd270e7871bd358937d83d9a49829637fa80007d2964084ef229f578e3733bd3,ba75425861a059dafcc477474fc3e4ed1eafdc2b47d6fdd0557337035d29a960,7e4a6dceaaa06989befadbc11eecfbdb6494e62ad368a7161cd07deea5f5dadc,2674275,1716143232000000000,300
OB/productcatalogservice_mem/1,OB,productcatalogservice,mem,1,300,300,point,0.3,0,0.3,nsigma,1,1.0,1.0,0.0,1,1,1,13,43.59790001763031,productcatalogservice|recommendationservice|checkoutservice|emailservice|shippingservice,productcatalogservice_latency,0.71625,4,4,0.6875,0.745,4,4,4,0.6995390070921986,baseline-v2-20260723,cd270e7871bd358937d83d9a49829637fa80007d2964084ef229f578e3733bd3,ba75425861a059dafcc477474fc3e4ed1eafdc2b47d6fdd0557337035d29a960,7e4a6dceaaa06989befadbc11eecfbdb6494e62ad368a7161cd07deea5f5dadc,2674275,1716143232000000000,300
OB/productcatalogservice_mem/1,OB,productcatalogservice,mem,1,300,300,point,0.3,1,0.3,baro,1,1.0,1.0,0.0,1,1,1,13,53.37869998766109,productcatalogservice|recommendationservice|checkoutservice|shippingservice|emailservice,productcatalogservice_latency,0.7025,4,4,0.7166666666666667,0.6883333333333334,4,4,4,0.7000354609929078,baseline-v2-20260723,cd270e7871bd358937d83d9a49829637fa80007d2964084ef229f578e3733bd3,ba75425861a059dafcc477474fc3e4ed1eafdc2b47d6fdd0557337035d29a960,7e4a6dceaaa06989befadbc11eecfbdb6494e62ad368a7161cd07deea5f5dadc,2674275,1716143232000000000,300
OB/productcatalogservice_mem/1,OB,productcatalogservice,mem,1,300,300,point,0.3,1,0.3,median_shift,2,0.5,0.8,0.08333333333333333,0,1,1,13,9.602800011634827,emailservice|productcatalogservice|recommendationservice|checkoutservice|shippingservice,emailservice_latency,0.7025,4,4,0.7166666666666667,0.6883333333333334,4,4,4,0.7000354609929078,baseline-v2-20260723,cd270e7871bd358937d83d9a49829637fa80007d2964084ef229f578e3733bd3,ba75425861a059dafcc477474fc3e4ed1eafdc2b47d6fdd0557337035d29a960,7e4a6dceaaa06989befadbc11eecfbdb6494e62ad368a7161cd07deea5f5dadc,2674275,1716143232000000000,300
OB/productcatalogservice_mem/1,OB,productcatalogservice,mem,1,300,300,point,0.3,1,0.3,nsigma,1,1.0,1.0,0.0,1,1,1,13,43.36820001481101,productcatalogservice|recommendationservice|checkoutservice|emailservice|shippingservice,productcatalogservice_latency,0.7025,4,4,0.7166666666666667,0.6883333333333334,4,4,4,0.7000354609929078,baseline-v2-20260723,cd270e7871bd358937d83d9a49829637fa80007d2964084ef229f578e3733bd3,ba75425861a059dafcc477474fc3e4ed1eafdc2b47d6fdd0557337035d29a960,7e4a6dceaaa06989befadbc11eecfbdb6494e62ad368a7161cd07deea5f5dadc,2674275,1716143232000000000,300
OB/productcatalogservice_mem/1,OB,productcatalogservice,mem,1,300,300,point,0.3,2,0.3,baro,1,1.0,1.0,0.0,1,1,1,13,53.283600020222366,productcatalogservice|recommendationservice|checkoutservice|shippingservice|emailservice,productcatalogservice_latency,0.7025,4,4,0.7008333333333333,0.7041666666666667,4,4,4,0.6993971631205673,baseline-v2-20260723,cd270e7871bd358937d83d9a49829637fa80007d2964084ef229f578e3733bd3,ba75425861a059dafcc477474fc3e4ed1eafdc2b47d6fdd0557337035d29a960,7e4a6dceaaa06989befadbc11eecfbdb6494e62ad368a7161cd07deea5f5dadc,2674275,1716143232000000000,300
OB/productcatalogservice_mem/1,OB,productcatalogservice,mem,1,300,300,point,0.3,2,0.3,median_shift,2,0.5,0.8,0.08333333333333333,0,1,1,13,15.609599999152124,emailservice|productcatalogservice|recommendationservice|checkoutservice|shippingservice,emailservice_latency,0.7025,4,4,0.7008333333333333,0.7041666666666667,4,4,4,0.6993971631205673,baseline-v2-20260723,cd270e7871bd358937d83d9a49829637fa80007d2964084ef229f578e3733bd3,ba75425861a059dafcc477474fc3e4ed1eafdc2b47d6fdd0557337035d29a960,7e4a6dceaaa06989befadbc11eecfbdb6494e62ad368a7161cd07deea5f5dadc,2674275,1716143232000000000,300
OB/productcatalogservice_mem/1,OB,productcatalogservice,mem,1,300,300,point,0.3,2,0.3,nsigma,1,1.0,1.0,0.0,1,1,1,13,42.909299954771996,productcatalogservice|recommendationservice|checkoutservice|emailservice|shippingservice,productcatalogservice_latency,0.7025,4,4,0.7008333333333333,0.7041666666666667,4,4,4,0.6993971631205673,baseline-v2-20260723,cd270e7871bd358937d83d9a49829637fa80007d2964084ef229f578e3733bd3,ba75425861a059dafcc477474fc3e4ed1eafdc2b47d6fdd0557337035d29a960,7e4a6dceaaa06989befadbc11eecfbdb6494e62ad368a7161cd07deea5f5dadc,2674275,1716143232000000000,300
OB/productcatalogservice_mem/1,OB,productcatalogservice,mem,1,300,300,point,0.3,3,0.3,baro,1,1.0,1.0,0.0,1,1,1,13,66.024900006596,productcatalogservice|recommendationservice|checkoutservice|shippingservice|emailservice,productcatalogservice_latency,0.7016666666666667,4,4,0.7041666666666667,0.6991666666666667,4,4,4,0.7011702127659575,baseline-v2-20260723,cd270e7871bd358937d83d9a49829637fa80007d2964084ef229f578e3733bd3,ba75425861a059dafcc477474fc3e4ed1eafdc2b47d6fdd0557337035d29a960,7e4a6dceaaa06989befadbc11eecfbdb6494e62ad368a7161cd07deea5f5dadc,2674275,1716143232000000000,300
OB/productcatalogservice_mem/1,OB,productcatalogservice,mem,1,300,300,point,0.3,3,0.3,median_shift,2,0.5,0.8,0.08333333333333333,0,1,1,13,9.664900018833578,emailservice|productcatalogservice|recommendationservice|checkoutservice|shippingservice,emailservice_latency,0.7016666666666667,4,4,0.7041666666666667,0.6991666666666667,4,4,4,0.7011702127659575,baseline-v2-20260723,cd270e7871bd358937d83d9a49829637fa80007d2964084ef229f578e3733bd3,ba75425861a059dafcc477474fc3e4ed1eafdc2b47d6fdd0557337035d29a960,7e4a6dceaaa06989befadbc11eecfbdb6494e62ad368a7161cd07deea5f5dadc,2674275,1716143232000000000,300
OB/productcatalogservice_mem/1,OB,productcatalogservice,mem,1,300,300,point,0.3,3,0.3,nsigma,1,1.0,1.0,0.0,1,1,1,13,56.99429998639971,productcatalogservice|recommendationservice|checkoutservice|emailservice|shippingservice,productcatalogservice_latency,0.7016666666666667,4,4,0.7041666666666667,0.6991666666666667,4,4,4,0.7011702127659575,baseline-v2-20260723,cd270e7871bd358937d83d9a49829637fa80007d2964084ef229f578e3733bd3,ba75425861a059dafcc477474fc3e4ed1eafdc2b47d6fdd0557337035d29a960,7e4a6dceaaa06989befadbc11eecfbdb6494e62ad368a7161cd07deea5f5dadc,2674275,1716143232000000000,300
OB/productcatalogservice_mem/1,OB,productcatalogservice,mem,1,300,300,point,0.3,4,0.3,baro,1,1.0,1.0,0.0,1,1,1,13,54.48780005099252,productcatalogservice|recommendationservice|checkoutservice|shippingservice|emailservice,productcatalogservice_latency,0.6858333333333333,4,4,0.6866666666666666,0.685,4,4,4,0.7011347517730496,baseline-v2-20260723,cd270e7871bd358937d83d9a49829637fa80007d2964084ef229f578e3733bd3,ba75425861a059dafcc477474fc3e4ed1eafdc2b47d6fdd0557337035d29a960,7e4a6dceaaa06989befadbc11eecfbdb6494e62ad368a7161cd07deea5f5dadc,2674275,1716143232000000000,300
OB/productcatalogservice_mem/1,OB,productcatalogservice,mem,1,300,300,point,0.3,4,0.3,median_shift,2,0.5,0.8,0.08333333333333333,0,1,1,13,9.266599954571575,emailservice|productcatalogservice|recommendationservice|checkoutservice|shippingservice,emailservice_latency,0.6858333333333333,4,4,0.6866666666666666,0.685,4,4,4,0.7011347517730496,baseline-v2-20260723,cd270e7871bd358937d83d9a49829637fa80007d2964084ef229f578e3733bd3,ba75425861a059dafcc477474fc3e4ed1eafdc2b47d6fdd0557337035d29a960,7e4a6dceaaa06989befadbc11eecfbdb6494e62ad368a7161cd07deea5f5dadc,2674275,1716143232000000000,300
OB/productcatalogservice_mem/1,OB,productcatalogservice,mem,1,300,300,point,0.3,4,0.3,nsigma,1,1.0,1.0,0.0,1,1,1,13,44.95359997963533,productcatalogservice|recommendationservice|checkoutservice|emailservice|shippingservice,productcatalogservice_latency,0.6858333333333333,4,4,0.6866666666666666,0.685,4,4,4,0.7011347517730496,baseline-v2-20260723,cd270e7871bd358937d83d9a49829637fa80007d2964084ef229f578e3733bd3,ba75425861a059dafcc477474fc3e4ed1eafdc2b47d6fdd0557337035d29a960,7e4a6dceaaa06989befadbc11eecfbdb6494e62ad368a7161cd07deea5f5dadc,2674275,1716143232000000000,300
OB/productcatalogservice_mem/1,OB,productcatalogservice,mem,1,300,300,point,0.3,5,0.3,baro,1,1.0,1.0,0.0,1,1,1,13,57.168700033798814,productcatalogservice|recommendationservice|checkoutservice|shippingservice|emailservice,productcatalogservice_latency,0.68875,4,4,0.6975,0.68,4,4,4,0.7009219858156028,baseline-v2-20260723,cd270e7871bd358937d83d9a49829637fa80007d2964084ef229f578e3733bd3,ba75425861a059dafcc477474fc3e4ed1eafdc2b47d6fdd0557337035d29a960,7e4a6dceaaa06989befadbc11eecfbdb6494e62ad368a7161cd07deea5f5dadc,2674275,1716143232000000000,300
OB/productcatalogservice_mem/1,OB,productcatalogservice,mem,1,300,300,point,0.3,5,0.3,median_shift,2,0.5,0.8,0.08333333333333333,0,1,1,13,9.266099950764328,emailservice|productcatalogservice|recommendationservice|checkoutservice|shippingservice,emailservice_latency,0.68875,4,4,0.6975,0.68,4,4,4,0.7009219858156028,baseline-v2-20260723,cd270e7871bd358937d83d9a49829637fa80007d2964084ef229f578e3733bd3,ba75425861a059dafcc477474fc3e4ed1eafdc2b47d6fdd0557337035d29a960,7e4a6dceaaa06989befadbc11eecfbdb6494e62ad368a7161cd07deea5f5dadc,2674275,1716143232000000000,300
OB/productcatalogservice_mem/1,OB,productcatalogservice,mem,1,300,300,point,0.3,5,0.3,nsigma,1,1.0,1.0,0.0,1,1,1,13,48.89330000150949,productcatalogservice|recommendationservice|checkoutservice|emailservice|shippingservice,productcatalogservice_latency,0.68875,4,4,0.6975,0.68,4,4,4,0.7009219858156028,baseline-v2-20260723,cd270e7871bd358937d83d9a49829637fa80007d2964084ef229f578e3733bd3,ba75425861a059dafcc477474fc3e4ed1eafdc2b47d6fdd0557337035d29a960,7e4a6dceaaa06989befadbc11eecfbdb6494e62ad368a7161cd07deea5f5dadc,2674275,1716143232000000000,300
OB/productcatalogservice_mem/1,OB,productcatalogservice,mem,1,300,300,point,0.3,6,0.3,baro,1,1.0,1.0,0.0,1,1,1,13,76.96619996568188,productcatalogservice|recommendationservice|checkoutservice|shippingservice|emailservice,productcatalogservice_latency,0.7008333333333333,4,4,0.6966666666666667,0.705,4,4,4,0.700531914893617,baseline-v2-20260723,cd270e7871bd358937d83d9a49829637fa80007d2964084ef229f578e3733bd3,ba75425861a059dafcc477474fc3e4ed1eafdc2b47d6fdd0557337035d29a960,7e4a6dceaaa06989befadbc11eecfbdb6494e62ad368a7161cd07deea5f5dadc,2674275,1716143232000000000,300
OB/productcatalogservice_mem/1,OB,productcatalogservice,mem,1,300,300,point,0.3,6,0.3,median_shift,2,0.5,0.8,0.08333333333333333,0,1,1,13,9.831199946347624,emailservice|productcatalogservice|recommendationservice|checkoutservice|shippingservice,emailservice_latency,0.7008333333333333,4,4,0.6966666666666667,0.705,4,4,4,0.700531914893617,baseline-v2-20260723,cd270e7871bd358937d83d9a49829637fa80007d2964084ef229f578e3733bd3,ba75425861a059dafcc477474fc3e4ed1eafdc2b47d6fdd0557337035d29a960,7e4a6dceaaa06989befadbc11eecfbdb6494e62ad368a7161cd07deea5f5dadc,2674275,1716143232000000000,300
OB/productcatalogservice_mem/1,OB,productcatalogservice,mem,1,300,300,point,0.3,6,0.3,nsigma,1,1.0,1.0,0.0,1,1,1,13,44.376100006047636,productcatalogservice|recommendationservice|checkoutservice|emailservice|shippingservice,productcatalogservice_latency,0.7008333333333333,4,4,0.6966666666666667,0.705,4,4,4,0.700531914893617,baseline-v2-20260723,cd270e7871bd358937d83d9a49829637fa80007d2964084ef229f578e3733bd3,ba75425861a059dafcc477474fc3e4ed1eafdc2b47d6fdd0557337035d29a960,7e4a6dceaaa06989befadbc11eecfbdb6494e62ad368a7161cd07deea5f5dadc,2674275,1716143232000000000,300
OB/productcatalogservice_mem/1,OB,productcatalogservice,mem,1,300,300,point,0.3,7,0.3,baro,1,1.0,1.0,0.0,1,1,1,13,52.97329998575151,productcatalogservice|recommendationservice|checkoutservice|shippingservice|emailservice,productcatalogservice_latency,0.6929166666666666,4,4,0.6866666666666666,0.6991666666666667,4,4,4,0.7004609929078014,baseline-v2-20260723,cd270e7871bd358937d83d9a49829637fa80007d2964084ef229f578e3733bd3,ba75425861a059dafcc477474fc3e4ed1eafdc2b47d6fdd0557337035d29a960,7e4a6dceaaa06989befadbc11eecfbdb6494e62ad368a7161cd07deea5f5dadc,2674275,1716143232000000000,300
OB/productcatalogservice_mem/1,OB,productcatalogservice,mem,1,300,300,point,0.3,7,0.3,median_shift,2,0.5,0.8,0.08333333333333333,0,1,1,13,9.294999996200204,emailservice|productcatalogservice|recommendationservice|checkoutservice|shippingservice,emailservice_latency,0.6929166666666666,4,4,0.6866666666666666,0.6991666666666667,4,4,4,0.7004609929078014,baseline-v2-20260723,cd270e7871bd358937d83d9a49829637fa80007d2964084ef229f578e3733bd3,ba75425861a059dafcc477474fc3e4ed1eafdc2b47d6fdd0557337035d29a960,7e4a6dceaaa06989befadbc11eecfbdb6494e62ad368a7161cd07deea5f5dadc,2674275,1716143232000000000,300
OB/productcatalogservice_mem/1,OB,productcatalogservice,mem,1,300,300,point,0.3,7,0.3,nsigma,1,1.0,1.0,0.0,1,1,1,13,52.66789998859167,productcatalogservice|recommendationservice|checkoutservice|emailservice|shippingservice,productcatalogservice_latency,0.6929166666666666,4,4,0.6866666666666666,0.6991666666666667,4,4,4,0.7004609929078014,baseline-v2-20260723,cd270e7871bd358937d83d9a49829637fa80007d2964084ef229f578e3733bd3,ba75425861a059dafcc477474fc3e4ed1eafdc2b47d6fdd0557337035d29a960,7e4a6dceaaa06989befadbc11eecfbdb6494e62ad368a7161cd07deea5f5dadc,2674275,1716143232000000000,300
OB/productcatalogservice_mem/1,OB,productcatalogservice,mem,1,300,300,point,0.3,8,0.3,baro,1,1.0,1.0,0.0,1,1,1,13,66.14090001676232,productcatalogservice|recommendationservice|checkoutservice|shippingservice|emailservice,productcatalogservice_latency,0.6966666666666667,4,4,0.6908333333333333,0.7025,4,4,4,0.6998581560283688,baseline-v2-20260723,cd270e7871bd358937d83d9a49829637fa80007d2964084ef229f578e3733bd3,ba75425861a059dafcc477474fc3e4ed1eafdc2b47d6fdd0557337035d29a960,7e4a6dceaaa06989befadbc11eecfbdb6494e62ad368a7161cd07deea5f5dadc,2674275,1716143232000000000,300
OB/productcatalogservice_mem/1,OB,productcatalogservice,mem,1,300,300,point,0.3,8,0.3,median_shift,2,0.5,0.8,0.08333333333333333,0,1,1,13,9.350600012112409,emailservice|productcatalogservice|recommendationservice|checkoutservice|shippingservice,emailservice_latency,0.6966666666666667,4,4,0.6908333333333333,0.7025,4,4,4,0.6998581560283688,baseline-v2-20260723,cd270e7871bd358937d83d9a49829637fa80007d2964084ef229f578e3733bd3,ba75425861a059dafcc477474fc3e4ed1eafdc2b47d6fdd0557337035d29a960,7e4a6dceaaa06989befadbc11eecfbdb6494e62ad368a7161cd07deea5f5dadc,2674275,1716143232000000000,300
OB/productcatalogservice_mem/1,OB,productcatalogservice,mem,1,300,300,point,0.3,8,0.3,nsigma,1,1.0,1.0,0.0,1,1,1,13,52.71689995424822,productcatalogservice|recommendationservice|checkoutservice|emailservice|shippingservice,productcatalogservice_latency,0.6966666666666667,4,4,0.6908333333333333,0.7025,4,4,4,0.6998581560283688,baseline-v2-20260723,cd270e7871bd358937d83d9a49829637fa80007d2964084ef229f578e3733bd3,ba75425861a059dafcc477474fc3e4ed1eafdc2b47d6fdd0557337035d29a960,7e4a6dceaaa06989befadbc11eecfbdb6494e62ad368a7161cd07deea5f5dadc,2674275,1716143232000000000,300
OB/productcatalogservice_mem/1,OB,productcatalogservice,mem,1,300,300,point,0.3,9,0.3,baro,1,1.0,1.0,0.0,1,1,1,13,52.44719999609515,productcatalogservice|recommendationservice|checkoutservice|shippingservice|emailservice,productcatalogservice_latency,0.6895833333333333,4,4,0.685,0.6941666666666667,4,4,4,0.699290780141844,baseline-v2-20260723,cd270e7871bd358937d83d9a49829637fa80007d2964084ef229f578e3733bd3,ba75425861a059dafcc477474fc3e4ed1eafdc2b47d6fdd0557337035d29a960,7e4a6dceaaa06989befadbc11eecfbdb6494e62ad368a7161cd07deea5f5dadc,2674275,1716143232000000000,300
OB/productcatalogservice_mem/1,OB,productcatalogservice,mem,1,300,300,point,0.3,9,0.3,median_shift,2,0.5,0.8,0.08333333333333333,0,1,1,13,11.09119999455288,emailservice|productcatalogservice|recommendationservice|checkoutservice|shippingservice,emailservice_latency,0.6895833333333333,4,4,0.685,0.6941666666666667,4,4,4,0.699290780141844,baseline-v2-20260723,cd270e7871bd358937d83d9a49829637fa80007d2964084ef229f578e3733bd3,ba75425861a059dafcc477474fc3e4ed1eafdc2b47d6fdd0557337035d29a960,7e4a6dceaaa06989befadbc11eecfbdb6494e62ad368a7161cd07deea5f5dadc,2674275,1716143232000000000,300
OB/productcatalogservice_mem/1,OB,productcatalogservice,mem,1,300,300,point,0.3,9,0.3,nsigma,1,1.0,1.0,0.0,1,1,1,13,45.492000004742295,productcatalogservice|recommendationservice|checkoutservice|emailservice|shippingservice,productcatalogservice_latency,0.6895833333333333,4,4,0.685,0.6941666666666667,4,4,4,0.699290780141844,baseline-v2-20260723,cd270e7871bd358937d83d9a49829637fa80007d2964084ef229f578e3733bd3,ba75425861a059dafcc477474fc3e4ed1eafdc2b47d6fdd0557337035d29a960,7e4a6dceaaa06989befadbc11eecfbdb6494e62ad368a7161cd07deea5f5dadc,2674275,1716143232000000000,300
OB/productcatalogservice_mem/1,OB,productcatalogservice,mem,1,300,300,point,0.5,0,0.5,baro,1,1.0,1.0,0.0,1,1,1,13,55.05670001730323,productcatalogservice|recommendationservice|checkoutservice|shippingservice|emailservice,productcatalogservice_latency,0.51,4,4,0.5075,0.5125,4,4,4,0.5005673758865248,baseline-v2-20260723,cd270e7871bd358937d83d9a49829637fa80007d2964084ef229f578e3733bd3,ba75425861a059dafcc477474fc3e4ed1eafdc2b47d6fdd0557337035d29a960,7e4a6dceaaa06989befadbc11eecfbdb6494e62ad368a7161cd07deea5f5dadc,2674275,1716143232000000000,300
OB/productcatalogservice_mem/1,OB,productcatalogservice,mem,1,300,300,point,0.5,0,0.5,median_shift,2,0.5,0.8,0.08333333333333333,0,1,1,13,9.32969996938482,emailservice|productcatalogservice|recommendationservice|checkoutservice|shippingservice,emailservice_latency,0.51,4,4,0.5075,0.5125,4,4,4,0.5005673758865248,baseline-v2-20260723,cd270e7871bd358937d83d9a49829637fa80007d2964084ef229f578e3733bd3,ba75425861a059dafcc477474fc3e4ed1eafdc2b47d6fdd0557337035d29a960,7e4a6dceaaa06989befadbc11eecfbdb6494e62ad368a7161cd07deea5f5dadc,2674275,1716143232000000000,300
OB/productcatalogservice_mem/1,OB,productcatalogservice,mem,1,300,300,point,0.5,0,0.5,nsigma,1,1.0,1.0,0.0,1,1,1,13,45.08229997009039,productcatalogservice|recommendationservice|checkoutservice|emailservice|shippingservice,productcatalogservice_latency,0.51,4,4,0.5075,0.5125,4,4,4,0.5005673758865248,baseline-v2-20260723,cd270e7871bd358937d83d9a49829637fa80007d2964084ef229f578e3733bd3,ba75425861a059dafcc477474fc3e4ed1eafdc2b47d6fdd0557337035d29a960,7e4a6dceaaa06989befadbc11eecfbdb6494e62ad368a7161cd07deea5f5dadc,2674275,1716143232000000000,300
OB/productcatalogservice_mem/1,OB,productcatalogservice,mem,1,300,300,point,0.5,1,0.5,baro,1,1.0,1.0,0.0,1,1,1,13,65.71870000334457,productcatalogservice|recommendationservice|checkoutservice|shippingservice|emailservice,productcatalogservice_latency,0.505,4,4,0.48583333333333334,0.5241666666666667,4,4,4,0.5000709219858156,baseline-v2-20260723,cd270e7871bd358937d83d9a49829637fa80007d2964084ef229f578e3733bd3,ba75425861a059dafcc477474fc3e4ed1eafdc2b47d6fdd0557337035d29a960,7e4a6dceaaa06989befadbc11eecfbdb6494e62ad368a7161cd07deea5f5dadc,2674275,1716143232000000000,300
OB/productcatalogservice_mem/1,OB,productcatalogservice,mem,1,300,300,point,0.5,1,0.5,median_shift,2,0.5,0.8,0.08333333333333333,0,1,1,13,10.054400016088039,emailservice|productcatalogservice|recommendationservice|checkoutservice|shippingservice,emailservice_latency,0.505,4,4,0.48583333333333334,0.5241666666666667,4,4,4,0.5000709219858156,baseline-v2-20260723,cd270e7871bd358937d83d9a49829637fa80007d2964084ef229f578e3733bd3,ba75425861a059dafcc477474fc3e4ed1eafdc2b47d6fdd0557337035d29a960,7e4a6dceaaa06989befadbc11eecfbdb6494e62ad368a7161cd07deea5f5dadc,2674275,1716143232000000000,300
OB/productcatalogservice_mem/1,OB,productcatalogservice,mem,1,300,300,point,0.5,1,0.5,nsigma,1,1.0,1.0,0.0,1,1,1,13,48.124599969014525,productcatalogservice|recommendationservice|checkoutservice|emailservice|shippingservice,productcatalogservice_latency,0.505,4,4,0.48583333333333334,0.5241666666666667,4,4,4,0.5000709219858156,baseline-v2-20260723,cd270e7871bd358937d83d9a49829637fa80007d2964084ef229f578e3733bd3,ba75425861a059dafcc477474fc3e4ed1eafdc2b47d6fdd0557337035d29a960,7e4a6dceaaa06989befadbc11eecfbdb6494e62ad368a7161cd07deea5f5dadc,2674275,1716143232000000000,300
OB/productcatalogservice_mem/1,OB,productcatalogservice,mem,1,300,300,point,0.5,2,0.5,baro,1,1.0,1.0,0.0,1,1,1,13,55.96739996690303,productcatalogservice|recommendationservice|checkoutservice|shippingservice|emailservice,productcatalogservice_latency,0.5029166666666667,4,4,0.5025,0.5033333333333333,4,4,4,0.5002127659574468,baseline-v2-20260723,cd270e7871bd358937d83d9a49829637fa80007d2964084ef229f578e3733bd3,ba75425861a059dafcc477474fc3e4ed1eafdc2b47d6fdd0557337035d29a960,7e4a6dceaaa06989befadbc11eecfbdb6494e62ad368a7161cd07deea5f5dadc,2674275,1716143232000000000,300
OB/productcatalogservice_mem/1,OB,productcatalogservice,mem,1,300,300,point,0.5,2,0.5,median_shift,2,0.5,0.8,0.08333333333333333,0,1,1,13,9.122299961745739,emailservice|productcatalogservice|recommendationservice|checkoutservice|shippingservice,emailservice_latency,0.5029166666666667,4,4,0.5025,0.5033333333333333,4,4,4,0.5002127659574468,baseline-v2-20260723,cd270e7871bd358937d83d9a49829637fa80007d2964084ef229f578e3733bd3,ba75425861a059dafcc477474fc3e4ed1eafdc2b47d6fdd0557337035d29a960,7e4a6dceaaa06989befadbc11eecfbdb6494e62ad368a7161cd07deea5f5dadc,2674275,1716143232000000000,300
OB/productcatalogservice_mem/1,OB,productcatalogservice,mem,1,300,300,point,0.5,2,0.5,nsigma,1,1.0,1.0,0.0,1,1,1,13,50.61470001237467,productcatalogservice|recommendationservice|checkoutservice|emailservice|shippingservice,productcatalogservice_latency,0.5029166666666667,4,4,0.5025,0.5033333333333333,4,4,4,0.5002127659574468,baseline-v2-20260723,cd270e7871bd358937d83d9a49829637fa80007d2964084ef229f578e3733bd3,ba75425861a059dafcc477474fc3e4ed1eafdc2b47d6fdd0557337035d29a960,7e4a6dceaaa06989befadbc11eecfbdb6494e62ad368a7161cd07deea5f5dadc,2674275,1716143232000000000,300
OB/productcatalogservice_mem/1,OB,productcatalogservice,mem,1,300,300,point,0.5,3,0.5,baro,1,1.0,1.0,0.0,1,1,1,13,59.83340000966564,productcatalogservice|recommendationservice|checkoutservice|shippingservice|emailservice,productcatalogservice_latency,0.5095833333333334,4,4,0.4925,0.5266666666666666,4,4,4,0.49943262411347517,baseline-v2-20260723,cd270e7871bd358937d83d9a49829637fa80007d2964084ef229f578e3733bd3,ba75425861a059dafcc477474fc3e4ed1eafdc2b47d6fdd0557337035d29a960,7e4a6dceaaa06989befadbc11eecfbdb6494e62ad368a7161cd07deea5f5dadc,2674275,1716143232000000000,300
OB/productcatalogservice_mem/1,OB,productcatalogservice,mem,1,300,300,point,0.5,3,0.5,median_shift,2,0.5,0.8,0.08333333333333333,0,1,1,13,18.78240000223741,emailservice|productcatalogservice|recommendationservice|checkoutservice|shippingservice,emailservice_latency,0.5095833333333334,4,4,0.4925,0.5266666666666666,4,4,4,0.49943262411347517,baseline-v2-20260723,cd270e7871bd358937d83d9a49829637fa80007d2964084ef229f578e3733bd3,ba75425861a059dafcc477474fc3e4ed1eafdc2b47d6fdd0557337035d29a960,7e4a6dceaaa06989befadbc11eecfbdb6494e62ad368a7161cd07deea5f5dadc,2674275,1716143232000000000,300
OB/productcatalogservice_mem/1,OB,productcatalogservice,mem,1,300,300,point,0.5,3,0.5,nsigma,1,1.0,1.0,0.0,1,1,1,13,49.944199970923364,productcatalogservice|recommendationservice|checkoutservice|emailservice|shippingservice,productcatalogservice_latency,0.5095833333333334,4,4,0.4925,0.5266666666666666,4,4,4,0.49943262411347517,baseline-v2-20260723,cd270e7871bd358937d83d9a49829637fa80007d2964084ef229f578e3733bd3,ba75425861a059dafcc477474fc3e4ed1eafdc2b47d6fdd0557337035d29a960,7e4a6dceaaa06989befadbc11eecfbdb6494e62ad368a7161cd07deea5f5dadc,2674275,1716143232000000000,300
OB/productcatalogservice_mem/1,OB,productcatalogservice,mem,1,300,300,point,0.5,4,0.5,baro,1,1.0,1.0,0.0,1,1,1,13,69.8528999928385,productcatalogservice|recommendationservice|checkoutservice|shippingservice|emailservice,productcatalogservice_latency,0.4979166666666667,4,4,0.49833333333333335,0.4975,4,4,4,0.49882978723404253,baseline-v2-20260723,cd270e7871bd358937d83d9a49829637fa80007d2964084ef229f578e3733bd3,ba75425861a059dafcc477474fc3e4ed1eafdc2b47d6fdd0557337035d29a960,7e4a6dceaaa06989befadbc11eecfbdb6494e62ad368a7161cd07deea5f5dadc,2674275,1716143232000000000,300
OB/productcatalogservice_mem/1,OB,productcatalogservice,mem,1,300,300,point,0.5,4,0.5,median_shift,2,0.5,0.8,0.08333333333333333,0,1,1,13,11.124099954031408,emailservice|productcatalogservice|recommendationservice|checkoutservice|shippingservice,emailservice_latency,0.4979166666666667,4,4,0.49833333333333335,0.4975,4,4,4,0.49882978723404253,baseline-v2-20260723,cd270e7871bd358937d83d9a49829637fa80007d2964084ef229f578e3733bd3,ba75425861a059dafcc477474fc3e4ed1eafdc2b47d6fdd0557337035d29a960,7e4a6dceaaa06989befadbc11eecfbdb6494e62ad368a7161cd07deea5f5dadc,2674275,1716143232000000000,300
OB/productcatalogservice_mem/1,OB,productcatalogservice,mem,1,300,300,point,0.5,4,0.5,nsigma,1,1.0,1.0,0.0,1,1,1,13,55.8984000235796,productcatalogservice|recommendationservice|checkoutservice|emailservice|shippingservice,productcatalogservice_latency,0.4979166666666667,4,4,0.49833333333333335,0.4975,4,4,4,0.49882978723404253,baseline-v2-20260723,cd270e7871bd358937d83d9a49829637fa80007d2964084ef229f578e3733bd3,ba75425861a059dafcc477474fc3e4ed1eafdc2b47d6fdd0557337035d29a960,7e4a6dceaaa06989befadbc11eecfbdb6494e62ad368a7161cd07deea5f5dadc,2674275,1716143232000000000,300
OB/productcatalogservice_mem/1,OB,productcatalogservice,mem,1,300,300,point,0.5,5,0.5,baro,1,1.0,1.0,0.0,1,1,1,13,55.32879999373108,productcatalogservice|recommendationservice|checkoutservice|shippingservice|emailservice,productcatalogservice_latency,0.4975,4,4,0.5066666666666667,0.48833333333333334,4,4,4,0.4998936170212766,baseline-v2-20260723,cd270e7871bd358937d83d9a49829637fa80007d2964084ef229f578e3733bd3,ba75425861a059dafcc477474fc3e4ed1eafdc2b47d6fdd0557337035d29a960,7e4a6dceaaa06989befadbc11eecfbdb6494e62ad368a7161cd07deea5f5dadc,2674275,1716143232000000000,300
OB/productcatalogservice_mem/1,OB,productcatalogservice,mem,1,300,300,point,0.5,5,0.5,median_shift,2,0.5,0.8,0.08333333333333333,0,1,1,13,8.856299973558635,emailservice|productcatalogservice|recommendationservice|checkoutservice|shippingservice,emailservice_latency,0.4975,4,4,0.5066666666666667,0.48833333333333334,4,4,4,0.4998936170212766,baseline-v2-20260723,cd270e7871bd358937d83d9a49829637fa80007d2964084ef229f578e3733bd3,ba75425861a059dafcc477474fc3e4ed1eafdc2b47d6fdd0557337035d29a960,7e4a6dceaaa06989befadbc11eecfbdb6494e62ad368a7161cd07deea5f5dadc,2674275,1716143232000000000,300
OB/productcatalogservice_mem/1,OB,productcatalogservice,mem,1,300,300,point,0.5,5,0.5,nsigma,1,1.0,1.0,0.0,1,1,1,13,54.51719998382032,productcatalogservice|recommendationservice|checkoutservice|emailservice|shippingservice,productcatalogservice_latency,0.4975,4,4,0.5066666666666667,0.48833333333333334,4,4,4,0.4998936170212766,baseline-v2-20260723,cd270e7871bd358937d83d9a49829637fa80007d2964084ef229f578e3733bd3,ba75425861a059dafcc477474fc3e4ed1eafdc2b47d6fdd0557337035d29a960,7e4a6dceaaa06989befadbc11eecfbdb6494e62ad368a7161cd07deea5f5dadc,2674275,1716143232000000000,300
OB/productcatalogservice_mem/1,OB,productcatalogservice,mem,1,300,300,point,0.5,6,0.5,baro,1,1.0,1.0,0.0,1,1,1,13,54.8236999893561,productcatalogservice|recommendationservice|checkoutservice|shippingservice|emailservice,productcatalogservice_latency,0.5154166666666666,4,4,0.5041666666666667,0.5266666666666666,4,4,4,0.5006737588652482,baseline-v2-20260723,cd270e7871bd358937d83d9a49829637fa80007d2964084ef229f578e3733bd3,ba75425861a059dafcc477474fc3e4ed1eafdc2b47d6fdd0557337035d29a960,7e4a6dceaaa06989befadbc11eecfbdb6494e62ad368a7161cd07deea5f5dadc,2674275,1716143232000000000,300
OB/productcatalogservice_mem/1,OB,productcatalogservice,mem,1,300,300,point,0.5,6,0.5,median_shift,2,0.5,0.8,0.08333333333333333,0,1,1,13,9.393999993335456,emailservice|productcatalogservice|recommendationservice|checkoutservice|shippingservice,emailservice_latency,0.5154166666666666,4,4,0.5041666666666667,0.5266666666666666,4,4,4,0.5006737588652482,baseline-v2-20260723,cd270e7871bd358937d83d9a49829637fa80007d2964084ef229f578e3733bd3,ba75425861a059dafcc477474fc3e4ed1eafdc2b47d6fdd0557337035d29a960,7e4a6dceaaa06989befadbc11eecfbdb6494e62ad368a7161cd07deea5f5dadc,2674275,1716143232000000000,300
OB/productcatalogservice_mem/1,OB,productcatalogservice,mem,1,300,300,point,0.5,6,0.5,nsigma,1,1.0,1.0,0.0,1,1,1,13,43.9032000140287,productcatalogservice|recommendationservice|checkoutservice|emailservice|shippingservice,productcatalogservice_latency,0.5154166666666666,4,4,0.5041666666666667,0.5266666666666666,4,4,4,0.5006737588652482,baseline-v2-20260723,cd270e7871bd358937d83d9a49829637fa80007d2964084ef229f578e3733bd3,ba75425861a059dafcc477474fc3e4ed1eafdc2b47d6fdd0557337035d29a960,7e4a6dceaaa06989befadbc11eecfbdb6494e62ad368a7161cd07deea5f5dadc,2674275,1716143232000000000,300
OB/productcatalogservice_mem/1,OB,productcatalogservice,mem,1,300,300,point,0.5,7,0.5,baro,1,1.0,1.0,0.0,1,1,1,13,53.34529996616766,productcatalogservice|recommendationservice|checkoutservice|shippingservice|emailservice,productcatalogservice_latency,0.5075,4,4,0.5133333333333333,0.5016666666666667,4,4,4,0.4999290780141844,baseline-v2-20260723,cd270e7871bd358937d83d9a49829637fa80007d2964084ef229f578e3733bd3,ba75425861a059dafcc477474fc3e4ed1eafdc2b47d6fdd0557337035d29a960,7e4a6dceaaa06989befadbc11eecfbdb6494e62ad368a7161cd07deea5f5dadc,2674275,1716143232000000000,300
OB/productcatalogservice_mem/1,OB,productcatalogservice,mem,1,300,300,point,0.5,7,0.5,median_shift,2,0.5,0.8,0.08333333333333333,0,1,1,13,8.756400027778,emailservice|productcatalogservice|recommendationservice|checkoutservice|shippingservice,emailservice_latency,0.5075,4,4,0.5133333333333333,0.5016666666666667,4,4,4,0.4999290780141844,baseline-v2-20260723,cd270e7871bd358937d83d9a49829637fa80007d2964084ef229f578e3733bd3,ba75425861a059dafcc477474fc3e4ed1eafdc2b47d6fdd0557337035d29a960,7e4a6dceaaa06989befadbc11eecfbdb6494e62ad368a7161cd07deea5f5dadc,2674275,1716143232000000000,300
OB/productcatalogservice_mem/1,OB,productcatalogservice,mem,1,300,300,point,0.5,7,0.5,nsigma,1,1.0,1.0,0.0,1,1,1,13,43.87579998001456,productcatalogservice|recommendationservice|checkoutservice|emailservice|shippingservice,productcatalogservice_latency,0.5075,4,4,0.5133333333333333,0.5016666666666667,4,4,4,0.4999290780141844,baseline-v2-20260723,cd270e7871bd358937d83d9a49829637fa80007d2964084ef229f578e3733bd3,ba75425861a059dafcc477474fc3e4ed1eafdc2b47d6fdd0557337035d29a960,7e4a6dceaaa06989befadbc11eecfbdb6494e62ad368a7161cd07deea5f5dadc,2674275,1716143232000000000,300
OB/productcatalogservice_mem/1,OB,productcatalogservice,mem,1,300,300,point,0.5,8,0.5,baro,1,1.0,1.0,0.0,1,1,1,13,53.93880000337958,productcatalogservice|recommendationservice|checkoutservice|emailservice|shippingservice,productcatalogservice_latency,0.49041666666666667,4,4,0.4925,0.48833333333333334,4,4,4,0.4999290780141844,baseline-v2-20260723,cd270e7871bd358937d83d9a49829637fa80007d2964084ef229f578e3733bd3,ba75425861a059dafcc477474fc3e4ed1eafdc2b47d6fdd0557337035d29a960,7e4a6dceaaa06989befadbc11eecfbdb6494e62ad368a7161cd07deea5f5dadc,2674275,1716143232000000000,300
OB/productcatalogservice_mem/1,OB,productcatalogservice,mem,1,300,300,point,0.5,8,0.5,median_shift,2,0.5,0.8,0.08333333333333333,0,1,1,13,9.205399954225868,emailservice|productcatalogservice|recommendationservice|checkoutservice|shippingservice,emailservice_latency,0.49041666666666667,4,4,0.4925,0.48833333333333334,4,4,4,0.4999290780141844,baseline-v2-20260723,cd270e7871bd358937d83d9a49829637fa80007d2964084ef229f578e3733bd3,ba75425861a059dafcc477474fc3e4ed1eafdc2b47d6fdd0557337035d29a960,7e4a6dceaaa06989befadbc11eecfbdb6494e62ad368a7161cd07deea5f5dadc,2674275,1716143232000000000,300
OB/productcatalogservice_mem/1,OB,productcatalogservice,mem,1,300,300,point,0.5,8,0.5,nsigma,1,1.0,1.0,0.0,1,1,1,13,44.758500007446855,productcatalogservice|recommendationservice|checkoutservice|emailservice|shippingservice,productcatalogservice_latency,0.49041666666666667,4,4,0.4925,0.48833333333333334,4,4,4,0.4999290780141844,baseline-v2-20260723,cd270e7871bd358937d83d9a49829637fa80007d2964084ef229f578e3733bd3,ba75425861a059dafcc477474fc3e4ed1eafdc2b47d6fdd0557337035d29a960,7e4a6dceaaa06989befadbc11eecfbdb6494e62ad368a7161cd07deea5f5dadc,2674275,1716143232000000000,300
OB/productcatalogservice_mem/1,OB,productcatalogservice,mem,1,300,300,point,0.5,9,0.5,baro,1,1.0,1.0,0.0,1,1,1,13,61.03499996243045,productcatalogservice|recommendationservice|checkoutservice|shippingservice|emailservice,productcatalogservice_latency,0.49166666666666664,4,4,0.5025,0.48083333333333333,4,4,4,0.49957446808510636,baseline-v2-20260723,cd270e7871bd358937d83d9a49829637fa80007d2964084ef229f578e3733bd3,ba75425861a059dafcc477474fc3e4ed1eafdc2b47d6fdd0557337035d29a960,7e4a6dceaaa06989befadbc11eecfbdb6494e62ad368a7161cd07deea5f5dadc,2674275,1716143232000000000,300
OB/productcatalogservice_mem/1,OB,productcatalogservice,mem,1,300,300,point,0.5,9,0.5,median_shift,2,0.5,0.8,0.08333333333333333,0,1,1,13,9.51640005223453,emailservice|productcatalogservice|recommendationservice|checkoutservice|shippingservice,emailservice_latency,0.49166666666666664,4,4,0.5025,0.48083333333333333,4,4,4,0.49957446808510636,baseline-v2-20260723,cd270e7871bd358937d83d9a49829637fa80007d2964084ef229f578e3733bd3,ba75425861a059dafcc477474fc3e4ed1eafdc2b47d6fdd0557337035d29a960,7e4a6dceaaa06989befadbc11eecfbdb6494e62ad368a7161cd07deea5f5dadc,2674275,1716143232000000000,300
OB/productcatalogservice_mem/1,OB,productcatalogservice,mem,1,300,300,point,0.5,9,0.5,nsigma,1,1.0,1.0,0.0,1,1,1,13,44.33219996280968,productcatalogservice|recommendationservice|checkoutservice|emailservice|shippingservice,productcatalogservice_latency,0.49166666666666664,4,4,0.5025,0.48083333333333333,4,4,4,0.49957446808510636,baseline-v2-20260723,cd270e7871bd358937d83d9a49829637fa80007d2964084ef229f578e3733bd3,ba75425861a059dafcc477474fc3e4ed1eafdc2b47d6fdd0557337035d29a960,7e4a6dceaaa06989befadbc11eecfbdb6494e62ad368a7161cd07deea5f5dadc,2674275,1716143232000000000,300
OB/productcatalogservice_mem/1,OB,productcatalogservice,mem,1,300,300,stream,0.1,0,0.10204081632653061,baro,1,1.0,1.0,0.0,1,1,1,13,49.48670003795996,productcatalogservice|recommendationservice|checkoutservice|emailservice|adservice,productcatalogservice_latency,0.75,3,4,0.75,0.75,3,3,3,0.8936170212765957,baseline-v2-20260723,cd270e7871bd358937d83d9a49829637fa80007d2964084ef229f578e3733bd3,ba75425861a059dafcc477474fc3e4ed1eafdc2b47d6fdd0557337035d29a960,7e4a6dceaaa06989befadbc11eecfbdb6494e62ad368a7161cd07deea5f5dadc,2674275,1716143232000000000,300
OB/productcatalogservice_mem/1,OB,productcatalogservice,mem,1,300,300,stream,0.1,0,0.10204081632653061,median_shift,2,0.5,0.8,0.08333333333333333,0,1,1,13,8.07770004030317,emailservice|productcatalogservice|recommendationservice|checkoutservice|adservice,emailservice_latency,0.75,3,4,0.75,0.75,3,3,3,0.8936170212765957,baseline-v2-20260723,cd270e7871bd358937d83d9a49829637fa80007d2964084ef229f578e3733bd3,ba75425861a059dafcc477474fc3e4ed1eafdc2b47d6fdd0557337035d29a960,7e4a6dceaaa06989befadbc11eecfbdb6494e62ad368a7161cd07deea5f5dadc,2674275,1716143232000000000,300
OB/productcatalogservice_mem/1,OB,productcatalogservice,mem,1,300,300,stream,0.1,0,0.10204081632653061,nsigma,1,1.0,1.0,0.0,1,1,1,13,43.1825999985449,productcatalogservice|recommendationservice|checkoutservice|emailservice|adservice,productcatalogservice_latency,0.75,3,4,0.75,0.75,3,3,3,0.8936170212765957,baseline-v2-20260723,cd270e7871bd358937d83d9a49829637fa80007d2964084ef229f578e3733bd3,ba75425861a059dafcc477474fc3e4ed1eafdc2b47d6fdd0557337035d29a960,7e4a6dceaaa06989befadbc11eecfbdb6494e62ad368a7161cd07deea5f5dadc,2674275,1716143232000000000,300
OB/productcatalogservice_mem/1,OB,productcatalogservice,mem,1,300,300,stream,0.1,1,0.10204081632653061,baro,1,1.0,1.0,0.0,1,1,1,13,50.90049997670576,productcatalogservice|recommendationservice|checkoutservice|shippingservice|emailservice,productcatalogservice_latency,1.0,4,4,1.0,1.0,4,4,4,0.8936170212765957,baseline-v2-20260723,cd270e7871bd358937d83d9a49829637fa80007d2964084ef229f578e3733bd3,ba75425861a059dafcc477474fc3e4ed1eafdc2b47d6fdd0557337035d29a960,7e4a6dceaaa06989befadbc11eecfbdb6494e62ad368a7161cd07deea5f5dadc,2674275,1716143232000000000,300
OB/productcatalogservice_mem/1,OB,productcatalogservice,mem,1,300,300,stream,0.1,1,0.10204081632653061,median_shift,2,0.5,0.8,0.08333333333333333,0,1,1,13,9.132199978921562,emailservice|productcatalogservice|recommendationservice|checkoutservice|shippingservice,emailservice_latency,1.0,4,4,1.0,1.0,4,4,4,0.8936170212765957,baseline-v2-20260723,cd270e7871bd358937d83d9a49829637fa80007d2964084ef229f578e3733bd3,ba75425861a059dafcc477474fc3e4ed1eafdc2b47d6fdd0557337035d29a960,7e4a6dceaaa06989befadbc11eecfbdb6494e62ad368a7161cd07deea5f5dadc,2674275,1716143232000000000,300
OB/productcatalogservice_mem/1,OB,productcatalogservice,mem,1,300,300,stream,0.1,1,0.10204081632653061,nsigma,1,1.0,1.0,0.0,1,1,1,13,40.76039994833991,productcatalogservice|recommendationservice|checkoutservice|emailservice|shippingservice,productcatalogservice_latency,1.0,4,4,1.0,1.0,4,4,4,0.8936170212765957,baseline-v2-20260723,cd270e7871bd358937d83d9a49829637fa80007d2964084ef229f578e3733bd3,ba75425861a059dafcc477474fc3e4ed1eafdc2b47d6fdd0557337035d29a960,7e4a6dceaaa06989befadbc11eecfbdb6494e62ad368a7161cd07deea5f5dadc,2674275,1716143232000000000,300
OB/productcatalogservice_mem/1,OB,productcatalogservice,mem,1,300,300,stream,0.1,2,0.10204081632653061,baro,1,1.0,1.0,0.0,1,1,1,13,47.13990003801882,productcatalogservice|recommendationservice|checkoutservice|shippingservice|emailservice,productcatalogservice_latency,1.0,4,4,1.0,1.0,4,4,4,0.8936170212765957,baseline-v2-20260723,cd270e7871bd358937d83d9a49829637fa80007d2964084ef229f578e3733bd3,ba75425861a059dafcc477474fc3e4ed1eafdc2b47d6fdd0557337035d29a960,7e4a6dceaaa06989befadbc11eecfbdb6494e62ad368a7161cd07deea5f5dadc,2674275,1716143232000000000,300
OB/productcatalogservice_mem/1,OB,productcatalogservice,mem,1,300,300,stream,0.1,2,0.10204081632653061,median_shift,2,0.5,0.8,0.08333333333333333,0,1,1,13,8.392299991101027,emailservice|productcatalogservice|recommendationservice|checkoutservice|shippingservice,emailservice_latency,1.0,4,4,1.0,1.0,4,4,4,0.8936170212765957,baseline-v2-20260723,cd270e7871bd358937d83d9a49829637fa80007d2964084ef229f578e3733bd3,ba75425861a059dafcc477474fc3e4ed1eafdc2b47d6fdd0557337035d29a960,7e4a6dceaaa06989befadbc11eecfbdb6494e62ad368a7161cd07deea5f5dadc,2674275,1716143232000000000,300
OB/productcatalogservice_mem/1,OB,productcatalogservice,mem,1,300,300,stream,0.1,2,0.10204081632653061,nsigma,1,1.0,1.0,0.0,1,1,1,13,40.528599987737834,productcatalogservice|recommendationservice|checkoutservice|emailservice|shippingservice,productcatalogservice_latency,1.0,4,4,1.0,1.0,4,4,4,0.8936170212765957,baseline-v2-20260723,cd270e7871bd358937d83d9a49829637fa80007d2964084ef229f578e3733bd3,ba75425861a059dafcc477474fc3e4ed1eafdc2b47d6fdd0557337035d29a960,7e4a6dceaaa06989befadbc11eecfbdb6494e62ad368a7161cd07deea5f5dadc,2674275,1716143232000000000,300
OB/productcatalogservice_mem/1,OB,productcatalogservice,mem,1,300,300,stream,0.1,3,0.10204081632653061,baro,1,1.0,1.0,0.0,1,1,1,13,54.87890000222251,productcatalogservice|recommendationservice|checkoutservice|shippingservice|emailservice,productcatalogservice_latency,1.0,4,4,1.0,1.0,4,4,4,0.8936170212765957,baseline-v2-20260723,cd270e7871bd358937d83d9a49829637fa80007d2964084ef229f578e3733bd3,ba75425861a059dafcc477474fc3e4ed1eafdc2b47d6fdd0557337035d29a960,7e4a6dceaaa06989befadbc11eecfbdb6494e62ad368a7161cd07deea5f5dadc,2674275,1716143232000000000,300
OB/productcatalogservice_mem/1,OB,productcatalogservice,mem,1,300,300,stream,0.1,3,0.10204081632653061,median_shift,2,0.5,0.8,0.08333333333333333,0,1,1,13,9.248299989849329,emailservice|productcatalogservice|recommendationservice|checkoutservice|shippingservice,emailservice_latency,1.0,4,4,1.0,1.0,4,4,4,0.8936170212765957,baseline-v2-20260723,cd270e7871bd358937d83d9a49829637fa80007d2964084ef229f578e3733bd3,ba75425861a059dafcc477474fc3e4ed1eafdc2b47d6fdd0557337035d29a960,7e4a6dceaaa06989befadbc11eecfbdb6494e62ad368a7161cd07deea5f5dadc,2674275,1716143232000000000,300
OB/productcatalogservice_mem/1,OB,productcatalogservice,mem,1,300,300,stream,0.1,3,0.10204081632653061,nsigma,1,1.0,1.0,0.0,1,1,1,13,41.86440003104508,productcatalogservice|checkoutservice|emailservice|recommendationservice|shippingservice,productcatalogservice_latency,1.0,4,4,1.0,1.0,4,4,4,0.8936170212765957,baseline-v2-20260723,cd270e7871bd358937d83d9a49829637fa80007d2964084ef229f578e3733bd3,ba75425861a059dafcc477474fc3e4ed1eafdc2b47d6fdd0557337035d29a960,7e4a6dceaaa06989befadbc11eecfbdb6494e62ad368a7161cd07deea5f5dadc,2674275,1716143232000000000,300
OB/productcatalogservice_mem/1,OB,productcatalogservice,mem,1,300,300,stream,0.1,4,0.10204081632653061,baro,1,1.0,1.0,0.0,1,1,1,13,71.52459997450933,productcatalogservice|recommendationservice|checkoutservice|shippingservice|emailservice,productcatalogservice_latency,1.0,4,4,1.0,1.0,4,4,4,0.8936170212765957,baseline-v2-20260723,cd270e7871bd358937d83d9a49829637fa80007d2964084ef229f578e3733bd3,ba75425861a059dafcc477474fc3e4ed1eafdc2b47d6fdd0557337035d29a960,7e4a6dceaaa06989befadbc11eecfbdb6494e62ad368a7161cd07deea5f5dadc,2674275,1716143232000000000,300
OB/productcatalogservice_mem/1,OB,productcatalogservice,mem,1,300,300,stream,0.1,4,0.10204081632653061,median_shift,2,0.5,0.8,0.08333333333333333,0,1,1,13,15.781500027514994,emailservice|productcatalogservice|recommendationservice|checkoutservice|shippingservice,emailservice_latency,1.0,4,4,1.0,1.0,4,4,4,0.8936170212765957,baseline-v2-20260723,cd270e7871bd358937d83d9a49829637fa80007d2964084ef229f578e3733bd3,ba75425861a059dafcc477474fc3e4ed1eafdc2b47d6fdd0557337035d29a960,7e4a6dceaaa06989befadbc11eecfbdb6494e62ad368a7161cd07deea5f5dadc,2674275,1716143232000000000,300
OB/productcatalogservice_mem/1,OB,productcatalogservice,mem,1,300,300,stream,0.1,4,0.10204081632653061,nsigma,1,1.0,1.0,0.0,1,1,1,13,57.0016999845393,productcatalogservice|recommendationservice|checkoutservice|emailservice|shippingservice,productcatalogservice_latency,1.0,4,4,1.0,1.0,4,4,4,0.8936170212765957,baseline-v2-20260723,cd270e7871bd358937d83d9a49829637fa80007d2964084ef229f578e3733bd3,ba75425861a059dafcc477474fc3e4ed1eafdc2b47d6fdd0557337035d29a960,7e4a6dceaaa06989befadbc11eecfbdb6494e62ad368a7161cd07deea5f5dadc,2674275,1716143232000000000,300
OB/productcatalogservice_mem/1,OB,productcatalogservice,mem,1,300,300,stream,0.1,5,0.10204081632653061,baro,1,1.0,1.0,0.0,1,1,1,13,66.76690001040697,productcatalogservice|recommendationservice|checkoutservice|emailservice|adservice,productcatalogservice_latency,1.0,4,4,1.0,1.0,4,4,4,0.8936170212765957,baseline-v2-20260723,cd270e7871bd358937d83d9a49829637fa80007d2964084ef229f578e3733bd3,ba75425861a059dafcc477474fc3e4ed1eafdc2b47d6fdd0557337035d29a960,7e4a6dceaaa06989befadbc11eecfbdb6494e62ad368a7161cd07deea5f5dadc,2674275,1716143232000000000,300
OB/productcatalogservice_mem/1,OB,productcatalogservice,mem,1,300,300,stream,0.1,5,0.10204081632653061,median_shift,2,0.5,0.8,0.08333333333333333,0,1,1,13,8.197299961466342,emailservice|productcatalogservice|recommendationservice|checkoutservice|adservice,emailservice_latency,1.0,4,4,1.0,1.0,4,4,4,0.8936170212765957,baseline-v2-20260723,cd270e7871bd358937d83d9a49829637fa80007d2964084ef229f578e3733bd3,ba75425861a059dafcc477474fc3e4ed1eafdc2b47d6fdd0557337035d29a960,7e4a6dceaaa06989befadbc11eecfbdb6494e62ad368a7161cd07deea5f5dadc,2674275,1716143232000000000,300
OB/productcatalogservice_mem/1,OB,productcatalogservice,mem,1,300,300,stream,0.1,5,0.10204081632653061,nsigma,1,1.0,1.0,0.0,1,1,1,13,47.41560004185885,productcatalogservice|checkoutservice|emailservice|recommendationservice|adservice,productcatalogservice_latency,1.0,4,4,1.0,1.0,4,4,4,0.8936170212765957,baseline-v2-20260723,cd270e7871bd358937d83d9a49829637fa80007d2964084ef229f578e3733bd3,ba75425861a059dafcc477474fc3e4ed1eafdc2b47d6fdd0557337035d29a960,7e4a6dceaaa06989befadbc11eecfbdb6494e62ad368a7161cd07deea5f5dadc,2674275,1716143232000000000,300
OB/productcatalogservice_mem/1,OB,productcatalogservice,mem,1,300,300,stream,0.1,6,0.10204081632653061,baro,1,1.0,1.0,0.0,1,1,1,13,49.79179997462779,productcatalogservice|recommendationservice|checkoutservice|shippingservice|emailservice,productcatalogservice_latency,1.0,4,4,1.0,1.0,4,4,4,0.8936170212765957,baseline-v2-20260723,cd270e7871bd358937d83d9a49829637fa80007d2964084ef229f578e3733bd3,ba75425861a059dafcc477474fc3e4ed1eafdc2b47d6fdd0557337035d29a960,7e4a6dceaaa06989befadbc11eecfbdb6494e62ad368a7161cd07deea5f5dadc,2674275,1716143232000000000,300
OB/productcatalogservice_mem/1,OB,productcatalogservice,mem,1,300,300,stream,0.1,6,0.10204081632653061,median_shift,2,0.5,0.8,0.08333333333333333,0,1,1,13,8.487500017508864,emailservice|productcatalogservice|recommendationservice|checkoutservice|shippingservice,emailservice_latency,1.0,4,4,1.0,1.0,4,4,4,0.8936170212765957,baseline-v2-20260723,cd270e7871bd358937d83d9a49829637fa80007d2964084ef229f578e3733bd3,ba75425861a059dafcc477474fc3e4ed1eafdc2b47d6fdd0557337035d29a960,7e4a6dceaaa06989befadbc11eecfbdb6494e62ad368a7161cd07deea5f5dadc,2674275,1716143232000000000,300
OB/productcatalogservice_mem/1,OB,productcatalogservice,mem,1,300,300,stream,0.1,6,0.10204081632653061,nsigma,1,1.0,1.0,0.0,1,1,1,13,57.753500004764646,productcatalogservice|recommendationservice|checkoutservice|emailservice|shippingservice,productcatalogservice_latency,1.0,4,4,1.0,1.0,4,4,4,0.8936170212765957,baseline-v2-20260723,cd270e7871bd358937d83d9a49829637fa80007d2964084ef229f578e3733bd3,ba75425861a059dafcc477474fc3e4ed1eafdc2b47d6fdd0557337035d29a960,7e4a6dceaaa06989befadbc11eecfbdb6494e62ad368a7161cd07deea5f5dadc,2674275,1716143232000000000,300
OB/productcatalogservice_mem/1,OB,productcatalogservice,mem,1,300,300,stream,0.1,7,0.10204081632653061,baro,1,1.0,1.0,0.0,1,1,1,13,55.20149995572865,productcatalogservice|recommendationservice|checkoutservice|shippingservice|emailservice,productcatalogservice_latency,1.0,4,4,1.0,1.0,4,4,4,0.8936170212765957,baseline-v2-20260723,cd270e7871bd358937d83d9a49829637fa80007d2964084ef229f578e3733bd3,ba75425861a059dafcc477474fc3e4ed1eafdc2b47d6fdd0557337035d29a960,7e4a6dceaaa06989befadbc11eecfbdb6494e62ad368a7161cd07deea5f5dadc,2674275,1716143232000000000,300
OB/productcatalogservice_mem/1,OB,productcatalogservice,mem,1,300,300,stream,0.1,7,0.10204081632653061,median_shift,2,0.5,0.8,0.08333333333333333,0,1,1,13,9.503600012976676,emailservice|productcatalogservice|checkoutservice|recommendationservice|shippingservice,emailservice_latency,1.0,4,4,1.0,1.0,4,4,4,0.8936170212765957,baseline-v2-20260723,cd270e7871bd358937d83d9a49829637fa80007d2964084ef229f578e3733bd3,ba75425861a059dafcc477474fc3e4ed1eafdc2b47d6fdd0557337035d29a960,7e4a6dceaaa06989befadbc11eecfbdb6494e62ad368a7161cd07deea5f5dadc,2674275,1716143232000000000,300
OB/productcatalogservice_mem/1,OB,productcatalogservice,mem,1,300,300,stream,0.1,7,0.10204081632653061,nsigma,1,1.0,1.0,0.0,1,1,1,13,40.799800015520304,productcatalogservice|recommendationservice|checkoutservice|emailservice|shippingservice,productcatalogservice_latency,1.0,4,4,1.0,1.0,4,4,4,0.8936170212765957,baseline-v2-20260723,cd270e7871bd358937d83d9a49829637fa80007d2964084ef229f578e3733bd3,ba75425861a059dafcc477474fc3e4ed1eafdc2b47d6fdd0557337035d29a960,7e4a6dceaaa06989befadbc11eecfbdb6494e62ad368a7161cd07deea5f5dadc,2674275,1716143232000000000,300
OB/productcatalogservice_mem/1,OB,productcatalogservice,mem,1,300,300,stream,0.1,8,0.10204081632653061,baro,1,1.0,1.0,0.0,1,1,1,13,60.61519996728748,productcatalogservice|recommendationservice|checkoutservice|shippingservice|emailservice,productcatalogservice_latency,1.0,4,4,1.0,1.0,4,4,4,0.8936170212765957,baseline-v2-20260723,cd270e7871bd358937d83d9a49829637fa80007d2964084ef229f578e3733bd3,ba75425861a059dafcc477474fc3e4ed1eafdc2b47d6fdd0557337035d29a960,7e4a6dceaaa06989befadbc11eecfbdb6494e62ad368a7161cd07deea5f5dadc,2674275,1716143232000000000,300
OB/productcatalogservice_mem/1,OB,productcatalogservice,mem,1,300,300,stream,0.1,8,0.10204081632653061,median_shift,2,0.5,0.8,0.08333333333333333,0,1,1,13,17.22370000788942,emailservice|productcatalogservice|recommendationservice|checkoutservice|shippingservice,emailservice_latency,1.0,4,4,1.0,1.0,4,4,4,0.8936170212765957,baseline-v2-20260723,cd270e7871bd358937d83d9a49829637fa80007d2964084ef229f578e3733bd3,ba75425861a059dafcc477474fc3e4ed1eafdc2b47d6fdd0557337035d29a960,7e4a6dceaaa06989befadbc11eecfbdb6494e62ad368a7161cd07deea5f5dadc,2674275,1716143232000000000,300
OB/productcatalogservice_mem/1,OB,productcatalogservice,mem,1,300,300,stream,0.1,8,0.10204081632653061,nsigma,1,1.0,1.0,0.0,1,1,1,13,68.28319997293875,productcatalogservice|recommendationservice|checkoutservice|emailservice|shippingservice,productcatalogservice_latency,1.0,4,4,1.0,1.0,4,4,4,0.8936170212765957,baseline-v2-20260723,cd270e7871bd358937d83d9a49829637fa80007d2964084ef229f578e3733bd3,ba75425861a059dafcc477474fc3e4ed1eafdc2b47d6fdd0557337035d29a960,7e4a6dceaaa06989befadbc11eecfbdb6494e62ad368a7161cd07deea5f5dadc,2674275,1716143232000000000,300
OB/productcatalogservice_mem/1,OB,productcatalogservice,mem,1,300,300,stream,0.1,9,0.10204081632653061,baro,1,1.0,1.0,0.0,1,1,1,13,62.90999997872859,productcatalogservice|recommendationservice|checkoutservice|shippingservice|emailservice,productcatalogservice_latency,1.0,4,4,1.0,1.0,4,4,4,0.9148936170212766,baseline-v2-20260723,cd270e7871bd358937d83d9a49829637fa80007d2964084ef229f578e3733bd3,ba75425861a059dafcc477474fc3e4ed1eafdc2b47d6fdd0557337035d29a960,7e4a6dceaaa06989befadbc11eecfbdb6494e62ad368a7161cd07deea5f5dadc,2674275,1716143232000000000,300
OB/productcatalogservice_mem/1,OB,productcatalogservice,mem,1,300,300,stream,0.1,9,0.10204081632653061,median_shift,2,0.5,0.8,0.08333333333333333,0,1,1,13,11.859900027047843,emailservice|productcatalogservice|recommendationservice|checkoutservice|shippingservice,emailservice_latency,1.0,4,4,1.0,1.0,4,4,4,0.9148936170212766,baseline-v2-20260723,cd270e7871bd358937d83d9a49829637fa80007d2964084ef229f578e3733bd3,ba75425861a059dafcc477474fc3e4ed1eafdc2b47d6fdd0557337035d29a960,7e4a6dceaaa06989befadbc11eecfbdb6494e62ad368a7161cd07deea5f5dadc,2674275,1716143232000000000,300
OB/productcatalogservice_mem/1,OB,productcatalogservice,mem,1,300,300,stream,0.1,9,0.10204081632653061,nsigma,1,1.0,1.0,0.0,1,1,1,13,71.12929999129847,productcatalogservice|recommendationservice|checkoutservice|emailservice|shippingservice,productcatalogservice_latency,1.0,4,4,1.0,1.0,4,4,4,0.9148936170212766,baseline-v2-20260723,cd270e7871bd358937d83d9a49829637fa80007d2964084ef229f578e3733bd3,ba75425861a059dafcc477474fc3e4ed1eafdc2b47d6fdd0557337035d29a960,7e4a6dceaaa06989befadbc11eecfbdb6494e62ad368a7161cd07deea5f5dadc,2674275,1716143232000000000,300
OB/productcatalogservice_mem/1,OB,productcatalogservice,mem,1,300,300,stream,0.3,0,0.30612244897959184,baro,2,0.5,0.8,0.08333333333333333,0,1,1,13,48.74220001511276,recommendationservice|productcatalogservice|checkoutservice|shippingservice|emailservice,recommendationservice_mem,0.25,1,4,0.25,0.25,1,1,1,0.6808510638297872,baseline-v2-20260723,cd270e7871bd358937d83d9a49829637fa80007d2964084ef229f578e3733bd3,ba75425861a059dafcc477474fc3e4ed1eafdc2b47d6fdd0557337035d29a960,7e4a6dceaaa06989befadbc11eecfbdb6494e62ad368a7161cd07deea5f5dadc,2674275,1716143232000000000,300
OB/productcatalogservice_mem/1,OB,productcatalogservice,mem,1,300,300,stream,0.3,0,0.30612244897959184,median_shift,2,0.5,0.8,0.08333333333333333,0,1,1,13,12.528999999631196,emailservice|productcatalogservice|recommendationservice|checkoutservice|shippingservice,emailservice_latency,0.25,1,4,0.25,0.25,1,1,1,0.6808510638297872,baseline-v2-20260723,cd270e7871bd358937d83d9a49829637fa80007d2964084ef229f578e3733bd3,ba75425861a059dafcc477474fc3e4ed1eafdc2b47d6fdd0557337035d29a960,7e4a6dceaaa06989befadbc11eecfbdb6494e62ad368a7161cd07deea5f5dadc,2674275,1716143232000000000,300
OB/productcatalogservice_mem/1,OB,productcatalogservice,mem,1,300,300,stream,0.3,0,0.30612244897959184,nsigma,2,0.5,0.8,0.08333333333333333,0,1,1,13,49.62190001970157,recommendationservice|productcatalogservice|checkoutservice|emailservice|shippingservice,recommendationservice_mem,0.25,1,4,0.25,0.25,1,1,1,0.6808510638297872,baseline-v2-20260723,cd270e7871bd358937d83d9a49829637fa80007d2964084ef229f578e3733bd3,ba75425861a059dafcc477474fc3e4ed1eafdc2b47d6fdd0557337035d29a960,7e4a6dceaaa06989befadbc11eecfbdb6494e62ad368a7161cd07deea5f5dadc,2674275,1716143232000000000,300
OB/productcatalogservice_mem/1,OB,productcatalogservice,mem,1,300,300,stream,0.3,1,0.30612244897959184,baro,1,1.0,1.0,0.0,1,1,1,13,55.385899962857366,productcatalogservice|recommendationservice|shippingservice|frontend|currencyservice,productcatalogservice_latency,0.75,3,4,0.75,0.75,3,3,3,0.7021276595744681,baseline-v2-20260723,cd270e7871bd358937d83d9a49829637fa80007d2964084ef229f578e3733bd3,ba75425861a059dafcc477474fc3e4ed1eafdc2b47d6fdd0557337035d29a960,7e4a6dceaaa06989befadbc11eecfbdb6494e62ad368a7161cd07deea5f5dadc,2674275,1716143232000000000,300
OB/productcatalogservice_mem/1,OB,productcatalogservice,mem,1,300,300,stream,0.3,1,0.30612244897959184,median_shift,1,1.0,1.0,0.0,1,1,1,13,7.206000038422644,productcatalogservice|recommendationservice|shippingservice|frontend|currencyservice,productcatalogservice_latency,0.75,3,4,0.75,0.75,3,3,3,0.7021276595744681,baseline-v2-20260723,cd270e7871bd358937d83d9a49829637fa80007d2964084ef229f578e3733bd3,ba75425861a059dafcc477474fc3e4ed1eafdc2b47d6fdd0557337035d29a960,7e4a6dceaaa06989befadbc11eecfbdb6494e62ad368a7161cd07deea5f5dadc,2674275,1716143232000000000,300
OB/productcatalogservice_mem/1,OB,productcatalogservice,mem,1,300,300,stream,0.3,1,0.30612244897959184,nsigma,1,1.0,1.0,0.0,1,1,1,13,43.45369996735826,productcatalogservice|recommendationservice|shippingservice|frontend|currencyservice,productcatalogservice_latency,0.75,3,4,0.75,0.75,3,3,3,0.7021276595744681,baseline-v2-20260723,cd270e7871bd358937d83d9a49829637fa80007d2964084ef229f578e3733bd3,ba75425861a059dafcc477474fc3e4ed1eafdc2b47d6fdd0557337035d29a960,7e4a6dceaaa06989befadbc11eecfbdb6494e62ad368a7161cd07deea5f5dadc,2674275,1716143232000000000,300
OB/productcatalogservice_mem/1,OB,productcatalogservice,mem,1,300,300,stream,0.3,2,0.30612244897959184,baro,1,1.0,1.0,0.0,1,1,1,13,55.49220001557842,productcatalogservice|recommendationservice|emailservice|adservice|currencyservice,productcatalogservice_latency,0.75,3,4,0.75,0.75,3,3,3,0.6808510638297872,baseline-v2-20260723,cd270e7871bd358937d83d9a49829637fa80007d2964084ef229f578e3733bd3,ba75425861a059dafcc477474fc3e4ed1eafdc2b47d6fdd0557337035d29a960,7e4a6dceaaa06989befadbc11eecfbdb6494e62ad368a7161cd07deea5f5dadc,2674275,1716143232000000000,300
OB/productcatalogservice_mem/1,OB,productcatalogservice,mem,1,300,300,stream,0.3,2,0.30612244897959184,median_shift,2,0.5,0.8,0.08333333333333333,0,1,1,13,7.5341000338085,emailservice|productcatalogservice|recommendationservice|adservice|currencyservice,emailservice_latency,0.75,3,4,0.75,0.75,3,3,3,0.6808510638297872,baseline-v2-20260723,cd270e7871bd358937d83d9a49829637fa80007d2964084ef229f578e3733bd3,ba75425861a059dafcc477474fc3e4ed1eafdc2b47d6fdd0557337035d29a960,7e4a6dceaaa06989befadbc11eecfbdb6494e62ad368a7161cd07deea5f5dadc,2674275,1716143232000000000,300
OB/productcatalogservice_mem/1,OB,productcatalogservice,mem,1,300,300,stream,0.3,2,0.30612244897959184,nsigma,1,1.0,1.0,0.0,1,1,1,13,54.530999972485006,productcatalogservice|recommendationservice|emailservice|adservice|currencyservice,productcatalogservice_latency,0.75,3,4,0.75,0.75,3,3,3,0.6808510638297872,baseline-v2-20260723,cd270e7871bd358937d83d9a49829637fa80007d2964084ef229f578e3733bd3,ba75425861a059dafcc477474fc3e4ed1eafdc2b47d6fdd0557337035d29a960,7e4a6dceaaa06989befadbc11eecfbdb6494e62ad368a7161cd07deea5f5dadc,2674275,1716143232000000000,300
OB/productcatalogservice_mem/1,OB,productcatalogservice,mem,1,300,300,stream,0.3,3,0.30612244897959184,baro,1,1.0,1.0,0.0,1,1,1,13,62.36229999922216,productcatalogservice|recommendationservice|adservice|main|paymentservice,productcatalogservice_latency,1.0,4,4,1.0,1.0,4,4,4,0.7021276595744681,baseline-v2-20260723,cd270e7871bd358937d83d9a49829637fa80007d2964084ef229f578e3733bd3,ba75425861a059dafcc477474fc3e4ed1eafdc2b47d6fdd0557337035d29a960,7e4a6dceaaa06989befadbc11eecfbdb6494e62ad368a7161cd07deea5f5dadc,2674275,1716143232000000000,300
OB/productcatalogservice_mem/1,OB,productcatalogservice,mem,1,300,300,stream,0.3,3,0.30612244897959184,median_shift,2,0.5,0.8,0.08333333333333333,0,1,1,13,12.701999978162348,emailservice|productcatalogservice|recommendationservice|adservice|main,emailservice_latency,1.0,4,4,1.0,1.0,4,4,4,0.7021276595744681,baseline-v2-20260723,cd270e7871bd358937d83d9a49829637fa80007d2964084ef229f578e3733bd3,ba75425861a059dafcc477474fc3e4ed1eafdc2b47d6fdd0557337035d29a960,7e4a6dceaaa06989befadbc11eecfbdb6494e62ad368a7161cd07deea5f5dadc,2674275,1716143232000000000,300
OB/productcatalogservice_mem/1,OB,productcatalogservice,mem,1,300,300,stream,0.3,3,0.30612244897959184,nsigma,1,1.0,1.0,0.0,1,1,1,13,52.25739994784817,productcatalogservice|recommendationservice|adservice|main|paymentservice,productcatalogservice_latency,1.0,4,4,1.0,1.0,4,4,4,0.7021276595744681,baseline-v2-20260723,cd270e7871bd358937d83d9a49829637fa80007d2964084ef229f578e3733bd3,ba75425861a059dafcc477474fc3e4ed1eafdc2b47d6fdd0557337035d29a960,7e4a6dceaaa06989befadbc11eecfbdb6494e62ad368a7161cd07deea5f5dadc,2674275,1716143232000000000,300
OB/productcatalogservice_mem/1,OB,productcatalogservice,mem,1,300,300,stream,0.3,4,0.30612244897959184,baro,2,0.5,0.8,0.08333333333333333,0,1,1,13,58.755200006999075,recommendationservice|productcatalogservice|frontend|main|currencyservice,recommendationservice_mem,0.75,3,4,0.75,0.75,3,3,3,0.7021276595744681,baseline-v2-20260723,cd270e7871bd358937d83d9a49829637fa80007d2964084ef229f578e3733bd3,ba75425861a059dafcc477474fc3e4ed1eafdc2b47d6fdd0557337035d29a960,7e4a6dceaaa06989befadbc11eecfbdb6494e62ad368a7161cd07deea5f5dadc,2674275,1716143232000000000,300
OB/productcatalogservice_mem/1,OB,productcatalogservice,mem,1,300,300,stream,0.3,4,0.30612244897959184,median_shift,2,0.5,0.8,0.08333333333333333,0,1,1,13,7.220399973448366,emailservice|productcatalogservice|recommendationservice|main|frontend,emailservice_latency,0.75,3,4,0.75,0.75,3,3,3,0.7021276595744681,baseline-v2-20260723,cd270e7871bd358937d83d9a49829637fa80007d2964084ef229f578e3733bd3,ba75425861a059dafcc477474fc3e4ed1eafdc2b47d6fdd0557337035d29a960,7e4a6dceaaa06989befadbc11eecfbdb6494e62ad368a7161cd07deea5f5dadc,2674275,1716143232000000000,300
OB/productcatalogservice_mem/1,OB,productcatalogservice,mem,1,300,300,stream,0.3,4,0.30612244897959184,nsigma,2,0.5,0.8,0.08333333333333333,0,1,1,13,49.75940001895651,recommendationservice|productcatalogservice|main|frontend|currencyservice,recommendationservice_mem,0.75,3,4,0.75,0.75,3,3,3,0.7021276595744681,baseline-v2-20260723,cd270e7871bd358937d83d9a49829637fa80007d2964084ef229f578e3733bd3,ba75425861a059dafcc477474fc3e4ed1eafdc2b47d6fdd0557337035d29a960,7e4a6dceaaa06989befadbc11eecfbdb6494e62ad368a7161cd07deea5f5dadc,2674275,1716143232000000000,300
OB/productcatalogservice_mem/1,OB,productcatalogservice,mem,1,300,300,stream,0.3,5,0.30612244897959184,baro,1,1.0,1.0,0.0,1,1,1,13,45.24479998508468,productcatalogservice|recommendationservice|shippingservice|emailservice|frontend,productcatalogservice_latency,0.5,2,4,0.5,0.5,2,2,2,0.7021276595744681,baseline-v2-20260723,cd270e7871bd358937d83d9a49829637fa80007d2964084ef229f578e3733bd3,ba75425861a059dafcc477474fc3e4ed1eafdc2b47d6fdd0557337035d29a960,7e4a6dceaaa06989befadbc11eecfbdb6494e62ad368a7161cd07deea5f5dadc,2674275,1716143232000000000,300
OB/productcatalogservice_mem/1,OB,productcatalogservice,mem,1,300,300,stream,0.3,5,0.30612244897959184,median_shift,1,1.0,1.0,0.0,1,1,1,13,14.646900002844632,productcatalogservice|recommendationservice|shippingservice|main|frontend,productcatalogservice_latency,0.5,2,4,0.5,0.5,2,2,2,0.7021276595744681,baseline-v2-20260723,cd270e7871bd358937d83d9a49829637fa80007d2964084ef229f578e3733bd3,ba75425861a059dafcc477474fc3e4ed1eafdc2b47d6fdd0557337035d29a960,7e4a6dceaaa06989befadbc11eecfbdb6494e62ad368a7161cd07deea5f5dadc,2674275,1716143232000000000,300
OB/productcatalogservice_mem/1,OB,productcatalogservice,mem,1,300,300,stream,0.3,5,0.30612244897959184,nsigma,1,1.0,1.0,0.0,1,1,1,13,35.931000020354986,productcatalogservice|recommendationservice|emailservice|shippingservice|main,productcatalogservice_latency,0.5,2,4,0.5,0.5,2,2,2,0.7021276595744681,baseline-v2-20260723,cd270e7871bd358937d83d9a49829637fa80007d2964084ef229f578e3733bd3,ba75425861a059dafcc477474fc3e4ed1eafdc2b47d6fdd0557337035d29a960,7e4a6dceaaa06989befadbc11eecfbdb6494e62ad368a7161cd07deea5f5dadc,2674275,1716143232000000000,300
OB/productcatalogservice_mem/1,OB,productcatalogservice,mem,1,300,300,stream,0.3,6,0.30612244897959184,baro,1,1.0,1.0,0.0,1,1,1,13,50.483600003644824,productcatalogservice|recommendationservice|emailservice|adservice|main,productcatalogservice_latency,0.75,3,4,0.75,0.75,3,3,3,0.7021276595744681,baseline-v2-20260723,cd270e7871bd358937d83d9a49829637fa80007d2964084ef229f578e3733bd3,ba75425861a059dafcc477474fc3e4ed1eafdc2b47d6fdd0557337035d29a960,7e4a6dceaaa06989befadbc11eecfbdb6494e62ad368a7161cd07deea5f5dadc,2674275,1716143232000000000,300
OB/productcatalogservice_mem/1,OB,productcatalogservice,mem,1,300,300,stream,0.3,6,0.30612244897959184,median_shift,2,0.5,0.8,0.08333333333333333,0,1,1,13,7.687300036195666,emailservice|productcatalogservice|recommendationservice|adservice|main,emailservice_latency,0.75,3,4,0.75,0.75,3,3,3,0.7021276595744681,baseline-v2-20260723,cd270e7871bd358937d83d9a49829637fa80007d2964084ef229f578e3733bd3,ba75425861a059dafcc477474fc3e4ed1eafdc2b47d6fdd0557337035d29a960,7e4a6dceaaa06989befadbc11eecfbdb6494e62ad368a7161cd07deea5f5dadc,2674275,1716143232000000000,300
OB/productcatalogservice_mem/1,OB,productcatalogservice,mem,1,300,300,stream,0.3,6,0.30612244897959184,nsigma,1,1.0,1.0,0.0,1,1,1,13,57.41999996826053,productcatalogservice|recommendationservice|emailservice|adservice|main,productcatalogservice_latency,0.75,3,4,0.75,0.75,3,3,3,0.7021276595744681,baseline-v2-20260723,cd270e7871bd358937d83d9a49829637fa80007d2964084ef229f578e3733bd3,ba75425861a059dafcc477474fc3e4ed1eafdc2b47d6fdd0557337035d29a960,7e4a6dceaaa06989befadbc11eecfbdb6494e62ad368a7161cd07deea5f5dadc,2674275,1716143232000000000,300
OB/productcatalogservice_mem/1,OB,productcatalogservice,mem,1,300,300,stream,0.3,7,0.30612244897959184,baro,2,0.5,0.8,0.08333333333333333,0,1,1,13,46.39799997676164,recommendationservice|productcatalogservice|shippingservice|adservice|main,recommendationservice_mem,0.75,3,4,0.75,0.75,3,3,3,0.6808510638297872,baseline-v2-20260723,cd270e7871bd358937d83d9a49829637fa80007d2964084ef229f578e3733bd3,ba75425861a059dafcc477474fc3e4ed1eafdc2b47d6fdd0557337035d29a960,7e4a6dceaaa06989befadbc11eecfbdb6494e62ad368a7161cd07deea5f5dadc,2674275,1716143232000000000,300
OB/productcatalogservice_mem/1,OB,productcatalogservice,mem,1,300,300,stream,0.3,7,0.30612244897959184,median_shift,1,1.0,1.0,0.0,1,1,1,13,9.278500045184046,productcatalogservice|recommendationservice|shippingservice|adservice|main,productcatalogservice_mem,0.75,3,4,0.75,0.75,3,3,3,0.6808510638297872,baseline-v2-20260723,cd270e7871bd358937d83d9a49829637fa80007d2964084ef229f578e3733bd3,ba75425861a059dafcc477474fc3e4ed1eafdc2b47d6fdd0557337035d29a960,7e4a6dceaaa06989befadbc11eecfbdb6494e62ad368a7161cd07deea5f5dadc,2674275,1716143232000000000,300
OB/productcatalogservice_mem/1,OB,productcatalogservice,mem,1,300,300,stream,0.3,7,0.30612244897959184,nsigma,2,0.5,0.8,0.08333333333333333,0,1,1,13,40.90120003093034,recommendationservice|productcatalogservice|shippingservice|adservice|main,recommendationservice_mem,0.75,3,4,0.75,0.75,3,3,3,0.6808510638297872,baseline-v2-20260723,cd270e7871bd358937d83d9a49829637fa80007d2964084ef229f578e3733bd3,ba75425861a059dafcc477474fc3e4ed1eafdc2b47d6fdd0557337035d29a960,7e4a6dceaaa06989befadbc11eecfbdb6494e62ad368a7161cd07deea5f5dadc,2674275,1716143232000000000,300
OB/productcatalogservice_mem/1,OB,productcatalogservice,mem,1,300,300,stream,0.3,8,0.30612244897959184,baro,2,0.5,0.8,0.08333333333333333,0,1,1,13,54.737199970986694,recommendationservice|productcatalogservice|shippingservice|emailservice|adservice,recommendationservice_mem,0.75,3,4,0.75,0.75,3,3,3,0.7021276595744681,baseline-v2-20260723,cd270e7871bd358937d83d9a49829637fa80007d2964084ef229f578e3733bd3,ba75425861a059dafcc477474fc3e4ed1eafdc2b47d6fdd0557337035d29a960,7e4a6dceaaa06989befadbc11eecfbdb6494e62ad368a7161cd07deea5f5dadc,2674275,1716143232000000000,300
OB/productcatalogservice_mem/1,OB,productcatalogservice,mem,1,300,300,stream,0.3,8,0.30612244897959184,median_shift,2,0.5,0.8,0.08333333333333333,0,1,1,13,7.25550000788644,emailservice|productcatalogservice|recommendationservice|shippingservice|adservice,emailservice_latency,0.75,3,4,0.75,0.75,3,3,3,0.7021276595744681,baseline-v2-20260723,cd270e7871bd358937d83d9a49829637fa80007d2964084ef229f578e3733bd3,ba75425861a059dafcc477474fc3e4ed1eafdc2b47d6fdd0557337035d29a960,7e4a6dceaaa06989befadbc11eecfbdb6494e62ad368a7161cd07deea5f5dadc,2674275,1716143232000000000,300
OB/productcatalogservice_mem/1,OB,productcatalogservice,mem,1,300,300,stream,0.3,8,0.30612244897959184,nsigma,2,0.5,0.8,0.08333333333333333,0,1,1,13,56.277800002135336,recommendationservice|productcatalogservice|emailservice|shippingservice|adservice,recommendationservice_mem,0.75,3,4,0.75,0.75,3,3,3,0.7021276595744681,baseline-v2-20260723,cd270e7871bd358937d83d9a49829637fa80007d2964084ef229f578e3733bd3,ba75425861a059dafcc477474fc3e4ed1eafdc2b47d6fdd0557337035d29a960,7e4a6dceaaa06989befadbc11eecfbdb6494e62ad368a7161cd07deea5f5dadc,2674275,1716143232000000000,300
OB/productcatalogservice_mem/1,OB,productcatalogservice,mem,1,300,300,stream,0.3,9,0.30612244897959184,baro,1,1.0,1.0,0.0,1,1,1,13,49.08659995999187,productcatalogservice|recommendationservice|checkoutservice|shippingservice|adservice,productcatalogservice_latency,0.75,3,4,0.75,0.75,3,3,3,0.6808510638297872,baseline-v2-20260723,cd270e7871bd358937d83d9a49829637fa80007d2964084ef229f578e3733bd3,ba75425861a059dafcc477474fc3e4ed1eafdc2b47d6fdd0557337035d29a960,7e4a6dceaaa06989befadbc11eecfbdb6494e62ad368a7161cd07deea5f5dadc,2674275,1716143232000000000,300
OB/productcatalogservice_mem/1,OB,productcatalogservice,mem,1,300,300,stream,0.3,9,0.30612244897959184,median_shift,2,0.5,0.8,0.08333333333333333,0,1,1,13,7.073499960824847,emailservice|productcatalogservice|checkoutservice|recommendationservice|shippingservice,emailservice_latency,0.75,3,4,0.75,0.75,3,3,3,0.6808510638297872,baseline-v2-20260723,cd270e7871bd358937d83d9a49829637fa80007d2964084ef229f578e3733bd3,ba75425861a059dafcc477474fc3e4ed1eafdc2b47d6fdd0557337035d29a960,7e4a6dceaaa06989befadbc11eecfbdb6494e62ad368a7161cd07deea5f5dadc,2674275,1716143232000000000,300
OB/productcatalogservice_mem/1,OB,productcatalogservice,mem,1,300,300,stream,0.3,9,0.30612244897959184,nsigma,1,1.0,1.0,0.0,1,1,1,13,36.1960000009276,productcatalogservice|recommendationservice|checkoutservice|shippingservice|adservice,productcatalogservice_latency,0.75,3,4,0.75,0.75,3,3,3,0.6808510638297872,baseline-v2-20260723,cd270e7871bd358937d83d9a49829637fa80007d2964084ef229f578e3733bd3,ba75425861a059dafcc477474fc3e4ed1eafdc2b47d6fdd0557337035d29a960,7e4a6dceaaa06989befadbc11eecfbdb6494e62ad368a7161cd07deea5f5dadc,2674275,1716143232000000000,300
OB/productcatalogservice_mem/1,OB,productcatalogservice,mem,1,300,300,stream,0.5,0,0.4897959183673469,baro,11,0.09090909090909091,0.0,0.8333333333333334,0,0,0,13,37.32860001036897,recommendationservice|checkoutservice|emailservice|adservice|main,recommendationservice_mem,0.25,1,4,0.25,0.25,1,1,1,0.5319148936170213,baseline-v2-20260723,cd270e7871bd358937d83d9a49829637fa80007d2964084ef229f578e3733bd3,ba75425861a059dafcc477474fc3e4ed1eafdc2b47d6fdd0557337035d29a960,7e4a6dceaaa06989befadbc11eecfbdb6494e62ad368a7161cd07deea5f5dadc,2674275,1716143232000000000,300
OB/productcatalogservice_mem/1,OB,productcatalogservice,mem,1,300,300,stream,0.5,0,0.4897959183673469,median_shift,11,0.09090909090909091,0.0,0.8333333333333334,0,0,0,13,6.590700009837747,checkoutservice|recommendationservice|adservice|main|emailservice,checkoutservice_latency,0.25,1,4,0.25,0.25,1,1,1,0.5319148936170213,baseline-v2-20260723,cd270e7871bd358937d83d9a49829637fa80007d2964084ef229f578e3733bd3,ba75425861a059dafcc477474fc3e4ed1eafdc2b47d6fdd0557337035d29a960,7e4a6dceaaa06989befadbc11eecfbdb6494e62ad368a7161cd07deea5f5dadc,2674275,1716143232000000000,300
OB/productcatalogservice_mem/1,OB,productcatalogservice,mem,1,300,300,stream,0.5,0,0.4897959183673469,nsigma,11,0.09090909090909091,0.0,0.8333333333333334,0,0,0,13,30.369599990081042,recommendationservice|checkoutservice|emailservice|adservice|main,recommendationservice_mem,0.25,1,4,0.25,0.25,1,1,1,0.5319148936170213,baseline-v2-20260723,cd270e7871bd358937d83d9a49829637fa80007d2964084ef229f578e3733bd3,ba75425861a059dafcc477474fc3e4ed1eafdc2b47d6fdd0557337035d29a960,7e4a6dceaaa06989befadbc11eecfbdb6494e62ad368a7161cd07deea5f5dadc,2674275,1716143232000000000,300
OB/productcatalogservice_mem/1,OB,productcatalogservice,mem,1,300,300,stream,0.5,1,0.4897959183673469,baro,1,1.0,1.0,0.0,1,1,1,13,35.307399986777455,productcatalogservice|recommendationservice|shippingservice|emailservice|adservice,productcatalogservice_latency,0.25,1,4,0.25,0.25,1,1,1,0.5106382978723404,baseline-v2-20260723,cd270e7871bd358937d83d9a49829637fa80007d2964084ef229f578e3733bd3,ba75425861a059dafcc477474fc3e4ed1eafdc2b47d6fdd0557337035d29a960,7e4a6dceaaa06989befadbc11eecfbdb6494e62ad368a7161cd07deea5f5dadc,2674275,1716143232000000000,300
OB/productcatalogservice_mem/1,OB,productcatalogservice,mem,1,300,300,stream,0.5,1,0.4897959183673469,median_shift,1,1.0,1.0,0.0,1,1,1,13,5.940700008068234,productcatalogservice|recommendationservice|shippingservice|adservice|frontend,productcatalogservice_latency,0.25,1,4,0.25,0.25,1,1,1,0.5106382978723404,baseline-v2-20260723,cd270e7871bd358937d83d9a49829637fa80007d2964084ef229f578e3733bd3,ba75425861a059dafcc477474fc3e4ed1eafdc2b47d6fdd0557337035d29a960,7e4a6dceaaa06989befadbc11eecfbdb6494e62ad368a7161cd07deea5f5dadc,2674275,1716143232000000000,300
OB/productcatalogservice_mem/1,OB,productcatalogservice,mem,1,300,300,stream,0.5,1,0.4897959183673469,nsigma,1,1.0,1.0,0.0,1,1,1,13,30.232599994633347,productcatalogservice|recommendationservice|emailservice|shippingservice|adservice,productcatalogservice_latency,0.25,1,4,0.25,0.25,1,1,1,0.5106382978723404,baseline-v2-20260723,cd270e7871bd358937d83d9a49829637fa80007d2964084ef229f578e3733bd3,ba75425861a059dafcc477474fc3e4ed1eafdc2b47d6fdd0557337035d29a960,7e4a6dceaaa06989befadbc11eecfbdb6494e62ad368a7161cd07deea5f5dadc,2674275,1716143232000000000,300
OB/productcatalogservice_mem/1,OB,productcatalogservice,mem,1,300,300,stream,0.5,2,0.4897959183673469,baro,4,0.25,0.4,0.25,0,0,1,13,58.27839998528361,recommendationservice|checkoutservice|emailservice|productcatalogservice|currencyservice,recommendationservice_mem,0.25,1,4,0.25,0.25,1,1,1,0.5106382978723404,baseline-v2-20260723,cd270e7871bd358937d83d9a49829637fa80007d2964084ef229f578e3733bd3,ba75425861a059dafcc477474fc3e4ed1eafdc2b47d6fdd0557337035d29a960,7e4a6dceaaa06989befadbc11eecfbdb6494e62ad368a7161cd07deea5f5dadc,2674275,1716143232000000000,300
OB/productcatalogservice_mem/1,OB,productcatalogservice,mem,1,300,300,stream,0.5,2,0.4897959183673469,median_shift,3,0.3333333333333333,0.6,0.16666666666666666,0,1,1,13,9.947000013198704,recommendationservice|checkoutservice|productcatalogservice|emailservice|currencyservice,recommendationservice_latency,0.25,1,4,0.25,0.25,1,1,1,0.5106382978723404,baseline-v2-20260723,cd270e7871bd358937d83d9a49829637fa80007d2964084ef229f578e3733bd3,ba75425861a059dafcc477474fc3e4ed1eafdc2b47d6fdd0557337035d29a960,7e4a6dceaaa06989befadbc11eecfbdb6494e62ad368a7161cd07deea5f5dadc,2674275,1716143232000000000,300
OB/productcatalogservice_mem/1,OB,productcatalogservice,mem,1,300,300,stream,0.5,2,0.4897959183673469,nsigma,4,0.25,0.4,0.25,0,0,1,13,29.844500008039176,recommendationservice|checkoutservice|emailservice|productcatalogservice|currencyservice,recommendationservice_mem,0.25,1,4,0.25,0.25,1,1,1,0.5106382978723404,baseline-v2-20260723,cd270e7871bd358937d83d9a49829637fa80007d2964084ef229f578e3733bd3,ba75425861a059dafcc477474fc3e4ed1eafdc2b47d6fdd0557337035d29a960,7e4a6dceaaa06989befadbc11eecfbdb6494e62ad368a7161cd07deea5f5dadc,2674275,1716143232000000000,300
OB/productcatalogservice_mem/1,OB,productcatalogservice,mem,1,300,300,stream,0.5,3,0.4897959183673469,baro,1,1.0,1.0,0.0,1,1,1,13,38.421399949584156,productcatalogservice|recommendationservice|emailservice|adservice|frontend,productcatalogservice_latency,0.5,2,4,0.5,0.5,2,2,2,0.5106382978723404,baseline-v2-20260723,cd270e7871bd358937d83d9a49829637fa80007d2964084ef229f578e3733bd3,ba75425861a059dafcc477474fc3e4ed1eafdc2b47d6fdd0557337035d29a960,7e4a6dceaaa06989befadbc11eecfbdb6494e62ad368a7161cd07deea5f5dadc,2674275,1716143232000000000,300
OB/productcatalogservice_mem/1,OB,productcatalogservice,mem,1,300,300,stream,0.5,3,0.4897959183673469,median_shift,1,1.0,1.0,0.0,1,1,1,13,6.215800007339567,productcatalogservice|recommendationservice|adservice|frontend|emailservice,productcatalogservice_latency,0.5,2,4,0.5,0.5,2,2,2,0.5106382978723404,baseline-v2-20260723,cd270e7871bd358937d83d9a49829637fa80007d2964084ef229f578e3733bd3,ba75425861a059dafcc477474fc3e4ed1eafdc2b47d6fdd0557337035d29a960,7e4a6dceaaa06989befadbc11eecfbdb6494e62ad368a7161cd07deea5f5dadc,2674275,1716143232000000000,300
OB/productcatalogservice_mem/1,OB,productcatalogservice,mem,1,300,300,stream,0.5,3,0.4897959183673469,nsigma,1,1.0,1.0,0.0,1,1,1,13,37.892599997576326,productcatalogservice|emailservice|recommendationservice|adservice|frontend,productcatalogservice_latency,0.5,2,4,0.5,0.5,2,2,2,0.5106382978723404,baseline-v2-20260723,cd270e7871bd358937d83d9a49829637fa80007d2964084ef229f578e3733bd3,ba75425861a059dafcc477474fc3e4ed1eafdc2b47d6fdd0557337035d29a960,7e4a6dceaaa06989befadbc11eecfbdb6494e62ad368a7161cd07deea5f5dadc,2674275,1716143232000000000,300
OB/productcatalogservice_mem/1,OB,productcatalogservice,mem,1,300,300,stream,0.5,4,0.4897959183673469,baro,1,1.0,1.0,0.0,1,1,1,13,34.0178000042215,productcatalogservice|recommendationservice|checkoutservice|emailservice|frontend,productcatalogservice_latency,1.0,4,4,1.0,1.0,4,4,4,0.48936170212765956,baseline-v2-20260723,cd270e7871bd358937d83d9a49829637fa80007d2964084ef229f578e3733bd3,ba75425861a059dafcc477474fc3e4ed1eafdc2b47d6fdd0557337035d29a960,7e4a6dceaaa06989befadbc11eecfbdb6494e62ad368a7161cd07deea5f5dadc,2674275,1716143232000000000,300
OB/productcatalogservice_mem/1,OB,productcatalogservice,mem,1,300,300,stream,0.5,4,0.4897959183673469,median_shift,1,1.0,1.0,0.0,1,1,1,13,5.795200006105006,productcatalogservice|recommendationservice|checkoutservice|emailservice|frontend,productcatalogservice_latency,1.0,4,4,1.0,1.0,4,4,4,0.48936170212765956,baseline-v2-20260723,cd270e7871bd358937d83d9a49829637fa80007d2964084ef229f578e3733bd3,ba75425861a059dafcc477474fc3e4ed1eafdc2b47d6fdd0557337035d29a960,7e4a6dceaaa06989befadbc11eecfbdb6494e62ad368a7161cd07deea5f5dadc,2674275,1716143232000000000,300
OB/productcatalogservice_mem/1,OB,productcatalogservice,mem,1,300,300,stream,0.5,4,0.4897959183673469,nsigma,1,1.0,1.0,0.0,1,1,1,13,30.376300041098148,productcatalogservice|checkoutservice|emailservice|recommendationservice|frontend,productcatalogservice_latency,1.0,4,4,1.0,1.0,4,4,4,0.48936170212765956,baseline-v2-20260723,cd270e7871bd358937d83d9a49829637fa80007d2964084ef229f578e3733bd3,ba75425861a059dafcc477474fc3e4ed1eafdc2b47d6fdd0557337035d29a960,7e4a6dceaaa06989befadbc11eecfbdb6494e62ad368a7161cd07deea5f5dadc,2674275,1716143232000000000,300
OB/productcatalogservice_mem/1,OB,productcatalogservice,mem,1,300,300,stream,0.5,5,0.4897959183673469,baro,1,1.0,1.0,0.0,1,1,1,13,35.0915000308305,productcatalogservice|recommendationservice|shippingservice|emailservice|frontend,productcatalogservice_latency,0.5,2,4,0.5,0.5,2,2,2,0.48936170212765956,baseline-v2-20260723,cd270e7871bd358937d83d9a49829637fa80007d2964084ef229f578e3733bd3,ba75425861a059dafcc477474fc3e4ed1eafdc2b47d6fdd0557337035d29a960,7e4a6dceaaa06989befadbc11eecfbdb6494e62ad368a7161cd07deea5f5dadc,2674275,1716143232000000000,300
OB/productcatalogservice_mem/1,OB,productcatalogservice,mem,1,300,300,stream,0.5,5,0.4897959183673469,median_shift,2,0.5,0.8,0.08333333333333333,0,1,1,13,6.403999985195696,emailservice|productcatalogservice|recommendationservice|shippingservice|frontend,emailservice_latency,0.5,2,4,0.5,0.5,2,2,2,0.48936170212765956,baseline-v2-20260723,cd270e7871bd358937d83d9a49829637fa80007d2964084ef229f578e3733bd3,ba75425861a059dafcc477474fc3e4ed1eafdc2b47d6fdd0557337035d29a960,7e4a6dceaaa06989befadbc11eecfbdb6494e62ad368a7161cd07deea5f5dadc,2674275,1716143232000000000,300
OB/productcatalogservice_mem/1,OB,productcatalogservice,mem,1,300,300,stream,0.5,5,0.4897959183673469,nsigma,1,1.0,1.0,0.0,1,1,1,13,38.42140000779182,productcatalogservice|recommendationservice|emailservice|shippingservice|frontend,productcatalogservice_latency,0.5,2,4,0.5,0.5,2,2,2,0.48936170212765956,baseline-v2-20260723,cd270e7871bd358937d83d9a49829637fa80007d2964084ef229f578e3733bd3,ba75425861a059dafcc477474fc3e4ed1eafdc2b47d6fdd0557337035d29a960,7e4a6dceaaa06989befadbc11eecfbdb6494e62ad368a7161cd07deea5f5dadc,2674275,1716143232000000000,300
OB/productcatalogservice_mem/1,OB,productcatalogservice,mem,1,300,300,stream,0.5,6,0.4897959183673469,baro,2,0.5,0.8,0.08333333333333333,0,1,1,13,33.12590002315119,recommendationservice|productcatalogservice|shippingservice|main|currencyservice,recommendationservice_mem,0.75,3,4,0.75,0.75,3,3,3,0.5106382978723404,baseline-v2-20260723,cd270e7871bd358937d83d9a49829637fa80007d2964084ef229f578e3733bd3,ba75425861a059dafcc477474fc3e4ed1eafdc2b47d6fdd0557337035d29a960,7e4a6dceaaa06989befadbc11eecfbdb6494e62ad368a7161cd07deea5f5dadc,2674275,1716143232000000000,300
OB/productcatalogservice_mem/1,OB,productcatalogservice,mem,1,300,300,stream,0.5,6,0.4897959183673469,median_shift,2,0.5,0.8,0.08333333333333333,0,1,1,13,5.828000023029745,emailservice|productcatalogservice|recommendationservice|shippingservice|main,emailservice_latency,0.75,3,4,0.75,0.75,3,3,3,0.5106382978723404,baseline-v2-20260723,cd270e7871bd358937d83d9a49829637fa80007d2964084ef229f578e3733bd3,ba75425861a059dafcc477474fc3e4ed1eafdc2b47d6fdd0557337035d29a960,7e4a6dceaaa06989befadbc11eecfbdb6494e62ad368a7161cd07deea5f5dadc,2674275,1716143232000000000,300
OB/productcatalogservice_mem/1,OB,productcatalogservice,mem,1,300,300,stream,0.5,6,0.4897959183673469,nsigma,2,0.5,0.8,0.08333333333333333,0,1,1,13,28.736700012814254,recommendationservice|productcatalogservice|shippingservice|main|currencyservice,recommendationservice_mem,0.75,3,4,0.75,0.75,3,3,3,0.5106382978723404,baseline-v2-20260723,cd270e7871bd358937d83d9a49829637fa80007d2964084ef229f578e3733bd3,ba75425861a059dafcc477474fc3e4ed1eafdc2b47d6fdd0557337035d29a960,7e4a6dceaaa06989befadbc11eecfbdb6494e62ad368a7161cd07deea5f5dadc,2674275,1716143232000000000,300
OB/productcatalogservice_mem/1,OB,productcatalogservice,mem,1,300,300,stream,0.5,7,0.4897959183673469,baro,13,0.07692307692307693,0.0,1.0,0,0,0,13,33.412399992812425,recommendationservice|checkoutservice|shippingservice|paymentservice|cartservice,recommendationservice_mem,0.0,0,4,0.0,0.0,0,0,0,0.5106382978723404,baseline-v2-20260723,cd270e7871bd358937d83d9a49829637fa80007d2964084ef229f578e3733bd3,ba75425861a059dafcc477474fc3e4ed1eafdc2b47d6fdd0557337035d29a960,7e4a6dceaaa06989befadbc11eecfbdb6494e62ad368a7161cd07deea5f5dadc,2674275,1716143232000000000,300
OB/productcatalogservice_mem/1,OB,productcatalogservice,mem,1,300,300,stream,0.5,7,0.4897959183673469,median_shift,13,0.07692307692307693,0.0,1.0,0,0,0,13,6.434999988414347,emailservice|checkoutservice|recommendationservice|shippingservice|frontend,emailservice_latency,0.0,0,4,0.0,0.0,0,0,0,0.5106382978723404,baseline-v2-20260723,cd270e7871bd358937d83d9a49829637fa80007d2964084ef229f578e3733bd3,ba75425861a059dafcc477474fc3e4ed1eafdc2b47d6fdd0557337035d29a960,7e4a6dceaaa06989befadbc11eecfbdb6494e62ad368a7161cd07deea5f5dadc,2674275,1716143232000000000,300
OB/productcatalogservice_mem/1,OB,productcatalogservice,mem,1,300,300,stream,0.5,7,0.4897959183673469,nsigma,13,0.07692307692307693,0.0,1.0,0,0,0,13,28.419399983249605,recommendationservice|checkoutservice|shippingservice|paymentservice|cartservice,recommendationservice_mem,0.0,0,4,0.0,0.0,0,0,0,0.5106382978723404,baseline-v2-20260723,cd270e7871bd358937d83d9a49829637fa80007d2964084ef229f578e3733bd3,ba75425861a059dafcc477474fc3e4ed1eafdc2b47d6fdd0557337035d29a960,7e4a6dceaaa06989befadbc11eecfbdb6494e62ad368a7161cd07deea5f5dadc,2674275,1716143232000000000,300
OB/productcatalogservice_mem/1,OB,productcatalogservice,mem,1,300,300,stream,0.5,8,0.4897959183673469,baro,1,1.0,1.0,0.0,1,1,1,13,34.48459994979203,productcatalogservice|recommendationservice|shippingservice|emailservice|frontend,productcatalogservice_latency,0.25,1,4,0.25,0.25,1,1,1,0.5319148936170213,baseline-v2-20260723,cd270e7871bd358937d83d9a49829637fa80007d2964084ef229f578e3733bd3,ba75425861a059dafcc477474fc3e4ed1eafdc2b47d6fdd0557337035d29a960,7e4a6dceaaa06989befadbc11eecfbdb6494e62ad368a7161cd07deea5f5dadc,2674275,1716143232000000000,300
OB/productcatalogservice_mem/1,OB,productcatalogservice,mem,1,300,300,stream,0.5,8,0.4897959183673469,median_shift,2,0.5,0.8,0.08333333333333333,0,1,1,13,6.085099943447858,emailservice|productcatalogservice|recommendationservice|shippingservice|main,emailservice_latency,0.25,1,4,0.25,0.25,1,1,1,0.5319148936170213,baseline-v2-20260723,cd270e7871bd358937d83d9a49829637fa80007d2964084ef229f578e3733bd3,ba75425861a059dafcc477474fc3e4ed1eafdc2b47d6fdd0557337035d29a960,7e4a6dceaaa06989befadbc11eecfbdb6494e62ad368a7161cd07deea5f5dadc,2674275,1716143232000000000,300
OB/productcatalogservice_mem/1,OB,productcatalogservice,mem,1,300,300,stream,0.5,8,0.4897959183673469,nsigma,1,1.0,1.0,0.0,1,1,1,13,29.838299960829318,productcatalogservice|emailservice|recommendationservice|shippingservice|main,productcatalogservice_latency,0.25,1,4,0.25,0.25,1,1,1,0.5319148936170213,baseline-v2-20260723,cd270e7871bd358937d83d9a49829637fa80007d2964084ef229f578e3733bd3,ba75425861a059dafcc477474fc3e4ed1eafdc2b47d6fdd0557337035d29a960,7e4a6dceaaa06989befadbc11eecfbdb6494e62ad368a7161cd07deea5f5dadc,2674275,1716143232000000000,300
OB/productcatalogservice_mem/1,OB,productcatalogservice,mem,1,300,300,stream,0.5,9,0.4897959183673469,baro,1,1.0,1.0,0.0,1,1,1,13,35.114599973894656,productcatalogservice|recommendationservice|checkoutservice|shippingservice|emailservice,productcatalogservice_mem,0.5,2,4,0.5,0.5,2,2,2,0.5319148936170213,baseline-v2-20260723,cd270e7871bd358937d83d9a49829637fa80007d2964084ef229f578e3733bd3,ba75425861a059dafcc477474fc3e4ed1eafdc2b47d6fdd0557337035d29a960,7e4a6dceaaa06989befadbc11eecfbdb6494e62ad368a7161cd07deea5f5dadc,2674275,1716143232000000000,300
OB/productcatalogservice_mem/1,OB,productcatalogservice,mem,1,300,300,stream,0.5,9,0.4897959183673469,median_shift,1,1.0,1.0,0.0,1,1,1,13,6.250300037208945,productcatalogservice|recommendationservice|checkoutservice|shippingservice|adservice,productcatalogservice_mem,0.5,2,4,0.5,0.5,2,2,2,0.5319148936170213,baseline-v2-20260723,cd270e7871bd358937d83d9a49829637fa80007d2964084ef229f578e3733bd3,ba75425861a059dafcc477474fc3e4ed1eafdc2b47d6fdd0557337035d29a960,7e4a6dceaaa06989befadbc11eecfbdb6494e62ad368a7161cd07deea5f5dadc,2674275,1716143232000000000,300
OB/productcatalogservice_mem/1,OB,productcatalogservice,mem,1,300,300,stream,0.5,9,0.4897959183673469,nsigma,1,1.0,1.0,0.0,1,1,1,13,30.15960002085194,productcatalogservice|checkoutservice|emailservice|recommendationservice|shippingservice,productcatalogservice_mem,0.5,2,4,0.5,0.5,2,2,2,0.5319148936170213,baseline-v2-20260723,cd270e7871bd358937d83d9a49829637fa80007d2964084ef229f578e3733bd3,ba75425861a059dafcc477474fc3e4ed1eafdc2b47d6fdd0557337035d29a960,7e4a6dceaaa06989befadbc11eecfbdb6494e62ad368a7161cd07deea5f5dadc,2674275,1716143232000000000,300
