case_id,system,root_service,fault,repetition,n_pre,n_post,mechanism,rate,replicate,realized_rate,method,rank,reciprocal_rank,avg_at_5,normalized_rank,hit_at_1,hit_at_3,hit_at_5,candidate_count,elapsed_ms,top_5,top_evidence_metric,root_observed_fraction,root_streams_available,root_streams_total,root_pre_observed_fraction,root_post_observed_fraction,root_streams_pre_available,root_streams_post_available,root_streams_scorable,observed_fraction,runner_version,code_hash,config_fingerprint,source_fingerprint,source_size,source_mtime_ns,window
OB/cartservice_disk/1,OB,cartservice,disk,1,300,300,burst,0.1,0,0.1,baro,1,1.0,1.0,0.0,1,1,1,13,68.78229998983443,cartservice|paymentservice|checkoutservice|currencyservice|emailservice,cartservice_latency-90,0.9,5,5,0.92,0.88,5,5,5,0.9,baseline-v2-20260723,cd270e7871bd358937d83d9a49829637fa80007d2964084ef229f578e3733bd3,ba75425861a059dafcc477474fc3e4ed1eafdc2b47d6fdd0557337035d29a960,05a827162dee84ea7783474fc88fe615d39a0665bdba55662e440bd0c3864018,572774,1716143232000000000,300
OB/cartservice_disk/1,OB,cartservice,disk,1,300,300,burst,0.1,0,0.1,median_shift,1,1.0,1.0,0.0,1,1,1,13,11.63039996754378,cartservice|paymentservice|checkoutservice|emailservice|recommendationservice,cartservice_latency-90,0.9,5,5,0.92,0.88,5,5,5,0.9,baseline-v2-20260723,cd270e7871bd358937d83d9a49829637fa80007d2964084ef229f578e3733bd3,ba75425861a059dafcc477474fc3e4ed1eafdc2b47d6fdd0557337035d29a960,05a827162dee84ea7783474fc88fe615d39a0665bdba55662e440bd0c3864018,572774,1716143232000000000,300
OB/cartservice_disk/1,OB,cartservice,disk,1,300,300,burst,0.1,0,0.1,nsigma,1,1.0,1.0,0.0,1,1,1,13,56.17669998900965,cartservice|paymentservice|checkoutservice|emailservice|adservice,cartservice_latency-90,0.9,5,5,0.92,0.88,5,5,5,0.9,baseline-v2-20260723,cd270e7871bd358937d83d9a49829637fa80007d2964084ef229f578e3733bd3,ba75425861a059dafcc477474fc3e4ed1eafdc2b47d6fdd0557337035d29a960,05a827162dee84ea7783474fc88fe615d39a0665bdba55662e440bd0c3864018,572774,1716143232000000000,300
OB/cartservice_disk/1,OB,cartservice,disk,1,300,300,burst,0.1,1,0.1,baro,1,1.0,1.0,0.0,1,1,1,13,69.09710000036284,cartservice|paymentservice|emailservice|checkoutservice|currencyservice,cartservice_latency-90,0.9,5,5,0.96,0.84,5,5,5,0.9,baseline-v2-20260723,cd270e7871bd358937d83d9a49829637fa80007d2964084ef229f578e3733bd3,ba75425861a059dafcc477474fc3e4ed1eafdc2b47d6fdd0557337035d29a960,05a827162dee84ea7783474fc88fe615d39a0665bdba55662e440bd0c3864018,572774,1716143232000000000,300
OB/cartservice_disk/1,OB,cartservice,disk,1,300,300,burst,0.1,1,0.1,median_shift,1,1.0,1.0,0.0,1,1,1,13,14.020700007677078,cartservice|paymentservice|checkoutservice|recommendationservice|emailservice,cartservice_latency-90,0.9,5,5,0.96,0.84,5,5,5,0.9,baseline-v2-20260723,cd270e7871bd358937d83d9a49829637fa80007d2964084ef229f578e3733bd3,ba75425861a059dafcc477474fc3e4ed1eafdc2b47d6fdd0557337035d29a960,05a827162dee84ea7783474fc88fe615d39a0665bdba55662e440bd0c3864018,572774,1716143232000000000,300
OB/cartservice_disk/1,OB,cartservice,disk,1,300,300,burst,0.1,1,0.1,nsigma,1,1.0,1.0,0.0,1,1,1,13,69.53229999635369,cartservice|paymentservice|checkoutservice|emailservice|adservice,cartservice_latency-90,0.9,5,5,0.96,0.84,5,5,5,0.9,baseline-v2-20260723,cd270e7871bd358937d83d9a49829637fa80007d2964084ef229f578e3733bd3,ba75425861a059dafcc477474fc3e4ed1eafdc2b47d6fdd0557337035d29a960,05a827162dee84ea7783474fc88fe615d39a0665bdba55662e440bd0c3864018,572774,1716143232000000000,300
OB/cartservice_disk/1,OB,cartservice,disk,1,300,300,burst,0.1,2,0.1,baro,1,1.0,1.0,0.0,1,1,1,13,90.03049996681511,cartservice|paymentservice|currencyservice|checkoutservice|emailservice,cartservice_latency-90,0.9,5,5,0.88,0.92,5,5,5,0.9,baseline-v2-20260723,cd270e7871bd358937d83d9a49829637fa80007d2964084ef229f578e3733bd3,ba75425861a059dafcc477474fc3e4ed1eafdc2b47d6fdd0557337035d29a960,05a827162dee84ea7783474fc88fe615d39a0665bdba55662e440bd0c3864018,572774,1716143232000000000,300
OB/cartservice_disk/1,OB,cartservice,disk,1,300,300,burst,0.1,2,0.1,median_shift,1,1.0,1.0,0.0,1,1,1,13,18.05630000308156,cartservice|paymentservice|checkoutservice|emailservice|recommendationservice,cartservice_latency-50,0.9,5,5,0.88,0.92,5,5,5,0.9,baseline-v2-20260723,cd270e7871bd358937d83d9a49829637fa80007d2964084ef229f578e3733bd3,ba75425861a059dafcc477474fc3e4ed1eafdc2b47d6fdd0557337035d29a960,05a827162dee84ea7783474fc88fe615d39a0665bdba55662e440bd0c3864018,572774,1716143232000000000,300
OB/cartservice_disk/1,OB,cartservice,disk,1,300,300,burst,0.1,2,0.1,nsigma,1,1.0,1.0,0.0,1,1,1,13,58.54280001949519,cartservice|paymentservice|checkoutservice|emailservice|adservice,cartservice_latency-50,0.9,5,5,0.88,0.92,5,5,5,0.9,baseline-v2-20260723,cd270e7871bd358937d83d9a49829637fa80007d2964084ef229f578e3733bd3,ba75425861a059dafcc477474fc3e4ed1eafdc2b47d6fdd0557337035d29a960,05a827162dee84ea7783474fc88fe615d39a0665bdba55662e440bd0c3864018,572774,1716143232000000000,300
OB/cartservice_disk/1,OB,cartservice,disk,1,300,300,burst,0.1,3,0.1,baro,1,1.0,1.0,0.0,1,1,1,13,98.21010002633557,cartservice|paymentservice|currencyservice|emailservice|checkoutservice,cartservice_latency-90,0.9,5,5,0.9553333333333334,0.8446666666666667,5,5,5,0.9,baseline-v2-20260723,cd270e7871bd358937d83d9a49829637fa80007d2964084ef229f578e3733bd3,ba75425861a059dafcc477474fc3e4ed1eafdc2b47d6fdd0557337035d29a960,05a827162dee84ea7783474fc88fe615d39a0665bdba55662e440bd0c3864018,572774,1716143232000000000,300
OB/cartservice_disk/1,OB,cartservice,disk,1,300,300,burst,0.1,3,0.1,median_shift,1,1.0,1.0,0.0,1,1,1,13,13.54780001565814,cartservice|paymentservice|checkoutservice|recommendationservice|emailservice,cartservice_latency-90,0.9,5,5,0.9553333333333334,0.8446666666666667,5,5,5,0.9,baseline-v2-20260723,cd270e7871bd358937d83d9a49829637fa80007d2964084ef229f578e3733bd3,ba75425861a059dafcc477474fc3e4ed1eafdc2b47d6fdd0557337035d29a960,05a827162dee84ea7783474fc88fe615d39a0665bdba55662e440bd0c3864018,572774,1716143232000000000,300
OB/cartservice_disk/1,OB,cartservice,disk,1,300,300,burst,0.1,3,0.1,nsigma,1,1.0,1.0,0.0,1,1,1,13,60.16180000733584,cartservice|paymentservice|checkoutservice|emailservice|adservice,cartservice_latency-50,0.9,5,5,0.9553333333333334,0.8446666666666667,5,5,5,0.9,baseline-v2-20260723,cd270e7871bd358937d83d9a49829637fa80007d2964084ef229f578e3733bd3,ba75425861a059dafcc477474fc3e4ed1eafdc2b47d6fdd0557337035d29a960,05a827162dee84ea7783474fc88fe615d39a0665bdba55662e440bd0c3864018,572774,1716143232000000000,300
OB/cartservice_disk/1,OB,cartservice,disk,1,300,300,burst,0.1,4,0.1,baro,1,1.0,1.0,0.0,1,1,1,13,83.67570000700653,cartservice|paymentservice|checkoutservice|currencyservice|emailservice,cartservice_latency-90,0.9,5,5,0.8773333333333333,0.9226666666666666,5,5,5,0.9,baseline-v2-20260723,cd270e7871bd358937d83d9a49829637fa80007d2964084ef229f578e3733bd3,ba75425861a059dafcc477474fc3e4ed1eafdc2b47d6fdd0557337035d29a960,05a827162dee84ea7783474fc88fe615d39a0665bdba55662e440bd0c3864018,572774,1716143232000000000,300
OB/cartservice_disk/1,OB,cartservice,disk,1,300,300,burst,0.1,4,0.1,median_shift,1,1.0,1.0,0.0,1,1,1,13,21.628900023642927,cartservice|paymentservice|checkoutservice|recommendationservice|emailservice,cartservice_latency-50,0.9,5,5,0.8773333333333333,0.9226666666666666,5,5,5,0.9,baseline-v2-20260723,cd270e7871bd358937d83d9a49829637fa80007d2964084ef229f578e3733bd3,ba75425861a059dafcc477474fc3e4ed1eafdc2b47d6fdd0557337035d29a960,05a827162dee84ea7783474fc88fe615d39a0665bdba55662e440bd0c3864018,572774,1716143232000000000,300
OB/cartservice_disk/1,OB,cartservice,disk,1,300,300,burst,0.1,4,0.1,nsigma,1,1.0,1.0,0.0,1,1,1,13,53.954599949065596,cartservice|paymentservice|checkoutservice|emailservice|adservice,cartservice_latency-90,0.9,5,5,0.8773333333333333,0.9226666666666666,5,5,5,0.9,baseline-v2-20260723,cd270e7871bd358937d83d9a49829637fa80007d2964084ef229f578e3733bd3,ba75425861a059dafcc477474fc3e4ed1eafdc2b47d6fdd0557337035d29a960,05a827162dee84ea7783474fc88fe615d39a0665bdba55662e440bd0c3864018,572774,1716143232000000000,300
OB/cartservice_disk/1,OB,cartservice,disk,1,300,300,burst,0.1,5,0.1,baro,1,1.0,1.0,0.0,1,1,1,13,91.634200012777,cartservice|paymentservice|checkoutservice|currencyservice|emailservice,cartservice_latency-90,0.9,5,5,0.96,0.84,5,5,5,0.9,baseline-v2-20260723,cd270e7871bd358937d83d9a49829637fa80007d2964084ef229f578e3733bd3,ba75425861a059dafcc477474fc3e4ed1eafdc2b47d6fdd0557337035d29a960,05a827162dee84ea7783474fc88fe615d39a0665bdba55662e440bd0c3864018,572774,1716143232000000000,300
OB/cartservice_disk/1,OB,cartservice,disk,1,300,300,burst,0.1,5,0.1,median_shift,1,1.0,1.0,0.0,1,1,1,13,17.215300002135336,cartservice|paymentservice|checkoutservice|recommendationservice|emailservice,cartservice_latency-90,0.9,5,5,0.96,0.84,5,5,5,0.9,baseline-v2-20260723,cd270e7871bd358937d83d9a49829637fa80007d2964084ef229f578e3733bd3,ba75425861a059dafcc477474fc3e4ed1eafdc2b47d6fdd0557337035d29a960,05a827162dee84ea7783474fc88fe615d39a0665bdba55662e440bd0c3864018,572774,1716143232000000000,300
OB/cartservice_disk/1,OB,cartservice,disk,1,300,300,burst,0.1,5,0.1,nsigma,1,1.0,1.0,0.0,1,1,1,13,65.9206000273116,cartservice|paymentservice|checkoutservice|emailservice|adservice,cartservice_latency-50,0.9,5,5,0.96,0.84,5,5,5,0.9,baseline-v2-20260723,cd270e7871bd358937d83d9a49829637fa80007d2964084ef229f578e3733bd3,ba75425861a059dafcc477474fc3e4ed1eafdc2b47d6fdd0557337035d29a960,05a827162dee84ea7783474fc88fe615d39a0665bdba55662e440bd0c3864018,572774,1716143232000000000,300
OB/cartservice_disk/1,OB,cartservice,disk,1,300,300,burst,0.1,6,0.1,baro,1,1.0,1.0,0.0,1,1,1,13,66.24529999680817,cartservice|paymentservice|recommendationservice|redis|checkoutservice,cartservice_latency-90,0.9,5,5,0.986,0.814,5,5,5,0.9,baseline-v2-20260723,cd270e7871bd358937d83d9a49829637fa80007d2964084ef229f578e3733bd3,ba75425861a059dafcc477474fc3e4ed1eafdc2b47d6fdd0557337035d29a960,05a827162dee84ea7783474fc88fe615d39a0665bdba55662e440bd0c3864018,572774,1716143232000000000,300
OB/cartservice_disk/1,OB,cartservice,disk,1,300,300,burst,0.1,6,0.1,median_shift,1,1.0,1.0,0.0,1,1,1,13,11.976299982052296,cartservice|paymentservice|recommendationservice|checkoutservice|emailservice,cartservice_latency-90,0.9,5,5,0.986,0.814,5,5,5,0.9,baseline-v2-20260723,cd270e7871bd358937d83d9a49829637fa80007d2964084ef229f578e3733bd3,ba75425861a059dafcc477474fc3e4ed1eafdc2b47d6fdd0557337035d29a960,05a827162dee84ea7783474fc88fe615d39a0665bdba55662e440bd0c3864018,572774,1716143232000000000,300
OB/cartservice_disk/1,OB,cartservice,disk,1,300,300,burst,0.1,6,0.1,nsigma,1,1.0,1.0,0.0,1,1,1,13,86.83829999063164,cartservice|paymentservice|checkoutservice|emailservice|adservice,cartservice_latency-50,0.9,5,5,0.986,0.814,5,5,5,0.9,baseline-v2-20260723,cd270e7871bd358937d83d9a49829637fa80007d2964084ef229f578e3733bd3,ba75425861a059dafcc477474fc3e4ed1eafdc2b47d6fdd0557337035d29a960,05a827162dee84ea7783474fc88fe615d39a0665bdba55662e440bd0c3864018,572774,1716143232000000000,300
OB/cartservice_disk/1,OB,cartservice,disk,1,300,300,burst,0.1,7,0.1,baro,1,1.0,1.0,0.0,1,1,1,13,85.74970002518967,cartservice|paymentservice|checkoutservice|currencyservice|emailservice,cartservice_latency-90,0.9,5,5,0.84,0.96,5,5,5,0.9,baseline-v2-20260723,cd270e7871bd358937d83d9a49829637fa80007d2964084ef229f578e3733bd3,ba75425861a059dafcc477474fc3e4ed1eafdc2b47d6fdd0557337035d29a960,05a827162dee84ea7783474fc88fe615d39a0665bdba55662e440bd0c3864018,572774,1716143232000000000,300
OB/cartservice_disk/1,OB,cartservice,disk,1,300,300,burst,0.1,7,0.1,median_shift,1,1.0,1.0,0.0,1,1,1,13,22.18079997692257,cartservice|paymentservice|checkoutservice|recommendationservice|redis,cartservice_latency-90,0.9,5,5,0.84,0.96,5,5,5,0.9,baseline-v2-20260723,cd270e7871bd358937d83d9a49829637fa80007d2964084ef229f578e3733bd3,ba75425861a059dafcc477474fc3e4ed1eafdc2b47d6fdd0557337035d29a960,05a827162dee84ea7783474fc88fe615d39a0665bdba55662e440bd0c3864018,572774,1716143232000000000,300
OB/cartservice_disk/1,OB,cartservice,disk,1,300,300,burst,0.1,7,0.1,nsigma,1,1.0,1.0,0.0,1,1,1,13,79.1742000146769,cartservice|paymentservice|checkoutservice|emailservice|adservice,cartservice_latency-50,0.9,5,5,0.84,0.96,5,5,5,0.9,baseline-v2-20260723,cd270e7871bd358937d83d9a49829637fa80007d2964084ef229f578e3733bd3,ba75425861a059dafcc477474fc3e4ed1eafdc2b47d6fdd0557337035d29a960,05a827162dee84ea7783474fc88fe615d39a0665bdba55662e440bd0c3864018,572774,1716143232000000000,300
OB/cartservice_disk/1,OB,cartservice,disk,1,300,300,burst,0.1,8,0.1,baro,1,1.0,1.0,0.0,1,1,1,13,88.3758999989368,cartservice|paymentservice|checkoutservice|currencyservice|emailservice,cartservice_latency-90,0.9,5,5,0.92,0.88,5,5,5,0.9,baseline-v2-20260723,cd270e7871bd358937d83d9a49829637fa80007d2964084ef229f578e3733bd3,ba75425861a059dafcc477474fc3e4ed1eafdc2b47d6fdd0557337035d29a960,05a827162dee84ea7783474fc88fe615d39a0665bdba55662e440bd0c3864018,572774,1716143232000000000,300
OB/cartservice_disk/1,OB,cartservice,disk,1,300,300,burst,0.1,8,0.1,median_shift,1,1.0,1.0,0.0,1,1,1,13,11.684399971272796,cartservice|paymentservice|checkoutservice|recommendationservice|emailservice,cartservice_latency-90,0.9,5,5,0.92,0.88,5,5,5,0.9,baseline-v2-20260723,cd270e7871bd358937d83d9a49829637fa80007d2964084ef229f578e3733bd3,ba75425861a059dafcc477474fc3e4ed1eafdc2b47d6fdd0557337035d29a960,05a827162dee84ea7783474fc88fe615d39a0665bdba55662e440bd0c3864018,572774,1716143232000000000,300
OB/cartservice_disk/1,OB,cartservice,disk,1,300,300,burst,0.1,8,0.1,nsigma,1,1.0,1.0,0.0,1,1,1,13,73.35150003200397,cartservice|paymentservice|checkoutservice|emailservice|adservice,cartservice_latency-50,0.9,5,5,0.92,0.88,5,5,5,0.9,baseline-v2-20260723,cd270e7871bd358937d83d9a49829637fa80007d2964084ef229f578e3733bd3,ba75425861a059dafcc477474fc3e4ed1eafdc2b47d6fdd0557337035d29a960,05a827162dee84ea7783474fc88fe615d39a0665bdba55662e440bd0c3864018,572774,1716143232000000000,300
OB/cartservice_disk/1,OB,cartservice,disk,1,300,300,burst,0.1,9,0.1,baro,1,1.0,1.0,0.0,1,1,1,13,74.44319996284321,cartservice|paymentservice|currencyservice|checkoutservice|frontend,cartservice_latency-90,0.9,5,5,0.96,0.84,5,5,5,0.9,baseline-v2-20260723,cd270e7871bd358937d83d9a49829637fa80007d2964084ef229f578e3733bd3,ba75425861a059dafcc477474fc3e4ed1eafdc2b47d6fdd0557337035d29a960,05a827162dee84ea7783474fc88fe615d39a0665bdba55662e440bd0c3864018,572774,1716143232000000000,300
OB/cartservice_disk/1,OB,cartservice,disk,1,300,300,burst,0.1,9,0.1,median_shift,1,1.0,1.0,0.0,1,1,1,13,11.138799949549139,cartservice|paymentservice|checkoutservice|recommendationservice|redis,cartservice_latency-50,0.9,5,5,0.96,0.84,5,5,5,0.9,baseline-v2-20260723,cd270e7871bd358937d83d9a49829637fa80007d2964084ef229f578e3733bd3,ba75425861a059dafcc477474fc3e4ed1eafdc2b47d6fdd0557337035d29a960,05a827162dee84ea7783474fc88fe615d39a0665bdba55662e440bd0c3864018,572774,1716143232000000000,300
OB/cartservice_disk/1,OB,cartservice,disk,1,300,300,burst,0.1,9,0.1,nsigma,1,1.0,1.0,0.0,1,1,1,13,86.8936000042595,cartservice|paymentservice|checkoutservice|emailservice|adservice,cartservice_latency-50,0.9,5,5,0.96,0.84,5,5,5,0.9,baseline-v2-20260723,cd270e7871bd358937d83d9a49829637fa80007d2964084ef229f578e3733bd3,ba75425861a059dafcc477474fc3e4ed1eafdc2b47d6fdd0557337035d29a960,05a827162dee84ea7783474fc88fe615d39a0665bdba55662e440bd0c3864018,572774,1716143232000000000,300
OB/cartservice_disk/1,OB,cartservice,disk,1,300,300,burst,0.3,0,0.3,baro,1,1.0,1.0,0.0,1,1,1,13,63.39179998030886,cartservice|emailservice|paymentservice|frontend|productcatalogservice,cartservice_latency-90,0.7,5,5,0.5273333333333333,0.8726666666666667,5,5,5,0.7,baseline-v2-20260723,cd270e7871bd358937d83d9a49829637fa80007d2964084ef229f578e3733bd3,ba75425861a059dafcc477474fc3e4ed1eafdc2b47d6fdd0557337035d29a960,05a827162dee84ea7783474fc88fe615d39a0665bdba55662e440bd0c3864018,572774,1716143232000000000,300
OB/cartservice_disk/1,OB,cartservice,disk,1,300,300,burst,0.3,0,0.3,median_shift,1,1.0,1.0,0.0,1,1,1,13,11.121299990918487,cartservice|paymentservice|checkoutservice|recommendationservice|adservice,cartservice_latency-50,0.7,5,5,0.5273333333333333,0.8726666666666667,5,5,5,0.7,baseline-v2-20260723,cd270e7871bd358937d83d9a49829637fa80007d2964084ef229f578e3733bd3,ba75425861a059dafcc477474fc3e4ed1eafdc2b47d6fdd0557337035d29a960,05a827162dee84ea7783474fc88fe615d39a0665bdba55662e440bd0c3864018,572774,1716143232000000000,300
OB/cartservice_disk/1,OB,cartservice,disk,1,300,300,burst,0.3,0,0.3,nsigma,1,1.0,1.0,0.0,1,1,1,13,53.08400001376867,cartservice|paymentservice|checkoutservice|emailservice|adservice,cartservice_latency-90,0.7,5,5,0.5273333333333333,0.8726666666666667,5,5,5,0.7,baseline-v2-20260723,cd270e7871bd358937d83d9a49829637fa80007d2964084ef229f578e3733bd3,ba75425861a059dafcc477474fc3e4ed1eafdc2b47d6fdd0557337035d29a960,05a827162dee84ea7783474fc88fe615d39a0665bdba55662e440bd0c3864018,572774,1716143232000000000,300
OB/cartservice_disk/1,OB,cartservice,disk,1,300,300,burst,0.3,1,0.3,baro,1,1.0,1.0,0.0,1,1,1,13,62.899200012907386,cartservice|frontend|currencyservice|paymentservice|productcatalogservice,cartservice_latency-50,0.7,5,5,0.646,0.754,5,5,5,0.7,baseline-v2-20260723,cd270e7871bd358937d83d9a49829637fa80007d2964084ef229f578e3733bd3,ba75425861a059dafcc477474fc3e4ed1eafdc2b47d6fdd0557337035d29a960,05a827162dee84ea7783474fc88fe615d39a0665bdba55662e440bd0c3864018,572774,1716143232000000000,300
OB/cartservice_disk/1,OB,cartservice,disk,1,300,300,burst,0.3,1,0.3,median_shift,1,1.0,1.0,0.0,1,1,1,13,10.987999965436757,cartservice|paymentservice|checkoutservice|emailservice|recommendationservice,cartservice_latency-50,0.7,5,5,0.646,0.754,5,5,5,0.7,baseline-v2-20260723,cd270e7871bd358937d83d9a49829637fa80007d2964084ef229f578e3733bd3,ba75425861a059dafcc477474fc3e4ed1eafdc2b47d6fdd0557337035d29a960,05a827162dee84ea7783474fc88fe615d39a0665bdba55662e440bd0c3864018,572774,1716143232000000000,300
OB/cartservice_disk/1,OB,cartservice,disk,1,300,300,burst,0.3,1,0.3,nsigma,1,1.0,1.0,0.0,1,1,1,13,51.24110000906512,cartservice|paymentservice|checkoutservice|emailservice|adservice,cartservice_latency-50,0.7,5,5,0.646,0.754,5,5,5,0.7,baseline-v2-20260723,cd270e7871bd358937d83d9a49829637fa80007d2964084ef229f578e3733bd3,ba75425861a059dafcc477474fc3e4ed1eafdc2b47d6fdd0557337035d29a960,05a827162dee84ea7783474fc88fe615d39a0665bdba55662e440bd0c3864018,572774,1716143232000000000,300
OB/cartservice_disk/1,OB,cartservice,disk,1,300,300,burst,0.3,2,0.3,baro,2,0.5,0.8,0.08333333333333333,0,1,1,13,76.92550000501797,emailservice|cartservice|adservice|paymentservice|frontend,emailservice_latency-50,0.7,5,5,0.6493333333333333,0.7506666666666667,5,5,5,0.7,baseline-v2-20260723,cd270e7871bd358937d83d9a49829637fa80007d2964084ef229f578e3733bd3,ba75425861a059dafcc477474fc3e4ed1eafdc2b47d6fdd0557337035d29a960,05a827162dee84ea7783474fc88fe615d39a0665bdba55662e440bd0c3864018,572774,1716143232000000000,300
OB/cartservice_disk/1,OB,cartservice,disk,1,300,300,burst,0.3,2,0.3,median_shift,1,1.0,1.0,0.0,1,1,1,13,11.227500042878091,cartservice|paymentservice|checkoutservice|emailservice|shippingservice,cartservice_latency-90,0.7,5,5,0.6493333333333333,0.7506666666666667,5,5,5,0.7,baseline-v2-20260723,cd270e7871bd358937d83d9a49829637fa80007d2964084ef229f578e3733bd3,ba75425861a059dafcc477474fc3e4ed1eafdc2b47d6fdd0557337035d29a960,05a827162dee84ea7783474fc88fe615d39a0665bdba55662e440bd0c3864018,572774,1716143232000000000,300
OB/cartservice_disk/1,OB,cartservice,disk,1,300,300,burst,0.3,2,0.3,nsigma,1,1.0,1.0,0.0,1,1,1,13,52.44250001851469,cartservice|paymentservice|emailservice|checkoutservice|currencyservice,cartservice_latency-90,0.7,5,5,0.6493333333333333,0.7506666666666667,5,5,5,0.7,baseline-v2-20260723,cd270e7871bd358937d83d9a49829637fa80007d2964084ef229f578e3733bd3,ba75425861a059dafcc477474fc3e4ed1eafdc2b47d6fdd0557337035d29a960,05a827162dee84ea7783474fc88fe615d39a0665bdba55662e440bd0c3864018,572774,1716143232000000000,300
OB/cartservice_disk/1,OB,cartservice,disk,1,300,300,burst,0.3,3,0.3,baro,1,1.0,1.0,0.0,1,1,1,13,66.9658999540843,cartservice|productcatalogservice|checkoutservice|paymentservice|emailservice,cartservice_latency-50,0.7,5,5,0.7426666666666667,0.6573333333333333,5,5,5,0.7,baseline-v2-20260723,cd270e7871bd358937d83d9a49829637fa80007d2964084ef229f578e3733bd3,ba75425861a059dafcc477474fc3e4ed1eafdc2b47d6fdd0557337035d29a960,05a827162dee84ea7783474fc88fe615d39a0665bdba55662e440bd0c3864018,572774,1716143232000000000,300
OB/cartservice_disk/1,OB,cartservice,disk,1,300,300,burst,0.3,3,0.3,median_shift,1,1.0,1.0,0.0,1,1,1,13,18.03089998429641,cartservice|checkoutservice|emailservice|paymentservice|adservice,cartservice_latency-50,0.7,5,5,0.7426666666666667,0.6573333333333333,5,5,5,0.7,baseline-v2-20260723,cd270e7871bd358937d83d9a49829637fa80007d2964084ef229f578e3733bd3,ba75425861a059dafcc477474fc3e4ed1eafdc2b47d6fdd0557337035d29a960,05a827162dee84ea7783474fc88fe615d39a0665bdba55662e440bd0c3864018,572774,1716143232000000000,300
OB/cartservice_disk/1,OB,cartservice,disk,1,300,300,burst,0.3,3,0.3,nsigma,1,1.0,1.0,0.0,1,1,1,13,52.04740003682673,cartservice|paymentservice|checkoutservice|emailservice|adservice,cartservice_latency-50,0.7,5,5,0.7426666666666667,0.6573333333333333,5,5,5,0.7,baseline-v2-20260723,cd270e7871bd358937d83d9a49829637fa80007d2964084ef229f578e3733bd3,ba75425861a059dafcc477474fc3e4ed1eafdc2b47d6fdd0557337035d29a960,05a827162dee84ea7783474fc88fe615d39a0665bdba55662e440bd0c3864018,572774,1716143232000000000,300
OB/cartservice_disk/1,OB,cartservice,disk,1,300,300,burst,0.3,4,0.3,baro,1,1.0,1.0,0.0,1,1,1,13,75.5386000382714,cartservice|paymentservice|currencyservice|adservice|shippingservice,cartservice_latency-90,0.7,5,5,0.6866666666666666,0.7133333333333334,5,5,5,0.7,baseline-v2-20260723,cd270e7871bd358937d83d9a49829637fa80007d2964084ef229f578e3733bd3,ba75425861a059dafcc477474fc3e4ed1eafdc2b47d6fdd0557337035d29a960,05a827162dee84ea7783474fc88fe615d39a0665bdba55662e440bd0c3864018,572774,1716143232000000000,300
OB/cartservice_disk/1,OB,cartservice,disk,1,300,300,burst,0.3,4,0.3,median_shift,1,1.0,1.0,0.0,1,1,1,13,20.270399982109666,cartservice|paymentservice|checkoutservice|recommendationservice|emailservice,cartservice_latency-90,0.7,5,5,0.6866666666666666,0.7133333333333334,5,5,5,0.7,baseline-v2-20260723,cd270e7871bd358937d83d9a49829637fa80007d2964084ef229f578e3733bd3,ba75425861a059dafcc477474fc3e4ed1eafdc2b47d6fdd0557337035d29a960,05a827162dee84ea7783474fc88fe615d39a0665bdba55662e440bd0c3864018,572774,1716143232000000000,300
OB/cartservice_disk/1,OB,cartservice,disk,1,300,300,burst,0.3,4,0.3,nsigma,1,1.0,1.0,0.0,1,1,1,13,59.73829998401925,cartservice|paymentservice|checkoutservice|emailservice|adservice,cartservice_latency-90,0.7,5,5,0.6866666666666666,0.7133333333333334,5,5,5,0.7,baseline-v2-20260723,cd270e7871bd358937d83d9a49829637fa80007d2964084ef229f578e3733bd3,ba75425861a059dafcc477474fc3e4ed1eafdc2b47d6fdd0557337035d29a960,05a827162dee84ea7783474fc88fe615d39a0665bdba55662e440bd0c3864018,572774,1716143232000000000,300
OB/cartservice_disk/1,OB,cartservice,disk,1,300,300,burst,0.3,5,0.3,baro,1,1.0,1.0,0.0,1,1,1,13,87.38589996937662,cartservice|frontend|checkoutservice|adservice|paymentservice,cartservice_latency-50,0.7,5,5,0.688,0.712,5,5,5,0.7,baseline-v2-20260723,cd270e7871bd358937d83d9a49829637fa80007d2964084ef229f578e3733bd3,ba75425861a059dafcc477474fc3e4ed1eafdc2b47d6fdd0557337035d29a960,05a827162dee84ea7783474fc88fe615d39a0665bdba55662e440bd0c3864018,572774,1716143232000000000,300
OB/cartservice_disk/1,OB,cartservice,disk,1,300,300,burst,0.3,5,0.3,median_shift,1,1.0,1.0,0.0,1,1,1,13,24.161599983926862,cartservice|recommendationservice|checkoutservice|paymentservice|emailservice,cartservice_latency-90,0.7,5,5,0.688,0.712,5,5,5,0.7,baseline-v2-20260723,cd270e7871bd358937d83d9a49829637fa80007d2964084ef229f578e3733bd3,ba75425861a059dafcc477474fc3e4ed1eafdc2b47d6fdd0557337035d29a960,05a827162dee84ea7783474fc88fe615d39a0665bdba55662e440bd0c3864018,572774,1716143232000000000,300
OB/cartservice_disk/1,OB,cartservice,disk,1,300,300,burst,0.3,5,0.3,nsigma,1,1.0,1.0,0.0,1,1,1,13,55.633399984799325,cartservice|checkoutservice|paymentservice|emailservice|recommendationservice,cartservice_latency-50,0.7,5,5,0.688,0.712,5,5,5,0.7,baseline-v2-20260723,cd270e7871bd358937d83d9a49829637fa80007d2964084ef229f578e3733bd3,ba75425861a059dafcc477474fc3e4ed1eafdc2b47d6fdd0557337035d29a960,05a827162dee84ea7783474fc88fe615d39a0665bdba55662e440bd0c3864018,572774,1716143232000000000,300
OB/cartservice_disk/1,OB,cartservice,disk,1,300,300,burst,0.3,6,0.3,baro,1,1.0,1.0,0.0,1,1,1,13,72.66920001711696,cartservice|emailservice|frontend-external|paymentservice|checkoutservice,cartservice_workload,0.7,5,5,0.8226666666666667,0.5773333333333334,5,5,5,0.7,baseline-v2-20260723,cd270e7871bd358937d83d9a49829637fa80007d2964084ef229f578e3733bd3,ba75425861a059dafcc477474fc3e4ed1eafdc2b47d6fdd0557337035d29a960,05a827162dee84ea7783474fc88fe615d39a0665bdba55662e440bd0c3864018,572774,1716143232000000000,300
OB/cartservice_disk/1,OB,cartservice,disk,1,300,300,burst,0.3,6,0.3,median_shift,2,0.5,0.8,0.08333333333333333,0,1,1,13,12.021400034427643,emailservice|cartservice|recommendationservice|paymentservice|checkoutservice,emailservice_mem,0.7,5,5,0.8226666666666667,0.5773333333333334,5,5,5,0.7,baseline-v2-20260723,cd270e7871bd358937d83d9a49829637fa80007d2964084ef229f578e3733bd3,ba75425861a059dafcc477474fc3e4ed1eafdc2b47d6fdd0557337035d29a960,05a827162dee84ea7783474fc88fe615d39a0665bdba55662e440bd0c3864018,572774,1716143232000000000,300
OB/cartservice_disk/1,OB,cartservice,disk,1,300,300,burst,0.3,6,0.3,nsigma,1,1.0,1.0,0.0,1,1,1,13,67.7309000166133,cartservice|paymentservice|emailservice|checkoutservice|adservice,cartservice_latency-50,0.7,5,5,0.8226666666666667,0.5773333333333334,5,5,5,0.7,baseline-v2-20260723,cd270e7871bd358937d83d9a49829637fa80007d2964084ef229f578e3733bd3,ba75425861a059dafcc477474fc3e4ed1eafdc2b47d6fdd0557337035d29a960,05a827162dee84ea7783474fc88fe615d39a0665bdba55662e440bd0c3864018,572774,1716143232000000000,300
OB/cartservice_disk/1,OB,cartservice,disk,1,300,300,burst,0.3,7,0.3,baro,1,1.0,1.0,0.0,1,1,1,13,70.739799994044,cartservice|adservice|paymentservice|emailservice|main,cartservice_latency-50,0.7,5,5,0.7,0.7,5,5,5,0.7,baseline-v2-20260723,cd270e7871bd358937d83d9a49829637fa80007d2964084ef229f578e3733bd3,ba75425861a059dafcc477474fc3e4ed1eafdc2b47d6fdd0557337035d29a960,05a827162dee84ea7783474fc88fe615d39a0665bdba55662e440bd0c3864018,572774,1716143232000000000,300
OB/cartservice_disk/1,OB,cartservice,disk,1,300,300,burst,0.3,7,0.3,median_shift,1,1.0,1.0,0.0,1,1,1,13,11.081299977377057,cartservice|paymentservice|emailservice|checkoutservice|main,cartservice_latency-50,0.7,5,5,0.7,0.7,5,5,5,0.7,baseline-v2-20260723,cd270e7871bd358937d83d9a49829637fa80007d2964084ef229f578e3733bd3,ba75425861a059dafcc477474fc3e4ed1eafdc2b47d6fdd0557337035d29a960,05a827162dee84ea7783474fc88fe615d39a0665bdba55662e440bd0c3864018,572774,1716143232000000000,300
OB/cartservice_disk/1,OB,cartservice,disk,1,300,300,burst,0.3,7,0.3,nsigma,1,1.0,1.0,0.0,1,1,1,13,54.08339999848977,cartservice|paymentservice|emailservice|checkoutservice|adservice,cartservice_latency-50,0.7,5,5,0.7,0.7,5,5,5,0.7,baseline-v2-20260723,cd270e7871bd358937d83d9a49829637fa80007d2964084ef229f578e3733bd3,ba75425861a059dafcc477474fc3e4ed1eafdc2b47d6fdd0557337035d29a960,05a827162dee84ea7783474fc88fe615d39a0665bdba55662e440bd0c3864018,572774,1716143232000000000,300
OB/cartservice_disk/1,OB,cartservice,disk,1,300,300,burst,0.3,8,0.3,baro,1,1.0,1.0,0.0,1,1,1,13,82.58489996660501,cartservice|emailservice|currencyservice|paymentservice|shippingservice,cartservice_latency-90,0.7,5,5,0.7346666666666667,0.6653333333333333,5,5,5,0.7,baseline-v2-20260723,cd270e7871bd358937d83d9a49829637fa80007d2964084ef229f578e3733bd3,ba75425861a059dafcc477474fc3e4ed1eafdc2b47d6fdd0557337035d29a960,05a827162dee84ea7783474fc88fe615d39a0665bdba55662e440bd0c3864018,572774,1716143232000000000,300
OB/cartservice_disk/1,OB,cartservice,disk,1,300,300,burst,0.3,8,0.3,median_shift,1,1.0,1.0,0.0,1,1,1,13,16.278000024612993,cartservice|paymentservice|emailservice|checkoutservice|redis,cartservice_latency-90,0.7,5,5,0.7346666666666667,0.6653333333333333,5,5,5,0.7,baseline-v2-20260723,cd270e7871bd358937d83d9a49829637fa80007d2964084ef229f578e3733bd3,ba75425861a059dafcc477474fc3e4ed1eafdc2b47d6fdd0557337035d29a960,05a827162dee84ea7783474fc88fe615d39a0665bdba55662e440bd0c3864018,572774,1716143232000000000,300
OB/cartservice_disk/1,OB,cartservice,disk,1,300,300,burst,0.3,8,0.3,nsigma,1,1.0,1.0,0.0,1,1,1,13,67.53289996413514,cartservice|paymentservice|emailservice|checkoutservice|currencyservice,cartservice_latency-50,0.7,5,5,0.7346666666666667,0.6653333333333333,5,5,5,0.7,baseline-v2-20260723,cd270e7871bd358937d83d9a49829637fa80007d2964084ef229f578e3733bd3,ba75425861a059dafcc477474fc3e4ed1eafdc2b47d6fdd0557337035d29a960,05a827162dee84ea7783474fc88fe615d39a0665bdba55662e440bd0c3864018,572774,1716143232000000000,300
OB/cartservice_disk/1,OB,cartservice,disk,1,300,300,burst,0.3,9,0.3,baro,3,0.3333333333333333,0.6,0.16666666666666666,0,1,1,13,63.45760001568124,emailservice|currencyservice|cartservice|frontend|paymentservice,emailservice_latency-90,0.7,5,5,0.6493333333333333,0.7506666666666667,5,5,5,0.7,baseline-v2-20260723,cd270e7871bd358937d83d9a49829637fa80007d2964084ef229f578e3733bd3,ba75425861a059dafcc477474fc3e4ed1eafdc2b47d6fdd0557337035d29a960,05a827162dee84ea7783474fc88fe615d39a0665bdba55662e440bd0c3864018,572774,1716143232000000000,300
OB/cartservice_disk/1,OB,cartservice,disk,1,300,300,burst,0.3,9,0.3,median_shift,1,1.0,1.0,0.0,1,1,1,13,24.66890000505373,cartservice|recommendationservice|checkoutservice|paymentservice|emailservice,cartservice_latency-90,0.7,5,5,0.6493333333333333,0.7506666666666667,5,5,5,0.7,baseline-v2-20260723,cd270e7871bd358937d83d9a49829637fa80007d2964084ef229f578e3733bd3,ba75425861a059dafcc477474fc3e4ed1eafdc2b47d6fdd0557337035d29a960,05a827162dee84ea7783474fc88fe615d39a0665bdba55662e440bd0c3864018,572774,1716143232000000000,300
OB/cartservice_disk/1,OB,cartservice,disk,1,300,300,burst,0.3,9,0.3,nsigma,1,1.0,1.0,0.0,1,1,1,13,59.126999985892326,cartservice|paymentservice|emailservice|checkoutservice|recommendationservice,cartservice_latency-90,0.7,5,5,0.6493333333333333,0.7506666666666667,5,5,5,0.7,baseline-v2-20260723,cd270e7871bd358937d83d9a49829637fa80007d2964084ef229f578e3733bd3,ba75425861a059dafcc477474fc3e4ed1eafdc2b47d6fdd0557337035d29a960,05a827162dee84ea7783474fc88fe615d39a0665bdba55662e440bd0c3864018,572774,1716143232000000000,300
OB/cartservice_disk/1,OB,cartservice,disk,1,300,300,burst,0.5,0,0.5,baro,2,0.5,0.8,0.08333333333333333,0,1,1,13,90.73739999439567,productcatalogservice|cartservice|paymentservice|currencyservice|frontend,productcatalogservice_latency-90,0.5,5,5,0.48533333333333334,0.5146666666666667,5,5,5,0.5,baseline-v2-20260723,cd270e7871bd358937d83d9a49829637fa80007d2964084ef229f578e3733bd3,ba75425861a059dafcc477474fc3e4ed1eafdc2b47d6fdd0557337035d29a960,05a827162dee84ea7783474fc88fe615d39a0665bdba55662e440bd0c3864018,572774,1716143232000000000,300
OB/cartservice_disk/1,OB,cartservice,disk,1,300,300,burst,0.5,0,0.5,median_shift,1,1.0,1.0,0.0,1,1,1,13,15.666300023440272,cartservice|recommendationservice|paymentservice|checkoutservice|main,cartservice_latency-90,0.5,5,5,0.48533333333333334,0.5146666666666667,5,5,5,0.5,baseline-v2-20260723,cd270e7871bd358937d83d9a49829637fa80007d2964084ef229f578e3733bd3,ba75425861a059dafcc477474fc3e4ed1eafdc2b47d6fdd0557337035d29a960,05a827162dee84ea7783474fc88fe615d39a0665bdba55662e440bd0c3864018,572774,1716143232000000000,300
OB/cartservice_disk/1,OB,cartservice,disk,1,300,300,burst,0.5,0,0.5,nsigma,1,1.0,1.0,0.0,1,1,1,13,56.62529997061938,cartservice|paymentservice|main|recommendationservice|checkoutservice,cartservice_latency-90,0.5,5,5,0.48533333333333334,0.5146666666666667,5,5,5,0.5,baseline-v2-20260723,cd270e7871bd358937d83d9a49829637fa80007d2964084ef229f578e3733bd3,ba75425861a059dafcc477474fc3e4ed1eafdc2b47d6fdd0557337035d29a960,05a827162dee84ea7783474fc88fe615d39a0665bdba55662e440bd0c3864018,572774,1716143232000000000,300
OB/cartservice_disk/1,OB,cartservice,disk,1,300,300,burst,0.5,1,0.5,baro,3,0.3333333333333333,0.6,0.16666666666666666,0,1,1,13,96.98769997339696,productcatalogservice|currencyservice|cartservice|recommendationservice|main,productcatalogservice_workload,0.5,5,5,0.826,0.174,5,5,5,0.5,baseline-v2-20260723,cd270e7871bd358937d83d9a49829637fa80007d2964084ef229f578e3733bd3,ba75425861a059dafcc477474fc3e4ed1eafdc2b47d6fdd0557337035d29a960,05a827162dee84ea7783474fc88fe615d39a0665bdba55662e440bd0c3864018,572774,1716143232000000000,300
OB/cartservice_disk/1,OB,cartservice,disk,1,300,300,burst,0.5,1,0.5,median_shift,2,0.5,0.8,0.08333333333333333,0,1,1,13,22.12009998038411,checkoutservice|cartservice|recommendationservice|paymentservice|shippingservice,checkoutservice_cpu,0.5,5,5,0.826,0.174,5,5,5,0.5,baseline-v2-20260723,cd270e7871bd358937d83d9a49829637fa80007d2964084ef229f578e3733bd3,ba75425861a059dafcc477474fc3e4ed1eafdc2b47d6fdd0557337035d29a960,05a827162dee84ea7783474fc88fe615d39a0665bdba55662e440bd0c3864018,572774,1716143232000000000,300
OB/cartservice_disk/1,OB,cartservice,disk,1,300,300,burst,0.5,1,0.5,nsigma,3,0.3333333333333333,0.6,0.16666666666666666,0,1,1,13,84.86900001298636,checkoutservice|emailservice|cartservice|recommendationservice|shippingservice,checkoutservice_latency-50,0.5,5,5,0.826,0.174,5,5,5,0.5,baseline-v2-20260723,cd270e7871bd358937d83d9a49829637fa80007d2964084ef229f578e3733bd3,ba75425861a059dafcc477474fc3e4ed1eafdc2b47d6fdd0557337035d29a960,05a827162dee84ea7783474fc88fe615d39a0665bdba55662e440bd0c3864018,572774,1716143232000000000,300
OB/cartservice_disk/1,OB,cartservice,disk,1,300,300,burst,0.5,2,0.5,baro,2,0.5,0.8,0.08333333333333333,0,1,1,13,73.99020000593737,emailservice|cartservice|productcatalogservice|frontend|adservice,emailservice_workload,0.5,5,5,0.2846666666666667,0.7153333333333334,5,5,5,0.5,baseline-v2-20260723,cd270e7871bd358937d83d9a49829637fa80007d2964084ef229f578e3733bd3,ba75425861a059dafcc477474fc3e4ed1eafdc2b47d6fdd0557337035d29a960,05a827162dee84ea7783474fc88fe615d39a0665bdba55662e440bd0c3864018,572774,1716143232000000000,300
OB/cartservice_disk/1,OB,cartservice,disk,1,300,300,burst,0.5,2,0.5,median_shift,2,0.5,0.8,0.08333333333333333,0,1,1,13,11.798399966210127,adservice|cartservice|recommendationservice|paymentservice|emailservice,adservice_mem,0.5,5,5,0.2846666666666667,0.7153333333333334,5,5,5,0.5,baseline-v2-20260723,cd270e7871bd358937d83d9a49829637fa80007d2964084ef229f578e3733bd3,ba75425861a059dafcc477474fc3e4ed1eafdc2b47d6fdd0557337035d29a960,05a827162dee84ea7783474fc88fe615d39a0665bdba55662e440bd0c3864018,572774,1716143232000000000,300
OB/cartservice_disk/1,OB,cartservice,disk,1,300,300,burst,0.5,2,0.5,nsigma,2,0.5,0.8,0.08333333333333333,0,1,1,13,51.35369999334216,adservice|cartservice|paymentservice|recommendationservice|emailservice,adservice_mem,0.5,5,5,0.2846666666666667,0.7153333333333334,5,5,5,0.5,baseline-v2-20260723,cd270e7871bd358937d83d9a49829637fa80007d2964084ef229f578e3733bd3,ba75425861a059dafcc477474fc3e4ed1eafdc2b47d6fdd0557337035d29a960,05a827162dee84ea7783474fc88fe615d39a0665bdba55662e440bd0c3864018,572774,1716143232000000000,300
OB/cartservice_disk/1,OB,cartservice,disk,1,300,300,burst,0.5,3,0.5,baro,1,1.0,1.0,0.0,1,1,1,13,73.88479996006936,cartservice|currencyservice|recommendationservice|paymentservice|adservice,cartservice_latency-90,0.5,5,5,0.31,0.69,5,5,5,0.5,baseline-v2-20260723,cd270e7871bd358937d83d9a49829637fa80007d2964084ef229f578e3733bd3,ba75425861a059dafcc477474fc3e4ed1eafdc2b47d6fdd0557337035d29a960,05a827162dee84ea7783474fc88fe615d39a0665bdba55662e440bd0c3864018,572774,1716143232000000000,300
OB/cartservice_disk/1,OB,cartservice,disk,1,300,300,burst,0.5,3,0.5,median_shift,1,1.0,1.0,0.0,1,1,1,13,22.147600015159696,cartservice|checkoutservice|recommendationservice|paymentservice|emailservice,cartservice_latency-90,0.5,5,5,0.31,0.69,5,5,5,0.5,baseline-v2-20260723,cd270e7871bd358937d83d9a49829637fa80007d2964084ef229f578e3733bd3,ba75425861a059dafcc477474fc3e4ed1eafdc2b47d6fdd0557337035d29a960,05a827162dee84ea7783474fc88fe615d39a0665bdba55662e440bd0c3864018,572774,1716143232000000000,300
OB/cartservice_disk/1,OB,cartservice,disk,1,300,300,burst,0.5,3,0.5,nsigma,1,1.0,1.0,0.0,1,1,1,13,53.3778999815695,cartservice|checkoutservice|paymentservice|recommendationservice|frontend,cartservice_latency-90,0.5,5,5,0.31,0.69,5,5,5,0.5,baseline-v2-20260723,cd270e7871bd358937d83d9a49829637fa80007d2964084ef229f578e3733bd3,ba75425861a059dafcc477474fc3e4ed1eafdc2b47d6fdd0557337035d29a960,05a827162dee84ea7783474fc88fe615d39a0665bdba55662e440bd0c3864018,572774,1716143232000000000,300
OB/cartservice_disk/1,OB,cartservice,disk,1,300,300,burst,0.5,4,0.5,baro,5,0.2,0.2,0.3333333333333333,0,0,1,13,70.40929998038337,checkoutservice|emailservice|shippingservice|currencyservice|cartservice,checkoutservice_latency-90,0.5,5,5,0.384,0.616,5,5,5,0.5,baseline-v2-20260723,cd270e7871bd358937d83d9a49829637fa80007d2964084ef229f578e3733bd3,ba75425861a059dafcc477474fc3e4ed1eafdc2b47d6fdd0557337035d29a960,05a827162dee84ea7783474fc88fe615d39a0665bdba55662e440bd0c3864018,572774,1716143232000000000,300
OB/cartservice_disk/1,OB,cartservice,disk,1,300,300,burst,0.5,4,0.5,median_shift,1,1.0,1.0,0.0,1,1,1,13,22.072100022342056,cartservice|paymentservice|recommendationservice|checkoutservice|emailservice,cartservice_latency-90,0.5,5,5,0.384,0.616,5,5,5,0.5,baseline-v2-20260723,cd270e7871bd358937d83d9a49829637fa80007d2964084ef229f578e3733bd3,ba75425861a059dafcc477474fc3e4ed1eafdc2b47d6fdd0557337035d29a960,05a827162dee84ea7783474fc88fe615d39a0665bdba55662e440bd0c3864018,572774,1716143232000000000,300
OB/cartservice_disk/1,OB,cartservice,disk,1,300,300,burst,0.5,4,0.5,nsigma,2,0.5,0.8,0.08333333333333333,0,1,1,13,65.5652999994345,productcatalogservice|cartservice|paymentservice|checkoutservice|frontend,productcatalogservice_latency-50,0.5,5,5,0.384,0.616,5,5,5,0.5,baseline-v2-20260723,cd270e7871bd358937d83d9a49829637fa80007d2964084ef229f578e3733bd3,ba75425861a059dafcc477474fc3e4ed1eafdc2b47d6fdd0557337035d29a960,05a827162dee84ea7783474fc88fe615d39a0665bdba55662e440bd0c3864018,572774,1716143232000000000,300
OB/cartservice_disk/1,OB,cartservice,disk,1,300,300,burst,0.5,5,0.5,baro,1,1.0,1.0,0.0,1,1,1,13,75.3273000009358,cartservice|paymentservice|currencyservice|adservice|checkoutservice,cartservice_latency-50,0.5,5,5,0.48533333333333334,0.5146666666666667,5,5,5,0.5,baseline-v2-20260723,cd270e7871bd358937d83d9a49829637fa80007d2964084ef229f578e3733bd3,ba75425861a059dafcc477474fc3e4ed1eafdc2b47d6fdd0557337035d29a960,05a827162dee84ea7783474fc88fe615d39a0665bdba55662e440bd0c3864018,572774,1716143232000000000,300
OB/cartservice_disk/1,OB,cartservice,disk,1,300,300,burst,0.5,5,0.5,median_shift,3,0.3333333333333333,0.6,0.16666666666666666,0,1,1,13,10.70320000872016,redis|paymentservice|cartservice|recommendationservice|checkoutservice,redis_mem,0.5,5,5,0.48533333333333334,0.5146666666666667,5,5,5,0.5,baseline-v2-20260723,cd270e7871bd358937d83d9a49829637fa80007d2964084ef229f578e3733bd3,ba75425861a059dafcc477474fc3e4ed1eafdc2b47d6fdd0557337035d29a960,05a827162dee84ea7783474fc88fe615d39a0665bdba55662e440bd0c3864018,572774,1716143232000000000,300
OB/cartservice_disk/1,OB,cartservice,disk,1,300,300,burst,0.5,5,0.5,nsigma,2,0.5,0.8,0.08333333333333333,0,1,1,13,50.58680003276095,paymentservice|cartservice|recommendationservice|emailservice|checkoutservice,paymentservice_latency-50,0.5,5,5,0.48533333333333334,0.5146666666666667,5,5,5,0.5,baseline-v2-20260723,cd270e7871bd358937d83d9a49829637fa80007d2964084ef229f578e3733bd3,ba75425861a059dafcc477474fc3e4ed1eafdc2b47d6fdd0557337035d29a960,05a827162dee84ea7783474fc88fe615d39a0665bdba55662e440bd0c3864018,572774,1716143232000000000,300
OB/cartservice_disk/1,OB,cartservice,disk,1,300,300,burst,0.5,6,0.5,baro,4,0.25,0.4,0.25,0,0,1,13,81.64409996243194,emailservice|currencyservice|adservice|cartservice|frontend,emailservice_latency-90,0.5,5,5,0.5726666666666667,0.42733333333333334,5,5,5,0.5,baseline-v2-20260723,cd270e7871bd358937d83d9a49829637fa80007d2964084ef229f578e3733bd3,ba75425861a059dafcc477474fc3e4ed1eafdc2b47d6fdd0557337035d29a960,05a827162dee84ea7783474fc88fe615d39a0665bdba55662e440bd0c3864018,572774,1716143232000000000,300
OB/cartservice_disk/1,OB,cartservice,disk,1,300,300,burst,0.5,6,0.5,median_shift,2,0.5,0.8,0.08333333333333333,0,1,1,13,11.640399985481054,recommendationservice|cartservice|redis|emailservice|checkoutservice,recommendationservice_mem,0.5,5,5,0.5726666666666667,0.42733333333333334,5,5,5,0.5,baseline-v2-20260723,cd270e7871bd358937d83d9a49829637fa80007d2964084ef229f578e3733bd3,ba75425861a059dafcc477474fc3e4ed1eafdc2b47d6fdd0557337035d29a960,05a827162dee84ea7783474fc88fe615d39a0665bdba55662e440bd0c3864018,572774,1716143232000000000,300
OB/cartservice_disk/1,OB,cartservice,disk,1,300,300,burst,0.5,6,0.5,nsigma,1,1.0,1.0,0.0,1,1,1,13,68.87459999416023,cartservice|emailservice|recommendationservice|paymentservice|shippingservice,cartservice_latency-50,0.5,5,5,0.5726666666666667,0.42733333333333334,5,5,5,0.5,baseline-v2-20260723,cd270e7871bd358937d83d9a49829637fa80007d2964084ef229f578e3733bd3,ba75425861a059dafcc477474fc3e4ed1eafdc2b47d6fdd0557337035d29a960,05a827162dee84ea7783474fc88fe615d39a0665bdba55662e440bd0c3864018,572774,1716143232000000000,300
OB/cartservice_disk/1,OB,cartservice,disk,1,300,300,burst,0.5,7,0.5,baro,3,0.3333333333333333,0.6,0.16666666666666666,0,1,1,13,77.5409999769181,productcatalogservice|currencyservice|cartservice|adservice|shippingservice,productcatalogservice_workload,0.5,5,5,0.4146666666666667,0.5853333333333334,5,5,5,0.5,baseline-v2-20260723,cd270e7871bd358937d83d9a49829637fa80007d2964084ef229f578e3733bd3,ba75425861a059dafcc477474fc3e4ed1eafdc2b47d6fdd0557337035d29a960,05a827162dee84ea7783474fc88fe615d39a0665bdba55662e440bd0c3864018,572774,1716143232000000000,300
OB/cartservice_disk/1,OB,cartservice,disk,1,300,300,burst,0.5,7,0.5,median_shift,1,1.0,1.0,0.0,1,1,1,13,11.680399999022484,cartservice|recommendationservice|checkoutservice|paymentservice|frontend,cartservice_latency-50,0.5,5,5,0.4146666666666667,0.5853333333333334,5,5,5,0.5,baseline-v2-20260723,cd270e7871bd358937d83d9a49829637fa80007d2964084ef229f578e3733bd3,ba75425861a059dafcc477474fc3e4ed1eafdc2b47d6fdd0557337035d29a960,05a827162dee84ea7783474fc88fe615d39a0665bdba55662e440bd0c3864018,572774,1716143232000000000,300
OB/cartservice_disk/1,OB,cartservice,disk,1,300,300,burst,0.5,7,0.5,nsigma,1,1.0,1.0,0.0,1,1,1,13,53.17480000667274,cartservice|checkoutservice|recommendationservice|paymentservice|main,cartservice_latency-90,0.5,5,5,0.4146666666666667,0.5853333333333334,5,5,5,0.5,baseline-v2-20260723,cd270e7871bd358937d83d9a49829637fa80007d2964084ef229f578e3733bd3,ba75425861a059dafcc477474fc3e4ed1eafdc2b47d6fdd0557337035d29a960,05a827162dee84ea7783474fc88fe615d39a0665bdba55662e440bd0c3864018,572774,1716143232000000000,300
OB/cartservice_disk/1,OB,cartservice,disk,1,300,300,burst,0.5,8,0.5,baro,1,1.0,1.0,0.0,1,1,1,13,78.88139999704435,cartservice|productcatalogservice|adservice|shippingservice|frontend,cartservice_latency-50,0.5,5,5,0.414,0.586,5,5,5,0.5,baseline-v2-20260723,cd270e7871bd358937d83d9a49829637fa80007d2964084ef229f578e3733bd3,ba75425861a059dafcc477474fc3e4ed1eafdc2b47d6fdd0557337035d29a960,05a827162dee84ea7783474fc88fe615d39a0665bdba55662e440bd0c3864018,572774,1716143232000000000,300
OB/cartservice_disk/1,OB,cartservice,disk,1,300,300,burst,0.5,8,0.5,median_shift,2,0.5,0.8,0.08333333333333333,0,1,1,13,16.00419997703284,recommendationservice|cartservice|checkoutservice|paymentservice|currencyservice,recommendationservice_mem,0.5,5,5,0.414,0.586,5,5,5,0.5,baseline-v2-20260723,cd270e7871bd358937d83d9a49829637fa80007d2964084ef229f578e3733bd3,ba75425861a059dafcc477474fc3e4ed1eafdc2b47d6fdd0557337035d29a960,05a827162dee84ea7783474fc88fe615d39a0665bdba55662e440bd0c3864018,572774,1716143232000000000,300
OB/cartservice_disk/1,OB,cartservice,disk,1,300,300,burst,0.5,8,0.5,nsigma,1,1.0,1.0,0.0,1,1,1,13,52.757499972358346,cartservice|paymentservice|checkoutservice|recommendationservice|shippingservice,cartservice_latency-90,0.5,5,5,0.414,0.586,5,5,5,0.5,baseline-v2-20260723,cd270e7871bd358937d83d9a49829637fa80007d2964084ef229f578e3733bd3,ba75425861a059dafcc477474fc3e4ed1eafdc2b47d6fdd0557337035d29a960,05a827162dee84ea7783474fc88fe615d39a0665bdba55662e440bd0c3864018,572774,1716143232000000000,300
OB/cartservice_disk/1,OB,cartservice,disk,1,300,300,burst,0.5,9,0.5,baro,1,1.0,1.0,0.0,1,1,1,13,71.3679000036791,cartservice|currencyservice|productcatalogservice|frontend|checkoutservice,cartservice_latency-90,0.5,5,5,0.37866666666666665,0.6213333333333333,5,5,5,0.5,baseline-v2-20260723,cd270e7871bd358937d83d9a49829637fa80007d2964084ef229f578e3733bd3,ba75425861a059dafcc477474fc3e4ed1eafdc2b47d6fdd0557337035d29a960,05a827162dee84ea7783474fc88fe615d39a0665bdba55662e440bd0c3864018,572774,1716143232000000000,300
OB/cartservice_disk/1,OB,cartservice,disk,1,300,300,burst,0.5,9,0.5,median_shift,4,0.25,0.4,0.25,0,0,1,13,11.286400025710464,productcatalogservice|redis|emailservice|cartservice|recommendationservice,productcatalogservice_mem,0.5,5,5,0.37866666666666665,0.6213333333333333,5,5,5,0.5,baseline-v2-20260723,cd270e7871bd358937d83d9a49829637fa80007d2964084ef229f578e3733bd3,ba75425861a059dafcc477474fc3e4ed1eafdc2b47d6fdd0557337035d29a960,05a827162dee84ea7783474fc88fe615d39a0665bdba55662e440bd0c3864018,572774,1716143232000000000,300
OB/cartservice_disk/1,OB,cartservice,disk,1,300,300,burst,0.5,9,0.5,nsigma,1,1.0,1.0,0.0,1,1,1,13,68.82690003840253,cartservice|checkoutservice|emailservice|paymentservice|adservice,cartservice_latency-50,0.5,5,5,0.37866666666666665,0.6213333333333333,5,5,5,0.5,baseline-v2-20260723,cd270e7871bd358937d83d9a49829637fa80007d2964084ef229f578e3733bd3,ba75425861a059dafcc477474fc3e4ed1eafdc2b47d6fdd0557337035d29a960,05a827162dee84ea7783474fc88fe615d39a0665bdba55662e440bd0c3864018,572774,1716143232000000000,300
OB/cartservice_disk/1,OB,cartservice,disk,1,300,300,incident,0.1,0,0.1,baro,1,1.0,1.0,0.0,1,1,1,13,85.179399990011,cartservice|paymentservice|checkoutservice|currencyservice|emailservice,cartservice_latency-90,0.7733333333333333,5,5,0.8993333333333333,0.6473333333333333,5,5,5,0.9,baseline-v2-20260723,cd270e7871bd358937d83d9a49829637fa80007d2964084ef229f578e3733bd3,ba75425861a059dafcc477474fc3e4ed1eafdc2b47d6fdd0557337035d29a960,05a827162dee84ea7783474fc88fe615d39a0665bdba55662e440bd0c3864018,572774,1716143232000000000,300
OB/cartservice_disk/1,OB,cartservice,disk,1,300,300,incident,0.1,0,0.1,median_shift,1,1.0,1.0,0.0,1,1,1,13,11.633199988864362,cartservice|paymentservice|checkoutservice|recommendationservice|redis,cartservice_latency-90,0.7733333333333333,5,5,0.8993333333333333,0.6473333333333333,5,5,5,0.9,baseline-v2-20260723,cd270e7871bd358937d83d9a49829637fa80007d2964084ef229f578e3733bd3,ba75425861a059dafcc477474fc3e4ed1eafdc2b47d6fdd0557337035d29a960,05a827162dee84ea7783474fc88fe615d39a0665bdba55662e440bd0c3864018,572774,1716143232000000000,300
OB/cartservice_disk/1,OB,cartservice,disk,1,300,300,incident,0.1,0,0.1,nsigma,1,1.0,1.0,0.0,1,1,1,13,67.09090003278106,cartservice|paymentservice|checkoutservice|emailservice|adservice,cartservice_latency-50,0.7733333333333333,5,5,0.8993333333333333,0.6473333333333333,5,5,5,0.9,baseline-v2-20260723,cd270e7871bd358937d83d9a49829637fa80007d2964084ef229f578e3733bd3,ba75425861a059dafcc477474fc3e4ed1eafdc2b47d6fdd0557337035d29a960,05a827162dee84ea7783474fc88fe615d39a0665bdba55662e440bd0c3864018,572774,1716143232000000000,300
OB/cartservice_disk/1,OB,cartservice,disk,1,300,300,incident,0.1,1,0.1,baro,1,1.0,1.0,0.0,1,1,1,13,67.11370003176853,cartservice|paymentservice|checkoutservice|currencyservice|emailservice,cartservice_latency-90,0.7763333333333333,5,5,0.8926666666666667,0.66,5,5,5,0.9,baseline-v2-20260723,cd270e7871bd358937d83d9a49829637fa80007d2964084ef229f578e3733bd3,ba75425861a059dafcc477474fc3e4ed1eafdc2b47d6fdd0557337035d29a960,05a827162dee84ea7783474fc88fe615d39a0665bdba55662e440bd0c3864018,572774,1716143232000000000,300
OB/cartservice_disk/1,OB,cartservice,disk,1,300,300,incident,0.1,1,0.1,median_shift,1,1.0,1.0,0.0,1,1,1,13,12.168699991889298,cartservice|paymentservice|checkoutservice|recommendationservice|redis,cartservice_latency-90,0.7763333333333333,5,5,0.8926666666666667,0.66,5,5,5,0.9,baseline-v2-20260723,cd270e7871bd358937d83d9a49829637fa80007d2964084ef229f578e3733bd3,ba75425861a059dafcc477474fc3e4ed1eafdc2b47d6fdd0557337035d29a960,05a827162dee84ea7783474fc88fe615d39a0665bdba55662e440bd0c3864018,572774,1716143232000000000,300
OB/cartservice_disk/1,OB,cartservice,disk,1,300,300,incident,0.1,1,0.1,nsigma,1,1.0,1.0,0.0,1,1,1,13,78.24519998393953,cartservice|paymentservice|checkoutservice|emailservice|adservice,cartservice_latency-50,0.7763333333333333,5,5,0.8926666666666667,0.66,5,5,5,0.9,baseline-v2-20260723,cd270e7871bd358937d83d9a49829637fa80007d2964084ef229f578e3733bd3,ba75425861a059dafcc477474fc3e4ed1eafdc2b47d6fdd0557337035d29a960,05a827162dee84ea7783474fc88fe615d39a0665bdba55662e440bd0c3864018,572774,1716143232000000000,300
OB/cartservice_disk/1,OB,cartservice,disk,1,300,300,incident,0.1,2,0.1,baro,1,1.0,1.0,0.0,1,1,1,13,82.93620002223179,cartservice|paymentservice|checkoutservice|currencyservice|emailservice,cartservice_latency-90,0.7876666666666666,5,5,0.9066666666666666,0.6686666666666666,5,5,5,0.9,baseline-v2-20260723,cd270e7871bd358937d83d9a49829637fa80007d2964084ef229f578e3733bd3,ba75425861a059dafcc477474fc3e4ed1eafdc2b47d6fdd0557337035d29a960,05a827162dee84ea7783474fc88fe615d39a0665bdba55662e440bd0c3864018,572774,1716143232000000000,300
OB/cartservice_disk/1,OB,cartservice,disk,1,300,300,incident,0.1,2,0.1,median_shift,1,1.0,1.0,0.0,1,1,1,13,11.847799993120134,cartservice|checkoutservice|paymentservice|recommendationservice|redis,cartservice_latency-90,0.7876666666666666,5,5,0.9066666666666666,0.6686666666666666,5,5,5,0.9,baseline-v2-20260723,cd270e7871bd358937d83d9a49829637fa80007d2964084ef229f578e3733bd3,ba75425861a059dafcc477474fc3e4ed1eafdc2b47d6fdd0557337035d29a960,05a827162dee84ea7783474fc88fe615d39a0665bdba55662e440bd0c3864018,572774,1716143232000000000,300
OB/cartservice_disk/1,OB,cartservice,disk,1,300,300,incident,0.1,2,0.1,nsigma,1,1.0,1.0,0.0,1,1,1,13,77.39180000498891,cartservice|paymentservice|checkoutservice|emailservice|adservice,cartservice_latency-50,0.7876666666666666,5,5,0.9066666666666666,0.6686666666666666,5,5,5,0.9,baseline-v2-20260723,cd270e7871bd358937d83d9a49829637fa80007d2964084ef229f578e3733bd3,ba75425861a059dafcc477474fc3e4ed1eafdc2b47d6fdd0557337035d29a960,05a827162dee84ea7783474fc88fe615d39a0665bdba55662e440bd0c3864018,572774,1716143232000000000,300
OB/cartservice_disk/1,OB,cartservice,disk,1,300,300,incident,0.1,3,0.1,baro,1,1.0,1.0,0.0,1,1,1,13,81.79159997962415,cartservice|paymentservice|checkoutservice|currencyservice|emailservice,cartservice_latency-90,0.784,5,5,0.8933333333333333,0.6746666666666666,5,5,5,0.9,baseline-v2-20260723,cd270e7871bd358937d83d9a49829637fa80007d2964084ef229f578e3733bd3,ba75425861a059dafcc477474fc3e4ed1eafdc2b47d6fdd0557337035d29a960,05a827162dee84ea7783474fc88fe615d39a0665bdba55662e440bd0c3864018,572774,1716143232000000000,300
OB/cartservice_disk/1,OB,cartservice,disk,1,300,300,incident,0.1,3,0.1,median_shift,1,1.0,1.0,0.0,1,1,1,13,16.232100024353713,cartservice|checkoutservice|paymentservice|recommendationservice|redis,cartservice_latency-90,0.784,5,5,0.8933333333333333,0.6746666666666666,5,5,5,0.9,baseline-v2-20260723,cd270e7871bd358937d83d9a49829637fa80007d2964084ef229f578e3733bd3,ba75425861a059dafcc477474fc3e4ed1eafdc2b47d6fdd0557337035d29a960,05a827162dee84ea7783474fc88fe615d39a0665bdba55662e440bd0c3864018,572774,1716143232000000000,300
OB/cartservice_disk/1,OB,cartservice,disk,1,300,300,incident,0.1,3,0.1,nsigma,1,1.0,1.0,0.0,1,1,1,13,71.78030000068247,cartservice|paymentservice|checkoutservice|emailservice|adservice,cartservice_latency-50,0.784,5,5,0.8933333333333333,0.6746666666666666,5,5,5,0.9,baseline-v2-20260723,cd270e7871bd358937d83d9a49829637fa80007d2964084ef229f578e3733bd3,ba75425861a059dafcc477474fc3e4ed1eafdc2b47d6fdd0557337035d29a960,05a827162dee84ea7783474fc88fe615d39a0665bdba55662e440bd0c3864018,572774,1716143232000000000,300
OB/cartservice_disk/1,OB,cartservice,disk,1,300,300,incident,0.1,4,0.1,baro,1,1.0,1.0,0.0,1,1,1,13,74.58259997656569,cartservice|paymentservice|checkoutservice|currencyservice|emailservice,cartservice_latency-90,0.7836666666666666,5,5,0.8993333333333333,0.668,5,5,5,0.9,baseline-v2-20260723,cd270e7871bd358937d83d9a49829637fa80007d2964084ef229f578e3733bd3,ba75425861a059dafcc477474fc3e4ed1eafdc2b47d6fdd0557337035d29a960,05a827162dee84ea7783474fc88fe615d39a0665bdba55662e440bd0c3864018,572774,1716143232000000000,300
OB/cartservice_disk/1,OB,cartservice,disk,1,300,300,incident,0.1,4,0.1,median_shift,1,1.0,1.0,0.0,1,1,1,13,13.214599981438369,cartservice|checkoutservice|paymentservice|recommendationservice|redis,cartservice_latency-90,0.7836666666666666,5,5,0.8993333333333333,0.668,5,5,5,0.9,baseline-v2-20260723,cd270e7871bd358937d83d9a49829637fa80007d2964084ef229f578e3733bd3,ba75425861a059dafcc477474fc3e4ed1eafdc2b47d6fdd0557337035d29a960,05a827162dee84ea7783474fc88fe615d39a0665bdba55662e440bd0c3864018,572774,1716143232000000000,300
OB/cartservice_disk/1,OB,cartservice,disk,1,300,300,incident,0.1,4,0.1,nsigma,1,1.0,1.0,0.0,1,1,1,13,90.52620001602918,cartservice|paymentservice|checkoutservice|emailservice|adservice,cartservice_latency-50,0.7836666666666666,5,5,0.8993333333333333,0.668,5,5,5,0.9,baseline-v2-20260723,cd270e7871bd358937d83d9a49829637fa80007d2964084ef229f578e3733bd3,ba75425861a059dafcc477474fc3e4ed1eafdc2b47d6fdd0557337035d29a960,05a827162dee84ea7783474fc88fe615d39a0665bdba55662e440bd0c3864018,572774,1716143232000000000,300
OB/cartservice_disk/1,OB,cartservice,disk,1,300,300,incident,0.1,5,0.1,baro,1,1.0,1.0,0.0,1,1,1,13,75.79760003136471,cartservice|paymentservice|checkoutservice|currencyservice|emailservice,cartservice_latency-90,0.77,5,5,0.8973333333333333,0.6426666666666667,5,5,5,0.9,baseline-v2-20260723,cd270e7871bd358937d83d9a49829637fa80007d2964084ef229f578e3733bd3,ba75425861a059dafcc477474fc3e4ed1eafdc2b47d6fdd0557337035d29a960,05a827162dee84ea7783474fc88fe615d39a0665bdba55662e440bd0c3864018,572774,1716143232000000000,300
OB/cartservice_disk/1,OB,cartservice,disk,1,300,300,incident,0.1,5,0.1,median_shift,1,1.0,1.0,0.0,1,1,1,13,12.191699992399663,cartservice|paymentservice|checkoutservice|recommendationservice|redis,cartservice_latency-90,0.77,5,5,0.8973333333333333,0.6426666666666667,5,5,5,0.9,baseline-v2-20260723,cd270e7871bd358937d83d9a49829637fa80007d2964084ef229f578e3733bd3,ba75425861a059dafcc477474fc3e4ed1eafdc2b47d6fdd0557337035d29a960,05a827162dee84ea7783474fc88fe615d39a0665bdba55662e440bd0c3864018,572774,1716143232000000000,300
OB/cartservice_disk/1,OB,cartservice,disk,1,300,300,incident,0.1,5,0.1,nsigma,1,1.0,1.0,0.0,1,1,1,13,72.09279999369755,cartservice|paymentservice|checkoutservice|emailservice|adservice,cartservice_latency-50,0.77,5,5,0.8973333333333333,0.6426666666666667,5,5,5,0.9,baseline-v2-20260723,cd270e7871bd358937d83d9a49829637fa80007d2964084ef229f578e3733bd3,ba75425861a059dafcc477474fc3e4ed1eafdc2b47d6fdd0557337035d29a960,05a827162dee84ea7783474fc88fe615d39a0665bdba55662e440bd0c3864018,572774,1716143232000000000,300
OB/cartservice_disk/1,OB,cartservice,disk,1,300,300,incident,0.1,6,0.1,baro,1,1.0,1.0,0.0,1,1,1,13,85.4105000034906,cartservice|paymentservice|checkoutservice|currencyservice|emailservice,cartservice_latency-90,0.7726666666666666,5,5,0.8993333333333333,0.646,5,5,5,0.9,baseline-v2-20260723,cd270e7871bd358937d83d9a49829637fa80007d2964084ef229f578e3733bd3,ba75425861a059dafcc477474fc3e4ed1eafdc2b47d6fdd0557337035d29a960,05a827162dee84ea7783474fc88fe615d39a0665bdba55662e440bd0c3864018,572774,1716143232000000000,300
OB/cartservice_disk/1,OB,cartservice,disk,1,300,300,incident,0.1,6,0.1,median_shift,1,1.0,1.0,0.0,1,1,1,13,29.152899980545044,cartservice|paymentservice|checkoutservice|recommendationservice|redis,cartservice_latency-90,0.7726666666666666,5,5,0.8993333333333333,0.646,5,5,5,0.9,baseline-v2-20260723,cd270e7871bd358937d83d9a49829637fa80007d2964084ef229f578e3733bd3,ba75425861a059dafcc477474fc3e4ed1eafdc2b47d6fdd0557337035d29a960,05a827162dee84ea7783474fc88fe615d39a0665bdba55662e440bd0c3864018,572774,1716143232000000000,300
OB/cartservice_disk/1,OB,cartservice,disk,1,300,300,incident,0.1,6,0.1,nsigma,1,1.0,1.0,0.0,1,1,1,13,60.36599999060854,cartservice|paymentservice|checkoutservice|emailservice|adservice,cartservice_latency-50,0.7726666666666666,5,5,0.8993333333333333,0.646,5,5,5,0.9,baseline-v2-20260723,cd270e7871bd358937d83d9a49829637fa80007d2964084ef229f578e3733bd3,ba75425861a059dafcc477474fc3e4ed1eafdc2b47d6fdd0557337035d29a960,05a827162dee84ea7783474fc88fe615d39a0665bdba55662e440bd0c3864018,572774,1716143232000000000,300
OB/cartservice_disk/1,OB,cartservice,disk,1,300,300,incident,0.1,7,0.1,baro,1,1.0,1.0,0.0,1,1,1,13,86.97159995790571,cartservice|paymentservice|checkoutservice|currencyservice|emailservice,cartservice_latency-90,0.7783333333333333,5,5,0.8893333333333333,0.6673333333333333,5,5,5,0.9,baseline-v2-20260723,cd270e7871bd358937d83d9a49829637fa80007d2964084ef229f578e3733bd3,ba75425861a059dafcc477474fc3e4ed1eafdc2b47d6fdd0557337035d29a960,05a827162dee84ea7783474fc88fe615d39a0665bdba55662e440bd0c3864018,572774,1716143232000000000,300
OB/cartservice_disk/1,OB,cartservice,disk,1,300,300,incident,0.1,7,0.1,median_shift,1,1.0,1.0,0.0,1,1,1,13,11.205599992536008,cartservice|checkoutservice|paymentservice|recommendationservice|redis,cartservice_latency-90,0.7783333333333333,5,5,0.8893333333333333,0.6673333333333333,5,5,5,0.9,baseline-v2-20260723,cd270e7871bd358937d83d9a49829637fa80007d2964084ef229f578e3733bd3,ba75425861a059dafcc477474fc3e4ed1eafdc2b47d6fdd0557337035d29a960,05a827162dee84ea7783474fc88fe615d39a0665bdba55662e440bd0c3864018,572774,1716143232000000000,300
OB/cartservice_disk/1,OB,cartservice,disk,1,300,300,incident,0.1,7,0.1,nsigma,1,1.0,1.0,0.0,1,1,1,13,66.75510003697127,cartservice|paymentservice|checkoutservice|emailservice|adservice,cartservice_latency-50,0.7783333333333333,5,5,0.8893333333333333,0.6673333333333333,5,5,5,0.9,baseline-v2-20260723,cd270e7871bd358937d83d9a49829637fa80007d2964084ef229f578e3733bd3,ba75425861a059dafcc477474fc3e4ed1eafdc2b47d6fdd0557337035d29a960,05a827162dee84ea7783474fc88fe615d39a0665bdba55662e440bd0c3864018,572774,1716143232000000000,300
OB/cartservice_disk/1,OB,cartservice,disk,1,300,300,incident,0.1,8,0.1,baro,1,1.0,1.0,0.0,1,1,1,13,94.88669998245314,cartservice|paymentservice|checkoutservice|currencyservice|emailservice,cartservice_latency-90,0.7723333333333333,5,5,0.888,0.6566666666666666,5,5,5,0.9,baseline-v2-20260723,cd270e7871bd358937d83d9a49829637fa80007d2964084ef229f578e3733bd3,ba75425861a059dafcc477474fc3e4ed1eafdc2b47d6fdd0557337035d29a960,05a827162dee84ea7783474fc88fe615d39a0665bdba55662e440bd0c3864018,572774,1716143232000000000,300
OB/cartservice_disk/1,OB,cartservice,disk,1,300,300,incident,0.1,8,0.1,median_shift,1,1.0,1.0,0.0,1,1,1,13,12.102900014724582,cartservice|paymentservice|checkoutservice|recommendationservice|redis,cartservice_latency-90,0.7723333333333333,5,5,0.888,0.6566666666666666,5,5,5,0.9,baseline-v2-20260723,cd270e7871bd358937d83d9a49829637fa80007d2964084ef229f578e3733bd3,ba75425861a059dafcc477474fc3e4ed1eafdc2b47d6fdd0557337035d29a960,05a827162dee84ea7783474fc88fe615d39a0665bdba55662e440bd0c3864018,572774,1716143232000000000,300
OB/cartservice_disk/1,OB,cartservice,disk,1,300,300,incident,0.1,8,0.1,nsigma,1,1.0,1.0,0.0,1,1,1,13,67.25870002992451,cartservice|paymentservice|checkoutservice|emailservice|adservice,cartservice_latency-50,0.7723333333333333,5,5,0.888,0.6566666666666666,5,5,5,0.9,baseline-v2-20260723,cd270e7871bd358937d83d9a49829637fa80007d2964084ef229f578e3733bd3,ba75425861a059dafcc477474fc3e4ed1eafdc2b47d6fdd0557337035d29a960,05a827162dee84ea7783474fc88fe615d39a0665bdba55662e440bd0c3864018,572774,1716143232000000000,300
OB/cartservice_disk/1,OB,cartservice,disk,1,300,300,incident,0.1,9,0.1,baro,1,1.0,1.0,0.0,1,1,1,13,73.10059998417273,cartservice|paymentservice|checkoutservice|currencyservice|emailservice,cartservice_latency-90,0.7696666666666667,5,5,0.908,0.6313333333333333,5,5,5,0.9,baseline-v2-20260723,cd270e7871bd358937d83d9a49829637fa80007d2964084ef229f578e3733bd3,ba75425861a059dafcc477474fc3e4ed1eafdc2b47d6fdd0557337035d29a960,05a827162dee84ea7783474fc88fe615d39a0665bdba55662e440bd0c3864018,572774,1716143232000000000,300
OB/cartservice_disk/1,OB,cartservice,disk,1,300,300,incident,0.1,9,0.1,median_shift,1,1.0,1.0,0.0,1,1,1,13,10.807899991050363,cartservice|paymentservice|checkoutservice|recommendationservice|redis,cartservice_latency-90,0.7696666666666667,5,5,0.908,0.6313333333333333,5,5,5,0.9,baseline-v2-20260723,cd270e7871bd358937d83d9a49829637fa80007d2964084ef229f578e3733bd3,ba75425861a059dafcc477474fc3e4ed1eafdc2b47d6fdd0557337035d29a960,05a827162dee84ea7783474fc88fe615d39a0665bdba55662e440bd0c3864018,572774,1716143232000000000,300
OB/cartservice_disk/1,OB,cartservice,disk,1,300,300,incident,0.1,9,0.1,nsigma,1,1.0,1.0,0.0,1,1,1,13,61.86249997699633,cartservice|paymentservice|checkoutservice|emailservice|adservice,cartservice_latency-50,0.7696666666666667,5,5,0.908,0.6313333333333333,5,5,5,0.9,baseline-v2-20260723,cd270e7871bd358937d83d9a49829637fa80007d2964084ef229f578e3733bd3,ba75425861a059dafcc477474fc3e4ed1eafdc2b47d6fdd0557337035d29a960,05a827162dee84ea7783474fc88fe615d39a0665bdba55662e440bd0c3864018,572774,1716143232000000000,300
OB/cartservice_disk/1,OB,cartservice,disk,1,300,300,incident,0.3,0,0.3,baro,12,0.08333333333333333,0.0,0.9166666666666666,0,0,0,13,79.16209998074919,currencyservice|paymentservice|main|checkoutservice|recommendationservice,currencyservice_mem,0.455,5,5,0.7026666666666667,0.20733333333333334,5,4,4,0.7,baseline-v2-20260723,cd270e7871bd358937d83d9a49829637fa80007d2964084ef229f578e3733bd3,ba75425861a059dafcc477474fc3e4ed1eafdc2b47d6fdd0557337035d29a960,05a827162dee84ea7783474fc88fe615d39a0665bdba55662e440bd0c3864018,572774,1716143232000000000,300
OB/cartservice_disk/1,OB,cartservice,disk,1,300,300,incident,0.3,0,0.3,median_shift,7,0.14285714285714285,0.0,0.5,0,0,0,13,12.443300045561045,recommendationservice|frontend|adservice|main|checkoutservice,recommendationservice_latency-50,0.455,5,5,0.7026666666666667,0.20733333333333334,5,4,4,0.7,baseline-v2-20260723,cd270e7871bd358937d83d9a49829637fa80007d2964084ef229f578e3733bd3,ba75425861a059dafcc477474fc3e4ed1eafdc2b47d6fdd0557337035d29a960,05a827162dee84ea7783474fc88fe615d39a0665bdba55662e440bd0c3864018,572774,1716143232000000000,300
OB/cartservice_disk/1,OB,cartservice,disk,1,300,300,incident,0.3,0,0.3,nsigma,9,0.1111111111111111,0.0,0.6666666666666666,0,0,0,13,61.401099956128746,recommendationservice|currencyservice|adservice|frontend|main,recommendationservice_latency-50,0.455,5,5,0.7026666666666667,0.20733333333333334,5,4,4,0.7,baseline-v2-20260723,cd270e7871bd358937d83d9a49829637fa80007d2964084ef229f578e3733bd3,ba75425861a059dafcc477474fc3e4ed1eafdc2b47d6fdd0557337035d29a960,05a827162dee84ea7783474fc88fe615d39a0665bdba55662e440bd0c3864018,572774,1716143232000000000,300
OB/cartservice_disk/1,OB,cartservice,disk,1,300,300,incident,0.3,1,0.3,baro,4,0.25,0.4,0.25,0,0,1,13,84.03440000256523,currencyservice|paymentservice|adservice|cartservice|frontend,currencyservice_mem,0.4656666666666667,5,5,0.7206666666666667,0.21066666666666667,5,4,4,0.7,baseline-v2-20260723,cd270e7871bd358937d83d9a49829637fa80007d2964084ef229f578e3733bd3,ba75425861a059dafcc477474fc3e4ed1eafdc2b47d6fdd0557337035d29a960,05a827162dee84ea7783474fc88fe615d39a0665bdba55662e440bd0c3864018,572774,1716143232000000000,300
OB/cartservice_disk/1,OB,cartservice,disk,1,300,300,incident,0.3,1,0.3,median_shift,8,0.125,0.0,0.5833333333333334,0,0,0,13,12.598800007253885,recommendationservice|main|frontend|adservice|currencyservice,recommendationservice_latency-50,0.4656666666666667,5,5,0.7206666666666667,0.21066666666666667,5,4,4,0.7,baseline-v2-20260723,cd270e7871bd358937d83d9a49829637fa80007d2964084ef229f578e3733bd3,ba75425861a059dafcc477474fc3e4ed1eafdc2b47d6fdd0557337035d29a960,05a827162dee84ea7783474fc88fe615d39a0665bdba55662e440bd0c3864018,572774,1716143232000000000,300
OB/cartservice_disk/1,OB,cartservice,disk,1,300,300,incident,0.3,1,0.3,nsigma,9,0.1111111111111111,0.0,0.6666666666666666,0,0,0,13,55.95979996724054,currencyservice|recommendationservice|paymentservice|frontend|adservice,currencyservice_latency-90,0.4656666666666667,5,5,0.7206666666666667,0.21066666666666667,5,4,4,0.7,baseline-v2-20260723,cd270e7871bd358937d83d9a49829637fa80007d2964084ef229f578e3733bd3,ba75425861a059dafcc477474fc3e4ed1eafdc2b47d6fdd0557337035d29a960,05a827162dee84ea7783474fc88fe615d39a0665bdba55662e440bd0c3864018,572774,1716143232000000000,300
OB/cartservice_disk/1,OB,cartservice,disk,1,300,300,incident,0.3,2,0.3,baro,12,0.08333333333333333,0.0,0.9166666666666666,0,0,0,13,65.46189996879548,currencyservice|frontend|paymentservice|adservice|frontend-external,currencyservice_mem,0.4503333333333333,5,5,0.6873333333333334,0.21333333333333335,5,4,4,0.7,baseline-v2-20260723,cd270e7871bd358937d83d9a49829637fa80007d2964084ef229f578e3733bd3,ba75425861a059dafcc477474fc3e4ed1eafdc2b47d6fdd0557337035d29a960,05a827162dee84ea7783474fc88fe615d39a0665bdba55662e440bd0c3864018,572774,1716143232000000000,300
OB/cartservice_disk/1,OB,cartservice,disk,1,300,300,incident,0.3,2,0.3,median_shift,8,0.125,0.0,0.5833333333333334,0,0,0,13,10.574699961580336,main|recommendationservice|frontend|adservice|redis,main_mem,0.4503333333333333,5,5,0.6873333333333334,0.21333333333333335,5,4,4,0.7,baseline-v2-20260723,cd270e7871bd358937d83d9a49829637fa80007d2964084ef229f578e3733bd3,ba75425861a059dafcc477474fc3e4ed1eafdc2b47d6fdd0557337035d29a960,05a827162dee84ea7783474fc88fe615d39a0665bdba55662e440bd0c3864018,572774,1716143232000000000,300
OB/cartservice_disk/1,OB,cartservice,disk,1,300,300,incident,0.3,2,0.3,nsigma,9,0.1111111111111111,0.0,0.6666666666666666,0,0,0,13,73.5401000129059,currencyservice|frontend|adservice|recommendationservice|paymentservice,currencyservice_latency-90,0.4503333333333333,5,5,0.6873333333333334,0.21333333333333335,5,4,4,0.7,baseline-v2-20260723,cd270e7871bd358937d83d9a49829637fa80007d2964084ef229f578e3733bd3,ba75425861a059dafcc477474fc3e4ed1eafdc2b47d6fdd0557337035d29a960,05a827162dee84ea7783474fc88fe615d39a0665bdba55662e440bd0c3864018,572774,1716143232000000000,300
OB/cartservice_disk/1,OB,cartservice,disk,1,300,300,incident,0.3,3,0.3,baro,5,0.2,0.2,0.3333333333333333,0,0,1,13,92.9978999774903,currencyservice|main|adservice|frontend-external|cartservice,currencyservice_mem,0.457,5,5,0.7006666666666667,0.21333333333333335,5,4,4,0.7,baseline-v2-20260723,cd270e7871bd358937d83d9a49829637fa80007d2964084ef229f578e3733bd3,ba75425861a059dafcc477474fc3e4ed1eafdc2b47d6fdd0557337035d29a960,05a827162dee84ea7783474fc88fe615d39a0665bdba55662e440bd0c3864018,572774,1716143232000000000,300
OB/cartservice_disk/1,OB,cartservice,disk,1,300,300,incident,0.3,3,0.3,median_shift,10,0.1,0.0,0.75,0,0,0,13,12.229599989950657,recommendationservice|main|checkoutservice|frontend|adservice,recommendationservice_latency-50,0.457,5,5,0.7006666666666667,0.21333333333333335,5,4,4,0.7,baseline-v2-20260723,cd270e7871bd358937d83d9a49829637fa80007d2964084ef229f578e3733bd3,ba75425861a059dafcc477474fc3e4ed1eafdc2b47d6fdd0557337035d29a960,05a827162dee84ea7783474fc88fe615d39a0665bdba55662e440bd0c3864018,572774,1716143232000000000,300
OB/cartservice_disk/1,OB,cartservice,disk,1,300,300,incident,0.3,3,0.3,nsigma,5,0.2,0.2,0.3333333333333333,0,0,1,13,67.66369997058064,recommendationservice|frontend|currencyservice|adservice|cartservice,recommendationservice_latency-50,0.457,5,5,0.7006666666666667,0.21333333333333335,5,4,4,0.7,baseline-v2-20260723,cd270e7871bd358937d83d9a49829637fa80007d2964084ef229f578e3733bd3,ba75425861a059dafcc477474fc3e4ed1eafdc2b47d6fdd0557337035d29a960,05a827162dee84ea7783474fc88fe615d39a0665bdba55662e440bd0c3864018,572774,1716143232000000000,300
OB/cartservice_disk/1,OB,cartservice,disk,1,300,300,incident,0.3,4,0.3,baro,11,0.09090909090909091,0.0,0.8333333333333334,0,0,0,13,91.15200000815094,currencyservice|paymentservice|adservice|frontend|recommendationservice,currencyservice_mem,0.461,5,5,0.7093333333333334,0.21266666666666667,5,4,4,0.7,baseline-v2-20260723,cd270e7871bd358937d83d9a49829637fa80007d2964084ef229f578e3733bd3,ba75425861a059dafcc477474fc3e4ed1eafdc2b47d6fdd0557337035d29a960,05a827162dee84ea7783474fc88fe615d39a0665bdba55662e440bd0c3864018,572774,1716143232000000000,300
OB/cartservice_disk/1,OB,cartservice,disk,1,300,300,incident,0.3,4,0.3,median_shift,9,0.1111111111111111,0.0,0.6666666666666666,0,0,0,13,17.370900022797287,main|recommendationservice|frontend|adservice|checkoutservice,main_mem,0.461,5,5,0.7093333333333334,0.21266666666666667,5,4,4,0.7,baseline-v2-20260723,cd270e7871bd358937d83d9a49829637fa80007d2964084ef229f578e3733bd3,ba75425861a059dafcc477474fc3e4ed1eafdc2b47d6fdd0557337035d29a960,05a827162dee84ea7783474fc88fe615d39a0665bdba55662e440bd0c3864018,572774,1716143232000000000,300
OB/cartservice_disk/1,OB,cartservice,disk,1,300,300,incident,0.3,4,0.3,nsigma,10,0.1,0.0,0.75,0,0,0,13,82.23759999964386,recommendationservice|currencyservice|paymentservice|frontend|adservice,recommendationservice_latency-50,0.461,5,5,0.7093333333333334,0.21266666666666667,5,4,4,0.7,baseline-v2-20260723,cd270e7871bd358937d83d9a49829637fa80007d2964084ef229f578e3733bd3,ba75425861a059dafcc477474fc3e4ed1eafdc2b47d6fdd0557337035d29a960,05a827162dee84ea7783474fc88fe615d39a0665bdba55662e440bd0c3864018,572774,1716143232000000000,300
OB/cartservice_disk/1,OB,cartservice,disk,1,300,300,incident,0.3,5,0.3,baro,8,0.125,0.0,0.5833333333333334,0,0,0,13,88.90590001828969,currencyservice|paymentservice|frontend|adservice|frontend-external,currencyservice_mem,0.451,5,5,0.69,0.212,5,4,4,0.7,baseline-v2-20260723,cd270e7871bd358937d83d9a49829637fa80007d2964084ef229f578e3733bd3,ba75425861a059dafcc477474fc3e4ed1eafdc2b47d6fdd0557337035d29a960,05a827162dee84ea7783474fc88fe615d39a0665bdba55662e440bd0c3864018,572774,1716143232000000000,300
OB/cartservice_disk/1,OB,cartservice,disk,1,300,300,incident,0.3,5,0.3,median_shift,9,0.1111111111111111,0.0,0.6666666666666666,0,0,0,13,11.3489999785088,recommendationservice|frontend|adservice|main|currencyservice,recommendationservice_latency-50,0.451,5,5,0.69,0.212,5,4,4,0.7,baseline-v2-20260723,cd270e7871bd358937d83d9a49829637fa80007d2964084ef229f578e3733bd3,ba75425861a059dafcc477474fc3e4ed1eafdc2b47d6fdd0557337035d29a960,05a827162dee84ea7783474fc88fe615d39a0665bdba55662e440bd0c3864018,572774,1716143232000000000,300
OB/cartservice_disk/1,OB,cartservice,disk,1,300,300,incident,0.3,5,0.3,nsigma,9,0.1111111111111111,0.0,0.6666666666666666,0,0,0,13,53.10479999752715,frontend|recommendationservice|currencyservice|paymentservice|adservice,frontend_latency-50,0.451,5,5,0.69,0.212,5,4,4,0.7,baseline-v2-20260723,cd270e7871bd358937d83d9a49829637fa80007d2964084ef229f578e3733bd3,ba75425861a059dafcc477474fc3e4ed1eafdc2b47d6fdd0557337035d29a960,05a827162dee84ea7783474fc88fe615d39a0665bdba55662e440bd0c3864018,572774,1716143232000000000,300
OB/cartservice_disk/1,OB,cartservice,disk,1,300,300,incident,0.3,6,0.3,baro,12,0.08333333333333333,0.0,0.9166666666666666,0,0,0,13,73.69019999168813,currencyservice|paymentservice|checkoutservice|recommendationservice|frontend,currencyservice_mem,0.46,5,5,0.71,0.21,5,4,4,0.7,baseline-v2-20260723,cd270e7871bd358937d83d9a49829637fa80007d2964084ef229f578e3733bd3,ba75425861a059dafcc477474fc3e4ed1eafdc2b47d6fdd0557337035d29a960,05a827162dee84ea7783474fc88fe615d39a0665bdba55662e440bd0c3864018,572774,1716143232000000000,300
OB/cartservice_disk/1,OB,cartservice,disk,1,300,300,incident,0.3,6,0.3,median_shift,9,0.1111111111111111,0.0,0.6666666666666666,0,0,0,13,23.262300004716963,recommendationservice|frontend|adservice|main|emailservice,recommendationservice_latency-50,0.46,5,5,0.71,0.21,5,4,4,0.7,baseline-v2-20260723,cd270e7871bd358937d83d9a49829637fa80007d2964084ef229f578e3733bd3,ba75425861a059dafcc477474fc3e4ed1eafdc2b47d6fdd0557337035d29a960,05a827162dee84ea7783474fc88fe615d39a0665bdba55662e440bd0c3864018,572774,1716143232000000000,300
OB/cartservice_disk/1,OB,cartservice,disk,1,300,300,incident,0.3,6,0.3,nsigma,9,0.1111111111111111,0.0,0.6666666666666666,0,0,0,13,65.18099998356774,recommendationservice|currencyservice|frontend|paymentservice|adservice,recommendationservice_latency-50,0.46,5,5,0.71,0.21,5,4,4,0.7,baseline-v2-20260723,cd270e7871bd358937d83d9a49829637fa80007d2964084ef229f578e3733bd3,ba75425861a059dafcc477474fc3e4ed1eafdc2b47d6fdd0557337035d29a960,05a827162dee84ea7783474fc88fe615d39a0665bdba55662e440bd0c3864018,572774,1716143232000000000,300
OB/cartservice_disk/1,OB,cartservice,disk,1,300,300,incident,0.3,7,0.3,baro,6,0.16666666666666666,0.0,0.4166666666666667,0,0,0,13,65.71689998963848,currencyservice|paymentservice|frontend-external|adservice|frontend,currencyservice_mem,0.45166666666666666,5,5,0.6926666666666667,0.21066666666666667,5,4,4,0.7,baseline-v2-20260723,cd270e7871bd358937d83d9a49829637fa80007d2964084ef229f578e3733bd3,ba75425861a059dafcc477474fc3e4ed1eafdc2b47d6fdd0557337035d29a960,05a827162dee84ea7783474fc88fe615d39a0665bdba55662e440bd0c3864018,572774,1716143232000000000,300
OB/cartservice_disk/1,OB,cartservice,disk,1,300,300,incident,0.3,7,0.3,median_shift,10,0.1,0.0,0.75,0,0,0,13,11.74009998794645,recommendationservice|main|frontend|adservice|emailservice,recommendationservice_latency-50,0.45166666666666666,5,5,0.6926666666666667,0.21066666666666667,5,4,4,0.7,baseline-v2-20260723,cd270e7871bd358937d83d9a49829637fa80007d2964084ef229f578e3733bd3,ba75425861a059dafcc477474fc3e4ed1eafdc2b47d6fdd0557337035d29a960,05a827162dee84ea7783474fc88fe615d39a0665bdba55662e440bd0c3864018,572774,1716143232000000000,300
OB/cartservice_disk/1,OB,cartservice,disk,1,300,300,incident,0.3,7,0.3,nsigma,10,0.1,0.0,0.75,0,0,0,13,50.61779997777194,recommendationservice|currencyservice|frontend|paymentservice|adservice,recommendationservice_latency-50,0.45166666666666666,5,5,0.6926666666666667,0.21066666666666667,5,4,4,0.7,baseline-v2-20260723,cd270e7871bd358937d83d9a49829637fa80007d2964084ef229f578e3733bd3,ba75425861a059dafcc477474fc3e4ed1eafdc2b47d6fdd0557337035d29a960,05a827162dee84ea7783474fc88fe615d39a0665bdba55662e440bd0c3864018,572774,1716143232000000000,300
OB/cartservice_disk/1,OB,cartservice,disk,1,300,300,incident,0.3,8,0.3,baro,12,0.08333333333333333,0.0,0.9166666666666666,0,0,0,13,71.11509999958798,currencyservice|paymentservice|main|frontend-external|adservice,currencyservice_mem,0.453,5,5,0.6926666666666667,0.21333333333333335,5,4,4,0.7,baseline-v2-20260723,cd270e7871bd358937d83d9a49829637fa80007d2964084ef229f578e3733bd3,ba75425861a059dafcc477474fc3e4ed1eafdc2b47d6fdd0557337035d29a960,05a827162dee84ea7783474fc88fe615d39a0665bdba55662e440bd0c3864018,572774,1716143232000000000,300
OB/cartservice_disk/1,OB,cartservice,disk,1,300,300,incident,0.3,8,0.3,median_shift,8,0.125,0.0,0.5833333333333334,0,0,0,13,20.264299993868917,recommendationservice|main|frontend|adservice|currencyservice,recommendationservice_latency-50,0.453,5,5,0.6926666666666667,0.21333333333333335,5,4,4,0.7,baseline-v2-20260723,cd270e7871bd358937d83d9a49829637fa80007d2964084ef229f578e3733bd3,ba75425861a059dafcc477474fc3e4ed1eafdc2b47d6fdd0557337035d29a960,05a827162dee84ea7783474fc88fe615d39a0665bdba55662e440bd0c3864018,572774,1716143232000000000,300
OB/cartservice_disk/1,OB,cartservice,disk,1,300,300,incident,0.3,8,0.3,nsigma,9,0.1111111111111111,0.0,0.6666666666666666,0,0,0,13,175.39759998908266,recommendationservice|currencyservice|frontend|adservice|paymentservice,recommendationservice_latency-50,0.453,5,5,0.6926666666666667,0.21333333333333335,5,4,4,0.7,baseline-v2-20260723,cd270e7871bd358937d83d9a49829637fa80007d2964084ef229f578e3733bd3,ba75425861a059dafcc477474fc3e4ed1eafdc2b47d6fdd0557337035d29a960,05a827162dee84ea7783474fc88fe615d39a0665bdba55662e440bd0c3864018,572774,1716143232000000000,300
OB/cartservice_disk/1,OB,cartservice,disk,1,300,300,incident,0.3,9,0.3,baro,13,0.07692307692307693,0.0,1.0,0,0,0,13,78.3923999988474,currencyservice|paymentservice|checkoutservice|recommendationservice|frontend,currencyservice_mem,0.45866666666666667,5,5,0.708,0.20933333333333334,5,4,4,0.7,baseline-v2-20260723,cd270e7871bd358937d83d9a49829637fa80007d2964084ef229f578e3733bd3,ba75425861a059dafcc477474fc3e4ed1eafdc2b47d6fdd0557337035d29a960,05a827162dee84ea7783474fc88fe615d39a0665bdba55662e440bd0c3864018,572774,1716143232000000000,300
OB/cartservice_disk/1,OB,cartservice,disk,1,300,300,incident,0.3,9,0.3,median_shift,10,0.1,0.0,0.75,0,0,0,13,11.819900013506413,main|recommendationservice|frontend|adservice|redis,main_mem,0.45866666666666667,5,5,0.708,0.20933333333333334,5,4,4,0.7,baseline-v2-20260723,cd270e7871bd358937d83d9a49829637fa80007d2964084ef229f578e3733bd3,ba75425861a059dafcc477474fc3e4ed1eafdc2b47d6fdd0557337035d29a960,05a827162dee84ea7783474fc88fe615d39a0665bdba55662e440bd0c3864018,572774,1716143232000000000,300
OB/cartservice_disk/1,OB,cartservice,disk,1,300,300,incident,0.3,9,0.3,nsigma,10,0.1,0.0,0.75,0,0,0,13,110.63650000141934,adservice|recommendationservice|currencyservice|frontend|emailservice,adservice_mem,0.45866666666666667,5,5,0.708,0.20933333333333334,5,4,4,0.7,baseline-v2-20260723,cd270e7871bd358937d83d9a49829637fa80007d2964084ef229f578e3733bd3,ba75425861a059dafcc477474fc3e4ed1eafdc2b47d6fdd0557337035d29a960,05a827162dee84ea7783474fc88fe615d39a0665bdba55662e440bd0c3864018,572774,1716143232000000000,300
OB/cartservice_disk/1,OB,cartservice,disk,1,300,300,incident,0.5,0,0.5,baro,13,0.07692307692307693,0.0,1.0,0,0,0,13,73.25030001811683,currencyservice|checkoutservice|adservice|frontend|productcatalogservice,currencyservice_mem,0.341,5,5,0.5093333333333333,0.17266666666666666,5,4,4,0.5,baseline-v2-20260723,cd270e7871bd358937d83d9a49829637fa80007d2964084ef229f578e3733bd3,ba75425861a059dafcc477474fc3e4ed1eafdc2b47d6fdd0557337035d29a960,05a827162dee84ea7783474fc88fe615d39a0665bdba55662e440bd0c3864018,572774,1716143232000000000,300
OB/cartservice_disk/1,OB,cartservice,disk,1,300,300,incident,0.5,0,0.5,median_shift,8,0.125,0.0,0.5833333333333334,0,0,0,13,20.782000035978854,redis|currencyservice|main|recommendationservice|checkoutservice,redis_cpu,0.341,5,5,0.5093333333333333,0.17266666666666666,5,4,4,0.5,baseline-v2-20260723,cd270e7871bd358937d83d9a49829637fa80007d2964084ef229f578e3733bd3,ba75425861a059dafcc477474fc3e4ed1eafdc2b47d6fdd0557337035d29a960,05a827162dee84ea7783474fc88fe615d39a0665bdba55662e440bd0c3864018,572774,1716143232000000000,300
OB/cartservice_disk/1,OB,cartservice,disk,1,300,300,incident,0.5,0,0.5,nsigma,11,0.09090909090909091,0.0,0.8333333333333334,0,0,0,13,73.22660001227632,currencyservice|productcatalogservice|frontend|paymentservice|checkoutservice,currencyservice_mem,0.341,5,5,0.5093333333333333,0.17266666666666666,5,4,4,0.5,baseline-v2-20260723,cd270e7871bd358937d83d9a49829637fa80007d2964084ef229f578e3733bd3,ba75425861a059dafcc477474fc3e4ed1eafdc2b47d6fdd0557337035d29a960,05a827162dee84ea7783474fc88fe615d39a0665bdba55662e440bd0c3864018,572774,1716143232000000000,300
OB/cartservice_disk/1,OB,cartservice,disk,1,300,300,incident,0.5,1,0.5,baro,12,0.08333333333333333,0.0,0.9166666666666666,0,0,0,13,74.43909998983145,currencyservice|paymentservice|adservice|frontend|checkoutservice,currencyservice_mem,0.3303333333333333,5,5,0.49,0.17066666666666666,5,4,4,0.5,baseline-v2-20260723,cd270e7871bd358937d83d9a49829637fa80007d2964084ef229f578e3733bd3,ba75425861a059dafcc477474fc3e4ed1eafdc2b47d6fdd0557337035d29a960,05a827162dee84ea7783474fc88fe615d39a0665bdba55662e440bd0c3864018,572774,1716143232000000000,300
OB/cartservice_disk/1,OB,cartservice,disk,1,300,300,incident,0.5,1,0.5,median_shift,9,0.1111111111111111,0.0,0.6666666666666666,0,0,0,13,18.38800002587959,frontend|main|recommendationservice|currencyservice|redis,frontend_latency-50,0.3303333333333333,5,5,0.49,0.17066666666666666,5,4,4,0.5,baseline-v2-20260723,cd270e7871bd358937d83d9a49829637fa80007d2964084ef229f578e3733bd3,ba75425861a059dafcc477474fc3e4ed1eafdc2b47d6fdd0557337035d29a960,05a827162dee84ea7783474fc88fe615d39a0665bdba55662e440bd0c3864018,572774,1716143232000000000,300
OB/cartservice_disk/1,OB,cartservice,disk,1,300,300,incident,0.5,1,0.5,nsigma,11,0.09090909090909091,0.0,0.8333333333333334,0,0,0,13,61.814600019715726,paymentservice|currencyservice|adservice|frontend|emailservice,paymentservice_workload,0.3303333333333333,5,5,0.49,0.17066666666666666,5,4,4,0.5,baseline-v2-20260723,cd270e7871bd358937d83d9a49829637fa80007d2964084ef229f578e3733bd3,ba75425861a059dafcc477474fc3e4ed1eafdc2b47d6fdd0557337035d29a960,05a827162dee84ea7783474fc88fe615d39a0665bdba55662e440bd0c3864018,572774,1716143232000000000,300
OB/cartservice_disk/1,OB,cartservice,disk,1,300,300,incident,0.5,2,0.5,baro,8,0.125,0.0,0.5833333333333334,0,0,0,13,65.0749999913387,currencyservice|adservice|paymentservice|redis|checkoutservice,currencyservice_mem,0.3396666666666667,5,5,0.508,0.17133333333333334,5,4,4,0.5,baseline-v2-20260723,cd270e7871bd358937d83d9a49829637fa80007d2964084ef229f578e3733bd3,ba75425861a059dafcc477474fc3e4ed1eafdc2b47d6fdd0557337035d29a960,05a827162dee84ea7783474fc88fe615d39a0665bdba55662e440bd0c3864018,572774,1716143232000000000,300
OB/cartservice_disk/1,OB,cartservice,disk,1,300,300,incident,0.5,2,0.5,median_shift,9,0.1111111111111111,0.0,0.6666666666666666,0,0,0,13,15.651200024876744,redis|recommendationservice|adservice|main|paymentservice,redis_cpu,0.3396666666666667,5,5,0.508,0.17133333333333334,5,4,4,0.5,baseline-v2-20260723,cd270e7871bd358937d83d9a49829637fa80007d2964084ef229f578e3733bd3,ba75425861a059dafcc477474fc3e4ed1eafdc2b47d6fdd0557337035d29a960,05a827162dee84ea7783474fc88fe615d39a0665bdba55662e440bd0c3864018,572774,1716143232000000000,300
OB/cartservice_disk/1,OB,cartservice,disk,1,300,300,incident,0.5,2,0.5,nsigma,11,0.09090909090909091,0.0,0.8333333333333334,0,0,0,13,51.40130000654608,currencyservice|paymentservice|productcatalogservice|frontend|recommendationservice,currencyservice_mem,0.3396666666666667,5,5,0.508,0.17133333333333334,5,4,4,0.5,baseline-v2-20260723,cd270e7871bd358937d83d9a49829637fa80007d2964084ef229f578e3733bd3,ba75425861a059dafcc477474fc3e4ed1eafdc2b47d6fdd0557337035d29a960,05a827162dee84ea7783474fc88fe615d39a0665bdba55662e440bd0c3864018,572774,1716143232000000000,300
OB/cartservice_disk/1,OB,cartservice,disk,1,300,300,incident,0.5,3,0.5,baro,11,0.09090909090909091,0.0,0.8333333333333334,0,0,0,13,82.69800001289696,currencyservice|adservice|main|redis|productcatalogservice,currencyservice_mem,0.33266666666666667,5,5,0.502,0.16333333333333333,5,4,4,0.5,baseline-v2-20260723,cd270e7871bd358937d83d9a49829637fa80007d2964084ef229f578e3733bd3,ba75425861a059dafcc477474fc3e4ed1eafdc2b47d6fdd0557337035d29a960,05a827162dee84ea7783474fc88fe615d39a0665bdba55662e440bd0c3864018,572774,1716143232000000000,300
OB/cartservice_disk/1,OB,cartservice,disk,1,300,300,incident,0.5,3,0.5,median_shift,9,0.1111111111111111,0.0,0.6666666666666666,0,0,0,13,12.13430002098903,main|currencyservice|redis|frontend|recommendationservice,main_mem,0.33266666666666667,5,5,0.502,0.16333333333333333,5,4,4,0.5,baseline-v2-20260723,cd270e7871bd358937d83d9a49829637fa80007d2964084ef229f578e3733bd3,ba75425861a059dafcc477474fc3e4ed1eafdc2b47d6fdd0557337035d29a960,05a827162dee84ea7783474fc88fe615d39a0665bdba55662e440bd0c3864018,572774,1716143232000000000,300
OB/cartservice_disk/1,OB,cartservice,disk,1,300,300,incident,0.5,3,0.5,nsigma,11,0.09090909090909091,0.0,0.8333333333333334,0,0,0,13,53.51820000214502,currencyservice|frontend|main|adservice|paymentservice,currencyservice_mem,0.33266666666666667,5,5,0.502,0.16333333333333333,5,4,4,0.5,baseline-v2-20260723,cd270e7871bd358937d83d9a49829637fa80007d2964084ef229f578e3733bd3,ba75425861a059dafcc477474fc3e4ed1eafdc2b47d6fdd0557337035d29a960,05a827162dee84ea7783474fc88fe615d39a0665bdba55662e440bd0c3864018,572774,1716143232000000000,300
OB/cartservice_disk/1,OB,cartservice,disk,1,300,300,incident,0.5,4,0.5,baro,13,0.07692307692307693,0.0,1.0,0,0,0,13,90.31070000492036,currencyservice|paymentservice|checkoutservice|emailservice|adservice,currencyservice_mem,0.32866666666666666,5,5,0.48733333333333334,0.17,5,4,4,0.5,baseline-v2-20260723,cd270e7871bd358937d83d9a49829637fa80007d2964084ef229f578e3733bd3,ba75425861a059dafcc477474fc3e4ed1eafdc2b47d6fdd0557337035d29a960,05a827162dee84ea7783474fc88fe615d39a0665bdba55662e440bd0c3864018,572774,1716143232000000000,300
OB/cartservice_disk/1,OB,cartservice,disk,1,300,300,incident,0.5,4,0.5,median_shift,10,0.1,0.0,0.75,0,0,0,13,11.325499974191189,redis|currencyservice|main|recommendationservice|adservice,redis_cpu,0.32866666666666666,5,5,0.48733333333333334,0.17,5,4,4,0.5,baseline-v2-20260723,cd270e7871bd358937d83d9a49829637fa80007d2964084ef229f578e3733bd3,ba75425861a059dafcc477474fc3e4ed1eafdc2b47d6fdd0557337035d29a960,05a827162dee84ea7783474fc88fe615d39a0665bdba55662e440bd0c3864018,572774,1716143232000000000,300
OB/cartservice_disk/1,OB,cartservice,disk,1,300,300,incident,0.5,4,0.5,nsigma,11,0.09090909090909091,0.0,0.8333333333333334,0,0,0,13,70.13879995793104,paymentservice|currencyservice|frontend|checkoutservice|main,paymentservice_workload,0.32866666666666666,5,5,0.48733333333333334,0.17,5,4,4,0.5,baseline-v2-20260723,cd270e7871bd358937d83d9a49829637fa80007d2964084ef229f578e3733bd3,ba75425861a059dafcc477474fc3e4ed1eafdc2b47d6fdd0557337035d29a960,05a827162dee84ea7783474fc88fe615d39a0665bdba55662e440bd0c3864018,572774,1716143232000000000,300
OB/cartservice_disk/1,OB,cartservice,disk,1,300,300,incident,0.5,5,0.5,baro,12,0.08333333333333333,0.0,0.9166666666666666,0,0,0,13,76.46539999404922,currencyservice|adservice|frontend|redis|paymentservice,currencyservice_mem,0.3416666666666667,5,5,0.5153333333333333,0.168,5,4,4,0.5,baseline-v2-20260723,cd270e7871bd358937d83d9a49829637fa80007d2964084ef229f578e3733bd3,ba75425861a059dafcc477474fc3e4ed1eafdc2b47d6fdd0557337035d29a960,05a827162dee84ea7783474fc88fe615d39a0665bdba55662e440bd0c3864018,572774,1716143232000000000,300
OB/cartservice_disk/1,OB,cartservice,disk,1,300,300,incident,0.5,5,0.5,median_shift,10,0.1,0.0,0.75,0,0,0,13,11.175899999216199,redis|main|recommendationservice|frontend|adservice,redis_cpu,0.3416666666666667,5,5,0.5153333333333333,0.168,5,4,4,0.5,baseline-v2-20260723,cd270e7871bd358937d83d9a49829637fa80007d2964084ef229f578e3733bd3,ba75425861a059dafcc477474fc3e4ed1eafdc2b47d6fdd0557337035d29a960,05a827162dee84ea7783474fc88fe615d39a0665bdba55662e440bd0c3864018,572774,1716143232000000000,300
OB/cartservice_disk/1,OB,cartservice,disk,1,300,300,incident,0.5,5,0.5,nsigma,11,0.09090909090909091,0.0,0.8333333333333334,0,0,0,13,68.34539998089895,currencyservice|adservice|frontend|emailservice|paymentservice,currencyservice_mem,0.3416666666666667,5,5,0.5153333333333333,0.168,5,4,4,0.5,baseline-v2-20260723,cd270e7871bd358937d83d9a49829637fa80007d2964084ef229f578e3733bd3,ba75425861a059dafcc477474fc3e4ed1eafdc2b47d6fdd0557337035d29a960,05a827162dee84ea7783474fc88fe615d39a0665bdba55662e440bd0c3864018,572774,1716143232000000000,300
OB/cartservice_disk/1,OB,cartservice,disk,1,300,300,incident,0.5,6,0.5,baro,13,0.07692307692307693,0.0,1.0,0,0,0,13,63.55379999149591,currencyservice|adservice|recommendationservice|main|checkoutservice,currencyservice_mem,0.33166666666666667,5,5,0.498,0.16533333333333333,5,4,4,0.5,baseline-v2-20260723,cd270e7871bd358937d83d9a49829637fa80007d2964084ef229f578e3733bd3,ba75425861a059dafcc477474fc3e4ed1eafdc2b47d6fdd0557337035d29a960,05a827162dee84ea7783474fc88fe615d39a0665bdba55662e440bd0c3864018,572774,1716143232000000000,300
OB/cartservice_disk/1,OB,cartservice,disk,1,300,300,incident,0.5,6,0.5,median_shift,2,0.5,0.8,0.08333333333333333,0,1,1,13,10.789700027089566,redis|cartservice|currencyservice|main|checkoutservice,redis_cpu,0.33166666666666667,5,5,0.498,0.16533333333333333,5,4,4,0.5,baseline-v2-20260723,cd270e7871bd358937d83d9a49829637fa80007d2964084ef229f578e3733bd3,ba75425861a059dafcc477474fc3e4ed1eafdc2b47d6fdd0557337035d29a960,05a827162dee84ea7783474fc88fe615d39a0665bdba55662e440bd0c3864018,572774,1716143232000000000,300
OB/cartservice_disk/1,OB,cartservice,disk,1,300,300,incident,0.5,6,0.5,nsigma,11,0.09090909090909091,0.0,0.8333333333333334,0,0,0,13,69.12310002371669,currencyservice|adservice|frontend|emailservice|paymentservice,currencyservice_latency-90,0.33166666666666667,5,5,0.498,0.16533333333333333,5,4,4,0.5,baseline-v2-20260723,cd270e7871bd358937d83d9a49829637fa80007d2964084ef229f578e3733bd3,ba75425861a059dafcc477474fc3e4ed1eafdc2b47d6fdd0557337035d29a960,05a827162dee84ea7783474fc88fe615d39a0665bdba55662e440bd0c3864018,572774,1716143232000000000,300
OB/cartservice_disk/1,OB,cartservice,disk,1,300,300,incident,0.5,7,0.5,baro,13,0.07692307692307693,0.0,1.0,0,0,0,13,62.40530003560707,currencyservice|checkoutservice|adservice|productcatalogservice|redis,currencyservice_mem,0.32233333333333336,5,5,0.474,0.17066666666666666,5,4,4,0.5,baseline-v2-20260723,cd270e7871bd358937d83d9a49829637fa80007d2964084ef229f578e3733bd3,ba75425861a059dafcc477474fc3e4ed1eafdc2b47d6fdd0557337035d29a960,05a827162dee84ea7783474fc88fe615d39a0665bdba55662e440bd0c3864018,572774,1716143232000000000,300
OB/cartservice_disk/1,OB,cartservice,disk,1,300,300,incident,0.5,7,0.5,median_shift,10,0.1,0.0,0.75,0,0,0,13,10.771800007205456,redis|main|frontend|recommendationservice|currencyservice,redis_cpu,0.32233333333333336,5,5,0.474,0.17066666666666666,5,4,4,0.5,baseline-v2-20260723,cd270e7871bd358937d83d9a49829637fa80007d2964084ef229f578e3733bd3,ba75425861a059dafcc477474fc3e4ed1eafdc2b47d6fdd0557337035d29a960,05a827162dee84ea7783474fc88fe615d39a0665bdba55662e440bd0c3864018,572774,1716143232000000000,300
OB/cartservice_disk/1,OB,cartservice,disk,1,300,300,incident,0.5,7,0.5,nsigma,11,0.09090909090909091,0.0,0.8333333333333334,0,0,0,13,62.668300000950694,checkoutservice|paymentservice|currencyservice|frontend|productcatalogservice,checkoutservice_workload,0.32233333333333336,5,5,0.474,0.17066666666666666,5,4,4,0.5,baseline-v2-20260723,cd270e7871bd358937d83d9a49829637fa80007d2964084ef229f578e3733bd3,ba75425861a059dafcc477474fc3e4ed1eafdc2b47d6fdd0557337035d29a960,05a827162dee84ea7783474fc88fe615d39a0665bdba55662e440bd0c3864018,572774,1716143232000000000,300
OB/cartservice_disk/1,OB,cartservice,disk,1,300,300,incident,0.5,8,0.5,baro,11,0.09090909090909091,0.0,0.8333333333333334,0,0,0,13,60.34229998476803,currencyservice|adservice|main|frontend-external|frontend,currencyservice_mem,0.3413333333333333,5,5,0.5113333333333333,0.17133333333333334,5,4,4,0.5,baseline-v2-20260723,cd270e7871bd358937d83d9a49829637fa80007d2964084ef229f578e3733bd3,ba75425861a059dafcc477474fc3e4ed1eafdc2b47d6fdd0557337035d29a960,05a827162dee84ea7783474fc88fe615d39a0665bdba55662e440bd0c3864018,572774,1716143232000000000,300
OB/cartservice_disk/1,OB,cartservice,disk,1,300,300,incident,0.5,8,0.5,median_shift,3,0.3333333333333333,0.6,0.16666666666666666,0,1,1,13,11.157700035255402,currencyservice|main|cartservice|recommendationservice|checkoutservice,currencyservice_latency-90,0.3413333333333333,5,5,0.5113333333333333,0.17133333333333334,5,4,4,0.5,baseline-v2-20260723,cd270e7871bd358937d83d9a49829637fa80007d2964084ef229f578e3733bd3,ba75425861a059dafcc477474fc3e4ed1eafdc2b47d6fdd0557337035d29a960,05a827162dee84ea7783474fc88fe615d39a0665bdba55662e440bd0c3864018,572774,1716143232000000000,300
OB/cartservice_disk/1,OB,cartservice,disk,1,300,300,incident,0.5,8,0.5,nsigma,12,0.08333333333333333,0.0,0.9166666666666666,0,0,0,13,50.12570001417771,recommendationservice|adservice|currencyservice|main|frontend,recommendationservice_latency-50,0.3413333333333333,5,5,0.5113333333333333,0.17133333333333334,5,4,4,0.5,baseline-v2-20260723,cd270e7871bd358937d83d9a49829637fa80007d2964084ef229f578e3733bd3,ba75425861a059dafcc477474fc3e4ed1eafdc2b47d6fdd0557337035d29a960,05a827162dee84ea7783474fc88fe615d39a0665bdba55662e440bd0c3864018,572774,1716143232000000000,300
OB/cartservice_disk/1,OB,cartservice,disk,1,300,300,incident,0.5,9,0.5,baro,13,0.07692307692307693,0.0,1.0,0,0,0,13,106.27039999235421,currencyservice|paymentservice|adservice|main|frontend,currencyservice_mem,0.342,5,5,0.5153333333333333,0.16866666666666666,5,4,4,0.5,baseline-v2-20260723,cd270e7871bd358937d83d9a49829637fa80007d2964084ef229f578e3733bd3,ba75425861a059dafcc477474fc3e4ed1eafdc2b47d6fdd0557337035d29a960,05a827162dee84ea7783474fc88fe615d39a0665bdba55662e440bd0c3864018,572774,1716143232000000000,300
OB/cartservice_disk/1,OB,cartservice,disk,1,300,300,incident,0.5,9,0.5,median_shift,10,0.1,0.0,0.75,0,0,0,13,17.530999961309135,redis|paymentservice|main|checkoutservice|currencyservice,redis_cpu,0.342,5,5,0.5153333333333333,0.16866666666666666,5,4,4,0.5,baseline-v2-20260723,cd270e7871bd358937d83d9a49829637fa80007d2964084ef229f578e3733bd3,ba75425861a059dafcc477474fc3e4ed1eafdc2b47d6fdd0557337035d29a960,05a827162dee84ea7783474fc88fe615d39a0665bdba55662e440bd0c3864018,572774,1716143232000000000,300
OB/cartservice_disk/1,OB,cartservice,disk,1,300,300,incident,0.5,9,0.5,nsigma,11,0.09090909090909091,0.0,0.8333333333333334,0,0,0,13,50.66950002219528,currencyservice|frontend|paymentservice|main|productcatalogservice,currencyservice_mem,0.342,5,5,0.5153333333333333,0.16866666666666666,5,4,4,0.5,baseline-v2-20260723,cd270e7871bd358937d83d9a49829637fa80007d2964084ef229f578e3733bd3,ba75425861a059dafcc477474fc3e4ed1eafdc2b47d6fdd0557337035d29a960,05a827162dee84ea7783474fc88fe615d39a0665bdba55662e440bd0c3864018,572774,1716143232000000000,300
OB/cartservice_disk/1,OB,cartservice,disk,1,300,300,none,0.0,0,0.0,baro,1,1.0,1.0,0.0,1,1,1,13,71.54020003508776,cartservice|paymentservice|checkoutservice|currencyservice|emailservice,cartservice_latency-90,1.0,5,5,1.0,1.0,5,5,5,1.0,baseline-v2-20260723,cd270e7871bd358937d83d9a49829637fa80007d2964084ef229f578e3733bd3,ba75425861a059dafcc477474fc3e4ed1eafdc2b47d6fdd0557337035d29a960,05a827162dee84ea7783474fc88fe615d39a0665bdba55662e440bd0c3864018,572774,1716143232000000000,300
OB/cartservice_disk/1,OB,cartservice,disk,1,300,300,none,0.0,0,0.0,median_shift,1,1.0,1.0,0.0,1,1,1,13,10.79050003318116,cartservice|paymentservice|checkoutservice|recommendationservice|emailservice,cartservice_latency-90,1.0,5,5,1.0,1.0,5,5,5,1.0,baseline-v2-20260723,cd270e7871bd358937d83d9a49829637fa80007d2964084ef229f578e3733bd3,ba75425861a059dafcc477474fc3e4ed1eafdc2b47d6fdd0557337035d29a960,05a827162dee84ea7783474fc88fe615d39a0665bdba55662e440bd0c3864018,572774,1716143232000000000,300
OB/cartservice_disk/1,OB,cartservice,disk,1,300,300,none,0.0,0,0.0,nsigma,1,1.0,1.0,0.0,1,1,1,13,82.03260001027957,cartservice|paymentservice|checkoutservice|emailservice|adservice,cartservice_latency-50,1.0,5,5,1.0,1.0,5,5,5,1.0,baseline-v2-20260723,cd270e7871bd358937d83d9a49829637fa80007d2964084ef229f578e3733bd3,ba75425861a059dafcc477474fc3e4ed1eafdc2b47d6fdd0557337035d29a960,05a827162dee84ea7783474fc88fe615d39a0665bdba55662e440bd0c3864018,572774,1716143232000000000,300
OB/cartservice_disk/1,OB,cartservice,disk,1,300,300,point,0.1,0,0.1,baro,1,1.0,1.0,0.0,1,1,1,13,87.53489999799058,cartservice|paymentservice|checkoutservice|currencyservice|emailservice,cartservice_latency-90,0.909,5,5,0.9093333333333333,0.9086666666666666,5,5,5,0.9,baseline-v2-20260723,cd270e7871bd358937d83d9a49829637fa80007d2964084ef229f578e3733bd3,ba75425861a059dafcc477474fc3e4ed1eafdc2b47d6fdd0557337035d29a960,05a827162dee84ea7783474fc88fe615d39a0665bdba55662e440bd0c3864018,572774,1716143232000000000,300
OB/cartservice_disk/1,OB,cartservice,disk,1,300,300,point,0.1,0,0.1,median_shift,1,1.0,1.0,0.0,1,1,1,13,11.837399972137064,cartservice|paymentservice|checkoutservice|recommendationservice|emailservice,cartservice_latency-90,0.909,5,5,0.9093333333333333,0.9086666666666666,5,5,5,0.9,baseline-v2-20260723,cd270e7871bd358937d83d9a49829637fa80007d2964084ef229f578e3733bd3,ba75425861a059dafcc477474fc3e4ed1eafdc2b47d6fdd0557337035d29a960,05a827162dee84ea7783474fc88fe615d39a0665bdba55662e440bd0c3864018,572774,1716143232000000000,300
OB/cartservice_disk/1,OB,cartservice,disk,1,300,300,point,0.1,0,0.1,nsigma,1,1.0,1.0,0.0,1,1,1,13,49.82529999688268,cartservice|paymentservice|checkoutservice|emailservice|adservice,cartservice_latency-50,0.909,5,5,0.9093333333333333,0.9086666666666666,5,5,5,0.9,baseline-v2-20260723,cd270e7871bd358937d83d9a49829637fa80007d2964084ef229f578e3733bd3,ba75425861a059dafcc477474fc3e4ed1eafdc2b47d6fdd0557337035d29a960,05a827162dee84ea7783474fc88fe615d39a0665bdba55662e440bd0c3864018,572774,1716143232000000000,300
OB/cartservice_disk/1,OB,cartservice,disk,1,300,300,point,0.1,1,0.1,baro,1,1.0,1.0,0.0,1,1,1,13,98.05369999958202,cartservice|paymentservice|checkoutservice|currencyservice|emailservice,cartservice_latency-90,0.899,5,5,0.892,0.906,5,5,5,0.9,baseline-v2-20260723,cd270e7871bd358937d83d9a49829637fa80007d2964084ef229f578e3733bd3,ba75425861a059dafcc477474fc3e4ed1eafdc2b47d6fdd0557337035d29a960,05a827162dee84ea7783474fc88fe615d39a0665bdba55662e440bd0c3864018,572774,1716143232000000000,300
OB/cartservice_disk/1,OB,cartservice,disk,1,300,300,point,0.1,1,0.1,median_shift,1,1.0,1.0,0.0,1,1,1,13,13.109200051985681,cartservice|paymentservice|checkoutservice|recommendationservice|emailservice,cartservice_latency-90,0.899,5,5,0.892,0.906,5,5,5,0.9,baseline-v2-20260723,cd270e7871bd358937d83d9a49829637fa80007d2964084ef229f578e3733bd3,ba75425861a059dafcc477474fc3e4ed1eafdc2b47d6fdd0557337035d29a960,05a827162dee84ea7783474fc88fe615d39a0665bdba55662e440bd0c3864018,572774,1716143232000000000,300
OB/cartservice_disk/1,OB,cartservice,disk,1,300,300,point,0.1,1,0.1,nsigma,1,1.0,1.0,0.0,1,1,1,13,67.32440000632778,cartservice|paymentservice|checkoutservice|emailservice|adservice,cartservice_latency-50,0.899,5,5,0.892,0.906,5,5,5,0.9,baseline-v2-20260723,cd270e7871bd358937d83d9a49829637fa80007d2964084ef229f578e3733bd3,ba75425861a059dafcc477474fc3e4ed1eafdc2b47d6fdd0557337035d29a960,05a827162dee84ea7783474fc88fe615d39a0665bdba55662e440bd0c3864018,572774,1716143232000000000,300
OB/cartservice_disk/1,OB,cartservice,disk,1,300,300,point,0.1,2,0.1,baro,1,1.0,1.0,0.0,1,1,1,13,77.05409999471158,cartservice|paymentservice|checkoutservice|currencyservice|emailservice,cartservice_latency-90,0.899,5,5,0.892,0.906,5,5,5,0.9,baseline-v2-20260723,cd270e7871bd358937d83d9a49829637fa80007d2964084ef229f578e3733bd3,ba75425861a059dafcc477474fc3e4ed1eafdc2b47d6fdd0557337035d29a960,05a827162dee84ea7783474fc88fe615d39a0665bdba55662e440bd0c3864018,572774,1716143232000000000,300
OB/cartservice_disk/1,OB,cartservice,disk,1,300,300,point,0.1,2,0.1,median_shift,1,1.0,1.0,0.0,1,1,1,13,13.593300012871623,cartservice|paymentservice|checkoutservice|recommendationservice|emailservice,cartservice_latency-90,0.899,5,5,0.892,0.906,5,5,5,0.9,baseline-v2-20260723,cd270e7871bd358937d83d9a49829637fa80007d2964084ef229f578e3733bd3,ba75425861a059dafcc477474fc3e4ed1eafdc2b47d6fdd0557337035d29a960,05a827162dee84ea7783474fc88fe615d39a0665bdba55662e440bd0c3864018,572774,1716143232000000000,300
OB/cartservice_disk/1,OB,cartservice,disk,1,300,300,point,0.1,2,0.1,nsigma,1,1.0,1.0,0.0,1,1,1,13,52.296800015028566,cartservice|paymentservice|checkoutservice|emailservice|adservice,cartservice_latency-50,0.899,5,5,0.892,0.906,5,5,5,0.9,baseline-v2-20260723,cd270e7871bd358937d83d9a49829637fa80007d2964084ef229f578e3733bd3,ba75425861a059dafcc477474fc3e4ed1eafdc2b47d6fdd0557337035d29a960,05a827162dee84ea7783474fc88fe615d39a0665bdba55662e440bd0c3864018,572774,1716143232000000000,300
OB/cartservice_disk/1,OB,cartservice,disk,1,300,300,point,0.1,3,0.1,baro,1,1.0,1.0,0.0,1,1,1,13,70.09280001511797,cartservice|paymentservice|checkoutservice|currencyservice|emailservice,cartservice_latency-90,0.8893333333333333,5,5,0.8986666666666666,0.88,5,5,5,0.9,baseline-v2-20260723,cd270e7871bd358937d83d9a49829637fa80007d2964084ef229f578e3733bd3,ba75425861a059dafcc477474fc3e4ed1eafdc2b47d6fdd0557337035d29a960,05a827162dee84ea7783474fc88fe615d39a0665bdba55662e440bd0c3864018,572774,1716143232000000000,300
OB/cartservice_disk/1,OB,cartservice,disk,1,300,300,point,0.1,3,0.1,median_shift,1,1.0,1.0,0.0,1,1,1,13,11.453700019046664,cartservice|paymentservice|checkoutservice|recommendationservice|emailservice,cartservice_latency-90,0.8893333333333333,5,5,0.8986666666666666,0.88,5,5,5,0.9,baseline-v2-20260723,cd270e7871bd358937d83d9a49829637fa80007d2964084ef229f578e3733bd3,ba75425861a059dafcc477474fc3e4ed1eafdc2b47d6fdd0557337035d29a960,05a827162dee84ea7783474fc88fe615d39a0665bdba55662e440bd0c3864018,572774,1716143232000000000,300
OB/cartservice_disk/1,OB,cartservice,disk,1,300,300,point,0.1,3,0.1,nsigma,1,1.0,1.0,0.0,1,1,1,13,63.47779999487102,cartservice|paymentservice|checkoutservice|emailservice|adservice,cartservice_latency-50,0.8893333333333333,5,5,0.8986666666666666,0.88,5,5,5,0.9,baseline-v2-20260723,cd270e7871bd358937d83d9a49829637fa80007d2964084ef229f578e3733bd3,ba75425861a059dafcc477474fc3e4ed1eafdc2b47d6fdd0557337035d29a960,05a827162dee84ea7783474fc88fe615d39a0665bdba55662e440bd0c3864018,572774,1716143232000000000,300
OB/cartservice_disk/1,OB,cartservice,disk,1,300,300,point,0.1,4,0.1,baro,1,1.0,1.0,0.0,1,1,1,13,66.83620001422241,cartservice|paymentservice|checkoutservice|currencyservice|emailservice,cartservice_latency-90,0.894,5,5,0.8893333333333333,0.8986666666666666,5,5,5,0.9,baseline-v2-20260723,cd270e7871bd358937d83d9a49829637fa80007d2964084ef229f578e3733bd3,ba75425861a059dafcc477474fc3e4ed1eafdc2b47d6fdd0557337035d29a960,05a827162dee84ea7783474fc88fe615d39a0665bdba55662e440bd0c3864018,572774,1716143232000000000,300
OB/cartservice_disk/1,OB,cartservice,disk,1,300,300,point,0.1,4,0.1,median_shift,1,1.0,1.0,0.0,1,1,1,13,14.557100017555058,cartservice|paymentservice|checkoutservice|recommendationservice|emailservice,cartservice_latency-90,0.894,5,5,0.8893333333333333,0.8986666666666666,5,5,5,0.9,baseline-v2-20260723,cd270e7871bd358937d83d9a49829637fa80007d2964084ef229f578e3733bd3,ba75425861a059dafcc477474fc3e4ed1eafdc2b47d6fdd0557337035d29a960,05a827162dee84ea7783474fc88fe615d39a0665bdba55662e440bd0c3864018,572774,1716143232000000000,300
OB/cartservice_disk/1,OB,cartservice,disk,1,300,300,point,0.1,4,0.1,nsigma,1,1.0,1.0,0.0,1,1,1,13,66.79109996184707,cartservice|paymentservice|checkoutservice|emailservice|adservice,cartservice_latency-50,0.894,5,5,0.8893333333333333,0.8986666666666666,5,5,5,0.9,baseline-v2-20260723,cd270e7871bd358937d83d9a49829637fa80007d2964084ef229f578e3733bd3,ba75425861a059dafcc477474fc3e4ed1eafdc2b47d6fdd0557337035d29a960,05a827162dee84ea7783474fc88fe615d39a0665bdba55662e440bd0c3864018,572774,1716143232000000000,300
OB/cartservice_disk/1,OB,cartservice,disk,1,300,300,point,0.1,5,0.1,baro,1,1.0,1.0,0.0,1,1,1,13,77.54780002869666,cartservice|paymentservice|checkoutservice|currencyservice|emailservice,cartservice_latency-90,0.8946666666666667,5,5,0.8973333333333333,0.892,5,5,5,0.9,baseline-v2-20260723,cd270e7871bd358937d83d9a49829637fa80007d2964084ef229f578e3733bd3,ba75425861a059dafcc477474fc3e4ed1eafdc2b47d6fdd0557337035d29a960,05a827162dee84ea7783474fc88fe615d39a0665bdba55662e440bd0c3864018,572774,1716143232000000000,300
OB/cartservice_disk/1,OB,cartservice,disk,1,300,300,point,0.1,5,0.1,median_shift,1,1.0,1.0,0.0,1,1,1,13,22.031000000424683,cartservice|paymentservice|checkoutservice|recommendationservice|emailservice,cartservice_latency-90,0.8946666666666667,5,5,0.8973333333333333,0.892,5,5,5,0.9,baseline-v2-20260723,cd270e7871bd358937d83d9a49829637fa80007d2964084ef229f578e3733bd3,ba75425861a059dafcc477474fc3e4ed1eafdc2b47d6fdd0557337035d29a960,05a827162dee84ea7783474fc88fe615d39a0665bdba55662e440bd0c3864018,572774,1716143232000000000,300
OB/cartservice_disk/1,OB,cartservice,disk,1,300,300,point,0.1,5,0.1,nsigma,1,1.0,1.0,0.0,1,1,1,13,51.50010000215843,cartservice|paymentservice|checkoutservice|emailservice|adservice,cartservice_latency-50,0.8946666666666667,5,5,0.8973333333333333,0.892,5,5,5,0.9,baseline-v2-20260723,cd270e7871bd358937d83d9a49829637fa80007d2964084ef229f578e3733bd3,ba75425861a059dafcc477474fc3e4ed1eafdc2b47d6fdd0557337035d29a960,05a827162dee84ea7783474fc88fe615d39a0665bdba55662e440bd0c3864018,572774,1716143232000000000,300
OB/cartservice_disk/1,OB,cartservice,disk,1,300,300,point,0.1,6,0.1,baro,1,1.0,1.0,0.0,1,1,1,13,85.96120000584051,cartservice|paymentservice|checkoutservice|currencyservice|emailservice,cartservice_latency-90,0.9013333333333333,5,5,0.8966666666666666,0.906,5,5,5,0.9,baseline-v2-20260723,cd270e7871bd358937d83d9a49829637fa80007d2964084ef229f578e3733bd3,ba75425861a059dafcc477474fc3e4ed1eafdc2b47d6fdd0557337035d29a960,05a827162dee84ea7783474fc88fe615d39a0665bdba55662e440bd0c3864018,572774,1716143232000000000,300
OB/cartservice_disk/1,OB,cartservice,disk,1,300,300,point,0.1,6,0.1,median_shift,1,1.0,1.0,0.0,1,1,1,13,17.46520004235208,cartservice|paymentservice|checkoutservice|recommendationservice|emailservice,cartservice_latency-90,0.9013333333333333,5,5,0.8966666666666666,0.906,5,5,5,0.9,baseline-v2-20260723,cd270e7871bd358937d83d9a49829637fa80007d2964084ef229f578e3733bd3,ba75425861a059dafcc477474fc3e4ed1eafdc2b47d6fdd0557337035d29a960,05a827162dee84ea7783474fc88fe615d39a0665bdba55662e440bd0c3864018,572774,1716143232000000000,300
OB/cartservice_disk/1,OB,cartservice,disk,1,300,300,point,0.1,6,0.1,nsigma,1,1.0,1.0,0.0,1,1,1,13,60.68090000189841,cartservice|paymentservice|checkoutservice|emailservice|adservice,cartservice_latency-50,0.9013333333333333,5,5,0.8966666666666666,0.906,5,5,5,0.9,baseline-v2-20260723,cd270e7871bd358937d83d9a49829637fa80007d2964084ef229f578e3733bd3,ba75425861a059dafcc477474fc3e4ed1eafdc2b47d6fdd0557337035d29a960,05a827162dee84ea7783474fc88fe615d39a0665bdba55662e440bd0c3864018,572774,1716143232000000000,300
OB/cartservice_disk/1,OB,cartservice,disk,1,300,300,point,0.1,7,0.1,baro,1,1.0,1.0,0.0,1,1,1,13,66.08189997496083,cartservice|paymentservice|checkoutservice|currencyservice|emailservice,cartservice_latency-90,0.892,5,5,0.898,0.886,5,5,5,0.9,baseline-v2-20260723,cd270e7871bd358937d83d9a49829637fa80007d2964084ef229f578e3733bd3,ba75425861a059dafcc477474fc3e4ed1eafdc2b47d6fdd0557337035d29a960,05a827162dee84ea7783474fc88fe615d39a0665bdba55662e440bd0c3864018,572774,1716143232000000000,300
OB/cartservice_disk/1,OB,cartservice,disk,1,300,300,point,0.1,7,0.1,median_shift,1,1.0,1.0,0.0,1,1,1,13,12.456499971449375,cartservice|paymentservice|checkoutservice|recommendationservice|emailservice,cartservice_latency-90,0.892,5,5,0.898,0.886,5,5,5,0.9,baseline-v2-20260723,cd270e7871bd358937d83d9a49829637fa80007d2964084ef229f578e3733bd3,ba75425861a059dafcc477474fc3e4ed1eafdc2b47d6fdd0557337035d29a960,05a827162dee84ea7783474fc88fe615d39a0665bdba55662e440bd0c3864018,572774,1716143232000000000,300
OB/cartservice_disk/1,OB,cartservice,disk,1,300,300,point,0.1,7,0.1,nsigma,1,1.0,1.0,0.0,1,1,1,13,75.39619994349778,cartservice|paymentservice|checkoutservice|emailservice|adservice,cartservice_latency-50,0.892,5,5,0.898,0.886,5,5,5,0.9,baseline-v2-20260723,cd270e7871bd358937d83d9a49829637fa80007d2964084ef229f578e3733bd3,ba75425861a059dafcc477474fc3e4ed1eafdc2b47d6fdd0557337035d29a960,05a827162dee84ea7783474fc88fe615d39a0665bdba55662e440bd0c3864018,572774,1716143232000000000,300
OB/cartservice_disk/1,OB,cartservice,disk,1,300,300,point,0.1,8,0.1,baro,1,1.0,1.0,0.0,1,1,1,13,61.79790000896901,cartservice|paymentservice|checkoutservice|currencyservice|emailservice,cartservice_latency-90,0.9006666666666666,5,5,0.906,0.8953333333333333,5,5,5,0.9,baseline-v2-20260723,cd270e7871bd358937d83d9a49829637fa80007d2964084ef229f578e3733bd3,ba75425861a059dafcc477474fc3e4ed1eafdc2b47d6fdd0557337035d29a960,05a827162dee84ea7783474fc88fe615d39a0665bdba55662e440bd0c3864018,572774,1716143232000000000,300
OB/cartservice_disk/1,OB,cartservice,disk,1,300,300,point,0.1,8,0.1,median_shift,1,1.0,1.0,0.0,1,1,1,13,11.242200038395822,cartservice|paymentservice|checkoutservice|recommendationservice|emailservice,cartservice_latency-90,0.9006666666666666,5,5,0.906,0.8953333333333333,5,5,5,0.9,baseline-v2-20260723,cd270e7871bd358937d83d9a49829637fa80007d2964084ef229f578e3733bd3,ba75425861a059dafcc477474fc3e4ed1eafdc2b47d6fdd0557337035d29a960,05a827162dee84ea7783474fc88fe615d39a0665bdba55662e440bd0c3864018,572774,1716143232000000000,300
OB/cartservice_disk/1,OB,cartservice,disk,1,300,300,point,0.1,8,0.1,nsigma,1,1.0,1.0,0.0,1,1,1,13,50.39779999060556,cartservice|paymentservice|checkoutservice|emailservice|adservice,cartservice_latency-50,0.9006666666666666,5,5,0.906,0.8953333333333333,5,5,5,0.9,baseline-v2-20260723,cd270e7871bd358937d83d9a49829637fa80007d2964084ef229f578e3733bd3,ba75425861a059dafcc477474fc3e4ed1eafdc2b47d6fdd0557337035d29a960,05a827162dee84ea7783474fc88fe615d39a0665bdba55662e440bd0c3864018,572774,1716143232000000000,300
OB/cartservice_disk/1,OB,cartservice,disk,1,300,300,point,0.1,9,0.1,baro,1,1.0,1.0,0.0,1,1,1,13,75.73460001731291,cartservice|paymentservice|checkoutservice|currencyservice|emailservice,cartservice_latency-90,0.899,5,5,0.8946666666666667,0.9033333333333333,5,5,5,0.9,baseline-v2-20260723,cd270e7871bd358937d83d9a49829637fa80007d2964084ef229f578e3733bd3,ba75425861a059dafcc477474fc3e4ed1eafdc2b47d6fdd0557337035d29a960,05a827162dee84ea7783474fc88fe615d39a0665bdba55662e440bd0c3864018,572774,1716143232000000000,300
OB/cartservice_disk/1,OB,cartservice,disk,1,300,300,point,0.1,9,0.1,median_shift,1,1.0,1.0,0.0,1,1,1,13,11.703399999532849,cartservice|paymentservice|checkoutservice|recommendationservice|emailservice,cartservice_latency-90,0.899,5,5,0.8946666666666667,0.9033333333333333,5,5,5,0.9,baseline-v2-20260723,cd270e7871bd358937d83d9a49829637fa80007d2964084ef229f578e3733bd3,ba75425861a059dafcc477474fc3e4ed1eafdc2b47d6fdd0557337035d29a960,05a827162dee84ea7783474fc88fe615d39a0665bdba55662e440bd0c3864018,572774,1716143232000000000,300
OB/cartservice_disk/1,OB,cartservice,disk,1,300,300,point,0.1,9,0.1,nsigma,1,1.0,1.0,0.0,1,1,1,13,50.8652999997139,cartservice|paymentservice|checkoutservice|emailservice|adservice,cartservice_latency-50,0.899,5,5,0.8946666666666667,0.9033333333333333,5,5,5,0.9,baseline-v2-20260723,cd270e7871bd358937d83d9a49829637fa80007d2964084ef229f578e3733bd3,ba75425861a059dafcc477474fc3e4ed1eafdc2b47d6fdd0557337035d29a960,05a827162dee84ea7783474fc88fe615d39a0665bdba55662e440bd0c3864018,572774,1716143232000000000,300
OB/cartservice_disk/1,OB,cartservice,disk,1,300,300,point,0.3,0,0.3,baro,1,1.0,1.0,0.0,1,1,1,13,74.30610002484173,cartservice|paymentservice|checkoutservice|currencyservice|emailservice,cartservice_latency-90,0.7033333333333334,5,5,0.692,0.7146666666666667,5,5,5,0.7,baseline-v2-20260723,cd270e7871bd358937d83d9a49829637fa80007d2964084ef229f578e3733bd3,ba75425861a059dafcc477474fc3e4ed1eafdc2b47d6fdd0557337035d29a960,05a827162dee84ea7783474fc88fe615d39a0665bdba55662e440bd0c3864018,572774,1716143232000000000,300
OB/cartservice_disk/1,OB,cartservice,disk,1,300,300,point,0.3,0,0.3,median_shift,1,1.0,1.0,0.0,1,1,1,13,11.115300003439188,cartservice|paymentservice|checkoutservice|recommendationservice|emailservice,cartservice_latency-90,0.7033333333333334,5,5,0.692,0.7146666666666667,5,5,5,0.7,baseline-v2-20260723,cd270e7871bd358937d83d9a49829637fa80007d2964084ef229f578e3733bd3,ba75425861a059dafcc477474fc3e4ed1eafdc2b47d6fdd0557337035d29a960,05a827162dee84ea7783474fc88fe615d39a0665bdba55662e440bd0c3864018,572774,1716143232000000000,300
OB/cartservice_disk/1,OB,cartservice,disk,1,300,300,point,0.3,0,0.3,nsigma,1,1.0,1.0,0.0,1,1,1,13,58.56450001010671,cartservice|paymentservice|checkoutservice|emailservice|adservice,cartservice_latency-50,0.7033333333333334,5,5,0.692,0.7146666666666667,5,5,5,0.7,baseline-v2-20260723,cd270e7871bd358937d83d9a49829637fa80007d2964084ef229f578e3733bd3,ba75425861a059dafcc477474fc3e4ed1eafdc2b47d6fdd0557337035d29a960,05a827162dee84ea7783474fc88fe615d39a0665bdba55662e440bd0c3864018,572774,1716143232000000000,300
OB/cartservice_disk/1,OB,cartservice,disk,1,300,300,point,0.3,1,0.3,baro,1,1.0,1.0,0.0,1,1,1,13,85.33460000762716,cartservice|paymentservice|checkoutservice|currencyservice|emailservice,cartservice_latency-90,0.7003333333333334,5,5,0.708,0.6926666666666667,5,5,5,0.7,baseline-v2-20260723,cd270e7871bd358937d83d9a49829637fa80007d2964084ef229f578e3733bd3,ba75425861a059dafcc477474fc3e4ed1eafdc2b47d6fdd0557337035d29a960,05a827162dee84ea7783474fc88fe615d39a0665bdba55662e440bd0c3864018,572774,1716143232000000000,300
OB/cartservice_disk/1,OB,cartservice,disk,1,300,300,point,0.3,1,0.3,median_shift,1,1.0,1.0,0.0,1,1,1,13,10.730500041972846,cartservice|paymentservice|checkoutservice|recommendationservice|emailservice,cartservice_latency-90,0.7003333333333334,5,5,0.708,0.6926666666666667,5,5,5,0.7,baseline-v2-20260723,cd270e7871bd358937d83d9a49829637fa80007d2964084ef229f578e3733bd3,ba75425861a059dafcc477474fc3e4ed1eafdc2b47d6fdd0557337035d29a960,05a827162dee84ea7783474fc88fe615d39a0665bdba55662e440bd0c3864018,572774,1716143232000000000,300
OB/cartservice_disk/1,OB,cartservice,disk,1,300,300,point,0.3,1,0.3,nsigma,1,1.0,1.0,0.0,1,1,1,13,65.45230001211166,cartservice|paymentservice|checkoutservice|emailservice|adservice,cartservice_latency-50,0.7003333333333334,5,5,0.708,0.6926666666666667,5,5,5,0.7,baseline-v2-20260723,cd270e7871bd358937d83d9a49829637fa80007d2964084ef229f578e3733bd3,ba75425861a059dafcc477474fc3e4ed1eafdc2b47d6fdd0557337035d29a960,05a827162dee84ea7783474fc88fe615d39a0665bdba55662e440bd0c3864018,572774,1716143232000000000,300
OB/cartservice_disk/1,OB,cartservice,disk,1,300,300,point,0.3,2,0.3,baro,1,1.0,1.0,0.0,1,1,1,13,70.9019000059925,cartservice|paymentservice|checkoutservice|currencyservice|emailservice,cartservice_latency-90,0.6943333333333334,5,5,0.6973333333333334,0.6913333333333334,5,5,5,0.7,baseline-v2-20260723,cd270e7871bd358937d83d9a49829637fa80007d2964084ef229f578e3733bd3,ba75425861a059dafcc477474fc3e4ed1eafdc2b47d6fdd0557337035d29a960,05a827162dee84ea7783474fc88fe615d39a0665bdba55662e440bd0c3864018,572774,1716143232000000000,300
OB/cartservice_disk/1,OB,cartservice,disk,1,300,300,point,0.3,2,0.3,median_shift,1,1.0,1.0,0.0,1,1,1,13,18.29470001393929,cartservice|paymentservice|checkoutservice|recommendationservice|emailservice,cartservice_latency-90,0.6943333333333334,5,5,0.6973333333333334,0.6913333333333334,5,5,5,0.7,baseline-v2-20260723,cd270e7871bd358937d83d9a49829637fa80007d2964084ef229f578e3733bd3,ba75425861a059dafcc477474fc3e4ed1eafdc2b47d6fdd0557337035d29a960,05a827162dee84ea7783474fc88fe615d39a0665bdba55662e440bd0c3864018,572774,1716143232000000000,300
OB/cartservice_disk/1,OB,cartservice,disk,1,300,300,point,0.3,2,0.3,nsigma,1,1.0,1.0,0.0,1,1,1,13,55.43529998976737,cartservice|paymentservice|checkoutservice|emailservice|adservice,cartservice_latency-50,0.6943333333333334,5,5,0.6973333333333334,0.6913333333333334,5,5,5,0.7,baseline-v2-20260723,cd270e7871bd358937d83d9a49829637fa80007d2964084ef229f578e3733bd3,ba75425861a059dafcc477474fc3e4ed1eafdc2b47d6fdd0557337035d29a960,05a827162dee84ea7783474fc88fe615d39a0665bdba55662e440bd0c3864018,572774,1716143232000000000,300
OB/cartservice_disk/1,OB,cartservice,disk,1,300,300,point,0.3,3,0.3,baro,1,1.0,1.0,0.0,1,1,1,13,65.60989998979494,cartservice|paymentservice|checkoutservice|currencyservice|emailservice,cartservice_latency-90,0.6963333333333334,5,5,0.7006666666666667,0.692,5,5,5,0.7,baseline-v2-20260723,cd270e7871bd358937d83d9a49829637fa80007d2964084ef229f578e3733bd3,ba75425861a059dafcc477474fc3e4ed1eafdc2b47d6fdd0557337035d29a960,05a827162dee84ea7783474fc88fe615d39a0665bdba55662e440bd0c3864018,572774,1716143232000000000,300
OB/cartservice_disk/1,OB,cartservice,disk,1,300,300,point,0.3,3,0.3,median_shift,1,1.0,1.0,0.0,1,1,1,13,11.178500019013882,cartservice|paymentservice|checkoutservice|recommendationservice|emailservice,cartservice_latency-90,0.6963333333333334,5,5,0.7006666666666667,0.692,5,5,5,0.7,baseline-v2-20260723,cd270e7871bd358937d83d9a49829637fa80007d2964084ef229f578e3733bd3,ba75425861a059dafcc477474fc3e4ed1eafdc2b47d6fdd0557337035d29a960,05a827162dee84ea7783474fc88fe615d39a0665bdba55662e440bd0c3864018,572774,1716143232000000000,300
OB/cartservice_disk/1,OB,cartservice,disk,1,300,300,point,0.3,3,0.3,nsigma,1,1.0,1.0,0.0,1,1,1,13,71.53089996427298,cartservice|paymentservice|checkoutservice|emailservice|adservice,cartservice_latency-50,0.6963333333333334,5,5,0.7006666666666667,0.692,5,5,5,0.7,baseline-v2-20260723,cd270e7871bd358937d83d9a49829637fa80007d2964084ef229f578e3733bd3,ba75425861a059dafcc477474fc3e4ed1eafdc2b47d6fdd0557337035d29a960,05a827162dee84ea7783474fc88fe615d39a0665bdba55662e440bd0c3864018,572774,1716143232000000000,300
OB/cartservice_disk/1,OB,cartservice,disk,1,300,300,point,0.3,4,0.3,baro,1,1.0,1.0,0.0,1,1,1,13,84.74580000620335,cartservice|paymentservice|checkoutservice|currencyservice|emailservice,cartservice_latency-90,0.7036666666666667,5,5,0.7013333333333334,0.706,5,5,5,0.7,baseline-v2-20260723,cd270e7871bd358937d83d9a49829637fa80007d2964084ef229f578e3733bd3,ba75425861a059dafcc477474fc3e4ed1eafdc2b47d6fdd0557337035d29a960,05a827162dee84ea7783474fc88fe615d39a0665bdba55662e440bd0c3864018,572774,1716143232000000000,300
OB/cartservice_disk/1,OB,cartservice,disk,1,300,300,point,0.3,4,0.3,median_shift,1,1.0,1.0,0.0,1,1,1,13,11.724300042260438,cartservice|paymentservice|checkoutservice|recommendationservice|emailservice,cartservice_latency-90,0.7036666666666667,5,5,0.7013333333333334,0.706,5,5,5,0.7,baseline-v2-20260723,cd270e7871bd358937d83d9a49829637fa80007d2964084ef229f578e3733bd3,ba75425861a059dafcc477474fc3e4ed1eafdc2b47d6fdd0557337035d29a960,05a827162dee84ea7783474fc88fe615d39a0665bdba55662e440bd0c3864018,572774,1716143232000000000,300
OB/cartservice_disk/1,OB,cartservice,disk,1,300,300,point,0.3,4,0.3,nsigma,1,1.0,1.0,0.0,1,1,1,13,67.50579999061301,cartservice|paymentservice|checkoutservice|emailservice|adservice,cartservice_latency-50,0.7036666666666667,5,5,0.7013333333333334,0.706,5,5,5,0.7,baseline-v2-20260723,cd270e7871bd358937d83d9a49829637fa80007d2964084ef229f578e3733bd3,ba75425861a059dafcc477474fc3e4ed1eafdc2b47d6fdd0557337035d29a960,05a827162dee84ea7783474fc88fe615d39a0665bdba55662e440bd0c3864018,572774,1716143232000000000,300
OB/cartservice_disk/1,OB,cartservice,disk,1,300,300,point,0.3,5,0.3,baro,1,1.0,1.0,0.0,1,1,1,13,74.04949999181554,cartservice|paymentservice|checkoutservice|currencyservice|emailservice,cartservice_latency-90,0.704,5,5,0.7053333333333334,0.7026666666666667,5,5,5,0.7,baseline-v2-20260723,cd270e7871bd358937d83d9a49829637fa80007d2964084ef229f578e3733bd3,ba75425861a059dafcc477474fc3e4ed1eafdc2b47d6fdd0557337035d29a960,05a827162dee84ea7783474fc88fe615d39a0665bdba55662e440bd0c3864018,572774,1716143232000000000,300
OB/cartservice_disk/1,OB,cartservice,disk,1,300,300,point,0.3,5,0.3,median_shift,1,1.0,1.0,0.0,1,1,1,13,15.664199949242175,cartservice|paymentservice|checkoutservice|recommendationservice|emailservice,cartservice_latency-50,0.704,5,5,0.7053333333333334,0.7026666666666667,5,5,5,0.7,baseline-v2-20260723,cd270e7871bd358937d83d9a49829637fa80007d2964084ef229f578e3733bd3,ba75425861a059dafcc477474fc3e4ed1eafdc2b47d6fdd0557337035d29a960,05a827162dee84ea7783474fc88fe615d39a0665bdba55662e440bd0c3864018,572774,1716143232000000000,300
OB/cartservice_disk/1,OB,cartservice,disk,1,300,300,point,0.3,5,0.3,nsigma,1,1.0,1.0,0.0,1,1,1,13,51.295600016601384,cartservice|paymentservice|checkoutservice|emailservice|adservice,cartservice_latency-50,0.704,5,5,0.7053333333333334,0.7026666666666667,5,5,5,0.7,baseline-v2-20260723,cd270e7871bd358937d83d9a49829637fa80007d2964084ef229f578e3733bd3,ba75425861a059dafcc477474fc3e4ed1eafdc2b47d6fdd0557337035d29a960,05a827162dee84ea7783474fc88fe615d39a0665bdba55662e440bd0c3864018,572774,1716143232000000000,300
OB/cartservice_disk/1,OB,cartservice,disk,1,300,300,point,0.3,6,0.3,baro,1,1.0,1.0,0.0,1,1,1,13,76.047100010328,cartservice|paymentservice|checkoutservice|currencyservice|emailservice,cartservice_latency-90,0.7043333333333334,5,5,0.704,0.7046666666666667,5,5,5,0.7,baseline-v2-20260723,cd270e7871bd358937d83d9a49829637fa80007d2964084ef229f578e3733bd3,ba75425861a059dafcc477474fc3e4ed1eafdc2b47d6fdd0557337035d29a960,05a827162dee84ea7783474fc88fe615d39a0665bdba55662e440bd0c3864018,572774,1716143232000000000,300
OB/cartservice_disk/1,OB,cartservice,disk,1,300,300,point,0.3,6,0.3,median_shift,1,1.0,1.0,0.0,1,1,1,13,18.097300024237484,cartservice|paymentservice|checkoutservice|recommendationservice|emailservice,cartservice_latency-90,0.7043333333333334,5,5,0.704,0.7046666666666667,5,5,5,0.7,baseline-v2-20260723,cd270e7871bd358937d83d9a49829637fa80007d2964084ef229f578e3733bd3,ba75425861a059dafcc477474fc3e4ed1eafdc2b47d6fdd0557337035d29a960,05a827162dee84ea7783474fc88fe615d39a0665bdba55662e440bd0c3864018,572774,1716143232000000000,300
OB/cartservice_disk/1,OB,cartservice,disk,1,300,300,point,0.3,6,0.3,nsigma,1,1.0,1.0,0.0,1,1,1,13,62.10590002592653,cartservice|paymentservice|checkoutservice|emailservice|adservice,cartservice_latency-50,0.7043333333333334,5,5,0.704,0.7046666666666667,5,5,5,0.7,baseline-v2-20260723,cd270e7871bd358937d83d9a49829637fa80007d2964084ef229f578e3733bd3,ba75425861a059dafcc477474fc3e4ed1eafdc2b47d6fdd0557337035d29a960,05a827162dee84ea7783474fc88fe615d39a0665bdba55662e440bd0c3864018,572774,1716143232000000000,300
OB/cartservice_disk/1,OB,cartservice,disk,1,300,300,point,0.3,7,0.3,baro,1,1.0,1.0,0.0,1,1,1,13,74.22839995706454,cartservice|paymentservice|checkoutservice|currencyservice|emailservice,cartservice_latency-90,0.6876666666666666,5,5,0.6906666666666667,0.6846666666666666,5,5,5,0.7,baseline-v2-20260723,cd270e7871bd358937d83d9a49829637fa80007d2964084ef229f578e3733bd3,ba75425861a059dafcc477474fc3e4ed1eafdc2b47d6fdd0557337035d29a960,05a827162dee84ea7783474fc88fe615d39a0665bdba55662e440bd0c3864018,572774,1716143232000000000,300
OB/cartservice_disk/1,OB,cartservice,disk,1,300,300,point,0.3,7,0.3,median_shift,1,1.0,1.0,0.0,1,1,1,13,11.502699984703213,cartservice|paymentservice|checkoutservice|recommendationservice|emailservice,cartservice_latency-90,0.6876666666666666,5,5,0.6906666666666667,0.6846666666666666,5,5,5,0.7,baseline-v2-20260723,cd270e7871bd358937d83d9a49829637fa80007d2964084ef229f578e3733bd3,ba75425861a059dafcc477474fc3e4ed1eafdc2b47d6fdd0557337035d29a960,05a827162dee84ea7783474fc88fe615d39a0665bdba55662e440bd0c3864018,572774,1716143232000000000,300
OB/cartservice_disk/1,OB,cartservice,disk,1,300,300,point,0.3,7,0.3,nsigma,1,1.0,1.0,0.0,1,1,1,13,64.89759997930378,cartservice|paymentservice|checkoutservice|emailservice|adservice,cartservice_latency-50,0.6876666666666666,5,5,0.6906666666666667,0.6846666666666666,5,5,5,0.7,baseline-v2-20260723,cd270e7871bd358937d83d9a49829637fa80007d2964084ef229f578e3733bd3,ba75425861a059dafcc477474fc3e4ed1eafdc2b47d6fdd0557337035d29a960,05a827162dee84ea7783474fc88fe615d39a0665bdba55662e440bd0c3864018,572774,1716143232000000000,300
OB/cartservice_disk/1,OB,cartservice,disk,1,300,300,point,0.3,8,0.3,baro,1,1.0,1.0,0.0,1,1,1,13,62.94420000631362,cartservice|paymentservice|checkoutservice|currencyservice|emailservice,cartservice_latency-90,0.7043333333333334,5,5,0.712,0.6966666666666667,5,5,5,0.7,baseline-v2-20260723,cd270e7871bd358937d83d9a49829637fa80007d2964084ef229f578e3733bd3,ba75425861a059dafcc477474fc3e4ed1eafdc2b47d6fdd0557337035d29a960,05a827162dee84ea7783474fc88fe615d39a0665bdba55662e440bd0c3864018,572774,1716143232000000000,300
OB/cartservice_disk/1,OB,cartservice,disk,1,300,300,point,0.3,8,0.3,median_shift,1,1.0,1.0,0.0,1,1,1,13,11.236099991947412,cartservice|paymentservice|recommendationservice|checkoutservice|redis,cartservice_latency-90,0.7043333333333334,5,5,0.712,0.6966666666666667,5,5,5,0.7,baseline-v2-20260723,cd270e7871bd358937d83d9a49829637fa80007d2964084ef229f578e3733bd3,ba75425861a059dafcc477474fc3e4ed1eafdc2b47d6fdd0557337035d29a960,05a827162dee84ea7783474fc88fe615d39a0665bdba55662e440bd0c3864018,572774,1716143232000000000,300
OB/cartservice_disk/1,OB,cartservice,disk,1,300,300,point,0.3,8,0.3,nsigma,1,1.0,1.0,0.0,1,1,1,13,50.159099977463484,cartservice|paymentservice|checkoutservice|emailservice|adservice,cartservice_latency-50,0.7043333333333334,5,5,0.712,0.6966666666666667,5,5,5,0.7,baseline-v2-20260723,cd270e7871bd358937d83d9a49829637fa80007d2964084ef229f578e3733bd3,ba75425861a059dafcc477474fc3e4ed1eafdc2b47d6fdd0557337035d29a960,05a827162dee84ea7783474fc88fe615d39a0665bdba55662e440bd0c3864018,572774,1716143232000000000,300
OB/cartservice_disk/1,OB,cartservice,disk,1,300,300,point,0.3,9,0.3,baro,1,1.0,1.0,0.0,1,1,1,13,78.47790000960231,cartservice|paymentservice|checkoutservice|currencyservice|emailservice,cartservice_latency-90,0.7123333333333334,5,5,0.7173333333333334,0.7073333333333334,5,5,5,0.7,baseline-v2-20260723,cd270e7871bd358937d83d9a49829637fa80007d2964084ef229f578e3733bd3,ba75425861a059dafcc477474fc3e4ed1eafdc2b47d6fdd0557337035d29a960,05a827162dee84ea7783474fc88fe615d39a0665bdba55662e440bd0c3864018,572774,1716143232000000000,300
OB/cartservice_disk/1,OB,cartservice,disk,1,300,300,point,0.3,9,0.3,median_shift,1,1.0,1.0,0.0,1,1,1,13,11.743600014597178,cartservice|paymentservice|checkoutservice|recommendationservice|emailservice,cartservice_latency-90,0.7123333333333334,5,5,0.7173333333333334,0.7073333333333334,5,5,5,0.7,baseline-v2-20260723,cd270e7871bd358937d83d9a49829637fa80007d2964084ef229f578e3733bd3,ba75425861a059dafcc477474fc3e4ed1eafdc2b47d6fdd0557337035d29a960,05a827162dee84ea7783474fc88fe615d39a0665bdba55662e440bd0c3864018,572774,1716143232000000000,300
OB/cartservice_disk/1,OB,cartservice,disk,1,300,300,point,0.3,9,0.3,nsigma,1,1.0,1.0,0.0,1,1,1,13,64.96200000401586,cartservice|paymentservice|checkoutservice|emailservice|adservice,cartservice_latency-50,0.7123333333333334,5,5,0.7173333333333334,0.7073333333333334,5,5,5,0.7,baseline-v2-20260723,cd270e7871bd358937d83d9a49829637fa80007d2964084ef229f578e3733bd3,ba75425861a059dafcc477474fc3e4ed1eafdc2b47d6fdd0557337035d29a960,05a827162dee84ea7783474fc88fe615d39a0665bdba55662e440bd0c3864018,572774,1716143232000000000,300
OB/cartservice_disk/1,OB,cartservice,disk,1,300,300,point,0.5,0,0.5,baro,1,1.0,1.0,0.0,1,1,1,13,70.25900000007823,cartservice|paymentservice|checkoutservice|currencyservice|emailservice,cartservice_latency-90,0.5076666666666667,5,5,0.5206666666666667,0.49466666666666664,5,5,5,0.5,baseline-v2-20260723,cd270e7871bd358937d83d9a49829637fa80007d2964084ef229f578e3733bd3,ba75425861a059dafcc477474fc3e4ed1eafdc2b47d6fdd0557337035d29a960,05a827162dee84ea7783474fc88fe615d39a0665bdba55662e440bd0c3864018,572774,1716143232000000000,300
OB/cartservice_disk/1,OB,cartservice,disk,1,300,300,point,0.5,0,0.5,median_shift,1,1.0,1.0,0.0,1,1,1,13,11.11939997645095,cartservice|paymentservice|checkoutservice|recommendationservice|emailservice,cartservice_latency-90,0.5076666666666667,5,5,0.5206666666666667,0.49466666666666664,5,5,5,0.5,baseline-v2-20260723,cd270e7871bd358937d83d9a49829637fa80007d2964084ef229f578e3733bd3,ba75425861a059dafcc477474fc3e4ed1eafdc2b47d6fdd0557337035d29a960,05a827162dee84ea7783474fc88fe615d39a0665bdba55662e440bd0c3864018,572774,1716143232000000000,300
OB/cartservice_disk/1,OB,cartservice,disk,1,300,300,point,0.5,0,0.5,nsigma,1,1.0,1.0,0.0,1,1,1,13,60.44380000093952,cartservice|paymentservice|checkoutservice|emailservice|adservice,cartservice_latency-50,0.5076666666666667,5,5,0.5206666666666667,0.49466666666666664,5,5,5,0.5,baseline-v2-20260723,cd270e7871bd358937d83d9a49829637fa80007d2964084ef229f578e3733bd3,ba75425861a059dafcc477474fc3e4ed1eafdc2b47d6fdd0557337035d29a960,05a827162dee84ea7783474fc88fe615d39a0665bdba55662e440bd0c3864018,572774,1716143232000000000,300
OB/cartservice_disk/1,OB,cartservice,disk,1,300,300,point,0.5,1,0.5,baro,1,1.0,1.0,0.0,1,1,1,13,72.13839999167249,cartservice|paymentservice|checkoutservice|currencyservice|emailservice,cartservice_latency-90,0.5033333333333333,5,5,0.508,0.49866666666666665,5,5,5,0.5,baseline-v2-20260723,cd270e7871bd358937d83d9a49829637fa80007d2964084ef229f578e3733bd3,ba75425861a059dafcc477474fc3e4ed1eafdc2b47d6fdd0557337035d29a960,05a827162dee84ea7783474fc88fe615d39a0665bdba55662e440bd0c3864018,572774,1716143232000000000,300
OB/cartservice_disk/1,OB,cartservice,disk,1,300,300,point,0.5,1,0.5,median_shift,1,1.0,1.0,0.0,1,1,1,13,14.978200022596866,cartservice|paymentservice|checkoutservice|recommendationservice|emailservice,cartservice_latency-50,0.5033333333333333,5,5,0.508,0.49866666666666665,5,5,5,0.5,baseline-v2-20260723,cd270e7871bd358937d83d9a49829637fa80007d2964084ef229f578e3733bd3,ba75425861a059dafcc477474fc3e4ed1eafdc2b47d6fdd0557337035d29a960,05a827162dee84ea7783474fc88fe615d39a0665bdba55662e440bd0c3864018,572774,1716143232000000000,300
OB/cartservice_disk/1,OB,cartservice,disk,1,300,300,point,0.5,1,0.5,nsigma,1,1.0,1.0,0.0,1,1,1,13,60.59589999495074,cartservice|paymentservice|checkoutservice|emailservice|adservice,cartservice_latency-50,0.5033333333333333,5,5,0.508,0.49866666666666665,5,5,5,0.5,baseline-v2-20260723,cd270e7871bd358937d83d9a49829637fa80007d2964084ef229f578e3733bd3,ba75425861a059dafcc477474fc3e4ed1eafdc2b47d6fdd0557337035d29a960,05a827162dee84ea7783474fc88fe615d39a0665bdba55662e440bd0c3864018,572774,1716143232000000000,300
OB/cartservice_disk/1,OB,cartservice,disk,1,300,300,point,0.5,2,0.5,baro,1,1.0,1.0,0.0,1,1,1,13,76.47430000361055,cartservice|paymentservice|currencyservice|checkoutservice|emailservice,cartservice_latency-90,0.5046666666666667,5,5,0.49666666666666665,0.5126666666666667,5,5,5,0.5,baseline-v2-20260723,cd270e7871bd358937d83d9a49829637fa80007d2964084ef229f578e3733bd3,ba75425861a059dafcc477474fc3e4ed1eafdc2b47d6fdd0557337035d29a960,05a827162dee84ea7783474fc88fe615d39a0665bdba55662e440bd0c3864018,572774,1716143232000000000,300
OB/cartservice_disk/1,OB,cartservice,disk,1,300,300,point,0.5,2,0.5,median_shift,1,1.0,1.0,0.0,1,1,1,13,11.038700002245605,cartservice|paymentservice|checkoutservice|recommendationservice|emailservice,cartservice_latency-50,0.5046666666666667,5,5,0.49666666666666665,0.5126666666666667,5,5,5,0.5,baseline-v2-20260723,cd270e7871bd358937d83d9a49829637fa80007d2964084ef229f578e3733bd3,ba75425861a059dafcc477474fc3e4ed1eafdc2b47d6fdd0557337035d29a960,05a827162dee84ea7783474fc88fe615d39a0665bdba55662e440bd0c3864018,572774,1716143232000000000,300
OB/cartservice_disk/1,OB,cartservice,disk,1,300,300,point,0.5,2,0.5,nsigma,1,1.0,1.0,0.0,1,1,1,13,68.954800022766,cartservice|paymentservice|checkoutservice|emailservice|adservice,cartservice_latency-50,0.5046666666666667,5,5,0.49666666666666665,0.5126666666666667,5,5,5,0.5,baseline-v2-20260723,cd270e7871bd358937d83d9a49829637fa80007d2964084ef229f578e3733bd3,ba75425861a059dafcc477474fc3e4ed1eafdc2b47d6fdd0557337035d29a960,05a827162dee84ea7783474fc88fe615d39a0665bdba55662e440bd0c3864018,572774,1716143232000000000,300
OB/cartservice_disk/1,OB,cartservice,disk,1,300,300,point,0.5,3,0.5,baro,1,1.0,1.0,0.0,1,1,1,13,70.39060001261532,cartservice|paymentservice|checkoutservice|currencyservice|emailservice,cartservice_latency-90,0.484,5,5,0.48,0.488,5,5,5,0.5,baseline-v2-20260723,cd270e7871bd358937d83d9a49829637fa80007d2964084ef229f578e3733bd3,ba75425861a059dafcc477474fc3e4ed1eafdc2b47d6fdd0557337035d29a960,05a827162dee84ea7783474fc88fe615d39a0665bdba55662e440bd0c3864018,572774,1716143232000000000,300
OB/cartservice_disk/1,OB,cartservice,disk,1,300,300,point,0.5,3,0.5,median_shift,1,1.0,1.0,0.0,1,1,1,13,11.869399982970208,cartservice|paymentservice|checkoutservice|recommendationservice|redis,cartservice_latency-90,0.484,5,5,0.48,0.488,5,5,5,0.5,baseline-v2-20260723,cd270e7871bd358937d83d9a49829637fa80007d2964084ef229f578e3733bd3,ba75425861a059dafcc477474fc3e4ed1eafdc2b47d6fdd0557337035d29a960,05a827162dee84ea7783474fc88fe615d39a0665bdba55662e440bd0c3864018,572774,1716143232000000000,300
OB/cartservice_disk/1,OB,cartservice,disk,1,300,300,point,0.5,3,0.5,nsigma,1,1.0,1.0,0.0,1,1,1,13,68.58570000622422,cartservice|paymentservice|checkoutservice|emailservice|adservice,cartservice_latency-50,0.484,5,5,0.48,0.488,5,5,5,0.5,baseline-v2-20260723,cd270e7871bd358937d83d9a49829637fa80007d2964084ef229f578e3733bd3,ba75425861a059dafcc477474fc3e4ed1eafdc2b47d6fdd0557337035d29a960,05a827162dee84ea7783474fc88fe615d39a0665bdba55662e440bd0c3864018,572774,1716143232000000000,300
OB/cartservice_disk/1,OB,cartservice,disk,1,300,300,point,0.5,4,0.5,baro,1,1.0,1.0,0.0,1,1,1,13,78.10939999762923,cartservice|paymentservice|checkoutservice|currencyservice|emailservice,cartservice_latency-90,0.5036666666666667,5,5,0.498,0.5093333333333333,5,5,5,0.5,baseline-v2-20260723,cd270e7871bd358937d83d9a49829637fa80007d2964084ef229f578e3733bd3,ba75425861a059dafcc477474fc3e4ed1eafdc2b47d6fdd0557337035d29a960,05a827162dee84ea7783474fc88fe615d39a0665bdba55662e440bd0c3864018,572774,1716143232000000000,300
OB/cartservice_disk/1,OB,cartservice,disk,1,300,300,point,0.5,4,0.5,median_shift,1,1.0,1.0,0.0,1,1,1,13,13.52989999577403,cartservice|paymentservice|checkoutservice|recommendationservice|emailservice,cartservice_latency-90,0.5036666666666667,5,5,0.498,0.5093333333333333,5,5,5,0.5,baseline-v2-20260723,cd270e7871bd358937d83d9a49829637fa80007d2964084ef229f578e3733bd3,ba75425861a059dafcc477474fc3e4ed1eafdc2b47d6fdd0557337035d29a960,05a827162dee84ea7783474fc88fe615d39a0665bdba55662e440bd0c3864018,572774,1716143232000000000,300
OB/cartservice_disk/1,OB,cartservice,disk,1,300,300,point,0.5,4,0.5,nsigma,1,1.0,1.0,0.0,1,1,1,13,64.9142000474967,cartservice|paymentservice|checkoutservice|emailservice|adservice,cartservice_latency-50,0.5036666666666667,5,5,0.498,0.5093333333333333,5,5,5,0.5,baseline-v2-20260723,cd270e7871bd358937d83d9a49829637fa80007d2964084ef229f578e3733bd3,ba75425861a059dafcc477474fc3e4ed1eafdc2b47d6fdd0557337035d29a960,05a827162dee84ea7783474fc88fe615d39a0665bdba55662e440bd0c3864018,572774,1716143232000000000,300
OB/cartservice_disk/1,OB,cartservice,disk,1,300,300,point,0.5,5,0.5,baro,1,1.0,1.0,0.0,1,1,1,13,72.87959998939186,cartservice|paymentservice|checkoutservice|currencyservice|emailservice,cartservice_latency-90,0.49466666666666664,5,5,0.5046666666666667,0.4846666666666667,5,5,5,0.5,baseline-v2-20260723,cd270e7871bd358937d83d9a49829637fa80007d2964084ef229f578e3733bd3,ba75425861a059dafcc477474fc3e4ed1eafdc2b47d6fdd0557337035d29a960,05a827162dee84ea7783474fc88fe615d39a0665bdba55662e440bd0c3864018,572774,1716143232000000000,300
OB/cartservice_disk/1,OB,cartservice,disk,1,300,300,point,0.5,5,0.5,median_shift,1,1.0,1.0,0.0,1,1,1,13,10.990500042680651,cartservice|paymentservice|checkoutservice|recommendationservice|emailservice,cartservice_latency-90,0.49466666666666664,5,5,0.5046666666666667,0.4846666666666667,5,5,5,0.5,baseline-v2-20260723,cd270e7871bd358937d83d9a49829637fa80007d2964084ef229f578e3733bd3,ba75425861a059dafcc477474fc3e4ed1eafdc2b47d6fdd0557337035d29a960,05a827162dee84ea7783474fc88fe615d39a0665bdba55662e440bd0c3864018,572774,1716143232000000000,300
OB/cartservice_disk/1,OB,cartservice,disk,1,300,300,point,0.5,5,0.5,nsigma,1,1.0,1.0,0.0,1,1,1,13,59.24919998506084,cartservice|paymentservice|checkoutservice|emailservice|adservice,cartservice_latency-50,0.49466666666666664,5,5,0.5046666666666667,0.4846666666666667,5,5,5,0.5,baseline-v2-20260723,cd270e7871bd358937d83d9a49829637fa80007d2964084ef229f578e3733bd3,ba75425861a059dafcc477474fc3e4ed1eafdc2b47d6fdd0557337035d29a960,05a827162dee84ea7783474fc88fe615d39a0665bdba55662e440bd0c3864018,572774,1716143232000000000,300
OB/cartservice_disk/1,OB,cartservice,disk,1,300,300,point,0.5,6,0.5,baro,1,1.0,1.0,0.0,1,1,1,13,76.31050003692508,cartservice|paymentservice|checkoutservice|currencyservice|emailservice,cartservice_latency-90,0.5203333333333333,5,5,0.5293333333333333,0.5113333333333333,5,5,5,0.5,baseline-v2-20260723,cd270e7871bd358937d83d9a49829637fa80007d2964084ef229f578e3733bd3,ba75425861a059dafcc477474fc3e4ed1eafdc2b47d6fdd0557337035d29a960,05a827162dee84ea7783474fc88fe615d39a0665bdba55662e440bd0c3864018,572774,1716143232000000000,300
OB/cartservice_disk/1,OB,cartservice,disk,1,300,300,point,0.5,6,0.5,median_shift,1,1.0,1.0,0.0,1,1,1,13,17.612599942367524,cartservice|paymentservice|checkoutservice|recommendationservice|emailservice,cartservice_latency-50,0.5203333333333333,5,5,0.5293333333333333,0.5113333333333333,5,5,5,0.5,baseline-v2-20260723,cd270e7871bd358937d83d9a49829637fa80007d2964084ef229f578e3733bd3,ba75425861a059dafcc477474fc3e4ed1eafdc2b47d6fdd0557337035d29a960,05a827162dee84ea7783474fc88fe615d39a0665bdba55662e440bd0c3864018,572774,1716143232000000000,300
OB/cartservice_disk/1,OB,cartservice,disk,1,300,300,point,0.5,6,0.5,nsigma,1,1.0,1.0,0.0,1,1,1,13,57.17099999310449,cartservice|paymentservice|checkoutservice|emailservice|adservice,cartservice_latency-50,0.5203333333333333,5,5,0.5293333333333333,0.5113333333333333,5,5,5,0.5,baseline-v2-20260723,cd270e7871bd358937d83d9a49829637fa80007d2964084ef229f578e3733bd3,ba75425861a059dafcc477474fc3e4ed1eafdc2b47d6fdd0557337035d29a960,05a827162dee84ea7783474fc88fe615d39a0665bdba55662e440bd0c3864018,572774,1716143232000000000,300
OB/cartservice_disk/1,OB,cartservice,disk,1,300,300,point,0.5,7,0.5,baro,1,1.0,1.0,0.0,1,1,1,13,89.45199998561293,cartservice|paymentservice|checkoutservice|currencyservice|emailservice,cartservice_latency-90,0.49133333333333334,5,5,0.4886666666666667,0.494,5,5,5,0.5,baseline-v2-20260723,cd270e7871bd358937d83d9a49829637fa80007d2964084ef229f578e3733bd3,ba75425861a059dafcc477474fc3e4ed1eafdc2b47d6fdd0557337035d29a960,05a827162dee84ea7783474fc88fe615d39a0665bdba55662e440bd0c3864018,572774,1716143232000000000,300
OB/cartservice_disk/1,OB,cartservice,disk,1,300,300,point,0.5,7,0.5,median_shift,1,1.0,1.0,0.0,1,1,1,13,20.615599991288036,cartservice|paymentservice|checkoutservice|recommendationservice|redis,cartservice_latency-50,0.49133333333333334,5,5,0.4886666666666667,0.494,5,5,5,0.5,baseline-v2-20260723,cd270e7871bd358937d83d9a49829637fa80007d2964084ef229f578e3733bd3,ba75425861a059dafcc477474fc3e4ed1eafdc2b47d6fdd0557337035d29a960,05a827162dee84ea7783474fc88fe615d39a0665bdba55662e440bd0c3864018,572774,1716143232000000000,300
OB/cartservice_disk/1,OB,cartservice,disk,1,300,300,point,0.5,7,0.5,nsigma,1,1.0,1.0,0.0,1,1,1,13,55.704800004605204,cartservice|paymentservice|checkoutservice|emailservice|adservice,cartservice_latency-50,0.49133333333333334,5,5,0.4886666666666667,0.494,5,5,5,0.5,baseline-v2-20260723,cd270e7871bd358937d83d9a49829637fa80007d2964084ef229f578e3733bd3,ba75425861a059dafcc477474fc3e4ed1eafdc2b47d6fdd0557337035d29a960,05a827162dee84ea7783474fc88fe615d39a0665bdba55662e440bd0c3864018,572774,1716143232000000000,300
OB/cartservice_disk/1,OB,cartservice,disk,1,300,300,point,0.5,8,0.5,baro,1,1.0,1.0,0.0,1,1,1,13,95.5357999773696,cartservice|paymentservice|checkoutservice|currencyservice|emailservice,cartservice_latency-90,0.4866666666666667,5,5,0.4766666666666667,0.49666666666666665,5,5,5,0.5,baseline-v2-20260723,cd270e7871bd358937d83d9a49829637fa80007d2964084ef229f578e3733bd3,ba75425861a059dafcc477474fc3e4ed1eafdc2b47d6fdd0557337035d29a960,05a827162dee84ea7783474fc88fe615d39a0665bdba55662e440bd0c3864018,572774,1716143232000000000,300
OB/cartservice_disk/1,OB,cartservice,disk,1,300,300,point,0.5,8,0.5,median_shift,1,1.0,1.0,0.0,1,1,1,13,14.558700029738247,cartservice|paymentservice|checkoutservice|recommendationservice|emailservice,cartservice_mem,0.4866666666666667,5,5,0.4766666666666667,0.49666666666666665,5,5,5,0.5,baseline-v2-20260723,cd270e7871bd358937d83d9a49829637fa80007d2964084ef229f578e3733bd3,ba75425861a059dafcc477474fc3e4ed1eafdc2b47d6fdd0557337035d29a960,05a827162dee84ea7783474fc88fe615d39a0665bdba55662e440bd0c3864018,572774,1716143232000000000,300
OB/cartservice_disk/1,OB,cartservice,disk,1,300,300,point,0.5,8,0.5,nsigma,1,1.0,1.0,0.0,1,1,1,13,58.99029999272898,cartservice|paymentservice|checkoutservice|emailservice|adservice,cartservice_latency-50,0.4866666666666667,5,5,0.4766666666666667,0.49666666666666665,5,5,5,0.5,baseline-v2-20260723,cd270e7871bd358937d83d9a49829637fa80007d2964084ef229f578e3733bd3,ba75425861a059dafcc477474fc3e4ed1eafdc2b47d6fdd0557337035d29a960,05a827162dee84ea7783474fc88fe615d39a0665bdba55662e440bd0c3864018,572774,1716143232000000000,300
OB/cartservice_disk/1,OB,cartservice,disk,1,300,300,point,0.5,9,0.5,baro,1,1.0,1.0,0.0,1,1,1,13,87.13780000107363,cartservice|paymentservice|checkoutservice|currencyservice|emailservice,cartservice_latency-90,0.49033333333333334,5,5,0.49333333333333335,0.48733333333333334,5,5,5,0.5,baseline-v2-20260723,cd270e7871bd358937d83d9a49829637fa80007d2964084ef229f578e3733bd3,ba75425861a059dafcc477474fc3e4ed1eafdc2b47d6fdd0557337035d29a960,05a827162dee84ea7783474fc88fe615d39a0665bdba55662e440bd0c3864018,572774,1716143232000000000,300
OB/cartservice_disk/1,OB,cartservice,disk,1,300,300,point,0.5,9,0.5,median_shift,1,1.0,1.0,0.0,1,1,1,13,13.234800018835813,cartservice|paymentservice|checkoutservice|recommendationservice|emailservice,cartservice_latency-50,0.49033333333333334,5,5,0.49333333333333335,0.48733333333333334,5,5,5,0.5,baseline-v2-20260723,cd270e7871bd358937d83d9a49829637fa80007d2964084ef229f578e3733bd3,ba75425861a059dafcc477474fc3e4ed1eafdc2b47d6fdd0557337035d29a960,05a827162dee84ea7783474fc88fe615d39a0665bdba55662e440bd0c3864018,572774,1716143232000000000,300
OB/cartservice_disk/1,OB,cartservice,disk,1,300,300,point,0.5,9,0.5,nsigma,1,1.0,1.0,0.0,1,1,1,13,73.92059999983758,cartservice|paymentservice|checkoutservice|emailservice|adservice,cartservice_latency-50,0.49033333333333334,5,5,0.49333333333333335,0.48733333333333334,5,5,5,0.5,baseline-v2-20260723,cd270e7871bd358937d83d9a49829637fa80007d2964084ef229f578e3733bd3,ba75425861a059dafcc477474fc3e4ed1eafdc2b47d6fdd0557337035d29a960,05a827162dee84ea7783474fc88fe615d39a0665bdba55662e440bd0c3864018,572774,1716143232000000000,300
OB/cartservice_disk/1,OB,cartservice,disk,1,300,300,stream,0.1,0,0.10714285714285714,baro,1,1.0,1.0,0.0,1,1,1,13,65.9985999809578,cartservice|checkoutservice|currencyservice|emailservice|paymentservice,cartservice_latency-90,0.8,4,5,0.8,0.8,4,4,4,0.8928571428571429,baseline-v2-20260723,cd270e7871bd358937d83d9a49829637fa80007d2964084ef229f578e3733bd3,ba75425861a059dafcc477474fc3e4ed1eafdc2b47d6fdd0557337035d29a960,05a827162dee84ea7783474fc88fe615d39a0665bdba55662e440bd0c3864018,572774,1716143232000000000,300
OB/cartservice_disk/1,OB,cartservice,disk,1,300,300,stream,0.1,0,0.10714285714285714,median_shift,1,1.0,1.0,0.0,1,1,1,13,12.90630002040416,cartservice|checkoutservice|paymentservice|recommendationservice|emailservice,cartservice_latency-90,0.8,4,5,0.8,0.8,4,4,4,0.8928571428571429,baseline-v2-20260723,cd270e7871bd358937d83d9a49829637fa80007d2964084ef229f578e3733bd3,ba75425861a059dafcc477474fc3e4ed1eafdc2b47d6fdd0557337035d29a960,05a827162dee84ea7783474fc88fe615d39a0665bdba55662e440bd0c3864018,572774,1716143232000000000,300
OB/cartservice_disk/1,OB,cartservice,disk,1,300,300,stream,0.1,0,0.10714285714285714,nsigma,1,1.0,1.0,0.0,1,1,1,13,49.43809995893389,cartservice|checkoutservice|paymentservice|emailservice|adservice,cartservice_latency-90,0.8,4,5,0.8,0.8,4,4,4,0.8928571428571429,baseline-v2-20260723,cd270e7871bd358937d83d9a49829637fa80007d2964084ef229f578e3733bd3,ba75425861a059dafcc477474fc3e4ed1eafdc2b47d6fdd0557337035d29a960,05a827162dee84ea7783474fc88fe615d39a0665bdba55662e440bd0c3864018,572774,1716143232000000000,300
OB/cartservice_disk/1,OB,cartservice,disk,1,300,300,stream,0.1,1,0.10714285714285714,baro,1,1.0,1.0,0.0,1,1,1,13,66.42619997728616,cartservice|checkoutservice|currencyservice|emailservice|paymentservice,cartservice_latency-90,0.8,4,5,0.8,0.8,4,4,4,0.8928571428571429,baseline-v2-20260723,cd270e7871bd358937d83d9a49829637fa80007d2964084ef229f578e3733bd3,ba75425861a059dafcc477474fc3e4ed1eafdc2b47d6fdd0557337035d29a960,05a827162dee84ea7783474fc88fe615d39a0665bdba55662e440bd0c3864018,572774,1716143232000000000,300
OB/cartservice_disk/1,OB,cartservice,disk,1,300,300,stream,0.1,1,0.10714285714285714,median_shift,1,1.0,1.0,0.0,1,1,1,13,15.654899994842708,cartservice|checkoutservice|paymentservice|recommendationservice|emailservice,cartservice_latency-90,0.8,4,5,0.8,0.8,4,4,4,0.8928571428571429,baseline-v2-20260723,cd270e7871bd358937d83d9a49829637fa80007d2964084ef229f578e3733bd3,ba75425861a059dafcc477474fc3e4ed1eafdc2b47d6fdd0557337035d29a960,05a827162dee84ea7783474fc88fe615d39a0665bdba55662e440bd0c3864018,572774,1716143232000000000,300
OB/cartservice_disk/1,OB,cartservice,disk,1,300,300,stream,0.1,1,0.10714285714285714,nsigma,1,1.0,1.0,0.0,1,1,1,13,59.24470000900328,cartservice|checkoutservice|paymentservice|emailservice|adservice,cartservice_latency-50,0.8,4,5,0.8,0.8,4,4,4,0.8928571428571429,baseline-v2-20260723,cd270e7871bd358937d83d9a49829637fa80007d2964084ef229f578e3733bd3,ba75425861a059dafcc477474fc3e4ed1eafdc2b47d6fdd0557337035d29a960,05a827162dee84ea7783474fc88fe615d39a0665bdba55662e440bd0c3864018,572774,1716143232000000000,300
OB/cartservice_disk/1,OB,cartservice,disk,1,300,300,stream,0.1,2,0.10714285714285714,baro,1,1.0,1.0,0.0,1,1,1,13,70.33580000279471,cartservice|paymentservice|checkoutservice|currencyservice|emailservice,cartservice_latency-90,0.6,3,5,0.6,0.6,3,3,3,0.8928571428571429,baseline-v2-20260723,cd270e7871bd358937d83d9a49829637fa80007d2964084ef229f578e3733bd3,ba75425861a059dafcc477474fc3e4ed1eafdc2b47d6fdd0557337035d29a960,05a827162dee84ea7783474fc88fe615d39a0665bdba55662e440bd0c3864018,572774,1716143232000000000,300
OB/cartservice_disk/1,OB,cartservice,disk,1,300,300,stream,0.1,2,0.10714285714285714,median_shift,1,1.0,1.0,0.0,1,1,1,13,10.497600014787167,cartservice|paymentservice|checkoutservice|recommendationservice|emailservice,cartservice_latency-90,0.6,3,5,0.6,0.6,3,3,3,0.8928571428571429,baseline-v2-20260723,cd270e7871bd358937d83d9a49829637fa80007d2964084ef229f578e3733bd3,ba75425861a059dafcc477474fc3e4ed1eafdc2b47d6fdd0557337035d29a960,05a827162dee84ea7783474fc88fe615d39a0665bdba55662e440bd0c3864018,572774,1716143232000000000,300
OB/cartservice_disk/1,OB,cartservice,disk,1,300,300,stream,0.1,2,0.10714285714285714,nsigma,1,1.0,1.0,0.0,1,1,1,13,64.79379994561896,cartservice|paymentservice|checkoutservice|emailservice|adservice,cartservice_latency-50,0.6,3,5,0.6,0.6,3,3,3,0.8928571428571429,baseline-v2-20260723,cd270e7871bd358937d83d9a49829637fa80007d2964084ef229f578e3733bd3,ba75425861a059dafcc477474fc3e4ed1eafdc2b47d6fdd0557337035d29a960,05a827162dee84ea7783474fc88fe615d39a0665bdba55662e440bd0c3864018,572774,1716143232000000000,300
OB/cartservice_disk/1,OB,cartservice,disk,1,300,300,stream,0.1,3,0.10714285714285714,baro,1,1.0,1.0,0.0,1,1,1,13,64.37189999269322,cartservice|paymentservice|checkoutservice|currencyservice|emailservice,cartservice_latency-50,0.6,3,5,0.6,0.6,3,3,3,0.8928571428571429,baseline-v2-20260723,cd270e7871bd358937d83d9a49829637fa80007d2964084ef229f578e3733bd3,ba75425861a059dafcc477474fc3e4ed1eafdc2b47d6fdd0557337035d29a960,05a827162dee84ea7783474fc88fe615d39a0665bdba55662e440bd0c3864018,572774,1716143232000000000,300
OB/cartservice_disk/1,OB,cartservice,disk,1,300,300,stream,0.1,3,0.10714285714285714,median_shift,1,1.0,1.0,0.0,1,1,1,13,10.68230002420023,cartservice|paymentservice|checkoutservice|recommendationservice|emailservice,cartservice_latency-50,0.6,3,5,0.6,0.6,3,3,3,0.8928571428571429,baseline-v2-20260723,cd270e7871bd358937d83d9a49829637fa80007d2964084ef229f578e3733bd3,ba75425861a059dafcc477474fc3e4ed1eafdc2b47d6fdd0557337035d29a960,05a827162dee84ea7783474fc88fe615d39a0665bdba55662e440bd0c3864018,572774,1716143232000000000,300
OB/cartservice_disk/1,OB,cartservice,disk,1,300,300,stream,0.1,3,0.10714285714285714,nsigma,1,1.0,1.0,0.0,1,1,1,13,50.682200002484024,cartservice|paymentservice|checkoutservice|emailservice|adservice,cartservice_latency-50,0.6,3,5,0.6,0.6,3,3,3,0.8928571428571429,baseline-v2-20260723,cd270e7871bd358937d83d9a49829637fa80007d2964084ef229f578e3733bd3,ba75425861a059dafcc477474fc3e4ed1eafdc2b47d6fdd0557337035d29a960,05a827162dee84ea7783474fc88fe615d39a0665bdba55662e440bd0c3864018,572774,1716143232000000000,300
OB/cartservice_disk/1,OB,cartservice,disk,1,300,300,stream,0.1,4,0.10714285714285714,baro,1,1.0,1.0,0.0,1,1,1,13,74.1548000369221,cartservice|paymentservice|checkoutservice|currencyservice|emailservice,cartservice_latency-90,1.0,5,5,1.0,1.0,5,5,5,0.8928571428571429,baseline-v2-20260723,cd270e7871bd358937d83d9a49829637fa80007d2964084ef229f578e3733bd3,ba75425861a059dafcc477474fc3e4ed1eafdc2b47d6fdd0557337035d29a960,05a827162dee84ea7783474fc88fe615d39a0665bdba55662e440bd0c3864018,572774,1716143232000000000,300
OB/cartservice_disk/1,OB,cartservice,disk,1,300,300,stream,0.1,4,0.10714285714285714,median_shift,1,1.0,1.0,0.0,1,1,1,13,17.900299979373813,cartservice|paymentservice|checkoutservice|recommendationservice|emailservice,cartservice_latency-90,1.0,5,5,1.0,1.0,5,5,5,0.8928571428571429,baseline-v2-20260723,cd270e7871bd358937d83d9a49829637fa80007d2964084ef229f578e3733bd3,ba75425861a059dafcc477474fc3e4ed1eafdc2b47d6fdd0557337035d29a960,05a827162dee84ea7783474fc88fe615d39a0665bdba55662e440bd0c3864018,572774,1716143232000000000,300
OB/cartservice_disk/1,OB,cartservice,disk,1,300,300,stream,0.1,4,0.10714285714285714,nsigma,1,1.0,1.0,0.0,1,1,1,13,48.48749999655411,cartservice|paymentservice|checkoutservice|emailservice|adservice,cartservice_latency-50,1.0,5,5,1.0,1.0,5,5,5,0.8928571428571429,baseline-v2-20260723,cd270e7871bd358937d83d9a49829637fa80007d2964084ef229f578e3733bd3,ba75425861a059dafcc477474fc3e4ed1eafdc2b47d6fdd0557337035d29a960,05a827162dee84ea7783474fc88fe615d39a0665bdba55662e440bd0c3864018,572774,1716143232000000000,300
OB/cartservice_disk/1,OB,cartservice,disk,1,300,300,stream,0.1,5,0.10714285714285714,baro,1,1.0,1.0,0.0,1,1,1,13,77.93430000310764,cartservice|paymentservice|checkoutservice|currencyservice|emailservice,cartservice_latency-90,1.0,5,5,1.0,1.0,5,5,5,0.8928571428571429,baseline-v2-20260723,cd270e7871bd358937d83d9a49829637fa80007d2964084ef229f578e3733bd3,ba75425861a059dafcc477474fc3e4ed1eafdc2b47d6fdd0557337035d29a960,05a827162dee84ea7783474fc88fe615d39a0665bdba55662e440bd0c3864018,572774,1716143232000000000,300
OB/cartservice_disk/1,OB,cartservice,disk,1,300,300,stream,0.1,5,0.10714285714285714,median_shift,1,1.0,1.0,0.0,1,1,1,13,10.2957000490278,cartservice|paymentservice|checkoutservice|emailservice|redis,cartservice_latency-90,1.0,5,5,1.0,1.0,5,5,5,0.8928571428571429,baseline-v2-20260723,cd270e7871bd358937d83d9a49829637fa80007d2964084ef229f578e3733bd3,ba75425861a059dafcc477474fc3e4ed1eafdc2b47d6fdd0557337035d29a960,05a827162dee84ea7783474fc88fe615d39a0665bdba55662e440bd0c3864018,572774,1716143232000000000,300
OB/cartservice_disk/1,OB,cartservice,disk,1,300,300,stream,0.1,5,0.10714285714285714,nsigma,1,1.0,1.0,0.0,1,1,1,13,51.92830000305548,cartservice|paymentservice|checkoutservice|emailservice|adservice,cartservice_latency-50,1.0,5,5,1.0,1.0,5,5,5,0.8928571428571429,baseline-v2-20260723,cd270e7871bd358937d83d9a49829637fa80007d2964084ef229f578e3733bd3,ba75425861a059dafcc477474fc3e4ed1eafdc2b47d6fdd0557337035d29a960,05a827162dee84ea7783474fc88fe615d39a0665bdba55662e440bd0c3864018,572774,1716143232000000000,300
OB/cartservice_disk/1,OB,cartservice,disk,1,300,300,stream,0.1,6,0.10714285714285714,baro,1,1.0,1.0,0.0,1,1,1,13,68.12060001539066,cartservice|paymentservice|checkoutservice|currencyservice|emailservice,cartservice_latency-90,1.0,5,5,1.0,1.0,5,5,5,0.8928571428571429,baseline-v2-20260723,cd270e7871bd358937d83d9a49829637fa80007d2964084ef229f578e3733bd3,ba75425861a059dafcc477474fc3e4ed1eafdc2b47d6fdd0557337035d29a960,05a827162dee84ea7783474fc88fe615d39a0665bdba55662e440bd0c3864018,572774,1716143232000000000,300
OB/cartservice_disk/1,OB,cartservice,disk,1,300,300,stream,0.1,6,0.10714285714285714,median_shift,1,1.0,1.0,0.0,1,1,1,13,21.432499983347952,cartservice|paymentservice|checkoutservice|recommendationservice|emailservice,cartservice_latency-90,1.0,5,5,1.0,1.0,5,5,5,0.8928571428571429,baseline-v2-20260723,cd270e7871bd358937d83d9a49829637fa80007d2964084ef229f578e3733bd3,ba75425861a059dafcc477474fc3e4ed1eafdc2b47d6fdd0557337035d29a960,05a827162dee84ea7783474fc88fe615d39a0665bdba55662e440bd0c3864018,572774,1716143232000000000,300
OB/cartservice_disk/1,OB,cartservice,disk,1,300,300,stream,0.1,6,0.10714285714285714,nsigma,1,1.0,1.0,0.0,1,1,1,13,59.22840000130236,cartservice|paymentservice|checkoutservice|emailservice|adservice,cartservice_latency-50,1.0,5,5,1.0,1.0,5,5,5,0.8928571428571429,baseline-v2-20260723,cd270e7871bd358937d83d9a49829637fa80007d2964084ef229f578e3733bd3,ba75425861a059dafcc477474fc3e4ed1eafdc2b47d6fdd0557337035d29a960,05a827162dee84ea7783474fc88fe615d39a0665bdba55662e440bd0c3864018,572774,1716143232000000000,300
OB/cartservice_disk/1,OB,cartservice,disk,1,300,300,stream,0.1,7,0.10714285714285714,baro,1,1.0,1.0,0.0,1,1,1,13,68.88310000067577,cartservice|paymentservice|checkoutservice|currencyservice|emailservice,cartservice_latency-90,1.0,5,5,1.0,1.0,5,5,5,0.8928571428571429,baseline-v2-20260723,cd270e7871bd358937d83d9a49829637fa80007d2964084ef229f578e3733bd3,ba75425861a059dafcc477474fc3e4ed1eafdc2b47d6fdd0557337035d29a960,05a827162dee84ea7783474fc88fe615d39a0665bdba55662e440bd0c3864018,572774,1716143232000000000,300
OB/cartservice_disk/1,OB,cartservice,disk,1,300,300,stream,0.1,7,0.10714285714285714,median_shift,1,1.0,1.0,0.0,1,1,1,13,11.843700020108372,cartservice|paymentservice|checkoutservice|recommendationservice|emailservice,cartservice_latency-90,1.0,5,5,1.0,1.0,5,5,5,0.8928571428571429,baseline-v2-20260723,cd270e7871bd358937d83d9a49829637fa80007d2964084ef229f578e3733bd3,ba75425861a059dafcc477474fc3e4ed1eafdc2b47d6fdd0557337035d29a960,05a827162dee84ea7783474fc88fe615d39a0665bdba55662e440bd0c3864018,572774,1716143232000000000,300
OB/cartservice_disk/1,OB,cartservice,disk,1,300,300,stream,0.1,7,0.10714285714285714,nsigma,1,1.0,1.0,0.0,1,1,1,13,49.798900028690696,cartservice|paymentservice|checkoutservice|emailservice|recommendationservice,cartservice_latency-50,1.0,5,5,1.0,1.0,5,5,5,0.8928571428571429,baseline-v2-20260723,cd270e7871bd358937d83d9a49829637fa80007d2964084ef229f578e3733bd3,ba75425861a059dafcc477474fc3e4ed1eafdc2b47d6fdd0557337035d29a960,05a827162dee84ea7783474fc88fe615d39a0665bdba55662e440bd0c3864018,572774,1716143232000000000,300
OB/cartservice_disk/1,OB,cartservice,disk,1,300,300,stream,0.1,8,0.10714285714285714,baro,1,1.0,1.0,0.0,1,1,1,13,75.4812000086531,cartservice|paymentservice|checkoutservice|currencyservice|emailservice,cartservice_latency-90,1.0,5,5,1.0,1.0,5,5,5,0.8928571428571429,baseline-v2-20260723,cd270e7871bd358937d83d9a49829637fa80007d2964084ef229f578e3733bd3,ba75425861a059dafcc477474fc3e4ed1eafdc2b47d6fdd0557337035d29a960,05a827162dee84ea7783474fc88fe615d39a0665bdba55662e440bd0c3864018,572774,1716143232000000000,300
OB/cartservice_disk/1,OB,cartservice,disk,1,300,300,stream,0.1,8,0.10714285714285714,median_shift,1,1.0,1.0,0.0,1,1,1,13,10.949799965601414,cartservice|paymentservice|checkoutservice|recommendationservice|emailservice,cartservice_latency-90,1.0,5,5,1.0,1.0,5,5,5,0.8928571428571429,baseline-v2-20260723,cd270e7871bd358937d83d9a49829637fa80007d2964084ef229f578e3733bd3,ba75425861a059dafcc477474fc3e4ed1eafdc2b47d6fdd0557337035d29a960,05a827162dee84ea7783474fc88fe615d39a0665bdba55662e440bd0c3864018,572774,1716143232000000000,300
OB/cartservice_disk/1,OB,cartservice,disk,1,300,300,stream,0.1,8,0.10714285714285714,nsigma,1,1.0,1.0,0.0,1,1,1,13,63.83040000218898,cartservice|paymentservice|checkoutservice|emailservice|adservice,cartservice_latency-50,1.0,5,5,1.0,1.0,5,5,5,0.8928571428571429,baseline-v2-20260723,cd270e7871bd358937d83d9a49829637fa80007d2964084ef229f578e3733bd3,ba75425861a059dafcc477474fc3e4ed1eafdc2b47d6fdd0557337035d29a960,05a827162dee84ea7783474fc88fe615d39a0665bdba55662e440bd0c3864018,572774,1716143232000000000,300
OB/cartservice_disk/1,OB,cartservice,disk,1,300,300,stream,0.1,9,0.10714285714285714,baro,1,1.0,1.0,0.0,1,1,1,13,75.29680000152439,cartservice|paymentservice|checkoutservice|currencyservice|emailservice,cartservice_latency-90,0.8,4,5,0.8,0.8,4,4,4,0.8928571428571429,baseline-v2-20260723,cd270e7871bd358937d83d9a49829637fa80007d2964084ef229f578e3733bd3,ba75425861a059dafcc477474fc3e4ed1eafdc2b47d6fdd0557337035d29a960,05a827162dee84ea7783474fc88fe615d39a0665bdba55662e440bd0c3864018,572774,1716143232000000000,300
OB/cartservice_disk/1,OB,cartservice,disk,1,300,300,stream,0.1,9,0.10714285714285714,median_shift,1,1.0,1.0,0.0,1,1,1,13,11.007099994458258,cartservice|paymentservice|checkoutservice|emailservice|redis,cartservice_latency-90,0.8,4,5,0.8,0.8,4,4,4,0.8928571428571429,baseline-v2-20260723,cd270e7871bd358937d83d9a49829637fa80007d2964084ef229f578e3733bd3,ba75425861a059dafcc477474fc3e4ed1eafdc2b47d6fdd0557337035d29a960,05a827162dee84ea7783474fc88fe615d39a0665bdba55662e440bd0c3864018,572774,1716143232000000000,300
OB/cartservice_disk/1,OB,cartservice,disk,1,300,300,stream,0.1,9,0.10714285714285714,nsigma,2,0.5,0.8,0.08333333333333333,0,1,1,13,52.46480001369491,paymentservice|cartservice|checkoutservice|emailservice|adservice,paymentservice_latency-90,0.8,4,5,0.8,0.8,4,4,4,0.8928571428571429,baseline-v2-20260723,cd270e7871bd358937d83d9a49829637fa80007d2964084ef229f578e3733bd3,ba75425861a059dafcc477474fc3e4ed1eafdc2b47d6fdd0557337035d29a960,05a827162dee84ea7783474fc88fe615d39a0665bdba55662e440bd0c3864018,572774,1716143232000000000,300
OB/cartservice_disk/1,OB,cartservice,disk,1,300,300,stream,0.3,0,0.30357142857142855,baro,1,1.0,1.0,0.0,1,1,1,13,77.45499996235594,cartservice|paymentservice|checkoutservice|currencyservice|emailservice,cartservice_latency-90,0.6,3,5,0.6,0.6,3,3,3,0.6964285714285714,baseline-v2-20260723,cd270e7871bd358937d83d9a49829637fa80007d2964084ef229f578e3733bd3,ba75425861a059dafcc477474fc3e4ed1eafdc2b47d6fdd0557337035d29a960,05a827162dee84ea7783474fc88fe615d39a0665bdba55662e440bd0c3864018,572774,1716143232000000000,300
OB/cartservice_disk/1,OB,cartservice,disk,1,300,300,stream,0.3,0,0.30357142857142855,median_shift,1,1.0,1.0,0.0,1,1,1,13,9.164399991277605,cartservice|paymentservice|checkoutservice|recommendationservice|emailservice,cartservice_latency-90,0.6,3,5,0.6,0.6,3,3,3,0.6964285714285714,baseline-v2-20260723,cd270e7871bd358937d83d9a49829637fa80007d2964084ef229f578e3733bd3,ba75425861a059dafcc477474fc3e4ed1eafdc2b47d6fdd0557337035d29a960,05a827162dee84ea7783474fc88fe615d39a0665bdba55662e440bd0c3864018,572774,1716143232000000000,300
OB/cartservice_disk/1,OB,cartservice,disk,1,300,300,stream,0.3,0,0.30357142857142855,nsigma,1,1.0,1.0,0.0,1,1,1,13,52.20470001222566,cartservice|paymentservice|checkoutservice|emailservice|recommendationservice,cartservice_latency-50,0.6,3,5,0.6,0.6,3,3,3,0.6964285714285714,baseline-v2-20260723,cd270e7871bd358937d83d9a49829637fa80007d2964084ef229f578e3733bd3,ba75425861a059dafcc477474fc3e4ed1eafdc2b47d6fdd0557337035d29a960,05a827162dee84ea7783474fc88fe615d39a0665bdba55662e440bd0c3864018,572774,1716143232000000000,300
OB/cartservice_disk/1,OB,cartservice,disk,1,300,300,stream,0.3,1,0.30357142857142855,baro,10,0.1,0.0,0.75,0,0,0,13,71.9626999925822,paymentservice|currencyservice|emailservice|checkoutservice|productcatalogservice,paymentservice_latency-90,0.2,1,5,0.2,0.2,1,1,1,0.6964285714285714,baseline-v2-20260723,cd270e7871bd358937d83d9a49829637fa80007d2964084ef229f578e3733bd3,ba75425861a059dafcc477474fc3e4ed1eafdc2b47d6fdd0557337035d29a960,05a827162dee84ea7783474fc88fe615d39a0665bdba55662e440bd0c3864018,572774,1716143232000000000,300
OB/cartservice_disk/1,OB,cartservice,disk,1,300,300,stream,0.3,1,0.30357142857142855,median_shift,12,0.08333333333333333,0.0,0.9166666666666666,0,0,0,13,10.227099992334843,paymentservice|checkoutservice|emailservice|redis|adservice,paymentservice_latency-90,0.2,1,5,0.2,0.2,1,1,1,0.6964285714285714,baseline-v2-20260723,cd270e7871bd358937d83d9a49829637fa80007d2964084ef229f578e3733bd3,ba75425861a059dafcc477474fc3e4ed1eafdc2b47d6fdd0557337035d29a960,05a827162dee84ea7783474fc88fe615d39a0665bdba55662e440bd0c3864018,572774,1716143232000000000,300
OB/cartservice_disk/1,OB,cartservice,disk,1,300,300,stream,0.3,1,0.30357142857142855,nsigma,10,0.1,0.0,0.75,0,0,0,13,51.053699979092926,paymentservice|emailservice|checkoutservice|productcatalogservice|frontend,paymentservice_latency-90,0.2,1,5,0.2,0.2,1,1,1,0.6964285714285714,baseline-v2-20260723,cd270e7871bd358937d83d9a49829637fa80007d2964084ef229f578e3733bd3,ba75425861a059dafcc477474fc3e4ed1eafdc2b47d6fdd0557337035d29a960,05a827162dee84ea7783474fc88fe615d39a0665bdba55662e440bd0c3864018,572774,1716143232000000000,300
OB/cartservice_disk/1,OB,cartservice,disk,1,300,300,stream,0.3,2,0.30357142857142855,baro,1,1.0,1.0,0.0,1,1,1,13,66.5335999801755,cartservice|paymentservice|checkoutservice|currencyservice|emailservice,cartservice_latency-90,0.6,3,5,0.6,0.6,3,3,3,0.6964285714285714,baseline-v2-20260723,cd270e7871bd358937d83d9a49829637fa80007d2964084ef229f578e3733bd3,ba75425861a059dafcc477474fc3e4ed1eafdc2b47d6fdd0557337035d29a960,05a827162dee84ea7783474fc88fe615d39a0665bdba55662e440bd0c3864018,572774,1716143232000000000,300
OB/cartservice_disk/1,OB,cartservice,disk,1,300,300,stream,0.3,2,0.30357142857142855,median_shift,1,1.0,1.0,0.0,1,1,1,13,17.10980001371354,cartservice|paymentservice|checkoutservice|recommendationservice|emailservice,cartservice_latency-90,0.6,3,5,0.6,0.6,3,3,3,0.6964285714285714,baseline-v2-20260723,cd270e7871bd358937d83d9a49829637fa80007d2964084ef229f578e3733bd3,ba75425861a059dafcc477474fc3e4ed1eafdc2b47d6fdd0557337035d29a960,05a827162dee84ea7783474fc88fe615d39a0665bdba55662e440bd0c3864018,572774,1716143232000000000,300
OB/cartservice_disk/1,OB,cartservice,disk,1,300,300,stream,0.3,2,0.30357142857142855,nsigma,1,1.0,1.0,0.0,1,1,1,13,56.860300013795495,cartservice|paymentservice|checkoutservice|emailservice|adservice,cartservice_latency-50,0.6,3,5,0.6,0.6,3,3,3,0.6964285714285714,baseline-v2-20260723,cd270e7871bd358937d83d9a49829637fa80007d2964084ef229f578e3733bd3,ba75425861a059dafcc477474fc3e4ed1eafdc2b47d6fdd0557337035d29a960,05a827162dee84ea7783474fc88fe615d39a0665bdba55662e440bd0c3864018,572774,1716143232000000000,300
OB/cartservice_disk/1,OB,cartservice,disk,1,300,300,stream,0.3,3,0.30357142857142855,baro,1,1.0,1.0,0.0,1,1,1,13,76.91140001406893,cartservice|paymentservice|checkoutservice|emailservice|productcatalogservice,cartservice_latency-90,0.8,4,5,0.8,0.8,4,4,4,0.6964285714285714,baseline-v2-20260723,cd270e7871bd358937d83d9a49829637fa80007d2964084ef229f578e3733bd3,ba75425861a059dafcc477474fc3e4ed1eafdc2b47d6fdd0557337035d29a960,05a827162dee84ea7783474fc88fe615d39a0665bdba55662e440bd0c3864018,572774,1716143232000000000,300
OB/cartservice_disk/1,OB,cartservice,disk,1,300,300,stream,0.3,3,0.30357142857142855,median_shift,1,1.0,1.0,0.0,1,1,1,13,9.387900005094707,cartservice|paymentservice|checkoutservice|emailservice|redis,cartservice_latency-90,0.8,4,5,0.8,0.8,4,4,4,0.6964285714285714,baseline-v2-20260723,cd270e7871bd358937d83d9a49829637fa80007d2964084ef229f578e3733bd3,ba75425861a059dafcc477474fc3e4ed1eafdc2b47d6fdd0557337035d29a960,05a827162dee84ea7783474fc88fe615d39a0665bdba55662e440bd0c3864018,572774,1716143232000000000,300
OB/cartservice_disk/1,OB,cartservice,disk,1,300,300,stream,0.3,3,0.30357142857142855,nsigma,2,0.5,0.8,0.08333333333333333,0,1,1,13,67.51249998342246,paymentservice|cartservice|checkoutservice|emailservice|currencyservice,paymentservice_latency-90,0.8,4,5,0.8,0.8,4,4,4,0.6964285714285714,baseline-v2-20260723,cd270e7871bd358937d83d9a49829637fa80007d2964084ef229f578e3733bd3,ba75425861a059dafcc477474fc3e4ed1eafdc2b47d6fdd0557337035d29a960,05a827162dee84ea7783474fc88fe615d39a0665bdba55662e440bd0c3864018,572774,1716143232000000000,300
OB/cartservice_disk/1,OB,cartservice,disk,1,300,300,stream,0.3,4,0.30357142857142855,baro,1,1.0,1.0,0.0,1,1,1,13,69.94999997550622,cartservice|checkoutservice|currencyservice|emailservice|paymentservice,cartservice_latency-90,0.8,4,5,0.8,0.8,4,4,4,0.6964285714285714,baseline-v2-20260723,cd270e7871bd358937d83d9a49829637fa80007d2964084ef229f578e3733bd3,ba75425861a059dafcc477474fc3e4ed1eafdc2b47d6fdd0557337035d29a960,05a827162dee84ea7783474fc88fe615d39a0665bdba55662e440bd0c3864018,572774,1716143232000000000,300
OB/cartservice_disk/1,OB,cartservice,disk,1,300,300,stream,0.3,4,0.30357142857142855,median_shift,1,1.0,1.0,0.0,1,1,1,13,16.317300032824278,cartservice|checkoutservice|paymentservice|recommendationservice|emailservice,cartservice_latency-90,0.8,4,5,0.8,0.8,4,4,4,0.6964285714285714,baseline-v2-20260723,cd270e7871bd358937d83d9a49829637fa80007d2964084ef229f578e3733bd3,ba75425861a059dafcc477474fc3e4ed1eafdc2b47d6fdd0557337035d29a960,05a827162dee84ea7783474fc88fe615d39a0665bdba55662e440bd0c3864018,572774,1716143232000000000,300
OB/cartservice_disk/1,OB,cartservice,disk,1,300,300,stream,0.3,4,0.30357142857142855,nsigma,1,1.0,1.0,0.0,1,1,1,13,69.44859999930486,cartservice|checkoutservice|paymentservice|emailservice|adservice,cartservice_latency-50,0.8,4,5,0.8,0.8,4,4,4,0.6964285714285714,baseline-v2-20260723,cd270e7871bd358937d83d9a49829637fa80007d2964084ef229f578e3733bd3,ba75425861a059dafcc477474fc3e4ed1eafdc2b47d6fdd0557337035d29a960,05a827162dee84ea7783474fc88fe615d39a0665bdba55662e440bd0c3864018,572774,1716143232000000000,300
OB/cartservice_disk/1,OB,cartservice,disk,1,300,300,stream,0.3,5,0.30357142857142855,baro,1,1.0,1.0,0.0,1,1,1,13,65.76999998651445,cartservice|paymentservice|checkoutservice|emailservice|productcatalogservice,cartservice_latency-50,0.6,3,5,0.6,0.6,3,3,3,0.6964285714285714,baseline-v2-20260723,cd270e7871bd358937d83d9a49829637fa80007d2964084ef229f578e3733bd3,ba75425861a059dafcc477474fc3e4ed1eafdc2b47d6fdd0557337035d29a960,05a827162dee84ea7783474fc88fe615d39a0665bdba55662e440bd0c3864018,572774,1716143232000000000,300
OB/cartservice_disk/1,OB,cartservice,disk,1,300,300,stream,0.3,5,0.30357142857142855,median_shift,1,1.0,1.0,0.0,1,1,1,13,8.947000023908913,cartservice|paymentservice|checkoutservice|emailservice|redis,cartservice_latency-50,0.6,3,5,0.6,0.6,3,3,3,0.6964285714285714,baseline-v2-20260723,cd270e7871bd358937d83d9a49829637fa80007d2964084ef229f578e3733bd3,ba75425861a059dafcc477474fc3e4ed1eafdc2b47d6fdd0557337035d29a960,05a827162dee84ea7783474fc88fe615d39a0665bdba55662e440bd0c3864018,572774,1716143232000000000,300
OB/cartservice_disk/1,OB,cartservice,disk,1,300,300,stream,0.3,5,0.30357142857142855,nsigma,1,1.0,1.0,0.0,1,1,1,13,48.61110000638291,cartservice|paymentservice|checkoutservice|emailservice|adservice,cartservice_latency-50,0.6,3,5,0.6,0.6,3,3,3,0.6964285714285714,baseline-v2-20260723,cd270e7871bd358937d83d9a49829637fa80007d2964084ef229f578e3733bd3,ba75425861a059dafcc477474fc3e4ed1eafdc2b47d6fdd0557337035d29a960,05a827162dee84ea7783474fc88fe615d39a0665bdba55662e440bd0c3864018,572774,1716143232000000000,300
OB/cartservice_disk/1,OB,cartservice,disk,1,300,300,stream,0.3,6,0.30357142857142855,baro,1,1.0,1.0,0.0,1,1,1,13,58.301999990362674,cartservice|paymentservice|checkoutservice|currencyservice|emailservice,cartservice_latency-50,0.8,4,5,0.8,0.8,4,4,4,0.6964285714285714,baseline-v2-20260723,cd270e7871bd358937d83d9a49829637fa80007d2964084ef229f578e3733bd3,ba75425861a059dafcc477474fc3e4ed1eafdc2b47d6fdd0557337035d29a960,05a827162dee84ea7783474fc88fe615d39a0665bdba55662e440bd0c3864018,572774,1716143232000000000,300
OB/cartservice_disk/1,OB,cartservice,disk,1,300,300,stream,0.3,6,0.30357142857142855,median_shift,1,1.0,1.0,0.0,1,1,1,13,16.9972000294365,cartservice|paymentservice|checkoutservice|emailservice|recommendationservice,cartservice_latency-50,0.8,4,5,0.8,0.8,4,4,4,0.6964285714285714,baseline-v2-20260723,cd270e7871bd358937d83d9a49829637fa80007d2964084ef229f578e3733bd3,ba75425861a059dafcc477474fc3e4ed1eafdc2b47d6fdd0557337035d29a960,05a827162dee84ea7783474fc88fe615d39a0665bdba55662e440bd0c3864018,572774,1716143232000000000,300
OB/cartservice_disk/1,OB,cartservice,disk,1,300,300,stream,0.3,6,0.30357142857142855,nsigma,1,1.0,1.0,0.0,1,1,1,13,45.00859999097884,cartservice|paymentservice|checkoutservice|emailservice|adservice,cartservice_latency-50,0.8,4,5,0.8,0.8,4,4,4,0.6964285714285714,baseline-v2-20260723,cd270e7871bd358937d83d9a49829637fa80007d2964084ef229f578e3733bd3,ba75425861a059dafcc477474fc3e4ed1eafdc2b47d6fdd0557337035d29a960,05a827162dee84ea7783474fc88fe615d39a0665bdba55662e440bd0c3864018,572774,1716143232000000000,300
OB/cartservice_disk/1,OB,cartservice,disk,1,300,300,stream,0.3,7,0.30357142857142855,baro,1,1.0,1.0,0.0,1,1,1,13,67.46659998316318,cartservice|paymentservice|checkoutservice|currencyservice|emailservice,cartservice_latency-90,0.8,4,5,0.8,0.8,4,4,4,0.6964285714285714,baseline-v2-20260723,cd270e7871bd358937d83d9a49829637fa80007d2964084ef229f578e3733bd3,ba75425861a059dafcc477474fc3e4ed1eafdc2b47d6fdd0557337035d29a960,05a827162dee84ea7783474fc88fe615d39a0665bdba55662e440bd0c3864018,572774,1716143232000000000,300
OB/cartservice_disk/1,OB,cartservice,disk,1,300,300,stream,0.3,7,0.30357142857142855,median_shift,1,1.0,1.0,0.0,1,1,1,13,9.334500005934387,cartservice|paymentservice|checkoutservice|recommendationservice|emailservice,cartservice_latency-90,0.8,4,5,0.8,0.8,4,4,4,0.6964285714285714,baseline-v2-20260723,cd270e7871bd358937d83d9a49829637fa80007d2964084ef229f578e3733bd3,ba75425861a059dafcc477474fc3e4ed1eafdc2b47d6fdd0557337035d29a960,05a827162dee84ea7783474fc88fe615d39a0665bdba55662e440bd0c3864018,572774,1716143232000000000,300
OB/cartservice_disk/1,OB,cartservice,disk,1,300,300,stream,0.3,7,0.30357142857142855,nsigma,1,1.0,1.0,0.0,1,1,1,13,50.757699995301664,cartservice|paymentservice|checkoutservice|emailservice|adservice,cartservice_latency-50,0.8,4,5,0.8,0.8,4,4,4,0.6964285714285714,baseline-v2-20260723,cd270e7871bd358937d83d9a49829637fa80007d2964084ef229f578e3733bd3,ba75425861a059dafcc477474fc3e4ed1eafdc2b47d6fdd0557337035d29a960,05a827162dee84ea7783474fc88fe615d39a0665bdba55662e440bd0c3864018,572774,1716143232000000000,300
OB/cartservice_disk/1,OB,cartservice,disk,1,300,300,stream,0.3,8,0.30357142857142855,baro,1,1.0,1.0,0.0,1,1,1,13,55.52009999519214,cartservice|paymentservice|emailservice|checkoutservice|productcatalogservice,cartservice_latency-90,0.8,4,5,0.8,0.8,4,4,4,0.6964285714285714,baseline-v2-20260723,cd270e7871bd358937d83d9a49829637fa80007d2964084ef229f578e3733bd3,ba75425861a059dafcc477474fc3e4ed1eafdc2b47d6fdd0557337035d29a960,05a827162dee84ea7783474fc88fe615d39a0665bdba55662e440bd0c3864018,572774,1716143232000000000,300
OB/cartservice_disk/1,OB,cartservice,disk,1,300,300,stream,0.3,8,0.30357142857142855,median_shift,1,1.0,1.0,0.0,1,1,1,13,9.825100016314536,cartservice|paymentservice|checkoutservice|recommendationservice|emailservice,cartservice_latency-90,0.8,4,5,0.8,0.8,4,4,4,0.6964285714285714,baseline-v2-20260723,cd270e7871bd358937d83d9a49829637fa80007d2964084ef229f578e3733bd3,ba75425861a059dafcc477474fc3e4ed1eafdc2b47d6fdd0557337035d29a960,05a827162dee84ea7783474fc88fe615d39a0665bdba55662e440bd0c3864018,572774,1716143232000000000,300
OB/cartservice_disk/1,OB,cartservice,disk,1,300,300,stream,0.3,8,0.30357142857142855,nsigma,1,1.0,1.0,0.0,1,1,1,13,40.70249997312203,cartservice|paymentservice|emailservice|checkoutservice|recommendationservice,cartservice_latency-50,0.8,4,5,0.8,0.8,4,4,4,0.6964285714285714,baseline-v2-20260723,cd270e7871bd358937d83d9a49829637fa80007d2964084ef229f578e3733bd3,ba75425861a059dafcc477474fc3e4ed1eafdc2b47d6fdd0557337035d29a960,05a827162dee84ea7783474fc88fe615d39a0665bdba55662e440bd0c3864018,572774,1716143232000000000,300
OB/cartservice_disk/1,OB,cartservice,disk,1,300,300,stream,0.3,9,0.30357142857142855,baro,1,1.0,1.0,0.0,1,1,1,13,49.05440000584349,cartservice|paymentservice|checkoutservice|currencyservice|emailservice,cartservice_latency-50,0.8,4,5,0.8,0.8,4,4,4,0.6964285714285714,baseline-v2-20260723,cd270e7871bd358937d83d9a49829637fa80007d2964084ef229f578e3733bd3,ba75425861a059dafcc477474fc3e4ed1eafdc2b47d6fdd0557337035d29a960,05a827162dee84ea7783474fc88fe615d39a0665bdba55662e440bd0c3864018,572774,1716143232000000000,300
OB/cartservice_disk/1,OB,cartservice,disk,1,300,300,stream,0.3,9,0.30357142857142855,median_shift,1,1.0,1.0,0.0,1,1,1,13,8.848799974657595,cartservice|paymentservice|checkoutservice|recommendationservice|emailservice,cartservice_latency-50,0.8,4,5,0.8,0.8,4,4,4,0.6964285714285714,baseline-v2-20260723,cd270e7871bd358937d83d9a49829637fa80007d2964084ef229f578e3733bd3,ba75425861a059dafcc477474fc3e4ed1eafdc2b47d6fdd0557337035d29a960,05a827162dee84ea7783474fc88fe615d39a0665bdba55662e440bd0c3864018,572774,1716143232000000000,300
OB/cartservice_disk/1,OB,cartservice,disk,1,300,300,stream,0.3,9,0.30357142857142855,nsigma,1,1.0,1.0,0.0,1,1,1,13,44.063500012271106,cartservice|paymentservice|checkoutservice|emailservice|adservice,cartservice_latency-50,0.8,4,5,0.8,0.8,4,4,4,0.6964285714285714,baseline-v2-20260723,cd270e7871bd358937d83d9a49829637fa80007d2964084ef229f578e3733bd3,ba75425861a059dafcc477474fc3e4ed1eafdc2b47d6fdd0557337035d29a960,05a827162dee84ea7783474fc88fe615d39a0665bdba55662e440bd0c3864018,572774,1716143232000000000,300
OB/cartservice_disk/1,OB,cartservice,disk,1,300,300,stream,0.5,0,0.5,baro,1,1.0,1.0,0.0,1,1,1,13,51.86200002208352,cartservice|paymentservice|checkoutservice|emailservice|productcatalogservice,cartservice_latency-90,0.6,3,5,0.6,0.6,3,3,3,0.5,baseline-v2-20260723,cd270e7871bd358937d83d9a49829637fa80007d2964084ef229f578e3733bd3,ba75425861a059dafcc477474fc3e4ed1eafdc2b47d6fdd0557337035d29a960,05a827162dee84ea7783474fc88fe615d39a0665bdba55662e440bd0c3864018,572774,1716143232000000000,300
OB/cartservice_disk/1,OB,cartservice,disk,1,300,300,stream,0.5,0,0.5,median_shift,1,1.0,1.0,0.0,1,1,1,13,7.004900020547211,cartservice|paymentservice|checkoutservice|emailservice|redis,cartservice_latency-90,0.6,3,5,0.6,0.6,3,3,3,0.5,baseline-v2-20260723,cd270e7871bd358937d83d9a49829637fa80007d2964084ef229f578e3733bd3,ba75425861a059dafcc477474fc3e4ed1eafdc2b47d6fdd0557337035d29a960,05a827162dee84ea7783474fc88fe615d39a0665bdba55662e440bd0c3864018,572774,1716143232000000000,300
OB/cartservice_disk/1,OB,cartservice,disk,1,300,300,stream,0.5,0,0.5,nsigma,1,1.0,1.0,0.0,1,1,1,13,32.94020000612363,cartservice|paymentservice|checkoutservice|emailservice|productcatalogservice,cartservice_latency-50,0.6,3,5,0.6,0.6,3,3,3,0.5,baseline-v2-20260723,cd270e7871bd358937d83d9a49829637fa80007d2964084ef229f578e3733bd3,ba75425861a059dafcc477474fc3e4ed1eafdc2b47d6fdd0557337035d29a960,05a827162dee84ea7783474fc88fe615d39a0665bdba55662e440bd0c3864018,572774,1716143232000000000,300
OB/cartservice_disk/1,OB,cartservice,disk,1,300,300,stream,0.5,1,0.5,baro,1,1.0,1.0,0.0,1,1,1,13,41.041899996344,cartservice|paymentservice|checkoutservice|emailservice|recommendationservice,cartservice_latency-50,0.6,3,5,0.6,0.6,3,3,3,0.5,baseline-v2-20260723,cd270e7871bd358937d83d9a49829637fa80007d2964084ef229f578e3733bd3,ba75425861a059dafcc477474fc3e4ed1eafdc2b47d6fdd0557337035d29a960,05a827162dee84ea7783474fc88fe615d39a0665bdba55662e440bd0c3864018,572774,1716143232000000000,300
OB/cartservice_disk/1,OB,cartservice,disk,1,300,300,stream,0.5,1,0.5,median_shift,1,1.0,1.0,0.0,1,1,1,13,7.474799989722669,cartservice|paymentservice|checkoutservice|recommendationservice|emailservice,cartservice_latency-50,0.6,3,5,0.6,0.6,3,3,3,0.5,baseline-v2-20260723,cd270e7871bd358937d83d9a49829637fa80007d2964084ef229f578e3733bd3,ba75425861a059dafcc477474fc3e4ed1eafdc2b47d6fdd0557337035d29a960,05a827162dee84ea7783474fc88fe615d39a0665bdba55662e440bd0c3864018,572774,1716143232000000000,300
OB/cartservice_disk/1,OB,cartservice,disk,1,300,300,stream,0.5,1,0.5,nsigma,1,1.0,1.0,0.0,1,1,1,13,35.900200018659234,cartservice|paymentservice|checkoutservice|emailservice|adservice,cartservice_latency-50,0.6,3,5,0.6,0.6,3,3,3,0.5,baseline-v2-20260723,cd270e7871bd358937d83d9a49829637fa80007d2964084ef229f578e3733bd3,ba75425861a059dafcc477474fc3e4ed1eafdc2b47d6fdd0557337035d29a960,05a827162dee84ea7783474fc88fe615d39a0665bdba55662e440bd0c3864018,572774,1716143232000000000,300
OB/cartservice_disk/1,OB,cartservice,disk,1,300,300,stream,0.5,2,0.5,baro,1,1.0,1.0,0.0,1,1,1,13,40.544899995438755,cartservice|paymentservice|productcatalogservice|recommendationservice|frontend,cartservice_latency-90,0.4,2,5,0.4,0.4,2,2,2,0.5,baseline-v2-20260723,cd270e7871bd358937d83d9a49829637fa80007d2964084ef229f578e3733bd3,ba75425861a059dafcc477474fc3e4ed1eafdc2b47d6fdd0557337035d29a960,05a827162dee84ea7783474fc88fe615d39a0665bdba55662e440bd0c3864018,572774,1716143232000000000,300
OB/cartservice_disk/1,OB,cartservice,disk,1,300,300,stream,0.5,2,0.5,median_shift,1,1.0,1.0,0.0,1,1,1,13,7.684699958190322,cartservice|paymentservice|recommendationservice|redis|main,cartservice_latency-90,0.4,2,5,0.4,0.4,2,2,2,0.5,baseline-v2-20260723,cd270e7871bd358937d83d9a49829637fa80007d2964084ef229f578e3733bd3,ba75425861a059dafcc477474fc3e4ed1eafdc2b47d6fdd0557337035d29a960,05a827162dee84ea7783474fc88fe615d39a0665bdba55662e440bd0c3864018,572774,1716143232000000000,300
OB/cartservice_disk/1,OB,cartservice,disk,1,300,300,stream,0.5,2,0.5,nsigma,1,1.0,1.0,0.0,1,1,1,13,42.27149998769164,cartservice|paymentservice|recommendationservice|productcatalogservice|frontend,cartservice_latency-50,0.4,2,5,0.4,0.4,2,2,2,0.5,baseline-v2-20260723,cd270e7871bd358937d83d9a49829637fa80007d2964084ef229f578e3733bd3,ba75425861a059dafcc477474fc3e4ed1eafdc2b47d6fdd0557337035d29a960,05a827162dee84ea7783474fc88fe615d39a0665bdba55662e440bd0c3864018,572774,1716143232000000000,300
OB/cartservice_disk/1,OB,cartservice,disk,1,300,300,stream,0.5,3,0.5,baro,1,1.0,1.0,0.0,1,1,1,13,57.897399994544685,cartservice|checkoutservice|currencyservice|productcatalogservice|recommendationservice,cartservice_latency-50,0.4,2,5,0.4,0.4,2,2,2,0.5,baseline-v2-20260723,cd270e7871bd358937d83d9a49829637fa80007d2964084ef229f578e3733bd3,ba75425861a059dafcc477474fc3e4ed1eafdc2b47d6fdd0557337035d29a960,05a827162dee84ea7783474fc88fe615d39a0665bdba55662e440bd0c3864018,572774,1716143232000000000,300
OB/cartservice_disk/1,OB,cartservice,disk,1,300,300,stream,0.5,3,0.5,median_shift,1,1.0,1.0,0.0,1,1,1,13,12.548899976536632,cartservice|checkoutservice|recommendationservice|redis|adservice,cartservice_latency-50,0.4,2,5,0.4,0.4,2,2,2,0.5,baseline-v2-20260723,cd270e7871bd358937d83d9a49829637fa80007d2964084ef229f578e3733bd3,ba75425861a059dafcc477474fc3e4ed1eafdc2b47d6fdd0557337035d29a960,05a827162dee84ea7783474fc88fe615d39a0665bdba55662e440bd0c3864018,572774,1716143232000000000,300
OB/cartservice_disk/1,OB,cartservice,disk,1,300,300,stream,0.5,3,0.5,nsigma,1,1.0,1.0,0.0,1,1,1,13,41.01319995243102,cartservice|checkoutservice|recommendationservice|productcatalogservice|frontend,cartservice_latency-50,0.4,2,5,0.4,0.4,2,2,2,0.5,baseline-v2-20260723,cd270e7871bd358937d83d9a49829637fa80007d2964084ef229f578e3733bd3,ba75425861a059dafcc477474fc3e4ed1eafdc2b47d6fdd0557337035d29a960,05a827162dee84ea7783474fc88fe615d39a0665bdba55662e440bd0c3864018,572774,1716143232000000000,300
OB/cartservice_disk/1,OB,cartservice,disk,1,300,300,stream,0.5,4,0.5,baro,1,1.0,1.0,0.0,1,1,1,13,52.32780001824722,cartservice|paymentservice|checkoutservice|emailservice|recommendationservice,cartservice_latency-50,0.4,2,5,0.4,0.4,2,2,2,0.5,baseline-v2-20260723,cd270e7871bd358937d83d9a49829637fa80007d2964084ef229f578e3733bd3,ba75425861a059dafcc477474fc3e4ed1eafdc2b47d6fdd0557337035d29a960,05a827162dee84ea7783474fc88fe615d39a0665bdba55662e440bd0c3864018,572774,1716143232000000000,300
OB/cartservice_disk/1,OB,cartservice,disk,1,300,300,stream,0.5,4,0.5,median_shift,1,1.0,1.0,0.0,1,1,1,13,7.539499958511442,cartservice|paymentservice|checkoutservice|recommendationservice|emailservice,cartservice_latency-50,0.4,2,5,0.4,0.4,2,2,2,0.5,baseline-v2-20260723,cd270e7871bd358937d83d9a49829637fa80007d2964084ef229f578e3733bd3,ba75425861a059dafcc477474fc3e4ed1eafdc2b47d6fdd0557337035d29a960,05a827162dee84ea7783474fc88fe615d39a0665bdba55662e440bd0c3864018,572774,1716143232000000000,300
OB/cartservice_disk/1,OB,cartservice,disk,1,300,300,stream,0.5,4,0.5,nsigma,1,1.0,1.0,0.0,1,1,1,13,58.7146999896504,cartservice|paymentservice|checkoutservice|emailservice|recommendationservice,cartservice_latency-50,0.4,2,5,0.4,0.4,2,2,2,0.5,baseline-v2-20260723,cd270e7871bd358937d83d9a49829637fa80007d2964084ef229f578e3733bd3,ba75425861a059dafcc477474fc3e4ed1eafdc2b47d6fdd0557337035d29a960,05a827162dee84ea7783474fc88fe615d39a0665bdba55662e440bd0c3864018,572774,1716143232000000000,300
OB/cartservice_disk/1,OB,cartservice,disk,1,300,300,stream,0.5,5,0.5,baro,8,0.125,0.0,0.5833333333333334,0,0,0,13,57.49989999458194,paymentservice|currencyservice|productcatalogservice|recommendationservice|adservice,paymentservice_latency-90,0.2,1,5,0.2,0.2,1,1,1,0.5,baseline-v2-20260723,cd270e7871bd358937d83d9a49829637fa80007d2964084ef229f578e3733bd3,ba75425861a059dafcc477474fc3e4ed1eafdc2b47d6fdd0557337035d29a960,05a827162dee84ea7783474fc88fe615d39a0665bdba55662e440bd0c3864018,572774,1716143232000000000,300
OB/cartservice_disk/1,OB,cartservice,disk,1,300,300,stream,0.5,5,0.5,median_shift,11,0.09090909090909091,0.0,0.8333333333333334,0,0,0,13,15.86060004774481,paymentservice|recommendationservice|main|frontend|emailservice,paymentservice_latency-90,0.2,1,5,0.2,0.2,1,1,1,0.5,baseline-v2-20260723,cd270e7871bd358937d83d9a49829637fa80007d2964084ef229f578e3733bd3,ba75425861a059dafcc477474fc3e4ed1eafdc2b47d6fdd0557337035d29a960,05a827162dee84ea7783474fc88fe615d39a0665bdba55662e440bd0c3864018,572774,1716143232000000000,300
OB/cartservice_disk/1,OB,cartservice,disk,1,300,300,stream,0.5,5,0.5,nsigma,9,0.1111111111111111,0.0,0.6666666666666666,0,0,0,13,44.6772999712266,paymentservice|adservice|recommendationservice|productcatalogservice|frontend,paymentservice_latency-90,0.2,1,5,0.2,0.2,1,1,1,0.5,baseline-v2-20260723,cd270e7871bd358937d83d9a49829637fa80007d2964084ef229f578e3733bd3,ba75425861a059dafcc477474fc3e4ed1eafdc2b47d6fdd0557337035d29a960,05a827162dee84ea7783474fc88fe615d39a0665bdba55662e440bd0c3864018,572774,1716143232000000000,300
OB/cartservice_disk/1,OB,cartservice,disk,1,300,300,stream,0.5,6,0.5,baro,2,0.5,0.8,0.08333333333333333,0,1,1,13,41.239899990614504,paymentservice|cartservice|checkoutservice|currencyservice|emailservice,paymentservice_latency-90,0.6,3,5,0.6,0.6,3,3,3,0.5,baseline-v2-20260723,cd270e7871bd358937d83d9a49829637fa80007d2964084ef229f578e3733bd3,ba75425861a059dafcc477474fc3e4ed1eafdc2b47d6fdd0557337035d29a960,05a827162dee84ea7783474fc88fe615d39a0665bdba55662e440bd0c3864018,572774,1716143232000000000,300
OB/cartservice_disk/1,OB,cartservice,disk,1,300,300,stream,0.5,6,0.5,median_shift,1,1.0,1.0,0.0,1,1,1,13,9.210699994582683,cartservice|paymentservice|checkoutservice|recommendationservice|emailservice,cartservice_mem,0.6,3,5,0.6,0.6,3,3,3,0.5,baseline-v2-20260723,cd270e7871bd358937d83d9a49829637fa80007d2964084ef229f578e3733bd3,ba75425861a059dafcc477474fc3e4ed1eafdc2b47d6fdd0557337035d29a960,05a827162dee84ea7783474fc88fe615d39a0665bdba55662e440bd0c3864018,572774,1716143232000000000,300
OB/cartservice_disk/1,OB,cartservice,disk,1,300,300,stream,0.5,6,0.5,nsigma,4,0.25,0.4,0.25,0,0,1,13,59.63919998612255,paymentservice|checkoutservice|emailservice|cartservice|adservice,paymentservice_latency-90,0.6,3,5,0.6,0.6,3,3,3,0.5,baseline-v2-20260723,cd270e7871bd358937d83d9a49829637fa80007d2964084ef229f578e3733bd3,ba75425861a059dafcc477474fc3e4ed1eafdc2b47d6fdd0557337035d29a960,05a827162dee84ea7783474fc88fe615d39a0665bdba55662e440bd0c3864018,572774,1716143232000000000,300
OB/cartservice_disk/1,OB,cartservice,disk,1,300,300,stream,0.5,7,0.5,baro,1,1.0,1.0,0.0,1,1,1,13,41.31280002184212,cartservice|paymentservice|checkoutservice|currencyservice|emailservice,cartservice_latency-90,0.4,2,5,0.4,0.4,2,2,2,0.5,baseline-v2-20260723,cd270e7871bd358937d83d9a49829637fa80007d2964084ef229f578e3733bd3,ba75425861a059dafcc477474fc3e4ed1eafdc2b47d6fdd0557337035d29a960,05a827162dee84ea7783474fc88fe615d39a0665bdba55662e440bd0c3864018,572774,1716143232000000000,300
OB/cartservice_disk/1,OB,cartservice,disk,1,300,300,stream,0.5,7,0.5,median_shift,1,1.0,1.0,0.0,1,1,1,13,7.970800041221082,cartservice|paymentservice|checkoutservice|recommendationservice|emailservice,cartservice_latency-90,0.4,2,5,0.4,0.4,2,2,2,0.5,baseline-v2-20260723,cd270e7871bd358937d83d9a49829637fa80007d2964084ef229f578e3733bd3,ba75425861a059dafcc477474fc3e4ed1eafdc2b47d6fdd0557337035d29a960,05a827162dee84ea7783474fc88fe615d39a0665bdba55662e440bd0c3864018,572774,1716143232000000000,300
OB/cartservice_disk/1,OB,cartservice,disk,1,300,300,stream,0.5,7,0.5,nsigma,1,1.0,1.0,0.0,1,1,1,13,37.97609999310225,cartservice|paymentservice|checkoutservice|emailservice|recommendationservice,cartservice_latency-50,0.4,2,5,0.4,0.4,2,2,2,0.5,baseline-v2-20260723,cd270e7871bd358937d83d9a49829637fa80007d2964084ef229f578e3733bd3,ba75425861a059dafcc477474fc3e4ed1eafdc2b47d6fdd0557337035d29a960,05a827162dee84ea7783474fc88fe615d39a0665bdba55662e440bd0c3864018,572774,1716143232000000000,300
OB/cartservice_disk/1,OB,cartservice,disk,1,300,300,stream,0.5,8,0.5,baro,2,0.5,0.8,0.08333333333333333,0,1,1,13,47.89039999013767,paymentservice|cartservice|currencyservice|emailservice|checkoutservice,paymentservice_latency-90,0.6,3,5,0.6,0.6,3,3,3,0.5,baseline-v2-20260723,cd270e7871bd358937d83d9a49829637fa80007d2964084ef229f578e3733bd3,ba75425861a059dafcc477474fc3e4ed1eafdc2b47d6fdd0557337035d29a960,05a827162dee84ea7783474fc88fe615d39a0665bdba55662e440bd0c3864018,572774,1716143232000000000,300
OB/cartservice_disk/1,OB,cartservice,disk,1,300,300,stream,0.5,8,0.5,median_shift,1,1.0,1.0,0.0,1,1,1,13,7.67169997561723,cartservice|paymentservice|checkoutservice|recommendationservice|emailservice,cartservice_mem,0.6,3,5,0.6,0.6,3,3,3,0.5,baseline-v2-20260723,cd270e7871bd358937d83d9a49829637fa80007d2964084ef229f578e3733bd3,ba75425861a059dafcc477474fc3e4ed1eafdc2b47d6fdd0557337035d29a960,05a827162dee84ea7783474fc88fe615d39a0665bdba55662e440bd0c3864018,572774,1716143232000000000,300
OB/cartservice_disk/1,OB,cartservice,disk,1,300,300,stream,0.5,8,0.5,nsigma,3,0.3333333333333333,0.6,0.16666666666666666,0,1,1,13,38.758099952246994,paymentservice|emailservice|cartservice|checkoutservice|recommendationservice,paymentservice_latency-90,0.6,3,5,0.6,0.6,3,3,3,0.5,baseline-v2-20260723,cd270e7871bd358937d83d9a49829637fa80007d2964084ef229f578e3733bd3,ba75425861a059dafcc477474fc3e4ed1eafdc2b47d6fdd0557337035d29a960,05a827162dee84ea7783474fc88fe615d39a0665bdba55662e440bd0c3864018,572774,1716143232000000000,300
OB/cartservice_disk/1,OB,cartservice,disk,1,300,300,stream,0.5,9,0.5,baro,1,1.0,1.0,0.0,1,1,1,13,50.72160001145676,cartservice|checkoutservice|paymentservice|frontend|adservice,cartservice_latency-90,0.8,4,5,0.8,0.8,4,4,4,0.5,baseline-v2-20260723,cd270e7871bd358937d83d9a49829637fa80007d2964084ef229f578e3733bd3,ba75425861a059dafcc477474fc3e4ed1eafdc2b47d6fdd0557337035d29a960,05a827162dee84ea7783474fc88fe615d39a0665bdba55662e440bd0c3864018,572774,1716143232000000000,300
OB/cartservice_disk/1,OB,cartservice,disk,1,300,300,stream,0.5,9,0.5,median_shift,1,1.0,1.0,0.0,1,1,1,13,16.102600027807057,cartservice|checkoutservice|paymentservice|frontend|main,cartservice_latency-90,0.8,4,5,0.8,0.8,4,4,4,0.5,baseline-v2-20260723,cd270e7871bd358937d83d9a49829637fa80007d2964084ef229f578e3733bd3,ba75425861a059dafcc477474fc3e4ed1eafdc2b47d6fdd0557337035d29a960,05a827162dee84ea7783474fc88fe615d39a0665bdba55662e440bd0c3864018,572774,1716143232000000000,300
OB/cartservice_disk/1,OB,cartservice,disk,1,300,300,stream,0.5,9,0.5,nsigma,1,1.0,1.0,0.0,1,1,1,13,42.43480000877753,cartservice|checkoutservice|paymentservice|currencyservice|frontend,cartservice_latency-50,0.8,4,5,0.8,0.8,4,4,4,0.5,baseline-v2-20260723,cd270e7871bd358937d83d9a49829637fa80007d2964084ef229f578e3733bd3,ba75425861a059dafcc477474fc3e4ed1eafdc2b47d6fdd0557337035d29a960,05a827162dee84ea7783474fc88fe615d39a0665bdba55662e440bd0c3864018,572774,1716143232000000000,300
