case_id,system,root_service,fault,repetition,n_pre,n_post,mechanism,rate,replicate,realized_rate,method,rank,reciprocal_rank,avg_at_5,normalized_rank,hit_at_1,hit_at_3,hit_at_5,candidate_count,elapsed_ms,top_5,top_evidence_metric,root_observed_fraction,root_streams_available,root_streams_total,root_pre_observed_fraction,root_post_observed_fraction,root_streams_pre_available,root_streams_post_available,root_streams_scorable,observed_fraction,runner_version,code_hash,config_fingerprint,source_fingerprint,source_size,source_mtime_ns,window
OB/productcatalogservice_loss/5,OB,productcatalogservice,loss,5,300,300,burst,0.1,0,0.1,baro,6,0.16666666666666666,0.0,0.4166666666666667,0,0,0,13,70.51630003843457,cartservice|recommendationservice|checkoutservice|frontend|adservice,cartservice_latency-90,0.9,6,6,0.9666666666666667,0.8333333333333334,6,6,6,0.9,baseline-v2-20260723,cd270e7871bd358937d83d9a49829637fa80007d2964084ef229f578e3733bd3,ba75425861a059dafcc477474fc3e4ed1eafdc2b47d6fdd0557337035d29a960,786b68c56671019577f9316418dd21c8527415b8142fbb72f43c94ccd68d1093,580162,1716143232000000000,300
OB/productcatalogservice_loss/5,OB,productcatalogservice,loss,5,300,300,burst,0.1,0,0.1,median_shift,5,0.2,0.2,0.3333333333333333,0,0,1,13,18.966400006320328,recommendationservice|checkoutservice|adservice|frontend|productcatalogservice,recommendationservice_mem,0.9,6,6,0.9666666666666667,0.8333333333333334,6,6,6,0.9,baseline-v2-20260723,cd270e7871bd358937d83d9a49829637fa80007d2964084ef229f578e3733bd3,ba75425861a059dafcc477474fc3e4ed1eafdc2b47d6fdd0557337035d29a960,786b68c56671019577f9316418dd21c8527415b8142fbb72f43c94ccd68d1093,580162,1716143232000000000,300
OB/productcatalogservice_loss/5,OB,productcatalogservice,loss,5,300,300,burst,0.1,0,0.1,nsigma,6,0.16666666666666666,0.0,0.4166666666666667,0,0,0,13,51.235999970231205,recommendationservice|checkoutservice|adservice|frontend|cartservice,recommendationservice_latency-90,0.9,6,6,0.9666666666666667,0.8333333333333334,6,6,6,0.9,baseline-v2-20260723,cd270e7871bd358937d83d9a49829637fa80007d2964084ef229f578e3733bd3,ba75425861a059dafcc477474fc3e4ed1eafdc2b47d6fdd0557337035d29a960,786b68c56671019577f9316418dd21c8527415b8142fbb72f43c94ccd68d1093,580162,1716143232000000000,300
OB/productcatalogservice_loss/5,OB,productcatalogservice,loss,5,300,300,burst,0.1,1,0.1,baro,6,0.16666666666666666,0.0,0.4166666666666667,0,0,0,13,88.93250004621223,cartservice|checkoutservice|recommendationservice|adservice|frontend,cartservice_latency-90,0.9,6,6,0.8855555555555555,0.9144444444444444,6,6,6,0.9,baseline-v2-20260723,cd270e7871bd358937d83d9a49829637fa80007d2964084ef229f578e3733bd3,ba75425861a059dafcc477474fc3e4ed1eafdc2b47d6fdd0557337035d29a960,786b68c56671019577f9316418dd21c8527415b8142fbb72f43c94ccd68d1093,580162,1716143232000000000,300
OB/productcatalogservice_loss/5,OB,productcatalogservice,loss,5,300,300,burst,0.1,1,0.1,median_shift,5,0.2,0.2,0.3333333333333333,0,0,1,13,21.500499977264553,recommendationservice|checkoutservice|adservice|frontend|productcatalogservice,recommendationservice_mem,0.9,6,6,0.8855555555555555,0.9144444444444444,6,6,6,0.9,baseline-v2-20260723,cd270e7871bd358937d83d9a49829637fa80007d2964084ef229f578e3733bd3,ba75425861a059dafcc477474fc3e4ed1eafdc2b47d6fdd0557337035d29a960,786b68c56671019577f9316418dd21c8527415b8142fbb72f43c94ccd68d1093,580162,1716143232000000000,300
OB/productcatalogservice_loss/5,OB,productcatalogservice,loss,5,300,300,burst,0.1,1,0.1,nsigma,6,0.16666666666666666,0.0,0.4166666666666667,0,0,0,13,71.01559999864548,recommendationservice|checkoutservice|adservice|frontend|cartservice,recommendationservice_latency-90,0.9,6,6,0.8855555555555555,0.9144444444444444,6,6,6,0.9,baseline-v2-20260723,cd270e7871bd358937d83d9a49829637fa80007d2964084ef229f578e3733bd3,ba75425861a059dafcc477474fc3e4ed1eafdc2b47d6fdd0557337035d29a960,786b68c56671019577f9316418dd21c8527415b8142fbb72f43c94ccd68d1093,580162,1716143232000000000,300
OB/productcatalogservice_loss/5,OB,productcatalogservice,loss,5,300,300,burst,0.1,2,0.1,baro,6,0.16666666666666666,0.0,0.4166666666666667,0,0,0,13,71.6899000108242,cartservice|recommendationservice|checkoutservice|adservice|frontend,cartservice_latency-90,0.9,6,6,0.9666666666666667,0.8333333333333334,6,6,6,0.9,baseline-v2-20260723,cd270e7871bd358937d83d9a49829637fa80007d2964084ef229f578e3733bd3,ba75425861a059dafcc477474fc3e4ed1eafdc2b47d6fdd0557337035d29a960,786b68c56671019577f9316418dd21c8527415b8142fbb72f43c94ccd68d1093,580162,1716143232000000000,300
OB/productcatalogservice_loss/5,OB,productcatalogservice,loss,5,300,300,burst,0.1,2,0.1,median_shift,5,0.2,0.2,0.3333333333333333,0,0,1,13,14.443899970501661,checkoutservice|recommendationservice|frontend|adservice|productcatalogservice,checkoutservice_latency-90,0.9,6,6,0.9666666666666667,0.8333333333333334,6,6,6,0.9,baseline-v2-20260723,cd270e7871bd358937d83d9a49829637fa80007d2964084ef229f578e3733bd3,ba75425861a059dafcc477474fc3e4ed1eafdc2b47d6fdd0557337035d29a960,786b68c56671019577f9316418dd21c8527415b8142fbb72f43c94ccd68d1093,580162,1716143232000000000,300
OB/productcatalogservice_loss/5,OB,productcatalogservice,loss,5,300,300,burst,0.1,2,0.1,nsigma,6,0.16666666666666666,0.0,0.4166666666666667,0,0,0,13,71.64079998619854,recommendationservice|checkoutservice|adservice|frontend|cartservice,recommendationservice_latency-90,0.9,6,6,0.9666666666666667,0.8333333333333334,6,6,6,0.9,baseline-v2-20260723,cd270e7871bd358937d83d9a49829637fa80007d2964084ef229f578e3733bd3,ba75425861a059dafcc477474fc3e4ed1eafdc2b47d6fdd0557337035d29a960,786b68c56671019577f9316418dd21c8527415b8142fbb72f43c94ccd68d1093,580162,1716143232000000000,300
OB/productcatalogservice_loss/5,OB,productcatalogservice,loss,5,300,300,burst,0.1,3,0.1,baro,6,0.16666666666666666,0.0,0.4166666666666667,0,0,0,13,71.39460003236309,cartservice|recommendationservice|checkoutservice|adservice|frontend,cartservice_latency-90,0.9,6,6,0.9094444444444445,0.8905555555555555,6,6,6,0.9,baseline-v2-20260723,cd270e7871bd358937d83d9a49829637fa80007d2964084ef229f578e3733bd3,ba75425861a059dafcc477474fc3e4ed1eafdc2b47d6fdd0557337035d29a960,786b68c56671019577f9316418dd21c8527415b8142fbb72f43c94ccd68d1093,580162,1716143232000000000,300
OB/productcatalogservice_loss/5,OB,productcatalogservice,loss,5,300,300,burst,0.1,3,0.1,median_shift,5,0.2,0.2,0.3333333333333333,0,0,1,13,11.344300000928342,recommendationservice|checkoutservice|frontend|adservice|productcatalogservice,recommendationservice_mem,0.9,6,6,0.9094444444444445,0.8905555555555555,6,6,6,0.9,baseline-v2-20260723,cd270e7871bd358937d83d9a49829637fa80007d2964084ef229f578e3733bd3,ba75425861a059dafcc477474fc3e4ed1eafdc2b47d6fdd0557337035d29a960,786b68c56671019577f9316418dd21c8527415b8142fbb72f43c94ccd68d1093,580162,1716143232000000000,300
OB/productcatalogservice_loss/5,OB,productcatalogservice,loss,5,300,300,burst,0.1,3,0.1,nsigma,6,0.16666666666666666,0.0,0.4166666666666667,0,0,0,13,71.76339998841286,recommendationservice|checkoutservice|adservice|frontend|cartservice,recommendationservice_latency-90,0.9,6,6,0.9094444444444445,0.8905555555555555,6,6,6,0.9,baseline-v2-20260723,cd270e7871bd358937d83d9a49829637fa80007d2964084ef229f578e3733bd3,ba75425861a059dafcc477474fc3e4ed1eafdc2b47d6fdd0557337035d29a960,786b68c56671019577f9316418dd21c8527415b8142fbb72f43c94ccd68d1093,580162,1716143232000000000,300
OB/productcatalogservice_loss/5,OB,productcatalogservice,loss,5,300,300,burst,0.1,4,0.1,baro,7,0.14285714285714285,0.0,0.5,0,0,0,13,77.36539997858927,cartservice|checkoutservice|adservice|recommendationservice|frontend,cartservice_latency-90,0.9,6,6,0.8216666666666667,0.9783333333333334,6,6,6,0.9,baseline-v2-20260723,cd270e7871bd358937d83d9a49829637fa80007d2964084ef229f578e3733bd3,ba75425861a059dafcc477474fc3e4ed1eafdc2b47d6fdd0557337035d29a960,786b68c56671019577f9316418dd21c8527415b8142fbb72f43c94ccd68d1093,580162,1716143232000000000,300
OB/productcatalogservice_loss/5,OB,productcatalogservice,loss,5,300,300,burst,0.1,4,0.1,median_shift,5,0.2,0.2,0.3333333333333333,0,0,1,13,12.045099982060492,checkoutservice|recommendationservice|adservice|frontend|productcatalogservice,checkoutservice_latency-90,0.9,6,6,0.8216666666666667,0.9783333333333334,6,6,6,0.9,baseline-v2-20260723,cd270e7871bd358937d83d9a49829637fa80007d2964084ef229f578e3733bd3,ba75425861a059dafcc477474fc3e4ed1eafdc2b47d6fdd0557337035d29a960,786b68c56671019577f9316418dd21c8527415b8142fbb72f43c94ccd68d1093,580162,1716143232000000000,300
OB/productcatalogservice_loss/5,OB,productcatalogservice,loss,5,300,300,burst,0.1,4,0.1,nsigma,6,0.16666666666666666,0.0,0.4166666666666667,0,0,0,13,73.3225999865681,checkoutservice|recommendationservice|adservice|frontend|cartservice,checkoutservice_latency-90,0.9,6,6,0.8216666666666667,0.9783333333333334,6,6,6,0.9,baseline-v2-20260723,cd270e7871bd358937d83d9a49829637fa80007d2964084ef229f578e3733bd3,ba75425861a059dafcc477474fc3e4ed1eafdc2b47d6fdd0557337035d29a960,786b68c56671019577f9316418dd21c8527415b8142fbb72f43c94ccd68d1093,580162,1716143232000000000,300
OB/productcatalogservice_loss/5,OB,productcatalogservice,loss,5,300,300,burst,0.1,5,0.1,baro,6,0.16666666666666666,0.0,0.4166666666666667,0,0,0,13,92.79120003338903,cartservice|recommendationservice|checkoutservice|adservice|frontend,cartservice_latency-90,0.9,6,6,0.8966666666666666,0.9033333333333333,6,6,6,0.9,baseline-v2-20260723,cd270e7871bd358937d83d9a49829637fa80007d2964084ef229f578e3733bd3,ba75425861a059dafcc477474fc3e4ed1eafdc2b47d6fdd0557337035d29a960,786b68c56671019577f9316418dd21c8527415b8142fbb72f43c94ccd68d1093,580162,1716143232000000000,300
OB/productcatalogservice_loss/5,OB,productcatalogservice,loss,5,300,300,burst,0.1,5,0.1,median_shift,4,0.25,0.4,0.25,0,0,1,13,12.924599985126406,recommendationservice|checkoutservice|frontend|productcatalogservice|adservice,recommendationservice_mem,0.9,6,6,0.8966666666666666,0.9033333333333333,6,6,6,0.9,baseline-v2-20260723,cd270e7871bd358937d83d9a49829637fa80007d2964084ef229f578e3733bd3,ba75425861a059dafcc477474fc3e4ed1eafdc2b47d6fdd0557337035d29a960,786b68c56671019577f9316418dd21c8527415b8142fbb72f43c94ccd68d1093,580162,1716143232000000000,300
OB/productcatalogservice_loss/5,OB,productcatalogservice,loss,5,300,300,burst,0.1,5,0.1,nsigma,6,0.16666666666666666,0.0,0.4166666666666667,0,0,0,13,52.93439998058602,recommendationservice|checkoutservice|adservice|frontend|cartservice,recommendationservice_latency-90,0.9,6,6,0.8966666666666666,0.9033333333333333,6,6,6,0.9,baseline-v2-20260723,cd270e7871bd358937d83d9a49829637fa80007d2964084ef229f578e3733bd3,ba75425861a059dafcc477474fc3e4ed1eafdc2b47d6fdd0557337035d29a960,786b68c56671019577f9316418dd21c8527415b8142fbb72f43c94ccd68d1093,580162,1716143232000000000,300
OB/productcatalogservice_loss/5,OB,productcatalogservice,loss,5,300,300,burst,0.1,6,0.1,baro,5,0.2,0.2,0.3333333333333333,0,0,1,13,85.40039998479187,recommendationservice|checkoutservice|adservice|frontend|productcatalogservice,recommendationservice_latency-90,0.9,6,6,0.9155555555555556,0.8844444444444445,6,6,6,0.9,baseline-v2-20260723,cd270e7871bd358937d83d9a49829637fa80007d2964084ef229f578e3733bd3,ba75425861a059dafcc477474fc3e4ed1eafdc2b47d6fdd0557337035d29a960,786b68c56671019577f9316418dd21c8527415b8142fbb72f43c94ccd68d1093,580162,1716143232000000000,300
OB/productcatalogservice_loss/5,OB,productcatalogservice,loss,5,300,300,burst,0.1,6,0.1,median_shift,5,0.2,0.2,0.3333333333333333,0,0,1,13,17.27690000552684,recommendationservice|checkoutservice|frontend|adservice|productcatalogservice,recommendationservice_mem,0.9,6,6,0.9155555555555556,0.8844444444444445,6,6,6,0.9,baseline-v2-20260723,cd270e7871bd358937d83d9a49829637fa80007d2964084ef229f578e3733bd3,ba75425861a059dafcc477474fc3e4ed1eafdc2b47d6fdd0557337035d29a960,786b68c56671019577f9316418dd21c8527415b8142fbb72f43c94ccd68d1093,580162,1716143232000000000,300
OB/productcatalogservice_loss/5,OB,productcatalogservice,loss,5,300,300,burst,0.1,6,0.1,nsigma,5,0.2,0.2,0.3333333333333333,0,0,1,13,51.810999982990324,recommendationservice|checkoutservice|adservice|frontend|productcatalogservice,recommendationservice_latency-90,0.9,6,6,0.9155555555555556,0.8844444444444445,6,6,6,0.9,baseline-v2-20260723,cd270e7871bd358937d83d9a49829637fa80007d2964084ef229f578e3733bd3,ba75425861a059dafcc477474fc3e4ed1eafdc2b47d6fdd0557337035d29a960,786b68c56671019577f9316418dd21c8527415b8142fbb72f43c94ccd68d1093,580162,1716143232000000000,300
OB/productcatalogservice_loss/5,OB,productcatalogservice,loss,5,300,300,burst,0.1,7,0.1,baro,6,0.16666666666666666,0.0,0.4166666666666667,0,0,0,13,76.83230005204678,cartservice|recommendationservice|checkoutservice|adservice|frontend,cartservice_latency-90,0.9,6,6,0.8966666666666666,0.9033333333333333,6,6,6,0.9,baseline-v2-20260723,cd270e7871bd358937d83d9a49829637fa80007d2964084ef229f578e3733bd3,ba75425861a059dafcc477474fc3e4ed1eafdc2b47d6fdd0557337035d29a960,786b68c56671019577f9316418dd21c8527415b8142fbb72f43c94ccd68d1093,580162,1716143232000000000,300
OB/productcatalogservice_loss/5,OB,productcatalogservice,loss,5,300,300,burst,0.1,7,0.1,median_shift,5,0.2,0.2,0.3333333333333333,0,0,1,13,19.372299953829497,recommendationservice|checkoutservice|frontend|adservice|productcatalogservice,recommendationservice_mem,0.9,6,6,0.8966666666666666,0.9033333333333333,6,6,6,0.9,baseline-v2-20260723,cd270e7871bd358937d83d9a49829637fa80007d2964084ef229f578e3733bd3,ba75425861a059dafcc477474fc3e4ed1eafdc2b47d6fdd0557337035d29a960,786b68c56671019577f9316418dd21c8527415b8142fbb72f43c94ccd68d1093,580162,1716143232000000000,300
OB/productcatalogservice_loss/5,OB,productcatalogservice,loss,5,300,300,burst,0.1,7,0.1,nsigma,6,0.16666666666666666,0.0,0.4166666666666667,0,0,0,13,65.11820002924651,recommendationservice|checkoutservice|adservice|frontend|cartservice,recommendationservice_latency-90,0.9,6,6,0.8966666666666666,0.9033333333333333,6,6,6,0.9,baseline-v2-20260723,cd270e7871bd358937d83d9a49829637fa80007d2964084ef229f578e3733bd3,ba75425861a059dafcc477474fc3e4ed1eafdc2b47d6fdd0557337035d29a960,786b68c56671019577f9316418dd21c8527415b8142fbb72f43c94ccd68d1093,580162,1716143232000000000,300
OB/productcatalogservice_loss/5,OB,productcatalogservice,loss,5,300,300,burst,0.1,8,0.1,baro,6,0.16666666666666666,0.0,0.4166666666666667,0,0,0,13,74.25730000250041,cartservice|recommendationservice|checkoutservice|frontend|adservice,cartservice_latency-90,0.9,6,6,0.8666666666666667,0.9333333333333333,6,6,6,0.9,baseline-v2-20260723,cd270e7871bd358937d83d9a49829637fa80007d2964084ef229f578e3733bd3,ba75425861a059dafcc477474fc3e4ed1eafdc2b47d6fdd0557337035d29a960,786b68c56671019577f9316418dd21c8527415b8142fbb72f43c94ccd68d1093,580162,1716143232000000000,300
OB/productcatalogservice_loss/5,OB,productcatalogservice,loss,5,300,300,burst,0.1,8,0.1,median_shift,5,0.2,0.2,0.3333333333333333,0,0,1,13,13.579500024206936,recommendationservice|checkoutservice|frontend|adservice|productcatalogservice,recommendationservice_latency-90,0.9,6,6,0.8666666666666667,0.9333333333333333,6,6,6,0.9,baseline-v2-20260723,cd270e7871bd358937d83d9a49829637fa80007d2964084ef229f578e3733bd3,ba75425861a059dafcc477474fc3e4ed1eafdc2b47d6fdd0557337035d29a960,786b68c56671019577f9316418dd21c8527415b8142fbb72f43c94ccd68d1093,580162,1716143232000000000,300
OB/productcatalogservice_loss/5,OB,productcatalogservice,loss,5,300,300,burst,0.1,8,0.1,nsigma,6,0.16666666666666666,0.0,0.4166666666666667,0,0,0,13,60.75940001755953,recommendationservice|checkoutservice|adservice|frontend|cartservice,recommendationservice_latency-90,0.9,6,6,0.8666666666666667,0.9333333333333333,6,6,6,0.9,baseline-v2-20260723,cd270e7871bd358937d83d9a49829637fa80007d2964084ef229f578e3733bd3,ba75425861a059dafcc477474fc3e4ed1eafdc2b47d6fdd0557337035d29a960,786b68c56671019577f9316418dd21c8527415b8142fbb72f43c94ccd68d1093,580162,1716143232000000000,300
OB/productcatalogservice_loss/5,OB,productcatalogservice,loss,5,300,300,burst,0.1,9,0.1,baro,8,0.125,0.0,0.5833333333333334,0,0,0,13,62.61130003258586,cartservice|recommendationservice|checkoutservice|frontend|adservice,cartservice_latency-90,0.9,6,6,0.9311111111111111,0.8688888888888889,6,6,6,0.9,baseline-v2-20260723,cd270e7871bd358937d83d9a49829637fa80007d2964084ef229f578e3733bd3,ba75425861a059dafcc477474fc3e4ed1eafdc2b47d6fdd0557337035d29a960,786b68c56671019577f9316418dd21c8527415b8142fbb72f43c94ccd68d1093,580162,1716143232000000000,300
OB/productcatalogservice_loss/5,OB,productcatalogservice,loss,5,300,300,burst,0.1,9,0.1,median_shift,4,0.25,0.4,0.25,0,0,1,13,15.291100018657744,recommendationservice|checkoutservice|frontend|productcatalogservice|adservice,recommendationservice_mem,0.9,6,6,0.9311111111111111,0.8688888888888889,6,6,6,0.9,baseline-v2-20260723,cd270e7871bd358937d83d9a49829637fa80007d2964084ef229f578e3733bd3,ba75425861a059dafcc477474fc3e4ed1eafdc2b47d6fdd0557337035d29a960,786b68c56671019577f9316418dd21c8527415b8142fbb72f43c94ccd68d1093,580162,1716143232000000000,300
OB/productcatalogservice_loss/5,OB,productcatalogservice,loss,5,300,300,burst,0.1,9,0.1,nsigma,6,0.16666666666666666,0.0,0.4166666666666667,0,0,0,13,53.19010000675917,recommendationservice|checkoutservice|adservice|frontend|cartservice,recommendationservice_latency-90,0.9,6,6,0.9311111111111111,0.8688888888888889,6,6,6,0.9,baseline-v2-20260723,cd270e7871bd358937d83d9a49829637fa80007d2964084ef229f578e3733bd3,ba75425861a059dafcc477474fc3e4ed1eafdc2b47d6fdd0557337035d29a960,786b68c56671019577f9316418dd21c8527415b8142fbb72f43c94ccd68d1093,580162,1716143232000000000,300
OB/productcatalogservice_loss/5,OB,productcatalogservice,loss,5,300,300,burst,0.3,0,0.3,baro,5,0.2,0.2,0.3333333333333333,0,0,1,13,78.21200002217665,cartservice|adservice|checkoutservice|recommendationservice|productcatalogservice,cartservice_latency-90,0.7,6,6,0.6694444444444444,0.7305555555555555,6,6,6,0.7,baseline-v2-20260723,cd270e7871bd358937d83d9a49829637fa80007d2964084ef229f578e3733bd3,ba75425861a059dafcc477474fc3e4ed1eafdc2b47d6fdd0557337035d29a960,786b68c56671019577f9316418dd21c8527415b8142fbb72f43c94ccd68d1093,580162,1716143232000000000,300
OB/productcatalogservice_loss/5,OB,productcatalogservice,loss,5,300,300,burst,0.3,0,0.3,median_shift,5,0.2,0.2,0.3333333333333333,0,0,1,13,14.467100030742586,checkoutservice|adservice|recommendationservice|frontend|productcatalogservice,checkoutservice_latency-90,0.7,6,6,0.6694444444444444,0.7305555555555555,6,6,6,0.7,baseline-v2-20260723,cd270e7871bd358937d83d9a49829637fa80007d2964084ef229f578e3733bd3,ba75425861a059dafcc477474fc3e4ed1eafdc2b47d6fdd0557337035d29a960,786b68c56671019577f9316418dd21c8527415b8142fbb72f43c94ccd68d1093,580162,1716143232000000000,300
OB/productcatalogservice_loss/5,OB,productcatalogservice,loss,5,300,300,burst,0.3,0,0.3,nsigma,6,0.16666666666666666,0.0,0.4166666666666667,0,0,0,13,78.90829996904358,checkoutservice|recommendationservice|adservice|frontend|cartservice,checkoutservice_latency-90,0.7,6,6,0.6694444444444444,0.7305555555555555,6,6,6,0.7,baseline-v2-20260723,cd270e7871bd358937d83d9a49829637fa80007d2964084ef229f578e3733bd3,ba75425861a059dafcc477474fc3e4ed1eafdc2b47d6fdd0557337035d29a960,786b68c56671019577f9316418dd21c8527415b8142fbb72f43c94ccd68d1093,580162,1716143232000000000,300
OB/productcatalogservice_loss/5,OB,productcatalogservice,loss,5,300,300,burst,0.3,1,0.3,baro,9,0.1111111111111111,0.0,0.6666666666666666,0,0,0,13,65.21529995370656,recommendationservice|shippingservice|checkoutservice|adservice|frontend,recommendationservice_latency-50,0.7,6,6,0.7572222222222222,0.6427777777777778,6,6,6,0.7,baseline-v2-20260723,cd270e7871bd358937d83d9a49829637fa80007d2964084ef229f578e3733bd3,ba75425861a059dafcc477474fc3e4ed1eafdc2b47d6fdd0557337035d29a960,786b68c56671019577f9316418dd21c8527415b8142fbb72f43c94ccd68d1093,580162,1716143232000000000,300
OB/productcatalogservice_loss/5,OB,productcatalogservice,loss,5,300,300,burst,0.3,1,0.3,median_shift,5,0.2,0.2,0.3333333333333333,0,0,1,13,24.07630003290251,recommendationservice|checkoutservice|frontend|adservice|productcatalogservice,recommendationservice_mem,0.7,6,6,0.7572222222222222,0.6427777777777778,6,6,6,0.7,baseline-v2-20260723,cd270e7871bd358937d83d9a49829637fa80007d2964084ef229f578e3733bd3,ba75425861a059dafcc477474fc3e4ed1eafdc2b47d6fdd0557337035d29a960,786b68c56671019577f9316418dd21c8527415b8142fbb72f43c94ccd68d1093,580162,1716143232000000000,300
OB/productcatalogservice_loss/5,OB,productcatalogservice,loss,5,300,300,burst,0.3,1,0.3,nsigma,5,0.2,0.2,0.3333333333333333,0,0,1,13,50.360299996100366,checkoutservice|recommendationservice|adservice|frontend|productcatalogservice,checkoutservice_latency-90,0.7,6,6,0.7572222222222222,0.6427777777777778,6,6,6,0.7,baseline-v2-20260723,cd270e7871bd358937d83d9a49829637fa80007d2964084ef229f578e3733bd3,ba75425861a059dafcc477474fc3e4ed1eafdc2b47d6fdd0557337035d29a960,786b68c56671019577f9316418dd21c8527415b8142fbb72f43c94ccd68d1093,580162,1716143232000000000,300
OB/productcatalogservice_loss/5,OB,productcatalogservice,loss,5,300,300,burst,0.3,2,0.3,baro,7,0.14285714285714285,0.0,0.5,0,0,0,13,73.3710000058636,cartservice|currencyservice|recommendationservice|checkoutservice|adservice,cartservice_latency-90,0.7,6,6,0.6272222222222222,0.7727777777777778,6,6,6,0.7,baseline-v2-20260723,cd270e7871bd358937d83d9a49829637fa80007d2964084ef229f578e3733bd3,ba75425861a059dafcc477474fc3e4ed1eafdc2b47d6fdd0557337035d29a960,786b68c56671019577f9316418dd21c8527415b8142fbb72f43c94ccd68d1093,580162,1716143232000000000,300
OB/productcatalogservice_loss/5,OB,productcatalogservice,loss,5,300,300,burst,0.3,2,0.3,median_shift,6,0.16666666666666666,0.0,0.4166666666666667,0,0,0,13,16.59539999673143,checkoutservice|recommendationservice|adservice|frontend|main,checkoutservice_latency-90,0.7,6,6,0.6272222222222222,0.7727777777777778,6,6,6,0.7,baseline-v2-20260723,cd270e7871bd358937d83d9a49829637fa80007d2964084ef229f578e3733bd3,ba75425861a059dafcc477474fc3e4ed1eafdc2b47d6fdd0557337035d29a960,786b68c56671019577f9316418dd21c8527415b8142fbb72f43c94ccd68d1093,580162,1716143232000000000,300
OB/productcatalogservice_loss/5,OB,productcatalogservice,loss,5,300,300,burst,0.3,2,0.3,nsigma,7,0.14285714285714285,0.0,0.5,0,0,0,13,66.15529995178804,cartservice|checkoutservice|recommendationservice|adservice|frontend,cartservice_latency-90,0.7,6,6,0.6272222222222222,0.7727777777777778,6,6,6,0.7,baseline-v2-20260723,cd270e7871bd358937d83d9a49829637fa80007d2964084ef229f578e3733bd3,ba75425861a059dafcc477474fc3e4ed1eafdc2b47d6fdd0557337035d29a960,786b68c56671019577f9316418dd21c8527415b8142fbb72f43c94ccd68d1093,580162,1716143232000000000,300
OB/productcatalogservice_loss/5,OB,productcatalogservice,loss,5,300,300,burst,0.3,3,0.3,baro,8,0.125,0.0,0.5833333333333334,0,0,0,13,63.212100008968264,cartservice|recommendationservice|checkoutservice|frontend|adservice,cartservice_latency-90,0.7,6,6,0.8044444444444444,0.5955555555555555,6,6,6,0.7,baseline-v2-20260723,cd270e7871bd358937d83d9a49829637fa80007d2964084ef229f578e3733bd3,ba75425861a059dafcc477474fc3e4ed1eafdc2b47d6fdd0557337035d29a960,786b68c56671019577f9316418dd21c8527415b8142fbb72f43c94ccd68d1093,580162,1716143232000000000,300
OB/productcatalogservice_loss/5,OB,productcatalogservice,loss,5,300,300,burst,0.3,3,0.3,median_shift,5,0.2,0.2,0.3333333333333333,0,0,1,13,14.795800030697137,recommendationservice|checkoutservice|frontend|adservice|productcatalogservice,recommendationservice_mem,0.7,6,6,0.8044444444444444,0.5955555555555555,6,6,6,0.7,baseline-v2-20260723,cd270e7871bd358937d83d9a49829637fa80007d2964084ef229f578e3733bd3,ba75425861a059dafcc477474fc3e4ed1eafdc2b47d6fdd0557337035d29a960,786b68c56671019577f9316418dd21c8527415b8142fbb72f43c94ccd68d1093,580162,1716143232000000000,300
OB/productcatalogservice_loss/5,OB,productcatalogservice,loss,5,300,300,burst,0.3,3,0.3,nsigma,6,0.16666666666666666,0.0,0.4166666666666667,0,0,0,13,72.76469998760149,cartservice|recommendationservice|checkoutservice|frontend|adservice,cartservice_latency-90,0.7,6,6,0.8044444444444444,0.5955555555555555,6,6,6,0.7,baseline-v2-20260723,cd270e7871bd358937d83d9a49829637fa80007d2964084ef229f578e3733bd3,ba75425861a059dafcc477474fc3e4ed1eafdc2b47d6fdd0557337035d29a960,786b68c56671019577f9316418dd21c8527415b8142fbb72f43c94ccd68d1093,580162,1716143232000000000,300
OB/productcatalogservice_loss/5,OB,productcatalogservice,loss,5,300,300,burst,0.3,4,0.3,baro,7,0.14285714285714285,0.0,0.5,0,0,0,13,63.23940004222095,recommendationservice|adservice|cartservice|frontend|shippingservice,recommendationservice_latency-90,0.7,6,6,0.6622222222222223,0.7377777777777778,6,6,6,0.7,baseline-v2-20260723,cd270e7871bd358937d83d9a49829637fa80007d2964084ef229f578e3733bd3,ba75425861a059dafcc477474fc3e4ed1eafdc2b47d6fdd0557337035d29a960,786b68c56671019577f9316418dd21c8527415b8142fbb72f43c94ccd68d1093,580162,1716143232000000000,300
OB/productcatalogservice_loss/5,OB,productcatalogservice,loss,5,300,300,burst,0.3,4,0.3,median_shift,6,0.16666666666666666,0.0,0.4166666666666667,0,0,0,13,23.157000017818063,recommendationservice|checkoutservice|adservice|frontend|main,recommendationservice_mem,0.7,6,6,0.6622222222222223,0.7377777777777778,6,6,6,0.7,baseline-v2-20260723,cd270e7871bd358937d83d9a49829637fa80007d2964084ef229f578e3733bd3,ba75425861a059dafcc477474fc3e4ed1eafdc2b47d6fdd0557337035d29a960,786b68c56671019577f9316418dd21c8527415b8142fbb72f43c94ccd68d1093,580162,1716143232000000000,300
OB/productcatalogservice_loss/5,OB,productcatalogservice,loss,5,300,300,burst,0.3,4,0.3,nsigma,7,0.14285714285714285,0.0,0.5,0,0,0,13,70.49329997971654,cartservice|checkoutservice|recommendationservice|adservice|frontend,cartservice_latency-90,0.7,6,6,0.6622222222222223,0.7377777777777778,6,6,6,0.7,baseline-v2-20260723,cd270e7871bd358937d83d9a49829637fa80007d2964084ef229f578e3733bd3,ba75425861a059dafcc477474fc3e4ed1eafdc2b47d6fdd0557337035d29a960,786b68c56671019577f9316418dd21c8527415b8142fbb72f43c94ccd68d1093,580162,1716143232000000000,300
OB/productcatalogservice_loss/5,OB,productcatalogservice,loss,5,300,300,burst,0.3,5,0.3,baro,2,0.5,0.8,0.08333333333333333,0,1,1,13,64.08069998724386,recommendationservice|productcatalogservice|adservice|frontend|emailservice,recommendationservice_latency-90,0.7,6,6,0.6372222222222222,0.7627777777777778,6,6,6,0.7,baseline-v2-20260723,cd270e7871bd358937d83d9a49829637fa80007d2964084ef229f578e3733bd3,ba75425861a059dafcc477474fc3e4ed1eafdc2b47d6fdd0557337035d29a960,786b68c56671019577f9316418dd21c8527415b8142fbb72f43c94ccd68d1093,580162,1716143232000000000,300
OB/productcatalogservice_loss/5,OB,productcatalogservice,loss,5,300,300,burst,0.3,5,0.3,median_shift,5,0.2,0.2,0.3333333333333333,0,0,1,13,11.359700001776218,recommendationservice|checkoutservice|frontend|adservice|productcatalogservice,recommendationservice_mem,0.7,6,6,0.6372222222222222,0.7627777777777778,6,6,6,0.7,baseline-v2-20260723,cd270e7871bd358937d83d9a49829637fa80007d2964084ef229f578e3733bd3,ba75425861a059dafcc477474fc3e4ed1eafdc2b47d6fdd0557337035d29a960,786b68c56671019577f9316418dd21c8527415b8142fbb72f43c94ccd68d1093,580162,1716143232000000000,300
OB/productcatalogservice_loss/5,OB,productcatalogservice,loss,5,300,300,burst,0.3,5,0.3,nsigma,5,0.2,0.2,0.3333333333333333,0,0,1,13,66.00829999661073,checkoutservice|recommendationservice|adservice|frontend|productcatalogservice,checkoutservice_latency-90,0.7,6,6,0.6372222222222222,0.7627777777777778,6,6,6,0.7,baseline-v2-20260723,cd270e7871bd358937d83d9a49829637fa80007d2964084ef229f578e3733bd3,ba75425861a059dafcc477474fc3e4ed1eafdc2b47d6fdd0557337035d29a960,786b68c56671019577f9316418dd21c8527415b8142fbb72f43c94ccd68d1093,580162,1716143232000000000,300
OB/productcatalogservice_loss/5,OB,productcatalogservice,loss,5,300,300,burst,0.3,6,0.3,baro,6,0.16666666666666666,0.0,0.4166666666666667,0,0,0,13,85.92580002732575,cartservice|adservice|recommendationservice|checkoutservice|frontend,cartservice_latency-90,0.7,6,6,0.6477777777777778,0.7522222222222222,6,6,6,0.7,baseline-v2-20260723,cd270e7871bd358937d83d9a49829637fa80007d2964084ef229f578e3733bd3,ba75425861a059dafcc477474fc3e4ed1eafdc2b47d6fdd0557337035d29a960,786b68c56671019577f9316418dd21c8527415b8142fbb72f43c94ccd68d1093,580162,1716143232000000000,300
OB/productcatalogservice_loss/5,OB,productcatalogservice,loss,5,300,300,burst,0.3,6,0.3,median_shift,5,0.2,0.2,0.3333333333333333,0,0,1,13,10.926600021775812,checkoutservice|recommendationservice|adservice|frontend|productcatalogservice,checkoutservice_latency-90,0.7,6,6,0.6477777777777778,0.7522222222222222,6,6,6,0.7,baseline-v2-20260723,cd270e7871bd358937d83d9a49829637fa80007d2964084ef229f578e3733bd3,ba75425861a059dafcc477474fc3e4ed1eafdc2b47d6fdd0557337035d29a960,786b68c56671019577f9316418dd21c8527415b8142fbb72f43c94ccd68d1093,580162,1716143232000000000,300
OB/productcatalogservice_loss/5,OB,productcatalogservice,loss,5,300,300,burst,0.3,6,0.3,nsigma,6,0.16666666666666666,0.0,0.4166666666666667,0,0,0,13,64.14199998835102,cartservice|recommendationservice|checkoutservice|adservice|frontend,cartservice_latency-90,0.7,6,6,0.6477777777777778,0.7522222222222222,6,6,6,0.7,baseline-v2-20260723,cd270e7871bd358937d83d9a49829637fa80007d2964084ef229f578e3733bd3,ba75425861a059dafcc477474fc3e4ed1eafdc2b47d6fdd0557337035d29a960,786b68c56671019577f9316418dd21c8527415b8142fbb72f43c94ccd68d1093,580162,1716143232000000000,300
OB/productcatalogservice_loss/5,OB,productcatalogservice,loss,5,300,300,burst,0.3,7,0.3,baro,9,0.1111111111111111,0.0,0.6666666666666666,0,0,0,13,84.80559999588877,cartservice|recommendationservice|frontend-external|checkoutservice|frontend,cartservice_latency-90,0.7,6,6,0.8927777777777778,0.5072222222222222,6,6,6,0.7,baseline-v2-20260723,cd270e7871bd358937d83d9a49829637fa80007d2964084ef229f578e3733bd3,ba75425861a059dafcc477474fc3e4ed1eafdc2b47d6fdd0557337035d29a960,786b68c56671019577f9316418dd21c8527415b8142fbb72f43c94ccd68d1093,580162,1716143232000000000,300
OB/productcatalogservice_loss/5,OB,productcatalogservice,loss,5,300,300,burst,0.3,7,0.3,median_shift,4,0.25,0.4,0.25,0,0,1,13,23.066299967467785,recommendationservice|checkoutservice|frontend|productcatalogservice|adservice,recommendationservice_mem,0.7,6,6,0.8927777777777778,0.5072222222222222,6,6,6,0.7,baseline-v2-20260723,cd270e7871bd358937d83d9a49829637fa80007d2964084ef229f578e3733bd3,ba75425861a059dafcc477474fc3e4ed1eafdc2b47d6fdd0557337035d29a960,786b68c56671019577f9316418dd21c8527415b8142fbb72f43c94ccd68d1093,580162,1716143232000000000,300
OB/productcatalogservice_loss/5,OB,productcatalogservice,loss,5,300,300,burst,0.3,7,0.3,nsigma,7,0.14285714285714285,0.0,0.5,0,0,0,13,74.13780002389103,cartservice|recommendationservice|checkoutservice|frontend|adservice,cartservice_latency-90,0.7,6,6,0.8927777777777778,0.5072222222222222,6,6,6,0.7,baseline-v2-20260723,cd270e7871bd358937d83d9a49829637fa80007d2964084ef229f578e3733bd3,ba75425861a059dafcc477474fc3e4ed1eafdc2b47d6fdd0557337035d29a960,786b68c56671019577f9316418dd21c8527415b8142fbb72f43c94ccd68d1093,580162,1716143232000000000,300
OB/productcatalogservice_loss/5,OB,productcatalogservice,loss,5,300,300,burst,0.3,8,0.3,baro,1,1.0,1.0,0.0,1,1,1,13,67.36360001377761,productcatalogservice|cartservice|checkoutservice|currencyservice|recommendationservice,productcatalogservice_latency-50,0.7,6,6,0.6138888888888889,0.7861111111111111,6,6,6,0.7,baseline-v2-20260723,cd270e7871bd358937d83d9a49829637fa80007d2964084ef229f578e3733bd3,ba75425861a059dafcc477474fc3e4ed1eafdc2b47d6fdd0557337035d29a960,786b68c56671019577f9316418dd21c8527415b8142fbb72f43c94ccd68d1093,580162,1716143232000000000,300
OB/productcatalogservice_loss/5,OB,productcatalogservice,loss,5,300,300,burst,0.3,8,0.3,median_shift,6,0.16666666666666666,0.0,0.4166666666666667,0,0,0,13,11.306700005661696,checkoutservice|recommendationservice|main|adservice|frontend,checkoutservice_latency-90,0.7,6,6,0.6138888888888889,0.7861111111111111,6,6,6,0.7,baseline-v2-20260723,cd270e7871bd358937d83d9a49829637fa80007d2964084ef229f578e3733bd3,ba75425861a059dafcc477474fc3e4ed1eafdc2b47d6fdd0557337035d29a960,786b68c56671019577f9316418dd21c8527415b8142fbb72f43c94ccd68d1093,580162,1716143232000000000,300
OB/productcatalogservice_loss/5,OB,productcatalogservice,loss,5,300,300,burst,0.3,8,0.3,nsigma,6,0.16666666666666666,0.0,0.4166666666666667,0,0,0,13,64.3974999547936,cartservice|checkoutservice|recommendationservice|frontend|adservice,cartservice_latency-90,0.7,6,6,0.6138888888888889,0.7861111111111111,6,6,6,0.7,baseline-v2-20260723,cd270e7871bd358937d83d9a49829637fa80007d2964084ef229f578e3733bd3,ba75425861a059dafcc477474fc3e4ed1eafdc2b47d6fdd0557337035d29a960,786b68c56671019577f9316418dd21c8527415b8142fbb72f43c94ccd68d1093,580162,1716143232000000000,300
OB/productcatalogservice_loss/5,OB,productcatalogservice,loss,5,300,300,burst,0.3,9,0.3,baro,4,0.25,0.4,0.25,0,0,1,13,64.22980001661927,recommendationservice|checkoutservice|frontend|productcatalogservice|adservice,recommendationservice_latency-90,0.7,6,6,0.7,0.7,6,6,6,0.7,baseline-v2-20260723,cd270e7871bd358937d83d9a49829637fa80007d2964084ef229f578e3733bd3,ba75425861a059dafcc477474fc3e4ed1eafdc2b47d6fdd0557337035d29a960,786b68c56671019577f9316418dd21c8527415b8142fbb72f43c94ccd68d1093,580162,1716143232000000000,300
OB/productcatalogservice_loss/5,OB,productcatalogservice,loss,5,300,300,burst,0.3,9,0.3,median_shift,4,0.25,0.4,0.25,0,0,1,13,10.994500014930964,checkoutservice|recommendationservice|frontend|productcatalogservice|main,checkoutservice_latency-90,0.7,6,6,0.7,0.7,6,6,6,0.7,baseline-v2-20260723,cd270e7871bd358937d83d9a49829637fa80007d2964084ef229f578e3733bd3,ba75425861a059dafcc477474fc3e4ed1eafdc2b47d6fdd0557337035d29a960,786b68c56671019577f9316418dd21c8527415b8142fbb72f43c94ccd68d1093,580162,1716143232000000000,300
OB/productcatalogservice_loss/5,OB,productcatalogservice,loss,5,300,300,burst,0.3,9,0.3,nsigma,5,0.2,0.2,0.3333333333333333,0,0,1,13,50.422600004822016,recommendationservice|checkoutservice|frontend|adservice|productcatalogservice,recommendationservice_latency-90,0.7,6,6,0.7,0.7,6,6,6,0.7,baseline-v2-20260723,cd270e7871bd358937d83d9a49829637fa80007d2964084ef229f578e3733bd3,ba75425861a059dafcc477474fc3e4ed1eafdc2b47d6fdd0557337035d29a960,786b68c56671019577f9316418dd21c8527415b8142fbb72f43c94ccd68d1093,580162,1716143232000000000,300
OB/productcatalogservice_loss/5,OB,productcatalogservice,loss,5,300,300,burst,0.5,0,0.5,baro,7,0.14285714285714285,0.0,0.5,0,0,0,13,84.61200003512204,currencyservice|checkoutservice|frontend-external|frontend|shippingservice,currencyservice_workload,0.5,6,6,0.37277777777777776,0.6272222222222222,6,6,6,0.5,baseline-v2-20260723,cd270e7871bd358937d83d9a49829637fa80007d2964084ef229f578e3733bd3,ba75425861a059dafcc477474fc3e4ed1eafdc2b47d6fdd0557337035d29a960,786b68c56671019577f9316418dd21c8527415b8142fbb72f43c94ccd68d1093,580162,1716143232000000000,300
OB/productcatalogservice_loss/5,OB,productcatalogservice,loss,5,300,300,burst,0.5,0,0.5,median_shift,6,0.16666666666666666,0.0,0.4166666666666667,0,0,0,13,11.862299987114966,main|checkoutservice|recommendationservice|frontend|adservice,main_mem,0.5,6,6,0.37277777777777776,0.6272222222222222,6,6,6,0.5,baseline-v2-20260723,cd270e7871bd358937d83d9a49829637fa80007d2964084ef229f578e3733bd3,ba75425861a059dafcc477474fc3e4ed1eafdc2b47d6fdd0557337035d29a960,786b68c56671019577f9316418dd21c8527415b8142fbb72f43c94ccd68d1093,580162,1716143232000000000,300
OB/productcatalogservice_loss/5,OB,productcatalogservice,loss,5,300,300,burst,0.5,0,0.5,nsigma,8,0.125,0.0,0.5833333333333334,0,0,0,13,55.95030001131818,recommendationservice|checkoutservice|main|frontend|adservice,recommendationservice_mem,0.5,6,6,0.37277777777777776,0.6272222222222222,6,6,6,0.5,baseline-v2-20260723,cd270e7871bd358937d83d9a49829637fa80007d2964084ef229f578e3733bd3,ba75425861a059dafcc477474fc3e4ed1eafdc2b47d6fdd0557337035d29a960,786b68c56671019577f9316418dd21c8527415b8142fbb72f43c94ccd68d1093,580162,1716143232000000000,300
OB/productcatalogservice_loss/5,OB,productcatalogservice,loss,5,300,300,burst,0.5,1,0.5,baro,1,1.0,1.0,0.0,1,1,1,13,77.42980000330135,productcatalogservice|recommendationservice|checkoutservice|frontend-external|adservice,productcatalogservice_workload,0.5,6,6,0.4538888888888889,0.5461111111111111,6,6,6,0.5,baseline-v2-20260723,cd270e7871bd358937d83d9a49829637fa80007d2964084ef229f578e3733bd3,ba75425861a059dafcc477474fc3e4ed1eafdc2b47d6fdd0557337035d29a960,786b68c56671019577f9316418dd21c8527415b8142fbb72f43c94ccd68d1093,580162,1716143232000000000,300
OB/productcatalogservice_loss/5,OB,productcatalogservice,loss,5,300,300,burst,0.5,1,0.5,median_shift,7,0.14285714285714285,0.0,0.5,0,0,0,13,10.76239999383688,main|recommendationservice|checkoutservice|frontend|adservice,main_mem,0.5,6,6,0.4538888888888889,0.5461111111111111,6,6,6,0.5,baseline-v2-20260723,cd270e7871bd358937d83d9a49829637fa80007d2964084ef229f578e3733bd3,ba75425861a059dafcc477474fc3e4ed1eafdc2b47d6fdd0557337035d29a960,786b68c56671019577f9316418dd21c8527415b8142fbb72f43c94ccd68d1093,580162,1716143232000000000,300
OB/productcatalogservice_loss/5,OB,productcatalogservice,loss,5,300,300,burst,0.5,1,0.5,nsigma,10,0.1,0.0,0.75,0,0,0,13,66.10190001083538,recommendationservice|checkoutservice|currencyservice|paymentservice|adservice,recommendationservice_latency-90,0.5,6,6,0.4538888888888889,0.5461111111111111,6,6,6,0.5,baseline-v2-20260723,cd270e7871bd358937d83d9a49829637fa80007d2964084ef229f578e3733bd3,ba75425861a059dafcc477474fc3e4ed1eafdc2b47d6fdd0557337035d29a960,786b68c56671019577f9316418dd21c8527415b8142fbb72f43c94ccd68d1093,580162,1716143232000000000,300
OB/productcatalogservice_loss/5,OB,productcatalogservice,loss,5,300,300,burst,0.5,2,0.5,baro,8,0.125,0.0,0.5833333333333334,0,0,0,13,63.32850002218038,currencyservice|paymentservice|checkoutservice|frontend|recommendationservice,currencyservice_workload,0.5,6,6,0.3883333333333333,0.6116666666666667,6,6,6,0.5,baseline-v2-20260723,cd270e7871bd358937d83d9a49829637fa80007d2964084ef229f578e3733bd3,ba75425861a059dafcc477474fc3e4ed1eafdc2b47d6fdd0557337035d29a960,786b68c56671019577f9316418dd21c8527415b8142fbb72f43c94ccd68d1093,580162,1716143232000000000,300
OB/productcatalogservice_loss/5,OB,productcatalogservice,loss,5,300,300,burst,0.5,2,0.5,median_shift,6,0.16666666666666666,0.0,0.4166666666666667,0,0,0,13,12.06909999018535,redis|recommendationservice|checkoutservice|adservice|frontend,redis_mem,0.5,6,6,0.3883333333333333,0.6116666666666667,6,6,6,0.5,baseline-v2-20260723,cd270e7871bd358937d83d9a49829637fa80007d2964084ef229f578e3733bd3,ba75425861a059dafcc477474fc3e4ed1eafdc2b47d6fdd0557337035d29a960,786b68c56671019577f9316418dd21c8527415b8142fbb72f43c94ccd68d1093,580162,1716143232000000000,300
OB/productcatalogservice_loss/5,OB,productcatalogservice,loss,5,300,300,burst,0.5,2,0.5,nsigma,3,0.3333333333333333,0.6,0.16666666666666666,0,1,1,13,66.92810001550242,recommendationservice|checkoutservice|productcatalogservice|adservice|frontend,recommendationservice_latency-90,0.5,6,6,0.3883333333333333,0.6116666666666667,6,6,6,0.5,baseline-v2-20260723,cd270e7871bd358937d83d9a49829637fa80007d2964084ef229f578e3733bd3,ba75425861a059dafcc477474fc3e4ed1eafdc2b47d6fdd0557337035d29a960,786b68c56671019577f9316418dd21c8527415b8142fbb72f43c94ccd68d1093,580162,1716143232000000000,300
OB/productcatalogservice_loss/5,OB,productcatalogservice,loss,5,300,300,burst,0.5,3,0.5,baro,8,0.125,0.0,0.5833333333333334,0,0,0,13,79.99030000064522,checkoutservice|cartservice|adservice|frontend|recommendationservice,checkoutservice_latency-90,0.5,6,6,0.4811111111111111,0.5188888888888888,6,6,6,0.5,baseline-v2-20260723,cd270e7871bd358937d83d9a49829637fa80007d2964084ef229f578e3733bd3,ba75425861a059dafcc477474fc3e4ed1eafdc2b47d6fdd0557337035d29a960,786b68c56671019577f9316418dd21c8527415b8142fbb72f43c94ccd68d1093,580162,1716143232000000000,300
OB/productcatalogservice_loss/5,OB,productcatalogservice,loss,5,300,300,burst,0.5,3,0.5,median_shift,7,0.14285714285714285,0.0,0.5,0,0,0,13,11.799099971540272,shippingservice|cartservice|checkoutservice|recommendationservice|frontend,shippingservice_mem,0.5,6,6,0.4811111111111111,0.5188888888888888,6,6,6,0.5,baseline-v2-20260723,cd270e7871bd358937d83d9a49829637fa80007d2964084ef229f578e3733bd3,ba75425861a059dafcc477474fc3e4ed1eafdc2b47d6fdd0557337035d29a960,786b68c56671019577f9316418dd21c8527415b8142fbb72f43c94ccd68d1093,580162,1716143232000000000,300
OB/productcatalogservice_loss/5,OB,productcatalogservice,loss,5,300,300,burst,0.5,3,0.5,nsigma,7,0.14285714285714285,0.0,0.5,0,0,0,13,55.509200028609484,cartservice|frontend|checkoutservice|recommendationservice|adservice,cartservice_latency-90,0.5,6,6,0.4811111111111111,0.5188888888888888,6,6,6,0.5,baseline-v2-20260723,cd270e7871bd358937d83d9a49829637fa80007d2964084ef229f578e3733bd3,ba75425861a059dafcc477474fc3e4ed1eafdc2b47d6fdd0557337035d29a960,786b68c56671019577f9316418dd21c8527415b8142fbb72f43c94ccd68d1093,580162,1716143232000000000,300
OB/productcatalogservice_loss/5,OB,productcatalogservice,loss,5,300,300,burst,0.5,4,0.5,baro,10,0.1,0.0,0.75,0,0,0,13,76.21019997168332,currencyservice|adservice|checkoutservice|recommendationservice|frontend,currencyservice_latency-90,0.5,6,6,0.4688888888888889,0.5311111111111111,6,6,6,0.5,baseline-v2-20260723,cd270e7871bd358937d83d9a49829637fa80007d2964084ef229f578e3733bd3,ba75425861a059dafcc477474fc3e4ed1eafdc2b47d6fdd0557337035d29a960,786b68c56671019577f9316418dd21c8527415b8142fbb72f43c94ccd68d1093,580162,1716143232000000000,300
OB/productcatalogservice_loss/5,OB,productcatalogservice,loss,5,300,300,burst,0.5,4,0.5,median_shift,6,0.16666666666666666,0.0,0.4166666666666667,0,0,0,13,10.692099982406944,checkoutservice|paymentservice|recommendationservice|adservice|frontend,checkoutservice_cpu,0.5,6,6,0.4688888888888889,0.5311111111111111,6,6,6,0.5,baseline-v2-20260723,cd270e7871bd358937d83d9a49829637fa80007d2964084ef229f578e3733bd3,ba75425861a059dafcc477474fc3e4ed1eafdc2b47d6fdd0557337035d29a960,786b68c56671019577f9316418dd21c8527415b8142fbb72f43c94ccd68d1093,580162,1716143232000000000,300
OB/productcatalogservice_loss/5,OB,productcatalogservice,loss,5,300,300,burst,0.5,4,0.5,nsigma,6,0.16666666666666666,0.0,0.4166666666666667,0,0,0,13,70.0819999910891,recommendationservice|checkoutservice|currencyservice|adservice|frontend,recommendationservice_latency-90,0.5,6,6,0.4688888888888889,0.5311111111111111,6,6,6,0.5,baseline-v2-20260723,cd270e7871bd358937d83d9a49829637fa80007d2964084ef229f578e3733bd3,ba75425861a059dafcc477474fc3e4ed1eafdc2b47d6fdd0557337035d29a960,786b68c56671019577f9316418dd21c8527415b8142fbb72f43c94ccd68d1093,580162,1716143232000000000,300
OB/productcatalogservice_loss/5,OB,productcatalogservice,loss,5,300,300,burst,0.5,5,0.5,baro,1,1.0,1.0,0.0,1,1,1,13,75.25350002106279,productcatalogservice|cartservice|checkoutservice|recommendationservice|adservice,productcatalogservice_workload,0.5,6,6,0.5722222222222222,0.42777777777777776,6,6,6,0.5,baseline-v2-20260723,cd270e7871bd358937d83d9a49829637fa80007d2964084ef229f578e3733bd3,ba75425861a059dafcc477474fc3e4ed1eafdc2b47d6fdd0557337035d29a960,786b68c56671019577f9316418dd21c8527415b8142fbb72f43c94ccd68d1093,580162,1716143232000000000,300
OB/productcatalogservice_loss/5,OB,productcatalogservice,loss,5,300,300,burst,0.5,5,0.5,median_shift,6,0.16666666666666666,0.0,0.4166666666666667,0,0,0,13,22.783699969295412,main|recommendationservice|checkoutservice|frontend|adservice,main_mem,0.5,6,6,0.5722222222222222,0.42777777777777776,6,6,6,0.5,baseline-v2-20260723,cd270e7871bd358937d83d9a49829637fa80007d2964084ef229f578e3733bd3,ba75425861a059dafcc477474fc3e4ed1eafdc2b47d6fdd0557337035d29a960,786b68c56671019577f9316418dd21c8527415b8142fbb72f43c94ccd68d1093,580162,1716143232000000000,300
OB/productcatalogservice_loss/5,OB,productcatalogservice,loss,5,300,300,burst,0.5,5,0.5,nsigma,6,0.16666666666666666,0.0,0.4166666666666667,0,0,0,13,52.033199986908585,recommendationservice|checkoutservice|frontend|adservice|cartservice,recommendationservice_latency-90,0.5,6,6,0.5722222222222222,0.42777777777777776,6,6,6,0.5,baseline-v2-20260723,cd270e7871bd358937d83d9a49829637fa80007d2964084ef229f578e3733bd3,ba75425861a059dafcc477474fc3e4ed1eafdc2b47d6fdd0557337035d29a960,786b68c56671019577f9316418dd21c8527415b8142fbb72f43c94ccd68d1093,580162,1716143232000000000,300
OB/productcatalogservice_loss/5,OB,productcatalogservice,loss,5,300,300,burst,0.5,6,0.5,baro,3,0.3333333333333333,0.6,0.16666666666666666,0,1,1,13,75.46879997244105,checkoutservice|adservice|productcatalogservice|currencyservice|cartservice,checkoutservice_latency-90,0.5,6,6,0.3211111111111111,0.6788888888888889,6,6,6,0.5,baseline-v2-20260723,cd270e7871bd358937d83d9a49829637fa80007d2964084ef229f578e3733bd3,ba75425861a059dafcc477474fc3e4ed1eafdc2b47d6fdd0557337035d29a960,786b68c56671019577f9316418dd21c8527415b8142fbb72f43c94ccd68d1093,580162,1716143232000000000,300
OB/productcatalogservice_loss/5,OB,productcatalogservice,loss,5,300,300,burst,0.5,6,0.5,median_shift,6,0.16666666666666666,0.0,0.4166666666666667,0,0,0,13,10.907999996561557,recommendationservice|checkoutservice|frontend|adservice|main,recommendationservice_cpu,0.5,6,6,0.3211111111111111,0.6788888888888889,6,6,6,0.5,baseline-v2-20260723,cd270e7871bd358937d83d9a49829637fa80007d2964084ef229f578e3733bd3,ba75425861a059dafcc477474fc3e4ed1eafdc2b47d6fdd0557337035d29a960,786b68c56671019577f9316418dd21c8527415b8142fbb72f43c94ccd68d1093,580162,1716143232000000000,300
OB/productcatalogservice_loss/5,OB,productcatalogservice,loss,5,300,300,burst,0.5,6,0.5,nsigma,5,0.2,0.2,0.3333333333333333,0,0,1,13,72.01149995671585,checkoutservice|recommendationservice|frontend|adservice|productcatalogservice,checkoutservice_latency-90,0.5,6,6,0.3211111111111111,0.6788888888888889,6,6,6,0.5,baseline-v2-20260723,cd270e7871bd358937d83d9a49829637fa80007d2964084ef229f578e3733bd3,ba75425861a059dafcc477474fc3e4ed1eafdc2b47d6fdd0557337035d29a960,786b68c56671019577f9316418dd21c8527415b8142fbb72f43c94ccd68d1093,580162,1716143232000000000,300
OB/productcatalogservice_loss/5,OB,productcatalogservice,loss,5,300,300,burst,0.5,7,0.5,baro,2,0.5,0.8,0.08333333333333333,0,1,1,13,62.521499989088625,recommendationservice|productcatalogservice|currencyservice|adservice|frontend,recommendationservice_latency-90,0.5,6,6,0.43333333333333335,0.5666666666666667,6,6,6,0.5,baseline-v2-20260723,cd270e7871bd358937d83d9a49829637fa80007d2964084ef229f578e3733bd3,ba75425861a059dafcc477474fc3e4ed1eafdc2b47d6fdd0557337035d29a960,786b68c56671019577f9316418dd21c8527415b8142fbb72f43c94ccd68d1093,580162,1716143232000000000,300
OB/productcatalogservice_loss/5,OB,productcatalogservice,loss,5,300,300,burst,0.5,7,0.5,median_shift,6,0.16666666666666666,0.0,0.4166666666666667,0,0,0,13,10.997699981089681,redis|checkoutservice|recommendationservice|frontend|adservice,redis_mem,0.5,6,6,0.43333333333333335,0.5666666666666667,6,6,6,0.5,baseline-v2-20260723,cd270e7871bd358937d83d9a49829637fa80007d2964084ef229f578e3733bd3,ba75425861a059dafcc477474fc3e4ed1eafdc2b47d6fdd0557337035d29a960,786b68c56671019577f9316418dd21c8527415b8142fbb72f43c94ccd68d1093,580162,1716143232000000000,300
OB/productcatalogservice_loss/5,OB,productcatalogservice,loss,5,300,300,burst,0.5,7,0.5,nsigma,4,0.25,0.4,0.25,0,0,1,13,52.07370000425726,cartservice|checkoutservice|recommendationservice|productcatalogservice|adservice,cartservice_latency-90,0.5,6,6,0.43333333333333335,0.5666666666666667,6,6,6,0.5,baseline-v2-20260723,cd270e7871bd358937d83d9a49829637fa80007d2964084ef229f578e3733bd3,ba75425861a059dafcc477474fc3e4ed1eafdc2b47d6fdd0557337035d29a960,786b68c56671019577f9316418dd21c8527415b8142fbb72f43c94ccd68d1093,580162,1716143232000000000,300
OB/productcatalogservice_loss/5,OB,productcatalogservice,loss,5,300,300,burst,0.5,8,0.5,baro,7,0.14285714285714285,0.0,0.5,0,0,0,13,83.39909999631345,currencyservice|cartservice|checkoutservice|frontend-external|recommendationservice,currencyservice_workload,0.5,6,6,0.45944444444444443,0.5405555555555556,5,6,5,0.5,baseline-v2-20260723,cd270e7871bd358937d83d9a49829637fa80007d2964084ef229f578e3733bd3,ba75425861a059dafcc477474fc3e4ed1eafdc2b47d6fdd0557337035d29a960,786b68c56671019577f9316418dd21c8527415b8142fbb72f43c94ccd68d1093,580162,1716143232000000000,300
OB/productcatalogservice_loss/5,OB,productcatalogservice,loss,5,300,300,burst,0.5,8,0.5,median_shift,8,0.125,0.0,0.5833333333333334,0,0,0,13,12.491000001318753,main|recommendationservice|checkoutservice|frontend|adservice,main_mem,0.5,6,6,0.45944444444444443,0.5405555555555556,5,6,5,0.5,baseline-v2-20260723,cd270e7871bd358937d83d9a49829637fa80007d2964084ef229f578e3733bd3,ba75425861a059dafcc477474fc3e4ed1eafdc2b47d6fdd0557337035d29a960,786b68c56671019577f9316418dd21c8527415b8142fbb72f43c94ccd68d1093,580162,1716143232000000000,300
OB/productcatalogservice_loss/5,OB,productcatalogservice,loss,5,300,300,burst,0.5,8,0.5,nsigma,8,0.125,0.0,0.5833333333333334,0,0,0,13,52.67710000043735,checkoutservice|recommendationservice|currencyservice|adservice|frontend,checkoutservice_latency-90,0.5,6,6,0.45944444444444443,0.5405555555555556,5,6,5,0.5,baseline-v2-20260723,cd270e7871bd358937d83d9a49829637fa80007d2964084ef229f578e3733bd3,ba75425861a059dafcc477474fc3e4ed1eafdc2b47d6fdd0557337035d29a960,786b68c56671019577f9316418dd21c8527415b8142fbb72f43c94ccd68d1093,580162,1716143232000000000,300
OB/productcatalogservice_loss/5,OB,productcatalogservice,loss,5,300,300,burst,0.5,9,0.5,baro,2,0.5,0.8,0.08333333333333333,0,1,1,13,73.76599998679012,adservice|productcatalogservice|currencyservice|checkoutservice|cartservice,adservice_latency-50,0.5,6,6,0.4166666666666667,0.5833333333333334,6,6,6,0.5,baseline-v2-20260723,cd270e7871bd358937d83d9a49829637fa80007d2964084ef229f578e3733bd3,ba75425861a059dafcc477474fc3e4ed1eafdc2b47d6fdd0557337035d29a960,786b68c56671019577f9316418dd21c8527415b8142fbb72f43c94ccd68d1093,580162,1716143232000000000,300
OB/productcatalogservice_loss/5,OB,productcatalogservice,loss,5,300,300,burst,0.5,9,0.5,median_shift,5,0.2,0.2,0.3333333333333333,0,0,1,13,10.684399981983006,recommendationservice|checkoutservice|adservice|frontend|productcatalogservice,recommendationservice_mem,0.5,6,6,0.4166666666666667,0.5833333333333334,6,6,6,0.5,baseline-v2-20260723,cd270e7871bd358937d83d9a49829637fa80007d2964084ef229f578e3733bd3,ba75425861a059dafcc477474fc3e4ed1eafdc2b47d6fdd0557337035d29a960,786b68c56671019577f9316418dd21c8527415b8142fbb72f43c94ccd68d1093,580162,1716143232000000000,300
OB/productcatalogservice_loss/5,OB,productcatalogservice,loss,5,300,300,burst,0.5,9,0.5,nsigma,5,0.2,0.2,0.3333333333333333,0,0,1,13,60.715499974321574,checkoutservice|recommendationservice|adservice|frontend|productcatalogservice,checkoutservice_latency-90,0.5,6,6,0.4166666666666667,0.5833333333333334,6,6,6,0.5,baseline-v2-20260723,cd270e7871bd358937d83d9a49829637fa80007d2964084ef229f578e3733bd3,ba75425861a059dafcc477474fc3e4ed1eafdc2b47d6fdd0557337035d29a960,786b68c56671019577f9316418dd21c8527415b8142fbb72f43c94ccd68d1093,580162,1716143232000000000,300
OB/productcatalogservice_loss/5,OB,productcatalogservice,loss,5,300,300,incident,0.1,0,0.1,baro,6,0.16666666666666666,0.0,0.4166666666666667,0,0,0,13,78.7527000065893,cartservice|recommendationservice|checkoutservice|adservice|frontend,cartservice_latency-90,0.8775,6,6,0.9133333333333333,0.8416666666666667,6,6,6,0.9,baseline-v2-20260723,cd270e7871bd358937d83d9a49829637fa80007d2964084ef229f578e3733bd3,ba75425861a059dafcc477474fc3e4ed1eafdc2b47d6fdd0557337035d29a960,786b68c56671019577f9316418dd21c8527415b8142fbb72f43c94ccd68d1093,580162,1716143232000000000,300
OB/productcatalogservice_loss/5,OB,productcatalogservice,loss,5,300,300,incident,0.1,0,0.1,median_shift,4,0.25,0.4,0.25,0,0,1,13,22.925800003577024,recommendationservice|checkoutservice|frontend|productcatalogservice|adservice,recommendationservice_mem,0.8775,6,6,0.9133333333333333,0.8416666666666667,6,6,6,0.9,baseline-v2-20260723,cd270e7871bd358937d83d9a49829637fa80007d2964084ef229f578e3733bd3,ba75425861a059dafcc477474fc3e4ed1eafdc2b47d6fdd0557337035d29a960,786b68c56671019577f9316418dd21c8527415b8142fbb72f43c94ccd68d1093,580162,1716143232000000000,300
OB/productcatalogservice_loss/5,OB,productcatalogservice,loss,5,300,300,incident,0.1,0,0.1,nsigma,6,0.16666666666666666,0.0,0.4166666666666667,0,0,0,13,67.02979997498915,recommendationservice|checkoutservice|adservice|frontend|cartservice,recommendationservice_latency-90,0.8775,6,6,0.9133333333333333,0.8416666666666667,6,6,6,0.9,baseline-v2-20260723,cd270e7871bd358937d83d9a49829637fa80007d2964084ef229f578e3733bd3,ba75425861a059dafcc477474fc3e4ed1eafdc2b47d6fdd0557337035d29a960,786b68c56671019577f9316418dd21c8527415b8142fbb72f43c94ccd68d1093,580162,1716143232000000000,300
OB/productcatalogservice_loss/5,OB,productcatalogservice,loss,5,300,300,incident,0.1,1,0.1,baro,6,0.16666666666666666,0.0,0.4166666666666667,0,0,0,13,84.09219997702166,cartservice|recommendationservice|checkoutservice|adservice|frontend,cartservice_latency-90,0.8783333333333333,6,6,0.8961111111111111,0.8605555555555555,6,6,6,0.9,baseline-v2-20260723,cd270e7871bd358937d83d9a49829637fa80007d2964084ef229f578e3733bd3,ba75425861a059dafcc477474fc3e4ed1eafdc2b47d6fdd0557337035d29a960,786b68c56671019577f9316418dd21c8527415b8142fbb72f43c94ccd68d1093,580162,1716143232000000000,300
OB/productcatalogservice_loss/5,OB,productcatalogservice,loss,5,300,300,incident,0.1,1,0.1,median_shift,5,0.2,0.2,0.3333333333333333,0,0,1,13,18.876500020269305,recommendationservice|checkoutservice|frontend|adservice|productcatalogservice,recommendationservice_mem,0.8783333333333333,6,6,0.8961111111111111,0.8605555555555555,6,6,6,0.9,baseline-v2-20260723,cd270e7871bd358937d83d9a49829637fa80007d2964084ef229f578e3733bd3,ba75425861a059dafcc477474fc3e4ed1eafdc2b47d6fdd0557337035d29a960,786b68c56671019577f9316418dd21c8527415b8142fbb72f43c94ccd68d1093,580162,1716143232000000000,300
OB/productcatalogservice_loss/5,OB,productcatalogservice,loss,5,300,300,incident,0.1,1,0.1,nsigma,6,0.16666666666666666,0.0,0.4166666666666667,0,0,0,13,61.40110001433641,recommendationservice|checkoutservice|adservice|frontend|cartservice,recommendationservice_latency-90,0.8783333333333333,6,6,0.8961111111111111,0.8605555555555555,6,6,6,0.9,baseline-v2-20260723,cd270e7871bd358937d83d9a49829637fa80007d2964084ef229f578e3733bd3,ba75425861a059dafcc477474fc3e4ed1eafdc2b47d6fdd0557337035d29a960,786b68c56671019577f9316418dd21c8527415b8142fbb72f43c94ccd68d1093,580162,1716143232000000000,300
OB/productcatalogservice_loss/5,OB,productcatalogservice,loss,5,300,300,incident,0.1,2,0.1,baro,6,0.16666666666666666,0.0,0.4166666666666667,0,0,0,13,76.41029998194426,cartservice|recommendationservice|checkoutservice|adservice|frontend,cartservice_latency-90,0.8722222222222222,6,6,0.9022222222222223,0.8422222222222222,6,6,6,0.9,baseline-v2-20260723,cd270e7871bd358937d83d9a49829637fa80007d2964084ef229f578e3733bd3,ba75425861a059dafcc477474fc3e4ed1eafdc2b47d6fdd0557337035d29a960,786b68c56671019577f9316418dd21c8527415b8142fbb72f43c94ccd68d1093,580162,1716143232000000000,300
OB/productcatalogservice_loss/5,OB,productcatalogservice,loss,5,300,300,incident,0.1,2,0.1,median_shift,4,0.25,0.4,0.25,0,0,1,13,13.548200018703938,recommendationservice|checkoutservice|frontend|productcatalogservice|adservice,recommendationservice_mem,0.8722222222222222,6,6,0.9022222222222223,0.8422222222222222,6,6,6,0.9,baseline-v2-20260723,cd270e7871bd358937d83d9a49829637fa80007d2964084ef229f578e3733bd3,ba75425861a059dafcc477474fc3e4ed1eafdc2b47d6fdd0557337035d29a960,786b68c56671019577f9316418dd21c8527415b8142fbb72f43c94ccd68d1093,580162,1716143232000000000,300
OB/productcatalogservice_loss/5,OB,productcatalogservice,loss,5,300,300,incident,0.1,2,0.1,nsigma,6,0.16666666666666666,0.0,0.4166666666666667,0,0,0,13,63.163200044073164,recommendationservice|checkoutservice|adservice|frontend|cartservice,recommendationservice_latency-90,0.8722222222222222,6,6,0.9022222222222223,0.8422222222222222,6,6,6,0.9,baseline-v2-20260723,cd270e7871bd358937d83d9a49829637fa80007d2964084ef229f578e3733bd3,ba75425861a059dafcc477474fc3e4ed1eafdc2b47d6fdd0557337035d29a960,786b68c56671019577f9316418dd21c8527415b8142fbb72f43c94ccd68d1093,580162,1716143232000000000,300
OB/productcatalogservice_loss/5,OB,productcatalogservice,loss,5,300,300,incident,0.1,3,0.1,baro,6,0.16666666666666666,0.0,0.4166666666666667,0,0,0,13,75.63809998100623,cartservice|recommendationservice|checkoutservice|frontend|adservice,cartservice_latency-90,0.8780555555555556,6,6,0.9,0.8561111111111112,6,6,6,0.9,baseline-v2-20260723,cd270e7871bd358937d83d9a49829637fa80007d2964084ef229f578e3733bd3,ba75425861a059dafcc477474fc3e4ed1eafdc2b47d6fdd0557337035d29a960,786b68c56671019577f9316418dd21c8527415b8142fbb72f43c94ccd68d1093,580162,1716143232000000000,300
OB/productcatalogservice_loss/5,OB,productcatalogservice,loss,5,300,300,incident,0.1,3,0.1,median_shift,5,0.2,0.2,0.3333333333333333,0,0,1,13,15.80119994468987,recommendationservice|checkoutservice|frontend|adservice|productcatalogservice,recommendationservice_mem,0.8780555555555556,6,6,0.9,0.8561111111111112,6,6,6,0.9,baseline-v2-20260723,cd270e7871bd358937d83d9a49829637fa80007d2964084ef229f578e3733bd3,ba75425861a059dafcc477474fc3e4ed1eafdc2b47d6fdd0557337035d29a960,786b68c56671019577f9316418dd21c8527415b8142fbb72f43c94ccd68d1093,580162,1716143232000000000,300
OB/productcatalogservice_loss/5,OB,productcatalogservice,loss,5,300,300,incident,0.1,3,0.1,nsigma,6,0.16666666666666666,0.0,0.4166666666666667,0,0,0,13,67.96429998939857,recommendationservice|checkoutservice|adservice|frontend|cartservice,recommendationservice_latency-90,0.8780555555555556,6,6,0.9,0.8561111111111112,6,6,6,0.9,baseline-v2-20260723,cd270e7871bd358937d83d9a49829637fa80007d2964084ef229f578e3733bd3,ba75425861a059dafcc477474fc3e4ed1eafdc2b47d6fdd0557337035d29a960,786b68c56671019577f9316418dd21c8527415b8142fbb72f43c94ccd68d1093,580162,1716143232000000000,300
OB/productcatalogservice_loss/5,OB,productcatalogservice,loss,5,300,300,incident,0.1,4,0.1,baro,6,0.16666666666666666,0.0,0.4166666666666667,0,0,0,13,78.46179994521663,cartservice|recommendationservice|checkoutservice|adservice|frontend,cartservice_latency-90,0.8744444444444445,6,6,0.895,0.8538888888888889,6,6,6,0.9,baseline-v2-20260723,cd270e7871bd358937d83d9a49829637fa80007d2964084ef229f578e3733bd3,ba75425861a059dafcc477474fc3e4ed1eafdc2b47d6fdd0557337035d29a960,786b68c56671019577f9316418dd21c8527415b8142fbb72f43c94ccd68d1093,580162,1716143232000000000,300
OB/productcatalogservice_loss/5,OB,productcatalogservice,loss,5,300,300,incident,0.1,4,0.1,median_shift,5,0.2,0.2,0.3333333333333333,0,0,1,13,15.689499967265874,recommendationservice|checkoutservice|frontend|adservice|productcatalogservice,recommendationservice_mem,0.8744444444444445,6,6,0.895,0.8538888888888889,6,6,6,0.9,baseline-v2-20260723,cd270e7871bd358937d83d9a49829637fa80007d2964084ef229f578e3733bd3,ba75425861a059dafcc477474fc3e4ed1eafdc2b47d6fdd0557337035d29a960,786b68c56671019577f9316418dd21c8527415b8142fbb72f43c94ccd68d1093,580162,1716143232000000000,300
OB/productcatalogservice_loss/5,OB,productcatalogservice,loss,5,300,300,incident,0.1,4,0.1,nsigma,6,0.16666666666666666,0.0,0.4166666666666667,0,0,0,13,70.66409999970347,recommendationservice|checkoutservice|adservice|frontend|cartservice,recommendationservice_latency-90,0.8744444444444445,6,6,0.895,0.8538888888888889,6,6,6,0.9,baseline-v2-20260723,cd270e7871bd358937d83d9a49829637fa80007d2964084ef229f578e3733bd3,ba75425861a059dafcc477474fc3e4ed1eafdc2b47d6fdd0557337035d29a960,786b68c56671019577f9316418dd21c8527415b8142fbb72f43c94ccd68d1093,580162,1716143232000000000,300
OB/productcatalogservice_loss/5,OB,productcatalogservice,loss,5,300,300,incident,0.1,5,0.1,baro,6,0.16666666666666666,0.0,0.4166666666666667,0,0,0,13,86.02930000051856,cartservice|recommendationservice|checkoutservice|adservice|frontend,cartservice_latency-90,0.8658333333333333,6,6,0.8988888888888888,0.8327777777777777,6,6,6,0.9,baseline-v2-20260723,cd270e7871bd358937d83d9a49829637fa80007d2964084ef229f578e3733bd3,ba75425861a059dafcc477474fc3e4ed1eafdc2b47d6fdd0557337035d29a960,786b68c56671019577f9316418dd21c8527415b8142fbb72f43c94ccd68d1093,580162,1716143232000000000,300
OB/productcatalogservice_loss/5,OB,productcatalogservice,loss,5,300,300,incident,0.1,5,0.1,median_shift,4,0.25,0.4,0.25,0,0,1,13,10.990799986757338,recommendationservice|checkoutservice|frontend|productcatalogservice|adservice,recommendationservice_mem,0.8658333333333333,6,6,0.8988888888888888,0.8327777777777777,6,6,6,0.9,baseline-v2-20260723,cd270e7871bd358937d83d9a49829637fa80007d2964084ef229f578e3733bd3,ba75425861a059dafcc477474fc3e4ed1eafdc2b47d6fdd0557337035d29a960,786b68c56671019577f9316418dd21c8527415b8142fbb72f43c94ccd68d1093,580162,1716143232000000000,300
OB/productcatalogservice_loss/5,OB,productcatalogservice,loss,5,300,300,incident,0.1,5,0.1,nsigma,6,0.16666666666666666,0.0,0.4166666666666667,0,0,0,13,66.1852000048384,recommendationservice|checkoutservice|adservice|frontend|cartservice,recommendationservice_latency-90,0.8658333333333333,6,6,0.8988888888888888,0.8327777777777777,6,6,6,0.9,baseline-v2-20260723,cd270e7871bd358937d83d9a49829637fa80007d2964084ef229f578e3733bd3,ba75425861a059dafcc477474fc3e4ed1eafdc2b47d6fdd0557337035d29a960,786b68c56671019577f9316418dd21c8527415b8142fbb72f43c94ccd68d1093,580162,1716143232000000000,300
OB/productcatalogservice_loss/5,OB,productcatalogservice,loss,5,300,300,incident,0.1,6,0.1,baro,6,0.16666666666666666,0.0,0.4166666666666667,0,0,0,13,68.84429999627173,cartservice|recommendationservice|checkoutservice|frontend|adservice,cartservice_latency-90,0.8688888888888889,6,6,0.8977777777777778,0.84,6,6,6,0.9,baseline-v2-20260723,cd270e7871bd358937d83d9a49829637fa80007d2964084ef229f578e3733bd3,ba75425861a059dafcc477474fc3e4ed1eafdc2b47d6fdd0557337035d29a960,786b68c56671019577f9316418dd21c8527415b8142fbb72f43c94ccd68d1093,580162,1716143232000000000,300
OB/productcatalogservice_loss/5,OB,productcatalogservice,loss,5,300,300,incident,0.1,6,0.1,median_shift,4,0.25,0.4,0.25,0,0,1,13,11.159799993038177,recommendationservice|checkoutservice|frontend|productcatalogservice|adservice,recommendationservice_mem,0.8688888888888889,6,6,0.8977777777777778,0.84,6,6,6,0.9,baseline-v2-20260723,cd270e7871bd358937d83d9a49829637fa80007d2964084ef229f578e3733bd3,ba75425861a059dafcc477474fc3e4ed1eafdc2b47d6fdd0557337035d29a960,786b68c56671019577f9316418dd21c8527415b8142fbb72f43c94ccd68d1093,580162,1716143232000000000,300
OB/productcatalogservice_loss/5,OB,productcatalogservice,loss,5,300,300,incident,0.1,6,0.1,nsigma,6,0.16666666666666666,0.0,0.4166666666666667,0,0,0,13,72.51169998198748,recommendationservice|checkoutservice|adservice|frontend|cartservice,recommendationservice_latency-90,0.8688888888888889,6,6,0.8977777777777778,0.84,6,6,6,0.9,baseline-v2-20260723,cd270e7871bd358937d83d9a49829637fa80007d2964084ef229f578e3733bd3,ba75425861a059dafcc477474fc3e4ed1eafdc2b47d6fdd0557337035d29a960,786b68c56671019577f9316418dd21c8527415b8142fbb72f43c94ccd68d1093,580162,1716143232000000000,300
OB/productcatalogservice_loss/5,OB,productcatalogservice,loss,5,300,300,incident,0.1,7,0.1,baro,6,0.16666666666666666,0.0,0.4166666666666667,0,0,0,13,80.4577000089921,cartservice|recommendationservice|checkoutservice|adservice|frontend,cartservice_latency-90,0.8794444444444445,6,6,0.9094444444444445,0.8494444444444444,6,6,6,0.9,baseline-v2-20260723,cd270e7871bd358937d83d9a49829637fa80007d2964084ef229f578e3733bd3,ba75425861a059dafcc477474fc3e4ed1eafdc2b47d6fdd0557337035d29a960,786b68c56671019577f9316418dd21c8527415b8142fbb72f43c94ccd68d1093,580162,1716143232000000000,300
OB/productcatalogservice_loss/5,OB,productcatalogservice,loss,5,300,300,incident,0.1,7,0.1,median_shift,4,0.25,0.4,0.25,0,0,1,13,14.814900001510978,recommendationservice|checkoutservice|frontend|productcatalogservice|adservice,recommendationservice_mem,0.8794444444444445,6,6,0.9094444444444445,0.8494444444444444,6,6,6,0.9,baseline-v2-20260723,cd270e7871bd358937d83d9a49829637fa80007d2964084ef229f578e3733bd3,ba75425861a059dafcc477474fc3e4ed1eafdc2b47d6fdd0557337035d29a960,786b68c56671019577f9316418dd21c8527415b8142fbb72f43c94ccd68d1093,580162,1716143232000000000,300
OB/productcatalogservice_loss/5,OB,productcatalogservice,loss,5,300,300,incident,0.1,7,0.1,nsigma,6,0.16666666666666666,0.0,0.4166666666666667,0,0,0,13,50.456900033168495,recommendationservice|checkoutservice|adservice|frontend|cartservice,recommendationservice_latency-90,0.8794444444444445,6,6,0.9094444444444445,0.8494444444444444,6,6,6,0.9,baseline-v2-20260723,cd270e7871bd358937d83d9a49829637fa80007d2964084ef229f578e3733bd3,ba75425861a059dafcc477474fc3e4ed1eafdc2b47d6fdd0557337035d29a960,786b68c56671019577f9316418dd21c8527415b8142fbb72f43c94ccd68d1093,580162,1716143232000000000,300
OB/productcatalogservice_loss/5,OB,productcatalogservice,loss,5,300,300,incident,0.1,8,0.1,baro,6,0.16666666666666666,0.0,0.4166666666666667,0,0,0,13,73.49669997347519,cartservice|recommendationservice|checkoutservice|adservice|frontend,cartservice_latency-90,0.8755555555555555,6,6,0.9022222222222223,0.8488888888888889,6,6,6,0.9,baseline-v2-20260723,cd270e7871bd358937d83d9a49829637fa80007d2964084ef229f578e3733bd3,ba75425861a059dafcc477474fc3e4ed1eafdc2b47d6fdd0557337035d29a960,786b68c56671019577f9316418dd21c8527415b8142fbb72f43c94ccd68d1093,580162,1716143232000000000,300
OB/productcatalogservice_loss/5,OB,productcatalogservice,loss,5,300,300,incident,0.1,8,0.1,median_shift,4,0.25,0.4,0.25,0,0,1,13,13.584200001787394,recommendationservice|checkoutservice|frontend|productcatalogservice|adservice,recommendationservice_mem,0.8755555555555555,6,6,0.9022222222222223,0.8488888888888889,6,6,6,0.9,baseline-v2-20260723,cd270e7871bd358937d83d9a49829637fa80007d2964084ef229f578e3733bd3,ba75425861a059dafcc477474fc3e4ed1eafdc2b47d6fdd0557337035d29a960,786b68c56671019577f9316418dd21c8527415b8142fbb72f43c94ccd68d1093,580162,1716143232000000000,300
OB/productcatalogservice_loss/5,OB,productcatalogservice,loss,5,300,300,incident,0.1,8,0.1,nsigma,6,0.16666666666666666,0.0,0.4166666666666667,0,0,0,13,64.3123000045307,recommendationservice|checkoutservice|adservice|frontend|cartservice,recommendationservice_latency-90,0.8755555555555555,6,6,0.9022222222222223,0.8488888888888889,6,6,6,0.9,baseline-v2-20260723,cd270e7871bd358937d83d9a49829637fa80007d2964084ef229f578e3733bd3,ba75425861a059dafcc477474fc3e4ed1eafdc2b47d6fdd0557337035d29a960,786b68c56671019577f9316418dd21c8527415b8142fbb72f43c94ccd68d1093,580162,1716143232000000000,300
OB/productcatalogservice_loss/5,OB,productcatalogservice,loss,5,300,300,incident,0.1,9,0.1,baro,6,0.16666666666666666,0.0,0.4166666666666667,0,0,0,13,62.662199954502285,cartservice|recommendationservice|checkoutservice|adservice|frontend,cartservice_latency-90,0.8825,6,6,0.91,0.855,6,6,6,0.9,baseline-v2-20260723,cd270e7871bd358937d83d9a49829637fa80007d2964084ef229f578e3733bd3,ba75425861a059dafcc477474fc3e4ed1eafdc2b47d6fdd0557337035d29a960,786b68c56671019577f9316418dd21c8527415b8142fbb72f43c94ccd68d1093,580162,1716143232000000000,300
OB/productcatalogservice_loss/5,OB,productcatalogservice,loss,5,300,300,incident,0.1,9,0.1,median_shift,5,0.2,0.2,0.3333333333333333,0,0,1,13,20.220499951392412,recommendationservice|checkoutservice|frontend|adservice|productcatalogservice,recommendationservice_mem,0.8825,6,6,0.91,0.855,6,6,6,0.9,baseline-v2-20260723,cd270e7871bd358937d83d9a49829637fa80007d2964084ef229f578e3733bd3,ba75425861a059dafcc477474fc3e4ed1eafdc2b47d6fdd0557337035d29a960,786b68c56671019577f9316418dd21c8527415b8142fbb72f43c94ccd68d1093,580162,1716143232000000000,300
OB/productcatalogservice_loss/5,OB,productcatalogservice,loss,5,300,300,incident,0.1,9,0.1,nsigma,6,0.16666666666666666,0.0,0.4166666666666667,0,0,0,13,51.89360002987087,recommendationservice|checkoutservice|adservice|frontend|cartservice,recommendationservice_latency-90,0.8825,6,6,0.91,0.855,6,6,6,0.9,baseline-v2-20260723,cd270e7871bd358937d83d9a49829637fa80007d2964084ef229f578e3733bd3,ba75425861a059dafcc477474fc3e4ed1eafdc2b47d6fdd0557337035d29a960,786b68c56671019577f9316418dd21c8527415b8142fbb72f43c94ccd68d1093,580162,1716143232000000000,300
OB/productcatalogservice_loss/5,OB,productcatalogservice,loss,5,300,300,incident,0.3,0,0.3,baro,5,0.2,0.2,0.3333333333333333,0,0,1,13,63.8718000263907,emailservice|shippingservice|currencyservice|cartservice|productcatalogservice,emailservice_workload,0.6225,6,6,0.7072222222222222,0.5377777777777778,6,6,6,0.7,baseline-v2-20260723,cd270e7871bd358937d83d9a49829637fa80007d2964084ef229f578e3733bd3,ba75425861a059dafcc477474fc3e4ed1eafdc2b47d6fdd0557337035d29a960,786b68c56671019577f9316418dd21c8527415b8142fbb72f43c94ccd68d1093,580162,1716143232000000000,300
OB/productcatalogservice_loss/5,OB,productcatalogservice,loss,5,300,300,incident,0.3,0,0.3,median_shift,4,0.25,0.4,0.25,0,0,1,13,22.63899997342378,shippingservice|adservice|currencyservice|productcatalogservice|frontend,shippingservice_latency-90,0.6225,6,6,0.7072222222222222,0.5377777777777778,6,6,6,0.7,baseline-v2-20260723,cd270e7871bd358937d83d9a49829637fa80007d2964084ef229f578e3733bd3,ba75425861a059dafcc477474fc3e4ed1eafdc2b47d6fdd0557337035d29a960,786b68c56671019577f9316418dd21c8527415b8142fbb72f43c94ccd68d1093,580162,1716143232000000000,300
OB/productcatalogservice_loss/5,OB,productcatalogservice,loss,5,300,300,incident,0.3,0,0.3,nsigma,4,0.25,0.4,0.25,0,0,1,13,69.0471000270918,emailservice|shippingservice|main|productcatalogservice|currencyservice,emailservice_workload,0.6225,6,6,0.7072222222222222,0.5377777777777778,6,6,6,0.7,baseline-v2-20260723,cd270e7871bd358937d83d9a49829637fa80007d2964084ef229f578e3733bd3,ba75425861a059dafcc477474fc3e4ed1eafdc2b47d6fdd0557337035d29a960,786b68c56671019577f9316418dd21c8527415b8142fbb72f43c94ccd68d1093,580162,1716143232000000000,300
OB/productcatalogservice_loss/5,OB,productcatalogservice,loss,5,300,300,incident,0.3,1,0.3,baro,7,0.14285714285714285,0.0,0.5,0,0,0,13,82.80090003972873,shippingservice|currencyservice|checkoutservice|cartservice|paymentservice,shippingservice_latency-90,0.6180555555555556,6,6,0.7033333333333334,0.5327777777777778,6,6,6,0.7,baseline-v2-20260723,cd270e7871bd358937d83d9a49829637fa80007d2964084ef229f578e3733bd3,ba75425861a059dafcc477474fc3e4ed1eafdc2b47d6fdd0557337035d29a960,786b68c56671019577f9316418dd21c8527415b8142fbb72f43c94ccd68d1093,580162,1716143232000000000,300
OB/productcatalogservice_loss/5,OB,productcatalogservice,loss,5,300,300,incident,0.3,1,0.3,median_shift,5,0.2,0.2,0.3333333333333333,0,0,1,13,11.17280003381893,currencyservice|adservice|cartservice|shippingservice|productcatalogservice,currencyservice_latency-50,0.6180555555555556,6,6,0.7033333333333334,0.5327777777777778,6,6,6,0.7,baseline-v2-20260723,cd270e7871bd358937d83d9a49829637fa80007d2964084ef229f578e3733bd3,ba75425861a059dafcc477474fc3e4ed1eafdc2b47d6fdd0557337035d29a960,786b68c56671019577f9316418dd21c8527415b8142fbb72f43c94ccd68d1093,580162,1716143232000000000,300
OB/productcatalogservice_loss/5,OB,productcatalogservice,loss,5,300,300,incident,0.3,1,0.3,nsigma,4,0.25,0.4,0.25,0,0,1,13,57.01669998234138,currencyservice|main|checkoutservice|productcatalogservice|cartservice,currencyservice_latency-50,0.6180555555555556,6,6,0.7033333333333334,0.5327777777777778,6,6,6,0.7,baseline-v2-20260723,cd270e7871bd358937d83d9a49829637fa80007d2964084ef229f578e3733bd3,ba75425861a059dafcc477474fc3e4ed1eafdc2b47d6fdd0557337035d29a960,786b68c56671019577f9316418dd21c8527415b8142fbb72f43c94ccd68d1093,580162,1716143232000000000,300
OB/productcatalogservice_loss/5,OB,productcatalogservice,loss,5,300,300,incident,0.3,2,0.3,baro,5,0.2,0.2,0.3333333333333333,0,0,1,13,88.83140003308654,checkoutservice|currencyservice|shippingservice|paymentservice|productcatalogservice,checkoutservice_workload,0.6272222222222222,6,6,0.7177777777777777,0.5366666666666666,6,6,6,0.7,baseline-v2-20260723,cd270e7871bd358937d83d9a49829637fa80007d2964084ef229f578e3733bd3,ba75425861a059dafcc477474fc3e4ed1eafdc2b47d6fdd0557337035d29a960,786b68c56671019577f9316418dd21c8527415b8142fbb72f43c94ccd68d1093,580162,1716143232000000000,300
OB/productcatalogservice_loss/5,OB,productcatalogservice,loss,5,300,300,incident,0.3,2,0.3,median_shift,6,0.16666666666666666,0.0,0.4166666666666667,0,0,0,13,11.783399968408048,currencyservice|adservice|cartservice|shippingservice|main,currencyservice_latency-50,0.6272222222222222,6,6,0.7177777777777777,0.5366666666666666,6,6,6,0.7,baseline-v2-20260723,cd270e7871bd358937d83d9a49829637fa80007d2964084ef229f578e3733bd3,ba75425861a059dafcc477474fc3e4ed1eafdc2b47d6fdd0557337035d29a960,786b68c56671019577f9316418dd21c8527415b8142fbb72f43c94ccd68d1093,580162,1716143232000000000,300
OB/productcatalogservice_loss/5,OB,productcatalogservice,loss,5,300,300,incident,0.3,2,0.3,nsigma,3,0.3333333333333333,0.6,0.16666666666666666,0,1,1,13,72.17070000478998,checkoutservice|main|productcatalogservice|currencyservice|emailservice,checkoutservice_workload,0.6272222222222222,6,6,0.7177777777777777,0.5366666666666666,6,6,6,0.7,baseline-v2-20260723,cd270e7871bd358937d83d9a49829637fa80007d2964084ef229f578e3733bd3,ba75425861a059dafcc477474fc3e4ed1eafdc2b47d6fdd0557337035d29a960,786b68c56671019577f9316418dd21c8527415b8142fbb72f43c94ccd68d1093,580162,1716143232000000000,300
OB/productcatalogservice_loss/5,OB,productcatalogservice,loss,5,300,300,incident,0.3,3,0.3,baro,6,0.16666666666666666,0.0,0.4166666666666667,0,0,0,13,71.54670002637431,checkoutservice|shippingservice|currencyservice|cartservice|frontend,checkoutservice_workload,0.62,6,6,0.7011111111111111,0.5388888888888889,6,6,6,0.7,baseline-v2-20260723,cd270e7871bd358937d83d9a49829637fa80007d2964084ef229f578e3733bd3,ba75425861a059dafcc477474fc3e4ed1eafdc2b47d6fdd0557337035d29a960,786b68c56671019577f9316418dd21c8527415b8142fbb72f43c94ccd68d1093,580162,1716143232000000000,300
OB/productcatalogservice_loss/5,OB,productcatalogservice,loss,5,300,300,incident,0.3,3,0.3,median_shift,7,0.14285714285714285,0.0,0.5,0,0,0,13,23.346300004050136,currencyservice|adservice|cartservice|main|shippingservice,currencyservice_latency-50,0.62,6,6,0.7011111111111111,0.5388888888888889,6,6,6,0.7,baseline-v2-20260723,cd270e7871bd358937d83d9a49829637fa80007d2964084ef229f578e3733bd3,ba75425861a059dafcc477474fc3e4ed1eafdc2b47d6fdd0557337035d29a960,786b68c56671019577f9316418dd21c8527415b8142fbb72f43c94ccd68d1093,580162,1716143232000000000,300
OB/productcatalogservice_loss/5,OB,productcatalogservice,loss,5,300,300,incident,0.3,3,0.3,nsigma,2,0.5,0.8,0.08333333333333333,0,1,1,13,69.58519999170676,main|productcatalogservice|checkoutservice|currencyservice|shippingservice,main_mem,0.62,6,6,0.7011111111111111,0.5388888888888889,6,6,6,0.7,baseline-v2-20260723,cd270e7871bd358937d83d9a49829637fa80007d2964084ef229f578e3733bd3,ba75425861a059dafcc477474fc3e4ed1eafdc2b47d6fdd0557337035d29a960,786b68c56671019577f9316418dd21c8527415b8142fbb72f43c94ccd68d1093,580162,1716143232000000000,300
OB/productcatalogservice_loss/5,OB,productcatalogservice,loss,5,300,300,incident,0.3,4,0.3,baro,5,0.2,0.2,0.3333333333333333,0,0,1,13,63.955900026485324,shippingservice|checkoutservice|cartservice|paymentservice|productcatalogservice,shippingservice_latency-90,0.6105555555555555,6,6,0.6872222222222222,0.5338888888888889,6,6,6,0.7,baseline-v2-20260723,cd270e7871bd358937d83d9a49829637fa80007d2964084ef229f578e3733bd3,ba75425861a059dafcc477474fc3e4ed1eafdc2b47d6fdd0557337035d29a960,786b68c56671019577f9316418dd21c8527415b8142fbb72f43c94ccd68d1093,580162,1716143232000000000,300
OB/productcatalogservice_loss/5,OB,productcatalogservice,loss,5,300,300,incident,0.3,4,0.3,median_shift,6,0.16666666666666666,0.0,0.4166666666666667,0,0,0,13,11.22009998653084,frontend|currencyservice|shippingservice|adservice|cartservice,frontend_cpu,0.6105555555555555,6,6,0.6872222222222222,0.5338888888888889,6,6,6,0.7,baseline-v2-20260723,cd270e7871bd358937d83d9a49829637fa80007d2964084ef229f578e3733bd3,ba75425861a059dafcc477474fc3e4ed1eafdc2b47d6fdd0557337035d29a960,786b68c56671019577f9316418dd21c8527415b8142fbb72f43c94ccd68d1093,580162,1716143232000000000,300
OB/productcatalogservice_loss/5,OB,productcatalogservice,loss,5,300,300,incident,0.3,4,0.3,nsigma,1,1.0,1.0,0.0,1,1,1,13,51.81360000278801,productcatalogservice|main|checkoutservice|currencyservice|adservice,productcatalogservice_latency-90,0.6105555555555555,6,6,0.6872222222222222,0.5338888888888889,6,6,6,0.7,baseline-v2-20260723,cd270e7871bd358937d83d9a49829637fa80007d2964084ef229f578e3733bd3,ba75425861a059dafcc477474fc3e4ed1eafdc2b47d6fdd0557337035d29a960,786b68c56671019577f9316418dd21c8527415b8142fbb72f43c94ccd68d1093,580162,1716143232000000000,300
OB/productcatalogservice_loss/5,OB,productcatalogservice,loss,5,300,300,incident,0.3,5,0.3,baro,4,0.25,0.4,0.25,0,0,1,13,61.383399995975196,emailservice|currencyservice|shippingservice|productcatalogservice|paymentservice,emailservice_workload,0.6158333333333333,6,6,0.6944444444444444,0.5372222222222223,6,6,6,0.7,baseline-v2-20260723,cd270e7871bd358937d83d9a49829637fa80007d2964084ef229f578e3733bd3,ba75425861a059dafcc477474fc3e4ed1eafdc2b47d6fdd0557337035d29a960,786b68c56671019577f9316418dd21c8527415b8142fbb72f43c94ccd68d1093,580162,1716143232000000000,300
OB/productcatalogservice_loss/5,OB,productcatalogservice,loss,5,300,300,incident,0.3,5,0.3,median_shift,8,0.125,0.0,0.5833333333333334,0,0,0,13,11.839899991173297,currencyservice|adservice|cartservice|shippingservice|main,currencyservice_latency-50,0.6158333333333333,6,6,0.6944444444444444,0.5372222222222223,6,6,6,0.7,baseline-v2-20260723,cd270e7871bd358937d83d9a49829637fa80007d2964084ef229f578e3733bd3,ba75425861a059dafcc477474fc3e4ed1eafdc2b47d6fdd0557337035d29a960,786b68c56671019577f9316418dd21c8527415b8142fbb72f43c94ccd68d1093,580162,1716143232000000000,300
OB/productcatalogservice_loss/5,OB,productcatalogservice,loss,5,300,300,incident,0.3,5,0.3,nsigma,1,1.0,1.0,0.0,1,1,1,13,50.20569998305291,productcatalogservice|main|emailservice|currencyservice|cartservice,productcatalogservice_latency-90,0.6158333333333333,6,6,0.6944444444444444,0.5372222222222223,6,6,6,0.7,baseline-v2-20260723,cd270e7871bd358937d83d9a49829637fa80007d2964084ef229f578e3733bd3,ba75425861a059dafcc477474fc3e4ed1eafdc2b47d6fdd0557337035d29a960,786b68c56671019577f9316418dd21c8527415b8142fbb72f43c94ccd68d1093,580162,1716143232000000000,300
OB/productcatalogservice_loss/5,OB,productcatalogservice,loss,5,300,300,incident,0.3,6,0.3,baro,6,0.16666666666666666,0.0,0.4166666666666667,0,0,0,13,79.64650000212714,shippingservice|checkoutservice|currencyservice|cartservice|paymentservice,shippingservice_latency-50,0.6147222222222222,6,6,0.6938888888888889,0.5355555555555556,6,6,6,0.7,baseline-v2-20260723,cd270e7871bd358937d83d9a49829637fa80007d2964084ef229f578e3733bd3,ba75425861a059dafcc477474fc3e4ed1eafdc2b47d6fdd0557337035d29a960,786b68c56671019577f9316418dd21c8527415b8142fbb72f43c94ccd68d1093,580162,1716143232000000000,300
OB/productcatalogservice_loss/5,OB,productcatalogservice,loss,5,300,300,incident,0.3,6,0.3,median_shift,6,0.16666666666666666,0.0,0.4166666666666667,0,0,0,13,21.6198000125587,shippingservice|main|adservice|currencyservice|frontend,shippingservice_latency-90,0.6147222222222222,6,6,0.6938888888888889,0.5355555555555556,6,6,6,0.7,baseline-v2-20260723,cd270e7871bd358937d83d9a49829637fa80007d2964084ef229f578e3733bd3,ba75425861a059dafcc477474fc3e4ed1eafdc2b47d6fdd0557337035d29a960,786b68c56671019577f9316418dd21c8527415b8142fbb72f43c94ccd68d1093,580162,1716143232000000000,300
OB/productcatalogservice_loss/5,OB,productcatalogservice,loss,5,300,300,incident,0.3,6,0.3,nsigma,4,0.25,0.4,0.25,0,0,1,13,53.49230003776029,main|currencyservice|checkoutservice|productcatalogservice|shippingservice,main_mem,0.6147222222222222,6,6,0.6938888888888889,0.5355555555555556,6,6,6,0.7,baseline-v2-20260723,cd270e7871bd358937d83d9a49829637fa80007d2964084ef229f578e3733bd3,ba75425861a059dafcc477474fc3e4ed1eafdc2b47d6fdd0557337035d29a960,786b68c56671019577f9316418dd21c8527415b8142fbb72f43c94ccd68d1093,580162,1716143232000000000,300
OB/productcatalogservice_loss/5,OB,productcatalogservice,loss,5,300,300,incident,0.3,7,0.3,baro,5,0.2,0.2,0.3333333333333333,0,0,1,13,91.82099997997284,checkoutservice|shippingservice|currencyservice|cartservice|productcatalogservice,checkoutservice_workload,0.6222222222222222,6,6,0.7038888888888889,0.5405555555555556,6,6,6,0.7,baseline-v2-20260723,cd270e7871bd358937d83d9a49829637fa80007d2964084ef229f578e3733bd3,ba75425861a059dafcc477474fc3e4ed1eafdc2b47d6fdd0557337035d29a960,786b68c56671019577f9316418dd21c8527415b8142fbb72f43c94ccd68d1093,580162,1716143232000000000,300
OB/productcatalogservice_loss/5,OB,productcatalogservice,loss,5,300,300,incident,0.3,7,0.3,median_shift,4,0.25,0.4,0.25,0,0,1,13,23.94099999219179,currencyservice|adservice|shippingservice|productcatalogservice|main,currencyservice_latency-50,0.6222222222222222,6,6,0.7038888888888889,0.5405555555555556,6,6,6,0.7,baseline-v2-20260723,cd270e7871bd358937d83d9a49829637fa80007d2964084ef229f578e3733bd3,ba75425861a059dafcc477474fc3e4ed1eafdc2b47d6fdd0557337035d29a960,786b68c56671019577f9316418dd21c8527415b8142fbb72f43c94ccd68d1093,580162,1716143232000000000,300
OB/productcatalogservice_loss/5,OB,productcatalogservice,loss,5,300,300,incident,0.3,7,0.3,nsigma,1,1.0,1.0,0.0,1,1,1,13,77.2251000162214,productcatalogservice|main|checkoutservice|emailservice|currencyservice,productcatalogservice_latency-90,0.6222222222222222,6,6,0.7038888888888889,0.5405555555555556,6,6,6,0.7,baseline-v2-20260723,cd270e7871bd358937d83d9a49829637fa80007d2964084ef229f578e3733bd3,ba75425861a059dafcc477474fc3e4ed1eafdc2b47d6fdd0557337035d29a960,786b68c56671019577f9316418dd21c8527415b8142fbb72f43c94ccd68d1093,580162,1716143232000000000,300
OB/productcatalogservice_loss/5,OB,productcatalogservice,loss,5,300,300,incident,0.3,8,0.3,baro,5,0.2,0.2,0.3333333333333333,0,0,1,13,64.38519997755066,checkoutservice|cartservice|shippingservice|currencyservice|productcatalogservice,checkoutservice_workload,0.6219444444444444,6,6,0.7072222222222222,0.5366666666666666,6,6,6,0.7,baseline-v2-20260723,cd270e7871bd358937d83d9a49829637fa80007d2964084ef229f578e3733bd3,ba75425861a059dafcc477474fc3e4ed1eafdc2b47d6fdd0557337035d29a960,786b68c56671019577f9316418dd21c8527415b8142fbb72f43c94ccd68d1093,580162,1716143232000000000,300
OB/productcatalogservice_loss/5,OB,productcatalogservice,loss,5,300,300,incident,0.3,8,0.3,median_shift,8,0.125,0.0,0.5833333333333334,0,0,0,13,24.464000016450882,shippingservice|adservice|cartservice|currencyservice|frontend,shippingservice_latency-90,0.6219444444444444,6,6,0.7072222222222222,0.5366666666666666,6,6,6,0.7,baseline-v2-20260723,cd270e7871bd358937d83d9a49829637fa80007d2964084ef229f578e3733bd3,ba75425861a059dafcc477474fc3e4ed1eafdc2b47d6fdd0557337035d29a960,786b68c56671019577f9316418dd21c8527415b8142fbb72f43c94ccd68d1093,580162,1716143232000000000,300
OB/productcatalogservice_loss/5,OB,productcatalogservice,loss,5,300,300,incident,0.3,8,0.3,nsigma,2,0.5,0.8,0.08333333333333333,0,1,1,13,54.299899959005415,main|productcatalogservice|checkoutservice|currencyservice|cartservice,main_mem,0.6219444444444444,6,6,0.7072222222222222,0.5366666666666666,6,6,6,0.7,baseline-v2-20260723,cd270e7871bd358937d83d9a49829637fa80007d2964084ef229f578e3733bd3,ba75425861a059dafcc477474fc3e4ed1eafdc2b47d6fdd0557337035d29a960,786b68c56671019577f9316418dd21c8527415b8142fbb72f43c94ccd68d1093,580162,1716143232000000000,300
OB/productcatalogservice_loss/5,OB,productcatalogservice,loss,5,300,300,incident,0.3,9,0.3,baro,2,0.5,0.8,0.08333333333333333,0,1,1,13,95.1080999802798,checkoutservice|productcatalogservice|cartservice|shippingservice|currencyservice,checkoutservice_workload,0.6211111111111111,6,6,0.7077777777777777,0.5344444444444445,6,6,6,0.7,baseline-v2-20260723,cd270e7871bd358937d83d9a49829637fa80007d2964084ef229f578e3733bd3,ba75425861a059dafcc477474fc3e4ed1eafdc2b47d6fdd0557337035d29a960,786b68c56671019577f9316418dd21c8527415b8142fbb72f43c94ccd68d1093,580162,1716143232000000000,300
OB/productcatalogservice_loss/5,OB,productcatalogservice,loss,5,300,300,incident,0.3,9,0.3,median_shift,7,0.14285714285714285,0.0,0.5,0,0,0,13,18.321899988222867,currencyservice|adservice|shippingservice|cartservice|frontend,currencyservice_latency-50,0.6211111111111111,6,6,0.7077777777777777,0.5344444444444445,6,6,6,0.7,baseline-v2-20260723,cd270e7871bd358937d83d9a49829637fa80007d2964084ef229f578e3733bd3,ba75425861a059dafcc477474fc3e4ed1eafdc2b47d6fdd0557337035d29a960,786b68c56671019577f9316418dd21c8527415b8142fbb72f43c94ccd68d1093,580162,1716143232000000000,300
OB/productcatalogservice_loss/5,OB,productcatalogservice,loss,5,300,300,incident,0.3,9,0.3,nsigma,1,1.0,1.0,0.0,1,1,1,13,55.961100035347044,productcatalogservice|checkoutservice|main|currencyservice|emailservice,productcatalogservice_latency-90,0.6211111111111111,6,6,0.7077777777777777,0.5344444444444445,6,6,6,0.7,baseline-v2-20260723,cd270e7871bd358937d83d9a49829637fa80007d2964084ef229f578e3733bd3,ba75425861a059dafcc477474fc3e4ed1eafdc2b47d6fdd0557337035d29a960,786b68c56671019577f9316418dd21c8527415b8142fbb72f43c94ccd68d1093,580162,1716143232000000000,300
OB/productcatalogservice_loss/5,OB,productcatalogservice,loss,5,300,300,incident,0.5,0,0.5,baro,8,0.125,0.0,0.5833333333333334,0,0,0,13,67.07140000071377,shippingservice|frontend-external|checkoutservice|cartservice|paymentservice,shippingservice_latency-90,0.465,6,6,0.4955555555555556,0.43444444444444447,6,6,6,0.5,baseline-v2-20260723,cd270e7871bd358937d83d9a49829637fa80007d2964084ef229f578e3733bd3,ba75425861a059dafcc477474fc3e4ed1eafdc2b47d6fdd0557337035d29a960,786b68c56671019577f9316418dd21c8527415b8142fbb72f43c94ccd68d1093,580162,1716143232000000000,300
OB/productcatalogservice_loss/5,OB,productcatalogservice,loss,5,300,300,incident,0.5,0,0.5,median_shift,6,0.16666666666666666,0.0,0.4166666666666667,0,0,0,13,13.50780000211671,main|currencyservice|shippingservice|adservice|redis,main_mem,0.465,6,6,0.4955555555555556,0.43444444444444447,6,6,6,0.5,baseline-v2-20260723,cd270e7871bd358937d83d9a49829637fa80007d2964084ef229f578e3733bd3,ba75425861a059dafcc477474fc3e4ed1eafdc2b47d6fdd0557337035d29a960,786b68c56671019577f9316418dd21c8527415b8142fbb72f43c94ccd68d1093,580162,1716143232000000000,300
OB/productcatalogservice_loss/5,OB,productcatalogservice,loss,5,300,300,incident,0.5,0,0.5,nsigma,8,0.125,0.0,0.5833333333333334,0,0,0,13,70.18579996656626,adservice|main|checkoutservice|currencyservice|recommendationservice,adservice_latency-90,0.465,6,6,0.4955555555555556,0.43444444444444447,6,6,6,0.5,baseline-v2-20260723,cd270e7871bd358937d83d9a49829637fa80007d2964084ef229f578e3733bd3,ba75425861a059dafcc477474fc3e4ed1eafdc2b47d6fdd0557337035d29a960,786b68c56671019577f9316418dd21c8527415b8142fbb72f43c94ccd68d1093,580162,1716143232000000000,300
OB/productcatalogservice_loss/5,OB,productcatalogservice,loss,5,300,300,incident,0.5,1,0.5,baro,6,0.16666666666666666,0.0,0.4166666666666667,0,0,0,13,62.61960003757849,currencyservice|checkoutservice|adservice|shippingservice|cartservice,currencyservice_latency-50,0.4697222222222222,6,6,0.5033333333333333,0.4361111111111111,6,6,6,0.5,baseline-v2-20260723,cd270e7871bd358937d83d9a49829637fa80007d2964084ef229f578e3733bd3,ba75425861a059dafcc477474fc3e4ed1eafdc2b47d6fdd0557337035d29a960,786b68c56671019577f9316418dd21c8527415b8142fbb72f43c94ccd68d1093,580162,1716143232000000000,300
OB/productcatalogservice_loss/5,OB,productcatalogservice,loss,5,300,300,incident,0.5,1,0.5,median_shift,8,0.125,0.0,0.5833333333333334,0,0,0,13,10.911800025496632,main|currencyservice|shippingservice|redis|adservice,main_mem,0.4697222222222222,6,6,0.5033333333333333,0.4361111111111111,6,6,6,0.5,baseline-v2-20260723,cd270e7871bd358937d83d9a49829637fa80007d2964084ef229f578e3733bd3,ba75425861a059dafcc477474fc3e4ed1eafdc2b47d6fdd0557337035d29a960,786b68c56671019577f9316418dd21c8527415b8142fbb72f43c94ccd68d1093,580162,1716143232000000000,300
OB/productcatalogservice_loss/5,OB,productcatalogservice,loss,5,300,300,incident,0.5,1,0.5,nsigma,11,0.09090909090909091,0.0,0.8333333333333334,0,0,0,13,52.39409999921918,adservice|main|emailservice|currencyservice|recommendationservice,adservice_latency-90,0.4697222222222222,6,6,0.5033333333333333,0.4361111111111111,6,6,6,0.5,baseline-v2-20260723,cd270e7871bd358937d83d9a49829637fa80007d2964084ef229f578e3733bd3,ba75425861a059dafcc477474fc3e4ed1eafdc2b47d6fdd0557337035d29a960,786b68c56671019577f9316418dd21c8527415b8142fbb72f43c94ccd68d1093,580162,1716143232000000000,300
OB/productcatalogservice_loss/5,OB,productcatalogservice,loss,5,300,300,incident,0.5,2,0.5,baro,12,0.08333333333333333,0.0,0.9166666666666666,0,0,0,13,77.88210001308471,frontend-external|shippingservice|frontend|adservice|checkoutservice,frontend-external_workload,0.45916666666666667,6,6,0.49166666666666664,0.4266666666666667,6,6,6,0.5,baseline-v2-20260723,cd270e7871bd358937d83d9a49829637fa80007d2964084ef229f578e3733bd3,ba75425861a059dafcc477474fc3e4ed1eafdc2b47d6fdd0557337035d29a960,786b68c56671019577f9316418dd21c8527415b8142fbb72f43c94ccd68d1093,580162,1716143232000000000,300
OB/productcatalogservice_loss/5,OB,productcatalogservice,loss,5,300,300,incident,0.5,2,0.5,median_shift,11,0.09090909090909091,0.0,0.8333333333333334,0,0,0,13,20.903200027532876,main|currencyservice|shippingservice|adservice|redis,main_mem,0.45916666666666667,6,6,0.49166666666666664,0.4266666666666667,6,6,6,0.5,baseline-v2-20260723,cd270e7871bd358937d83d9a49829637fa80007d2964084ef229f578e3733bd3,ba75425861a059dafcc477474fc3e4ed1eafdc2b47d6fdd0557337035d29a960,786b68c56671019577f9316418dd21c8527415b8142fbb72f43c94ccd68d1093,580162,1716143232000000000,300
OB/productcatalogservice_loss/5,OB,productcatalogservice,loss,5,300,300,incident,0.5,2,0.5,nsigma,9,0.1111111111111111,0.0,0.6666666666666666,0,0,0,13,60.91279996326193,adservice|main|checkoutservice|currencyservice|cartservice,adservice_latency-90,0.45916666666666667,6,6,0.49166666666666664,0.4266666666666667,6,6,6,0.5,baseline-v2-20260723,cd270e7871bd358937d83d9a49829637fa80007d2964084ef229f578e3733bd3,ba75425861a059dafcc477474fc3e4ed1eafdc2b47d6fdd0557337035d29a960,786b68c56671019577f9316418dd21c8527415b8142fbb72f43c94ccd68d1093,580162,1716143232000000000,300
OB/productcatalogservice_loss/5,OB,productcatalogservice,loss,5,300,300,incident,0.5,3,0.5,baro,2,0.5,0.8,0.08333333333333333,0,1,1,13,64.71700000111014,cartservice|productcatalogservice|adservice|currencyservice|frontend-external,cartservice_latency-50,0.475,6,6,0.5105555555555555,0.43944444444444447,6,6,6,0.5,baseline-v2-20260723,cd270e7871bd358937d83d9a49829637fa80007d2964084ef229f578e3733bd3,ba75425861a059dafcc477474fc3e4ed1eafdc2b47d6fdd0557337035d29a960,786b68c56671019577f9316418dd21c8527415b8142fbb72f43c94ccd68d1093,580162,1716143232000000000,300
OB/productcatalogservice_loss/5,OB,productcatalogservice,loss,5,300,300,incident,0.5,3,0.5,median_shift,9,0.1111111111111111,0.0,0.6666666666666666,0,0,0,13,11.158999986946583,currencyservice|main|shippingservice|recommendationservice|adservice,currencyservice_latency-90,0.475,6,6,0.5105555555555555,0.43944444444444447,6,6,6,0.5,baseline-v2-20260723,cd270e7871bd358937d83d9a49829637fa80007d2964084ef229f578e3733bd3,ba75425861a059dafcc477474fc3e4ed1eafdc2b47d6fdd0557337035d29a960,786b68c56671019577f9316418dd21c8527415b8142fbb72f43c94ccd68d1093,580162,1716143232000000000,300
OB/productcatalogservice_loss/5,OB,productcatalogservice,loss,5,300,300,incident,0.5,3,0.5,nsigma,3,0.3333333333333333,0.6,0.16666666666666666,0,1,1,13,73.539900011383,adservice|main|productcatalogservice|recommendationservice|cartservice,adservice_latency-90,0.475,6,6,0.5105555555555555,0.43944444444444447,6,6,6,0.5,baseline-v2-20260723,cd270e7871bd358937d83d9a49829637fa80007d2964084ef229f578e3733bd3,ba75425861a059dafcc477474fc3e4ed1eafdc2b47d6fdd0557337035d29a960,786b68c56671019577f9316418dd21c8527415b8142fbb72f43c94ccd68d1093,580162,1716143232000000000,300
OB/productcatalogservice_loss/5,OB,productcatalogservice,loss,5,300,300,incident,0.5,4,0.5,baro,3,0.3333333333333333,0.6,0.16666666666666666,0,1,1,13,90.59959999285638,shippingservice|cartservice|productcatalogservice|adservice|checkoutservice,shippingservice_latency-50,0.4722222222222222,6,6,0.5094444444444445,0.435,6,6,6,0.5,baseline-v2-20260723,cd270e7871bd358937d83d9a49829637fa80007d2964084ef229f578e3733bd3,ba75425861a059dafcc477474fc3e4ed1eafdc2b47d6fdd0557337035d29a960,786b68c56671019577f9316418dd21c8527415b8142fbb72f43c94ccd68d1093,580162,1716143232000000000,300
OB/productcatalogservice_loss/5,OB,productcatalogservice,loss,5,300,300,incident,0.5,4,0.5,median_shift,8,0.125,0.0,0.5833333333333334,0,0,0,13,16.720999963581562,currencyservice|main|shippingservice|adservice|redis,currencyservice_latency-90,0.4722222222222222,6,6,0.5094444444444445,0.435,6,6,6,0.5,baseline-v2-20260723,cd270e7871bd358937d83d9a49829637fa80007d2964084ef229f578e3733bd3,ba75425861a059dafcc477474fc3e4ed1eafdc2b47d6fdd0557337035d29a960,786b68c56671019577f9316418dd21c8527415b8142fbb72f43c94ccd68d1093,580162,1716143232000000000,300
OB/productcatalogservice_loss/5,OB,productcatalogservice,loss,5,300,300,incident,0.5,4,0.5,nsigma,6,0.16666666666666666,0.0,0.4166666666666667,0,0,0,13,67.18279997585341,adservice|main|shippingservice|emailservice|cartservice,adservice_latency-90,0.4722222222222222,6,6,0.5094444444444445,0.435,6,6,6,0.5,baseline-v2-20260723,cd270e7871bd358937d83d9a49829637fa80007d2964084ef229f578e3733bd3,ba75425861a059dafcc477474fc3e4ed1eafdc2b47d6fdd0557337035d29a960,786b68c56671019577f9316418dd21c8527415b8142fbb72f43c94ccd68d1093,580162,1716143232000000000,300
OB/productcatalogservice_loss/5,OB,productcatalogservice,loss,5,300,300,incident,0.5,5,0.5,baro,10,0.1,0.0,0.75,0,0,0,13,79.03989998158067,emailservice|checkoutservice|currencyservice|main|shippingservice,emailservice_workload,0.47055555555555556,6,6,0.5088888888888888,0.43222222222222223,6,6,6,0.5,baseline-v2-20260723,cd270e7871bd358937d83d9a49829637fa80007d2964084ef229f578e3733bd3,ba75425861a059dafcc477474fc3e4ed1eafdc2b47d6fdd0557337035d29a960,786b68c56671019577f9316418dd21c8527415b8142fbb72f43c94ccd68d1093,580162,1716143232000000000,300
OB/productcatalogservice_loss/5,OB,productcatalogservice,loss,5,300,300,incident,0.5,5,0.5,median_shift,8,0.125,0.0,0.5833333333333334,0,0,0,13,11.719100002665073,main|shippingservice|currencyservice|adservice|redis,main_mem,0.47055555555555556,6,6,0.5088888888888888,0.43222222222222223,6,6,6,0.5,baseline-v2-20260723,cd270e7871bd358937d83d9a49829637fa80007d2964084ef229f578e3733bd3,ba75425861a059dafcc477474fc3e4ed1eafdc2b47d6fdd0557337035d29a960,786b68c56671019577f9316418dd21c8527415b8142fbb72f43c94ccd68d1093,580162,1716143232000000000,300
OB/productcatalogservice_loss/5,OB,productcatalogservice,loss,5,300,300,incident,0.5,5,0.5,nsigma,3,0.3333333333333333,0.6,0.16666666666666666,0,1,1,13,63.45820002024993,adservice|main|productcatalogservice|emailservice|recommendationservice,adservice_latency-90,0.47055555555555556,6,6,0.5088888888888888,0.43222222222222223,6,6,6,0.5,baseline-v2-20260723,cd270e7871bd358937d83d9a49829637fa80007d2964084ef229f578e3733bd3,ba75425861a059dafcc477474fc3e4ed1eafdc2b47d6fdd0557337035d29a960,786b68c56671019577f9316418dd21c8527415b8142fbb72f43c94ccd68d1093,580162,1716143232000000000,300
OB/productcatalogservice_loss/5,OB,productcatalogservice,loss,5,300,300,incident,0.5,6,0.5,baro,1,1.0,1.0,0.0,1,1,1,13,87.88990002358332,productcatalogservice|paymentservice|emailservice|currencyservice|cartservice,productcatalogservice_mem,0.4675,6,6,0.49944444444444447,0.43555555555555553,6,6,6,0.5,baseline-v2-20260723,cd270e7871bd358937d83d9a49829637fa80007d2964084ef229f578e3733bd3,ba75425861a059dafcc477474fc3e4ed1eafdc2b47d6fdd0557337035d29a960,786b68c56671019577f9316418dd21c8527415b8142fbb72f43c94ccd68d1093,580162,1716143232000000000,300
OB/productcatalogservice_loss/5,OB,productcatalogservice,loss,5,300,300,incident,0.5,6,0.5,median_shift,10,0.1,0.0,0.75,0,0,0,13,11.429900012444705,main|currencyservice|adservice|shippingservice|redis,main_mem,0.4675,6,6,0.49944444444444447,0.43555555555555553,6,6,6,0.5,baseline-v2-20260723,cd270e7871bd358937d83d9a49829637fa80007d2964084ef229f578e3733bd3,ba75425861a059dafcc477474fc3e4ed1eafdc2b47d6fdd0557337035d29a960,786b68c56671019577f9316418dd21c8527415b8142fbb72f43c94ccd68d1093,580162,1716143232000000000,300
OB/productcatalogservice_loss/5,OB,productcatalogservice,loss,5,300,300,incident,0.5,6,0.5,nsigma,4,0.25,0.4,0.25,0,0,1,13,70.11229998897761,main|adservice|emailservice|productcatalogservice|currencyservice,main_mem,0.4675,6,6,0.49944444444444447,0.43555555555555553,6,6,6,0.5,baseline-v2-20260723,cd270e7871bd358937d83d9a49829637fa80007d2964084ef229f578e3733bd3,ba75425861a059dafcc477474fc3e4ed1eafdc2b47d6fdd0557337035d29a960,786b68c56671019577f9316418dd21c8527415b8142fbb72f43c94ccd68d1093,580162,1716143232000000000,300
OB/productcatalogservice_loss/5,OB,productcatalogservice,loss,5,300,300,incident,0.5,7,0.5,baro,9,0.1111111111111111,0.0,0.6666666666666666,0,0,0,13,64.87409997498617,currencyservice|shippingservice|frontend-external|checkoutservice|paymentservice,currencyservice_latency-50,0.4625,6,6,0.49,0.435,6,6,6,0.5,baseline-v2-20260723,cd270e7871bd358937d83d9a49829637fa80007d2964084ef229f578e3733bd3,ba75425861a059dafcc477474fc3e4ed1eafdc2b47d6fdd0557337035d29a960,786b68c56671019577f9316418dd21c8527415b8142fbb72f43c94ccd68d1093,580162,1716143232000000000,300
OB/productcatalogservice_loss/5,OB,productcatalogservice,loss,5,300,300,incident,0.5,7,0.5,median_shift,10,0.1,0.0,0.75,0,0,0,13,10.755700001027435,main|shippingservice|currencyservice|redis|adservice,main_mem,0.4625,6,6,0.49,0.435,6,6,6,0.5,baseline-v2-20260723,cd270e7871bd358937d83d9a49829637fa80007d2964084ef229f578e3733bd3,ba75425861a059dafcc477474fc3e4ed1eafdc2b47d6fdd0557337035d29a960,786b68c56671019577f9316418dd21c8527415b8142fbb72f43c94ccd68d1093,580162,1716143232000000000,300
OB/productcatalogservice_loss/5,OB,productcatalogservice,loss,5,300,300,incident,0.5,7,0.5,nsigma,7,0.14285714285714285,0.0,0.5,0,0,0,13,54.504400002770126,main|currencyservice|adservice|cartservice|checkoutservice,main_mem,0.4625,6,6,0.49,0.435,6,6,6,0.5,baseline-v2-20260723,cd270e7871bd358937d83d9a49829637fa80007d2964084ef229f578e3733bd3,ba75425861a059dafcc477474fc3e4ed1eafdc2b47d6fdd0557337035d29a960,786b68c56671019577f9316418dd21c8527415b8142fbb72f43c94ccd68d1093,580162,1716143232000000000,300
OB/productcatalogservice_loss/5,OB,productcatalogservice,loss,5,300,300,incident,0.5,8,0.5,baro,12,0.08333333333333333,0.0,0.9166666666666666,0,0,0,13,71.75470003858209,adservice|shippingservice|emailservice|paymentservice|cartservice,adservice_latency-90,0.46305555555555555,6,6,0.49333333333333335,0.43277777777777776,6,6,6,0.5,baseline-v2-20260723,cd270e7871bd358937d83d9a49829637fa80007d2964084ef229f578e3733bd3,ba75425861a059dafcc477474fc3e4ed1eafdc2b47d6fdd0557337035d29a960,786b68c56671019577f9316418dd21c8527415b8142fbb72f43c94ccd68d1093,580162,1716143232000000000,300
OB/productcatalogservice_loss/5,OB,productcatalogservice,loss,5,300,300,incident,0.5,8,0.5,median_shift,10,0.1,0.0,0.75,0,0,0,13,15.019199985545129,main|cartservice|shippingservice|currencyservice|redis,main_mem,0.46305555555555555,6,6,0.49333333333333335,0.43277777777777776,6,6,6,0.5,baseline-v2-20260723,cd270e7871bd358937d83d9a49829637fa80007d2964084ef229f578e3733bd3,ba75425861a059dafcc477474fc3e4ed1eafdc2b47d6fdd0557337035d29a960,786b68c56671019577f9316418dd21c8527415b8142fbb72f43c94ccd68d1093,580162,1716143232000000000,300
OB/productcatalogservice_loss/5,OB,productcatalogservice,loss,5,300,300,incident,0.5,8,0.5,nsigma,9,0.1111111111111111,0.0,0.6666666666666666,0,0,0,13,51.36569996830076,adservice|main|recommendationservice|currencyservice|checkoutservice,adservice_latency-90,0.46305555555555555,6,6,0.49333333333333335,0.43277777777777776,6,6,6,0.5,baseline-v2-20260723,cd270e7871bd358937d83d9a49829637fa80007d2964084ef229f578e3733bd3,ba75425861a059dafcc477474fc3e4ed1eafdc2b47d6fdd0557337035d29a960,786b68c56671019577f9316418dd21c8527415b8142fbb72f43c94ccd68d1093,580162,1716143232000000000,300
OB/productcatalogservice_loss/5,OB,productcatalogservice,loss,5,300,300,incident,0.5,9,0.5,baro,5,0.2,0.2,0.3333333333333333,0,0,1,13,97.04249998321757,emailservice|cartservice|checkoutservice|main|productcatalogservice,emailservice_latency-50,0.46416666666666667,6,6,0.5011111111111111,0.4272222222222222,6,6,6,0.5,baseline-v2-20260723,cd270e7871bd358937d83d9a49829637fa80007d2964084ef229f578e3733bd3,ba75425861a059dafcc477474fc3e4ed1eafdc2b47d6fdd0557337035d29a960,786b68c56671019577f9316418dd21c8527415b8142fbb72f43c94ccd68d1093,580162,1716143232000000000,300
OB/productcatalogservice_loss/5,OB,productcatalogservice,loss,5,300,300,incident,0.5,9,0.5,median_shift,8,0.125,0.0,0.5833333333333334,0,0,0,13,11.217299965210259,main|currencyservice|shippingservice|adservice|recommendationservice,main_mem,0.46416666666666667,6,6,0.5011111111111111,0.4272222222222222,6,6,6,0.5,baseline-v2-20260723,cd270e7871bd358937d83d9a49829637fa80007d2964084ef229f578e3733bd3,ba75425861a059dafcc477474fc3e4ed1eafdc2b47d6fdd0557337035d29a960,786b68c56671019577f9316418dd21c8527415b8142fbb72f43c94ccd68d1093,580162,1716143232000000000,300
OB/productcatalogservice_loss/5,OB,productcatalogservice,loss,5,300,300,incident,0.5,9,0.5,nsigma,4,0.25,0.4,0.25,0,0,1,13,70.85630000801757,adservice|main|recommendationservice|productcatalogservice|cartservice,adservice_latency-90,0.46416666666666667,6,6,0.5011111111111111,0.4272222222222222,6,6,6,0.5,baseline-v2-20260723,cd270e7871bd358937d83d9a49829637fa80007d2964084ef229f578e3733bd3,ba75425861a059dafcc477474fc3e4ed1eafdc2b47d6fdd0557337035d29a960,786b68c56671019577f9316418dd21c8527415b8142fbb72f43c94ccd68d1093,580162,1716143232000000000,300
OB/productcatalogservice_loss/5,OB,productcatalogservice,loss,5,300,300,none,0.0,0,0.0,baro,6,0.16666666666666666,0.0,0.4166666666666667,0,0,0,13,98.76669995719567,cartservice|recommendationservice|checkoutservice|adservice|frontend,cartservice_latency-90,1.0,6,6,1.0,1.0,6,6,6,1.0,baseline-v2-20260723,cd270e7871bd358937d83d9a49829637fa80007d2964084ef229f578e3733bd3,ba75425861a059dafcc477474fc3e4ed1eafdc2b47d6fdd0557337035d29a960,786b68c56671019577f9316418dd21c8527415b8142fbb72f43c94ccd68d1093,580162,1716143232000000000,300
OB/productcatalogservice_loss/5,OB,productcatalogservice,loss,5,300,300,none,0.0,0,0.0,median_shift,5,0.2,0.2,0.3333333333333333,0,0,1,13,11.521999957039952,recommendationservice|checkoutservice|frontend|adservice|productcatalogservice,recommendationservice_mem,1.0,6,6,1.0,1.0,6,6,6,1.0,baseline-v2-20260723,cd270e7871bd358937d83d9a49829637fa80007d2964084ef229f578e3733bd3,ba75425861a059dafcc477474fc3e4ed1eafdc2b47d6fdd0557337035d29a960,786b68c56671019577f9316418dd21c8527415b8142fbb72f43c94ccd68d1093,580162,1716143232000000000,300
OB/productcatalogservice_loss/5,OB,productcatalogservice,loss,5,300,300,none,0.0,0,0.0,nsigma,6,0.16666666666666666,0.0,0.4166666666666667,0,0,0,13,111.97369999717921,recommendationservice|checkoutservice|adservice|frontend|cartservice,recommendationservice_latency-90,1.0,6,6,1.0,1.0,6,6,6,1.0,baseline-v2-20260723,cd270e7871bd358937d83d9a49829637fa80007d2964084ef229f578e3733bd3,ba75425861a059dafcc477474fc3e4ed1eafdc2b47d6fdd0557337035d29a960,786b68c56671019577f9316418dd21c8527415b8142fbb72f43c94ccd68d1093,580162,1716143232000000000,300
OB/productcatalogservice_loss/5,OB,productcatalogservice,loss,5,300,300,point,0.1,0,0.1,baro,6,0.16666666666666666,0.0,0.4166666666666667,0,0,0,13,73.53340002009645,cartservice|recommendationservice|checkoutservice|frontend|adservice,cartservice_latency-90,0.9041666666666667,6,6,0.9044444444444445,0.9038888888888889,6,6,6,0.9,baseline-v2-20260723,cd270e7871bd358937d83d9a49829637fa80007d2964084ef229f578e3733bd3,ba75425861a059dafcc477474fc3e4ed1eafdc2b47d6fdd0557337035d29a960,786b68c56671019577f9316418dd21c8527415b8142fbb72f43c94ccd68d1093,580162,1716143232000000000,300
OB/productcatalogservice_loss/5,OB,productcatalogservice,loss,5,300,300,point,0.1,0,0.1,median_shift,5,0.2,0.2,0.3333333333333333,0,0,1,13,11.150799982715398,recommendationservice|checkoutservice|frontend|adservice|productcatalogservice,recommendationservice_mem,0.9041666666666667,6,6,0.9044444444444445,0.9038888888888889,6,6,6,0.9,baseline-v2-20260723,cd270e7871bd358937d83d9a49829637fa80007d2964084ef229f578e3733bd3,ba75425861a059dafcc477474fc3e4ed1eafdc2b47d6fdd0557337035d29a960,786b68c56671019577f9316418dd21c8527415b8142fbb72f43c94ccd68d1093,580162,1716143232000000000,300
OB/productcatalogservice_loss/5,OB,productcatalogservice,loss,5,300,300,point,0.1,0,0.1,nsigma,6,0.16666666666666666,0.0,0.4166666666666667,0,0,0,13,63.99170000804588,recommendationservice|checkoutservice|cartservice|adservice|frontend,recommendationservice_latency-90,0.9041666666666667,6,6,0.9044444444444445,0.9038888888888889,6,6,6,0.9,baseline-v2-20260723,cd270e7871bd358937d83d9a49829637fa80007d2964084ef229f578e3733bd3,ba75425861a059dafcc477474fc3e4ed1eafdc2b47d6fdd0557337035d29a960,786b68c56671019577f9316418dd21c8527415b8142fbb72f43c94ccd68d1093,580162,1716143232000000000,300
OB/productcatalogservice_loss/5,OB,productcatalogservice,loss,5,300,300,point,0.1,1,0.1,baro,6,0.16666666666666666,0.0,0.4166666666666667,0,0,0,13,76.72060001641512,cartservice|recommendationservice|checkoutservice|adservice|frontend,cartservice_latency-90,0.8975,6,6,0.8972222222222223,0.8977777777777778,6,6,6,0.9,baseline-v2-20260723,cd270e7871bd358937d83d9a49829637fa80007d2964084ef229f578e3733bd3,ba75425861a059dafcc477474fc3e4ed1eafdc2b47d6fdd0557337035d29a960,786b68c56671019577f9316418dd21c8527415b8142fbb72f43c94ccd68d1093,580162,1716143232000000000,300
OB/productcatalogservice_loss/5,OB,productcatalogservice,loss,5,300,300,point,0.1,1,0.1,median_shift,5,0.2,0.2,0.3333333333333333,0,0,1,13,11.642900004517287,recommendationservice|checkoutservice|frontend|adservice|productcatalogservice,recommendationservice_mem,0.8975,6,6,0.8972222222222223,0.8977777777777778,6,6,6,0.9,baseline-v2-20260723,cd270e7871bd358937d83d9a49829637fa80007d2964084ef229f578e3733bd3,ba75425861a059dafcc477474fc3e4ed1eafdc2b47d6fdd0557337035d29a960,786b68c56671019577f9316418dd21c8527415b8142fbb72f43c94ccd68d1093,580162,1716143232000000000,300
OB/productcatalogservice_loss/5,OB,productcatalogservice,loss,5,300,300,point,0.1,1,0.1,nsigma,6,0.16666666666666666,0.0,0.4166666666666667,0,0,0,13,52.09150002337992,recommendationservice|checkoutservice|cartservice|adservice|frontend,recommendationservice_latency-90,0.8975,6,6,0.8972222222222223,0.8977777777777778,6,6,6,0.9,baseline-v2-20260723,cd270e7871bd358937d83d9a49829637fa80007d2964084ef229f578e3733bd3,ba75425861a059dafcc477474fc3e4ed1eafdc2b47d6fdd0557337035d29a960,786b68c56671019577f9316418dd21c8527415b8142fbb72f43c94ccd68d1093,580162,1716143232000000000,300
OB/productcatalogservice_loss/5,OB,productcatalogservice,loss,5,300,300,point,0.1,2,0.1,baro,6,0.16666666666666666,0.0,0.4166666666666667,0,0,0,13,82.18399999896064,cartservice|recommendationservice|checkoutservice|adservice|frontend,cartservice_latency-90,0.9005555555555556,6,6,0.9094444444444445,0.8916666666666667,6,6,6,0.9,baseline-v2-20260723,cd270e7871bd358937d83d9a49829637fa80007d2964084ef229f578e3733bd3,ba75425861a059dafcc477474fc3e4ed1eafdc2b47d6fdd0557337035d29a960,786b68c56671019577f9316418dd21c8527415b8142fbb72f43c94ccd68d1093,580162,1716143232000000000,300
OB/productcatalogservice_loss/5,OB,productcatalogservice,loss,5,300,300,point,0.1,2,0.1,median_shift,5,0.2,0.2,0.3333333333333333,0,0,1,13,11.858300014864653,recommendationservice|checkoutservice|adservice|frontend|productcatalogservice,recommendationservice_mem,0.9005555555555556,6,6,0.9094444444444445,0.8916666666666667,6,6,6,0.9,baseline-v2-20260723,cd270e7871bd358937d83d9a49829637fa80007d2964084ef229f578e3733bd3,ba75425861a059dafcc477474fc3e4ed1eafdc2b47d6fdd0557337035d29a960,786b68c56671019577f9316418dd21c8527415b8142fbb72f43c94ccd68d1093,580162,1716143232000000000,300
OB/productcatalogservice_loss/5,OB,productcatalogservice,loss,5,300,300,point,0.1,2,0.1,nsigma,6,0.16666666666666666,0.0,0.4166666666666667,0,0,0,13,53.406500024721026,recommendationservice|checkoutservice|adservice|frontend|cartservice,recommendationservice_latency-90,0.9005555555555556,6,6,0.9094444444444445,0.8916666666666667,6,6,6,0.9,baseline-v2-20260723,cd270e7871bd358937d83d9a49829637fa80007d2964084ef229f578e3733bd3,ba75425861a059dafcc477474fc3e4ed1eafdc2b47d6fdd0557337035d29a960,786b68c56671019577f9316418dd21c8527415b8142fbb72f43c94ccd68d1093,580162,1716143232000000000,300
OB/productcatalogservice_loss/5,OB,productcatalogservice,loss,5,300,300,point,0.1,3,0.1,baro,6,0.16666666666666666,0.0,0.4166666666666667,0,0,0,13,66.33110000984743,cartservice|recommendationservice|checkoutservice|adservice|frontend,cartservice_latency-90,0.9052777777777777,6,6,0.9077777777777778,0.9027777777777778,6,6,6,0.9,baseline-v2-20260723,cd270e7871bd358937d83d9a49829637fa80007d2964084ef229f578e3733bd3,ba75425861a059dafcc477474fc3e4ed1eafdc2b47d6fdd0557337035d29a960,786b68c56671019577f9316418dd21c8527415b8142fbb72f43c94ccd68d1093,580162,1716143232000000000,300
OB/productcatalogservice_loss/5,OB,productcatalogservice,loss,5,300,300,point,0.1,3,0.1,median_shift,5,0.2,0.2,0.3333333333333333,0,0,1,13,12.96560000628233,recommendationservice|checkoutservice|frontend|adservice|productcatalogservice,recommendationservice_mem,0.9052777777777777,6,6,0.9077777777777778,0.9027777777777778,6,6,6,0.9,baseline-v2-20260723,cd270e7871bd358937d83d9a49829637fa80007d2964084ef229f578e3733bd3,ba75425861a059dafcc477474fc3e4ed1eafdc2b47d6fdd0557337035d29a960,786b68c56671019577f9316418dd21c8527415b8142fbb72f43c94ccd68d1093,580162,1716143232000000000,300
OB/productcatalogservice_loss/5,OB,productcatalogservice,loss,5,300,300,point,0.1,3,0.1,nsigma,6,0.16666666666666666,0.0,0.4166666666666667,0,0,0,13,66.36220001382753,recommendationservice|checkoutservice|adservice|frontend|cartservice,recommendationservice_latency-90,0.9052777777777777,6,6,0.9077777777777778,0.9027777777777778,6,6,6,0.9,baseline-v2-20260723,cd270e7871bd358937d83d9a49829637fa80007d2964084ef229f578e3733bd3,ba75425861a059dafcc477474fc3e4ed1eafdc2b47d6fdd0557337035d29a960,786b68c56671019577f9316418dd21c8527415b8142fbb72f43c94ccd68d1093,580162,1716143232000000000,300
OB/productcatalogservice_loss/5,OB,productcatalogservice,loss,5,300,300,point,0.1,4,0.1,baro,6,0.16666666666666666,0.0,0.4166666666666667,0,0,0,13,73.14500003121793,cartservice|recommendationservice|checkoutservice|adservice|frontend,cartservice_latency-90,0.8980555555555556,6,6,0.8972222222222223,0.8988888888888888,6,6,6,0.9,baseline-v2-20260723,cd270e7871bd358937d83d9a49829637fa80007d2964084ef229f578e3733bd3,ba75425861a059dafcc477474fc3e4ed1eafdc2b47d6fdd0557337035d29a960,786b68c56671019577f9316418dd21c8527415b8142fbb72f43c94ccd68d1093,580162,1716143232000000000,300
OB/productcatalogservice_loss/5,OB,productcatalogservice,loss,5,300,300,point,0.1,4,0.1,median_shift,5,0.2,0.2,0.3333333333333333,0,0,1,13,11.463899980299175,recommendationservice|checkoutservice|frontend|adservice|productcatalogservice,recommendationservice_mem,0.8980555555555556,6,6,0.8972222222222223,0.8988888888888888,6,6,6,0.9,baseline-v2-20260723,cd270e7871bd358937d83d9a49829637fa80007d2964084ef229f578e3733bd3,ba75425861a059dafcc477474fc3e4ed1eafdc2b47d6fdd0557337035d29a960,786b68c56671019577f9316418dd21c8527415b8142fbb72f43c94ccd68d1093,580162,1716143232000000000,300
OB/productcatalogservice_loss/5,OB,productcatalogservice,loss,5,300,300,point,0.1,4,0.1,nsigma,6,0.16666666666666666,0.0,0.4166666666666667,0,0,0,13,53.12009999761358,recommendationservice|checkoutservice|adservice|frontend|cartservice,recommendationservice_latency-90,0.8980555555555556,6,6,0.8972222222222223,0.8988888888888888,6,6,6,0.9,baseline-v2-20260723,cd270e7871bd358937d83d9a49829637fa80007d2964084ef229f578e3733bd3,ba75425861a059dafcc477474fc3e4ed1eafdc2b47d6fdd0557337035d29a960,786b68c56671019577f9316418dd21c8527415b8142fbb72f43c94ccd68d1093,580162,1716143232000000000,300
OB/productcatalogservice_loss/5,OB,productcatalogservice,loss,5,300,300,point,0.1,5,0.1,baro,6,0.16666666666666666,0.0,0.4166666666666667,0,0,0,13,89.25560000352561,cartservice|recommendationservice|checkoutservice|adservice|frontend,cartservice_latency-90,0.9013888888888889,6,6,0.9011111111111111,0.9016666666666666,6,6,6,0.9,baseline-v2-20260723,cd270e7871bd358937d83d9a49829637fa80007d2964084ef229f578e3733bd3,ba75425861a059dafcc477474fc3e4ed1eafdc2b47d6fdd0557337035d29a960,786b68c56671019577f9316418dd21c8527415b8142fbb72f43c94ccd68d1093,580162,1716143232000000000,300
OB/productcatalogservice_loss/5,OB,productcatalogservice,loss,5,300,300,point,0.1,5,0.1,median_shift,5,0.2,0.2,0.3333333333333333,0,0,1,13,11.251999996602535,recommendationservice|checkoutservice|frontend|adservice|productcatalogservice,recommendationservice_mem,0.9013888888888889,6,6,0.9011111111111111,0.9016666666666666,6,6,6,0.9,baseline-v2-20260723,cd270e7871bd358937d83d9a49829637fa80007d2964084ef229f578e3733bd3,ba75425861a059dafcc477474fc3e4ed1eafdc2b47d6fdd0557337035d29a960,786b68c56671019577f9316418dd21c8527415b8142fbb72f43c94ccd68d1093,580162,1716143232000000000,300
OB/productcatalogservice_loss/5,OB,productcatalogservice,loss,5,300,300,point,0.1,5,0.1,nsigma,6,0.16666666666666666,0.0,0.4166666666666667,0,0,0,13,59.33710001409054,recommendationservice|checkoutservice|adservice|frontend|cartservice,recommendationservice_latency-90,0.9013888888888889,6,6,0.9011111111111111,0.9016666666666666,6,6,6,0.9,baseline-v2-20260723,cd270e7871bd358937d83d9a49829637fa80007d2964084ef229f578e3733bd3,ba75425861a059dafcc477474fc3e4ed1eafdc2b47d6fdd0557337035d29a960,786b68c56671019577f9316418dd21c8527415b8142fbb72f43c94ccd68d1093,580162,1716143232000000000,300
OB/productcatalogservice_loss/5,OB,productcatalogservice,loss,5,300,300,point,0.1,6,0.1,baro,6,0.16666666666666666,0.0,0.4166666666666667,0,0,0,13,66.66899996344,cartservice|recommendationservice|checkoutservice|adservice|frontend,cartservice_latency-90,0.9033333333333333,6,6,0.9116666666666666,0.895,6,6,6,0.9,baseline-v2-20260723,cd270e7871bd358937d83d9a49829637fa80007d2964084ef229f578e3733bd3,ba75425861a059dafcc477474fc3e4ed1eafdc2b47d6fdd0557337035d29a960,786b68c56671019577f9316418dd21c8527415b8142fbb72f43c94ccd68d1093,580162,1716143232000000000,300
OB/productcatalogservice_loss/5,OB,productcatalogservice,loss,5,300,300,point,0.1,6,0.1,median_shift,5,0.2,0.2,0.3333333333333333,0,0,1,13,17.851000011432916,recommendationservice|checkoutservice|frontend|adservice|productcatalogservice,recommendationservice_mem,0.9033333333333333,6,6,0.9116666666666666,0.895,6,6,6,0.9,baseline-v2-20260723,cd270e7871bd358937d83d9a49829637fa80007d2964084ef229f578e3733bd3,ba75425861a059dafcc477474fc3e4ed1eafdc2b47d6fdd0557337035d29a960,786b68c56671019577f9316418dd21c8527415b8142fbb72f43c94ccd68d1093,580162,1716143232000000000,300
OB/productcatalogservice_loss/5,OB,productcatalogservice,loss,5,300,300,point,0.1,6,0.1,nsigma,6,0.16666666666666666,0.0,0.4166666666666667,0,0,0,13,61.2276999745518,recommendationservice|checkoutservice|adservice|frontend|cartservice,recommendationservice_latency-90,0.9033333333333333,6,6,0.9116666666666666,0.895,6,6,6,0.9,baseline-v2-20260723,cd270e7871bd358937d83d9a49829637fa80007d2964084ef229f578e3733bd3,ba75425861a059dafcc477474fc3e4ed1eafdc2b47d6fdd0557337035d29a960,786b68c56671019577f9316418dd21c8527415b8142fbb72f43c94ccd68d1093,580162,1716143232000000000,300
OB/productcatalogservice_loss/5,OB,productcatalogservice,loss,5,300,300,point,0.1,7,0.1,baro,6,0.16666666666666666,0.0,0.4166666666666667,0,0,0,13,72.06999999471009,cartservice|recommendationservice|checkoutservice|adservice|frontend,cartservice_latency-90,0.8902777777777777,6,6,0.89,0.8905555555555555,6,6,6,0.9,baseline-v2-20260723,cd270e7871bd358937d83d9a49829637fa80007d2964084ef229f578e3733bd3,ba75425861a059dafcc477474fc3e4ed1eafdc2b47d6fdd0557337035d29a960,786b68c56671019577f9316418dd21c8527415b8142fbb72f43c94ccd68d1093,580162,1716143232000000000,300
OB/productcatalogservice_loss/5,OB,productcatalogservice,loss,5,300,300,point,0.1,7,0.1,median_shift,5,0.2,0.2,0.3333333333333333,0,0,1,13,11.154099949635565,recommendationservice|checkoutservice|frontend|adservice|productcatalogservice,recommendationservice_mem,0.8902777777777777,6,6,0.89,0.8905555555555555,6,6,6,0.9,baseline-v2-20260723,cd270e7871bd358937d83d9a49829637fa80007d2964084ef229f578e3733bd3,ba75425861a059dafcc477474fc3e4ed1eafdc2b47d6fdd0557337035d29a960,786b68c56671019577f9316418dd21c8527415b8142fbb72f43c94ccd68d1093,580162,1716143232000000000,300
OB/productcatalogservice_loss/5,OB,productcatalogservice,loss,5,300,300,point,0.1,7,0.1,nsigma,6,0.16666666666666666,0.0,0.4166666666666667,0,0,0,13,69.64820000575855,recommendationservice|checkoutservice|adservice|frontend|cartservice,recommendationservice_latency-90,0.8902777777777777,6,6,0.89,0.8905555555555555,6,6,6,0.9,baseline-v2-20260723,cd270e7871bd358937d83d9a49829637fa80007d2964084ef229f578e3733bd3,ba75425861a059dafcc477474fc3e4ed1eafdc2b47d6fdd0557337035d29a960,786b68c56671019577f9316418dd21c8527415b8142fbb72f43c94ccd68d1093,580162,1716143232000000000,300
OB/productcatalogservice_loss/5,OB,productcatalogservice,loss,5,300,300,point,0.1,8,0.1,baro,6,0.16666666666666666,0.0,0.4166666666666667,0,0,0,13,76.62579999305308,cartservice|recommendationservice|checkoutservice|adservice|frontend,cartservice_latency-90,0.9038888888888889,6,6,0.9072222222222223,0.9005555555555556,6,6,6,0.9,baseline-v2-20260723,cd270e7871bd358937d83d9a49829637fa80007d2964084ef229f578e3733bd3,ba75425861a059dafcc477474fc3e4ed1eafdc2b47d6fdd0557337035d29a960,786b68c56671019577f9316418dd21c8527415b8142fbb72f43c94ccd68d1093,580162,1716143232000000000,300
OB/productcatalogservice_loss/5,OB,productcatalogservice,loss,5,300,300,point,0.1,8,0.1,median_shift,5,0.2,0.2,0.3333333333333333,0,0,1,13,11.32839999627322,recommendationservice|checkoutservice|frontend|adservice|productcatalogservice,recommendationservice_mem,0.9038888888888889,6,6,0.9072222222222223,0.9005555555555556,6,6,6,0.9,baseline-v2-20260723,cd270e7871bd358937d83d9a49829637fa80007d2964084ef229f578e3733bd3,ba75425861a059dafcc477474fc3e4ed1eafdc2b47d6fdd0557337035d29a960,786b68c56671019577f9316418dd21c8527415b8142fbb72f43c94ccd68d1093,580162,1716143232000000000,300
OB/productcatalogservice_loss/5,OB,productcatalogservice,loss,5,300,300,point,0.1,8,0.1,nsigma,6,0.16666666666666666,0.0,0.4166666666666667,0,0,0,13,66.5584999951534,recommendationservice|checkoutservice|adservice|frontend|cartservice,recommendationservice_latency-90,0.9038888888888889,6,6,0.9072222222222223,0.9005555555555556,6,6,6,0.9,baseline-v2-20260723,cd270e7871bd358937d83d9a49829637fa80007d2964084ef229f578e3733bd3,ba75425861a059dafcc477474fc3e4ed1eafdc2b47d6fdd0557337035d29a960,786b68c56671019577f9316418dd21c8527415b8142fbb72f43c94ccd68d1093,580162,1716143232000000000,300
OB/productcatalogservice_loss/5,OB,productcatalogservice,loss,5,300,300,point,0.1,9,0.1,baro,6,0.16666666666666666,0.0,0.4166666666666667,0,0,0,13,86.7871000082232,cartservice|recommendationservice|checkoutservice|adservice|frontend,cartservice_latency-90,0.9041666666666667,6,6,0.9072222222222223,0.9011111111111111,6,6,6,0.9,baseline-v2-20260723,cd270e7871bd358937d83d9a49829637fa80007d2964084ef229f578e3733bd3,ba75425861a059dafcc477474fc3e4ed1eafdc2b47d6fdd0557337035d29a960,786b68c56671019577f9316418dd21c8527415b8142fbb72f43c94ccd68d1093,580162,1716143232000000000,300
OB/productcatalogservice_loss/5,OB,productcatalogservice,loss,5,300,300,point,0.1,9,0.1,median_shift,5,0.2,0.2,0.3333333333333333,0,0,1,13,11.160699999891222,recommendationservice|checkoutservice|frontend|adservice|productcatalogservice,recommendationservice_mem,0.9041666666666667,6,6,0.9072222222222223,0.9011111111111111,6,6,6,0.9,baseline-v2-20260723,cd270e7871bd358937d83d9a49829637fa80007d2964084ef229f578e3733bd3,ba75425861a059dafcc477474fc3e4ed1eafdc2b47d6fdd0557337035d29a960,786b68c56671019577f9316418dd21c8527415b8142fbb72f43c94ccd68d1093,580162,1716143232000000000,300
OB/productcatalogservice_loss/5,OB,productcatalogservice,loss,5,300,300,point,0.1,9,0.1,nsigma,6,0.16666666666666666,0.0,0.4166666666666667,0,0,0,13,73.61699995817617,recommendationservice|checkoutservice|adservice|frontend|cartservice,recommendationservice_latency-90,0.9041666666666667,6,6,0.9072222222222223,0.9011111111111111,6,6,6,0.9,baseline-v2-20260723,cd270e7871bd358937d83d9a49829637fa80007d2964084ef229f578e3733bd3,ba75425861a059dafcc477474fc3e4ed1eafdc2b47d6fdd0557337035d29a960,786b68c56671019577f9316418dd21c8527415b8142fbb72f43c94ccd68d1093,580162,1716143232000000000,300
OB/productcatalogservice_loss/5,OB,productcatalogservice,loss,5,300,300,point,0.3,0,0.3,baro,6,0.16666666666666666,0.0,0.4166666666666667,0,0,0,13,75.46500000171363,cartservice|recommendationservice|checkoutservice|adservice|frontend,cartservice_latency-90,0.71,6,6,0.705,0.715,6,6,6,0.7,baseline-v2-20260723,cd270e7871bd358937d83d9a49829637fa80007d2964084ef229f578e3733bd3,ba75425861a059dafcc477474fc3e4ed1eafdc2b47d6fdd0557337035d29a960,786b68c56671019577f9316418dd21c8527415b8142fbb72f43c94ccd68d1093,580162,1716143232000000000,300
OB/productcatalogservice_loss/5,OB,productcatalogservice,loss,5,300,300,point,0.3,0,0.3,median_shift,5,0.2,0.2,0.3333333333333333,0,0,1,13,11.17430004524067,recommendationservice|checkoutservice|frontend|adservice|productcatalogservice,recommendationservice_mem,0.71,6,6,0.705,0.715,6,6,6,0.7,baseline-v2-20260723,cd270e7871bd358937d83d9a49829637fa80007d2964084ef229f578e3733bd3,ba75425861a059dafcc477474fc3e4ed1eafdc2b47d6fdd0557337035d29a960,786b68c56671019577f9316418dd21c8527415b8142fbb72f43c94ccd68d1093,580162,1716143232000000000,300
OB/productcatalogservice_loss/5,OB,productcatalogservice,loss,5,300,300,point,0.3,0,0.3,nsigma,6,0.16666666666666666,0.0,0.4166666666666667,0,0,0,13,67.64549994841218,recommendationservice|checkoutservice|adservice|frontend|cartservice,recommendationservice_latency-90,0.71,6,6,0.705,0.715,6,6,6,0.7,baseline-v2-20260723,cd270e7871bd358937d83d9a49829637fa80007d2964084ef229f578e3733bd3,ba75425861a059dafcc477474fc3e4ed1eafdc2b47d6fdd0557337035d29a960,786b68c56671019577f9316418dd21c8527415b8142fbb72f43c94ccd68d1093,580162,1716143232000000000,300
OB/productcatalogservice_loss/5,OB,productcatalogservice,loss,5,300,300,point,0.3,1,0.3,baro,6,0.16666666666666666,0.0,0.4166666666666667,0,0,0,13,79.23339999979362,cartservice|recommendationservice|checkoutservice|adservice|frontend,cartservice_latency-90,0.7044444444444444,6,6,0.7055555555555556,0.7033333333333334,6,6,6,0.7,baseline-v2-20260723,cd270e7871bd358937d83d9a49829637fa80007d2964084ef229f578e3733bd3,ba75425861a059dafcc477474fc3e4ed1eafdc2b47d6fdd0557337035d29a960,786b68c56671019577f9316418dd21c8527415b8142fbb72f43c94ccd68d1093,580162,1716143232000000000,300
OB/productcatalogservice_loss/5,OB,productcatalogservice,loss,5,300,300,point,0.3,1,0.3,median_shift,5,0.2,0.2,0.3333333333333333,0,0,1,13,13.676900009158999,checkoutservice|recommendationservice|adservice|frontend|productcatalogservice,checkoutservice_latency-90,0.7044444444444444,6,6,0.7055555555555556,0.7033333333333334,6,6,6,0.7,baseline-v2-20260723,cd270e7871bd358937d83d9a49829637fa80007d2964084ef229f578e3733bd3,ba75425861a059dafcc477474fc3e4ed1eafdc2b47d6fdd0557337035d29a960,786b68c56671019577f9316418dd21c8527415b8142fbb72f43c94ccd68d1093,580162,1716143232000000000,300
OB/productcatalogservice_loss/5,OB,productcatalogservice,loss,5,300,300,point,0.3,1,0.3,nsigma,6,0.16666666666666666,0.0,0.4166666666666667,0,0,0,13,53.12890000641346,recommendationservice|checkoutservice|adservice|cartservice|frontend,recommendationservice_latency-90,0.7044444444444444,6,6,0.7055555555555556,0.7033333333333334,6,6,6,0.7,baseline-v2-20260723,cd270e7871bd358937d83d9a49829637fa80007d2964084ef229f578e3733bd3,ba75425861a059dafcc477474fc3e4ed1eafdc2b47d6fdd0557337035d29a960,786b68c56671019577f9316418dd21c8527415b8142fbb72f43c94ccd68d1093,580162,1716143232000000000,300
OB/productcatalogservice_loss/5,OB,productcatalogservice,loss,5,300,300,point,0.3,2,0.3,baro,6,0.16666666666666666,0.0,0.4166666666666667,0,0,0,13,81.16780000273138,cartservice|recommendationservice|checkoutservice|adservice|frontend,cartservice_latency-90,0.6933333333333334,6,6,0.6972222222222222,0.6894444444444444,6,6,6,0.7,baseline-v2-20260723,cd270e7871bd358937d83d9a49829637fa80007d2964084ef229f578e3733bd3,ba75425861a059dafcc477474fc3e4ed1eafdc2b47d6fdd0557337035d29a960,786b68c56671019577f9316418dd21c8527415b8142fbb72f43c94ccd68d1093,580162,1716143232000000000,300
OB/productcatalogservice_loss/5,OB,productcatalogservice,loss,5,300,300,point,0.3,2,0.3,median_shift,5,0.2,0.2,0.3333333333333333,0,0,1,13,11.49720000103116,recommendationservice|checkoutservice|frontend|adservice|productcatalogservice,recommendationservice_mem,0.6933333333333334,6,6,0.6972222222222222,0.6894444444444444,6,6,6,0.7,baseline-v2-20260723,cd270e7871bd358937d83d9a49829637fa80007d2964084ef229f578e3733bd3,ba75425861a059dafcc477474fc3e4ed1eafdc2b47d6fdd0557337035d29a960,786b68c56671019577f9316418dd21c8527415b8142fbb72f43c94ccd68d1093,580162,1716143232000000000,300
OB/productcatalogservice_loss/5,OB,productcatalogservice,loss,5,300,300,point,0.3,2,0.3,nsigma,6,0.16666666666666666,0.0,0.4166666666666667,0,0,0,13,78.62960000056773,recommendationservice|checkoutservice|adservice|frontend|cartservice,recommendationservice_latency-90,0.6933333333333334,6,6,0.6972222222222222,0.6894444444444444,6,6,6,0.7,baseline-v2-20260723,cd270e7871bd358937d83d9a49829637fa80007d2964084ef229f578e3733bd3,ba75425861a059dafcc477474fc3e4ed1eafdc2b47d6fdd0557337035d29a960,786b68c56671019577f9316418dd21c8527415b8142fbb72f43c94ccd68d1093,580162,1716143232000000000,300
OB/productcatalogservice_loss/5,OB,productcatalogservice,loss,5,300,300,point,0.3,3,0.3,baro,6,0.16666666666666666,0.0,0.4166666666666667,0,0,0,13,66.37239997508004,cartservice|checkoutservice|recommendationservice|adservice|frontend,cartservice_latency-90,0.6977777777777778,6,6,0.6922222222222222,0.7033333333333334,6,6,6,0.7,baseline-v2-20260723,cd270e7871bd358937d83d9a49829637fa80007d2964084ef229f578e3733bd3,ba75425861a059dafcc477474fc3e4ed1eafdc2b47d6fdd0557337035d29a960,786b68c56671019577f9316418dd21c8527415b8142fbb72f43c94ccd68d1093,580162,1716143232000000000,300
OB/productcatalogservice_loss/5,OB,productcatalogservice,loss,5,300,300,point,0.3,3,0.3,median_shift,5,0.2,0.2,0.3333333333333333,0,0,1,13,11.23200001893565,recommendationservice|checkoutservice|frontend|adservice|productcatalogservice,recommendationservice_mem,0.6977777777777778,6,6,0.6922222222222222,0.7033333333333334,6,6,6,0.7,baseline-v2-20260723,cd270e7871bd358937d83d9a49829637fa80007d2964084ef229f578e3733bd3,ba75425861a059dafcc477474fc3e4ed1eafdc2b47d6fdd0557337035d29a960,786b68c56671019577f9316418dd21c8527415b8142fbb72f43c94ccd68d1093,580162,1716143232000000000,300
OB/productcatalogservice_loss/5,OB,productcatalogservice,loss,5,300,300,point,0.3,3,0.3,nsigma,6,0.16666666666666666,0.0,0.4166666666666667,0,0,0,13,68.55349999386817,recommendationservice|checkoutservice|adservice|cartservice|frontend,recommendationservice_latency-90,0.6977777777777778,6,6,0.6922222222222222,0.7033333333333334,6,6,6,0.7,baseline-v2-20260723,cd270e7871bd358937d83d9a49829637fa80007d2964084ef229f578e3733bd3,ba75425861a059dafcc477474fc3e4ed1eafdc2b47d6fdd0557337035d29a960,786b68c56671019577f9316418dd21c8527415b8142fbb72f43c94ccd68d1093,580162,1716143232000000000,300
OB/productcatalogservice_loss/5,OB,productcatalogservice,loss,5,300,300,point,0.3,4,0.3,baro,6,0.16666666666666666,0.0,0.4166666666666667,0,0,0,13,66.76070002140477,cartservice|recommendationservice|checkoutservice|adservice|frontend,cartservice_latency-90,0.69,6,6,0.6966666666666667,0.6833333333333333,6,6,6,0.7,baseline-v2-20260723,cd270e7871bd358937d83d9a49829637fa80007d2964084ef229f578e3733bd3,ba75425861a059dafcc477474fc3e4ed1eafdc2b47d6fdd0557337035d29a960,786b68c56671019577f9316418dd21c8527415b8142fbb72f43c94ccd68d1093,580162,1716143232000000000,300
OB/productcatalogservice_loss/5,OB,productcatalogservice,loss,5,300,300,point,0.3,4,0.3,median_shift,5,0.2,0.2,0.3333333333333333,0,0,1,13,13.984400022309273,recommendationservice|checkoutservice|frontend|adservice|productcatalogservice,recommendationservice_mem,0.69,6,6,0.6966666666666667,0.6833333333333333,6,6,6,0.7,baseline-v2-20260723,cd270e7871bd358937d83d9a49829637fa80007d2964084ef229f578e3733bd3,ba75425861a059dafcc477474fc3e4ed1eafdc2b47d6fdd0557337035d29a960,786b68c56671019577f9316418dd21c8527415b8142fbb72f43c94ccd68d1093,580162,1716143232000000000,300
OB/productcatalogservice_loss/5,OB,productcatalogservice,loss,5,300,300,point,0.3,4,0.3,nsigma,6,0.16666666666666666,0.0,0.4166666666666667,0,0,0,13,53.28890000237152,recommendationservice|checkoutservice|adservice|frontend|cartservice,recommendationservice_latency-90,0.69,6,6,0.6966666666666667,0.6833333333333333,6,6,6,0.7,baseline-v2-20260723,cd270e7871bd358937d83d9a49829637fa80007d2964084ef229f578e3733bd3,ba75425861a059dafcc477474fc3e4ed1eafdc2b47d6fdd0557337035d29a960,786b68c56671019577f9316418dd21c8527415b8142fbb72f43c94ccd68d1093,580162,1716143232000000000,300
OB/productcatalogservice_loss/5,OB,productcatalogservice,loss,5,300,300,point,0.3,5,0.3,baro,6,0.16666666666666666,0.0,0.4166666666666667,0,0,0,13,62.77750001754612,cartservice|recommendationservice|checkoutservice|adservice|frontend,cartservice_latency-90,0.7061111111111111,6,6,0.6927777777777778,0.7194444444444444,6,6,6,0.7,baseline-v2-20260723,cd270e7871bd358937d83d9a49829637fa80007d2964084ef229f578e3733bd3,ba75425861a059dafcc477474fc3e4ed1eafdc2b47d6fdd0557337035d29a960,786b68c56671019577f9316418dd21c8527415b8142fbb72f43c94ccd68d1093,580162,1716143232000000000,300
OB/productcatalogservice_loss/5,OB,productcatalogservice,loss,5,300,300,point,0.3,5,0.3,median_shift,5,0.2,0.2,0.3333333333333333,0,0,1,13,19.867599999997765,recommendationservice|checkoutservice|frontend|adservice|productcatalogservice,recommendationservice_mem,0.7061111111111111,6,6,0.6927777777777778,0.7194444444444444,6,6,6,0.7,baseline-v2-20260723,cd270e7871bd358937d83d9a49829637fa80007d2964084ef229f578e3733bd3,ba75425861a059dafcc477474fc3e4ed1eafdc2b47d6fdd0557337035d29a960,786b68c56671019577f9316418dd21c8527415b8142fbb72f43c94ccd68d1093,580162,1716143232000000000,300
OB/productcatalogservice_loss/5,OB,productcatalogservice,loss,5,300,300,point,0.3,5,0.3,nsigma,6,0.16666666666666666,0.0,0.4166666666666667,0,0,0,13,117.31719999806955,recommendationservice|checkoutservice|adservice|frontend|cartservice,recommendationservice_latency-90,0.7061111111111111,6,6,0.6927777777777778,0.7194444444444444,6,6,6,0.7,baseline-v2-20260723,cd270e7871bd358937d83d9a49829637fa80007d2964084ef229f578e3733bd3,ba75425861a059dafcc477474fc3e4ed1eafdc2b47d6fdd0557337035d29a960,786b68c56671019577f9316418dd21c8527415b8142fbb72f43c94ccd68d1093,580162,1716143232000000000,300
OB/productcatalogservice_loss/5,OB,productcatalogservice,loss,5,300,300,point,0.3,6,0.3,baro,6,0.16666666666666666,0.0,0.4166666666666667,0,0,0,13,62.85240000579506,cartservice|recommendationservice|checkoutservice|adservice|frontend,cartservice_latency-90,0.6930555555555555,6,6,0.6927777777777778,0.6933333333333334,6,6,6,0.7,baseline-v2-20260723,cd270e7871bd358937d83d9a49829637fa80007d2964084ef229f578e3733bd3,ba75425861a059dafcc477474fc3e4ed1eafdc2b47d6fdd0557337035d29a960,786b68c56671019577f9316418dd21c8527415b8142fbb72f43c94ccd68d1093,580162,1716143232000000000,300
OB/productcatalogservice_loss/5,OB,productcatalogservice,loss,5,300,300,point,0.3,6,0.3,median_shift,5,0.2,0.2,0.3333333333333333,0,0,1,13,11.285800021141768,recommendationservice|checkoutservice|adservice|frontend|productcatalogservice,recommendationservice_mem,0.6930555555555555,6,6,0.6927777777777778,0.6933333333333334,6,6,6,0.7,baseline-v2-20260723,cd270e7871bd358937d83d9a49829637fa80007d2964084ef229f578e3733bd3,ba75425861a059dafcc477474fc3e4ed1eafdc2b47d6fdd0557337035d29a960,786b68c56671019577f9316418dd21c8527415b8142fbb72f43c94ccd68d1093,580162,1716143232000000000,300
OB/productcatalogservice_loss/5,OB,productcatalogservice,loss,5,300,300,point,0.3,6,0.3,nsigma,6,0.16666666666666666,0.0,0.4166666666666667,0,0,0,13,50.9390999795869,recommendationservice|checkoutservice|adservice|frontend|cartservice,recommendationservice_latency-90,0.6930555555555555,6,6,0.6927777777777778,0.6933333333333334,6,6,6,0.7,baseline-v2-20260723,cd270e7871bd358937d83d9a49829637fa80007d2964084ef229f578e3733bd3,ba75425861a059dafcc477474fc3e4ed1eafdc2b47d6fdd0557337035d29a960,786b68c56671019577f9316418dd21c8527415b8142fbb72f43c94ccd68d1093,580162,1716143232000000000,300
OB/productcatalogservice_loss/5,OB,productcatalogservice,loss,5,300,300,point,0.3,7,0.3,baro,6,0.16666666666666666,0.0,0.4166666666666667,0,0,0,13,83.61929998500273,cartservice|recommendationservice|checkoutservice|adservice|frontend,cartservice_latency-90,0.715,6,6,0.7238888888888889,0.7061111111111111,6,6,6,0.7,baseline-v2-20260723,cd270e7871bd358937d83d9a49829637fa80007d2964084ef229f578e3733bd3,ba75425861a059dafcc477474fc3e4ed1eafdc2b47d6fdd0557337035d29a960,786b68c56671019577f9316418dd21c8527415b8142fbb72f43c94ccd68d1093,580162,1716143232000000000,300
OB/productcatalogservice_loss/5,OB,productcatalogservice,loss,5,300,300,point,0.3,7,0.3,median_shift,5,0.2,0.2,0.3333333333333333,0,0,1,13,10.77559997793287,recommendationservice|checkoutservice|frontend|adservice|productcatalogservice,recommendationservice_mem,0.715,6,6,0.7238888888888889,0.7061111111111111,6,6,6,0.7,baseline-v2-20260723,cd270e7871bd358937d83d9a49829637fa80007d2964084ef229f578e3733bd3,ba75425861a059dafcc477474fc3e4ed1eafdc2b47d6fdd0557337035d29a960,786b68c56671019577f9316418dd21c8527415b8142fbb72f43c94ccd68d1093,580162,1716143232000000000,300
OB/productcatalogservice_loss/5,OB,productcatalogservice,loss,5,300,300,point,0.3,7,0.3,nsigma,6,0.16666666666666666,0.0,0.4166666666666667,0,0,0,13,56.817099975887686,recommendationservice|checkoutservice|adservice|frontend|cartservice,recommendationservice_latency-90,0.715,6,6,0.7238888888888889,0.7061111111111111,6,6,6,0.7,baseline-v2-20260723,cd270e7871bd358937d83d9a49829637fa80007d2964084ef229f578e3733bd3,ba75425861a059dafcc477474fc3e4ed1eafdc2b47d6fdd0557337035d29a960,786b68c56671019577f9316418dd21c8527415b8142fbb72f43c94ccd68d1093,580162,1716143232000000000,300
OB/productcatalogservice_loss/5,OB,productcatalogservice,loss,5,300,300,point,0.3,8,0.3,baro,6,0.16666666666666666,0.0,0.4166666666666667,0,0,0,13,73.80989997182041,cartservice|recommendationservice|checkoutservice|adservice|frontend,cartservice_latency-90,0.6913888888888889,6,6,0.6972222222222222,0.6855555555555556,6,6,6,0.7,baseline-v2-20260723,cd270e7871bd358937d83d9a49829637fa80007d2964084ef229f578e3733bd3,ba75425861a059dafcc477474fc3e4ed1eafdc2b47d6fdd0557337035d29a960,786b68c56671019577f9316418dd21c8527415b8142fbb72f43c94ccd68d1093,580162,1716143232000000000,300
OB/productcatalogservice_loss/5,OB,productcatalogservice,loss,5,300,300,point,0.3,8,0.3,median_shift,5,0.2,0.2,0.3333333333333333,0,0,1,13,11.07810001121834,checkoutservice|recommendationservice|adservice|frontend|productcatalogservice,checkoutservice_latency-90,0.6913888888888889,6,6,0.6972222222222222,0.6855555555555556,6,6,6,0.7,baseline-v2-20260723,cd270e7871bd358937d83d9a49829637fa80007d2964084ef229f578e3733bd3,ba75425861a059dafcc477474fc3e4ed1eafdc2b47d6fdd0557337035d29a960,786b68c56671019577f9316418dd21c8527415b8142fbb72f43c94ccd68d1093,580162,1716143232000000000,300
OB/productcatalogservice_loss/5,OB,productcatalogservice,loss,5,300,300,point,0.3,8,0.3,nsigma,6,0.16666666666666666,0.0,0.4166666666666667,0,0,0,13,65.26920001488179,recommendationservice|checkoutservice|adservice|frontend|cartservice,recommendationservice_latency-90,0.6913888888888889,6,6,0.6972222222222222,0.6855555555555556,6,6,6,0.7,baseline-v2-20260723,cd270e7871bd358937d83d9a49829637fa80007d2964084ef229f578e3733bd3,ba75425861a059dafcc477474fc3e4ed1eafdc2b47d6fdd0557337035d29a960,786b68c56671019577f9316418dd21c8527415b8142fbb72f43c94ccd68d1093,580162,1716143232000000000,300
OB/productcatalogservice_loss/5,OB,productcatalogservice,loss,5,300,300,point,0.3,9,0.3,baro,6,0.16666666666666666,0.0,0.4166666666666667,0,0,0,13,75.43109997641295,cartservice|checkoutservice|recommendationservice|adservice|frontend,cartservice_latency-90,0.69,6,6,0.6977777777777778,0.6822222222222222,6,6,6,0.7,baseline-v2-20260723,cd270e7871bd358937d83d9a49829637fa80007d2964084ef229f578e3733bd3,ba75425861a059dafcc477474fc3e4ed1eafdc2b47d6fdd0557337035d29a960,786b68c56671019577f9316418dd21c8527415b8142fbb72f43c94ccd68d1093,580162,1716143232000000000,300
OB/productcatalogservice_loss/5,OB,productcatalogservice,loss,5,300,300,point,0.3,9,0.3,median_shift,5,0.2,0.2,0.3333333333333333,0,0,1,13,14.043200004380196,recommendationservice|checkoutservice|frontend|adservice|productcatalogservice,recommendationservice_mem,0.69,6,6,0.6977777777777778,0.6822222222222222,6,6,6,0.7,baseline-v2-20260723,cd270e7871bd358937d83d9a49829637fa80007d2964084ef229f578e3733bd3,ba75425861a059dafcc477474fc3e4ed1eafdc2b47d6fdd0557337035d29a960,786b68c56671019577f9316418dd21c8527415b8142fbb72f43c94ccd68d1093,580162,1716143232000000000,300
OB/productcatalogservice_loss/5,OB,productcatalogservice,loss,5,300,300,point,0.3,9,0.3,nsigma,6,0.16666666666666666,0.0,0.4166666666666667,0,0,0,13,53.59399999724701,recommendationservice|checkoutservice|adservice|frontend|cartservice,recommendationservice_latency-90,0.69,6,6,0.6977777777777778,0.6822222222222222,6,6,6,0.7,baseline-v2-20260723,cd270e7871bd358937d83d9a49829637fa80007d2964084ef229f578e3733bd3,ba75425861a059dafcc477474fc3e4ed1eafdc2b47d6fdd0557337035d29a960,786b68c56671019577f9316418dd21c8527415b8142fbb72f43c94ccd68d1093,580162,1716143232000000000,300
OB/productcatalogservice_loss/5,OB,productcatalogservice,loss,5,300,300,point,0.5,0,0.5,baro,6,0.16666666666666666,0.0,0.4166666666666667,0,0,0,13,69.09130001440644,cartservice|recommendationservice|checkoutservice|adservice|frontend,cartservice_latency-90,0.4905555555555556,6,6,0.4905555555555556,0.4905555555555556,6,6,6,0.5,baseline-v2-20260723,cd270e7871bd358937d83d9a49829637fa80007d2964084ef229f578e3733bd3,ba75425861a059dafcc477474fc3e4ed1eafdc2b47d6fdd0557337035d29a960,786b68c56671019577f9316418dd21c8527415b8142fbb72f43c94ccd68d1093,580162,1716143232000000000,300
OB/productcatalogservice_loss/5,OB,productcatalogservice,loss,5,300,300,point,0.5,0,0.5,median_shift,5,0.2,0.2,0.3333333333333333,0,0,1,13,22.580199991352856,recommendationservice|checkoutservice|frontend|adservice|productcatalogservice,recommendationservice_mem,0.4905555555555556,6,6,0.4905555555555556,0.4905555555555556,6,6,6,0.5,baseline-v2-20260723,cd270e7871bd358937d83d9a49829637fa80007d2964084ef229f578e3733bd3,ba75425861a059dafcc477474fc3e4ed1eafdc2b47d6fdd0557337035d29a960,786b68c56671019577f9316418dd21c8527415b8142fbb72f43c94ccd68d1093,580162,1716143232000000000,300
OB/productcatalogservice_loss/5,OB,productcatalogservice,loss,5,300,300,point,0.5,0,0.5,nsigma,6,0.16666666666666666,0.0,0.4166666666666667,0,0,0,13,54.13489998318255,recommendationservice|checkoutservice|adservice|cartservice|frontend,recommendationservice_latency-90,0.4905555555555556,6,6,0.4905555555555556,0.4905555555555556,6,6,6,0.5,baseline-v2-20260723,cd270e7871bd358937d83d9a49829637fa80007d2964084ef229f578e3733bd3,ba75425861a059dafcc477474fc3e4ed1eafdc2b47d6fdd0557337035d29a960,786b68c56671019577f9316418dd21c8527415b8142fbb72f43c94ccd68d1093,580162,1716143232000000000,300
OB/productcatalogservice_loss/5,OB,productcatalogservice,loss,5,300,300,point,0.5,1,0.5,baro,6,0.16666666666666666,0.0,0.4166666666666667,0,0,0,13,64.93120000232011,cartservice|checkoutservice|recommendationservice|adservice|frontend,cartservice_latency-90,0.5033333333333333,6,6,0.49666666666666665,0.51,6,6,6,0.5,baseline-v2-20260723,cd270e7871bd358937d83d9a49829637fa80007d2964084ef229f578e3733bd3,ba75425861a059dafcc477474fc3e4ed1eafdc2b47d6fdd0557337035d29a960,786b68c56671019577f9316418dd21c8527415b8142fbb72f43c94ccd68d1093,580162,1716143232000000000,300
OB/productcatalogservice_loss/5,OB,productcatalogservice,loss,5,300,300,point,0.5,1,0.5,median_shift,5,0.2,0.2,0.3333333333333333,0,0,1,13,11.705000011716038,recommendationservice|checkoutservice|frontend|adservice|productcatalogservice,recommendationservice_mem,0.5033333333333333,6,6,0.49666666666666665,0.51,6,6,6,0.5,baseline-v2-20260723,cd270e7871bd358937d83d9a49829637fa80007d2964084ef229f578e3733bd3,ba75425861a059dafcc477474fc3e4ed1eafdc2b47d6fdd0557337035d29a960,786b68c56671019577f9316418dd21c8527415b8142fbb72f43c94ccd68d1093,580162,1716143232000000000,300
OB/productcatalogservice_loss/5,OB,productcatalogservice,loss,5,300,300,point,0.5,1,0.5,nsigma,6,0.16666666666666666,0.0,0.4166666666666667,0,0,0,13,53.04460000479594,recommendationservice|checkoutservice|adservice|frontend|cartservice,recommendationservice_latency-90,0.5033333333333333,6,6,0.49666666666666665,0.51,6,6,6,0.5,baseline-v2-20260723,cd270e7871bd358937d83d9a49829637fa80007d2964084ef229f578e3733bd3,ba75425861a059dafcc477474fc3e4ed1eafdc2b47d6fdd0557337035d29a960,786b68c56671019577f9316418dd21c8527415b8142fbb72f43c94ccd68d1093,580162,1716143232000000000,300
OB/productcatalogservice_loss/5,OB,productcatalogservice,loss,5,300,300,point,0.5,2,0.5,baro,6,0.16666666666666666,0.0,0.4166666666666667,0,0,0,13,101.27869999269024,cartservice|checkoutservice|recommendationservice|adservice|frontend,cartservice_latency-90,0.4866666666666667,6,6,0.47944444444444445,0.4938888888888889,6,6,6,0.5,baseline-v2-20260723,cd270e7871bd358937d83d9a49829637fa80007d2964084ef229f578e3733bd3,ba75425861a059dafcc477474fc3e4ed1eafdc2b47d6fdd0557337035d29a960,786b68c56671019577f9316418dd21c8527415b8142fbb72f43c94ccd68d1093,580162,1716143232000000000,300
OB/productcatalogservice_loss/5,OB,productcatalogservice,loss,5,300,300,point,0.5,2,0.5,median_shift,5,0.2,0.2,0.3333333333333333,0,0,1,13,11.931199987884611,checkoutservice|recommendationservice|frontend|adservice|productcatalogservice,checkoutservice_latency-90,0.4866666666666667,6,6,0.47944444444444445,0.4938888888888889,6,6,6,0.5,baseline-v2-20260723,cd270e7871bd358937d83d9a49829637fa80007d2964084ef229f578e3733bd3,ba75425861a059dafcc477474fc3e4ed1eafdc2b47d6fdd0557337035d29a960,786b68c56671019577f9316418dd21c8527415b8142fbb72f43c94ccd68d1093,580162,1716143232000000000,300
OB/productcatalogservice_loss/5,OB,productcatalogservice,loss,5,300,300,point,0.5,2,0.5,nsigma,6,0.16666666666666666,0.0,0.4166666666666667,0,0,0,13,66.61489995894954,recommendationservice|checkoutservice|adservice|cartservice|frontend,recommendationservice_latency-90,0.4866666666666667,6,6,0.47944444444444445,0.4938888888888889,6,6,6,0.5,baseline-v2-20260723,cd270e7871bd358937d83d9a49829637fa80007d2964084ef229f578e3733bd3,ba75425861a059dafcc477474fc3e4ed1eafdc2b47d6fdd0557337035d29a960,786b68c56671019577f9316418dd21c8527415b8142fbb72f43c94ccd68d1093,580162,1716143232000000000,300
OB/productcatalogservice_loss/5,OB,productcatalogservice,loss,5,300,300,point,0.5,3,0.5,baro,6,0.16666666666666666,0.0,0.4166666666666667,0,0,0,13,86.39870001934469,cartservice|recommendationservice|checkoutservice|adservice|frontend,cartservice_latency-90,0.4955555555555556,6,6,0.49333333333333335,0.49777777777777776,6,6,6,0.5,baseline-v2-20260723,cd270e7871bd358937d83d9a49829637fa80007d2964084ef229f578e3733bd3,ba75425861a059dafcc477474fc3e4ed1eafdc2b47d6fdd0557337035d29a960,786b68c56671019577f9316418dd21c8527415b8142fbb72f43c94ccd68d1093,580162,1716143232000000000,300
OB/productcatalogservice_loss/5,OB,productcatalogservice,loss,5,300,300,point,0.5,3,0.5,median_shift,5,0.2,0.2,0.3333333333333333,0,0,1,13,11.189800046849996,recommendationservice|checkoutservice|frontend|adservice|productcatalogservice,recommendationservice_mem,0.4955555555555556,6,6,0.49333333333333335,0.49777777777777776,6,6,6,0.5,baseline-v2-20260723,cd270e7871bd358937d83d9a49829637fa80007d2964084ef229f578e3733bd3,ba75425861a059dafcc477474fc3e4ed1eafdc2b47d6fdd0557337035d29a960,786b68c56671019577f9316418dd21c8527415b8142fbb72f43c94ccd68d1093,580162,1716143232000000000,300
OB/productcatalogservice_loss/5,OB,productcatalogservice,loss,5,300,300,point,0.5,3,0.5,nsigma,6,0.16666666666666666,0.0,0.4166666666666667,0,0,0,13,72.3287999862805,recommendationservice|checkoutservice|cartservice|adservice|frontend,recommendationservice_latency-90,0.4955555555555556,6,6,0.49333333333333335,0.49777777777777776,6,6,6,0.5,baseline-v2-20260723,cd270e7871bd358937d83d9a49829637fa80007d2964084ef229f578e3733bd3,ba75425861a059dafcc477474fc3e4ed1eafdc2b47d6fdd0557337035d29a960,786b68c56671019577f9316418dd21c8527415b8142fbb72f43c94ccd68d1093,580162,1716143232000000000,300
OB/productcatalogservice_loss/5,OB,productcatalogservice,loss,5,300,300,point,0.5,4,0.5,baro,6,0.16666666666666666,0.0,0.4166666666666667,0,0,0,13,76.23260002583265,cartservice|recommendationservice|checkoutservice|adservice|frontend,cartservice_latency-90,0.4963888888888889,6,6,0.5111111111111111,0.4816666666666667,6,6,6,0.5,baseline-v2-20260723,cd270e7871bd358937d83d9a49829637fa80007d2964084ef229f578e3733bd3,ba75425861a059dafcc477474fc3e4ed1eafdc2b47d6fdd0557337035d29a960,786b68c56671019577f9316418dd21c8527415b8142fbb72f43c94ccd68d1093,580162,1716143232000000000,300
OB/productcatalogservice_loss/5,OB,productcatalogservice,loss,5,300,300,point,0.5,4,0.5,median_shift,5,0.2,0.2,0.3333333333333333,0,0,1,13,11.029400047846138,recommendationservice|checkoutservice|adservice|frontend|productcatalogservice,recommendationservice_mem,0.4963888888888889,6,6,0.5111111111111111,0.4816666666666667,6,6,6,0.5,baseline-v2-20260723,cd270e7871bd358937d83d9a49829637fa80007d2964084ef229f578e3733bd3,ba75425861a059dafcc477474fc3e4ed1eafdc2b47d6fdd0557337035d29a960,786b68c56671019577f9316418dd21c8527415b8142fbb72f43c94ccd68d1093,580162,1716143232000000000,300
OB/productcatalogservice_loss/5,OB,productcatalogservice,loss,5,300,300,point,0.5,4,0.5,nsigma,6,0.16666666666666666,0.0,0.4166666666666667,0,0,0,13,66.37020001653582,recommendationservice|checkoutservice|adservice|frontend|cartservice,recommendationservice_latency-90,0.4963888888888889,6,6,0.5111111111111111,0.4816666666666667,6,6,6,0.5,baseline-v2-20260723,cd270e7871bd358937d83d9a49829637fa80007d2964084ef229f578e3733bd3,ba75425861a059dafcc477474fc3e4ed1eafdc2b47d6fdd0557337035d29a960,786b68c56671019577f9316418dd21c8527415b8142fbb72f43c94ccd68d1093,580162,1716143232000000000,300
OB/productcatalogservice_loss/5,OB,productcatalogservice,loss,5,300,300,point,0.5,5,0.5,baro,6,0.16666666666666666,0.0,0.4166666666666667,0,0,0,13,63.30189999425784,cartservice|recommendationservice|checkoutservice|adservice|frontend,cartservice_latency-90,0.5055555555555555,6,6,0.5138888888888888,0.49722222222222223,6,6,6,0.5,baseline-v2-20260723,cd270e7871bd358937d83d9a49829637fa80007d2964084ef229f578e3733bd3,ba75425861a059dafcc477474fc3e4ed1eafdc2b47d6fdd0557337035d29a960,786b68c56671019577f9316418dd21c8527415b8142fbb72f43c94ccd68d1093,580162,1716143232000000000,300
OB/productcatalogservice_loss/5,OB,productcatalogservice,loss,5,300,300,point,0.5,5,0.5,median_shift,5,0.2,0.2,0.3333333333333333,0,0,1,13,11.408099962864071,recommendationservice|checkoutservice|frontend|adservice|productcatalogservice,recommendationservice_mem,0.5055555555555555,6,6,0.5138888888888888,0.49722222222222223,6,6,6,0.5,baseline-v2-20260723,cd270e7871bd358937d83d9a49829637fa80007d2964084ef229f578e3733bd3,ba75425861a059dafcc477474fc3e4ed1eafdc2b47d6fdd0557337035d29a960,786b68c56671019577f9316418dd21c8527415b8142fbb72f43c94ccd68d1093,580162,1716143232000000000,300
OB/productcatalogservice_loss/5,OB,productcatalogservice,loss,5,300,300,point,0.5,5,0.5,nsigma,6,0.16666666666666666,0.0,0.4166666666666667,0,0,0,13,51.22520000441,recommendationservice|checkoutservice|adservice|cartservice|frontend,recommendationservice_latency-90,0.5055555555555555,6,6,0.5138888888888888,0.49722222222222223,6,6,6,0.5,baseline-v2-20260723,cd270e7871bd358937d83d9a49829637fa80007d2964084ef229f578e3733bd3,ba75425861a059dafcc477474fc3e4ed1eafdc2b47d6fdd0557337035d29a960,786b68c56671019577f9316418dd21c8527415b8142fbb72f43c94ccd68d1093,580162,1716143232000000000,300
OB/productcatalogservice_loss/5,OB,productcatalogservice,loss,5,300,300,point,0.5,6,0.5,baro,6,0.16666666666666666,0.0,0.4166666666666667,0,0,0,13,75.0547000207007,cartservice|recommendationservice|checkoutservice|frontend|adservice,cartservice_latency-90,0.4913888888888889,6,6,0.49444444444444446,0.48833333333333334,6,6,6,0.5,baseline-v2-20260723,cd270e7871bd358937d83d9a49829637fa80007d2964084ef229f578e3733bd3,ba75425861a059dafcc477474fc3e4ed1eafdc2b47d6fdd0557337035d29a960,786b68c56671019577f9316418dd21c8527415b8142fbb72f43c94ccd68d1093,580162,1716143232000000000,300
OB/productcatalogservice_loss/5,OB,productcatalogservice,loss,5,300,300,point,0.5,6,0.5,median_shift,5,0.2,0.2,0.3333333333333333,0,0,1,13,14.405399968381971,checkoutservice|recommendationservice|adservice|frontend|productcatalogservice,checkoutservice_latency-90,0.4913888888888889,6,6,0.49444444444444446,0.48833333333333334,6,6,6,0.5,baseline-v2-20260723,cd270e7871bd358937d83d9a49829637fa80007d2964084ef229f578e3733bd3,ba75425861a059dafcc477474fc3e4ed1eafdc2b47d6fdd0557337035d29a960,786b68c56671019577f9316418dd21c8527415b8142fbb72f43c94ccd68d1093,580162,1716143232000000000,300
OB/productcatalogservice_loss/5,OB,productcatalogservice,loss,5,300,300,point,0.5,6,0.5,nsigma,6,0.16666666666666666,0.0,0.4166666666666667,0,0,0,13,51.76130001200363,recommendationservice|checkoutservice|cartservice|adservice|frontend,recommendationservice_latency-90,0.4913888888888889,6,6,0.49444444444444446,0.48833333333333334,6,6,6,0.5,baseline-v2-20260723,cd270e7871bd358937d83d9a49829637fa80007d2964084ef229f578e3733bd3,ba75425861a059dafcc477474fc3e4ed1eafdc2b47d6fdd0557337035d29a960,786b68c56671019577f9316418dd21c8527415b8142fbb72f43c94ccd68d1093,580162,1716143232000000000,300
OB/productcatalogservice_loss/5,OB,productcatalogservice,loss,5,300,300,point,0.5,7,0.5,baro,6,0.16666666666666666,0.0,0.4166666666666667,0,0,0,13,62.61399999493733,cartservice|checkoutservice|recommendationservice|frontend|adservice,cartservice_latency-90,0.5061111111111111,6,6,0.5116666666666667,0.5005555555555555,6,6,6,0.5,baseline-v2-20260723,cd270e7871bd358937d83d9a49829637fa80007d2964084ef229f578e3733bd3,ba75425861a059dafcc477474fc3e4ed1eafdc2b47d6fdd0557337035d29a960,786b68c56671019577f9316418dd21c8527415b8142fbb72f43c94ccd68d1093,580162,1716143232000000000,300
OB/productcatalogservice_loss/5,OB,productcatalogservice,loss,5,300,300,point,0.5,7,0.5,median_shift,5,0.2,0.2,0.3333333333333333,0,0,1,13,19.334200012963265,recommendationservice|checkoutservice|adservice|frontend|productcatalogservice,recommendationservice_mem,0.5061111111111111,6,6,0.5116666666666667,0.5005555555555555,6,6,6,0.5,baseline-v2-20260723,cd270e7871bd358937d83d9a49829637fa80007d2964084ef229f578e3733bd3,ba75425861a059dafcc477474fc3e4ed1eafdc2b47d6fdd0557337035d29a960,786b68c56671019577f9316418dd21c8527415b8142fbb72f43c94ccd68d1093,580162,1716143232000000000,300
OB/productcatalogservice_loss/5,OB,productcatalogservice,loss,5,300,300,point,0.5,7,0.5,nsigma,6,0.16666666666666666,0.0,0.4166666666666667,0,0,0,13,81.60269999643788,recommendationservice|checkoutservice|adservice|frontend|cartservice,recommendationservice_latency-90,0.5061111111111111,6,6,0.5116666666666667,0.5005555555555555,6,6,6,0.5,baseline-v2-20260723,cd270e7871bd358937d83d9a49829637fa80007d2964084ef229f578e3733bd3,ba75425861a059dafcc477474fc3e4ed1eafdc2b47d6fdd0557337035d29a960,786b68c56671019577f9316418dd21c8527415b8142fbb72f43c94ccd68d1093,580162,1716143232000000000,300
OB/productcatalogservice_loss/5,OB,productcatalogservice,loss,5,300,300,point,0.5,8,0.5,baro,6,0.16666666666666666,0.0,0.4166666666666667,0,0,0,13,74.07999999122694,cartservice|recommendationservice|checkoutservice|adservice|frontend,cartservice_latency-90,0.4963888888888889,6,6,0.49722222222222223,0.4955555555555556,6,6,6,0.5,baseline-v2-20260723,cd270e7871bd358937d83d9a49829637fa80007d2964084ef229f578e3733bd3,ba75425861a059dafcc477474fc3e4ed1eafdc2b47d6fdd0557337035d29a960,786b68c56671019577f9316418dd21c8527415b8142fbb72f43c94ccd68d1093,580162,1716143232000000000,300
OB/productcatalogservice_loss/5,OB,productcatalogservice,loss,5,300,300,point,0.5,8,0.5,median_shift,5,0.2,0.2,0.3333333333333333,0,0,1,13,11.554600030649453,recommendationservice|checkoutservice|frontend|adservice|productcatalogservice,recommendationservice_mem,0.4963888888888889,6,6,0.49722222222222223,0.4955555555555556,6,6,6,0.5,baseline-v2-20260723,cd270e7871bd358937d83d9a49829637fa80007d2964084ef229f578e3733bd3,ba75425861a059dafcc477474fc3e4ed1eafdc2b47d6fdd0557337035d29a960,786b68c56671019577f9316418dd21c8527415b8142fbb72f43c94ccd68d1093,580162,1716143232000000000,300
OB/productcatalogservice_loss/5,OB,productcatalogservice,loss,5,300,300,point,0.5,8,0.5,nsigma,6,0.16666666666666666,0.0,0.4166666666666667,0,0,0,13,59.22149994876236,recommendationservice|checkoutservice|adservice|frontend|cartservice,recommendationservice_latency-90,0.4963888888888889,6,6,0.49722222222222223,0.4955555555555556,6,6,6,0.5,baseline-v2-20260723,cd270e7871bd358937d83d9a49829637fa80007d2964084ef229f578e3733bd3,ba75425861a059dafcc477474fc3e4ed1eafdc2b47d6fdd0557337035d29a960,786b68c56671019577f9316418dd21c8527415b8142fbb72f43c94ccd68d1093,580162,1716143232000000000,300
OB/productcatalogservice_loss/5,OB,productcatalogservice,loss,5,300,300,point,0.5,9,0.5,baro,6,0.16666666666666666,0.0,0.4166666666666667,0,0,0,13,80.22309996886179,cartservice|recommendationservice|checkoutservice|adservice|frontend,cartservice_latency-90,0.49083333333333334,6,6,0.4861111111111111,0.4955555555555556,6,6,6,0.5,baseline-v2-20260723,cd270e7871bd358937d83d9a49829637fa80007d2964084ef229f578e3733bd3,ba75425861a059dafcc477474fc3e4ed1eafdc2b47d6fdd0557337035d29a960,786b68c56671019577f9316418dd21c8527415b8142fbb72f43c94ccd68d1093,580162,1716143232000000000,300
OB/productcatalogservice_loss/5,OB,productcatalogservice,loss,5,300,300,point,0.5,9,0.5,median_shift,5,0.2,0.2,0.3333333333333333,0,0,1,13,11.17870002053678,recommendationservice|checkoutservice|frontend|adservice|productcatalogservice,recommendationservice_mem,0.49083333333333334,6,6,0.4861111111111111,0.4955555555555556,6,6,6,0.5,baseline-v2-20260723,cd270e7871bd358937d83d9a49829637fa80007d2964084ef229f578e3733bd3,ba75425861a059dafcc477474fc3e4ed1eafdc2b47d6fdd0557337035d29a960,786b68c56671019577f9316418dd21c8527415b8142fbb72f43c94ccd68d1093,580162,1716143232000000000,300
OB/productcatalogservice_loss/5,OB,productcatalogservice,loss,5,300,300,point,0.5,9,0.5,nsigma,6,0.16666666666666666,0.0,0.4166666666666667,0,0,0,13,70.35530003486201,recommendationservice|checkoutservice|adservice|frontend|cartservice,recommendationservice_latency-90,0.49083333333333334,6,6,0.4861111111111111,0.4955555555555556,6,6,6,0.5,baseline-v2-20260723,cd270e7871bd358937d83d9a49829637fa80007d2964084ef229f578e3733bd3,ba75425861a059dafcc477474fc3e4ed1eafdc2b47d6fdd0557337035d29a960,786b68c56671019577f9316418dd21c8527415b8142fbb72f43c94ccd68d1093,580162,1716143232000000000,300
OB/productcatalogservice_loss/5,OB,productcatalogservice,loss,5,300,300,stream,0.1,0,0.1016949152542373,baro,6,0.16666666666666666,0.0,0.4166666666666667,0,0,0,13,79.62850003968924,cartservice|recommendationservice|adservice|frontend|checkoutservice,cartservice_latency-90,0.6666666666666666,4,6,0.6666666666666666,0.6666666666666666,4,4,4,0.8983050847457628,baseline-v2-20260723,cd270e7871bd358937d83d9a49829637fa80007d2964084ef229f578e3733bd3,ba75425861a059dafcc477474fc3e4ed1eafdc2b47d6fdd0557337035d29a960,786b68c56671019577f9316418dd21c8527415b8142fbb72f43c94ccd68d1093,580162,1716143232000000000,300
OB/productcatalogservice_loss/5,OB,productcatalogservice,loss,5,300,300,stream,0.1,0,0.1016949152542373,median_shift,4,0.25,0.4,0.25,0,0,1,13,10.888499964494258,recommendationservice|frontend|adservice|productcatalogservice|main,recommendationservice_mem,0.6666666666666666,4,6,0.6666666666666666,0.6666666666666666,4,4,4,0.8983050847457628,baseline-v2-20260723,cd270e7871bd358937d83d9a49829637fa80007d2964084ef229f578e3733bd3,ba75425861a059dafcc477474fc3e4ed1eafdc2b47d6fdd0557337035d29a960,786b68c56671019577f9316418dd21c8527415b8142fbb72f43c94ccd68d1093,580162,1716143232000000000,300
OB/productcatalogservice_loss/5,OB,productcatalogservice,loss,5,300,300,stream,0.1,0,0.1016949152542373,nsigma,6,0.16666666666666666,0.0,0.4166666666666667,0,0,0,13,60.34290004754439,recommendationservice|adservice|frontend|cartservice|checkoutservice,recommendationservice_latency-90,0.6666666666666666,4,6,0.6666666666666666,0.6666666666666666,4,4,4,0.8983050847457628,baseline-v2-20260723,cd270e7871bd358937d83d9a49829637fa80007d2964084ef229f578e3733bd3,ba75425861a059dafcc477474fc3e4ed1eafdc2b47d6fdd0557337035d29a960,786b68c56671019577f9316418dd21c8527415b8142fbb72f43c94ccd68d1093,580162,1716143232000000000,300
OB/productcatalogservice_loss/5,OB,productcatalogservice,loss,5,300,300,stream,0.1,1,0.1016949152542373,baro,5,0.2,0.2,0.3333333333333333,0,0,1,13,81.9533999892883,recommendationservice|checkoutservice|adservice|frontend|productcatalogservice,recommendationservice_latency-90,1.0,6,6,1.0,1.0,6,6,6,0.8983050847457628,baseline-v2-20260723,cd270e7871bd358937d83d9a49829637fa80007d2964084ef229f578e3733bd3,ba75425861a059dafcc477474fc3e4ed1eafdc2b47d6fdd0557337035d29a960,786b68c56671019577f9316418dd21c8527415b8142fbb72f43c94ccd68d1093,580162,1716143232000000000,300
OB/productcatalogservice_loss/5,OB,productcatalogservice,loss,5,300,300,stream,0.1,1,0.1016949152542373,median_shift,5,0.2,0.2,0.3333333333333333,0,0,1,13,10.43339999159798,checkoutservice|recommendationservice|frontend|adservice|productcatalogservice,checkoutservice_latency-90,1.0,6,6,1.0,1.0,6,6,6,0.8983050847457628,baseline-v2-20260723,cd270e7871bd358937d83d9a49829637fa80007d2964084ef229f578e3733bd3,ba75425861a059dafcc477474fc3e4ed1eafdc2b47d6fdd0557337035d29a960,786b68c56671019577f9316418dd21c8527415b8142fbb72f43c94ccd68d1093,580162,1716143232000000000,300
OB/productcatalogservice_loss/5,OB,productcatalogservice,loss,5,300,300,stream,0.1,1,0.1016949152542373,nsigma,5,0.2,0.2,0.3333333333333333,0,0,1,13,52.06239997642115,recommendationservice|checkoutservice|adservice|frontend|productcatalogservice,recommendationservice_latency-90,1.0,6,6,1.0,1.0,6,6,6,0.8983050847457628,baseline-v2-20260723,cd270e7871bd358937d83d9a49829637fa80007d2964084ef229f578e3733bd3,ba75425861a059dafcc477474fc3e4ed1eafdc2b47d6fdd0557337035d29a960,786b68c56671019577f9316418dd21c8527415b8142fbb72f43c94ccd68d1093,580162,1716143232000000000,300
OB/productcatalogservice_loss/5,OB,productcatalogservice,loss,5,300,300,stream,0.1,2,0.1016949152542373,baro,5,0.2,0.2,0.3333333333333333,0,0,1,13,71.68100000126287,cartservice|recommendationservice|checkoutservice|adservice|productcatalogservice,cartservice_latency-90,0.8333333333333334,5,6,0.8333333333333334,0.8333333333333334,5,5,5,0.8983050847457628,baseline-v2-20260723,cd270e7871bd358937d83d9a49829637fa80007d2964084ef229f578e3733bd3,ba75425861a059dafcc477474fc3e4ed1eafdc2b47d6fdd0557337035d29a960,786b68c56671019577f9316418dd21c8527415b8142fbb72f43c94ccd68d1093,580162,1716143232000000000,300
OB/productcatalogservice_loss/5,OB,productcatalogservice,loss,5,300,300,stream,0.1,2,0.1016949152542373,median_shift,4,0.25,0.4,0.25,0,0,1,13,10.190899949520826,recommendationservice|checkoutservice|adservice|productcatalogservice|frontend,recommendationservice_mem,0.8333333333333334,5,6,0.8333333333333334,0.8333333333333334,5,5,5,0.8983050847457628,baseline-v2-20260723,cd270e7871bd358937d83d9a49829637fa80007d2964084ef229f578e3733bd3,ba75425861a059dafcc477474fc3e4ed1eafdc2b47d6fdd0557337035d29a960,786b68c56671019577f9316418dd21c8527415b8142fbb72f43c94ccd68d1093,580162,1716143232000000000,300
OB/productcatalogservice_loss/5,OB,productcatalogservice,loss,5,300,300,stream,0.1,2,0.1016949152542373,nsigma,5,0.2,0.2,0.3333333333333333,0,0,1,13,61.21890002395958,recommendationservice|checkoutservice|adservice|cartservice|productcatalogservice,recommendationservice_latency-90,0.8333333333333334,5,6,0.8333333333333334,0.8333333333333334,5,5,5,0.8983050847457628,baseline-v2-20260723,cd270e7871bd358937d83d9a49829637fa80007d2964084ef229f578e3733bd3,ba75425861a059dafcc477474fc3e4ed1eafdc2b47d6fdd0557337035d29a960,786b68c56671019577f9316418dd21c8527415b8142fbb72f43c94ccd68d1093,580162,1716143232000000000,300
OB/productcatalogservice_loss/5,OB,productcatalogservice,loss,5,300,300,stream,0.1,3,0.1016949152542373,baro,5,0.2,0.2,0.3333333333333333,0,0,1,13,58.2806000020355,recommendationservice|checkoutservice|adservice|frontend|productcatalogservice,recommendationservice_latency-90,1.0,6,6,1.0,1.0,6,6,6,0.8983050847457628,baseline-v2-20260723,cd270e7871bd358937d83d9a49829637fa80007d2964084ef229f578e3733bd3,ba75425861a059dafcc477474fc3e4ed1eafdc2b47d6fdd0557337035d29a960,786b68c56671019577f9316418dd21c8527415b8142fbb72f43c94ccd68d1093,580162,1716143232000000000,300
OB/productcatalogservice_loss/5,OB,productcatalogservice,loss,5,300,300,stream,0.1,3,0.1016949152542373,median_shift,5,0.2,0.2,0.3333333333333333,0,0,1,13,18.42689997283742,recommendationservice|checkoutservice|frontend|adservice|productcatalogservice,recommendationservice_mem,1.0,6,6,1.0,1.0,6,6,6,0.8983050847457628,baseline-v2-20260723,cd270e7871bd358937d83d9a49829637fa80007d2964084ef229f578e3733bd3,ba75425861a059dafcc477474fc3e4ed1eafdc2b47d6fdd0557337035d29a960,786b68c56671019577f9316418dd21c8527415b8142fbb72f43c94ccd68d1093,580162,1716143232000000000,300
OB/productcatalogservice_loss/5,OB,productcatalogservice,loss,5,300,300,stream,0.1,3,0.1016949152542373,nsigma,5,0.2,0.2,0.3333333333333333,0,0,1,13,48.22650004643947,recommendationservice|checkoutservice|adservice|frontend|productcatalogservice,recommendationservice_latency-90,1.0,6,6,1.0,1.0,6,6,6,0.8983050847457628,baseline-v2-20260723,cd270e7871bd358937d83d9a49829637fa80007d2964084ef229f578e3733bd3,ba75425861a059dafcc477474fc3e4ed1eafdc2b47d6fdd0557337035d29a960,786b68c56671019577f9316418dd21c8527415b8142fbb72f43c94ccd68d1093,580162,1716143232000000000,300
OB/productcatalogservice_loss/5,OB,productcatalogservice,loss,5,300,300,stream,0.1,4,0.1016949152542373,baro,6,0.16666666666666666,0.0,0.4166666666666667,0,0,0,13,81.25580003252253,cartservice|recommendationservice|checkoutservice|adservice|frontend,cartservice_latency-90,1.0,6,6,1.0,1.0,6,6,6,0.8983050847457628,baseline-v2-20260723,cd270e7871bd358937d83d9a49829637fa80007d2964084ef229f578e3733bd3,ba75425861a059dafcc477474fc3e4ed1eafdc2b47d6fdd0557337035d29a960,786b68c56671019577f9316418dd21c8527415b8142fbb72f43c94ccd68d1093,580162,1716143232000000000,300
OB/productcatalogservice_loss/5,OB,productcatalogservice,loss,5,300,300,stream,0.1,4,0.1016949152542373,median_shift,5,0.2,0.2,0.3333333333333333,0,0,1,13,10.5936000472866,recommendationservice|checkoutservice|frontend|adservice|productcatalogservice,recommendationservice_mem,1.0,6,6,1.0,1.0,6,6,6,0.8983050847457628,baseline-v2-20260723,cd270e7871bd358937d83d9a49829637fa80007d2964084ef229f578e3733bd3,ba75425861a059dafcc477474fc3e4ed1eafdc2b47d6fdd0557337035d29a960,786b68c56671019577f9316418dd21c8527415b8142fbb72f43c94ccd68d1093,580162,1716143232000000000,300
OB/productcatalogservice_loss/5,OB,productcatalogservice,loss,5,300,300,stream,0.1,4,0.1016949152542373,nsigma,6,0.16666666666666666,0.0,0.4166666666666667,0,0,0,13,56.623099953867495,recommendationservice|checkoutservice|adservice|frontend|cartservice,recommendationservice_latency-90,1.0,6,6,1.0,1.0,6,6,6,0.8983050847457628,baseline-v2-20260723,cd270e7871bd358937d83d9a49829637fa80007d2964084ef229f578e3733bd3,ba75425861a059dafcc477474fc3e4ed1eafdc2b47d6fdd0557337035d29a960,786b68c56671019577f9316418dd21c8527415b8142fbb72f43c94ccd68d1093,580162,1716143232000000000,300
OB/productcatalogservice_loss/5,OB,productcatalogservice,loss,5,300,300,stream,0.1,5,0.1016949152542373,baro,6,0.16666666666666666,0.0,0.4166666666666667,0,0,0,13,64.0830000047572,cartservice|recommendationservice|checkoutservice|adservice|frontend,cartservice_latency-90,0.6666666666666666,4,6,0.6666666666666666,0.6666666666666666,4,4,4,0.8983050847457628,baseline-v2-20260723,cd270e7871bd358937d83d9a49829637fa80007d2964084ef229f578e3733bd3,ba75425861a059dafcc477474fc3e4ed1eafdc2b47d6fdd0557337035d29a960,786b68c56671019577f9316418dd21c8527415b8142fbb72f43c94ccd68d1093,580162,1716143232000000000,300
OB/productcatalogservice_loss/5,OB,productcatalogservice,loss,5,300,300,stream,0.1,5,0.1016949152542373,median_shift,5,0.2,0.2,0.3333333333333333,0,0,1,13,10.432999988552183,recommendationservice|checkoutservice|frontend|adservice|productcatalogservice,recommendationservice_mem,0.6666666666666666,4,6,0.6666666666666666,0.6666666666666666,4,4,4,0.8983050847457628,baseline-v2-20260723,cd270e7871bd358937d83d9a49829637fa80007d2964084ef229f578e3733bd3,ba75425861a059dafcc477474fc3e4ed1eafdc2b47d6fdd0557337035d29a960,786b68c56671019577f9316418dd21c8527415b8142fbb72f43c94ccd68d1093,580162,1716143232000000000,300
OB/productcatalogservice_loss/5,OB,productcatalogservice,loss,5,300,300,stream,0.1,5,0.1016949152542373,nsigma,6,0.16666666666666666,0.0,0.4166666666666667,0,0,0,13,83.46380002330989,recommendationservice|checkoutservice|adservice|frontend|cartservice,recommendationservice_latency-90,0.6666666666666666,4,6,0.6666666666666666,0.6666666666666666,4,4,4,0.8983050847457628,baseline-v2-20260723,cd270e7871bd358937d83d9a49829637fa80007d2964084ef229f578e3733bd3,ba75425861a059dafcc477474fc3e4ed1eafdc2b47d6fdd0557337035d29a960,786b68c56671019577f9316418dd21c8527415b8142fbb72f43c94ccd68d1093,580162,1716143232000000000,300
OB/productcatalogservice_loss/5,OB,productcatalogservice,loss,5,300,300,stream,0.1,6,0.1016949152542373,baro,6,0.16666666666666666,0.0,0.4166666666666667,0,0,0,13,83.19979999214411,cartservice|recommendationservice|checkoutservice|adservice|frontend,cartservice_latency-90,0.8333333333333334,5,6,0.8333333333333334,0.8333333333333334,5,5,5,0.8983050847457628,baseline-v2-20260723,cd270e7871bd358937d83d9a49829637fa80007d2964084ef229f578e3733bd3,ba75425861a059dafcc477474fc3e4ed1eafdc2b47d6fdd0557337035d29a960,786b68c56671019577f9316418dd21c8527415b8142fbb72f43c94ccd68d1093,580162,1716143232000000000,300
OB/productcatalogservice_loss/5,OB,productcatalogservice,loss,5,300,300,stream,0.1,6,0.1016949152542373,median_shift,5,0.2,0.2,0.3333333333333333,0,0,1,13,10.393700038548559,recommendationservice|checkoutservice|frontend|adservice|productcatalogservice,recommendationservice_mem,0.8333333333333334,5,6,0.8333333333333334,0.8333333333333334,5,5,5,0.8983050847457628,baseline-v2-20260723,cd270e7871bd358937d83d9a49829637fa80007d2964084ef229f578e3733bd3,ba75425861a059dafcc477474fc3e4ed1eafdc2b47d6fdd0557337035d29a960,786b68c56671019577f9316418dd21c8527415b8142fbb72f43c94ccd68d1093,580162,1716143232000000000,300
OB/productcatalogservice_loss/5,OB,productcatalogservice,loss,5,300,300,stream,0.1,6,0.1016949152542373,nsigma,6,0.16666666666666666,0.0,0.4166666666666667,0,0,0,13,48.47999999765307,recommendationservice|checkoutservice|adservice|frontend|cartservice,recommendationservice_latency-90,0.8333333333333334,5,6,0.8333333333333334,0.8333333333333334,5,5,5,0.8983050847457628,baseline-v2-20260723,cd270e7871bd358937d83d9a49829637fa80007d2964084ef229f578e3733bd3,ba75425861a059dafcc477474fc3e4ed1eafdc2b47d6fdd0557337035d29a960,786b68c56671019577f9316418dd21c8527415b8142fbb72f43c94ccd68d1093,580162,1716143232000000000,300
OB/productcatalogservice_loss/5,OB,productcatalogservice,loss,5,300,300,stream,0.1,7,0.1016949152542373,baro,5,0.2,0.2,0.3333333333333333,0,0,1,13,57.71620001178235,cartservice|recommendationservice|checkoutservice|adservice|productcatalogservice,cartservice_latency-90,1.0,6,6,1.0,1.0,6,6,6,0.8983050847457628,baseline-v2-20260723,cd270e7871bd358937d83d9a49829637fa80007d2964084ef229f578e3733bd3,ba75425861a059dafcc477474fc3e4ed1eafdc2b47d6fdd0557337035d29a960,786b68c56671019577f9316418dd21c8527415b8142fbb72f43c94ccd68d1093,580162,1716143232000000000,300
OB/productcatalogservice_loss/5,OB,productcatalogservice,loss,5,300,300,stream,0.1,7,0.1016949152542373,median_shift,4,0.25,0.4,0.25,0,0,1,13,9.917599963955581,recommendationservice|checkoutservice|adservice|productcatalogservice|frontend,recommendationservice_mem,1.0,6,6,1.0,1.0,6,6,6,0.8983050847457628,baseline-v2-20260723,cd270e7871bd358937d83d9a49829637fa80007d2964084ef229f578e3733bd3,ba75425861a059dafcc477474fc3e4ed1eafdc2b47d6fdd0557337035d29a960,786b68c56671019577f9316418dd21c8527415b8142fbb72f43c94ccd68d1093,580162,1716143232000000000,300
OB/productcatalogservice_loss/5,OB,productcatalogservice,loss,5,300,300,stream,0.1,7,0.1016949152542373,nsigma,5,0.2,0.2,0.3333333333333333,0,0,1,13,47.40069998661056,recommendationservice|checkoutservice|adservice|cartservice|productcatalogservice,recommendationservice_latency-90,1.0,6,6,1.0,1.0,6,6,6,0.8983050847457628,baseline-v2-20260723,cd270e7871bd358937d83d9a49829637fa80007d2964084ef229f578e3733bd3,ba75425861a059dafcc477474fc3e4ed1eafdc2b47d6fdd0557337035d29a960,786b68c56671019577f9316418dd21c8527415b8142fbb72f43c94ccd68d1093,580162,1716143232000000000,300
OB/productcatalogservice_loss/5,OB,productcatalogservice,loss,5,300,300,stream,0.1,8,0.1016949152542373,baro,5,0.2,0.2,0.3333333333333333,0,0,1,13,61.36400002287701,recommendationservice|checkoutservice|adservice|frontend|productcatalogservice,recommendationservice_latency-90,0.6666666666666666,4,6,0.6666666666666666,0.6666666666666666,4,4,4,0.8983050847457628,baseline-v2-20260723,cd270e7871bd358937d83d9a49829637fa80007d2964084ef229f578e3733bd3,ba75425861a059dafcc477474fc3e4ed1eafdc2b47d6fdd0557337035d29a960,786b68c56671019577f9316418dd21c8527415b8142fbb72f43c94ccd68d1093,580162,1716143232000000000,300
OB/productcatalogservice_loss/5,OB,productcatalogservice,loss,5,300,300,stream,0.1,8,0.1016949152542373,median_shift,5,0.2,0.2,0.3333333333333333,0,0,1,13,10.546699981205165,recommendationservice|checkoutservice|frontend|adservice|productcatalogservice,recommendationservice_mem,0.6666666666666666,4,6,0.6666666666666666,0.6666666666666666,4,4,4,0.8983050847457628,baseline-v2-20260723,cd270e7871bd358937d83d9a49829637fa80007d2964084ef229f578e3733bd3,ba75425861a059dafcc477474fc3e4ed1eafdc2b47d6fdd0557337035d29a960,786b68c56671019577f9316418dd21c8527415b8142fbb72f43c94ccd68d1093,580162,1716143232000000000,300
OB/productcatalogservice_loss/5,OB,productcatalogservice,loss,5,300,300,stream,0.1,8,0.1016949152542373,nsigma,5,0.2,0.2,0.3333333333333333,0,0,1,13,72.1748000360094,recommendationservice|checkoutservice|adservice|frontend|productcatalogservice,recommendationservice_latency-90,0.6666666666666666,4,6,0.6666666666666666,0.6666666666666666,4,4,4,0.8983050847457628,baseline-v2-20260723,cd270e7871bd358937d83d9a49829637fa80007d2964084ef229f578e3733bd3,ba75425861a059dafcc477474fc3e4ed1eafdc2b47d6fdd0557337035d29a960,786b68c56671019577f9316418dd21c8527415b8142fbb72f43c94ccd68d1093,580162,1716143232000000000,300
OB/productcatalogservice_loss/5,OB,productcatalogservice,loss,5,300,300,stream,0.1,9,0.1016949152542373,baro,6,0.16666666666666666,0.0,0.4166666666666667,0,0,0,13,59.980800026096404,cartservice|recommendationservice|checkoutservice|adservice|frontend,cartservice_latency-90,1.0,6,6,1.0,1.0,6,6,6,0.8983050847457628,baseline-v2-20260723,cd270e7871bd358937d83d9a49829637fa80007d2964084ef229f578e3733bd3,ba75425861a059dafcc477474fc3e4ed1eafdc2b47d6fdd0557337035d29a960,786b68c56671019577f9316418dd21c8527415b8142fbb72f43c94ccd68d1093,580162,1716143232000000000,300
OB/productcatalogservice_loss/5,OB,productcatalogservice,loss,5,300,300,stream,0.1,9,0.1016949152542373,median_shift,5,0.2,0.2,0.3333333333333333,0,0,1,13,12.585799966473132,recommendationservice|checkoutservice|frontend|adservice|productcatalogservice,recommendationservice_mem,1.0,6,6,1.0,1.0,6,6,6,0.8983050847457628,baseline-v2-20260723,cd270e7871bd358937d83d9a49829637fa80007d2964084ef229f578e3733bd3,ba75425861a059dafcc477474fc3e4ed1eafdc2b47d6fdd0557337035d29a960,786b68c56671019577f9316418dd21c8527415b8142fbb72f43c94ccd68d1093,580162,1716143232000000000,300
OB/productcatalogservice_loss/5,OB,productcatalogservice,loss,5,300,300,stream,0.1,9,0.1016949152542373,nsigma,6,0.16666666666666666,0.0,0.4166666666666667,0,0,0,13,55.446700018364936,recommendationservice|checkoutservice|adservice|frontend|cartservice,recommendationservice_latency-90,1.0,6,6,1.0,1.0,6,6,6,0.8983050847457628,baseline-v2-20260723,cd270e7871bd358937d83d9a49829637fa80007d2964084ef229f578e3733bd3,ba75425861a059dafcc477474fc3e4ed1eafdc2b47d6fdd0557337035d29a960,786b68c56671019577f9316418dd21c8527415b8142fbb72f43c94ccd68d1093,580162,1716143232000000000,300
OB/productcatalogservice_loss/5,OB,productcatalogservice,loss,5,300,300,stream,0.3,0,0.3050847457627119,baro,4,0.25,0.4,0.25,0,0,1,13,62.58610001532361,checkoutservice|recommendationservice|adservice|productcatalogservice|frontend,checkoutservice_latency-90,0.5,3,6,0.5,0.5,3,3,3,0.6949152542372882,baseline-v2-20260723,cd270e7871bd358937d83d9a49829637fa80007d2964084ef229f578e3733bd3,ba75425861a059dafcc477474fc3e4ed1eafdc2b47d6fdd0557337035d29a960,786b68c56671019577f9316418dd21c8527415b8142fbb72f43c94ccd68d1093,580162,1716143232000000000,300
OB/productcatalogservice_loss/5,OB,productcatalogservice,loss,5,300,300,stream,0.3,0,0.3050847457627119,median_shift,4,0.25,0.4,0.25,0,0,1,13,18.82089994614944,recommendationservice|checkoutservice|adservice|productcatalogservice|shippingservice,recommendationservice_mem,0.5,3,6,0.5,0.5,3,3,3,0.6949152542372882,baseline-v2-20260723,cd270e7871bd358937d83d9a49829637fa80007d2964084ef229f578e3733bd3,ba75425861a059dafcc477474fc3e4ed1eafdc2b47d6fdd0557337035d29a960,786b68c56671019577f9316418dd21c8527415b8142fbb72f43c94ccd68d1093,580162,1716143232000000000,300
OB/productcatalogservice_loss/5,OB,productcatalogservice,loss,5,300,300,stream,0.3,0,0.3050847457627119,nsigma,4,0.25,0.4,0.25,0,0,1,13,56.04920000769198,checkoutservice|adservice|recommendationservice|productcatalogservice|main,checkoutservice_latency-90,0.5,3,6,0.5,0.5,3,3,3,0.6949152542372882,baseline-v2-20260723,cd270e7871bd358937d83d9a49829637fa80007d2964084ef229f578e3733bd3,ba75425861a059dafcc477474fc3e4ed1eafdc2b47d6fdd0557337035d29a960,786b68c56671019577f9316418dd21c8527415b8142fbb72f43c94ccd68d1093,580162,1716143232000000000,300
OB/productcatalogservice_loss/5,OB,productcatalogservice,loss,5,300,300,stream,0.3,1,0.3050847457627119,baro,5,0.2,0.2,0.3333333333333333,0,0,1,13,60.78260001959279,cartservice|checkoutservice|recommendationservice|adservice|productcatalogservice,cartservice_latency-90,0.8333333333333334,5,6,0.8333333333333334,0.8333333333333334,5,5,5,0.6949152542372882,baseline-v2-20260723,cd270e7871bd358937d83d9a49829637fa80007d2964084ef229f578e3733bd3,ba75425861a059dafcc477474fc3e4ed1eafdc2b47d6fdd0557337035d29a960,786b68c56671019577f9316418dd21c8527415b8142fbb72f43c94ccd68d1093,580162,1716143232000000000,300
OB/productcatalogservice_loss/5,OB,productcatalogservice,loss,5,300,300,stream,0.3,1,0.3050847457627119,median_shift,4,0.25,0.4,0.25,0,0,1,13,11.201099958270788,recommendationservice|checkoutservice|adservice|productcatalogservice|frontend,recommendationservice_mem,0.8333333333333334,5,6,0.8333333333333334,0.8333333333333334,5,5,5,0.6949152542372882,baseline-v2-20260723,cd270e7871bd358937d83d9a49829637fa80007d2964084ef229f578e3733bd3,ba75425861a059dafcc477474fc3e4ed1eafdc2b47d6fdd0557337035d29a960,786b68c56671019577f9316418dd21c8527415b8142fbb72f43c94ccd68d1093,580162,1716143232000000000,300
OB/productcatalogservice_loss/5,OB,productcatalogservice,loss,5,300,300,stream,0.3,1,0.3050847457627119,nsigma,4,0.25,0.4,0.25,0,0,1,13,47.53109999001026,checkoutservice|adservice|cartservice|productcatalogservice|recommendationservice,checkoutservice_latency-90,0.8333333333333334,5,6,0.8333333333333334,0.8333333333333334,5,5,5,0.6949152542372882,baseline-v2-20260723,cd270e7871bd358937d83d9a49829637fa80007d2964084ef229f578e3733bd3,ba75425861a059dafcc477474fc3e4ed1eafdc2b47d6fdd0557337035d29a960,786b68c56671019577f9316418dd21c8527415b8142fbb72f43c94ccd68d1093,580162,1716143232000000000,300
OB/productcatalogservice_loss/5,OB,productcatalogservice,loss,5,300,300,stream,0.3,2,0.3050847457627119,baro,9,0.1111111111111111,0.0,0.6666666666666666,0,0,0,13,51.94179998943582,cartservice|recommendationservice|adservice|frontend|frontend-external,cartservice_latency-90,0.5,3,6,0.5,0.5,3,3,3,0.6949152542372882,baseline-v2-20260723,cd270e7871bd358937d83d9a49829637fa80007d2964084ef229f578e3733bd3,ba75425861a059dafcc477474fc3e4ed1eafdc2b47d6fdd0557337035d29a960,786b68c56671019577f9316418dd21c8527415b8142fbb72f43c94ccd68d1093,580162,1716143232000000000,300
OB/productcatalogservice_loss/5,OB,productcatalogservice,loss,5,300,300,stream,0.3,2,0.3050847457627119,median_shift,4,0.25,0.4,0.25,0,0,1,13,9.055300033651292,recommendationservice|frontend|adservice|productcatalogservice|currencyservice,recommendationservice_mem,0.5,3,6,0.5,0.5,3,3,3,0.6949152542372882,baseline-v2-20260723,cd270e7871bd358937d83d9a49829637fa80007d2964084ef229f578e3733bd3,ba75425861a059dafcc477474fc3e4ed1eafdc2b47d6fdd0557337035d29a960,786b68c56671019577f9316418dd21c8527415b8142fbb72f43c94ccd68d1093,580162,1716143232000000000,300
OB/productcatalogservice_loss/5,OB,productcatalogservice,loss,5,300,300,stream,0.3,2,0.3050847457627119,nsigma,10,0.1,0.0,0.75,0,0,0,13,47.95819998253137,recommendationservice|adservice|frontend|cartservice|frontend-external,recommendationservice_latency-90,0.5,3,6,0.5,0.5,3,3,3,0.6949152542372882,baseline-v2-20260723,cd270e7871bd358937d83d9a49829637fa80007d2964084ef229f578e3733bd3,ba75425861a059dafcc477474fc3e4ed1eafdc2b47d6fdd0557337035d29a960,786b68c56671019577f9316418dd21c8527415b8142fbb72f43c94ccd68d1093,580162,1716143232000000000,300
OB/productcatalogservice_loss/5,OB,productcatalogservice,loss,5,300,300,stream,0.3,3,0.3050847457627119,baro,5,0.2,0.2,0.3333333333333333,0,0,1,13,65.04339998355135,cartservice|recommendationservice|checkoutservice|frontend|productcatalogservice,cartservice_latency-90,0.8333333333333334,5,6,0.8333333333333334,0.8333333333333334,5,5,5,0.6949152542372882,baseline-v2-20260723,cd270e7871bd358937d83d9a49829637fa80007d2964084ef229f578e3733bd3,ba75425861a059dafcc477474fc3e4ed1eafdc2b47d6fdd0557337035d29a960,786b68c56671019577f9316418dd21c8527415b8142fbb72f43c94ccd68d1093,580162,1716143232000000000,300
OB/productcatalogservice_loss/5,OB,productcatalogservice,loss,5,300,300,stream,0.3,3,0.3050847457627119,median_shift,4,0.25,0.4,0.25,0,0,1,13,12.152499984949827,recommendationservice|checkoutservice|frontend|productcatalogservice|shippingservice,recommendationservice_mem,0.8333333333333334,5,6,0.8333333333333334,0.8333333333333334,5,5,5,0.6949152542372882,baseline-v2-20260723,cd270e7871bd358937d83d9a49829637fa80007d2964084ef229f578e3733bd3,ba75425861a059dafcc477474fc3e4ed1eafdc2b47d6fdd0557337035d29a960,786b68c56671019577f9316418dd21c8527415b8142fbb72f43c94ccd68d1093,580162,1716143232000000000,300
OB/productcatalogservice_loss/5,OB,productcatalogservice,loss,5,300,300,stream,0.3,3,0.3050847457627119,nsigma,5,0.2,0.2,0.3333333333333333,0,0,1,13,43.09869999997318,recommendationservice|checkoutservice|frontend|cartservice|productcatalogservice,recommendationservice_latency-90,0.8333333333333334,5,6,0.8333333333333334,0.8333333333333334,5,5,5,0.6949152542372882,baseline-v2-20260723,cd270e7871bd358937d83d9a49829637fa80007d2964084ef229f578e3733bd3,ba75425861a059dafcc477474fc3e4ed1eafdc2b47d6fdd0557337035d29a960,786b68c56671019577f9316418dd21c8527415b8142fbb72f43c94ccd68d1093,580162,1716143232000000000,300
OB/productcatalogservice_loss/5,OB,productcatalogservice,loss,5,300,300,stream,0.3,4,0.3050847457627119,baro,4,0.25,0.4,0.25,0,0,1,13,56.34579999605194,checkoutservice|recommendationservice|adservice|productcatalogservice|frontend-external,checkoutservice_latency-90,0.8333333333333334,5,6,0.8333333333333334,0.8333333333333334,5,5,5,0.6949152542372882,baseline-v2-20260723,cd270e7871bd358937d83d9a49829637fa80007d2964084ef229f578e3733bd3,ba75425861a059dafcc477474fc3e4ed1eafdc2b47d6fdd0557337035d29a960,786b68c56671019577f9316418dd21c8527415b8142fbb72f43c94ccd68d1093,580162,1716143232000000000,300
OB/productcatalogservice_loss/5,OB,productcatalogservice,loss,5,300,300,stream,0.3,4,0.3050847457627119,median_shift,4,0.25,0.4,0.25,0,0,1,13,9.151400008704513,recommendationservice|checkoutservice|adservice|productcatalogservice|frontend,recommendationservice_mem,0.8333333333333334,5,6,0.8333333333333334,0.8333333333333334,5,5,5,0.6949152542372882,baseline-v2-20260723,cd270e7871bd358937d83d9a49829637fa80007d2964084ef229f578e3733bd3,ba75425861a059dafcc477474fc3e4ed1eafdc2b47d6fdd0557337035d29a960,786b68c56671019577f9316418dd21c8527415b8142fbb72f43c94ccd68d1093,580162,1716143232000000000,300
OB/productcatalogservice_loss/5,OB,productcatalogservice,loss,5,300,300,stream,0.3,4,0.3050847457627119,nsigma,3,0.3333333333333333,0.6,0.16666666666666666,0,1,1,13,62.18690000241622,checkoutservice|adservice|productcatalogservice|main|recommendationservice,checkoutservice_latency-90,0.8333333333333334,5,6,0.8333333333333334,0.8333333333333334,5,5,5,0.6949152542372882,baseline-v2-20260723,cd270e7871bd358937d83d9a49829637fa80007d2964084ef229f578e3733bd3,ba75425861a059dafcc477474fc3e4ed1eafdc2b47d6fdd0557337035d29a960,786b68c56671019577f9316418dd21c8527415b8142fbb72f43c94ccd68d1093,580162,1716143232000000000,300
OB/productcatalogservice_loss/5,OB,productcatalogservice,loss,5,300,300,stream,0.3,5,0.3050847457627119,baro,5,0.2,0.2,0.3333333333333333,0,0,1,13,50.60140002751723,cartservice|recommendationservice|frontend|checkoutservice|productcatalogservice,cartservice_latency-90,0.8333333333333334,5,6,0.8333333333333334,0.8333333333333334,5,5,5,0.6949152542372882,baseline-v2-20260723,cd270e7871bd358937d83d9a49829637fa80007d2964084ef229f578e3733bd3,ba75425861a059dafcc477474fc3e4ed1eafdc2b47d6fdd0557337035d29a960,786b68c56671019577f9316418dd21c8527415b8142fbb72f43c94ccd68d1093,580162,1716143232000000000,300
OB/productcatalogservice_loss/5,OB,productcatalogservice,loss,5,300,300,stream,0.3,5,0.3050847457627119,median_shift,3,0.3333333333333333,0.6,0.16666666666666666,0,1,1,13,8.984900021459907,recommendationservice|frontend|productcatalogservice|shippingservice|main,recommendationservice_mem,0.8333333333333334,5,6,0.8333333333333334,0.8333333333333334,5,5,5,0.6949152542372882,baseline-v2-20260723,cd270e7871bd358937d83d9a49829637fa80007d2964084ef229f578e3733bd3,ba75425861a059dafcc477474fc3e4ed1eafdc2b47d6fdd0557337035d29a960,786b68c56671019577f9316418dd21c8527415b8142fbb72f43c94ccd68d1093,580162,1716143232000000000,300
OB/productcatalogservice_loss/5,OB,productcatalogservice,loss,5,300,300,stream,0.3,5,0.3050847457627119,nsigma,5,0.2,0.2,0.3333333333333333,0,0,1,13,54.01179997716099,frontend|cartservice|recommendationservice|checkoutservice|productcatalogservice,frontend_latency-50,0.8333333333333334,5,6,0.8333333333333334,0.8333333333333334,5,5,5,0.6949152542372882,baseline-v2-20260723,cd270e7871bd358937d83d9a49829637fa80007d2964084ef229f578e3733bd3,ba75425861a059dafcc477474fc3e4ed1eafdc2b47d6fdd0557337035d29a960,786b68c56671019577f9316418dd21c8527415b8142fbb72f43c94ccd68d1093,580162,1716143232000000000,300
OB/productcatalogservice_loss/5,OB,productcatalogservice,loss,5,300,300,stream,0.3,6,0.3050847457627119,baro,3,0.3333333333333333,0.6,0.16666666666666666,0,1,1,13,50.47550000017509,recommendationservice|frontend|productcatalogservice|adservice|frontend-external,recommendationservice_latency-90,0.8333333333333334,5,6,0.8333333333333334,0.8333333333333334,5,5,5,0.6949152542372882,baseline-v2-20260723,cd270e7871bd358937d83d9a49829637fa80007d2964084ef229f578e3733bd3,ba75425861a059dafcc477474fc3e4ed1eafdc2b47d6fdd0557337035d29a960,786b68c56671019577f9316418dd21c8527415b8142fbb72f43c94ccd68d1093,580162,1716143232000000000,300
OB/productcatalogservice_loss/5,OB,productcatalogservice,loss,5,300,300,stream,0.3,6,0.3050847457627119,median_shift,3,0.3333333333333333,0.6,0.16666666666666666,0,1,1,13,8.67479998851195,recommendationservice|frontend|productcatalogservice|adservice|currencyservice,recommendationservice_mem,0.8333333333333334,5,6,0.8333333333333334,0.8333333333333334,5,5,5,0.6949152542372882,baseline-v2-20260723,cd270e7871bd358937d83d9a49829637fa80007d2964084ef229f578e3733bd3,ba75425861a059dafcc477474fc3e4ed1eafdc2b47d6fdd0557337035d29a960,786b68c56671019577f9316418dd21c8527415b8142fbb72f43c94ccd68d1093,580162,1716143232000000000,300
OB/productcatalogservice_loss/5,OB,productcatalogservice,loss,5,300,300,stream,0.3,6,0.3050847457627119,nsigma,3,0.3333333333333333,0.6,0.16666666666666666,0,1,1,13,41.67170001892373,recommendationservice|frontend|productcatalogservice|frontend-external|currencyservice,recommendationservice_latency-90,0.8333333333333334,5,6,0.8333333333333334,0.8333333333333334,5,5,5,0.6949152542372882,baseline-v2-20260723,cd270e7871bd358937d83d9a49829637fa80007d2964084ef229f578e3733bd3,ba75425861a059dafcc477474fc3e4ed1eafdc2b47d6fdd0557337035d29a960,786b68c56671019577f9316418dd21c8527415b8142fbb72f43c94ccd68d1093,580162,1716143232000000000,300
OB/productcatalogservice_loss/5,OB,productcatalogservice,loss,5,300,300,stream,0.3,7,0.3050847457627119,baro,5,0.2,0.2,0.3333333333333333,0,0,1,13,64.67440002597868,recommendationservice|checkoutservice|adservice|frontend|productcatalogservice,recommendationservice_latency-90,0.8333333333333334,5,6,0.8333333333333334,0.8333333333333334,5,5,5,0.6949152542372882,baseline-v2-20260723,cd270e7871bd358937d83d9a49829637fa80007d2964084ef229f578e3733bd3,ba75425861a059dafcc477474fc3e4ed1eafdc2b47d6fdd0557337035d29a960,786b68c56671019577f9316418dd21c8527415b8142fbb72f43c94ccd68d1093,580162,1716143232000000000,300
OB/productcatalogservice_loss/5,OB,productcatalogservice,loss,5,300,300,stream,0.3,7,0.3050847457627119,median_shift,5,0.2,0.2,0.3333333333333333,0,0,1,13,13.216699997428805,recommendationservice|checkoutservice|frontend|adservice|productcatalogservice,recommendationservice_mem,0.8333333333333334,5,6,0.8333333333333334,0.8333333333333334,5,5,5,0.6949152542372882,baseline-v2-20260723,cd270e7871bd358937d83d9a49829637fa80007d2964084ef229f578e3733bd3,ba75425861a059dafcc477474fc3e4ed1eafdc2b47d6fdd0557337035d29a960,786b68c56671019577f9316418dd21c8527415b8142fbb72f43c94ccd68d1093,580162,1716143232000000000,300
OB/productcatalogservice_loss/5,OB,productcatalogservice,loss,5,300,300,stream,0.3,7,0.3050847457627119,nsigma,5,0.2,0.2,0.3333333333333333,0,0,1,13,51.45789997186512,recommendationservice|checkoutservice|adservice|frontend|productcatalogservice,recommendationservice_latency-90,0.8333333333333334,5,6,0.8333333333333334,0.8333333333333334,5,5,5,0.6949152542372882,baseline-v2-20260723,cd270e7871bd358937d83d9a49829637fa80007d2964084ef229f578e3733bd3,ba75425861a059dafcc477474fc3e4ed1eafdc2b47d6fdd0557337035d29a960,786b68c56671019577f9316418dd21c8527415b8142fbb72f43c94ccd68d1093,580162,1716143232000000000,300
OB/productcatalogservice_loss/5,OB,productcatalogservice,loss,5,300,300,stream,0.3,8,0.3050847457627119,baro,5,0.2,0.2,0.3333333333333333,0,0,1,13,57.70989996381104,cartservice|recommendationservice|adservice|frontend|productcatalogservice,cartservice_latency-90,0.6666666666666666,4,6,0.6666666666666666,0.6666666666666666,4,4,4,0.6949152542372882,baseline-v2-20260723,cd270e7871bd358937d83d9a49829637fa80007d2964084ef229f578e3733bd3,ba75425861a059dafcc477474fc3e4ed1eafdc2b47d6fdd0557337035d29a960,786b68c56671019577f9316418dd21c8527415b8142fbb72f43c94ccd68d1093,580162,1716143232000000000,300
OB/productcatalogservice_loss/5,OB,productcatalogservice,loss,5,300,300,stream,0.3,8,0.3050847457627119,median_shift,4,0.25,0.4,0.25,0,0,1,13,9.122500021476299,recommendationservice|frontend|adservice|productcatalogservice|main,recommendationservice_mem,0.6666666666666666,4,6,0.6666666666666666,0.6666666666666666,4,4,4,0.6949152542372882,baseline-v2-20260723,cd270e7871bd358937d83d9a49829637fa80007d2964084ef229f578e3733bd3,ba75425861a059dafcc477474fc3e4ed1eafdc2b47d6fdd0557337035d29a960,786b68c56671019577f9316418dd21c8527415b8142fbb72f43c94ccd68d1093,580162,1716143232000000000,300
OB/productcatalogservice_loss/5,OB,productcatalogservice,loss,5,300,300,stream,0.3,8,0.3050847457627119,nsigma,5,0.2,0.2,0.3333333333333333,0,0,1,13,44.02249999111518,recommendationservice|adservice|frontend|cartservice|productcatalogservice,recommendationservice_latency-90,0.6666666666666666,4,6,0.6666666666666666,0.6666666666666666,4,4,4,0.6949152542372882,baseline-v2-20260723,cd270e7871bd358937d83d9a49829637fa80007d2964084ef229f578e3733bd3,ba75425861a059dafcc477474fc3e4ed1eafdc2b47d6fdd0557337035d29a960,786b68c56671019577f9316418dd21c8527415b8142fbb72f43c94ccd68d1093,580162,1716143232000000000,300
OB/productcatalogservice_loss/5,OB,productcatalogservice,loss,5,300,300,stream,0.3,9,0.3050847457627119,baro,5,0.2,0.2,0.3333333333333333,0,0,1,13,49.82240003300831,cartservice|recommendationservice|checkoutservice|frontend|productcatalogservice,cartservice_latency-90,0.5,3,6,0.5,0.5,3,3,3,0.6949152542372882,baseline-v2-20260723,cd270e7871bd358937d83d9a49829637fa80007d2964084ef229f578e3733bd3,ba75425861a059dafcc477474fc3e4ed1eafdc2b47d6fdd0557337035d29a960,786b68c56671019577f9316418dd21c8527415b8142fbb72f43c94ccd68d1093,580162,1716143232000000000,300
OB/productcatalogservice_loss/5,OB,productcatalogservice,loss,5,300,300,stream,0.3,9,0.3050847457627119,median_shift,4,0.25,0.4,0.25,0,0,1,13,8.97099997382611,checkoutservice|recommendationservice|frontend|productcatalogservice|shippingservice,checkoutservice_latency-90,0.5,3,6,0.5,0.5,3,3,3,0.6949152542372882,baseline-v2-20260723,cd270e7871bd358937d83d9a49829637fa80007d2964084ef229f578e3733bd3,ba75425861a059dafcc477474fc3e4ed1eafdc2b47d6fdd0557337035d29a960,786b68c56671019577f9316418dd21c8527415b8142fbb72f43c94ccd68d1093,580162,1716143232000000000,300
OB/productcatalogservice_loss/5,OB,productcatalogservice,loss,5,300,300,stream,0.3,9,0.3050847457627119,nsigma,5,0.2,0.2,0.3333333333333333,0,0,1,13,41.87060002004728,recommendationservice|checkoutservice|frontend|cartservice|productcatalogservice,recommendationservice_latency-90,0.5,3,6,0.5,0.5,3,3,3,0.6949152542372882,baseline-v2-20260723,cd270e7871bd358937d83d9a49829637fa80007d2964084ef229f578e3733bd3,ba75425861a059dafcc477474fc3e4ed1eafdc2b47d6fdd0557337035d29a960,786b68c56671019577f9316418dd21c8527415b8142fbb72f43c94ccd68d1093,580162,1716143232000000000,300
OB/productcatalogservice_loss/5,OB,productcatalogservice,loss,5,300,300,stream,0.5,0,0.5084745762711864,baro,4,0.25,0.4,0.25,0,0,1,13,41.08819999964908,cartservice|checkoutservice|recommendationservice|productcatalogservice|adservice,cartservice_latency-90,0.3333333333333333,2,6,0.3333333333333333,0.3333333333333333,2,2,2,0.4915254237288136,baseline-v2-20260723,cd270e7871bd358937d83d9a49829637fa80007d2964084ef229f578e3733bd3,ba75425861a059dafcc477474fc3e4ed1eafdc2b47d6fdd0557337035d29a960,786b68c56671019577f9316418dd21c8527415b8142fbb72f43c94ccd68d1093,580162,1716143232000000000,300
OB/productcatalogservice_loss/5,OB,productcatalogservice,loss,5,300,300,stream,0.5,0,0.5084745762711864,median_shift,3,0.3333333333333333,0.6,0.16666666666666666,0,1,1,13,7.486100017558783,checkoutservice|recommendationservice|productcatalogservice|shippingservice|adservice,checkoutservice_latency-90,0.3333333333333333,2,6,0.3333333333333333,0.3333333333333333,2,2,2,0.4915254237288136,baseline-v2-20260723,cd270e7871bd358937d83d9a49829637fa80007d2964084ef229f578e3733bd3,ba75425861a059dafcc477474fc3e4ed1eafdc2b47d6fdd0557337035d29a960,786b68c56671019577f9316418dd21c8527415b8142fbb72f43c94ccd68d1093,580162,1716143232000000000,300
OB/productcatalogservice_loss/5,OB,productcatalogservice,loss,5,300,300,stream,0.5,0,0.5084745762711864,nsigma,4,0.25,0.4,0.25,0,0,1,13,35.347500001080334,checkoutservice|cartservice|recommendationservice|productcatalogservice|shippingservice,checkoutservice_latency-90,0.3333333333333333,2,6,0.3333333333333333,0.3333333333333333,2,2,2,0.4915254237288136,baseline-v2-20260723,cd270e7871bd358937d83d9a49829637fa80007d2964084ef229f578e3733bd3,ba75425861a059dafcc477474fc3e4ed1eafdc2b47d6fdd0557337035d29a960,786b68c56671019577f9316418dd21c8527415b8142fbb72f43c94ccd68d1093,580162,1716143232000000000,300
OB/productcatalogservice_loss/5,OB,productcatalogservice,loss,5,300,300,stream,0.5,1,0.5084745762711864,baro,4,0.25,0.4,0.25,0,0,1,13,39.25999999046326,recommendationservice|adservice|frontend|productcatalogservice|cartservice,recommendationservice_mem,0.6666666666666666,4,6,0.6666666666666666,0.6666666666666666,4,4,4,0.4915254237288136,baseline-v2-20260723,cd270e7871bd358937d83d9a49829637fa80007d2964084ef229f578e3733bd3,ba75425861a059dafcc477474fc3e4ed1eafdc2b47d6fdd0557337035d29a960,786b68c56671019577f9316418dd21c8527415b8142fbb72f43c94ccd68d1093,580162,1716143232000000000,300
OB/productcatalogservice_loss/5,OB,productcatalogservice,loss,5,300,300,stream,0.5,1,0.5084745762711864,median_shift,4,0.25,0.4,0.25,0,0,1,13,7.319000025745481,recommendationservice|frontend|adservice|productcatalogservice|currencyservice,recommendationservice_mem,0.6666666666666666,4,6,0.6666666666666666,0.6666666666666666,4,4,4,0.4915254237288136,baseline-v2-20260723,cd270e7871bd358937d83d9a49829637fa80007d2964084ef229f578e3733bd3,ba75425861a059dafcc477474fc3e4ed1eafdc2b47d6fdd0557337035d29a960,786b68c56671019577f9316418dd21c8527415b8142fbb72f43c94ccd68d1093,580162,1716143232000000000,300
OB/productcatalogservice_loss/5,OB,productcatalogservice,loss,5,300,300,stream,0.5,1,0.5084745762711864,nsigma,4,0.25,0.4,0.25,0,0,1,13,34.4263999722898,adservice|frontend|recommendationservice|productcatalogservice|currencyservice,adservice_latency-50,0.6666666666666666,4,6,0.6666666666666666,0.6666666666666666,4,4,4,0.4915254237288136,baseline-v2-20260723,cd270e7871bd358937d83d9a49829637fa80007d2964084ef229f578e3733bd3,ba75425861a059dafcc477474fc3e4ed1eafdc2b47d6fdd0557337035d29a960,786b68c56671019577f9316418dd21c8527415b8142fbb72f43c94ccd68d1093,580162,1716143232000000000,300
OB/productcatalogservice_loss/5,OB,productcatalogservice,loss,5,300,300,stream,0.5,2,0.5084745762711864,baro,4,0.25,0.4,0.25,0,0,1,13,53.76590002560988,frontend|checkoutservice|recommendationservice|productcatalogservice|frontend-external,frontend_latency-50,0.5,3,6,0.5,0.5,3,3,3,0.4915254237288136,baseline-v2-20260723,cd270e7871bd358937d83d9a49829637fa80007d2964084ef229f578e3733bd3,ba75425861a059dafcc477474fc3e4ed1eafdc2b47d6fdd0557337035d29a960,786b68c56671019577f9316418dd21c8527415b8142fbb72f43c94ccd68d1093,580162,1716143232000000000,300
OB/productcatalogservice_loss/5,OB,productcatalogservice,loss,5,300,300,stream,0.5,2,0.5084745762711864,median_shift,3,0.3333333333333333,0.6,0.16666666666666666,0,1,1,13,7.370100007392466,frontend|recommendationservice|productcatalogservice|shippingservice|checkoutservice,frontend_latency-50,0.5,3,6,0.5,0.5,3,3,3,0.4915254237288136,baseline-v2-20260723,cd270e7871bd358937d83d9a49829637fa80007d2964084ef229f578e3733bd3,ba75425861a059dafcc477474fc3e4ed1eafdc2b47d6fdd0557337035d29a960,786b68c56671019577f9316418dd21c8527415b8142fbb72f43c94ccd68d1093,580162,1716143232000000000,300
OB/productcatalogservice_loss/5,OB,productcatalogservice,loss,5,300,300,stream,0.5,2,0.5084745762711864,nsigma,4,0.25,0.4,0.25,0,0,1,13,33.139800012577325,frontend|recommendationservice|checkoutservice|productcatalogservice|shippingservice,frontend_latency-50,0.5,3,6,0.5,0.5,3,3,3,0.4915254237288136,baseline-v2-20260723,cd270e7871bd358937d83d9a49829637fa80007d2964084ef229f578e3733bd3,ba75425861a059dafcc477474fc3e4ed1eafdc2b47d6fdd0557337035d29a960,786b68c56671019577f9316418dd21c8527415b8142fbb72f43c94ccd68d1093,580162,1716143232000000000,300
OB/productcatalogservice_loss/5,OB,productcatalogservice,loss,5,300,300,stream,0.5,3,0.5084745762711864,baro,3,0.3333333333333333,0.6,0.16666666666666666,0,1,1,13,61.41129997558892,recommendationservice|frontend|productcatalogservice|main|shippingservice,recommendationservice_latency-90,0.3333333333333333,2,6,0.3333333333333333,0.3333333333333333,2,2,2,0.4915254237288136,baseline-v2-20260723,cd270e7871bd358937d83d9a49829637fa80007d2964084ef229f578e3733bd3,ba75425861a059dafcc477474fc3e4ed1eafdc2b47d6fdd0557337035d29a960,786b68c56671019577f9316418dd21c8527415b8142fbb72f43c94ccd68d1093,580162,1716143232000000000,300
OB/productcatalogservice_loss/5,OB,productcatalogservice,loss,5,300,300,stream,0.5,3,0.5084745762711864,median_shift,5,0.2,0.2,0.3333333333333333,0,0,1,13,15.793600003235042,recommendationservice|frontend|shippingservice|main|productcatalogservice,recommendationservice_mem,0.3333333333333333,2,6,0.3333333333333333,0.3333333333333333,2,2,2,0.4915254237288136,baseline-v2-20260723,cd270e7871bd358937d83d9a49829637fa80007d2964084ef229f578e3733bd3,ba75425861a059dafcc477474fc3e4ed1eafdc2b47d6fdd0557337035d29a960,786b68c56671019577f9316418dd21c8527415b8142fbb72f43c94ccd68d1093,580162,1716143232000000000,300
OB/productcatalogservice_loss/5,OB,productcatalogservice,loss,5,300,300,stream,0.5,3,0.5084745762711864,nsigma,5,0.2,0.2,0.3333333333333333,0,0,1,13,44.84950000187382,recommendationservice|main|shippingservice|frontend|productcatalogservice,recommendationservice_latency-90,0.3333333333333333,2,6,0.3333333333333333,0.3333333333333333,2,2,2,0.4915254237288136,baseline-v2-20260723,cd270e7871bd358937d83d9a49829637fa80007d2964084ef229f578e3733bd3,ba75425861a059dafcc477474fc3e4ed1eafdc2b47d6fdd0557337035d29a960,786b68c56671019577f9316418dd21c8527415b8142fbb72f43c94ccd68d1093,580162,1716143232000000000,300
OB/productcatalogservice_loss/5,OB,productcatalogservice,loss,5,300,300,stream,0.5,4,0.5084745762711864,baro,4,0.25,0.4,0.25,0,0,1,13,52.31429997365922,cartservice|recommendationservice|adservice|productcatalogservice|frontend,cartservice_latency-90,0.5,3,6,0.5,0.5,3,3,3,0.4915254237288136,baseline-v2-20260723,cd270e7871bd358937d83d9a49829637fa80007d2964084ef229f578e3733bd3,ba75425861a059dafcc477474fc3e4ed1eafdc2b47d6fdd0557337035d29a960,786b68c56671019577f9316418dd21c8527415b8142fbb72f43c94ccd68d1093,580162,1716143232000000000,300
OB/productcatalogservice_loss/5,OB,productcatalogservice,loss,5,300,300,stream,0.5,4,0.5084745762711864,median_shift,3,0.3333333333333333,0.6,0.16666666666666666,0,1,1,13,13.079800002742559,recommendationservice|adservice|productcatalogservice|shippingservice|main,recommendationservice_latency-90,0.5,3,6,0.5,0.5,3,3,3,0.4915254237288136,baseline-v2-20260723,cd270e7871bd358937d83d9a49829637fa80007d2964084ef229f578e3733bd3,ba75425861a059dafcc477474fc3e4ed1eafdc2b47d6fdd0557337035d29a960,786b68c56671019577f9316418dd21c8527415b8142fbb72f43c94ccd68d1093,580162,1716143232000000000,300
OB/productcatalogservice_loss/5,OB,productcatalogservice,loss,5,300,300,stream,0.5,4,0.5084745762711864,nsigma,4,0.25,0.4,0.25,0,0,1,13,53.76999999862164,recommendationservice|adservice|cartservice|productcatalogservice|main,recommendationservice_latency-90,0.5,3,6,0.5,0.5,3,3,3,0.4915254237288136,baseline-v2-20260723,cd270e7871bd358937d83d9a49829637fa80007d2964084ef229f578e3733bd3,ba75425861a059dafcc477474fc3e4ed1eafdc2b47d6fdd0557337035d29a960,786b68c56671019577f9316418dd21c8527415b8142fbb72f43c94ccd68d1093,580162,1716143232000000000,300
OB/productcatalogservice_loss/5,OB,productcatalogservice,loss,5,300,300,stream,0.5,5,0.5084745762711864,baro,13,0.07692307692307693,0.0,1.0,0,0,0,13,41.06259997934103,recommendationservice|checkoutservice|frontend|adservice|frontend-external,recommendationservice_latency-90,0.0,0,6,0.0,0.0,0,0,0,0.4915254237288136,baseline-v2-20260723,cd270e7871bd358937d83d9a49829637fa80007d2964084ef229f578e3733bd3,ba75425861a059dafcc477474fc3e4ed1eafdc2b47d6fdd0557337035d29a960,786b68c56671019577f9316418dd21c8527415b8142fbb72f43c94ccd68d1093,580162,1716143232000000000,300
OB/productcatalogservice_loss/5,OB,productcatalogservice,loss,5,300,300,stream,0.5,5,0.5084745762711864,median_shift,13,0.07692307692307693,0.0,1.0,0,0,0,13,15.446499979589134,checkoutservice|recommendationservice|frontend|adservice|currencyservice,checkoutservice_latency-90,0.0,0,6,0.0,0.0,0,0,0,0.4915254237288136,baseline-v2-20260723,cd270e7871bd358937d83d9a49829637fa80007d2964084ef229f578e3733bd3,ba75425861a059dafcc477474fc3e4ed1eafdc2b47d6fdd0557337035d29a960,786b68c56671019577f9316418dd21c8527415b8142fbb72f43c94ccd68d1093,580162,1716143232000000000,300
OB/productcatalogservice_loss/5,OB,productcatalogservice,loss,5,300,300,stream,0.5,5,0.5084745762711864,nsigma,13,0.07692307692307693,0.0,1.0,0,0,0,13,34.66689999913797,recommendationservice|checkoutservice|frontend|frontend-external|currencyservice,recommendationservice_latency-90,0.0,0,6,0.0,0.0,0,0,0,0.4915254237288136,baseline-v2-20260723,cd270e7871bd358937d83d9a49829637fa80007d2964084ef229f578e3733bd3,ba75425861a059dafcc477474fc3e4ed1eafdc2b47d6fdd0557337035d29a960,786b68c56671019577f9316418dd21c8527415b8142fbb72f43c94ccd68d1093,580162,1716143232000000000,300
OB/productcatalogservice_loss/5,OB,productcatalogservice,loss,5,300,300,stream,0.5,6,0.5084745762711864,baro,4,0.25,0.4,0.25,0,0,1,13,43.84390002815053,recommendationservice|checkoutservice|frontend|productcatalogservice|adservice,recommendationservice_latency-90,0.6666666666666666,4,6,0.6666666666666666,0.6666666666666666,4,4,4,0.4915254237288136,baseline-v2-20260723,cd270e7871bd358937d83d9a49829637fa80007d2964084ef229f578e3733bd3,ba75425861a059dafcc477474fc3e4ed1eafdc2b47d6fdd0557337035d29a960,786b68c56671019577f9316418dd21c8527415b8142fbb72f43c94ccd68d1093,580162,1716143232000000000,300
OB/productcatalogservice_loss/5,OB,productcatalogservice,loss,5,300,300,stream,0.5,6,0.5084745762711864,median_shift,4,0.25,0.4,0.25,0,0,1,13,7.352799992077053,recommendationservice|checkoutservice|frontend|productcatalogservice|shippingservice,recommendationservice_mem,0.6666666666666666,4,6,0.6666666666666666,0.6666666666666666,4,4,4,0.4915254237288136,baseline-v2-20260723,cd270e7871bd358937d83d9a49829637fa80007d2964084ef229f578e3733bd3,ba75425861a059dafcc477474fc3e4ed1eafdc2b47d6fdd0557337035d29a960,786b68c56671019577f9316418dd21c8527415b8142fbb72f43c94ccd68d1093,580162,1716143232000000000,300
OB/productcatalogservice_loss/5,OB,productcatalogservice,loss,5,300,300,stream,0.5,6,0.5084745762711864,nsigma,4,0.25,0.4,0.25,0,0,1,13,37.76029997970909,recommendationservice|checkoutservice|frontend|productcatalogservice|shippingservice,recommendationservice_latency-90,0.6666666666666666,4,6,0.6666666666666666,0.6666666666666666,4,4,4,0.4915254237288136,baseline-v2-20260723,cd270e7871bd358937d83d9a49829637fa80007d2964084ef229f578e3733bd3,ba75425861a059dafcc477474fc3e4ed1eafdc2b47d6fdd0557337035d29a960,786b68c56671019577f9316418dd21c8527415b8142fbb72f43c94ccd68d1093,580162,1716143232000000000,300
OB/productcatalogservice_loss/5,OB,productcatalogservice,loss,5,300,300,stream,0.5,7,0.5084745762711864,baro,8,0.125,0.0,0.5833333333333334,0,0,0,13,50.8084999746643,frontend|checkoutservice|recommendationservice|adservice|cartservice,frontend_latency-50,0.3333333333333333,2,6,0.3333333333333333,0.3333333333333333,2,2,2,0.4915254237288136,baseline-v2-20260723,cd270e7871bd358937d83d9a49829637fa80007d2964084ef229f578e3733bd3,ba75425861a059dafcc477474fc3e4ed1eafdc2b47d6fdd0557337035d29a960,786b68c56671019577f9316418dd21c8527415b8142fbb72f43c94ccd68d1093,580162,1716143232000000000,300
OB/productcatalogservice_loss/5,OB,productcatalogservice,loss,5,300,300,stream,0.5,7,0.5084745762711864,median_shift,3,0.3333333333333333,0.6,0.16666666666666666,0,1,1,13,8.852099999785423,frontend|recommendationservice|productcatalogservice|checkoutservice|adservice,frontend_latency-50,0.3333333333333333,2,6,0.3333333333333333,0.3333333333333333,2,2,2,0.4915254237288136,baseline-v2-20260723,cd270e7871bd358937d83d9a49829637fa80007d2964084ef229f578e3733bd3,ba75425861a059dafcc477474fc3e4ed1eafdc2b47d6fdd0557337035d29a960,786b68c56671019577f9316418dd21c8527415b8142fbb72f43c94ccd68d1093,580162,1716143232000000000,300
OB/productcatalogservice_loss/5,OB,productcatalogservice,loss,5,300,300,stream,0.5,7,0.5084745762711864,nsigma,4,0.25,0.4,0.25,0,0,1,13,34.6445000031963,frontend|recommendationservice|checkoutservice|productcatalogservice|adservice,frontend_latency-50,0.3333333333333333,2,6,0.3333333333333333,0.3333333333333333,2,2,2,0.4915254237288136,baseline-v2-20260723,cd270e7871bd358937d83d9a49829637fa80007d2964084ef229f578e3733bd3,ba75425861a059dafcc477474fc3e4ed1eafdc2b47d6fdd0557337035d29a960,786b68c56671019577f9316418dd21c8527415b8142fbb72f43c94ccd68d1093,580162,1716143232000000000,300
OB/productcatalogservice_loss/5,OB,productcatalogservice,loss,5,300,300,stream,0.5,8,0.5084745762711864,baro,8,0.125,0.0,0.5833333333333334,0,0,0,13,53.4963000100106,cartservice|recommendationservice|checkoutservice|frontend|main,cartservice_latency-90,0.5,3,6,0.5,0.5,3,3,3,0.4915254237288136,baseline-v2-20260723,cd270e7871bd358937d83d9a49829637fa80007d2964084ef229f578e3733bd3,ba75425861a059dafcc477474fc3e4ed1eafdc2b47d6fdd0557337035d29a960,786b68c56671019577f9316418dd21c8527415b8142fbb72f43c94ccd68d1093,580162,1716143232000000000,300
OB/productcatalogservice_loss/5,OB,productcatalogservice,loss,5,300,300,stream,0.5,8,0.5084745762711864,median_shift,6,0.16666666666666666,0.0,0.4166666666666667,0,0,0,13,12.777800031471997,recommendationservice|checkoutservice|frontend|shippingservice|main,recommendationservice_mem,0.5,3,6,0.5,0.5,3,3,3,0.4915254237288136,baseline-v2-20260723,cd270e7871bd358937d83d9a49829637fa80007d2964084ef229f578e3733bd3,ba75425861a059dafcc477474fc3e4ed1eafdc2b47d6fdd0557337035d29a960,786b68c56671019577f9316418dd21c8527415b8142fbb72f43c94ccd68d1093,580162,1716143232000000000,300
OB/productcatalogservice_loss/5,OB,productcatalogservice,loss,5,300,300,stream,0.5,8,0.5084745762711864,nsigma,9,0.1111111111111111,0.0,0.6666666666666666,0,0,0,13,39.992500038351864,recommendationservice|checkoutservice|cartservice|main|shippingservice,recommendationservice_latency-90,0.5,3,6,0.5,0.5,3,3,3,0.4915254237288136,baseline-v2-20260723,cd270e7871bd358937d83d9a49829637fa80007d2964084ef229f578e3733bd3,ba75425861a059dafcc477474fc3e4ed1eafdc2b47d6fdd0557337035d29a960,786b68c56671019577f9316418dd21c8527415b8142fbb72f43c94ccd68d1093,580162,1716143232000000000,300
OB/productcatalogservice_loss/5,OB,productcatalogservice,loss,5,300,300,stream,0.5,9,0.5084745762711864,baro,5,0.2,0.2,0.3333333333333333,0,0,1,13,42.533100000582635,cartservice|checkoutservice|recommendationservice|frontend|productcatalogservice,cartservice_latency-90,0.5,3,6,0.5,0.5,3,3,3,0.4915254237288136,baseline-v2-20260723,cd270e7871bd358937d83d9a49829637fa80007d2964084ef229f578e3733bd3,ba75425861a059dafcc477474fc3e4ed1eafdc2b47d6fdd0557337035d29a960,786b68c56671019577f9316418dd21c8527415b8142fbb72f43c94ccd68d1093,580162,1716143232000000000,300
OB/productcatalogservice_loss/5,OB,productcatalogservice,loss,5,300,300,stream,0.5,9,0.5084745762711864,median_shift,4,0.25,0.4,0.25,0,0,1,13,8.897899999283254,recommendationservice|checkoutservice|frontend|productcatalogservice|adservice,recommendationservice_mem,0.5,3,6,0.5,0.5,3,3,3,0.4915254237288136,baseline-v2-20260723,cd270e7871bd358937d83d9a49829637fa80007d2964084ef229f578e3733bd3,ba75425861a059dafcc477474fc3e4ed1eafdc2b47d6fdd0557337035d29a960,786b68c56671019577f9316418dd21c8527415b8142fbb72f43c94ccd68d1093,580162,1716143232000000000,300
OB/productcatalogservice_loss/5,OB,productcatalogservice,loss,5,300,300,stream,0.5,9,0.5084745762711864,nsigma,5,0.2,0.2,0.3333333333333333,0,0,1,13,36.62040003109723,checkoutservice|frontend|cartservice|recommendationservice|productcatalogservice,checkoutservice_latency-90,0.5,3,6,0.5,0.5,3,3,3,0.4915254237288136,baseline-v2-20260723,cd270e7871bd358937d83d9a49829637fa80007d2964084ef229f578e3733bd3,ba75425861a059dafcc477474fc3e4ed1eafdc2b47d6fdd0557337035d29a960,786b68c56671019577f9316418dd21c8527415b8142fbb72f43c94ccd68d1093,580162,1716143232000000000,300
