case_id,system,root_service,fault,repetition,n_pre,n_post,mechanism,rate,replicate,realized_rate,method,rank,reciprocal_rank,avg_at_5,normalized_rank,hit_at_1,hit_at_3,hit_at_5,candidate_count,elapsed_ms,top_5,top_evidence_metric,root_observed_fraction,root_streams_available,root_streams_total,root_pre_observed_fraction,root_post_observed_fraction,root_streams_pre_available,root_streams_post_available,root_streams_scorable,observed_fraction,runner_version,code_hash,config_fingerprint,source_fingerprint,source_size,source_mtime_ns,window
OB/productcatalogservice_delay/3,OB,productcatalogservice,delay,3,300,300,burst,0.1,0,0.1,baro,1,1.0,1.0,0.0,1,1,1,13,62.30300001334399,productcatalogservice|recommendationservice|frontend|checkoutservice|cartservice,productcatalogservice_latency-50,0.9,5,5,0.96,0.84,5,5,5,0.9,baseline-v2-20260723,cd270e7871bd358937d83d9a49829637fa80007d2964084ef229f578e3733bd3,ba75425861a059dafcc477474fc3e4ed1eafdc2b47d6fdd0557337035d29a960,c88d8e3399c3efb26f0f06f0749e81cd4fafe65f3d748a546f4c9c309848489e,566318,1716143232000000000,300
OB/productcatalogservice_delay/3,OB,productcatalogservice,delay,3,300,300,burst,0.1,0,0.1,median_shift,3,0.3333333333333333,0.6,0.16666666666666666,0,1,1,13,11.09129999531433,main|recommendationservice|productcatalogservice|frontend|checkoutservice,main_mem,0.9,5,5,0.96,0.84,5,5,5,0.9,baseline-v2-20260723,cd270e7871bd358937d83d9a49829637fa80007d2964084ef229f578e3733bd3,ba75425861a059dafcc477474fc3e4ed1eafdc2b47d6fdd0557337035d29a960,c88d8e3399c3efb26f0f06f0749e81cd4fafe65f3d748a546f4c9c309848489e,566318,1716143232000000000,300
OB/productcatalogservice_delay/3,OB,productcatalogservice,delay,3,300,300,burst,0.1,0,0.1,nsigma,1,1.0,1.0,0.0,1,1,1,13,60.56499999249354,productcatalogservice|recommendationservice|frontend|checkoutservice|cartservice,productcatalogservice_latency-50,0.9,5,5,0.96,0.84,5,5,5,0.9,baseline-v2-20260723,cd270e7871bd358937d83d9a49829637fa80007d2964084ef229f578e3733bd3,ba75425861a059dafcc477474fc3e4ed1eafdc2b47d6fdd0557337035d29a960,c88d8e3399c3efb26f0f06f0749e81cd4fafe65f3d748a546f4c9c309848489e,566318,1716143232000000000,300
OB/productcatalogservice_delay/3,OB,productcatalogservice,delay,3,300,300,burst,0.1,1,0.1,baro,1,1.0,1.0,0.0,1,1,1,13,64.41130000166595,productcatalogservice|recommendationservice|frontend|checkoutservice|cartservice,productcatalogservice_latency-50,0.9,5,5,0.8906666666666667,0.9093333333333333,5,5,5,0.9,baseline-v2-20260723,cd270e7871bd358937d83d9a49829637fa80007d2964084ef229f578e3733bd3,ba75425861a059dafcc477474fc3e4ed1eafdc2b47d6fdd0557337035d29a960,c88d8e3399c3efb26f0f06f0749e81cd4fafe65f3d748a546f4c9c309848489e,566318,1716143232000000000,300
OB/productcatalogservice_delay/3,OB,productcatalogservice,delay,3,300,300,burst,0.1,1,0.1,median_shift,3,0.3333333333333333,0.6,0.16666666666666666,0,1,1,13,10.554499982390553,main|recommendationservice|productcatalogservice|frontend|checkoutservice,main_mem,0.9,5,5,0.8906666666666667,0.9093333333333333,5,5,5,0.9,baseline-v2-20260723,cd270e7871bd358937d83d9a49829637fa80007d2964084ef229f578e3733bd3,ba75425861a059dafcc477474fc3e4ed1eafdc2b47d6fdd0557337035d29a960,c88d8e3399c3efb26f0f06f0749e81cd4fafe65f3d748a546f4c9c309848489e,566318,1716143232000000000,300
OB/productcatalogservice_delay/3,OB,productcatalogservice,delay,3,300,300,burst,0.1,1,0.1,nsigma,1,1.0,1.0,0.0,1,1,1,13,53.482100018300116,productcatalogservice|recommendationservice|frontend|checkoutservice|cartservice,productcatalogservice_latency-50,0.9,5,5,0.8906666666666667,0.9093333333333333,5,5,5,0.9,baseline-v2-20260723,cd270e7871bd358937d83d9a49829637fa80007d2964084ef229f578e3733bd3,ba75425861a059dafcc477474fc3e4ed1eafdc2b47d6fdd0557337035d29a960,c88d8e3399c3efb26f0f06f0749e81cd4fafe65f3d748a546f4c9c309848489e,566318,1716143232000000000,300
OB/productcatalogservice_delay/3,OB,productcatalogservice,delay,3,300,300,burst,0.1,2,0.1,baro,1,1.0,1.0,0.0,1,1,1,13,63.878700020723045,productcatalogservice|recommendationservice|frontend|checkoutservice|cartservice,productcatalogservice_latency-50,0.9,5,5,0.84,0.96,5,5,5,0.9,baseline-v2-20260723,cd270e7871bd358937d83d9a49829637fa80007d2964084ef229f578e3733bd3,ba75425861a059dafcc477474fc3e4ed1eafdc2b47d6fdd0557337035d29a960,c88d8e3399c3efb26f0f06f0749e81cd4fafe65f3d748a546f4c9c309848489e,566318,1716143232000000000,300
OB/productcatalogservice_delay/3,OB,productcatalogservice,delay,3,300,300,burst,0.1,2,0.1,median_shift,3,0.3333333333333333,0.6,0.16666666666666666,0,1,1,13,13.065699953585863,main|recommendationservice|productcatalogservice|frontend|checkoutservice,main_mem,0.9,5,5,0.84,0.96,5,5,5,0.9,baseline-v2-20260723,cd270e7871bd358937d83d9a49829637fa80007d2964084ef229f578e3733bd3,ba75425861a059dafcc477474fc3e4ed1eafdc2b47d6fdd0557337035d29a960,c88d8e3399c3efb26f0f06f0749e81cd4fafe65f3d748a546f4c9c309848489e,566318,1716143232000000000,300
OB/productcatalogservice_delay/3,OB,productcatalogservice,delay,3,300,300,burst,0.1,2,0.1,nsigma,1,1.0,1.0,0.0,1,1,1,13,54.461599967908114,productcatalogservice|recommendationservice|frontend|checkoutservice|cartservice,productcatalogservice_latency-50,0.9,5,5,0.84,0.96,5,5,5,0.9,baseline-v2-20260723,cd270e7871bd358937d83d9a49829637fa80007d2964084ef229f578e3733bd3,ba75425861a059dafcc477474fc3e4ed1eafdc2b47d6fdd0557337035d29a960,c88d8e3399c3efb26f0f06f0749e81cd4fafe65f3d748a546f4c9c309848489e,566318,1716143232000000000,300
OB/productcatalogservice_delay/3,OB,productcatalogservice,delay,3,300,300,burst,0.1,3,0.1,baro,1,1.0,1.0,0.0,1,1,1,13,69.52419999288395,productcatalogservice|recommendationservice|frontend|checkoutservice|cartservice,productcatalogservice_latency-50,0.9,5,5,0.9533333333333334,0.8466666666666667,5,5,5,0.9,baseline-v2-20260723,cd270e7871bd358937d83d9a49829637fa80007d2964084ef229f578e3733bd3,ba75425861a059dafcc477474fc3e4ed1eafdc2b47d6fdd0557337035d29a960,c88d8e3399c3efb26f0f06f0749e81cd4fafe65f3d748a546f4c9c309848489e,566318,1716143232000000000,300
OB/productcatalogservice_delay/3,OB,productcatalogservice,delay,3,300,300,burst,0.1,3,0.1,median_shift,3,0.3333333333333333,0.6,0.16666666666666666,0,1,1,13,11.014399991836399,main|recommendationservice|productcatalogservice|frontend|checkoutservice,main_mem,0.9,5,5,0.9533333333333334,0.8466666666666667,5,5,5,0.9,baseline-v2-20260723,cd270e7871bd358937d83d9a49829637fa80007d2964084ef229f578e3733bd3,ba75425861a059dafcc477474fc3e4ed1eafdc2b47d6fdd0557337035d29a960,c88d8e3399c3efb26f0f06f0749e81cd4fafe65f3d748a546f4c9c309848489e,566318,1716143232000000000,300
OB/productcatalogservice_delay/3,OB,productcatalogservice,delay,3,300,300,burst,0.1,3,0.1,nsigma,1,1.0,1.0,0.0,1,1,1,13,61.27780000679195,productcatalogservice|recommendationservice|frontend|checkoutservice|cartservice,productcatalogservice_latency-50,0.9,5,5,0.9533333333333334,0.8466666666666667,5,5,5,0.9,baseline-v2-20260723,cd270e7871bd358937d83d9a49829637fa80007d2964084ef229f578e3733bd3,ba75425861a059dafcc477474fc3e4ed1eafdc2b47d6fdd0557337035d29a960,c88d8e3399c3efb26f0f06f0749e81cd4fafe65f3d748a546f4c9c309848489e,566318,1716143232000000000,300
OB/productcatalogservice_delay/3,OB,productcatalogservice,delay,3,300,300,burst,0.1,4,0.1,baro,1,1.0,1.0,0.0,1,1,1,13,85.7086000032723,productcatalogservice|recommendationservice|frontend|checkoutservice|cartservice,productcatalogservice_latency-50,0.9,5,5,0.92,0.88,5,5,5,0.9,baseline-v2-20260723,cd270e7871bd358937d83d9a49829637fa80007d2964084ef229f578e3733bd3,ba75425861a059dafcc477474fc3e4ed1eafdc2b47d6fdd0557337035d29a960,c88d8e3399c3efb26f0f06f0749e81cd4fafe65f3d748a546f4c9c309848489e,566318,1716143232000000000,300
OB/productcatalogservice_delay/3,OB,productcatalogservice,delay,3,300,300,burst,0.1,4,0.1,median_shift,3,0.3333333333333333,0.6,0.16666666666666666,0,1,1,13,15.605299966409802,main|recommendationservice|productcatalogservice|frontend|checkoutservice,main_mem,0.9,5,5,0.92,0.88,5,5,5,0.9,baseline-v2-20260723,cd270e7871bd358937d83d9a49829637fa80007d2964084ef229f578e3733bd3,ba75425861a059dafcc477474fc3e4ed1eafdc2b47d6fdd0557337035d29a960,c88d8e3399c3efb26f0f06f0749e81cd4fafe65f3d748a546f4c9c309848489e,566318,1716143232000000000,300
OB/productcatalogservice_delay/3,OB,productcatalogservice,delay,3,300,300,burst,0.1,4,0.1,nsigma,1,1.0,1.0,0.0,1,1,1,13,75.8792000124231,productcatalogservice|recommendationservice|frontend|checkoutservice|cartservice,productcatalogservice_latency-50,0.9,5,5,0.92,0.88,5,5,5,0.9,baseline-v2-20260723,cd270e7871bd358937d83d9a49829637fa80007d2964084ef229f578e3733bd3,ba75425861a059dafcc477474fc3e4ed1eafdc2b47d6fdd0557337035d29a960,c88d8e3399c3efb26f0f06f0749e81cd4fafe65f3d748a546f4c9c309848489e,566318,1716143232000000000,300
OB/productcatalogservice_delay/3,OB,productcatalogservice,delay,3,300,300,burst,0.1,5,0.1,baro,1,1.0,1.0,0.0,1,1,1,13,78.72170000337064,productcatalogservice|recommendationservice|frontend|checkoutservice|cartservice,productcatalogservice_latency-50,0.9,5,5,0.92,0.88,5,5,5,0.9,baseline-v2-20260723,cd270e7871bd358937d83d9a49829637fa80007d2964084ef229f578e3733bd3,ba75425861a059dafcc477474fc3e4ed1eafdc2b47d6fdd0557337035d29a960,c88d8e3399c3efb26f0f06f0749e81cd4fafe65f3d748a546f4c9c309848489e,566318,1716143232000000000,300
OB/productcatalogservice_delay/3,OB,productcatalogservice,delay,3,300,300,burst,0.1,5,0.1,median_shift,3,0.3333333333333333,0.6,0.16666666666666666,0,1,1,13,23.824999982025474,main|recommendationservice|productcatalogservice|frontend|checkoutservice,main_mem,0.9,5,5,0.92,0.88,5,5,5,0.9,baseline-v2-20260723,cd270e7871bd358937d83d9a49829637fa80007d2964084ef229f578e3733bd3,ba75425861a059dafcc477474fc3e4ed1eafdc2b47d6fdd0557337035d29a960,c88d8e3399c3efb26f0f06f0749e81cd4fafe65f3d748a546f4c9c309848489e,566318,1716143232000000000,300
OB/productcatalogservice_delay/3,OB,productcatalogservice,delay,3,300,300,burst,0.1,5,0.1,nsigma,1,1.0,1.0,0.0,1,1,1,13,55.15219998778775,productcatalogservice|recommendationservice|frontend|checkoutservice|cartservice,productcatalogservice_latency-50,0.9,5,5,0.92,0.88,5,5,5,0.9,baseline-v2-20260723,cd270e7871bd358937d83d9a49829637fa80007d2964084ef229f578e3733bd3,ba75425861a059dafcc477474fc3e4ed1eafdc2b47d6fdd0557337035d29a960,c88d8e3399c3efb26f0f06f0749e81cd4fafe65f3d748a546f4c9c309848489e,566318,1716143232000000000,300
OB/productcatalogservice_delay/3,OB,productcatalogservice,delay,3,300,300,burst,0.1,6,0.1,baro,1,1.0,1.0,0.0,1,1,1,13,80.37000003969297,productcatalogservice|recommendationservice|frontend|checkoutservice|cartservice,productcatalogservice_latency-50,0.9,5,5,0.844,0.956,5,5,5,0.9,baseline-v2-20260723,cd270e7871bd358937d83d9a49829637fa80007d2964084ef229f578e3733bd3,ba75425861a059dafcc477474fc3e4ed1eafdc2b47d6fdd0557337035d29a960,c88d8e3399c3efb26f0f06f0749e81cd4fafe65f3d748a546f4c9c309848489e,566318,1716143232000000000,300
OB/productcatalogservice_delay/3,OB,productcatalogservice,delay,3,300,300,burst,0.1,6,0.1,median_shift,3,0.3333333333333333,0.6,0.16666666666666666,0,1,1,13,12.7892000018619,main|recommendationservice|productcatalogservice|frontend|checkoutservice,main_mem,0.9,5,5,0.844,0.956,5,5,5,0.9,baseline-v2-20260723,cd270e7871bd358937d83d9a49829637fa80007d2964084ef229f578e3733bd3,ba75425861a059dafcc477474fc3e4ed1eafdc2b47d6fdd0557337035d29a960,c88d8e3399c3efb26f0f06f0749e81cd4fafe65f3d748a546f4c9c309848489e,566318,1716143232000000000,300
OB/productcatalogservice_delay/3,OB,productcatalogservice,delay,3,300,300,burst,0.1,6,0.1,nsigma,1,1.0,1.0,0.0,1,1,1,13,81.940800009761,productcatalogservice|recommendationservice|frontend|checkoutservice|cartservice,productcatalogservice_latency-50,0.9,5,5,0.844,0.956,5,5,5,0.9,baseline-v2-20260723,cd270e7871bd358937d83d9a49829637fa80007d2964084ef229f578e3733bd3,ba75425861a059dafcc477474fc3e4ed1eafdc2b47d6fdd0557337035d29a960,c88d8e3399c3efb26f0f06f0749e81cd4fafe65f3d748a546f4c9c309848489e,566318,1716143232000000000,300
OB/productcatalogservice_delay/3,OB,productcatalogservice,delay,3,300,300,burst,0.1,7,0.1,baro,1,1.0,1.0,0.0,1,1,1,13,78.0444000265561,productcatalogservice|frontend|recommendationservice|checkoutservice|cartservice,productcatalogservice_latency-50,0.9,5,5,0.904,0.896,5,5,5,0.9,baseline-v2-20260723,cd270e7871bd358937d83d9a49829637fa80007d2964084ef229f578e3733bd3,ba75425861a059dafcc477474fc3e4ed1eafdc2b47d6fdd0557337035d29a960,c88d8e3399c3efb26f0f06f0749e81cd4fafe65f3d748a546f4c9c309848489e,566318,1716143232000000000,300
OB/productcatalogservice_delay/3,OB,productcatalogservice,delay,3,300,300,burst,0.1,7,0.1,median_shift,3,0.3333333333333333,0.6,0.16666666666666666,0,1,1,13,11.891600035596639,main|recommendationservice|productcatalogservice|frontend|checkoutservice,main_mem,0.9,5,5,0.904,0.896,5,5,5,0.9,baseline-v2-20260723,cd270e7871bd358937d83d9a49829637fa80007d2964084ef229f578e3733bd3,ba75425861a059dafcc477474fc3e4ed1eafdc2b47d6fdd0557337035d29a960,c88d8e3399c3efb26f0f06f0749e81cd4fafe65f3d748a546f4c9c309848489e,566318,1716143232000000000,300
OB/productcatalogservice_delay/3,OB,productcatalogservice,delay,3,300,300,burst,0.1,7,0.1,nsigma,1,1.0,1.0,0.0,1,1,1,13,57.784700009506196,productcatalogservice|recommendationservice|frontend|checkoutservice|cartservice,productcatalogservice_latency-50,0.9,5,5,0.904,0.896,5,5,5,0.9,baseline-v2-20260723,cd270e7871bd358937d83d9a49829637fa80007d2964084ef229f578e3733bd3,ba75425861a059dafcc477474fc3e4ed1eafdc2b47d6fdd0557337035d29a960,c88d8e3399c3efb26f0f06f0749e81cd4fafe65f3d748a546f4c9c309848489e,566318,1716143232000000000,300
OB/productcatalogservice_delay/3,OB,productcatalogservice,delay,3,300,300,burst,0.1,8,0.1,baro,1,1.0,1.0,0.0,1,1,1,13,101.60749999340624,productcatalogservice|recommendationservice|frontend|checkoutservice|cartservice,productcatalogservice_latency-50,0.9,5,5,0.8426666666666667,0.9573333333333334,5,5,5,0.9,baseline-v2-20260723,cd270e7871bd358937d83d9a49829637fa80007d2964084ef229f578e3733bd3,ba75425861a059dafcc477474fc3e4ed1eafdc2b47d6fdd0557337035d29a960,c88d8e3399c3efb26f0f06f0749e81cd4fafe65f3d748a546f4c9c309848489e,566318,1716143232000000000,300
OB/productcatalogservice_delay/3,OB,productcatalogservice,delay,3,300,300,burst,0.1,8,0.1,median_shift,3,0.3333333333333333,0.6,0.16666666666666666,0,1,1,13,24.527299974579364,main|recommendationservice|productcatalogservice|frontend|checkoutservice,main_mem,0.9,5,5,0.8426666666666667,0.9573333333333334,5,5,5,0.9,baseline-v2-20260723,cd270e7871bd358937d83d9a49829637fa80007d2964084ef229f578e3733bd3,ba75425861a059dafcc477474fc3e4ed1eafdc2b47d6fdd0557337035d29a960,c88d8e3399c3efb26f0f06f0749e81cd4fafe65f3d748a546f4c9c309848489e,566318,1716143232000000000,300
OB/productcatalogservice_delay/3,OB,productcatalogservice,delay,3,300,300,burst,0.1,8,0.1,nsigma,1,1.0,1.0,0.0,1,1,1,13,64.97479998506606,productcatalogservice|recommendationservice|frontend|checkoutservice|cartservice,productcatalogservice_latency-50,0.9,5,5,0.8426666666666667,0.9573333333333334,5,5,5,0.9,baseline-v2-20260723,cd270e7871bd358937d83d9a49829637fa80007d2964084ef229f578e3733bd3,ba75425861a059dafcc477474fc3e4ed1eafdc2b47d6fdd0557337035d29a960,c88d8e3399c3efb26f0f06f0749e81cd4fafe65f3d748a546f4c9c309848489e,566318,1716143232000000000,300
OB/productcatalogservice_delay/3,OB,productcatalogservice,delay,3,300,300,burst,0.1,9,0.1,baro,1,1.0,1.0,0.0,1,1,1,13,74.36069997493178,productcatalogservice|frontend|recommendationservice|checkoutservice|cartservice,productcatalogservice_latency-50,0.9,5,5,0.92,0.88,5,5,5,0.9,baseline-v2-20260723,cd270e7871bd358937d83d9a49829637fa80007d2964084ef229f578e3733bd3,ba75425861a059dafcc477474fc3e4ed1eafdc2b47d6fdd0557337035d29a960,c88d8e3399c3efb26f0f06f0749e81cd4fafe65f3d748a546f4c9c309848489e,566318,1716143232000000000,300
OB/productcatalogservice_delay/3,OB,productcatalogservice,delay,3,300,300,burst,0.1,9,0.1,median_shift,3,0.3333333333333333,0.6,0.16666666666666666,0,1,1,13,12.938700034283102,main|recommendationservice|productcatalogservice|frontend|checkoutservice,main_mem,0.9,5,5,0.92,0.88,5,5,5,0.9,baseline-v2-20260723,cd270e7871bd358937d83d9a49829637fa80007d2964084ef229f578e3733bd3,ba75425861a059dafcc477474fc3e4ed1eafdc2b47d6fdd0557337035d29a960,c88d8e3399c3efb26f0f06f0749e81cd4fafe65f3d748a546f4c9c309848489e,566318,1716143232000000000,300
OB/productcatalogservice_delay/3,OB,productcatalogservice,delay,3,300,300,burst,0.1,9,0.1,nsigma,1,1.0,1.0,0.0,1,1,1,13,57.1013999870047,productcatalogservice|recommendationservice|frontend|checkoutservice|cartservice,productcatalogservice_latency-50,0.9,5,5,0.92,0.88,5,5,5,0.9,baseline-v2-20260723,cd270e7871bd358937d83d9a49829637fa80007d2964084ef229f578e3733bd3,ba75425861a059dafcc477474fc3e4ed1eafdc2b47d6fdd0557337035d29a960,c88d8e3399c3efb26f0f06f0749e81cd4fafe65f3d748a546f4c9c309848489e,566318,1716143232000000000,300
OB/productcatalogservice_delay/3,OB,productcatalogservice,delay,3,300,300,burst,0.3,0,0.3,baro,1,1.0,1.0,0.0,1,1,1,13,72.09859997965395,productcatalogservice|checkoutservice|recommendationservice|frontend|shippingservice,productcatalogservice_latency-50,0.7,5,5,0.706,0.694,5,5,5,0.7,baseline-v2-20260723,cd270e7871bd358937d83d9a49829637fa80007d2964084ef229f578e3733bd3,ba75425861a059dafcc477474fc3e4ed1eafdc2b47d6fdd0557337035d29a960,c88d8e3399c3efb26f0f06f0749e81cd4fafe65f3d748a546f4c9c309848489e,566318,1716143232000000000,300
OB/productcatalogservice_delay/3,OB,productcatalogservice,delay,3,300,300,burst,0.3,0,0.3,median_shift,4,0.25,0.4,0.25,0,0,1,13,13.219400017987937,adservice|main|recommendationservice|productcatalogservice|frontend,adservice_mem,0.7,5,5,0.706,0.694,5,5,5,0.7,baseline-v2-20260723,cd270e7871bd358937d83d9a49829637fa80007d2964084ef229f578e3733bd3,ba75425861a059dafcc477474fc3e4ed1eafdc2b47d6fdd0557337035d29a960,c88d8e3399c3efb26f0f06f0749e81cd4fafe65f3d748a546f4c9c309848489e,566318,1716143232000000000,300
OB/productcatalogservice_delay/3,OB,productcatalogservice,delay,3,300,300,burst,0.3,0,0.3,nsigma,1,1.0,1.0,0.0,1,1,1,13,57.141700002830476,productcatalogservice|frontend|recommendationservice|checkoutservice|adservice,productcatalogservice_latency-50,0.7,5,5,0.706,0.694,5,5,5,0.7,baseline-v2-20260723,cd270e7871bd358937d83d9a49829637fa80007d2964084ef229f578e3733bd3,ba75425861a059dafcc477474fc3e4ed1eafdc2b47d6fdd0557337035d29a960,c88d8e3399c3efb26f0f06f0749e81cd4fafe65f3d748a546f4c9c309848489e,566318,1716143232000000000,300
OB/productcatalogservice_delay/3,OB,productcatalogservice,delay,3,300,300,burst,0.3,1,0.3,baro,2,0.5,0.8,0.08333333333333333,0,1,1,13,101.03419999359176,recommendationservice|productcatalogservice|frontend|checkoutservice|cartservice,recommendationservice_latency-50,0.7,5,5,0.738,0.662,5,5,5,0.7,baseline-v2-20260723,cd270e7871bd358937d83d9a49829637fa80007d2964084ef229f578e3733bd3,ba75425861a059dafcc477474fc3e4ed1eafdc2b47d6fdd0557337035d29a960,c88d8e3399c3efb26f0f06f0749e81cd4fafe65f3d748a546f4c9c309848489e,566318,1716143232000000000,300
OB/productcatalogservice_delay/3,OB,productcatalogservice,delay,3,300,300,burst,0.3,1,0.3,median_shift,3,0.3333333333333333,0.6,0.16666666666666666,0,1,1,13,25.681199971586466,main|recommendationservice|productcatalogservice|frontend|checkoutservice,main_mem,0.7,5,5,0.738,0.662,5,5,5,0.7,baseline-v2-20260723,cd270e7871bd358937d83d9a49829637fa80007d2964084ef229f578e3733bd3,ba75425861a059dafcc477474fc3e4ed1eafdc2b47d6fdd0557337035d29a960,c88d8e3399c3efb26f0f06f0749e81cd4fafe65f3d748a546f4c9c309848489e,566318,1716143232000000000,300
OB/productcatalogservice_delay/3,OB,productcatalogservice,delay,3,300,300,burst,0.3,1,0.3,nsigma,1,1.0,1.0,0.0,1,1,1,13,53.890999988652766,productcatalogservice|recommendationservice|frontend|checkoutservice|cartservice,productcatalogservice_latency-50,0.7,5,5,0.738,0.662,5,5,5,0.7,baseline-v2-20260723,cd270e7871bd358937d83d9a49829637fa80007d2964084ef229f578e3733bd3,ba75425861a059dafcc477474fc3e4ed1eafdc2b47d6fdd0557337035d29a960,c88d8e3399c3efb26f0f06f0749e81cd4fafe65f3d748a546f4c9c309848489e,566318,1716143232000000000,300
OB/productcatalogservice_delay/3,OB,productcatalogservice,delay,3,300,300,burst,0.3,2,0.3,baro,1,1.0,1.0,0.0,1,1,1,13,93.6012999736704,productcatalogservice|recommendationservice|frontend|checkoutservice|cartservice,productcatalogservice_latency-50,0.7,5,5,0.76,0.64,5,5,5,0.7,baseline-v2-20260723,cd270e7871bd358937d83d9a49829637fa80007d2964084ef229f578e3733bd3,ba75425861a059dafcc477474fc3e4ed1eafdc2b47d6fdd0557337035d29a960,c88d8e3399c3efb26f0f06f0749e81cd4fafe65f3d748a546f4c9c309848489e,566318,1716143232000000000,300
OB/productcatalogservice_delay/3,OB,productcatalogservice,delay,3,300,300,burst,0.3,2,0.3,median_shift,3,0.3333333333333333,0.6,0.16666666666666666,0,1,1,13,12.140700011514127,main|recommendationservice|productcatalogservice|frontend|checkoutservice,main_mem,0.7,5,5,0.76,0.64,5,5,5,0.7,baseline-v2-20260723,cd270e7871bd358937d83d9a49829637fa80007d2964084ef229f578e3733bd3,ba75425861a059dafcc477474fc3e4ed1eafdc2b47d6fdd0557337035d29a960,c88d8e3399c3efb26f0f06f0749e81cd4fafe65f3d748a546f4c9c309848489e,566318,1716143232000000000,300
OB/productcatalogservice_delay/3,OB,productcatalogservice,delay,3,300,300,burst,0.3,2,0.3,nsigma,1,1.0,1.0,0.0,1,1,1,13,95.64470004988834,productcatalogservice|frontend|recommendationservice|checkoutservice|cartservice,productcatalogservice_latency-50,0.7,5,5,0.76,0.64,5,5,5,0.7,baseline-v2-20260723,cd270e7871bd358937d83d9a49829637fa80007d2964084ef229f578e3733bd3,ba75425861a059dafcc477474fc3e4ed1eafdc2b47d6fdd0557337035d29a960,c88d8e3399c3efb26f0f06f0749e81cd4fafe65f3d748a546f4c9c309848489e,566318,1716143232000000000,300
OB/productcatalogservice_delay/3,OB,productcatalogservice,delay,3,300,300,burst,0.3,3,0.3,baro,1,1.0,1.0,0.0,1,1,1,13,72.75449996814132,productcatalogservice|recommendationservice|frontend|checkoutservice|cartservice,productcatalogservice_latency-50,0.7,5,5,0.8266666666666667,0.5733333333333334,5,5,5,0.7,baseline-v2-20260723,cd270e7871bd358937d83d9a49829637fa80007d2964084ef229f578e3733bd3,ba75425861a059dafcc477474fc3e4ed1eafdc2b47d6fdd0557337035d29a960,c88d8e3399c3efb26f0f06f0749e81cd4fafe65f3d748a546f4c9c309848489e,566318,1716143232000000000,300
OB/productcatalogservice_delay/3,OB,productcatalogservice,delay,3,300,300,burst,0.3,3,0.3,median_shift,3,0.3333333333333333,0.6,0.16666666666666666,0,1,1,13,12.221999990288168,main|recommendationservice|productcatalogservice|frontend|checkoutservice,main_mem,0.7,5,5,0.8266666666666667,0.5733333333333334,5,5,5,0.7,baseline-v2-20260723,cd270e7871bd358937d83d9a49829637fa80007d2964084ef229f578e3733bd3,ba75425861a059dafcc477474fc3e4ed1eafdc2b47d6fdd0557337035d29a960,c88d8e3399c3efb26f0f06f0749e81cd4fafe65f3d748a546f4c9c309848489e,566318,1716143232000000000,300
OB/productcatalogservice_delay/3,OB,productcatalogservice,delay,3,300,300,burst,0.3,3,0.3,nsigma,1,1.0,1.0,0.0,1,1,1,13,64.6538000437431,productcatalogservice|recommendationservice|frontend|checkoutservice|cartservice,productcatalogservice_latency-50,0.7,5,5,0.8266666666666667,0.5733333333333334,5,5,5,0.7,baseline-v2-20260723,cd270e7871bd358937d83d9a49829637fa80007d2964084ef229f578e3733bd3,ba75425861a059dafcc477474fc3e4ed1eafdc2b47d6fdd0557337035d29a960,c88d8e3399c3efb26f0f06f0749e81cd4fafe65f3d748a546f4c9c309848489e,566318,1716143232000000000,300
OB/productcatalogservice_delay/3,OB,productcatalogservice,delay,3,300,300,burst,0.3,4,0.3,baro,2,0.5,0.8,0.08333333333333333,0,1,1,13,82.38269999856129,checkoutservice|productcatalogservice|frontend|recommendationservice|adservice,checkoutservice_latency-90,0.7,5,5,0.6953333333333334,0.7046666666666667,5,5,5,0.7,baseline-v2-20260723,cd270e7871bd358937d83d9a49829637fa80007d2964084ef229f578e3733bd3,ba75425861a059dafcc477474fc3e4ed1eafdc2b47d6fdd0557337035d29a960,c88d8e3399c3efb26f0f06f0749e81cd4fafe65f3d748a546f4c9c309848489e,566318,1716143232000000000,300
OB/productcatalogservice_delay/3,OB,productcatalogservice,delay,3,300,300,burst,0.3,4,0.3,median_shift,3,0.3333333333333333,0.6,0.16666666666666666,0,1,1,13,11.496199993416667,main|recommendationservice|productcatalogservice|frontend|checkoutservice,main_mem,0.7,5,5,0.6953333333333334,0.7046666666666667,5,5,5,0.7,baseline-v2-20260723,cd270e7871bd358937d83d9a49829637fa80007d2964084ef229f578e3733bd3,ba75425861a059dafcc477474fc3e4ed1eafdc2b47d6fdd0557337035d29a960,c88d8e3399c3efb26f0f06f0749e81cd4fafe65f3d748a546f4c9c309848489e,566318,1716143232000000000,300
OB/productcatalogservice_delay/3,OB,productcatalogservice,delay,3,300,300,burst,0.3,4,0.3,nsigma,1,1.0,1.0,0.0,1,1,1,13,64.64600004255772,productcatalogservice|recommendationservice|frontend|checkoutservice|shippingservice,productcatalogservice_latency-50,0.7,5,5,0.6953333333333334,0.7046666666666667,5,5,5,0.7,baseline-v2-20260723,cd270e7871bd358937d83d9a49829637fa80007d2964084ef229f578e3733bd3,ba75425861a059dafcc477474fc3e4ed1eafdc2b47d6fdd0557337035d29a960,c88d8e3399c3efb26f0f06f0749e81cd4fafe65f3d748a546f4c9c309848489e,566318,1716143232000000000,300
OB/productcatalogservice_delay/3,OB,productcatalogservice,delay,3,300,300,burst,0.3,5,0.3,baro,1,1.0,1.0,0.0,1,1,1,13,108.98930003168061,productcatalogservice|checkoutservice|frontend|recommendationservice|paymentservice,productcatalogservice_latency-50,0.7,5,5,0.7046666666666667,0.6953333333333334,5,5,5,0.7,baseline-v2-20260723,cd270e7871bd358937d83d9a49829637fa80007d2964084ef229f578e3733bd3,ba75425861a059dafcc477474fc3e4ed1eafdc2b47d6fdd0557337035d29a960,c88d8e3399c3efb26f0f06f0749e81cd4fafe65f3d748a546f4c9c309848489e,566318,1716143232000000000,300
OB/productcatalogservice_delay/3,OB,productcatalogservice,delay,3,300,300,burst,0.3,5,0.3,median_shift,3,0.3333333333333333,0.6,0.16666666666666666,0,1,1,13,13.11970001552254,main|recommendationservice|productcatalogservice|frontend|checkoutservice,main_mem,0.7,5,5,0.7046666666666667,0.6953333333333334,5,5,5,0.7,baseline-v2-20260723,cd270e7871bd358937d83d9a49829637fa80007d2964084ef229f578e3733bd3,ba75425861a059dafcc477474fc3e4ed1eafdc2b47d6fdd0557337035d29a960,c88d8e3399c3efb26f0f06f0749e81cd4fafe65f3d748a546f4c9c309848489e,566318,1716143232000000000,300
OB/productcatalogservice_delay/3,OB,productcatalogservice,delay,3,300,300,burst,0.3,5,0.3,nsigma,1,1.0,1.0,0.0,1,1,1,13,87.16930000809953,productcatalogservice|recommendationservice|frontend|checkoutservice|cartservice,productcatalogservice_latency-50,0.7,5,5,0.7046666666666667,0.6953333333333334,5,5,5,0.7,baseline-v2-20260723,cd270e7871bd358937d83d9a49829637fa80007d2964084ef229f578e3733bd3,ba75425861a059dafcc477474fc3e4ed1eafdc2b47d6fdd0557337035d29a960,c88d8e3399c3efb26f0f06f0749e81cd4fafe65f3d748a546f4c9c309848489e,566318,1716143232000000000,300
OB/productcatalogservice_delay/3,OB,productcatalogservice,delay,3,300,300,burst,0.3,6,0.3,baro,1,1.0,1.0,0.0,1,1,1,13,136.64739998057485,productcatalogservice|frontend|recommendationservice|checkoutservice|adservice,productcatalogservice_latency-50,0.7,5,5,0.7686666666666667,0.6313333333333333,5,5,5,0.7,baseline-v2-20260723,cd270e7871bd358937d83d9a49829637fa80007d2964084ef229f578e3733bd3,ba75425861a059dafcc477474fc3e4ed1eafdc2b47d6fdd0557337035d29a960,c88d8e3399c3efb26f0f06f0749e81cd4fafe65f3d748a546f4c9c309848489e,566318,1716143232000000000,300
OB/productcatalogservice_delay/3,OB,productcatalogservice,delay,3,300,300,burst,0.3,6,0.3,median_shift,3,0.3333333333333333,0.6,0.16666666666666666,0,1,1,13,18.785000022035092,main|recommendationservice|productcatalogservice|frontend|checkoutservice,main_mem,0.7,5,5,0.7686666666666667,0.6313333333333333,5,5,5,0.7,baseline-v2-20260723,cd270e7871bd358937d83d9a49829637fa80007d2964084ef229f578e3733bd3,ba75425861a059dafcc477474fc3e4ed1eafdc2b47d6fdd0557337035d29a960,c88d8e3399c3efb26f0f06f0749e81cd4fafe65f3d748a546f4c9c309848489e,566318,1716143232000000000,300
OB/productcatalogservice_delay/3,OB,productcatalogservice,delay,3,300,300,burst,0.3,6,0.3,nsigma,1,1.0,1.0,0.0,1,1,1,13,130.50199998542666,productcatalogservice|recommendationservice|frontend|checkoutservice|cartservice,productcatalogservice_latency-50,0.7,5,5,0.7686666666666667,0.6313333333333333,5,5,5,0.7,baseline-v2-20260723,cd270e7871bd358937d83d9a49829637fa80007d2964084ef229f578e3733bd3,ba75425861a059dafcc477474fc3e4ed1eafdc2b47d6fdd0557337035d29a960,c88d8e3399c3efb26f0f06f0749e81cd4fafe65f3d748a546f4c9c309848489e,566318,1716143232000000000,300
OB/productcatalogservice_delay/3,OB,productcatalogservice,delay,3,300,300,burst,0.3,7,0.3,baro,1,1.0,1.0,0.0,1,1,1,13,116.33409996284172,productcatalogservice|frontend|checkoutservice|recommendationservice|cartservice,productcatalogservice_latency-50,0.7,5,5,0.6646666666666666,0.7353333333333333,5,5,5,0.7,baseline-v2-20260723,cd270e7871bd358937d83d9a49829637fa80007d2964084ef229f578e3733bd3,ba75425861a059dafcc477474fc3e4ed1eafdc2b47d6fdd0557337035d29a960,c88d8e3399c3efb26f0f06f0749e81cd4fafe65f3d748a546f4c9c309848489e,566318,1716143232000000000,300
OB/productcatalogservice_delay/3,OB,productcatalogservice,delay,3,300,300,burst,0.3,7,0.3,median_shift,3,0.3333333333333333,0.6,0.16666666666666666,0,1,1,13,22.741599997971207,main|recommendationservice|productcatalogservice|frontend|checkoutservice,main_mem,0.7,5,5,0.6646666666666666,0.7353333333333333,5,5,5,0.7,baseline-v2-20260723,cd270e7871bd358937d83d9a49829637fa80007d2964084ef229f578e3733bd3,ba75425861a059dafcc477474fc3e4ed1eafdc2b47d6fdd0557337035d29a960,c88d8e3399c3efb26f0f06f0749e81cd4fafe65f3d748a546f4c9c309848489e,566318,1716143232000000000,300
OB/productcatalogservice_delay/3,OB,productcatalogservice,delay,3,300,300,burst,0.3,7,0.3,nsigma,1,1.0,1.0,0.0,1,1,1,13,102.15089999837801,productcatalogservice|recommendationservice|frontend|checkoutservice|cartservice,productcatalogservice_latency-50,0.7,5,5,0.6646666666666666,0.7353333333333333,5,5,5,0.7,baseline-v2-20260723,cd270e7871bd358937d83d9a49829637fa80007d2964084ef229f578e3733bd3,ba75425861a059dafcc477474fc3e4ed1eafdc2b47d6fdd0557337035d29a960,c88d8e3399c3efb26f0f06f0749e81cd4fafe65f3d748a546f4c9c309848489e,566318,1716143232000000000,300
OB/productcatalogservice_delay/3,OB,productcatalogservice,delay,3,300,300,burst,0.3,8,0.3,baro,1,1.0,1.0,0.0,1,1,1,13,90.5788000090979,productcatalogservice|checkoutservice|paymentservice|shippingservice|recommendationservice,productcatalogservice_latency-50,0.7,5,5,0.8573333333333333,0.5426666666666666,5,5,5,0.7,baseline-v2-20260723,cd270e7871bd358937d83d9a49829637fa80007d2964084ef229f578e3733bd3,ba75425861a059dafcc477474fc3e4ed1eafdc2b47d6fdd0557337035d29a960,c88d8e3399c3efb26f0f06f0749e81cd4fafe65f3d748a546f4c9c309848489e,566318,1716143232000000000,300
OB/productcatalogservice_delay/3,OB,productcatalogservice,delay,3,300,300,burst,0.3,8,0.3,median_shift,3,0.3333333333333333,0.6,0.16666666666666666,0,1,1,13,13.144899974577129,main|recommendationservice|productcatalogservice|frontend|checkoutservice,main_mem,0.7,5,5,0.8573333333333333,0.5426666666666666,5,5,5,0.7,baseline-v2-20260723,cd270e7871bd358937d83d9a49829637fa80007d2964084ef229f578e3733bd3,ba75425861a059dafcc477474fc3e4ed1eafdc2b47d6fdd0557337035d29a960,c88d8e3399c3efb26f0f06f0749e81cd4fafe65f3d748a546f4c9c309848489e,566318,1716143232000000000,300
OB/productcatalogservice_delay/3,OB,productcatalogservice,delay,3,300,300,burst,0.3,8,0.3,nsigma,1,1.0,1.0,0.0,1,1,1,13,94.76030000951141,productcatalogservice|frontend|recommendationservice|checkoutservice|cartservice,productcatalogservice_latency-50,0.7,5,5,0.8573333333333333,0.5426666666666666,5,5,5,0.7,baseline-v2-20260723,cd270e7871bd358937d83d9a49829637fa80007d2964084ef229f578e3733bd3,ba75425861a059dafcc477474fc3e4ed1eafdc2b47d6fdd0557337035d29a960,c88d8e3399c3efb26f0f06f0749e81cd4fafe65f3d748a546f4c9c309848489e,566318,1716143232000000000,300
OB/productcatalogservice_delay/3,OB,productcatalogservice,delay,3,300,300,burst,0.3,9,0.3,baro,1,1.0,1.0,0.0,1,1,1,13,80.30670002335683,productcatalogservice|recommendationservice|checkoutservice|frontend|cartservice,productcatalogservice_latency-50,0.7,5,5,0.538,0.862,5,5,5,0.7,baseline-v2-20260723,cd270e7871bd358937d83d9a49829637fa80007d2964084ef229f578e3733bd3,ba75425861a059dafcc477474fc3e4ed1eafdc2b47d6fdd0557337035d29a960,c88d8e3399c3efb26f0f06f0749e81cd4fafe65f3d748a546f4c9c309848489e,566318,1716143232000000000,300
OB/productcatalogservice_delay/3,OB,productcatalogservice,delay,3,300,300,burst,0.3,9,0.3,median_shift,3,0.3333333333333333,0.6,0.16666666666666666,0,1,1,13,22.65210001496598,main|recommendationservice|productcatalogservice|frontend|checkoutservice,main_mem,0.7,5,5,0.538,0.862,5,5,5,0.7,baseline-v2-20260723,cd270e7871bd358937d83d9a49829637fa80007d2964084ef229f578e3733bd3,ba75425861a059dafcc477474fc3e4ed1eafdc2b47d6fdd0557337035d29a960,c88d8e3399c3efb26f0f06f0749e81cd4fafe65f3d748a546f4c9c309848489e,566318,1716143232000000000,300
OB/productcatalogservice_delay/3,OB,productcatalogservice,delay,3,300,300,burst,0.3,9,0.3,nsigma,1,1.0,1.0,0.0,1,1,1,13,74.74370003910735,productcatalogservice|recommendationservice|frontend|checkoutservice|cartservice,productcatalogservice_latency-50,0.7,5,5,0.538,0.862,5,5,5,0.7,baseline-v2-20260723,cd270e7871bd358937d83d9a49829637fa80007d2964084ef229f578e3733bd3,ba75425861a059dafcc477474fc3e4ed1eafdc2b47d6fdd0557337035d29a960,c88d8e3399c3efb26f0f06f0749e81cd4fafe65f3d748a546f4c9c309848489e,566318,1716143232000000000,300
OB/productcatalogservice_delay/3,OB,productcatalogservice,delay,3,300,300,burst,0.5,0,0.5,baro,3,0.3333333333333333,0.6,0.16666666666666666,0,1,1,13,85.08400002028793,frontend|checkoutservice|productcatalogservice|recommendationservice|cartservice,frontend_latency-50,0.5,5,5,0.2926666666666667,0.7073333333333334,4,5,4,0.5,baseline-v2-20260723,cd270e7871bd358937d83d9a49829637fa80007d2964084ef229f578e3733bd3,ba75425861a059dafcc477474fc3e4ed1eafdc2b47d6fdd0557337035d29a960,c88d8e3399c3efb26f0f06f0749e81cd4fafe65f3d748a546f4c9c309848489e,566318,1716143232000000000,300
OB/productcatalogservice_delay/3,OB,productcatalogservice,delay,3,300,300,burst,0.5,0,0.5,median_shift,4,0.25,0.4,0.25,0,0,1,13,32.37710002576932,adservice|main|recommendationservice|productcatalogservice|frontend,adservice_mem,0.5,5,5,0.2926666666666667,0.7073333333333334,4,5,4,0.5,baseline-v2-20260723,cd270e7871bd358937d83d9a49829637fa80007d2964084ef229f578e3733bd3,ba75425861a059dafcc477474fc3e4ed1eafdc2b47d6fdd0557337035d29a960,c88d8e3399c3efb26f0f06f0749e81cd4fafe65f3d748a546f4c9c309848489e,566318,1716143232000000000,300
OB/productcatalogservice_delay/3,OB,productcatalogservice,delay,3,300,300,burst,0.5,0,0.5,nsigma,1,1.0,1.0,0.0,1,1,1,13,69.80779999867082,productcatalogservice|recommendationservice|frontend|checkoutservice|cartservice,productcatalogservice_latency-50,0.5,5,5,0.2926666666666667,0.7073333333333334,4,5,4,0.5,baseline-v2-20260723,cd270e7871bd358937d83d9a49829637fa80007d2964084ef229f578e3733bd3,ba75425861a059dafcc477474fc3e4ed1eafdc2b47d6fdd0557337035d29a960,c88d8e3399c3efb26f0f06f0749e81cd4fafe65f3d748a546f4c9c309848489e,566318,1716143232000000000,300
OB/productcatalogservice_delay/3,OB,productcatalogservice,delay,3,300,300,burst,0.5,1,0.5,baro,1,1.0,1.0,0.0,1,1,1,13,78.88509996701032,productcatalogservice|frontend|recommendationservice|checkoutservice|redis,productcatalogservice_latency-50,0.5,5,5,0.6613333333333333,0.33866666666666667,5,5,5,0.5,baseline-v2-20260723,cd270e7871bd358937d83d9a49829637fa80007d2964084ef229f578e3733bd3,ba75425861a059dafcc477474fc3e4ed1eafdc2b47d6fdd0557337035d29a960,c88d8e3399c3efb26f0f06f0749e81cd4fafe65f3d748a546f4c9c309848489e,566318,1716143232000000000,300
OB/productcatalogservice_delay/3,OB,productcatalogservice,delay,3,300,300,burst,0.5,1,0.5,median_shift,4,0.25,0.4,0.25,0,0,1,13,12.01569999102503,checkoutservice|main|recommendationservice|productcatalogservice|frontend,checkoutservice_mem,0.5,5,5,0.6613333333333333,0.33866666666666667,5,5,5,0.5,baseline-v2-20260723,cd270e7871bd358937d83d9a49829637fa80007d2964084ef229f578e3733bd3,ba75425861a059dafcc477474fc3e4ed1eafdc2b47d6fdd0557337035d29a960,c88d8e3399c3efb26f0f06f0749e81cd4fafe65f3d748a546f4c9c309848489e,566318,1716143232000000000,300
OB/productcatalogservice_delay/3,OB,productcatalogservice,delay,3,300,300,burst,0.5,1,0.5,nsigma,1,1.0,1.0,0.0,1,1,1,13,90.30229999916628,productcatalogservice|recommendationservice|frontend|checkoutservice|paymentservice,productcatalogservice_latency-50,0.5,5,5,0.6613333333333333,0.33866666666666667,5,5,5,0.5,baseline-v2-20260723,cd270e7871bd358937d83d9a49829637fa80007d2964084ef229f578e3733bd3,ba75425861a059dafcc477474fc3e4ed1eafdc2b47d6fdd0557337035d29a960,c88d8e3399c3efb26f0f06f0749e81cd4fafe65f3d748a546f4c9c309848489e,566318,1716143232000000000,300
OB/productcatalogservice_delay/3,OB,productcatalogservice,delay,3,300,300,burst,0.5,2,0.5,baro,1,1.0,1.0,0.0,1,1,1,13,62.06899997778237,productcatalogservice|cartservice|frontend|recommendationservice|shippingservice,productcatalogservice_latency-90,0.5,5,5,0.5813333333333334,0.4186666666666667,5,5,5,0.5,baseline-v2-20260723,cd270e7871bd358937d83d9a49829637fa80007d2964084ef229f578e3733bd3,ba75425861a059dafcc477474fc3e4ed1eafdc2b47d6fdd0557337035d29a960,c88d8e3399c3efb26f0f06f0749e81cd4fafe65f3d748a546f4c9c309848489e,566318,1716143232000000000,300
OB/productcatalogservice_delay/3,OB,productcatalogservice,delay,3,300,300,burst,0.5,2,0.5,median_shift,4,0.25,0.4,0.25,0,0,1,13,18.58070003800094,checkoutservice|main|recommendationservice|productcatalogservice|frontend,checkoutservice_mem,0.5,5,5,0.5813333333333334,0.4186666666666667,5,5,5,0.5,baseline-v2-20260723,cd270e7871bd358937d83d9a49829637fa80007d2964084ef229f578e3733bd3,ba75425861a059dafcc477474fc3e4ed1eafdc2b47d6fdd0557337035d29a960,c88d8e3399c3efb26f0f06f0749e81cd4fafe65f3d748a546f4c9c309848489e,566318,1716143232000000000,300
OB/productcatalogservice_delay/3,OB,productcatalogservice,delay,3,300,300,burst,0.5,2,0.5,nsigma,1,1.0,1.0,0.0,1,1,1,13,61.756999988574535,productcatalogservice|recommendationservice|checkoutservice|frontend|cartservice,productcatalogservice_latency-50,0.5,5,5,0.5813333333333334,0.4186666666666667,5,5,5,0.5,baseline-v2-20260723,cd270e7871bd358937d83d9a49829637fa80007d2964084ef229f578e3733bd3,ba75425861a059dafcc477474fc3e4ed1eafdc2b47d6fdd0557337035d29a960,c88d8e3399c3efb26f0f06f0749e81cd4fafe65f3d748a546f4c9c309848489e,566318,1716143232000000000,300
OB/productcatalogservice_delay/3,OB,productcatalogservice,delay,3,300,300,burst,0.5,3,0.5,baro,11,0.09090909090909091,0.0,0.8333333333333334,0,0,0,13,83.96179997362196,frontend|checkoutservice|recommendationservice|shippingservice|adservice,frontend_latency-50,0.5,5,5,0.32,0.68,5,5,5,0.5,baseline-v2-20260723,cd270e7871bd358937d83d9a49829637fa80007d2964084ef229f578e3733bd3,ba75425861a059dafcc477474fc3e4ed1eafdc2b47d6fdd0557337035d29a960,c88d8e3399c3efb26f0f06f0749e81cd4fafe65f3d748a546f4c9c309848489e,566318,1716143232000000000,300
OB/productcatalogservice_delay/3,OB,productcatalogservice,delay,3,300,300,burst,0.5,3,0.5,median_shift,3,0.3333333333333333,0.6,0.16666666666666666,0,1,1,13,12.58640002924949,main|recommendationservice|productcatalogservice|frontend|checkoutservice,main_mem,0.5,5,5,0.32,0.68,5,5,5,0.5,baseline-v2-20260723,cd270e7871bd358937d83d9a49829637fa80007d2964084ef229f578e3733bd3,ba75425861a059dafcc477474fc3e4ed1eafdc2b47d6fdd0557337035d29a960,c88d8e3399c3efb26f0f06f0749e81cd4fafe65f3d748a546f4c9c309848489e,566318,1716143232000000000,300
OB/productcatalogservice_delay/3,OB,productcatalogservice,delay,3,300,300,burst,0.5,3,0.5,nsigma,1,1.0,1.0,0.0,1,1,1,13,85.59299999615178,productcatalogservice|recommendationservice|frontend|checkoutservice|cartservice,productcatalogservice_latency-50,0.5,5,5,0.32,0.68,5,5,5,0.5,baseline-v2-20260723,cd270e7871bd358937d83d9a49829637fa80007d2964084ef229f578e3733bd3,ba75425861a059dafcc477474fc3e4ed1eafdc2b47d6fdd0557337035d29a960,c88d8e3399c3efb26f0f06f0749e81cd4fafe65f3d748a546f4c9c309848489e,566318,1716143232000000000,300
OB/productcatalogservice_delay/3,OB,productcatalogservice,delay,3,300,300,burst,0.5,4,0.5,baro,3,0.3333333333333333,0.6,0.16666666666666666,0,1,1,13,130.79890003427863,recommendationservice|frontend|productcatalogservice|checkoutservice|currencyservice,recommendationservice_latency-50,0.5,5,5,0.5413333333333333,0.45866666666666667,5,5,5,0.5,baseline-v2-20260723,cd270e7871bd358937d83d9a49829637fa80007d2964084ef229f578e3733bd3,ba75425861a059dafcc477474fc3e4ed1eafdc2b47d6fdd0557337035d29a960,c88d8e3399c3efb26f0f06f0749e81cd4fafe65f3d748a546f4c9c309848489e,566318,1716143232000000000,300
OB/productcatalogservice_delay/3,OB,productcatalogservice,delay,3,300,300,burst,0.5,4,0.5,median_shift,4,0.25,0.4,0.25,0,0,1,13,11.351699999067932,cartservice|main|recommendationservice|productcatalogservice|frontend,cartservice_cpu,0.5,5,5,0.5413333333333333,0.45866666666666667,5,5,5,0.5,baseline-v2-20260723,cd270e7871bd358937d83d9a49829637fa80007d2964084ef229f578e3733bd3,ba75425861a059dafcc477474fc3e4ed1eafdc2b47d6fdd0557337035d29a960,c88d8e3399c3efb26f0f06f0749e81cd4fafe65f3d748a546f4c9c309848489e,566318,1716143232000000000,300
OB/productcatalogservice_delay/3,OB,productcatalogservice,delay,3,300,300,burst,0.5,4,0.5,nsigma,1,1.0,1.0,0.0,1,1,1,13,52.69649997353554,productcatalogservice|recommendationservice|frontend|checkoutservice|cartservice,productcatalogservice_latency-50,0.5,5,5,0.5413333333333333,0.45866666666666667,5,5,5,0.5,baseline-v2-20260723,cd270e7871bd358937d83d9a49829637fa80007d2964084ef229f578e3733bd3,ba75425861a059dafcc477474fc3e4ed1eafdc2b47d6fdd0557337035d29a960,c88d8e3399c3efb26f0f06f0749e81cd4fafe65f3d748a546f4c9c309848489e,566318,1716143232000000000,300
OB/productcatalogservice_delay/3,OB,productcatalogservice,delay,3,300,300,burst,0.5,5,0.5,baro,1,1.0,1.0,0.0,1,1,1,13,60.79130002763122,productcatalogservice|recommendationservice|checkoutservice|frontend|adservice,productcatalogservice_latency-50,0.5,5,5,0.516,0.484,5,5,5,0.5,baseline-v2-20260723,cd270e7871bd358937d83d9a49829637fa80007d2964084ef229f578e3733bd3,ba75425861a059dafcc477474fc3e4ed1eafdc2b47d6fdd0557337035d29a960,c88d8e3399c3efb26f0f06f0749e81cd4fafe65f3d748a546f4c9c309848489e,566318,1716143232000000000,300
OB/productcatalogservice_delay/3,OB,productcatalogservice,delay,3,300,300,burst,0.5,5,0.5,median_shift,4,0.25,0.4,0.25,0,0,1,13,10.85419999435544,main|recommendationservice|shippingservice|productcatalogservice|frontend,main_mem,0.5,5,5,0.516,0.484,5,5,5,0.5,baseline-v2-20260723,cd270e7871bd358937d83d9a49829637fa80007d2964084ef229f578e3733bd3,ba75425861a059dafcc477474fc3e4ed1eafdc2b47d6fdd0557337035d29a960,c88d8e3399c3efb26f0f06f0749e81cd4fafe65f3d748a546f4c9c309848489e,566318,1716143232000000000,300
OB/productcatalogservice_delay/3,OB,productcatalogservice,delay,3,300,300,burst,0.5,5,0.5,nsigma,1,1.0,1.0,0.0,1,1,1,13,82.41440000711009,productcatalogservice|frontend|recommendationservice|checkoutservice|paymentservice,productcatalogservice_latency-50,0.5,5,5,0.516,0.484,5,5,5,0.5,baseline-v2-20260723,cd270e7871bd358937d83d9a49829637fa80007d2964084ef229f578e3733bd3,ba75425861a059dafcc477474fc3e4ed1eafdc2b47d6fdd0557337035d29a960,c88d8e3399c3efb26f0f06f0749e81cd4fafe65f3d748a546f4c9c309848489e,566318,1716143232000000000,300
OB/productcatalogservice_delay/3,OB,productcatalogservice,delay,3,300,300,burst,0.5,6,0.5,baro,2,0.5,0.8,0.08333333333333333,0,1,1,13,77.4303000071086,recommendationservice|productcatalogservice|frontend|checkoutservice|currencyservice,recommendationservice_latency-50,0.5,5,5,0.226,0.774,4,5,4,0.5,baseline-v2-20260723,cd270e7871bd358937d83d9a49829637fa80007d2964084ef229f578e3733bd3,ba75425861a059dafcc477474fc3e4ed1eafdc2b47d6fdd0557337035d29a960,c88d8e3399c3efb26f0f06f0749e81cd4fafe65f3d748a546f4c9c309848489e,566318,1716143232000000000,300
OB/productcatalogservice_delay/3,OB,productcatalogservice,delay,3,300,300,burst,0.5,6,0.5,median_shift,3,0.3333333333333333,0.6,0.16666666666666666,0,1,1,13,12.146599998231977,adservice|main|productcatalogservice|recommendationservice|frontend,adservice_cpu,0.5,5,5,0.226,0.774,4,5,4,0.5,baseline-v2-20260723,cd270e7871bd358937d83d9a49829637fa80007d2964084ef229f578e3733bd3,ba75425861a059dafcc477474fc3e4ed1eafdc2b47d6fdd0557337035d29a960,c88d8e3399c3efb26f0f06f0749e81cd4fafe65f3d748a546f4c9c309848489e,566318,1716143232000000000,300
OB/productcatalogservice_delay/3,OB,productcatalogservice,delay,3,300,300,burst,0.5,6,0.5,nsigma,3,0.3333333333333333,0.6,0.16666666666666666,0,1,1,13,64.54490002943203,recommendationservice|frontend|productcatalogservice|checkoutservice|cartservice,recommendationservice_latency-50,0.5,5,5,0.226,0.774,4,5,4,0.5,baseline-v2-20260723,cd270e7871bd358937d83d9a49829637fa80007d2964084ef229f578e3733bd3,ba75425861a059dafcc477474fc3e4ed1eafdc2b47d6fdd0557337035d29a960,c88d8e3399c3efb26f0f06f0749e81cd4fafe65f3d748a546f4c9c309848489e,566318,1716143232000000000,300
OB/productcatalogservice_delay/3,OB,productcatalogservice,delay,3,300,300,burst,0.5,7,0.5,baro,2,0.5,0.8,0.08333333333333333,0,1,1,13,64.81469998834655,frontend|productcatalogservice|checkoutservice|recommendationservice|shippingservice,frontend_latency-50,0.5,5,5,0.5573333333333333,0.44266666666666665,5,5,5,0.5,baseline-v2-20260723,cd270e7871bd358937d83d9a49829637fa80007d2964084ef229f578e3733bd3,ba75425861a059dafcc477474fc3e4ed1eafdc2b47d6fdd0557337035d29a960,c88d8e3399c3efb26f0f06f0749e81cd4fafe65f3d748a546f4c9c309848489e,566318,1716143232000000000,300
OB/productcatalogservice_delay/3,OB,productcatalogservice,delay,3,300,300,burst,0.5,7,0.5,median_shift,4,0.25,0.4,0.25,0,0,1,13,10.780999960843474,main|recommendationservice|shippingservice|productcatalogservice|frontend,main_mem,0.5,5,5,0.5573333333333333,0.44266666666666665,5,5,5,0.5,baseline-v2-20260723,cd270e7871bd358937d83d9a49829637fa80007d2964084ef229f578e3733bd3,ba75425861a059dafcc477474fc3e4ed1eafdc2b47d6fdd0557337035d29a960,c88d8e3399c3efb26f0f06f0749e81cd4fafe65f3d748a546f4c9c309848489e,566318,1716143232000000000,300
OB/productcatalogservice_delay/3,OB,productcatalogservice,delay,3,300,300,burst,0.5,7,0.5,nsigma,1,1.0,1.0,0.0,1,1,1,13,66.74219999695197,productcatalogservice|recommendationservice|frontend|checkoutservice|cartservice,productcatalogservice_latency-50,0.5,5,5,0.5573333333333333,0.44266666666666665,5,5,5,0.5,baseline-v2-20260723,cd270e7871bd358937d83d9a49829637fa80007d2964084ef229f578e3733bd3,ba75425861a059dafcc477474fc3e4ed1eafdc2b47d6fdd0557337035d29a960,c88d8e3399c3efb26f0f06f0749e81cd4fafe65f3d748a546f4c9c309848489e,566318,1716143232000000000,300
OB/productcatalogservice_delay/3,OB,productcatalogservice,delay,3,300,300,burst,0.5,8,0.5,baro,9,0.1111111111111111,0.0,0.6666666666666666,0,0,0,13,63.04619996808469,frontend|checkoutservice|cartservice|currencyservice|adservice,frontend_latency-50,0.5,5,5,0.394,0.606,5,5,5,0.5,baseline-v2-20260723,cd270e7871bd358937d83d9a49829637fa80007d2964084ef229f578e3733bd3,ba75425861a059dafcc477474fc3e4ed1eafdc2b47d6fdd0557337035d29a960,c88d8e3399c3efb26f0f06f0749e81cd4fafe65f3d748a546f4c9c309848489e,566318,1716143232000000000,300
OB/productcatalogservice_delay/3,OB,productcatalogservice,delay,3,300,300,burst,0.5,8,0.5,median_shift,5,0.2,0.2,0.3333333333333333,0,0,1,13,10.315800027456135,currencyservice|main|recommendationservice|redis|productcatalogservice,currencyservice_cpu,0.5,5,5,0.394,0.606,5,5,5,0.5,baseline-v2-20260723,cd270e7871bd358937d83d9a49829637fa80007d2964084ef229f578e3733bd3,ba75425861a059dafcc477474fc3e4ed1eafdc2b47d6fdd0557337035d29a960,c88d8e3399c3efb26f0f06f0749e81cd4fafe65f3d748a546f4c9c309848489e,566318,1716143232000000000,300
OB/productcatalogservice_delay/3,OB,productcatalogservice,delay,3,300,300,burst,0.5,8,0.5,nsigma,1,1.0,1.0,0.0,1,1,1,13,49.758899956941605,productcatalogservice|recommendationservice|checkoutservice|frontend|cartservice,productcatalogservice_latency-50,0.5,5,5,0.394,0.606,5,5,5,0.5,baseline-v2-20260723,cd270e7871bd358937d83d9a49829637fa80007d2964084ef229f578e3733bd3,ba75425861a059dafcc477474fc3e4ed1eafdc2b47d6fdd0557337035d29a960,c88d8e3399c3efb26f0f06f0749e81cd4fafe65f3d748a546f4c9c309848489e,566318,1716143232000000000,300
OB/productcatalogservice_delay/3,OB,productcatalogservice,delay,3,300,300,burst,0.5,9,0.5,baro,1,1.0,1.0,0.0,1,1,1,13,71.25169999198988,productcatalogservice|checkoutservice|recommendationservice|paymentservice|cartservice,productcatalogservice_latency-50,0.5,5,5,0.5133333333333333,0.4866666666666667,5,5,5,0.5,baseline-v2-20260723,cd270e7871bd358937d83d9a49829637fa80007d2964084ef229f578e3733bd3,ba75425861a059dafcc477474fc3e4ed1eafdc2b47d6fdd0557337035d29a960,c88d8e3399c3efb26f0f06f0749e81cd4fafe65f3d748a546f4c9c309848489e,566318,1716143232000000000,300
OB/productcatalogservice_delay/3,OB,productcatalogservice,delay,3,300,300,burst,0.5,9,0.5,median_shift,3,0.3333333333333333,0.6,0.16666666666666666,0,1,1,13,24.024699989240617,main|recommendationservice|productcatalogservice|checkoutservice|frontend,main_mem,0.5,5,5,0.5133333333333333,0.4866666666666667,5,5,5,0.5,baseline-v2-20260723,cd270e7871bd358937d83d9a49829637fa80007d2964084ef229f578e3733bd3,ba75425861a059dafcc477474fc3e4ed1eafdc2b47d6fdd0557337035d29a960,c88d8e3399c3efb26f0f06f0749e81cd4fafe65f3d748a546f4c9c309848489e,566318,1716143232000000000,300
OB/productcatalogservice_delay/3,OB,productcatalogservice,delay,3,300,300,burst,0.5,9,0.5,nsigma,1,1.0,1.0,0.0,1,1,1,13,52.52480000490323,productcatalogservice|checkoutservice|frontend|recommendationservice|cartservice,productcatalogservice_latency-50,0.5,5,5,0.5133333333333333,0.4866666666666667,5,5,5,0.5,baseline-v2-20260723,cd270e7871bd358937d83d9a49829637fa80007d2964084ef229f578e3733bd3,ba75425861a059dafcc477474fc3e4ed1eafdc2b47d6fdd0557337035d29a960,c88d8e3399c3efb26f0f06f0749e81cd4fafe65f3d748a546f4c9c309848489e,566318,1716143232000000000,300
OB/productcatalogservice_delay/3,OB,productcatalogservice,delay,3,300,300,incident,0.1,0,0.1,baro,1,1.0,1.0,0.0,1,1,1,13,69.74139995872974,productcatalogservice|recommendationservice|frontend|checkoutservice|cartservice,productcatalogservice_latency-50,0.8523333333333334,5,5,0.9053333333333333,0.7993333333333333,5,5,5,0.9,baseline-v2-20260723,cd270e7871bd358937d83d9a49829637fa80007d2964084ef229f578e3733bd3,ba75425861a059dafcc477474fc3e4ed1eafdc2b47d6fdd0557337035d29a960,c88d8e3399c3efb26f0f06f0749e81cd4fafe65f3d748a546f4c9c309848489e,566318,1716143232000000000,300
OB/productcatalogservice_delay/3,OB,productcatalogservice,delay,3,300,300,incident,0.1,0,0.1,median_shift,3,0.3333333333333333,0.6,0.16666666666666666,0,1,1,13,12.690400006249547,main|recommendationservice|productcatalogservice|frontend|checkoutservice,main_mem,0.8523333333333334,5,5,0.9053333333333333,0.7993333333333333,5,5,5,0.9,baseline-v2-20260723,cd270e7871bd358937d83d9a49829637fa80007d2964084ef229f578e3733bd3,ba75425861a059dafcc477474fc3e4ed1eafdc2b47d6fdd0557337035d29a960,c88d8e3399c3efb26f0f06f0749e81cd4fafe65f3d748a546f4c9c309848489e,566318,1716143232000000000,300
OB/productcatalogservice_delay/3,OB,productcatalogservice,delay,3,300,300,incident,0.1,0,0.1,nsigma,1,1.0,1.0,0.0,1,1,1,13,55.0105000147596,productcatalogservice|recommendationservice|frontend|checkoutservice|cartservice,productcatalogservice_latency-50,0.8523333333333334,5,5,0.9053333333333333,0.7993333333333333,5,5,5,0.9,baseline-v2-20260723,cd270e7871bd358937d83d9a49829637fa80007d2964084ef229f578e3733bd3,ba75425861a059dafcc477474fc3e4ed1eafdc2b47d6fdd0557337035d29a960,c88d8e3399c3efb26f0f06f0749e81cd4fafe65f3d748a546f4c9c309848489e,566318,1716143232000000000,300
OB/productcatalogservice_delay/3,OB,productcatalogservice,delay,3,300,300,incident,0.1,1,0.1,baro,1,1.0,1.0,0.0,1,1,1,13,62.40189995151013,productcatalogservice|frontend|recommendationservice|checkoutservice|cartservice,productcatalogservice_latency-50,0.8473333333333334,5,5,0.8973333333333333,0.7973333333333333,5,5,5,0.9,baseline-v2-20260723,cd270e7871bd358937d83d9a49829637fa80007d2964084ef229f578e3733bd3,ba75425861a059dafcc477474fc3e4ed1eafdc2b47d6fdd0557337035d29a960,c88d8e3399c3efb26f0f06f0749e81cd4fafe65f3d748a546f4c9c309848489e,566318,1716143232000000000,300
OB/productcatalogservice_delay/3,OB,productcatalogservice,delay,3,300,300,incident,0.1,1,0.1,median_shift,3,0.3333333333333333,0.6,0.16666666666666666,0,1,1,13,11.32099999813363,main|recommendationservice|productcatalogservice|frontend|checkoutservice,main_mem,0.8473333333333334,5,5,0.8973333333333333,0.7973333333333333,5,5,5,0.9,baseline-v2-20260723,cd270e7871bd358937d83d9a49829637fa80007d2964084ef229f578e3733bd3,ba75425861a059dafcc477474fc3e4ed1eafdc2b47d6fdd0557337035d29a960,c88d8e3399c3efb26f0f06f0749e81cd4fafe65f3d748a546f4c9c309848489e,566318,1716143232000000000,300
OB/productcatalogservice_delay/3,OB,productcatalogservice,delay,3,300,300,incident,0.1,1,0.1,nsigma,1,1.0,1.0,0.0,1,1,1,13,75.98640001378953,productcatalogservice|recommendationservice|frontend|checkoutservice|cartservice,productcatalogservice_latency-50,0.8473333333333334,5,5,0.8973333333333333,0.7973333333333333,5,5,5,0.9,baseline-v2-20260723,cd270e7871bd358937d83d9a49829637fa80007d2964084ef229f578e3733bd3,ba75425861a059dafcc477474fc3e4ed1eafdc2b47d6fdd0557337035d29a960,c88d8e3399c3efb26f0f06f0749e81cd4fafe65f3d748a546f4c9c309848489e,566318,1716143232000000000,300
OB/productcatalogservice_delay/3,OB,productcatalogservice,delay,3,300,300,incident,0.1,2,0.1,baro,1,1.0,1.0,0.0,1,1,1,13,69.60549997165799,productcatalogservice|recommendationservice|frontend|checkoutservice|cartservice,productcatalogservice_latency-50,0.8473333333333334,5,5,0.8993333333333333,0.7953333333333333,5,5,5,0.9,baseline-v2-20260723,cd270e7871bd358937d83d9a49829637fa80007d2964084ef229f578e3733bd3,ba75425861a059dafcc477474fc3e4ed1eafdc2b47d6fdd0557337035d29a960,c88d8e3399c3efb26f0f06f0749e81cd4fafe65f3d748a546f4c9c309848489e,566318,1716143232000000000,300
OB/productcatalogservice_delay/3,OB,productcatalogservice,delay,3,300,300,incident,0.1,2,0.1,median_shift,3,0.3333333333333333,0.6,0.16666666666666666,0,1,1,13,11.066899984143674,main|recommendationservice|productcatalogservice|frontend|checkoutservice,main_mem,0.8473333333333334,5,5,0.8993333333333333,0.7953333333333333,5,5,5,0.9,baseline-v2-20260723,cd270e7871bd358937d83d9a49829637fa80007d2964084ef229f578e3733bd3,ba75425861a059dafcc477474fc3e4ed1eafdc2b47d6fdd0557337035d29a960,c88d8e3399c3efb26f0f06f0749e81cd4fafe65f3d748a546f4c9c309848489e,566318,1716143232000000000,300
OB/productcatalogservice_delay/3,OB,productcatalogservice,delay,3,300,300,incident,0.1,2,0.1,nsigma,1,1.0,1.0,0.0,1,1,1,13,54.153500008396804,productcatalogservice|recommendationservice|frontend|checkoutservice|cartservice,productcatalogservice_latency-50,0.8473333333333334,5,5,0.8993333333333333,0.7953333333333333,5,5,5,0.9,baseline-v2-20260723,cd270e7871bd358937d83d9a49829637fa80007d2964084ef229f578e3733bd3,ba75425861a059dafcc477474fc3e4ed1eafdc2b47d6fdd0557337035d29a960,c88d8e3399c3efb26f0f06f0749e81cd4fafe65f3d748a546f4c9c309848489e,566318,1716143232000000000,300
OB/productcatalogservice_delay/3,OB,productcatalogservice,delay,3,300,300,incident,0.1,3,0.1,baro,1,1.0,1.0,0.0,1,1,1,13,64.22790000215173,productcatalogservice|recommendationservice|frontend|checkoutservice|cartservice,productcatalogservice_latency-50,0.8533333333333334,5,5,0.8973333333333333,0.8093333333333333,5,5,5,0.9,baseline-v2-20260723,cd270e7871bd358937d83d9a49829637fa80007d2964084ef229f578e3733bd3,ba75425861a059dafcc477474fc3e4ed1eafdc2b47d6fdd0557337035d29a960,c88d8e3399c3efb26f0f06f0749e81cd4fafe65f3d748a546f4c9c309848489e,566318,1716143232000000000,300
OB/productcatalogservice_delay/3,OB,productcatalogservice,delay,3,300,300,incident,0.1,3,0.1,median_shift,3,0.3333333333333333,0.6,0.16666666666666666,0,1,1,13,11.038500000722706,main|recommendationservice|productcatalogservice|frontend|checkoutservice,main_mem,0.8533333333333334,5,5,0.8973333333333333,0.8093333333333333,5,5,5,0.9,baseline-v2-20260723,cd270e7871bd358937d83d9a49829637fa80007d2964084ef229f578e3733bd3,ba75425861a059dafcc477474fc3e4ed1eafdc2b47d6fdd0557337035d29a960,c88d8e3399c3efb26f0f06f0749e81cd4fafe65f3d748a546f4c9c309848489e,566318,1716143232000000000,300
OB/productcatalogservice_delay/3,OB,productcatalogservice,delay,3,300,300,incident,0.1,3,0.1,nsigma,1,1.0,1.0,0.0,1,1,1,13,49.88609999418259,productcatalogservice|recommendationservice|frontend|checkoutservice|cartservice,productcatalogservice_latency-50,0.8533333333333334,5,5,0.8973333333333333,0.8093333333333333,5,5,5,0.9,baseline-v2-20260723,cd270e7871bd358937d83d9a49829637fa80007d2964084ef229f578e3733bd3,ba75425861a059dafcc477474fc3e4ed1eafdc2b47d6fdd0557337035d29a960,c88d8e3399c3efb26f0f06f0749e81cd4fafe65f3d748a546f4c9c309848489e,566318,1716143232000000000,300
OB/productcatalogservice_delay/3,OB,productcatalogservice,delay,3,300,300,incident,0.1,4,0.1,baro,1,1.0,1.0,0.0,1,1,1,13,72.40010000532493,productcatalogservice|recommendationservice|frontend|checkoutservice|cartservice,productcatalogservice_latency-50,0.8546666666666667,5,5,0.8993333333333333,0.81,5,5,5,0.9,baseline-v2-20260723,cd270e7871bd358937d83d9a49829637fa80007d2964084ef229f578e3733bd3,ba75425861a059dafcc477474fc3e4ed1eafdc2b47d6fdd0557337035d29a960,c88d8e3399c3efb26f0f06f0749e81cd4fafe65f3d748a546f4c9c309848489e,566318,1716143232000000000,300
OB/productcatalogservice_delay/3,OB,productcatalogservice,delay,3,300,300,incident,0.1,4,0.1,median_shift,3,0.3333333333333333,0.6,0.16666666666666666,0,1,1,13,12.39339995663613,main|recommendationservice|productcatalogservice|frontend|checkoutservice,main_mem,0.8546666666666667,5,5,0.8993333333333333,0.81,5,5,5,0.9,baseline-v2-20260723,cd270e7871bd358937d83d9a49829637fa80007d2964084ef229f578e3733bd3,ba75425861a059dafcc477474fc3e4ed1eafdc2b47d6fdd0557337035d29a960,c88d8e3399c3efb26f0f06f0749e81cd4fafe65f3d748a546f4c9c309848489e,566318,1716143232000000000,300
OB/productcatalogservice_delay/3,OB,productcatalogservice,delay,3,300,300,incident,0.1,4,0.1,nsigma,1,1.0,1.0,0.0,1,1,1,13,52.31440003262833,productcatalogservice|recommendationservice|frontend|checkoutservice|cartservice,productcatalogservice_latency-50,0.8546666666666667,5,5,0.8993333333333333,0.81,5,5,5,0.9,baseline-v2-20260723,cd270e7871bd358937d83d9a49829637fa80007d2964084ef229f578e3733bd3,ba75425861a059dafcc477474fc3e4ed1eafdc2b47d6fdd0557337035d29a960,c88d8e3399c3efb26f0f06f0749e81cd4fafe65f3d748a546f4c9c309848489e,566318,1716143232000000000,300
OB/productcatalogservice_delay/3,OB,productcatalogservice,delay,3,300,300,incident,0.1,5,0.1,baro,1,1.0,1.0,0.0,1,1,1,13,62.340700009372085,productcatalogservice|recommendationservice|frontend|checkoutservice|cartservice,productcatalogservice_latency-50,0.8443333333333334,5,5,0.886,0.8026666666666666,5,5,5,0.9,baseline-v2-20260723,cd270e7871bd358937d83d9a49829637fa80007d2964084ef229f578e3733bd3,ba75425861a059dafcc477474fc3e4ed1eafdc2b47d6fdd0557337035d29a960,c88d8e3399c3efb26f0f06f0749e81cd4fafe65f3d748a546f4c9c309848489e,566318,1716143232000000000,300
OB/productcatalogservice_delay/3,OB,productcatalogservice,delay,3,300,300,incident,0.1,5,0.1,median_shift,3,0.3333333333333333,0.6,0.16666666666666666,0,1,1,13,11.530600022524595,main|recommendationservice|productcatalogservice|frontend|checkoutservice,main_mem,0.8443333333333334,5,5,0.886,0.8026666666666666,5,5,5,0.9,baseline-v2-20260723,cd270e7871bd358937d83d9a49829637fa80007d2964084ef229f578e3733bd3,ba75425861a059dafcc477474fc3e4ed1eafdc2b47d6fdd0557337035d29a960,c88d8e3399c3efb26f0f06f0749e81cd4fafe65f3d748a546f4c9c309848489e,566318,1716143232000000000,300
OB/productcatalogservice_delay/3,OB,productcatalogservice,delay,3,300,300,incident,0.1,5,0.1,nsigma,1,1.0,1.0,0.0,1,1,1,13,51.47649999707937,productcatalogservice|recommendationservice|frontend|checkoutservice|cartservice,productcatalogservice_latency-50,0.8443333333333334,5,5,0.886,0.8026666666666666,5,5,5,0.9,baseline-v2-20260723,cd270e7871bd358937d83d9a49829637fa80007d2964084ef229f578e3733bd3,ba75425861a059dafcc477474fc3e4ed1eafdc2b47d6fdd0557337035d29a960,c88d8e3399c3efb26f0f06f0749e81cd4fafe65f3d748a546f4c9c309848489e,566318,1716143232000000000,300
OB/productcatalogservice_delay/3,OB,productcatalogservice,delay,3,300,300,incident,0.1,6,0.1,baro,1,1.0,1.0,0.0,1,1,1,13,62.059299962129444,productcatalogservice|recommendationservice|frontend|checkoutservice|cartservice,productcatalogservice_latency-50,0.8443333333333334,5,5,0.8933333333333333,0.7953333333333333,5,5,5,0.9,baseline-v2-20260723,cd270e7871bd358937d83d9a49829637fa80007d2964084ef229f578e3733bd3,ba75425861a059dafcc477474fc3e4ed1eafdc2b47d6fdd0557337035d29a960,c88d8e3399c3efb26f0f06f0749e81cd4fafe65f3d748a546f4c9c309848489e,566318,1716143232000000000,300
OB/productcatalogservice_delay/3,OB,productcatalogservice,delay,3,300,300,incident,0.1,6,0.1,median_shift,3,0.3333333333333333,0.6,0.16666666666666666,0,1,1,13,11.176700005307794,main|recommendationservice|productcatalogservice|frontend|checkoutservice,main_mem,0.8443333333333334,5,5,0.8933333333333333,0.7953333333333333,5,5,5,0.9,baseline-v2-20260723,cd270e7871bd358937d83d9a49829637fa80007d2964084ef229f578e3733bd3,ba75425861a059dafcc477474fc3e4ed1eafdc2b47d6fdd0557337035d29a960,c88d8e3399c3efb26f0f06f0749e81cd4fafe65f3d748a546f4c9c309848489e,566318,1716143232000000000,300
OB/productcatalogservice_delay/3,OB,productcatalogservice,delay,3,300,300,incident,0.1,6,0.1,nsigma,1,1.0,1.0,0.0,1,1,1,13,53.04400000022724,productcatalogservice|recommendationservice|frontend|checkoutservice|cartservice,productcatalogservice_latency-50,0.8443333333333334,5,5,0.8933333333333333,0.7953333333333333,5,5,5,0.9,baseline-v2-20260723,cd270e7871bd358937d83d9a49829637fa80007d2964084ef229f578e3733bd3,ba75425861a059dafcc477474fc3e4ed1eafdc2b47d6fdd0557337035d29a960,c88d8e3399c3efb26f0f06f0749e81cd4fafe65f3d748a546f4c9c309848489e,566318,1716143232000000000,300
OB/productcatalogservice_delay/3,OB,productcatalogservice,delay,3,300,300,incident,0.1,7,0.1,baro,1,1.0,1.0,0.0,1,1,1,13,64.38350002281368,productcatalogservice|recommendationservice|frontend|checkoutservice|cartservice,productcatalogservice_latency-50,0.855,5,5,0.904,0.806,5,5,5,0.9,baseline-v2-20260723,cd270e7871bd358937d83d9a49829637fa80007d2964084ef229f578e3733bd3,ba75425861a059dafcc477474fc3e4ed1eafdc2b47d6fdd0557337035d29a960,c88d8e3399c3efb26f0f06f0749e81cd4fafe65f3d748a546f4c9c309848489e,566318,1716143232000000000,300
OB/productcatalogservice_delay/3,OB,productcatalogservice,delay,3,300,300,incident,0.1,7,0.1,median_shift,3,0.3333333333333333,0.6,0.16666666666666666,0,1,1,13,12.951000011526048,main|recommendationservice|productcatalogservice|frontend|checkoutservice,main_mem,0.855,5,5,0.904,0.806,5,5,5,0.9,baseline-v2-20260723,cd270e7871bd358937d83d9a49829637fa80007d2964084ef229f578e3733bd3,ba75425861a059dafcc477474fc3e4ed1eafdc2b47d6fdd0557337035d29a960,c88d8e3399c3efb26f0f06f0749e81cd4fafe65f3d748a546f4c9c309848489e,566318,1716143232000000000,300
OB/productcatalogservice_delay/3,OB,productcatalogservice,delay,3,300,300,incident,0.1,7,0.1,nsigma,1,1.0,1.0,0.0,1,1,1,13,65.89930003974587,productcatalogservice|recommendationservice|frontend|checkoutservice|cartservice,productcatalogservice_latency-50,0.855,5,5,0.904,0.806,5,5,5,0.9,baseline-v2-20260723,cd270e7871bd358937d83d9a49829637fa80007d2964084ef229f578e3733bd3,ba75425861a059dafcc477474fc3e4ed1eafdc2b47d6fdd0557337035d29a960,c88d8e3399c3efb26f0f06f0749e81cd4fafe65f3d748a546f4c9c309848489e,566318,1716143232000000000,300
OB/productcatalogservice_delay/3,OB,productcatalogservice,delay,3,300,300,incident,0.1,8,0.1,baro,1,1.0,1.0,0.0,1,1,1,13,71.93959999131039,productcatalogservice|recommendationservice|frontend|checkoutservice|cartservice,productcatalogservice_latency-50,0.855,5,5,0.902,0.808,5,5,5,0.9,baseline-v2-20260723,cd270e7871bd358937d83d9a49829637fa80007d2964084ef229f578e3733bd3,ba75425861a059dafcc477474fc3e4ed1eafdc2b47d6fdd0557337035d29a960,c88d8e3399c3efb26f0f06f0749e81cd4fafe65f3d748a546f4c9c309848489e,566318,1716143232000000000,300
OB/productcatalogservice_delay/3,OB,productcatalogservice,delay,3,300,300,incident,0.1,8,0.1,median_shift,3,0.3333333333333333,0.6,0.16666666666666666,0,1,1,13,12.057200015988201,main|recommendationservice|productcatalogservice|frontend|checkoutservice,main_mem,0.855,5,5,0.902,0.808,5,5,5,0.9,baseline-v2-20260723,cd270e7871bd358937d83d9a49829637fa80007d2964084ef229f578e3733bd3,ba75425861a059dafcc477474fc3e4ed1eafdc2b47d6fdd0557337035d29a960,c88d8e3399c3efb26f0f06f0749e81cd4fafe65f3d748a546f4c9c309848489e,566318,1716143232000000000,300
OB/productcatalogservice_delay/3,OB,productcatalogservice,delay,3,300,300,incident,0.1,8,0.1,nsigma,1,1.0,1.0,0.0,1,1,1,13,62.702099967282265,productcatalogservice|recommendationservice|frontend|checkoutservice|cartservice,productcatalogservice_latency-50,0.855,5,5,0.902,0.808,5,5,5,0.9,baseline-v2-20260723,cd270e7871bd358937d83d9a49829637fa80007d2964084ef229f578e3733bd3,ba75425861a059dafcc477474fc3e4ed1eafdc2b47d6fdd0557337035d29a960,c88d8e3399c3efb26f0f06f0749e81cd4fafe65f3d748a546f4c9c309848489e,566318,1716143232000000000,300
OB/productcatalogservice_delay/3,OB,productcatalogservice,delay,3,300,300,incident,0.1,9,0.1,baro,1,1.0,1.0,0.0,1,1,1,13,86.12130000256002,productcatalogservice|recommendationservice|frontend|checkoutservice|cartservice,productcatalogservice_latency-50,0.85,5,5,0.8933333333333333,0.8066666666666666,5,5,5,0.9,baseline-v2-20260723,cd270e7871bd358937d83d9a49829637fa80007d2964084ef229f578e3733bd3,ba75425861a059dafcc477474fc3e4ed1eafdc2b47d6fdd0557337035d29a960,c88d8e3399c3efb26f0f06f0749e81cd4fafe65f3d748a546f4c9c309848489e,566318,1716143232000000000,300
OB/productcatalogservice_delay/3,OB,productcatalogservice,delay,3,300,300,incident,0.1,9,0.1,median_shift,3,0.3333333333333333,0.6,0.16666666666666666,0,1,1,13,11.407500016503036,main|recommendationservice|productcatalogservice|frontend|checkoutservice,main_mem,0.85,5,5,0.8933333333333333,0.8066666666666666,5,5,5,0.9,baseline-v2-20260723,cd270e7871bd358937d83d9a49829637fa80007d2964084ef229f578e3733bd3,ba75425861a059dafcc477474fc3e4ed1eafdc2b47d6fdd0557337035d29a960,c88d8e3399c3efb26f0f06f0749e81cd4fafe65f3d748a546f4c9c309848489e,566318,1716143232000000000,300
OB/productcatalogservice_delay/3,OB,productcatalogservice,delay,3,300,300,incident,0.1,9,0.1,nsigma,1,1.0,1.0,0.0,1,1,1,13,71.07050000922754,productcatalogservice|recommendationservice|frontend|checkoutservice|cartservice,productcatalogservice_latency-50,0.85,5,5,0.8933333333333333,0.8066666666666666,5,5,5,0.9,baseline-v2-20260723,cd270e7871bd358937d83d9a49829637fa80007d2964084ef229f578e3733bd3,ba75425861a059dafcc477474fc3e4ed1eafdc2b47d6fdd0557337035d29a960,c88d8e3399c3efb26f0f06f0749e81cd4fafe65f3d748a546f4c9c309848489e,566318,1716143232000000000,300
OB/productcatalogservice_delay/3,OB,productcatalogservice,delay,3,300,300,incident,0.3,0,0.3,baro,1,1.0,1.0,0.0,1,1,1,13,70.03030000487342,productcatalogservice|frontend|recommendationservice|checkoutservice|paymentservice,productcatalogservice_latency-50,0.5663333333333334,5,5,0.69,0.44266666666666665,5,5,5,0.7,baseline-v2-20260723,cd270e7871bd358937d83d9a49829637fa80007d2964084ef229f578e3733bd3,ba75425861a059dafcc477474fc3e4ed1eafdc2b47d6fdd0557337035d29a960,c88d8e3399c3efb26f0f06f0749e81cd4fafe65f3d748a546f4c9c309848489e,566318,1716143232000000000,300
OB/productcatalogservice_delay/3,OB,productcatalogservice,delay,3,300,300,incident,0.3,0,0.3,median_shift,6,0.16666666666666666,0.0,0.4166666666666667,0,0,0,13,11.519599996972829,currencyservice|recommendationservice|redis|adservice|shippingservice,currencyservice_cpu,0.5663333333333334,5,5,0.69,0.44266666666666665,5,5,5,0.7,baseline-v2-20260723,cd270e7871bd358937d83d9a49829637fa80007d2964084ef229f578e3733bd3,ba75425861a059dafcc477474fc3e4ed1eafdc2b47d6fdd0557337035d29a960,c88d8e3399c3efb26f0f06f0749e81cd4fafe65f3d748a546f4c9c309848489e,566318,1716143232000000000,300
OB/productcatalogservice_delay/3,OB,productcatalogservice,delay,3,300,300,incident,0.3,0,0.3,nsigma,1,1.0,1.0,0.0,1,1,1,13,80.06389997899532,productcatalogservice|recommendationservice|frontend|checkoutservice|shippingservice,productcatalogservice_latency-50,0.5663333333333334,5,5,0.69,0.44266666666666665,5,5,5,0.7,baseline-v2-20260723,cd270e7871bd358937d83d9a49829637fa80007d2964084ef229f578e3733bd3,ba75425861a059dafcc477474fc3e4ed1eafdc2b47d6fdd0557337035d29a960,c88d8e3399c3efb26f0f06f0749e81cd4fafe65f3d748a546f4c9c309848489e,566318,1716143232000000000,300
OB/productcatalogservice_delay/3,OB,productcatalogservice,delay,3,300,300,incident,0.3,1,0.3,baro,1,1.0,1.0,0.0,1,1,1,13,66.22500001685694,productcatalogservice|frontend|recommendationservice|checkoutservice|emailservice,productcatalogservice_latency-50,0.5676666666666667,5,5,0.692,0.44333333333333336,5,5,5,0.7,baseline-v2-20260723,cd270e7871bd358937d83d9a49829637fa80007d2964084ef229f578e3733bd3,ba75425861a059dafcc477474fc3e4ed1eafdc2b47d6fdd0557337035d29a960,c88d8e3399c3efb26f0f06f0749e81cd4fafe65f3d748a546f4c9c309848489e,566318,1716143232000000000,300
OB/productcatalogservice_delay/3,OB,productcatalogservice,delay,3,300,300,incident,0.3,1,0.3,median_shift,5,0.2,0.2,0.3333333333333333,0,0,1,13,11.686200043186545,currencyservice|redis|adservice|shippingservice|productcatalogservice,currencyservice_cpu,0.5676666666666667,5,5,0.692,0.44333333333333336,5,5,5,0.7,baseline-v2-20260723,cd270e7871bd358937d83d9a49829637fa80007d2964084ef229f578e3733bd3,ba75425861a059dafcc477474fc3e4ed1eafdc2b47d6fdd0557337035d29a960,c88d8e3399c3efb26f0f06f0749e81cd4fafe65f3d748a546f4c9c309848489e,566318,1716143232000000000,300
OB/productcatalogservice_delay/3,OB,productcatalogservice,delay,3,300,300,incident,0.3,1,0.3,nsigma,1,1.0,1.0,0.0,1,1,1,13,50.83640001248568,productcatalogservice|recommendationservice|frontend|checkoutservice|shippingservice,productcatalogservice_latency-50,0.5676666666666667,5,5,0.692,0.44333333333333336,5,5,5,0.7,baseline-v2-20260723,cd270e7871bd358937d83d9a49829637fa80007d2964084ef229f578e3733bd3,ba75425861a059dafcc477474fc3e4ed1eafdc2b47d6fdd0557337035d29a960,c88d8e3399c3efb26f0f06f0749e81cd4fafe65f3d748a546f4c9c309848489e,566318,1716143232000000000,300
OB/productcatalogservice_delay/3,OB,productcatalogservice,delay,3,300,300,incident,0.3,2,0.3,baro,1,1.0,1.0,0.0,1,1,1,13,67.2539999941364,productcatalogservice|frontend|recommendationservice|checkoutservice|paymentservice,productcatalogservice_latency-50,0.5693333333333334,5,5,0.692,0.44666666666666666,5,5,5,0.7,baseline-v2-20260723,cd270e7871bd358937d83d9a49829637fa80007d2964084ef229f578e3733bd3,ba75425861a059dafcc477474fc3e4ed1eafdc2b47d6fdd0557337035d29a960,c88d8e3399c3efb26f0f06f0749e81cd4fafe65f3d748a546f4c9c309848489e,566318,1716143232000000000,300
OB/productcatalogservice_delay/3,OB,productcatalogservice,delay,3,300,300,incident,0.3,2,0.3,median_shift,6,0.16666666666666666,0.0,0.4166666666666667,0,0,0,13,14.695600024424493,currencyservice|recommendationservice|redis|adservice|shippingservice,currencyservice_cpu,0.5693333333333334,5,5,0.692,0.44666666666666666,5,5,5,0.7,baseline-v2-20260723,cd270e7871bd358937d83d9a49829637fa80007d2964084ef229f578e3733bd3,ba75425861a059dafcc477474fc3e4ed1eafdc2b47d6fdd0557337035d29a960,c88d8e3399c3efb26f0f06f0749e81cd4fafe65f3d748a546f4c9c309848489e,566318,1716143232000000000,300
OB/productcatalogservice_delay/3,OB,productcatalogservice,delay,3,300,300,incident,0.3,2,0.3,nsigma,1,1.0,1.0,0.0,1,1,1,13,66.37170002795756,productcatalogservice|recommendationservice|frontend|checkoutservice|shippingservice,productcatalogservice_latency-50,0.5693333333333334,5,5,0.692,0.44666666666666666,5,5,5,0.7,baseline-v2-20260723,cd270e7871bd358937d83d9a49829637fa80007d2964084ef229f578e3733bd3,ba75425861a059dafcc477474fc3e4ed1eafdc2b47d6fdd0557337035d29a960,c88d8e3399c3efb26f0f06f0749e81cd4fafe65f3d748a546f4c9c309848489e,566318,1716143232000000000,300
OB/productcatalogservice_delay/3,OB,productcatalogservice,delay,3,300,300,incident,0.3,3,0.3,baro,1,1.0,1.0,0.0,1,1,1,13,82.83809997374192,productcatalogservice|recommendationservice|frontend|checkoutservice|cartservice,productcatalogservice_latency-50,0.5746666666666667,5,5,0.7033333333333334,0.446,5,5,5,0.7,baseline-v2-20260723,cd270e7871bd358937d83d9a49829637fa80007d2964084ef229f578e3733bd3,ba75425861a059dafcc477474fc3e4ed1eafdc2b47d6fdd0557337035d29a960,c88d8e3399c3efb26f0f06f0749e81cd4fafe65f3d748a546f4c9c309848489e,566318,1716143232000000000,300
OB/productcatalogservice_delay/3,OB,productcatalogservice,delay,3,300,300,incident,0.3,3,0.3,median_shift,6,0.16666666666666666,0.0,0.4166666666666667,0,0,0,13,11.405199998989701,currencyservice|redis|adservice|main|shippingservice,currencyservice_cpu,0.5746666666666667,5,5,0.7033333333333334,0.446,5,5,5,0.7,baseline-v2-20260723,cd270e7871bd358937d83d9a49829637fa80007d2964084ef229f578e3733bd3,ba75425861a059dafcc477474fc3e4ed1eafdc2b47d6fdd0557337035d29a960,c88d8e3399c3efb26f0f06f0749e81cd4fafe65f3d748a546f4c9c309848489e,566318,1716143232000000000,300
OB/productcatalogservice_delay/3,OB,productcatalogservice,delay,3,300,300,incident,0.3,3,0.3,nsigma,1,1.0,1.0,0.0,1,1,1,13,61.93280004663393,productcatalogservice|recommendationservice|frontend|checkoutservice|cartservice,productcatalogservice_latency-50,0.5746666666666667,5,5,0.7033333333333334,0.446,5,5,5,0.7,baseline-v2-20260723,cd270e7871bd358937d83d9a49829637fa80007d2964084ef229f578e3733bd3,ba75425861a059dafcc477474fc3e4ed1eafdc2b47d6fdd0557337035d29a960,c88d8e3399c3efb26f0f06f0749e81cd4fafe65f3d748a546f4c9c309848489e,566318,1716143232000000000,300
OB/productcatalogservice_delay/3,OB,productcatalogservice,delay,3,300,300,incident,0.3,4,0.3,baro,1,1.0,1.0,0.0,1,1,1,13,79.45439999457449,productcatalogservice|frontend|recommendationservice|checkoutservice|shippingservice,productcatalogservice_latency-50,0.5693333333333334,5,5,0.704,0.43466666666666665,5,5,5,0.7,baseline-v2-20260723,cd270e7871bd358937d83d9a49829637fa80007d2964084ef229f578e3733bd3,ba75425861a059dafcc477474fc3e4ed1eafdc2b47d6fdd0557337035d29a960,c88d8e3399c3efb26f0f06f0749e81cd4fafe65f3d748a546f4c9c309848489e,566318,1716143232000000000,300
OB/productcatalogservice_delay/3,OB,productcatalogservice,delay,3,300,300,incident,0.3,4,0.3,median_shift,7,0.14285714285714285,0.0,0.5,0,0,0,13,12.653400015551597,redis|recommendationservice|currencyservice|adservice|shippingservice,redis_cpu,0.5693333333333334,5,5,0.704,0.43466666666666665,5,5,5,0.7,baseline-v2-20260723,cd270e7871bd358937d83d9a49829637fa80007d2964084ef229f578e3733bd3,ba75425861a059dafcc477474fc3e4ed1eafdc2b47d6fdd0557337035d29a960,c88d8e3399c3efb26f0f06f0749e81cd4fafe65f3d748a546f4c9c309848489e,566318,1716143232000000000,300
OB/productcatalogservice_delay/3,OB,productcatalogservice,delay,3,300,300,incident,0.3,4,0.3,nsigma,1,1.0,1.0,0.0,1,1,1,13,85.26549994712695,productcatalogservice|recommendationservice|frontend|checkoutservice|shippingservice,productcatalogservice_latency-50,0.5693333333333334,5,5,0.704,0.43466666666666665,5,5,5,0.7,baseline-v2-20260723,cd270e7871bd358937d83d9a49829637fa80007d2964084ef229f578e3733bd3,ba75425861a059dafcc477474fc3e4ed1eafdc2b47d6fdd0557337035d29a960,c88d8e3399c3efb26f0f06f0749e81cd4fafe65f3d748a546f4c9c309848489e,566318,1716143232000000000,300
OB/productcatalogservice_delay/3,OB,productcatalogservice,delay,3,300,300,incident,0.3,5,0.3,baro,3,0.3333333333333333,0.6,0.16666666666666666,0,1,1,13,66.05490000220016,recommendationservice|frontend|productcatalogservice|checkoutservice|paymentservice,recommendationservice_latency-50,0.5686666666666667,5,5,0.7006666666666667,0.43666666666666665,5,5,5,0.7,baseline-v2-20260723,cd270e7871bd358937d83d9a49829637fa80007d2964084ef229f578e3733bd3,ba75425861a059dafcc477474fc3e4ed1eafdc2b47d6fdd0557337035d29a960,c88d8e3399c3efb26f0f06f0749e81cd4fafe65f3d748a546f4c9c309848489e,566318,1716143232000000000,300
OB/productcatalogservice_delay/3,OB,productcatalogservice,delay,3,300,300,incident,0.3,5,0.3,median_shift,7,0.14285714285714285,0.0,0.5,0,0,0,13,11.564699991140515,currencyservice|redis|recommendationservice|adservice|shippingservice,currencyservice_cpu,0.5686666666666667,5,5,0.7006666666666667,0.43666666666666665,5,5,5,0.7,baseline-v2-20260723,cd270e7871bd358937d83d9a49829637fa80007d2964084ef229f578e3733bd3,ba75425861a059dafcc477474fc3e4ed1eafdc2b47d6fdd0557337035d29a960,c88d8e3399c3efb26f0f06f0749e81cd4fafe65f3d748a546f4c9c309848489e,566318,1716143232000000000,300
OB/productcatalogservice_delay/3,OB,productcatalogservice,delay,3,300,300,incident,0.3,5,0.3,nsigma,3,0.3333333333333333,0.6,0.16666666666666666,0,1,1,13,85.0308999652043,recommendationservice|frontend|productcatalogservice|checkoutservice|shippingservice,recommendationservice_latency-50,0.5686666666666667,5,5,0.7006666666666667,0.43666666666666665,5,5,5,0.7,baseline-v2-20260723,cd270e7871bd358937d83d9a49829637fa80007d2964084ef229f578e3733bd3,ba75425861a059dafcc477474fc3e4ed1eafdc2b47d6fdd0557337035d29a960,c88d8e3399c3efb26f0f06f0749e81cd4fafe65f3d748a546f4c9c309848489e,566318,1716143232000000000,300
OB/productcatalogservice_delay/3,OB,productcatalogservice,delay,3,300,300,incident,0.3,6,0.3,baro,1,1.0,1.0,0.0,1,1,1,13,85.41950001381338,productcatalogservice|recommendationservice|frontend|checkoutservice|cartservice,productcatalogservice_latency-50,0.5633333333333334,5,5,0.686,0.44066666666666665,5,5,5,0.7,baseline-v2-20260723,cd270e7871bd358937d83d9a49829637fa80007d2964084ef229f578e3733bd3,ba75425861a059dafcc477474fc3e4ed1eafdc2b47d6fdd0557337035d29a960,c88d8e3399c3efb26f0f06f0749e81cd4fafe65f3d748a546f4c9c309848489e,566318,1716143232000000000,300
OB/productcatalogservice_delay/3,OB,productcatalogservice,delay,3,300,300,incident,0.3,6,0.3,median_shift,7,0.14285714285714285,0.0,0.5,0,0,0,13,18.568400002550334,redis|currencyservice|shippingservice|adservice|main,redis_cpu,0.5633333333333334,5,5,0.686,0.44066666666666665,5,5,5,0.7,baseline-v2-20260723,cd270e7871bd358937d83d9a49829637fa80007d2964084ef229f578e3733bd3,ba75425861a059dafcc477474fc3e4ed1eafdc2b47d6fdd0557337035d29a960,c88d8e3399c3efb26f0f06f0749e81cd4fafe65f3d748a546f4c9c309848489e,566318,1716143232000000000,300
OB/productcatalogservice_delay/3,OB,productcatalogservice,delay,3,300,300,incident,0.3,6,0.3,nsigma,1,1.0,1.0,0.0,1,1,1,13,74.09799995366484,productcatalogservice|recommendationservice|frontend|checkoutservice|cartservice,productcatalogservice_latency-50,0.5633333333333334,5,5,0.686,0.44066666666666665,5,5,5,0.7,baseline-v2-20260723,cd270e7871bd358937d83d9a49829637fa80007d2964084ef229f578e3733bd3,ba75425861a059dafcc477474fc3e4ed1eafdc2b47d6fdd0557337035d29a960,c88d8e3399c3efb26f0f06f0749e81cd4fafe65f3d748a546f4c9c309848489e,566318,1716143232000000000,300
OB/productcatalogservice_delay/3,OB,productcatalogservice,delay,3,300,300,incident,0.3,7,0.3,baro,1,1.0,1.0,0.0,1,1,1,13,63.06029995903373,productcatalogservice|recommendationservice|frontend|checkoutservice|shippingservice,productcatalogservice_latency-50,0.577,5,5,0.7086666666666667,0.44533333333333336,5,5,5,0.7,baseline-v2-20260723,cd270e7871bd358937d83d9a49829637fa80007d2964084ef229f578e3733bd3,ba75425861a059dafcc477474fc3e4ed1eafdc2b47d6fdd0557337035d29a960,c88d8e3399c3efb26f0f06f0749e81cd4fafe65f3d748a546f4c9c309848489e,566318,1716143232000000000,300
OB/productcatalogservice_delay/3,OB,productcatalogservice,delay,3,300,300,incident,0.3,7,0.3,median_shift,6,0.16666666666666666,0.0,0.4166666666666667,0,0,0,13,11.42009999603033,currencyservice|redis|adservice|shippingservice|recommendationservice,currencyservice_cpu,0.577,5,5,0.7086666666666667,0.44533333333333336,5,5,5,0.7,baseline-v2-20260723,cd270e7871bd358937d83d9a49829637fa80007d2964084ef229f578e3733bd3,ba75425861a059dafcc477474fc3e4ed1eafdc2b47d6fdd0557337035d29a960,c88d8e3399c3efb26f0f06f0749e81cd4fafe65f3d748a546f4c9c309848489e,566318,1716143232000000000,300
OB/productcatalogservice_delay/3,OB,productcatalogservice,delay,3,300,300,incident,0.3,7,0.3,nsigma,1,1.0,1.0,0.0,1,1,1,13,53.05300001055002,productcatalogservice|recommendationservice|frontend|checkoutservice|shippingservice,productcatalogservice_latency-50,0.577,5,5,0.7086666666666667,0.44533333333333336,5,5,5,0.7,baseline-v2-20260723,cd270e7871bd358937d83d9a49829637fa80007d2964084ef229f578e3733bd3,ba75425861a059dafcc477474fc3e4ed1eafdc2b47d6fdd0557337035d29a960,c88d8e3399c3efb26f0f06f0749e81cd4fafe65f3d748a546f4c9c309848489e,566318,1716143232000000000,300
OB/productcatalogservice_delay/3,OB,productcatalogservice,delay,3,300,300,incident,0.3,8,0.3,baro,1,1.0,1.0,0.0,1,1,1,13,64.69480000669137,productcatalogservice|frontend|recommendationservice|checkoutservice|shippingservice,productcatalogservice_latency-50,0.5663333333333334,5,5,0.6893333333333334,0.44333333333333336,5,5,5,0.7,baseline-v2-20260723,cd270e7871bd358937d83d9a49829637fa80007d2964084ef229f578e3733bd3,ba75425861a059dafcc477474fc3e4ed1eafdc2b47d6fdd0557337035d29a960,c88d8e3399c3efb26f0f06f0749e81cd4fafe65f3d748a546f4c9c309848489e,566318,1716143232000000000,300
OB/productcatalogservice_delay/3,OB,productcatalogservice,delay,3,300,300,incident,0.3,8,0.3,median_shift,6,0.16666666666666666,0.0,0.4166666666666667,0,0,0,13,12.484300008509308,currencyservice|adservice|redis|shippingservice|paymentservice,currencyservice_cpu,0.5663333333333334,5,5,0.6893333333333334,0.44333333333333336,5,5,5,0.7,baseline-v2-20260723,cd270e7871bd358937d83d9a49829637fa80007d2964084ef229f578e3733bd3,ba75425861a059dafcc477474fc3e4ed1eafdc2b47d6fdd0557337035d29a960,c88d8e3399c3efb26f0f06f0749e81cd4fafe65f3d748a546f4c9c309848489e,566318,1716143232000000000,300
OB/productcatalogservice_delay/3,OB,productcatalogservice,delay,3,300,300,incident,0.3,8,0.3,nsigma,1,1.0,1.0,0.0,1,1,1,13,51.59789999015629,productcatalogservice|recommendationservice|frontend|checkoutservice|shippingservice,productcatalogservice_latency-50,0.5663333333333334,5,5,0.6893333333333334,0.44333333333333336,5,5,5,0.7,baseline-v2-20260723,cd270e7871bd358937d83d9a49829637fa80007d2964084ef229f578e3733bd3,ba75425861a059dafcc477474fc3e4ed1eafdc2b47d6fdd0557337035d29a960,c88d8e3399c3efb26f0f06f0749e81cd4fafe65f3d748a546f4c9c309848489e,566318,1716143232000000000,300
OB/productcatalogservice_delay/3,OB,productcatalogservice,delay,3,300,300,incident,0.3,9,0.3,baro,1,1.0,1.0,0.0,1,1,1,13,62.72629997693002,productcatalogservice|frontend|recommendationservice|checkoutservice|cartservice,productcatalogservice_latency-50,0.571,5,5,0.696,0.446,5,5,5,0.7,baseline-v2-20260723,cd270e7871bd358937d83d9a49829637fa80007d2964084ef229f578e3733bd3,ba75425861a059dafcc477474fc3e4ed1eafdc2b47d6fdd0557337035d29a960,c88d8e3399c3efb26f0f06f0749e81cd4fafe65f3d748a546f4c9c309848489e,566318,1716143232000000000,300
OB/productcatalogservice_delay/3,OB,productcatalogservice,delay,3,300,300,incident,0.3,9,0.3,median_shift,7,0.14285714285714285,0.0,0.5,0,0,0,13,17.744400014635175,currencyservice|redis|recommendationservice|adservice|shippingservice,currencyservice_cpu,0.571,5,5,0.696,0.446,5,5,5,0.7,baseline-v2-20260723,cd270e7871bd358937d83d9a49829637fa80007d2964084ef229f578e3733bd3,ba75425861a059dafcc477474fc3e4ed1eafdc2b47d6fdd0557337035d29a960,c88d8e3399c3efb26f0f06f0749e81cd4fafe65f3d748a546f4c9c309848489e,566318,1716143232000000000,300
OB/productcatalogservice_delay/3,OB,productcatalogservice,delay,3,300,300,incident,0.3,9,0.3,nsigma,1,1.0,1.0,0.0,1,1,1,13,68.94349999492988,productcatalogservice|recommendationservice|frontend|checkoutservice|cartservice,productcatalogservice_latency-50,0.571,5,5,0.696,0.446,5,5,5,0.7,baseline-v2-20260723,cd270e7871bd358937d83d9a49829637fa80007d2964084ef229f578e3733bd3,ba75425861a059dafcc477474fc3e4ed1eafdc2b47d6fdd0557337035d29a960,c88d8e3399c3efb26f0f06f0749e81cd4fafe65f3d748a546f4c9c309848489e,566318,1716143232000000000,300
OB/productcatalogservice_delay/3,OB,productcatalogservice,delay,3,300,300,incident,0.5,0,0.5,baro,8,0.125,0.0,0.5833333333333334,0,0,0,13,82.65739999478683,cartservice|checkoutservice|paymentservice|frontend|shippingservice,cartservice_cpu,0.37133333333333335,5,5,0.49,0.25266666666666665,5,5,5,0.5,baseline-v2-20260723,cd270e7871bd358937d83d9a49829637fa80007d2964084ef229f578e3733bd3,ba75425861a059dafcc477474fc3e4ed1eafdc2b47d6fdd0557337035d29a960,c88d8e3399c3efb26f0f06f0749e81cd4fafe65f3d748a546f4c9c309848489e,566318,1716143232000000000,300
OB/productcatalogservice_delay/3,OB,productcatalogservice,delay,3,300,300,incident,0.5,0,0.5,median_shift,1,1.0,1.0,0.0,1,1,1,13,24.191100033931434,productcatalogservice|shippingservice|paymentservice|currencyservice|recommendationservice,productcatalogservice_workload,0.37133333333333335,5,5,0.49,0.25266666666666665,5,5,5,0.5,baseline-v2-20260723,cd270e7871bd358937d83d9a49829637fa80007d2964084ef229f578e3733bd3,ba75425861a059dafcc477474fc3e4ed1eafdc2b47d6fdd0557337035d29a960,c88d8e3399c3efb26f0f06f0749e81cd4fafe65f3d748a546f4c9c309848489e,566318,1716143232000000000,300
OB/productcatalogservice_delay/3,OB,productcatalogservice,delay,3,300,300,incident,0.5,0,0.5,nsigma,5,0.2,0.2,0.3333333333333333,0,0,1,13,57.796699984464794,cartservice|paymentservice|shippingservice|checkoutservice|productcatalogservice,cartservice_cpu,0.37133333333333335,5,5,0.49,0.25266666666666665,5,5,5,0.5,baseline-v2-20260723,cd270e7871bd358937d83d9a49829637fa80007d2964084ef229f578e3733bd3,ba75425861a059dafcc477474fc3e4ed1eafdc2b47d6fdd0557337035d29a960,c88d8e3399c3efb26f0f06f0749e81cd4fafe65f3d748a546f4c9c309848489e,566318,1716143232000000000,300
OB/productcatalogservice_delay/3,OB,productcatalogservice,delay,3,300,300,incident,0.5,1,0.5,baro,8,0.125,0.0,0.5833333333333334,0,0,0,13,65.62169996323064,cartservice|shippingservice|paymentservice|frontend|checkoutservice,cartservice_cpu,0.379,5,5,0.5153333333333333,0.24266666666666667,5,5,5,0.5,baseline-v2-20260723,cd270e7871bd358937d83d9a49829637fa80007d2964084ef229f578e3733bd3,ba75425861a059dafcc477474fc3e4ed1eafdc2b47d6fdd0557337035d29a960,c88d8e3399c3efb26f0f06f0749e81cd4fafe65f3d748a546f4c9c309848489e,566318,1716143232000000000,300
OB/productcatalogservice_delay/3,OB,productcatalogservice,delay,3,300,300,incident,0.5,1,0.5,median_shift,3,0.3333333333333333,0.6,0.16666666666666666,0,1,1,13,18.280900025274605,recommendationservice|shippingservice|productcatalogservice|currencyservice|paymentservice,recommendationservice_latency-90,0.379,5,5,0.5153333333333333,0.24266666666666667,5,5,5,0.5,baseline-v2-20260723,cd270e7871bd358937d83d9a49829637fa80007d2964084ef229f578e3733bd3,ba75425861a059dafcc477474fc3e4ed1eafdc2b47d6fdd0557337035d29a960,c88d8e3399c3efb26f0f06f0749e81cd4fafe65f3d748a546f4c9c309848489e,566318,1716143232000000000,300
OB/productcatalogservice_delay/3,OB,productcatalogservice,delay,3,300,300,incident,0.5,1,0.5,nsigma,7,0.14285714285714285,0.0,0.5,0,0,0,13,70.17970003653318,checkoutservice|emailservice|paymentservice|cartservice|shippingservice,checkoutservice_workload,0.379,5,5,0.5153333333333333,0.24266666666666667,5,5,5,0.5,baseline-v2-20260723,cd270e7871bd358937d83d9a49829637fa80007d2964084ef229f578e3733bd3,ba75425861a059dafcc477474fc3e4ed1eafdc2b47d6fdd0557337035d29a960,c88d8e3399c3efb26f0f06f0749e81cd4fafe65f3d748a546f4c9c309848489e,566318,1716143232000000000,300
OB/productcatalogservice_delay/3,OB,productcatalogservice,delay,3,300,300,incident,0.5,2,0.5,baro,7,0.14285714285714285,0.0,0.5,0,0,0,13,60.40169997140765,cartservice|paymentservice|shippingservice|frontend|redis,cartservice_cpu,0.376,5,5,0.49733333333333335,0.25466666666666665,5,5,5,0.5,baseline-v2-20260723,cd270e7871bd358937d83d9a49829637fa80007d2964084ef229f578e3733bd3,ba75425861a059dafcc477474fc3e4ed1eafdc2b47d6fdd0557337035d29a960,c88d8e3399c3efb26f0f06f0749e81cd4fafe65f3d748a546f4c9c309848489e,566318,1716143232000000000,300
OB/productcatalogservice_delay/3,OB,productcatalogservice,delay,3,300,300,incident,0.5,2,0.5,median_shift,1,1.0,1.0,0.0,1,1,1,13,10.866699973121285,productcatalogservice|currencyservice|frontend|shippingservice|emailservice,productcatalogservice_workload,0.376,5,5,0.49733333333333335,0.25466666666666665,5,5,5,0.5,baseline-v2-20260723,cd270e7871bd358937d83d9a49829637fa80007d2964084ef229f578e3733bd3,ba75425861a059dafcc477474fc3e4ed1eafdc2b47d6fdd0557337035d29a960,c88d8e3399c3efb26f0f06f0749e81cd4fafe65f3d748a546f4c9c309848489e,566318,1716143232000000000,300
OB/productcatalogservice_delay/3,OB,productcatalogservice,delay,3,300,300,incident,0.5,2,0.5,nsigma,6,0.16666666666666666,0.0,0.4166666666666667,0,0,0,13,60.57709996821359,cartservice|shippingservice|paymentservice|checkoutservice|adservice,cartservice_cpu,0.376,5,5,0.49733333333333335,0.25466666666666665,5,5,5,0.5,baseline-v2-20260723,cd270e7871bd358937d83d9a49829637fa80007d2964084ef229f578e3733bd3,ba75425861a059dafcc477474fc3e4ed1eafdc2b47d6fdd0557337035d29a960,c88d8e3399c3efb26f0f06f0749e81cd4fafe65f3d748a546f4c9c309848489e,566318,1716143232000000000,300
OB/productcatalogservice_delay/3,OB,productcatalogservice,delay,3,300,300,incident,0.5,3,0.5,baro,3,0.3333333333333333,0.6,0.16666666666666666,0,1,1,13,73.29490000847727,cartservice|redis|productcatalogservice|paymentservice|checkoutservice,cartservice_cpu,0.37466666666666665,5,5,0.506,0.24333333333333335,5,5,5,0.5,baseline-v2-20260723,cd270e7871bd358937d83d9a49829637fa80007d2964084ef229f578e3733bd3,ba75425861a059dafcc477474fc3e4ed1eafdc2b47d6fdd0557337035d29a960,c88d8e3399c3efb26f0f06f0749e81cd4fafe65f3d748a546f4c9c309848489e,566318,1716143232000000000,300
OB/productcatalogservice_delay/3,OB,productcatalogservice,delay,3,300,300,incident,0.5,3,0.5,median_shift,8,0.125,0.0,0.5833333333333334,0,0,0,13,11.023800005204976,recommendationservice|shippingservice|currencyservice|paymentservice|emailservice,recommendationservice_latency-90,0.37466666666666665,5,5,0.506,0.24333333333333335,5,5,5,0.5,baseline-v2-20260723,cd270e7871bd358937d83d9a49829637fa80007d2964084ef229f578e3733bd3,ba75425861a059dafcc477474fc3e4ed1eafdc2b47d6fdd0557337035d29a960,c88d8e3399c3efb26f0f06f0749e81cd4fafe65f3d748a546f4c9c309848489e,566318,1716143232000000000,300
OB/productcatalogservice_delay/3,OB,productcatalogservice,delay,3,300,300,incident,0.5,3,0.5,nsigma,5,0.2,0.2,0.3333333333333333,0,0,1,13,64.80349996127188,redis|checkoutservice|emailservice|paymentservice|productcatalogservice,redis_mem,0.37466666666666665,5,5,0.506,0.24333333333333335,5,5,5,0.5,baseline-v2-20260723,cd270e7871bd358937d83d9a49829637fa80007d2964084ef229f578e3733bd3,ba75425861a059dafcc477474fc3e4ed1eafdc2b47d6fdd0557337035d29a960,c88d8e3399c3efb26f0f06f0749e81cd4fafe65f3d748a546f4c9c309848489e,566318,1716143232000000000,300
OB/productcatalogservice_delay/3,OB,productcatalogservice,delay,3,300,300,incident,0.5,4,0.5,baro,7,0.14285714285714285,0.0,0.5,0,0,0,13,64.50560002122074,emailservice|checkoutservice|cartservice|paymentservice|shippingservice,emailservice_workload,0.3596666666666667,5,5,0.48333333333333334,0.236,5,5,5,0.5,baseline-v2-20260723,cd270e7871bd358937d83d9a49829637fa80007d2964084ef229f578e3733bd3,ba75425861a059dafcc477474fc3e4ed1eafdc2b47d6fdd0557337035d29a960,c88d8e3399c3efb26f0f06f0749e81cd4fafe65f3d748a546f4c9c309848489e,566318,1716143232000000000,300
OB/productcatalogservice_delay/3,OB,productcatalogservice,delay,3,300,300,incident,0.5,4,0.5,median_shift,7,0.14285714285714285,0.0,0.5,0,0,0,13,13.406699988991022,recommendationservice|currencyservice|emailservice|paymentservice|frontend,recommendationservice_latency-90,0.3596666666666667,5,5,0.48333333333333334,0.236,5,5,5,0.5,baseline-v2-20260723,cd270e7871bd358937d83d9a49829637fa80007d2964084ef229f578e3733bd3,ba75425861a059dafcc477474fc3e4ed1eafdc2b47d6fdd0557337035d29a960,c88d8e3399c3efb26f0f06f0749e81cd4fafe65f3d748a546f4c9c309848489e,566318,1716143232000000000,300
OB/productcatalogservice_delay/3,OB,productcatalogservice,delay,3,300,300,incident,0.5,4,0.5,nsigma,7,0.14285714285714285,0.0,0.5,0,0,0,13,59.295999992173165,emailservice|checkoutservice|redis|shippingservice|paymentservice,emailservice_workload,0.3596666666666667,5,5,0.48333333333333334,0.236,5,5,5,0.5,baseline-v2-20260723,cd270e7871bd358937d83d9a49829637fa80007d2964084ef229f578e3733bd3,ba75425861a059dafcc477474fc3e4ed1eafdc2b47d6fdd0557337035d29a960,c88d8e3399c3efb26f0f06f0749e81cd4fafe65f3d748a546f4c9c309848489e,566318,1716143232000000000,300
OB/productcatalogservice_delay/3,OB,productcatalogservice,delay,3,300,300,incident,0.5,5,0.5,baro,7,0.14285714285714285,0.0,0.5,0,0,0,13,62.39050003932789,cartservice|shippingservice|adservice|emailservice|paymentservice,cartservice_cpu,0.37466666666666665,5,5,0.498,0.25133333333333335,5,5,5,0.5,baseline-v2-20260723,cd270e7871bd358937d83d9a49829637fa80007d2964084ef229f578e3733bd3,ba75425861a059dafcc477474fc3e4ed1eafdc2b47d6fdd0557337035d29a960,c88d8e3399c3efb26f0f06f0749e81cd4fafe65f3d748a546f4c9c309848489e,566318,1716143232000000000,300
OB/productcatalogservice_delay/3,OB,productcatalogservice,delay,3,300,300,incident,0.5,5,0.5,median_shift,2,0.5,0.8,0.08333333333333333,0,1,1,13,11.792600038461387,shippingservice|productcatalogservice|currencyservice|emailservice|paymentservice,shippingservice_cpu,0.37466666666666665,5,5,0.498,0.25133333333333335,5,5,5,0.5,baseline-v2-20260723,cd270e7871bd358937d83d9a49829637fa80007d2964084ef229f578e3733bd3,ba75425861a059dafcc477474fc3e4ed1eafdc2b47d6fdd0557337035d29a960,c88d8e3399c3efb26f0f06f0749e81cd4fafe65f3d748a546f4c9c309848489e,566318,1716143232000000000,300
OB/productcatalogservice_delay/3,OB,productcatalogservice,delay,3,300,300,incident,0.5,5,0.5,nsigma,8,0.125,0.0,0.5833333333333334,0,0,0,13,56.391899997834116,shippingservice|emailservice|cartservice|checkoutservice|adservice,shippingservice_latency-90,0.37466666666666665,5,5,0.498,0.25133333333333335,5,5,5,0.5,baseline-v2-20260723,cd270e7871bd358937d83d9a49829637fa80007d2964084ef229f578e3733bd3,ba75425861a059dafcc477474fc3e4ed1eafdc2b47d6fdd0557337035d29a960,c88d8e3399c3efb26f0f06f0749e81cd4fafe65f3d748a546f4c9c309848489e,566318,1716143232000000000,300
OB/productcatalogservice_delay/3,OB,productcatalogservice,delay,3,300,300,incident,0.5,6,0.5,baro,9,0.1111111111111111,0.0,0.6666666666666666,0,0,0,13,65.87160000344738,paymentservice|cartservice|checkoutservice|shippingservice|emailservice,paymentservice_workload,0.36866666666666664,5,5,0.488,0.24933333333333332,5,5,5,0.5,baseline-v2-20260723,cd270e7871bd358937d83d9a49829637fa80007d2964084ef229f578e3733bd3,ba75425861a059dafcc477474fc3e4ed1eafdc2b47d6fdd0557337035d29a960,c88d8e3399c3efb26f0f06f0749e81cd4fafe65f3d748a546f4c9c309848489e,566318,1716143232000000000,300
OB/productcatalogservice_delay/3,OB,productcatalogservice,delay,3,300,300,incident,0.5,6,0.5,median_shift,2,0.5,0.8,0.08333333333333333,0,1,1,13,11.107099999208003,shippingservice|productcatalogservice|currencyservice|paymentservice|frontend,shippingservice_cpu,0.36866666666666664,5,5,0.488,0.24933333333333332,5,5,5,0.5,baseline-v2-20260723,cd270e7871bd358937d83d9a49829637fa80007d2964084ef229f578e3733bd3,ba75425861a059dafcc477474fc3e4ed1eafdc2b47d6fdd0557337035d29a960,c88d8e3399c3efb26f0f06f0749e81cd4fafe65f3d748a546f4c9c309848489e,566318,1716143232000000000,300
OB/productcatalogservice_delay/3,OB,productcatalogservice,delay,3,300,300,incident,0.5,6,0.5,nsigma,6,0.16666666666666666,0.0,0.4166666666666667,0,0,0,13,49.25049998564646,emailservice|checkoutservice|shippingservice|adservice|paymentservice,emailservice_workload,0.36866666666666664,5,5,0.488,0.24933333333333332,5,5,5,0.5,baseline-v2-20260723,cd270e7871bd358937d83d9a49829637fa80007d2964084ef229f578e3733bd3,ba75425861a059dafcc477474fc3e4ed1eafdc2b47d6fdd0557337035d29a960,c88d8e3399c3efb26f0f06f0749e81cd4fafe65f3d748a546f4c9c309848489e,566318,1716143232000000000,300
OB/productcatalogservice_delay/3,OB,productcatalogservice,delay,3,300,300,incident,0.5,7,0.5,baro,7,0.14285714285714285,0.0,0.5,0,0,0,13,79.22280003549531,paymentservice|cartservice|shippingservice|emailservice|frontend,paymentservice_workload,0.376,5,5,0.512,0.24,5,5,5,0.5,baseline-v2-20260723,cd270e7871bd358937d83d9a49829637fa80007d2964084ef229f578e3733bd3,ba75425861a059dafcc477474fc3e4ed1eafdc2b47d6fdd0557337035d29a960,c88d8e3399c3efb26f0f06f0749e81cd4fafe65f3d748a546f4c9c309848489e,566318,1716143232000000000,300
OB/productcatalogservice_delay/3,OB,productcatalogservice,delay,3,300,300,incident,0.5,7,0.5,median_shift,10,0.1,0.0,0.75,0,0,0,13,11.165499978233129,recommendationservice|emailservice|currencyservice|shippingservice|paymentservice,recommendationservice_latency-90,0.376,5,5,0.512,0.24,5,5,5,0.5,baseline-v2-20260723,cd270e7871bd358937d83d9a49829637fa80007d2964084ef229f578e3733bd3,ba75425861a059dafcc477474fc3e4ed1eafdc2b47d6fdd0557337035d29a960,c88d8e3399c3efb26f0f06f0749e81cd4fafe65f3d748a546f4c9c309848489e,566318,1716143232000000000,300
OB/productcatalogservice_delay/3,OB,productcatalogservice,delay,3,300,300,incident,0.5,7,0.5,nsigma,7,0.14285714285714285,0.0,0.5,0,0,0,13,59.38849999802187,shippingservice|paymentservice|checkoutservice|cartservice|emailservice,shippingservice_latency-50,0.376,5,5,0.512,0.24,5,5,5,0.5,baseline-v2-20260723,cd270e7871bd358937d83d9a49829637fa80007d2964084ef229f578e3733bd3,ba75425861a059dafcc477474fc3e4ed1eafdc2b47d6fdd0557337035d29a960,c88d8e3399c3efb26f0f06f0749e81cd4fafe65f3d748a546f4c9c309848489e,566318,1716143232000000000,300
OB/productcatalogservice_delay/3,OB,productcatalogservice,delay,3,300,300,incident,0.5,8,0.5,baro,5,0.2,0.2,0.3333333333333333,0,0,1,13,74.4824000285007,cartservice|paymentservice|shippingservice|emailservice|productcatalogservice,cartservice_cpu,0.37333333333333335,5,5,0.5026666666666667,0.244,5,5,5,0.5,baseline-v2-20260723,cd270e7871bd358937d83d9a49829637fa80007d2964084ef229f578e3733bd3,ba75425861a059dafcc477474fc3e4ed1eafdc2b47d6fdd0557337035d29a960,c88d8e3399c3efb26f0f06f0749e81cd4fafe65f3d748a546f4c9c309848489e,566318,1716143232000000000,300
OB/productcatalogservice_delay/3,OB,productcatalogservice,delay,3,300,300,incident,0.5,8,0.5,median_shift,2,0.5,0.8,0.08333333333333333,0,1,1,13,11.400500021409243,paymentservice|productcatalogservice|recommendationservice|frontend|emailservice,paymentservice_mem,0.37333333333333335,5,5,0.5026666666666667,0.244,5,5,5,0.5,baseline-v2-20260723,cd270e7871bd358937d83d9a49829637fa80007d2964084ef229f578e3733bd3,ba75425861a059dafcc477474fc3e4ed1eafdc2b47d6fdd0557337035d29a960,c88d8e3399c3efb26f0f06f0749e81cd4fafe65f3d748a546f4c9c309848489e,566318,1716143232000000000,300
OB/productcatalogservice_delay/3,OB,productcatalogservice,delay,3,300,300,incident,0.5,8,0.5,nsigma,4,0.25,0.4,0.25,0,0,1,13,52.21609998261556,emailservice|adservice|shippingservice|productcatalogservice|checkoutservice,emailservice_workload,0.37333333333333335,5,5,0.5026666666666667,0.244,5,5,5,0.5,baseline-v2-20260723,cd270e7871bd358937d83d9a49829637fa80007d2964084ef229f578e3733bd3,ba75425861a059dafcc477474fc3e4ed1eafdc2b47d6fdd0557337035d29a960,c88d8e3399c3efb26f0f06f0749e81cd4fafe65f3d748a546f4c9c309848489e,566318,1716143232000000000,300
OB/productcatalogservice_delay/3,OB,productcatalogservice,delay,3,300,300,incident,0.5,9,0.5,baro,4,0.25,0.4,0.25,0,0,1,13,88.01140001742169,cartservice|shippingservice|paymentservice|productcatalogservice|checkoutservice,cartservice_cpu,0.376,5,5,0.5113333333333333,0.24066666666666667,5,5,5,0.5,baseline-v2-20260723,cd270e7871bd358937d83d9a49829637fa80007d2964084ef229f578e3733bd3,ba75425861a059dafcc477474fc3e4ed1eafdc2b47d6fdd0557337035d29a960,c88d8e3399c3efb26f0f06f0749e81cd4fafe65f3d748a546f4c9c309848489e,566318,1716143232000000000,300
OB/productcatalogservice_delay/3,OB,productcatalogservice,delay,3,300,300,incident,0.5,9,0.5,median_shift,6,0.16666666666666666,0.0,0.4166666666666667,0,0,0,13,18.58089998131618,currencyservice|paymentservice|shippingservice|frontend|redis,currencyservice_latency-90,0.376,5,5,0.5113333333333333,0.24066666666666667,5,5,5,0.5,baseline-v2-20260723,cd270e7871bd358937d83d9a49829637fa80007d2964084ef229f578e3733bd3,ba75425861a059dafcc477474fc3e4ed1eafdc2b47d6fdd0557337035d29a960,c88d8e3399c3efb26f0f06f0749e81cd4fafe65f3d748a546f4c9c309848489e,566318,1716143232000000000,300
OB/productcatalogservice_delay/3,OB,productcatalogservice,delay,3,300,300,incident,0.5,9,0.5,nsigma,7,0.14285714285714285,0.0,0.5,0,0,0,13,51.14920000778511,shippingservice|emailservice|paymentservice|cartservice|adservice,shippingservice_latency-50,0.376,5,5,0.5113333333333333,0.24066666666666667,5,5,5,0.5,baseline-v2-20260723,cd270e7871bd358937d83d9a49829637fa80007d2964084ef229f578e3733bd3,ba75425861a059dafcc477474fc3e4ed1eafdc2b47d6fdd0557337035d29a960,c88d8e3399c3efb26f0f06f0749e81cd4fafe65f3d748a546f4c9c309848489e,566318,1716143232000000000,300
OB/productcatalogservice_delay/3,OB,productcatalogservice,delay,3,300,300,none,0.0,0,0.0,baro,1,1.0,1.0,0.0,1,1,1,13,107.47729998547584,productcatalogservice|recommendationservice|frontend|checkoutservice|cartservice,productcatalogservice_latency-50,1.0,5,5,1.0,1.0,5,5,5,1.0,baseline-v2-20260723,cd270e7871bd358937d83d9a49829637fa80007d2964084ef229f578e3733bd3,ba75425861a059dafcc477474fc3e4ed1eafdc2b47d6fdd0557337035d29a960,c88d8e3399c3efb26f0f06f0749e81cd4fafe65f3d748a546f4c9c309848489e,566318,1716143232000000000,300
OB/productcatalogservice_delay/3,OB,productcatalogservice,delay,3,300,300,none,0.0,0,0.0,median_shift,3,0.3333333333333333,0.6,0.16666666666666666,0,1,1,13,17.23240001592785,main|recommendationservice|productcatalogservice|frontend|checkoutservice,main_mem,1.0,5,5,1.0,1.0,5,5,5,1.0,baseline-v2-20260723,cd270e7871bd358937d83d9a49829637fa80007d2964084ef229f578e3733bd3,ba75425861a059dafcc477474fc3e4ed1eafdc2b47d6fdd0557337035d29a960,c88d8e3399c3efb26f0f06f0749e81cd4fafe65f3d748a546f4c9c309848489e,566318,1716143232000000000,300
OB/productcatalogservice_delay/3,OB,productcatalogservice,delay,3,300,300,none,0.0,0,0.0,nsigma,1,1.0,1.0,0.0,1,1,1,13,69.83289995696396,productcatalogservice|recommendationservice|frontend|checkoutservice|cartservice,productcatalogservice_latency-50,1.0,5,5,1.0,1.0,5,5,5,1.0,baseline-v2-20260723,cd270e7871bd358937d83d9a49829637fa80007d2964084ef229f578e3733bd3,ba75425861a059dafcc477474fc3e4ed1eafdc2b47d6fdd0557337035d29a960,c88d8e3399c3efb26f0f06f0749e81cd4fafe65f3d748a546f4c9c309848489e,566318,1716143232000000000,300
OB/productcatalogservice_delay/3,OB,productcatalogservice,delay,3,300,300,point,0.1,0,0.1,baro,1,1.0,1.0,0.0,1,1,1,13,122.23989999620244,productcatalogservice|recommendationservice|frontend|checkoutservice|cartservice,productcatalogservice_latency-50,0.9043333333333333,5,5,0.906,0.9026666666666666,5,5,5,0.9,baseline-v2-20260723,cd270e7871bd358937d83d9a49829637fa80007d2964084ef229f578e3733bd3,ba75425861a059dafcc477474fc3e4ed1eafdc2b47d6fdd0557337035d29a960,c88d8e3399c3efb26f0f06f0749e81cd4fafe65f3d748a546f4c9c309848489e,566318,1716143232000000000,300
OB/productcatalogservice_delay/3,OB,productcatalogservice,delay,3,300,300,point,0.1,0,0.1,median_shift,3,0.3333333333333333,0.6,0.16666666666666666,0,1,1,13,22.18100003665313,main|recommendationservice|productcatalogservice|frontend|checkoutservice,main_mem,0.9043333333333333,5,5,0.906,0.9026666666666666,5,5,5,0.9,baseline-v2-20260723,cd270e7871bd358937d83d9a49829637fa80007d2964084ef229f578e3733bd3,ba75425861a059dafcc477474fc3e4ed1eafdc2b47d6fdd0557337035d29a960,c88d8e3399c3efb26f0f06f0749e81cd4fafe65f3d748a546f4c9c309848489e,566318,1716143232000000000,300
OB/productcatalogservice_delay/3,OB,productcatalogservice,delay,3,300,300,point,0.1,0,0.1,nsigma,1,1.0,1.0,0.0,1,1,1,13,77.59389997227117,productcatalogservice|recommendationservice|frontend|checkoutservice|cartservice,productcatalogservice_latency-50,0.9043333333333333,5,5,0.906,0.9026666666666666,5,5,5,0.9,baseline-v2-20260723,cd270e7871bd358937d83d9a49829637fa80007d2964084ef229f578e3733bd3,ba75425861a059dafcc477474fc3e4ed1eafdc2b47d6fdd0557337035d29a960,c88d8e3399c3efb26f0f06f0749e81cd4fafe65f3d748a546f4c9c309848489e,566318,1716143232000000000,300
OB/productcatalogservice_delay/3,OB,productcatalogservice,delay,3,300,300,point,0.1,1,0.1,baro,1,1.0,1.0,0.0,1,1,1,13,66.97059998987243,productcatalogservice|recommendationservice|frontend|checkoutservice|cartservice,productcatalogservice_latency-50,0.8956666666666667,5,5,0.9046666666666666,0.8866666666666667,5,5,5,0.9,baseline-v2-20260723,cd270e7871bd358937d83d9a49829637fa80007d2964084ef229f578e3733bd3,ba75425861a059dafcc477474fc3e4ed1eafdc2b47d6fdd0557337035d29a960,c88d8e3399c3efb26f0f06f0749e81cd4fafe65f3d748a546f4c9c309848489e,566318,1716143232000000000,300
OB/productcatalogservice_delay/3,OB,productcatalogservice,delay,3,300,300,point,0.1,1,0.1,median_shift,3,0.3333333333333333,0.6,0.16666666666666666,0,1,1,13,11.62169995950535,main|recommendationservice|productcatalogservice|frontend|checkoutservice,main_mem,0.8956666666666667,5,5,0.9046666666666666,0.8866666666666667,5,5,5,0.9,baseline-v2-20260723,cd270e7871bd358937d83d9a49829637fa80007d2964084ef229f578e3733bd3,ba75425861a059dafcc477474fc3e4ed1eafdc2b47d6fdd0557337035d29a960,c88d8e3399c3efb26f0f06f0749e81cd4fafe65f3d748a546f4c9c309848489e,566318,1716143232000000000,300
OB/productcatalogservice_delay/3,OB,productcatalogservice,delay,3,300,300,point,0.1,1,0.1,nsigma,1,1.0,1.0,0.0,1,1,1,13,55.24340004194528,productcatalogservice|recommendationservice|frontend|checkoutservice|cartservice,productcatalogservice_latency-50,0.8956666666666667,5,5,0.9046666666666666,0.8866666666666667,5,5,5,0.9,baseline-v2-20260723,cd270e7871bd358937d83d9a49829637fa80007d2964084ef229f578e3733bd3,ba75425861a059dafcc477474fc3e4ed1eafdc2b47d6fdd0557337035d29a960,c88d8e3399c3efb26f0f06f0749e81cd4fafe65f3d748a546f4c9c309848489e,566318,1716143232000000000,300
OB/productcatalogservice_delay/3,OB,productcatalogservice,delay,3,300,300,point,0.1,2,0.1,baro,1,1.0,1.0,0.0,1,1,1,13,62.7743000513874,productcatalogservice|recommendationservice|frontend|checkoutservice|cartservice,productcatalogservice_latency-50,0.8926666666666667,5,5,0.902,0.8833333333333333,5,5,5,0.9,baseline-v2-20260723,cd270e7871bd358937d83d9a49829637fa80007d2964084ef229f578e3733bd3,ba75425861a059dafcc477474fc3e4ed1eafdc2b47d6fdd0557337035d29a960,c88d8e3399c3efb26f0f06f0749e81cd4fafe65f3d748a546f4c9c309848489e,566318,1716143232000000000,300
OB/productcatalogservice_delay/3,OB,productcatalogservice,delay,3,300,300,point,0.1,2,0.1,median_shift,3,0.3333333333333333,0.6,0.16666666666666666,0,1,1,13,11.511299991980195,main|recommendationservice|productcatalogservice|frontend|checkoutservice,main_mem,0.8926666666666667,5,5,0.902,0.8833333333333333,5,5,5,0.9,baseline-v2-20260723,cd270e7871bd358937d83d9a49829637fa80007d2964084ef229f578e3733bd3,ba75425861a059dafcc477474fc3e4ed1eafdc2b47d6fdd0557337035d29a960,c88d8e3399c3efb26f0f06f0749e81cd4fafe65f3d748a546f4c9c309848489e,566318,1716143232000000000,300
OB/productcatalogservice_delay/3,OB,productcatalogservice,delay,3,300,300,point,0.1,2,0.1,nsigma,1,1.0,1.0,0.0,1,1,1,13,52.988799987360835,productcatalogservice|recommendationservice|frontend|checkoutservice|cartservice,productcatalogservice_latency-50,0.8926666666666667,5,5,0.902,0.8833333333333333,5,5,5,0.9,baseline-v2-20260723,cd270e7871bd358937d83d9a49829637fa80007d2964084ef229f578e3733bd3,ba75425861a059dafcc477474fc3e4ed1eafdc2b47d6fdd0557337035d29a960,c88d8e3399c3efb26f0f06f0749e81cd4fafe65f3d748a546f4c9c309848489e,566318,1716143232000000000,300
OB/productcatalogservice_delay/3,OB,productcatalogservice,delay,3,300,300,point,0.1,3,0.1,baro,1,1.0,1.0,0.0,1,1,1,13,63.57620004564524,productcatalogservice|recommendationservice|frontend|checkoutservice|cartservice,productcatalogservice_latency-50,0.9003333333333333,5,5,0.9026666666666666,0.898,5,5,5,0.9,baseline-v2-20260723,cd270e7871bd358937d83d9a49829637fa80007d2964084ef229f578e3733bd3,ba75425861a059dafcc477474fc3e4ed1eafdc2b47d6fdd0557337035d29a960,c88d8e3399c3efb26f0f06f0749e81cd4fafe65f3d748a546f4c9c309848489e,566318,1716143232000000000,300
OB/productcatalogservice_delay/3,OB,productcatalogservice,delay,3,300,300,point,0.1,3,0.1,median_shift,3,0.3333333333333333,0.6,0.16666666666666666,0,1,1,13,12.198599986732006,main|recommendationservice|productcatalogservice|frontend|checkoutservice,main_mem,0.9003333333333333,5,5,0.9026666666666666,0.898,5,5,5,0.9,baseline-v2-20260723,cd270e7871bd358937d83d9a49829637fa80007d2964084ef229f578e3733bd3,ba75425861a059dafcc477474fc3e4ed1eafdc2b47d6fdd0557337035d29a960,c88d8e3399c3efb26f0f06f0749e81cd4fafe65f3d748a546f4c9c309848489e,566318,1716143232000000000,300
OB/productcatalogservice_delay/3,OB,productcatalogservice,delay,3,300,300,point,0.1,3,0.1,nsigma,1,1.0,1.0,0.0,1,1,1,13,57.77220003074035,productcatalogservice|recommendationservice|frontend|checkoutservice|cartservice,productcatalogservice_latency-50,0.9003333333333333,5,5,0.9026666666666666,0.898,5,5,5,0.9,baseline-v2-20260723,cd270e7871bd358937d83d9a49829637fa80007d2964084ef229f578e3733bd3,ba75425861a059dafcc477474fc3e4ed1eafdc2b47d6fdd0557337035d29a960,c88d8e3399c3efb26f0f06f0749e81cd4fafe65f3d748a546f4c9c309848489e,566318,1716143232000000000,300
OB/productcatalogservice_delay/3,OB,productcatalogservice,delay,3,300,300,point,0.1,4,0.1,baro,1,1.0,1.0,0.0,1,1,1,13,76.42719999421388,productcatalogservice|recommendationservice|frontend|checkoutservice|cartservice,productcatalogservice_latency-50,0.8993333333333333,5,5,0.9013333333333333,0.8973333333333333,5,5,5,0.9,baseline-v2-20260723,cd270e7871bd358937d83d9a49829637fa80007d2964084ef229f578e3733bd3,ba75425861a059dafcc477474fc3e4ed1eafdc2b47d6fdd0557337035d29a960,c88d8e3399c3efb26f0f06f0749e81cd4fafe65f3d748a546f4c9c309848489e,566318,1716143232000000000,300
OB/productcatalogservice_delay/3,OB,productcatalogservice,delay,3,300,300,point,0.1,4,0.1,median_shift,3,0.3333333333333333,0.6,0.16666666666666666,0,1,1,13,18.80440005334094,main|recommendationservice|productcatalogservice|frontend|checkoutservice,main_mem,0.8993333333333333,5,5,0.9013333333333333,0.8973333333333333,5,5,5,0.9,baseline-v2-20260723,cd270e7871bd358937d83d9a49829637fa80007d2964084ef229f578e3733bd3,ba75425861a059dafcc477474fc3e4ed1eafdc2b47d6fdd0557337035d29a960,c88d8e3399c3efb26f0f06f0749e81cd4fafe65f3d748a546f4c9c309848489e,566318,1716143232000000000,300
OB/productcatalogservice_delay/3,OB,productcatalogservice,delay,3,300,300,point,0.1,4,0.1,nsigma,1,1.0,1.0,0.0,1,1,1,13,67.69999995594844,productcatalogservice|recommendationservice|frontend|checkoutservice|cartservice,productcatalogservice_latency-50,0.8993333333333333,5,5,0.9013333333333333,0.8973333333333333,5,5,5,0.9,baseline-v2-20260723,cd270e7871bd358937d83d9a49829637fa80007d2964084ef229f578e3733bd3,ba75425861a059dafcc477474fc3e4ed1eafdc2b47d6fdd0557337035d29a960,c88d8e3399c3efb26f0f06f0749e81cd4fafe65f3d748a546f4c9c309848489e,566318,1716143232000000000,300
OB/productcatalogservice_delay/3,OB,productcatalogservice,delay,3,300,300,point,0.1,5,0.1,baro,1,1.0,1.0,0.0,1,1,1,13,62.99939996097237,productcatalogservice|recommendationservice|frontend|checkoutservice|cartservice,productcatalogservice_latency-50,0.9013333333333333,5,5,0.902,0.9006666666666666,5,5,5,0.9,baseline-v2-20260723,cd270e7871bd358937d83d9a49829637fa80007d2964084ef229f578e3733bd3,ba75425861a059dafcc477474fc3e4ed1eafdc2b47d6fdd0557337035d29a960,c88d8e3399c3efb26f0f06f0749e81cd4fafe65f3d748a546f4c9c309848489e,566318,1716143232000000000,300
OB/productcatalogservice_delay/3,OB,productcatalogservice,delay,3,300,300,point,0.1,5,0.1,median_shift,3,0.3333333333333333,0.6,0.16666666666666666,0,1,1,13,11.161300004459918,main|recommendationservice|productcatalogservice|frontend|checkoutservice,main_mem,0.9013333333333333,5,5,0.902,0.9006666666666666,5,5,5,0.9,baseline-v2-20260723,cd270e7871bd358937d83d9a49829637fa80007d2964084ef229f578e3733bd3,ba75425861a059dafcc477474fc3e4ed1eafdc2b47d6fdd0557337035d29a960,c88d8e3399c3efb26f0f06f0749e81cd4fafe65f3d748a546f4c9c309848489e,566318,1716143232000000000,300
OB/productcatalogservice_delay/3,OB,productcatalogservice,delay,3,300,300,point,0.1,5,0.1,nsigma,1,1.0,1.0,0.0,1,1,1,13,58.449999953154474,productcatalogservice|recommendationservice|frontend|checkoutservice|cartservice,productcatalogservice_latency-50,0.9013333333333333,5,5,0.902,0.9006666666666666,5,5,5,0.9,baseline-v2-20260723,cd270e7871bd358937d83d9a49829637fa80007d2964084ef229f578e3733bd3,ba75425861a059dafcc477474fc3e4ed1eafdc2b47d6fdd0557337035d29a960,c88d8e3399c3efb26f0f06f0749e81cd4fafe65f3d748a546f4c9c309848489e,566318,1716143232000000000,300
OB/productcatalogservice_delay/3,OB,productcatalogservice,delay,3,300,300,point,0.1,6,0.1,baro,1,1.0,1.0,0.0,1,1,1,13,70.56369999190792,productcatalogservice|recommendationservice|frontend|checkoutservice|cartservice,productcatalogservice_latency-50,0.8953333333333333,5,5,0.892,0.8986666666666666,5,5,5,0.9,baseline-v2-20260723,cd270e7871bd358937d83d9a49829637fa80007d2964084ef229f578e3733bd3,ba75425861a059dafcc477474fc3e4ed1eafdc2b47d6fdd0557337035d29a960,c88d8e3399c3efb26f0f06f0749e81cd4fafe65f3d748a546f4c9c309848489e,566318,1716143232000000000,300
OB/productcatalogservice_delay/3,OB,productcatalogservice,delay,3,300,300,point,0.1,6,0.1,median_shift,3,0.3333333333333333,0.6,0.16666666666666666,0,1,1,13,11.489399999845773,main|recommendationservice|productcatalogservice|frontend|checkoutservice,main_mem,0.8953333333333333,5,5,0.892,0.8986666666666666,5,5,5,0.9,baseline-v2-20260723,cd270e7871bd358937d83d9a49829637fa80007d2964084ef229f578e3733bd3,ba75425861a059dafcc477474fc3e4ed1eafdc2b47d6fdd0557337035d29a960,c88d8e3399c3efb26f0f06f0749e81cd4fafe65f3d748a546f4c9c309848489e,566318,1716143232000000000,300
OB/productcatalogservice_delay/3,OB,productcatalogservice,delay,3,300,300,point,0.1,6,0.1,nsigma,1,1.0,1.0,0.0,1,1,1,13,51.5912999981083,productcatalogservice|recommendationservice|frontend|checkoutservice|cartservice,productcatalogservice_latency-50,0.8953333333333333,5,5,0.892,0.8986666666666666,5,5,5,0.9,baseline-v2-20260723,cd270e7871bd358937d83d9a49829637fa80007d2964084ef229f578e3733bd3,ba75425861a059dafcc477474fc3e4ed1eafdc2b47d6fdd0557337035d29a960,c88d8e3399c3efb26f0f06f0749e81cd4fafe65f3d748a546f4c9c309848489e,566318,1716143232000000000,300
OB/productcatalogservice_delay/3,OB,productcatalogservice,delay,3,300,300,point,0.1,7,0.1,baro,1,1.0,1.0,0.0,1,1,1,13,83.10019999044016,productcatalogservice|frontend|recommendationservice|checkoutservice|cartservice,productcatalogservice_latency-50,0.8936666666666667,5,5,0.8893333333333333,0.898,5,5,5,0.9,baseline-v2-20260723,cd270e7871bd358937d83d9a49829637fa80007d2964084ef229f578e3733bd3,ba75425861a059dafcc477474fc3e4ed1eafdc2b47d6fdd0557337035d29a960,c88d8e3399c3efb26f0f06f0749e81cd4fafe65f3d748a546f4c9c309848489e,566318,1716143232000000000,300
OB/productcatalogservice_delay/3,OB,productcatalogservice,delay,3,300,300,point,0.1,7,0.1,median_shift,3,0.3333333333333333,0.6,0.16666666666666666,0,1,1,13,11.816799989901483,main|recommendationservice|productcatalogservice|frontend|checkoutservice,main_mem,0.8936666666666667,5,5,0.8893333333333333,0.898,5,5,5,0.9,baseline-v2-20260723,cd270e7871bd358937d83d9a49829637fa80007d2964084ef229f578e3733bd3,ba75425861a059dafcc477474fc3e4ed1eafdc2b47d6fdd0557337035d29a960,c88d8e3399c3efb26f0f06f0749e81cd4fafe65f3d748a546f4c9c309848489e,566318,1716143232000000000,300
OB/productcatalogservice_delay/3,OB,productcatalogservice,delay,3,300,300,point,0.1,7,0.1,nsigma,1,1.0,1.0,0.0,1,1,1,13,58.13249998027459,productcatalogservice|recommendationservice|frontend|checkoutservice|cartservice,productcatalogservice_latency-50,0.8936666666666667,5,5,0.8893333333333333,0.898,5,5,5,0.9,baseline-v2-20260723,cd270e7871bd358937d83d9a49829637fa80007d2964084ef229f578e3733bd3,ba75425861a059dafcc477474fc3e4ed1eafdc2b47d6fdd0557337035d29a960,c88d8e3399c3efb26f0f06f0749e81cd4fafe65f3d748a546f4c9c309848489e,566318,1716143232000000000,300
OB/productcatalogservice_delay/3,OB,productcatalogservice,delay,3,300,300,point,0.1,8,0.1,baro,1,1.0,1.0,0.0,1,1,1,13,69.75060002878308,productcatalogservice|recommendationservice|frontend|checkoutservice|cartservice,productcatalogservice_latency-50,0.8976666666666666,5,5,0.9013333333333333,0.894,5,5,5,0.9,baseline-v2-20260723,cd270e7871bd358937d83d9a49829637fa80007d2964084ef229f578e3733bd3,ba75425861a059dafcc477474fc3e4ed1eafdc2b47d6fdd0557337035d29a960,c88d8e3399c3efb26f0f06f0749e81cd4fafe65f3d748a546f4c9c309848489e,566318,1716143232000000000,300
OB/productcatalogservice_delay/3,OB,productcatalogservice,delay,3,300,300,point,0.1,8,0.1,median_shift,3,0.3333333333333333,0.6,0.16666666666666666,0,1,1,13,23.558499990031123,main|recommendationservice|productcatalogservice|frontend|checkoutservice,main_mem,0.8976666666666666,5,5,0.9013333333333333,0.894,5,5,5,0.9,baseline-v2-20260723,cd270e7871bd358937d83d9a49829637fa80007d2964084ef229f578e3733bd3,ba75425861a059dafcc477474fc3e4ed1eafdc2b47d6fdd0557337035d29a960,c88d8e3399c3efb26f0f06f0749e81cd4fafe65f3d748a546f4c9c309848489e,566318,1716143232000000000,300
OB/productcatalogservice_delay/3,OB,productcatalogservice,delay,3,300,300,point,0.1,8,0.1,nsigma,1,1.0,1.0,0.0,1,1,1,13,71.5708999778144,productcatalogservice|recommendationservice|frontend|checkoutservice|cartservice,productcatalogservice_latency-50,0.8976666666666666,5,5,0.9013333333333333,0.894,5,5,5,0.9,baseline-v2-20260723,cd270e7871bd358937d83d9a49829637fa80007d2964084ef229f578e3733bd3,ba75425861a059dafcc477474fc3e4ed1eafdc2b47d6fdd0557337035d29a960,c88d8e3399c3efb26f0f06f0749e81cd4fafe65f3d748a546f4c9c309848489e,566318,1716143232000000000,300
OB/productcatalogservice_delay/3,OB,productcatalogservice,delay,3,300,300,point,0.1,9,0.1,baro,1,1.0,1.0,0.0,1,1,1,13,65.1306000072509,productcatalogservice|recommendationservice|frontend|checkoutservice|cartservice,productcatalogservice_latency-50,0.897,5,5,0.8833333333333333,0.9106666666666666,5,5,5,0.9,baseline-v2-20260723,cd270e7871bd358937d83d9a49829637fa80007d2964084ef229f578e3733bd3,ba75425861a059dafcc477474fc3e4ed1eafdc2b47d6fdd0557337035d29a960,c88d8e3399c3efb26f0f06f0749e81cd4fafe65f3d748a546f4c9c309848489e,566318,1716143232000000000,300
OB/productcatalogservice_delay/3,OB,productcatalogservice,delay,3,300,300,point,0.1,9,0.1,median_shift,3,0.3333333333333333,0.6,0.16666666666666666,0,1,1,13,11.616799980401993,main|recommendationservice|productcatalogservice|frontend|checkoutservice,main_mem,0.897,5,5,0.8833333333333333,0.9106666666666666,5,5,5,0.9,baseline-v2-20260723,cd270e7871bd358937d83d9a49829637fa80007d2964084ef229f578e3733bd3,ba75425861a059dafcc477474fc3e4ed1eafdc2b47d6fdd0557337035d29a960,c88d8e3399c3efb26f0f06f0749e81cd4fafe65f3d748a546f4c9c309848489e,566318,1716143232000000000,300
OB/productcatalogservice_delay/3,OB,productcatalogservice,delay,3,300,300,point,0.1,9,0.1,nsigma,1,1.0,1.0,0.0,1,1,1,13,54.070199956186116,productcatalogservice|recommendationservice|frontend|checkoutservice|cartservice,productcatalogservice_latency-50,0.897,5,5,0.8833333333333333,0.9106666666666666,5,5,5,0.9,baseline-v2-20260723,cd270e7871bd358937d83d9a49829637fa80007d2964084ef229f578e3733bd3,ba75425861a059dafcc477474fc3e4ed1eafdc2b47d6fdd0557337035d29a960,c88d8e3399c3efb26f0f06f0749e81cd4fafe65f3d748a546f4c9c309848489e,566318,1716143232000000000,300
OB/productcatalogservice_delay/3,OB,productcatalogservice,delay,3,300,300,point,0.3,0,0.3,baro,1,1.0,1.0,0.0,1,1,1,13,75.54300001356751,productcatalogservice|recommendationservice|frontend|checkoutservice|cartservice,productcatalogservice_latency-50,0.7073333333333334,5,5,0.6926666666666667,0.722,5,5,5,0.7,baseline-v2-20260723,cd270e7871bd358937d83d9a49829637fa80007d2964084ef229f578e3733bd3,ba75425861a059dafcc477474fc3e4ed1eafdc2b47d6fdd0557337035d29a960,c88d8e3399c3efb26f0f06f0749e81cd4fafe65f3d748a546f4c9c309848489e,566318,1716143232000000000,300
OB/productcatalogservice_delay/3,OB,productcatalogservice,delay,3,300,300,point,0.3,0,0.3,median_shift,3,0.3333333333333333,0.6,0.16666666666666666,0,1,1,13,11.013099981937557,main|recommendationservice|productcatalogservice|frontend|checkoutservice,main_mem,0.7073333333333334,5,5,0.6926666666666667,0.722,5,5,5,0.7,baseline-v2-20260723,cd270e7871bd358937d83d9a49829637fa80007d2964084ef229f578e3733bd3,ba75425861a059dafcc477474fc3e4ed1eafdc2b47d6fdd0557337035d29a960,c88d8e3399c3efb26f0f06f0749e81cd4fafe65f3d748a546f4c9c309848489e,566318,1716143232000000000,300
OB/productcatalogservice_delay/3,OB,productcatalogservice,delay,3,300,300,point,0.3,0,0.3,nsigma,1,1.0,1.0,0.0,1,1,1,13,51.76619999110699,productcatalogservice|recommendationservice|frontend|checkoutservice|cartservice,productcatalogservice_latency-50,0.7073333333333334,5,5,0.6926666666666667,0.722,5,5,5,0.7,baseline-v2-20260723,cd270e7871bd358937d83d9a49829637fa80007d2964084ef229f578e3733bd3,ba75425861a059dafcc477474fc3e4ed1eafdc2b47d6fdd0557337035d29a960,c88d8e3399c3efb26f0f06f0749e81cd4fafe65f3d748a546f4c9c309848489e,566318,1716143232000000000,300
OB/productcatalogservice_delay/3,OB,productcatalogservice,delay,3,300,300,point,0.3,1,0.3,baro,1,1.0,1.0,0.0,1,1,1,13,72.07599998218939,productcatalogservice|recommendationservice|frontend|checkoutservice|cartservice,productcatalogservice_latency-50,0.6986666666666667,5,5,0.6886666666666666,0.7086666666666667,5,5,5,0.7,baseline-v2-20260723,cd270e7871bd358937d83d9a49829637fa80007d2964084ef229f578e3733bd3,ba75425861a059dafcc477474fc3e4ed1eafdc2b47d6fdd0557337035d29a960,c88d8e3399c3efb26f0f06f0749e81cd4fafe65f3d748a546f4c9c309848489e,566318,1716143232000000000,300
OB/productcatalogservice_delay/3,OB,productcatalogservice,delay,3,300,300,point,0.3,1,0.3,median_shift,3,0.3333333333333333,0.6,0.16666666666666666,0,1,1,13,13.865399989299476,main|recommendationservice|productcatalogservice|frontend|checkoutservice,main_mem,0.6986666666666667,5,5,0.6886666666666666,0.7086666666666667,5,5,5,0.7,baseline-v2-20260723,cd270e7871bd358937d83d9a49829637fa80007d2964084ef229f578e3733bd3,ba75425861a059dafcc477474fc3e4ed1eafdc2b47d6fdd0557337035d29a960,c88d8e3399c3efb26f0f06f0749e81cd4fafe65f3d748a546f4c9c309848489e,566318,1716143232000000000,300
OB/productcatalogservice_delay/3,OB,productcatalogservice,delay,3,300,300,point,0.3,1,0.3,nsigma,1,1.0,1.0,0.0,1,1,1,13,60.56660000467673,productcatalogservice|recommendationservice|frontend|checkoutservice|cartservice,productcatalogservice_latency-50,0.6986666666666667,5,5,0.6886666666666666,0.7086666666666667,5,5,5,0.7,baseline-v2-20260723,cd270e7871bd358937d83d9a49829637fa80007d2964084ef229f578e3733bd3,ba75425861a059dafcc477474fc3e4ed1eafdc2b47d6fdd0557337035d29a960,c88d8e3399c3efb26f0f06f0749e81cd4fafe65f3d748a546f4c9c309848489e,566318,1716143232000000000,300
OB/productcatalogservice_delay/3,OB,productcatalogservice,delay,3,300,300,point,0.3,2,0.3,baro,1,1.0,1.0,0.0,1,1,1,13,76.33850001730025,productcatalogservice|recommendationservice|frontend|checkoutservice|cartservice,productcatalogservice_latency-50,0.699,5,5,0.712,0.686,5,5,5,0.7,baseline-v2-20260723,cd270e7871bd358937d83d9a49829637fa80007d2964084ef229f578e3733bd3,ba75425861a059dafcc477474fc3e4ed1eafdc2b47d6fdd0557337035d29a960,c88d8e3399c3efb26f0f06f0749e81cd4fafe65f3d748a546f4c9c309848489e,566318,1716143232000000000,300
OB/productcatalogservice_delay/3,OB,productcatalogservice,delay,3,300,300,point,0.3,2,0.3,median_shift,3,0.3333333333333333,0.6,0.16666666666666666,0,1,1,13,16.302599979098886,main|recommendationservice|productcatalogservice|frontend|checkoutservice,main_mem,0.699,5,5,0.712,0.686,5,5,5,0.7,baseline-v2-20260723,cd270e7871bd358937d83d9a49829637fa80007d2964084ef229f578e3733bd3,ba75425861a059dafcc477474fc3e4ed1eafdc2b47d6fdd0557337035d29a960,c88d8e3399c3efb26f0f06f0749e81cd4fafe65f3d748a546f4c9c309848489e,566318,1716143232000000000,300
OB/productcatalogservice_delay/3,OB,productcatalogservice,delay,3,300,300,point,0.3,2,0.3,nsigma,1,1.0,1.0,0.0,1,1,1,13,66.78650004323572,productcatalogservice|recommendationservice|frontend|checkoutservice|cartservice,productcatalogservice_latency-50,0.699,5,5,0.712,0.686,5,5,5,0.7,baseline-v2-20260723,cd270e7871bd358937d83d9a49829637fa80007d2964084ef229f578e3733bd3,ba75425861a059dafcc477474fc3e4ed1eafdc2b47d6fdd0557337035d29a960,c88d8e3399c3efb26f0f06f0749e81cd4fafe65f3d748a546f4c9c309848489e,566318,1716143232000000000,300
OB/productcatalogservice_delay/3,OB,productcatalogservice,delay,3,300,300,point,0.3,3,0.3,baro,1,1.0,1.0,0.0,1,1,1,13,85.35980002488941,productcatalogservice|recommendationservice|frontend|checkoutservice|cartservice,productcatalogservice_latency-50,0.6956666666666667,5,5,0.7046666666666667,0.6866666666666666,5,5,5,0.7,baseline-v2-20260723,cd270e7871bd358937d83d9a49829637fa80007d2964084ef229f578e3733bd3,ba75425861a059dafcc477474fc3e4ed1eafdc2b47d6fdd0557337035d29a960,c88d8e3399c3efb26f0f06f0749e81cd4fafe65f3d748a546f4c9c309848489e,566318,1716143232000000000,300
OB/productcatalogservice_delay/3,OB,productcatalogservice,delay,3,300,300,point,0.3,3,0.3,median_shift,3,0.3333333333333333,0.6,0.16666666666666666,0,1,1,13,14.80280002579093,main|recommendationservice|productcatalogservice|frontend|checkoutservice,main_mem,0.6956666666666667,5,5,0.7046666666666667,0.6866666666666666,5,5,5,0.7,baseline-v2-20260723,cd270e7871bd358937d83d9a49829637fa80007d2964084ef229f578e3733bd3,ba75425861a059dafcc477474fc3e4ed1eafdc2b47d6fdd0557337035d29a960,c88d8e3399c3efb26f0f06f0749e81cd4fafe65f3d748a546f4c9c309848489e,566318,1716143232000000000,300
OB/productcatalogservice_delay/3,OB,productcatalogservice,delay,3,300,300,point,0.3,3,0.3,nsigma,1,1.0,1.0,0.0,1,1,1,13,66.22349994722754,productcatalogservice|recommendationservice|frontend|checkoutservice|cartservice,productcatalogservice_latency-50,0.6956666666666667,5,5,0.7046666666666667,0.6866666666666666,5,5,5,0.7,baseline-v2-20260723,cd270e7871bd358937d83d9a49829637fa80007d2964084ef229f578e3733bd3,ba75425861a059dafcc477474fc3e4ed1eafdc2b47d6fdd0557337035d29a960,c88d8e3399c3efb26f0f06f0749e81cd4fafe65f3d748a546f4c9c309848489e,566318,1716143232000000000,300
OB/productcatalogservice_delay/3,OB,productcatalogservice,delay,3,300,300,point,0.3,4,0.3,baro,1,1.0,1.0,0.0,1,1,1,13,77.87739997729659,productcatalogservice|recommendationservice|frontend|checkoutservice|cartservice,productcatalogservice_latency-50,0.701,5,5,0.7113333333333334,0.6906666666666667,5,5,5,0.7,baseline-v2-20260723,cd270e7871bd358937d83d9a49829637fa80007d2964084ef229f578e3733bd3,ba75425861a059dafcc477474fc3e4ed1eafdc2b47d6fdd0557337035d29a960,c88d8e3399c3efb26f0f06f0749e81cd4fafe65f3d748a546f4c9c309848489e,566318,1716143232000000000,300
OB/productcatalogservice_delay/3,OB,productcatalogservice,delay,3,300,300,point,0.3,4,0.3,median_shift,3,0.3333333333333333,0.6,0.16666666666666666,0,1,1,13,11.182899994309992,main|recommendationservice|productcatalogservice|frontend|checkoutservice,main_mem,0.701,5,5,0.7113333333333334,0.6906666666666667,5,5,5,0.7,baseline-v2-20260723,cd270e7871bd358937d83d9a49829637fa80007d2964084ef229f578e3733bd3,ba75425861a059dafcc477474fc3e4ed1eafdc2b47d6fdd0557337035d29a960,c88d8e3399c3efb26f0f06f0749e81cd4fafe65f3d748a546f4c9c309848489e,566318,1716143232000000000,300
OB/productcatalogservice_delay/3,OB,productcatalogservice,delay,3,300,300,point,0.3,4,0.3,nsigma,1,1.0,1.0,0.0,1,1,1,13,73.0673999642022,productcatalogservice|recommendationservice|frontend|checkoutservice|cartservice,productcatalogservice_latency-50,0.701,5,5,0.7113333333333334,0.6906666666666667,5,5,5,0.7,baseline-v2-20260723,cd270e7871bd358937d83d9a49829637fa80007d2964084ef229f578e3733bd3,ba75425861a059dafcc477474fc3e4ed1eafdc2b47d6fdd0557337035d29a960,c88d8e3399c3efb26f0f06f0749e81cd4fafe65f3d748a546f4c9c309848489e,566318,1716143232000000000,300
OB/productcatalogservice_delay/3,OB,productcatalogservice,delay,3,300,300,point,0.3,5,0.3,baro,1,1.0,1.0,0.0,1,1,1,13,103.46940002636984,productcatalogservice|recommendationservice|frontend|checkoutservice|cartservice,productcatalogservice_latency-50,0.6963333333333334,5,5,0.6913333333333334,0.7013333333333334,5,5,5,0.7,baseline-v2-20260723,cd270e7871bd358937d83d9a49829637fa80007d2964084ef229f578e3733bd3,ba75425861a059dafcc477474fc3e4ed1eafdc2b47d6fdd0557337035d29a960,c88d8e3399c3efb26f0f06f0749e81cd4fafe65f3d748a546f4c9c309848489e,566318,1716143232000000000,300
OB/productcatalogservice_delay/3,OB,productcatalogservice,delay,3,300,300,point,0.3,5,0.3,median_shift,3,0.3333333333333333,0.6,0.16666666666666666,0,1,1,13,11.968199978582561,main|recommendationservice|productcatalogservice|frontend|checkoutservice,main_mem,0.6963333333333334,5,5,0.6913333333333334,0.7013333333333334,5,5,5,0.7,baseline-v2-20260723,cd270e7871bd358937d83d9a49829637fa80007d2964084ef229f578e3733bd3,ba75425861a059dafcc477474fc3e4ed1eafdc2b47d6fdd0557337035d29a960,c88d8e3399c3efb26f0f06f0749e81cd4fafe65f3d748a546f4c9c309848489e,566318,1716143232000000000,300
OB/productcatalogservice_delay/3,OB,productcatalogservice,delay,3,300,300,point,0.3,5,0.3,nsigma,1,1.0,1.0,0.0,1,1,1,13,78.67000001715496,productcatalogservice|recommendationservice|frontend|checkoutservice|cartservice,productcatalogservice_latency-50,0.6963333333333334,5,5,0.6913333333333334,0.7013333333333334,5,5,5,0.7,baseline-v2-20260723,cd270e7871bd358937d83d9a49829637fa80007d2964084ef229f578e3733bd3,ba75425861a059dafcc477474fc3e4ed1eafdc2b47d6fdd0557337035d29a960,c88d8e3399c3efb26f0f06f0749e81cd4fafe65f3d748a546f4c9c309848489e,566318,1716143232000000000,300
OB/productcatalogservice_delay/3,OB,productcatalogservice,delay,3,300,300,point,0.3,6,0.3,baro,1,1.0,1.0,0.0,1,1,1,13,62.68380000256002,productcatalogservice|frontend|recommendationservice|checkoutservice|cartservice,productcatalogservice_latency-50,0.7,5,5,0.7046666666666667,0.6953333333333334,5,5,5,0.7,baseline-v2-20260723,cd270e7871bd358937d83d9a49829637fa80007d2964084ef229f578e3733bd3,ba75425861a059dafcc477474fc3e4ed1eafdc2b47d6fdd0557337035d29a960,c88d8e3399c3efb26f0f06f0749e81cd4fafe65f3d748a546f4c9c309848489e,566318,1716143232000000000,300
OB/productcatalogservice_delay/3,OB,productcatalogservice,delay,3,300,300,point,0.3,6,0.3,median_shift,3,0.3333333333333333,0.6,0.16666666666666666,0,1,1,13,11.985799996182323,main|recommendationservice|productcatalogservice|frontend|checkoutservice,main_mem,0.7,5,5,0.7046666666666667,0.6953333333333334,5,5,5,0.7,baseline-v2-20260723,cd270e7871bd358937d83d9a49829637fa80007d2964084ef229f578e3733bd3,ba75425861a059dafcc477474fc3e4ed1eafdc2b47d6fdd0557337035d29a960,c88d8e3399c3efb26f0f06f0749e81cd4fafe65f3d748a546f4c9c309848489e,566318,1716143232000000000,300
OB/productcatalogservice_delay/3,OB,productcatalogservice,delay,3,300,300,point,0.3,6,0.3,nsigma,1,1.0,1.0,0.0,1,1,1,13,67.02600000426173,productcatalogservice|recommendationservice|frontend|checkoutservice|cartservice,productcatalogservice_latency-50,0.7,5,5,0.7046666666666667,0.6953333333333334,5,5,5,0.7,baseline-v2-20260723,cd270e7871bd358937d83d9a49829637fa80007d2964084ef229f578e3733bd3,ba75425861a059dafcc477474fc3e4ed1eafdc2b47d6fdd0557337035d29a960,c88d8e3399c3efb26f0f06f0749e81cd4fafe65f3d748a546f4c9c309848489e,566318,1716143232000000000,300
OB/productcatalogservice_delay/3,OB,productcatalogservice,delay,3,300,300,point,0.3,7,0.3,baro,1,1.0,1.0,0.0,1,1,1,13,77.03029998810962,productcatalogservice|recommendationservice|frontend|checkoutservice|cartservice,productcatalogservice_latency-50,0.692,5,5,0.6906666666666667,0.6933333333333334,5,5,5,0.7,baseline-v2-20260723,cd270e7871bd358937d83d9a49829637fa80007d2964084ef229f578e3733bd3,ba75425861a059dafcc477474fc3e4ed1eafdc2b47d6fdd0557337035d29a960,c88d8e3399c3efb26f0f06f0749e81cd4fafe65f3d748a546f4c9c309848489e,566318,1716143232000000000,300
OB/productcatalogservice_delay/3,OB,productcatalogservice,delay,3,300,300,point,0.3,7,0.3,median_shift,3,0.3333333333333333,0.6,0.16666666666666666,0,1,1,13,20.368300029076636,main|recommendationservice|productcatalogservice|frontend|checkoutservice,main_mem,0.692,5,5,0.6906666666666667,0.6933333333333334,5,5,5,0.7,baseline-v2-20260723,cd270e7871bd358937d83d9a49829637fa80007d2964084ef229f578e3733bd3,ba75425861a059dafcc477474fc3e4ed1eafdc2b47d6fdd0557337035d29a960,c88d8e3399c3efb26f0f06f0749e81cd4fafe65f3d748a546f4c9c309848489e,566318,1716143232000000000,300
OB/productcatalogservice_delay/3,OB,productcatalogservice,delay,3,300,300,point,0.3,7,0.3,nsigma,1,1.0,1.0,0.0,1,1,1,13,50.7229000213556,productcatalogservice|recommendationservice|frontend|checkoutservice|cartservice,productcatalogservice_latency-50,0.692,5,5,0.6906666666666667,0.6933333333333334,5,5,5,0.7,baseline-v2-20260723,cd270e7871bd358937d83d9a49829637fa80007d2964084ef229f578e3733bd3,ba75425861a059dafcc477474fc3e4ed1eafdc2b47d6fdd0557337035d29a960,c88d8e3399c3efb26f0f06f0749e81cd4fafe65f3d748a546f4c9c309848489e,566318,1716143232000000000,300
OB/productcatalogservice_delay/3,OB,productcatalogservice,delay,3,300,300,point,0.3,8,0.3,baro,1,1.0,1.0,0.0,1,1,1,13,75.9836999932304,productcatalogservice|recommendationservice|frontend|checkoutservice|cartservice,productcatalogservice_latency-50,0.7083333333333334,5,5,0.716,0.7006666666666667,5,5,5,0.7,baseline-v2-20260723,cd270e7871bd358937d83d9a49829637fa80007d2964084ef229f578e3733bd3,ba75425861a059dafcc477474fc3e4ed1eafdc2b47d6fdd0557337035d29a960,c88d8e3399c3efb26f0f06f0749e81cd4fafe65f3d748a546f4c9c309848489e,566318,1716143232000000000,300
OB/productcatalogservice_delay/3,OB,productcatalogservice,delay,3,300,300,point,0.3,8,0.3,median_shift,3,0.3333333333333333,0.6,0.16666666666666666,0,1,1,13,15.033099974971265,main|recommendationservice|productcatalogservice|frontend|checkoutservice,main_mem,0.7083333333333334,5,5,0.716,0.7006666666666667,5,5,5,0.7,baseline-v2-20260723,cd270e7871bd358937d83d9a49829637fa80007d2964084ef229f578e3733bd3,ba75425861a059dafcc477474fc3e4ed1eafdc2b47d6fdd0557337035d29a960,c88d8e3399c3efb26f0f06f0749e81cd4fafe65f3d748a546f4c9c309848489e,566318,1716143232000000000,300
OB/productcatalogservice_delay/3,OB,productcatalogservice,delay,3,300,300,point,0.3,8,0.3,nsigma,1,1.0,1.0,0.0,1,1,1,13,64.53340000007302,productcatalogservice|recommendationservice|frontend|checkoutservice|cartservice,productcatalogservice_latency-50,0.7083333333333334,5,5,0.716,0.7006666666666667,5,5,5,0.7,baseline-v2-20260723,cd270e7871bd358937d83d9a49829637fa80007d2964084ef229f578e3733bd3,ba75425861a059dafcc477474fc3e4ed1eafdc2b47d6fdd0557337035d29a960,c88d8e3399c3efb26f0f06f0749e81cd4fafe65f3d748a546f4c9c309848489e,566318,1716143232000000000,300
OB/productcatalogservice_delay/3,OB,productcatalogservice,delay,3,300,300,point,0.3,9,0.3,baro,1,1.0,1.0,0.0,1,1,1,13,70.54559997050092,productcatalogservice|recommendationservice|frontend|checkoutservice|cartservice,productcatalogservice_latency-50,0.7016666666666667,5,5,0.7006666666666667,0.7026666666666667,5,5,5,0.7,baseline-v2-20260723,cd270e7871bd358937d83d9a49829637fa80007d2964084ef229f578e3733bd3,ba75425861a059dafcc477474fc3e4ed1eafdc2b47d6fdd0557337035d29a960,c88d8e3399c3efb26f0f06f0749e81cd4fafe65f3d748a546f4c9c309848489e,566318,1716143232000000000,300
OB/productcatalogservice_delay/3,OB,productcatalogservice,delay,3,300,300,point,0.3,9,0.3,median_shift,3,0.3333333333333333,0.6,0.16666666666666666,0,1,1,13,11.217100021895021,main|recommendationservice|productcatalogservice|frontend|checkoutservice,main_mem,0.7016666666666667,5,5,0.7006666666666667,0.7026666666666667,5,5,5,0.7,baseline-v2-20260723,cd270e7871bd358937d83d9a49829637fa80007d2964084ef229f578e3733bd3,ba75425861a059dafcc477474fc3e4ed1eafdc2b47d6fdd0557337035d29a960,c88d8e3399c3efb26f0f06f0749e81cd4fafe65f3d748a546f4c9c309848489e,566318,1716143232000000000,300
OB/productcatalogservice_delay/3,OB,productcatalogservice,delay,3,300,300,point,0.3,9,0.3,nsigma,1,1.0,1.0,0.0,1,1,1,13,63.14759998349473,productcatalogservice|recommendationservice|frontend|checkoutservice|cartservice,productcatalogservice_latency-50,0.7016666666666667,5,5,0.7006666666666667,0.7026666666666667,5,5,5,0.7,baseline-v2-20260723,cd270e7871bd358937d83d9a49829637fa80007d2964084ef229f578e3733bd3,ba75425861a059dafcc477474fc3e4ed1eafdc2b47d6fdd0557337035d29a960,c88d8e3399c3efb26f0f06f0749e81cd4fafe65f3d748a546f4c9c309848489e,566318,1716143232000000000,300
OB/productcatalogservice_delay/3,OB,productcatalogservice,delay,3,300,300,point,0.5,0,0.5,baro,1,1.0,1.0,0.0,1,1,1,13,79.74340004147962,productcatalogservice|frontend|recommendationservice|checkoutservice|cartservice,productcatalogservice_latency-50,0.5126666666666667,5,5,0.5166666666666667,0.5086666666666667,5,5,5,0.5,baseline-v2-20260723,cd270e7871bd358937d83d9a49829637fa80007d2964084ef229f578e3733bd3,ba75425861a059dafcc477474fc3e4ed1eafdc2b47d6fdd0557337035d29a960,c88d8e3399c3efb26f0f06f0749e81cd4fafe65f3d748a546f4c9c309848489e,566318,1716143232000000000,300
OB/productcatalogservice_delay/3,OB,productcatalogservice,delay,3,300,300,point,0.5,0,0.5,median_shift,3,0.3333333333333333,0.6,0.16666666666666666,0,1,1,13,23.47900002496317,main|recommendationservice|productcatalogservice|frontend|checkoutservice,main_mem,0.5126666666666667,5,5,0.5166666666666667,0.5086666666666667,5,5,5,0.5,baseline-v2-20260723,cd270e7871bd358937d83d9a49829637fa80007d2964084ef229f578e3733bd3,ba75425861a059dafcc477474fc3e4ed1eafdc2b47d6fdd0557337035d29a960,c88d8e3399c3efb26f0f06f0749e81cd4fafe65f3d748a546f4c9c309848489e,566318,1716143232000000000,300
OB/productcatalogservice_delay/3,OB,productcatalogservice,delay,3,300,300,point,0.5,0,0.5,nsigma,1,1.0,1.0,0.0,1,1,1,13,69.6792000089772,productcatalogservice|recommendationservice|frontend|checkoutservice|cartservice,productcatalogservice_latency-50,0.5126666666666667,5,5,0.5166666666666667,0.5086666666666667,5,5,5,0.5,baseline-v2-20260723,cd270e7871bd358937d83d9a49829637fa80007d2964084ef229f578e3733bd3,ba75425861a059dafcc477474fc3e4ed1eafdc2b47d6fdd0557337035d29a960,c88d8e3399c3efb26f0f06f0749e81cd4fafe65f3d748a546f4c9c309848489e,566318,1716143232000000000,300
OB/productcatalogservice_delay/3,OB,productcatalogservice,delay,3,300,300,point,0.5,1,0.5,baro,1,1.0,1.0,0.0,1,1,1,13,75.1960999914445,productcatalogservice|recommendationservice|frontend|checkoutservice|cartservice,productcatalogservice_latency-50,0.49766666666666665,5,5,0.5126666666666667,0.4826666666666667,5,5,5,0.5,baseline-v2-20260723,cd270e7871bd358937d83d9a49829637fa80007d2964084ef229f578e3733bd3,ba75425861a059dafcc477474fc3e4ed1eafdc2b47d6fdd0557337035d29a960,c88d8e3399c3efb26f0f06f0749e81cd4fafe65f3d748a546f4c9c309848489e,566318,1716143232000000000,300
OB/productcatalogservice_delay/3,OB,productcatalogservice,delay,3,300,300,point,0.5,1,0.5,median_shift,3,0.3333333333333333,0.6,0.16666666666666666,0,1,1,13,10.574700019787997,main|recommendationservice|productcatalogservice|frontend|checkoutservice,main_mem,0.49766666666666665,5,5,0.5126666666666667,0.4826666666666667,5,5,5,0.5,baseline-v2-20260723,cd270e7871bd358937d83d9a49829637fa80007d2964084ef229f578e3733bd3,ba75425861a059dafcc477474fc3e4ed1eafdc2b47d6fdd0557337035d29a960,c88d8e3399c3efb26f0f06f0749e81cd4fafe65f3d748a546f4c9c309848489e,566318,1716143232000000000,300
OB/productcatalogservice_delay/3,OB,productcatalogservice,delay,3,300,300,point,0.5,1,0.5,nsigma,1,1.0,1.0,0.0,1,1,1,13,51.09859997173771,productcatalogservice|recommendationservice|frontend|checkoutservice|cartservice,productcatalogservice_latency-50,0.49766666666666665,5,5,0.5126666666666667,0.4826666666666667,5,5,5,0.5,baseline-v2-20260723,cd270e7871bd358937d83d9a49829637fa80007d2964084ef229f578e3733bd3,ba75425861a059dafcc477474fc3e4ed1eafdc2b47d6fdd0557337035d29a960,c88d8e3399c3efb26f0f06f0749e81cd4fafe65f3d748a546f4c9c309848489e,566318,1716143232000000000,300
OB/productcatalogservice_delay/3,OB,productcatalogservice,delay,3,300,300,point,0.5,2,0.5,baro,1,1.0,1.0,0.0,1,1,1,13,71.26559998141602,productcatalogservice|recommendationservice|frontend|checkoutservice|cartservice,productcatalogservice_latency-50,0.48633333333333334,5,5,0.4806666666666667,0.492,5,5,5,0.5,baseline-v2-20260723,cd270e7871bd358937d83d9a49829637fa80007d2964084ef229f578e3733bd3,ba75425861a059dafcc477474fc3e4ed1eafdc2b47d6fdd0557337035d29a960,c88d8e3399c3efb26f0f06f0749e81cd4fafe65f3d748a546f4c9c309848489e,566318,1716143232000000000,300
OB/productcatalogservice_delay/3,OB,productcatalogservice,delay,3,300,300,point,0.5,2,0.5,median_shift,3,0.3333333333333333,0.6,0.16666666666666666,0,1,1,13,20.162100030574948,main|recommendationservice|productcatalogservice|frontend|checkoutservice,main_mem,0.48633333333333334,5,5,0.4806666666666667,0.492,5,5,5,0.5,baseline-v2-20260723,cd270e7871bd358937d83d9a49829637fa80007d2964084ef229f578e3733bd3,ba75425861a059dafcc477474fc3e4ed1eafdc2b47d6fdd0557337035d29a960,c88d8e3399c3efb26f0f06f0749e81cd4fafe65f3d748a546f4c9c309848489e,566318,1716143232000000000,300
OB/productcatalogservice_delay/3,OB,productcatalogservice,delay,3,300,300,point,0.5,2,0.5,nsigma,1,1.0,1.0,0.0,1,1,1,13,69.70890000229701,productcatalogservice|recommendationservice|frontend|checkoutservice|cartservice,productcatalogservice_latency-50,0.48633333333333334,5,5,0.4806666666666667,0.492,5,5,5,0.5,baseline-v2-20260723,cd270e7871bd358937d83d9a49829637fa80007d2964084ef229f578e3733bd3,ba75425861a059dafcc477474fc3e4ed1eafdc2b47d6fdd0557337035d29a960,c88d8e3399c3efb26f0f06f0749e81cd4fafe65f3d748a546f4c9c309848489e,566318,1716143232000000000,300
OB/productcatalogservice_delay/3,OB,productcatalogservice,delay,3,300,300,point,0.5,3,0.5,baro,1,1.0,1.0,0.0,1,1,1,13,75.46159997582436,productcatalogservice|recommendationservice|frontend|checkoutservice|cartservice,productcatalogservice_latency-50,0.492,5,5,0.5066666666666667,0.47733333333333333,5,5,5,0.5,baseline-v2-20260723,cd270e7871bd358937d83d9a49829637fa80007d2964084ef229f578e3733bd3,ba75425861a059dafcc477474fc3e4ed1eafdc2b47d6fdd0557337035d29a960,c88d8e3399c3efb26f0f06f0749e81cd4fafe65f3d748a546f4c9c309848489e,566318,1716143232000000000,300
OB/productcatalogservice_delay/3,OB,productcatalogservice,delay,3,300,300,point,0.5,3,0.5,median_shift,3,0.3333333333333333,0.6,0.16666666666666666,0,1,1,13,14.733300020452589,main|recommendationservice|productcatalogservice|frontend|checkoutservice,main_mem,0.492,5,5,0.5066666666666667,0.47733333333333333,5,5,5,0.5,baseline-v2-20260723,cd270e7871bd358937d83d9a49829637fa80007d2964084ef229f578e3733bd3,ba75425861a059dafcc477474fc3e4ed1eafdc2b47d6fdd0557337035d29a960,c88d8e3399c3efb26f0f06f0749e81cd4fafe65f3d748a546f4c9c309848489e,566318,1716143232000000000,300
OB/productcatalogservice_delay/3,OB,productcatalogservice,delay,3,300,300,point,0.5,3,0.5,nsigma,1,1.0,1.0,0.0,1,1,1,13,77.95809995150194,productcatalogservice|recommendationservice|frontend|checkoutservice|cartservice,productcatalogservice_latency-50,0.492,5,5,0.5066666666666667,0.47733333333333333,5,5,5,0.5,baseline-v2-20260723,cd270e7871bd358937d83d9a49829637fa80007d2964084ef229f578e3733bd3,ba75425861a059dafcc477474fc3e4ed1eafdc2b47d6fdd0557337035d29a960,c88d8e3399c3efb26f0f06f0749e81cd4fafe65f3d748a546f4c9c309848489e,566318,1716143232000000000,300
OB/productcatalogservice_delay/3,OB,productcatalogservice,delay,3,300,300,point,0.5,4,0.5,baro,1,1.0,1.0,0.0,1,1,1,13,80.1365000079386,productcatalogservice|recommendationservice|frontend|checkoutservice|cartservice,productcatalogservice_latency-50,0.5003333333333333,5,5,0.502,0.49866666666666665,5,5,5,0.5,baseline-v2-20260723,cd270e7871bd358937d83d9a49829637fa80007d2964084ef229f578e3733bd3,ba75425861a059dafcc477474fc3e4ed1eafdc2b47d6fdd0557337035d29a960,c88d8e3399c3efb26f0f06f0749e81cd4fafe65f3d748a546f4c9c309848489e,566318,1716143232000000000,300
OB/productcatalogservice_delay/3,OB,productcatalogservice,delay,3,300,300,point,0.5,4,0.5,median_shift,3,0.3333333333333333,0.6,0.16666666666666666,0,1,1,13,20.063300034962595,main|recommendationservice|productcatalogservice|frontend|checkoutservice,main_mem,0.5003333333333333,5,5,0.502,0.49866666666666665,5,5,5,0.5,baseline-v2-20260723,cd270e7871bd358937d83d9a49829637fa80007d2964084ef229f578e3733bd3,ba75425861a059dafcc477474fc3e4ed1eafdc2b47d6fdd0557337035d29a960,c88d8e3399c3efb26f0f06f0749e81cd4fafe65f3d748a546f4c9c309848489e,566318,1716143232000000000,300
OB/productcatalogservice_delay/3,OB,productcatalogservice,delay,3,300,300,point,0.5,4,0.5,nsigma,1,1.0,1.0,0.0,1,1,1,13,59.384799969848245,productcatalogservice|recommendationservice|frontend|checkoutservice|cartservice,productcatalogservice_latency-50,0.5003333333333333,5,5,0.502,0.49866666666666665,5,5,5,0.5,baseline-v2-20260723,cd270e7871bd358937d83d9a49829637fa80007d2964084ef229f578e3733bd3,ba75425861a059dafcc477474fc3e4ed1eafdc2b47d6fdd0557337035d29a960,c88d8e3399c3efb26f0f06f0749e81cd4fafe65f3d748a546f4c9c309848489e,566318,1716143232000000000,300
OB/productcatalogservice_delay/3,OB,productcatalogservice,delay,3,300,300,point,0.5,5,0.5,baro,1,1.0,1.0,0.0,1,1,1,13,82.42049999535084,productcatalogservice|recommendationservice|frontend|checkoutservice|cartservice,productcatalogservice_latency-50,0.49533333333333335,5,5,0.5,0.49066666666666664,5,5,5,0.5,baseline-v2-20260723,cd270e7871bd358937d83d9a49829637fa80007d2964084ef229f578e3733bd3,ba75425861a059dafcc477474fc3e4ed1eafdc2b47d6fdd0557337035d29a960,c88d8e3399c3efb26f0f06f0749e81cd4fafe65f3d748a546f4c9c309848489e,566318,1716143232000000000,300
OB/productcatalogservice_delay/3,OB,productcatalogservice,delay,3,300,300,point,0.5,5,0.5,median_shift,3,0.3333333333333333,0.6,0.16666666666666666,0,1,1,13,13.547100010327995,main|recommendationservice|productcatalogservice|frontend|checkoutservice,main_mem,0.49533333333333335,5,5,0.5,0.49066666666666664,5,5,5,0.5,baseline-v2-20260723,cd270e7871bd358937d83d9a49829637fa80007d2964084ef229f578e3733bd3,ba75425861a059dafcc477474fc3e4ed1eafdc2b47d6fdd0557337035d29a960,c88d8e3399c3efb26f0f06f0749e81cd4fafe65f3d748a546f4c9c309848489e,566318,1716143232000000000,300
OB/productcatalogservice_delay/3,OB,productcatalogservice,delay,3,300,300,point,0.5,5,0.5,nsigma,1,1.0,1.0,0.0,1,1,1,13,57.917999976780266,productcatalogservice|recommendationservice|frontend|checkoutservice|cartservice,productcatalogservice_latency-50,0.49533333333333335,5,5,0.5,0.49066666666666664,5,5,5,0.5,baseline-v2-20260723,cd270e7871bd358937d83d9a49829637fa80007d2964084ef229f578e3733bd3,ba75425861a059dafcc477474fc3e4ed1eafdc2b47d6fdd0557337035d29a960,c88d8e3399c3efb26f0f06f0749e81cd4fafe65f3d748a546f4c9c309848489e,566318,1716143232000000000,300
OB/productcatalogservice_delay/3,OB,productcatalogservice,delay,3,300,300,point,0.5,6,0.5,baro,1,1.0,1.0,0.0,1,1,1,13,71.19669998064637,productcatalogservice|recommendationservice|frontend|checkoutservice|cartservice,productcatalogservice_latency-50,0.488,5,5,0.484,0.492,5,5,5,0.5,baseline-v2-20260723,cd270e7871bd358937d83d9a49829637fa80007d2964084ef229f578e3733bd3,ba75425861a059dafcc477474fc3e4ed1eafdc2b47d6fdd0557337035d29a960,c88d8e3399c3efb26f0f06f0749e81cd4fafe65f3d748a546f4c9c309848489e,566318,1716143232000000000,300
OB/productcatalogservice_delay/3,OB,productcatalogservice,delay,3,300,300,point,0.5,6,0.5,median_shift,3,0.3333333333333333,0.6,0.16666666666666666,0,1,1,13,11.439899972174317,main|recommendationservice|productcatalogservice|frontend|checkoutservice,main_mem,0.488,5,5,0.484,0.492,5,5,5,0.5,baseline-v2-20260723,cd270e7871bd358937d83d9a49829637fa80007d2964084ef229f578e3733bd3,ba75425861a059dafcc477474fc3e4ed1eafdc2b47d6fdd0557337035d29a960,c88d8e3399c3efb26f0f06f0749e81cd4fafe65f3d748a546f4c9c309848489e,566318,1716143232000000000,300
OB/productcatalogservice_delay/3,OB,productcatalogservice,delay,3,300,300,point,0.5,6,0.5,nsigma,1,1.0,1.0,0.0,1,1,1,13,73.14240001142025,productcatalogservice|recommendationservice|frontend|checkoutservice|cartservice,productcatalogservice_latency-50,0.488,5,5,0.484,0.492,5,5,5,0.5,baseline-v2-20260723,cd270e7871bd358937d83d9a49829637fa80007d2964084ef229f578e3733bd3,ba75425861a059dafcc477474fc3e4ed1eafdc2b47d6fdd0557337035d29a960,c88d8e3399c3efb26f0f06f0749e81cd4fafe65f3d748a546f4c9c309848489e,566318,1716143232000000000,300
OB/productcatalogservice_delay/3,OB,productcatalogservice,delay,3,300,300,point,0.5,7,0.5,baro,1,1.0,1.0,0.0,1,1,1,13,74.21950000571087,productcatalogservice|recommendationservice|frontend|checkoutservice|cartservice,productcatalogservice_latency-50,0.492,5,5,0.498,0.486,5,5,5,0.5,baseline-v2-20260723,cd270e7871bd358937d83d9a49829637fa80007d2964084ef229f578e3733bd3,ba75425861a059dafcc477474fc3e4ed1eafdc2b47d6fdd0557337035d29a960,c88d8e3399c3efb26f0f06f0749e81cd4fafe65f3d748a546f4c9c309848489e,566318,1716143232000000000,300
OB/productcatalogservice_delay/3,OB,productcatalogservice,delay,3,300,300,point,0.5,7,0.5,median_shift,3,0.3333333333333333,0.6,0.16666666666666666,0,1,1,13,10.84379997337237,main|recommendationservice|productcatalogservice|frontend|checkoutservice,main_mem,0.492,5,5,0.498,0.486,5,5,5,0.5,baseline-v2-20260723,cd270e7871bd358937d83d9a49829637fa80007d2964084ef229f578e3733bd3,ba75425861a059dafcc477474fc3e4ed1eafdc2b47d6fdd0557337035d29a960,c88d8e3399c3efb26f0f06f0749e81cd4fafe65f3d748a546f4c9c309848489e,566318,1716143232000000000,300
OB/productcatalogservice_delay/3,OB,productcatalogservice,delay,3,300,300,point,0.5,7,0.5,nsigma,1,1.0,1.0,0.0,1,1,1,13,63.5545999975875,productcatalogservice|recommendationservice|frontend|checkoutservice|cartservice,productcatalogservice_latency-50,0.492,5,5,0.498,0.486,5,5,5,0.5,baseline-v2-20260723,cd270e7871bd358937d83d9a49829637fa80007d2964084ef229f578e3733bd3,ba75425861a059dafcc477474fc3e4ed1eafdc2b47d6fdd0557337035d29a960,c88d8e3399c3efb26f0f06f0749e81cd4fafe65f3d748a546f4c9c309848489e,566318,1716143232000000000,300
OB/productcatalogservice_delay/3,OB,productcatalogservice,delay,3,300,300,point,0.5,8,0.5,baro,1,1.0,1.0,0.0,1,1,1,13,70.74090000241995,productcatalogservice|recommendationservice|frontend|checkoutservice|cartservice,productcatalogservice_latency-50,0.49633333333333335,5,5,0.49933333333333335,0.49333333333333335,5,5,5,0.5,baseline-v2-20260723,cd270e7871bd358937d83d9a49829637fa80007d2964084ef229f578e3733bd3,ba75425861a059dafcc477474fc3e4ed1eafdc2b47d6fdd0557337035d29a960,c88d8e3399c3efb26f0f06f0749e81cd4fafe65f3d748a546f4c9c309848489e,566318,1716143232000000000,300
OB/productcatalogservice_delay/3,OB,productcatalogservice,delay,3,300,300,point,0.5,8,0.5,median_shift,3,0.3333333333333333,0.6,0.16666666666666666,0,1,1,13,13.916799973230809,main|recommendationservice|productcatalogservice|frontend|checkoutservice,main_mem,0.49633333333333335,5,5,0.49933333333333335,0.49333333333333335,5,5,5,0.5,baseline-v2-20260723,cd270e7871bd358937d83d9a49829637fa80007d2964084ef229f578e3733bd3,ba75425861a059dafcc477474fc3e4ed1eafdc2b47d6fdd0557337035d29a960,c88d8e3399c3efb26f0f06f0749e81cd4fafe65f3d748a546f4c9c309848489e,566318,1716143232000000000,300
OB/productcatalogservice_delay/3,OB,productcatalogservice,delay,3,300,300,point,0.5,8,0.5,nsigma,1,1.0,1.0,0.0,1,1,1,13,73.93880002200603,productcatalogservice|recommendationservice|frontend|checkoutservice|cartservice,productcatalogservice_latency-50,0.49633333333333335,5,5,0.49933333333333335,0.49333333333333335,5,5,5,0.5,baseline-v2-20260723,cd270e7871bd358937d83d9a49829637fa80007d2964084ef229f578e3733bd3,ba75425861a059dafcc477474fc3e4ed1eafdc2b47d6fdd0557337035d29a960,c88d8e3399c3efb26f0f06f0749e81cd4fafe65f3d748a546f4c9c309848489e,566318,1716143232000000000,300
OB/productcatalogservice_delay/3,OB,productcatalogservice,delay,3,300,300,point,0.5,9,0.5,baro,1,1.0,1.0,0.0,1,1,1,13,78.26030004071072,productcatalogservice|frontend|recommendationservice|checkoutservice|cartservice,productcatalogservice_latency-50,0.5073333333333333,5,5,0.5106666666666667,0.504,5,5,5,0.5,baseline-v2-20260723,cd270e7871bd358937d83d9a49829637fa80007d2964084ef229f578e3733bd3,ba75425861a059dafcc477474fc3e4ed1eafdc2b47d6fdd0557337035d29a960,c88d8e3399c3efb26f0f06f0749e81cd4fafe65f3d748a546f4c9c309848489e,566318,1716143232000000000,300
OB/productcatalogservice_delay/3,OB,productcatalogservice,delay,3,300,300,point,0.5,9,0.5,median_shift,3,0.3333333333333333,0.6,0.16666666666666666,0,1,1,13,11.001500010024756,main|recommendationservice|productcatalogservice|frontend|checkoutservice,main_mem,0.5073333333333333,5,5,0.5106666666666667,0.504,5,5,5,0.5,baseline-v2-20260723,cd270e7871bd358937d83d9a49829637fa80007d2964084ef229f578e3733bd3,ba75425861a059dafcc477474fc3e4ed1eafdc2b47d6fdd0557337035d29a960,c88d8e3399c3efb26f0f06f0749e81cd4fafe65f3d748a546f4c9c309848489e,566318,1716143232000000000,300
OB/productcatalogservice_delay/3,OB,productcatalogservice,delay,3,300,300,point,0.5,9,0.5,nsigma,1,1.0,1.0,0.0,1,1,1,13,61.28099997295067,productcatalogservice|recommendationservice|frontend|checkoutservice|cartservice,productcatalogservice_latency-50,0.5073333333333333,5,5,0.5106666666666667,0.504,5,5,5,0.5,baseline-v2-20260723,cd270e7871bd358937d83d9a49829637fa80007d2964084ef229f578e3733bd3,ba75425861a059dafcc477474fc3e4ed1eafdc2b47d6fdd0557337035d29a960,c88d8e3399c3efb26f0f06f0749e81cd4fafe65f3d748a546f4c9c309848489e,566318,1716143232000000000,300
OB/productcatalogservice_delay/3,OB,productcatalogservice,delay,3,300,300,stream,0.1,0,0.10344827586206896,baro,1,1.0,1.0,0.0,1,1,1,13,68.28580005094409,productcatalogservice|recommendationservice|frontend|checkoutservice|cartservice,productcatalogservice_latency-50,1.0,5,5,1.0,1.0,5,5,5,0.896551724137931,baseline-v2-20260723,cd270e7871bd358937d83d9a49829637fa80007d2964084ef229f578e3733bd3,ba75425861a059dafcc477474fc3e4ed1eafdc2b47d6fdd0557337035d29a960,c88d8e3399c3efb26f0f06f0749e81cd4fafe65f3d748a546f4c9c309848489e,566318,1716143232000000000,300
OB/productcatalogservice_delay/3,OB,productcatalogservice,delay,3,300,300,stream,0.1,0,0.10344827586206896,median_shift,3,0.3333333333333333,0.6,0.16666666666666666,0,1,1,13,10.805899975821376,main|recommendationservice|productcatalogservice|frontend|checkoutservice,main_mem,1.0,5,5,1.0,1.0,5,5,5,0.896551724137931,baseline-v2-20260723,cd270e7871bd358937d83d9a49829637fa80007d2964084ef229f578e3733bd3,ba75425861a059dafcc477474fc3e4ed1eafdc2b47d6fdd0557337035d29a960,c88d8e3399c3efb26f0f06f0749e81cd4fafe65f3d748a546f4c9c309848489e,566318,1716143232000000000,300
OB/productcatalogservice_delay/3,OB,productcatalogservice,delay,3,300,300,stream,0.1,0,0.10344827586206896,nsigma,1,1.0,1.0,0.0,1,1,1,13,57.93820001417771,productcatalogservice|recommendationservice|frontend|checkoutservice|cartservice,productcatalogservice_latency-50,1.0,5,5,1.0,1.0,5,5,5,0.896551724137931,baseline-v2-20260723,cd270e7871bd358937d83d9a49829637fa80007d2964084ef229f578e3733bd3,ba75425861a059dafcc477474fc3e4ed1eafdc2b47d6fdd0557337035d29a960,c88d8e3399c3efb26f0f06f0749e81cd4fafe65f3d748a546f4c9c309848489e,566318,1716143232000000000,300
OB/productcatalogservice_delay/3,OB,productcatalogservice,delay,3,300,300,stream,0.1,1,0.10344827586206896,baro,1,1.0,1.0,0.0,1,1,1,13,56.986199982929975,productcatalogservice|recommendationservice|frontend|checkoutservice|cartservice,productcatalogservice_latency-50,1.0,5,5,1.0,1.0,5,5,5,0.896551724137931,baseline-v2-20260723,cd270e7871bd358937d83d9a49829637fa80007d2964084ef229f578e3733bd3,ba75425861a059dafcc477474fc3e4ed1eafdc2b47d6fdd0557337035d29a960,c88d8e3399c3efb26f0f06f0749e81cd4fafe65f3d748a546f4c9c309848489e,566318,1716143232000000000,300
OB/productcatalogservice_delay/3,OB,productcatalogservice,delay,3,300,300,stream,0.1,1,0.10344827586206896,median_shift,3,0.3333333333333333,0.6,0.16666666666666666,0,1,1,13,21.76650002365932,main|recommendationservice|productcatalogservice|frontend|checkoutservice,main_mem,1.0,5,5,1.0,1.0,5,5,5,0.896551724137931,baseline-v2-20260723,cd270e7871bd358937d83d9a49829637fa80007d2964084ef229f578e3733bd3,ba75425861a059dafcc477474fc3e4ed1eafdc2b47d6fdd0557337035d29a960,c88d8e3399c3efb26f0f06f0749e81cd4fafe65f3d748a546f4c9c309848489e,566318,1716143232000000000,300
OB/productcatalogservice_delay/3,OB,productcatalogservice,delay,3,300,300,stream,0.1,1,0.10344827586206896,nsigma,1,1.0,1.0,0.0,1,1,1,13,54.698700027074665,productcatalogservice|recommendationservice|frontend|checkoutservice|cartservice,productcatalogservice_latency-50,1.0,5,5,1.0,1.0,5,5,5,0.896551724137931,baseline-v2-20260723,cd270e7871bd358937d83d9a49829637fa80007d2964084ef229f578e3733bd3,ba75425861a059dafcc477474fc3e4ed1eafdc2b47d6fdd0557337035d29a960,c88d8e3399c3efb26f0f06f0749e81cd4fafe65f3d748a546f4c9c309848489e,566318,1716143232000000000,300
OB/productcatalogservice_delay/3,OB,productcatalogservice,delay,3,300,300,stream,0.1,2,0.10344827586206896,baro,1,1.0,1.0,0.0,1,1,1,13,67.13549996493384,productcatalogservice|recommendationservice|frontend|checkoutservice|cartservice,productcatalogservice_latency-50,1.0,5,5,1.0,1.0,5,5,5,0.896551724137931,baseline-v2-20260723,cd270e7871bd358937d83d9a49829637fa80007d2964084ef229f578e3733bd3,ba75425861a059dafcc477474fc3e4ed1eafdc2b47d6fdd0557337035d29a960,c88d8e3399c3efb26f0f06f0749e81cd4fafe65f3d748a546f4c9c309848489e,566318,1716143232000000000,300
OB/productcatalogservice_delay/3,OB,productcatalogservice,delay,3,300,300,stream,0.1,2,0.10344827586206896,median_shift,3,0.3333333333333333,0.6,0.16666666666666666,0,1,1,13,11.589300003834069,main|recommendationservice|productcatalogservice|frontend|checkoutservice,main_mem,1.0,5,5,1.0,1.0,5,5,5,0.896551724137931,baseline-v2-20260723,cd270e7871bd358937d83d9a49829637fa80007d2964084ef229f578e3733bd3,ba75425861a059dafcc477474fc3e4ed1eafdc2b47d6fdd0557337035d29a960,c88d8e3399c3efb26f0f06f0749e81cd4fafe65f3d748a546f4c9c309848489e,566318,1716143232000000000,300
OB/productcatalogservice_delay/3,OB,productcatalogservice,delay,3,300,300,stream,0.1,2,0.10344827586206896,nsigma,1,1.0,1.0,0.0,1,1,1,13,57.72350000916049,productcatalogservice|recommendationservice|frontend|checkoutservice|cartservice,productcatalogservice_latency-50,1.0,5,5,1.0,1.0,5,5,5,0.896551724137931,baseline-v2-20260723,cd270e7871bd358937d83d9a49829637fa80007d2964084ef229f578e3733bd3,ba75425861a059dafcc477474fc3e4ed1eafdc2b47d6fdd0557337035d29a960,c88d8e3399c3efb26f0f06f0749e81cd4fafe65f3d748a546f4c9c309848489e,566318,1716143232000000000,300
OB/productcatalogservice_delay/3,OB,productcatalogservice,delay,3,300,300,stream,0.1,3,0.10344827586206896,baro,1,1.0,1.0,0.0,1,1,1,13,58.5778999957256,productcatalogservice|recommendationservice|frontend|checkoutservice|cartservice,productcatalogservice_latency-50,1.0,5,5,1.0,1.0,5,5,5,0.896551724137931,baseline-v2-20260723,cd270e7871bd358937d83d9a49829637fa80007d2964084ef229f578e3733bd3,ba75425861a059dafcc477474fc3e4ed1eafdc2b47d6fdd0557337035d29a960,c88d8e3399c3efb26f0f06f0749e81cd4fafe65f3d748a546f4c9c309848489e,566318,1716143232000000000,300
OB/productcatalogservice_delay/3,OB,productcatalogservice,delay,3,300,300,stream,0.1,3,0.10344827586206896,median_shift,2,0.5,0.8,0.08333333333333333,0,1,1,13,10.68980002310127,main|productcatalogservice|recommendationservice|frontend|checkoutservice,main_mem,1.0,5,5,1.0,1.0,5,5,5,0.896551724137931,baseline-v2-20260723,cd270e7871bd358937d83d9a49829637fa80007d2964084ef229f578e3733bd3,ba75425861a059dafcc477474fc3e4ed1eafdc2b47d6fdd0557337035d29a960,c88d8e3399c3efb26f0f06f0749e81cd4fafe65f3d748a546f4c9c309848489e,566318,1716143232000000000,300
OB/productcatalogservice_delay/3,OB,productcatalogservice,delay,3,300,300,stream,0.1,3,0.10344827586206896,nsigma,1,1.0,1.0,0.0,1,1,1,13,58.368500031065196,productcatalogservice|recommendationservice|frontend|checkoutservice|cartservice,productcatalogservice_latency-50,1.0,5,5,1.0,1.0,5,5,5,0.896551724137931,baseline-v2-20260723,cd270e7871bd358937d83d9a49829637fa80007d2964084ef229f578e3733bd3,ba75425861a059dafcc477474fc3e4ed1eafdc2b47d6fdd0557337035d29a960,c88d8e3399c3efb26f0f06f0749e81cd4fafe65f3d748a546f4c9c309848489e,566318,1716143232000000000,300
OB/productcatalogservice_delay/3,OB,productcatalogservice,delay,3,300,300,stream,0.1,4,0.10344827586206896,baro,1,1.0,1.0,0.0,1,1,1,13,75.27289999416098,productcatalogservice|recommendationservice|frontend|checkoutservice|cartservice,productcatalogservice_latency-50,0.8,4,5,0.8,0.8,4,4,4,0.896551724137931,baseline-v2-20260723,cd270e7871bd358937d83d9a49829637fa80007d2964084ef229f578e3733bd3,ba75425861a059dafcc477474fc3e4ed1eafdc2b47d6fdd0557337035d29a960,c88d8e3399c3efb26f0f06f0749e81cd4fafe65f3d748a546f4c9c309848489e,566318,1716143232000000000,300
OB/productcatalogservice_delay/3,OB,productcatalogservice,delay,3,300,300,stream,0.1,4,0.10344827586206896,median_shift,3,0.3333333333333333,0.6,0.16666666666666666,0,1,1,13,19.116099982056767,main|recommendationservice|productcatalogservice|frontend|checkoutservice,main_mem,0.8,4,5,0.8,0.8,4,4,4,0.896551724137931,baseline-v2-20260723,cd270e7871bd358937d83d9a49829637fa80007d2964084ef229f578e3733bd3,ba75425861a059dafcc477474fc3e4ed1eafdc2b47d6fdd0557337035d29a960,c88d8e3399c3efb26f0f06f0749e81cd4fafe65f3d748a546f4c9c309848489e,566318,1716143232000000000,300
OB/productcatalogservice_delay/3,OB,productcatalogservice,delay,3,300,300,stream,0.1,4,0.10344827586206896,nsigma,1,1.0,1.0,0.0,1,1,1,13,58.34559997310862,productcatalogservice|recommendationservice|frontend|checkoutservice|cartservice,productcatalogservice_latency-50,0.8,4,5,0.8,0.8,4,4,4,0.896551724137931,baseline-v2-20260723,cd270e7871bd358937d83d9a49829637fa80007d2964084ef229f578e3733bd3,ba75425861a059dafcc477474fc3e4ed1eafdc2b47d6fdd0557337035d29a960,c88d8e3399c3efb26f0f06f0749e81cd4fafe65f3d748a546f4c9c309848489e,566318,1716143232000000000,300
OB/productcatalogservice_delay/3,OB,productcatalogservice,delay,3,300,300,stream,0.1,5,0.10344827586206896,baro,1,1.0,1.0,0.0,1,1,1,13,58.8642000220716,productcatalogservice|recommendationservice|frontend|checkoutservice|cartservice,productcatalogservice_latency-50,0.8,4,5,0.8,0.8,4,4,4,0.896551724137931,baseline-v2-20260723,cd270e7871bd358937d83d9a49829637fa80007d2964084ef229f578e3733bd3,ba75425861a059dafcc477474fc3e4ed1eafdc2b47d6fdd0557337035d29a960,c88d8e3399c3efb26f0f06f0749e81cd4fafe65f3d748a546f4c9c309848489e,566318,1716143232000000000,300
OB/productcatalogservice_delay/3,OB,productcatalogservice,delay,3,300,300,stream,0.1,5,0.10344827586206896,median_shift,3,0.3333333333333333,0.6,0.16666666666666666,0,1,1,13,18.91430001705885,main|recommendationservice|productcatalogservice|frontend|checkoutservice,main_mem,0.8,4,5,0.8,0.8,4,4,4,0.896551724137931,baseline-v2-20260723,cd270e7871bd358937d83d9a49829637fa80007d2964084ef229f578e3733bd3,ba75425861a059dafcc477474fc3e4ed1eafdc2b47d6fdd0557337035d29a960,c88d8e3399c3efb26f0f06f0749e81cd4fafe65f3d748a546f4c9c309848489e,566318,1716143232000000000,300
OB/productcatalogservice_delay/3,OB,productcatalogservice,delay,3,300,300,stream,0.1,5,0.10344827586206896,nsigma,1,1.0,1.0,0.0,1,1,1,13,47.85889998311177,productcatalogservice|recommendationservice|frontend|checkoutservice|cartservice,productcatalogservice_latency-50,0.8,4,5,0.8,0.8,4,4,4,0.896551724137931,baseline-v2-20260723,cd270e7871bd358937d83d9a49829637fa80007d2964084ef229f578e3733bd3,ba75425861a059dafcc477474fc3e4ed1eafdc2b47d6fdd0557337035d29a960,c88d8e3399c3efb26f0f06f0749e81cd4fafe65f3d748a546f4c9c309848489e,566318,1716143232000000000,300
OB/productcatalogservice_delay/3,OB,productcatalogservice,delay,3,300,300,stream,0.1,6,0.10344827586206896,baro,1,1.0,1.0,0.0,1,1,1,13,68.89729999238625,productcatalogservice|recommendationservice|frontend|checkoutservice|cartservice,productcatalogservice_latency-50,1.0,5,5,1.0,1.0,5,5,5,0.896551724137931,baseline-v2-20260723,cd270e7871bd358937d83d9a49829637fa80007d2964084ef229f578e3733bd3,ba75425861a059dafcc477474fc3e4ed1eafdc2b47d6fdd0557337035d29a960,c88d8e3399c3efb26f0f06f0749e81cd4fafe65f3d748a546f4c9c309848489e,566318,1716143232000000000,300
OB/productcatalogservice_delay/3,OB,productcatalogservice,delay,3,300,300,stream,0.1,6,0.10344827586206896,median_shift,2,0.5,0.8,0.08333333333333333,0,1,1,13,11.866700020618737,recommendationservice|productcatalogservice|frontend|checkoutservice|main,recommendationservice_mem,1.0,5,5,1.0,1.0,5,5,5,0.896551724137931,baseline-v2-20260723,cd270e7871bd358937d83d9a49829637fa80007d2964084ef229f578e3733bd3,ba75425861a059dafcc477474fc3e4ed1eafdc2b47d6fdd0557337035d29a960,c88d8e3399c3efb26f0f06f0749e81cd4fafe65f3d748a546f4c9c309848489e,566318,1716143232000000000,300
OB/productcatalogservice_delay/3,OB,productcatalogservice,delay,3,300,300,stream,0.1,6,0.10344827586206896,nsigma,1,1.0,1.0,0.0,1,1,1,13,47.60069999611005,productcatalogservice|recommendationservice|frontend|checkoutservice|cartservice,productcatalogservice_latency-50,1.0,5,5,1.0,1.0,5,5,5,0.896551724137931,baseline-v2-20260723,cd270e7871bd358937d83d9a49829637fa80007d2964084ef229f578e3733bd3,ba75425861a059dafcc477474fc3e4ed1eafdc2b47d6fdd0557337035d29a960,c88d8e3399c3efb26f0f06f0749e81cd4fafe65f3d748a546f4c9c309848489e,566318,1716143232000000000,300
OB/productcatalogservice_delay/3,OB,productcatalogservice,delay,3,300,300,stream,0.1,7,0.10344827586206896,baro,1,1.0,1.0,0.0,1,1,1,13,66.29280000925064,productcatalogservice|recommendationservice|frontend|checkoutservice|cartservice,productcatalogservice_latency-50,0.8,4,5,0.8,0.8,4,4,4,0.896551724137931,baseline-v2-20260723,cd270e7871bd358937d83d9a49829637fa80007d2964084ef229f578e3733bd3,ba75425861a059dafcc477474fc3e4ed1eafdc2b47d6fdd0557337035d29a960,c88d8e3399c3efb26f0f06f0749e81cd4fafe65f3d748a546f4c9c309848489e,566318,1716143232000000000,300
OB/productcatalogservice_delay/3,OB,productcatalogservice,delay,3,300,300,stream,0.1,7,0.10344827586206896,median_shift,3,0.3333333333333333,0.6,0.16666666666666666,0,1,1,13,12.311799975577742,main|recommendationservice|productcatalogservice|frontend|checkoutservice,main_mem,0.8,4,5,0.8,0.8,4,4,4,0.896551724137931,baseline-v2-20260723,cd270e7871bd358937d83d9a49829637fa80007d2964084ef229f578e3733bd3,ba75425861a059dafcc477474fc3e4ed1eafdc2b47d6fdd0557337035d29a960,c88d8e3399c3efb26f0f06f0749e81cd4fafe65f3d748a546f4c9c309848489e,566318,1716143232000000000,300
OB/productcatalogservice_delay/3,OB,productcatalogservice,delay,3,300,300,stream,0.1,7,0.10344827586206896,nsigma,1,1.0,1.0,0.0,1,1,1,13,47.74169996380806,productcatalogservice|recommendationservice|frontend|checkoutservice|cartservice,productcatalogservice_latency-50,0.8,4,5,0.8,0.8,4,4,4,0.896551724137931,baseline-v2-20260723,cd270e7871bd358937d83d9a49829637fa80007d2964084ef229f578e3733bd3,ba75425861a059dafcc477474fc3e4ed1eafdc2b47d6fdd0557337035d29a960,c88d8e3399c3efb26f0f06f0749e81cd4fafe65f3d748a546f4c9c309848489e,566318,1716143232000000000,300
OB/productcatalogservice_delay/3,OB,productcatalogservice,delay,3,300,300,stream,0.1,8,0.10344827586206896,baro,1,1.0,1.0,0.0,1,1,1,13,62.27930000750348,productcatalogservice|recommendationservice|frontend|checkoutservice|cartservice,productcatalogservice_latency-50,1.0,5,5,1.0,1.0,5,5,5,0.896551724137931,baseline-v2-20260723,cd270e7871bd358937d83d9a49829637fa80007d2964084ef229f578e3733bd3,ba75425861a059dafcc477474fc3e4ed1eafdc2b47d6fdd0557337035d29a960,c88d8e3399c3efb26f0f06f0749e81cd4fafe65f3d748a546f4c9c309848489e,566318,1716143232000000000,300
OB/productcatalogservice_delay/3,OB,productcatalogservice,delay,3,300,300,stream,0.1,8,0.10344827586206896,median_shift,2,0.5,0.8,0.08333333333333333,0,1,1,13,10.81420003902167,recommendationservice|productcatalogservice|frontend|checkoutservice|main,recommendationservice_mem,1.0,5,5,1.0,1.0,5,5,5,0.896551724137931,baseline-v2-20260723,cd270e7871bd358937d83d9a49829637fa80007d2964084ef229f578e3733bd3,ba75425861a059dafcc477474fc3e4ed1eafdc2b47d6fdd0557337035d29a960,c88d8e3399c3efb26f0f06f0749e81cd4fafe65f3d748a546f4c9c309848489e,566318,1716143232000000000,300
OB/productcatalogservice_delay/3,OB,productcatalogservice,delay,3,300,300,stream,0.1,8,0.10344827586206896,nsigma,1,1.0,1.0,0.0,1,1,1,13,54.10830001346767,productcatalogservice|recommendationservice|frontend|checkoutservice|cartservice,productcatalogservice_latency-50,1.0,5,5,1.0,1.0,5,5,5,0.896551724137931,baseline-v2-20260723,cd270e7871bd358937d83d9a49829637fa80007d2964084ef229f578e3733bd3,ba75425861a059dafcc477474fc3e4ed1eafdc2b47d6fdd0557337035d29a960,c88d8e3399c3efb26f0f06f0749e81cd4fafe65f3d748a546f4c9c309848489e,566318,1716143232000000000,300
OB/productcatalogservice_delay/3,OB,productcatalogservice,delay,3,300,300,stream,0.1,9,0.10344827586206896,baro,1,1.0,1.0,0.0,1,1,1,13,56.547900021541864,productcatalogservice|recommendationservice|frontend|checkoutservice|cartservice,productcatalogservice_latency-50,1.0,5,5,1.0,1.0,5,5,5,0.896551724137931,baseline-v2-20260723,cd270e7871bd358937d83d9a49829637fa80007d2964084ef229f578e3733bd3,ba75425861a059dafcc477474fc3e4ed1eafdc2b47d6fdd0557337035d29a960,c88d8e3399c3efb26f0f06f0749e81cd4fafe65f3d748a546f4c9c309848489e,566318,1716143232000000000,300
OB/productcatalogservice_delay/3,OB,productcatalogservice,delay,3,300,300,stream,0.1,9,0.10344827586206896,median_shift,3,0.3333333333333333,0.6,0.16666666666666666,0,1,1,13,10.561100032646209,main|recommendationservice|productcatalogservice|frontend|checkoutservice,main_mem,1.0,5,5,1.0,1.0,5,5,5,0.896551724137931,baseline-v2-20260723,cd270e7871bd358937d83d9a49829637fa80007d2964084ef229f578e3733bd3,ba75425861a059dafcc477474fc3e4ed1eafdc2b47d6fdd0557337035d29a960,c88d8e3399c3efb26f0f06f0749e81cd4fafe65f3d748a546f4c9c309848489e,566318,1716143232000000000,300
OB/productcatalogservice_delay/3,OB,productcatalogservice,delay,3,300,300,stream,0.1,9,0.10344827586206896,nsigma,1,1.0,1.0,0.0,1,1,1,13,45.94559996621683,productcatalogservice|recommendationservice|frontend|checkoutservice|cartservice,productcatalogservice_latency-50,1.0,5,5,1.0,1.0,5,5,5,0.896551724137931,baseline-v2-20260723,cd270e7871bd358937d83d9a49829637fa80007d2964084ef229f578e3733bd3,ba75425861a059dafcc477474fc3e4ed1eafdc2b47d6fdd0557337035d29a960,c88d8e3399c3efb26f0f06f0749e81cd4fafe65f3d748a546f4c9c309848489e,566318,1716143232000000000,300
OB/productcatalogservice_delay/3,OB,productcatalogservice,delay,3,300,300,stream,0.3,0,0.29310344827586204,baro,1,1.0,1.0,0.0,1,1,1,13,48.794499947689474,productcatalogservice|recommendationservice|frontend|checkoutservice|cartservice,productcatalogservice_latency-50,0.8,4,5,0.8,0.8,4,4,4,0.7068965517241379,baseline-v2-20260723,cd270e7871bd358937d83d9a49829637fa80007d2964084ef229f578e3733bd3,ba75425861a059dafcc477474fc3e4ed1eafdc2b47d6fdd0557337035d29a960,c88d8e3399c3efb26f0f06f0749e81cd4fafe65f3d748a546f4c9c309848489e,566318,1716143232000000000,300
OB/productcatalogservice_delay/3,OB,productcatalogservice,delay,3,300,300,stream,0.3,0,0.29310344827586204,median_shift,3,0.3333333333333333,0.6,0.16666666666666666,0,1,1,13,19.1983999684453,main|recommendationservice|productcatalogservice|frontend|checkoutservice,main_mem,0.8,4,5,0.8,0.8,4,4,4,0.7068965517241379,baseline-v2-20260723,cd270e7871bd358937d83d9a49829637fa80007d2964084ef229f578e3733bd3,ba75425861a059dafcc477474fc3e4ed1eafdc2b47d6fdd0557337035d29a960,c88d8e3399c3efb26f0f06f0749e81cd4fafe65f3d748a546f4c9c309848489e,566318,1716143232000000000,300
OB/productcatalogservice_delay/3,OB,productcatalogservice,delay,3,300,300,stream,0.3,0,0.29310344827586204,nsigma,1,1.0,1.0,0.0,1,1,1,13,56.29089998546988,productcatalogservice|recommendationservice|frontend|checkoutservice|cartservice,productcatalogservice_latency-50,0.8,4,5,0.8,0.8,4,4,4,0.7068965517241379,baseline-v2-20260723,cd270e7871bd358937d83d9a49829637fa80007d2964084ef229f578e3733bd3,ba75425861a059dafcc477474fc3e4ed1eafdc2b47d6fdd0557337035d29a960,c88d8e3399c3efb26f0f06f0749e81cd4fafe65f3d748a546f4c9c309848489e,566318,1716143232000000000,300
OB/productcatalogservice_delay/3,OB,productcatalogservice,delay,3,300,300,stream,0.3,1,0.29310344827586204,baro,2,0.5,0.8,0.08333333333333333,0,1,1,13,54.39369997475296,recommendationservice|productcatalogservice|checkoutservice|frontend|cartservice,recommendationservice_latency-50,0.8,4,5,0.8,0.8,4,4,4,0.7068965517241379,baseline-v2-20260723,cd270e7871bd358937d83d9a49829637fa80007d2964084ef229f578e3733bd3,ba75425861a059dafcc477474fc3e4ed1eafdc2b47d6fdd0557337035d29a960,c88d8e3399c3efb26f0f06f0749e81cd4fafe65f3d748a546f4c9c309848489e,566318,1716143232000000000,300
OB/productcatalogservice_delay/3,OB,productcatalogservice,delay,3,300,300,stream,0.3,1,0.29310344827586204,median_shift,3,0.3333333333333333,0.6,0.16666666666666666,0,1,1,13,8.91490001231432,main|recommendationservice|productcatalogservice|checkoutservice|frontend,main_mem,0.8,4,5,0.8,0.8,4,4,4,0.7068965517241379,baseline-v2-20260723,cd270e7871bd358937d83d9a49829637fa80007d2964084ef229f578e3733bd3,ba75425861a059dafcc477474fc3e4ed1eafdc2b47d6fdd0557337035d29a960,c88d8e3399c3efb26f0f06f0749e81cd4fafe65f3d748a546f4c9c309848489e,566318,1716143232000000000,300
OB/productcatalogservice_delay/3,OB,productcatalogservice,delay,3,300,300,stream,0.3,1,0.29310344827586204,nsigma,2,0.5,0.8,0.08333333333333333,0,1,1,13,47.77710000053048,recommendationservice|productcatalogservice|checkoutservice|frontend|cartservice,recommendationservice_latency-50,0.8,4,5,0.8,0.8,4,4,4,0.7068965517241379,baseline-v2-20260723,cd270e7871bd358937d83d9a49829637fa80007d2964084ef229f578e3733bd3,ba75425861a059dafcc477474fc3e4ed1eafdc2b47d6fdd0557337035d29a960,c88d8e3399c3efb26f0f06f0749e81cd4fafe65f3d748a546f4c9c309848489e,566318,1716143232000000000,300
OB/productcatalogservice_delay/3,OB,productcatalogservice,delay,3,300,300,stream,0.3,2,0.29310344827586204,baro,1,1.0,1.0,0.0,1,1,1,13,52.25789995165542,productcatalogservice|recommendationservice|frontend|cartservice|shippingservice,productcatalogservice_latency-50,0.8,4,5,0.8,0.8,4,4,4,0.7068965517241379,baseline-v2-20260723,cd270e7871bd358937d83d9a49829637fa80007d2964084ef229f578e3733bd3,ba75425861a059dafcc477474fc3e4ed1eafdc2b47d6fdd0557337035d29a960,c88d8e3399c3efb26f0f06f0749e81cd4fafe65f3d748a546f4c9c309848489e,566318,1716143232000000000,300
OB/productcatalogservice_delay/3,OB,productcatalogservice,delay,3,300,300,stream,0.3,2,0.29310344827586204,median_shift,2,0.5,0.8,0.08333333333333333,0,1,1,13,10.591300029773265,recommendationservice|productcatalogservice|frontend|main|adservice,recommendationservice_mem,0.8,4,5,0.8,0.8,4,4,4,0.7068965517241379,baseline-v2-20260723,cd270e7871bd358937d83d9a49829637fa80007d2964084ef229f578e3733bd3,ba75425861a059dafcc477474fc3e4ed1eafdc2b47d6fdd0557337035d29a960,c88d8e3399c3efb26f0f06f0749e81cd4fafe65f3d748a546f4c9c309848489e,566318,1716143232000000000,300
OB/productcatalogservice_delay/3,OB,productcatalogservice,delay,3,300,300,stream,0.3,2,0.29310344827586204,nsigma,1,1.0,1.0,0.0,1,1,1,13,43.616400042083114,productcatalogservice|recommendationservice|frontend|cartservice|shippingservice,productcatalogservice_latency-50,0.8,4,5,0.8,0.8,4,4,4,0.7068965517241379,baseline-v2-20260723,cd270e7871bd358937d83d9a49829637fa80007d2964084ef229f578e3733bd3,ba75425861a059dafcc477474fc3e4ed1eafdc2b47d6fdd0557337035d29a960,c88d8e3399c3efb26f0f06f0749e81cd4fafe65f3d748a546f4c9c309848489e,566318,1716143232000000000,300
OB/productcatalogservice_delay/3,OB,productcatalogservice,delay,3,300,300,stream,0.3,3,0.29310344827586204,baro,1,1.0,1.0,0.0,1,1,1,13,56.73640000168234,productcatalogservice|frontend|checkoutservice|recommendationservice|cartservice,productcatalogservice_latency-50,0.6,3,5,0.6,0.6,3,3,3,0.7068965517241379,baseline-v2-20260723,cd270e7871bd358937d83d9a49829637fa80007d2964084ef229f578e3733bd3,ba75425861a059dafcc477474fc3e4ed1eafdc2b47d6fdd0557337035d29a960,c88d8e3399c3efb26f0f06f0749e81cd4fafe65f3d748a546f4c9c309848489e,566318,1716143232000000000,300
OB/productcatalogservice_delay/3,OB,productcatalogservice,delay,3,300,300,stream,0.3,3,0.29310344827586204,median_shift,3,0.3333333333333333,0.6,0.16666666666666666,0,1,1,13,9.57280001603067,main|recommendationservice|productcatalogservice|frontend|checkoutservice,main_mem,0.6,3,5,0.6,0.6,3,3,3,0.7068965517241379,baseline-v2-20260723,cd270e7871bd358937d83d9a49829637fa80007d2964084ef229f578e3733bd3,ba75425861a059dafcc477474fc3e4ed1eafdc2b47d6fdd0557337035d29a960,c88d8e3399c3efb26f0f06f0749e81cd4fafe65f3d748a546f4c9c309848489e,566318,1716143232000000000,300
OB/productcatalogservice_delay/3,OB,productcatalogservice,delay,3,300,300,stream,0.3,3,0.29310344827586204,nsigma,1,1.0,1.0,0.0,1,1,1,13,43.180499982554466,productcatalogservice|frontend|checkoutservice|recommendationservice|cartservice,productcatalogservice_latency-50,0.6,3,5,0.6,0.6,3,3,3,0.7068965517241379,baseline-v2-20260723,cd270e7871bd358937d83d9a49829637fa80007d2964084ef229f578e3733bd3,ba75425861a059dafcc477474fc3e4ed1eafdc2b47d6fdd0557337035d29a960,c88d8e3399c3efb26f0f06f0749e81cd4fafe65f3d748a546f4c9c309848489e,566318,1716143232000000000,300
OB/productcatalogservice_delay/3,OB,productcatalogservice,delay,3,300,300,stream,0.3,4,0.29310344827586204,baro,1,1.0,1.0,0.0,1,1,1,13,65.06429996807128,productcatalogservice|checkoutservice|recommendationservice|frontend|cartservice,productcatalogservice_latency-90,0.6,3,5,0.6,0.6,3,3,3,0.7068965517241379,baseline-v2-20260723,cd270e7871bd358937d83d9a49829637fa80007d2964084ef229f578e3733bd3,ba75425861a059dafcc477474fc3e4ed1eafdc2b47d6fdd0557337035d29a960,c88d8e3399c3efb26f0f06f0749e81cd4fafe65f3d748a546f4c9c309848489e,566318,1716143232000000000,300
OB/productcatalogservice_delay/3,OB,productcatalogservice,delay,3,300,300,stream,0.3,4,0.29310344827586204,median_shift,3,0.3333333333333333,0.6,0.16666666666666666,0,1,1,13,15.101599972695112,main|recommendationservice|productcatalogservice|checkoutservice|frontend,main_mem,0.6,3,5,0.6,0.6,3,3,3,0.7068965517241379,baseline-v2-20260723,cd270e7871bd358937d83d9a49829637fa80007d2964084ef229f578e3733bd3,ba75425861a059dafcc477474fc3e4ed1eafdc2b47d6fdd0557337035d29a960,c88d8e3399c3efb26f0f06f0749e81cd4fafe65f3d748a546f4c9c309848489e,566318,1716143232000000000,300
OB/productcatalogservice_delay/3,OB,productcatalogservice,delay,3,300,300,stream,0.3,4,0.29310344827586204,nsigma,1,1.0,1.0,0.0,1,1,1,13,52.151799958664924,productcatalogservice|checkoutservice|recommendationservice|frontend|cartservice,productcatalogservice_latency-90,0.6,3,5,0.6,0.6,3,3,3,0.7068965517241379,baseline-v2-20260723,cd270e7871bd358937d83d9a49829637fa80007d2964084ef229f578e3733bd3,ba75425861a059dafcc477474fc3e4ed1eafdc2b47d6fdd0557337035d29a960,c88d8e3399c3efb26f0f06f0749e81cd4fafe65f3d748a546f4c9c309848489e,566318,1716143232000000000,300
OB/productcatalogservice_delay/3,OB,productcatalogservice,delay,3,300,300,stream,0.3,5,0.29310344827586204,baro,10,0.1,0.0,0.75,0,0,0,13,53.537300031166524,recommendationservice|frontend|cartservice|shippingservice|paymentservice,recommendationservice_latency-50,0.4,2,5,0.4,0.4,2,2,2,0.7068965517241379,baseline-v2-20260723,cd270e7871bd358937d83d9a49829637fa80007d2964084ef229f578e3733bd3,ba75425861a059dafcc477474fc3e4ed1eafdc2b47d6fdd0557337035d29a960,c88d8e3399c3efb26f0f06f0749e81cd4fafe65f3d748a546f4c9c309848489e,566318,1716143232000000000,300
OB/productcatalogservice_delay/3,OB,productcatalogservice,delay,3,300,300,stream,0.3,5,0.29310344827586204,median_shift,4,0.25,0.4,0.25,0,0,1,13,9.682999982032925,recommendationservice|frontend|main|productcatalogservice|adservice,recommendationservice_mem,0.4,2,5,0.4,0.4,2,2,2,0.7068965517241379,baseline-v2-20260723,cd270e7871bd358937d83d9a49829637fa80007d2964084ef229f578e3733bd3,ba75425861a059dafcc477474fc3e4ed1eafdc2b47d6fdd0557337035d29a960,c88d8e3399c3efb26f0f06f0749e81cd4fafe65f3d748a546f4c9c309848489e,566318,1716143232000000000,300
OB/productcatalogservice_delay/3,OB,productcatalogservice,delay,3,300,300,stream,0.3,5,0.29310344827586204,nsigma,10,0.1,0.0,0.75,0,0,0,13,45.99529999541119,recommendationservice|frontend|cartservice|shippingservice|paymentservice,recommendationservice_latency-50,0.4,2,5,0.4,0.4,2,2,2,0.7068965517241379,baseline-v2-20260723,cd270e7871bd358937d83d9a49829637fa80007d2964084ef229f578e3733bd3,ba75425861a059dafcc477474fc3e4ed1eafdc2b47d6fdd0557337035d29a960,c88d8e3399c3efb26f0f06f0749e81cd4fafe65f3d748a546f4c9c309848489e,566318,1716143232000000000,300
OB/productcatalogservice_delay/3,OB,productcatalogservice,delay,3,300,300,stream,0.3,6,0.29310344827586204,baro,1,1.0,1.0,0.0,1,1,1,13,64.41510003060102,productcatalogservice|recommendationservice|frontend|checkoutservice|cartservice,productcatalogservice_latency-50,0.6,3,5,0.6,0.6,3,3,3,0.7068965517241379,baseline-v2-20260723,cd270e7871bd358937d83d9a49829637fa80007d2964084ef229f578e3733bd3,ba75425861a059dafcc477474fc3e4ed1eafdc2b47d6fdd0557337035d29a960,c88d8e3399c3efb26f0f06f0749e81cd4fafe65f3d748a546f4c9c309848489e,566318,1716143232000000000,300
OB/productcatalogservice_delay/3,OB,productcatalogservice,delay,3,300,300,stream,0.3,6,0.29310344827586204,median_shift,2,0.5,0.8,0.08333333333333333,0,1,1,13,9.127800003625453,main|productcatalogservice|recommendationservice|frontend|checkoutservice,main_mem,0.6,3,5,0.6,0.6,3,3,3,0.7068965517241379,baseline-v2-20260723,cd270e7871bd358937d83d9a49829637fa80007d2964084ef229f578e3733bd3,ba75425861a059dafcc477474fc3e4ed1eafdc2b47d6fdd0557337035d29a960,c88d8e3399c3efb26f0f06f0749e81cd4fafe65f3d748a546f4c9c309848489e,566318,1716143232000000000,300
OB/productcatalogservice_delay/3,OB,productcatalogservice,delay,3,300,300,stream,0.3,6,0.29310344827586204,nsigma,1,1.0,1.0,0.0,1,1,1,13,58.635200024582446,productcatalogservice|recommendationservice|frontend|checkoutservice|cartservice,productcatalogservice_latency-50,0.6,3,5,0.6,0.6,3,3,3,0.7068965517241379,baseline-v2-20260723,cd270e7871bd358937d83d9a49829637fa80007d2964084ef229f578e3733bd3,ba75425861a059dafcc477474fc3e4ed1eafdc2b47d6fdd0557337035d29a960,c88d8e3399c3efb26f0f06f0749e81cd4fafe65f3d748a546f4c9c309848489e,566318,1716143232000000000,300
OB/productcatalogservice_delay/3,OB,productcatalogservice,delay,3,300,300,stream,0.3,7,0.29310344827586204,baro,7,0.14285714285714285,0.0,0.5,0,0,0,13,58.13940003281459,checkoutservice|recommendationservice|frontend|cartservice|shippingservice,checkoutservice_latency-90,0.6,3,5,0.6,0.6,3,3,3,0.7068965517241379,baseline-v2-20260723,cd270e7871bd358937d83d9a49829637fa80007d2964084ef229f578e3733bd3,ba75425861a059dafcc477474fc3e4ed1eafdc2b47d6fdd0557337035d29a960,c88d8e3399c3efb26f0f06f0749e81cd4fafe65f3d748a546f4c9c309848489e,566318,1716143232000000000,300
OB/productcatalogservice_delay/3,OB,productcatalogservice,delay,3,300,300,stream,0.3,7,0.29310344827586204,median_shift,5,0.2,0.2,0.3333333333333333,0,0,1,13,17.966300016269088,main|recommendationservice|checkoutservice|frontend|productcatalogservice,main_mem,0.6,3,5,0.6,0.6,3,3,3,0.7068965517241379,baseline-v2-20260723,cd270e7871bd358937d83d9a49829637fa80007d2964084ef229f578e3733bd3,ba75425861a059dafcc477474fc3e4ed1eafdc2b47d6fdd0557337035d29a960,c88d8e3399c3efb26f0f06f0749e81cd4fafe65f3d748a546f4c9c309848489e,566318,1716143232000000000,300
OB/productcatalogservice_delay/3,OB,productcatalogservice,delay,3,300,300,stream,0.3,7,0.29310344827586204,nsigma,7,0.14285714285714285,0.0,0.5,0,0,0,13,55.033399956300855,checkoutservice|recommendationservice|frontend|cartservice|shippingservice,checkoutservice_latency-90,0.6,3,5,0.6,0.6,3,3,3,0.7068965517241379,baseline-v2-20260723,cd270e7871bd358937d83d9a49829637fa80007d2964084ef229f578e3733bd3,ba75425861a059dafcc477474fc3e4ed1eafdc2b47d6fdd0557337035d29a960,c88d8e3399c3efb26f0f06f0749e81cd4fafe65f3d748a546f4c9c309848489e,566318,1716143232000000000,300
OB/productcatalogservice_delay/3,OB,productcatalogservice,delay,3,300,300,stream,0.3,8,0.29310344827586204,baro,1,1.0,1.0,0.0,1,1,1,13,54.03100000694394,productcatalogservice|frontend|checkoutservice|cartservice|shippingservice,productcatalogservice_latency-50,0.8,4,5,0.8,0.8,4,4,4,0.7068965517241379,baseline-v2-20260723,cd270e7871bd358937d83d9a49829637fa80007d2964084ef229f578e3733bd3,ba75425861a059dafcc477474fc3e4ed1eafdc2b47d6fdd0557337035d29a960,c88d8e3399c3efb26f0f06f0749e81cd4fafe65f3d748a546f4c9c309848489e,566318,1716143232000000000,300
OB/productcatalogservice_delay/3,OB,productcatalogservice,delay,3,300,300,stream,0.3,8,0.29310344827586204,median_shift,3,0.3333333333333333,0.6,0.16666666666666666,0,1,1,13,8.998400007840246,main|recommendationservice|productcatalogservice|frontend|checkoutservice,main_mem,0.8,4,5,0.8,0.8,4,4,4,0.7068965517241379,baseline-v2-20260723,cd270e7871bd358937d83d9a49829637fa80007d2964084ef229f578e3733bd3,ba75425861a059dafcc477474fc3e4ed1eafdc2b47d6fdd0557337035d29a960,c88d8e3399c3efb26f0f06f0749e81cd4fafe65f3d748a546f4c9c309848489e,566318,1716143232000000000,300
OB/productcatalogservice_delay/3,OB,productcatalogservice,delay,3,300,300,stream,0.3,8,0.29310344827586204,nsigma,1,1.0,1.0,0.0,1,1,1,13,53.55449998751283,productcatalogservice|frontend|checkoutservice|recommendationservice|cartservice,productcatalogservice_latency-50,0.8,4,5,0.8,0.8,4,4,4,0.7068965517241379,baseline-v2-20260723,cd270e7871bd358937d83d9a49829637fa80007d2964084ef229f578e3733bd3,ba75425861a059dafcc477474fc3e4ed1eafdc2b47d6fdd0557337035d29a960,c88d8e3399c3efb26f0f06f0749e81cd4fafe65f3d748a546f4c9c309848489e,566318,1716143232000000000,300
OB/productcatalogservice_delay/3,OB,productcatalogservice,delay,3,300,300,stream,0.3,9,0.29310344827586204,baro,1,1.0,1.0,0.0,1,1,1,13,52.05190001288429,productcatalogservice|recommendationservice|frontend|checkoutservice|cartservice,productcatalogservice_latency-50,0.6,3,5,0.6,0.6,3,3,3,0.7068965517241379,baseline-v2-20260723,cd270e7871bd358937d83d9a49829637fa80007d2964084ef229f578e3733bd3,ba75425861a059dafcc477474fc3e4ed1eafdc2b47d6fdd0557337035d29a960,c88d8e3399c3efb26f0f06f0749e81cd4fafe65f3d748a546f4c9c309848489e,566318,1716143232000000000,300
OB/productcatalogservice_delay/3,OB,productcatalogservice,delay,3,300,300,stream,0.3,9,0.29310344827586204,median_shift,3,0.3333333333333333,0.6,0.16666666666666666,0,1,1,13,18.246699997689575,main|recommendationservice|productcatalogservice|frontend|checkoutservice,main_mem,0.6,3,5,0.6,0.6,3,3,3,0.7068965517241379,baseline-v2-20260723,cd270e7871bd358937d83d9a49829637fa80007d2964084ef229f578e3733bd3,ba75425861a059dafcc477474fc3e4ed1eafdc2b47d6fdd0557337035d29a960,c88d8e3399c3efb26f0f06f0749e81cd4fafe65f3d748a546f4c9c309848489e,566318,1716143232000000000,300
OB/productcatalogservice_delay/3,OB,productcatalogservice,delay,3,300,300,stream,0.3,9,0.29310344827586204,nsigma,1,1.0,1.0,0.0,1,1,1,13,43.165699986275285,productcatalogservice|recommendationservice|frontend|checkoutservice|cartservice,productcatalogservice_latency-50,0.6,3,5,0.6,0.6,3,3,3,0.7068965517241379,baseline-v2-20260723,cd270e7871bd358937d83d9a49829637fa80007d2964084ef229f578e3733bd3,ba75425861a059dafcc477474fc3e4ed1eafdc2b47d6fdd0557337035d29a960,c88d8e3399c3efb26f0f06f0749e81cd4fafe65f3d748a546f4c9c309848489e,566318,1716143232000000000,300
OB/productcatalogservice_delay/3,OB,productcatalogservice,delay,3,300,300,stream,0.5,0,0.5,baro,3,0.3333333333333333,0.6,0.16666666666666666,0,1,1,13,49.75689999992028,recommendationservice|frontend|productcatalogservice|checkoutservice|cartservice,recommendationservice_latency-50,0.6,3,5,0.6,0.6,3,3,3,0.5,baseline-v2-20260723,cd270e7871bd358937d83d9a49829637fa80007d2964084ef229f578e3733bd3,ba75425861a059dafcc477474fc3e4ed1eafdc2b47d6fdd0557337035d29a960,c88d8e3399c3efb26f0f06f0749e81cd4fafe65f3d748a546f4c9c309848489e,566318,1716143232000000000,300
OB/productcatalogservice_delay/3,OB,productcatalogservice,delay,3,300,300,stream,0.5,0,0.5,median_shift,4,0.25,0.4,0.25,0,0,1,13,11.063900019507855,main|recommendationservice|frontend|productcatalogservice|checkoutservice,main_mem,0.6,3,5,0.6,0.6,3,3,3,0.5,baseline-v2-20260723,cd270e7871bd358937d83d9a49829637fa80007d2964084ef229f578e3733bd3,ba75425861a059dafcc477474fc3e4ed1eafdc2b47d6fdd0557337035d29a960,c88d8e3399c3efb26f0f06f0749e81cd4fafe65f3d748a546f4c9c309848489e,566318,1716143232000000000,300
OB/productcatalogservice_delay/3,OB,productcatalogservice,delay,3,300,300,stream,0.5,0,0.5,nsigma,3,0.3333333333333333,0.6,0.16666666666666666,0,1,1,13,44.06710003968328,recommendationservice|frontend|productcatalogservice|checkoutservice|cartservice,recommendationservice_latency-50,0.6,3,5,0.6,0.6,3,3,3,0.5,baseline-v2-20260723,cd270e7871bd358937d83d9a49829637fa80007d2964084ef229f578e3733bd3,ba75425861a059dafcc477474fc3e4ed1eafdc2b47d6fdd0557337035d29a960,c88d8e3399c3efb26f0f06f0749e81cd4fafe65f3d748a546f4c9c309848489e,566318,1716143232000000000,300
OB/productcatalogservice_delay/3,OB,productcatalogservice,delay,3,300,300,stream,0.5,1,0.5,baro,2,0.5,0.8,0.08333333333333333,0,1,1,13,41.40669998014346,frontend|productcatalogservice|checkoutservice|cartservice|shippingservice,frontend_latency-50,0.6,3,5,0.6,0.6,3,3,3,0.5,baseline-v2-20260723,cd270e7871bd358937d83d9a49829637fa80007d2964084ef229f578e3733bd3,ba75425861a059dafcc477474fc3e4ed1eafdc2b47d6fdd0557337035d29a960,c88d8e3399c3efb26f0f06f0749e81cd4fafe65f3d748a546f4c9c309848489e,566318,1716143232000000000,300
OB/productcatalogservice_delay/3,OB,productcatalogservice,delay,3,300,300,stream,0.5,1,0.5,median_shift,3,0.3333333333333333,0.6,0.16666666666666666,0,1,1,13,15.05310001084581,recommendationservice|frontend|productcatalogservice|checkoutservice|shippingservice,recommendationservice_mem,0.6,3,5,0.6,0.6,3,3,3,0.5,baseline-v2-20260723,cd270e7871bd358937d83d9a49829637fa80007d2964084ef229f578e3733bd3,ba75425861a059dafcc477474fc3e4ed1eafdc2b47d6fdd0557337035d29a960,c88d8e3399c3efb26f0f06f0749e81cd4fafe65f3d748a546f4c9c309848489e,566318,1716143232000000000,300
OB/productcatalogservice_delay/3,OB,productcatalogservice,delay,3,300,300,stream,0.5,1,0.5,nsigma,2,0.5,0.8,0.08333333333333333,0,1,1,13,42.84680000273511,frontend|productcatalogservice|checkoutservice|recommendationservice|cartservice,frontend_latency-50,0.6,3,5,0.6,0.6,3,3,3,0.5,baseline-v2-20260723,cd270e7871bd358937d83d9a49829637fa80007d2964084ef229f578e3733bd3,ba75425861a059dafcc477474fc3e4ed1eafdc2b47d6fdd0557337035d29a960,c88d8e3399c3efb26f0f06f0749e81cd4fafe65f3d748a546f4c9c309848489e,566318,1716143232000000000,300
OB/productcatalogservice_delay/3,OB,productcatalogservice,delay,3,300,300,stream,0.5,2,0.5,baro,1,1.0,1.0,0.0,1,1,1,13,39.328599988948554,productcatalogservice|checkoutservice|cartservice|shippingservice|paymentservice,productcatalogservice_latency-50,0.8,4,5,0.8,0.8,4,4,4,0.5,baseline-v2-20260723,cd270e7871bd358937d83d9a49829637fa80007d2964084ef229f578e3733bd3,ba75425861a059dafcc477474fc3e4ed1eafdc2b47d6fdd0557337035d29a960,c88d8e3399c3efb26f0f06f0749e81cd4fafe65f3d748a546f4c9c309848489e,566318,1716143232000000000,300
OB/productcatalogservice_delay/3,OB,productcatalogservice,delay,3,300,300,stream,0.5,2,0.5,median_shift,2,0.5,0.8,0.08333333333333333,0,1,1,13,7.256200013216585,main|productcatalogservice|checkoutservice|frontend|adservice,main_mem,0.8,4,5,0.8,0.8,4,4,4,0.5,baseline-v2-20260723,cd270e7871bd358937d83d9a49829637fa80007d2964084ef229f578e3733bd3,ba75425861a059dafcc477474fc3e4ed1eafdc2b47d6fdd0557337035d29a960,c88d8e3399c3efb26f0f06f0749e81cd4fafe65f3d748a546f4c9c309848489e,566318,1716143232000000000,300
OB/productcatalogservice_delay/3,OB,productcatalogservice,delay,3,300,300,stream,0.5,2,0.5,nsigma,1,1.0,1.0,0.0,1,1,1,13,40.457600029185414,productcatalogservice|checkoutservice|cartservice|shippingservice|paymentservice,productcatalogservice_latency-50,0.8,4,5,0.8,0.8,4,4,4,0.5,baseline-v2-20260723,cd270e7871bd358937d83d9a49829637fa80007d2964084ef229f578e3733bd3,ba75425861a059dafcc477474fc3e4ed1eafdc2b47d6fdd0557337035d29a960,c88d8e3399c3efb26f0f06f0749e81cd4fafe65f3d748a546f4c9c309848489e,566318,1716143232000000000,300
OB/productcatalogservice_delay/3,OB,productcatalogservice,delay,3,300,300,stream,0.5,3,0.5,baro,1,1.0,1.0,0.0,1,1,1,13,40.25810002349317,productcatalogservice|frontend|checkoutservice|recommendationservice|cartservice,productcatalogservice_latency-50,0.4,2,5,0.4,0.4,2,2,2,0.5,baseline-v2-20260723,cd270e7871bd358937d83d9a49829637fa80007d2964084ef229f578e3733bd3,ba75425861a059dafcc477474fc3e4ed1eafdc2b47d6fdd0557337035d29a960,c88d8e3399c3efb26f0f06f0749e81cd4fafe65f3d748a546f4c9c309848489e,566318,1716143232000000000,300
OB/productcatalogservice_delay/3,OB,productcatalogservice,delay,3,300,300,stream,0.5,3,0.5,median_shift,2,0.5,0.8,0.08333333333333333,0,1,1,13,7.623500016052276,recommendationservice|productcatalogservice|frontend|checkoutservice|main,recommendationservice_mem,0.4,2,5,0.4,0.4,2,2,2,0.5,baseline-v2-20260723,cd270e7871bd358937d83d9a49829637fa80007d2964084ef229f578e3733bd3,ba75425861a059dafcc477474fc3e4ed1eafdc2b47d6fdd0557337035d29a960,c88d8e3399c3efb26f0f06f0749e81cd4fafe65f3d748a546f4c9c309848489e,566318,1716143232000000000,300
OB/productcatalogservice_delay/3,OB,productcatalogservice,delay,3,300,300,stream,0.5,3,0.5,nsigma,1,1.0,1.0,0.0,1,1,1,13,34.52729998389259,productcatalogservice|frontend|checkoutservice|recommendationservice|cartservice,productcatalogservice_latency-50,0.4,2,5,0.4,0.4,2,2,2,0.5,baseline-v2-20260723,cd270e7871bd358937d83d9a49829637fa80007d2964084ef229f578e3733bd3,ba75425861a059dafcc477474fc3e4ed1eafdc2b47d6fdd0557337035d29a960,c88d8e3399c3efb26f0f06f0749e81cd4fafe65f3d748a546f4c9c309848489e,566318,1716143232000000000,300
OB/productcatalogservice_delay/3,OB,productcatalogservice,delay,3,300,300,stream,0.5,4,0.5,baro,10,0.1,0.0,0.75,0,0,0,13,40.197999973315746,recommendationservice|frontend|checkoutservice|cartservice|shippingservice,recommendationservice_latency-50,0.4,2,5,0.4,0.4,2,2,2,0.5,baseline-v2-20260723,cd270e7871bd358937d83d9a49829637fa80007d2964084ef229f578e3733bd3,ba75425861a059dafcc477474fc3e4ed1eafdc2b47d6fdd0557337035d29a960,c88d8e3399c3efb26f0f06f0749e81cd4fafe65f3d748a546f4c9c309848489e,566318,1716143232000000000,300
OB/productcatalogservice_delay/3,OB,productcatalogservice,delay,3,300,300,stream,0.5,4,0.5,median_shift,5,0.2,0.2,0.3333333333333333,0,0,1,13,7.666599994990975,main|recommendationservice|frontend|checkoutservice|productcatalogservice,main_mem,0.4,2,5,0.4,0.4,2,2,2,0.5,baseline-v2-20260723,cd270e7871bd358937d83d9a49829637fa80007d2964084ef229f578e3733bd3,ba75425861a059dafcc477474fc3e4ed1eafdc2b47d6fdd0557337035d29a960,c88d8e3399c3efb26f0f06f0749e81cd4fafe65f3d748a546f4c9c309848489e,566318,1716143232000000000,300
OB/productcatalogservice_delay/3,OB,productcatalogservice,delay,3,300,300,stream,0.5,4,0.5,nsigma,9,0.1111111111111111,0.0,0.6666666666666666,0,0,0,13,34.48630002094433,recommendationservice|frontend|checkoutservice|cartservice|shippingservice,recommendationservice_latency-50,0.4,2,5,0.4,0.4,2,2,2,0.5,baseline-v2-20260723,cd270e7871bd358937d83d9a49829637fa80007d2964084ef229f578e3733bd3,ba75425861a059dafcc477474fc3e4ed1eafdc2b47d6fdd0557337035d29a960,c88d8e3399c3efb26f0f06f0749e81cd4fafe65f3d748a546f4c9c309848489e,566318,1716143232000000000,300
OB/productcatalogservice_delay/3,OB,productcatalogservice,delay,3,300,300,stream,0.5,5,0.5,baro,1,1.0,1.0,0.0,1,1,1,13,50.479099969379604,productcatalogservice|recommendationservice|checkoutservice|frontend|cartservice,productcatalogservice_latency-50,0.6,3,5,0.6,0.6,3,3,3,0.5,baseline-v2-20260723,cd270e7871bd358937d83d9a49829637fa80007d2964084ef229f578e3733bd3,ba75425861a059dafcc477474fc3e4ed1eafdc2b47d6fdd0557337035d29a960,c88d8e3399c3efb26f0f06f0749e81cd4fafe65f3d748a546f4c9c309848489e,566318,1716143232000000000,300
OB/productcatalogservice_delay/3,OB,productcatalogservice,delay,3,300,300,stream,0.5,5,0.5,median_shift,2,0.5,0.8,0.08333333333333333,0,1,1,13,16.262600023765117,recommendationservice|productcatalogservice|checkoutservice|frontend|redis,recommendationservice_mem,0.6,3,5,0.6,0.6,3,3,3,0.5,baseline-v2-20260723,cd270e7871bd358937d83d9a49829637fa80007d2964084ef229f578e3733bd3,ba75425861a059dafcc477474fc3e4ed1eafdc2b47d6fdd0557337035d29a960,c88d8e3399c3efb26f0f06f0749e81cd4fafe65f3d748a546f4c9c309848489e,566318,1716143232000000000,300
OB/productcatalogservice_delay/3,OB,productcatalogservice,delay,3,300,300,stream,0.5,5,0.5,nsigma,1,1.0,1.0,0.0,1,1,1,13,36.756300018168986,productcatalogservice|recommendationservice|checkoutservice|frontend|cartservice,productcatalogservice_latency-50,0.6,3,5,0.6,0.6,3,3,3,0.5,baseline-v2-20260723,cd270e7871bd358937d83d9a49829637fa80007d2964084ef229f578e3733bd3,ba75425861a059dafcc477474fc3e4ed1eafdc2b47d6fdd0557337035d29a960,c88d8e3399c3efb26f0f06f0749e81cd4fafe65f3d748a546f4c9c309848489e,566318,1716143232000000000,300
OB/productcatalogservice_delay/3,OB,productcatalogservice,delay,3,300,300,stream,0.5,6,0.5,baro,1,1.0,1.0,0.0,1,1,1,13,42.39329998381436,productcatalogservice|recommendationservice|checkoutservice|shippingservice|paymentservice,productcatalogservice_latency-50,0.4,2,5,0.4,0.4,2,2,2,0.5,baseline-v2-20260723,cd270e7871bd358937d83d9a49829637fa80007d2964084ef229f578e3733bd3,ba75425861a059dafcc477474fc3e4ed1eafdc2b47d6fdd0557337035d29a960,c88d8e3399c3efb26f0f06f0749e81cd4fafe65f3d748a546f4c9c309848489e,566318,1716143232000000000,300
OB/productcatalogservice_delay/3,OB,productcatalogservice,delay,3,300,300,stream,0.5,6,0.5,median_shift,3,0.3333333333333333,0.6,0.16666666666666666,0,1,1,13,15.958700038027018,main|recommendationservice|productcatalogservice|checkoutservice|frontend,main_mem,0.4,2,5,0.4,0.4,2,2,2,0.5,baseline-v2-20260723,cd270e7871bd358937d83d9a49829637fa80007d2964084ef229f578e3733bd3,ba75425861a059dafcc477474fc3e4ed1eafdc2b47d6fdd0557337035d29a960,c88d8e3399c3efb26f0f06f0749e81cd4fafe65f3d748a546f4c9c309848489e,566318,1716143232000000000,300
OB/productcatalogservice_delay/3,OB,productcatalogservice,delay,3,300,300,stream,0.5,6,0.5,nsigma,1,1.0,1.0,0.0,1,1,1,13,35.15089995926246,productcatalogservice|recommendationservice|checkoutservice|shippingservice|paymentservice,productcatalogservice_latency-50,0.4,2,5,0.4,0.4,2,2,2,0.5,baseline-v2-20260723,cd270e7871bd358937d83d9a49829637fa80007d2964084ef229f578e3733bd3,ba75425861a059dafcc477474fc3e4ed1eafdc2b47d6fdd0557337035d29a960,c88d8e3399c3efb26f0f06f0749e81cd4fafe65f3d748a546f4c9c309848489e,566318,1716143232000000000,300
OB/productcatalogservice_delay/3,OB,productcatalogservice,delay,3,300,300,stream,0.5,7,0.5,baro,1,1.0,1.0,0.0,1,1,1,13,43.95180003484711,productcatalogservice|checkoutservice|recommendationservice|cartservice|shippingservice,productcatalogservice_latency-50,0.4,2,5,0.4,0.4,2,2,2,0.5,baseline-v2-20260723,cd270e7871bd358937d83d9a49829637fa80007d2964084ef229f578e3733bd3,ba75425861a059dafcc477474fc3e4ed1eafdc2b47d6fdd0557337035d29a960,c88d8e3399c3efb26f0f06f0749e81cd4fafe65f3d748a546f4c9c309848489e,566318,1716143232000000000,300
OB/productcatalogservice_delay/3,OB,productcatalogservice,delay,3,300,300,stream,0.5,7,0.5,median_shift,2,0.5,0.8,0.08333333333333333,0,1,1,13,7.633500033989549,main|productcatalogservice|checkoutservice|recommendationservice|redis,main_mem,0.4,2,5,0.4,0.4,2,2,2,0.5,baseline-v2-20260723,cd270e7871bd358937d83d9a49829637fa80007d2964084ef229f578e3733bd3,ba75425861a059dafcc477474fc3e4ed1eafdc2b47d6fdd0557337035d29a960,c88d8e3399c3efb26f0f06f0749e81cd4fafe65f3d748a546f4c9c309848489e,566318,1716143232000000000,300
OB/productcatalogservice_delay/3,OB,productcatalogservice,delay,3,300,300,stream,0.5,7,0.5,nsigma,1,1.0,1.0,0.0,1,1,1,13,41.96479998063296,productcatalogservice|checkoutservice|recommendationservice|cartservice|shippingservice,productcatalogservice_latency-50,0.4,2,5,0.4,0.4,2,2,2,0.5,baseline-v2-20260723,cd270e7871bd358937d83d9a49829637fa80007d2964084ef229f578e3733bd3,ba75425861a059dafcc477474fc3e4ed1eafdc2b47d6fdd0557337035d29a960,c88d8e3399c3efb26f0f06f0749e81cd4fafe65f3d748a546f4c9c309848489e,566318,1716143232000000000,300
OB/productcatalogservice_delay/3,OB,productcatalogservice,delay,3,300,300,stream,0.5,8,0.5,baro,2,0.5,0.8,0.08333333333333333,0,1,1,13,56.06039997655898,frontend|productcatalogservice|checkoutservice|paymentservice|currencyservice,frontend_latency-50,0.4,2,5,0.4,0.4,2,2,2,0.5,baseline-v2-20260723,cd270e7871bd358937d83d9a49829637fa80007d2964084ef229f578e3733bd3,ba75425861a059dafcc477474fc3e4ed1eafdc2b47d6fdd0557337035d29a960,c88d8e3399c3efb26f0f06f0749e81cd4fafe65f3d748a546f4c9c309848489e,566318,1716143232000000000,300
OB/productcatalogservice_delay/3,OB,productcatalogservice,delay,3,300,300,stream,0.5,8,0.5,median_shift,4,0.25,0.4,0.25,0,0,1,13,7.445100054610521,main|recommendationservice|frontend|productcatalogservice|checkoutservice,main_mem,0.4,2,5,0.4,0.4,2,2,2,0.5,baseline-v2-20260723,cd270e7871bd358937d83d9a49829637fa80007d2964084ef229f578e3733bd3,ba75425861a059dafcc477474fc3e4ed1eafdc2b47d6fdd0557337035d29a960,c88d8e3399c3efb26f0f06f0749e81cd4fafe65f3d748a546f4c9c309848489e,566318,1716143232000000000,300
OB/productcatalogservice_delay/3,OB,productcatalogservice,delay,3,300,300,stream,0.5,8,0.5,nsigma,2,0.5,0.8,0.08333333333333333,0,1,1,13,37.38110000267625,frontend|productcatalogservice|checkoutservice|recommendationservice|paymentservice,frontend_latency-50,0.4,2,5,0.4,0.4,2,2,2,0.5,baseline-v2-20260723,cd270e7871bd358937d83d9a49829637fa80007d2964084ef229f578e3733bd3,ba75425861a059dafcc477474fc3e4ed1eafdc2b47d6fdd0557337035d29a960,c88d8e3399c3efb26f0f06f0749e81cd4fafe65f3d748a546f4c9c309848489e,566318,1716143232000000000,300
OB/productcatalogservice_delay/3,OB,productcatalogservice,delay,3,300,300,stream,0.5,9,0.5,baro,9,0.1111111111111111,0.0,0.6666666666666666,0,0,0,13,44.350899988785386,recommendationservice|checkoutservice|frontend|cartservice|shippingservice,recommendationservice_latency-50,0.4,2,5,0.4,0.4,2,2,2,0.5,baseline-v2-20260723,cd270e7871bd358937d83d9a49829637fa80007d2964084ef229f578e3733bd3,ba75425861a059dafcc477474fc3e4ed1eafdc2b47d6fdd0557337035d29a960,c88d8e3399c3efb26f0f06f0749e81cd4fafe65f3d748a546f4c9c309848489e,566318,1716143232000000000,300
OB/productcatalogservice_delay/3,OB,productcatalogservice,delay,3,300,300,stream,0.5,9,0.5,median_shift,5,0.2,0.2,0.3333333333333333,0,0,1,13,8.739200013224036,main|recommendationservice|checkoutservice|frontend|productcatalogservice,main_mem,0.4,2,5,0.4,0.4,2,2,2,0.5,baseline-v2-20260723,cd270e7871bd358937d83d9a49829637fa80007d2964084ef229f578e3733bd3,ba75425861a059dafcc477474fc3e4ed1eafdc2b47d6fdd0557337035d29a960,c88d8e3399c3efb26f0f06f0749e81cd4fafe65f3d748a546f4c9c309848489e,566318,1716143232000000000,300
OB/productcatalogservice_delay/3,OB,productcatalogservice,delay,3,300,300,stream,0.5,9,0.5,nsigma,10,0.1,0.0,0.75,0,0,0,13,45.82470003515482,recommendationservice|checkoutservice|frontend|cartservice|shippingservice,recommendationservice_latency-50,0.4,2,5,0.4,0.4,2,2,2,0.5,baseline-v2-20260723,cd270e7871bd358937d83d9a49829637fa80007d2964084ef229f578e3733bd3,ba75425861a059dafcc477474fc3e4ed1eafdc2b47d6fdd0557337035d29a960,c88d8e3399c3efb26f0f06f0749e81cd4fafe65f3d748a546f4c9c309848489e,566318,1716143232000000000,300
