case_id,system,root_service,fault,repetition,n_pre,n_post,mechanism,rate,replicate,realized_rate,method,rank,reciprocal_rank,avg_at_5,normalized_rank,hit_at_1,hit_at_3,hit_at_5,candidate_count,elapsed_ms,top_5,top_evidence_metric,root_observed_fraction,root_streams_available,root_streams_total,root_pre_observed_fraction,root_post_observed_fraction,root_streams_pre_available,root_streams_post_available,root_streams_scorable,observed_fraction,runner_version,code_hash,config_fingerprint,source_fingerprint,source_size,source_mtime_ns,window
OB/adservice_delay/1,OB,adservice,delay,1,300,300,burst,0.1,0,0.1,baro,1,1.0,1.0,0.0,1,1,1,13,72.7566999848932,adservice|checkoutservice|main|productcatalogservice|paymentservice,adservice_latency-90,0.9,5,5,0.92,0.88,5,5,5,0.9,baseline-v2-20260723,cd270e7871bd358937d83d9a49829637fa80007d2964084ef229f578e3733bd3,ba75425861a059dafcc477474fc3e4ed1eafdc2b47d6fdd0557337035d29a960,7a809066d6cd35f83c57a3c52b7afab3368aa7dba694ff29285e90dcd28df089,555820,1716143232000000000,300
OB/adservice_delay/1,OB,adservice,delay,1,300,300,burst,0.1,0,0.1,median_shift,1,1.0,1.0,0.0,1,1,1,13,10.698500031139702,adservice|checkoutservice|main|shippingservice|currencyservice,adservice_latency-90,0.9,5,5,0.92,0.88,5,5,5,0.9,baseline-v2-20260723,cd270e7871bd358937d83d9a49829637fa80007d2964084ef229f578e3733bd3,ba75425861a059dafcc477474fc3e4ed1eafdc2b47d6fdd0557337035d29a960,7a809066d6cd35f83c57a3c52b7afab3368aa7dba694ff29285e90dcd28df089,555820,1716143232000000000,300
OB/adservice_delay/1,OB,adservice,delay,1,300,300,burst,0.1,0,0.1,nsigma,1,1.0,1.0,0.0,1,1,1,13,47.21829999471083,adservice|recommendationservice|checkoutservice|productcatalogservice|frontend,adservice_latency-90,0.9,5,5,0.92,0.88,5,5,5,0.9,baseline-v2-20260723,cd270e7871bd358937d83d9a49829637fa80007d2964084ef229f578e3733bd3,ba75425861a059dafcc477474fc3e4ed1eafdc2b47d6fdd0557337035d29a960,7a809066d6cd35f83c57a3c52b7afab3368aa7dba694ff29285e90dcd28df089,555820,1716143232000000000,300
OB/adservice_delay/1,OB,adservice,delay,1,300,300,burst,0.1,1,0.1,baro,1,1.0,1.0,0.0,1,1,1,13,62.097900023218244,adservice|checkoutservice|main|productcatalogservice|emailservice,adservice_latency-90,0.9,5,5,0.88,0.92,5,5,5,0.9,baseline-v2-20260723,cd270e7871bd358937d83d9a49829637fa80007d2964084ef229f578e3733bd3,ba75425861a059dafcc477474fc3e4ed1eafdc2b47d6fdd0557337035d29a960,7a809066d6cd35f83c57a3c52b7afab3368aa7dba694ff29285e90dcd28df089,555820,1716143232000000000,300
OB/adservice_delay/1,OB,adservice,delay,1,300,300,burst,0.1,1,0.1,median_shift,1,1.0,1.0,0.0,1,1,1,13,15.811299963388592,adservice|checkoutservice|main|shippingservice|currencyservice,adservice_latency-90,0.9,5,5,0.88,0.92,5,5,5,0.9,baseline-v2-20260723,cd270e7871bd358937d83d9a49829637fa80007d2964084ef229f578e3733bd3,ba75425861a059dafcc477474fc3e4ed1eafdc2b47d6fdd0557337035d29a960,7a809066d6cd35f83c57a3c52b7afab3368aa7dba694ff29285e90dcd28df089,555820,1716143232000000000,300
OB/adservice_delay/1,OB,adservice,delay,1,300,300,burst,0.1,1,0.1,nsigma,1,1.0,1.0,0.0,1,1,1,13,64.8026000126265,adservice|recommendationservice|checkoutservice|frontend|emailservice,adservice_latency-90,0.9,5,5,0.88,0.92,5,5,5,0.9,baseline-v2-20260723,cd270e7871bd358937d83d9a49829637fa80007d2964084ef229f578e3733bd3,ba75425861a059dafcc477474fc3e4ed1eafdc2b47d6fdd0557337035d29a960,7a809066d6cd35f83c57a3c52b7afab3368aa7dba694ff29285e90dcd28df089,555820,1716143232000000000,300
OB/adservice_delay/1,OB,adservice,delay,1,300,300,burst,0.1,2,0.1,baro,1,1.0,1.0,0.0,1,1,1,13,83.97650002734736,adservice|checkoutservice|cartservice|main|productcatalogservice,adservice_latency-90,0.9,5,5,0.88,0.92,5,5,5,0.9,baseline-v2-20260723,cd270e7871bd358937d83d9a49829637fa80007d2964084ef229f578e3733bd3,ba75425861a059dafcc477474fc3e4ed1eafdc2b47d6fdd0557337035d29a960,7a809066d6cd35f83c57a3c52b7afab3368aa7dba694ff29285e90dcd28df089,555820,1716143232000000000,300
OB/adservice_delay/1,OB,adservice,delay,1,300,300,burst,0.1,2,0.1,median_shift,1,1.0,1.0,0.0,1,1,1,13,11.616100033279508,adservice|checkoutservice|main|shippingservice|redis,adservice_latency-90,0.9,5,5,0.88,0.92,5,5,5,0.9,baseline-v2-20260723,cd270e7871bd358937d83d9a49829637fa80007d2964084ef229f578e3733bd3,ba75425861a059dafcc477474fc3e4ed1eafdc2b47d6fdd0557337035d29a960,7a809066d6cd35f83c57a3c52b7afab3368aa7dba694ff29285e90dcd28df089,555820,1716143232000000000,300
OB/adservice_delay/1,OB,adservice,delay,1,300,300,burst,0.1,2,0.1,nsigma,1,1.0,1.0,0.0,1,1,1,13,54.50369999743998,adservice|recommendationservice|checkoutservice|frontend|currencyservice,adservice_latency-90,0.9,5,5,0.88,0.92,5,5,5,0.9,baseline-v2-20260723,cd270e7871bd358937d83d9a49829637fa80007d2964084ef229f578e3733bd3,ba75425861a059dafcc477474fc3e4ed1eafdc2b47d6fdd0557337035d29a960,7a809066d6cd35f83c57a3c52b7afab3368aa7dba694ff29285e90dcd28df089,555820,1716143232000000000,300
OB/adservice_delay/1,OB,adservice,delay,1,300,300,burst,0.1,3,0.1,baro,1,1.0,1.0,0.0,1,1,1,13,90.27909999713302,adservice|checkoutservice|main|productcatalogservice|redis,adservice_latency-90,0.9,5,5,0.8813333333333333,0.9186666666666666,5,5,5,0.9,baseline-v2-20260723,cd270e7871bd358937d83d9a49829637fa80007d2964084ef229f578e3733bd3,ba75425861a059dafcc477474fc3e4ed1eafdc2b47d6fdd0557337035d29a960,7a809066d6cd35f83c57a3c52b7afab3368aa7dba694ff29285e90dcd28df089,555820,1716143232000000000,300
OB/adservice_delay/1,OB,adservice,delay,1,300,300,burst,0.1,3,0.1,median_shift,1,1.0,1.0,0.0,1,1,1,13,12.575000000651926,adservice|checkoutservice|main|shippingservice|redis,adservice_latency-90,0.9,5,5,0.8813333333333333,0.9186666666666666,5,5,5,0.9,baseline-v2-20260723,cd270e7871bd358937d83d9a49829637fa80007d2964084ef229f578e3733bd3,ba75425861a059dafcc477474fc3e4ed1eafdc2b47d6fdd0557337035d29a960,7a809066d6cd35f83c57a3c52b7afab3368aa7dba694ff29285e90dcd28df089,555820,1716143232000000000,300
OB/adservice_delay/1,OB,adservice,delay,1,300,300,burst,0.1,3,0.1,nsigma,1,1.0,1.0,0.0,1,1,1,13,59.582200017757714,adservice|recommendationservice|checkoutservice|main|frontend,adservice_latency-90,0.9,5,5,0.8813333333333333,0.9186666666666666,5,5,5,0.9,baseline-v2-20260723,cd270e7871bd358937d83d9a49829637fa80007d2964084ef229f578e3733bd3,ba75425861a059dafcc477474fc3e4ed1eafdc2b47d6fdd0557337035d29a960,7a809066d6cd35f83c57a3c52b7afab3368aa7dba694ff29285e90dcd28df089,555820,1716143232000000000,300
OB/adservice_delay/1,OB,adservice,delay,1,300,300,burst,0.1,4,0.1,baro,1,1.0,1.0,0.0,1,1,1,13,63.77880001673475,adservice|checkoutservice|main|productcatalogservice|frontend,adservice_latency-90,0.9,5,5,0.88,0.92,5,5,5,0.9,baseline-v2-20260723,cd270e7871bd358937d83d9a49829637fa80007d2964084ef229f578e3733bd3,ba75425861a059dafcc477474fc3e4ed1eafdc2b47d6fdd0557337035d29a960,7a809066d6cd35f83c57a3c52b7afab3368aa7dba694ff29285e90dcd28df089,555820,1716143232000000000,300
OB/adservice_delay/1,OB,adservice,delay,1,300,300,burst,0.1,4,0.1,median_shift,1,1.0,1.0,0.0,1,1,1,13,22.105099982582033,adservice|checkoutservice|main|shippingservice|recommendationservice,adservice_latency-90,0.9,5,5,0.88,0.92,5,5,5,0.9,baseline-v2-20260723,cd270e7871bd358937d83d9a49829637fa80007d2964084ef229f578e3733bd3,ba75425861a059dafcc477474fc3e4ed1eafdc2b47d6fdd0557337035d29a960,7a809066d6cd35f83c57a3c52b7afab3368aa7dba694ff29285e90dcd28df089,555820,1716143232000000000,300
OB/adservice_delay/1,OB,adservice,delay,1,300,300,burst,0.1,4,0.1,nsigma,1,1.0,1.0,0.0,1,1,1,13,63.49690002389252,adservice|recommendationservice|checkoutservice|frontend|emailservice,adservice_latency-90,0.9,5,5,0.88,0.92,5,5,5,0.9,baseline-v2-20260723,cd270e7871bd358937d83d9a49829637fa80007d2964084ef229f578e3733bd3,ba75425861a059dafcc477474fc3e4ed1eafdc2b47d6fdd0557337035d29a960,7a809066d6cd35f83c57a3c52b7afab3368aa7dba694ff29285e90dcd28df089,555820,1716143232000000000,300
OB/adservice_delay/1,OB,adservice,delay,1,300,300,burst,0.1,5,0.1,baro,1,1.0,1.0,0.0,1,1,1,13,80.89830004610121,adservice|checkoutservice|main|productcatalogservice|shippingservice,adservice_latency-90,0.9,5,5,0.948,0.852,5,5,5,0.9,baseline-v2-20260723,cd270e7871bd358937d83d9a49829637fa80007d2964084ef229f578e3733bd3,ba75425861a059dafcc477474fc3e4ed1eafdc2b47d6fdd0557337035d29a960,7a809066d6cd35f83c57a3c52b7afab3368aa7dba694ff29285e90dcd28df089,555820,1716143232000000000,300
OB/adservice_delay/1,OB,adservice,delay,1,300,300,burst,0.1,5,0.1,median_shift,1,1.0,1.0,0.0,1,1,1,13,21.150899992790073,adservice|checkoutservice|main|shippingservice|redis,adservice_latency-90,0.9,5,5,0.948,0.852,5,5,5,0.9,baseline-v2-20260723,cd270e7871bd358937d83d9a49829637fa80007d2964084ef229f578e3733bd3,ba75425861a059dafcc477474fc3e4ed1eafdc2b47d6fdd0557337035d29a960,7a809066d6cd35f83c57a3c52b7afab3368aa7dba694ff29285e90dcd28df089,555820,1716143232000000000,300
OB/adservice_delay/1,OB,adservice,delay,1,300,300,burst,0.1,5,0.1,nsigma,1,1.0,1.0,0.0,1,1,1,13,67.03969999216497,adservice|recommendationservice|checkoutservice|main|frontend,adservice_latency-90,0.9,5,5,0.948,0.852,5,5,5,0.9,baseline-v2-20260723,cd270e7871bd358937d83d9a49829637fa80007d2964084ef229f578e3733bd3,ba75425861a059dafcc477474fc3e4ed1eafdc2b47d6fdd0557337035d29a960,7a809066d6cd35f83c57a3c52b7afab3368aa7dba694ff29285e90dcd28df089,555820,1716143232000000000,300
OB/adservice_delay/1,OB,adservice,delay,1,300,300,burst,0.1,6,0.1,baro,1,1.0,1.0,0.0,1,1,1,13,94.94579996680841,adservice|checkoutservice|productcatalogservice|main|emailservice,adservice_latency-90,0.9,5,5,0.91,0.89,5,5,5,0.9,baseline-v2-20260723,cd270e7871bd358937d83d9a49829637fa80007d2964084ef229f578e3733bd3,ba75425861a059dafcc477474fc3e4ed1eafdc2b47d6fdd0557337035d29a960,7a809066d6cd35f83c57a3c52b7afab3368aa7dba694ff29285e90dcd28df089,555820,1716143232000000000,300
OB/adservice_delay/1,OB,adservice,delay,1,300,300,burst,0.1,6,0.1,median_shift,1,1.0,1.0,0.0,1,1,1,13,14.691399992443621,adservice|checkoutservice|main|shippingservice|productcatalogservice,adservice_latency-90,0.9,5,5,0.91,0.89,5,5,5,0.9,baseline-v2-20260723,cd270e7871bd358937d83d9a49829637fa80007d2964084ef229f578e3733bd3,ba75425861a059dafcc477474fc3e4ed1eafdc2b47d6fdd0557337035d29a960,7a809066d6cd35f83c57a3c52b7afab3368aa7dba694ff29285e90dcd28df089,555820,1716143232000000000,300
OB/adservice_delay/1,OB,adservice,delay,1,300,300,burst,0.1,6,0.1,nsigma,1,1.0,1.0,0.0,1,1,1,13,100.5328000173904,adservice|recommendationservice|checkoutservice|main|emailservice,adservice_latency-90,0.9,5,5,0.91,0.89,5,5,5,0.9,baseline-v2-20260723,cd270e7871bd358937d83d9a49829637fa80007d2964084ef229f578e3733bd3,ba75425861a059dafcc477474fc3e4ed1eafdc2b47d6fdd0557337035d29a960,7a809066d6cd35f83c57a3c52b7afab3368aa7dba694ff29285e90dcd28df089,555820,1716143232000000000,300
OB/adservice_delay/1,OB,adservice,delay,1,300,300,burst,0.1,7,0.1,baro,1,1.0,1.0,0.0,1,1,1,13,92.24169998196885,adservice|checkoutservice|main|productcatalogservice|frontend,adservice_latency-90,0.9,5,5,0.92,0.88,5,5,5,0.9,baseline-v2-20260723,cd270e7871bd358937d83d9a49829637fa80007d2964084ef229f578e3733bd3,ba75425861a059dafcc477474fc3e4ed1eafdc2b47d6fdd0557337035d29a960,7a809066d6cd35f83c57a3c52b7afab3368aa7dba694ff29285e90dcd28df089,555820,1716143232000000000,300
OB/adservice_delay/1,OB,adservice,delay,1,300,300,burst,0.1,7,0.1,median_shift,1,1.0,1.0,0.0,1,1,1,13,10.78180002514273,adservice|checkoutservice|main|shippingservice|currencyservice,adservice_latency-90,0.9,5,5,0.92,0.88,5,5,5,0.9,baseline-v2-20260723,cd270e7871bd358937d83d9a49829637fa80007d2964084ef229f578e3733bd3,ba75425861a059dafcc477474fc3e4ed1eafdc2b47d6fdd0557337035d29a960,7a809066d6cd35f83c57a3c52b7afab3368aa7dba694ff29285e90dcd28df089,555820,1716143232000000000,300
OB/adservice_delay/1,OB,adservice,delay,1,300,300,burst,0.1,7,0.1,nsigma,1,1.0,1.0,0.0,1,1,1,13,58.740099950227886,adservice|recommendationservice|checkoutservice|frontend|main,adservice_latency-90,0.9,5,5,0.92,0.88,5,5,5,0.9,baseline-v2-20260723,cd270e7871bd358937d83d9a49829637fa80007d2964084ef229f578e3733bd3,ba75425861a059dafcc477474fc3e4ed1eafdc2b47d6fdd0557337035d29a960,7a809066d6cd35f83c57a3c52b7afab3368aa7dba694ff29285e90dcd28df089,555820,1716143232000000000,300
OB/adservice_delay/1,OB,adservice,delay,1,300,300,burst,0.1,8,0.1,baro,1,1.0,1.0,0.0,1,1,1,13,68.73210001504049,adservice|checkoutservice|main|productcatalogservice|paymentservice,adservice_latency-90,0.9,5,5,0.9246666666666666,0.8753333333333333,5,5,5,0.9,baseline-v2-20260723,cd270e7871bd358937d83d9a49829637fa80007d2964084ef229f578e3733bd3,ba75425861a059dafcc477474fc3e4ed1eafdc2b47d6fdd0557337035d29a960,7a809066d6cd35f83c57a3c52b7afab3368aa7dba694ff29285e90dcd28df089,555820,1716143232000000000,300
OB/adservice_delay/1,OB,adservice,delay,1,300,300,burst,0.1,8,0.1,median_shift,1,1.0,1.0,0.0,1,1,1,13,10.824400000274181,adservice|checkoutservice|main|shippingservice|productcatalogservice,adservice_latency-90,0.9,5,5,0.9246666666666666,0.8753333333333333,5,5,5,0.9,baseline-v2-20260723,cd270e7871bd358937d83d9a49829637fa80007d2964084ef229f578e3733bd3,ba75425861a059dafcc477474fc3e4ed1eafdc2b47d6fdd0557337035d29a960,7a809066d6cd35f83c57a3c52b7afab3368aa7dba694ff29285e90dcd28df089,555820,1716143232000000000,300
OB/adservice_delay/1,OB,adservice,delay,1,300,300,burst,0.1,8,0.1,nsigma,1,1.0,1.0,0.0,1,1,1,13,56.00780004169792,adservice|checkoutservice|recommendationservice|frontend|main,adservice_latency-90,0.9,5,5,0.9246666666666666,0.8753333333333333,5,5,5,0.9,baseline-v2-20260723,cd270e7871bd358937d83d9a49829637fa80007d2964084ef229f578e3733bd3,ba75425861a059dafcc477474fc3e4ed1eafdc2b47d6fdd0557337035d29a960,7a809066d6cd35f83c57a3c52b7afab3368aa7dba694ff29285e90dcd28df089,555820,1716143232000000000,300
OB/adservice_delay/1,OB,adservice,delay,1,300,300,burst,0.1,9,0.1,baro,1,1.0,1.0,0.0,1,1,1,13,69.41120000556111,adservice|checkoutservice|main|productcatalogservice|currencyservice,adservice_latency-90,0.9,5,5,0.9206666666666666,0.8793333333333333,5,5,5,0.9,baseline-v2-20260723,cd270e7871bd358937d83d9a49829637fa80007d2964084ef229f578e3733bd3,ba75425861a059dafcc477474fc3e4ed1eafdc2b47d6fdd0557337035d29a960,7a809066d6cd35f83c57a3c52b7afab3368aa7dba694ff29285e90dcd28df089,555820,1716143232000000000,300
OB/adservice_delay/1,OB,adservice,delay,1,300,300,burst,0.1,9,0.1,median_shift,2,0.5,0.8,0.08333333333333333,0,1,1,13,21.301800035871565,cartservice|adservice|checkoutservice|main|shippingservice,cartservice_mem,0.9,5,5,0.9206666666666666,0.8793333333333333,5,5,5,0.9,baseline-v2-20260723,cd270e7871bd358937d83d9a49829637fa80007d2964084ef229f578e3733bd3,ba75425861a059dafcc477474fc3e4ed1eafdc2b47d6fdd0557337035d29a960,7a809066d6cd35f83c57a3c52b7afab3368aa7dba694ff29285e90dcd28df089,555820,1716143232000000000,300
OB/adservice_delay/1,OB,adservice,delay,1,300,300,burst,0.1,9,0.1,nsigma,1,1.0,1.0,0.0,1,1,1,13,64.3852999783121,adservice|checkoutservice|recommendationservice|frontend|emailservice,adservice_latency-90,0.9,5,5,0.9206666666666666,0.8793333333333333,5,5,5,0.9,baseline-v2-20260723,cd270e7871bd358937d83d9a49829637fa80007d2964084ef229f578e3733bd3,ba75425861a059dafcc477474fc3e4ed1eafdc2b47d6fdd0557337035d29a960,7a809066d6cd35f83c57a3c52b7afab3368aa7dba694ff29285e90dcd28df089,555820,1716143232000000000,300
OB/adservice_delay/1,OB,adservice,delay,1,300,300,burst,0.3,0,0.3,baro,1,1.0,1.0,0.0,1,1,1,13,75.90029999846593,adservice|checkoutservice|productcatalogservice|main|shippingservice,adservice_latency-90,0.7,5,5,0.64,0.76,5,5,5,0.7,baseline-v2-20260723,cd270e7871bd358937d83d9a49829637fa80007d2964084ef229f578e3733bd3,ba75425861a059dafcc477474fc3e4ed1eafdc2b47d6fdd0557337035d29a960,7a809066d6cd35f83c57a3c52b7afab3368aa7dba694ff29285e90dcd28df089,555820,1716143232000000000,300
OB/adservice_delay/1,OB,adservice,delay,1,300,300,burst,0.3,0,0.3,median_shift,1,1.0,1.0,0.0,1,1,1,13,10.652999975718558,adservice|checkoutservice|main|productcatalogservice|shippingservice,adservice_latency-90,0.7,5,5,0.64,0.76,5,5,5,0.7,baseline-v2-20260723,cd270e7871bd358937d83d9a49829637fa80007d2964084ef229f578e3733bd3,ba75425861a059dafcc477474fc3e4ed1eafdc2b47d6fdd0557337035d29a960,7a809066d6cd35f83c57a3c52b7afab3368aa7dba694ff29285e90dcd28df089,555820,1716143232000000000,300
OB/adservice_delay/1,OB,adservice,delay,1,300,300,burst,0.3,0,0.3,nsigma,1,1.0,1.0,0.0,1,1,1,13,70.1015000231564,adservice|recommendationservice|checkoutservice|productcatalogservice|frontend,adservice_latency-90,0.7,5,5,0.64,0.76,5,5,5,0.7,baseline-v2-20260723,cd270e7871bd358937d83d9a49829637fa80007d2964084ef229f578e3733bd3,ba75425861a059dafcc477474fc3e4ed1eafdc2b47d6fdd0557337035d29a960,7a809066d6cd35f83c57a3c52b7afab3368aa7dba694ff29285e90dcd28df089,555820,1716143232000000000,300
OB/adservice_delay/1,OB,adservice,delay,1,300,300,burst,0.3,1,0.3,baro,1,1.0,1.0,0.0,1,1,1,13,67.86640000063926,adservice|productcatalogservice|checkoutservice|paymentservice|frontend,adservice_latency-90,0.7,5,5,0.7326666666666667,0.6673333333333333,5,5,5,0.7,baseline-v2-20260723,cd270e7871bd358937d83d9a49829637fa80007d2964084ef229f578e3733bd3,ba75425861a059dafcc477474fc3e4ed1eafdc2b47d6fdd0557337035d29a960,7a809066d6cd35f83c57a3c52b7afab3368aa7dba694ff29285e90dcd28df089,555820,1716143232000000000,300
OB/adservice_delay/1,OB,adservice,delay,1,300,300,burst,0.3,1,0.3,median_shift,1,1.0,1.0,0.0,1,1,1,13,13.282799976877868,adservice|checkoutservice|productcatalogservice|recommendationservice|paymentservice,adservice_latency-90,0.7,5,5,0.7326666666666667,0.6673333333333333,5,5,5,0.7,baseline-v2-20260723,cd270e7871bd358937d83d9a49829637fa80007d2964084ef229f578e3733bd3,ba75425861a059dafcc477474fc3e4ed1eafdc2b47d6fdd0557337035d29a960,7a809066d6cd35f83c57a3c52b7afab3368aa7dba694ff29285e90dcd28df089,555820,1716143232000000000,300
OB/adservice_delay/1,OB,adservice,delay,1,300,300,burst,0.3,1,0.3,nsigma,1,1.0,1.0,0.0,1,1,1,13,60.910900007002056,adservice|checkoutservice|recommendationservice|cartservice|productcatalogservice,adservice_latency-90,0.7,5,5,0.7326666666666667,0.6673333333333333,5,5,5,0.7,baseline-v2-20260723,cd270e7871bd358937d83d9a49829637fa80007d2964084ef229f578e3733bd3,ba75425861a059dafcc477474fc3e4ed1eafdc2b47d6fdd0557337035d29a960,7a809066d6cd35f83c57a3c52b7afab3368aa7dba694ff29285e90dcd28df089,555820,1716143232000000000,300
OB/adservice_delay/1,OB,adservice,delay,1,300,300,burst,0.3,2,0.3,baro,1,1.0,1.0,0.0,1,1,1,13,74.15950001450256,adservice|checkoutservice|main|currencyservice|recommendationservice,adservice_latency-90,0.7,5,5,0.568,0.832,5,5,5,0.7,baseline-v2-20260723,cd270e7871bd358937d83d9a49829637fa80007d2964084ef229f578e3733bd3,ba75425861a059dafcc477474fc3e4ed1eafdc2b47d6fdd0557337035d29a960,7a809066d6cd35f83c57a3c52b7afab3368aa7dba694ff29285e90dcd28df089,555820,1716143232000000000,300
OB/adservice_delay/1,OB,adservice,delay,1,300,300,burst,0.3,2,0.3,median_shift,1,1.0,1.0,0.0,1,1,1,13,11.1268000327982,adservice|checkoutservice|main|shippingservice|productcatalogservice,adservice_latency-90,0.7,5,5,0.568,0.832,5,5,5,0.7,baseline-v2-20260723,cd270e7871bd358937d83d9a49829637fa80007d2964084ef229f578e3733bd3,ba75425861a059dafcc477474fc3e4ed1eafdc2b47d6fdd0557337035d29a960,7a809066d6cd35f83c57a3c52b7afab3368aa7dba694ff29285e90dcd28df089,555820,1716143232000000000,300
OB/adservice_delay/1,OB,adservice,delay,1,300,300,burst,0.3,2,0.3,nsigma,1,1.0,1.0,0.0,1,1,1,13,51.78379995049909,adservice|recommendationservice|checkoutservice|productcatalogservice|currencyservice,adservice_latency-90,0.7,5,5,0.568,0.832,5,5,5,0.7,baseline-v2-20260723,cd270e7871bd358937d83d9a49829637fa80007d2964084ef229f578e3733bd3,ba75425861a059dafcc477474fc3e4ed1eafdc2b47d6fdd0557337035d29a960,7a809066d6cd35f83c57a3c52b7afab3368aa7dba694ff29285e90dcd28df089,555820,1716143232000000000,300
OB/adservice_delay/1,OB,adservice,delay,1,300,300,burst,0.3,3,0.3,baro,1,1.0,1.0,0.0,1,1,1,13,59.176100010517985,adservice|checkoutservice|currencyservice|main|paymentservice,adservice_latency-50,0.7,5,5,0.52,0.88,5,5,5,0.7,baseline-v2-20260723,cd270e7871bd358937d83d9a49829637fa80007d2964084ef229f578e3733bd3,ba75425861a059dafcc477474fc3e4ed1eafdc2b47d6fdd0557337035d29a960,7a809066d6cd35f83c57a3c52b7afab3368aa7dba694ff29285e90dcd28df089,555820,1716143232000000000,300
OB/adservice_delay/1,OB,adservice,delay,1,300,300,burst,0.3,3,0.3,median_shift,1,1.0,1.0,0.0,1,1,1,13,10.310799989383668,adservice|checkoutservice|shippingservice|main|redis,adservice_latency-90,0.7,5,5,0.52,0.88,5,5,5,0.7,baseline-v2-20260723,cd270e7871bd358937d83d9a49829637fa80007d2964084ef229f578e3733bd3,ba75425861a059dafcc477474fc3e4ed1eafdc2b47d6fdd0557337035d29a960,7a809066d6cd35f83c57a3c52b7afab3368aa7dba694ff29285e90dcd28df089,555820,1716143232000000000,300
OB/adservice_delay/1,OB,adservice,delay,1,300,300,burst,0.3,3,0.3,nsigma,1,1.0,1.0,0.0,1,1,1,13,47.96220001298934,adservice|checkoutservice|currencyservice|main|productcatalogservice,adservice_latency-90,0.7,5,5,0.52,0.88,5,5,5,0.7,baseline-v2-20260723,cd270e7871bd358937d83d9a49829637fa80007d2964084ef229f578e3733bd3,ba75425861a059dafcc477474fc3e4ed1eafdc2b47d6fdd0557337035d29a960,7a809066d6cd35f83c57a3c52b7afab3368aa7dba694ff29285e90dcd28df089,555820,1716143232000000000,300
OB/adservice_delay/1,OB,adservice,delay,1,300,300,burst,0.3,4,0.3,baro,1,1.0,1.0,0.0,1,1,1,13,62.07810004707426,adservice|checkoutservice|currencyservice|recommendationservice|productcatalogservice,adservice_latency-90,0.7,5,5,0.6786666666666666,0.7213333333333334,5,5,5,0.7,baseline-v2-20260723,cd270e7871bd358937d83d9a49829637fa80007d2964084ef229f578e3733bd3,ba75425861a059dafcc477474fc3e4ed1eafdc2b47d6fdd0557337035d29a960,7a809066d6cd35f83c57a3c52b7afab3368aa7dba694ff29285e90dcd28df089,555820,1716143232000000000,300
OB/adservice_delay/1,OB,adservice,delay,1,300,300,burst,0.3,4,0.3,median_shift,1,1.0,1.0,0.0,1,1,1,13,22.45519997086376,adservice|checkoutservice|main|shippingservice|currencyservice,adservice_latency-90,0.7,5,5,0.6786666666666666,0.7213333333333334,5,5,5,0.7,baseline-v2-20260723,cd270e7871bd358937d83d9a49829637fa80007d2964084ef229f578e3733bd3,ba75425861a059dafcc477474fc3e4ed1eafdc2b47d6fdd0557337035d29a960,7a809066d6cd35f83c57a3c52b7afab3368aa7dba694ff29285e90dcd28df089,555820,1716143232000000000,300
OB/adservice_delay/1,OB,adservice,delay,1,300,300,burst,0.3,4,0.3,nsigma,1,1.0,1.0,0.0,1,1,1,13,51.21870001312345,adservice|checkoutservice|recommendationservice|productcatalogservice|cartservice,adservice_latency-90,0.7,5,5,0.6786666666666666,0.7213333333333334,5,5,5,0.7,baseline-v2-20260723,cd270e7871bd358937d83d9a49829637fa80007d2964084ef229f578e3733bd3,ba75425861a059dafcc477474fc3e4ed1eafdc2b47d6fdd0557337035d29a960,7a809066d6cd35f83c57a3c52b7afab3368aa7dba694ff29285e90dcd28df089,555820,1716143232000000000,300
OB/adservice_delay/1,OB,adservice,delay,1,300,300,burst,0.3,5,0.3,baro,1,1.0,1.0,0.0,1,1,1,13,98.86180004104972,adservice|checkoutservice|cartservice|paymentservice|recommendationservice,adservice_latency-90,0.7,5,5,0.7146666666666667,0.6853333333333333,5,5,5,0.7,baseline-v2-20260723,cd270e7871bd358937d83d9a49829637fa80007d2964084ef229f578e3733bd3,ba75425861a059dafcc477474fc3e4ed1eafdc2b47d6fdd0557337035d29a960,7a809066d6cd35f83c57a3c52b7afab3368aa7dba694ff29285e90dcd28df089,555820,1716143232000000000,300
OB/adservice_delay/1,OB,adservice,delay,1,300,300,burst,0.3,5,0.3,median_shift,1,1.0,1.0,0.0,1,1,1,13,19.780299975536764,adservice|checkoutservice|main|shippingservice|currencyservice,adservice_latency-90,0.7,5,5,0.7146666666666667,0.6853333333333333,5,5,5,0.7,baseline-v2-20260723,cd270e7871bd358937d83d9a49829637fa80007d2964084ef229f578e3733bd3,ba75425861a059dafcc477474fc3e4ed1eafdc2b47d6fdd0557337035d29a960,7a809066d6cd35f83c57a3c52b7afab3368aa7dba694ff29285e90dcd28df089,555820,1716143232000000000,300
OB/adservice_delay/1,OB,adservice,delay,1,300,300,burst,0.3,5,0.3,nsigma,1,1.0,1.0,0.0,1,1,1,13,75.44739998411387,adservice|checkoutservice|recommendationservice|emailservice|currencyservice,adservice_latency-90,0.7,5,5,0.7146666666666667,0.6853333333333333,5,5,5,0.7,baseline-v2-20260723,cd270e7871bd358937d83d9a49829637fa80007d2964084ef229f578e3733bd3,ba75425861a059dafcc477474fc3e4ed1eafdc2b47d6fdd0557337035d29a960,7a809066d6cd35f83c57a3c52b7afab3368aa7dba694ff29285e90dcd28df089,555820,1716143232000000000,300
OB/adservice_delay/1,OB,adservice,delay,1,300,300,burst,0.3,6,0.3,baro,2,0.5,0.8,0.08333333333333333,0,1,1,13,60.45569997513667,checkoutservice|adservice|cartservice|emailservice|currencyservice,checkoutservice_latency-50,0.7,5,5,0.7713333333333333,0.6286666666666667,5,5,5,0.7,baseline-v2-20260723,cd270e7871bd358937d83d9a49829637fa80007d2964084ef229f578e3733bd3,ba75425861a059dafcc477474fc3e4ed1eafdc2b47d6fdd0557337035d29a960,7a809066d6cd35f83c57a3c52b7afab3368aa7dba694ff29285e90dcd28df089,555820,1716143232000000000,300
OB/adservice_delay/1,OB,adservice,delay,1,300,300,burst,0.3,6,0.3,median_shift,1,1.0,1.0,0.0,1,1,1,13,10.595800005830824,adservice|checkoutservice|cartservice|shippingservice|recommendationservice,adservice_latency-90,0.7,5,5,0.7713333333333333,0.6286666666666667,5,5,5,0.7,baseline-v2-20260723,cd270e7871bd358937d83d9a49829637fa80007d2964084ef229f578e3733bd3,ba75425861a059dafcc477474fc3e4ed1eafdc2b47d6fdd0557337035d29a960,7a809066d6cd35f83c57a3c52b7afab3368aa7dba694ff29285e90dcd28df089,555820,1716143232000000000,300
OB/adservice_delay/1,OB,adservice,delay,1,300,300,burst,0.3,6,0.3,nsigma,1,1.0,1.0,0.0,1,1,1,13,63.82879999000579,adservice|checkoutservice|recommendationservice|cartservice|emailservice,adservice_latency-90,0.7,5,5,0.7713333333333333,0.6286666666666667,5,5,5,0.7,baseline-v2-20260723,cd270e7871bd358937d83d9a49829637fa80007d2964084ef229f578e3733bd3,ba75425861a059dafcc477474fc3e4ed1eafdc2b47d6fdd0557337035d29a960,7a809066d6cd35f83c57a3c52b7afab3368aa7dba694ff29285e90dcd28df089,555820,1716143232000000000,300
OB/adservice_delay/1,OB,adservice,delay,1,300,300,burst,0.3,7,0.3,baro,1,1.0,1.0,0.0,1,1,1,13,60.8751000254415,adservice|checkoutservice|recommendationservice|frontend-external|cartservice,adservice_latency-90,0.7,5,5,0.7666666666666667,0.6333333333333333,5,5,5,0.7,baseline-v2-20260723,cd270e7871bd358937d83d9a49829637fa80007d2964084ef229f578e3733bd3,ba75425861a059dafcc477474fc3e4ed1eafdc2b47d6fdd0557337035d29a960,7a809066d6cd35f83c57a3c52b7afab3368aa7dba694ff29285e90dcd28df089,555820,1716143232000000000,300
OB/adservice_delay/1,OB,adservice,delay,1,300,300,burst,0.3,7,0.3,median_shift,1,1.0,1.0,0.0,1,1,1,13,11.183800001163036,adservice|checkoutservice|shippingservice|emailservice|main,adservice_latency-90,0.7,5,5,0.7666666666666667,0.6333333333333333,5,5,5,0.7,baseline-v2-20260723,cd270e7871bd358937d83d9a49829637fa80007d2964084ef229f578e3733bd3,ba75425861a059dafcc477474fc3e4ed1eafdc2b47d6fdd0557337035d29a960,7a809066d6cd35f83c57a3c52b7afab3368aa7dba694ff29285e90dcd28df089,555820,1716143232000000000,300
OB/adservice_delay/1,OB,adservice,delay,1,300,300,burst,0.3,7,0.3,nsigma,1,1.0,1.0,0.0,1,1,1,13,48.646399984136224,adservice|checkoutservice|recommendationservice|productcatalogservice|frontend,adservice_latency-90,0.7,5,5,0.7666666666666667,0.6333333333333333,5,5,5,0.7,baseline-v2-20260723,cd270e7871bd358937d83d9a49829637fa80007d2964084ef229f578e3733bd3,ba75425861a059dafcc477474fc3e4ed1eafdc2b47d6fdd0557337035d29a960,7a809066d6cd35f83c57a3c52b7afab3368aa7dba694ff29285e90dcd28df089,555820,1716143232000000000,300
OB/adservice_delay/1,OB,adservice,delay,1,300,300,burst,0.3,8,0.3,baro,1,1.0,1.0,0.0,1,1,1,13,75.36139996955171,adservice|checkoutservice|paymentservice|frontend-external|main,adservice_latency-90,0.7,5,5,0.754,0.646,5,5,5,0.7,baseline-v2-20260723,cd270e7871bd358937d83d9a49829637fa80007d2964084ef229f578e3733bd3,ba75425861a059dafcc477474fc3e4ed1eafdc2b47d6fdd0557337035d29a960,7a809066d6cd35f83c57a3c52b7afab3368aa7dba694ff29285e90dcd28df089,555820,1716143232000000000,300
OB/adservice_delay/1,OB,adservice,delay,1,300,300,burst,0.3,8,0.3,median_shift,1,1.0,1.0,0.0,1,1,1,13,21.47729997523129,adservice|checkoutservice|main|recommendationservice|shippingservice,adservice_latency-90,0.7,5,5,0.754,0.646,5,5,5,0.7,baseline-v2-20260723,cd270e7871bd358937d83d9a49829637fa80007d2964084ef229f578e3733bd3,ba75425861a059dafcc477474fc3e4ed1eafdc2b47d6fdd0557337035d29a960,7a809066d6cd35f83c57a3c52b7afab3368aa7dba694ff29285e90dcd28df089,555820,1716143232000000000,300
OB/adservice_delay/1,OB,adservice,delay,1,300,300,burst,0.3,8,0.3,nsigma,1,1.0,1.0,0.0,1,1,1,13,58.745000045746565,adservice|recommendationservice|checkoutservice|productcatalogservice|main,adservice_latency-90,0.7,5,5,0.754,0.646,5,5,5,0.7,baseline-v2-20260723,cd270e7871bd358937d83d9a49829637fa80007d2964084ef229f578e3733bd3,ba75425861a059dafcc477474fc3e4ed1eafdc2b47d6fdd0557337035d29a960,7a809066d6cd35f83c57a3c52b7afab3368aa7dba694ff29285e90dcd28df089,555820,1716143232000000000,300
OB/adservice_delay/1,OB,adservice,delay,1,300,300,burst,0.3,9,0.3,baro,1,1.0,1.0,0.0,1,1,1,13,60.387999983504415,adservice|checkoutservice|shippingservice|currencyservice|main,adservice_latency-90,0.7,5,5,0.7926666666666666,0.6073333333333333,5,5,5,0.7,baseline-v2-20260723,cd270e7871bd358937d83d9a49829637fa80007d2964084ef229f578e3733bd3,ba75425861a059dafcc477474fc3e4ed1eafdc2b47d6fdd0557337035d29a960,7a809066d6cd35f83c57a3c52b7afab3368aa7dba694ff29285e90dcd28df089,555820,1716143232000000000,300
OB/adservice_delay/1,OB,adservice,delay,1,300,300,burst,0.3,9,0.3,median_shift,1,1.0,1.0,0.0,1,1,1,13,10.578799992799759,adservice|checkoutservice|cartservice|main|shippingservice,adservice_latency-90,0.7,5,5,0.7926666666666666,0.6073333333333333,5,5,5,0.7,baseline-v2-20260723,cd270e7871bd358937d83d9a49829637fa80007d2964084ef229f578e3733bd3,ba75425861a059dafcc477474fc3e4ed1eafdc2b47d6fdd0557337035d29a960,7a809066d6cd35f83c57a3c52b7afab3368aa7dba694ff29285e90dcd28df089,555820,1716143232000000000,300
OB/adservice_delay/1,OB,adservice,delay,1,300,300,burst,0.3,9,0.3,nsigma,1,1.0,1.0,0.0,1,1,1,13,85.28559998376295,adservice|recommendationservice|checkoutservice|productcatalogservice|cartservice,adservice_latency-90,0.7,5,5,0.7926666666666666,0.6073333333333333,5,5,5,0.7,baseline-v2-20260723,cd270e7871bd358937d83d9a49829637fa80007d2964084ef229f578e3733bd3,ba75425861a059dafcc477474fc3e4ed1eafdc2b47d6fdd0557337035d29a960,7a809066d6cd35f83c57a3c52b7afab3368aa7dba694ff29285e90dcd28df089,555820,1716143232000000000,300
OB/adservice_delay/1,OB,adservice,delay,1,300,300,burst,0.5,0,0.5,baro,1,1.0,1.0,0.0,1,1,1,13,67.57929996820167,adservice|currencyservice|main|checkoutservice|cartservice,adservice_latency-90,0.5,5,5,0.598,0.402,5,5,5,0.5,baseline-v2-20260723,cd270e7871bd358937d83d9a49829637fa80007d2964084ef229f578e3733bd3,ba75425861a059dafcc477474fc3e4ed1eafdc2b47d6fdd0557337035d29a960,7a809066d6cd35f83c57a3c52b7afab3368aa7dba694ff29285e90dcd28df089,555820,1716143232000000000,300
OB/adservice_delay/1,OB,adservice,delay,1,300,300,burst,0.5,0,0.5,median_shift,4,0.25,0.4,0.25,0,0,1,13,10.05260000238195,cartservice|paymentservice|shippingservice|adservice|checkoutservice,cartservice_latency-90,0.5,5,5,0.598,0.402,5,5,5,0.5,baseline-v2-20260723,cd270e7871bd358937d83d9a49829637fa80007d2964084ef229f578e3733bd3,ba75425861a059dafcc477474fc3e4ed1eafdc2b47d6fdd0557337035d29a960,7a809066d6cd35f83c57a3c52b7afab3368aa7dba694ff29285e90dcd28df089,555820,1716143232000000000,300
OB/adservice_delay/1,OB,adservice,delay,1,300,300,burst,0.5,0,0.5,nsigma,1,1.0,1.0,0.0,1,1,1,13,45.64540000865236,adservice|checkoutservice|recommendationservice|frontend|currencyservice,adservice_latency-90,0.5,5,5,0.598,0.402,5,5,5,0.5,baseline-v2-20260723,cd270e7871bd358937d83d9a49829637fa80007d2964084ef229f578e3733bd3,ba75425861a059dafcc477474fc3e4ed1eafdc2b47d6fdd0557337035d29a960,7a809066d6cd35f83c57a3c52b7afab3368aa7dba694ff29285e90dcd28df089,555820,1716143232000000000,300
OB/adservice_delay/1,OB,adservice,delay,1,300,300,burst,0.5,1,0.5,baro,8,0.125,0.0,0.5833333333333334,0,0,0,13,59.54430002020672,currencyservice|checkoutservice|cartservice|frontend|main,currencyservice_workload,0.5,5,5,0.3233333333333333,0.6766666666666666,5,5,5,0.5,baseline-v2-20260723,cd270e7871bd358937d83d9a49829637fa80007d2964084ef229f578e3733bd3,ba75425861a059dafcc477474fc3e4ed1eafdc2b47d6fdd0557337035d29a960,7a809066d6cd35f83c57a3c52b7afab3368aa7dba694ff29285e90dcd28df089,555820,1716143232000000000,300
OB/adservice_delay/1,OB,adservice,delay,1,300,300,burst,0.5,1,0.5,median_shift,4,0.25,0.4,0.25,0,0,1,13,10.281499999109656,checkoutservice|frontend|cartservice|adservice|main,checkoutservice_cpu,0.5,5,5,0.3233333333333333,0.6766666666666666,5,5,5,0.5,baseline-v2-20260723,cd270e7871bd358937d83d9a49829637fa80007d2964084ef229f578e3733bd3,ba75425861a059dafcc477474fc3e4ed1eafdc2b47d6fdd0557337035d29a960,7a809066d6cd35f83c57a3c52b7afab3368aa7dba694ff29285e90dcd28df089,555820,1716143232000000000,300
OB/adservice_delay/1,OB,adservice,delay,1,300,300,burst,0.5,1,0.5,nsigma,1,1.0,1.0,0.0,1,1,1,13,48.982500040438026,adservice|checkoutservice|recommendationservice|currencyservice|frontend,adservice_latency-90,0.5,5,5,0.3233333333333333,0.6766666666666666,5,5,5,0.5,baseline-v2-20260723,cd270e7871bd358937d83d9a49829637fa80007d2964084ef229f578e3733bd3,ba75425861a059dafcc477474fc3e4ed1eafdc2b47d6fdd0557337035d29a960,7a809066d6cd35f83c57a3c52b7afab3368aa7dba694ff29285e90dcd28df089,555820,1716143232000000000,300
OB/adservice_delay/1,OB,adservice,delay,1,300,300,burst,0.5,2,0.5,baro,1,1.0,1.0,0.0,1,1,1,13,74.42240003729239,adservice|checkoutservice|cartservice|paymentservice|frontend-external,adservice_latency-90,0.5,5,5,0.6053333333333333,0.39466666666666667,5,5,5,0.5,baseline-v2-20260723,cd270e7871bd358937d83d9a49829637fa80007d2964084ef229f578e3733bd3,ba75425861a059dafcc477474fc3e4ed1eafdc2b47d6fdd0557337035d29a960,7a809066d6cd35f83c57a3c52b7afab3368aa7dba694ff29285e90dcd28df089,555820,1716143232000000000,300
OB/adservice_delay/1,OB,adservice,delay,1,300,300,burst,0.5,2,0.5,median_shift,2,0.5,0.8,0.08333333333333333,0,1,1,13,10.51339996047318,cartservice|adservice|checkoutservice|emailservice|main,cartservice_latency-50,0.5,5,5,0.6053333333333333,0.39466666666666667,5,5,5,0.5,baseline-v2-20260723,cd270e7871bd358937d83d9a49829637fa80007d2964084ef229f578e3733bd3,ba75425861a059dafcc477474fc3e4ed1eafdc2b47d6fdd0557337035d29a960,7a809066d6cd35f83c57a3c52b7afab3368aa7dba694ff29285e90dcd28df089,555820,1716143232000000000,300
OB/adservice_delay/1,OB,adservice,delay,1,300,300,burst,0.5,2,0.5,nsigma,1,1.0,1.0,0.0,1,1,1,13,46.472699963487685,adservice|checkoutservice|recommendationservice|productcatalogservice|cartservice,adservice_latency-90,0.5,5,5,0.6053333333333333,0.39466666666666667,5,5,5,0.5,baseline-v2-20260723,cd270e7871bd358937d83d9a49829637fa80007d2964084ef229f578e3733bd3,ba75425861a059dafcc477474fc3e4ed1eafdc2b47d6fdd0557337035d29a960,7a809066d6cd35f83c57a3c52b7afab3368aa7dba694ff29285e90dcd28df089,555820,1716143232000000000,300
OB/adservice_delay/1,OB,adservice,delay,1,300,300,burst,0.5,3,0.5,baro,1,1.0,1.0,0.0,1,1,1,13,73.57359997695312,adservice|checkoutservice|frontend-external|paymentservice|frontend,adservice_latency-90,0.5,5,5,0.43933333333333335,0.5606666666666666,5,5,5,0.5,baseline-v2-20260723,cd270e7871bd358937d83d9a49829637fa80007d2964084ef229f578e3733bd3,ba75425861a059dafcc477474fc3e4ed1eafdc2b47d6fdd0557337035d29a960,7a809066d6cd35f83c57a3c52b7afab3368aa7dba694ff29285e90dcd28df089,555820,1716143232000000000,300
OB/adservice_delay/1,OB,adservice,delay,1,300,300,burst,0.5,3,0.5,median_shift,2,0.5,0.8,0.08333333333333333,0,1,1,13,12.614100007340312,cartservice|adservice|checkoutservice|main|frontend,cartservice_mem,0.5,5,5,0.43933333333333335,0.5606666666666666,5,5,5,0.5,baseline-v2-20260723,cd270e7871bd358937d83d9a49829637fa80007d2964084ef229f578e3733bd3,ba75425861a059dafcc477474fc3e4ed1eafdc2b47d6fdd0557337035d29a960,7a809066d6cd35f83c57a3c52b7afab3368aa7dba694ff29285e90dcd28df089,555820,1716143232000000000,300
OB/adservice_delay/1,OB,adservice,delay,1,300,300,burst,0.5,3,0.5,nsigma,1,1.0,1.0,0.0,1,1,1,13,48.449299996718764,adservice|checkoutservice|recommendationservice|frontend|cartservice,adservice_latency-90,0.5,5,5,0.43933333333333335,0.5606666666666666,5,5,5,0.5,baseline-v2-20260723,cd270e7871bd358937d83d9a49829637fa80007d2964084ef229f578e3733bd3,ba75425861a059dafcc477474fc3e4ed1eafdc2b47d6fdd0557337035d29a960,7a809066d6cd35f83c57a3c52b7afab3368aa7dba694ff29285e90dcd28df089,555820,1716143232000000000,300
OB/adservice_delay/1,OB,adservice,delay,1,300,300,burst,0.5,4,0.5,baro,1,1.0,1.0,0.0,1,1,1,13,71.59719994524494,adservice|productcatalogservice|currencyservice|checkoutservice|paymentservice,adservice_latency-90,0.5,5,5,0.7193333333333334,0.2806666666666667,5,5,5,0.5,baseline-v2-20260723,cd270e7871bd358937d83d9a49829637fa80007d2964084ef229f578e3733bd3,ba75425861a059dafcc477474fc3e4ed1eafdc2b47d6fdd0557337035d29a960,7a809066d6cd35f83c57a3c52b7afab3368aa7dba694ff29285e90dcd28df089,555820,1716143232000000000,300
OB/adservice_delay/1,OB,adservice,delay,1,300,300,burst,0.5,4,0.5,median_shift,2,0.5,0.8,0.08333333333333333,0,1,1,13,21.757100010290742,main|adservice|checkoutservice|emailservice|shippingservice,main_mem,0.5,5,5,0.7193333333333334,0.2806666666666667,5,5,5,0.5,baseline-v2-20260723,cd270e7871bd358937d83d9a49829637fa80007d2964084ef229f578e3733bd3,ba75425861a059dafcc477474fc3e4ed1eafdc2b47d6fdd0557337035d29a960,7a809066d6cd35f83c57a3c52b7afab3368aa7dba694ff29285e90dcd28df089,555820,1716143232000000000,300
OB/adservice_delay/1,OB,adservice,delay,1,300,300,burst,0.5,4,0.5,nsigma,1,1.0,1.0,0.0,1,1,1,13,49.19469996821135,adservice|checkoutservice|recommendationservice|cartservice|productcatalogservice,adservice_latency-90,0.5,5,5,0.7193333333333334,0.2806666666666667,5,5,5,0.5,baseline-v2-20260723,cd270e7871bd358937d83d9a49829637fa80007d2964084ef229f578e3733bd3,ba75425861a059dafcc477474fc3e4ed1eafdc2b47d6fdd0557337035d29a960,7a809066d6cd35f83c57a3c52b7afab3368aa7dba694ff29285e90dcd28df089,555820,1716143232000000000,300
OB/adservice_delay/1,OB,adservice,delay,1,300,300,burst,0.5,5,0.5,baro,1,1.0,1.0,0.0,1,1,1,13,84.41560005303472,adservice|checkoutservice|cartservice|frontend|main,adservice_latency-50,0.5,5,5,0.6906666666666667,0.30933333333333335,5,5,5,0.5,baseline-v2-20260723,cd270e7871bd358937d83d9a49829637fa80007d2964084ef229f578e3733bd3,ba75425861a059dafcc477474fc3e4ed1eafdc2b47d6fdd0557337035d29a960,7a809066d6cd35f83c57a3c52b7afab3368aa7dba694ff29285e90dcd28df089,555820,1716143232000000000,300
OB/adservice_delay/1,OB,adservice,delay,1,300,300,burst,0.5,5,0.5,median_shift,2,0.5,0.8,0.08333333333333333,0,1,1,13,19.21169995330274,paymentservice|adservice|checkoutservice|main|productcatalogservice,paymentservice_mem,0.5,5,5,0.6906666666666667,0.30933333333333335,5,5,5,0.5,baseline-v2-20260723,cd270e7871bd358937d83d9a49829637fa80007d2964084ef229f578e3733bd3,ba75425861a059dafcc477474fc3e4ed1eafdc2b47d6fdd0557337035d29a960,7a809066d6cd35f83c57a3c52b7afab3368aa7dba694ff29285e90dcd28df089,555820,1716143232000000000,300
OB/adservice_delay/1,OB,adservice,delay,1,300,300,burst,0.5,5,0.5,nsigma,1,1.0,1.0,0.0,1,1,1,13,67.07879999885336,adservice|checkoutservice|recommendationservice|paymentservice|frontend,adservice_latency-90,0.5,5,5,0.6906666666666667,0.30933333333333335,5,5,5,0.5,baseline-v2-20260723,cd270e7871bd358937d83d9a49829637fa80007d2964084ef229f578e3733bd3,ba75425861a059dafcc477474fc3e4ed1eafdc2b47d6fdd0557337035d29a960,7a809066d6cd35f83c57a3c52b7afab3368aa7dba694ff29285e90dcd28df089,555820,1716143232000000000,300
OB/adservice_delay/1,OB,adservice,delay,1,300,300,burst,0.5,6,0.5,baro,1,1.0,1.0,0.0,1,1,1,13,74.27570002619177,adservice|paymentservice|shippingservice|checkoutservice|productcatalogservice,adservice_latency-50,0.5,5,5,0.4266666666666667,0.5733333333333334,5,5,5,0.5,baseline-v2-20260723,cd270e7871bd358937d83d9a49829637fa80007d2964084ef229f578e3733bd3,ba75425861a059dafcc477474fc3e4ed1eafdc2b47d6fdd0557337035d29a960,7a809066d6cd35f83c57a3c52b7afab3368aa7dba694ff29285e90dcd28df089,555820,1716143232000000000,300
OB/adservice_delay/1,OB,adservice,delay,1,300,300,burst,0.5,6,0.5,median_shift,2,0.5,0.8,0.08333333333333333,0,1,1,13,9.959599992725998,cartservice|adservice|checkoutservice|shippingservice|main,cartservice_mem,0.5,5,5,0.4266666666666667,0.5733333333333334,5,5,5,0.5,baseline-v2-20260723,cd270e7871bd358937d83d9a49829637fa80007d2964084ef229f578e3733bd3,ba75425861a059dafcc477474fc3e4ed1eafdc2b47d6fdd0557337035d29a960,7a809066d6cd35f83c57a3c52b7afab3368aa7dba694ff29285e90dcd28df089,555820,1716143232000000000,300
OB/adservice_delay/1,OB,adservice,delay,1,300,300,burst,0.5,6,0.5,nsigma,1,1.0,1.0,0.0,1,1,1,13,60.795199999120086,adservice|checkoutservice|recommendationservice|redis|cartservice,adservice_latency-90,0.5,5,5,0.4266666666666667,0.5733333333333334,5,5,5,0.5,baseline-v2-20260723,cd270e7871bd358937d83d9a49829637fa80007d2964084ef229f578e3733bd3,ba75425861a059dafcc477474fc3e4ed1eafdc2b47d6fdd0557337035d29a960,7a809066d6cd35f83c57a3c52b7afab3368aa7dba694ff29285e90dcd28df089,555820,1716143232000000000,300
OB/adservice_delay/1,OB,adservice,delay,1,300,300,burst,0.5,7,0.5,baro,1,1.0,1.0,0.0,1,1,1,13,70.84180001402274,adservice|emailservice|shippingservice|paymentservice|cartservice,adservice_latency-90,0.5,5,5,0.552,0.448,5,5,5,0.5,baseline-v2-20260723,cd270e7871bd358937d83d9a49829637fa80007d2964084ef229f578e3733bd3,ba75425861a059dafcc477474fc3e4ed1eafdc2b47d6fdd0557337035d29a960,7a809066d6cd35f83c57a3c52b7afab3368aa7dba694ff29285e90dcd28df089,555820,1716143232000000000,300
OB/adservice_delay/1,OB,adservice,delay,1,300,300,burst,0.5,7,0.5,median_shift,3,0.3333333333333333,0.6,0.16666666666666666,0,1,1,13,10.509399988222867,cartservice|main|adservice|currencyservice|redis,cartservice_latency-90,0.5,5,5,0.552,0.448,5,5,5,0.5,baseline-v2-20260723,cd270e7871bd358937d83d9a49829637fa80007d2964084ef229f578e3733bd3,ba75425861a059dafcc477474fc3e4ed1eafdc2b47d6fdd0557337035d29a960,7a809066d6cd35f83c57a3c52b7afab3368aa7dba694ff29285e90dcd28df089,555820,1716143232000000000,300
OB/adservice_delay/1,OB,adservice,delay,1,300,300,burst,0.5,7,0.5,nsigma,1,1.0,1.0,0.0,1,1,1,13,60.53509999765083,adservice|cartservice|productcatalogservice|checkoutservice|emailservice,adservice_latency-90,0.5,5,5,0.552,0.448,5,5,5,0.5,baseline-v2-20260723,cd270e7871bd358937d83d9a49829637fa80007d2964084ef229f578e3733bd3,ba75425861a059dafcc477474fc3e4ed1eafdc2b47d6fdd0557337035d29a960,7a809066d6cd35f83c57a3c52b7afab3368aa7dba694ff29285e90dcd28df089,555820,1716143232000000000,300
OB/adservice_delay/1,OB,adservice,delay,1,300,300,burst,0.5,8,0.5,baro,1,1.0,1.0,0.0,1,1,1,13,58.86290001217276,adservice|productcatalogservice|checkoutservice|paymentservice|shippingservice,adservice_latency-90,0.5,5,5,0.5326666666666666,0.4673333333333333,5,5,5,0.5,baseline-v2-20260723,cd270e7871bd358937d83d9a49829637fa80007d2964084ef229f578e3733bd3,ba75425861a059dafcc477474fc3e4ed1eafdc2b47d6fdd0557337035d29a960,7a809066d6cd35f83c57a3c52b7afab3368aa7dba694ff29285e90dcd28df089,555820,1716143232000000000,300
OB/adservice_delay/1,OB,adservice,delay,1,300,300,burst,0.5,8,0.5,median_shift,2,0.5,0.8,0.08333333333333333,0,1,1,13,11.476200015749782,cartservice|adservice|checkoutservice|shippingservice|main,cartservice_mem,0.5,5,5,0.5326666666666666,0.4673333333333333,5,5,5,0.5,baseline-v2-20260723,cd270e7871bd358937d83d9a49829637fa80007d2964084ef229f578e3733bd3,ba75425861a059dafcc477474fc3e4ed1eafdc2b47d6fdd0557337035d29a960,7a809066d6cd35f83c57a3c52b7afab3368aa7dba694ff29285e90dcd28df089,555820,1716143232000000000,300
OB/adservice_delay/1,OB,adservice,delay,1,300,300,burst,0.5,8,0.5,nsigma,1,1.0,1.0,0.0,1,1,1,13,55.08900003042072,adservice|checkoutservice|shippingservice|recommendationservice|frontend,adservice_latency-90,0.5,5,5,0.5326666666666666,0.4673333333333333,5,5,5,0.5,baseline-v2-20260723,cd270e7871bd358937d83d9a49829637fa80007d2964084ef229f578e3733bd3,ba75425861a059dafcc477474fc3e4ed1eafdc2b47d6fdd0557337035d29a960,7a809066d6cd35f83c57a3c52b7afab3368aa7dba694ff29285e90dcd28df089,555820,1716143232000000000,300
OB/adservice_delay/1,OB,adservice,delay,1,300,300,burst,0.5,9,0.5,baro,1,1.0,1.0,0.0,1,1,1,13,79.28890001494437,adservice|checkoutservice|currencyservice|frontend|productcatalogservice,adservice_latency-90,0.5,5,5,0.516,0.484,5,5,5,0.5,baseline-v2-20260723,cd270e7871bd358937d83d9a49829637fa80007d2964084ef229f578e3733bd3,ba75425861a059dafcc477474fc3e4ed1eafdc2b47d6fdd0557337035d29a960,7a809066d6cd35f83c57a3c52b7afab3368aa7dba694ff29285e90dcd28df089,555820,1716143232000000000,300
OB/adservice_delay/1,OB,adservice,delay,1,300,300,burst,0.5,9,0.5,median_shift,2,0.5,0.8,0.08333333333333333,0,1,1,13,20.78570000594482,cartservice|adservice|checkoutservice|main|productcatalogservice,cartservice_mem,0.5,5,5,0.516,0.484,5,5,5,0.5,baseline-v2-20260723,cd270e7871bd358937d83d9a49829637fa80007d2964084ef229f578e3733bd3,ba75425861a059dafcc477474fc3e4ed1eafdc2b47d6fdd0557337035d29a960,7a809066d6cd35f83c57a3c52b7afab3368aa7dba694ff29285e90dcd28df089,555820,1716143232000000000,300
OB/adservice_delay/1,OB,adservice,delay,1,300,300,burst,0.5,9,0.5,nsigma,1,1.0,1.0,0.0,1,1,1,13,59.955500008072704,adservice|checkoutservice|recommendationservice|productcatalogservice|currencyservice,adservice_latency-90,0.5,5,5,0.516,0.484,5,5,5,0.5,baseline-v2-20260723,cd270e7871bd358937d83d9a49829637fa80007d2964084ef229f578e3733bd3,ba75425861a059dafcc477474fc3e4ed1eafdc2b47d6fdd0557337035d29a960,7a809066d6cd35f83c57a3c52b7afab3368aa7dba694ff29285e90dcd28df089,555820,1716143232000000000,300
OB/adservice_delay/1,OB,adservice,delay,1,300,300,incident,0.1,0,0.1,baro,1,1.0,1.0,0.0,1,1,1,13,110.51590001443401,adservice|checkoutservice|main|productcatalogservice|paymentservice,adservice_latency-90,0.7853333333333333,5,5,0.9193333333333333,0.6513333333333333,5,5,5,0.9,baseline-v2-20260723,cd270e7871bd358937d83d9a49829637fa80007d2964084ef229f578e3733bd3,ba75425861a059dafcc477474fc3e4ed1eafdc2b47d6fdd0557337035d29a960,7a809066d6cd35f83c57a3c52b7afab3368aa7dba694ff29285e90dcd28df089,555820,1716143232000000000,300
OB/adservice_delay/1,OB,adservice,delay,1,300,300,incident,0.1,0,0.1,median_shift,1,1.0,1.0,0.0,1,1,1,13,14.730700000654906,adservice|checkoutservice|main|shippingservice|productcatalogservice,adservice_latency-90,0.7853333333333333,5,5,0.9193333333333333,0.6513333333333333,5,5,5,0.9,baseline-v2-20260723,cd270e7871bd358937d83d9a49829637fa80007d2964084ef229f578e3733bd3,ba75425861a059dafcc477474fc3e4ed1eafdc2b47d6fdd0557337035d29a960,7a809066d6cd35f83c57a3c52b7afab3368aa7dba694ff29285e90dcd28df089,555820,1716143232000000000,300
OB/adservice_delay/1,OB,adservice,delay,1,300,300,incident,0.1,0,0.1,nsigma,1,1.0,1.0,0.0,1,1,1,13,64.01510001160204,adservice|recommendationservice|checkoutservice|frontend|main,adservice_latency-90,0.7853333333333333,5,5,0.9193333333333333,0.6513333333333333,5,5,5,0.9,baseline-v2-20260723,cd270e7871bd358937d83d9a49829637fa80007d2964084ef229f578e3733bd3,ba75425861a059dafcc477474fc3e4ed1eafdc2b47d6fdd0557337035d29a960,7a809066d6cd35f83c57a3c52b7afab3368aa7dba694ff29285e90dcd28df089,555820,1716143232000000000,300
OB/adservice_delay/1,OB,adservice,delay,1,300,300,incident,0.1,1,0.1,baro,1,1.0,1.0,0.0,1,1,1,13,72.09380000131205,adservice|checkoutservice|main|productcatalogservice|frontend,adservice_latency-90,0.7623333333333333,5,5,0.8813333333333333,0.6433333333333333,5,5,5,0.9,baseline-v2-20260723,cd270e7871bd358937d83d9a49829637fa80007d2964084ef229f578e3733bd3,ba75425861a059dafcc477474fc3e4ed1eafdc2b47d6fdd0557337035d29a960,7a809066d6cd35f83c57a3c52b7afab3368aa7dba694ff29285e90dcd28df089,555820,1716143232000000000,300
OB/adservice_delay/1,OB,adservice,delay,1,300,300,incident,0.1,1,0.1,median_shift,1,1.0,1.0,0.0,1,1,1,13,18.191899987868965,adservice|checkoutservice|main|shippingservice|productcatalogservice,adservice_latency-90,0.7623333333333333,5,5,0.8813333333333333,0.6433333333333333,5,5,5,0.9,baseline-v2-20260723,cd270e7871bd358937d83d9a49829637fa80007d2964084ef229f578e3733bd3,ba75425861a059dafcc477474fc3e4ed1eafdc2b47d6fdd0557337035d29a960,7a809066d6cd35f83c57a3c52b7afab3368aa7dba694ff29285e90dcd28df089,555820,1716143232000000000,300
OB/adservice_delay/1,OB,adservice,delay,1,300,300,incident,0.1,1,0.1,nsigma,1,1.0,1.0,0.0,1,1,1,13,68.57260002288967,adservice|recommendationservice|checkoutservice|frontend|main,adservice_latency-90,0.7623333333333333,5,5,0.8813333333333333,0.6433333333333333,5,5,5,0.9,baseline-v2-20260723,cd270e7871bd358937d83d9a49829637fa80007d2964084ef229f578e3733bd3,ba75425861a059dafcc477474fc3e4ed1eafdc2b47d6fdd0557337035d29a960,7a809066d6cd35f83c57a3c52b7afab3368aa7dba694ff29285e90dcd28df089,555820,1716143232000000000,300
OB/adservice_delay/1,OB,adservice,delay,1,300,300,incident,0.1,2,0.1,baro,1,1.0,1.0,0.0,1,1,1,13,71.22100004926324,adservice|checkoutservice|main|productcatalogservice|frontend,adservice_latency-90,0.7753333333333333,5,5,0.9,0.6506666666666666,5,5,5,0.9,baseline-v2-20260723,cd270e7871bd358937d83d9a49829637fa80007d2964084ef229f578e3733bd3,ba75425861a059dafcc477474fc3e4ed1eafdc2b47d6fdd0557337035d29a960,7a809066d6cd35f83c57a3c52b7afab3368aa7dba694ff29285e90dcd28df089,555820,1716143232000000000,300
OB/adservice_delay/1,OB,adservice,delay,1,300,300,incident,0.1,2,0.1,median_shift,1,1.0,1.0,0.0,1,1,1,13,10.825000004842877,adservice|checkoutservice|main|shippingservice|productcatalogservice,adservice_latency-90,0.7753333333333333,5,5,0.9,0.6506666666666666,5,5,5,0.9,baseline-v2-20260723,cd270e7871bd358937d83d9a49829637fa80007d2964084ef229f578e3733bd3,ba75425861a059dafcc477474fc3e4ed1eafdc2b47d6fdd0557337035d29a960,7a809066d6cd35f83c57a3c52b7afab3368aa7dba694ff29285e90dcd28df089,555820,1716143232000000000,300
OB/adservice_delay/1,OB,adservice,delay,1,300,300,incident,0.1,2,0.1,nsigma,1,1.0,1.0,0.0,1,1,1,13,49.24279998522252,adservice|checkoutservice|recommendationservice|frontend|main,adservice_latency-90,0.7753333333333333,5,5,0.9,0.6506666666666666,5,5,5,0.9,baseline-v2-20260723,cd270e7871bd358937d83d9a49829637fa80007d2964084ef229f578e3733bd3,ba75425861a059dafcc477474fc3e4ed1eafdc2b47d6fdd0557337035d29a960,7a809066d6cd35f83c57a3c52b7afab3368aa7dba694ff29285e90dcd28df089,555820,1716143232000000000,300
OB/adservice_delay/1,OB,adservice,delay,1,300,300,incident,0.1,3,0.1,baro,1,1.0,1.0,0.0,1,1,1,13,106.46469995845109,adservice|checkoutservice|main|productcatalogservice|emailservice,adservice_latency-90,0.7723333333333333,5,5,0.9046666666666666,0.64,5,5,5,0.9,baseline-v2-20260723,cd270e7871bd358937d83d9a49829637fa80007d2964084ef229f578e3733bd3,ba75425861a059dafcc477474fc3e4ed1eafdc2b47d6fdd0557337035d29a960,7a809066d6cd35f83c57a3c52b7afab3368aa7dba694ff29285e90dcd28df089,555820,1716143232000000000,300
OB/adservice_delay/1,OB,adservice,delay,1,300,300,incident,0.1,3,0.1,median_shift,1,1.0,1.0,0.0,1,1,1,13,16.24420000007376,adservice|checkoutservice|main|shippingservice|productcatalogservice,adservice_latency-90,0.7723333333333333,5,5,0.9046666666666666,0.64,5,5,5,0.9,baseline-v2-20260723,cd270e7871bd358937d83d9a49829637fa80007d2964084ef229f578e3733bd3,ba75425861a059dafcc477474fc3e4ed1eafdc2b47d6fdd0557337035d29a960,7a809066d6cd35f83c57a3c52b7afab3368aa7dba694ff29285e90dcd28df089,555820,1716143232000000000,300
OB/adservice_delay/1,OB,adservice,delay,1,300,300,incident,0.1,3,0.1,nsigma,1,1.0,1.0,0.0,1,1,1,13,108.18000003928319,adservice|recommendationservice|checkoutservice|frontend|emailservice,adservice_latency-90,0.7723333333333333,5,5,0.9046666666666666,0.64,5,5,5,0.9,baseline-v2-20260723,cd270e7871bd358937d83d9a49829637fa80007d2964084ef229f578e3733bd3,ba75425861a059dafcc477474fc3e4ed1eafdc2b47d6fdd0557337035d29a960,7a809066d6cd35f83c57a3c52b7afab3368aa7dba694ff29285e90dcd28df089,555820,1716143232000000000,300
OB/adservice_delay/1,OB,adservice,delay,1,300,300,incident,0.1,4,0.1,baro,1,1.0,1.0,0.0,1,1,1,13,69.84609999926761,adservice|checkoutservice|main|productcatalogservice|paymentservice,adservice_latency-90,0.7723333333333333,5,5,0.9006666666666666,0.644,5,5,5,0.9,baseline-v2-20260723,cd270e7871bd358937d83d9a49829637fa80007d2964084ef229f578e3733bd3,ba75425861a059dafcc477474fc3e4ed1eafdc2b47d6fdd0557337035d29a960,7a809066d6cd35f83c57a3c52b7afab3368aa7dba694ff29285e90dcd28df089,555820,1716143232000000000,300
OB/adservice_delay/1,OB,adservice,delay,1,300,300,incident,0.1,4,0.1,median_shift,1,1.0,1.0,0.0,1,1,1,13,11.260600003879517,adservice|checkoutservice|main|shippingservice|productcatalogservice,adservice_latency-90,0.7723333333333333,5,5,0.9006666666666666,0.644,5,5,5,0.9,baseline-v2-20260723,cd270e7871bd358937d83d9a49829637fa80007d2964084ef229f578e3733bd3,ba75425861a059dafcc477474fc3e4ed1eafdc2b47d6fdd0557337035d29a960,7a809066d6cd35f83c57a3c52b7afab3368aa7dba694ff29285e90dcd28df089,555820,1716143232000000000,300
OB/adservice_delay/1,OB,adservice,delay,1,300,300,incident,0.1,4,0.1,nsigma,1,1.0,1.0,0.0,1,1,1,13,67.62579997302964,adservice|recommendationservice|checkoutservice|frontend|main,adservice_latency-90,0.7723333333333333,5,5,0.9006666666666666,0.644,5,5,5,0.9,baseline-v2-20260723,cd270e7871bd358937d83d9a49829637fa80007d2964084ef229f578e3733bd3,ba75425861a059dafcc477474fc3e4ed1eafdc2b47d6fdd0557337035d29a960,7a809066d6cd35f83c57a3c52b7afab3368aa7dba694ff29285e90dcd28df089,555820,1716143232000000000,300
OB/adservice_delay/1,OB,adservice,delay,1,300,300,incident,0.1,5,0.1,baro,1,1.0,1.0,0.0,1,1,1,13,70.05650002975017,adservice|checkoutservice|main|productcatalogservice|frontend,adservice_latency-90,0.774,5,5,0.906,0.642,5,5,5,0.9,baseline-v2-20260723,cd270e7871bd358937d83d9a49829637fa80007d2964084ef229f578e3733bd3,ba75425861a059dafcc477474fc3e4ed1eafdc2b47d6fdd0557337035d29a960,7a809066d6cd35f83c57a3c52b7afab3368aa7dba694ff29285e90dcd28df089,555820,1716143232000000000,300
OB/adservice_delay/1,OB,adservice,delay,1,300,300,incident,0.1,5,0.1,median_shift,1,1.0,1.0,0.0,1,1,1,13,11.832899996079504,adservice|checkoutservice|main|shippingservice|productcatalogservice,adservice_latency-90,0.774,5,5,0.906,0.642,5,5,5,0.9,baseline-v2-20260723,cd270e7871bd358937d83d9a49829637fa80007d2964084ef229f578e3733bd3,ba75425861a059dafcc477474fc3e4ed1eafdc2b47d6fdd0557337035d29a960,7a809066d6cd35f83c57a3c52b7afab3368aa7dba694ff29285e90dcd28df089,555820,1716143232000000000,300
OB/adservice_delay/1,OB,adservice,delay,1,300,300,incident,0.1,5,0.1,nsigma,1,1.0,1.0,0.0,1,1,1,13,54.753299977164716,adservice|recommendationservice|checkoutservice|frontend|main,adservice_latency-90,0.774,5,5,0.906,0.642,5,5,5,0.9,baseline-v2-20260723,cd270e7871bd358937d83d9a49829637fa80007d2964084ef229f578e3733bd3,ba75425861a059dafcc477474fc3e4ed1eafdc2b47d6fdd0557337035d29a960,7a809066d6cd35f83c57a3c52b7afab3368aa7dba694ff29285e90dcd28df089,555820,1716143232000000000,300
OB/adservice_delay/1,OB,adservice,delay,1,300,300,incident,0.1,6,0.1,baro,1,1.0,1.0,0.0,1,1,1,13,98.3346999855712,adservice|checkoutservice|main|productcatalogservice|emailservice,adservice_latency-90,0.769,5,5,0.8993333333333333,0.6386666666666667,5,5,5,0.9,baseline-v2-20260723,cd270e7871bd358937d83d9a49829637fa80007d2964084ef229f578e3733bd3,ba75425861a059dafcc477474fc3e4ed1eafdc2b47d6fdd0557337035d29a960,7a809066d6cd35f83c57a3c52b7afab3368aa7dba694ff29285e90dcd28df089,555820,1716143232000000000,300
OB/adservice_delay/1,OB,adservice,delay,1,300,300,incident,0.1,6,0.1,median_shift,1,1.0,1.0,0.0,1,1,1,13,11.479099979624152,adservice|checkoutservice|main|shippingservice|productcatalogservice,adservice_latency-90,0.769,5,5,0.8993333333333333,0.6386666666666667,5,5,5,0.9,baseline-v2-20260723,cd270e7871bd358937d83d9a49829637fa80007d2964084ef229f578e3733bd3,ba75425861a059dafcc477474fc3e4ed1eafdc2b47d6fdd0557337035d29a960,7a809066d6cd35f83c57a3c52b7afab3368aa7dba694ff29285e90dcd28df089,555820,1716143232000000000,300
OB/adservice_delay/1,OB,adservice,delay,1,300,300,incident,0.1,6,0.1,nsigma,1,1.0,1.0,0.0,1,1,1,13,53.21490002097562,adservice|recommendationservice|checkoutservice|frontend|main,adservice_latency-90,0.769,5,5,0.8993333333333333,0.6386666666666667,5,5,5,0.9,baseline-v2-20260723,cd270e7871bd358937d83d9a49829637fa80007d2964084ef229f578e3733bd3,ba75425861a059dafcc477474fc3e4ed1eafdc2b47d6fdd0557337035d29a960,7a809066d6cd35f83c57a3c52b7afab3368aa7dba694ff29285e90dcd28df089,555820,1716143232000000000,300
OB/adservice_delay/1,OB,adservice,delay,1,300,300,incident,0.1,7,0.1,baro,1,1.0,1.0,0.0,1,1,1,13,71.44359999801964,adservice|checkoutservice|main|currencyservice|frontend,adservice_latency-90,0.777,5,5,0.9046666666666666,0.6493333333333333,5,5,5,0.9,baseline-v2-20260723,cd270e7871bd358937d83d9a49829637fa80007d2964084ef229f578e3733bd3,ba75425861a059dafcc477474fc3e4ed1eafdc2b47d6fdd0557337035d29a960,7a809066d6cd35f83c57a3c52b7afab3368aa7dba694ff29285e90dcd28df089,555820,1716143232000000000,300
OB/adservice_delay/1,OB,adservice,delay,1,300,300,incident,0.1,7,0.1,median_shift,1,1.0,1.0,0.0,1,1,1,13,10.74009999865666,adservice|checkoutservice|main|shippingservice|productcatalogservice,adservice_latency-90,0.777,5,5,0.9046666666666666,0.6493333333333333,5,5,5,0.9,baseline-v2-20260723,cd270e7871bd358937d83d9a49829637fa80007d2964084ef229f578e3733bd3,ba75425861a059dafcc477474fc3e4ed1eafdc2b47d6fdd0557337035d29a960,7a809066d6cd35f83c57a3c52b7afab3368aa7dba694ff29285e90dcd28df089,555820,1716143232000000000,300
OB/adservice_delay/1,OB,adservice,delay,1,300,300,incident,0.1,7,0.1,nsigma,1,1.0,1.0,0.0,1,1,1,13,57.19400005182251,adservice|checkoutservice|recommendationservice|frontend|emailservice,adservice_latency-90,0.777,5,5,0.9046666666666666,0.6493333333333333,5,5,5,0.9,baseline-v2-20260723,cd270e7871bd358937d83d9a49829637fa80007d2964084ef229f578e3733bd3,ba75425861a059dafcc477474fc3e4ed1eafdc2b47d6fdd0557337035d29a960,7a809066d6cd35f83c57a3c52b7afab3368aa7dba694ff29285e90dcd28df089,555820,1716143232000000000,300
OB/adservice_delay/1,OB,adservice,delay,1,300,300,incident,0.1,8,0.1,baro,1,1.0,1.0,0.0,1,1,1,13,63.75949998619035,adservice|checkoutservice|main|productcatalogservice|frontend,adservice_latency-90,0.7736666666666666,5,5,0.904,0.6433333333333333,5,5,5,0.9,baseline-v2-20260723,cd270e7871bd358937d83d9a49829637fa80007d2964084ef229f578e3733bd3,ba75425861a059dafcc477474fc3e4ed1eafdc2b47d6fdd0557337035d29a960,7a809066d6cd35f83c57a3c52b7afab3368aa7dba694ff29285e90dcd28df089,555820,1716143232000000000,300
OB/adservice_delay/1,OB,adservice,delay,1,300,300,incident,0.1,8,0.1,median_shift,1,1.0,1.0,0.0,1,1,1,13,17.876400030218065,adservice|checkoutservice|main|shippingservice|productcatalogservice,adservice_latency-90,0.7736666666666666,5,5,0.904,0.6433333333333333,5,5,5,0.9,baseline-v2-20260723,cd270e7871bd358937d83d9a49829637fa80007d2964084ef229f578e3733bd3,ba75425861a059dafcc477474fc3e4ed1eafdc2b47d6fdd0557337035d29a960,7a809066d6cd35f83c57a3c52b7afab3368aa7dba694ff29285e90dcd28df089,555820,1716143232000000000,300
OB/adservice_delay/1,OB,adservice,delay,1,300,300,incident,0.1,8,0.1,nsigma,1,1.0,1.0,0.0,1,1,1,13,51.212499965913594,adservice|checkoutservice|recommendationservice|frontend|main,adservice_latency-90,0.7736666666666666,5,5,0.904,0.6433333333333333,5,5,5,0.9,baseline-v2-20260723,cd270e7871bd358937d83d9a49829637fa80007d2964084ef229f578e3733bd3,ba75425861a059dafcc477474fc3e4ed1eafdc2b47d6fdd0557337035d29a960,7a809066d6cd35f83c57a3c52b7afab3368aa7dba694ff29285e90dcd28df089,555820,1716143232000000000,300
OB/adservice_delay/1,OB,adservice,delay,1,300,300,incident,0.1,9,0.1,baro,1,1.0,1.0,0.0,1,1,1,13,71.30319997668266,adservice|checkoutservice|main|productcatalogservice|frontend,adservice_latency-90,0.772,5,5,0.9013333333333333,0.6426666666666667,5,5,5,0.9,baseline-v2-20260723,cd270e7871bd358937d83d9a49829637fa80007d2964084ef229f578e3733bd3,ba75425861a059dafcc477474fc3e4ed1eafdc2b47d6fdd0557337035d29a960,7a809066d6cd35f83c57a3c52b7afab3368aa7dba694ff29285e90dcd28df089,555820,1716143232000000000,300
OB/adservice_delay/1,OB,adservice,delay,1,300,300,incident,0.1,9,0.1,median_shift,1,1.0,1.0,0.0,1,1,1,13,21.517899993341416,adservice|checkoutservice|main|shippingservice|productcatalogservice,adservice_latency-90,0.772,5,5,0.9013333333333333,0.6426666666666667,5,5,5,0.9,baseline-v2-20260723,cd270e7871bd358937d83d9a49829637fa80007d2964084ef229f578e3733bd3,ba75425861a059dafcc477474fc3e4ed1eafdc2b47d6fdd0557337035d29a960,7a809066d6cd35f83c57a3c52b7afab3368aa7dba694ff29285e90dcd28df089,555820,1716143232000000000,300
OB/adservice_delay/1,OB,adservice,delay,1,300,300,incident,0.1,9,0.1,nsigma,1,1.0,1.0,0.0,1,1,1,13,62.72500002523884,adservice|recommendationservice|checkoutservice|frontend|main,adservice_latency-90,0.772,5,5,0.9013333333333333,0.6426666666666667,5,5,5,0.9,baseline-v2-20260723,cd270e7871bd358937d83d9a49829637fa80007d2964084ef229f578e3733bd3,ba75425861a059dafcc477474fc3e4ed1eafdc2b47d6fdd0557337035d29a960,7a809066d6cd35f83c57a3c52b7afab3368aa7dba694ff29285e90dcd28df089,555820,1716143232000000000,300
OB/adservice_delay/1,OB,adservice,delay,1,300,300,incident,0.3,0,0.3,baro,5,0.2,0.2,0.3333333333333333,0,0,1,13,76.04420004645362,emailservice|shippingservice|currencyservice|recommendationservice|adservice,emailservice_workload,0.533,5,5,0.7033333333333334,0.3626666666666667,5,5,5,0.7,baseline-v2-20260723,cd270e7871bd358937d83d9a49829637fa80007d2964084ef229f578e3733bd3,ba75425861a059dafcc477474fc3e4ed1eafdc2b47d6fdd0557337035d29a960,7a809066d6cd35f83c57a3c52b7afab3368aa7dba694ff29285e90dcd28df089,555820,1716143232000000000,300
OB/adservice_delay/1,OB,adservice,delay,1,300,300,incident,0.3,0,0.3,median_shift,1,1.0,1.0,0.0,1,1,1,13,10.39630000013858,adservice|currencyservice|paymentservice|recommendationservice|shippingservice,adservice_mem,0.533,5,5,0.7033333333333334,0.3626666666666667,5,5,5,0.7,baseline-v2-20260723,cd270e7871bd358937d83d9a49829637fa80007d2964084ef229f578e3733bd3,ba75425861a059dafcc477474fc3e4ed1eafdc2b47d6fdd0557337035d29a960,7a809066d6cd35f83c57a3c52b7afab3368aa7dba694ff29285e90dcd28df089,555820,1716143232000000000,300
OB/adservice_delay/1,OB,adservice,delay,1,300,300,incident,0.3,0,0.3,nsigma,2,0.5,0.8,0.08333333333333333,0,1,1,13,78.24770000297576,emailservice|adservice|currencyservice|checkoutservice|productcatalogservice,emailservice_workload,0.533,5,5,0.7033333333333334,0.3626666666666667,5,5,5,0.7,baseline-v2-20260723,cd270e7871bd358937d83d9a49829637fa80007d2964084ef229f578e3733bd3,ba75425861a059dafcc477474fc3e4ed1eafdc2b47d6fdd0557337035d29a960,7a809066d6cd35f83c57a3c52b7afab3368aa7dba694ff29285e90dcd28df089,555820,1716143232000000000,300
OB/adservice_delay/1,OB,adservice,delay,1,300,300,incident,0.3,1,0.3,baro,6,0.16666666666666666,0.0,0.4166666666666667,0,0,0,13,72.62270001228899,emailservice|shippingservice|frontend|recommendationservice|currencyservice,emailservice_workload,0.5296666666666666,5,5,0.7066666666666667,0.3526666666666667,5,5,5,0.7,baseline-v2-20260723,cd270e7871bd358937d83d9a49829637fa80007d2964084ef229f578e3733bd3,ba75425861a059dafcc477474fc3e4ed1eafdc2b47d6fdd0557337035d29a960,7a809066d6cd35f83c57a3c52b7afab3368aa7dba694ff29285e90dcd28df089,555820,1716143232000000000,300
OB/adservice_delay/1,OB,adservice,delay,1,300,300,incident,0.3,1,0.3,median_shift,1,1.0,1.0,0.0,1,1,1,13,12.277300003916025,adservice|paymentservice|redis|recommendationservice|currencyservice,adservice_mem,0.5296666666666666,5,5,0.7066666666666667,0.3526666666666667,5,5,5,0.7,baseline-v2-20260723,cd270e7871bd358937d83d9a49829637fa80007d2964084ef229f578e3733bd3,ba75425861a059dafcc477474fc3e4ed1eafdc2b47d6fdd0557337035d29a960,7a809066d6cd35f83c57a3c52b7afab3368aa7dba694ff29285e90dcd28df089,555820,1716143232000000000,300
OB/adservice_delay/1,OB,adservice,delay,1,300,300,incident,0.3,1,0.3,nsigma,1,1.0,1.0,0.0,1,1,1,13,49.54649996943772,adservice|currencyservice|emailservice|checkoutservice|shippingservice,adservice_mem,0.5296666666666666,5,5,0.7066666666666667,0.3526666666666667,5,5,5,0.7,baseline-v2-20260723,cd270e7871bd358937d83d9a49829637fa80007d2964084ef229f578e3733bd3,ba75425861a059dafcc477474fc3e4ed1eafdc2b47d6fdd0557337035d29a960,7a809066d6cd35f83c57a3c52b7afab3368aa7dba694ff29285e90dcd28df089,555820,1716143232000000000,300
OB/adservice_delay/1,OB,adservice,delay,1,300,300,incident,0.3,2,0.3,baro,6,0.16666666666666666,0.0,0.4166666666666667,0,0,0,13,71.75030000507832,shippingservice|currencyservice|emailservice|productcatalogservice|redis,shippingservice_mem,0.541,5,5,0.72,0.362,5,5,5,0.7,baseline-v2-20260723,cd270e7871bd358937d83d9a49829637fa80007d2964084ef229f578e3733bd3,ba75425861a059dafcc477474fc3e4ed1eafdc2b47d6fdd0557337035d29a960,7a809066d6cd35f83c57a3c52b7afab3368aa7dba694ff29285e90dcd28df089,555820,1716143232000000000,300
OB/adservice_delay/1,OB,adservice,delay,1,300,300,incident,0.3,2,0.3,median_shift,1,1.0,1.0,0.0,1,1,1,13,17.86830002674833,adservice|productcatalogservice|redis|currencyservice|paymentservice,adservice_mem,0.541,5,5,0.72,0.362,5,5,5,0.7,baseline-v2-20260723,cd270e7871bd358937d83d9a49829637fa80007d2964084ef229f578e3733bd3,ba75425861a059dafcc477474fc3e4ed1eafdc2b47d6fdd0557337035d29a960,7a809066d6cd35f83c57a3c52b7afab3368aa7dba694ff29285e90dcd28df089,555820,1716143232000000000,300
OB/adservice_delay/1,OB,adservice,delay,1,300,300,incident,0.3,2,0.3,nsigma,1,1.0,1.0,0.0,1,1,1,13,56.35279999114573,adservice|currencyservice|emailservice|checkoutservice|shippingservice,adservice_mem,0.541,5,5,0.72,0.362,5,5,5,0.7,baseline-v2-20260723,cd270e7871bd358937d83d9a49829637fa80007d2964084ef229f578e3733bd3,ba75425861a059dafcc477474fc3e4ed1eafdc2b47d6fdd0557337035d29a960,7a809066d6cd35f83c57a3c52b7afab3368aa7dba694ff29285e90dcd28df089,555820,1716143232000000000,300
OB/adservice_delay/1,OB,adservice,delay,1,300,300,incident,0.3,3,0.3,baro,2,0.5,0.8,0.08333333333333333,0,1,1,13,79.90670000435784,cartservice|adservice|shippingservice|paymentservice|currencyservice,cartservice_mem,0.5333333333333333,5,5,0.6973333333333334,0.36933333333333335,5,5,5,0.7,baseline-v2-20260723,cd270e7871bd358937d83d9a49829637fa80007d2964084ef229f578e3733bd3,ba75425861a059dafcc477474fc3e4ed1eafdc2b47d6fdd0557337035d29a960,7a809066d6cd35f83c57a3c52b7afab3368aa7dba694ff29285e90dcd28df089,555820,1716143232000000000,300
OB/adservice_delay/1,OB,adservice,delay,1,300,300,incident,0.3,3,0.3,median_shift,1,1.0,1.0,0.0,1,1,1,13,13.308800000231713,adservice|paymentservice|productcatalogservice|currencyservice|redis,adservice_mem,0.5333333333333333,5,5,0.6973333333333334,0.36933333333333335,5,5,5,0.7,baseline-v2-20260723,cd270e7871bd358937d83d9a49829637fa80007d2964084ef229f578e3733bd3,ba75425861a059dafcc477474fc3e4ed1eafdc2b47d6fdd0557337035d29a960,7a809066d6cd35f83c57a3c52b7afab3368aa7dba694ff29285e90dcd28df089,555820,1716143232000000000,300
OB/adservice_delay/1,OB,adservice,delay,1,300,300,incident,0.3,3,0.3,nsigma,1,1.0,1.0,0.0,1,1,1,13,52.13369999546558,adservice|emailservice|checkoutservice|productcatalogservice|shippingservice,adservice_workload,0.5333333333333333,5,5,0.6973333333333334,0.36933333333333335,5,5,5,0.7,baseline-v2-20260723,cd270e7871bd358937d83d9a49829637fa80007d2964084ef229f578e3733bd3,ba75425861a059dafcc477474fc3e4ed1eafdc2b47d6fdd0557337035d29a960,7a809066d6cd35f83c57a3c52b7afab3368aa7dba694ff29285e90dcd28df089,555820,1716143232000000000,300
OB/adservice_delay/1,OB,adservice,delay,1,300,300,incident,0.3,4,0.3,baro,1,1.0,1.0,0.0,1,1,1,13,78.54529999895021,adservice|paymentservice|recommendationservice|redis|currencyservice,adservice_workload,0.5356666666666666,5,5,0.696,0.37533333333333335,5,5,5,0.7,baseline-v2-20260723,cd270e7871bd358937d83d9a49829637fa80007d2964084ef229f578e3733bd3,ba75425861a059dafcc477474fc3e4ed1eafdc2b47d6fdd0557337035d29a960,7a809066d6cd35f83c57a3c52b7afab3368aa7dba694ff29285e90dcd28df089,555820,1716143232000000000,300
OB/adservice_delay/1,OB,adservice,delay,1,300,300,incident,0.3,4,0.3,median_shift,1,1.0,1.0,0.0,1,1,1,13,11.269299953710288,adservice|currencyservice|productcatalogservice|paymentservice|recommendationservice,adservice_mem,0.5356666666666666,5,5,0.696,0.37533333333333335,5,5,5,0.7,baseline-v2-20260723,cd270e7871bd358937d83d9a49829637fa80007d2964084ef229f578e3733bd3,ba75425861a059dafcc477474fc3e4ed1eafdc2b47d6fdd0557337035d29a960,7a809066d6cd35f83c57a3c52b7afab3368aa7dba694ff29285e90dcd28df089,555820,1716143232000000000,300
OB/adservice_delay/1,OB,adservice,delay,1,300,300,incident,0.3,4,0.3,nsigma,1,1.0,1.0,0.0,1,1,1,13,63.63629997940734,adservice|emailservice|checkoutservice|productcatalogservice|shippingservice,adservice_mem,0.5356666666666666,5,5,0.696,0.37533333333333335,5,5,5,0.7,baseline-v2-20260723,cd270e7871bd358937d83d9a49829637fa80007d2964084ef229f578e3733bd3,ba75425861a059dafcc477474fc3e4ed1eafdc2b47d6fdd0557337035d29a960,7a809066d6cd35f83c57a3c52b7afab3368aa7dba694ff29285e90dcd28df089,555820,1716143232000000000,300
OB/adservice_delay/1,OB,adservice,delay,1,300,300,incident,0.3,5,0.3,baro,4,0.25,0.4,0.25,0,0,1,13,85.30799997970462,cartservice|emailservice|shippingservice|adservice|recommendationservice,cartservice_mem,0.543,5,5,0.7273333333333334,0.3586666666666667,5,5,5,0.7,baseline-v2-20260723,cd270e7871bd358937d83d9a49829637fa80007d2964084ef229f578e3733bd3,ba75425861a059dafcc477474fc3e4ed1eafdc2b47d6fdd0557337035d29a960,7a809066d6cd35f83c57a3c52b7afab3368aa7dba694ff29285e90dcd28df089,555820,1716143232000000000,300
OB/adservice_delay/1,OB,adservice,delay,1,300,300,incident,0.3,5,0.3,median_shift,2,0.5,0.8,0.08333333333333333,0,1,1,13,15.040499973110855,cartservice|adservice|redis|currencyservice|productcatalogservice,cartservice_mem,0.543,5,5,0.7273333333333334,0.3586666666666667,5,5,5,0.7,baseline-v2-20260723,cd270e7871bd358937d83d9a49829637fa80007d2964084ef229f578e3733bd3,ba75425861a059dafcc477474fc3e4ed1eafdc2b47d6fdd0557337035d29a960,7a809066d6cd35f83c57a3c52b7afab3368aa7dba694ff29285e90dcd28df089,555820,1716143232000000000,300
OB/adservice_delay/1,OB,adservice,delay,1,300,300,incident,0.3,5,0.3,nsigma,1,1.0,1.0,0.0,1,1,1,13,67.43739999365062,adservice|checkoutservice|currencyservice|emailservice|productcatalogservice,adservice_mem,0.543,5,5,0.7273333333333334,0.3586666666666667,5,5,5,0.7,baseline-v2-20260723,cd270e7871bd358937d83d9a49829637fa80007d2964084ef229f578e3733bd3,ba75425861a059dafcc477474fc3e4ed1eafdc2b47d6fdd0557337035d29a960,7a809066d6cd35f83c57a3c52b7afab3368aa7dba694ff29285e90dcd28df089,555820,1716143232000000000,300
OB/adservice_delay/1,OB,adservice,delay,1,300,300,incident,0.3,6,0.3,baro,1,1.0,1.0,0.0,1,1,1,13,80.7426999672316,adservice|frontend|shippingservice|cartservice|currencyservice,adservice_cpu,0.5336666666666666,5,5,0.708,0.35933333333333334,5,5,5,0.7,baseline-v2-20260723,cd270e7871bd358937d83d9a49829637fa80007d2964084ef229f578e3733bd3,ba75425861a059dafcc477474fc3e4ed1eafdc2b47d6fdd0557337035d29a960,7a809066d6cd35f83c57a3c52b7afab3368aa7dba694ff29285e90dcd28df089,555820,1716143232000000000,300
OB/adservice_delay/1,OB,adservice,delay,1,300,300,incident,0.3,6,0.3,median_shift,2,0.5,0.8,0.08333333333333333,0,1,1,13,19.865799986291677,cartservice|adservice|productcatalogservice|paymentservice|currencyservice,cartservice_mem,0.5336666666666666,5,5,0.708,0.35933333333333334,5,5,5,0.7,baseline-v2-20260723,cd270e7871bd358937d83d9a49829637fa80007d2964084ef229f578e3733bd3,ba75425861a059dafcc477474fc3e4ed1eafdc2b47d6fdd0557337035d29a960,7a809066d6cd35f83c57a3c52b7afab3368aa7dba694ff29285e90dcd28df089,555820,1716143232000000000,300
OB/adservice_delay/1,OB,adservice,delay,1,300,300,incident,0.3,6,0.3,nsigma,1,1.0,1.0,0.0,1,1,1,13,87.04469999065623,adservice|currencyservice|emailservice|checkoutservice|shippingservice,adservice_mem,0.5336666666666666,5,5,0.708,0.35933333333333334,5,5,5,0.7,baseline-v2-20260723,cd270e7871bd358937d83d9a49829637fa80007d2964084ef229f578e3733bd3,ba75425861a059dafcc477474fc3e4ed1eafdc2b47d6fdd0557337035d29a960,7a809066d6cd35f83c57a3c52b7afab3368aa7dba694ff29285e90dcd28df089,555820,1716143232000000000,300
OB/adservice_delay/1,OB,adservice,delay,1,300,300,incident,0.3,7,0.3,baro,4,0.25,0.4,0.25,0,0,1,13,86.94339997600764,cartservice|shippingservice|recommendationservice|adservice|currencyservice,cartservice_mem,0.5366666666666666,5,5,0.7113333333333334,0.362,5,5,5,0.7,baseline-v2-20260723,cd270e7871bd358937d83d9a49829637fa80007d2964084ef229f578e3733bd3,ba75425861a059dafcc477474fc3e4ed1eafdc2b47d6fdd0557337035d29a960,7a809066d6cd35f83c57a3c52b7afab3368aa7dba694ff29285e90dcd28df089,555820,1716143232000000000,300
OB/adservice_delay/1,OB,adservice,delay,1,300,300,incident,0.3,7,0.3,median_shift,1,1.0,1.0,0.0,1,1,1,13,17.93349999934435,adservice|productcatalogservice|currencyservice|paymentservice|recommendationservice,adservice_mem,0.5366666666666666,5,5,0.7113333333333334,0.362,5,5,5,0.7,baseline-v2-20260723,cd270e7871bd358937d83d9a49829637fa80007d2964084ef229f578e3733bd3,ba75425861a059dafcc477474fc3e4ed1eafdc2b47d6fdd0557337035d29a960,7a809066d6cd35f83c57a3c52b7afab3368aa7dba694ff29285e90dcd28df089,555820,1716143232000000000,300
OB/adservice_delay/1,OB,adservice,delay,1,300,300,incident,0.3,7,0.3,nsigma,1,1.0,1.0,0.0,1,1,1,13,61.58630002755672,adservice|currencyservice|emailservice|checkoutservice|productcatalogservice,adservice_mem,0.5366666666666666,5,5,0.7113333333333334,0.362,5,5,5,0.7,baseline-v2-20260723,cd270e7871bd358937d83d9a49829637fa80007d2964084ef229f578e3733bd3,ba75425861a059dafcc477474fc3e4ed1eafdc2b47d6fdd0557337035d29a960,7a809066d6cd35f83c57a3c52b7afab3368aa7dba694ff29285e90dcd28df089,555820,1716143232000000000,300
OB/adservice_delay/1,OB,adservice,delay,1,300,300,incident,0.3,8,0.3,baro,4,0.25,0.4,0.25,0,0,1,13,68.93660000059754,cartservice|emailservice|currencyservice|adservice|shippingservice,cartservice_mem,0.5383333333333333,5,5,0.708,0.36866666666666664,5,5,5,0.7,baseline-v2-20260723,cd270e7871bd358937d83d9a49829637fa80007d2964084ef229f578e3733bd3,ba75425861a059dafcc477474fc3e4ed1eafdc2b47d6fdd0557337035d29a960,7a809066d6cd35f83c57a3c52b7afab3368aa7dba694ff29285e90dcd28df089,555820,1716143232000000000,300
OB/adservice_delay/1,OB,adservice,delay,1,300,300,incident,0.3,8,0.3,median_shift,2,0.5,0.8,0.08333333333333333,0,1,1,13,25.896300037857145,redis|adservice|currencyservice|productcatalogservice|paymentservice,redis_cpu,0.5383333333333333,5,5,0.708,0.36866666666666664,5,5,5,0.7,baseline-v2-20260723,cd270e7871bd358937d83d9a49829637fa80007d2964084ef229f578e3733bd3,ba75425861a059dafcc477474fc3e4ed1eafdc2b47d6fdd0557337035d29a960,7a809066d6cd35f83c57a3c52b7afab3368aa7dba694ff29285e90dcd28df089,555820,1716143232000000000,300
OB/adservice_delay/1,OB,adservice,delay,1,300,300,incident,0.3,8,0.3,nsigma,2,0.5,0.8,0.08333333333333333,0,1,1,13,70.44340000720695,emailservice|adservice|checkoutservice|currencyservice|shippingservice,emailservice_workload,0.5383333333333333,5,5,0.708,0.36866666666666664,5,5,5,0.7,baseline-v2-20260723,cd270e7871bd358937d83d9a49829637fa80007d2964084ef229f578e3733bd3,ba75425861a059dafcc477474fc3e4ed1eafdc2b47d6fdd0557337035d29a960,7a809066d6cd35f83c57a3c52b7afab3368aa7dba694ff29285e90dcd28df089,555820,1716143232000000000,300
OB/adservice_delay/1,OB,adservice,delay,1,300,300,incident,0.3,9,0.3,baro,2,0.5,0.8,0.08333333333333333,0,1,1,13,91.41230001114309,shippingservice|adservice|checkoutservice|currencyservice|emailservice,shippingservice_mem,0.5313333333333333,5,5,0.702,0.3606666666666667,5,5,5,0.7,baseline-v2-20260723,cd270e7871bd358937d83d9a49829637fa80007d2964084ef229f578e3733bd3,ba75425861a059dafcc477474fc3e4ed1eafdc2b47d6fdd0557337035d29a960,7a809066d6cd35f83c57a3c52b7afab3368aa7dba694ff29285e90dcd28df089,555820,1716143232000000000,300
OB/adservice_delay/1,OB,adservice,delay,1,300,300,incident,0.3,9,0.3,median_shift,1,1.0,1.0,0.0,1,1,1,13,22.400900023058057,adservice|recommendationservice|currencyservice|paymentservice|productcatalogservice,adservice_mem,0.5313333333333333,5,5,0.702,0.3606666666666667,5,5,5,0.7,baseline-v2-20260723,cd270e7871bd358937d83d9a49829637fa80007d2964084ef229f578e3733bd3,ba75425861a059dafcc477474fc3e4ed1eafdc2b47d6fdd0557337035d29a960,7a809066d6cd35f83c57a3c52b7afab3368aa7dba694ff29285e90dcd28df089,555820,1716143232000000000,300
OB/adservice_delay/1,OB,adservice,delay,1,300,300,incident,0.3,9,0.3,nsigma,2,0.5,0.8,0.08333333333333333,0,1,1,13,69.93180001154542,checkoutservice|adservice|currencyservice|emailservice|shippingservice,checkoutservice_workload,0.5313333333333333,5,5,0.702,0.3606666666666667,5,5,5,0.7,baseline-v2-20260723,cd270e7871bd358937d83d9a49829637fa80007d2964084ef229f578e3733bd3,ba75425861a059dafcc477474fc3e4ed1eafdc2b47d6fdd0557337035d29a960,7a809066d6cd35f83c57a3c52b7afab3368aa7dba694ff29285e90dcd28df089,555820,1716143232000000000,300
OB/adservice_delay/1,OB,adservice,delay,1,300,300,incident,0.5,0,0.5,baro,6,0.16666666666666666,0.0,0.4166666666666667,0,0,0,13,87.14409999083728,emailservice|frontend|paymentservice|checkoutservice|recommendationservice,emailservice_workload,0.36033333333333334,5,5,0.494,0.22666666666666666,5,5,5,0.5,baseline-v2-20260723,cd270e7871bd358937d83d9a49829637fa80007d2964084ef229f578e3733bd3,ba75425861a059dafcc477474fc3e4ed1eafdc2b47d6fdd0557337035d29a960,7a809066d6cd35f83c57a3c52b7afab3368aa7dba694ff29285e90dcd28df089,555820,1716143232000000000,300
OB/adservice_delay/1,OB,adservice,delay,1,300,300,incident,0.5,0,0.5,median_shift,8,0.125,0.0,0.5833333333333334,0,0,0,13,12.038700049743056,cartservice|paymentservice|currencyservice|productcatalogservice|recommendationservice,cartservice_mem,0.36033333333333334,5,5,0.494,0.22666666666666666,5,5,5,0.5,baseline-v2-20260723,cd270e7871bd358937d83d9a49829637fa80007d2964084ef229f578e3733bd3,ba75425861a059dafcc477474fc3e4ed1eafdc2b47d6fdd0557337035d29a960,7a809066d6cd35f83c57a3c52b7afab3368aa7dba694ff29285e90dcd28df089,555820,1716143232000000000,300
OB/adservice_delay/1,OB,adservice,delay,1,300,300,incident,0.5,0,0.5,nsigma,2,0.5,0.8,0.08333333333333333,0,1,1,13,68.33470001583919,emailservice|adservice|checkoutservice|currencyservice|frontend,emailservice_workload,0.36033333333333334,5,5,0.494,0.22666666666666666,5,5,5,0.5,baseline-v2-20260723,cd270e7871bd358937d83d9a49829637fa80007d2964084ef229f578e3733bd3,ba75425861a059dafcc477474fc3e4ed1eafdc2b47d6fdd0557337035d29a960,7a809066d6cd35f83c57a3c52b7afab3368aa7dba694ff29285e90dcd28df089,555820,1716143232000000000,300
OB/adservice_delay/1,OB,adservice,delay,1,300,300,incident,0.5,1,0.5,baro,6,0.16666666666666666,0.0,0.4166666666666667,0,0,0,13,83.92399997683242,cartservice|checkoutservice|paymentservice|emailservice|shippingservice,cartservice_mem,0.3466666666666667,5,5,0.4653333333333333,0.228,5,5,4,0.5,baseline-v2-20260723,cd270e7871bd358937d83d9a49829637fa80007d2964084ef229f578e3733bd3,ba75425861a059dafcc477474fc3e4ed1eafdc2b47d6fdd0557337035d29a960,7a809066d6cd35f83c57a3c52b7afab3368aa7dba694ff29285e90dcd28df089,555820,1716143232000000000,300
OB/adservice_delay/1,OB,adservice,delay,1,300,300,incident,0.5,1,0.5,median_shift,1,1.0,1.0,0.0,1,1,1,13,10.930799995549023,adservice|currencyservice|redis|paymentservice|productcatalogservice,adservice_mem,0.3466666666666667,5,5,0.4653333333333333,0.228,5,5,4,0.5,baseline-v2-20260723,cd270e7871bd358937d83d9a49829637fa80007d2964084ef229f578e3733bd3,ba75425861a059dafcc477474fc3e4ed1eafdc2b47d6fdd0557337035d29a960,7a809066d6cd35f83c57a3c52b7afab3368aa7dba694ff29285e90dcd28df089,555820,1716143232000000000,300
OB/adservice_delay/1,OB,adservice,delay,1,300,300,incident,0.5,1,0.5,nsigma,2,0.5,0.8,0.08333333333333333,0,1,1,13,98.48810004768893,checkoutservice|adservice|emailservice|currencyservice|shippingservice,checkoutservice_workload,0.3466666666666667,5,5,0.4653333333333333,0.228,5,5,4,0.5,baseline-v2-20260723,cd270e7871bd358937d83d9a49829637fa80007d2964084ef229f578e3733bd3,ba75425861a059dafcc477474fc3e4ed1eafdc2b47d6fdd0557337035d29a960,7a809066d6cd35f83c57a3c52b7afab3368aa7dba694ff29285e90dcd28df089,555820,1716143232000000000,300
OB/adservice_delay/1,OB,adservice,delay,1,300,300,incident,0.5,2,0.5,baro,3,0.3333333333333333,0.6,0.16666666666666666,0,1,1,13,85.35199996549636,emailservice|paymentservice|adservice|cartservice|frontend-external,emailservice_workload,0.366,5,5,0.5053333333333333,0.22666666666666666,5,5,5,0.5,baseline-v2-20260723,cd270e7871bd358937d83d9a49829637fa80007d2964084ef229f578e3733bd3,ba75425861a059dafcc477474fc3e4ed1eafdc2b47d6fdd0557337035d29a960,7a809066d6cd35f83c57a3c52b7afab3368aa7dba694ff29285e90dcd28df089,555820,1716143232000000000,300
OB/adservice_delay/1,OB,adservice,delay,1,300,300,incident,0.5,2,0.5,median_shift,1,1.0,1.0,0.0,1,1,1,13,16.147300018928945,adservice|currencyservice|paymentservice|recommendationservice|cartservice,adservice_mem,0.366,5,5,0.5053333333333333,0.22666666666666666,5,5,5,0.5,baseline-v2-20260723,cd270e7871bd358937d83d9a49829637fa80007d2964084ef229f578e3733bd3,ba75425861a059dafcc477474fc3e4ed1eafdc2b47d6fdd0557337035d29a960,7a809066d6cd35f83c57a3c52b7afab3368aa7dba694ff29285e90dcd28df089,555820,1716143232000000000,300
OB/adservice_delay/1,OB,adservice,delay,1,300,300,incident,0.5,2,0.5,nsigma,2,0.5,0.8,0.08333333333333333,0,1,1,13,52.17350000748411,emailservice|adservice|checkoutservice|currencyservice|frontend,emailservice_workload,0.366,5,5,0.5053333333333333,0.22666666666666666,5,5,5,0.5,baseline-v2-20260723,cd270e7871bd358937d83d9a49829637fa80007d2964084ef229f578e3733bd3,ba75425861a059dafcc477474fc3e4ed1eafdc2b47d6fdd0557337035d29a960,7a809066d6cd35f83c57a3c52b7afab3368aa7dba694ff29285e90dcd28df089,555820,1716143232000000000,300
OB/adservice_delay/1,OB,adservice,delay,1,300,300,incident,0.5,3,0.5,baro,4,0.25,0.4,0.25,0,0,1,13,85.55590000469238,paymentservice|checkoutservice|emailservice|adservice|currencyservice,paymentservice_mem,0.374,5,5,0.5226666666666666,0.22533333333333333,5,5,5,0.5,baseline-v2-20260723,cd270e7871bd358937d83d9a49829637fa80007d2964084ef229f578e3733bd3,ba75425861a059dafcc477474fc3e4ed1eafdc2b47d6fdd0557337035d29a960,7a809066d6cd35f83c57a3c52b7afab3368aa7dba694ff29285e90dcd28df089,555820,1716143232000000000,300
OB/adservice_delay/1,OB,adservice,delay,1,300,300,incident,0.5,3,0.5,median_shift,1,1.0,1.0,0.0,1,1,1,13,23.572000034619123,adservice|currencyservice|redis|paymentservice|recommendationservice,adservice_mem,0.374,5,5,0.5226666666666666,0.22533333333333333,5,5,5,0.5,baseline-v2-20260723,cd270e7871bd358937d83d9a49829637fa80007d2964084ef229f578e3733bd3,ba75425861a059dafcc477474fc3e4ed1eafdc2b47d6fdd0557337035d29a960,7a809066d6cd35f83c57a3c52b7afab3368aa7dba694ff29285e90dcd28df089,555820,1716143232000000000,300
OB/adservice_delay/1,OB,adservice,delay,1,300,300,incident,0.5,3,0.5,nsigma,1,1.0,1.0,0.0,1,1,1,13,74.02759999968112,adservice|checkoutservice|emailservice|currencyservice|frontend,adservice_mem,0.374,5,5,0.5226666666666666,0.22533333333333333,5,5,5,0.5,baseline-v2-20260723,cd270e7871bd358937d83d9a49829637fa80007d2964084ef229f578e3733bd3,ba75425861a059dafcc477474fc3e4ed1eafdc2b47d6fdd0557337035d29a960,7a809066d6cd35f83c57a3c52b7afab3368aa7dba694ff29285e90dcd28df089,555820,1716143232000000000,300
OB/adservice_delay/1,OB,adservice,delay,1,300,300,incident,0.5,4,0.5,baro,4,0.25,0.4,0.25,0,0,1,13,125.1975999912247,checkoutservice|redis|cartservice|adservice|emailservice,checkoutservice_workload,0.36766666666666664,5,5,0.5086666666666667,0.22666666666666666,5,5,5,0.5,baseline-v2-20260723,cd270e7871bd358937d83d9a49829637fa80007d2964084ef229f578e3733bd3,ba75425861a059dafcc477474fc3e4ed1eafdc2b47d6fdd0557337035d29a960,7a809066d6cd35f83c57a3c52b7afab3368aa7dba694ff29285e90dcd28df089,555820,1716143232000000000,300
OB/adservice_delay/1,OB,adservice,delay,1,300,300,incident,0.5,4,0.5,median_shift,7,0.14285714285714285,0.0,0.5,0,0,0,13,11.829499970190227,currencyservice|paymentservice|recommendationservice|productcatalogservice|frontend,currencyservice_latency-50,0.36766666666666664,5,5,0.5086666666666667,0.22666666666666666,5,5,5,0.5,baseline-v2-20260723,cd270e7871bd358937d83d9a49829637fa80007d2964084ef229f578e3733bd3,ba75425861a059dafcc477474fc3e4ed1eafdc2b47d6fdd0557337035d29a960,7a809066d6cd35f83c57a3c52b7afab3368aa7dba694ff29285e90dcd28df089,555820,1716143232000000000,300
OB/adservice_delay/1,OB,adservice,delay,1,300,300,incident,0.5,4,0.5,nsigma,1,1.0,1.0,0.0,1,1,1,13,81.42689999658614,adservice|emailservice|checkoutservice|currencyservice|shippingservice,adservice_mem,0.36766666666666664,5,5,0.5086666666666667,0.22666666666666666,5,5,5,0.5,baseline-v2-20260723,cd270e7871bd358937d83d9a49829637fa80007d2964084ef229f578e3733bd3,ba75425861a059dafcc477474fc3e4ed1eafdc2b47d6fdd0557337035d29a960,7a809066d6cd35f83c57a3c52b7afab3368aa7dba694ff29285e90dcd28df089,555820,1716143232000000000,300
OB/adservice_delay/1,OB,adservice,delay,1,300,300,incident,0.5,5,0.5,baro,2,0.5,0.8,0.08333333333333333,0,1,1,13,103.00070000812411,paymentservice|adservice|currencyservice|shippingservice|frontend,paymentservice_mem,0.371,5,5,0.512,0.23,5,5,5,0.5,baseline-v2-20260723,cd270e7871bd358937d83d9a49829637fa80007d2964084ef229f578e3733bd3,ba75425861a059dafcc477474fc3e4ed1eafdc2b47d6fdd0557337035d29a960,7a809066d6cd35f83c57a3c52b7afab3368aa7dba694ff29285e90dcd28df089,555820,1716143232000000000,300
OB/adservice_delay/1,OB,adservice,delay,1,300,300,incident,0.5,5,0.5,median_shift,5,0.2,0.2,0.3333333333333333,0,0,1,13,10.56369999423623,currencyservice|paymentservice|recommendationservice|frontend|adservice,currencyservice_latency-50,0.371,5,5,0.512,0.23,5,5,5,0.5,baseline-v2-20260723,cd270e7871bd358937d83d9a49829637fa80007d2964084ef229f578e3733bd3,ba75425861a059dafcc477474fc3e4ed1eafdc2b47d6fdd0557337035d29a960,7a809066d6cd35f83c57a3c52b7afab3368aa7dba694ff29285e90dcd28df089,555820,1716143232000000000,300
OB/adservice_delay/1,OB,adservice,delay,1,300,300,incident,0.5,5,0.5,nsigma,1,1.0,1.0,0.0,1,1,1,13,63.035700004547834,adservice|checkoutservice|currencyservice|shippingservice|frontend,adservice_mem,0.371,5,5,0.512,0.23,5,5,5,0.5,baseline-v2-20260723,cd270e7871bd358937d83d9a49829637fa80007d2964084ef229f578e3733bd3,ba75425861a059dafcc477474fc3e4ed1eafdc2b47d6fdd0557337035d29a960,7a809066d6cd35f83c57a3c52b7afab3368aa7dba694ff29285e90dcd28df089,555820,1716143232000000000,300
OB/adservice_delay/1,OB,adservice,delay,1,300,300,incident,0.5,6,0.5,baro,9,0.1111111111111111,0.0,0.6666666666666666,0,0,0,13,85.53300000494346,cartservice|currencyservice|emailservice|recommendationservice|paymentservice,cartservice_mem,0.36566666666666664,5,5,0.498,0.23333333333333334,5,5,5,0.5,baseline-v2-20260723,cd270e7871bd358937d83d9a49829637fa80007d2964084ef229f578e3733bd3,ba75425861a059dafcc477474fc3e4ed1eafdc2b47d6fdd0557337035d29a960,7a809066d6cd35f83c57a3c52b7afab3368aa7dba694ff29285e90dcd28df089,555820,1716143232000000000,300
OB/adservice_delay/1,OB,adservice,delay,1,300,300,incident,0.5,6,0.5,median_shift,1,1.0,1.0,0.0,1,1,1,13,24.251899973023683,adservice|currencyservice|paymentservice|recommendationservice|frontend,adservice_mem,0.36566666666666664,5,5,0.498,0.23333333333333334,5,5,5,0.5,baseline-v2-20260723,cd270e7871bd358937d83d9a49829637fa80007d2964084ef229f578e3733bd3,ba75425861a059dafcc477474fc3e4ed1eafdc2b47d6fdd0557337035d29a960,7a809066d6cd35f83c57a3c52b7afab3368aa7dba694ff29285e90dcd28df089,555820,1716143232000000000,300
OB/adservice_delay/1,OB,adservice,delay,1,300,300,incident,0.5,6,0.5,nsigma,1,1.0,1.0,0.0,1,1,1,13,50.5364999989979,adservice|shippingservice|emailservice|currencyservice|checkoutservice,adservice_mem,0.36566666666666664,5,5,0.498,0.23333333333333334,5,5,5,0.5,baseline-v2-20260723,cd270e7871bd358937d83d9a49829637fa80007d2964084ef229f578e3733bd3,ba75425861a059dafcc477474fc3e4ed1eafdc2b47d6fdd0557337035d29a960,7a809066d6cd35f83c57a3c52b7afab3368aa7dba694ff29285e90dcd28df089,555820,1716143232000000000,300
OB/adservice_delay/1,OB,adservice,delay,1,300,300,incident,0.5,7,0.5,baro,9,0.1111111111111111,0.0,0.6666666666666666,0,0,0,13,63.555800006724894,cartservice|emailservice|paymentservice|productcatalogservice|checkoutservice,cartservice_mem,0.36833333333333335,5,5,0.51,0.22666666666666666,5,5,5,0.5,baseline-v2-20260723,cd270e7871bd358937d83d9a49829637fa80007d2964084ef229f578e3733bd3,ba75425861a059dafcc477474fc3e4ed1eafdc2b47d6fdd0557337035d29a960,7a809066d6cd35f83c57a3c52b7afab3368aa7dba694ff29285e90dcd28df089,555820,1716143232000000000,300
OB/adservice_delay/1,OB,adservice,delay,1,300,300,incident,0.5,7,0.5,median_shift,1,1.0,1.0,0.0,1,1,1,13,11.117800022475421,adservice|redis|currencyservice|paymentservice|productcatalogservice,adservice_mem,0.36833333333333335,5,5,0.51,0.22666666666666666,5,5,5,0.5,baseline-v2-20260723,cd270e7871bd358937d83d9a49829637fa80007d2964084ef229f578e3733bd3,ba75425861a059dafcc477474fc3e4ed1eafdc2b47d6fdd0557337035d29a960,7a809066d6cd35f83c57a3c52b7afab3368aa7dba694ff29285e90dcd28df089,555820,1716143232000000000,300
OB/adservice_delay/1,OB,adservice,delay,1,300,300,incident,0.5,7,0.5,nsigma,2,0.5,0.8,0.08333333333333333,0,1,1,13,68.2272999547422,emailservice|adservice|checkoutservice|currencyservice|productcatalogservice,emailservice_workload,0.36833333333333335,5,5,0.51,0.22666666666666666,5,5,5,0.5,baseline-v2-20260723,cd270e7871bd358937d83d9a49829637fa80007d2964084ef229f578e3733bd3,ba75425861a059dafcc477474fc3e4ed1eafdc2b47d6fdd0557337035d29a960,7a809066d6cd35f83c57a3c52b7afab3368aa7dba694ff29285e90dcd28df089,555820,1716143232000000000,300
OB/adservice_delay/1,OB,adservice,delay,1,300,300,incident,0.5,8,0.5,baro,10,0.1,0.0,0.75,0,0,0,13,82.29239995125681,paymentservice|recommendationservice|emailservice|currencyservice|main,paymentservice_mem,0.36466666666666664,5,5,0.5113333333333333,0.218,5,5,5,0.5,baseline-v2-20260723,cd270e7871bd358937d83d9a49829637fa80007d2964084ef229f578e3733bd3,ba75425861a059dafcc477474fc3e4ed1eafdc2b47d6fdd0557337035d29a960,7a809066d6cd35f83c57a3c52b7afab3368aa7dba694ff29285e90dcd28df089,555820,1716143232000000000,300
OB/adservice_delay/1,OB,adservice,delay,1,300,300,incident,0.5,8,0.5,median_shift,10,0.1,0.0,0.75,0,0,0,13,14.486100000794977,currencyservice|recommendationservice|paymentservice|productcatalogservice|redis,currencyservice_latency-50,0.36466666666666664,5,5,0.5113333333333333,0.218,5,5,5,0.5,baseline-v2-20260723,cd270e7871bd358937d83d9a49829637fa80007d2964084ef229f578e3733bd3,ba75425861a059dafcc477474fc3e4ed1eafdc2b47d6fdd0557337035d29a960,7a809066d6cd35f83c57a3c52b7afab3368aa7dba694ff29285e90dcd28df089,555820,1716143232000000000,300
OB/adservice_delay/1,OB,adservice,delay,1,300,300,incident,0.5,8,0.5,nsigma,3,0.3333333333333333,0.6,0.16666666666666666,0,1,1,13,48.960299987811595,emailservice|recommendationservice|adservice|checkoutservice|currencyservice,emailservice_workload,0.36466666666666664,5,5,0.5113333333333333,0.218,5,5,5,0.5,baseline-v2-20260723,cd270e7871bd358937d83d9a49829637fa80007d2964084ef229f578e3733bd3,ba75425861a059dafcc477474fc3e4ed1eafdc2b47d6fdd0557337035d29a960,7a809066d6cd35f83c57a3c52b7afab3368aa7dba694ff29285e90dcd28df089,555820,1716143232000000000,300
OB/adservice_delay/1,OB,adservice,delay,1,300,300,incident,0.5,9,0.5,baro,2,0.5,0.8,0.08333333333333333,0,1,1,13,69.1203000023961,emailservice|adservice|checkoutservice|recommendationservice|shippingservice,emailservice_cpu,0.37233333333333335,5,5,0.5193333333333333,0.22533333333333333,5,5,5,0.5,baseline-v2-20260723,cd270e7871bd358937d83d9a49829637fa80007d2964084ef229f578e3733bd3,ba75425861a059dafcc477474fc3e4ed1eafdc2b47d6fdd0557337035d29a960,7a809066d6cd35f83c57a3c52b7afab3368aa7dba694ff29285e90dcd28df089,555820,1716143232000000000,300
OB/adservice_delay/1,OB,adservice,delay,1,300,300,incident,0.5,9,0.5,median_shift,6,0.16666666666666666,0.0,0.4166666666666667,0,0,0,13,12.459200050216168,paymentservice|currencyservice|recommendationservice|productcatalogservice|redis,paymentservice_latency-90,0.37233333333333335,5,5,0.5193333333333333,0.22533333333333333,5,5,5,0.5,baseline-v2-20260723,cd270e7871bd358937d83d9a49829637fa80007d2964084ef229f578e3733bd3,ba75425861a059dafcc477474fc3e4ed1eafdc2b47d6fdd0557337035d29a960,7a809066d6cd35f83c57a3c52b7afab3368aa7dba694ff29285e90dcd28df089,555820,1716143232000000000,300
OB/adservice_delay/1,OB,adservice,delay,1,300,300,incident,0.5,9,0.5,nsigma,2,0.5,0.8,0.08333333333333333,0,1,1,13,49.7347999480553,emailservice|adservice|checkoutservice|currencyservice|shippingservice,emailservice_workload,0.37233333333333335,5,5,0.5193333333333333,0.22533333333333333,5,5,5,0.5,baseline-v2-20260723,cd270e7871bd358937d83d9a49829637fa80007d2964084ef229f578e3733bd3,ba75425861a059dafcc477474fc3e4ed1eafdc2b47d6fdd0557337035d29a960,7a809066d6cd35f83c57a3c52b7afab3368aa7dba694ff29285e90dcd28df089,555820,1716143232000000000,300
OB/adservice_delay/1,OB,adservice,delay,1,300,300,none,0.0,0,0.0,baro,1,1.0,1.0,0.0,1,1,1,13,101.09920002287254,adservice|checkoutservice|main|productcatalogservice|frontend,adservice_latency-90,1.0,5,5,1.0,1.0,5,5,5,1.0,baseline-v2-20260723,cd270e7871bd358937d83d9a49829637fa80007d2964084ef229f578e3733bd3,ba75425861a059dafcc477474fc3e4ed1eafdc2b47d6fdd0557337035d29a960,7a809066d6cd35f83c57a3c52b7afab3368aa7dba694ff29285e90dcd28df089,555820,1716143232000000000,300
OB/adservice_delay/1,OB,adservice,delay,1,300,300,none,0.0,0,0.0,median_shift,1,1.0,1.0,0.0,1,1,1,13,15.04580001346767,adservice|checkoutservice|main|shippingservice|productcatalogservice,adservice_latency-90,1.0,5,5,1.0,1.0,5,5,5,1.0,baseline-v2-20260723,cd270e7871bd358937d83d9a49829637fa80007d2964084ef229f578e3733bd3,ba75425861a059dafcc477474fc3e4ed1eafdc2b47d6fdd0557337035d29a960,7a809066d6cd35f83c57a3c52b7afab3368aa7dba694ff29285e90dcd28df089,555820,1716143232000000000,300
OB/adservice_delay/1,OB,adservice,delay,1,300,300,none,0.0,0,0.0,nsigma,1,1.0,1.0,0.0,1,1,1,13,81.35150000452995,adservice|recommendationservice|checkoutservice|frontend|main,adservice_latency-90,1.0,5,5,1.0,1.0,5,5,5,1.0,baseline-v2-20260723,cd270e7871bd358937d83d9a49829637fa80007d2964084ef229f578e3733bd3,ba75425861a059dafcc477474fc3e4ed1eafdc2b47d6fdd0557337035d29a960,7a809066d6cd35f83c57a3c52b7afab3368aa7dba694ff29285e90dcd28df089,555820,1716143232000000000,300
OB/adservice_delay/1,OB,adservice,delay,1,300,300,point,0.1,0,0.1,baro,1,1.0,1.0,0.0,1,1,1,13,64.09090000670403,adservice|checkoutservice|main|productcatalogservice|emailservice,adservice_latency-90,0.9023333333333333,5,5,0.8933333333333333,0.9113333333333333,5,5,5,0.9,baseline-v2-20260723,cd270e7871bd358937d83d9a49829637fa80007d2964084ef229f578e3733bd3,ba75425861a059dafcc477474fc3e4ed1eafdc2b47d6fdd0557337035d29a960,7a809066d6cd35f83c57a3c52b7afab3368aa7dba694ff29285e90dcd28df089,555820,1716143232000000000,300
OB/adservice_delay/1,OB,adservice,delay,1,300,300,point,0.1,0,0.1,median_shift,1,1.0,1.0,0.0,1,1,1,13,10.995900025591254,adservice|checkoutservice|main|shippingservice|productcatalogservice,adservice_latency-90,0.9023333333333333,5,5,0.8933333333333333,0.9113333333333333,5,5,5,0.9,baseline-v2-20260723,cd270e7871bd358937d83d9a49829637fa80007d2964084ef229f578e3733bd3,ba75425861a059dafcc477474fc3e4ed1eafdc2b47d6fdd0557337035d29a960,7a809066d6cd35f83c57a3c52b7afab3368aa7dba694ff29285e90dcd28df089,555820,1716143232000000000,300
OB/adservice_delay/1,OB,adservice,delay,1,300,300,point,0.1,0,0.1,nsigma,1,1.0,1.0,0.0,1,1,1,13,75.77729999320582,adservice|recommendationservice|checkoutservice|frontend|main,adservice_latency-90,0.9023333333333333,5,5,0.8933333333333333,0.9113333333333333,5,5,5,0.9,baseline-v2-20260723,cd270e7871bd358937d83d9a49829637fa80007d2964084ef229f578e3733bd3,ba75425861a059dafcc477474fc3e4ed1eafdc2b47d6fdd0557337035d29a960,7a809066d6cd35f83c57a3c52b7afab3368aa7dba694ff29285e90dcd28df089,555820,1716143232000000000,300
OB/adservice_delay/1,OB,adservice,delay,1,300,300,point,0.1,1,0.1,baro,1,1.0,1.0,0.0,1,1,1,13,60.974700027145445,adservice|checkoutservice|main|productcatalogservice|frontend,adservice_latency-90,0.8963333333333333,5,5,0.8926666666666667,0.9,5,5,5,0.9,baseline-v2-20260723,cd270e7871bd358937d83d9a49829637fa80007d2964084ef229f578e3733bd3,ba75425861a059dafcc477474fc3e4ed1eafdc2b47d6fdd0557337035d29a960,7a809066d6cd35f83c57a3c52b7afab3368aa7dba694ff29285e90dcd28df089,555820,1716143232000000000,300
OB/adservice_delay/1,OB,adservice,delay,1,300,300,point,0.1,1,0.1,median_shift,1,1.0,1.0,0.0,1,1,1,13,21.367300010751933,adservice|checkoutservice|main|shippingservice|productcatalogservice,adservice_latency-90,0.8963333333333333,5,5,0.8926666666666667,0.9,5,5,5,0.9,baseline-v2-20260723,cd270e7871bd358937d83d9a49829637fa80007d2964084ef229f578e3733bd3,ba75425861a059dafcc477474fc3e4ed1eafdc2b47d6fdd0557337035d29a960,7a809066d6cd35f83c57a3c52b7afab3368aa7dba694ff29285e90dcd28df089,555820,1716143232000000000,300
OB/adservice_delay/1,OB,adservice,delay,1,300,300,point,0.1,1,0.1,nsigma,1,1.0,1.0,0.0,1,1,1,13,50.919200002681464,adservice|recommendationservice|checkoutservice|frontend|main,adservice_latency-90,0.8963333333333333,5,5,0.8926666666666667,0.9,5,5,5,0.9,baseline-v2-20260723,cd270e7871bd358937d83d9a49829637fa80007d2964084ef229f578e3733bd3,ba75425861a059dafcc477474fc3e4ed1eafdc2b47d6fdd0557337035d29a960,7a809066d6cd35f83c57a3c52b7afab3368aa7dba694ff29285e90dcd28df089,555820,1716143232000000000,300
OB/adservice_delay/1,OB,adservice,delay,1,300,300,point,0.1,2,0.1,baro,1,1.0,1.0,0.0,1,1,1,13,93.60429999651387,adservice|checkoutservice|main|productcatalogservice|paymentservice,adservice_latency-90,0.902,5,5,0.9013333333333333,0.9026666666666666,5,5,5,0.9,baseline-v2-20260723,cd270e7871bd358937d83d9a49829637fa80007d2964084ef229f578e3733bd3,ba75425861a059dafcc477474fc3e4ed1eafdc2b47d6fdd0557337035d29a960,7a809066d6cd35f83c57a3c52b7afab3368aa7dba694ff29285e90dcd28df089,555820,1716143232000000000,300
OB/adservice_delay/1,OB,adservice,delay,1,300,300,point,0.1,2,0.1,median_shift,1,1.0,1.0,0.0,1,1,1,13,13.895299984142184,adservice|checkoutservice|main|shippingservice|productcatalogservice,adservice_latency-90,0.902,5,5,0.9013333333333333,0.9026666666666666,5,5,5,0.9,baseline-v2-20260723,cd270e7871bd358937d83d9a49829637fa80007d2964084ef229f578e3733bd3,ba75425861a059dafcc477474fc3e4ed1eafdc2b47d6fdd0557337035d29a960,7a809066d6cd35f83c57a3c52b7afab3368aa7dba694ff29285e90dcd28df089,555820,1716143232000000000,300
OB/adservice_delay/1,OB,adservice,delay,1,300,300,point,0.1,2,0.1,nsigma,1,1.0,1.0,0.0,1,1,1,13,133.4154999931343,adservice|recommendationservice|checkoutservice|frontend|main,adservice_latency-90,0.902,5,5,0.9013333333333333,0.9026666666666666,5,5,5,0.9,baseline-v2-20260723,cd270e7871bd358937d83d9a49829637fa80007d2964084ef229f578e3733bd3,ba75425861a059dafcc477474fc3e4ed1eafdc2b47d6fdd0557337035d29a960,7a809066d6cd35f83c57a3c52b7afab3368aa7dba694ff29285e90dcd28df089,555820,1716143232000000000,300
OB/adservice_delay/1,OB,adservice,delay,1,300,300,point,0.1,3,0.1,baro,1,1.0,1.0,0.0,1,1,1,13,73.48530000308529,adservice|checkoutservice|main|productcatalogservice|frontend,adservice_latency-90,0.8966666666666666,5,5,0.902,0.8913333333333333,5,5,5,0.9,baseline-v2-20260723,cd270e7871bd358937d83d9a49829637fa80007d2964084ef229f578e3733bd3,ba75425861a059dafcc477474fc3e4ed1eafdc2b47d6fdd0557337035d29a960,7a809066d6cd35f83c57a3c52b7afab3368aa7dba694ff29285e90dcd28df089,555820,1716143232000000000,300
OB/adservice_delay/1,OB,adservice,delay,1,300,300,point,0.1,3,0.1,median_shift,1,1.0,1.0,0.0,1,1,1,13,12.287900026421994,adservice|checkoutservice|main|shippingservice|productcatalogservice,adservice_latency-90,0.8966666666666666,5,5,0.902,0.8913333333333333,5,5,5,0.9,baseline-v2-20260723,cd270e7871bd358937d83d9a49829637fa80007d2964084ef229f578e3733bd3,ba75425861a059dafcc477474fc3e4ed1eafdc2b47d6fdd0557337035d29a960,7a809066d6cd35f83c57a3c52b7afab3368aa7dba694ff29285e90dcd28df089,555820,1716143232000000000,300
OB/adservice_delay/1,OB,adservice,delay,1,300,300,point,0.1,3,0.1,nsigma,1,1.0,1.0,0.0,1,1,1,13,61.70399999246001,adservice|checkoutservice|recommendationservice|frontend|main,adservice_latency-90,0.8966666666666666,5,5,0.902,0.8913333333333333,5,5,5,0.9,baseline-v2-20260723,cd270e7871bd358937d83d9a49829637fa80007d2964084ef229f578e3733bd3,ba75425861a059dafcc477474fc3e4ed1eafdc2b47d6fdd0557337035d29a960,7a809066d6cd35f83c57a3c52b7afab3368aa7dba694ff29285e90dcd28df089,555820,1716143232000000000,300
OB/adservice_delay/1,OB,adservice,delay,1,300,300,point,0.1,4,0.1,baro,1,1.0,1.0,0.0,1,1,1,13,56.7041999893263,adservice|checkoutservice|main|productcatalogservice|cartservice,adservice_latency-90,0.9113333333333333,5,5,0.91,0.9126666666666666,5,5,5,0.9,baseline-v2-20260723,cd270e7871bd358937d83d9a49829637fa80007d2964084ef229f578e3733bd3,ba75425861a059dafcc477474fc3e4ed1eafdc2b47d6fdd0557337035d29a960,7a809066d6cd35f83c57a3c52b7afab3368aa7dba694ff29285e90dcd28df089,555820,1716143232000000000,300
OB/adservice_delay/1,OB,adservice,delay,1,300,300,point,0.1,4,0.1,median_shift,1,1.0,1.0,0.0,1,1,1,13,9.535000019241124,adservice|checkoutservice|main|shippingservice|productcatalogservice,adservice_latency-90,0.9113333333333333,5,5,0.91,0.9126666666666666,5,5,5,0.9,baseline-v2-20260723,cd270e7871bd358937d83d9a49829637fa80007d2964084ef229f578e3733bd3,ba75425861a059dafcc477474fc3e4ed1eafdc2b47d6fdd0557337035d29a960,7a809066d6cd35f83c57a3c52b7afab3368aa7dba694ff29285e90dcd28df089,555820,1716143232000000000,300
OB/adservice_delay/1,OB,adservice,delay,1,300,300,point,0.1,4,0.1,nsigma,1,1.0,1.0,0.0,1,1,1,13,47.30879998533055,adservice|recommendationservice|checkoutservice|frontend|main,adservice_latency-90,0.9113333333333333,5,5,0.91,0.9126666666666666,5,5,5,0.9,baseline-v2-20260723,cd270e7871bd358937d83d9a49829637fa80007d2964084ef229f578e3733bd3,ba75425861a059dafcc477474fc3e4ed1eafdc2b47d6fdd0557337035d29a960,7a809066d6cd35f83c57a3c52b7afab3368aa7dba694ff29285e90dcd28df089,555820,1716143232000000000,300
OB/adservice_delay/1,OB,adservice,delay,1,300,300,point,0.1,5,0.1,baro,1,1.0,1.0,0.0,1,1,1,13,60.04830001620576,adservice|checkoutservice|main|productcatalogservice|emailservice,adservice_latency-90,0.8946666666666667,5,5,0.8913333333333333,0.898,5,5,5,0.9,baseline-v2-20260723,cd270e7871bd358937d83d9a49829637fa80007d2964084ef229f578e3733bd3,ba75425861a059dafcc477474fc3e4ed1eafdc2b47d6fdd0557337035d29a960,7a809066d6cd35f83c57a3c52b7afab3368aa7dba694ff29285e90dcd28df089,555820,1716143232000000000,300
OB/adservice_delay/1,OB,adservice,delay,1,300,300,point,0.1,5,0.1,median_shift,1,1.0,1.0,0.0,1,1,1,13,13.013800024054945,adservice|checkoutservice|main|shippingservice|productcatalogservice,adservice_latency-90,0.8946666666666667,5,5,0.8913333333333333,0.898,5,5,5,0.9,baseline-v2-20260723,cd270e7871bd358937d83d9a49829637fa80007d2964084ef229f578e3733bd3,ba75425861a059dafcc477474fc3e4ed1eafdc2b47d6fdd0557337035d29a960,7a809066d6cd35f83c57a3c52b7afab3368aa7dba694ff29285e90dcd28df089,555820,1716143232000000000,300
OB/adservice_delay/1,OB,adservice,delay,1,300,300,point,0.1,5,0.1,nsigma,1,1.0,1.0,0.0,1,1,1,13,46.79089999990538,adservice|recommendationservice|checkoutservice|frontend|main,adservice_latency-90,0.8946666666666667,5,5,0.8913333333333333,0.898,5,5,5,0.9,baseline-v2-20260723,cd270e7871bd358937d83d9a49829637fa80007d2964084ef229f578e3733bd3,ba75425861a059dafcc477474fc3e4ed1eafdc2b47d6fdd0557337035d29a960,7a809066d6cd35f83c57a3c52b7afab3368aa7dba694ff29285e90dcd28df089,555820,1716143232000000000,300
OB/adservice_delay/1,OB,adservice,delay,1,300,300,point,0.1,6,0.1,baro,1,1.0,1.0,0.0,1,1,1,13,56.26849998952821,adservice|checkoutservice|main|productcatalogservice|frontend,adservice_latency-90,0.9026666666666666,5,5,0.9033333333333333,0.902,5,5,5,0.9,baseline-v2-20260723,cd270e7871bd358937d83d9a49829637fa80007d2964084ef229f578e3733bd3,ba75425861a059dafcc477474fc3e4ed1eafdc2b47d6fdd0557337035d29a960,7a809066d6cd35f83c57a3c52b7afab3368aa7dba694ff29285e90dcd28df089,555820,1716143232000000000,300
OB/adservice_delay/1,OB,adservice,delay,1,300,300,point,0.1,6,0.1,median_shift,1,1.0,1.0,0.0,1,1,1,13,10.710200003813952,adservice|checkoutservice|main|shippingservice|productcatalogservice,adservice_latency-90,0.9026666666666666,5,5,0.9033333333333333,0.902,5,5,5,0.9,baseline-v2-20260723,cd270e7871bd358937d83d9a49829637fa80007d2964084ef229f578e3733bd3,ba75425861a059dafcc477474fc3e4ed1eafdc2b47d6fdd0557337035d29a960,7a809066d6cd35f83c57a3c52b7afab3368aa7dba694ff29285e90dcd28df089,555820,1716143232000000000,300
OB/adservice_delay/1,OB,adservice,delay,1,300,300,point,0.1,6,0.1,nsigma,1,1.0,1.0,0.0,1,1,1,13,47.79929999494925,adservice|recommendationservice|checkoutservice|frontend|main,adservice_latency-90,0.9026666666666666,5,5,0.9033333333333333,0.902,5,5,5,0.9,baseline-v2-20260723,cd270e7871bd358937d83d9a49829637fa80007d2964084ef229f578e3733bd3,ba75425861a059dafcc477474fc3e4ed1eafdc2b47d6fdd0557337035d29a960,7a809066d6cd35f83c57a3c52b7afab3368aa7dba694ff29285e90dcd28df089,555820,1716143232000000000,300
OB/adservice_delay/1,OB,adservice,delay,1,300,300,point,0.1,7,0.1,baro,1,1.0,1.0,0.0,1,1,1,13,61.30460003623739,adservice|checkoutservice|main|productcatalogservice|paymentservice,adservice_latency-90,0.897,5,5,0.896,0.898,5,5,5,0.9,baseline-v2-20260723,cd270e7871bd358937d83d9a49829637fa80007d2964084ef229f578e3733bd3,ba75425861a059dafcc477474fc3e4ed1eafdc2b47d6fdd0557337035d29a960,7a809066d6cd35f83c57a3c52b7afab3368aa7dba694ff29285e90dcd28df089,555820,1716143232000000000,300
OB/adservice_delay/1,OB,adservice,delay,1,300,300,point,0.1,7,0.1,median_shift,1,1.0,1.0,0.0,1,1,1,13,10.561999981291592,adservice|checkoutservice|main|shippingservice|currencyservice,adservice_latency-90,0.897,5,5,0.896,0.898,5,5,5,0.9,baseline-v2-20260723,cd270e7871bd358937d83d9a49829637fa80007d2964084ef229f578e3733bd3,ba75425861a059dafcc477474fc3e4ed1eafdc2b47d6fdd0557337035d29a960,7a809066d6cd35f83c57a3c52b7afab3368aa7dba694ff29285e90dcd28df089,555820,1716143232000000000,300
OB/adservice_delay/1,OB,adservice,delay,1,300,300,point,0.1,7,0.1,nsigma,1,1.0,1.0,0.0,1,1,1,13,47.78129997430369,adservice|recommendationservice|checkoutservice|frontend|emailservice,adservice_latency-90,0.897,5,5,0.896,0.898,5,5,5,0.9,baseline-v2-20260723,cd270e7871bd358937d83d9a49829637fa80007d2964084ef229f578e3733bd3,ba75425861a059dafcc477474fc3e4ed1eafdc2b47d6fdd0557337035d29a960,7a809066d6cd35f83c57a3c52b7afab3368aa7dba694ff29285e90dcd28df089,555820,1716143232000000000,300
OB/adservice_delay/1,OB,adservice,delay,1,300,300,point,0.1,8,0.1,baro,1,1.0,1.0,0.0,1,1,1,13,60.349599982146174,adservice|checkoutservice|main|productcatalogservice|cartservice,adservice_latency-90,0.8986666666666666,5,5,0.904,0.8933333333333333,5,5,5,0.9,baseline-v2-20260723,cd270e7871bd358937d83d9a49829637fa80007d2964084ef229f578e3733bd3,ba75425861a059dafcc477474fc3e4ed1eafdc2b47d6fdd0557337035d29a960,7a809066d6cd35f83c57a3c52b7afab3368aa7dba694ff29285e90dcd28df089,555820,1716143232000000000,300
OB/adservice_delay/1,OB,adservice,delay,1,300,300,point,0.1,8,0.1,median_shift,1,1.0,1.0,0.0,1,1,1,13,11.906599975191057,adservice|checkoutservice|shippingservice|main|productcatalogservice,adservice_latency-90,0.8986666666666666,5,5,0.904,0.8933333333333333,5,5,5,0.9,baseline-v2-20260723,cd270e7871bd358937d83d9a49829637fa80007d2964084ef229f578e3733bd3,ba75425861a059dafcc477474fc3e4ed1eafdc2b47d6fdd0557337035d29a960,7a809066d6cd35f83c57a3c52b7afab3368aa7dba694ff29285e90dcd28df089,555820,1716143232000000000,300
OB/adservice_delay/1,OB,adservice,delay,1,300,300,point,0.1,8,0.1,nsigma,1,1.0,1.0,0.0,1,1,1,13,60.67000003531575,adservice|recommendationservice|checkoutservice|frontend|main,adservice_latency-90,0.8986666666666666,5,5,0.904,0.8933333333333333,5,5,5,0.9,baseline-v2-20260723,cd270e7871bd358937d83d9a49829637fa80007d2964084ef229f578e3733bd3,ba75425861a059dafcc477474fc3e4ed1eafdc2b47d6fdd0557337035d29a960,7a809066d6cd35f83c57a3c52b7afab3368aa7dba694ff29285e90dcd28df089,555820,1716143232000000000,300
OB/adservice_delay/1,OB,adservice,delay,1,300,300,point,0.1,9,0.1,baro,1,1.0,1.0,0.0,1,1,1,13,73.30849999561906,adservice|checkoutservice|main|productcatalogservice|currencyservice,adservice_latency-90,0.9056666666666666,5,5,0.8986666666666666,0.9126666666666666,5,5,5,0.9,baseline-v2-20260723,cd270e7871bd358937d83d9a49829637fa80007d2964084ef229f578e3733bd3,ba75425861a059dafcc477474fc3e4ed1eafdc2b47d6fdd0557337035d29a960,7a809066d6cd35f83c57a3c52b7afab3368aa7dba694ff29285e90dcd28df089,555820,1716143232000000000,300
OB/adservice_delay/1,OB,adservice,delay,1,300,300,point,0.1,9,0.1,median_shift,1,1.0,1.0,0.0,1,1,1,13,10.588600009214133,adservice|checkoutservice|main|shippingservice|productcatalogservice,adservice_latency-90,0.9056666666666666,5,5,0.8986666666666666,0.9126666666666666,5,5,5,0.9,baseline-v2-20260723,cd270e7871bd358937d83d9a49829637fa80007d2964084ef229f578e3733bd3,ba75425861a059dafcc477474fc3e4ed1eafdc2b47d6fdd0557337035d29a960,7a809066d6cd35f83c57a3c52b7afab3368aa7dba694ff29285e90dcd28df089,555820,1716143232000000000,300
OB/adservice_delay/1,OB,adservice,delay,1,300,300,point,0.1,9,0.1,nsigma,1,1.0,1.0,0.0,1,1,1,13,49.70650002360344,adservice|recommendationservice|checkoutservice|frontend|main,adservice_latency-90,0.9056666666666666,5,5,0.8986666666666666,0.9126666666666666,5,5,5,0.9,baseline-v2-20260723,cd270e7871bd358937d83d9a49829637fa80007d2964084ef229f578e3733bd3,ba75425861a059dafcc477474fc3e4ed1eafdc2b47d6fdd0557337035d29a960,7a809066d6cd35f83c57a3c52b7afab3368aa7dba694ff29285e90dcd28df089,555820,1716143232000000000,300
OB/adservice_delay/1,OB,adservice,delay,1,300,300,point,0.3,0,0.3,baro,1,1.0,1.0,0.0,1,1,1,13,73.55390000157058,adservice|checkoutservice|main|productcatalogservice|frontend,adservice_latency-90,0.6993333333333334,5,5,0.706,0.6926666666666667,5,5,5,0.7,baseline-v2-20260723,cd270e7871bd358937d83d9a49829637fa80007d2964084ef229f578e3733bd3,ba75425861a059dafcc477474fc3e4ed1eafdc2b47d6fdd0557337035d29a960,7a809066d6cd35f83c57a3c52b7afab3368aa7dba694ff29285e90dcd28df089,555820,1716143232000000000,300
OB/adservice_delay/1,OB,adservice,delay,1,300,300,point,0.3,0,0.3,median_shift,1,1.0,1.0,0.0,1,1,1,13,15.411900007165968,adservice|checkoutservice|shippingservice|main|productcatalogservice,adservice_latency-90,0.6993333333333334,5,5,0.706,0.6926666666666667,5,5,5,0.7,baseline-v2-20260723,cd270e7871bd358937d83d9a49829637fa80007d2964084ef229f578e3733bd3,ba75425861a059dafcc477474fc3e4ed1eafdc2b47d6fdd0557337035d29a960,7a809066d6cd35f83c57a3c52b7afab3368aa7dba694ff29285e90dcd28df089,555820,1716143232000000000,300
OB/adservice_delay/1,OB,adservice,delay,1,300,300,point,0.3,0,0.3,nsigma,1,1.0,1.0,0.0,1,1,1,13,68.03290004609153,adservice|recommendationservice|checkoutservice|frontend|main,adservice_latency-90,0.6993333333333334,5,5,0.706,0.6926666666666667,5,5,5,0.7,baseline-v2-20260723,cd270e7871bd358937d83d9a49829637fa80007d2964084ef229f578e3733bd3,ba75425861a059dafcc477474fc3e4ed1eafdc2b47d6fdd0557337035d29a960,7a809066d6cd35f83c57a3c52b7afab3368aa7dba694ff29285e90dcd28df089,555820,1716143232000000000,300
OB/adservice_delay/1,OB,adservice,delay,1,300,300,point,0.3,1,0.3,baro,1,1.0,1.0,0.0,1,1,1,13,85.08290001191199,adservice|checkoutservice|main|productcatalogservice|frontend,adservice_latency-90,0.6953333333333334,5,5,0.7006666666666667,0.69,5,5,5,0.7,baseline-v2-20260723,cd270e7871bd358937d83d9a49829637fa80007d2964084ef229f578e3733bd3,ba75425861a059dafcc477474fc3e4ed1eafdc2b47d6fdd0557337035d29a960,7a809066d6cd35f83c57a3c52b7afab3368aa7dba694ff29285e90dcd28df089,555820,1716143232000000000,300
OB/adservice_delay/1,OB,adservice,delay,1,300,300,point,0.3,1,0.3,median_shift,1,1.0,1.0,0.0,1,1,1,13,10.985300003085285,adservice|checkoutservice|main|shippingservice|productcatalogservice,adservice_latency-90,0.6953333333333334,5,5,0.7006666666666667,0.69,5,5,5,0.7,baseline-v2-20260723,cd270e7871bd358937d83d9a49829637fa80007d2964084ef229f578e3733bd3,ba75425861a059dafcc477474fc3e4ed1eafdc2b47d6fdd0557337035d29a960,7a809066d6cd35f83c57a3c52b7afab3368aa7dba694ff29285e90dcd28df089,555820,1716143232000000000,300
OB/adservice_delay/1,OB,adservice,delay,1,300,300,point,0.3,1,0.3,nsigma,1,1.0,1.0,0.0,1,1,1,13,79.79350001551211,adservice|checkoutservice|recommendationservice|frontend|main,adservice_latency-90,0.6953333333333334,5,5,0.7006666666666667,0.69,5,5,5,0.7,baseline-v2-20260723,cd270e7871bd358937d83d9a49829637fa80007d2964084ef229f578e3733bd3,ba75425861a059dafcc477474fc3e4ed1eafdc2b47d6fdd0557337035d29a960,7a809066d6cd35f83c57a3c52b7afab3368aa7dba694ff29285e90dcd28df089,555820,1716143232000000000,300
OB/adservice_delay/1,OB,adservice,delay,1,300,300,point,0.3,2,0.3,baro,1,1.0,1.0,0.0,1,1,1,13,74.8924000072293,adservice|checkoutservice|main|productcatalogservice|currencyservice,adservice_latency-90,0.7083333333333334,5,5,0.706,0.7106666666666667,5,5,5,0.7,baseline-v2-20260723,cd270e7871bd358937d83d9a49829637fa80007d2964084ef229f578e3733bd3,ba75425861a059dafcc477474fc3e4ed1eafdc2b47d6fdd0557337035d29a960,7a809066d6cd35f83c57a3c52b7afab3368aa7dba694ff29285e90dcd28df089,555820,1716143232000000000,300
OB/adservice_delay/1,OB,adservice,delay,1,300,300,point,0.3,2,0.3,median_shift,1,1.0,1.0,0.0,1,1,1,13,10.523500037379563,adservice|checkoutservice|main|shippingservice|productcatalogservice,adservice_latency-90,0.7083333333333334,5,5,0.706,0.7106666666666667,5,5,5,0.7,baseline-v2-20260723,cd270e7871bd358937d83d9a49829637fa80007d2964084ef229f578e3733bd3,ba75425861a059dafcc477474fc3e4ed1eafdc2b47d6fdd0557337035d29a960,7a809066d6cd35f83c57a3c52b7afab3368aa7dba694ff29285e90dcd28df089,555820,1716143232000000000,300
OB/adservice_delay/1,OB,adservice,delay,1,300,300,point,0.3,2,0.3,nsigma,1,1.0,1.0,0.0,1,1,1,13,81.13270002650097,adservice|recommendationservice|checkoutservice|frontend|emailservice,adservice_latency-90,0.7083333333333334,5,5,0.706,0.7106666666666667,5,5,5,0.7,baseline-v2-20260723,cd270e7871bd358937d83d9a49829637fa80007d2964084ef229f578e3733bd3,ba75425861a059dafcc477474fc3e4ed1eafdc2b47d6fdd0557337035d29a960,7a809066d6cd35f83c57a3c52b7afab3368aa7dba694ff29285e90dcd28df089,555820,1716143232000000000,300
OB/adservice_delay/1,OB,adservice,delay,1,300,300,point,0.3,3,0.3,baro,1,1.0,1.0,0.0,1,1,1,13,72.44880002690479,adservice|checkoutservice|main|productcatalogservice|emailservice,adservice_latency-90,0.682,5,5,0.676,0.688,5,5,5,0.7,baseline-v2-20260723,cd270e7871bd358937d83d9a49829637fa80007d2964084ef229f578e3733bd3,ba75425861a059dafcc477474fc3e4ed1eafdc2b47d6fdd0557337035d29a960,7a809066d6cd35f83c57a3c52b7afab3368aa7dba694ff29285e90dcd28df089,555820,1716143232000000000,300
OB/adservice_delay/1,OB,adservice,delay,1,300,300,point,0.3,3,0.3,median_shift,1,1.0,1.0,0.0,1,1,1,13,21.40329999383539,adservice|checkoutservice|main|shippingservice|cartservice,adservice_latency-90,0.682,5,5,0.676,0.688,5,5,5,0.7,baseline-v2-20260723,cd270e7871bd358937d83d9a49829637fa80007d2964084ef229f578e3733bd3,ba75425861a059dafcc477474fc3e4ed1eafdc2b47d6fdd0557337035d29a960,7a809066d6cd35f83c57a3c52b7afab3368aa7dba694ff29285e90dcd28df089,555820,1716143232000000000,300
OB/adservice_delay/1,OB,adservice,delay,1,300,300,point,0.3,3,0.3,nsigma,1,1.0,1.0,0.0,1,1,1,13,69.53659997088835,adservice|recommendationservice|checkoutservice|frontend|emailservice,adservice_latency-90,0.682,5,5,0.676,0.688,5,5,5,0.7,baseline-v2-20260723,cd270e7871bd358937d83d9a49829637fa80007d2964084ef229f578e3733bd3,ba75425861a059dafcc477474fc3e4ed1eafdc2b47d6fdd0557337035d29a960,7a809066d6cd35f83c57a3c52b7afab3368aa7dba694ff29285e90dcd28df089,555820,1716143232000000000,300
OB/adservice_delay/1,OB,adservice,delay,1,300,300,point,0.3,4,0.3,baro,1,1.0,1.0,0.0,1,1,1,13,76.86109998030588,adservice|checkoutservice|main|productcatalogservice|paymentservice,adservice_latency-90,0.7066666666666667,5,5,0.7153333333333334,0.698,5,5,5,0.7,baseline-v2-20260723,cd270e7871bd358937d83d9a49829637fa80007d2964084ef229f578e3733bd3,ba75425861a059dafcc477474fc3e4ed1eafdc2b47d6fdd0557337035d29a960,7a809066d6cd35f83c57a3c52b7afab3368aa7dba694ff29285e90dcd28df089,555820,1716143232000000000,300
OB/adservice_delay/1,OB,adservice,delay,1,300,300,point,0.3,4,0.3,median_shift,1,1.0,1.0,0.0,1,1,1,13,10.72830002522096,adservice|checkoutservice|main|shippingservice|productcatalogservice,adservice_latency-90,0.7066666666666667,5,5,0.7153333333333334,0.698,5,5,5,0.7,baseline-v2-20260723,cd270e7871bd358937d83d9a49829637fa80007d2964084ef229f578e3733bd3,ba75425861a059dafcc477474fc3e4ed1eafdc2b47d6fdd0557337035d29a960,7a809066d6cd35f83c57a3c52b7afab3368aa7dba694ff29285e90dcd28df089,555820,1716143232000000000,300
OB/adservice_delay/1,OB,adservice,delay,1,300,300,point,0.3,4,0.3,nsigma,1,1.0,1.0,0.0,1,1,1,13,95.79560003476217,adservice|recommendationservice|checkoutservice|frontend|productcatalogservice,adservice_latency-90,0.7066666666666667,5,5,0.7153333333333334,0.698,5,5,5,0.7,baseline-v2-20260723,cd270e7871bd358937d83d9a49829637fa80007d2964084ef229f578e3733bd3,ba75425861a059dafcc477474fc3e4ed1eafdc2b47d6fdd0557337035d29a960,7a809066d6cd35f83c57a3c52b7afab3368aa7dba694ff29285e90dcd28df089,555820,1716143232000000000,300
OB/adservice_delay/1,OB,adservice,delay,1,300,300,point,0.3,5,0.3,baro,1,1.0,1.0,0.0,1,1,1,13,73.19959998130798,adservice|checkoutservice|main|productcatalogservice|cartservice,adservice_latency-90,0.701,5,5,0.708,0.694,5,5,5,0.7,baseline-v2-20260723,cd270e7871bd358937d83d9a49829637fa80007d2964084ef229f578e3733bd3,ba75425861a059dafcc477474fc3e4ed1eafdc2b47d6fdd0557337035d29a960,7a809066d6cd35f83c57a3c52b7afab3368aa7dba694ff29285e90dcd28df089,555820,1716143232000000000,300
OB/adservice_delay/1,OB,adservice,delay,1,300,300,point,0.3,5,0.3,median_shift,1,1.0,1.0,0.0,1,1,1,13,10.494599991943687,adservice|checkoutservice|main|shippingservice|productcatalogservice,adservice_latency-90,0.701,5,5,0.708,0.694,5,5,5,0.7,baseline-v2-20260723,cd270e7871bd358937d83d9a49829637fa80007d2964084ef229f578e3733bd3,ba75425861a059dafcc477474fc3e4ed1eafdc2b47d6fdd0557337035d29a960,7a809066d6cd35f83c57a3c52b7afab3368aa7dba694ff29285e90dcd28df089,555820,1716143232000000000,300
OB/adservice_delay/1,OB,adservice,delay,1,300,300,point,0.3,5,0.3,nsigma,1,1.0,1.0,0.0,1,1,1,13,54.80300000635907,adservice|recommendationservice|checkoutservice|frontend|main,adservice_latency-90,0.701,5,5,0.708,0.694,5,5,5,0.7,baseline-v2-20260723,cd270e7871bd358937d83d9a49829637fa80007d2964084ef229f578e3733bd3,ba75425861a059dafcc477474fc3e4ed1eafdc2b47d6fdd0557337035d29a960,7a809066d6cd35f83c57a3c52b7afab3368aa7dba694ff29285e90dcd28df089,555820,1716143232000000000,300
OB/adservice_delay/1,OB,adservice,delay,1,300,300,point,0.3,6,0.3,baro,1,1.0,1.0,0.0,1,1,1,13,60.482700006105006,adservice|checkoutservice|main|productcatalogservice|emailservice,adservice_latency-90,0.7133333333333334,5,5,0.698,0.7286666666666667,5,5,5,0.7,baseline-v2-20260723,cd270e7871bd358937d83d9a49829637fa80007d2964084ef229f578e3733bd3,ba75425861a059dafcc477474fc3e4ed1eafdc2b47d6fdd0557337035d29a960,7a809066d6cd35f83c57a3c52b7afab3368aa7dba694ff29285e90dcd28df089,555820,1716143232000000000,300
OB/adservice_delay/1,OB,adservice,delay,1,300,300,point,0.3,6,0.3,median_shift,1,1.0,1.0,0.0,1,1,1,13,10.822000040207058,adservice|checkoutservice|main|shippingservice|currencyservice,adservice_latency-90,0.7133333333333334,5,5,0.698,0.7286666666666667,5,5,5,0.7,baseline-v2-20260723,cd270e7871bd358937d83d9a49829637fa80007d2964084ef229f578e3733bd3,ba75425861a059dafcc477474fc3e4ed1eafdc2b47d6fdd0557337035d29a960,7a809066d6cd35f83c57a3c52b7afab3368aa7dba694ff29285e90dcd28df089,555820,1716143232000000000,300
OB/adservice_delay/1,OB,adservice,delay,1,300,300,point,0.3,6,0.3,nsigma,1,1.0,1.0,0.0,1,1,1,13,55.56770000839606,adservice|recommendationservice|checkoutservice|frontend|productcatalogservice,adservice_latency-90,0.7133333333333334,5,5,0.698,0.7286666666666667,5,5,5,0.7,baseline-v2-20260723,cd270e7871bd358937d83d9a49829637fa80007d2964084ef229f578e3733bd3,ba75425861a059dafcc477474fc3e4ed1eafdc2b47d6fdd0557337035d29a960,7a809066d6cd35f83c57a3c52b7afab3368aa7dba694ff29285e90dcd28df089,555820,1716143232000000000,300
OB/adservice_delay/1,OB,adservice,delay,1,300,300,point,0.3,7,0.3,baro,1,1.0,1.0,0.0,1,1,1,13,86.53259999118745,adservice|checkoutservice|main|productcatalogservice|currencyservice,adservice_latency-90,0.6936666666666667,5,5,0.69,0.6973333333333334,5,5,5,0.7,baseline-v2-20260723,cd270e7871bd358937d83d9a49829637fa80007d2964084ef229f578e3733bd3,ba75425861a059dafcc477474fc3e4ed1eafdc2b47d6fdd0557337035d29a960,7a809066d6cd35f83c57a3c52b7afab3368aa7dba694ff29285e90dcd28df089,555820,1716143232000000000,300
OB/adservice_delay/1,OB,adservice,delay,1,300,300,point,0.3,7,0.3,median_shift,1,1.0,1.0,0.0,1,1,1,13,21.043000044301152,adservice|checkoutservice|shippingservice|main|productcatalogservice,adservice_latency-90,0.6936666666666667,5,5,0.69,0.6973333333333334,5,5,5,0.7,baseline-v2-20260723,cd270e7871bd358937d83d9a49829637fa80007d2964084ef229f578e3733bd3,ba75425861a059dafcc477474fc3e4ed1eafdc2b47d6fdd0557337035d29a960,7a809066d6cd35f83c57a3c52b7afab3368aa7dba694ff29285e90dcd28df089,555820,1716143232000000000,300
OB/adservice_delay/1,OB,adservice,delay,1,300,300,point,0.3,7,0.3,nsigma,1,1.0,1.0,0.0,1,1,1,13,75.65389998489991,adservice|recommendationservice|checkoutservice|frontend|emailservice,adservice_latency-90,0.6936666666666667,5,5,0.69,0.6973333333333334,5,5,5,0.7,baseline-v2-20260723,cd270e7871bd358937d83d9a49829637fa80007d2964084ef229f578e3733bd3,ba75425861a059dafcc477474fc3e4ed1eafdc2b47d6fdd0557337035d29a960,7a809066d6cd35f83c57a3c52b7afab3368aa7dba694ff29285e90dcd28df089,555820,1716143232000000000,300
OB/adservice_delay/1,OB,adservice,delay,1,300,300,point,0.3,8,0.3,baro,1,1.0,1.0,0.0,1,1,1,13,60.827900015283376,adservice|checkoutservice|main|productcatalogservice|cartservice,adservice_latency-90,0.7043333333333334,5,5,0.704,0.7046666666666667,5,5,5,0.7,baseline-v2-20260723,cd270e7871bd358937d83d9a49829637fa80007d2964084ef229f578e3733bd3,ba75425861a059dafcc477474fc3e4ed1eafdc2b47d6fdd0557337035d29a960,7a809066d6cd35f83c57a3c52b7afab3368aa7dba694ff29285e90dcd28df089,555820,1716143232000000000,300
OB/adservice_delay/1,OB,adservice,delay,1,300,300,point,0.3,8,0.3,median_shift,1,1.0,1.0,0.0,1,1,1,13,10.472900001332164,adservice|checkoutservice|main|shippingservice|productcatalogservice,adservice_latency-90,0.7043333333333334,5,5,0.704,0.7046666666666667,5,5,5,0.7,baseline-v2-20260723,cd270e7871bd358937d83d9a49829637fa80007d2964084ef229f578e3733bd3,ba75425861a059dafcc477474fc3e4ed1eafdc2b47d6fdd0557337035d29a960,7a809066d6cd35f83c57a3c52b7afab3368aa7dba694ff29285e90dcd28df089,555820,1716143232000000000,300
OB/adservice_delay/1,OB,adservice,delay,1,300,300,point,0.3,8,0.3,nsigma,1,1.0,1.0,0.0,1,1,1,13,70.12410002062097,adservice|recommendationservice|checkoutservice|frontend|emailservice,adservice_latency-90,0.7043333333333334,5,5,0.704,0.7046666666666667,5,5,5,0.7,baseline-v2-20260723,cd270e7871bd358937d83d9a49829637fa80007d2964084ef229f578e3733bd3,ba75425861a059dafcc477474fc3e4ed1eafdc2b47d6fdd0557337035d29a960,7a809066d6cd35f83c57a3c52b7afab3368aa7dba694ff29285e90dcd28df089,555820,1716143232000000000,300
OB/adservice_delay/1,OB,adservice,delay,1,300,300,point,0.3,9,0.3,baro,1,1.0,1.0,0.0,1,1,1,13,67.88109999615699,adservice|checkoutservice|main|productcatalogservice|cartservice,adservice_latency-90,0.6996666666666667,5,5,0.6973333333333334,0.702,5,5,5,0.7,baseline-v2-20260723,cd270e7871bd358937d83d9a49829637fa80007d2964084ef229f578e3733bd3,ba75425861a059dafcc477474fc3e4ed1eafdc2b47d6fdd0557337035d29a960,7a809066d6cd35f83c57a3c52b7afab3368aa7dba694ff29285e90dcd28df089,555820,1716143232000000000,300
OB/adservice_delay/1,OB,adservice,delay,1,300,300,point,0.3,9,0.3,median_shift,1,1.0,1.0,0.0,1,1,1,13,15.795799961779267,adservice|checkoutservice|shippingservice|main|productcatalogservice,adservice_latency-90,0.6996666666666667,5,5,0.6973333333333334,0.702,5,5,5,0.7,baseline-v2-20260723,cd270e7871bd358937d83d9a49829637fa80007d2964084ef229f578e3733bd3,ba75425861a059dafcc477474fc3e4ed1eafdc2b47d6fdd0557337035d29a960,7a809066d6cd35f83c57a3c52b7afab3368aa7dba694ff29285e90dcd28df089,555820,1716143232000000000,300
OB/adservice_delay/1,OB,adservice,delay,1,300,300,point,0.3,9,0.3,nsigma,1,1.0,1.0,0.0,1,1,1,13,49.373699992429465,adservice|checkoutservice|recommendationservice|frontend|main,adservice_latency-90,0.6996666666666667,5,5,0.6973333333333334,0.702,5,5,5,0.7,baseline-v2-20260723,cd270e7871bd358937d83d9a49829637fa80007d2964084ef229f578e3733bd3,ba75425861a059dafcc477474fc3e4ed1eafdc2b47d6fdd0557337035d29a960,7a809066d6cd35f83c57a3c52b7afab3368aa7dba694ff29285e90dcd28df089,555820,1716143232000000000,300
OB/adservice_delay/1,OB,adservice,delay,1,300,300,point,0.5,0,0.5,baro,1,1.0,1.0,0.0,1,1,1,13,67.40399997215718,adservice|checkoutservice|cartservice|main|productcatalogservice,adservice_latency-90,0.5016666666666667,5,5,0.5106666666666667,0.49266666666666664,5,5,5,0.5,baseline-v2-20260723,cd270e7871bd358937d83d9a49829637fa80007d2964084ef229f578e3733bd3,ba75425861a059dafcc477474fc3e4ed1eafdc2b47d6fdd0557337035d29a960,7a809066d6cd35f83c57a3c52b7afab3368aa7dba694ff29285e90dcd28df089,555820,1716143232000000000,300
OB/adservice_delay/1,OB,adservice,delay,1,300,300,point,0.5,0,0.5,median_shift,1,1.0,1.0,0.0,1,1,1,13,10.658099956344813,adservice|checkoutservice|shippingservice|main|productcatalogservice,adservice_latency-90,0.5016666666666667,5,5,0.5106666666666667,0.49266666666666664,5,5,5,0.5,baseline-v2-20260723,cd270e7871bd358937d83d9a49829637fa80007d2964084ef229f578e3733bd3,ba75425861a059dafcc477474fc3e4ed1eafdc2b47d6fdd0557337035d29a960,7a809066d6cd35f83c57a3c52b7afab3368aa7dba694ff29285e90dcd28df089,555820,1716143232000000000,300
OB/adservice_delay/1,OB,adservice,delay,1,300,300,point,0.5,0,0.5,nsigma,1,1.0,1.0,0.0,1,1,1,13,48.72710001654923,adservice|checkoutservice|recommendationservice|frontend|main,adservice_latency-90,0.5016666666666667,5,5,0.5106666666666667,0.49266666666666664,5,5,5,0.5,baseline-v2-20260723,cd270e7871bd358937d83d9a49829637fa80007d2964084ef229f578e3733bd3,ba75425861a059dafcc477474fc3e4ed1eafdc2b47d6fdd0557337035d29a960,7a809066d6cd35f83c57a3c52b7afab3368aa7dba694ff29285e90dcd28df089,555820,1716143232000000000,300
OB/adservice_delay/1,OB,adservice,delay,1,300,300,point,0.5,1,0.5,baro,1,1.0,1.0,0.0,1,1,1,13,59.667900030035526,adservice|checkoutservice|main|productcatalogservice|emailservice,adservice_latency-90,0.5096666666666667,5,5,0.51,0.5093333333333333,5,5,5,0.5,baseline-v2-20260723,cd270e7871bd358937d83d9a49829637fa80007d2964084ef229f578e3733bd3,ba75425861a059dafcc477474fc3e4ed1eafdc2b47d6fdd0557337035d29a960,7a809066d6cd35f83c57a3c52b7afab3368aa7dba694ff29285e90dcd28df089,555820,1716143232000000000,300
OB/adservice_delay/1,OB,adservice,delay,1,300,300,point,0.5,1,0.5,median_shift,1,1.0,1.0,0.0,1,1,1,13,11.707199970260262,adservice|checkoutservice|main|shippingservice|productcatalogservice,adservice_latency-90,0.5096666666666667,5,5,0.51,0.5093333333333333,5,5,5,0.5,baseline-v2-20260723,cd270e7871bd358937d83d9a49829637fa80007d2964084ef229f578e3733bd3,ba75425861a059dafcc477474fc3e4ed1eafdc2b47d6fdd0557337035d29a960,7a809066d6cd35f83c57a3c52b7afab3368aa7dba694ff29285e90dcd28df089,555820,1716143232000000000,300
OB/adservice_delay/1,OB,adservice,delay,1,300,300,point,0.5,1,0.5,nsigma,1,1.0,1.0,0.0,1,1,1,13,49.276000005193055,adservice|recommendationservice|checkoutservice|emailservice|frontend,adservice_latency-90,0.5096666666666667,5,5,0.51,0.5093333333333333,5,5,5,0.5,baseline-v2-20260723,cd270e7871bd358937d83d9a49829637fa80007d2964084ef229f578e3733bd3,ba75425861a059dafcc477474fc3e4ed1eafdc2b47d6fdd0557337035d29a960,7a809066d6cd35f83c57a3c52b7afab3368aa7dba694ff29285e90dcd28df089,555820,1716143232000000000,300
OB/adservice_delay/1,OB,adservice,delay,1,300,300,point,0.5,2,0.5,baro,1,1.0,1.0,0.0,1,1,1,13,87.61649997904897,adservice|checkoutservice|cartservice|main|productcatalogservice,adservice_latency-90,0.49833333333333335,5,5,0.5006666666666667,0.496,5,5,5,0.5,baseline-v2-20260723,cd270e7871bd358937d83d9a49829637fa80007d2964084ef229f578e3733bd3,ba75425861a059dafcc477474fc3e4ed1eafdc2b47d6fdd0557337035d29a960,7a809066d6cd35f83c57a3c52b7afab3368aa7dba694ff29285e90dcd28df089,555820,1716143232000000000,300
OB/adservice_delay/1,OB,adservice,delay,1,300,300,point,0.5,2,0.5,median_shift,1,1.0,1.0,0.0,1,1,1,13,10.752799978945404,adservice|checkoutservice|main|shippingservice|redis,adservice_latency-90,0.49833333333333335,5,5,0.5006666666666667,0.496,5,5,5,0.5,baseline-v2-20260723,cd270e7871bd358937d83d9a49829637fa80007d2964084ef229f578e3733bd3,ba75425861a059dafcc477474fc3e4ed1eafdc2b47d6fdd0557337035d29a960,7a809066d6cd35f83c57a3c52b7afab3368aa7dba694ff29285e90dcd28df089,555820,1716143232000000000,300
OB/adservice_delay/1,OB,adservice,delay,1,300,300,point,0.5,2,0.5,nsigma,1,1.0,1.0,0.0,1,1,1,13,74.74469998851418,adservice|recommendationservice|checkoutservice|frontend|main,adservice_latency-90,0.49833333333333335,5,5,0.5006666666666667,0.496,5,5,5,0.5,baseline-v2-20260723,cd270e7871bd358937d83d9a49829637fa80007d2964084ef229f578e3733bd3,ba75425861a059dafcc477474fc3e4ed1eafdc2b47d6fdd0557337035d29a960,7a809066d6cd35f83c57a3c52b7afab3368aa7dba694ff29285e90dcd28df089,555820,1716143232000000000,300
OB/adservice_delay/1,OB,adservice,delay,1,300,300,point,0.5,3,0.5,baro,1,1.0,1.0,0.0,1,1,1,13,70.05180005216971,adservice|checkoutservice|main|productcatalogservice|emailservice,adservice_latency-90,0.5146666666666667,5,5,0.526,0.5033333333333333,5,5,5,0.5,baseline-v2-20260723,cd270e7871bd358937d83d9a49829637fa80007d2964084ef229f578e3733bd3,ba75425861a059dafcc477474fc3e4ed1eafdc2b47d6fdd0557337035d29a960,7a809066d6cd35f83c57a3c52b7afab3368aa7dba694ff29285e90dcd28df089,555820,1716143232000000000,300
OB/adservice_delay/1,OB,adservice,delay,1,300,300,point,0.5,3,0.5,median_shift,1,1.0,1.0,0.0,1,1,1,13,14.595700020436198,adservice|checkoutservice|main|shippingservice|cartservice,adservice_latency-90,0.5146666666666667,5,5,0.526,0.5033333333333333,5,5,5,0.5,baseline-v2-20260723,cd270e7871bd358937d83d9a49829637fa80007d2964084ef229f578e3733bd3,ba75425861a059dafcc477474fc3e4ed1eafdc2b47d6fdd0557337035d29a960,7a809066d6cd35f83c57a3c52b7afab3368aa7dba694ff29285e90dcd28df089,555820,1716143232000000000,300
OB/adservice_delay/1,OB,adservice,delay,1,300,300,point,0.5,3,0.5,nsigma,1,1.0,1.0,0.0,1,1,1,13,72.72150000790134,adservice|recommendationservice|checkoutservice|frontend|emailservice,adservice_latency-90,0.5146666666666667,5,5,0.526,0.5033333333333333,5,5,5,0.5,baseline-v2-20260723,cd270e7871bd358937d83d9a49829637fa80007d2964084ef229f578e3733bd3,ba75425861a059dafcc477474fc3e4ed1eafdc2b47d6fdd0557337035d29a960,7a809066d6cd35f83c57a3c52b7afab3368aa7dba694ff29285e90dcd28df089,555820,1716143232000000000,300
OB/adservice_delay/1,OB,adservice,delay,1,300,300,point,0.5,4,0.5,baro,1,1.0,1.0,0.0,1,1,1,13,76.70749997487292,adservice|checkoutservice|main|productcatalogservice|cartservice,adservice_latency-90,0.5006666666666667,5,5,0.5106666666666667,0.49066666666666664,5,5,5,0.5,baseline-v2-20260723,cd270e7871bd358937d83d9a49829637fa80007d2964084ef229f578e3733bd3,ba75425861a059dafcc477474fc3e4ed1eafdc2b47d6fdd0557337035d29a960,7a809066d6cd35f83c57a3c52b7afab3368aa7dba694ff29285e90dcd28df089,555820,1716143232000000000,300
OB/adservice_delay/1,OB,adservice,delay,1,300,300,point,0.5,4,0.5,median_shift,1,1.0,1.0,0.0,1,1,1,13,16.90690004033968,adservice|checkoutservice|main|shippingservice|productcatalogservice,adservice_latency-90,0.5006666666666667,5,5,0.5106666666666667,0.49066666666666664,5,5,5,0.5,baseline-v2-20260723,cd270e7871bd358937d83d9a49829637fa80007d2964084ef229f578e3733bd3,ba75425861a059dafcc477474fc3e4ed1eafdc2b47d6fdd0557337035d29a960,7a809066d6cd35f83c57a3c52b7afab3368aa7dba694ff29285e90dcd28df089,555820,1716143232000000000,300
OB/adservice_delay/1,OB,adservice,delay,1,300,300,point,0.5,4,0.5,nsigma,1,1.0,1.0,0.0,1,1,1,13,68.09600000269711,adservice|checkoutservice|recommendationservice|emailservice|frontend,adservice_latency-90,0.5006666666666667,5,5,0.5106666666666667,0.49066666666666664,5,5,5,0.5,baseline-v2-20260723,cd270e7871bd358937d83d9a49829637fa80007d2964084ef229f578e3733bd3,ba75425861a059dafcc477474fc3e4ed1eafdc2b47d6fdd0557337035d29a960,7a809066d6cd35f83c57a3c52b7afab3368aa7dba694ff29285e90dcd28df089,555820,1716143232000000000,300
OB/adservice_delay/1,OB,adservice,delay,1,300,300,point,0.5,5,0.5,baro,1,1.0,1.0,0.0,1,1,1,13,70.20199997350574,adservice|checkoutservice|main|productcatalogservice|currencyservice,adservice_latency-90,0.5086666666666667,5,5,0.5106666666666667,0.5066666666666667,5,5,5,0.5,baseline-v2-20260723,cd270e7871bd358937d83d9a49829637fa80007d2964084ef229f578e3733bd3,ba75425861a059dafcc477474fc3e4ed1eafdc2b47d6fdd0557337035d29a960,7a809066d6cd35f83c57a3c52b7afab3368aa7dba694ff29285e90dcd28df089,555820,1716143232000000000,300
OB/adservice_delay/1,OB,adservice,delay,1,300,300,point,0.5,5,0.5,median_shift,1,1.0,1.0,0.0,1,1,1,13,13.647600018884987,adservice|checkoutservice|main|shippingservice|currencyservice,adservice_latency-90,0.5086666666666667,5,5,0.5106666666666667,0.5066666666666667,5,5,5,0.5,baseline-v2-20260723,cd270e7871bd358937d83d9a49829637fa80007d2964084ef229f578e3733bd3,ba75425861a059dafcc477474fc3e4ed1eafdc2b47d6fdd0557337035d29a960,7a809066d6cd35f83c57a3c52b7afab3368aa7dba694ff29285e90dcd28df089,555820,1716143232000000000,300
OB/adservice_delay/1,OB,adservice,delay,1,300,300,point,0.5,5,0.5,nsigma,1,1.0,1.0,0.0,1,1,1,13,56.823199964128435,adservice|recommendationservice|checkoutservice|frontend|currencyservice,adservice_latency-90,0.5086666666666667,5,5,0.5106666666666667,0.5066666666666667,5,5,5,0.5,baseline-v2-20260723,cd270e7871bd358937d83d9a49829637fa80007d2964084ef229f578e3733bd3,ba75425861a059dafcc477474fc3e4ed1eafdc2b47d6fdd0557337035d29a960,7a809066d6cd35f83c57a3c52b7afab3368aa7dba694ff29285e90dcd28df089,555820,1716143232000000000,300
OB/adservice_delay/1,OB,adservice,delay,1,300,300,point,0.5,6,0.5,baro,1,1.0,1.0,0.0,1,1,1,13,65.92670001555234,adservice|checkoutservice|main|productcatalogservice|emailservice,adservice_latency-90,0.5013333333333333,5,5,0.496,0.5066666666666667,5,5,5,0.5,baseline-v2-20260723,cd270e7871bd358937d83d9a49829637fa80007d2964084ef229f578e3733bd3,ba75425861a059dafcc477474fc3e4ed1eafdc2b47d6fdd0557337035d29a960,7a809066d6cd35f83c57a3c52b7afab3368aa7dba694ff29285e90dcd28df089,555820,1716143232000000000,300
OB/adservice_delay/1,OB,adservice,delay,1,300,300,point,0.5,6,0.5,median_shift,1,1.0,1.0,0.0,1,1,1,13,13.295200013089925,adservice|checkoutservice|shippingservice|main|redis,adservice_latency-90,0.5013333333333333,5,5,0.496,0.5066666666666667,5,5,5,0.5,baseline-v2-20260723,cd270e7871bd358937d83d9a49829637fa80007d2964084ef229f578e3733bd3,ba75425861a059dafcc477474fc3e4ed1eafdc2b47d6fdd0557337035d29a960,7a809066d6cd35f83c57a3c52b7afab3368aa7dba694ff29285e90dcd28df089,555820,1716143232000000000,300
OB/adservice_delay/1,OB,adservice,delay,1,300,300,point,0.5,6,0.5,nsigma,1,1.0,1.0,0.0,1,1,1,13,61.91530002979562,adservice|recommendationservice|checkoutservice|emailservice|frontend,adservice_latency-90,0.5013333333333333,5,5,0.496,0.5066666666666667,5,5,5,0.5,baseline-v2-20260723,cd270e7871bd358937d83d9a49829637fa80007d2964084ef229f578e3733bd3,ba75425861a059dafcc477474fc3e4ed1eafdc2b47d6fdd0557337035d29a960,7a809066d6cd35f83c57a3c52b7afab3368aa7dba694ff29285e90dcd28df089,555820,1716143232000000000,300
OB/adservice_delay/1,OB,adservice,delay,1,300,300,point,0.5,7,0.5,baro,1,1.0,1.0,0.0,1,1,1,13,68.50220001069829,adservice|checkoutservice|main|productcatalogservice|currencyservice,adservice_latency-90,0.495,5,5,0.49266666666666664,0.49733333333333335,5,5,5,0.5,baseline-v2-20260723,cd270e7871bd358937d83d9a49829637fa80007d2964084ef229f578e3733bd3,ba75425861a059dafcc477474fc3e4ed1eafdc2b47d6fdd0557337035d29a960,7a809066d6cd35f83c57a3c52b7afab3368aa7dba694ff29285e90dcd28df089,555820,1716143232000000000,300
OB/adservice_delay/1,OB,adservice,delay,1,300,300,point,0.5,7,0.5,median_shift,1,1.0,1.0,0.0,1,1,1,13,10.71189995855093,adservice|checkoutservice|main|shippingservice|productcatalogservice,adservice_latency-90,0.495,5,5,0.49266666666666664,0.49733333333333335,5,5,5,0.5,baseline-v2-20260723,cd270e7871bd358937d83d9a49829637fa80007d2964084ef229f578e3733bd3,ba75425861a059dafcc477474fc3e4ed1eafdc2b47d6fdd0557337035d29a960,7a809066d6cd35f83c57a3c52b7afab3368aa7dba694ff29285e90dcd28df089,555820,1716143232000000000,300
OB/adservice_delay/1,OB,adservice,delay,1,300,300,point,0.5,7,0.5,nsigma,1,1.0,1.0,0.0,1,1,1,13,49.1953999735415,adservice|checkoutservice|recommendationservice|frontend|main,adservice_latency-90,0.495,5,5,0.49266666666666664,0.49733333333333335,5,5,5,0.5,baseline-v2-20260723,cd270e7871bd358937d83d9a49829637fa80007d2964084ef229f578e3733bd3,ba75425861a059dafcc477474fc3e4ed1eafdc2b47d6fdd0557337035d29a960,7a809066d6cd35f83c57a3c52b7afab3368aa7dba694ff29285e90dcd28df089,555820,1716143232000000000,300
OB/adservice_delay/1,OB,adservice,delay,1,300,300,point,0.5,8,0.5,baro,1,1.0,1.0,0.0,1,1,1,13,75.38359996397048,adservice|checkoutservice|main|cartservice|productcatalogservice,adservice_latency-90,0.5006666666666667,5,5,0.5113333333333333,0.49,5,5,5,0.5,baseline-v2-20260723,cd270e7871bd358937d83d9a49829637fa80007d2964084ef229f578e3733bd3,ba75425861a059dafcc477474fc3e4ed1eafdc2b47d6fdd0557337035d29a960,7a809066d6cd35f83c57a3c52b7afab3368aa7dba694ff29285e90dcd28df089,555820,1716143232000000000,300
OB/adservice_delay/1,OB,adservice,delay,1,300,300,point,0.5,8,0.5,median_shift,1,1.0,1.0,0.0,1,1,1,13,12.671599979512393,adservice|checkoutservice|shippingservice|main|redis,adservice_latency-90,0.5006666666666667,5,5,0.5113333333333333,0.49,5,5,5,0.5,baseline-v2-20260723,cd270e7871bd358937d83d9a49829637fa80007d2964084ef229f578e3733bd3,ba75425861a059dafcc477474fc3e4ed1eafdc2b47d6fdd0557337035d29a960,7a809066d6cd35f83c57a3c52b7afab3368aa7dba694ff29285e90dcd28df089,555820,1716143232000000000,300
OB/adservice_delay/1,OB,adservice,delay,1,300,300,point,0.5,8,0.5,nsigma,1,1.0,1.0,0.0,1,1,1,13,50.76330003794283,adservice|checkoutservice|recommendationservice|frontend|productcatalogservice,adservice_latency-90,0.5006666666666667,5,5,0.5113333333333333,0.49,5,5,5,0.5,baseline-v2-20260723,cd270e7871bd358937d83d9a49829637fa80007d2964084ef229f578e3733bd3,ba75425861a059dafcc477474fc3e4ed1eafdc2b47d6fdd0557337035d29a960,7a809066d6cd35f83c57a3c52b7afab3368aa7dba694ff29285e90dcd28df089,555820,1716143232000000000,300
OB/adservice_delay/1,OB,adservice,delay,1,300,300,point,0.5,9,0.5,baro,1,1.0,1.0,0.0,1,1,1,13,70.94160001724958,adservice|checkoutservice|main|productcatalogservice|frontend-external,adservice_latency-90,0.5026666666666667,5,5,0.5066666666666667,0.49866666666666665,5,5,5,0.5,baseline-v2-20260723,cd270e7871bd358937d83d9a49829637fa80007d2964084ef229f578e3733bd3,ba75425861a059dafcc477474fc3e4ed1eafdc2b47d6fdd0557337035d29a960,7a809066d6cd35f83c57a3c52b7afab3368aa7dba694ff29285e90dcd28df089,555820,1716143232000000000,300
OB/adservice_delay/1,OB,adservice,delay,1,300,300,point,0.5,9,0.5,median_shift,1,1.0,1.0,0.0,1,1,1,13,10.807700047735125,adservice|checkoutservice|main|shippingservice|productcatalogservice,adservice_latency-90,0.5026666666666667,5,5,0.5066666666666667,0.49866666666666665,5,5,5,0.5,baseline-v2-20260723,cd270e7871bd358937d83d9a49829637fa80007d2964084ef229f578e3733bd3,ba75425861a059dafcc477474fc3e4ed1eafdc2b47d6fdd0557337035d29a960,7a809066d6cd35f83c57a3c52b7afab3368aa7dba694ff29285e90dcd28df089,555820,1716143232000000000,300
OB/adservice_delay/1,OB,adservice,delay,1,300,300,point,0.5,9,0.5,nsigma,1,1.0,1.0,0.0,1,1,1,13,48.89739997452125,adservice|recommendationservice|checkoutservice|frontend|main,adservice_latency-90,0.5026666666666667,5,5,0.5066666666666667,0.49866666666666665,5,5,5,0.5,baseline-v2-20260723,cd270e7871bd358937d83d9a49829637fa80007d2964084ef229f578e3733bd3,ba75425861a059dafcc477474fc3e4ed1eafdc2b47d6fdd0557337035d29a960,7a809066d6cd35f83c57a3c52b7afab3368aa7dba694ff29285e90dcd28df089,555820,1716143232000000000,300
OB/adservice_delay/1,OB,adservice,delay,1,300,300,stream,0.1,0,0.10526315789473684,baro,1,1.0,1.0,0.0,1,1,1,13,56.233299954328686,adservice|checkoutservice|main|productcatalogservice|paymentservice,adservice_latency-90,1.0,5,5,1.0,1.0,5,5,5,0.8947368421052632,baseline-v2-20260723,cd270e7871bd358937d83d9a49829637fa80007d2964084ef229f578e3733bd3,ba75425861a059dafcc477474fc3e4ed1eafdc2b47d6fdd0557337035d29a960,7a809066d6cd35f83c57a3c52b7afab3368aa7dba694ff29285e90dcd28df089,555820,1716143232000000000,300
OB/adservice_delay/1,OB,adservice,delay,1,300,300,stream,0.1,0,0.10526315789473684,median_shift,1,1.0,1.0,0.0,1,1,1,13,10.036599996965379,adservice|checkoutservice|main|shippingservice|productcatalogservice,adservice_latency-90,1.0,5,5,1.0,1.0,5,5,5,0.8947368421052632,baseline-v2-20260723,cd270e7871bd358937d83d9a49829637fa80007d2964084ef229f578e3733bd3,ba75425861a059dafcc477474fc3e4ed1eafdc2b47d6fdd0557337035d29a960,7a809066d6cd35f83c57a3c52b7afab3368aa7dba694ff29285e90dcd28df089,555820,1716143232000000000,300
OB/adservice_delay/1,OB,adservice,delay,1,300,300,stream,0.1,0,0.10526315789473684,nsigma,1,1.0,1.0,0.0,1,1,1,13,51.26770003698766,adservice|recommendationservice|checkoutservice|main|emailservice,adservice_latency-90,1.0,5,5,1.0,1.0,5,5,5,0.8947368421052632,baseline-v2-20260723,cd270e7871bd358937d83d9a49829637fa80007d2964084ef229f578e3733bd3,ba75425861a059dafcc477474fc3e4ed1eafdc2b47d6fdd0557337035d29a960,7a809066d6cd35f83c57a3c52b7afab3368aa7dba694ff29285e90dcd28df089,555820,1716143232000000000,300
OB/adservice_delay/1,OB,adservice,delay,1,300,300,stream,0.1,1,0.10526315789473684,baro,4,0.25,0.4,0.25,0,0,1,13,56.703500042203814,checkoutservice|main|productcatalogservice|adservice|frontend,checkoutservice_latency-90,0.6,3,5,0.6,0.6,3,3,3,0.8947368421052632,baseline-v2-20260723,cd270e7871bd358937d83d9a49829637fa80007d2964084ef229f578e3733bd3,ba75425861a059dafcc477474fc3e4ed1eafdc2b47d6fdd0557337035d29a960,7a809066d6cd35f83c57a3c52b7afab3368aa7dba694ff29285e90dcd28df089,555820,1716143232000000000,300
OB/adservice_delay/1,OB,adservice,delay,1,300,300,stream,0.1,1,0.10526315789473684,median_shift,4,0.25,0.4,0.25,0,0,1,13,9.899600001517683,checkoutservice|main|shippingservice|adservice|productcatalogservice,checkoutservice_latency-90,0.6,3,5,0.6,0.6,3,3,3,0.8947368421052632,baseline-v2-20260723,cd270e7871bd358937d83d9a49829637fa80007d2964084ef229f578e3733bd3,ba75425861a059dafcc477474fc3e4ed1eafdc2b47d6fdd0557337035d29a960,7a809066d6cd35f83c57a3c52b7afab3368aa7dba694ff29285e90dcd28df089,555820,1716143232000000000,300
OB/adservice_delay/1,OB,adservice,delay,1,300,300,stream,0.1,1,0.10526315789473684,nsigma,6,0.16666666666666666,0.0,0.4166666666666667,0,0,0,13,47.378400049638,checkoutservice|frontend|main|emailservice|productcatalogservice,checkoutservice_latency-90,0.6,3,5,0.6,0.6,3,3,3,0.8947368421052632,baseline-v2-20260723,cd270e7871bd358937d83d9a49829637fa80007d2964084ef229f578e3733bd3,ba75425861a059dafcc477474fc3e4ed1eafdc2b47d6fdd0557337035d29a960,7a809066d6cd35f83c57a3c52b7afab3368aa7dba694ff29285e90dcd28df089,555820,1716143232000000000,300
OB/adservice_delay/1,OB,adservice,delay,1,300,300,stream,0.1,2,0.10526315789473684,baro,1,1.0,1.0,0.0,1,1,1,13,53.895500022917986,adservice|checkoutservice|main|productcatalogservice|frontend,adservice_latency-90,0.8,4,5,0.8,0.8,4,4,4,0.8947368421052632,baseline-v2-20260723,cd270e7871bd358937d83d9a49829637fa80007d2964084ef229f578e3733bd3,ba75425861a059dafcc477474fc3e4ed1eafdc2b47d6fdd0557337035d29a960,7a809066d6cd35f83c57a3c52b7afab3368aa7dba694ff29285e90dcd28df089,555820,1716143232000000000,300
OB/adservice_delay/1,OB,adservice,delay,1,300,300,stream,0.1,2,0.10526315789473684,median_shift,1,1.0,1.0,0.0,1,1,1,13,9.962700016330928,adservice|checkoutservice|main|shippingservice|productcatalogservice,adservice_latency-90,0.8,4,5,0.8,0.8,4,4,4,0.8947368421052632,baseline-v2-20260723,cd270e7871bd358937d83d9a49829637fa80007d2964084ef229f578e3733bd3,ba75425861a059dafcc477474fc3e4ed1eafdc2b47d6fdd0557337035d29a960,7a809066d6cd35f83c57a3c52b7afab3368aa7dba694ff29285e90dcd28df089,555820,1716143232000000000,300
OB/adservice_delay/1,OB,adservice,delay,1,300,300,stream,0.1,2,0.10526315789473684,nsigma,1,1.0,1.0,0.0,1,1,1,13,43.59630000544712,adservice|recommendationservice|checkoutservice|frontend|main,adservice_latency-90,0.8,4,5,0.8,0.8,4,4,4,0.8947368421052632,baseline-v2-20260723,cd270e7871bd358937d83d9a49829637fa80007d2964084ef229f578e3733bd3,ba75425861a059dafcc477474fc3e4ed1eafdc2b47d6fdd0557337035d29a960,7a809066d6cd35f83c57a3c52b7afab3368aa7dba694ff29285e90dcd28df089,555820,1716143232000000000,300
OB/adservice_delay/1,OB,adservice,delay,1,300,300,stream,0.1,3,0.10526315789473684,baro,1,1.0,1.0,0.0,1,1,1,13,66.09420001041144,adservice|checkoutservice|main|productcatalogservice|frontend,adservice_latency-90,0.8,4,5,0.8,0.8,4,4,4,0.8947368421052632,baseline-v2-20260723,cd270e7871bd358937d83d9a49829637fa80007d2964084ef229f578e3733bd3,ba75425861a059dafcc477474fc3e4ed1eafdc2b47d6fdd0557337035d29a960,7a809066d6cd35f83c57a3c52b7afab3368aa7dba694ff29285e90dcd28df089,555820,1716143232000000000,300
OB/adservice_delay/1,OB,adservice,delay,1,300,300,stream,0.1,3,0.10526315789473684,median_shift,1,1.0,1.0,0.0,1,1,1,13,10.076600010506809,adservice|checkoutservice|main|shippingservice|productcatalogservice,adservice_latency-90,0.8,4,5,0.8,0.8,4,4,4,0.8947368421052632,baseline-v2-20260723,cd270e7871bd358937d83d9a49829637fa80007d2964084ef229f578e3733bd3,ba75425861a059dafcc477474fc3e4ed1eafdc2b47d6fdd0557337035d29a960,7a809066d6cd35f83c57a3c52b7afab3368aa7dba694ff29285e90dcd28df089,555820,1716143232000000000,300
OB/adservice_delay/1,OB,adservice,delay,1,300,300,stream,0.1,3,0.10526315789473684,nsigma,1,1.0,1.0,0.0,1,1,1,13,48.078800027724355,adservice|recommendationservice|checkoutservice|frontend|main,adservice_latency-90,0.8,4,5,0.8,0.8,4,4,4,0.8947368421052632,baseline-v2-20260723,cd270e7871bd358937d83d9a49829637fa80007d2964084ef229f578e3733bd3,ba75425861a059dafcc477474fc3e4ed1eafdc2b47d6fdd0557337035d29a960,7a809066d6cd35f83c57a3c52b7afab3368aa7dba694ff29285e90dcd28df089,555820,1716143232000000000,300
OB/adservice_delay/1,OB,adservice,delay,1,300,300,stream,0.1,4,0.10526315789473684,baro,1,1.0,1.0,0.0,1,1,1,13,82.96110003720969,adservice|checkoutservice|main|productcatalogservice|frontend,adservice_latency-90,1.0,5,5,1.0,1.0,5,5,5,0.8947368421052632,baseline-v2-20260723,cd270e7871bd358937d83d9a49829637fa80007d2964084ef229f578e3733bd3,ba75425861a059dafcc477474fc3e4ed1eafdc2b47d6fdd0557337035d29a960,7a809066d6cd35f83c57a3c52b7afab3368aa7dba694ff29285e90dcd28df089,555820,1716143232000000000,300
OB/adservice_delay/1,OB,adservice,delay,1,300,300,stream,0.1,4,0.10526315789473684,median_shift,1,1.0,1.0,0.0,1,1,1,13,9.394299995619804,adservice|checkoutservice|main|shippingservice|productcatalogservice,adservice_latency-90,1.0,5,5,1.0,1.0,5,5,5,0.8947368421052632,baseline-v2-20260723,cd270e7871bd358937d83d9a49829637fa80007d2964084ef229f578e3733bd3,ba75425861a059dafcc477474fc3e4ed1eafdc2b47d6fdd0557337035d29a960,7a809066d6cd35f83c57a3c52b7afab3368aa7dba694ff29285e90dcd28df089,555820,1716143232000000000,300
OB/adservice_delay/1,OB,adservice,delay,1,300,300,stream,0.1,4,0.10526315789473684,nsigma,1,1.0,1.0,0.0,1,1,1,13,55.16879999777302,adservice|recommendationservice|checkoutservice|frontend|main,adservice_latency-90,1.0,5,5,1.0,1.0,5,5,5,0.8947368421052632,baseline-v2-20260723,cd270e7871bd358937d83d9a49829637fa80007d2964084ef229f578e3733bd3,ba75425861a059dafcc477474fc3e4ed1eafdc2b47d6fdd0557337035d29a960,7a809066d6cd35f83c57a3c52b7afab3368aa7dba694ff29285e90dcd28df089,555820,1716143232000000000,300
OB/adservice_delay/1,OB,adservice,delay,1,300,300,stream,0.1,5,0.10526315789473684,baro,1,1.0,1.0,0.0,1,1,1,13,60.17399998381734,adservice|checkoutservice|productcatalogservice|currencyservice|emailservice,adservice_latency-90,1.0,5,5,1.0,1.0,5,5,5,0.8947368421052632,baseline-v2-20260723,cd270e7871bd358937d83d9a49829637fa80007d2964084ef229f578e3733bd3,ba75425861a059dafcc477474fc3e4ed1eafdc2b47d6fdd0557337035d29a960,7a809066d6cd35f83c57a3c52b7afab3368aa7dba694ff29285e90dcd28df089,555820,1716143232000000000,300
OB/adservice_delay/1,OB,adservice,delay,1,300,300,stream,0.1,5,0.10526315789473684,median_shift,1,1.0,1.0,0.0,1,1,1,13,10.030300007201731,adservice|checkoutservice|shippingservice|productcatalogservice|currencyservice,adservice_latency-90,1.0,5,5,1.0,1.0,5,5,5,0.8947368421052632,baseline-v2-20260723,cd270e7871bd358937d83d9a49829637fa80007d2964084ef229f578e3733bd3,ba75425861a059dafcc477474fc3e4ed1eafdc2b47d6fdd0557337035d29a960,7a809066d6cd35f83c57a3c52b7afab3368aa7dba694ff29285e90dcd28df089,555820,1716143232000000000,300
OB/adservice_delay/1,OB,adservice,delay,1,300,300,stream,0.1,5,0.10526315789473684,nsigma,1,1.0,1.0,0.0,1,1,1,13,58.75999998534098,adservice|recommendationservice|checkoutservice|emailservice|productcatalogservice,adservice_latency-90,1.0,5,5,1.0,1.0,5,5,5,0.8947368421052632,baseline-v2-20260723,cd270e7871bd358937d83d9a49829637fa80007d2964084ef229f578e3733bd3,ba75425861a059dafcc477474fc3e4ed1eafdc2b47d6fdd0557337035d29a960,7a809066d6cd35f83c57a3c52b7afab3368aa7dba694ff29285e90dcd28df089,555820,1716143232000000000,300
OB/adservice_delay/1,OB,adservice,delay,1,300,300,stream,0.1,6,0.10526315789473684,baro,1,1.0,1.0,0.0,1,1,1,13,56.5614000079222,adservice|checkoutservice|main|productcatalogservice|frontend,adservice_latency-50,0.8,4,5,0.8,0.8,4,4,4,0.8947368421052632,baseline-v2-20260723,cd270e7871bd358937d83d9a49829637fa80007d2964084ef229f578e3733bd3,ba75425861a059dafcc477474fc3e4ed1eafdc2b47d6fdd0557337035d29a960,7a809066d6cd35f83c57a3c52b7afab3368aa7dba694ff29285e90dcd28df089,555820,1716143232000000000,300
OB/adservice_delay/1,OB,adservice,delay,1,300,300,stream,0.1,6,0.10526315789473684,median_shift,2,0.5,0.8,0.08333333333333333,0,1,1,13,10.062500019557774,checkoutservice|adservice|main|shippingservice|productcatalogservice,checkoutservice_latency-90,0.8,4,5,0.8,0.8,4,4,4,0.8947368421052632,baseline-v2-20260723,cd270e7871bd358937d83d9a49829637fa80007d2964084ef229f578e3733bd3,ba75425861a059dafcc477474fc3e4ed1eafdc2b47d6fdd0557337035d29a960,7a809066d6cd35f83c57a3c52b7afab3368aa7dba694ff29285e90dcd28df089,555820,1716143232000000000,300
OB/adservice_delay/1,OB,adservice,delay,1,300,300,stream,0.1,6,0.10526315789473684,nsigma,1,1.0,1.0,0.0,1,1,1,13,53.116099967155606,adservice|recommendationservice|checkoutservice|frontend|main,adservice_latency-50,0.8,4,5,0.8,0.8,4,4,4,0.8947368421052632,baseline-v2-20260723,cd270e7871bd358937d83d9a49829637fa80007d2964084ef229f578e3733bd3,ba75425861a059dafcc477474fc3e4ed1eafdc2b47d6fdd0557337035d29a960,7a809066d6cd35f83c57a3c52b7afab3368aa7dba694ff29285e90dcd28df089,555820,1716143232000000000,300
OB/adservice_delay/1,OB,adservice,delay,1,300,300,stream,0.1,7,0.10526315789473684,baro,1,1.0,1.0,0.0,1,1,1,13,54.9481000052765,adservice|checkoutservice|main|productcatalogservice|frontend,adservice_latency-90,1.0,5,5,1.0,1.0,5,5,5,0.8947368421052632,baseline-v2-20260723,cd270e7871bd358937d83d9a49829637fa80007d2964084ef229f578e3733bd3,ba75425861a059dafcc477474fc3e4ed1eafdc2b47d6fdd0557337035d29a960,7a809066d6cd35f83c57a3c52b7afab3368aa7dba694ff29285e90dcd28df089,555820,1716143232000000000,300
OB/adservice_delay/1,OB,adservice,delay,1,300,300,stream,0.1,7,0.10526315789473684,median_shift,1,1.0,1.0,0.0,1,1,1,13,10.022700007539243,adservice|checkoutservice|main|shippingservice|productcatalogservice,adservice_latency-90,1.0,5,5,1.0,1.0,5,5,5,0.8947368421052632,baseline-v2-20260723,cd270e7871bd358937d83d9a49829637fa80007d2964084ef229f578e3733bd3,ba75425861a059dafcc477474fc3e4ed1eafdc2b47d6fdd0557337035d29a960,7a809066d6cd35f83c57a3c52b7afab3368aa7dba694ff29285e90dcd28df089,555820,1716143232000000000,300
OB/adservice_delay/1,OB,adservice,delay,1,300,300,stream,0.1,7,0.10526315789473684,nsigma,1,1.0,1.0,0.0,1,1,1,13,45.786699978634715,adservice|recommendationservice|checkoutservice|frontend|main,adservice_latency-90,1.0,5,5,1.0,1.0,5,5,5,0.8947368421052632,baseline-v2-20260723,cd270e7871bd358937d83d9a49829637fa80007d2964084ef229f578e3733bd3,ba75425861a059dafcc477474fc3e4ed1eafdc2b47d6fdd0557337035d29a960,7a809066d6cd35f83c57a3c52b7afab3368aa7dba694ff29285e90dcd28df089,555820,1716143232000000000,300
OB/adservice_delay/1,OB,adservice,delay,1,300,300,stream,0.1,8,0.10526315789473684,baro,1,1.0,1.0,0.0,1,1,1,13,58.09369997587055,adservice|checkoutservice|main|productcatalogservice|frontend,adservice_latency-90,1.0,5,5,1.0,1.0,5,5,5,0.8947368421052632,baseline-v2-20260723,cd270e7871bd358937d83d9a49829637fa80007d2964084ef229f578e3733bd3,ba75425861a059dafcc477474fc3e4ed1eafdc2b47d6fdd0557337035d29a960,7a809066d6cd35f83c57a3c52b7afab3368aa7dba694ff29285e90dcd28df089,555820,1716143232000000000,300
OB/adservice_delay/1,OB,adservice,delay,1,300,300,stream,0.1,8,0.10526315789473684,median_shift,1,1.0,1.0,0.0,1,1,1,13,18.466100038494915,adservice|checkoutservice|main|shippingservice|productcatalogservice,adservice_latency-90,1.0,5,5,1.0,1.0,5,5,5,0.8947368421052632,baseline-v2-20260723,cd270e7871bd358937d83d9a49829637fa80007d2964084ef229f578e3733bd3,ba75425861a059dafcc477474fc3e4ed1eafdc2b47d6fdd0557337035d29a960,7a809066d6cd35f83c57a3c52b7afab3368aa7dba694ff29285e90dcd28df089,555820,1716143232000000000,300
OB/adservice_delay/1,OB,adservice,delay,1,300,300,stream,0.1,8,0.10526315789473684,nsigma,1,1.0,1.0,0.0,1,1,1,13,57.73270002100617,adservice|recommendationservice|checkoutservice|frontend|main,adservice_latency-90,1.0,5,5,1.0,1.0,5,5,5,0.8947368421052632,baseline-v2-20260723,cd270e7871bd358937d83d9a49829637fa80007d2964084ef229f578e3733bd3,ba75425861a059dafcc477474fc3e4ed1eafdc2b47d6fdd0557337035d29a960,7a809066d6cd35f83c57a3c52b7afab3368aa7dba694ff29285e90dcd28df089,555820,1716143232000000000,300
OB/adservice_delay/1,OB,adservice,delay,1,300,300,stream,0.1,9,0.10526315789473684,baro,1,1.0,1.0,0.0,1,1,1,13,69.87449998268858,adservice|checkoutservice|main|productcatalogservice|frontend,adservice_latency-90,1.0,5,5,1.0,1.0,5,5,5,0.8947368421052632,baseline-v2-20260723,cd270e7871bd358937d83d9a49829637fa80007d2964084ef229f578e3733bd3,ba75425861a059dafcc477474fc3e4ed1eafdc2b47d6fdd0557337035d29a960,7a809066d6cd35f83c57a3c52b7afab3368aa7dba694ff29285e90dcd28df089,555820,1716143232000000000,300
OB/adservice_delay/1,OB,adservice,delay,1,300,300,stream,0.1,9,0.10526315789473684,median_shift,1,1.0,1.0,0.0,1,1,1,13,9.934899979270995,adservice|checkoutservice|main|shippingservice|productcatalogservice,adservice_latency-90,1.0,5,5,1.0,1.0,5,5,5,0.8947368421052632,baseline-v2-20260723,cd270e7871bd358937d83d9a49829637fa80007d2964084ef229f578e3733bd3,ba75425861a059dafcc477474fc3e4ed1eafdc2b47d6fdd0557337035d29a960,7a809066d6cd35f83c57a3c52b7afab3368aa7dba694ff29285e90dcd28df089,555820,1716143232000000000,300
OB/adservice_delay/1,OB,adservice,delay,1,300,300,stream,0.1,9,0.10526315789473684,nsigma,1,1.0,1.0,0.0,1,1,1,13,46.44840001128614,adservice|recommendationservice|checkoutservice|frontend|main,adservice_latency-90,1.0,5,5,1.0,1.0,5,5,5,0.8947368421052632,baseline-v2-20260723,cd270e7871bd358937d83d9a49829637fa80007d2964084ef229f578e3733bd3,ba75425861a059dafcc477474fc3e4ed1eafdc2b47d6fdd0557337035d29a960,7a809066d6cd35f83c57a3c52b7afab3368aa7dba694ff29285e90dcd28df089,555820,1716143232000000000,300
OB/adservice_delay/1,OB,adservice,delay,1,300,300,stream,0.3,0,0.2982456140350877,baro,1,1.0,1.0,0.0,1,1,1,13,54.64909999864176,adservice|checkoutservice|main|productcatalogservice|currencyservice,adservice_latency-90,0.6,3,5,0.6,0.6,3,3,3,0.7017543859649122,baseline-v2-20260723,cd270e7871bd358937d83d9a49829637fa80007d2964084ef229f578e3733bd3,ba75425861a059dafcc477474fc3e4ed1eafdc2b47d6fdd0557337035d29a960,7a809066d6cd35f83c57a3c52b7afab3368aa7dba694ff29285e90dcd28df089,555820,1716143232000000000,300
OB/adservice_delay/1,OB,adservice,delay,1,300,300,stream,0.3,0,0.2982456140350877,median_shift,1,1.0,1.0,0.0,1,1,1,13,8.208499988541007,adservice|checkoutservice|main|shippingservice|currencyservice,adservice_latency-90,0.6,3,5,0.6,0.6,3,3,3,0.7017543859649122,baseline-v2-20260723,cd270e7871bd358937d83d9a49829637fa80007d2964084ef229f578e3733bd3,ba75425861a059dafcc477474fc3e4ed1eafdc2b47d6fdd0557337035d29a960,7a809066d6cd35f83c57a3c52b7afab3368aa7dba694ff29285e90dcd28df089,555820,1716143232000000000,300
OB/adservice_delay/1,OB,adservice,delay,1,300,300,stream,0.3,0,0.2982456140350877,nsigma,1,1.0,1.0,0.0,1,1,1,13,60.107900004368275,adservice|recommendationservice|checkoutservice|main|emailservice,adservice_latency-90,0.6,3,5,0.6,0.6,3,3,3,0.7017543859649122,baseline-v2-20260723,cd270e7871bd358937d83d9a49829637fa80007d2964084ef229f578e3733bd3,ba75425861a059dafcc477474fc3e4ed1eafdc2b47d6fdd0557337035d29a960,7a809066d6cd35f83c57a3c52b7afab3368aa7dba694ff29285e90dcd28df089,555820,1716143232000000000,300
OB/adservice_delay/1,OB,adservice,delay,1,300,300,stream,0.3,1,0.2982456140350877,baro,1,1.0,1.0,0.0,1,1,1,13,49.17040001600981,adservice|checkoutservice|main|productcatalogservice|paymentservice,adservice_latency-90,0.8,4,5,0.8,0.8,4,4,4,0.7017543859649122,baseline-v2-20260723,cd270e7871bd358937d83d9a49829637fa80007d2964084ef229f578e3733bd3,ba75425861a059dafcc477474fc3e4ed1eafdc2b47d6fdd0557337035d29a960,7a809066d6cd35f83c57a3c52b7afab3368aa7dba694ff29285e90dcd28df089,555820,1716143232000000000,300
OB/adservice_delay/1,OB,adservice,delay,1,300,300,stream,0.3,1,0.2982456140350877,median_shift,1,1.0,1.0,0.0,1,1,1,13,9.030600020196289,adservice|checkoutservice|main|shippingservice|productcatalogservice,adservice_latency-90,0.8,4,5,0.8,0.8,4,4,4,0.7017543859649122,baseline-v2-20260723,cd270e7871bd358937d83d9a49829637fa80007d2964084ef229f578e3733bd3,ba75425861a059dafcc477474fc3e4ed1eafdc2b47d6fdd0557337035d29a960,7a809066d6cd35f83c57a3c52b7afab3368aa7dba694ff29285e90dcd28df089,555820,1716143232000000000,300
OB/adservice_delay/1,OB,adservice,delay,1,300,300,stream,0.3,1,0.2982456140350877,nsigma,1,1.0,1.0,0.0,1,1,1,13,54.60319999838248,adservice|checkoutservice|main|emailservice|productcatalogservice,adservice_latency-90,0.8,4,5,0.8,0.8,4,4,4,0.7017543859649122,baseline-v2-20260723,cd270e7871bd358937d83d9a49829637fa80007d2964084ef229f578e3733bd3,ba75425861a059dafcc477474fc3e4ed1eafdc2b47d6fdd0557337035d29a960,7a809066d6cd35f83c57a3c52b7afab3368aa7dba694ff29285e90dcd28df089,555820,1716143232000000000,300
OB/adservice_delay/1,OB,adservice,delay,1,300,300,stream,0.3,2,0.2982456140350877,baro,1,1.0,1.0,0.0,1,1,1,13,62.87630001315847,adservice|checkoutservice|productcatalogservice|frontend|paymentservice,adservice_latency-90,1.0,5,5,1.0,1.0,5,5,5,0.7017543859649122,baseline-v2-20260723,cd270e7871bd358937d83d9a49829637fa80007d2964084ef229f578e3733bd3,ba75425861a059dafcc477474fc3e4ed1eafdc2b47d6fdd0557337035d29a960,7a809066d6cd35f83c57a3c52b7afab3368aa7dba694ff29285e90dcd28df089,555820,1716143232000000000,300
OB/adservice_delay/1,OB,adservice,delay,1,300,300,stream,0.3,2,0.2982456140350877,median_shift,1,1.0,1.0,0.0,1,1,1,13,13.358500029426068,adservice|checkoutservice|shippingservice|productcatalogservice|currencyservice,adservice_latency-90,1.0,5,5,1.0,1.0,5,5,5,0.7017543859649122,baseline-v2-20260723,cd270e7871bd358937d83d9a49829637fa80007d2964084ef229f578e3733bd3,ba75425861a059dafcc477474fc3e4ed1eafdc2b47d6fdd0557337035d29a960,7a809066d6cd35f83c57a3c52b7afab3368aa7dba694ff29285e90dcd28df089,555820,1716143232000000000,300
OB/adservice_delay/1,OB,adservice,delay,1,300,300,stream,0.3,2,0.2982456140350877,nsigma,1,1.0,1.0,0.0,1,1,1,13,38.841100002173334,adservice|recommendationservice|checkoutservice|frontend|emailservice,adservice_latency-90,1.0,5,5,1.0,1.0,5,5,5,0.7017543859649122,baseline-v2-20260723,cd270e7871bd358937d83d9a49829637fa80007d2964084ef229f578e3733bd3,ba75425861a059dafcc477474fc3e4ed1eafdc2b47d6fdd0557337035d29a960,7a809066d6cd35f83c57a3c52b7afab3368aa7dba694ff29285e90dcd28df089,555820,1716143232000000000,300
OB/adservice_delay/1,OB,adservice,delay,1,300,300,stream,0.3,3,0.2982456140350877,baro,1,1.0,1.0,0.0,1,1,1,13,62.39370000548661,adservice|checkoutservice|productcatalogservice|currencyservice|emailservice,adservice_latency-90,0.6,3,5,0.6,0.6,3,3,3,0.7017543859649122,baseline-v2-20260723,cd270e7871bd358937d83d9a49829637fa80007d2964084ef229f578e3733bd3,ba75425861a059dafcc477474fc3e4ed1eafdc2b47d6fdd0557337035d29a960,7a809066d6cd35f83c57a3c52b7afab3368aa7dba694ff29285e90dcd28df089,555820,1716143232000000000,300
OB/adservice_delay/1,OB,adservice,delay,1,300,300,stream,0.3,3,0.2982456140350877,median_shift,1,1.0,1.0,0.0,1,1,1,13,8.442000020295382,adservice|checkoutservice|shippingservice|productcatalogservice|currencyservice,adservice_latency-90,0.6,3,5,0.6,0.6,3,3,3,0.7017543859649122,baseline-v2-20260723,cd270e7871bd358937d83d9a49829637fa80007d2964084ef229f578e3733bd3,ba75425861a059dafcc477474fc3e4ed1eafdc2b47d6fdd0557337035d29a960,7a809066d6cd35f83c57a3c52b7afab3368aa7dba694ff29285e90dcd28df089,555820,1716143232000000000,300
OB/adservice_delay/1,OB,adservice,delay,1,300,300,stream,0.3,3,0.2982456140350877,nsigma,1,1.0,1.0,0.0,1,1,1,13,54.3154000188224,adservice|recommendationservice|checkoutservice|emailservice|productcatalogservice,adservice_latency-90,0.6,3,5,0.6,0.6,3,3,3,0.7017543859649122,baseline-v2-20260723,cd270e7871bd358937d83d9a49829637fa80007d2964084ef229f578e3733bd3,ba75425861a059dafcc477474fc3e4ed1eafdc2b47d6fdd0557337035d29a960,7a809066d6cd35f83c57a3c52b7afab3368aa7dba694ff29285e90dcd28df089,555820,1716143232000000000,300
OB/adservice_delay/1,OB,adservice,delay,1,300,300,stream,0.3,4,0.2982456140350877,baro,1,1.0,1.0,0.0,1,1,1,13,62.07290000747889,adservice|checkoutservice|main|productcatalogservice|frontend,adservice_latency-90,0.4,2,5,0.4,0.4,2,2,2,0.7017543859649122,baseline-v2-20260723,cd270e7871bd358937d83d9a49829637fa80007d2964084ef229f578e3733bd3,ba75425861a059dafcc477474fc3e4ed1eafdc2b47d6fdd0557337035d29a960,7a809066d6cd35f83c57a3c52b7afab3368aa7dba694ff29285e90dcd28df089,555820,1716143232000000000,300
OB/adservice_delay/1,OB,adservice,delay,1,300,300,stream,0.3,4,0.2982456140350877,median_shift,1,1.0,1.0,0.0,1,1,1,13,12.21439999062568,adservice|checkoutservice|main|shippingservice|currencyservice,adservice_latency-90,0.4,2,5,0.4,0.4,2,2,2,0.7017543859649122,baseline-v2-20260723,cd270e7871bd358937d83d9a49829637fa80007d2964084ef229f578e3733bd3,ba75425861a059dafcc477474fc3e4ed1eafdc2b47d6fdd0557337035d29a960,7a809066d6cd35f83c57a3c52b7afab3368aa7dba694ff29285e90dcd28df089,555820,1716143232000000000,300
OB/adservice_delay/1,OB,adservice,delay,1,300,300,stream,0.3,4,0.2982456140350877,nsigma,1,1.0,1.0,0.0,1,1,1,13,39.987900003325194,adservice|recommendationservice|checkoutservice|frontend|main,adservice_latency-90,0.4,2,5,0.4,0.4,2,2,2,0.7017543859649122,baseline-v2-20260723,cd270e7871bd358937d83d9a49829637fa80007d2964084ef229f578e3733bd3,ba75425861a059dafcc477474fc3e4ed1eafdc2b47d6fdd0557337035d29a960,7a809066d6cd35f83c57a3c52b7afab3368aa7dba694ff29285e90dcd28df089,555820,1716143232000000000,300
OB/adservice_delay/1,OB,adservice,delay,1,300,300,stream,0.3,5,0.2982456140350877,baro,1,1.0,1.0,0.0,1,1,1,13,47.78870003065094,adservice|checkoutservice|main|productcatalogservice|frontend,adservice_latency-90,0.6,3,5,0.6,0.6,3,3,3,0.7017543859649122,baseline-v2-20260723,cd270e7871bd358937d83d9a49829637fa80007d2964084ef229f578e3733bd3,ba75425861a059dafcc477474fc3e4ed1eafdc2b47d6fdd0557337035d29a960,7a809066d6cd35f83c57a3c52b7afab3368aa7dba694ff29285e90dcd28df089,555820,1716143232000000000,300
OB/adservice_delay/1,OB,adservice,delay,1,300,300,stream,0.3,5,0.2982456140350877,median_shift,1,1.0,1.0,0.0,1,1,1,13,8.505099976900965,adservice|checkoutservice|main|shippingservice|currencyservice,adservice_latency-90,0.6,3,5,0.6,0.6,3,3,3,0.7017543859649122,baseline-v2-20260723,cd270e7871bd358937d83d9a49829637fa80007d2964084ef229f578e3733bd3,ba75425861a059dafcc477474fc3e4ed1eafdc2b47d6fdd0557337035d29a960,7a809066d6cd35f83c57a3c52b7afab3368aa7dba694ff29285e90dcd28df089,555820,1716143232000000000,300
OB/adservice_delay/1,OB,adservice,delay,1,300,300,stream,0.3,5,0.2982456140350877,nsigma,1,1.0,1.0,0.0,1,1,1,13,51.23500002082437,adservice|recommendationservice|checkoutservice|frontend|main,adservice_latency-90,0.6,3,5,0.6,0.6,3,3,3,0.7017543859649122,baseline-v2-20260723,cd270e7871bd358937d83d9a49829637fa80007d2964084ef229f578e3733bd3,ba75425861a059dafcc477474fc3e4ed1eafdc2b47d6fdd0557337035d29a960,7a809066d6cd35f83c57a3c52b7afab3368aa7dba694ff29285e90dcd28df089,555820,1716143232000000000,300
OB/adservice_delay/1,OB,adservice,delay,1,300,300,stream,0.3,6,0.2982456140350877,baro,1,1.0,1.0,0.0,1,1,1,13,53.31270000897348,adservice|checkoutservice|main|productcatalogservice|frontend,adservice_latency-90,0.8,4,5,0.8,0.8,4,4,4,0.7017543859649122,baseline-v2-20260723,cd270e7871bd358937d83d9a49829637fa80007d2964084ef229f578e3733bd3,ba75425861a059dafcc477474fc3e4ed1eafdc2b47d6fdd0557337035d29a960,7a809066d6cd35f83c57a3c52b7afab3368aa7dba694ff29285e90dcd28df089,555820,1716143232000000000,300
OB/adservice_delay/1,OB,adservice,delay,1,300,300,stream,0.3,6,0.2982456140350877,median_shift,1,1.0,1.0,0.0,1,1,1,13,9.335299953818321,adservice|checkoutservice|main|shippingservice|recommendationservice,adservice_latency-90,0.8,4,5,0.8,0.8,4,4,4,0.7017543859649122,baseline-v2-20260723,cd270e7871bd358937d83d9a49829637fa80007d2964084ef229f578e3733bd3,ba75425861a059dafcc477474fc3e4ed1eafdc2b47d6fdd0557337035d29a960,7a809066d6cd35f83c57a3c52b7afab3368aa7dba694ff29285e90dcd28df089,555820,1716143232000000000,300
OB/adservice_delay/1,OB,adservice,delay,1,300,300,stream,0.3,6,0.2982456140350877,nsigma,1,1.0,1.0,0.0,1,1,1,13,38.605400011874735,adservice|checkoutservice|frontend|main|emailservice,adservice_latency-90,0.8,4,5,0.8,0.8,4,4,4,0.7017543859649122,baseline-v2-20260723,cd270e7871bd358937d83d9a49829637fa80007d2964084ef229f578e3733bd3,ba75425861a059dafcc477474fc3e4ed1eafdc2b47d6fdd0557337035d29a960,7a809066d6cd35f83c57a3c52b7afab3368aa7dba694ff29285e90dcd28df089,555820,1716143232000000000,300
OB/adservice_delay/1,OB,adservice,delay,1,300,300,stream,0.3,7,0.2982456140350877,baro,1,1.0,1.0,0.0,1,1,1,13,52.41629999363795,adservice|checkoutservice|main|productcatalogservice|frontend,adservice_latency-90,0.6,3,5,0.6,0.6,3,3,3,0.7017543859649122,baseline-v2-20260723,cd270e7871bd358937d83d9a49829637fa80007d2964084ef229f578e3733bd3,ba75425861a059dafcc477474fc3e4ed1eafdc2b47d6fdd0557337035d29a960,7a809066d6cd35f83c57a3c52b7afab3368aa7dba694ff29285e90dcd28df089,555820,1716143232000000000,300
OB/adservice_delay/1,OB,adservice,delay,1,300,300,stream,0.3,7,0.2982456140350877,median_shift,1,1.0,1.0,0.0,1,1,1,13,9.160499961581081,adservice|checkoutservice|main|shippingservice|productcatalogservice,adservice_latency-90,0.6,3,5,0.6,0.6,3,3,3,0.7017543859649122,baseline-v2-20260723,cd270e7871bd358937d83d9a49829637fa80007d2964084ef229f578e3733bd3,ba75425861a059dafcc477474fc3e4ed1eafdc2b47d6fdd0557337035d29a960,7a809066d6cd35f83c57a3c52b7afab3368aa7dba694ff29285e90dcd28df089,555820,1716143232000000000,300
OB/adservice_delay/1,OB,adservice,delay,1,300,300,stream,0.3,7,0.2982456140350877,nsigma,1,1.0,1.0,0.0,1,1,1,13,52.30480001773685,adservice|recommendationservice|checkoutservice|frontend|main,adservice_latency-90,0.6,3,5,0.6,0.6,3,3,3,0.7017543859649122,baseline-v2-20260723,cd270e7871bd358937d83d9a49829637fa80007d2964084ef229f578e3733bd3,ba75425861a059dafcc477474fc3e4ed1eafdc2b47d6fdd0557337035d29a960,7a809066d6cd35f83c57a3c52b7afab3368aa7dba694ff29285e90dcd28df089,555820,1716143232000000000,300
OB/adservice_delay/1,OB,adservice,delay,1,300,300,stream,0.3,8,0.2982456140350877,baro,1,1.0,1.0,0.0,1,1,1,13,45.53750000195578,adservice|checkoutservice|main|paymentservice|currencyservice,adservice_latency-90,0.6,3,5,0.6,0.6,3,3,3,0.7017543859649122,baseline-v2-20260723,cd270e7871bd358937d83d9a49829637fa80007d2964084ef229f578e3733bd3,ba75425861a059dafcc477474fc3e4ed1eafdc2b47d6fdd0557337035d29a960,7a809066d6cd35f83c57a3c52b7afab3368aa7dba694ff29285e90dcd28df089,555820,1716143232000000000,300
OB/adservice_delay/1,OB,adservice,delay,1,300,300,stream,0.3,8,0.2982456140350877,median_shift,1,1.0,1.0,0.0,1,1,1,13,16.013599990401417,adservice|checkoutservice|main|shippingservice|productcatalogservice,adservice_latency-90,0.6,3,5,0.6,0.6,3,3,3,0.7017543859649122,baseline-v2-20260723,cd270e7871bd358937d83d9a49829637fa80007d2964084ef229f578e3733bd3,ba75425861a059dafcc477474fc3e4ed1eafdc2b47d6fdd0557337035d29a960,7a809066d6cd35f83c57a3c52b7afab3368aa7dba694ff29285e90dcd28df089,555820,1716143232000000000,300
OB/adservice_delay/1,OB,adservice,delay,1,300,300,stream,0.3,8,0.2982456140350877,nsigma,1,1.0,1.0,0.0,1,1,1,13,52.56149999331683,adservice|checkoutservice|main|currencyservice|paymentservice,adservice_latency-90,0.6,3,5,0.6,0.6,3,3,3,0.7017543859649122,baseline-v2-20260723,cd270e7871bd358937d83d9a49829637fa80007d2964084ef229f578e3733bd3,ba75425861a059dafcc477474fc3e4ed1eafdc2b47d6fdd0557337035d29a960,7a809066d6cd35f83c57a3c52b7afab3368aa7dba694ff29285e90dcd28df089,555820,1716143232000000000,300
OB/adservice_delay/1,OB,adservice,delay,1,300,300,stream,0.3,9,0.2982456140350877,baro,1,1.0,1.0,0.0,1,1,1,13,56.59379996359348,adservice|productcatalogservice|frontend|paymentservice|currencyservice,adservice_latency-90,1.0,5,5,1.0,1.0,5,5,5,0.7017543859649122,baseline-v2-20260723,cd270e7871bd358937d83d9a49829637fa80007d2964084ef229f578e3733bd3,ba75425861a059dafcc477474fc3e4ed1eafdc2b47d6fdd0557337035d29a960,7a809066d6cd35f83c57a3c52b7afab3368aa7dba694ff29285e90dcd28df089,555820,1716143232000000000,300
OB/adservice_delay/1,OB,adservice,delay,1,300,300,stream,0.3,9,0.2982456140350877,median_shift,1,1.0,1.0,0.0,1,1,1,13,8.940499974414706,adservice|shippingservice|productcatalogservice|recommendationservice|currencyservice,adservice_latency-90,1.0,5,5,1.0,1.0,5,5,5,0.7017543859649122,baseline-v2-20260723,cd270e7871bd358937d83d9a49829637fa80007d2964084ef229f578e3733bd3,ba75425861a059dafcc477474fc3e4ed1eafdc2b47d6fdd0557337035d29a960,7a809066d6cd35f83c57a3c52b7afab3368aa7dba694ff29285e90dcd28df089,555820,1716143232000000000,300
OB/adservice_delay/1,OB,adservice,delay,1,300,300,stream,0.3,9,0.2982456140350877,nsigma,1,1.0,1.0,0.0,1,1,1,13,40.720999997574836,adservice|recommendationservice|frontend|productcatalogservice|currencyservice,adservice_latency-90,1.0,5,5,1.0,1.0,5,5,5,0.7017543859649122,baseline-v2-20260723,cd270e7871bd358937d83d9a49829637fa80007d2964084ef229f578e3733bd3,ba75425861a059dafcc477474fc3e4ed1eafdc2b47d6fdd0557337035d29a960,7a809066d6cd35f83c57a3c52b7afab3368aa7dba694ff29285e90dcd28df089,555820,1716143232000000000,300
OB/adservice_delay/1,OB,adservice,delay,1,300,300,stream,0.5,0,0.49122807017543857,baro,1,1.0,1.0,0.0,1,1,1,13,45.47670000465587,adservice|main|paymentservice|emailservice|frontend-external,adservice_latency-90,0.4,2,5,0.4,0.4,2,2,2,0.5087719298245614,baseline-v2-20260723,cd270e7871bd358937d83d9a49829637fa80007d2964084ef229f578e3733bd3,ba75425861a059dafcc477474fc3e4ed1eafdc2b47d6fdd0557337035d29a960,7a809066d6cd35f83c57a3c52b7afab3368aa7dba694ff29285e90dcd28df089,555820,1716143232000000000,300
OB/adservice_delay/1,OB,adservice,delay,1,300,300,stream,0.5,0,0.49122807017543857,median_shift,1,1.0,1.0,0.0,1,1,1,13,7.050100015476346,adservice|main|shippingservice|recommendationservice|paymentservice,adservice_latency-90,0.4,2,5,0.4,0.4,2,2,2,0.5087719298245614,baseline-v2-20260723,cd270e7871bd358937d83d9a49829637fa80007d2964084ef229f578e3733bd3,ba75425861a059dafcc477474fc3e4ed1eafdc2b47d6fdd0557337035d29a960,7a809066d6cd35f83c57a3c52b7afab3368aa7dba694ff29285e90dcd28df089,555820,1716143232000000000,300
OB/adservice_delay/1,OB,adservice,delay,1,300,300,stream,0.5,0,0.49122807017543857,nsigma,1,1.0,1.0,0.0,1,1,1,13,34.182800038252026,adservice|recommendationservice|main|emailservice|paymentservice,adservice_latency-90,0.4,2,5,0.4,0.4,2,2,2,0.5087719298245614,baseline-v2-20260723,cd270e7871bd358937d83d9a49829637fa80007d2964084ef229f578e3733bd3,ba75425861a059dafcc477474fc3e4ed1eafdc2b47d6fdd0557337035d29a960,7a809066d6cd35f83c57a3c52b7afab3368aa7dba694ff29285e90dcd28df089,555820,1716143232000000000,300
OB/adservice_delay/1,OB,adservice,delay,1,300,300,stream,0.5,1,0.49122807017543857,baro,4,0.25,0.4,0.25,0,0,1,13,40.35730002215132,checkoutservice|main|productcatalogservice|adservice|paymentservice,checkoutservice_latency-90,0.4,2,5,0.4,0.4,2,2,2,0.5087719298245614,baseline-v2-20260723,cd270e7871bd358937d83d9a49829637fa80007d2964084ef229f578e3733bd3,ba75425861a059dafcc477474fc3e4ed1eafdc2b47d6fdd0557337035d29a960,7a809066d6cd35f83c57a3c52b7afab3368aa7dba694ff29285e90dcd28df089,555820,1716143232000000000,300
OB/adservice_delay/1,OB,adservice,delay,1,300,300,stream,0.5,1,0.49122807017543857,median_shift,8,0.125,0.0,0.5833333333333334,0,0,0,13,7.497799990233034,checkoutservice|main|shippingservice|productcatalogservice|currencyservice,checkoutservice_latency-90,0.4,2,5,0.4,0.4,2,2,2,0.5087719298245614,baseline-v2-20260723,cd270e7871bd358937d83d9a49829637fa80007d2964084ef229f578e3733bd3,ba75425861a059dafcc477474fc3e4ed1eafdc2b47d6fdd0557337035d29a960,7a809066d6cd35f83c57a3c52b7afab3368aa7dba694ff29285e90dcd28df089,555820,1716143232000000000,300
OB/adservice_delay/1,OB,adservice,delay,1,300,300,stream,0.5,1,0.49122807017543857,nsigma,4,0.25,0.4,0.25,0,0,1,13,34.725300036370754,checkoutservice|main|emailservice|adservice|currencyservice,checkoutservice_latency-90,0.4,2,5,0.4,0.4,2,2,2,0.5087719298245614,baseline-v2-20260723,cd270e7871bd358937d83d9a49829637fa80007d2964084ef229f578e3733bd3,ba75425861a059dafcc477474fc3e4ed1eafdc2b47d6fdd0557337035d29a960,7a809066d6cd35f83c57a3c52b7afab3368aa7dba694ff29285e90dcd28df089,555820,1716143232000000000,300
OB/adservice_delay/1,OB,adservice,delay,1,300,300,stream,0.5,2,0.49122807017543857,baro,1,1.0,1.0,0.0,1,1,1,13,56.80970003595576,adservice|productcatalogservice|frontend|paymentservice|cartservice,adservice_latency-90,0.4,2,5,0.4,0.4,2,2,2,0.5087719298245614,baseline-v2-20260723,cd270e7871bd358937d83d9a49829637fa80007d2964084ef229f578e3733bd3,ba75425861a059dafcc477474fc3e4ed1eafdc2b47d6fdd0557337035d29a960,7a809066d6cd35f83c57a3c52b7afab3368aa7dba694ff29285e90dcd28df089,555820,1716143232000000000,300
OB/adservice_delay/1,OB,adservice,delay,1,300,300,stream,0.5,2,0.49122807017543857,median_shift,1,1.0,1.0,0.0,1,1,1,13,12.85610004561022,adservice|shippingservice|currencyservice|recommendationservice|paymentservice,adservice_latency-90,0.4,2,5,0.4,0.4,2,2,2,0.5087719298245614,baseline-v2-20260723,cd270e7871bd358937d83d9a49829637fa80007d2964084ef229f578e3733bd3,ba75425861a059dafcc477474fc3e4ed1eafdc2b47d6fdd0557337035d29a960,7a809066d6cd35f83c57a3c52b7afab3368aa7dba694ff29285e90dcd28df089,555820,1716143232000000000,300
OB/adservice_delay/1,OB,adservice,delay,1,300,300,stream,0.5,2,0.49122807017543857,nsigma,1,1.0,1.0,0.0,1,1,1,13,39.94530002819374,adservice|recommendationservice|frontend|checkoutservice|paymentservice,adservice_latency-90,0.4,2,5,0.4,0.4,2,2,2,0.5087719298245614,baseline-v2-20260723,cd270e7871bd358937d83d9a49829637fa80007d2964084ef229f578e3733bd3,ba75425861a059dafcc477474fc3e4ed1eafdc2b47d6fdd0557337035d29a960,7a809066d6cd35f83c57a3c52b7afab3368aa7dba694ff29285e90dcd28df089,555820,1716143232000000000,300
OB/adservice_delay/1,OB,adservice,delay,1,300,300,stream,0.5,3,0.49122807017543857,baro,1,1.0,1.0,0.0,1,1,1,13,38.965600018855184,adservice|checkoutservice|emailservice|cartservice|recommendationservice,adservice_latency-90,0.8,4,5,0.8,0.8,4,4,4,0.5087719298245614,baseline-v2-20260723,cd270e7871bd358937d83d9a49829637fa80007d2964084ef229f578e3733bd3,ba75425861a059dafcc477474fc3e4ed1eafdc2b47d6fdd0557337035d29a960,7a809066d6cd35f83c57a3c52b7afab3368aa7dba694ff29285e90dcd28df089,555820,1716143232000000000,300
OB/adservice_delay/1,OB,adservice,delay,1,300,300,stream,0.5,3,0.49122807017543857,median_shift,1,1.0,1.0,0.0,1,1,1,13,7.237099984195083,adservice|checkoutservice|shippingservice|currencyservice|paymentservice,adservice_latency-90,0.8,4,5,0.8,0.8,4,4,4,0.5087719298245614,baseline-v2-20260723,cd270e7871bd358937d83d9a49829637fa80007d2964084ef229f578e3733bd3,ba75425861a059dafcc477474fc3e4ed1eafdc2b47d6fdd0557337035d29a960,7a809066d6cd35f83c57a3c52b7afab3368aa7dba694ff29285e90dcd28df089,555820,1716143232000000000,300
OB/adservice_delay/1,OB,adservice,delay,1,300,300,stream,0.5,3,0.49122807017543857,nsigma,1,1.0,1.0,0.0,1,1,1,13,34.34410004410893,adservice|recommendationservice|checkoutservice|emailservice|currencyservice,adservice_latency-90,0.8,4,5,0.8,0.8,4,4,4,0.5087719298245614,baseline-v2-20260723,cd270e7871bd358937d83d9a49829637fa80007d2964084ef229f578e3733bd3,ba75425861a059dafcc477474fc3e4ed1eafdc2b47d6fdd0557337035d29a960,7a809066d6cd35f83c57a3c52b7afab3368aa7dba694ff29285e90dcd28df089,555820,1716143232000000000,300
OB/adservice_delay/1,OB,adservice,delay,1,300,300,stream,0.5,4,0.49122807017543857,baro,3,0.3333333333333333,0.6,0.16666666666666666,0,1,1,13,52.92170000029728,checkoutservice|main|adservice|emailservice|frontend-external,checkoutservice_latency-90,0.4,2,5,0.4,0.4,2,2,2,0.5087719298245614,baseline-v2-20260723,cd270e7871bd358937d83d9a49829637fa80007d2964084ef229f578e3733bd3,ba75425861a059dafcc477474fc3e4ed1eafdc2b47d6fdd0557337035d29a960,7a809066d6cd35f83c57a3c52b7afab3368aa7dba694ff29285e90dcd28df089,555820,1716143232000000000,300
OB/adservice_delay/1,OB,adservice,delay,1,300,300,stream,0.5,4,0.49122807017543857,median_shift,10,0.1,0.0,0.75,0,0,0,13,7.2126000304706395,checkoutservice|main|shippingservice|recommendationservice|productcatalogservice,checkoutservice_latency-90,0.4,2,5,0.4,0.4,2,2,2,0.5087719298245614,baseline-v2-20260723,cd270e7871bd358937d83d9a49829637fa80007d2964084ef229f578e3733bd3,ba75425861a059dafcc477474fc3e4ed1eafdc2b47d6fdd0557337035d29a960,7a809066d6cd35f83c57a3c52b7afab3368aa7dba694ff29285e90dcd28df089,555820,1716143232000000000,300
OB/adservice_delay/1,OB,adservice,delay,1,300,300,stream,0.5,4,0.49122807017543857,nsigma,5,0.2,0.2,0.3333333333333333,0,0,1,13,32.80699998140335,recommendationservice|checkoutservice|main|emailservice|adservice,recommendationservice_mem,0.4,2,5,0.4,0.4,2,2,2,0.5087719298245614,baseline-v2-20260723,cd270e7871bd358937d83d9a49829637fa80007d2964084ef229f578e3733bd3,ba75425861a059dafcc477474fc3e4ed1eafdc2b47d6fdd0557337035d29a960,7a809066d6cd35f83c57a3c52b7afab3368aa7dba694ff29285e90dcd28df089,555820,1716143232000000000,300
OB/adservice_delay/1,OB,adservice,delay,1,300,300,stream,0.5,5,0.49122807017543857,baro,3,0.3333333333333333,0.6,0.16666666666666666,0,1,1,13,40.34149996004999,checkoutservice|main|adservice|frontend|paymentservice,checkoutservice_latency-50,0.4,2,5,0.4,0.4,2,2,2,0.5087719298245614,baseline-v2-20260723,cd270e7871bd358937d83d9a49829637fa80007d2964084ef229f578e3733bd3,ba75425861a059dafcc477474fc3e4ed1eafdc2b47d6fdd0557337035d29a960,7a809066d6cd35f83c57a3c52b7afab3368aa7dba694ff29285e90dcd28df089,555820,1716143232000000000,300
OB/adservice_delay/1,OB,adservice,delay,1,300,300,stream,0.5,5,0.49122807017543857,median_shift,4,0.25,0.4,0.25,0,0,1,13,7.309800013899803,checkoutservice|main|shippingservice|adservice|productcatalogservice,checkoutservice_latency-50,0.4,2,5,0.4,0.4,2,2,2,0.5087719298245614,baseline-v2-20260723,cd270e7871bd358937d83d9a49829637fa80007d2964084ef229f578e3733bd3,ba75425861a059dafcc477474fc3e4ed1eafdc2b47d6fdd0557337035d29a960,7a809066d6cd35f83c57a3c52b7afab3368aa7dba694ff29285e90dcd28df089,555820,1716143232000000000,300
OB/adservice_delay/1,OB,adservice,delay,1,300,300,stream,0.5,5,0.49122807017543857,nsigma,5,0.2,0.2,0.3333333333333333,0,0,1,13,33.66770001593977,checkoutservice|frontend|main|emailservice|adservice,checkoutservice_latency-50,0.4,2,5,0.4,0.4,2,2,2,0.5087719298245614,baseline-v2-20260723,cd270e7871bd358937d83d9a49829637fa80007d2964084ef229f578e3733bd3,ba75425861a059dafcc477474fc3e4ed1eafdc2b47d6fdd0557337035d29a960,7a809066d6cd35f83c57a3c52b7afab3368aa7dba694ff29285e90dcd28df089,555820,1716143232000000000,300
OB/adservice_delay/1,OB,adservice,delay,1,300,300,stream,0.5,6,0.49122807017543857,baro,1,1.0,1.0,0.0,1,1,1,13,45.17989995656535,adservice|checkoutservice|main|productcatalogservice|frontend,adservice_latency-90,0.8,4,5,0.8,0.8,4,4,4,0.5087719298245614,baseline-v2-20260723,cd270e7871bd358937d83d9a49829637fa80007d2964084ef229f578e3733bd3,ba75425861a059dafcc477474fc3e4ed1eafdc2b47d6fdd0557337035d29a960,7a809066d6cd35f83c57a3c52b7afab3368aa7dba694ff29285e90dcd28df089,555820,1716143232000000000,300
OB/adservice_delay/1,OB,adservice,delay,1,300,300,stream,0.5,6,0.49122807017543857,median_shift,1,1.0,1.0,0.0,1,1,1,13,11.655200039967895,adservice|checkoutservice|main|recommendationservice|productcatalogservice,adservice_latency-90,0.8,4,5,0.8,0.8,4,4,4,0.5087719298245614,baseline-v2-20260723,cd270e7871bd358937d83d9a49829637fa80007d2964084ef229f578e3733bd3,ba75425861a059dafcc477474fc3e4ed1eafdc2b47d6fdd0557337035d29a960,7a809066d6cd35f83c57a3c52b7afab3368aa7dba694ff29285e90dcd28df089,555820,1716143232000000000,300
OB/adservice_delay/1,OB,adservice,delay,1,300,300,stream,0.5,6,0.49122807017543857,nsigma,1,1.0,1.0,0.0,1,1,1,13,46.921599947381765,adservice|checkoutservice|frontend|main|productcatalogservice,adservice_latency-90,0.8,4,5,0.8,0.8,4,4,4,0.5087719298245614,baseline-v2-20260723,cd270e7871bd358937d83d9a49829637fa80007d2964084ef229f578e3733bd3,ba75425861a059dafcc477474fc3e4ed1eafdc2b47d6fdd0557337035d29a960,7a809066d6cd35f83c57a3c52b7afab3368aa7dba694ff29285e90dcd28df089,555820,1716143232000000000,300
OB/adservice_delay/1,OB,adservice,delay,1,300,300,stream,0.5,7,0.49122807017543857,baro,1,1.0,1.0,0.0,1,1,1,13,48.90649998560548,adservice|checkoutservice|main|frontend|emailservice,adservice_latency-90,0.2,1,5,0.2,0.2,1,1,1,0.5087719298245614,baseline-v2-20260723,cd270e7871bd358937d83d9a49829637fa80007d2964084ef229f578e3733bd3,ba75425861a059dafcc477474fc3e4ed1eafdc2b47d6fdd0557337035d29a960,7a809066d6cd35f83c57a3c52b7afab3368aa7dba694ff29285e90dcd28df089,555820,1716143232000000000,300
OB/adservice_delay/1,OB,adservice,delay,1,300,300,stream,0.5,7,0.49122807017543857,median_shift,1,1.0,1.0,0.0,1,1,1,13,7.561300008092076,adservice|checkoutservice|main|shippingservice|recommendationservice,adservice_latency-90,0.2,1,5,0.2,0.2,1,1,1,0.5087719298245614,baseline-v2-20260723,cd270e7871bd358937d83d9a49829637fa80007d2964084ef229f578e3733bd3,ba75425861a059dafcc477474fc3e4ed1eafdc2b47d6fdd0557337035d29a960,7a809066d6cd35f83c57a3c52b7afab3368aa7dba694ff29285e90dcd28df089,555820,1716143232000000000,300
OB/adservice_delay/1,OB,adservice,delay,1,300,300,stream,0.5,7,0.49122807017543857,nsigma,1,1.0,1.0,0.0,1,1,1,13,39.112100028432906,adservice|checkoutservice|frontend|main|emailservice,adservice_latency-90,0.2,1,5,0.2,0.2,1,1,1,0.5087719298245614,baseline-v2-20260723,cd270e7871bd358937d83d9a49829637fa80007d2964084ef229f578e3733bd3,ba75425861a059dafcc477474fc3e4ed1eafdc2b47d6fdd0557337035d29a960,7a809066d6cd35f83c57a3c52b7afab3368aa7dba694ff29285e90dcd28df089,555820,1716143232000000000,300
OB/adservice_delay/1,OB,adservice,delay,1,300,300,stream,0.5,8,0.49122807017543857,baro,1,1.0,1.0,0.0,1,1,1,13,42.03870001947507,adservice|checkoutservice|productcatalogservice|frontend|emailservice,adservice_latency-50,0.6,3,5,0.6,0.6,3,3,3,0.5087719298245614,baseline-v2-20260723,cd270e7871bd358937d83d9a49829637fa80007d2964084ef229f578e3733bd3,ba75425861a059dafcc477474fc3e4ed1eafdc2b47d6fdd0557337035d29a960,7a809066d6cd35f83c57a3c52b7afab3368aa7dba694ff29285e90dcd28df089,555820,1716143232000000000,300
OB/adservice_delay/1,OB,adservice,delay,1,300,300,stream,0.5,8,0.49122807017543857,median_shift,2,0.5,0.8,0.08333333333333333,0,1,1,13,15.014100004918873,checkoutservice|adservice|shippingservice|currencyservice|paymentservice,checkoutservice_latency-90,0.6,3,5,0.6,0.6,3,3,3,0.5087719298245614,baseline-v2-20260723,cd270e7871bd358937d83d9a49829637fa80007d2964084ef229f578e3733bd3,ba75425861a059dafcc477474fc3e4ed1eafdc2b47d6fdd0557337035d29a960,7a809066d6cd35f83c57a3c52b7afab3368aa7dba694ff29285e90dcd28df089,555820,1716143232000000000,300
OB/adservice_delay/1,OB,adservice,delay,1,300,300,stream,0.5,8,0.49122807017543857,nsigma,1,1.0,1.0,0.0,1,1,1,13,34.31220003403723,adservice|checkoutservice|frontend|emailservice|productcatalogservice,adservice_latency-50,0.6,3,5,0.6,0.6,3,3,3,0.5087719298245614,baseline-v2-20260723,cd270e7871bd358937d83d9a49829637fa80007d2964084ef229f578e3733bd3,ba75425861a059dafcc477474fc3e4ed1eafdc2b47d6fdd0557337035d29a960,7a809066d6cd35f83c57a3c52b7afab3368aa7dba694ff29285e90dcd28df089,555820,1716143232000000000,300
OB/adservice_delay/1,OB,adservice,delay,1,300,300,stream,0.5,9,0.49122807017543857,baro,1,1.0,1.0,0.0,1,1,1,13,65.40610000956804,adservice|checkoutservice|main|currencyservice|frontend-external,adservice_latency-90,0.6,3,5,0.6,0.6,3,3,3,0.5087719298245614,baseline-v2-20260723,cd270e7871bd358937d83d9a49829637fa80007d2964084ef229f578e3733bd3,ba75425861a059dafcc477474fc3e4ed1eafdc2b47d6fdd0557337035d29a960,7a809066d6cd35f83c57a3c52b7afab3368aa7dba694ff29285e90dcd28df089,555820,1716143232000000000,300
OB/adservice_delay/1,OB,adservice,delay,1,300,300,stream,0.5,9,0.49122807017543857,median_shift,1,1.0,1.0,0.0,1,1,1,13,7.71630002418533,adservice|checkoutservice|main|shippingservice|productcatalogservice,adservice_latency-90,0.6,3,5,0.6,0.6,3,3,3,0.5087719298245614,baseline-v2-20260723,cd270e7871bd358937d83d9a49829637fa80007d2964084ef229f578e3733bd3,ba75425861a059dafcc477474fc3e4ed1eafdc2b47d6fdd0557337035d29a960,7a809066d6cd35f83c57a3c52b7afab3368aa7dba694ff29285e90dcd28df089,555820,1716143232000000000,300
OB/adservice_delay/1,OB,adservice,delay,1,300,300,stream,0.5,9,0.49122807017543857,nsigma,1,1.0,1.0,0.0,1,1,1,13,50.14649999793619,adservice|checkoutservice|main|currencyservice|frontend-external,adservice_latency-90,0.6,3,5,0.6,0.6,3,3,3,0.5087719298245614,baseline-v2-20260723,cd270e7871bd358937d83d9a49829637fa80007d2964084ef229f578e3733bd3,ba75425861a059dafcc477474fc3e4ed1eafdc2b47d6fdd0557337035d29a960,7a809066d6cd35f83c57a3c52b7afab3368aa7dba694ff29285e90dcd28df089,555820,1716143232000000000,300
