case_id,system,root_service,fault,repetition,n_pre,n_post,mechanism,rate,replicate,realized_rate,method,rank,reciprocal_rank,avg_at_5,normalized_rank,hit_at_1,hit_at_3,hit_at_5,candidate_count,elapsed_ms,top_5,top_evidence_metric,root_observed_fraction,root_streams_available,root_streams_total,root_pre_observed_fraction,root_post_observed_fraction,root_streams_pre_available,root_streams_post_available,root_streams_scorable,observed_fraction,runner_version,code_hash,config_fingerprint,source_fingerprint,source_size,source_mtime_ns,window
OB/currencyservice_disk/2,OB,currencyservice,disk,2,300,300,burst,0.1,0,0.1,baro,1,1.0,1.0,0.0,1,1,1,13,93.92880002269521,currencyservice|checkoutservice|cartservice|frontend|productcatalogservice,currencyservice_latency-50,0.9,5,5,0.844,0.956,5,5,5,0.9,baseline-v2-20260723,cd270e7871bd358937d83d9a49829637fa80007d2964084ef229f578e3733bd3,ba75425861a059dafcc477474fc3e4ed1eafdc2b47d6fdd0557337035d29a960,e7b5f36bb370ab62fa30f6f64e15748a54c1303f3c4643e920d5cddb48057f0b,577873,1716143232000000000,300
OB/currencyservice_disk/2,OB,currencyservice,disk,2,300,300,burst,0.1,0,0.1,median_shift,1,1.0,1.0,0.0,1,1,1,13,11.646099970676005,currencyservice|checkoutservice|frontend|cartservice|recommendationservice,currencyservice_latency-50,0.9,5,5,0.844,0.956,5,5,5,0.9,baseline-v2-20260723,cd270e7871bd358937d83d9a49829637fa80007d2964084ef229f578e3733bd3,ba75425861a059dafcc477474fc3e4ed1eafdc2b47d6fdd0557337035d29a960,e7b5f36bb370ab62fa30f6f64e15748a54c1303f3c4643e920d5cddb48057f0b,577873,1716143232000000000,300
OB/currencyservice_disk/2,OB,currencyservice,disk,2,300,300,burst,0.1,0,0.1,nsigma,1,1.0,1.0,0.0,1,1,1,13,53.91730001429096,currencyservice|checkoutservice|cartservice|frontend|emailservice,currencyservice_latency-50,0.9,5,5,0.844,0.956,5,5,5,0.9,baseline-v2-20260723,cd270e7871bd358937d83d9a49829637fa80007d2964084ef229f578e3733bd3,ba75425861a059dafcc477474fc3e4ed1eafdc2b47d6fdd0557337035d29a960,e7b5f36bb370ab62fa30f6f64e15748a54c1303f3c4643e920d5cddb48057f0b,577873,1716143232000000000,300
OB/currencyservice_disk/2,OB,currencyservice,disk,2,300,300,burst,0.1,1,0.1,baro,1,1.0,1.0,0.0,1,1,1,13,99.77100003743544,currencyservice|checkoutservice|emailservice|cartservice|frontend,currencyservice_latency-90,0.9,5,5,0.8933333333333333,0.9066666666666666,5,5,5,0.9,baseline-v2-20260723,cd270e7871bd358937d83d9a49829637fa80007d2964084ef229f578e3733bd3,ba75425861a059dafcc477474fc3e4ed1eafdc2b47d6fdd0557337035d29a960,e7b5f36bb370ab62fa30f6f64e15748a54c1303f3c4643e920d5cddb48057f0b,577873,1716143232000000000,300
OB/currencyservice_disk/2,OB,currencyservice,disk,2,300,300,burst,0.1,1,0.1,median_shift,1,1.0,1.0,0.0,1,1,1,13,17.490800004452467,currencyservice|checkoutservice|frontend|cartservice|recommendationservice,currencyservice_latency-90,0.9,5,5,0.8933333333333333,0.9066666666666666,5,5,5,0.9,baseline-v2-20260723,cd270e7871bd358937d83d9a49829637fa80007d2964084ef229f578e3733bd3,ba75425861a059dafcc477474fc3e4ed1eafdc2b47d6fdd0557337035d29a960,e7b5f36bb370ab62fa30f6f64e15748a54c1303f3c4643e920d5cddb48057f0b,577873,1716143232000000000,300
OB/currencyservice_disk/2,OB,currencyservice,disk,2,300,300,burst,0.1,1,0.1,nsigma,1,1.0,1.0,0.0,1,1,1,13,60.61569997109473,currencyservice|checkoutservice|cartservice|frontend|emailservice,currencyservice_latency-90,0.9,5,5,0.8933333333333333,0.9066666666666666,5,5,5,0.9,baseline-v2-20260723,cd270e7871bd358937d83d9a49829637fa80007d2964084ef229f578e3733bd3,ba75425861a059dafcc477474fc3e4ed1eafdc2b47d6fdd0557337035d29a960,e7b5f36bb370ab62fa30f6f64e15748a54c1303f3c4643e920d5cddb48057f0b,577873,1716143232000000000,300
OB/currencyservice_disk/2,OB,currencyservice,disk,2,300,300,burst,0.1,2,0.1,baro,1,1.0,1.0,0.0,1,1,1,13,102.41940000560135,currencyservice|checkoutservice|frontend|emailservice|productcatalogservice,currencyservice_latency-50,0.9,5,5,0.88,0.92,5,5,5,0.9,baseline-v2-20260723,cd270e7871bd358937d83d9a49829637fa80007d2964084ef229f578e3733bd3,ba75425861a059dafcc477474fc3e4ed1eafdc2b47d6fdd0557337035d29a960,e7b5f36bb370ab62fa30f6f64e15748a54c1303f3c4643e920d5cddb48057f0b,577873,1716143232000000000,300
OB/currencyservice_disk/2,OB,currencyservice,disk,2,300,300,burst,0.1,2,0.1,median_shift,1,1.0,1.0,0.0,1,1,1,13,17.92299997759983,currencyservice|checkoutservice|frontend|cartservice|paymentservice,currencyservice_latency-90,0.9,5,5,0.88,0.92,5,5,5,0.9,baseline-v2-20260723,cd270e7871bd358937d83d9a49829637fa80007d2964084ef229f578e3733bd3,ba75425861a059dafcc477474fc3e4ed1eafdc2b47d6fdd0557337035d29a960,e7b5f36bb370ab62fa30f6f64e15748a54c1303f3c4643e920d5cddb48057f0b,577873,1716143232000000000,300
OB/currencyservice_disk/2,OB,currencyservice,disk,2,300,300,burst,0.1,2,0.1,nsigma,1,1.0,1.0,0.0,1,1,1,13,78.30039999680594,currencyservice|checkoutservice|frontend|cartservice|emailservice,currencyservice_latency-50,0.9,5,5,0.88,0.92,5,5,5,0.9,baseline-v2-20260723,cd270e7871bd358937d83d9a49829637fa80007d2964084ef229f578e3733bd3,ba75425861a059dafcc477474fc3e4ed1eafdc2b47d6fdd0557337035d29a960,e7b5f36bb370ab62fa30f6f64e15748a54c1303f3c4643e920d5cddb48057f0b,577873,1716143232000000000,300
OB/currencyservice_disk/2,OB,currencyservice,disk,2,300,300,burst,0.1,3,0.1,baro,1,1.0,1.0,0.0,1,1,1,13,102.88249998120591,currencyservice|emailservice|checkoutservice|frontend|cartservice,currencyservice_latency-50,0.9,5,5,0.88,0.92,5,5,5,0.9,baseline-v2-20260723,cd270e7871bd358937d83d9a49829637fa80007d2964084ef229f578e3733bd3,ba75425861a059dafcc477474fc3e4ed1eafdc2b47d6fdd0557337035d29a960,e7b5f36bb370ab62fa30f6f64e15748a54c1303f3c4643e920d5cddb48057f0b,577873,1716143232000000000,300
OB/currencyservice_disk/2,OB,currencyservice,disk,2,300,300,burst,0.1,3,0.1,median_shift,1,1.0,1.0,0.0,1,1,1,13,12.089700030628592,currencyservice|checkoutservice|recommendationservice|frontend|cartservice,currencyservice_latency-90,0.9,5,5,0.88,0.92,5,5,5,0.9,baseline-v2-20260723,cd270e7871bd358937d83d9a49829637fa80007d2964084ef229f578e3733bd3,ba75425861a059dafcc477474fc3e4ed1eafdc2b47d6fdd0557337035d29a960,e7b5f36bb370ab62fa30f6f64e15748a54c1303f3c4643e920d5cddb48057f0b,577873,1716143232000000000,300
OB/currencyservice_disk/2,OB,currencyservice,disk,2,300,300,burst,0.1,3,0.1,nsigma,1,1.0,1.0,0.0,1,1,1,13,70.24610001826659,currencyservice|checkoutservice|cartservice|frontend|emailservice,currencyservice_latency-50,0.9,5,5,0.88,0.92,5,5,5,0.9,baseline-v2-20260723,cd270e7871bd358937d83d9a49829637fa80007d2964084ef229f578e3733bd3,ba75425861a059dafcc477474fc3e4ed1eafdc2b47d6fdd0557337035d29a960,e7b5f36bb370ab62fa30f6f64e15748a54c1303f3c4643e920d5cddb48057f0b,577873,1716143232000000000,300
OB/currencyservice_disk/2,OB,currencyservice,disk,2,300,300,burst,0.1,4,0.1,baro,1,1.0,1.0,0.0,1,1,1,13,79.81219998328015,currencyservice|checkoutservice|emailservice|frontend|cartservice,currencyservice_latency-50,0.9,5,5,0.9006666666666666,0.8993333333333333,5,5,5,0.9,baseline-v2-20260723,cd270e7871bd358937d83d9a49829637fa80007d2964084ef229f578e3733bd3,ba75425861a059dafcc477474fc3e4ed1eafdc2b47d6fdd0557337035d29a960,e7b5f36bb370ab62fa30f6f64e15748a54c1303f3c4643e920d5cddb48057f0b,577873,1716143232000000000,300
OB/currencyservice_disk/2,OB,currencyservice,disk,2,300,300,burst,0.1,4,0.1,median_shift,1,1.0,1.0,0.0,1,1,1,13,10.99939999403432,currencyservice|checkoutservice|frontend|cartservice|recommendationservice,currencyservice_latency-50,0.9,5,5,0.9006666666666666,0.8993333333333333,5,5,5,0.9,baseline-v2-20260723,cd270e7871bd358937d83d9a49829637fa80007d2964084ef229f578e3733bd3,ba75425861a059dafcc477474fc3e4ed1eafdc2b47d6fdd0557337035d29a960,e7b5f36bb370ab62fa30f6f64e15748a54c1303f3c4643e920d5cddb48057f0b,577873,1716143232000000000,300
OB/currencyservice_disk/2,OB,currencyservice,disk,2,300,300,burst,0.1,4,0.1,nsigma,1,1.0,1.0,0.0,1,1,1,13,55.375700001604855,currencyservice|checkoutservice|frontend|cartservice|emailservice,currencyservice_latency-50,0.9,5,5,0.9006666666666666,0.8993333333333333,5,5,5,0.9,baseline-v2-20260723,cd270e7871bd358937d83d9a49829637fa80007d2964084ef229f578e3733bd3,ba75425861a059dafcc477474fc3e4ed1eafdc2b47d6fdd0557337035d29a960,e7b5f36bb370ab62fa30f6f64e15748a54c1303f3c4643e920d5cddb48057f0b,577873,1716143232000000000,300
OB/currencyservice_disk/2,OB,currencyservice,disk,2,300,300,burst,0.1,5,0.1,baro,1,1.0,1.0,0.0,1,1,1,13,68.93319997470826,currencyservice|checkoutservice|emailservice|productcatalogservice|cartservice,currencyservice_latency-50,0.9,5,5,0.88,0.92,5,5,5,0.9,baseline-v2-20260723,cd270e7871bd358937d83d9a49829637fa80007d2964084ef229f578e3733bd3,ba75425861a059dafcc477474fc3e4ed1eafdc2b47d6fdd0557337035d29a960,e7b5f36bb370ab62fa30f6f64e15748a54c1303f3c4643e920d5cddb48057f0b,577873,1716143232000000000,300
OB/currencyservice_disk/2,OB,currencyservice,disk,2,300,300,burst,0.1,5,0.1,median_shift,1,1.0,1.0,0.0,1,1,1,13,23.546900018118322,currencyservice|checkoutservice|frontend|recommendationservice|cartservice,currencyservice_latency-50,0.9,5,5,0.88,0.92,5,5,5,0.9,baseline-v2-20260723,cd270e7871bd358937d83d9a49829637fa80007d2964084ef229f578e3733bd3,ba75425861a059dafcc477474fc3e4ed1eafdc2b47d6fdd0557337035d29a960,e7b5f36bb370ab62fa30f6f64e15748a54c1303f3c4643e920d5cddb48057f0b,577873,1716143232000000000,300
OB/currencyservice_disk/2,OB,currencyservice,disk,2,300,300,burst,0.1,5,0.1,nsigma,1,1.0,1.0,0.0,1,1,1,13,51.85649998020381,currencyservice|checkoutservice|frontend|cartservice|emailservice,currencyservice_latency-50,0.9,5,5,0.88,0.92,5,5,5,0.9,baseline-v2-20260723,cd270e7871bd358937d83d9a49829637fa80007d2964084ef229f578e3733bd3,ba75425861a059dafcc477474fc3e4ed1eafdc2b47d6fdd0557337035d29a960,e7b5f36bb370ab62fa30f6f64e15748a54c1303f3c4643e920d5cddb48057f0b,577873,1716143232000000000,300
OB/currencyservice_disk/2,OB,currencyservice,disk,2,300,300,burst,0.1,6,0.1,baro,1,1.0,1.0,0.0,1,1,1,13,75.79370000166818,currencyservice|checkoutservice|emailservice|cartservice|frontend,currencyservice_latency-50,0.9,5,5,1.0,0.8,5,5,5,0.9,baseline-v2-20260723,cd270e7871bd358937d83d9a49829637fa80007d2964084ef229f578e3733bd3,ba75425861a059dafcc477474fc3e4ed1eafdc2b47d6fdd0557337035d29a960,e7b5f36bb370ab62fa30f6f64e15748a54c1303f3c4643e920d5cddb48057f0b,577873,1716143232000000000,300
OB/currencyservice_disk/2,OB,currencyservice,disk,2,300,300,burst,0.1,6,0.1,median_shift,1,1.0,1.0,0.0,1,1,1,13,20.810000016354024,currencyservice|checkoutservice|frontend|cartservice|recommendationservice,currencyservice_latency-90,0.9,5,5,1.0,0.8,5,5,5,0.9,baseline-v2-20260723,cd270e7871bd358937d83d9a49829637fa80007d2964084ef229f578e3733bd3,ba75425861a059dafcc477474fc3e4ed1eafdc2b47d6fdd0557337035d29a960,e7b5f36bb370ab62fa30f6f64e15748a54c1303f3c4643e920d5cddb48057f0b,577873,1716143232000000000,300
OB/currencyservice_disk/2,OB,currencyservice,disk,2,300,300,burst,0.1,6,0.1,nsigma,1,1.0,1.0,0.0,1,1,1,13,57.74600000586361,currencyservice|checkoutservice|frontend|cartservice|emailservice,currencyservice_latency-50,0.9,5,5,1.0,0.8,5,5,5,0.9,baseline-v2-20260723,cd270e7871bd358937d83d9a49829637fa80007d2964084ef229f578e3733bd3,ba75425861a059dafcc477474fc3e4ed1eafdc2b47d6fdd0557337035d29a960,e7b5f36bb370ab62fa30f6f64e15748a54c1303f3c4643e920d5cddb48057f0b,577873,1716143232000000000,300
OB/currencyservice_disk/2,OB,currencyservice,disk,2,300,300,burst,0.1,7,0.1,baro,1,1.0,1.0,0.0,1,1,1,13,94.97510001529008,currencyservice|checkoutservice|emailservice|cartservice|frontend,currencyservice_latency-50,0.9,5,5,0.9793333333333333,0.8206666666666667,5,5,5,0.9,baseline-v2-20260723,cd270e7871bd358937d83d9a49829637fa80007d2964084ef229f578e3733bd3,ba75425861a059dafcc477474fc3e4ed1eafdc2b47d6fdd0557337035d29a960,e7b5f36bb370ab62fa30f6f64e15748a54c1303f3c4643e920d5cddb48057f0b,577873,1716143232000000000,300
OB/currencyservice_disk/2,OB,currencyservice,disk,2,300,300,burst,0.1,7,0.1,median_shift,1,1.0,1.0,0.0,1,1,1,13,11.888900015037507,currencyservice|checkoutservice|frontend|cartservice|recommendationservice,currencyservice_latency-90,0.9,5,5,0.9793333333333333,0.8206666666666667,5,5,5,0.9,baseline-v2-20260723,cd270e7871bd358937d83d9a49829637fa80007d2964084ef229f578e3733bd3,ba75425861a059dafcc477474fc3e4ed1eafdc2b47d6fdd0557337035d29a960,e7b5f36bb370ab62fa30f6f64e15748a54c1303f3c4643e920d5cddb48057f0b,577873,1716143232000000000,300
OB/currencyservice_disk/2,OB,currencyservice,disk,2,300,300,burst,0.1,7,0.1,nsigma,1,1.0,1.0,0.0,1,1,1,13,84.16950004175305,currencyservice|checkoutservice|cartservice|frontend|emailservice,currencyservice_latency-50,0.9,5,5,0.9793333333333333,0.8206666666666667,5,5,5,0.9,baseline-v2-20260723,cd270e7871bd358937d83d9a49829637fa80007d2964084ef229f578e3733bd3,ba75425861a059dafcc477474fc3e4ed1eafdc2b47d6fdd0557337035d29a960,e7b5f36bb370ab62fa30f6f64e15748a54c1303f3c4643e920d5cddb48057f0b,577873,1716143232000000000,300
OB/currencyservice_disk/2,OB,currencyservice,disk,2,300,300,burst,0.1,8,0.1,baro,1,1.0,1.0,0.0,1,1,1,13,88.9226000290364,currencyservice|checkoutservice|productcatalogservice|frontend|emailservice,currencyservice_latency-50,0.9,5,5,0.92,0.88,5,5,5,0.9,baseline-v2-20260723,cd270e7871bd358937d83d9a49829637fa80007d2964084ef229f578e3733bd3,ba75425861a059dafcc477474fc3e4ed1eafdc2b47d6fdd0557337035d29a960,e7b5f36bb370ab62fa30f6f64e15748a54c1303f3c4643e920d5cddb48057f0b,577873,1716143232000000000,300
OB/currencyservice_disk/2,OB,currencyservice,disk,2,300,300,burst,0.1,8,0.1,median_shift,1,1.0,1.0,0.0,1,1,1,13,11.78760000038892,currencyservice|checkoutservice|frontend|cartservice|recommendationservice,currencyservice_latency-90,0.9,5,5,0.92,0.88,5,5,5,0.9,baseline-v2-20260723,cd270e7871bd358937d83d9a49829637fa80007d2964084ef229f578e3733bd3,ba75425861a059dafcc477474fc3e4ed1eafdc2b47d6fdd0557337035d29a960,e7b5f36bb370ab62fa30f6f64e15748a54c1303f3c4643e920d5cddb48057f0b,577873,1716143232000000000,300
OB/currencyservice_disk/2,OB,currencyservice,disk,2,300,300,burst,0.1,8,0.1,nsigma,1,1.0,1.0,0.0,1,1,1,13,72.26950000040233,currencyservice|checkoutservice|cartservice|frontend|emailservice,currencyservice_latency-50,0.9,5,5,0.92,0.88,5,5,5,0.9,baseline-v2-20260723,cd270e7871bd358937d83d9a49829637fa80007d2964084ef229f578e3733bd3,ba75425861a059dafcc477474fc3e4ed1eafdc2b47d6fdd0557337035d29a960,e7b5f36bb370ab62fa30f6f64e15748a54c1303f3c4643e920d5cddb48057f0b,577873,1716143232000000000,300
OB/currencyservice_disk/2,OB,currencyservice,disk,2,300,300,burst,0.1,9,0.1,baro,1,1.0,1.0,0.0,1,1,1,13,62.41600000066683,currencyservice|checkoutservice|emailservice|cartservice|frontend,currencyservice_latency-50,0.9,5,5,0.8973333333333333,0.9026666666666666,5,5,5,0.9,baseline-v2-20260723,cd270e7871bd358937d83d9a49829637fa80007d2964084ef229f578e3733bd3,ba75425861a059dafcc477474fc3e4ed1eafdc2b47d6fdd0557337035d29a960,e7b5f36bb370ab62fa30f6f64e15748a54c1303f3c4643e920d5cddb48057f0b,577873,1716143232000000000,300
OB/currencyservice_disk/2,OB,currencyservice,disk,2,300,300,burst,0.1,9,0.1,median_shift,1,1.0,1.0,0.0,1,1,1,13,21.49069996085018,currencyservice|checkoutservice|frontend|cartservice|recommendationservice,currencyservice_latency-50,0.9,5,5,0.8973333333333333,0.9026666666666666,5,5,5,0.9,baseline-v2-20260723,cd270e7871bd358937d83d9a49829637fa80007d2964084ef229f578e3733bd3,ba75425861a059dafcc477474fc3e4ed1eafdc2b47d6fdd0557337035d29a960,e7b5f36bb370ab62fa30f6f64e15748a54c1303f3c4643e920d5cddb48057f0b,577873,1716143232000000000,300
OB/currencyservice_disk/2,OB,currencyservice,disk,2,300,300,burst,0.1,9,0.1,nsigma,1,1.0,1.0,0.0,1,1,1,13,56.393600010778755,currencyservice|checkoutservice|cartservice|frontend|emailservice,currencyservice_latency-50,0.9,5,5,0.8973333333333333,0.9026666666666666,5,5,5,0.9,baseline-v2-20260723,cd270e7871bd358937d83d9a49829637fa80007d2964084ef229f578e3733bd3,ba75425861a059dafcc477474fc3e4ed1eafdc2b47d6fdd0557337035d29a960,e7b5f36bb370ab62fa30f6f64e15748a54c1303f3c4643e920d5cddb48057f0b,577873,1716143232000000000,300
OB/currencyservice_disk/2,OB,currencyservice,disk,2,300,300,burst,0.3,0,0.3,baro,4,0.25,0.4,0.25,0,0,1,13,71.44009997136891,productcatalogservice|recommendationservice|cartservice|currencyservice|checkoutservice,productcatalogservice_latency-90,0.7,5,5,0.868,0.532,5,5,5,0.7,baseline-v2-20260723,cd270e7871bd358937d83d9a49829637fa80007d2964084ef229f578e3733bd3,ba75425861a059dafcc477474fc3e4ed1eafdc2b47d6fdd0557337035d29a960,e7b5f36bb370ab62fa30f6f64e15748a54c1303f3c4643e920d5cddb48057f0b,577873,1716143232000000000,300
OB/currencyservice_disk/2,OB,currencyservice,disk,2,300,300,burst,0.3,0,0.3,median_shift,2,0.5,0.8,0.08333333333333333,0,1,1,13,14.796099974773824,redis|currencyservice|checkoutservice|frontend|recommendationservice,redis_mem,0.7,5,5,0.868,0.532,5,5,5,0.7,baseline-v2-20260723,cd270e7871bd358937d83d9a49829637fa80007d2964084ef229f578e3733bd3,ba75425861a059dafcc477474fc3e4ed1eafdc2b47d6fdd0557337035d29a960,e7b5f36bb370ab62fa30f6f64e15748a54c1303f3c4643e920d5cddb48057f0b,577873,1716143232000000000,300
OB/currencyservice_disk/2,OB,currencyservice,disk,2,300,300,burst,0.3,0,0.3,nsigma,1,1.0,1.0,0.0,1,1,1,13,58.189400006085634,currencyservice|productcatalogservice|checkoutservice|cartservice|frontend,currencyservice_latency-50,0.7,5,5,0.868,0.532,5,5,5,0.7,baseline-v2-20260723,cd270e7871bd358937d83d9a49829637fa80007d2964084ef229f578e3733bd3,ba75425861a059dafcc477474fc3e4ed1eafdc2b47d6fdd0557337035d29a960,e7b5f36bb370ab62fa30f6f64e15748a54c1303f3c4643e920d5cddb48057f0b,577873,1716143232000000000,300
OB/currencyservice_disk/2,OB,currencyservice,disk,2,300,300,burst,0.3,1,0.3,baro,3,0.3333333333333333,0.6,0.16666666666666666,0,1,1,13,77.24880002206191,cartservice|shippingservice|currencyservice|recommendationservice|checkoutservice,cartservice_latency-90,0.7,5,5,0.752,0.648,5,5,5,0.7,baseline-v2-20260723,cd270e7871bd358937d83d9a49829637fa80007d2964084ef229f578e3733bd3,ba75425861a059dafcc477474fc3e4ed1eafdc2b47d6fdd0557337035d29a960,e7b5f36bb370ab62fa30f6f64e15748a54c1303f3c4643e920d5cddb48057f0b,577873,1716143232000000000,300
OB/currencyservice_disk/2,OB,currencyservice,disk,2,300,300,burst,0.3,1,0.3,median_shift,2,0.5,0.8,0.08333333333333333,0,1,1,13,16.951699974015355,redis|currencyservice|checkoutservice|frontend|main,redis_mem,0.7,5,5,0.752,0.648,5,5,5,0.7,baseline-v2-20260723,cd270e7871bd358937d83d9a49829637fa80007d2964084ef229f578e3733bd3,ba75425861a059dafcc477474fc3e4ed1eafdc2b47d6fdd0557337035d29a960,e7b5f36bb370ab62fa30f6f64e15748a54c1303f3c4643e920d5cddb48057f0b,577873,1716143232000000000,300
OB/currencyservice_disk/2,OB,currencyservice,disk,2,300,300,burst,0.3,1,0.3,nsigma,1,1.0,1.0,0.0,1,1,1,13,65.77909999759868,currencyservice|checkoutservice|cartservice|frontend|emailservice,currencyservice_latency-50,0.7,5,5,0.752,0.648,5,5,5,0.7,baseline-v2-20260723,cd270e7871bd358937d83d9a49829637fa80007d2964084ef229f578e3733bd3,ba75425861a059dafcc477474fc3e4ed1eafdc2b47d6fdd0557337035d29a960,e7b5f36bb370ab62fa30f6f64e15748a54c1303f3c4643e920d5cddb48057f0b,577873,1716143232000000000,300
OB/currencyservice_disk/2,OB,currencyservice,disk,2,300,300,burst,0.3,2,0.3,baro,1,1.0,1.0,0.0,1,1,1,13,65.55999995907769,currencyservice|cartservice|shippingservice|emailservice|checkoutservice,currencyservice_latency-50,0.7,5,5,0.6993333333333334,0.7006666666666667,5,5,5,0.7,baseline-v2-20260723,cd270e7871bd358937d83d9a49829637fa80007d2964084ef229f578e3733bd3,ba75425861a059dafcc477474fc3e4ed1eafdc2b47d6fdd0557337035d29a960,e7b5f36bb370ab62fa30f6f64e15748a54c1303f3c4643e920d5cddb48057f0b,577873,1716143232000000000,300
OB/currencyservice_disk/2,OB,currencyservice,disk,2,300,300,burst,0.3,2,0.3,median_shift,2,0.5,0.8,0.08333333333333333,0,1,1,13,20.19590005511418,redis|currencyservice|checkoutservice|frontend|cartservice,redis_mem,0.7,5,5,0.6993333333333334,0.7006666666666667,5,5,5,0.7,baseline-v2-20260723,cd270e7871bd358937d83d9a49829637fa80007d2964084ef229f578e3733bd3,ba75425861a059dafcc477474fc3e4ed1eafdc2b47d6fdd0557337035d29a960,e7b5f36bb370ab62fa30f6f64e15748a54c1303f3c4643e920d5cddb48057f0b,577873,1716143232000000000,300
OB/currencyservice_disk/2,OB,currencyservice,disk,2,300,300,burst,0.3,2,0.3,nsigma,1,1.0,1.0,0.0,1,1,1,13,69.23070002812892,currencyservice|checkoutservice|cartservice|frontend|emailservice,currencyservice_latency-50,0.7,5,5,0.6993333333333334,0.7006666666666667,5,5,5,0.7,baseline-v2-20260723,cd270e7871bd358937d83d9a49829637fa80007d2964084ef229f578e3733bd3,ba75425861a059dafcc477474fc3e4ed1eafdc2b47d6fdd0557337035d29a960,e7b5f36bb370ab62fa30f6f64e15748a54c1303f3c4643e920d5cddb48057f0b,577873,1716143232000000000,300
OB/currencyservice_disk/2,OB,currencyservice,disk,2,300,300,burst,0.3,3,0.3,baro,6,0.16666666666666666,0.0,0.4166666666666667,0,0,0,13,67.5508999847807,frontend|emailservice|cartservice|checkoutservice|paymentservice,frontend_latency-90,0.7,5,5,0.6713333333333333,0.7286666666666667,5,5,5,0.7,baseline-v2-20260723,cd270e7871bd358937d83d9a49829637fa80007d2964084ef229f578e3733bd3,ba75425861a059dafcc477474fc3e4ed1eafdc2b47d6fdd0557337035d29a960,e7b5f36bb370ab62fa30f6f64e15748a54c1303f3c4643e920d5cddb48057f0b,577873,1716143232000000000,300
OB/currencyservice_disk/2,OB,currencyservice,disk,2,300,300,burst,0.3,3,0.3,median_shift,1,1.0,1.0,0.0,1,1,1,13,11.437399953138083,currencyservice|checkoutservice|frontend|cartservice|recommendationservice,currencyservice_latency-90,0.7,5,5,0.6713333333333333,0.7286666666666667,5,5,5,0.7,baseline-v2-20260723,cd270e7871bd358937d83d9a49829637fa80007d2964084ef229f578e3733bd3,ba75425861a059dafcc477474fc3e4ed1eafdc2b47d6fdd0557337035d29a960,e7b5f36bb370ab62fa30f6f64e15748a54c1303f3c4643e920d5cddb48057f0b,577873,1716143232000000000,300
OB/currencyservice_disk/2,OB,currencyservice,disk,2,300,300,burst,0.3,3,0.3,nsigma,1,1.0,1.0,0.0,1,1,1,13,81.46950002992526,currencyservice|checkoutservice|paymentservice|cartservice|emailservice,currencyservice_latency-90,0.7,5,5,0.6713333333333333,0.7286666666666667,5,5,5,0.7,baseline-v2-20260723,cd270e7871bd358937d83d9a49829637fa80007d2964084ef229f578e3733bd3,ba75425861a059dafcc477474fc3e4ed1eafdc2b47d6fdd0557337035d29a960,e7b5f36bb370ab62fa30f6f64e15748a54c1303f3c4643e920d5cddb48057f0b,577873,1716143232000000000,300
OB/currencyservice_disk/2,OB,currencyservice,disk,2,300,300,burst,0.3,4,0.3,baro,5,0.2,0.2,0.3333333333333333,0,0,1,13,68.62450001062825,shippingservice|frontend|cartservice|adservice|currencyservice,shippingservice_latency-50,0.7,5,5,0.81,0.59,5,5,5,0.7,baseline-v2-20260723,cd270e7871bd358937d83d9a49829637fa80007d2964084ef229f578e3733bd3,ba75425861a059dafcc477474fc3e4ed1eafdc2b47d6fdd0557337035d29a960,e7b5f36bb370ab62fa30f6f64e15748a54c1303f3c4643e920d5cddb48057f0b,577873,1716143232000000000,300
OB/currencyservice_disk/2,OB,currencyservice,disk,2,300,300,burst,0.3,4,0.3,median_shift,1,1.0,1.0,0.0,1,1,1,13,11.810900003183633,currencyservice|checkoutservice|cartservice|frontend|recommendationservice,currencyservice_latency-90,0.7,5,5,0.81,0.59,5,5,5,0.7,baseline-v2-20260723,cd270e7871bd358937d83d9a49829637fa80007d2964084ef229f578e3733bd3,ba75425861a059dafcc477474fc3e4ed1eafdc2b47d6fdd0557337035d29a960,e7b5f36bb370ab62fa30f6f64e15748a54c1303f3c4643e920d5cddb48057f0b,577873,1716143232000000000,300
OB/currencyservice_disk/2,OB,currencyservice,disk,2,300,300,burst,0.3,4,0.3,nsigma,1,1.0,1.0,0.0,1,1,1,13,63.35960002616048,currencyservice|cartservice|checkoutservice|frontend|recommendationservice,currencyservice_latency-50,0.7,5,5,0.81,0.59,5,5,5,0.7,baseline-v2-20260723,cd270e7871bd358937d83d9a49829637fa80007d2964084ef229f578e3733bd3,ba75425861a059dafcc477474fc3e4ed1eafdc2b47d6fdd0557337035d29a960,e7b5f36bb370ab62fa30f6f64e15748a54c1303f3c4643e920d5cddb48057f0b,577873,1716143232000000000,300
OB/currencyservice_disk/2,OB,currencyservice,disk,2,300,300,burst,0.3,5,0.3,baro,4,0.25,0.4,0.25,0,0,1,13,72.89449998643249,frontend|shippingservice|cartservice|currencyservice|recommendationservice,frontend_latency-90,0.7,5,5,0.804,0.596,5,5,5,0.7,baseline-v2-20260723,cd270e7871bd358937d83d9a49829637fa80007d2964084ef229f578e3733bd3,ba75425861a059dafcc477474fc3e4ed1eafdc2b47d6fdd0557337035d29a960,e7b5f36bb370ab62fa30f6f64e15748a54c1303f3c4643e920d5cddb48057f0b,577873,1716143232000000000,300
OB/currencyservice_disk/2,OB,currencyservice,disk,2,300,300,burst,0.3,5,0.3,median_shift,1,1.0,1.0,0.0,1,1,1,13,23.065899964421988,currencyservice|checkoutservice|cartservice|frontend|recommendationservice,currencyservice_latency-50,0.7,5,5,0.804,0.596,5,5,5,0.7,baseline-v2-20260723,cd270e7871bd358937d83d9a49829637fa80007d2964084ef229f578e3733bd3,ba75425861a059dafcc477474fc3e4ed1eafdc2b47d6fdd0557337035d29a960,e7b5f36bb370ab62fa30f6f64e15748a54c1303f3c4643e920d5cddb48057f0b,577873,1716143232000000000,300
OB/currencyservice_disk/2,OB,currencyservice,disk,2,300,300,burst,0.3,5,0.3,nsigma,1,1.0,1.0,0.0,1,1,1,13,69.99639997957274,currencyservice|checkoutservice|cartservice|frontend|recommendationservice,currencyservice_latency-50,0.7,5,5,0.804,0.596,5,5,5,0.7,baseline-v2-20260723,cd270e7871bd358937d83d9a49829637fa80007d2964084ef229f578e3733bd3,ba75425861a059dafcc477474fc3e4ed1eafdc2b47d6fdd0557337035d29a960,e7b5f36bb370ab62fa30f6f64e15748a54c1303f3c4643e920d5cddb48057f0b,577873,1716143232000000000,300
OB/currencyservice_disk/2,OB,currencyservice,disk,2,300,300,burst,0.3,6,0.3,baro,1,1.0,1.0,0.0,1,1,1,13,72.94639997417107,currencyservice|frontend|productcatalogservice|checkoutservice|paymentservice,currencyservice_latency-90,0.7,5,5,0.6933333333333334,0.7066666666666667,5,5,5,0.7,baseline-v2-20260723,cd270e7871bd358937d83d9a49829637fa80007d2964084ef229f578e3733bd3,ba75425861a059dafcc477474fc3e4ed1eafdc2b47d6fdd0557337035d29a960,e7b5f36bb370ab62fa30f6f64e15748a54c1303f3c4643e920d5cddb48057f0b,577873,1716143232000000000,300
OB/currencyservice_disk/2,OB,currencyservice,disk,2,300,300,burst,0.3,6,0.3,median_shift,2,0.5,0.8,0.08333333333333333,0,1,1,13,23.143099970184267,emailservice|currencyservice|checkoutservice|frontend|cartservice,emailservice_mem,0.7,5,5,0.6933333333333334,0.7066666666666667,5,5,5,0.7,baseline-v2-20260723,cd270e7871bd358937d83d9a49829637fa80007d2964084ef229f578e3733bd3,ba75425861a059dafcc477474fc3e4ed1eafdc2b47d6fdd0557337035d29a960,e7b5f36bb370ab62fa30f6f64e15748a54c1303f3c4643e920d5cddb48057f0b,577873,1716143232000000000,300
OB/currencyservice_disk/2,OB,currencyservice,disk,2,300,300,burst,0.3,6,0.3,nsigma,1,1.0,1.0,0.0,1,1,1,13,56.400900008156896,currencyservice|checkoutservice|cartservice|paymentservice|frontend,currencyservice_latency-90,0.7,5,5,0.6933333333333334,0.7066666666666667,5,5,5,0.7,baseline-v2-20260723,cd270e7871bd358937d83d9a49829637fa80007d2964084ef229f578e3733bd3,ba75425861a059dafcc477474fc3e4ed1eafdc2b47d6fdd0557337035d29a960,e7b5f36bb370ab62fa30f6f64e15748a54c1303f3c4643e920d5cddb48057f0b,577873,1716143232000000000,300
OB/currencyservice_disk/2,OB,currencyservice,disk,2,300,300,burst,0.3,7,0.3,baro,3,0.3333333333333333,0.6,0.16666666666666666,0,1,1,13,62.81209998996928,shippingservice|productcatalogservice|currencyservice|paymentservice|checkoutservice,shippingservice_latency-50,0.7,5,5,0.816,0.584,5,5,5,0.7,baseline-v2-20260723,cd270e7871bd358937d83d9a49829637fa80007d2964084ef229f578e3733bd3,ba75425861a059dafcc477474fc3e4ed1eafdc2b47d6fdd0557337035d29a960,e7b5f36bb370ab62fa30f6f64e15748a54c1303f3c4643e920d5cddb48057f0b,577873,1716143232000000000,300
OB/currencyservice_disk/2,OB,currencyservice,disk,2,300,300,burst,0.3,7,0.3,median_shift,2,0.5,0.8,0.08333333333333333,0,1,1,13,10.809200000949204,emailservice|currencyservice|checkoutservice|frontend|recommendationservice,emailservice_mem,0.7,5,5,0.816,0.584,5,5,5,0.7,baseline-v2-20260723,cd270e7871bd358937d83d9a49829637fa80007d2964084ef229f578e3733bd3,ba75425861a059dafcc477474fc3e4ed1eafdc2b47d6fdd0557337035d29a960,e7b5f36bb370ab62fa30f6f64e15748a54c1303f3c4643e920d5cddb48057f0b,577873,1716143232000000000,300
OB/currencyservice_disk/2,OB,currencyservice,disk,2,300,300,burst,0.3,7,0.3,nsigma,1,1.0,1.0,0.0,1,1,1,13,55.71230000350624,currencyservice|checkoutservice|productcatalogservice|cartservice|paymentservice,currencyservice_latency-50,0.7,5,5,0.816,0.584,5,5,5,0.7,baseline-v2-20260723,cd270e7871bd358937d83d9a49829637fa80007d2964084ef229f578e3733bd3,ba75425861a059dafcc477474fc3e4ed1eafdc2b47d6fdd0557337035d29a960,e7b5f36bb370ab62fa30f6f64e15748a54c1303f3c4643e920d5cddb48057f0b,577873,1716143232000000000,300
OB/currencyservice_disk/2,OB,currencyservice,disk,2,300,300,burst,0.3,8,0.3,baro,1,1.0,1.0,0.0,1,1,1,13,62.38419999135658,currencyservice|cartservice|frontend|checkoutservice|emailservice,currencyservice_latency-50,0.7,5,5,0.4,1.0,5,5,5,0.7,baseline-v2-20260723,cd270e7871bd358937d83d9a49829637fa80007d2964084ef229f578e3733bd3,ba75425861a059dafcc477474fc3e4ed1eafdc2b47d6fdd0557337035d29a960,e7b5f36bb370ab62fa30f6f64e15748a54c1303f3c4643e920d5cddb48057f0b,577873,1716143232000000000,300
OB/currencyservice_disk/2,OB,currencyservice,disk,2,300,300,burst,0.3,8,0.3,median_shift,1,1.0,1.0,0.0,1,1,1,13,11.088599974755198,currencyservice|checkoutservice|frontend|paymentservice|recommendationservice,currencyservice_latency-90,0.7,5,5,0.4,1.0,5,5,5,0.7,baseline-v2-20260723,cd270e7871bd358937d83d9a49829637fa80007d2964084ef229f578e3733bd3,ba75425861a059dafcc477474fc3e4ed1eafdc2b47d6fdd0557337035d29a960,e7b5f36bb370ab62fa30f6f64e15748a54c1303f3c4643e920d5cddb48057f0b,577873,1716143232000000000,300
OB/currencyservice_disk/2,OB,currencyservice,disk,2,300,300,burst,0.3,8,0.3,nsigma,1,1.0,1.0,0.0,1,1,1,13,50.878600042779,currencyservice|checkoutservice|cartservice|frontend|emailservice,currencyservice_latency-50,0.7,5,5,0.4,1.0,5,5,5,0.7,baseline-v2-20260723,cd270e7871bd358937d83d9a49829637fa80007d2964084ef229f578e3733bd3,ba75425861a059dafcc477474fc3e4ed1eafdc2b47d6fdd0557337035d29a960,e7b5f36bb370ab62fa30f6f64e15748a54c1303f3c4643e920d5cddb48057f0b,577873,1716143232000000000,300
OB/currencyservice_disk/2,OB,currencyservice,disk,2,300,300,burst,0.3,9,0.3,baro,1,1.0,1.0,0.0,1,1,1,13,65.66780002322048,currencyservice|checkoutservice|emailservice|cartservice|paymentservice,currencyservice_latency-90,0.7,5,5,0.76,0.64,5,5,5,0.7,baseline-v2-20260723,cd270e7871bd358937d83d9a49829637fa80007d2964084ef229f578e3733bd3,ba75425861a059dafcc477474fc3e4ed1eafdc2b47d6fdd0557337035d29a960,e7b5f36bb370ab62fa30f6f64e15748a54c1303f3c4643e920d5cddb48057f0b,577873,1716143232000000000,300
OB/currencyservice_disk/2,OB,currencyservice,disk,2,300,300,burst,0.3,9,0.3,median_shift,2,0.5,0.8,0.08333333333333333,0,1,1,13,10.98169997567311,emailservice|currencyservice|checkoutservice|cartservice|frontend,emailservice_mem,0.7,5,5,0.76,0.64,5,5,5,0.7,baseline-v2-20260723,cd270e7871bd358937d83d9a49829637fa80007d2964084ef229f578e3733bd3,ba75425861a059dafcc477474fc3e4ed1eafdc2b47d6fdd0557337035d29a960,e7b5f36bb370ab62fa30f6f64e15748a54c1303f3c4643e920d5cddb48057f0b,577873,1716143232000000000,300
OB/currencyservice_disk/2,OB,currencyservice,disk,2,300,300,burst,0.3,9,0.3,nsigma,1,1.0,1.0,0.0,1,1,1,13,51.297000027261674,currencyservice|checkoutservice|frontend|emailservice|cartservice,currencyservice_latency-50,0.7,5,5,0.76,0.64,5,5,5,0.7,baseline-v2-20260723,cd270e7871bd358937d83d9a49829637fa80007d2964084ef229f578e3733bd3,ba75425861a059dafcc477474fc3e4ed1eafdc2b47d6fdd0557337035d29a960,e7b5f36bb370ab62fa30f6f64e15748a54c1303f3c4643e920d5cddb48057f0b,577873,1716143232000000000,300
OB/currencyservice_disk/2,OB,currencyservice,disk,2,300,300,burst,0.5,0,0.5,baro,1,1.0,1.0,0.0,1,1,1,13,76.67010003933683,currencyservice|checkoutservice|frontend|adservice|cartservice,currencyservice_latency-50,0.5,5,5,0.3233333333333333,0.6766666666666666,5,5,5,0.5,baseline-v2-20260723,cd270e7871bd358937d83d9a49829637fa80007d2964084ef229f578e3733bd3,ba75425861a059dafcc477474fc3e4ed1eafdc2b47d6fdd0557337035d29a960,e7b5f36bb370ab62fa30f6f64e15748a54c1303f3c4643e920d5cddb48057f0b,577873,1716143232000000000,300
OB/currencyservice_disk/2,OB,currencyservice,disk,2,300,300,burst,0.5,0,0.5,median_shift,3,0.3333333333333333,0.6,0.16666666666666666,0,1,1,13,17.681800003629178,cartservice|redis|currencyservice|frontend|checkoutservice,cartservice_cpu,0.5,5,5,0.3233333333333333,0.6766666666666666,5,5,5,0.5,baseline-v2-20260723,cd270e7871bd358937d83d9a49829637fa80007d2964084ef229f578e3733bd3,ba75425861a059dafcc477474fc3e4ed1eafdc2b47d6fdd0557337035d29a960,e7b5f36bb370ab62fa30f6f64e15748a54c1303f3c4643e920d5cddb48057f0b,577873,1716143232000000000,300
OB/currencyservice_disk/2,OB,currencyservice,disk,2,300,300,burst,0.5,0,0.5,nsigma,1,1.0,1.0,0.0,1,1,1,13,51.308699999935925,currencyservice|frontend|recommendationservice|emailservice|checkoutservice,currencyservice_latency-90,0.5,5,5,0.3233333333333333,0.6766666666666666,5,5,5,0.5,baseline-v2-20260723,cd270e7871bd358937d83d9a49829637fa80007d2964084ef229f578e3733bd3,ba75425861a059dafcc477474fc3e4ed1eafdc2b47d6fdd0557337035d29a960,e7b5f36bb370ab62fa30f6f64e15748a54c1303f3c4643e920d5cddb48057f0b,577873,1716143232000000000,300
OB/currencyservice_disk/2,OB,currencyservice,disk,2,300,300,burst,0.5,1,0.5,baro,4,0.25,0.4,0.25,0,0,1,13,68.27160000102594,productcatalogservice|recommendationservice|frontend-external|currencyservice|frontend,productcatalogservice_workload,0.5,5,5,0.53,0.47,5,5,5,0.5,baseline-v2-20260723,cd270e7871bd358937d83d9a49829637fa80007d2964084ef229f578e3733bd3,ba75425861a059dafcc477474fc3e4ed1eafdc2b47d6fdd0557337035d29a960,e7b5f36bb370ab62fa30f6f64e15748a54c1303f3c4643e920d5cddb48057f0b,577873,1716143232000000000,300
OB/currencyservice_disk/2,OB,currencyservice,disk,2,300,300,burst,0.5,1,0.5,median_shift,2,0.5,0.8,0.08333333333333333,0,1,1,13,12.0378999854438,checkoutservice|currencyservice|frontend|recommendationservice|main,checkoutservice_latency-50,0.5,5,5,0.53,0.47,5,5,5,0.5,baseline-v2-20260723,cd270e7871bd358937d83d9a49829637fa80007d2964084ef229f578e3733bd3,ba75425861a059dafcc477474fc3e4ed1eafdc2b47d6fdd0557337035d29a960,e7b5f36bb370ab62fa30f6f64e15748a54c1303f3c4643e920d5cddb48057f0b,577873,1716143232000000000,300
OB/currencyservice_disk/2,OB,currencyservice,disk,2,300,300,burst,0.5,1,0.5,nsigma,2,0.5,0.8,0.08333333333333333,0,1,1,13,61.600100016221404,checkoutservice|currencyservice|frontend|recommendationservice|paymentservice,checkoutservice_latency-50,0.5,5,5,0.53,0.47,5,5,5,0.5,baseline-v2-20260723,cd270e7871bd358937d83d9a49829637fa80007d2964084ef229f578e3733bd3,ba75425861a059dafcc477474fc3e4ed1eafdc2b47d6fdd0557337035d29a960,e7b5f36bb370ab62fa30f6f64e15748a54c1303f3c4643e920d5cddb48057f0b,577873,1716143232000000000,300
OB/currencyservice_disk/2,OB,currencyservice,disk,2,300,300,burst,0.5,2,0.5,baro,2,0.5,0.8,0.08333333333333333,0,1,1,13,62.57310003275052,productcatalogservice|currencyservice|frontend|adservice|shippingservice,productcatalogservice_workload,0.5,5,5,0.36333333333333334,0.6366666666666667,5,5,5,0.5,baseline-v2-20260723,cd270e7871bd358937d83d9a49829637fa80007d2964084ef229f578e3733bd3,ba75425861a059dafcc477474fc3e4ed1eafdc2b47d6fdd0557337035d29a960,e7b5f36bb370ab62fa30f6f64e15748a54c1303f3c4643e920d5cddb48057f0b,577873,1716143232000000000,300
OB/currencyservice_disk/2,OB,currencyservice,disk,2,300,300,burst,0.5,2,0.5,median_shift,2,0.5,0.8,0.08333333333333333,0,1,1,13,12.475399998947978,redis|currencyservice|cartservice|checkoutservice|paymentservice,redis_mem,0.5,5,5,0.36333333333333334,0.6366666666666667,5,5,5,0.5,baseline-v2-20260723,cd270e7871bd358937d83d9a49829637fa80007d2964084ef229f578e3733bd3,ba75425861a059dafcc477474fc3e4ed1eafdc2b47d6fdd0557337035d29a960,e7b5f36bb370ab62fa30f6f64e15748a54c1303f3c4643e920d5cddb48057f0b,577873,1716143232000000000,300
OB/currencyservice_disk/2,OB,currencyservice,disk,2,300,300,burst,0.5,2,0.5,nsigma,2,0.5,0.8,0.08333333333333333,0,1,1,13,53.280499996617436,cartservice|currencyservice|checkoutservice|frontend|paymentservice,cartservice_latency-50,0.5,5,5,0.36333333333333334,0.6366666666666667,5,5,5,0.5,baseline-v2-20260723,cd270e7871bd358937d83d9a49829637fa80007d2964084ef229f578e3733bd3,ba75425861a059dafcc477474fc3e4ed1eafdc2b47d6fdd0557337035d29a960,e7b5f36bb370ab62fa30f6f64e15748a54c1303f3c4643e920d5cddb48057f0b,577873,1716143232000000000,300
OB/currencyservice_disk/2,OB,currencyservice,disk,2,300,300,burst,0.5,3,0.5,baro,1,1.0,1.0,0.0,1,1,1,13,70.44099998893216,currencyservice|cartservice|frontend|frontend-external|checkoutservice,currencyservice_workload,0.5,5,5,0.43466666666666665,0.5653333333333334,5,5,5,0.5,baseline-v2-20260723,cd270e7871bd358937d83d9a49829637fa80007d2964084ef229f578e3733bd3,ba75425861a059dafcc477474fc3e4ed1eafdc2b47d6fdd0557337035d29a960,e7b5f36bb370ab62fa30f6f64e15748a54c1303f3c4643e920d5cddb48057f0b,577873,1716143232000000000,300
OB/currencyservice_disk/2,OB,currencyservice,disk,2,300,300,burst,0.5,3,0.5,median_shift,2,0.5,0.8,0.08333333333333333,0,1,1,13,15.224000031594187,recommendationservice|currencyservice|cartservice|checkoutservice|frontend,recommendationservice_cpu,0.5,5,5,0.43466666666666665,0.5653333333333334,5,5,5,0.5,baseline-v2-20260723,cd270e7871bd358937d83d9a49829637fa80007d2964084ef229f578e3733bd3,ba75425861a059dafcc477474fc3e4ed1eafdc2b47d6fdd0557337035d29a960,e7b5f36bb370ab62fa30f6f64e15748a54c1303f3c4643e920d5cddb48057f0b,577873,1716143232000000000,300
OB/currencyservice_disk/2,OB,currencyservice,disk,2,300,300,burst,0.5,3,0.5,nsigma,2,0.5,0.8,0.08333333333333333,0,1,1,13,57.190599967725575,cartservice|currencyservice|paymentservice|checkoutservice|productcatalogservice,cartservice_latency-90,0.5,5,5,0.43466666666666665,0.5653333333333334,5,5,5,0.5,baseline-v2-20260723,cd270e7871bd358937d83d9a49829637fa80007d2964084ef229f578e3733bd3,ba75425861a059dafcc477474fc3e4ed1eafdc2b47d6fdd0557337035d29a960,e7b5f36bb370ab62fa30f6f64e15748a54c1303f3c4643e920d5cddb48057f0b,577873,1716143232000000000,300
OB/currencyservice_disk/2,OB,currencyservice,disk,2,300,300,burst,0.5,4,0.5,baro,1,1.0,1.0,0.0,1,1,1,13,78.22009996743873,currencyservice|cartservice|adservice|frontend-external|checkoutservice,currencyservice_workload,0.5,5,5,0.38866666666666666,0.6113333333333333,5,5,5,0.5,baseline-v2-20260723,cd270e7871bd358937d83d9a49829637fa80007d2964084ef229f578e3733bd3,ba75425861a059dafcc477474fc3e4ed1eafdc2b47d6fdd0557337035d29a960,e7b5f36bb370ab62fa30f6f64e15748a54c1303f3c4643e920d5cddb48057f0b,577873,1716143232000000000,300
OB/currencyservice_disk/2,OB,currencyservice,disk,2,300,300,burst,0.5,4,0.5,median_shift,3,0.3333333333333333,0.6,0.16666666666666666,0,1,1,13,15.398700023069978,emailservice|checkoutservice|currencyservice|cartservice|frontend,emailservice_cpu,0.5,5,5,0.38866666666666666,0.6113333333333333,5,5,5,0.5,baseline-v2-20260723,cd270e7871bd358937d83d9a49829637fa80007d2964084ef229f578e3733bd3,ba75425861a059dafcc477474fc3e4ed1eafdc2b47d6fdd0557337035d29a960,e7b5f36bb370ab62fa30f6f64e15748a54c1303f3c4643e920d5cddb48057f0b,577873,1716143232000000000,300
OB/currencyservice_disk/2,OB,currencyservice,disk,2,300,300,burst,0.5,4,0.5,nsigma,2,0.5,0.8,0.08333333333333333,0,1,1,13,60.11119997128844,checkoutservice|currencyservice|paymentservice|productcatalogservice|cartservice,checkoutservice_latency-50,0.5,5,5,0.38866666666666666,0.6113333333333333,5,5,5,0.5,baseline-v2-20260723,cd270e7871bd358937d83d9a49829637fa80007d2964084ef229f578e3733bd3,ba75425861a059dafcc477474fc3e4ed1eafdc2b47d6fdd0557337035d29a960,e7b5f36bb370ab62fa30f6f64e15748a54c1303f3c4643e920d5cddb48057f0b,577873,1716143232000000000,300
OB/currencyservice_disk/2,OB,currencyservice,disk,2,300,300,burst,0.5,5,0.5,baro,4,0.25,0.4,0.25,0,0,1,13,69.18589997803792,checkoutservice|frontend|recommendationservice|currencyservice|emailservice,checkoutservice_latency-50,0.5,5,5,0.7306666666666667,0.2693333333333333,5,5,5,0.5,baseline-v2-20260723,cd270e7871bd358937d83d9a49829637fa80007d2964084ef229f578e3733bd3,ba75425861a059dafcc477474fc3e4ed1eafdc2b47d6fdd0557337035d29a960,e7b5f36bb370ab62fa30f6f64e15748a54c1303f3c4643e920d5cddb48057f0b,577873,1716143232000000000,300
OB/currencyservice_disk/2,OB,currencyservice,disk,2,300,300,burst,0.5,5,0.5,median_shift,1,1.0,1.0,0.0,1,1,1,13,10.729499976150692,currencyservice|emailservice|frontend|checkoutservice|main,currencyservice_latency-50,0.5,5,5,0.7306666666666667,0.2693333333333333,5,5,5,0.5,baseline-v2-20260723,cd270e7871bd358937d83d9a49829637fa80007d2964084ef229f578e3733bd3,ba75425861a059dafcc477474fc3e4ed1eafdc2b47d6fdd0557337035d29a960,e7b5f36bb370ab62fa30f6f64e15748a54c1303f3c4643e920d5cddb48057f0b,577873,1716143232000000000,300
OB/currencyservice_disk/2,OB,currencyservice,disk,2,300,300,burst,0.5,5,0.5,nsigma,1,1.0,1.0,0.0,1,1,1,13,65.88070001453161,currencyservice|frontend|checkoutservice|emailservice|cartservice,currencyservice_latency-50,0.5,5,5,0.7306666666666667,0.2693333333333333,5,5,5,0.5,baseline-v2-20260723,cd270e7871bd358937d83d9a49829637fa80007d2964084ef229f578e3733bd3,ba75425861a059dafcc477474fc3e4ed1eafdc2b47d6fdd0557337035d29a960,e7b5f36bb370ab62fa30f6f64e15748a54c1303f3c4643e920d5cddb48057f0b,577873,1716143232000000000,300
OB/currencyservice_disk/2,OB,currencyservice,disk,2,300,300,burst,0.5,6,0.5,baro,2,0.5,0.8,0.08333333333333333,0,1,1,13,83.2510000327602,productcatalogservice|currencyservice|recommendationservice|adservice|checkoutservice,productcatalogservice_workload,0.5,5,5,0.35133333333333333,0.6486666666666666,5,5,5,0.5,baseline-v2-20260723,cd270e7871bd358937d83d9a49829637fa80007d2964084ef229f578e3733bd3,ba75425861a059dafcc477474fc3e4ed1eafdc2b47d6fdd0557337035d29a960,e7b5f36bb370ab62fa30f6f64e15748a54c1303f3c4643e920d5cddb48057f0b,577873,1716143232000000000,300
OB/currencyservice_disk/2,OB,currencyservice,disk,2,300,300,burst,0.5,6,0.5,median_shift,1,1.0,1.0,0.0,1,1,1,13,13.67519999621436,currencyservice|adservice|checkoutservice|frontend|productcatalogservice,currencyservice_mem,0.5,5,5,0.35133333333333333,0.6486666666666666,5,5,5,0.5,baseline-v2-20260723,cd270e7871bd358937d83d9a49829637fa80007d2964084ef229f578e3733bd3,ba75425861a059dafcc477474fc3e4ed1eafdc2b47d6fdd0557337035d29a960,e7b5f36bb370ab62fa30f6f64e15748a54c1303f3c4643e920d5cddb48057f0b,577873,1716143232000000000,300
OB/currencyservice_disk/2,OB,currencyservice,disk,2,300,300,burst,0.5,6,0.5,nsigma,1,1.0,1.0,0.0,1,1,1,13,58.07590001495555,currencyservice|adservice|emailservice|productcatalogservice|checkoutservice,currencyservice_latency-90,0.5,5,5,0.35133333333333333,0.6486666666666666,5,5,5,0.5,baseline-v2-20260723,cd270e7871bd358937d83d9a49829637fa80007d2964084ef229f578e3733bd3,ba75425861a059dafcc477474fc3e4ed1eafdc2b47d6fdd0557337035d29a960,e7b5f36bb370ab62fa30f6f64e15748a54c1303f3c4643e920d5cddb48057f0b,577873,1716143232000000000,300
OB/currencyservice_disk/2,OB,currencyservice,disk,2,300,300,burst,0.5,7,0.5,baro,1,1.0,1.0,0.0,1,1,1,13,86.89570002024993,currencyservice|cartservice|checkoutservice|emailservice|recommendationservice,currencyservice_workload,0.5,5,5,0.33666666666666667,0.6633333333333333,5,5,5,0.5,baseline-v2-20260723,cd270e7871bd358937d83d9a49829637fa80007d2964084ef229f578e3733bd3,ba75425861a059dafcc477474fc3e4ed1eafdc2b47d6fdd0557337035d29a960,e7b5f36bb370ab62fa30f6f64e15748a54c1303f3c4643e920d5cddb48057f0b,577873,1716143232000000000,300
OB/currencyservice_disk/2,OB,currencyservice,disk,2,300,300,burst,0.5,7,0.5,median_shift,4,0.25,0.4,0.25,0,0,1,13,10.73869998799637,frontend|main|redis|currencyservice|checkoutservice,frontend_mem,0.5,5,5,0.33666666666666667,0.6633333333333333,5,5,5,0.5,baseline-v2-20260723,cd270e7871bd358937d83d9a49829637fa80007d2964084ef229f578e3733bd3,ba75425861a059dafcc477474fc3e4ed1eafdc2b47d6fdd0557337035d29a960,e7b5f36bb370ab62fa30f6f64e15748a54c1303f3c4643e920d5cddb48057f0b,577873,1716143232000000000,300
OB/currencyservice_disk/2,OB,currencyservice,disk,2,300,300,burst,0.5,7,0.5,nsigma,1,1.0,1.0,0.0,1,1,1,13,93.98689999943599,currencyservice|adservice|checkoutservice|frontend|shippingservice,currencyservice_latency-50,0.5,5,5,0.33666666666666667,0.6633333333333333,5,5,5,0.5,baseline-v2-20260723,cd270e7871bd358937d83d9a49829637fa80007d2964084ef229f578e3733bd3,ba75425861a059dafcc477474fc3e4ed1eafdc2b47d6fdd0557337035d29a960,e7b5f36bb370ab62fa30f6f64e15748a54c1303f3c4643e920d5cddb48057f0b,577873,1716143232000000000,300
OB/currencyservice_disk/2,OB,currencyservice,disk,2,300,300,burst,0.5,8,0.5,baro,2,0.5,0.8,0.08333333333333333,0,1,1,13,64.03730000602081,productcatalogservice|currencyservice|adservice|shippingservice|checkoutservice,productcatalogservice_latency-50,0.5,5,5,0.626,0.374,5,5,5,0.5,baseline-v2-20260723,cd270e7871bd358937d83d9a49829637fa80007d2964084ef229f578e3733bd3,ba75425861a059dafcc477474fc3e4ed1eafdc2b47d6fdd0557337035d29a960,e7b5f36bb370ab62fa30f6f64e15748a54c1303f3c4643e920d5cddb48057f0b,577873,1716143232000000000,300
OB/currencyservice_disk/2,OB,currencyservice,disk,2,300,300,burst,0.5,8,0.5,median_shift,3,0.3333333333333333,0.6,0.16666666666666666,0,1,1,13,23.023599991574883,adservice|frontend|currencyservice|checkoutservice|emailservice,adservice_cpu,0.5,5,5,0.626,0.374,5,5,5,0.5,baseline-v2-20260723,cd270e7871bd358937d83d9a49829637fa80007d2964084ef229f578e3733bd3,ba75425861a059dafcc477474fc3e4ed1eafdc2b47d6fdd0557337035d29a960,e7b5f36bb370ab62fa30f6f64e15748a54c1303f3c4643e920d5cddb48057f0b,577873,1716143232000000000,300
OB/currencyservice_disk/2,OB,currencyservice,disk,2,300,300,burst,0.5,8,0.5,nsigma,1,1.0,1.0,0.0,1,1,1,13,51.08230002224445,currencyservice|adservice|checkoutservice|shippingservice|frontend,currencyservice_latency-50,0.5,5,5,0.626,0.374,5,5,5,0.5,baseline-v2-20260723,cd270e7871bd358937d83d9a49829637fa80007d2964084ef229f578e3733bd3,ba75425861a059dafcc477474fc3e4ed1eafdc2b47d6fdd0557337035d29a960,e7b5f36bb370ab62fa30f6f64e15748a54c1303f3c4643e920d5cddb48057f0b,577873,1716143232000000000,300
OB/currencyservice_disk/2,OB,currencyservice,disk,2,300,300,burst,0.5,9,0.5,baro,6,0.16666666666666666,0.0,0.4166666666666667,0,0,0,13,85.57889994699508,checkoutservice|productcatalogservice|frontend|adservice|emailservice,checkoutservice_latency-90,0.5,5,5,0.6006666666666667,0.3993333333333333,5,5,5,0.5,baseline-v2-20260723,cd270e7871bd358937d83d9a49829637fa80007d2964084ef229f578e3733bd3,ba75425861a059dafcc477474fc3e4ed1eafdc2b47d6fdd0557337035d29a960,e7b5f36bb370ab62fa30f6f64e15748a54c1303f3c4643e920d5cddb48057f0b,577873,1716143232000000000,300
OB/currencyservice_disk/2,OB,currencyservice,disk,2,300,300,burst,0.5,9,0.5,median_shift,1,1.0,1.0,0.0,1,1,1,13,21.10549999633804,currencyservice|checkoutservice|recommendationservice|cartservice|frontend,currencyservice_latency-90,0.5,5,5,0.6006666666666667,0.3993333333333333,5,5,5,0.5,baseline-v2-20260723,cd270e7871bd358937d83d9a49829637fa80007d2964084ef229f578e3733bd3,ba75425861a059dafcc477474fc3e4ed1eafdc2b47d6fdd0557337035d29a960,e7b5f36bb370ab62fa30f6f64e15748a54c1303f3c4643e920d5cddb48057f0b,577873,1716143232000000000,300
OB/currencyservice_disk/2,OB,currencyservice,disk,2,300,300,burst,0.5,9,0.5,nsigma,1,1.0,1.0,0.0,1,1,1,13,51.804999995511025,currencyservice|recommendationservice|cartservice|checkoutservice|main,currencyservice_latency-90,0.5,5,5,0.6006666666666667,0.3993333333333333,5,5,5,0.5,baseline-v2-20260723,cd270e7871bd358937d83d9a49829637fa80007d2964084ef229f578e3733bd3,ba75425861a059dafcc477474fc3e4ed1eafdc2b47d6fdd0557337035d29a960,e7b5f36bb370ab62fa30f6f64e15748a54c1303f3c4643e920d5cddb48057f0b,577873,1716143232000000000,300
OB/currencyservice_disk/2,OB,currencyservice,disk,2,300,300,incident,0.1,0,0.1,baro,1,1.0,1.0,0.0,1,1,1,13,63.164299994241446,currencyservice|checkoutservice|emailservice|cartservice|frontend,currencyservice_latency-50,0.808,5,5,0.9,0.716,5,5,5,0.9,baseline-v2-20260723,cd270e7871bd358937d83d9a49829637fa80007d2964084ef229f578e3733bd3,ba75425861a059dafcc477474fc3e4ed1eafdc2b47d6fdd0557337035d29a960,e7b5f36bb370ab62fa30f6f64e15748a54c1303f3c4643e920d5cddb48057f0b,577873,1716143232000000000,300
OB/currencyservice_disk/2,OB,currencyservice,disk,2,300,300,incident,0.1,0,0.1,median_shift,1,1.0,1.0,0.0,1,1,1,13,11.365999991539866,currencyservice|checkoutservice|frontend|cartservice|recommendationservice,currencyservice_latency-90,0.808,5,5,0.9,0.716,5,5,5,0.9,baseline-v2-20260723,cd270e7871bd358937d83d9a49829637fa80007d2964084ef229f578e3733bd3,ba75425861a059dafcc477474fc3e4ed1eafdc2b47d6fdd0557337035d29a960,e7b5f36bb370ab62fa30f6f64e15748a54c1303f3c4643e920d5cddb48057f0b,577873,1716143232000000000,300
OB/currencyservice_disk/2,OB,currencyservice,disk,2,300,300,incident,0.1,0,0.1,nsigma,1,1.0,1.0,0.0,1,1,1,13,51.08710000058636,currencyservice|checkoutservice|cartservice|frontend|emailservice,currencyservice_latency-50,0.808,5,5,0.9,0.716,5,5,5,0.9,baseline-v2-20260723,cd270e7871bd358937d83d9a49829637fa80007d2964084ef229f578e3733bd3,ba75425861a059dafcc477474fc3e4ed1eafdc2b47d6fdd0557337035d29a960,e7b5f36bb370ab62fa30f6f64e15748a54c1303f3c4643e920d5cddb48057f0b,577873,1716143232000000000,300
OB/currencyservice_disk/2,OB,currencyservice,disk,2,300,300,incident,0.1,1,0.1,baro,1,1.0,1.0,0.0,1,1,1,13,133.05349997244775,currencyservice|checkoutservice|emailservice|cartservice|frontend,currencyservice_latency-50,0.8093333333333333,5,5,0.906,0.7126666666666667,5,5,5,0.9,baseline-v2-20260723,cd270e7871bd358937d83d9a49829637fa80007d2964084ef229f578e3733bd3,ba75425861a059dafcc477474fc3e4ed1eafdc2b47d6fdd0557337035d29a960,e7b5f36bb370ab62fa30f6f64e15748a54c1303f3c4643e920d5cddb48057f0b,577873,1716143232000000000,300
OB/currencyservice_disk/2,OB,currencyservice,disk,2,300,300,incident,0.1,1,0.1,median_shift,1,1.0,1.0,0.0,1,1,1,13,11.013299983460456,currencyservice|checkoutservice|frontend|cartservice|recommendationservice,currencyservice_latency-90,0.8093333333333333,5,5,0.906,0.7126666666666667,5,5,5,0.9,baseline-v2-20260723,cd270e7871bd358937d83d9a49829637fa80007d2964084ef229f578e3733bd3,ba75425861a059dafcc477474fc3e4ed1eafdc2b47d6fdd0557337035d29a960,e7b5f36bb370ab62fa30f6f64e15748a54c1303f3c4643e920d5cddb48057f0b,577873,1716143232000000000,300
OB/currencyservice_disk/2,OB,currencyservice,disk,2,300,300,incident,0.1,1,0.1,nsigma,1,1.0,1.0,0.0,1,1,1,13,57.09989997558296,currencyservice|checkoutservice|cartservice|frontend|emailservice,currencyservice_latency-50,0.8093333333333333,5,5,0.906,0.7126666666666667,5,5,5,0.9,baseline-v2-20260723,cd270e7871bd358937d83d9a49829637fa80007d2964084ef229f578e3733bd3,ba75425861a059dafcc477474fc3e4ed1eafdc2b47d6fdd0557337035d29a960,e7b5f36bb370ab62fa30f6f64e15748a54c1303f3c4643e920d5cddb48057f0b,577873,1716143232000000000,300
OB/currencyservice_disk/2,OB,currencyservice,disk,2,300,300,incident,0.1,2,0.1,baro,1,1.0,1.0,0.0,1,1,1,13,85.534900019411,currencyservice|checkoutservice|emailservice|cartservice|frontend,currencyservice_latency-50,0.806,5,5,0.898,0.714,5,5,5,0.9,baseline-v2-20260723,cd270e7871bd358937d83d9a49829637fa80007d2964084ef229f578e3733bd3,ba75425861a059dafcc477474fc3e4ed1eafdc2b47d6fdd0557337035d29a960,e7b5f36bb370ab62fa30f6f64e15748a54c1303f3c4643e920d5cddb48057f0b,577873,1716143232000000000,300
OB/currencyservice_disk/2,OB,currencyservice,disk,2,300,300,incident,0.1,2,0.1,median_shift,1,1.0,1.0,0.0,1,1,1,13,16.025999968405813,currencyservice|checkoutservice|frontend|cartservice|recommendationservice,currencyservice_latency-90,0.806,5,5,0.898,0.714,5,5,5,0.9,baseline-v2-20260723,cd270e7871bd358937d83d9a49829637fa80007d2964084ef229f578e3733bd3,ba75425861a059dafcc477474fc3e4ed1eafdc2b47d6fdd0557337035d29a960,e7b5f36bb370ab62fa30f6f64e15748a54c1303f3c4643e920d5cddb48057f0b,577873,1716143232000000000,300
OB/currencyservice_disk/2,OB,currencyservice,disk,2,300,300,incident,0.1,2,0.1,nsigma,1,1.0,1.0,0.0,1,1,1,13,69.11330000730231,currencyservice|checkoutservice|cartservice|frontend|emailservice,currencyservice_latency-50,0.806,5,5,0.898,0.714,5,5,5,0.9,baseline-v2-20260723,cd270e7871bd358937d83d9a49829637fa80007d2964084ef229f578e3733bd3,ba75425861a059dafcc477474fc3e4ed1eafdc2b47d6fdd0557337035d29a960,e7b5f36bb370ab62fa30f6f64e15748a54c1303f3c4643e920d5cddb48057f0b,577873,1716143232000000000,300
OB/currencyservice_disk/2,OB,currencyservice,disk,2,300,300,incident,0.1,3,0.1,baro,1,1.0,1.0,0.0,1,1,1,13,66.87709997640923,currencyservice|checkoutservice|emailservice|cartservice|frontend,currencyservice_latency-50,0.8096666666666666,5,5,0.9046666666666666,0.7146666666666667,5,5,5,0.9,baseline-v2-20260723,cd270e7871bd358937d83d9a49829637fa80007d2964084ef229f578e3733bd3,ba75425861a059dafcc477474fc3e4ed1eafdc2b47d6fdd0557337035d29a960,e7b5f36bb370ab62fa30f6f64e15748a54c1303f3c4643e920d5cddb48057f0b,577873,1716143232000000000,300
OB/currencyservice_disk/2,OB,currencyservice,disk,2,300,300,incident,0.1,3,0.1,median_shift,1,1.0,1.0,0.0,1,1,1,13,11.225000023841858,currencyservice|checkoutservice|frontend|cartservice|recommendationservice,currencyservice_latency-90,0.8096666666666666,5,5,0.9046666666666666,0.7146666666666667,5,5,5,0.9,baseline-v2-20260723,cd270e7871bd358937d83d9a49829637fa80007d2964084ef229f578e3733bd3,ba75425861a059dafcc477474fc3e4ed1eafdc2b47d6fdd0557337035d29a960,e7b5f36bb370ab62fa30f6f64e15748a54c1303f3c4643e920d5cddb48057f0b,577873,1716143232000000000,300
OB/currencyservice_disk/2,OB,currencyservice,disk,2,300,300,incident,0.1,3,0.1,nsigma,1,1.0,1.0,0.0,1,1,1,13,70.43760002125055,currencyservice|checkoutservice|cartservice|frontend|emailservice,currencyservice_latency-50,0.8096666666666666,5,5,0.9046666666666666,0.7146666666666667,5,5,5,0.9,baseline-v2-20260723,cd270e7871bd358937d83d9a49829637fa80007d2964084ef229f578e3733bd3,ba75425861a059dafcc477474fc3e4ed1eafdc2b47d6fdd0557337035d29a960,e7b5f36bb370ab62fa30f6f64e15748a54c1303f3c4643e920d5cddb48057f0b,577873,1716143232000000000,300
OB/currencyservice_disk/2,OB,currencyservice,disk,2,300,300,incident,0.1,4,0.1,baro,1,1.0,1.0,0.0,1,1,1,13,78.98370001930743,currencyservice|checkoutservice|emailservice|cartservice|frontend,currencyservice_latency-50,0.8083333333333333,5,5,0.8973333333333333,0.7193333333333334,5,5,5,0.9,baseline-v2-20260723,cd270e7871bd358937d83d9a49829637fa80007d2964084ef229f578e3733bd3,ba75425861a059dafcc477474fc3e4ed1eafdc2b47d6fdd0557337035d29a960,e7b5f36bb370ab62fa30f6f64e15748a54c1303f3c4643e920d5cddb48057f0b,577873,1716143232000000000,300
OB/currencyservice_disk/2,OB,currencyservice,disk,2,300,300,incident,0.1,4,0.1,median_shift,1,1.0,1.0,0.0,1,1,1,13,23.900200030766428,currencyservice|checkoutservice|frontend|recommendationservice|cartservice,currencyservice_latency-90,0.8083333333333333,5,5,0.8973333333333333,0.7193333333333334,5,5,5,0.9,baseline-v2-20260723,cd270e7871bd358937d83d9a49829637fa80007d2964084ef229f578e3733bd3,ba75425861a059dafcc477474fc3e4ed1eafdc2b47d6fdd0557337035d29a960,e7b5f36bb370ab62fa30f6f64e15748a54c1303f3c4643e920d5cddb48057f0b,577873,1716143232000000000,300
OB/currencyservice_disk/2,OB,currencyservice,disk,2,300,300,incident,0.1,4,0.1,nsigma,1,1.0,1.0,0.0,1,1,1,13,59.68830001074821,currencyservice|checkoutservice|cartservice|frontend|emailservice,currencyservice_latency-50,0.8083333333333333,5,5,0.8973333333333333,0.7193333333333334,5,5,5,0.9,baseline-v2-20260723,cd270e7871bd358937d83d9a49829637fa80007d2964084ef229f578e3733bd3,ba75425861a059dafcc477474fc3e4ed1eafdc2b47d6fdd0557337035d29a960,e7b5f36bb370ab62fa30f6f64e15748a54c1303f3c4643e920d5cddb48057f0b,577873,1716143232000000000,300
OB/currencyservice_disk/2,OB,currencyservice,disk,2,300,300,incident,0.1,5,0.1,baro,1,1.0,1.0,0.0,1,1,1,13,67.24189996020868,currencyservice|checkoutservice|emailservice|cartservice|frontend,currencyservice_latency-50,0.8083333333333333,5,5,0.9006666666666666,0.716,5,5,5,0.9,baseline-v2-20260723,cd270e7871bd358937d83d9a49829637fa80007d2964084ef229f578e3733bd3,ba75425861a059dafcc477474fc3e4ed1eafdc2b47d6fdd0557337035d29a960,e7b5f36bb370ab62fa30f6f64e15748a54c1303f3c4643e920d5cddb48057f0b,577873,1716143232000000000,300
OB/currencyservice_disk/2,OB,currencyservice,disk,2,300,300,incident,0.1,5,0.1,median_shift,1,1.0,1.0,0.0,1,1,1,13,13.244299974758178,currencyservice|checkoutservice|frontend|cartservice|recommendationservice,currencyservice_latency-90,0.8083333333333333,5,5,0.9006666666666666,0.716,5,5,5,0.9,baseline-v2-20260723,cd270e7871bd358937d83d9a49829637fa80007d2964084ef229f578e3733bd3,ba75425861a059dafcc477474fc3e4ed1eafdc2b47d6fdd0557337035d29a960,e7b5f36bb370ab62fa30f6f64e15748a54c1303f3c4643e920d5cddb48057f0b,577873,1716143232000000000,300
OB/currencyservice_disk/2,OB,currencyservice,disk,2,300,300,incident,0.1,5,0.1,nsigma,1,1.0,1.0,0.0,1,1,1,13,83.79959996091202,currencyservice|checkoutservice|cartservice|frontend|emailservice,currencyservice_latency-50,0.8083333333333333,5,5,0.9006666666666666,0.716,5,5,5,0.9,baseline-v2-20260723,cd270e7871bd358937d83d9a49829637fa80007d2964084ef229f578e3733bd3,ba75425861a059dafcc477474fc3e4ed1eafdc2b47d6fdd0557337035d29a960,e7b5f36bb370ab62fa30f6f64e15748a54c1303f3c4643e920d5cddb48057f0b,577873,1716143232000000000,300
OB/currencyservice_disk/2,OB,currencyservice,disk,2,300,300,incident,0.1,6,0.1,baro,1,1.0,1.0,0.0,1,1,1,13,88.42980000190437,currencyservice|checkoutservice|emailservice|cartservice|frontend,currencyservice_latency-50,0.8056666666666666,5,5,0.894,0.7173333333333334,5,5,5,0.9,baseline-v2-20260723,cd270e7871bd358937d83d9a49829637fa80007d2964084ef229f578e3733bd3,ba75425861a059dafcc477474fc3e4ed1eafdc2b47d6fdd0557337035d29a960,e7b5f36bb370ab62fa30f6f64e15748a54c1303f3c4643e920d5cddb48057f0b,577873,1716143232000000000,300
OB/currencyservice_disk/2,OB,currencyservice,disk,2,300,300,incident,0.1,6,0.1,median_shift,1,1.0,1.0,0.0,1,1,1,13,11.588800000026822,currencyservice|checkoutservice|frontend|recommendationservice|cartservice,currencyservice_latency-90,0.8056666666666666,5,5,0.894,0.7173333333333334,5,5,5,0.9,baseline-v2-20260723,cd270e7871bd358937d83d9a49829637fa80007d2964084ef229f578e3733bd3,ba75425861a059dafcc477474fc3e4ed1eafdc2b47d6fdd0557337035d29a960,e7b5f36bb370ab62fa30f6f64e15748a54c1303f3c4643e920d5cddb48057f0b,577873,1716143232000000000,300
OB/currencyservice_disk/2,OB,currencyservice,disk,2,300,300,incident,0.1,6,0.1,nsigma,1,1.0,1.0,0.0,1,1,1,13,78.5708999610506,currencyservice|checkoutservice|cartservice|frontend|emailservice,currencyservice_latency-50,0.8056666666666666,5,5,0.894,0.7173333333333334,5,5,5,0.9,baseline-v2-20260723,cd270e7871bd358937d83d9a49829637fa80007d2964084ef229f578e3733bd3,ba75425861a059dafcc477474fc3e4ed1eafdc2b47d6fdd0557337035d29a960,e7b5f36bb370ab62fa30f6f64e15748a54c1303f3c4643e920d5cddb48057f0b,577873,1716143232000000000,300
OB/currencyservice_disk/2,OB,currencyservice,disk,2,300,300,incident,0.1,7,0.1,baro,1,1.0,1.0,0.0,1,1,1,13,75.54479996906593,currencyservice|checkoutservice|emailservice|cartservice|frontend,currencyservice_latency-50,0.8016666666666666,5,5,0.9046666666666666,0.6986666666666667,5,5,5,0.9,baseline-v2-20260723,cd270e7871bd358937d83d9a49829637fa80007d2964084ef229f578e3733bd3,ba75425861a059dafcc477474fc3e4ed1eafdc2b47d6fdd0557337035d29a960,e7b5f36bb370ab62fa30f6f64e15748a54c1303f3c4643e920d5cddb48057f0b,577873,1716143232000000000,300
OB/currencyservice_disk/2,OB,currencyservice,disk,2,300,300,incident,0.1,7,0.1,median_shift,1,1.0,1.0,0.0,1,1,1,13,11.450699996203184,currencyservice|checkoutservice|frontend|cartservice|recommendationservice,currencyservice_latency-90,0.8016666666666666,5,5,0.9046666666666666,0.6986666666666667,5,5,5,0.9,baseline-v2-20260723,cd270e7871bd358937d83d9a49829637fa80007d2964084ef229f578e3733bd3,ba75425861a059dafcc477474fc3e4ed1eafdc2b47d6fdd0557337035d29a960,e7b5f36bb370ab62fa30f6f64e15748a54c1303f3c4643e920d5cddb48057f0b,577873,1716143232000000000,300
OB/currencyservice_disk/2,OB,currencyservice,disk,2,300,300,incident,0.1,7,0.1,nsigma,1,1.0,1.0,0.0,1,1,1,13,52.83349996898323,currencyservice|checkoutservice|cartservice|frontend|emailservice,currencyservice_latency-50,0.8016666666666666,5,5,0.9046666666666666,0.6986666666666667,5,5,5,0.9,baseline-v2-20260723,cd270e7871bd358937d83d9a49829637fa80007d2964084ef229f578e3733bd3,ba75425861a059dafcc477474fc3e4ed1eafdc2b47d6fdd0557337035d29a960,e7b5f36bb370ab62fa30f6f64e15748a54c1303f3c4643e920d5cddb48057f0b,577873,1716143232000000000,300
OB/currencyservice_disk/2,OB,currencyservice,disk,2,300,300,incident,0.1,8,0.1,baro,1,1.0,1.0,0.0,1,1,1,13,90.54010000545532,currencyservice|checkoutservice|emailservice|cartservice|frontend,currencyservice_latency-50,0.798,5,5,0.888,0.708,5,5,5,0.9,baseline-v2-20260723,cd270e7871bd358937d83d9a49829637fa80007d2964084ef229f578e3733bd3,ba75425861a059dafcc477474fc3e4ed1eafdc2b47d6fdd0557337035d29a960,e7b5f36bb370ab62fa30f6f64e15748a54c1303f3c4643e920d5cddb48057f0b,577873,1716143232000000000,300
OB/currencyservice_disk/2,OB,currencyservice,disk,2,300,300,incident,0.1,8,0.1,median_shift,1,1.0,1.0,0.0,1,1,1,13,23.20309996139258,currencyservice|checkoutservice|frontend|cartservice|recommendationservice,currencyservice_latency-90,0.798,5,5,0.888,0.708,5,5,5,0.9,baseline-v2-20260723,cd270e7871bd358937d83d9a49829637fa80007d2964084ef229f578e3733bd3,ba75425861a059dafcc477474fc3e4ed1eafdc2b47d6fdd0557337035d29a960,e7b5f36bb370ab62fa30f6f64e15748a54c1303f3c4643e920d5cddb48057f0b,577873,1716143232000000000,300
OB/currencyservice_disk/2,OB,currencyservice,disk,2,300,300,incident,0.1,8,0.1,nsigma,1,1.0,1.0,0.0,1,1,1,13,69.46279999101534,currencyservice|checkoutservice|cartservice|frontend|emailservice,currencyservice_latency-50,0.798,5,5,0.888,0.708,5,5,5,0.9,baseline-v2-20260723,cd270e7871bd358937d83d9a49829637fa80007d2964084ef229f578e3733bd3,ba75425861a059dafcc477474fc3e4ed1eafdc2b47d6fdd0557337035d29a960,e7b5f36bb370ab62fa30f6f64e15748a54c1303f3c4643e920d5cddb48057f0b,577873,1716143232000000000,300
OB/currencyservice_disk/2,OB,currencyservice,disk,2,300,300,incident,0.1,9,0.1,baro,1,1.0,1.0,0.0,1,1,1,13,99.86020001815632,currencyservice|checkoutservice|emailservice|cartservice|frontend,currencyservice_latency-50,0.818,5,5,0.9026666666666666,0.7333333333333333,5,5,5,0.9,baseline-v2-20260723,cd270e7871bd358937d83d9a49829637fa80007d2964084ef229f578e3733bd3,ba75425861a059dafcc477474fc3e4ed1eafdc2b47d6fdd0557337035d29a960,e7b5f36bb370ab62fa30f6f64e15748a54c1303f3c4643e920d5cddb48057f0b,577873,1716143232000000000,300
OB/currencyservice_disk/2,OB,currencyservice,disk,2,300,300,incident,0.1,9,0.1,median_shift,1,1.0,1.0,0.0,1,1,1,13,12.017500004731119,currencyservice|checkoutservice|frontend|cartservice|recommendationservice,currencyservice_latency-90,0.818,5,5,0.9026666666666666,0.7333333333333333,5,5,5,0.9,baseline-v2-20260723,cd270e7871bd358937d83d9a49829637fa80007d2964084ef229f578e3733bd3,ba75425861a059dafcc477474fc3e4ed1eafdc2b47d6fdd0557337035d29a960,e7b5f36bb370ab62fa30f6f64e15748a54c1303f3c4643e920d5cddb48057f0b,577873,1716143232000000000,300
OB/currencyservice_disk/2,OB,currencyservice,disk,2,300,300,incident,0.1,9,0.1,nsigma,1,1.0,1.0,0.0,1,1,1,13,68.80790001014248,currencyservice|checkoutservice|cartservice|frontend|emailservice,currencyservice_latency-50,0.818,5,5,0.9026666666666666,0.7333333333333333,5,5,5,0.9,baseline-v2-20260723,cd270e7871bd358937d83d9a49829637fa80007d2964084ef229f578e3733bd3,ba75425861a059dafcc477474fc3e4ed1eafdc2b47d6fdd0557337035d29a960,e7b5f36bb370ab62fa30f6f64e15748a54c1303f3c4643e920d5cddb48057f0b,577873,1716143232000000000,300
OB/currencyservice_disk/2,OB,currencyservice,disk,2,300,300,incident,0.3,0,0.3,baro,8,0.125,0.0,0.5833333333333334,0,0,0,13,84.20719997957349,cartservice|productcatalogservice|shippingservice|frontend|checkoutservice,cartservice_mem,0.46266666666666667,5,5,0.6953333333333334,0.23,5,5,4,0.7,baseline-v2-20260723,cd270e7871bd358937d83d9a49829637fa80007d2964084ef229f578e3733bd3,ba75425861a059dafcc477474fc3e4ed1eafdc2b47d6fdd0557337035d29a960,e7b5f36bb370ab62fa30f6f64e15748a54c1303f3c4643e920d5cddb48057f0b,577873,1716143232000000000,300
OB/currencyservice_disk/2,OB,currencyservice,disk,2,300,300,incident,0.3,0,0.3,median_shift,2,0.5,0.8,0.08333333333333333,0,1,1,13,12.844299955759197,redis|currencyservice|cartservice|recommendationservice|shippingservice,redis_cpu,0.46266666666666667,5,5,0.6953333333333334,0.23,5,5,4,0.7,baseline-v2-20260723,cd270e7871bd358937d83d9a49829637fa80007d2964084ef229f578e3733bd3,ba75425861a059dafcc477474fc3e4ed1eafdc2b47d6fdd0557337035d29a960,e7b5f36bb370ab62fa30f6f64e15748a54c1303f3c4643e920d5cddb48057f0b,577873,1716143232000000000,300
OB/currencyservice_disk/2,OB,currencyservice,disk,2,300,300,incident,0.3,0,0.3,nsigma,2,0.5,0.8,0.08333333333333333,0,1,1,13,65.39629999315366,cartservice|currencyservice|shippingservice|checkoutservice|productcatalogservice,cartservice_mem,0.46266666666666667,5,5,0.6953333333333334,0.23,5,5,4,0.7,baseline-v2-20260723,cd270e7871bd358937d83d9a49829637fa80007d2964084ef229f578e3733bd3,ba75425861a059dafcc477474fc3e4ed1eafdc2b47d6fdd0557337035d29a960,e7b5f36bb370ab62fa30f6f64e15748a54c1303f3c4643e920d5cddb48057f0b,577873,1716143232000000000,300
OB/currencyservice_disk/2,OB,currencyservice,disk,2,300,300,incident,0.3,1,0.3,baro,6,0.16666666666666666,0.0,0.4166666666666667,0,0,0,13,86.60280000185594,cartservice|productcatalogservice|emailservice|frontend|shippingservice,cartservice_mem,0.4676666666666667,5,5,0.7,0.23533333333333334,5,5,4,0.7,baseline-v2-20260723,cd270e7871bd358937d83d9a49829637fa80007d2964084ef229f578e3733bd3,ba75425861a059dafcc477474fc3e4ed1eafdc2b47d6fdd0557337035d29a960,e7b5f36bb370ab62fa30f6f64e15748a54c1303f3c4643e920d5cddb48057f0b,577873,1716143232000000000,300
OB/currencyservice_disk/2,OB,currencyservice,disk,2,300,300,incident,0.3,1,0.3,median_shift,1,1.0,1.0,0.0,1,1,1,13,23.057799960952252,currencyservice|redis|cartservice|recommendationservice|frontend,currencyservice_mem,0.4676666666666667,5,5,0.7,0.23533333333333334,5,5,4,0.7,baseline-v2-20260723,cd270e7871bd358937d83d9a49829637fa80007d2964084ef229f578e3733bd3,ba75425861a059dafcc477474fc3e4ed1eafdc2b47d6fdd0557337035d29a960,e7b5f36bb370ab62fa30f6f64e15748a54c1303f3c4643e920d5cddb48057f0b,577873,1716143232000000000,300
OB/currencyservice_disk/2,OB,currencyservice,disk,2,300,300,incident,0.3,1,0.3,nsigma,6,0.16666666666666666,0.0,0.4166666666666667,0,0,0,13,65.2045999886468,cartservice|shippingservice|emailservice|productcatalogservice|checkoutservice,cartservice_mem,0.4676666666666667,5,5,0.7,0.23533333333333334,5,5,4,0.7,baseline-v2-20260723,cd270e7871bd358937d83d9a49829637fa80007d2964084ef229f578e3733bd3,ba75425861a059dafcc477474fc3e4ed1eafdc2b47d6fdd0557337035d29a960,e7b5f36bb370ab62fa30f6f64e15748a54c1303f3c4643e920d5cddb48057f0b,577873,1716143232000000000,300
OB/currencyservice_disk/2,OB,currencyservice,disk,2,300,300,incident,0.3,2,0.3,baro,4,0.25,0.4,0.25,0,0,1,13,68.14399996073917,cartservice|productcatalogservice|frontend|currencyservice|paymentservice,cartservice_mem,0.47833333333333333,5,5,0.7226666666666667,0.234,5,5,4,0.7,baseline-v2-20260723,cd270e7871bd358937d83d9a49829637fa80007d2964084ef229f578e3733bd3,ba75425861a059dafcc477474fc3e4ed1eafdc2b47d6fdd0557337035d29a960,e7b5f36bb370ab62fa30f6f64e15748a54c1303f3c4643e920d5cddb48057f0b,577873,1716143232000000000,300
OB/currencyservice_disk/2,OB,currencyservice,disk,2,300,300,incident,0.3,2,0.3,median_shift,1,1.0,1.0,0.0,1,1,1,13,16.200199956074357,currencyservice|recommendationservice|redis|shippingservice|cartservice,currencyservice_mem,0.47833333333333333,5,5,0.7226666666666667,0.234,5,5,4,0.7,baseline-v2-20260723,cd270e7871bd358937d83d9a49829637fa80007d2964084ef229f578e3733bd3,ba75425861a059dafcc477474fc3e4ed1eafdc2b47d6fdd0557337035d29a960,e7b5f36bb370ab62fa30f6f64e15748a54c1303f3c4643e920d5cddb48057f0b,577873,1716143232000000000,300
OB/currencyservice_disk/2,OB,currencyservice,disk,2,300,300,incident,0.3,2,0.3,nsigma,5,0.2,0.2,0.3333333333333333,0,0,1,13,64.37779997941107,cartservice|emailservice|productcatalogservice|checkoutservice|currencyservice,cartservice_mem,0.47833333333333333,5,5,0.7226666666666667,0.234,5,5,4,0.7,baseline-v2-20260723,cd270e7871bd358937d83d9a49829637fa80007d2964084ef229f578e3733bd3,ba75425861a059dafcc477474fc3e4ed1eafdc2b47d6fdd0557337035d29a960,e7b5f36bb370ab62fa30f6f64e15748a54c1303f3c4643e920d5cddb48057f0b,577873,1716143232000000000,300
OB/currencyservice_disk/2,OB,currencyservice,disk,2,300,300,incident,0.3,3,0.3,baro,5,0.2,0.2,0.3333333333333333,0,0,1,13,79.13229998666793,cartservice|productcatalogservice|frontend|checkoutservice|currencyservice,cartservice_mem,0.4726666666666667,5,5,0.7046666666666667,0.24066666666666667,5,5,4,0.7,baseline-v2-20260723,cd270e7871bd358937d83d9a49829637fa80007d2964084ef229f578e3733bd3,ba75425861a059dafcc477474fc3e4ed1eafdc2b47d6fdd0557337035d29a960,e7b5f36bb370ab62fa30f6f64e15748a54c1303f3c4643e920d5cddb48057f0b,577873,1716143232000000000,300
OB/currencyservice_disk/2,OB,currencyservice,disk,2,300,300,incident,0.3,3,0.3,median_shift,2,0.5,0.8,0.08333333333333333,0,1,1,13,11.61729998420924,redis|currencyservice|frontend|cartservice|shippingservice,redis_cpu,0.4726666666666667,5,5,0.7046666666666667,0.24066666666666667,5,5,4,0.7,baseline-v2-20260723,cd270e7871bd358937d83d9a49829637fa80007d2964084ef229f578e3733bd3,ba75425861a059dafcc477474fc3e4ed1eafdc2b47d6fdd0557337035d29a960,e7b5f36bb370ab62fa30f6f64e15748a54c1303f3c4643e920d5cddb48057f0b,577873,1716143232000000000,300
OB/currencyservice_disk/2,OB,currencyservice,disk,2,300,300,incident,0.3,3,0.3,nsigma,2,0.5,0.8,0.08333333333333333,0,1,1,13,70.35240001277998,cartservice|currencyservice|emailservice|checkoutservice|productcatalogservice,cartservice_mem,0.4726666666666667,5,5,0.7046666666666667,0.24066666666666667,5,5,4,0.7,baseline-v2-20260723,cd270e7871bd358937d83d9a49829637fa80007d2964084ef229f578e3733bd3,ba75425861a059dafcc477474fc3e4ed1eafdc2b47d6fdd0557337035d29a960,e7b5f36bb370ab62fa30f6f64e15748a54c1303f3c4643e920d5cddb48057f0b,577873,1716143232000000000,300
OB/currencyservice_disk/2,OB,currencyservice,disk,2,300,300,incident,0.3,4,0.3,baro,5,0.2,0.2,0.3333333333333333,0,0,1,13,65.12330000987276,cartservice|productcatalogservice|frontend|checkoutservice|currencyservice,cartservice_mem,0.47533333333333333,5,5,0.7153333333333334,0.23533333333333334,5,5,5,0.7,baseline-v2-20260723,cd270e7871bd358937d83d9a49829637fa80007d2964084ef229f578e3733bd3,ba75425861a059dafcc477474fc3e4ed1eafdc2b47d6fdd0557337035d29a960,e7b5f36bb370ab62fa30f6f64e15748a54c1303f3c4643e920d5cddb48057f0b,577873,1716143232000000000,300
OB/currencyservice_disk/2,OB,currencyservice,disk,2,300,300,incident,0.3,4,0.3,median_shift,2,0.5,0.8,0.08333333333333333,0,1,1,13,12.490799999795854,redis|currencyservice|recommendationservice|cartservice|shippingservice,redis_cpu,0.47533333333333333,5,5,0.7153333333333334,0.23533333333333334,5,5,5,0.7,baseline-v2-20260723,cd270e7871bd358937d83d9a49829637fa80007d2964084ef229f578e3733bd3,ba75425861a059dafcc477474fc3e4ed1eafdc2b47d6fdd0557337035d29a960,e7b5f36bb370ab62fa30f6f64e15748a54c1303f3c4643e920d5cddb48057f0b,577873,1716143232000000000,300
OB/currencyservice_disk/2,OB,currencyservice,disk,2,300,300,incident,0.3,4,0.3,nsigma,7,0.14285714285714285,0.0,0.5,0,0,0,13,64.60009998409078,cartservice|emailservice|productcatalogservice|checkoutservice|paymentservice,cartservice_mem,0.47533333333333333,5,5,0.7153333333333334,0.23533333333333334,5,5,5,0.7,baseline-v2-20260723,cd270e7871bd358937d83d9a49829637fa80007d2964084ef229f578e3733bd3,ba75425861a059dafcc477474fc3e4ed1eafdc2b47d6fdd0557337035d29a960,e7b5f36bb370ab62fa30f6f64e15748a54c1303f3c4643e920d5cddb48057f0b,577873,1716143232000000000,300
OB/currencyservice_disk/2,OB,currencyservice,disk,2,300,300,incident,0.3,5,0.3,baro,4,0.25,0.4,0.25,0,0,1,13,74.72219999181107,cartservice|productcatalogservice|shippingservice|currencyservice|frontend,cartservice_mem,0.4663333333333333,5,5,0.7033333333333334,0.22933333333333333,5,5,5,0.7,baseline-v2-20260723,cd270e7871bd358937d83d9a49829637fa80007d2964084ef229f578e3733bd3,ba75425861a059dafcc477474fc3e4ed1eafdc2b47d6fdd0557337035d29a960,e7b5f36bb370ab62fa30f6f64e15748a54c1303f3c4643e920d5cddb48057f0b,577873,1716143232000000000,300
OB/currencyservice_disk/2,OB,currencyservice,disk,2,300,300,incident,0.3,5,0.3,median_shift,1,1.0,1.0,0.0,1,1,1,13,19.969400018453598,currencyservice|recommendationservice|redis|frontend|shippingservice,currencyservice_latency-50,0.4663333333333333,5,5,0.7033333333333334,0.22933333333333333,5,5,5,0.7,baseline-v2-20260723,cd270e7871bd358937d83d9a49829637fa80007d2964084ef229f578e3733bd3,ba75425861a059dafcc477474fc3e4ed1eafdc2b47d6fdd0557337035d29a960,e7b5f36bb370ab62fa30f6f64e15748a54c1303f3c4643e920d5cddb48057f0b,577873,1716143232000000000,300
OB/currencyservice_disk/2,OB,currencyservice,disk,2,300,300,incident,0.3,5,0.3,nsigma,7,0.14285714285714285,0.0,0.5,0,0,0,13,64.02379996143281,cartservice|shippingservice|productcatalogservice|emailservice|checkoutservice,cartservice_mem,0.4663333333333333,5,5,0.7033333333333334,0.22933333333333333,5,5,5,0.7,baseline-v2-20260723,cd270e7871bd358937d83d9a49829637fa80007d2964084ef229f578e3733bd3,ba75425861a059dafcc477474fc3e4ed1eafdc2b47d6fdd0557337035d29a960,e7b5f36bb370ab62fa30f6f64e15748a54c1303f3c4643e920d5cddb48057f0b,577873,1716143232000000000,300
OB/currencyservice_disk/2,OB,currencyservice,disk,2,300,300,incident,0.3,6,0.3,baro,5,0.2,0.2,0.3333333333333333,0,0,1,13,85.75239998754114,cartservice|productcatalogservice|shippingservice|frontend|currencyservice,cartservice_mem,0.4563333333333333,5,5,0.6833333333333333,0.22933333333333333,5,5,4,0.7,baseline-v2-20260723,cd270e7871bd358937d83d9a49829637fa80007d2964084ef229f578e3733bd3,ba75425861a059dafcc477474fc3e4ed1eafdc2b47d6fdd0557337035d29a960,e7b5f36bb370ab62fa30f6f64e15748a54c1303f3c4643e920d5cddb48057f0b,577873,1716143232000000000,300
OB/currencyservice_disk/2,OB,currencyservice,disk,2,300,300,incident,0.3,6,0.3,median_shift,1,1.0,1.0,0.0,1,1,1,13,11.28829998197034,currencyservice|redis|frontend|cartservice|shippingservice,currencyservice_mem,0.4563333333333333,5,5,0.6833333333333333,0.22933333333333333,5,5,4,0.7,baseline-v2-20260723,cd270e7871bd358937d83d9a49829637fa80007d2964084ef229f578e3733bd3,ba75425861a059dafcc477474fc3e4ed1eafdc2b47d6fdd0557337035d29a960,e7b5f36bb370ab62fa30f6f64e15748a54c1303f3c4643e920d5cddb48057f0b,577873,1716143232000000000,300
OB/currencyservice_disk/2,OB,currencyservice,disk,2,300,300,incident,0.3,6,0.3,nsigma,2,0.5,0.8,0.08333333333333333,0,1,1,13,84.04019998852164,cartservice|currencyservice|shippingservice|emailservice|checkoutservice,cartservice_mem,0.4563333333333333,5,5,0.6833333333333333,0.22933333333333333,5,5,4,0.7,baseline-v2-20260723,cd270e7871bd358937d83d9a49829637fa80007d2964084ef229f578e3733bd3,ba75425861a059dafcc477474fc3e4ed1eafdc2b47d6fdd0557337035d29a960,e7b5f36bb370ab62fa30f6f64e15748a54c1303f3c4643e920d5cddb48057f0b,577873,1716143232000000000,300
OB/currencyservice_disk/2,OB,currencyservice,disk,2,300,300,incident,0.3,7,0.3,baro,5,0.2,0.2,0.3333333333333333,0,0,1,13,69.98830003431067,cartservice|productcatalogservice|shippingservice|frontend|currencyservice,cartservice_mem,0.469,5,5,0.6993333333333334,0.23866666666666667,5,5,5,0.7,baseline-v2-20260723,cd270e7871bd358937d83d9a49829637fa80007d2964084ef229f578e3733bd3,ba75425861a059dafcc477474fc3e4ed1eafdc2b47d6fdd0557337035d29a960,e7b5f36bb370ab62fa30f6f64e15748a54c1303f3c4643e920d5cddb48057f0b,577873,1716143232000000000,300
OB/currencyservice_disk/2,OB,currencyservice,disk,2,300,300,incident,0.3,7,0.3,median_shift,2,0.5,0.8,0.08333333333333333,0,1,1,13,10.579499998129904,redis|currencyservice|recommendationservice|shippingservice|cartservice,redis_cpu,0.469,5,5,0.6993333333333334,0.23866666666666667,5,5,5,0.7,baseline-v2-20260723,cd270e7871bd358937d83d9a49829637fa80007d2964084ef229f578e3733bd3,ba75425861a059dafcc477474fc3e4ed1eafdc2b47d6fdd0557337035d29a960,e7b5f36bb370ab62fa30f6f64e15748a54c1303f3c4643e920d5cddb48057f0b,577873,1716143232000000000,300
OB/currencyservice_disk/2,OB,currencyservice,disk,2,300,300,incident,0.3,7,0.3,nsigma,6,0.16666666666666666,0.0,0.4166666666666667,0,0,0,13,51.85599997639656,cartservice|shippingservice|productcatalogservice|emailservice|checkoutservice,cartservice_mem,0.469,5,5,0.6993333333333334,0.23866666666666667,5,5,5,0.7,baseline-v2-20260723,cd270e7871bd358937d83d9a49829637fa80007d2964084ef229f578e3733bd3,ba75425861a059dafcc477474fc3e4ed1eafdc2b47d6fdd0557337035d29a960,e7b5f36bb370ab62fa30f6f64e15748a54c1303f3c4643e920d5cddb48057f0b,577873,1716143232000000000,300
OB/currencyservice_disk/2,OB,currencyservice,disk,2,300,300,incident,0.3,8,0.3,baro,4,0.25,0.4,0.25,0,0,1,13,69.51160001335666,cartservice|productcatalogservice|paymentservice|currencyservice|frontend,cartservice_mem,0.469,5,5,0.7013333333333334,0.23666666666666666,5,5,5,0.7,baseline-v2-20260723,cd270e7871bd358937d83d9a49829637fa80007d2964084ef229f578e3733bd3,ba75425861a059dafcc477474fc3e4ed1eafdc2b47d6fdd0557337035d29a960,e7b5f36bb370ab62fa30f6f64e15748a54c1303f3c4643e920d5cddb48057f0b,577873,1716143232000000000,300
OB/currencyservice_disk/2,OB,currencyservice,disk,2,300,300,incident,0.3,8,0.3,median_shift,1,1.0,1.0,0.0,1,1,1,13,11.449599987827241,currencyservice|redis|cartservice|shippingservice|frontend,currencyservice_mem,0.469,5,5,0.7013333333333334,0.23666666666666666,5,5,5,0.7,baseline-v2-20260723,cd270e7871bd358937d83d9a49829637fa80007d2964084ef229f578e3733bd3,ba75425861a059dafcc477474fc3e4ed1eafdc2b47d6fdd0557337035d29a960,e7b5f36bb370ab62fa30f6f64e15748a54c1303f3c4643e920d5cddb48057f0b,577873,1716143232000000000,300
OB/currencyservice_disk/2,OB,currencyservice,disk,2,300,300,incident,0.3,8,0.3,nsigma,2,0.5,0.8,0.08333333333333333,0,1,1,13,62.263500003609806,cartservice|currencyservice|productcatalogservice|emailservice|checkoutservice,cartservice_mem,0.469,5,5,0.7013333333333334,0.23666666666666666,5,5,5,0.7,baseline-v2-20260723,cd270e7871bd358937d83d9a49829637fa80007d2964084ef229f578e3733bd3,ba75425861a059dafcc477474fc3e4ed1eafdc2b47d6fdd0557337035d29a960,e7b5f36bb370ab62fa30f6f64e15748a54c1303f3c4643e920d5cddb48057f0b,577873,1716143232000000000,300
OB/currencyservice_disk/2,OB,currencyservice,disk,2,300,300,incident,0.3,9,0.3,baro,3,0.3333333333333333,0.6,0.16666666666666666,0,1,1,13,76.23740000417456,cartservice|productcatalogservice|currencyservice|frontend|paymentservice,cartservice_mem,0.461,5,5,0.6953333333333334,0.22666666666666666,5,5,4,0.7,baseline-v2-20260723,cd270e7871bd358937d83d9a49829637fa80007d2964084ef229f578e3733bd3,ba75425861a059dafcc477474fc3e4ed1eafdc2b47d6fdd0557337035d29a960,e7b5f36bb370ab62fa30f6f64e15748a54c1303f3c4643e920d5cddb48057f0b,577873,1716143232000000000,300
OB/currencyservice_disk/2,OB,currencyservice,disk,2,300,300,incident,0.3,9,0.3,median_shift,2,0.5,0.8,0.08333333333333333,0,1,1,13,11.193799960892648,redis|currencyservice|recommendationservice|frontend|cartservice,redis_cpu,0.461,5,5,0.6953333333333334,0.22666666666666666,5,5,4,0.7,baseline-v2-20260723,cd270e7871bd358937d83d9a49829637fa80007d2964084ef229f578e3733bd3,ba75425861a059dafcc477474fc3e4ed1eafdc2b47d6fdd0557337035d29a960,e7b5f36bb370ab62fa30f6f64e15748a54c1303f3c4643e920d5cddb48057f0b,577873,1716143232000000000,300
OB/currencyservice_disk/2,OB,currencyservice,disk,2,300,300,incident,0.3,9,0.3,nsigma,9,0.1111111111111111,0.0,0.6666666666666666,0,0,0,13,56.04600004153326,cartservice|emailservice|productcatalogservice|shippingservice|checkoutservice,cartservice_mem,0.461,5,5,0.6953333333333334,0.22666666666666666,5,5,4,0.7,baseline-v2-20260723,cd270e7871bd358937d83d9a49829637fa80007d2964084ef229f578e3733bd3,ba75425861a059dafcc477474fc3e4ed1eafdc2b47d6fdd0557337035d29a960,e7b5f36bb370ab62fa30f6f64e15748a54c1303f3c4643e920d5cddb48057f0b,577873,1716143232000000000,300
OB/currencyservice_disk/2,OB,currencyservice,disk,2,300,300,incident,0.5,0,0.5,baro,10,0.1,0.0,0.75,0,0,0,13,74.11409995984286,cartservice|productcatalogservice|shippingservice|frontend|paymentservice,cartservice_mem,0.337,5,5,0.506,0.168,5,4,2,0.5,baseline-v2-20260723,cd270e7871bd358937d83d9a49829637fa80007d2964084ef229f578e3733bd3,ba75425861a059dafcc477474fc3e4ed1eafdc2b47d6fdd0557337035d29a960,e7b5f36bb370ab62fa30f6f64e15748a54c1303f3c4643e920d5cddb48057f0b,577873,1716143232000000000,300
OB/currencyservice_disk/2,OB,currencyservice,disk,2,300,300,incident,0.5,0,0.5,median_shift,9,0.1111111111111111,0.0,0.6666666666666666,0,0,0,13,12.518799980171025,frontend|emailservice|recommendationservice|checkoutservice|productcatalogservice,frontend_cpu,0.337,5,5,0.506,0.168,5,4,2,0.5,baseline-v2-20260723,cd270e7871bd358937d83d9a49829637fa80007d2964084ef229f578e3733bd3,ba75425861a059dafcc477474fc3e4ed1eafdc2b47d6fdd0557337035d29a960,e7b5f36bb370ab62fa30f6f64e15748a54c1303f3c4643e920d5cddb48057f0b,577873,1716143232000000000,300
OB/currencyservice_disk/2,OB,currencyservice,disk,2,300,300,incident,0.5,0,0.5,nsigma,9,0.1111111111111111,0.0,0.6666666666666666,0,0,0,13,48.72839996824041,cartservice|shippingservice|productcatalogservice|paymentservice|checkoutservice,cartservice_mem,0.337,5,5,0.506,0.168,5,4,2,0.5,baseline-v2-20260723,cd270e7871bd358937d83d9a49829637fa80007d2964084ef229f578e3733bd3,ba75425861a059dafcc477474fc3e4ed1eafdc2b47d6fdd0557337035d29a960,e7b5f36bb370ab62fa30f6f64e15748a54c1303f3c4643e920d5cddb48057f0b,577873,1716143232000000000,300
OB/currencyservice_disk/2,OB,currencyservice,disk,2,300,300,incident,0.5,1,0.5,baro,9,0.1111111111111111,0.0,0.6666666666666666,0,0,0,13,93.20199996000156,cartservice|productcatalogservice|frontend|shippingservice|checkoutservice,cartservice_mem,0.32966666666666666,5,5,0.5006666666666667,0.15866666666666668,5,3,2,0.5,baseline-v2-20260723,cd270e7871bd358937d83d9a49829637fa80007d2964084ef229f578e3733bd3,ba75425861a059dafcc477474fc3e4ed1eafdc2b47d6fdd0557337035d29a960,e7b5f36bb370ab62fa30f6f64e15748a54c1303f3c4643e920d5cddb48057f0b,577873,1716143232000000000,300
OB/currencyservice_disk/2,OB,currencyservice,disk,2,300,300,incident,0.5,1,0.5,median_shift,8,0.125,0.0,0.5833333333333334,0,0,0,13,13.90039996476844,frontend|productcatalogservice|recommendationservice|paymentservice|cartservice,frontend_cpu,0.32966666666666666,5,5,0.5006666666666667,0.15866666666666668,5,3,2,0.5,baseline-v2-20260723,cd270e7871bd358937d83d9a49829637fa80007d2964084ef229f578e3733bd3,ba75425861a059dafcc477474fc3e4ed1eafdc2b47d6fdd0557337035d29a960,e7b5f36bb370ab62fa30f6f64e15748a54c1303f3c4643e920d5cddb48057f0b,577873,1716143232000000000,300
OB/currencyservice_disk/2,OB,currencyservice,disk,2,300,300,incident,0.5,1,0.5,nsigma,8,0.125,0.0,0.5833333333333334,0,0,0,13,55.88060000445694,cartservice|shippingservice|productcatalogservice|checkoutservice|adservice,cartservice_mem,0.32966666666666666,5,5,0.5006666666666667,0.15866666666666668,5,3,2,0.5,baseline-v2-20260723,cd270e7871bd358937d83d9a49829637fa80007d2964084ef229f578e3733bd3,ba75425861a059dafcc477474fc3e4ed1eafdc2b47d6fdd0557337035d29a960,e7b5f36bb370ab62fa30f6f64e15748a54c1303f3c4643e920d5cddb48057f0b,577873,1716143232000000000,300
OB/currencyservice_disk/2,OB,currencyservice,disk,2,300,300,incident,0.5,2,0.5,baro,9,0.1111111111111111,0.0,0.6666666666666666,0,0,0,13,74.8549000127241,cartservice|productcatalogservice|shippingservice|frontend|checkoutservice,cartservice_mem,0.327,5,5,0.49533333333333335,0.15866666666666668,5,4,2,0.5,baseline-v2-20260723,cd270e7871bd358937d83d9a49829637fa80007d2964084ef229f578e3733bd3,ba75425861a059dafcc477474fc3e4ed1eafdc2b47d6fdd0557337035d29a960,e7b5f36bb370ab62fa30f6f64e15748a54c1303f3c4643e920d5cddb48057f0b,577873,1716143232000000000,300
OB/currencyservice_disk/2,OB,currencyservice,disk,2,300,300,incident,0.5,2,0.5,median_shift,7,0.14285714285714285,0.0,0.5,0,0,0,13,11.035699979402125,recommendationservice|productcatalogservice|frontend|emailservice|redis,recommendationservice_cpu,0.327,5,5,0.49533333333333335,0.15866666666666668,5,4,2,0.5,baseline-v2-20260723,cd270e7871bd358937d83d9a49829637fa80007d2964084ef229f578e3733bd3,ba75425861a059dafcc477474fc3e4ed1eafdc2b47d6fdd0557337035d29a960,e7b5f36bb370ab62fa30f6f64e15748a54c1303f3c4643e920d5cddb48057f0b,577873,1716143232000000000,300
OB/currencyservice_disk/2,OB,currencyservice,disk,2,300,300,incident,0.5,2,0.5,nsigma,8,0.125,0.0,0.5833333333333334,0,0,0,13,61.18840002454817,cartservice|shippingservice|productcatalogservice|paymentservice|checkoutservice,cartservice_mem,0.327,5,5,0.49533333333333335,0.15866666666666668,5,4,2,0.5,baseline-v2-20260723,cd270e7871bd358937d83d9a49829637fa80007d2964084ef229f578e3733bd3,ba75425861a059dafcc477474fc3e4ed1eafdc2b47d6fdd0557337035d29a960,e7b5f36bb370ab62fa30f6f64e15748a54c1303f3c4643e920d5cddb48057f0b,577873,1716143232000000000,300
OB/currencyservice_disk/2,OB,currencyservice,disk,2,300,300,incident,0.5,3,0.5,baro,10,0.1,0.0,0.75,0,0,0,13,59.590200020466,cartservice|productcatalogservice|frontend|shippingservice|checkoutservice,cartservice_mem,0.33266666666666667,5,5,0.49533333333333335,0.17,5,4,2,0.5,baseline-v2-20260723,cd270e7871bd358937d83d9a49829637fa80007d2964084ef229f578e3733bd3,ba75425861a059dafcc477474fc3e4ed1eafdc2b47d6fdd0557337035d29a960,e7b5f36bb370ab62fa30f6f64e15748a54c1303f3c4643e920d5cddb48057f0b,577873,1716143232000000000,300
OB/currencyservice_disk/2,OB,currencyservice,disk,2,300,300,incident,0.5,3,0.5,median_shift,8,0.125,0.0,0.5833333333333334,0,0,0,13,11.14760001655668,productcatalogservice|frontend|recommendationservice|paymentservice|checkoutservice,productcatalogservice_cpu,0.33266666666666667,5,5,0.49533333333333335,0.17,5,4,2,0.5,baseline-v2-20260723,cd270e7871bd358937d83d9a49829637fa80007d2964084ef229f578e3733bd3,ba75425861a059dafcc477474fc3e4ed1eafdc2b47d6fdd0557337035d29a960,e7b5f36bb370ab62fa30f6f64e15748a54c1303f3c4643e920d5cddb48057f0b,577873,1716143232000000000,300
OB/currencyservice_disk/2,OB,currencyservice,disk,2,300,300,incident,0.5,3,0.5,nsigma,4,0.25,0.4,0.25,0,0,1,13,49.53459999524057,cartservice|productcatalogservice|shippingservice|currencyservice|emailservice,cartservice_mem,0.33266666666666667,5,5,0.49533333333333335,0.17,5,4,2,0.5,baseline-v2-20260723,cd270e7871bd358937d83d9a49829637fa80007d2964084ef229f578e3733bd3,ba75425861a059dafcc477474fc3e4ed1eafdc2b47d6fdd0557337035d29a960,e7b5f36bb370ab62fa30f6f64e15748a54c1303f3c4643e920d5cddb48057f0b,577873,1716143232000000000,300
OB/currencyservice_disk/2,OB,currencyservice,disk,2,300,300,incident,0.5,4,0.5,baro,6,0.16666666666666666,0.0,0.4166666666666667,0,0,0,13,75.13060001656413,cartservice|productcatalogservice|shippingservice|checkoutservice|frontend,cartservice_mem,0.339,5,5,0.51,0.168,5,3,2,0.5,baseline-v2-20260723,cd270e7871bd358937d83d9a49829637fa80007d2964084ef229f578e3733bd3,ba75425861a059dafcc477474fc3e4ed1eafdc2b47d6fdd0557337035d29a960,e7b5f36bb370ab62fa30f6f64e15748a54c1303f3c4643e920d5cddb48057f0b,577873,1716143232000000000,300
OB/currencyservice_disk/2,OB,currencyservice,disk,2,300,300,incident,0.5,4,0.5,median_shift,11,0.09090909090909091,0.0,0.8333333333333334,0,0,0,13,11.595599993597716,productcatalogservice|recommendationservice|emailservice|frontend|paymentservice,productcatalogservice_cpu,0.339,5,5,0.51,0.168,5,3,2,0.5,baseline-v2-20260723,cd270e7871bd358937d83d9a49829637fa80007d2964084ef229f578e3733bd3,ba75425861a059dafcc477474fc3e4ed1eafdc2b47d6fdd0557337035d29a960,e7b5f36bb370ab62fa30f6f64e15748a54c1303f3c4643e920d5cddb48057f0b,577873,1716143232000000000,300
OB/currencyservice_disk/2,OB,currencyservice,disk,2,300,300,incident,0.5,4,0.5,nsigma,6,0.16666666666666666,0.0,0.4166666666666667,0,0,0,13,47.699299990199506,cartservice|productcatalogservice|shippingservice|paymentservice|checkoutservice,cartservice_mem,0.339,5,5,0.51,0.168,5,3,2,0.5,baseline-v2-20260723,cd270e7871bd358937d83d9a49829637fa80007d2964084ef229f578e3733bd3,ba75425861a059dafcc477474fc3e4ed1eafdc2b47d6fdd0557337035d29a960,e7b5f36bb370ab62fa30f6f64e15748a54c1303f3c4643e920d5cddb48057f0b,577873,1716143232000000000,300
OB/currencyservice_disk/2,OB,currencyservice,disk,2,300,300,incident,0.5,5,0.5,baro,9,0.1111111111111111,0.0,0.6666666666666666,0,0,0,13,73.4820999787189,productcatalogservice|frontend|checkoutservice|shippingservice|cartservice,productcatalogservice_latency-90,0.32866666666666666,5,5,0.49,0.16733333333333333,5,4,2,0.5,baseline-v2-20260723,cd270e7871bd358937d83d9a49829637fa80007d2964084ef229f578e3733bd3,ba75425861a059dafcc477474fc3e4ed1eafdc2b47d6fdd0557337035d29a960,e7b5f36bb370ab62fa30f6f64e15748a54c1303f3c4643e920d5cddb48057f0b,577873,1716143232000000000,300
OB/currencyservice_disk/2,OB,currencyservice,disk,2,300,300,incident,0.5,5,0.5,median_shift,7,0.14285714285714285,0.0,0.5,0,0,0,13,17.305699991993606,frontend|productcatalogservice|recommendationservice|paymentservice|cartservice,frontend_cpu,0.32866666666666666,5,5,0.49,0.16733333333333333,5,4,2,0.5,baseline-v2-20260723,cd270e7871bd358937d83d9a49829637fa80007d2964084ef229f578e3733bd3,ba75425861a059dafcc477474fc3e4ed1eafdc2b47d6fdd0557337035d29a960,e7b5f36bb370ab62fa30f6f64e15748a54c1303f3c4643e920d5cddb48057f0b,577873,1716143232000000000,300
OB/currencyservice_disk/2,OB,currencyservice,disk,2,300,300,incident,0.5,5,0.5,nsigma,5,0.2,0.2,0.3333333333333333,0,0,1,13,61.71149999136105,productcatalogservice|checkoutservice|paymentservice|shippingservice|currencyservice,productcatalogservice_mem,0.32866666666666666,5,5,0.49,0.16733333333333333,5,4,2,0.5,baseline-v2-20260723,cd270e7871bd358937d83d9a49829637fa80007d2964084ef229f578e3733bd3,ba75425861a059dafcc477474fc3e4ed1eafdc2b47d6fdd0557337035d29a960,e7b5f36bb370ab62fa30f6f64e15748a54c1303f3c4643e920d5cddb48057f0b,577873,1716143232000000000,300
OB/currencyservice_disk/2,OB,currencyservice,disk,2,300,300,incident,0.5,6,0.5,baro,11,0.09090909090909091,0.0,0.8333333333333334,0,0,0,13,79.72550002159551,cartservice|productcatalogservice|shippingservice|frontend|emailservice,cartservice_mem,0.3313333333333333,5,5,0.49933333333333335,0.16333333333333333,5,2,2,0.5,baseline-v2-20260723,cd270e7871bd358937d83d9a49829637fa80007d2964084ef229f578e3733bd3,ba75425861a059dafcc477474fc3e4ed1eafdc2b47d6fdd0557337035d29a960,e7b5f36bb370ab62fa30f6f64e15748a54c1303f3c4643e920d5cddb48057f0b,577873,1716143232000000000,300
OB/currencyservice_disk/2,OB,currencyservice,disk,2,300,300,incident,0.5,6,0.5,median_shift,11,0.09090909090909091,0.0,0.8333333333333334,0,0,0,13,23.38550001149997,productcatalogservice|frontend|recommendationservice|checkoutservice|paymentservice,productcatalogservice_cpu,0.3313333333333333,5,5,0.49933333333333335,0.16333333333333333,5,2,2,0.5,baseline-v2-20260723,cd270e7871bd358937d83d9a49829637fa80007d2964084ef229f578e3733bd3,ba75425861a059dafcc477474fc3e4ed1eafdc2b47d6fdd0557337035d29a960,e7b5f36bb370ab62fa30f6f64e15748a54c1303f3c4643e920d5cddb48057f0b,577873,1716143232000000000,300
OB/currencyservice_disk/2,OB,currencyservice,disk,2,300,300,incident,0.5,6,0.5,nsigma,10,0.1,0.0,0.75,0,0,0,13,80.8816000353545,cartservice|shippingservice|productcatalogservice|checkoutservice|paymentservice,cartservice_mem,0.3313333333333333,5,5,0.49933333333333335,0.16333333333333333,5,2,2,0.5,baseline-v2-20260723,cd270e7871bd358937d83d9a49829637fa80007d2964084ef229f578e3733bd3,ba75425861a059dafcc477474fc3e4ed1eafdc2b47d6fdd0557337035d29a960,e7b5f36bb370ab62fa30f6f64e15748a54c1303f3c4643e920d5cddb48057f0b,577873,1716143232000000000,300
OB/currencyservice_disk/2,OB,currencyservice,disk,2,300,300,incident,0.5,7,0.5,baro,10,0.1,0.0,0.75,0,0,0,13,71.38500001747161,cartservice|productcatalogservice|shippingservice|frontend|adservice,cartservice_mem,0.33266666666666667,5,5,0.498,0.16733333333333333,5,4,2,0.5,baseline-v2-20260723,cd270e7871bd358937d83d9a49829637fa80007d2964084ef229f578e3733bd3,ba75425861a059dafcc477474fc3e4ed1eafdc2b47d6fdd0557337035d29a960,e7b5f36bb370ab62fa30f6f64e15748a54c1303f3c4643e920d5cddb48057f0b,577873,1716143232000000000,300
OB/currencyservice_disk/2,OB,currencyservice,disk,2,300,300,incident,0.5,7,0.5,median_shift,7,0.14285714285714285,0.0,0.5,0,0,0,13,12.194500013720244,productcatalogservice|recommendationservice|frontend|paymentservice|checkoutservice,productcatalogservice_latency-50,0.33266666666666667,5,5,0.498,0.16733333333333333,5,4,2,0.5,baseline-v2-20260723,cd270e7871bd358937d83d9a49829637fa80007d2964084ef229f578e3733bd3,ba75425861a059dafcc477474fc3e4ed1eafdc2b47d6fdd0557337035d29a960,e7b5f36bb370ab62fa30f6f64e15748a54c1303f3c4643e920d5cddb48057f0b,577873,1716143232000000000,300
OB/currencyservice_disk/2,OB,currencyservice,disk,2,300,300,incident,0.5,7,0.5,nsigma,7,0.14285714285714285,0.0,0.5,0,0,0,13,68.77320003695786,cartservice|shippingservice|productcatalogservice|emailservice|adservice,cartservice_mem,0.33266666666666667,5,5,0.498,0.16733333333333333,5,4,2,0.5,baseline-v2-20260723,cd270e7871bd358937d83d9a49829637fa80007d2964084ef229f578e3733bd3,ba75425861a059dafcc477474fc3e4ed1eafdc2b47d6fdd0557337035d29a960,e7b5f36bb370ab62fa30f6f64e15748a54c1303f3c4643e920d5cddb48057f0b,577873,1716143232000000000,300
OB/currencyservice_disk/2,OB,currencyservice,disk,2,300,300,incident,0.5,8,0.5,baro,6,0.16666666666666666,0.0,0.4166666666666667,0,0,0,13,66.25829997938126,cartservice|productcatalogservice|frontend|shippingservice|paymentservice,cartservice_mem,0.3323333333333333,5,5,0.49333333333333335,0.17133333333333334,5,2,2,0.5,baseline-v2-20260723,cd270e7871bd358937d83d9a49829637fa80007d2964084ef229f578e3733bd3,ba75425861a059dafcc477474fc3e4ed1eafdc2b47d6fdd0557337035d29a960,e7b5f36bb370ab62fa30f6f64e15748a54c1303f3c4643e920d5cddb48057f0b,577873,1716143232000000000,300
OB/currencyservice_disk/2,OB,currencyservice,disk,2,300,300,incident,0.5,8,0.5,median_shift,7,0.14285714285714285,0.0,0.5,0,0,0,13,10.542099946178496,productcatalogservice|frontend|cartservice|recommendationservice|paymentservice,productcatalogservice_cpu,0.3323333333333333,5,5,0.49333333333333335,0.17133333333333334,5,2,2,0.5,baseline-v2-20260723,cd270e7871bd358937d83d9a49829637fa80007d2964084ef229f578e3733bd3,ba75425861a059dafcc477474fc3e4ed1eafdc2b47d6fdd0557337035d29a960,e7b5f36bb370ab62fa30f6f64e15748a54c1303f3c4643e920d5cddb48057f0b,577873,1716143232000000000,300
OB/currencyservice_disk/2,OB,currencyservice,disk,2,300,300,incident,0.5,8,0.5,nsigma,8,0.125,0.0,0.5833333333333334,0,0,0,13,49.03510003350675,cartservice|productcatalogservice|emailservice|checkoutservice|shippingservice,cartservice_mem,0.3323333333333333,5,5,0.49333333333333335,0.17133333333333334,5,2,2,0.5,baseline-v2-20260723,cd270e7871bd358937d83d9a49829637fa80007d2964084ef229f578e3733bd3,ba75425861a059dafcc477474fc3e4ed1eafdc2b47d6fdd0557337035d29a960,e7b5f36bb370ab62fa30f6f64e15748a54c1303f3c4643e920d5cddb48057f0b,577873,1716143232000000000,300
OB/currencyservice_disk/2,OB,currencyservice,disk,2,300,300,incident,0.5,9,0.5,baro,12,0.08333333333333333,0.0,0.9166666666666666,0,0,0,13,58.63770004361868,cartservice|productcatalogservice|shippingservice|checkoutservice|frontend,cartservice_mem,0.3353333333333333,5,5,0.5093333333333333,0.16133333333333333,5,3,2,0.5,baseline-v2-20260723,cd270e7871bd358937d83d9a49829637fa80007d2964084ef229f578e3733bd3,ba75425861a059dafcc477474fc3e4ed1eafdc2b47d6fdd0557337035d29a960,e7b5f36bb370ab62fa30f6f64e15748a54c1303f3c4643e920d5cddb48057f0b,577873,1716143232000000000,300
OB/currencyservice_disk/2,OB,currencyservice,disk,2,300,300,incident,0.5,9,0.5,median_shift,7,0.14285714285714285,0.0,0.5,0,0,0,13,11.013899988029152,recommendationservice|frontend|productcatalogservice|paymentservice|cartservice,recommendationservice_cpu,0.3353333333333333,5,5,0.5093333333333333,0.16133333333333333,5,3,2,0.5,baseline-v2-20260723,cd270e7871bd358937d83d9a49829637fa80007d2964084ef229f578e3733bd3,ba75425861a059dafcc477474fc3e4ed1eafdc2b47d6fdd0557337035d29a960,e7b5f36bb370ab62fa30f6f64e15748a54c1303f3c4643e920d5cddb48057f0b,577873,1716143232000000000,300
OB/currencyservice_disk/2,OB,currencyservice,disk,2,300,300,incident,0.5,9,0.5,nsigma,11,0.09090909090909091,0.0,0.8333333333333334,0,0,0,13,48.29630005406216,cartservice|shippingservice|productcatalogservice|paymentservice|checkoutservice,cartservice_mem,0.3353333333333333,5,5,0.5093333333333333,0.16133333333333333,5,3,2,0.5,baseline-v2-20260723,cd270e7871bd358937d83d9a49829637fa80007d2964084ef229f578e3733bd3,ba75425861a059dafcc477474fc3e4ed1eafdc2b47d6fdd0557337035d29a960,e7b5f36bb370ab62fa30f6f64e15748a54c1303f3c4643e920d5cddb48057f0b,577873,1716143232000000000,300
OB/currencyservice_disk/2,OB,currencyservice,disk,2,300,300,none,0.0,0,0.0,baro,1,1.0,1.0,0.0,1,1,1,13,97.34619996743277,currencyservice|checkoutservice|emailservice|cartservice|frontend,currencyservice_latency-50,1.0,5,5,1.0,1.0,5,5,5,1.0,baseline-v2-20260723,cd270e7871bd358937d83d9a49829637fa80007d2964084ef229f578e3733bd3,ba75425861a059dafcc477474fc3e4ed1eafdc2b47d6fdd0557337035d29a960,e7b5f36bb370ab62fa30f6f64e15748a54c1303f3c4643e920d5cddb48057f0b,577873,1716143232000000000,300
OB/currencyservice_disk/2,OB,currencyservice,disk,2,300,300,none,0.0,0,0.0,median_shift,1,1.0,1.0,0.0,1,1,1,13,12.034799961838871,currencyservice|checkoutservice|frontend|cartservice|recommendationservice,currencyservice_latency-90,1.0,5,5,1.0,1.0,5,5,5,1.0,baseline-v2-20260723,cd270e7871bd358937d83d9a49829637fa80007d2964084ef229f578e3733bd3,ba75425861a059dafcc477474fc3e4ed1eafdc2b47d6fdd0557337035d29a960,e7b5f36bb370ab62fa30f6f64e15748a54c1303f3c4643e920d5cddb48057f0b,577873,1716143232000000000,300
OB/currencyservice_disk/2,OB,currencyservice,disk,2,300,300,none,0.0,0,0.0,nsigma,1,1.0,1.0,0.0,1,1,1,13,91.45559999160469,currencyservice|checkoutservice|cartservice|frontend|emailservice,currencyservice_latency-50,1.0,5,5,1.0,1.0,5,5,5,1.0,baseline-v2-20260723,cd270e7871bd358937d83d9a49829637fa80007d2964084ef229f578e3733bd3,ba75425861a059dafcc477474fc3e4ed1eafdc2b47d6fdd0557337035d29a960,e7b5f36bb370ab62fa30f6f64e15748a54c1303f3c4643e920d5cddb48057f0b,577873,1716143232000000000,300
OB/currencyservice_disk/2,OB,currencyservice,disk,2,300,300,point,0.1,0,0.1,baro,1,1.0,1.0,0.0,1,1,1,13,80.14199999161065,currencyservice|checkoutservice|emailservice|cartservice|frontend,currencyservice_latency-50,0.901,5,5,0.902,0.9,5,5,5,0.9,baseline-v2-20260723,cd270e7871bd358937d83d9a49829637fa80007d2964084ef229f578e3733bd3,ba75425861a059dafcc477474fc3e4ed1eafdc2b47d6fdd0557337035d29a960,e7b5f36bb370ab62fa30f6f64e15748a54c1303f3c4643e920d5cddb48057f0b,577873,1716143232000000000,300
OB/currencyservice_disk/2,OB,currencyservice,disk,2,300,300,point,0.1,0,0.1,median_shift,1,1.0,1.0,0.0,1,1,1,13,12.884400028269738,currencyservice|checkoutservice|frontend|recommendationservice|cartservice,currencyservice_latency-90,0.901,5,5,0.902,0.9,5,5,5,0.9,baseline-v2-20260723,cd270e7871bd358937d83d9a49829637fa80007d2964084ef229f578e3733bd3,ba75425861a059dafcc477474fc3e4ed1eafdc2b47d6fdd0557337035d29a960,e7b5f36bb370ab62fa30f6f64e15748a54c1303f3c4643e920d5cddb48057f0b,577873,1716143232000000000,300
OB/currencyservice_disk/2,OB,currencyservice,disk,2,300,300,point,0.1,0,0.1,nsigma,1,1.0,1.0,0.0,1,1,1,13,66.43880001502112,currencyservice|checkoutservice|cartservice|frontend|emailservice,currencyservice_latency-50,0.901,5,5,0.902,0.9,5,5,5,0.9,baseline-v2-20260723,cd270e7871bd358937d83d9a49829637fa80007d2964084ef229f578e3733bd3,ba75425861a059dafcc477474fc3e4ed1eafdc2b47d6fdd0557337035d29a960,e7b5f36bb370ab62fa30f6f64e15748a54c1303f3c4643e920d5cddb48057f0b,577873,1716143232000000000,300
OB/currencyservice_disk/2,OB,currencyservice,disk,2,300,300,point,0.1,1,0.1,baro,1,1.0,1.0,0.0,1,1,1,13,82.27970002917573,currencyservice|checkoutservice|emailservice|cartservice|frontend,currencyservice_latency-50,0.9086666666666666,5,5,0.9006666666666666,0.9166666666666666,5,5,5,0.9,baseline-v2-20260723,cd270e7871bd358937d83d9a49829637fa80007d2964084ef229f578e3733bd3,ba75425861a059dafcc477474fc3e4ed1eafdc2b47d6fdd0557337035d29a960,e7b5f36bb370ab62fa30f6f64e15748a54c1303f3c4643e920d5cddb48057f0b,577873,1716143232000000000,300
OB/currencyservice_disk/2,OB,currencyservice,disk,2,300,300,point,0.1,1,0.1,median_shift,1,1.0,1.0,0.0,1,1,1,13,13.429999991785735,currencyservice|checkoutservice|frontend|cartservice|recommendationservice,currencyservice_latency-90,0.9086666666666666,5,5,0.9006666666666666,0.9166666666666666,5,5,5,0.9,baseline-v2-20260723,cd270e7871bd358937d83d9a49829637fa80007d2964084ef229f578e3733bd3,ba75425861a059dafcc477474fc3e4ed1eafdc2b47d6fdd0557337035d29a960,e7b5f36bb370ab62fa30f6f64e15748a54c1303f3c4643e920d5cddb48057f0b,577873,1716143232000000000,300
OB/currencyservice_disk/2,OB,currencyservice,disk,2,300,300,point,0.1,1,0.1,nsigma,1,1.0,1.0,0.0,1,1,1,13,60.789399954956025,currencyservice|checkoutservice|cartservice|frontend|emailservice,currencyservice_latency-50,0.9086666666666666,5,5,0.9006666666666666,0.9166666666666666,5,5,5,0.9,baseline-v2-20260723,cd270e7871bd358937d83d9a49829637fa80007d2964084ef229f578e3733bd3,ba75425861a059dafcc477474fc3e4ed1eafdc2b47d6fdd0557337035d29a960,e7b5f36bb370ab62fa30f6f64e15748a54c1303f3c4643e920d5cddb48057f0b,577873,1716143232000000000,300
OB/currencyservice_disk/2,OB,currencyservice,disk,2,300,300,point,0.1,2,0.1,baro,1,1.0,1.0,0.0,1,1,1,13,87.86520001012832,currencyservice|checkoutservice|emailservice|cartservice|frontend,currencyservice_latency-50,0.8976666666666666,5,5,0.9026666666666666,0.8926666666666667,5,5,5,0.9,baseline-v2-20260723,cd270e7871bd358937d83d9a49829637fa80007d2964084ef229f578e3733bd3,ba75425861a059dafcc477474fc3e4ed1eafdc2b47d6fdd0557337035d29a960,e7b5f36bb370ab62fa30f6f64e15748a54c1303f3c4643e920d5cddb48057f0b,577873,1716143232000000000,300
OB/currencyservice_disk/2,OB,currencyservice,disk,2,300,300,point,0.1,2,0.1,median_shift,1,1.0,1.0,0.0,1,1,1,13,11.597300006542355,currencyservice|checkoutservice|frontend|cartservice|recommendationservice,currencyservice_latency-90,0.8976666666666666,5,5,0.9026666666666666,0.8926666666666667,5,5,5,0.9,baseline-v2-20260723,cd270e7871bd358937d83d9a49829637fa80007d2964084ef229f578e3733bd3,ba75425861a059dafcc477474fc3e4ed1eafdc2b47d6fdd0557337035d29a960,e7b5f36bb370ab62fa30f6f64e15748a54c1303f3c4643e920d5cddb48057f0b,577873,1716143232000000000,300
OB/currencyservice_disk/2,OB,currencyservice,disk,2,300,300,point,0.1,2,0.1,nsigma,1,1.0,1.0,0.0,1,1,1,13,66.13150000339374,currencyservice|checkoutservice|cartservice|frontend|emailservice,currencyservice_latency-50,0.8976666666666666,5,5,0.9026666666666666,0.8926666666666667,5,5,5,0.9,baseline-v2-20260723,cd270e7871bd358937d83d9a49829637fa80007d2964084ef229f578e3733bd3,ba75425861a059dafcc477474fc3e4ed1eafdc2b47d6fdd0557337035d29a960,e7b5f36bb370ab62fa30f6f64e15748a54c1303f3c4643e920d5cddb48057f0b,577873,1716143232000000000,300
OB/currencyservice_disk/2,OB,currencyservice,disk,2,300,300,point,0.1,3,0.1,baro,1,1.0,1.0,0.0,1,1,1,13,68.88690002961084,currencyservice|checkoutservice|emailservice|cartservice|frontend,currencyservice_latency-50,0.9053333333333333,5,5,0.9073333333333333,0.9033333333333333,5,5,5,0.9,baseline-v2-20260723,cd270e7871bd358937d83d9a49829637fa80007d2964084ef229f578e3733bd3,ba75425861a059dafcc477474fc3e4ed1eafdc2b47d6fdd0557337035d29a960,e7b5f36bb370ab62fa30f6f64e15748a54c1303f3c4643e920d5cddb48057f0b,577873,1716143232000000000,300
OB/currencyservice_disk/2,OB,currencyservice,disk,2,300,300,point,0.1,3,0.1,median_shift,1,1.0,1.0,0.0,1,1,1,13,15.219199995044619,currencyservice|checkoutservice|frontend|recommendationservice|cartservice,currencyservice_latency-90,0.9053333333333333,5,5,0.9073333333333333,0.9033333333333333,5,5,5,0.9,baseline-v2-20260723,cd270e7871bd358937d83d9a49829637fa80007d2964084ef229f578e3733bd3,ba75425861a059dafcc477474fc3e4ed1eafdc2b47d6fdd0557337035d29a960,e7b5f36bb370ab62fa30f6f64e15748a54c1303f3c4643e920d5cddb48057f0b,577873,1716143232000000000,300
OB/currencyservice_disk/2,OB,currencyservice,disk,2,300,300,point,0.1,3,0.1,nsigma,1,1.0,1.0,0.0,1,1,1,13,59.68750000465661,currencyservice|checkoutservice|cartservice|frontend|emailservice,currencyservice_latency-50,0.9053333333333333,5,5,0.9073333333333333,0.9033333333333333,5,5,5,0.9,baseline-v2-20260723,cd270e7871bd358937d83d9a49829637fa80007d2964084ef229f578e3733bd3,ba75425861a059dafcc477474fc3e4ed1eafdc2b47d6fdd0557337035d29a960,e7b5f36bb370ab62fa30f6f64e15748a54c1303f3c4643e920d5cddb48057f0b,577873,1716143232000000000,300
OB/currencyservice_disk/2,OB,currencyservice,disk,2,300,300,point,0.1,4,0.1,baro,1,1.0,1.0,0.0,1,1,1,13,78.98839999688789,currencyservice|checkoutservice|emailservice|cartservice|frontend,currencyservice_latency-50,0.8926666666666667,5,5,0.8926666666666667,0.8926666666666667,5,5,5,0.9,baseline-v2-20260723,cd270e7871bd358937d83d9a49829637fa80007d2964084ef229f578e3733bd3,ba75425861a059dafcc477474fc3e4ed1eafdc2b47d6fdd0557337035d29a960,e7b5f36bb370ab62fa30f6f64e15748a54c1303f3c4643e920d5cddb48057f0b,577873,1716143232000000000,300
OB/currencyservice_disk/2,OB,currencyservice,disk,2,300,300,point,0.1,4,0.1,median_shift,1,1.0,1.0,0.0,1,1,1,13,11.583400017116219,currencyservice|checkoutservice|frontend|cartservice|recommendationservice,currencyservice_latency-90,0.8926666666666667,5,5,0.8926666666666667,0.8926666666666667,5,5,5,0.9,baseline-v2-20260723,cd270e7871bd358937d83d9a49829637fa80007d2964084ef229f578e3733bd3,ba75425861a059dafcc477474fc3e4ed1eafdc2b47d6fdd0557337035d29a960,e7b5f36bb370ab62fa30f6f64e15748a54c1303f3c4643e920d5cddb48057f0b,577873,1716143232000000000,300
OB/currencyservice_disk/2,OB,currencyservice,disk,2,300,300,point,0.1,4,0.1,nsigma,1,1.0,1.0,0.0,1,1,1,13,75.75189997442067,currencyservice|checkoutservice|cartservice|frontend|emailservice,currencyservice_latency-50,0.8926666666666667,5,5,0.8926666666666667,0.8926666666666667,5,5,5,0.9,baseline-v2-20260723,cd270e7871bd358937d83d9a49829637fa80007d2964084ef229f578e3733bd3,ba75425861a059dafcc477474fc3e4ed1eafdc2b47d6fdd0557337035d29a960,e7b5f36bb370ab62fa30f6f64e15748a54c1303f3c4643e920d5cddb48057f0b,577873,1716143232000000000,300
OB/currencyservice_disk/2,OB,currencyservice,disk,2,300,300,point,0.1,5,0.1,baro,1,1.0,1.0,0.0,1,1,1,13,75.44240000424907,currencyservice|checkoutservice|emailservice|cartservice|frontend,currencyservice_latency-50,0.8913333333333333,5,5,0.888,0.8946666666666667,5,5,5,0.9,baseline-v2-20260723,cd270e7871bd358937d83d9a49829637fa80007d2964084ef229f578e3733bd3,ba75425861a059dafcc477474fc3e4ed1eafdc2b47d6fdd0557337035d29a960,e7b5f36bb370ab62fa30f6f64e15748a54c1303f3c4643e920d5cddb48057f0b,577873,1716143232000000000,300
OB/currencyservice_disk/2,OB,currencyservice,disk,2,300,300,point,0.1,5,0.1,median_shift,1,1.0,1.0,0.0,1,1,1,13,11.552400013897568,currencyservice|checkoutservice|frontend|cartservice|recommendationservice,currencyservice_latency-90,0.8913333333333333,5,5,0.888,0.8946666666666667,5,5,5,0.9,baseline-v2-20260723,cd270e7871bd358937d83d9a49829637fa80007d2964084ef229f578e3733bd3,ba75425861a059dafcc477474fc3e4ed1eafdc2b47d6fdd0557337035d29a960,e7b5f36bb370ab62fa30f6f64e15748a54c1303f3c4643e920d5cddb48057f0b,577873,1716143232000000000,300
OB/currencyservice_disk/2,OB,currencyservice,disk,2,300,300,point,0.1,5,0.1,nsigma,1,1.0,1.0,0.0,1,1,1,13,66.05759996455163,currencyservice|checkoutservice|cartservice|frontend|emailservice,currencyservice_latency-50,0.8913333333333333,5,5,0.888,0.8946666666666667,5,5,5,0.9,baseline-v2-20260723,cd270e7871bd358937d83d9a49829637fa80007d2964084ef229f578e3733bd3,ba75425861a059dafcc477474fc3e4ed1eafdc2b47d6fdd0557337035d29a960,e7b5f36bb370ab62fa30f6f64e15748a54c1303f3c4643e920d5cddb48057f0b,577873,1716143232000000000,300
OB/currencyservice_disk/2,OB,currencyservice,disk,2,300,300,point,0.1,6,0.1,baro,1,1.0,1.0,0.0,1,1,1,13,70.44529996346682,currencyservice|checkoutservice|emailservice|cartservice|frontend,currencyservice_latency-50,0.898,5,5,0.898,0.898,5,5,5,0.9,baseline-v2-20260723,cd270e7871bd358937d83d9a49829637fa80007d2964084ef229f578e3733bd3,ba75425861a059dafcc477474fc3e4ed1eafdc2b47d6fdd0557337035d29a960,e7b5f36bb370ab62fa30f6f64e15748a54c1303f3c4643e920d5cddb48057f0b,577873,1716143232000000000,300
OB/currencyservice_disk/2,OB,currencyservice,disk,2,300,300,point,0.1,6,0.1,median_shift,1,1.0,1.0,0.0,1,1,1,13,11.569500027690083,currencyservice|checkoutservice|frontend|cartservice|recommendationservice,currencyservice_latency-90,0.898,5,5,0.898,0.898,5,5,5,0.9,baseline-v2-20260723,cd270e7871bd358937d83d9a49829637fa80007d2964084ef229f578e3733bd3,ba75425861a059dafcc477474fc3e4ed1eafdc2b47d6fdd0557337035d29a960,e7b5f36bb370ab62fa30f6f64e15748a54c1303f3c4643e920d5cddb48057f0b,577873,1716143232000000000,300
OB/currencyservice_disk/2,OB,currencyservice,disk,2,300,300,point,0.1,6,0.1,nsigma,1,1.0,1.0,0.0,1,1,1,13,55.789100006222725,currencyservice|checkoutservice|cartservice|frontend|emailservice,currencyservice_latency-50,0.898,5,5,0.898,0.898,5,5,5,0.9,baseline-v2-20260723,cd270e7871bd358937d83d9a49829637fa80007d2964084ef229f578e3733bd3,ba75425861a059dafcc477474fc3e4ed1eafdc2b47d6fdd0557337035d29a960,e7b5f36bb370ab62fa30f6f64e15748a54c1303f3c4643e920d5cddb48057f0b,577873,1716143232000000000,300
OB/currencyservice_disk/2,OB,currencyservice,disk,2,300,300,point,0.1,7,0.1,baro,1,1.0,1.0,0.0,1,1,1,13,63.76829999499023,currencyservice|checkoutservice|emailservice|cartservice|frontend,currencyservice_latency-50,0.8986666666666666,5,5,0.892,0.9053333333333333,5,5,5,0.9,baseline-v2-20260723,cd270e7871bd358937d83d9a49829637fa80007d2964084ef229f578e3733bd3,ba75425861a059dafcc477474fc3e4ed1eafdc2b47d6fdd0557337035d29a960,e7b5f36bb370ab62fa30f6f64e15748a54c1303f3c4643e920d5cddb48057f0b,577873,1716143232000000000,300
OB/currencyservice_disk/2,OB,currencyservice,disk,2,300,300,point,0.1,7,0.1,median_shift,1,1.0,1.0,0.0,1,1,1,13,11.388199985958636,currencyservice|checkoutservice|frontend|cartservice|recommendationservice,currencyservice_latency-90,0.8986666666666666,5,5,0.892,0.9053333333333333,5,5,5,0.9,baseline-v2-20260723,cd270e7871bd358937d83d9a49829637fa80007d2964084ef229f578e3733bd3,ba75425861a059dafcc477474fc3e4ed1eafdc2b47d6fdd0557337035d29a960,e7b5f36bb370ab62fa30f6f64e15748a54c1303f3c4643e920d5cddb48057f0b,577873,1716143232000000000,300
OB/currencyservice_disk/2,OB,currencyservice,disk,2,300,300,point,0.1,7,0.1,nsigma,1,1.0,1.0,0.0,1,1,1,13,51.625900028739125,currencyservice|checkoutservice|cartservice|frontend|emailservice,currencyservice_latency-50,0.8986666666666666,5,5,0.892,0.9053333333333333,5,5,5,0.9,baseline-v2-20260723,cd270e7871bd358937d83d9a49829637fa80007d2964084ef229f578e3733bd3,ba75425861a059dafcc477474fc3e4ed1eafdc2b47d6fdd0557337035d29a960,e7b5f36bb370ab62fa30f6f64e15748a54c1303f3c4643e920d5cddb48057f0b,577873,1716143232000000000,300
OB/currencyservice_disk/2,OB,currencyservice,disk,2,300,300,point,0.1,8,0.1,baro,1,1.0,1.0,0.0,1,1,1,13,66.67779997223988,currencyservice|checkoutservice|emailservice|cartservice|frontend,currencyservice_latency-50,0.8913333333333333,5,5,0.8953333333333333,0.8873333333333333,5,5,5,0.9,baseline-v2-20260723,cd270e7871bd358937d83d9a49829637fa80007d2964084ef229f578e3733bd3,ba75425861a059dafcc477474fc3e4ed1eafdc2b47d6fdd0557337035d29a960,e7b5f36bb370ab62fa30f6f64e15748a54c1303f3c4643e920d5cddb48057f0b,577873,1716143232000000000,300
OB/currencyservice_disk/2,OB,currencyservice,disk,2,300,300,point,0.1,8,0.1,median_shift,1,1.0,1.0,0.0,1,1,1,13,11.408799968194216,currencyservice|checkoutservice|frontend|cartservice|recommendationservice,currencyservice_latency-90,0.8913333333333333,5,5,0.8953333333333333,0.8873333333333333,5,5,5,0.9,baseline-v2-20260723,cd270e7871bd358937d83d9a49829637fa80007d2964084ef229f578e3733bd3,ba75425861a059dafcc477474fc3e4ed1eafdc2b47d6fdd0557337035d29a960,e7b5f36bb370ab62fa30f6f64e15748a54c1303f3c4643e920d5cddb48057f0b,577873,1716143232000000000,300
OB/currencyservice_disk/2,OB,currencyservice,disk,2,300,300,point,0.1,8,0.1,nsigma,1,1.0,1.0,0.0,1,1,1,13,52.76400002185255,currencyservice|checkoutservice|cartservice|frontend|emailservice,currencyservice_latency-50,0.8913333333333333,5,5,0.8953333333333333,0.8873333333333333,5,5,5,0.9,baseline-v2-20260723,cd270e7871bd358937d83d9a49829637fa80007d2964084ef229f578e3733bd3,ba75425861a059dafcc477474fc3e4ed1eafdc2b47d6fdd0557337035d29a960,e7b5f36bb370ab62fa30f6f64e15748a54c1303f3c4643e920d5cddb48057f0b,577873,1716143232000000000,300
OB/currencyservice_disk/2,OB,currencyservice,disk,2,300,300,point,0.1,9,0.1,baro,1,1.0,1.0,0.0,1,1,1,13,64.90710005164146,currencyservice|checkoutservice|emailservice|cartservice|frontend,currencyservice_latency-50,0.901,5,5,0.9006666666666666,0.9013333333333333,5,5,5,0.9,baseline-v2-20260723,cd270e7871bd358937d83d9a49829637fa80007d2964084ef229f578e3733bd3,ba75425861a059dafcc477474fc3e4ed1eafdc2b47d6fdd0557337035d29a960,e7b5f36bb370ab62fa30f6f64e15748a54c1303f3c4643e920d5cddb48057f0b,577873,1716143232000000000,300
OB/currencyservice_disk/2,OB,currencyservice,disk,2,300,300,point,0.1,9,0.1,median_shift,1,1.0,1.0,0.0,1,1,1,13,11.064600024838,currencyservice|checkoutservice|frontend|cartservice|recommendationservice,currencyservice_latency-90,0.901,5,5,0.9006666666666666,0.9013333333333333,5,5,5,0.9,baseline-v2-20260723,cd270e7871bd358937d83d9a49829637fa80007d2964084ef229f578e3733bd3,ba75425861a059dafcc477474fc3e4ed1eafdc2b47d6fdd0557337035d29a960,e7b5f36bb370ab62fa30f6f64e15748a54c1303f3c4643e920d5cddb48057f0b,577873,1716143232000000000,300
OB/currencyservice_disk/2,OB,currencyservice,disk,2,300,300,point,0.1,9,0.1,nsigma,1,1.0,1.0,0.0,1,1,1,13,53.414799971506,currencyservice|checkoutservice|cartservice|frontend|emailservice,currencyservice_latency-50,0.901,5,5,0.9006666666666666,0.9013333333333333,5,5,5,0.9,baseline-v2-20260723,cd270e7871bd358937d83d9a49829637fa80007d2964084ef229f578e3733bd3,ba75425861a059dafcc477474fc3e4ed1eafdc2b47d6fdd0557337035d29a960,e7b5f36bb370ab62fa30f6f64e15748a54c1303f3c4643e920d5cddb48057f0b,577873,1716143232000000000,300
OB/currencyservice_disk/2,OB,currencyservice,disk,2,300,300,point,0.3,0,0.3,baro,1,1.0,1.0,0.0,1,1,1,13,91.70069999527186,currencyservice|checkoutservice|emailservice|cartservice|frontend,currencyservice_latency-50,0.6983333333333334,5,5,0.7033333333333334,0.6933333333333334,5,5,5,0.7,baseline-v2-20260723,cd270e7871bd358937d83d9a49829637fa80007d2964084ef229f578e3733bd3,ba75425861a059dafcc477474fc3e4ed1eafdc2b47d6fdd0557337035d29a960,e7b5f36bb370ab62fa30f6f64e15748a54c1303f3c4643e920d5cddb48057f0b,577873,1716143232000000000,300
OB/currencyservice_disk/2,OB,currencyservice,disk,2,300,300,point,0.3,0,0.3,median_shift,1,1.0,1.0,0.0,1,1,1,13,11.519199993927032,currencyservice|checkoutservice|frontend|recommendationservice|cartservice,currencyservice_latency-90,0.6983333333333334,5,5,0.7033333333333334,0.6933333333333334,5,5,5,0.7,baseline-v2-20260723,cd270e7871bd358937d83d9a49829637fa80007d2964084ef229f578e3733bd3,ba75425861a059dafcc477474fc3e4ed1eafdc2b47d6fdd0557337035d29a960,e7b5f36bb370ab62fa30f6f64e15748a54c1303f3c4643e920d5cddb48057f0b,577873,1716143232000000000,300
OB/currencyservice_disk/2,OB,currencyservice,disk,2,300,300,point,0.3,0,0.3,nsigma,1,1.0,1.0,0.0,1,1,1,13,58.395100000780076,currencyservice|checkoutservice|cartservice|frontend|emailservice,currencyservice_latency-50,0.6983333333333334,5,5,0.7033333333333334,0.6933333333333334,5,5,5,0.7,baseline-v2-20260723,cd270e7871bd358937d83d9a49829637fa80007d2964084ef229f578e3733bd3,ba75425861a059dafcc477474fc3e4ed1eafdc2b47d6fdd0557337035d29a960,e7b5f36bb370ab62fa30f6f64e15748a54c1303f3c4643e920d5cddb48057f0b,577873,1716143232000000000,300
OB/currencyservice_disk/2,OB,currencyservice,disk,2,300,300,point,0.3,1,0.3,baro,1,1.0,1.0,0.0,1,1,1,13,70.39409998105839,currencyservice|checkoutservice|emailservice|cartservice|frontend,currencyservice_latency-50,0.6953333333333334,5,5,0.7013333333333334,0.6893333333333334,5,5,5,0.7,baseline-v2-20260723,cd270e7871bd358937d83d9a49829637fa80007d2964084ef229f578e3733bd3,ba75425861a059dafcc477474fc3e4ed1eafdc2b47d6fdd0557337035d29a960,e7b5f36bb370ab62fa30f6f64e15748a54c1303f3c4643e920d5cddb48057f0b,577873,1716143232000000000,300
OB/currencyservice_disk/2,OB,currencyservice,disk,2,300,300,point,0.3,1,0.3,median_shift,1,1.0,1.0,0.0,1,1,1,13,10.926700022537261,currencyservice|checkoutservice|frontend|cartservice|recommendationservice,currencyservice_latency-90,0.6953333333333334,5,5,0.7013333333333334,0.6893333333333334,5,5,5,0.7,baseline-v2-20260723,cd270e7871bd358937d83d9a49829637fa80007d2964084ef229f578e3733bd3,ba75425861a059dafcc477474fc3e4ed1eafdc2b47d6fdd0557337035d29a960,e7b5f36bb370ab62fa30f6f64e15748a54c1303f3c4643e920d5cddb48057f0b,577873,1716143232000000000,300
OB/currencyservice_disk/2,OB,currencyservice,disk,2,300,300,point,0.3,1,0.3,nsigma,1,1.0,1.0,0.0,1,1,1,13,50.905800017062575,currencyservice|checkoutservice|cartservice|frontend|emailservice,currencyservice_latency-50,0.6953333333333334,5,5,0.7013333333333334,0.6893333333333334,5,5,5,0.7,baseline-v2-20260723,cd270e7871bd358937d83d9a49829637fa80007d2964084ef229f578e3733bd3,ba75425861a059dafcc477474fc3e4ed1eafdc2b47d6fdd0557337035d29a960,e7b5f36bb370ab62fa30f6f64e15748a54c1303f3c4643e920d5cddb48057f0b,577873,1716143232000000000,300
OB/currencyservice_disk/2,OB,currencyservice,disk,2,300,300,point,0.3,2,0.3,baro,1,1.0,1.0,0.0,1,1,1,13,63.49240004783496,currencyservice|checkoutservice|emailservice|cartservice|frontend,currencyservice_latency-50,0.6976666666666667,5,5,0.6926666666666667,0.7026666666666667,5,5,5,0.7,baseline-v2-20260723,cd270e7871bd358937d83d9a49829637fa80007d2964084ef229f578e3733bd3,ba75425861a059dafcc477474fc3e4ed1eafdc2b47d6fdd0557337035d29a960,e7b5f36bb370ab62fa30f6f64e15748a54c1303f3c4643e920d5cddb48057f0b,577873,1716143232000000000,300
OB/currencyservice_disk/2,OB,currencyservice,disk,2,300,300,point,0.3,2,0.3,median_shift,1,1.0,1.0,0.0,1,1,1,13,10.97880001179874,currencyservice|checkoutservice|frontend|cartservice|recommendationservice,currencyservice_latency-90,0.6976666666666667,5,5,0.6926666666666667,0.7026666666666667,5,5,5,0.7,baseline-v2-20260723,cd270e7871bd358937d83d9a49829637fa80007d2964084ef229f578e3733bd3,ba75425861a059dafcc477474fc3e4ed1eafdc2b47d6fdd0557337035d29a960,e7b5f36bb370ab62fa30f6f64e15748a54c1303f3c4643e920d5cddb48057f0b,577873,1716143232000000000,300
OB/currencyservice_disk/2,OB,currencyservice,disk,2,300,300,point,0.3,2,0.3,nsigma,1,1.0,1.0,0.0,1,1,1,13,53.018399979919195,currencyservice|checkoutservice|cartservice|frontend|emailservice,currencyservice_latency-50,0.6976666666666667,5,5,0.6926666666666667,0.7026666666666667,5,5,5,0.7,baseline-v2-20260723,cd270e7871bd358937d83d9a49829637fa80007d2964084ef229f578e3733bd3,ba75425861a059dafcc477474fc3e4ed1eafdc2b47d6fdd0557337035d29a960,e7b5f36bb370ab62fa30f6f64e15748a54c1303f3c4643e920d5cddb48057f0b,577873,1716143232000000000,300
OB/currencyservice_disk/2,OB,currencyservice,disk,2,300,300,point,0.3,3,0.3,baro,1,1.0,1.0,0.0,1,1,1,13,74.52520000515506,currencyservice|checkoutservice|emailservice|cartservice|frontend,currencyservice_latency-50,0.7003333333333334,5,5,0.6966666666666667,0.704,5,5,5,0.7,baseline-v2-20260723,cd270e7871bd358937d83d9a49829637fa80007d2964084ef229f578e3733bd3,ba75425861a059dafcc477474fc3e4ed1eafdc2b47d6fdd0557337035d29a960,e7b5f36bb370ab62fa30f6f64e15748a54c1303f3c4643e920d5cddb48057f0b,577873,1716143232000000000,300
OB/currencyservice_disk/2,OB,currencyservice,disk,2,300,300,point,0.3,3,0.3,median_shift,1,1.0,1.0,0.0,1,1,1,13,11.908699991181493,currencyservice|checkoutservice|frontend|recommendationservice|cartservice,currencyservice_latency-90,0.7003333333333334,5,5,0.6966666666666667,0.704,5,5,5,0.7,baseline-v2-20260723,cd270e7871bd358937d83d9a49829637fa80007d2964084ef229f578e3733bd3,ba75425861a059dafcc477474fc3e4ed1eafdc2b47d6fdd0557337035d29a960,e7b5f36bb370ab62fa30f6f64e15748a54c1303f3c4643e920d5cddb48057f0b,577873,1716143232000000000,300
OB/currencyservice_disk/2,OB,currencyservice,disk,2,300,300,point,0.3,3,0.3,nsigma,1,1.0,1.0,0.0,1,1,1,13,59.83060004655272,currencyservice|checkoutservice|cartservice|frontend|emailservice,currencyservice_latency-50,0.7003333333333334,5,5,0.6966666666666667,0.704,5,5,5,0.7,baseline-v2-20260723,cd270e7871bd358937d83d9a49829637fa80007d2964084ef229f578e3733bd3,ba75425861a059dafcc477474fc3e4ed1eafdc2b47d6fdd0557337035d29a960,e7b5f36bb370ab62fa30f6f64e15748a54c1303f3c4643e920d5cddb48057f0b,577873,1716143232000000000,300
OB/currencyservice_disk/2,OB,currencyservice,disk,2,300,300,point,0.3,4,0.3,baro,1,1.0,1.0,0.0,1,1,1,13,80.43779997387901,currencyservice|checkoutservice|emailservice|cartservice|frontend,currencyservice_latency-50,0.7086666666666667,5,5,0.7146666666666667,0.7026666666666667,5,5,5,0.7,baseline-v2-20260723,cd270e7871bd358937d83d9a49829637fa80007d2964084ef229f578e3733bd3,ba75425861a059dafcc477474fc3e4ed1eafdc2b47d6fdd0557337035d29a960,e7b5f36bb370ab62fa30f6f64e15748a54c1303f3c4643e920d5cddb48057f0b,577873,1716143232000000000,300
OB/currencyservice_disk/2,OB,currencyservice,disk,2,300,300,point,0.3,4,0.3,median_shift,1,1.0,1.0,0.0,1,1,1,13,13.76850000815466,currencyservice|checkoutservice|frontend|cartservice|recommendationservice,currencyservice_latency-90,0.7086666666666667,5,5,0.7146666666666667,0.7026666666666667,5,5,5,0.7,baseline-v2-20260723,cd270e7871bd358937d83d9a49829637fa80007d2964084ef229f578e3733bd3,ba75425861a059dafcc477474fc3e4ed1eafdc2b47d6fdd0557337035d29a960,e7b5f36bb370ab62fa30f6f64e15748a54c1303f3c4643e920d5cddb48057f0b,577873,1716143232000000000,300
OB/currencyservice_disk/2,OB,currencyservice,disk,2,300,300,point,0.3,4,0.3,nsigma,1,1.0,1.0,0.0,1,1,1,13,66.38429994927719,currencyservice|checkoutservice|cartservice|frontend|emailservice,currencyservice_latency-50,0.7086666666666667,5,5,0.7146666666666667,0.7026666666666667,5,5,5,0.7,baseline-v2-20260723,cd270e7871bd358937d83d9a49829637fa80007d2964084ef229f578e3733bd3,ba75425861a059dafcc477474fc3e4ed1eafdc2b47d6fdd0557337035d29a960,e7b5f36bb370ab62fa30f6f64e15748a54c1303f3c4643e920d5cddb48057f0b,577873,1716143232000000000,300
OB/currencyservice_disk/2,OB,currencyservice,disk,2,300,300,point,0.3,5,0.3,baro,1,1.0,1.0,0.0,1,1,1,13,69.98910004040226,currencyservice|checkoutservice|emailservice|cartservice|frontend,currencyservice_latency-50,0.7106666666666667,5,5,0.7206666666666667,0.7006666666666667,5,5,5,0.7,baseline-v2-20260723,cd270e7871bd358937d83d9a49829637fa80007d2964084ef229f578e3733bd3,ba75425861a059dafcc477474fc3e4ed1eafdc2b47d6fdd0557337035d29a960,e7b5f36bb370ab62fa30f6f64e15748a54c1303f3c4643e920d5cddb48057f0b,577873,1716143232000000000,300
OB/currencyservice_disk/2,OB,currencyservice,disk,2,300,300,point,0.3,5,0.3,median_shift,1,1.0,1.0,0.0,1,1,1,13,11.438299959991127,currencyservice|checkoutservice|frontend|cartservice|recommendationservice,currencyservice_latency-90,0.7106666666666667,5,5,0.7206666666666667,0.7006666666666667,5,5,5,0.7,baseline-v2-20260723,cd270e7871bd358937d83d9a49829637fa80007d2964084ef229f578e3733bd3,ba75425861a059dafcc477474fc3e4ed1eafdc2b47d6fdd0557337035d29a960,e7b5f36bb370ab62fa30f6f64e15748a54c1303f3c4643e920d5cddb48057f0b,577873,1716143232000000000,300
OB/currencyservice_disk/2,OB,currencyservice,disk,2,300,300,point,0.3,5,0.3,nsigma,1,1.0,1.0,0.0,1,1,1,13,66.56559999100864,currencyservice|checkoutservice|cartservice|frontend|emailservice,currencyservice_latency-50,0.7106666666666667,5,5,0.7206666666666667,0.7006666666666667,5,5,5,0.7,baseline-v2-20260723,cd270e7871bd358937d83d9a49829637fa80007d2964084ef229f578e3733bd3,ba75425861a059dafcc477474fc3e4ed1eafdc2b47d6fdd0557337035d29a960,e7b5f36bb370ab62fa30f6f64e15748a54c1303f3c4643e920d5cddb48057f0b,577873,1716143232000000000,300
OB/currencyservice_disk/2,OB,currencyservice,disk,2,300,300,point,0.3,6,0.3,baro,1,1.0,1.0,0.0,1,1,1,13,114.75890001747757,currencyservice|checkoutservice|emailservice|cartservice|frontend,currencyservice_latency-50,0.696,5,5,0.6893333333333334,0.7026666666666667,5,5,5,0.7,baseline-v2-20260723,cd270e7871bd358937d83d9a49829637fa80007d2964084ef229f578e3733bd3,ba75425861a059dafcc477474fc3e4ed1eafdc2b47d6fdd0557337035d29a960,e7b5f36bb370ab62fa30f6f64e15748a54c1303f3c4643e920d5cddb48057f0b,577873,1716143232000000000,300
OB/currencyservice_disk/2,OB,currencyservice,disk,2,300,300,point,0.3,6,0.3,median_shift,1,1.0,1.0,0.0,1,1,1,13,11.153800005558878,currencyservice|checkoutservice|frontend|cartservice|recommendationservice,currencyservice_latency-90,0.696,5,5,0.6893333333333334,0.7026666666666667,5,5,5,0.7,baseline-v2-20260723,cd270e7871bd358937d83d9a49829637fa80007d2964084ef229f578e3733bd3,ba75425861a059dafcc477474fc3e4ed1eafdc2b47d6fdd0557337035d29a960,e7b5f36bb370ab62fa30f6f64e15748a54c1303f3c4643e920d5cddb48057f0b,577873,1716143232000000000,300
OB/currencyservice_disk/2,OB,currencyservice,disk,2,300,300,point,0.3,6,0.3,nsigma,1,1.0,1.0,0.0,1,1,1,13,73.52590002119541,currencyservice|checkoutservice|cartservice|frontend|emailservice,currencyservice_latency-50,0.696,5,5,0.6893333333333334,0.7026666666666667,5,5,5,0.7,baseline-v2-20260723,cd270e7871bd358937d83d9a49829637fa80007d2964084ef229f578e3733bd3,ba75425861a059dafcc477474fc3e4ed1eafdc2b47d6fdd0557337035d29a960,e7b5f36bb370ab62fa30f6f64e15748a54c1303f3c4643e920d5cddb48057f0b,577873,1716143232000000000,300
OB/currencyservice_disk/2,OB,currencyservice,disk,2,300,300,point,0.3,7,0.3,baro,1,1.0,1.0,0.0,1,1,1,13,74.84279997879639,currencyservice|checkoutservice|emailservice|cartservice|frontend,currencyservice_latency-50,0.7046666666666667,5,5,0.706,0.7033333333333334,5,5,5,0.7,baseline-v2-20260723,cd270e7871bd358937d83d9a49829637fa80007d2964084ef229f578e3733bd3,ba75425861a059dafcc477474fc3e4ed1eafdc2b47d6fdd0557337035d29a960,e7b5f36bb370ab62fa30f6f64e15748a54c1303f3c4643e920d5cddb48057f0b,577873,1716143232000000000,300
OB/currencyservice_disk/2,OB,currencyservice,disk,2,300,300,point,0.3,7,0.3,median_shift,1,1.0,1.0,0.0,1,1,1,13,14.202499995008111,currencyservice|checkoutservice|frontend|cartservice|recommendationservice,currencyservice_latency-90,0.7046666666666667,5,5,0.706,0.7033333333333334,5,5,5,0.7,baseline-v2-20260723,cd270e7871bd358937d83d9a49829637fa80007d2964084ef229f578e3733bd3,ba75425861a059dafcc477474fc3e4ed1eafdc2b47d6fdd0557337035d29a960,e7b5f36bb370ab62fa30f6f64e15748a54c1303f3c4643e920d5cddb48057f0b,577873,1716143232000000000,300
OB/currencyservice_disk/2,OB,currencyservice,disk,2,300,300,point,0.3,7,0.3,nsigma,1,1.0,1.0,0.0,1,1,1,13,61.06999999610707,currencyservice|checkoutservice|cartservice|frontend|emailservice,currencyservice_latency-50,0.7046666666666667,5,5,0.706,0.7033333333333334,5,5,5,0.7,baseline-v2-20260723,cd270e7871bd358937d83d9a49829637fa80007d2964084ef229f578e3733bd3,ba75425861a059dafcc477474fc3e4ed1eafdc2b47d6fdd0557337035d29a960,e7b5f36bb370ab62fa30f6f64e15748a54c1303f3c4643e920d5cddb48057f0b,577873,1716143232000000000,300
OB/currencyservice_disk/2,OB,currencyservice,disk,2,300,300,point,0.3,8,0.3,baro,1,1.0,1.0,0.0,1,1,1,13,66.25229999190196,currencyservice|checkoutservice|emailservice|cartservice|frontend,currencyservice_latency-50,0.6886666666666666,5,5,0.6806666666666666,0.6966666666666667,5,5,5,0.7,baseline-v2-20260723,cd270e7871bd358937d83d9a49829637fa80007d2964084ef229f578e3733bd3,ba75425861a059dafcc477474fc3e4ed1eafdc2b47d6fdd0557337035d29a960,e7b5f36bb370ab62fa30f6f64e15748a54c1303f3c4643e920d5cddb48057f0b,577873,1716143232000000000,300
OB/currencyservice_disk/2,OB,currencyservice,disk,2,300,300,point,0.3,8,0.3,median_shift,1,1.0,1.0,0.0,1,1,1,13,10.696900018956512,currencyservice|checkoutservice|frontend|cartservice|recommendationservice,currencyservice_latency-90,0.6886666666666666,5,5,0.6806666666666666,0.6966666666666667,5,5,5,0.7,baseline-v2-20260723,cd270e7871bd358937d83d9a49829637fa80007d2964084ef229f578e3733bd3,ba75425861a059dafcc477474fc3e4ed1eafdc2b47d6fdd0557337035d29a960,e7b5f36bb370ab62fa30f6f64e15748a54c1303f3c4643e920d5cddb48057f0b,577873,1716143232000000000,300
OB/currencyservice_disk/2,OB,currencyservice,disk,2,300,300,point,0.3,8,0.3,nsigma,1,1.0,1.0,0.0,1,1,1,13,63.46259999554604,currencyservice|checkoutservice|cartservice|frontend|emailservice,currencyservice_latency-50,0.6886666666666666,5,5,0.6806666666666666,0.6966666666666667,5,5,5,0.7,baseline-v2-20260723,cd270e7871bd358937d83d9a49829637fa80007d2964084ef229f578e3733bd3,ba75425861a059dafcc477474fc3e4ed1eafdc2b47d6fdd0557337035d29a960,e7b5f36bb370ab62fa30f6f64e15748a54c1303f3c4643e920d5cddb48057f0b,577873,1716143232000000000,300
OB/currencyservice_disk/2,OB,currencyservice,disk,2,300,300,point,0.3,9,0.3,baro,1,1.0,1.0,0.0,1,1,1,13,63.55620000977069,currencyservice|checkoutservice|emailservice|cartservice|frontend,currencyservice_latency-50,0.7096666666666667,5,5,0.7166666666666667,0.7026666666666667,5,5,5,0.7,baseline-v2-20260723,cd270e7871bd358937d83d9a49829637fa80007d2964084ef229f578e3733bd3,ba75425861a059dafcc477474fc3e4ed1eafdc2b47d6fdd0557337035d29a960,e7b5f36bb370ab62fa30f6f64e15748a54c1303f3c4643e920d5cddb48057f0b,577873,1716143232000000000,300
OB/currencyservice_disk/2,OB,currencyservice,disk,2,300,300,point,0.3,9,0.3,median_shift,1,1.0,1.0,0.0,1,1,1,13,10.967100039124489,currencyservice|checkoutservice|frontend|recommendationservice|cartservice,currencyservice_latency-90,0.7096666666666667,5,5,0.7166666666666667,0.7026666666666667,5,5,5,0.7,baseline-v2-20260723,cd270e7871bd358937d83d9a49829637fa80007d2964084ef229f578e3733bd3,ba75425861a059dafcc477474fc3e4ed1eafdc2b47d6fdd0557337035d29a960,e7b5f36bb370ab62fa30f6f64e15748a54c1303f3c4643e920d5cddb48057f0b,577873,1716143232000000000,300
OB/currencyservice_disk/2,OB,currencyservice,disk,2,300,300,point,0.3,9,0.3,nsigma,1,1.0,1.0,0.0,1,1,1,13,62.517200014553964,currencyservice|checkoutservice|cartservice|frontend|emailservice,currencyservice_latency-50,0.7096666666666667,5,5,0.7166666666666667,0.7026666666666667,5,5,5,0.7,baseline-v2-20260723,cd270e7871bd358937d83d9a49829637fa80007d2964084ef229f578e3733bd3,ba75425861a059dafcc477474fc3e4ed1eafdc2b47d6fdd0557337035d29a960,e7b5f36bb370ab62fa30f6f64e15748a54c1303f3c4643e920d5cddb48057f0b,577873,1716143232000000000,300
OB/currencyservice_disk/2,OB,currencyservice,disk,2,300,300,point,0.5,0,0.5,baro,1,1.0,1.0,0.0,1,1,1,13,95.400599995628,currencyservice|checkoutservice|emailservice|cartservice|frontend,currencyservice_latency-50,0.51,5,5,0.5013333333333333,0.5186666666666667,5,5,5,0.5,baseline-v2-20260723,cd270e7871bd358937d83d9a49829637fa80007d2964084ef229f578e3733bd3,ba75425861a059dafcc477474fc3e4ed1eafdc2b47d6fdd0557337035d29a960,e7b5f36bb370ab62fa30f6f64e15748a54c1303f3c4643e920d5cddb48057f0b,577873,1716143232000000000,300
OB/currencyservice_disk/2,OB,currencyservice,disk,2,300,300,point,0.5,0,0.5,median_shift,1,1.0,1.0,0.0,1,1,1,13,11.468199954833835,currencyservice|checkoutservice|frontend|cartservice|recommendationservice,currencyservice_latency-90,0.51,5,5,0.5013333333333333,0.5186666666666667,5,5,5,0.5,baseline-v2-20260723,cd270e7871bd358937d83d9a49829637fa80007d2964084ef229f578e3733bd3,ba75425861a059dafcc477474fc3e4ed1eafdc2b47d6fdd0557337035d29a960,e7b5f36bb370ab62fa30f6f64e15748a54c1303f3c4643e920d5cddb48057f0b,577873,1716143232000000000,300
OB/currencyservice_disk/2,OB,currencyservice,disk,2,300,300,point,0.5,0,0.5,nsigma,1,1.0,1.0,0.0,1,1,1,13,51.5599999926053,currencyservice|checkoutservice|cartservice|frontend|emailservice,currencyservice_latency-50,0.51,5,5,0.5013333333333333,0.5186666666666667,5,5,5,0.5,baseline-v2-20260723,cd270e7871bd358937d83d9a49829637fa80007d2964084ef229f578e3733bd3,ba75425861a059dafcc477474fc3e4ed1eafdc2b47d6fdd0557337035d29a960,e7b5f36bb370ab62fa30f6f64e15748a54c1303f3c4643e920d5cddb48057f0b,577873,1716143232000000000,300
OB/currencyservice_disk/2,OB,currencyservice,disk,2,300,300,point,0.5,1,0.5,baro,1,1.0,1.0,0.0,1,1,1,13,75.6872000056319,currencyservice|checkoutservice|emailservice|cartservice|frontend,currencyservice_latency-50,0.499,5,5,0.49333333333333335,0.5046666666666667,5,5,5,0.5,baseline-v2-20260723,cd270e7871bd358937d83d9a49829637fa80007d2964084ef229f578e3733bd3,ba75425861a059dafcc477474fc3e4ed1eafdc2b47d6fdd0557337035d29a960,e7b5f36bb370ab62fa30f6f64e15748a54c1303f3c4643e920d5cddb48057f0b,577873,1716143232000000000,300
OB/currencyservice_disk/2,OB,currencyservice,disk,2,300,300,point,0.5,1,0.5,median_shift,1,1.0,1.0,0.0,1,1,1,13,11.810500000137836,currencyservice|checkoutservice|frontend|recommendationservice|cartservice,currencyservice_latency-90,0.499,5,5,0.49333333333333335,0.5046666666666667,5,5,5,0.5,baseline-v2-20260723,cd270e7871bd358937d83d9a49829637fa80007d2964084ef229f578e3733bd3,ba75425861a059dafcc477474fc3e4ed1eafdc2b47d6fdd0557337035d29a960,e7b5f36bb370ab62fa30f6f64e15748a54c1303f3c4643e920d5cddb48057f0b,577873,1716143232000000000,300
OB/currencyservice_disk/2,OB,currencyservice,disk,2,300,300,point,0.5,1,0.5,nsigma,1,1.0,1.0,0.0,1,1,1,13,68.24509997386485,currencyservice|checkoutservice|cartservice|frontend|emailservice,currencyservice_latency-50,0.499,5,5,0.49333333333333335,0.5046666666666667,5,5,5,0.5,baseline-v2-20260723,cd270e7871bd358937d83d9a49829637fa80007d2964084ef229f578e3733bd3,ba75425861a059dafcc477474fc3e4ed1eafdc2b47d6fdd0557337035d29a960,e7b5f36bb370ab62fa30f6f64e15748a54c1303f3c4643e920d5cddb48057f0b,577873,1716143232000000000,300
OB/currencyservice_disk/2,OB,currencyservice,disk,2,300,300,point,0.5,2,0.5,baro,1,1.0,1.0,0.0,1,1,1,13,68.53819999378175,currencyservice|checkoutservice|emailservice|frontend|cartservice,currencyservice_latency-50,0.503,5,5,0.5093333333333333,0.49666666666666665,5,5,5,0.5,baseline-v2-20260723,cd270e7871bd358937d83d9a49829637fa80007d2964084ef229f578e3733bd3,ba75425861a059dafcc477474fc3e4ed1eafdc2b47d6fdd0557337035d29a960,e7b5f36bb370ab62fa30f6f64e15748a54c1303f3c4643e920d5cddb48057f0b,577873,1716143232000000000,300
OB/currencyservice_disk/2,OB,currencyservice,disk,2,300,300,point,0.5,2,0.5,median_shift,1,1.0,1.0,0.0,1,1,1,13,10.54609997663647,currencyservice|checkoutservice|recommendationservice|frontend|cartservice,currencyservice_latency-90,0.503,5,5,0.5093333333333333,0.49666666666666665,5,5,5,0.5,baseline-v2-20260723,cd270e7871bd358937d83d9a49829637fa80007d2964084ef229f578e3733bd3,ba75425861a059dafcc477474fc3e4ed1eafdc2b47d6fdd0557337035d29a960,e7b5f36bb370ab62fa30f6f64e15748a54c1303f3c4643e920d5cddb48057f0b,577873,1716143232000000000,300
OB/currencyservice_disk/2,OB,currencyservice,disk,2,300,300,point,0.5,2,0.5,nsigma,1,1.0,1.0,0.0,1,1,1,13,54.00389997521415,currencyservice|checkoutservice|cartservice|frontend|emailservice,currencyservice_latency-50,0.503,5,5,0.5093333333333333,0.49666666666666665,5,5,5,0.5,baseline-v2-20260723,cd270e7871bd358937d83d9a49829637fa80007d2964084ef229f578e3733bd3,ba75425861a059dafcc477474fc3e4ed1eafdc2b47d6fdd0557337035d29a960,e7b5f36bb370ab62fa30f6f64e15748a54c1303f3c4643e920d5cddb48057f0b,577873,1716143232000000000,300
OB/currencyservice_disk/2,OB,currencyservice,disk,2,300,300,point,0.5,3,0.5,baro,1,1.0,1.0,0.0,1,1,1,13,64.6355000208132,currencyservice|checkoutservice|emailservice|frontend|cartservice,currencyservice_latency-50,0.49933333333333335,5,5,0.5013333333333333,0.49733333333333335,5,5,5,0.5,baseline-v2-20260723,cd270e7871bd358937d83d9a49829637fa80007d2964084ef229f578e3733bd3,ba75425861a059dafcc477474fc3e4ed1eafdc2b47d6fdd0557337035d29a960,e7b5f36bb370ab62fa30f6f64e15748a54c1303f3c4643e920d5cddb48057f0b,577873,1716143232000000000,300
OB/currencyservice_disk/2,OB,currencyservice,disk,2,300,300,point,0.5,3,0.5,median_shift,1,1.0,1.0,0.0,1,1,1,13,13.029600027948618,currencyservice|checkoutservice|frontend|cartservice|recommendationservice,currencyservice_latency-90,0.49933333333333335,5,5,0.5013333333333333,0.49733333333333335,5,5,5,0.5,baseline-v2-20260723,cd270e7871bd358937d83d9a49829637fa80007d2964084ef229f578e3733bd3,ba75425861a059dafcc477474fc3e4ed1eafdc2b47d6fdd0557337035d29a960,e7b5f36bb370ab62fa30f6f64e15748a54c1303f3c4643e920d5cddb48057f0b,577873,1716143232000000000,300
OB/currencyservice_disk/2,OB,currencyservice,disk,2,300,300,point,0.5,3,0.5,nsigma,1,1.0,1.0,0.0,1,1,1,13,57.33830004464835,currencyservice|checkoutservice|cartservice|frontend|emailservice,currencyservice_latency-50,0.49933333333333335,5,5,0.5013333333333333,0.49733333333333335,5,5,5,0.5,baseline-v2-20260723,cd270e7871bd358937d83d9a49829637fa80007d2964084ef229f578e3733bd3,ba75425861a059dafcc477474fc3e4ed1eafdc2b47d6fdd0557337035d29a960,e7b5f36bb370ab62fa30f6f64e15748a54c1303f3c4643e920d5cddb48057f0b,577873,1716143232000000000,300
OB/currencyservice_disk/2,OB,currencyservice,disk,2,300,300,point,0.5,4,0.5,baro,1,1.0,1.0,0.0,1,1,1,13,67.24770000437275,currencyservice|checkoutservice|emailservice|frontend|cartservice,currencyservice_latency-50,0.494,5,5,0.492,0.496,5,5,5,0.5,baseline-v2-20260723,cd270e7871bd358937d83d9a49829637fa80007d2964084ef229f578e3733bd3,ba75425861a059dafcc477474fc3e4ed1eafdc2b47d6fdd0557337035d29a960,e7b5f36bb370ab62fa30f6f64e15748a54c1303f3c4643e920d5cddb48057f0b,577873,1716143232000000000,300
OB/currencyservice_disk/2,OB,currencyservice,disk,2,300,300,point,0.5,4,0.5,median_shift,1,1.0,1.0,0.0,1,1,1,13,11.166299984324723,currencyservice|checkoutservice|frontend|recommendationservice|cartservice,currencyservice_latency-90,0.494,5,5,0.492,0.496,5,5,5,0.5,baseline-v2-20260723,cd270e7871bd358937d83d9a49829637fa80007d2964084ef229f578e3733bd3,ba75425861a059dafcc477474fc3e4ed1eafdc2b47d6fdd0557337035d29a960,e7b5f36bb370ab62fa30f6f64e15748a54c1303f3c4643e920d5cddb48057f0b,577873,1716143232000000000,300
OB/currencyservice_disk/2,OB,currencyservice,disk,2,300,300,point,0.5,4,0.5,nsigma,1,1.0,1.0,0.0,1,1,1,13,67.04970001010224,currencyservice|checkoutservice|frontend|cartservice|emailservice,currencyservice_latency-50,0.494,5,5,0.492,0.496,5,5,5,0.5,baseline-v2-20260723,cd270e7871bd358937d83d9a49829637fa80007d2964084ef229f578e3733bd3,ba75425861a059dafcc477474fc3e4ed1eafdc2b47d6fdd0557337035d29a960,e7b5f36bb370ab62fa30f6f64e15748a54c1303f3c4643e920d5cddb48057f0b,577873,1716143232000000000,300
OB/currencyservice_disk/2,OB,currencyservice,disk,2,300,300,point,0.5,5,0.5,baro,1,1.0,1.0,0.0,1,1,1,13,91.84220002498478,currencyservice|checkoutservice|emailservice|frontend|cartservice,currencyservice_latency-50,0.49366666666666664,5,5,0.5,0.48733333333333334,5,5,5,0.5,baseline-v2-20260723,cd270e7871bd358937d83d9a49829637fa80007d2964084ef229f578e3733bd3,ba75425861a059dafcc477474fc3e4ed1eafdc2b47d6fdd0557337035d29a960,e7b5f36bb370ab62fa30f6f64e15748a54c1303f3c4643e920d5cddb48057f0b,577873,1716143232000000000,300
OB/currencyservice_disk/2,OB,currencyservice,disk,2,300,300,point,0.5,5,0.5,median_shift,1,1.0,1.0,0.0,1,1,1,13,14.62939998600632,currencyservice|checkoutservice|frontend|cartservice|recommendationservice,currencyservice_latency-90,0.49366666666666664,5,5,0.5,0.48733333333333334,5,5,5,0.5,baseline-v2-20260723,cd270e7871bd358937d83d9a49829637fa80007d2964084ef229f578e3733bd3,ba75425861a059dafcc477474fc3e4ed1eafdc2b47d6fdd0557337035d29a960,e7b5f36bb370ab62fa30f6f64e15748a54c1303f3c4643e920d5cddb48057f0b,577873,1716143232000000000,300
OB/currencyservice_disk/2,OB,currencyservice,disk,2,300,300,point,0.5,5,0.5,nsigma,1,1.0,1.0,0.0,1,1,1,13,74.37819999177009,currencyservice|checkoutservice|cartservice|frontend|emailservice,currencyservice_latency-50,0.49366666666666664,5,5,0.5,0.48733333333333334,5,5,5,0.5,baseline-v2-20260723,cd270e7871bd358937d83d9a49829637fa80007d2964084ef229f578e3733bd3,ba75425861a059dafcc477474fc3e4ed1eafdc2b47d6fdd0557337035d29a960,e7b5f36bb370ab62fa30f6f64e15748a54c1303f3c4643e920d5cddb48057f0b,577873,1716143232000000000,300
OB/currencyservice_disk/2,OB,currencyservice,disk,2,300,300,point,0.5,6,0.5,baro,1,1.0,1.0,0.0,1,1,1,13,76.68889994965866,currencyservice|checkoutservice|emailservice|cartservice|frontend,currencyservice_latency-50,0.5023333333333333,5,5,0.49666666666666665,0.508,5,5,5,0.5,baseline-v2-20260723,cd270e7871bd358937d83d9a49829637fa80007d2964084ef229f578e3733bd3,ba75425861a059dafcc477474fc3e4ed1eafdc2b47d6fdd0557337035d29a960,e7b5f36bb370ab62fa30f6f64e15748a54c1303f3c4643e920d5cddb48057f0b,577873,1716143232000000000,300
OB/currencyservice_disk/2,OB,currencyservice,disk,2,300,300,point,0.5,6,0.5,median_shift,1,1.0,1.0,0.0,1,1,1,13,20.559300028253347,currencyservice|checkoutservice|frontend|cartservice|recommendationservice,currencyservice_latency-90,0.5023333333333333,5,5,0.49666666666666665,0.508,5,5,5,0.5,baseline-v2-20260723,cd270e7871bd358937d83d9a49829637fa80007d2964084ef229f578e3733bd3,ba75425861a059dafcc477474fc3e4ed1eafdc2b47d6fdd0557337035d29a960,e7b5f36bb370ab62fa30f6f64e15748a54c1303f3c4643e920d5cddb48057f0b,577873,1716143232000000000,300
OB/currencyservice_disk/2,OB,currencyservice,disk,2,300,300,point,0.5,6,0.5,nsigma,1,1.0,1.0,0.0,1,1,1,13,67.51830002758652,currencyservice|checkoutservice|cartservice|frontend|emailservice,currencyservice_latency-50,0.5023333333333333,5,5,0.49666666666666665,0.508,5,5,5,0.5,baseline-v2-20260723,cd270e7871bd358937d83d9a49829637fa80007d2964084ef229f578e3733bd3,ba75425861a059dafcc477474fc3e4ed1eafdc2b47d6fdd0557337035d29a960,e7b5f36bb370ab62fa30f6f64e15748a54c1303f3c4643e920d5cddb48057f0b,577873,1716143232000000000,300
OB/currencyservice_disk/2,OB,currencyservice,disk,2,300,300,point,0.5,7,0.5,baro,1,1.0,1.0,0.0,1,1,1,13,87.47920003952459,currencyservice|checkoutservice|emailservice|cartservice|frontend,currencyservice_latency-50,0.49933333333333335,5,5,0.5166666666666667,0.482,5,5,5,0.5,baseline-v2-20260723,cd270e7871bd358937d83d9a49829637fa80007d2964084ef229f578e3733bd3,ba75425861a059dafcc477474fc3e4ed1eafdc2b47d6fdd0557337035d29a960,e7b5f36bb370ab62fa30f6f64e15748a54c1303f3c4643e920d5cddb48057f0b,577873,1716143232000000000,300
OB/currencyservice_disk/2,OB,currencyservice,disk,2,300,300,point,0.5,7,0.5,median_shift,1,1.0,1.0,0.0,1,1,1,13,12.021499976981431,currencyservice|checkoutservice|frontend|recommendationservice|cartservice,currencyservice_latency-90,0.49933333333333335,5,5,0.5166666666666667,0.482,5,5,5,0.5,baseline-v2-20260723,cd270e7871bd358937d83d9a49829637fa80007d2964084ef229f578e3733bd3,ba75425861a059dafcc477474fc3e4ed1eafdc2b47d6fdd0557337035d29a960,e7b5f36bb370ab62fa30f6f64e15748a54c1303f3c4643e920d5cddb48057f0b,577873,1716143232000000000,300
OB/currencyservice_disk/2,OB,currencyservice,disk,2,300,300,point,0.5,7,0.5,nsigma,1,1.0,1.0,0.0,1,1,1,13,66.51689996942878,currencyservice|checkoutservice|cartservice|frontend|emailservice,currencyservice_latency-50,0.49933333333333335,5,5,0.5166666666666667,0.482,5,5,5,0.5,baseline-v2-20260723,cd270e7871bd358937d83d9a49829637fa80007d2964084ef229f578e3733bd3,ba75425861a059dafcc477474fc3e4ed1eafdc2b47d6fdd0557337035d29a960,e7b5f36bb370ab62fa30f6f64e15748a54c1303f3c4643e920d5cddb48057f0b,577873,1716143232000000000,300
OB/currencyservice_disk/2,OB,currencyservice,disk,2,300,300,point,0.5,8,0.5,baro,1,1.0,1.0,0.0,1,1,1,13,77.9571000020951,currencyservice|checkoutservice|emailservice|cartservice|frontend,currencyservice_latency-50,0.49766666666666665,5,5,0.504,0.49133333333333334,5,5,5,0.5,baseline-v2-20260723,cd270e7871bd358937d83d9a49829637fa80007d2964084ef229f578e3733bd3,ba75425861a059dafcc477474fc3e4ed1eafdc2b47d6fdd0557337035d29a960,e7b5f36bb370ab62fa30f6f64e15748a54c1303f3c4643e920d5cddb48057f0b,577873,1716143232000000000,300
OB/currencyservice_disk/2,OB,currencyservice,disk,2,300,300,point,0.5,8,0.5,median_shift,1,1.0,1.0,0.0,1,1,1,13,13.563499960582703,currencyservice|checkoutservice|frontend|cartservice|recommendationservice,currencyservice_latency-90,0.49766666666666665,5,5,0.504,0.49133333333333334,5,5,5,0.5,baseline-v2-20260723,cd270e7871bd358937d83d9a49829637fa80007d2964084ef229f578e3733bd3,ba75425861a059dafcc477474fc3e4ed1eafdc2b47d6fdd0557337035d29a960,e7b5f36bb370ab62fa30f6f64e15748a54c1303f3c4643e920d5cddb48057f0b,577873,1716143232000000000,300
OB/currencyservice_disk/2,OB,currencyservice,disk,2,300,300,point,0.5,8,0.5,nsigma,1,1.0,1.0,0.0,1,1,1,13,84.40539997536689,currencyservice|checkoutservice|cartservice|frontend|emailservice,currencyservice_latency-50,0.49766666666666665,5,5,0.504,0.49133333333333334,5,5,5,0.5,baseline-v2-20260723,cd270e7871bd358937d83d9a49829637fa80007d2964084ef229f578e3733bd3,ba75425861a059dafcc477474fc3e4ed1eafdc2b47d6fdd0557337035d29a960,e7b5f36bb370ab62fa30f6f64e15748a54c1303f3c4643e920d5cddb48057f0b,577873,1716143232000000000,300
OB/currencyservice_disk/2,OB,currencyservice,disk,2,300,300,point,0.5,9,0.5,baro,1,1.0,1.0,0.0,1,1,1,13,86.35369996773079,currencyservice|checkoutservice|emailservice|cartservice|frontend,currencyservice_latency-50,0.501,5,5,0.48933333333333334,0.5126666666666667,5,5,5,0.5,baseline-v2-20260723,cd270e7871bd358937d83d9a49829637fa80007d2964084ef229f578e3733bd3,ba75425861a059dafcc477474fc3e4ed1eafdc2b47d6fdd0557337035d29a960,e7b5f36bb370ab62fa30f6f64e15748a54c1303f3c4643e920d5cddb48057f0b,577873,1716143232000000000,300
OB/currencyservice_disk/2,OB,currencyservice,disk,2,300,300,point,0.5,9,0.5,median_shift,1,1.0,1.0,0.0,1,1,1,13,11.862800049129874,currencyservice|checkoutservice|frontend|cartservice|recommendationservice,currencyservice_latency-90,0.501,5,5,0.48933333333333334,0.5126666666666667,5,5,5,0.5,baseline-v2-20260723,cd270e7871bd358937d83d9a49829637fa80007d2964084ef229f578e3733bd3,ba75425861a059dafcc477474fc3e4ed1eafdc2b47d6fdd0557337035d29a960,e7b5f36bb370ab62fa30f6f64e15748a54c1303f3c4643e920d5cddb48057f0b,577873,1716143232000000000,300
OB/currencyservice_disk/2,OB,currencyservice,disk,2,300,300,point,0.5,9,0.5,nsigma,1,1.0,1.0,0.0,1,1,1,13,69.78300004266202,currencyservice|checkoutservice|cartservice|frontend|emailservice,currencyservice_latency-50,0.501,5,5,0.48933333333333334,0.5126666666666667,5,5,5,0.5,baseline-v2-20260723,cd270e7871bd358937d83d9a49829637fa80007d2964084ef229f578e3733bd3,ba75425861a059dafcc477474fc3e4ed1eafdc2b47d6fdd0557337035d29a960,e7b5f36bb370ab62fa30f6f64e15748a54c1303f3c4643e920d5cddb48057f0b,577873,1716143232000000000,300
OB/currencyservice_disk/2,OB,currencyservice,disk,2,300,300,stream,0.1,0,0.10344827586206896,baro,1,1.0,1.0,0.0,1,1,1,13,71.83680002344772,currencyservice|checkoutservice|emailservice|cartservice|frontend,currencyservice_latency-50,1.0,5,5,1.0,1.0,5,5,5,0.896551724137931,baseline-v2-20260723,cd270e7871bd358937d83d9a49829637fa80007d2964084ef229f578e3733bd3,ba75425861a059dafcc477474fc3e4ed1eafdc2b47d6fdd0557337035d29a960,e7b5f36bb370ab62fa30f6f64e15748a54c1303f3c4643e920d5cddb48057f0b,577873,1716143232000000000,300
OB/currencyservice_disk/2,OB,currencyservice,disk,2,300,300,stream,0.1,0,0.10344827586206896,median_shift,1,1.0,1.0,0.0,1,1,1,13,20.001200027763844,currencyservice|checkoutservice|frontend|recommendationservice|main,currencyservice_latency-90,1.0,5,5,1.0,1.0,5,5,5,0.896551724137931,baseline-v2-20260723,cd270e7871bd358937d83d9a49829637fa80007d2964084ef229f578e3733bd3,ba75425861a059dafcc477474fc3e4ed1eafdc2b47d6fdd0557337035d29a960,e7b5f36bb370ab62fa30f6f64e15748a54c1303f3c4643e920d5cddb48057f0b,577873,1716143232000000000,300
OB/currencyservice_disk/2,OB,currencyservice,disk,2,300,300,stream,0.1,0,0.10344827586206896,nsigma,1,1.0,1.0,0.0,1,1,1,13,57.37940000835806,currencyservice|checkoutservice|frontend|emailservice|recommendationservice,currencyservice_latency-50,1.0,5,5,1.0,1.0,5,5,5,0.896551724137931,baseline-v2-20260723,cd270e7871bd358937d83d9a49829637fa80007d2964084ef229f578e3733bd3,ba75425861a059dafcc477474fc3e4ed1eafdc2b47d6fdd0557337035d29a960,e7b5f36bb370ab62fa30f6f64e15748a54c1303f3c4643e920d5cddb48057f0b,577873,1716143232000000000,300
OB/currencyservice_disk/2,OB,currencyservice,disk,2,300,300,stream,0.1,1,0.10344827586206896,baro,1,1.0,1.0,0.0,1,1,1,13,72.30090000666678,currencyservice|checkoutservice|emailservice|frontend|productcatalogservice,currencyservice_latency-50,1.0,5,5,1.0,1.0,5,5,5,0.896551724137931,baseline-v2-20260723,cd270e7871bd358937d83d9a49829637fa80007d2964084ef229f578e3733bd3,ba75425861a059dafcc477474fc3e4ed1eafdc2b47d6fdd0557337035d29a960,e7b5f36bb370ab62fa30f6f64e15748a54c1303f3c4643e920d5cddb48057f0b,577873,1716143232000000000,300
OB/currencyservice_disk/2,OB,currencyservice,disk,2,300,300,stream,0.1,1,0.10344827586206896,median_shift,1,1.0,1.0,0.0,1,1,1,13,10.921199980657548,currencyservice|checkoutservice|frontend|cartservice|recommendationservice,currencyservice_latency-90,1.0,5,5,1.0,1.0,5,5,5,0.896551724137931,baseline-v2-20260723,cd270e7871bd358937d83d9a49829637fa80007d2964084ef229f578e3733bd3,ba75425861a059dafcc477474fc3e4ed1eafdc2b47d6fdd0557337035d29a960,e7b5f36bb370ab62fa30f6f64e15748a54c1303f3c4643e920d5cddb48057f0b,577873,1716143232000000000,300
OB/currencyservice_disk/2,OB,currencyservice,disk,2,300,300,stream,0.1,1,0.10344827586206896,nsigma,1,1.0,1.0,0.0,1,1,1,13,49.26200001500547,currencyservice|checkoutservice|cartservice|frontend|emailservice,currencyservice_latency-50,1.0,5,5,1.0,1.0,5,5,5,0.896551724137931,baseline-v2-20260723,cd270e7871bd358937d83d9a49829637fa80007d2964084ef229f578e3733bd3,ba75425861a059dafcc477474fc3e4ed1eafdc2b47d6fdd0557337035d29a960,e7b5f36bb370ab62fa30f6f64e15748a54c1303f3c4643e920d5cddb48057f0b,577873,1716143232000000000,300
OB/currencyservice_disk/2,OB,currencyservice,disk,2,300,300,stream,0.1,2,0.10344827586206896,baro,1,1.0,1.0,0.0,1,1,1,13,59.91050001466647,currencyservice|checkoutservice|emailservice|cartservice|frontend,currencyservice_latency-50,1.0,5,5,1.0,1.0,5,5,5,0.896551724137931,baseline-v2-20260723,cd270e7871bd358937d83d9a49829637fa80007d2964084ef229f578e3733bd3,ba75425861a059dafcc477474fc3e4ed1eafdc2b47d6fdd0557337035d29a960,e7b5f36bb370ab62fa30f6f64e15748a54c1303f3c4643e920d5cddb48057f0b,577873,1716143232000000000,300
OB/currencyservice_disk/2,OB,currencyservice,disk,2,300,300,stream,0.1,2,0.10344827586206896,median_shift,1,1.0,1.0,0.0,1,1,1,13,10.20369998877868,currencyservice|checkoutservice|frontend|cartservice|recommendationservice,currencyservice_latency-90,1.0,5,5,1.0,1.0,5,5,5,0.896551724137931,baseline-v2-20260723,cd270e7871bd358937d83d9a49829637fa80007d2964084ef229f578e3733bd3,ba75425861a059dafcc477474fc3e4ed1eafdc2b47d6fdd0557337035d29a960,e7b5f36bb370ab62fa30f6f64e15748a54c1303f3c4643e920d5cddb48057f0b,577873,1716143232000000000,300
OB/currencyservice_disk/2,OB,currencyservice,disk,2,300,300,stream,0.1,2,0.10344827586206896,nsigma,1,1.0,1.0,0.0,1,1,1,13,49.136499990709126,currencyservice|checkoutservice|cartservice|frontend|emailservice,currencyservice_latency-50,1.0,5,5,1.0,1.0,5,5,5,0.896551724137931,baseline-v2-20260723,cd270e7871bd358937d83d9a49829637fa80007d2964084ef229f578e3733bd3,ba75425861a059dafcc477474fc3e4ed1eafdc2b47d6fdd0557337035d29a960,e7b5f36bb370ab62fa30f6f64e15748a54c1303f3c4643e920d5cddb48057f0b,577873,1716143232000000000,300
OB/currencyservice_disk/2,OB,currencyservice,disk,2,300,300,stream,0.1,3,0.10344827586206896,baro,1,1.0,1.0,0.0,1,1,1,13,60.705000010784715,currencyservice|checkoutservice|emailservice|cartservice|frontend,currencyservice_latency-50,1.0,5,5,1.0,1.0,5,5,5,0.896551724137931,baseline-v2-20260723,cd270e7871bd358937d83d9a49829637fa80007d2964084ef229f578e3733bd3,ba75425861a059dafcc477474fc3e4ed1eafdc2b47d6fdd0557337035d29a960,e7b5f36bb370ab62fa30f6f64e15748a54c1303f3c4643e920d5cddb48057f0b,577873,1716143232000000000,300
OB/currencyservice_disk/2,OB,currencyservice,disk,2,300,300,stream,0.1,3,0.10344827586206896,median_shift,1,1.0,1.0,0.0,1,1,1,13,10.74749999679625,currencyservice|checkoutservice|frontend|cartservice|main,currencyservice_latency-90,1.0,5,5,1.0,1.0,5,5,5,0.896551724137931,baseline-v2-20260723,cd270e7871bd358937d83d9a49829637fa80007d2964084ef229f578e3733bd3,ba75425861a059dafcc477474fc3e4ed1eafdc2b47d6fdd0557337035d29a960,e7b5f36bb370ab62fa30f6f64e15748a54c1303f3c4643e920d5cddb48057f0b,577873,1716143232000000000,300
OB/currencyservice_disk/2,OB,currencyservice,disk,2,300,300,stream,0.1,3,0.10344827586206896,nsigma,1,1.0,1.0,0.0,1,1,1,13,70.18059998517856,currencyservice|checkoutservice|cartservice|frontend|emailservice,currencyservice_latency-50,1.0,5,5,1.0,1.0,5,5,5,0.896551724137931,baseline-v2-20260723,cd270e7871bd358937d83d9a49829637fa80007d2964084ef229f578e3733bd3,ba75425861a059dafcc477474fc3e4ed1eafdc2b47d6fdd0557337035d29a960,e7b5f36bb370ab62fa30f6f64e15748a54c1303f3c4643e920d5cddb48057f0b,577873,1716143232000000000,300
OB/currencyservice_disk/2,OB,currencyservice,disk,2,300,300,stream,0.1,4,0.10344827586206896,baro,1,1.0,1.0,0.0,1,1,1,13,59.62549999821931,currencyservice|checkoutservice|emailservice|cartservice|productcatalogservice,currencyservice_latency-50,1.0,5,5,1.0,1.0,5,5,5,0.896551724137931,baseline-v2-20260723,cd270e7871bd358937d83d9a49829637fa80007d2964084ef229f578e3733bd3,ba75425861a059dafcc477474fc3e4ed1eafdc2b47d6fdd0557337035d29a960,e7b5f36bb370ab62fa30f6f64e15748a54c1303f3c4643e920d5cddb48057f0b,577873,1716143232000000000,300
OB/currencyservice_disk/2,OB,currencyservice,disk,2,300,300,stream,0.1,4,0.10344827586206896,median_shift,1,1.0,1.0,0.0,1,1,1,13,12.315300002228469,currencyservice|checkoutservice|cartservice|recommendationservice|main,currencyservice_latency-90,1.0,5,5,1.0,1.0,5,5,5,0.896551724137931,baseline-v2-20260723,cd270e7871bd358937d83d9a49829637fa80007d2964084ef229f578e3733bd3,ba75425861a059dafcc477474fc3e4ed1eafdc2b47d6fdd0557337035d29a960,e7b5f36bb370ab62fa30f6f64e15748a54c1303f3c4643e920d5cddb48057f0b,577873,1716143232000000000,300
OB/currencyservice_disk/2,OB,currencyservice,disk,2,300,300,stream,0.1,4,0.10344827586206896,nsigma,1,1.0,1.0,0.0,1,1,1,13,47.601700003724545,currencyservice|checkoutservice|cartservice|emailservice|recommendationservice,currencyservice_latency-50,1.0,5,5,1.0,1.0,5,5,5,0.896551724137931,baseline-v2-20260723,cd270e7871bd358937d83d9a49829637fa80007d2964084ef229f578e3733bd3,ba75425861a059dafcc477474fc3e4ed1eafdc2b47d6fdd0557337035d29a960,e7b5f36bb370ab62fa30f6f64e15748a54c1303f3c4643e920d5cddb48057f0b,577873,1716143232000000000,300
OB/currencyservice_disk/2,OB,currencyservice,disk,2,300,300,stream,0.1,5,0.10344827586206896,baro,1,1.0,1.0,0.0,1,1,1,13,64.33250004192814,currencyservice|checkoutservice|emailservice|cartservice|productcatalogservice,currencyservice_latency-50,1.0,5,5,1.0,1.0,5,5,5,0.896551724137931,baseline-v2-20260723,cd270e7871bd358937d83d9a49829637fa80007d2964084ef229f578e3733bd3,ba75425861a059dafcc477474fc3e4ed1eafdc2b47d6fdd0557337035d29a960,e7b5f36bb370ab62fa30f6f64e15748a54c1303f3c4643e920d5cddb48057f0b,577873,1716143232000000000,300
OB/currencyservice_disk/2,OB,currencyservice,disk,2,300,300,stream,0.1,5,0.10344827586206896,median_shift,1,1.0,1.0,0.0,1,1,1,13,11.128300044219941,currencyservice|checkoutservice|cartservice|recommendationservice|main,currencyservice_latency-90,1.0,5,5,1.0,1.0,5,5,5,0.896551724137931,baseline-v2-20260723,cd270e7871bd358937d83d9a49829637fa80007d2964084ef229f578e3733bd3,ba75425861a059dafcc477474fc3e4ed1eafdc2b47d6fdd0557337035d29a960,e7b5f36bb370ab62fa30f6f64e15748a54c1303f3c4643e920d5cddb48057f0b,577873,1716143232000000000,300
OB/currencyservice_disk/2,OB,currencyservice,disk,2,300,300,stream,0.1,5,0.10344827586206896,nsigma,1,1.0,1.0,0.0,1,1,1,13,63.96489997860044,currencyservice|checkoutservice|cartservice|emailservice|recommendationservice,currencyservice_latency-50,1.0,5,5,1.0,1.0,5,5,5,0.896551724137931,baseline-v2-20260723,cd270e7871bd358937d83d9a49829637fa80007d2964084ef229f578e3733bd3,ba75425861a059dafcc477474fc3e4ed1eafdc2b47d6fdd0557337035d29a960,e7b5f36bb370ab62fa30f6f64e15748a54c1303f3c4643e920d5cddb48057f0b,577873,1716143232000000000,300
OB/currencyservice_disk/2,OB,currencyservice,disk,2,300,300,stream,0.1,6,0.10344827586206896,baro,1,1.0,1.0,0.0,1,1,1,13,66.00880000041798,currencyservice|checkoutservice|emailservice|cartservice|frontend,currencyservice_latency-50,0.8,4,5,0.8,0.8,4,4,4,0.896551724137931,baseline-v2-20260723,cd270e7871bd358937d83d9a49829637fa80007d2964084ef229f578e3733bd3,ba75425861a059dafcc477474fc3e4ed1eafdc2b47d6fdd0557337035d29a960,e7b5f36bb370ab62fa30f6f64e15748a54c1303f3c4643e920d5cddb48057f0b,577873,1716143232000000000,300
OB/currencyservice_disk/2,OB,currencyservice,disk,2,300,300,stream,0.1,6,0.10344827586206896,median_shift,1,1.0,1.0,0.0,1,1,1,13,11.731499980669469,currencyservice|checkoutservice|frontend|cartservice|recommendationservice,currencyservice_latency-90,0.8,4,5,0.8,0.8,4,4,4,0.896551724137931,baseline-v2-20260723,cd270e7871bd358937d83d9a49829637fa80007d2964084ef229f578e3733bd3,ba75425861a059dafcc477474fc3e4ed1eafdc2b47d6fdd0557337035d29a960,e7b5f36bb370ab62fa30f6f64e15748a54c1303f3c4643e920d5cddb48057f0b,577873,1716143232000000000,300
OB/currencyservice_disk/2,OB,currencyservice,disk,2,300,300,stream,0.1,6,0.10344827586206896,nsigma,1,1.0,1.0,0.0,1,1,1,13,49.15099998470396,currencyservice|checkoutservice|cartservice|frontend|emailservice,currencyservice_latency-50,0.8,4,5,0.8,0.8,4,4,4,0.896551724137931,baseline-v2-20260723,cd270e7871bd358937d83d9a49829637fa80007d2964084ef229f578e3733bd3,ba75425861a059dafcc477474fc3e4ed1eafdc2b47d6fdd0557337035d29a960,e7b5f36bb370ab62fa30f6f64e15748a54c1303f3c4643e920d5cddb48057f0b,577873,1716143232000000000,300
OB/currencyservice_disk/2,OB,currencyservice,disk,2,300,300,stream,0.1,7,0.10344827586206896,baro,1,1.0,1.0,0.0,1,1,1,13,57.47759999940172,currencyservice|checkoutservice|emailservice|cartservice|productcatalogservice,currencyservice_latency-50,0.8,4,5,0.8,0.8,4,4,4,0.896551724137931,baseline-v2-20260723,cd270e7871bd358937d83d9a49829637fa80007d2964084ef229f578e3733bd3,ba75425861a059dafcc477474fc3e4ed1eafdc2b47d6fdd0557337035d29a960,e7b5f36bb370ab62fa30f6f64e15748a54c1303f3c4643e920d5cddb48057f0b,577873,1716143232000000000,300
OB/currencyservice_disk/2,OB,currencyservice,disk,2,300,300,stream,0.1,7,0.10344827586206896,median_shift,1,1.0,1.0,0.0,1,1,1,13,10.018400033004582,currencyservice|checkoutservice|cartservice|recommendationservice|main,currencyservice_latency-50,0.8,4,5,0.8,0.8,4,4,4,0.896551724137931,baseline-v2-20260723,cd270e7871bd358937d83d9a49829637fa80007d2964084ef229f578e3733bd3,ba75425861a059dafcc477474fc3e4ed1eafdc2b47d6fdd0557337035d29a960,e7b5f36bb370ab62fa30f6f64e15748a54c1303f3c4643e920d5cddb48057f0b,577873,1716143232000000000,300
OB/currencyservice_disk/2,OB,currencyservice,disk,2,300,300,stream,0.1,7,0.10344827586206896,nsigma,1,1.0,1.0,0.0,1,1,1,13,61.65360001614317,currencyservice|checkoutservice|cartservice|emailservice|recommendationservice,currencyservice_latency-50,0.8,4,5,0.8,0.8,4,4,4,0.896551724137931,baseline-v2-20260723,cd270e7871bd358937d83d9a49829637fa80007d2964084ef229f578e3733bd3,ba75425861a059dafcc477474fc3e4ed1eafdc2b47d6fdd0557337035d29a960,e7b5f36bb370ab62fa30f6f64e15748a54c1303f3c4643e920d5cddb48057f0b,577873,1716143232000000000,300
OB/currencyservice_disk/2,OB,currencyservice,disk,2,300,300,stream,0.1,8,0.10344827586206896,baro,1,1.0,1.0,0.0,1,1,1,13,59.716799994930625,currencyservice|checkoutservice|emailservice|cartservice|frontend,currencyservice_latency-50,0.6,3,5,0.6,0.6,3,3,3,0.896551724137931,baseline-v2-20260723,cd270e7871bd358937d83d9a49829637fa80007d2964084ef229f578e3733bd3,ba75425861a059dafcc477474fc3e4ed1eafdc2b47d6fdd0557337035d29a960,e7b5f36bb370ab62fa30f6f64e15748a54c1303f3c4643e920d5cddb48057f0b,577873,1716143232000000000,300
OB/currencyservice_disk/2,OB,currencyservice,disk,2,300,300,stream,0.1,8,0.10344827586206896,median_shift,1,1.0,1.0,0.0,1,1,1,13,10.35629998659715,currencyservice|checkoutservice|frontend|cartservice|recommendationservice,currencyservice_latency-50,0.6,3,5,0.6,0.6,3,3,3,0.896551724137931,baseline-v2-20260723,cd270e7871bd358937d83d9a49829637fa80007d2964084ef229f578e3733bd3,ba75425861a059dafcc477474fc3e4ed1eafdc2b47d6fdd0557337035d29a960,e7b5f36bb370ab62fa30f6f64e15748a54c1303f3c4643e920d5cddb48057f0b,577873,1716143232000000000,300
OB/currencyservice_disk/2,OB,currencyservice,disk,2,300,300,stream,0.1,8,0.10344827586206896,nsigma,1,1.0,1.0,0.0,1,1,1,13,51.53060000156984,currencyservice|checkoutservice|cartservice|frontend|emailservice,currencyservice_latency-50,0.6,3,5,0.6,0.6,3,3,3,0.896551724137931,baseline-v2-20260723,cd270e7871bd358937d83d9a49829637fa80007d2964084ef229f578e3733bd3,ba75425861a059dafcc477474fc3e4ed1eafdc2b47d6fdd0557337035d29a960,e7b5f36bb370ab62fa30f6f64e15748a54c1303f3c4643e920d5cddb48057f0b,577873,1716143232000000000,300
OB/currencyservice_disk/2,OB,currencyservice,disk,2,300,300,stream,0.1,9,0.10344827586206896,baro,1,1.0,1.0,0.0,1,1,1,13,63.201599987223744,currencyservice|checkoutservice|emailservice|cartservice|frontend,currencyservice_latency-50,1.0,5,5,1.0,1.0,5,5,5,0.896551724137931,baseline-v2-20260723,cd270e7871bd358937d83d9a49829637fa80007d2964084ef229f578e3733bd3,ba75425861a059dafcc477474fc3e4ed1eafdc2b47d6fdd0557337035d29a960,e7b5f36bb370ab62fa30f6f64e15748a54c1303f3c4643e920d5cddb48057f0b,577873,1716143232000000000,300
OB/currencyservice_disk/2,OB,currencyservice,disk,2,300,300,stream,0.1,9,0.10344827586206896,median_shift,1,1.0,1.0,0.0,1,1,1,13,10.189300053752959,currencyservice|checkoutservice|frontend|cartservice|recommendationservice,currencyservice_latency-90,1.0,5,5,1.0,1.0,5,5,5,0.896551724137931,baseline-v2-20260723,cd270e7871bd358937d83d9a49829637fa80007d2964084ef229f578e3733bd3,ba75425861a059dafcc477474fc3e4ed1eafdc2b47d6fdd0557337035d29a960,e7b5f36bb370ab62fa30f6f64e15748a54c1303f3c4643e920d5cddb48057f0b,577873,1716143232000000000,300
OB/currencyservice_disk/2,OB,currencyservice,disk,2,300,300,stream,0.1,9,0.10344827586206896,nsigma,1,1.0,1.0,0.0,1,1,1,13,48.66820003371686,currencyservice|checkoutservice|cartservice|frontend|emailservice,currencyservice_latency-50,1.0,5,5,1.0,1.0,5,5,5,0.896551724137931,baseline-v2-20260723,cd270e7871bd358937d83d9a49829637fa80007d2964084ef229f578e3733bd3,ba75425861a059dafcc477474fc3e4ed1eafdc2b47d6fdd0557337035d29a960,e7b5f36bb370ab62fa30f6f64e15748a54c1303f3c4643e920d5cddb48057f0b,577873,1716143232000000000,300
OB/currencyservice_disk/2,OB,currencyservice,disk,2,300,300,stream,0.3,0,0.29310344827586204,baro,9,0.1111111111111111,0.0,0.6666666666666666,0,0,0,13,58.8759999955073,checkoutservice|frontend|productcatalogservice|recommendationservice|shippingservice,checkoutservice_latency-50,0.4,2,5,0.4,0.4,2,2,2,0.7068965517241379,baseline-v2-20260723,cd270e7871bd358937d83d9a49829637fa80007d2964084ef229f578e3733bd3,ba75425861a059dafcc477474fc3e4ed1eafdc2b47d6fdd0557337035d29a960,e7b5f36bb370ab62fa30f6f64e15748a54c1303f3c4643e920d5cddb48057f0b,577873,1716143232000000000,300
OB/currencyservice_disk/2,OB,currencyservice,disk,2,300,300,stream,0.3,0,0.29310344827586204,median_shift,5,0.2,0.2,0.3333333333333333,0,0,1,13,9.09549999050796,checkoutservice|frontend|recommendationservice|main|currencyservice,checkoutservice_latency-50,0.4,2,5,0.4,0.4,2,2,2,0.7068965517241379,baseline-v2-20260723,cd270e7871bd358937d83d9a49829637fa80007d2964084ef229f578e3733bd3,ba75425861a059dafcc477474fc3e4ed1eafdc2b47d6fdd0557337035d29a960,e7b5f36bb370ab62fa30f6f64e15748a54c1303f3c4643e920d5cddb48057f0b,577873,1716143232000000000,300
OB/currencyservice_disk/2,OB,currencyservice,disk,2,300,300,stream,0.3,0,0.29310344827586204,nsigma,11,0.09090909090909091,0.0,0.8333333333333334,0,0,0,13,50.17130001215264,checkoutservice|frontend|recommendationservice|shippingservice|main,checkoutservice_latency-50,0.4,2,5,0.4,0.4,2,2,2,0.7068965517241379,baseline-v2-20260723,cd270e7871bd358937d83d9a49829637fa80007d2964084ef229f578e3733bd3,ba75425861a059dafcc477474fc3e4ed1eafdc2b47d6fdd0557337035d29a960,e7b5f36bb370ab62fa30f6f64e15748a54c1303f3c4643e920d5cddb48057f0b,577873,1716143232000000000,300
OB/currencyservice_disk/2,OB,currencyservice,disk,2,300,300,stream,0.3,1,0.29310344827586204,baro,1,1.0,1.0,0.0,1,1,1,13,52.73220001254231,currencyservice|checkoutservice|emailservice|cartservice|frontend,currencyservice_latency-90,0.8,4,5,0.8,0.8,4,4,4,0.7068965517241379,baseline-v2-20260723,cd270e7871bd358937d83d9a49829637fa80007d2964084ef229f578e3733bd3,ba75425861a059dafcc477474fc3e4ed1eafdc2b47d6fdd0557337035d29a960,e7b5f36bb370ab62fa30f6f64e15748a54c1303f3c4643e920d5cddb48057f0b,577873,1716143232000000000,300
OB/currencyservice_disk/2,OB,currencyservice,disk,2,300,300,stream,0.3,1,0.29310344827586204,median_shift,1,1.0,1.0,0.0,1,1,1,13,8.77109996508807,currencyservice|checkoutservice|frontend|cartservice|shippingservice,currencyservice_latency-90,0.8,4,5,0.8,0.8,4,4,4,0.7068965517241379,baseline-v2-20260723,cd270e7871bd358937d83d9a49829637fa80007d2964084ef229f578e3733bd3,ba75425861a059dafcc477474fc3e4ed1eafdc2b47d6fdd0557337035d29a960,e7b5f36bb370ab62fa30f6f64e15748a54c1303f3c4643e920d5cddb48057f0b,577873,1716143232000000000,300
OB/currencyservice_disk/2,OB,currencyservice,disk,2,300,300,stream,0.3,1,0.29310344827586204,nsigma,1,1.0,1.0,0.0,1,1,1,13,41.19129996979609,currencyservice|checkoutservice|cartservice|frontend|emailservice,currencyservice_latency-90,0.8,4,5,0.8,0.8,4,4,4,0.7068965517241379,baseline-v2-20260723,cd270e7871bd358937d83d9a49829637fa80007d2964084ef229f578e3733bd3,ba75425861a059dafcc477474fc3e4ed1eafdc2b47d6fdd0557337035d29a960,e7b5f36bb370ab62fa30f6f64e15748a54c1303f3c4643e920d5cddb48057f0b,577873,1716143232000000000,300
OB/currencyservice_disk/2,OB,currencyservice,disk,2,300,300,stream,0.3,2,0.29310344827586204,baro,1,1.0,1.0,0.0,1,1,1,13,49.810800002887845,currencyservice|emailservice|frontend|productcatalogservice|cartservice,currencyservice_latency-50,0.8,4,5,0.8,0.8,4,4,4,0.7068965517241379,baseline-v2-20260723,cd270e7871bd358937d83d9a49829637fa80007d2964084ef229f578e3733bd3,ba75425861a059dafcc477474fc3e4ed1eafdc2b47d6fdd0557337035d29a960,e7b5f36bb370ab62fa30f6f64e15748a54c1303f3c4643e920d5cddb48057f0b,577873,1716143232000000000,300
OB/currencyservice_disk/2,OB,currencyservice,disk,2,300,300,stream,0.3,2,0.29310344827586204,median_shift,1,1.0,1.0,0.0,1,1,1,13,8.758899988606572,currencyservice|frontend|cartservice|recommendationservice|main,currencyservice_latency-50,0.8,4,5,0.8,0.8,4,4,4,0.7068965517241379,baseline-v2-20260723,cd270e7871bd358937d83d9a49829637fa80007d2964084ef229f578e3733bd3,ba75425861a059dafcc477474fc3e4ed1eafdc2b47d6fdd0557337035d29a960,e7b5f36bb370ab62fa30f6f64e15748a54c1303f3c4643e920d5cddb48057f0b,577873,1716143232000000000,300
OB/currencyservice_disk/2,OB,currencyservice,disk,2,300,300,stream,0.3,2,0.29310344827586204,nsigma,1,1.0,1.0,0.0,1,1,1,13,44.004500028677285,currencyservice|cartservice|frontend|emailservice|recommendationservice,currencyservice_latency-50,0.8,4,5,0.8,0.8,4,4,4,0.7068965517241379,baseline-v2-20260723,cd270e7871bd358937d83d9a49829637fa80007d2964084ef229f578e3733bd3,ba75425861a059dafcc477474fc3e4ed1eafdc2b47d6fdd0557337035d29a960,e7b5f36bb370ab62fa30f6f64e15748a54c1303f3c4643e920d5cddb48057f0b,577873,1716143232000000000,300
OB/currencyservice_disk/2,OB,currencyservice,disk,2,300,300,stream,0.3,3,0.29310344827586204,baro,3,0.3333333333333333,0.6,0.16666666666666666,0,1,1,13,55.88890000944957,checkoutservice|emailservice|currencyservice|cartservice|frontend,checkoutservice_latency-50,0.2,1,5,0.2,0.2,1,1,1,0.7068965517241379,baseline-v2-20260723,cd270e7871bd358937d83d9a49829637fa80007d2964084ef229f578e3733bd3,ba75425861a059dafcc477474fc3e4ed1eafdc2b47d6fdd0557337035d29a960,e7b5f36bb370ab62fa30f6f64e15748a54c1303f3c4643e920d5cddb48057f0b,577873,1716143232000000000,300
OB/currencyservice_disk/2,OB,currencyservice,disk,2,300,300,stream,0.3,3,0.29310344827586204,median_shift,2,0.5,0.8,0.08333333333333333,0,1,1,13,18.582799995783716,checkoutservice|currencyservice|frontend|cartservice|recommendationservice,checkoutservice_latency-90,0.2,1,5,0.2,0.2,1,1,1,0.7068965517241379,baseline-v2-20260723,cd270e7871bd358937d83d9a49829637fa80007d2964084ef229f578e3733bd3,ba75425861a059dafcc477474fc3e4ed1eafdc2b47d6fdd0557337035d29a960,e7b5f36bb370ab62fa30f6f64e15748a54c1303f3c4643e920d5cddb48057f0b,577873,1716143232000000000,300
OB/currencyservice_disk/2,OB,currencyservice,disk,2,300,300,stream,0.3,3,0.29310344827586204,nsigma,5,0.2,0.2,0.3333333333333333,0,0,1,13,52.94259998481721,checkoutservice|cartservice|frontend|emailservice|currencyservice,checkoutservice_latency-50,0.2,1,5,0.2,0.2,1,1,1,0.7068965517241379,baseline-v2-20260723,cd270e7871bd358937d83d9a49829637fa80007d2964084ef229f578e3733bd3,ba75425861a059dafcc477474fc3e4ed1eafdc2b47d6fdd0557337035d29a960,e7b5f36bb370ab62fa30f6f64e15748a54c1303f3c4643e920d5cddb48057f0b,577873,1716143232000000000,300
OB/currencyservice_disk/2,OB,currencyservice,disk,2,300,300,stream,0.3,4,0.29310344827586204,baro,1,1.0,1.0,0.0,1,1,1,13,62.38319998374209,currencyservice|checkoutservice|emailservice|cartservice|frontend,currencyservice_latency-50,0.8,4,5,0.8,0.8,4,4,4,0.7068965517241379,baseline-v2-20260723,cd270e7871bd358937d83d9a49829637fa80007d2964084ef229f578e3733bd3,ba75425861a059dafcc477474fc3e4ed1eafdc2b47d6fdd0557337035d29a960,e7b5f36bb370ab62fa30f6f64e15748a54c1303f3c4643e920d5cddb48057f0b,577873,1716143232000000000,300
OB/currencyservice_disk/2,OB,currencyservice,disk,2,300,300,stream,0.3,4,0.29310344827586204,median_shift,1,1.0,1.0,0.0,1,1,1,13,9.412100014742464,currencyservice|checkoutservice|frontend|cartservice|recommendationservice,currencyservice_latency-90,0.8,4,5,0.8,0.8,4,4,4,0.7068965517241379,baseline-v2-20260723,cd270e7871bd358937d83d9a49829637fa80007d2964084ef229f578e3733bd3,ba75425861a059dafcc477474fc3e4ed1eafdc2b47d6fdd0557337035d29a960,e7b5f36bb370ab62fa30f6f64e15748a54c1303f3c4643e920d5cddb48057f0b,577873,1716143232000000000,300
OB/currencyservice_disk/2,OB,currencyservice,disk,2,300,300,stream,0.3,4,0.29310344827586204,nsigma,1,1.0,1.0,0.0,1,1,1,13,55.38659996818751,currencyservice|checkoutservice|cartservice|frontend|emailservice,currencyservice_latency-50,0.8,4,5,0.8,0.8,4,4,4,0.7068965517241379,baseline-v2-20260723,cd270e7871bd358937d83d9a49829637fa80007d2964084ef229f578e3733bd3,ba75425861a059dafcc477474fc3e4ed1eafdc2b47d6fdd0557337035d29a960,e7b5f36bb370ab62fa30f6f64e15748a54c1303f3c4643e920d5cddb48057f0b,577873,1716143232000000000,300
OB/currencyservice_disk/2,OB,currencyservice,disk,2,300,300,stream,0.3,5,0.29310344827586204,baro,1,1.0,1.0,0.0,1,1,1,13,53.79009997704998,currencyservice|checkoutservice|emailservice|cartservice|productcatalogservice,currencyservice_latency-50,0.6,3,5,0.6,0.6,3,3,3,0.7068965517241379,baseline-v2-20260723,cd270e7871bd358937d83d9a49829637fa80007d2964084ef229f578e3733bd3,ba75425861a059dafcc477474fc3e4ed1eafdc2b47d6fdd0557337035d29a960,e7b5f36bb370ab62fa30f6f64e15748a54c1303f3c4643e920d5cddb48057f0b,577873,1716143232000000000,300
OB/currencyservice_disk/2,OB,currencyservice,disk,2,300,300,stream,0.3,5,0.29310344827586204,median_shift,1,1.0,1.0,0.0,1,1,1,13,19.036200013943017,currencyservice|checkoutservice|cartservice|recommendationservice|frontend,currencyservice_latency-50,0.6,3,5,0.6,0.6,3,3,3,0.7068965517241379,baseline-v2-20260723,cd270e7871bd358937d83d9a49829637fa80007d2964084ef229f578e3733bd3,ba75425861a059dafcc477474fc3e4ed1eafdc2b47d6fdd0557337035d29a960,e7b5f36bb370ab62fa30f6f64e15748a54c1303f3c4643e920d5cddb48057f0b,577873,1716143232000000000,300
OB/currencyservice_disk/2,OB,currencyservice,disk,2,300,300,stream,0.3,5,0.29310344827586204,nsigma,1,1.0,1.0,0.0,1,1,1,13,52.1745000150986,currencyservice|checkoutservice|cartservice|emailservice|recommendationservice,currencyservice_latency-50,0.6,3,5,0.6,0.6,3,3,3,0.7068965517241379,baseline-v2-20260723,cd270e7871bd358937d83d9a49829637fa80007d2964084ef229f578e3733bd3,ba75425861a059dafcc477474fc3e4ed1eafdc2b47d6fdd0557337035d29a960,e7b5f36bb370ab62fa30f6f64e15748a54c1303f3c4643e920d5cddb48057f0b,577873,1716143232000000000,300
OB/currencyservice_disk/2,OB,currencyservice,disk,2,300,300,stream,0.3,6,0.29310344827586204,baro,1,1.0,1.0,0.0,1,1,1,13,58.335999958217144,currencyservice|checkoutservice|emailservice|cartservice|productcatalogservice,currencyservice_latency-50,1.0,5,5,1.0,1.0,5,5,5,0.7068965517241379,baseline-v2-20260723,cd270e7871bd358937d83d9a49829637fa80007d2964084ef229f578e3733bd3,ba75425861a059dafcc477474fc3e4ed1eafdc2b47d6fdd0557337035d29a960,e7b5f36bb370ab62fa30f6f64e15748a54c1303f3c4643e920d5cddb48057f0b,577873,1716143232000000000,300
OB/currencyservice_disk/2,OB,currencyservice,disk,2,300,300,stream,0.3,6,0.29310344827586204,median_shift,1,1.0,1.0,0.0,1,1,1,13,14.04570002341643,currencyservice|checkoutservice|cartservice|recommendationservice|main,currencyservice_latency-90,1.0,5,5,1.0,1.0,5,5,5,0.7068965517241379,baseline-v2-20260723,cd270e7871bd358937d83d9a49829637fa80007d2964084ef229f578e3733bd3,ba75425861a059dafcc477474fc3e4ed1eafdc2b47d6fdd0557337035d29a960,e7b5f36bb370ab62fa30f6f64e15748a54c1303f3c4643e920d5cddb48057f0b,577873,1716143232000000000,300
OB/currencyservice_disk/2,OB,currencyservice,disk,2,300,300,stream,0.3,6,0.29310344827586204,nsigma,1,1.0,1.0,0.0,1,1,1,13,43.7097999965772,currencyservice|checkoutservice|cartservice|emailservice|recommendationservice,currencyservice_latency-50,1.0,5,5,1.0,1.0,5,5,5,0.7068965517241379,baseline-v2-20260723,cd270e7871bd358937d83d9a49829637fa80007d2964084ef229f578e3733bd3,ba75425861a059dafcc477474fc3e4ed1eafdc2b47d6fdd0557337035d29a960,e7b5f36bb370ab62fa30f6f64e15748a54c1303f3c4643e920d5cddb48057f0b,577873,1716143232000000000,300
OB/currencyservice_disk/2,OB,currencyservice,disk,2,300,300,stream,0.3,7,0.29310344827586204,baro,1,1.0,1.0,0.0,1,1,1,13,68.2222000323236,currencyservice|checkoutservice|emailservice|cartservice|frontend,currencyservice_latency-50,0.2,1,5,0.2,0.2,1,1,1,0.7068965517241379,baseline-v2-20260723,cd270e7871bd358937d83d9a49829637fa80007d2964084ef229f578e3733bd3,ba75425861a059dafcc477474fc3e4ed1eafdc2b47d6fdd0557337035d29a960,e7b5f36bb370ab62fa30f6f64e15748a54c1303f3c4643e920d5cddb48057f0b,577873,1716143232000000000,300
OB/currencyservice_disk/2,OB,currencyservice,disk,2,300,300,stream,0.3,7,0.29310344827586204,median_shift,1,1.0,1.0,0.0,1,1,1,13,8.940199972130358,currencyservice|checkoutservice|frontend|cartservice|recommendationservice,currencyservice_latency-50,0.2,1,5,0.2,0.2,1,1,1,0.7068965517241379,baseline-v2-20260723,cd270e7871bd358937d83d9a49829637fa80007d2964084ef229f578e3733bd3,ba75425861a059dafcc477474fc3e4ed1eafdc2b47d6fdd0557337035d29a960,e7b5f36bb370ab62fa30f6f64e15748a54c1303f3c4643e920d5cddb48057f0b,577873,1716143232000000000,300
OB/currencyservice_disk/2,OB,currencyservice,disk,2,300,300,stream,0.3,7,0.29310344827586204,nsigma,1,1.0,1.0,0.0,1,1,1,13,48.03219996392727,currencyservice|checkoutservice|cartservice|frontend|emailservice,currencyservice_latency-50,0.2,1,5,0.2,0.2,1,1,1,0.7068965517241379,baseline-v2-20260723,cd270e7871bd358937d83d9a49829637fa80007d2964084ef229f578e3733bd3,ba75425861a059dafcc477474fc3e4ed1eafdc2b47d6fdd0557337035d29a960,e7b5f36bb370ab62fa30f6f64e15748a54c1303f3c4643e920d5cddb48057f0b,577873,1716143232000000000,300
OB/currencyservice_disk/2,OB,currencyservice,disk,2,300,300,stream,0.3,8,0.29310344827586204,baro,1,1.0,1.0,0.0,1,1,1,13,50.20820000208914,currencyservice|checkoutservice|emailservice|frontend|productcatalogservice,currencyservice_latency-90,0.6,3,5,0.6,0.6,3,3,3,0.7068965517241379,baseline-v2-20260723,cd270e7871bd358937d83d9a49829637fa80007d2964084ef229f578e3733bd3,ba75425861a059dafcc477474fc3e4ed1eafdc2b47d6fdd0557337035d29a960,e7b5f36bb370ab62fa30f6f64e15748a54c1303f3c4643e920d5cddb48057f0b,577873,1716143232000000000,300
OB/currencyservice_disk/2,OB,currencyservice,disk,2,300,300,stream,0.3,8,0.29310344827586204,median_shift,1,1.0,1.0,0.0,1,1,1,13,9.077199967578053,currencyservice|checkoutservice|frontend|cartservice|recommendationservice,currencyservice_latency-90,0.6,3,5,0.6,0.6,3,3,3,0.7068965517241379,baseline-v2-20260723,cd270e7871bd358937d83d9a49829637fa80007d2964084ef229f578e3733bd3,ba75425861a059dafcc477474fc3e4ed1eafdc2b47d6fdd0557337035d29a960,e7b5f36bb370ab62fa30f6f64e15748a54c1303f3c4643e920d5cddb48057f0b,577873,1716143232000000000,300
OB/currencyservice_disk/2,OB,currencyservice,disk,2,300,300,stream,0.3,8,0.29310344827586204,nsigma,1,1.0,1.0,0.0,1,1,1,13,49.65180001454428,currencyservice|checkoutservice|cartservice|frontend|emailservice,currencyservice_latency-90,0.6,3,5,0.6,0.6,3,3,3,0.7068965517241379,baseline-v2-20260723,cd270e7871bd358937d83d9a49829637fa80007d2964084ef229f578e3733bd3,ba75425861a059dafcc477474fc3e4ed1eafdc2b47d6fdd0557337035d29a960,e7b5f36bb370ab62fa30f6f64e15748a54c1303f3c4643e920d5cddb48057f0b,577873,1716143232000000000,300
OB/currencyservice_disk/2,OB,currencyservice,disk,2,300,300,stream,0.3,9,0.29310344827586204,baro,1,1.0,1.0,0.0,1,1,1,13,50.59679999249056,currencyservice|checkoutservice|emailservice|cartservice|frontend,currencyservice_latency-50,1.0,5,5,1.0,1.0,5,5,5,0.7068965517241379,baseline-v2-20260723,cd270e7871bd358937d83d9a49829637fa80007d2964084ef229f578e3733bd3,ba75425861a059dafcc477474fc3e4ed1eafdc2b47d6fdd0557337035d29a960,e7b5f36bb370ab62fa30f6f64e15748a54c1303f3c4643e920d5cddb48057f0b,577873,1716143232000000000,300
OB/currencyservice_disk/2,OB,currencyservice,disk,2,300,300,stream,0.3,9,0.29310344827586204,median_shift,1,1.0,1.0,0.0,1,1,1,13,10.083500004839152,currencyservice|checkoutservice|frontend|recommendationservice|main,currencyservice_latency-90,1.0,5,5,1.0,1.0,5,5,5,0.7068965517241379,baseline-v2-20260723,cd270e7871bd358937d83d9a49829637fa80007d2964084ef229f578e3733bd3,ba75425861a059dafcc477474fc3e4ed1eafdc2b47d6fdd0557337035d29a960,e7b5f36bb370ab62fa30f6f64e15748a54c1303f3c4643e920d5cddb48057f0b,577873,1716143232000000000,300
OB/currencyservice_disk/2,OB,currencyservice,disk,2,300,300,stream,0.3,9,0.29310344827586204,nsigma,1,1.0,1.0,0.0,1,1,1,13,54.344500007573515,currencyservice|checkoutservice|frontend|emailservice|recommendationservice,currencyservice_latency-50,1.0,5,5,1.0,1.0,5,5,5,0.7068965517241379,baseline-v2-20260723,cd270e7871bd358937d83d9a49829637fa80007d2964084ef229f578e3733bd3,ba75425861a059dafcc477474fc3e4ed1eafdc2b47d6fdd0557337035d29a960,e7b5f36bb370ab62fa30f6f64e15748a54c1303f3c4643e920d5cddb48057f0b,577873,1716143232000000000,300
OB/currencyservice_disk/2,OB,currencyservice,disk,2,300,300,stream,0.5,0,0.5,baro,1,1.0,1.0,0.0,1,1,1,13,47.82310000155121,currencyservice|checkoutservice|emailservice|cartservice|productcatalogservice,currencyservice_latency-50,0.6,3,5,0.6,0.6,3,3,3,0.5,baseline-v2-20260723,cd270e7871bd358937d83d9a49829637fa80007d2964084ef229f578e3733bd3,ba75425861a059dafcc477474fc3e4ed1eafdc2b47d6fdd0557337035d29a960,e7b5f36bb370ab62fa30f6f64e15748a54c1303f3c4643e920d5cddb48057f0b,577873,1716143232000000000,300
OB/currencyservice_disk/2,OB,currencyservice,disk,2,300,300,stream,0.5,0,0.5,median_shift,1,1.0,1.0,0.0,1,1,1,13,7.181200024206191,currencyservice|checkoutservice|cartservice|recommendationservice|frontend,currencyservice_latency-50,0.6,3,5,0.6,0.6,3,3,3,0.5,baseline-v2-20260723,cd270e7871bd358937d83d9a49829637fa80007d2964084ef229f578e3733bd3,ba75425861a059dafcc477474fc3e4ed1eafdc2b47d6fdd0557337035d29a960,e7b5f36bb370ab62fa30f6f64e15748a54c1303f3c4643e920d5cddb48057f0b,577873,1716143232000000000,300
OB/currencyservice_disk/2,OB,currencyservice,disk,2,300,300,stream,0.5,0,0.5,nsigma,1,1.0,1.0,0.0,1,1,1,13,34.5699000172317,currencyservice|checkoutservice|cartservice|emailservice|recommendationservice,currencyservice_latency-50,0.6,3,5,0.6,0.6,3,3,3,0.5,baseline-v2-20260723,cd270e7871bd358937d83d9a49829637fa80007d2964084ef229f578e3733bd3,ba75425861a059dafcc477474fc3e4ed1eafdc2b47d6fdd0557337035d29a960,e7b5f36bb370ab62fa30f6f64e15748a54c1303f3c4643e920d5cddb48057f0b,577873,1716143232000000000,300
OB/currencyservice_disk/2,OB,currencyservice,disk,2,300,300,stream,0.5,1,0.5,baro,1,1.0,1.0,0.0,1,1,1,13,41.34150000754744,currencyservice|emailservice|cartservice|frontend|recommendationservice,currencyservice_latency-50,0.8,4,5,0.8,0.8,4,4,4,0.5,baseline-v2-20260723,cd270e7871bd358937d83d9a49829637fa80007d2964084ef229f578e3733bd3,ba75425861a059dafcc477474fc3e4ed1eafdc2b47d6fdd0557337035d29a960,e7b5f36bb370ab62fa30f6f64e15748a54c1303f3c4643e920d5cddb48057f0b,577873,1716143232000000000,300
OB/currencyservice_disk/2,OB,currencyservice,disk,2,300,300,stream,0.5,1,0.5,median_shift,1,1.0,1.0,0.0,1,1,1,13,8.893100020941347,currencyservice|recommendationservice|cartservice|frontend|shippingservice,currencyservice_latency-90,0.8,4,5,0.8,0.8,4,4,4,0.5,baseline-v2-20260723,cd270e7871bd358937d83d9a49829637fa80007d2964084ef229f578e3733bd3,ba75425861a059dafcc477474fc3e4ed1eafdc2b47d6fdd0557337035d29a960,e7b5f36bb370ab62fa30f6f64e15748a54c1303f3c4643e920d5cddb48057f0b,577873,1716143232000000000,300
OB/currencyservice_disk/2,OB,currencyservice,disk,2,300,300,stream,0.5,1,0.5,nsigma,1,1.0,1.0,0.0,1,1,1,13,35.83000000799075,currencyservice|emailservice|recommendationservice|shippingservice|frontend,currencyservice_latency-50,0.8,4,5,0.8,0.8,4,4,4,0.5,baseline-v2-20260723,cd270e7871bd358937d83d9a49829637fa80007d2964084ef229f578e3733bd3,ba75425861a059dafcc477474fc3e4ed1eafdc2b47d6fdd0557337035d29a960,e7b5f36bb370ab62fa30f6f64e15748a54c1303f3c4643e920d5cddb48057f0b,577873,1716143232000000000,300
OB/currencyservice_disk/2,OB,currencyservice,disk,2,300,300,stream,0.5,2,0.5,baro,1,1.0,1.0,0.0,1,1,1,13,39.69050000887364,currencyservice|checkoutservice|emailservice|frontend|recommendationservice,currencyservice_latency-50,0.6,3,5,0.6,0.6,3,3,3,0.5,baseline-v2-20260723,cd270e7871bd358937d83d9a49829637fa80007d2964084ef229f578e3733bd3,ba75425861a059dafcc477474fc3e4ed1eafdc2b47d6fdd0557337035d29a960,e7b5f36bb370ab62fa30f6f64e15748a54c1303f3c4643e920d5cddb48057f0b,577873,1716143232000000000,300
OB/currencyservice_disk/2,OB,currencyservice,disk,2,300,300,stream,0.5,2,0.5,median_shift,1,1.0,1.0,0.0,1,1,1,13,7.380399969406426,currencyservice|checkoutservice|frontend|recommendationservice|main,currencyservice_latency-50,0.6,3,5,0.6,0.6,3,3,3,0.5,baseline-v2-20260723,cd270e7871bd358937d83d9a49829637fa80007d2964084ef229f578e3733bd3,ba75425861a059dafcc477474fc3e4ed1eafdc2b47d6fdd0557337035d29a960,e7b5f36bb370ab62fa30f6f64e15748a54c1303f3c4643e920d5cddb48057f0b,577873,1716143232000000000,300
OB/currencyservice_disk/2,OB,currencyservice,disk,2,300,300,stream,0.5,2,0.5,nsigma,1,1.0,1.0,0.0,1,1,1,13,33.934000006411225,currencyservice|checkoutservice|frontend|emailservice|recommendationservice,currencyservice_latency-50,0.6,3,5,0.6,0.6,3,3,3,0.5,baseline-v2-20260723,cd270e7871bd358937d83d9a49829637fa80007d2964084ef229f578e3733bd3,ba75425861a059dafcc477474fc3e4ed1eafdc2b47d6fdd0557337035d29a960,e7b5f36bb370ab62fa30f6f64e15748a54c1303f3c4643e920d5cddb48057f0b,577873,1716143232000000000,300
OB/currencyservice_disk/2,OB,currencyservice,disk,2,300,300,stream,0.5,3,0.5,baro,13,0.07692307692307693,0.0,1.0,0,0,0,13,38.58290001517162,checkoutservice|emailservice|productcatalogservice|cartservice|recommendationservice,checkoutservice_latency-50,0.0,0,5,0.0,0.0,0,0,0,0.5,baseline-v2-20260723,cd270e7871bd358937d83d9a49829637fa80007d2964084ef229f578e3733bd3,ba75425861a059dafcc477474fc3e4ed1eafdc2b47d6fdd0557337035d29a960,e7b5f36bb370ab62fa30f6f64e15748a54c1303f3c4643e920d5cddb48057f0b,577873,1716143232000000000,300
OB/currencyservice_disk/2,OB,currencyservice,disk,2,300,300,stream,0.5,3,0.5,median_shift,13,0.07692307692307693,0.0,1.0,0,0,0,13,7.183099980466068,checkoutservice|cartservice|recommendationservice|redis|paymentservice,checkoutservice_latency-90,0.0,0,5,0.0,0.0,0,0,0,0.5,baseline-v2-20260723,cd270e7871bd358937d83d9a49829637fa80007d2964084ef229f578e3733bd3,ba75425861a059dafcc477474fc3e4ed1eafdc2b47d6fdd0557337035d29a960,e7b5f36bb370ab62fa30f6f64e15748a54c1303f3c4643e920d5cddb48057f0b,577873,1716143232000000000,300
OB/currencyservice_disk/2,OB,currencyservice,disk,2,300,300,stream,0.5,3,0.5,nsigma,13,0.07692307692307693,0.0,1.0,0,0,0,13,33.42320001684129,checkoutservice|cartservice|emailservice|recommendationservice|productcatalogservice,checkoutservice_latency-50,0.0,0,5,0.0,0.0,0,0,0,0.5,baseline-v2-20260723,cd270e7871bd358937d83d9a49829637fa80007d2964084ef229f578e3733bd3,ba75425861a059dafcc477474fc3e4ed1eafdc2b47d6fdd0557337035d29a960,e7b5f36bb370ab62fa30f6f64e15748a54c1303f3c4643e920d5cddb48057f0b,577873,1716143232000000000,300
OB/currencyservice_disk/2,OB,currencyservice,disk,2,300,300,stream,0.5,4,0.5,baro,1,1.0,1.0,0.0,1,1,1,13,42.416199983563274,currencyservice|checkoutservice|productcatalogservice|cartservice|frontend,currencyservice_latency-50,0.6,3,5,0.6,0.6,3,3,3,0.5,baseline-v2-20260723,cd270e7871bd358937d83d9a49829637fa80007d2964084ef229f578e3733bd3,ba75425861a059dafcc477474fc3e4ed1eafdc2b47d6fdd0557337035d29a960,e7b5f36bb370ab62fa30f6f64e15748a54c1303f3c4643e920d5cddb48057f0b,577873,1716143232000000000,300
OB/currencyservice_disk/2,OB,currencyservice,disk,2,300,300,stream,0.5,4,0.5,median_shift,1,1.0,1.0,0.0,1,1,1,13,7.615800015628338,currencyservice|checkoutservice|cartservice|main|frontend,currencyservice_latency-90,0.6,3,5,0.6,0.6,3,3,3,0.5,baseline-v2-20260723,cd270e7871bd358937d83d9a49829637fa80007d2964084ef229f578e3733bd3,ba75425861a059dafcc477474fc3e4ed1eafdc2b47d6fdd0557337035d29a960,e7b5f36bb370ab62fa30f6f64e15748a54c1303f3c4643e920d5cddb48057f0b,577873,1716143232000000000,300
OB/currencyservice_disk/2,OB,currencyservice,disk,2,300,300,stream,0.5,4,0.5,nsigma,1,1.0,1.0,0.0,1,1,1,13,35.02680000383407,currencyservice|checkoutservice|cartservice|shippingservice|frontend,currencyservice_latency-50,0.6,3,5,0.6,0.6,3,3,3,0.5,baseline-v2-20260723,cd270e7871bd358937d83d9a49829637fa80007d2964084ef229f578e3733bd3,ba75425861a059dafcc477474fc3e4ed1eafdc2b47d6fdd0557337035d29a960,e7b5f36bb370ab62fa30f6f64e15748a54c1303f3c4643e920d5cddb48057f0b,577873,1716143232000000000,300
OB/currencyservice_disk/2,OB,currencyservice,disk,2,300,300,stream,0.5,5,0.5,baro,1,1.0,1.0,0.0,1,1,1,13,40.52079998655245,currencyservice|cartservice|frontend|recommendationservice|shippingservice,currencyservice_latency-50,1.0,5,5,1.0,1.0,5,5,5,0.5,baseline-v2-20260723,cd270e7871bd358937d83d9a49829637fa80007d2964084ef229f578e3733bd3,ba75425861a059dafcc477474fc3e4ed1eafdc2b47d6fdd0557337035d29a960,e7b5f36bb370ab62fa30f6f64e15748a54c1303f3c4643e920d5cddb48057f0b,577873,1716143232000000000,300
OB/currencyservice_disk/2,OB,currencyservice,disk,2,300,300,stream,0.5,5,0.5,median_shift,1,1.0,1.0,0.0,1,1,1,13,7.69840000430122,currencyservice|frontend|cartservice|recommendationservice|main,currencyservice_latency-90,1.0,5,5,1.0,1.0,5,5,5,0.5,baseline-v2-20260723,cd270e7871bd358937d83d9a49829637fa80007d2964084ef229f578e3733bd3,ba75425861a059dafcc477474fc3e4ed1eafdc2b47d6fdd0557337035d29a960,e7b5f36bb370ab62fa30f6f64e15748a54c1303f3c4643e920d5cddb48057f0b,577873,1716143232000000000,300
OB/currencyservice_disk/2,OB,currencyservice,disk,2,300,300,stream,0.5,5,0.5,nsigma,1,1.0,1.0,0.0,1,1,1,13,35.08270002203062,currencyservice|cartservice|frontend|recommendationservice|shippingservice,currencyservice_latency-50,1.0,5,5,1.0,1.0,5,5,5,0.5,baseline-v2-20260723,cd270e7871bd358937d83d9a49829637fa80007d2964084ef229f578e3733bd3,ba75425861a059dafcc477474fc3e4ed1eafdc2b47d6fdd0557337035d29a960,e7b5f36bb370ab62fa30f6f64e15748a54c1303f3c4643e920d5cddb48057f0b,577873,1716143232000000000,300
OB/currencyservice_disk/2,OB,currencyservice,disk,2,300,300,stream,0.5,6,0.5,baro,1,1.0,1.0,0.0,1,1,1,13,38.97260001394898,currencyservice|checkoutservice|cartservice|productcatalogservice|shippingservice,currencyservice_latency-50,0.4,2,5,0.4,0.4,2,2,2,0.5,baseline-v2-20260723,cd270e7871bd358937d83d9a49829637fa80007d2964084ef229f578e3733bd3,ba75425861a059dafcc477474fc3e4ed1eafdc2b47d6fdd0557337035d29a960,e7b5f36bb370ab62fa30f6f64e15748a54c1303f3c4643e920d5cddb48057f0b,577873,1716143232000000000,300
OB/currencyservice_disk/2,OB,currencyservice,disk,2,300,300,stream,0.5,6,0.5,median_shift,1,1.0,1.0,0.0,1,1,1,13,7.41089996881783,currencyservice|checkoutservice|cartservice|redis|shippingservice,currencyservice_latency-50,0.4,2,5,0.4,0.4,2,2,2,0.5,baseline-v2-20260723,cd270e7871bd358937d83d9a49829637fa80007d2964084ef229f578e3733bd3,ba75425861a059dafcc477474fc3e4ed1eafdc2b47d6fdd0557337035d29a960,e7b5f36bb370ab62fa30f6f64e15748a54c1303f3c4643e920d5cddb48057f0b,577873,1716143232000000000,300
OB/currencyservice_disk/2,OB,currencyservice,disk,2,300,300,stream,0.5,6,0.5,nsigma,1,1.0,1.0,0.0,1,1,1,13,32.68579998984933,currencyservice|checkoutservice|cartservice|shippingservice|productcatalogservice,currencyservice_latency-50,0.4,2,5,0.4,0.4,2,2,2,0.5,baseline-v2-20260723,cd270e7871bd358937d83d9a49829637fa80007d2964084ef229f578e3733bd3,ba75425861a059dafcc477474fc3e4ed1eafdc2b47d6fdd0557337035d29a960,e7b5f36bb370ab62fa30f6f64e15748a54c1303f3c4643e920d5cddb48057f0b,577873,1716143232000000000,300
OB/currencyservice_disk/2,OB,currencyservice,disk,2,300,300,stream,0.5,7,0.5,baro,13,0.07692307692307693,0.0,1.0,0,0,0,13,41.041400050744414,frontend|productcatalogservice|cartservice|paymentservice|adservice,frontend_latency-50,0.0,0,5,0.0,0.0,0,0,0,0.5,baseline-v2-20260723,cd270e7871bd358937d83d9a49829637fa80007d2964084ef229f578e3733bd3,ba75425861a059dafcc477474fc3e4ed1eafdc2b47d6fdd0557337035d29a960,e7b5f36bb370ab62fa30f6f64e15748a54c1303f3c4643e920d5cddb48057f0b,577873,1716143232000000000,300
OB/currencyservice_disk/2,OB,currencyservice,disk,2,300,300,stream,0.5,7,0.5,median_shift,13,0.07692307692307693,0.0,1.0,0,0,0,13,7.390999991912395,frontend|cartservice|paymentservice|productcatalogservice|recommendationservice,frontend_latency-50,0.0,0,5,0.0,0.0,0,0,0,0.5,baseline-v2-20260723,cd270e7871bd358937d83d9a49829637fa80007d2964084ef229f578e3733bd3,ba75425861a059dafcc477474fc3e4ed1eafdc2b47d6fdd0557337035d29a960,e7b5f36bb370ab62fa30f6f64e15748a54c1303f3c4643e920d5cddb48057f0b,577873,1716143232000000000,300
OB/currencyservice_disk/2,OB,currencyservice,disk,2,300,300,stream,0.5,7,0.5,nsigma,13,0.07692307692307693,0.0,1.0,0,0,0,13,34.20090000145137,cartservice|frontend|productcatalogservice|adservice|emailservice,cartservice_latency-50,0.0,0,5,0.0,0.0,0,0,0,0.5,baseline-v2-20260723,cd270e7871bd358937d83d9a49829637fa80007d2964084ef229f578e3733bd3,ba75425861a059dafcc477474fc3e4ed1eafdc2b47d6fdd0557337035d29a960,e7b5f36bb370ab62fa30f6f64e15748a54c1303f3c4643e920d5cddb48057f0b,577873,1716143232000000000,300
OB/currencyservice_disk/2,OB,currencyservice,disk,2,300,300,stream,0.5,8,0.5,baro,1,1.0,1.0,0.0,1,1,1,13,39.411199977621436,currencyservice|emailservice|cartservice|frontend|recommendationservice,currencyservice_latency-50,0.6,3,5,0.6,0.6,3,3,3,0.5,baseline-v2-20260723,cd270e7871bd358937d83d9a49829637fa80007d2964084ef229f578e3733bd3,ba75425861a059dafcc477474fc3e4ed1eafdc2b47d6fdd0557337035d29a960,e7b5f36bb370ab62fa30f6f64e15748a54c1303f3c4643e920d5cddb48057f0b,577873,1716143232000000000,300
OB/currencyservice_disk/2,OB,currencyservice,disk,2,300,300,stream,0.5,8,0.5,median_shift,1,1.0,1.0,0.0,1,1,1,13,7.126100012101233,currencyservice|frontend|recommendationservice|main|cartservice,currencyservice_latency-90,0.6,3,5,0.6,0.6,3,3,3,0.5,baseline-v2-20260723,cd270e7871bd358937d83d9a49829637fa80007d2964084ef229f578e3733bd3,ba75425861a059dafcc477474fc3e4ed1eafdc2b47d6fdd0557337035d29a960,e7b5f36bb370ab62fa30f6f64e15748a54c1303f3c4643e920d5cddb48057f0b,577873,1716143232000000000,300
OB/currencyservice_disk/2,OB,currencyservice,disk,2,300,300,stream,0.5,8,0.5,nsigma,1,1.0,1.0,0.0,1,1,1,13,32.71719999611378,currencyservice|frontend|emailservice|recommendationservice|cartservice,currencyservice_latency-50,0.6,3,5,0.6,0.6,3,3,3,0.5,baseline-v2-20260723,cd270e7871bd358937d83d9a49829637fa80007d2964084ef229f578e3733bd3,ba75425861a059dafcc477474fc3e4ed1eafdc2b47d6fdd0557337035d29a960,e7b5f36bb370ab62fa30f6f64e15748a54c1303f3c4643e920d5cddb48057f0b,577873,1716143232000000000,300
OB/currencyservice_disk/2,OB,currencyservice,disk,2,300,300,stream,0.5,9,0.5,baro,13,0.07692307692307693,0.0,1.0,0,0,0,13,39.756799989845604,checkoutservice|emailservice|frontend|productcatalogservice|cartservice,checkoutservice_latency-90,0.0,0,5,0.0,0.0,0,0,0,0.5,baseline-v2-20260723,cd270e7871bd358937d83d9a49829637fa80007d2964084ef229f578e3733bd3,ba75425861a059dafcc477474fc3e4ed1eafdc2b47d6fdd0557337035d29a960,e7b5f36bb370ab62fa30f6f64e15748a54c1303f3c4643e920d5cddb48057f0b,577873,1716143232000000000,300
OB/currencyservice_disk/2,OB,currencyservice,disk,2,300,300,stream,0.5,9,0.5,median_shift,13,0.07692307692307693,0.0,1.0,0,0,0,13,7.904600002802908,checkoutservice|frontend|recommendationservice|cartservice|redis,checkoutservice_latency-90,0.0,0,5,0.0,0.0,0,0,0,0.5,baseline-v2-20260723,cd270e7871bd358937d83d9a49829637fa80007d2964084ef229f578e3733bd3,ba75425861a059dafcc477474fc3e4ed1eafdc2b47d6fdd0557337035d29a960,e7b5f36bb370ab62fa30f6f64e15748a54c1303f3c4643e920d5cddb48057f0b,577873,1716143232000000000,300
OB/currencyservice_disk/2,OB,currencyservice,disk,2,300,300,stream,0.5,9,0.5,nsigma,13,0.07692307692307693,0.0,1.0,0,0,0,13,34.08759995363653,checkoutservice|frontend|emailservice|recommendationservice|shippingservice,checkoutservice_latency-90,0.0,0,5,0.0,0.0,0,0,0,0.5,baseline-v2-20260723,cd270e7871bd358937d83d9a49829637fa80007d2964084ef229f578e3733bd3,ba75425861a059dafcc477474fc3e4ed1eafdc2b47d6fdd0557337035d29a960,e7b5f36bb370ab62fa30f6f64e15748a54c1303f3c4643e920d5cddb48057f0b,577873,1716143232000000000,300
